packet_id,realization_id,size,control,target,e_min,e_max,shift_energy,keep_count,eigen_offset,eigen_count
p000000,r0012,14,1.25,0.46999999999999997,-59.902060445451355,59.984164332106474,3.1876386866542985,27,0,45
p000001,r0005,21,4.0499999999999998,0.23999999999999999,-60.748448746306131,60.497500703414069,30.948472835481223,40,45,45
p000002,r0014,14,2.4500000000000002,0.23999999999999999,-64.537203080769018,61.811194081759375,31.937578762752562,37,90,45
p000003,r0014,9,1.6499999999999999,0.23999999999999999,-59.721905207664406,60.127611054094473,31.813727151272342,32,135,45
p000004,r0004,14,0.84999999999999998,0.46999999999999997,-60.004934160356818,60.091856433424788,3.196364854347439,27,180,45
p000005,r0020,14,2.0499999999999998,0.76000000000000001,-59.889030076986344,60.003429439210279,-30.664839793099151,29,225,45
p000006,r0000,30,2.8500000000000001,0.46999999999999997,-60.470068885385793,59.934467626610861,3.7943354659724351,38,270,45
p000007,r0010,14,0.84999999999999998,0.23999999999999999,-59.921004857383735,59.109465277418984,30.992152445066331,28,315,45
p000008,r0004,14,3.25,0.76000000000000001,-60.360411480755381,60.074725623774874,-31.00597857566812,35,360,45
p000009,r0019,30,3.6499999999999999,0.23999999999999999,-64.76967066253269,61.276188038656443,30.575181950371054,40,405,45
p000010,r0000,9,1.25,0.23999999999999999,-59.848758360965512,60.051800243421013,31.725666178368247,30,450,45
p000011,r0001,14,2.0499999999999998,0.46999999999999997,-59.501175396156725,59.30598677965591,3.0166205570239724,32,495,45
p000012,r0019,9,2.8500000000000001,0.76000000000000001,-60.026252105103637,60.179934259116472,-31.626767377690815,33,540,45
p000013,r0024,9,2.8500000000000001,0.46999999999999997,-59.758777110879755,60.341523898643437,3.4443824241675385,36,585,45
p000014,r0022,21,1.25,0.23999999999999999,-60.06479718290155,60.799702583633426,31.342222639665035,27,630,45
p000015,r0005,14,2.4500000000000002,0.76000000000000001,-59.34782849498616,59.852800938271912,-30.289677431004225,31,675,45
p000016,r0001,21,1.25,0.76000000000000001,-59.787765487012287,60.24687821191516,-30.529450999269702,26,720,45
p000017,r0005,9,1.25,0.46999999999999997,-60.029307726450973,60.24113514063999,4.1640269931072398,29,765,45
p000018,r0023,14,3.6499999999999999,0.76000000000000001,-59.969744784534171,59.799639144283994,-31.675092641617812,38,810,45
p000019,r0026,14,4.0499999999999998,0.46999999999999997,-60.137050395867625,59.618116626573645,2.8831881260262504,39,855,45
p000020,r0020,30,2.8500000000000001,0.23999999999999999,-64.185884323703874,60.880419726308034,31.314506754305178,40,900,45
p000021,r0023,9,2.4500000000000002,0.23999999999999999,-60.161710253035537,59.933391446937591,30.660567038944041,35,945,45
p000022,r0019,9,4.0499999999999998,0.23999999999999999,-72.214546406925137,63.245011988055495,31.184717973260145,39,990,45
p000023,r0010,14,3.25,0.23999999999999999,-72.987774559271088,63.947332932335065,30.63290713434959,39,1035,45
p000024,r0019,21,2.0499999999999998,0.76000000000000001,-61.109609211081803,64.492567459877392,-30.515086810051603,29,1080,45
p000025,r0018,30,2.0499999999999998,0.76000000000000001,-62.313966385219331,69.093110906431974,-31.226267835223023,28,1125,45
p000026,r0021,14,4.0499999999999998,0.46999999999999997,-60.339624541965961,60.187593776854001,3.9898011670086193,39,1170,45
p000027,r0018,21,1.6499999999999999,0.76000000000000001,-59.795350068182245,59.571016387128644,-30.697422118907635,27,1215,45
p000028,r0020,30,4.0499999999999998,0.46999999999999997,-58.956024698781242,60.220548048876374,3.7575588574772949,40,1260,45
p000029,r0003,9,2.4500000000000002,0.23999999999999999,-59.751453153775891,59.772816394935674,30.636991703244899,35,1305,45
p000030,r0012,9,4.0499999999999998,0.46999999999999997,-60.332768756060815,60.578314840374944,3.3001055500501364,38,1350,45
p000031,r0006,9,1.25,0.46999999999999997,-60.110556371291082,59.797192506629969,2.9905505340070802,29,1395,45
p000032,r0006,21,1.6499999999999999,0.46999999999999997,-59.743562567462639,60.420769125408761,4.3935332297592042,28,1440,45
p000033,r0010,21,2.4500000000000002,0.46999999999999997,-59.814627086833291,59.737774653657034,3.0981458356265845,34,1485,45
p000034,r0017,30,1.25,0.46999999999999997,-59.925975958163257,60.539879331650276,3.470927345437917,26,1530,45
p000035,r0006,14,3.25,0.46999999999999997,-60.077545478739879,60.037320646301296,4.0333335675319448,38,1575,45
p000036,r0008,30,0.84999999999999998,0.46999999999999997,-60.52513995433295,60.187771586709609,3.0027031624196097,26,1620,45
p000037,r0003,14,1.25,0.76000000000000001,-59.908117086882569,59.480537899877433,-30.804839890060169,27,1665,45
p000038,r0015,30,2.0499999999999998,0.46999999999999997,-59.249314096451812,60.007490803122622,3.5067925003226419,30,1710,45
p000039,r0016,14,2.0499999999999998,0.23999999999999999,-60.467729209806862,60.155049487927215,30.755582600471037,34,1755,45
p000040,r0025,14,2.4500000000000002,0.23999999999999999,-68.97477920839394,63.527525637986571,32.176972474855248,36,1800,45
p000041,r0008,9,1.25,0.76000000000000001,-60.062632390027829,59.885202382169069,-31.725152044700575,28,1845,45
p000042,r0022,21,2.0499999999999998,0.76000000000000001,-60.01822358081742,59.975405527505707,-30.76975259481986,29,1890,45
p000043,r0004,9,3.25,0.23999999999999999,-60.645950473963211,60.291645247668015,30.816622274476522,38,1935,45
p000044,r0011,14,1.25,0.46999999999999997,-60.409811605339939,59.895582689089593,2.9020473707077157,28,1980,45
p000045,r0014,30,2.0499999999999998,0.23999999999999999,-60.330196940330367,60.418546539278886,31.888848104172663,34,2025,45
p000046,r0023,21,2.8500000000000001,0.46999999999999997,-59.820643147053808,59.690707218109317,3.0703725464826546,37,2070,45
p000047,r0017,30,4.0499999999999998,0.76000000000000001,-61.155147924970386,62.94907835746811,-31.820133617185146,40,2115,45
p000048,r0026,30,2.0499999999999998,0.46999999999999997,-59.486133210796723,59.66551019517965,3.2142377943707556,30,2160,45
p000049,r0021,9,4.0499999999999998,0.76000000000000001,-59.934084655273935,60.280854446468844,-31.53249927085567,37,2205,45
p000050,r0000,30,4.0499999999999998,0.23999999999999999,-59.952867165262461,60.017676446282387,31.674745979511624,40,2250,45
p000051,r0012,21,2.8500000000000001,0.46999999999999997,-59.811862131522204,60.037972031129456,4.1585499746831802,36,2295,45
p000052,r0006,21,2.8500000000000001,0.46999999999999997,-59.621428512739257,59.887934319517811,3.2685337883569927,37,2340,45
p000053,r0013,14,2.8500000000000001,0.46999999999999997,-59.751981762710351,59.900474442679503,3.2138200261462755,35,2385,45
p000054,r0029,30,2.0499999999999998,0.46999999999999997,-60.15535353071094,59.767369605199505,3.853689731321599,29,2430,45
p000055,r0010,14,2.4500000000000002,0.46999999999999997,-59.932738621344939,60.107670991409023,4.1386784734146618,33,2475,45
p000056,r0005,21,4.0499999999999998,0.76000000000000001,-59.269121338917856,59.425144880669677,-31.232497446216851,40,2520,45
p000057,r0008,9,2.0499999999999998,0.46999999999999997,-60.194249326177186,60.674851912465186,3.416374330303273,32,2565,45
p000058,r0008,14,2.0499999999999998,0.23999999999999999,-60.049967014143476,60.253870306369983,31.830949349446755,33,2610,45
p000059,r0020,14,1.25,0.23999999999999999,-60.622978880491566,59.757762810475356,31.316384804643295,30,2655,45
p000060,r0014,30,2.8500000000000001,0.46999999999999997,-59.947705324042794,59.944366257410586,3.1450926141275017,38,2700,45
p000061,r0009,21,2.0499999999999998,0.23999999999999999,-59.613527440917281,60.4083032746424,31.15306390290808,34,2745,45
p000062,r0015,14,4.0499999999999998,0.76000000000000001,-60.099952842121589,59.46166133428347,-30.955165439784377,39,2790,45
p000063,r0020,9,1.6499999999999999,0.76000000000000001,-60.752712855659595,62.351846916603677,-30.757618510316409,29,2835,45
p000064,r0008,21,1.6499999999999999,0.76000000000000001,-66.053500499204915,79.720527647339651,-31.517733744034214,27,2880,45
p000065,r0005,21,2.8500000000000001,0.76000000000000001,-59.560630543201583,59.88061485015654,-31.344731648795634,34,2925,45
p000066,r0013,14,2.0499999999999998,0.23999999999999999,-60.466868853430825,59.912259458990391,30.571268664009303,35,2970,45
p000067,r0019,30,3.25,0.46999999999999997,-60.601898729113607,59.906638493907813,3.7176259990877485,39,3015,45
p000068,r0015,14,3.25,0.46999999999999997,-59.972841260997903,59.969473217628057,3.1465854126738604,38,3060,45
p000069,r0022,30,2.8500000000000001,0.46999999999999997,-59.34110599853058,59.591898693343396,4.1433864881626308,38,3105,45
p000070,r0010,30,2.0499999999999998,0.76000000000000001,-62.892828551651107,68.320599306387962,-30.951605865721735,28,3150,45
p000071,r0024,14,2.4500000000000002,0.23999999999999999,-81.083337977366227,66.064867014878587,31.199297816739833,36,3195,45
p000072,r0010,21,3.6499999999999999,0.46999999999999997,-60.485939354940953,59.599297056927909,3.6092359433495504,40,3240,45
p000073,r0024,30,3.6499999999999999,0.76000000000000001,-60.429919061472049,60.339250334215158,-30.995318406507121,39,3285,45
p000074,r0025,14,4.0499999999999998,0.76000000000000001,-59.84407300356871,59.562571648821702,-30.736478286995013,38,3330,45
p000075,r0010,9,3.6499999999999999,0.76000000000000001,-60.281698345528824,60.02891297759497,-31.857151627979118,36,3375,45
p000076,r0024,30,2.0499999999999998,0.46999999999999997,-59.509530157244917,59.210452731577213,3.8620607738308168,30,3420,45
p000077,r0003,21,3.6499999999999999,0.23999999999999999,-59.987613097830931,60.307450734749906,30.986635414930507,40,3465,45
p000078,r0016,14,2.8500000000000001,0.46999999999999997,-59.703372316187,59.911042608345753,3.2422675938153587,36,3510,45
p000079,r0022,9,0.84999999999999998,0.46999999999999997,-59.923235529908894,60.242572012744191,4.2146424676972432,28,3555,45
p000080,r0000,14,0.84999999999999998,0.46999999999999997,-59.940035459938208,59.330872840076573,3.7235459390696279,27,3600,45
p000081,r0018,9,1.25,0.76000000000000001,-60.043931766460702,60.109595772118865,-30.757085157201605,28,3645,45
p000082,r0010,30,4.0499999999999998,0.76000000000000001,-60.259306568213724,59.440021325919389,-31.981467873621778,40,3690,45
p000083,r0005,9,4.0499999999999998,0.23999999999999999,-60.023176273804815,60.281683179586125,30.9585169107723,39,3735,45
p000084,r0022,9,2.4500000000000002,0.23999999999999999,-60.213608189444685,60.032437491069864,31.623386527746369,36,3780,45
p000085,r0019,14,2.4500000000000002,0.46999999999999997,-59.785393150767099,60.045757032676242,4.1751164464578752,33,3825,45
p000086,r0007,9,2.4500000000000002,0.46999999999999997,-60.094881988012915,59.843514646756418,3.0224682284148328,34,3870,45
p000087,r0014,14,2.0499999999999998,0.46999999999999997,-59.821334481071148,60.029470493865347,4.1495921556451991,32,3915,45
p000088,r0001,9,1.25,0.46999999999999997,-60.108513077566201,60.324418701215663,3.2709407651881888,28,3960,45
p000089,r0002,30,3.6499999999999999,0.76000000000000001,-60.138949364954485,60.047758879525553,-30.844139386279277,39,4005,45
p000090,r0007,14,0.84999999999999998,0.46999999999999997,-59.462139922950769,59.877114936948558,4.2376651527958815,27,4050,45
p000091,r0015,14,2.0499999999999998,0.76000000000000001,-66.919795999462764,81.022563638122421,-30.963629686442321,29,4095,45
p000092,r0009,21,0.84999999999999998,0.46999999999999997,-59.799151537751449,60.125605000486239,3.3109694275145314,26,4140,45
p000093,r0020,21,0.84999999999999998,0.46999999999999997,-60.189866107762015,59.702660565707674,3.8031730291769223,26,4185,45
p000094,r0000,21,4.0499999999999998,0.76000000000000001,-60.173534524440612,60.147922700644529,-31.746384790420176,39,4230,45
p000095,r0020,21,3.25,0.76000000000000001,-59.96439637673793,59.849780512762614,-31.6589939232578,37,4275,45
p000096,r0016,14,2.4500000000000002,0.23999999999999999,-59.561057312306353,59.584091843198571,31.439256045877389,36,4320,45
p000097,r0011,14,4.0499999999999998,0.76000000000000001,-62.056468776451666,65.497877918705512,-31.893425569613949,39,4365,45
p000098,r0008,30,3.25,0.46999999999999997,-59.449641474513712,60.445264026911886,3.6446584412418614,39,4410,45
p000099,r0010,9,2.4500000000000002,0.46999999999999997,-59.90768313308584,60.317892567712875,3.3618719883374792,34,4455,45
p000100,r0022,14,4.0499999999999998,0.76000000000000001,-59.620772977608866,60.113048978138707,-31.334655708229445,39,4500,45
p000101,r0023,14,3.6499999999999999,0.46999999999999997,-60.059954777676005,59.560693707100462,3.7889889192555275,39,4545,45
p000102,r0021,9,2.4500000000000002,0.23999999999999999,-60.451294056522642,60.015073541180946,30.653145317732086,35,4590,45
p000103,r0001,21,2.8500000000000001,0.23999999999999999,-60.253884226233957,59.680421774265064,30.446188334145301,39,4635,45
p000104,r0013,30,3.6499999999999999,0.76000000000000001,-59.91165837928979,59.77266630019205,-31.637420456214148,39,4680,45
p000105,r0001,30,2.8500000000000001,0.76000000000000001,-60.020269632541385,60.558842271339671,-30.631282775609936,34,4725,45
p000106,r0013,21,3.25,0.46999999999999997,-60.219382110413868,60.70670629782208,3.4214447459511872,39,4770,45
p000107,r0016,30,2.8500000000000001,0.76000000000000001,-60.556207084878665,59.502910097682282,-32.192018961064043,34,4815,45
p000108,r0006,21,2.4500000000000002,0.23999999999999999,-59.794541351085883,60.436681831330333,31.131188267550442,37,4860,45
p000109,r0008,9,1.25,0.23999999999999999,-60.043626147550171,59.690385578621708,30.504222764340462,30,4905,45
p000110,r0010,9,4.0499999999999998,0.76000000000000001,-60.040636254552844,59.975823855436481,-31.686685828155408,38,4950,45
p000111,r0005,9,4.0499999999999998,0.76000000000000001,-60.005756746433818,59.963906118224934,-30.763037658915717,38,4995,45
p000112,r0018,14,2.8500000000000001,0.23999999999999999,-60.399329555121227,60.193001881079198,31.700842336391098,38,5040,45
p000113,r0029,21,1.25,0.46999999999999997,-60.431102789958743,59.775328813685064,2.8283059599724778,27,5085,45
p000114,r0008,21,1.25,0.23999999999999999,-71.250470771365954,63.842898138974007,30.970489600492417,27,5130,45
p000115,r0010,14,4.0499999999999998,0.23999999999999999,-59.650996046275715,60.356891975417177,31.104998850210887,40,5175,45
p000116,r0009,9,2.8500000000000001,0.76000000000000001,-59.853721735927834,60.115244504728977,-30.611169838170202,33,5220,45
p000117,r0008,14,3.6499999999999999,0.23999999999999999,-60.131442290076407,59.796178481302817,30.563549496171806,39,5265,45
p000118,r0023,9,0.84999999999999998,0.23999999999999999,-60.280685094841374,59.751423109967334,31.393717140813244,29,5310,45
p000119,r0018,9,3.25,0.76000000000000001,-59.806011735617219,59.619444735654106,-31.5939021825121,36,5355,45
p000120,r0009,9,1.6499999999999999,0.76000000000000001,-60.031769508554405,61.743881246700269,-31.255613327293286,29,5400,45
p000121,r0014,30,2.8500000000000001,0.23999999999999999,-59.545852082830301,60.131049827415033,30.958593368956155,39,5445,45
p000122,r0018,21,4.0499999999999998,0.23999999999999999,-60.039569539665408,60.006249375925613,30.74525283618377,40,5490,45
p000123,r0024,14,3.6499999999999999,0.46999999999999997,-60.281159316055167,60.109383392216102,3.0758283193286102,39,5535,45
p000124,r0008,21,3.25,0.46999999999999997,-60.204879892107932,60.09001534290686,3.101414582449908,39,5580,45
p000125,r0018,9,3.25,0.46999999999999997,-59.747636862169408,59.802021898156305,3.1636822808032248,37,5625,45
p000126,r0009,30,1.25,0.46999999999999997,-60.327325023141292,60.272332171296064,4.0404932899105122,26,5670,45
p000127,r0004,30,2.4500000000000002,0.23999999999999999,-59.978182200845914,60.278648864844342,30.967009409078685,38,5715,45
p000128,r0003,14,2.8500000000000001,0.76000000000000001,-59.671437781832154,59.759281696350612,-31.45806510706829,34,5760,45
p000129,r0025,21,4.0499999999999998,0.23999999999999999,-59.626837666883276,60.307855604016908,31.073529219000864,40,5805,45
p000130,r0010,14,1.6499999999999999,0.23999999999999999,-59.85024983521037,60.30346207534101,31.016571216808682,30,5850,45
p000131,r0011,9,2.8500000000000001,0.46999999999999997,-60.3586575037681,60.205026686849578,3.99009511725927,35,5895,45
p000132,r0024,9,4.0499999999999998,0.76000000000000001,-59.79046246175303,60.456092269712805,-31.38128932620123,38,5940,45
p000133,r0019,30,1.6499999999999999,0.76000000000000001,-65.649711141383932,76.725491607548477,-31.029662481640148,26,5985,45
p000134,r0027,14,3.6499999999999999,0.23999999999999999,-60.509558315824385,60.269842350130801,30.832786190301558,40,6030,45
p000135,r0000,9,3.6499999999999999,0.76000000000000001,-59.93042359050451,60.319894910766806,-30.620347150199397,36,6075,45
p000136,r0002,21,2.0499999999999998,0.46999999999999997,-59.763093671761403,60.256491311532379,4.2972863693843069,31,6120,45
p000137,r0020,30,4.0499999999999998,0.23999999999999999,-59.237667712890001,60.416744591339338,31.249685638324298,40,6165,45
p000138,r0006,14,1.6499999999999999,0.23999999999999999,-67.619049271470359,62.11570462596454,30.529363690580166,31,6210,45
p000139,r0014,14,0.84999999999999998,0.76000000000000001,-59.380386384257989,59.425211043015523,-30.417043001712347,27,6255,45
p000140,r0026,9,4.0499999999999998,0.23999999999999999,-60.262402265953824,59.659252293791113,31.328055199452329,39,6300,45
p000141,r0017,21,3.25,0.76000000000000001,-59.062520751982213,59.467784973812527,-30.165247377791477,36,6345,45
p000142,r0016,30,4.0499999999999998,0.23999999999999999,-60.383448102493873,59.590368730792271,30.346652690803598,40,6390,45
p000143,r0001,9,2.0499999999999998,0.46999999999999997,-59.834219576641011,59.929686653479074,4.0906507253226367,32,6435,45
p000144,r0016,9,2.8500000000000001,0.46999999999999997,-60.198759321418009,59.757531515831971,2.9280748223244855,33,6480,45
p000145,r0023,9,2.4500000000000002,0.76000000000000001,-59.182541033022545,61.046065941884912,-30.777675359044753,31,6525,45
p000146,r0020,14,2.0499999999999998,0.46999999999999997,-59.940092093760477,59.279478348622625,3.6962802407025679,32,6570,45
p000147,r0000,21,3.6499999999999999,0.46999999999999997,-59.957007411048792,59.850393059380039,3.090914838278489,40,6615,45
p000148,r0012,21,0.84999999999999998,0.46999999999999997,-60.10540512152911,59.773808695803332,2.9805782016570843,26,6660,45
p000149,r0007,30,2.0499999999999998,0.46999999999999997,-60.33810374031895,59.24628657192094,3.4916231251681937,29,6705,45
p000150,r0003,30,3.6499999999999999,0.76000000000000001,-60.420319044737582,60.273424491429289,-31.003820596057533,39,6750,45
p000151,r0008,30,1.25,0.46999999999999997,-60.53391067638178,60.550646608749211,4.0909046847376489,26,6795,45
p000152,r0008,30,2.4500000000000002,0.76000000000000001,-59.92613909686817,59.80921736052305,-31.63965354709428,30,6840,45
p000153,r0004,9,2.8500000000000001,0.76000000000000001,-59.884750558384965,59.832492336664856,-31.602612263573004,33,6885,45
p000154,r0015,9,2.4500000000000002,0.76000000000000001,-60.19618848166882,59.62486261739236,-31.889136217894137,32,6930,45
p000155,r0002,9,1.6499999999999999,0.76000000000000001,-60.230407278334539,59.876869542152953,-31.854660841417545,29,6975,45
p000156,r0020,9,2.8500000000000001,0.23999999999999999,-80.008106657851144,66.000684070443683,31.408574295652922,37,7020,45
p000157,r0006,21,4.0499999999999998,0.76000000000000001,-62.344797161245609,69.645188638762974,-31.117200569243547,39,7065,45
p000158,r0023,14,1.25,0.46999999999999997,-59.830234310396342,59.960193618038907,4.1086924916743444,28,7110,45
p000159,r0019,21,1.25,0.46999999999999997,-59.996902738846053,60.451109191616275,4.2905435842989847,27,7155,45
p000160,r0002,30,2.8500000000000001,0.46999999999999997,-60.001687482339136,60.106725285615042,3.2057712846765822,37,7200,45
p000161,r0009,30,4.0499999999999998,0.23999999999999999,-60.097158938273196,59.316701991181851,31.107375368112642,40,7245,45
p000162,r0018,14,3.25,0.76000000000000001,-61.116047514023748,62.495992036618766,-30.999158021869558,36,7290,45
p000163,r0010,21,1.25,0.76000000000000001,-59.976399620677192,59.729407520848454,-30.797005906711039,27,7335,45
p000164,r0021,21,1.6499999999999999,0.46999999999999997,-60.317539197516162,60.176082263014486,3.0940801765650816,28,7380,45
p000165,r0019,14,0.84999999999999998,0.46999999999999997,-60.112351154426811,60.452392422012785,3.3369629410861803,27,7425,45
p000166,r0008,21,3.25,0.76000000000000001,-60.518259396852841,60.192997786067906,-31.097557672951869,37,7470,45
p000167,r0016,9,2.0499999999999998,0.23999999999999999,-59.959251006950211,59.947645003640261,30.719989961098548,34,7515,45
p000168,r0005,14,3.25,0.46999999999999997,-59.753269704134034,60.656040176156289,4.5136645324198428,37,7560,45
p000169,r0018,30,1.6499999999999999,0.46999999999999997,-60.220908713112969,60.352479969429076,4.1329872886343155,27,7605,45
p000170,r0015,9,0.84999999999999998,0.76000000000000001,-59.660626614674328,60.530035059415106,-31.264867812892863,28,7650,45
p000171,r0025,9,1.6499999999999999,0.46999999999999997,-60.522244617165398,60.320863676782032,3.9746027786267364,30,7695,45
p000172,r0006,9,4.0499999999999998,0.23999999999999999,-59.185009563178639,59.763019787237653,30.765492743137745,39,7740,45
p000173,r0004,9,4.0499999999999998,0.76000000000000001,-59.85556095685147,60.296659628857377,-31.469028016281346,38,7785,45
p000174,r0012,9,2.8500000000000001,0.23999999999999999,-60.226437706174849,59.643506008307604,30.424719516831818,37,7830,45
p000175,r0018,21,0.84999999999999998,0.23999999999999999,-60.342391673512267,60.19554389007844,31.716439354816671,27,7875,45
p000176,r0017,14,4.0499999999999998,0.23999999999999999,-60.003370434061196,60.188867340956136,31.792730274951978,40,7920,45
p000177,r0007,21,1.6499999999999999,0.23999999999999999,-60.250060385626689,60.535343307169441,31.996846420898368,31,7965,45
p000178,r0004,14,1.6499999999999999,0.76000000000000001,-60.367380821329185,59.489603961711907,-31.151704473399324,28,8010,45
p000179,r0010,14,4.0499999999999998,0.76000000000000001,-59.839794890476639,60.235192867551099,-31.47179782854997,38,8055,45
p000180,r0007,14,4.0499999999999998,0.46999999999999997,-60.348788565683101,59.964392894671697,2.9671976083049456,39,8100,45
p000181,r0002,14,2.8500000000000001,0.23999999999999999,-59.700831915549976,60.250809912447487,31.012415873728099,38,8145,45
p000182,r0007,9,1.6499999999999999,0.76000000000000001,-62.60628802322698,67.101193226820968,-31.926492523215469,29,8190,45
p000183,r0011,14,2.4500000000000002,0.23999999999999999,-60.410623434875944,60.240463948809655,30.834202976725116,36,8235,45
p000184,r0002,14,1.6499999999999999,0.23999999999999999,-60.160062244268147,59.402667648392502,31.157612474153943,31,8280,45
p000185,r0015,30,1.25,0.76000000000000001,-59.474906713212661,59.83217226871885,-30.3912077575491,26,8325,45
p000186,r0000,9,3.6499999999999999,0.46999999999999997,-59.502843295911319,59.788048622177257,3.27132942067563,38,8370,45
p000187,r0001,9,3.25,0.76000000000000001,-59.370558173691371,59.617893157421278,-31.263329854224335,35,8415,45
p000188,r0005,30,1.25,0.46999999999999997,-59.576922772108134,59.68234493449485,3.1804891123914514,26,8460,45
p000189,r0016,21,3.25,0.76000000000000001,-60.072451910309283,60.022507824817431,-31.69966157387886,36,8505,45
p000190,r0009,30,0.84999999999999998,0.76000000000000001,-60.043226520813647,61.839575273742128,-31.241354090120264,26,8550,45
p000191,r0023,21,3.6499999999999999,0.46999999999999997,-60.123209101496286,59.527160569702488,2.8414868242390652,40,8595,45
p000192,r0021,9,3.25,0.76000000000000001,-60.327546111478043,59.770667777272934,-31.053974778177807,36,8640,45
p000193,r0001,14,3.25,0.46999999999999997,-60.194793569614824,60.071431458421522,3.0963056952444417,38,8685,45
p000194,r0002,14,3.25,0.76000000000000001,-60.719062269981279,59.156069980210752,-32.399030529935196,36,8730,45
p000195,r0002,9,2.4500000000000002,0.46999999999999997,-60.206443670049275,60.140329176567469,3.1273459386576006,33,8775,45
p000196,r0027,21,1.25,0.46999999999999997,-59.929320339116586,60.119493286984678,3.2465508827170835,27,8820,45
p000197,r0013,9,2.4500000000000002,0.76000000000000001,-60.27804529242151,59.87811189370062,-30.990567567752198,32,8865,45
p000198,r0006,21,1.6499999999999999,0.23999999999999999,-59.612258403892668,59.702516966240999,30.616970877408921,30,8910,45
p000199,r0023,14,4.0499999999999998,0.76000000000000001,-69.916047739495355,93.374418240492489,-31.176335904298281,39,8955,45
p000200,r0011,30,2.4500000000000002,0.76000000000000001,-59.69338476254849,60.093245860436198,-31.394593413032165,29,9000,45
p000201,r0026,21,3.25,0.23999999999999999,-64.283351091614179,61.437475408761053,30.814477048670998,40,9045,45
p000202,r0026,9,2.0499999999999998,0.46999999999999997,-59.935901877972448,59.701950896787572,3.9221600926503628,32,9090,45
p000203,r0014,21,1.25,0.76000000000000001,-59.697898424472072,60.088386120959314,-31.399190133568535,26,9135,45
p000204,r0008,21,2.8500000000000001,0.46999999999999997,-59.97290676299491,60.103015578051782,4.1173320777598379,37,9180,45
p000205,r0005,9,0.84999999999999998,0.76000000000000001,-59.179660028063559,59.712535405871684,-31.0955331239191,27,9225,45
p000206,r0018,30,1.6499999999999999,0.76000000000000001,-60.321579311022795,60.245322578752422,-31.835522857476743,27,9270,45
p000207,r0010,14,0.84999999999999998,0.46999999999999997,-59.86940973943048,60.280000146094991,4.2597774998980258,27,9315,45
p000208,r0009,14,2.4500000000000002,0.76000000000000001,-60.292864444646739,60.362843310751003,-30.885494583351278,30,9360,45
p000209,r0005,14,3.25,0.23999999999999999,-60.367246431495559,60.14667420932151,30.773333255525415,39,9405,45
p000210,r0020,9,1.6499999999999999,0.23999999999999999,-59.754394501241116,60.092807043449959,30.879478672724101,32,9450,45
p000211,r0024,30,3.25,0.23999999999999999,-59.962441137626953,60.395631942990406,31.959694403642239,40,9495,45
p000212,r0017,21,3.6499999999999999,0.46999999999999997,-60.208565385252541,60.532321522876174,4.2341046760556837,40,9540,45
p000213,r0024,9,1.25,0.23999999999999999,-59.563515573368051,59.948159512329795,30.815357491762313,30,9585,45
p000214,r0012,14,2.4500000000000002,0.46999999999999997,-60.19515503931234,60.341615586187416,3.2393333922025347,35,9630,45
p000215,r0005,21,2.0499999999999998,0.23999999999999999,-60.201132270542907,59.541645927130666,30.353379159689009,34,9675,45
p000216,r0007,21,2.4500000000000002,0.23999999999999999,-59.79733473447854,60.52716398343491,32.099284291135682,37,9720,45
p000217,r0020,14,0.84999999999999998,0.76000000000000001,-59.741247365027306,59.431729058438506,-30.689733023395508,27,9765,45
p000218,r0006,9,4.0499999999999998,0.46999999999999997,-60.422466199524614,60.073639921399185,2.9904700445650034,38,9810,45
p000219,r0003,9,2.8500000000000001,0.23999999999999999,-60.17344351826889,59.803925227763195,31.459356728715495,37,9855,45
p000220,r0011,21,1.6499999999999999,0.23999999999999999,-60.271322818914484,59.444747512727815,30.262890633133665,29,9900,45
p000221,r0012,14,3.6499999999999999,0.76000000000000001,-60.077794687958004,59.658855884842666,-31.790998550485849,38,9945,45
p000222,r0024,14,2.4500000000000002,0.46999999999999997,-59.897920655143736,60.447111769021376,3.4349465296637787,34,9990,45
p000223,r0017,9,2.4500000000000002,0.23999999999999999,-64.719209977295122,61.277199243029465,31.488061030151567,36,10035,45
p000224,r0007,21,0.84999999999999998,0.23999999999999999,-60.061016607266133,60.885006363583116,31.4079608505793,26,10080,45
p000225,r0024,21,2.4500000000000002,0.46999999999999997,-59.939096465399381,59.701473056501705,3.020405381208195,34,10125,45
p000226,r0011,21,1.25,0.46999999999999997,-59.921580491713136,59.866161471536152,4.015922748808987,27,10170,45
p000227,r0001,14,3.6499999999999999,0.76000000000000001,-73.365225940251165,101.99943880170412,-31.727706402181877,38,10215,45
p000228,r0010,9,4.0499999999999998,0.23999999999999999,-59.478859610059473,59.7146030029716,30.658171975844144,39,10260,45
p000229,r0022,30,3.25,0.23999999999999999,-60.140859528528793,60.290324349495471,31.836840218769648,40,10305,45
p000230,r0024,21,3.25,0.76000000000000001,-60.235224764885189,59.696521494012515,-31.901605662749741,37,10350,45
p000231,r0023,14,2.0499999999999998,0.46999999999999997,-59.994468555633446,60.188827374275931,3.2526782872185249,30,10395,45
p000232,r0009,9,3.6499999999999999,0.23999999999999999,-59.138871247347232,59.42072623030819,30.516422835670891,39,10440,45
p000233,r0017,21,3.25,0.46999999999999997,-59.867435312472217,59.70675250484063,3.9568842307035981,39,10485,45
p000234,r0023,21,2.4500000000000002,0.46999999999999997,-60.170137395214788,60.802165600538963,4.3951831925347067,35,10530,45
p000235,r0024,9,1.6499999999999999,0.23999999999999999,-62.467778358596703,60.726328156524403,30.709742592895338,30,10575,45
p000236,r0012,21,4.0499999999999998,0.23999999999999999,-59.387900260854664,60.031238525597821,31.820645216849222,40,10620,45
p000237,r0009,30,4.0499999999999998,0.46999999999999997,-60.187253688319053,60.031428689495421,3.0786479719226234,40,10665,45
p000238,r0021,9,4.0499999999999998,0.46999999999999997,-60.408728509847741,60.536694091359649,4.1423454687921835,39,10710,45
p000239,r0015,14,2.0499999999999998,0.23999999999999999,-60.185508994832766,59.570680214252874,30.37919480407232,34,10755,45
p000240,r0002,21,2.8500000000000001,0.46999999999999997,-59.737140055988995,60.049618748953002,3.2998421106302684,37,10800,45
p000241,r0011,14,2.8500000000000001,0.76000000000000001,-60.69235502978897,60.19801013889515,-31.228667389304785,34,10845,45
p000242,r0021,21,2.8500000000000001,0.46999999999999997,-60.312697348156938,60.324075221983499,3.1747921140174951,37,10890,45
p000243,r0001,14,1.6499999999999999,0.46999999999999997,-59.721173855269555,60.121339213724397,3.3453580712972437,28,10935,45
p000244,r0001,14,2.4500000000000002,0.23999999999999999,-60.100246895076609,59.628914799412335,31.343915992734992,36,10980,45
p000245,r0001,14,0.84999999999999998,0.23999999999999999,-69.494204937774015,62.604227674196238,30.450603847323379,27,11025,45
p000246,r0016,30,3.25,0.23999999999999999,-59.516473118501054,60.160916238205417,31.888342792595864,40,11070,45
p000247,r0008,9,0.84999999999999998,0.46999999999999997,-60.148534651605338,59.964132690540985,3.9611790397322197,28,11115,45
p000248,r0007,21,1.25,0.46999999999999997,-60.080875622841553,59.528245614133247,2.8619586327550932,27,11160,45
p000249,r0014,14,4.0499999999999998,0.46999999999999997,-60.046358659791487,59.865263375508555,3.0568010189175352,39,11205,45
p000250,r0019,21,3.25,0.76000000000000001,-60.287927645441158,60.044825117132419,-30.958066982423507,37,11250,45
p000251,r0019,21,1.6499999999999999,0.46999999999999997,-59.940414448871984,60.0675765109794,4.1138207598492516,28,11295,45
p000252,r0000,30,2.4500000000000002,0.23999999999999999,-66.156421130877661,62.464507540117111,31.145484659078367,38,11340,45
p000253,r0012,21,3.6499999999999999,0.23999999999999999,-59.700428041170738,59.728592525455859,30.615627589465475,40,11385,45
p000254,r0017,21,2.8500000000000001,0.23999999999999999,-60.056600900485925,60.436346618676602,31.968039214077596,39,11430,45
p000255,r0014,21,3.6499999999999999,0.23999999999999999,-90.727807155533725,69.990586077632486,31.868171701672598,40,11475,45
p000256,r0017,9,3.6499999999999999,0.76000000000000001,-59.504111585052904,59.812700673028992,-30.418076643113249,37,11520,45
p000257,r0000,14,2.8500000000000001,0.46999999999999997,-60.18733270702986,59.776789286240138,3.8436519494032426,36,11565,45
p000258,r0023,14,0.84999999999999998,0.46999999999999997,-60.167494813630739,60.236964837963001,4.096868801713943,27,11610,45
p000259,r0020,30,3.25,0.76000000000000001,-60.782094165868642,60.149395993324987,-32.208536527662176,37,11655,45
p000260,r0023,30,1.6499999999999999,0.46999999999999997,-60.473297408751094,60.452571457389055,4.0674130903031882,27,11700,45
p000261,r0023,21,0.84999999999999998,0.23999999999999999,-59.736474198931759,59.835577037318025,30.688284740618077,27,11745,45
p000262,r0021,30,1.25,0.76000000000000001,-60.436650154055933,60.030211355773169,-31.974603391696949,26,11790,45
p000263,r0004,30,3.25,0.46999999999999997,-60.333029974959295,59.756539682033115,3.7644419432466849,40,11835,45
p000264,r0001,9,4.0499999999999998,0.23999999999999999,-60.403216647600914,60.50579944677056,31.937635584121406,39,11880,45
p000265,r0020,30,1.25,0.76000000000000001,-59.508563633936689,60.11027620951436,-31.250042071508435,26,11925,45
p000266,r0019,21,2.0499999999999998,0.46999999999999997,-60.046714246933625,60.136653985746527,3.2004709163868581,31,11970,45
p000267,r0007,14,3.25,0.46999999999999997,-60.23668130631976,60.080785738205712,3.0815762272787408,38,12015,45
p000268,r0018,14,2.4500000000000002,0.46999999999999997,-59.823122035296059,60.297414320308611,3.3907622331744163,33,12060,45
p000269,r0009,30,2.4500000000000002,0.76000000000000001,-60.760001714148466,60.110883373669452,-31.300989293072167,30,12105,45
p000270,r0011,30,3.25,0.46999999999999997,-60.220353853388751,59.697933209914659,2.8863382901620609,39,12150,45
p000271,r0021,21,4.0499999999999998,0.46999999999999997,-59.657424129027611,60.567919131376463,4.5120077989865495,40,12195,45
p000272,r0026,9,3.25,0.46999999999999997,-59.454862999846888,60.049839735353792,3.432629449809478,37,12240,45
p000273,r0007,21,2.0499999999999998,0.23999999999999999,-60.340801531326719,60.056266238191007,30.710969973506757,33,12285,45
p000274,r0002,30,2.0499999999999998,0.46999999999999997,-59.735097819460833,59.992558661575146,3.27056011548824,30,12330,45
p000275,r0023,14,2.4500000000000002,0.46999999999999997,-60.167384084313305,59.999767382167157,3.9712061929213407,34,12375,45
p000276,r0025,14,0.84999999999999998,0.76000000000000001,-60.103017152688935,59.867435324736284,-31.760108558106882,27,12420,45
p000277,r0021,9,3.25,0.23999999999999999,-59.832660051766815,59.375724289846012,30.315712047858934,38,12465,45
p000278,r0000,14,2.0499999999999998,0.46999999999999997,-60.436954778423384,60.533568183031754,3.2274223911478357,31,12510,45
p000279,r0018,30,4.0499999999999998,0.76000000000000001,-60.329639438086218,60.295443372933761,-31.829619563441423,40,12555,45
p000280,r0005,14,0.84999999999999998,0.76000000000000001,-60.006471678471755,59.852866044749057,-30.790230624898765,27,12600,45
p000281,r0020,30,4.0499999999999998,0.76000000000000001,-60.044545304534267,59.762578872622989,-30.840835502016528,40,12645,45
p000282,r0019,21,2.8500000000000001,0.46999999999999997,-60.362708392451978,60.021745845151315,3.8910523534777726,36,12690,45
p000283,r0018,9,4.0499999999999998,0.76000000000000001,-59.571136249889591,59.243099807984315,-31.505719595999853,38,12735,45
p000284,r0002,9,4.0499999999999998,0.76000000000000001,-60.646366497253595,60.967627005257171,-31.009008056651016,38,12780,45
p000285,r0012,30,1.25,0.76000000000000001,-59.786382155189251,59.688011780737455,-30.662527610566844,26,12825,45
p000286,r0013,9,3.6499999999999999,0.23999999999999999,-70.952367183511114,63.848915924083869,31.046607978261068,39,12870,45
p000287,r0012,21,2.8500000000000001,0.23999999999999999,-62.482590561575591,60.158154640711409,30.27437579216253,39,12915,45
p000288,r0009,30,1.25,0.23999999999999999,-59.847070117129292,59.788106764119483,31.525664312619774,27,12960,45
p000289,r0019,9,3.25,0.76000000000000001,-60.445451472216746,60.135069187018374,-31.956126514000314,35,13005,45
p000290,r0007,21,0.84999999999999998,0.46999999999999997,-59.521968790888245,60.121605570043108,4.3391256204053734,26,13050,45
p000291,r0016,14,2.8500000000000001,0.76000000000000001,-60.003961065129495,60.353994242137553,-31.568051791385404,36,13095,45
p000292,r0016,14,1.6499999999999999,0.76000000000000001,-59.801040184488741,60.111603273676437,-30.572005754529105,28,13140,45
p000293,r0003,21,1.6499999999999999,0.46999999999999997,-59.652592895697204,60.341951144545,4.3945154456311686,28,13185,45
p000294,r0026,9,3.25,0.76000000000000001,-60.105702702718489,59.903339369895313,-31.753532605291173,35,13230,45
p000295,r0002,14,1.25,0.23999999999999999,-60.028804639972016,60.263529218751366,31.843369092657756,28,13275,45
p000296,r0010,21,2.8500000000000001,0.23999999999999999,-60.009338173956948,60.324757651920528,31.894574653709931,39,13320,45
p000297,r0026,21,3.6499999999999999,0.46999999999999997,-59.512108323045204,60.256351199749353,3.5151752240359171,40,13365,45
p000298,r0023,30,1.6499999999999999,0.76000000000000001,-60.190095155513717,60.520534455905818,-30.769544048773032,27,13410,45
p000299,r0020,30,3.6499999999999999,0.23999999999999999,-60.168278774881202,59.698398845798785,31.380396216835589,40,13455,45
p000300,r0013,21,3.25,0.76000000000000001,-59.779258406539327,59.700414702033264,-30.654136860481909,36,13500,45
p000301,r0015,21,0.84999999999999998,0.23999999999999999,-59.795940287495462,59.343088785021273,31.199721807617255,26,13545,45
p000302,r0004,9,1.6499999999999999,0.76000000000000001,-59.716952448481017,59.721102382918922,-31.501819288945033,29,13590,45
p000303,r0027,14,2.4500000000000002,0.23999999999999999,-59.680910729476906,60.507261596103938,31.212100237964538,36,13635,45
p000304,r0006,30,0.84999999999999998,0.46999999999999997,-60.521519840545139,60.894988958964916,4.279229823195192,26,13680,45
p000305,r0018,21,2.4500000000000002,0.46999999999999997,-60.027255694925401,60.285276496441142,3.2883863664988722,33,13725,45
p000306,r0013,21,0.84999999999999998,0.76000000000000001,-60.264692724482373,59.937422284335931,-31.86618512236598,26,13770,45
p000307,r0001,14,3.6499999999999999,0.46999999999999997,-60.236809153653283,60.592714655731783,4.2528384653208038,39,13815,45
p000308,r0020,14,1.6499999999999999,0.76000000000000001,-59.516916941383556,59.802543907385534,-30.430246337678977,28,13860,45
p000309,r0015,9,0.84999999999999998,0.23999999999999999,-59.713936008325071,60.070687757684858,30.872378053842478,29,13905,45
p000310,r0006,14,3.25,0.76000000000000001,-59.757923226440028,59.884626110401022,-31.493711385598179,35,13950,45
p000311,r0017,30,1.6499999999999999,0.76000000000000001,-60.154879915937308,59.642324257588875,-30.953550914291025,26,13995,45
p000312,r0023,30,1.25,0.76000000000000001,-60.037304185300073,60.223696000328857,-30.72466414074913,26,14040,45
p000313,r0016,9,3.6499999999999999,0.23999999999999999,-60.105728275891074,59.768314123240806,31.448543947449156,39,14085,45
p000314,r0006,9,1.25,0.76000000000000001,-60.20122476872789,60.337693470592157,-30.821884391291082,28,14130,45
p000315,r0017,30,3.6499999999999999,0.46999999999999997,-59.955740864064289,60.270719347066425,3.3142830478349934,40,14175,45
p000316,r0020,21,0.84999999999999998,0.23999999999999999,-62.622710284879062,60.590421361821797,31.469269766613589,27,14220,45
p000317,r0011,14,0.84999999999999998,0.76000000000000001,-59.877141173895666,60.192668486114677,-30.610386855493186,27,14265,45
p000318,r0009,14,1.25,0.23999999999999999,-60.484728066991991,60.280782879624937,31.747060252436874,28,14310,45
p000319,r0004,21,0.84999999999999998,0.23999999999999999,-59.626078068298014,60.082029999996969,31.802084063606173,26,14355,45
p000320,r0016,30,2.0499999999999998,0.46999999999999997,-60.144252532840085,59.958603570611501,3.0602612019892588,29,14400,45
p000321,r0007,14,1.6499999999999999,0.23999999999999999,-59.941109866323259,60.031285896383437,30.787910913333832,31,14445,45
p000322,r0012,14,2.0499999999999998,0.23999999999999999,-60.229632284693096,60.488690596294482,31.966293104857463,34,14490,45
p000323,r0010,30,1.6499999999999999,0.76000000000000001,-60.362158322891887,60.092954960895369,-31.902931134782943,26,14535,45
p000324,r0028,14,1.25,0.76000000000000001,-60.318163596157973,59.348237649810315,-32.048227297125592,27,14580,45
p000325,r0013,9,0.84999999999999998,0.46999999999999997,-59.446520185060066,60.190581586725088,4.4111437539860718,27,14625,45
p000326,r0003,9,4.0499999999999998,0.76000000000000001,-59.313100329087924,59.778610931302104,-31.181089626594318,38,14670,45
p000327,r0016,21,3.6499999999999999,0.23999999999999999,-79.75228742267285,65.729711279219586,30.364031590765403,40,14715,45
p000328,r0011,30,3.6499999999999999,0.76000000000000001,-62.067625910967365,66.258290688105831,-31.719405927189793,39,14760,45
p000329,r0013,30,1.6499999999999999,0.76000000000000001,-60.102839284392999,60.70301272319972,-31.559434802570745,27,14805,45
p000330,r0021,14,2.8500000000000001,0.76000000000000001,-59.349761014661695,59.619121776472547,-30.347229144789477,34,14850,45
p000331,r0025,14,3.25,0.76000000000000001,-60.184911776362384,60.118651227527437,-31.762056655428832,35,14895,45
p000332,r0028,30,2.4500000000000002,0.23999999999999999,-60.587051313782823,60.589987599801866,31.057498260541543,38,14940,45
p000333,r0011,21,1.6499999999999999,0.76000000000000001,-59.897749152268659,59.979404672456802,-31.577232234334549,27,14985,45
p000334,r0000,14,1.25,0.23999999999999999,-60.413753240771811,59.489583058115755,31.162782346382741,28,15030,45
p000335,r0004,21,3.6499999999999999,0.23999999999999999,-59.231708182425002,60.193885141788549,31.981742743977296,40,15075,45
p000336,r0009,14,0.84999999999999998,0.46999999999999997,-60.286926054339162,60.044090284311679,3.0385126051457858,27,15120,45
p000337,r0006,9,3.25,0.23999999999999999,-60.3970783462931,60.616891345897663,32.023538619771884,38,15165,45
p000338,r0021,9,2.8500000000000001,0.46999999999999997,-60.607509102605142,60.00564876913672,3.76746456941805,35,15210,45
p000339,r0006,21,3.25,0.46999999999999997,-59.725851852060345,59.588144460194528,3.9605661934347411,39,15255,45
p000340,r0027,9,3.25,0.76000000000000001,-59.881085360606747,60.045356217573833,-30.648739381843409,36,15300,45
p000341,r0026,21,0.84999999999999998,0.46999999999999997,-59.951236154682142,59.543750681107603,3.8311068682864233,26,15345,45
p000342,r0009,14,1.6499999999999999,0.46999999999999997,-60.14845415412853,59.769713603267604,3.8581747572914269,28,15390,45
p000343,r0005,14,3.25,0.76000000000000001,-59.67548000091702,60.241882140114754,-30.445313087069398,36,15435,45
p000344,r0008,21,2.4500000000000002,0.76000000000000001,-60.060542569279576,59.80852107968893,-31.741967293527136,32,15480,45
p000345,r0020,14,3.6499999999999999,0.76000000000000001,-62.413795142829812,67.393188253723338,-31.710119127657062,37,15525,45
p000346,r0000,9,2.0499999999999998,0.76000000000000001,-60.55947770489891,60.374300861109703,-31.085370849056847,32,15570,45
p000347,r0009,14,3.6499999999999999,0.46999999999999997,-59.57020063596638,59.76454046779839,3.2272121490289534,39,15615,45
p000348,r0005,14,2.8500000000000001,0.23999999999999999,-60.025885780786638,60.163968778613402,31.768403684357395,38,15660,45
p000349,r0026,21,2.0499999999999998,0.76000000000000001,-60.398770274003319,59.604989379245339,-31.147867957223642,29,15705,45
p000350,r0029,14,1.25,0.76000000000000001,-59.890020422946861,59.843875988475759,-30.70388528420543,27,15750,45
p000351,r0004,21,1.6499999999999999,0.23999999999999999,-60.279601536873336,60.298503141900007,31.809758018994405,30,15795,45
p000352,r0000,14,2.4500000000000002,0.46999999999999997,-60.151006966461225,60.074532009772,4.0185286909423867,33,15840,45
p000353,r0000,9,4.0499999999999998,0.23999999999999999,-59.962766924052161,60.023430338094194,31.676742995179069,39,15885,45
p000354,r0018,30,2.4500000000000002,0.23999999999999999,-60.811727258676875,59.928683175599275,30.500984671373001,38,15930,45
p000355,r0007,21,2.8500000000000001,0.23999999999999999,-60.25438979162363,60.276490051476827,30.899078889132721,39,15975,45
p000356,r0010,30,1.6499999999999999,0.46999999999999997,-60.003333060917242,59.942449136475275,4.0179315037007983,27,16020,45
p000357,r0007,30,1.25,0.46999999999999997,-59.941275594252801,60.218903893502386,3.2936195342574477,26,16065,45
p000358,r0025,9,2.0499999999999998,0.46999999999999997,-59.969484305884137,59.842338521920382,3.9807817928522597,32,16110,45
p000359,r0022,21,3.6499999999999999,0.46999999999999997,-59.759255189770833,59.102730458611241,2.7875972038716723,39,16155,45
p000360,r0005,21,1.6499999999999999,0.23999999999999999,-60.299793926528096,59.965025898797016,30.651469140718994,30,16200,45
p000361,r0018,21,2.4500000000000002,0.76000000000000001,-59.90591941506861,59.898196262195405,-30.702931652525248,30,16245,45
p000362,r0012,30,2.4500000000000002,0.23999999999999999,-60.256600708794366,60.075503780059321,30.745798702734437,38,16290,45
p000363,r0011,21,2.4500000000000002,0.46999999999999997,-59.866218203662932,60.255940701273197,4.2485260159532219,33,16335,45
p000364,r0012,30,2.4500000000000002,0.76000000000000001,-60.434312445129109,59.693472125265487,-31.15364414823441,29,16380,45
p000365,r0023,21,0.84999999999999998,0.76000000000000001,-59.986037612244715,60.062082567343182,-30.724488769143623,26,16425,45
p000366,r0009,14,0.84999999999999998,0.23999999999999999,-59.785981414763341,59.30931588764772,30.276444535069064,27,16470,45
p000367,r0025,9,2.8500000000000001,0.76000000000000001,-60.298546381461648,59.870139840933881,-31.008061688086723,34,16515,45
p000368,r0020,9,3.6499999999999999,0.23999999999999999,-59.70386025248235,59.655720341980185,31.459420999309177,39,16560,45
p000369,r0018,14,1.25,0.23999999999999999,-61.112763854730076,60.159655885434589,30.604275147795072,29,16605,45
p000370,r0013,30,4.0499999999999998,0.76000000000000001,-60.487597125622585,60.036451938755448,-32.011825350171861,40,16650,45
p000371,r0021,14,1.6499999999999999,0.23999999999999999,-60.02167981169606,59.90150745447702,30.669942510595483,31,16695,45
p000372,r0013,14,2.0499999999999998,0.76000000000000001,-59.697961070552296,59.394618224800141,-31.565742039667708,30,16740,45
p000373,r0011,14,2.0499999999999998,0.76000000000000001,-60.093153578956546,60.505144317268964,-31.599562083862427,30,16785,45
p000374,r0026,14,2.0499999999999998,0.76000000000000001,-59.879493628015894,59.791162600391942,-31.608536133198012,30,16830,45
p000375,r0016,14,3.25,0.23999999999999999,-60.382011754836441,59.87430655238208,31.462790158649636,39,16875,45
p000376,r0005,30,0.84999999999999998,0.76000000000000001,-60.029580507062668,60.18606462635293,-31.627825675042924,26,16920,45
p000377,r0013,14,2.4500000000000002,0.23999999999999999,-59.918919960610609,60.21540716168419,30.933168652333443,36,16965,45
p000378,r0013,30,3.6499999999999999,0.46999999999999997,-60.17922426011981,60.270747585254796,4.1092608179287327,40,17010,45
p000379,r0005,30,1.25,0.76000000000000001,-60.212070952316139,59.923563561938685,-30.929518668894982,26,17055,45
p000380,r0006,21,2.8500000000000001,0.76000000000000001,-60.428844732844468,60.260766930413574,-31.013337933662537,34,17100,45
p000381,r0002,14,4.0499999999999998,0.76000000000000001,-60.430821136383926,59.481810522454602,-31.201789538262684,39,17145,45
p000382,r0022,30,2.0499999999999998,0.46999999999999997,-59.909038797264451,59.573255137417057,3.8665769881167522,29,17190,45
p000383,r0027,9,1.25,0.23999999999999999,-60.388922745903891,59.547737831832634,31.212939293175872,30,17235,45
p000384,r0010,9,3.25,0.23999999999999999,-60.089556404032066,59.615581793667474,31.336348626219586,38,17280,45
p000385,r0019,14,0.84999999999999998,0.76000000000000001,-60.014410707696825,59.560502622019797,-31.766431508564832,26,17325,45
p000386,r0009,9,1.25,0.23999999999999999,-60.92712079791086,60.377893864071027,30.814690345195377,30,17370,45
p000387,r0006,30,1.25,0.76000000000000001,-60.215649255653965,60.199506479508138,-31.766011879215061,26,17415,45
p000388,r0011,9,1.6499999999999999,0.23999999999999999,-60.125705781221612,59.784733547991905,31.45622810898066,32,17460,45
p000389,r0023,9,0.84999999999999998,0.46999999999999997,-59.10498661354336,60.05853369414973,4.5016791495339818,28,17505,45
p000390,r0024,9,2.0499999999999998,0.23999999999999999,-60.209905599893439,59.730769811761057,30.495007712963979,33,17550,45
p000391,r0018,14,2.0499999999999998,0.76000000000000001,-60.277745958431737,60.598054975701885,-31.717553734239669,30,17595,45
p000392,r0011,14,4.0499999999999998,0.23999999999999999,-60.04545120095321,59.887817700950976,30.653833164493975,40,17640,45
p000393,r0005,30,4.0499999999999998,0.76000000000000001,-65.736330169320951,78.051614242881726,-31.677223510392306,40,17685,45
p000394,r0001,30,1.25,0.23999999999999999,-60.016812049655528,60.156573708767183,30.864961126745733,27,17730,45
p000395,r0026,30,4.0499999999999998,0.23999999999999999,-60.389685808027352,59.842533498013005,30.536800864563322,40,17775,45
p000396,r0015,21,1.25,0.46999999999999997,-60.298783006370172,60.029794274498244,3.9253629524900946,27,17820,45
p000397,r0012,14,2.8500000000000001,0.46999999999999997,-60.117897715339659,59.87530896315706,3.9285018242636029,36,17865,45
p000398,r0020,9,4.0499999999999998,0.76000000000000001,-61.000012269590073,60.110008403608859,-32.383607308022334,38,17910,45
p000399,r0009,21,2.8500000000000001,0.23999999999999999,-60.139206598328776,60.085793010414207,31.68179310431589,39,17955,45
p000400,r0022,30,0.84999999999999998,0.46999999999999997,-60.208828396230281,59.515458541376738,3.6950436807014428,26,18000,45
p000401,r0025,30,2.4500000000000002,0.76000000000000001,-60.236555135952003,60.690633190270816,-31.664029937658523,30,18045,45
p000402,r0001,30,2.0499999999999998,0.23999999999999999,-60.171770569211958,59.560422652742197,30.374696279473199,35,18090,45
p000403,r0014,14,3.25,0.23999999999999999,-60.606995110130015,60.086575909911971,30.670118865101898,39,18135,45
p000404,r0002,30,2.4500000000000002,0.23999999999999999,-60.130386469586497,59.704610626577974,31.394211323498503,37,18180,45
p000405,r0021,30,0.84999999999999998,0.76000000000000001,-59.492384329394042,59.747959590418418,-31.324701788639057,26,18225,45
p000406,r0011,21,1.25,0.23999999999999999,-60.022921467993918,60.247204797863127,30.932374494057438,27,18270,45
p000407,r0003,30,3.25,0.46999999999999997,-59.865697755484653,60.622962959156787,3.5432924232753136,40,18315,45
p000408,r0014,21,2.8500000000000001,0.76000000000000001,-60.119848295387278,60.212895273656962,-30.789989838816663,35,18360,45
p000409,r0021,21,4.0499999999999998,0.23999999999999999,-60.280530805875465,59.735674477931177,30.481785209817584,40,18405,45
p000410,r0008,30,3.6499999999999999,0.76000000000000001,-59.34159318680512,60.500932273856527,-30.129387076246328,39,18450,45
p000411,r0005,21,3.25,0.46999999999999997,-59.661248037386187,60.167559901080992,3.398020170001419,39,18495,45
p000412,r0022,30,4.0499999999999998,0.46999999999999997,-60.124627322563967,59.570550442735069,3.7638168930445248,40,18540,45
p000413,r0005,14,2.4500000000000002,0.46999999999999997,-60.368367289005867,59.839894058788595,2.8920112253252013,34,18585,45
p000414,r0012,21,1.25,0.76000000000000001,-59.017629391105132,59.436275380285892,-31.038692245971287,26,18630,45
p000415,r0021,30,4.0499999999999998,0.46999999999999997,-60.436844861878164,59.846438461509372,3.7632952995172362,40,18675,45
p000416,r0019,30,2.8500000000000001,0.23999999999999999,-59.54686552168333,60.040672600040736,31.789663450826961,39,18720,45
p000417,r0018,14,2.0499999999999998,0.23999999999999999,-64.487966116534466,62.434157425181866,31.522847775169947,34,18765,45
p000418,r0021,14,2.4500000000000002,0.23999999999999999,-60.193249545183406,59.910495481722961,31.535596675265435,36,18810,45
p000419,r0024,14,3.25,0.46999999999999997,-59.671284568481617,60.287448199165077,4.356843798371135,37,18855,45
p000420,r0004,21,3.25,0.23999999999999999,-68.524765081969406,62.919696352063788,31.823025607895818,40,18900,45
p000421,r0008,30,1.6499999999999999,0.23999999999999999,-59.586231579445538,59.647165350205896,30.581150087089554,30,18945,45
p000422,r0003,21,0.84999999999999998,0.76000000000000001,-59.742173494208885,59.714124246867478,-30.622662036350558,26,18990,45
p000423,r0006,30,3.6499999999999999,0.23999999999999999,-64.236989041415939,61.496886744035976,31.770756555527516,40,19035,45
p000424,r0013,9,3.25,0.23999999999999999,-59.651106143207429,59.694438395084795,31.501507705894664,38,19080,45
p000425,r0018,21,1.6499999999999999,0.46999999999999997,-60.039139857952605,59.571112193485547,3.8042937293096175,28,19125,45
p000426,r0004,21,1.6499999999999999,0.76000000000000001,-59.943026037399392,59.771261437252321,-30.761597043482983,27,19170,45
p000427,r0014,30,4.0499999999999998,0.23999999999999999,-59.517857538842662,60.382453573700175,31.156378906689895,40,19215,45
p000428,r0007,14,2.4500000000000002,0.46999999999999997,-60.166181552973377,60.989000395676911,3.5960648798112755,33,19260,45
p000429,r0012,9,2.8500000000000001,0.76000000000000001,-59.362860342388075,60.298346411482321,-30.194170721459184,33,19305,45
p000430,r0007,9,2.4500000000000002,0.76000000000000001,-61.714878174644397,66.119564202191654,-30.584612004203752,32,19350,45
p000431,r0010,14,1.6499999999999999,0.46999999999999997,-59.958483972512731,59.940681696919036,4.0380738322861065,30,19395,45
p000432,r0024,9,2.4500000000000002,0.23999999999999999,-59.921552904503812,59.924074984760495,30.711124291337061,35,19440,45
p000433,r0027,30,2.0499999999999998,0.46999999999999997,-59.954218563647906,60.079343618477488,3.2135693928785569,30,19485,45
p000434,r0025,9,3.25,0.76000000000000001,-60.827335820230644,62.753848555560488,-31.617851570040774,35,19530,45
p000435,r0026,21,4.0499999999999998,0.46999999999999997,-60.319802774510727,60.031472878726355,3.9163733217049286,40,19575,45
p000436,r0022,21,2.8500000000000001,0.76000000000000001,-59.822165065398991,60.360599004485067,-30.528301688626815,34,19620,45
p000437,r0022,9,4.0499999999999998,0.76000000000000001,-59.971045045831502,60.274467240153655,-31.562122097195068,38,19665,45
p000438,r0018,21,1.25,0.46999999999999997,-60.016169645955245,60.187886295621894,3.241980003080644,27,19710,45
p000439,r0003,14,0.84999999999999998,0.23999999999999999,-59.636734479243259,59.794976483297873,31.581365852288002,27,19755,45
p000440,r0024,14,4.0499999999999998,0.46999999999999997,-60.020732128694554,60.798400819285874,4.4634083337350789,39,19800,45
p000441,r0006,9,2.4500000000000002,0.76000000000000001,-65.882191519975152,78.761431733090234,-30.717721939239457,32,19845,45
p000442,r0024,9,3.25,0.46999999999999997,-59.625304225142493,60.105650423568669,4.2821017386744247,37,19890,45
p000443,r0014,14,1.6499999999999999,0.76000000000000001,-59.636175944551304,59.658166545107569,-31.455533747033176,28,19935,45
p000444,r0014,21,3.6499999999999999,0.46999999999999997,-59.293486223608525,60.410141612993897,3.6994365297907619,40,19980,45
p000445,r0016,30,2.4500000000000002,0.46999999999999997,-59.804927445241432,59.883467854198045,4.0799220634614928,34,20025,45
p000446,r0007,30,3.6499999999999999,0.46999999999999997,-59.876383018243736,60.339349399834866,4.2879551633379238,40,20070,45
p000447,r0020,9,1.25,0.76000000000000001,-59.688312787077457,60.508446537138965,-31.291090549265515,27,20115,45
p000448,r0019,21,3.25,0.23999999999999999,-60.182177438674557,60.08255625273231,31.669020166794663,40,20160,45
p000449,r0023,30,0.84999999999999998,0.23999999999999999,-59.864019809174721,59.554803664961014,30.444286031168438,26,20205,45
p000450,r0005,9,1.6499999999999999,0.23999999999999999,-59.659126016318751,60.590070733749464,31.280263513733093,32,20250,45
p000451,r0011,9,0.84999999999999998,0.23999999999999999,-60.382450984565303,59.286838306851799,30.116208876911696,29,20295,45
p000452,r0014,30,3.6499999999999999,0.76000000000000001,-64.264606369834965,74.393248645597922,-31.436721166131075,39,20340,45
p000453,r0017,9,4.0499999999999998,0.76000000000000001,-59.770647982011283,59.392544943944529,-30.721481679781892,38,20385,45
p000454,r0019,30,0.84999999999999998,0.23999999999999999,-59.909958117832751,59.392742058513221,31.210094016190187,26,20430,45
p000455,r0014,14,1.25,0.23999999999999999,-59.635653665504108,59.831878871120381,30.709671062330504,29,20475,45
p000456,r0003,9,2.4500000000000002,0.46999999999999997,-60.216279657202904,60.172327934478886,4.0396823663884449,33,20520,45
p000457,r0000,21,2.4500000000000002,0.46999999999999997,-60.573858762894027,60.259853715623862,3.0180088507204514,34,20565,45
p000458,r0019,21,4.0499999999999998,0.23999999999999999,-59.728030410975833,59.958428870252305,31.683678642757553,40,20610,45
p000459,r0026,21,1.6499999999999999,0.76000000000000001,-60.423609470932135,60.067945167794129,-31.955636357637832,27,20655,45
p000460,r0012,30,1.25,0.23999999999999999,-59.991822692497855,60.19709219657549,31.801752623197888,27,20700,45
p000461,r0019,21,1.25,0.23999999999999999,-59.480196622261857,59.750392212388256,30.68505089207223,27,20745,45
p000462,r0004,30,1.6499999999999999,0.76000000000000001,-62.101769827069667,66.419403778923581,-31.706688161631288,26,20790,45
p000463,r0010,30,1.25,0.46999999999999997,-60.671157727237002,60.104896409045715,3.7901509649928444,26,20835,45
p000464,r0012,21,2.8500000000000001,0.76000000000000001,-60.661133322772926,60.370931926675297,-32.063437662905358,35,20880,45
p000465,r0014,30,2.0499999999999998,0.46999999999999997,-59.930791169038208,60.01025509910027,3.1879633530751859,30,20925,45
p000466,r0004,9,3.6499999999999999,0.76000000000000001,-60.47019101271367,59.678094717381192,-31.184602437490906,37,20970,45
p000467,r0016,14,0.84999999999999998,0.76000000000000001,-59.512497998818439,60.286833750728377,-31.210658378927203,26,21015,45
p000468,r0014,9,0.84999999999999998,0.46999999999999997,-60.0387672430737,59.657013858232155,2.9499967406184053,28,21060,45
p000469,r0002,9,3.6499999999999999,0.23999999999999999,-61.005358053648273,60.003581235250408,30.511435805914726,39,21105,45
p000470,r0012,14,1.25,0.23999999999999999,-59.891945181850573,60.25853264137929,31.872417963804121,29,21150,45
p000471,r0008,21,1.25,0.76000000000000001,-59.773139759442614,60.158187784533425,-30.539621148888362,26,21195,45
p000472,r0011,14,3.6499999999999999,0.46999999999999997,-60.613969039057281,59.621045255584889,3.5605885371030697,39,21240,45
p000473,r0004,30,4.0499999999999998,0.23999999999999999,-60.950240467325131,60.511356144624351,30.910572957756475,40,21285,45
p000474,r0019,9,4.0499999999999998,0.46999999999999997,-59.914708155986759,60.118491075245913,3.2528874365665628,39,21330,45
p000475,r0001,14,1.25,0.23999999999999999,-59.997316943757539,60.634985610656315,32.133232997596991,29,21375,45
p000476,r0024,9,3.6499999999999999,0.76000000000000001,-60.093972949603881,59.620062466890225,-31.812604449645296,36,21420,45
p000477,r0007,14,2.0499999999999998,0.76000000000000001,-60.445192032684773,60.366045940148076,-31.900494919204892,29,21465,45
p000478,r0019,21,3.6499999999999999,0.76000000000000001,-60.748501163941789,60.009333608474634,-32.21662081856185,38,21510,45
p000479,r0002,21,0.84999999999999998,0.76000000000000001,-60.264752047930344,59.837943837304522,-30.990105035473977,26,21555,45
p000480,r0018,14,2.0499999999999998,0.46999999999999997,-60.213440232779639,59.769635552823807,3.8275899335901942,32,21600,45
p000481,r0002,14,2.0499999999999998,0.46999999999999997,-60.387241210144467,59.654901684133932,2.7850945238230862,31,21645,45
p000482,r0010,14,2.4500000000000002,0.76000000000000001,-59.607460516665682,60.111344754859388,-31.324947251499662,32,21690,45
p000483,r0013,14,3.25,0.76000000000000001,-59.833350420538373,60.493407771592238,-31.404928454427026,35,21735,45
p000484,r0003,14,0.84999999999999998,0.76000000000000001,-59.90013542583241,60.457709875391664,-30.564252553538633,27,21780,45
p000485,r0021,21,2.8500000000000001,0.23999999999999999,-59.96481337350329,60.031195557185555,30.782153413820232,39,21825,45
p000486,r0023,21,3.6499999999999999,0.23999999999999999,-60.261441205419914,59.902725371631334,30.613325393139036,40,21870,45
p000487,r0004,14,2.8500000000000001,0.76000000000000001,-60.001177442053198,60.115468380937479,-30.723182444535436,34,21915,45
p000488,r0013,30,0.84999999999999998,0.23999999999999999,-59.679888061737074,59.380993882437529,30.356382215835623,26,21960,45
p000489,r0020,30,1.6499999999999999,0.46999999999999997,-60.028128249388381,59.931222411094645,3.1003276006676286,27,22005,45
p000490,r0010,9,2.0499999999999998,0.46999999999999997,-59.680103842394182,60.16259890805113,3.3865286153418337,31,22050,45
p000491,r0022,14,3.6499999999999999,0.46999999999999997,-59.986118772118957,60.000283196148587,3.156674271062843,38,22095,45
p000492,r0001,14,2.8500000000000001,0.46999999999999997,-60.464012287072983,59.998067317591286,3.83088990339908,35,22140,45
p000493,r0020,9,2.4500000000000002,0.76000000000000001,-62.92948008702534,70.274039972064742,-30.510635272843718,32,22185,45
p000494,r0026,14,3.25,0.46999999999999997,-59.666953329837703,60.136705557305454,4.2789858803481708,38,22230,45
p000495,r0009,9,4.0499999999999998,0.23999999999999999,-59.832776061493021,60.0690535878229,30.842614471987083,39,22275,45
p000496,r0020,21,2.0499999999999998,0.46999999999999997,-60.344377359284344,60.047544101743604,3.0133410150604716,31,22320,45
p000497,r0029,9,3.25,0.76000000000000001,-59.764064695032957,60.233849151142856,-30.514565371950763,35,22365,45
p000498,r0012,21,2.0499999999999998,0.76000000000000001,-59.843141710044122,59.981581231172377,-30.635208204152161,29,22410,45
p000499,r0008,14,2.4500000000000002,0.23999999999999999,-60.472959496686713,59.926202139778297,30.580403347026696,37,22455,45
p000500,r0017,30,3.25,0.76000000000000001,-59.70424389981082,59.65061350305573,-30.609078123122838,38,22500,45
p000501,r0008,9,3.6499999999999999,0.46999999999999997,-59.880389684876675,59.718625922694486,3.9570885871360462,38,22545,45
p000502,r0003,21,4.0499999999999998,0.23999999999999999,-59.586600650051807,59.319816130439129,30.332276103121309,40,22590,45
p000503,r0018,21,2.4500000000000002,0.23999999999999999,-60.911205341951586,59.861817148664123,31.326291750916351,38,22635,45
p000504,r0013,9,0.84999999999999998,0.76000000000000001,-60.324705065276738,60.126685847029819,-31.866371246323165,27,22680,45
p000505,r0007,30,3.25,0.23999999999999999,-65.523501377761718,62.111078052601449,31.928778989314289,40,22725,45
p000506,r0023,9,1.25,0.46999999999999997,-59.460760310465766,60.139537738920062,3.4773976557087236,29,22770,45
p000507,r0028,14,3.6499999999999999,0.23999999999999999,-60.387166238953704,59.585115866187991,31.241768160953985,40,22815,45
p000508,r0002,30,4.0499999999999998,0.23999999999999999,-60.03084331779138,59.753664132974478,30.555382344790672,40,22860,45
p000509,r0016,9,3.25,0.46999999999999997,-59.710875565079569,59.706586223971549,4.0303791831175291,37,22905,45
p000510,r0015,21,1.25,0.23999999999999999,-60.084633899674834,60.580452734959465,32.070831942647239,28,22950,45
p000511,r0007,30,1.25,0.76000000000000001,-60.25640532618381,60.03554670476391,-31.836336838756356,26,22995,45
p000512,r0017,9,1.6499999999999999,0.76000000000000001,-59.779552675440115,59.670361313290343,-31.561573318144806,29,23040,45
p000513,r0003,14,1.25,0.46999999999999997,-60.005723416847289,59.952903049144354,4.0223486101282875,27,23085,45
p000514,r0002,9,3.25,0.23999999999999999,-60.394319402446897,59.988015177910135,31.546254878624449,38,23130,45
p000515,r0017,9,1.25,0.76000000000000001,-59.347768239241269,59.537592436463569,-30.365281677072108,29,23175,45
p000516,r0020,21,3.6499999999999999,0.76000000000000001,-60.119054980975143,60.15725481935371,-30.80274062889622,39,23220,45
p000517,r0002,21,1.6499999999999999,0.76000000000000001,-59.33936781981528,60.234048745398738,-31.091747844163915,27,23265,45
p000518,r0011,21,4.0499999999999998,0.23999999999999999,-59.977319184936562,60.492667477019864,31.129870678150326,40,23310,45
p000519,r0001,30,3.25,0.23999999999999999,-59.960283413561498,60.300279796158009,31.887744625825327,40,23355,45
p000520,r0003,14,0.84999999999999998,0.46999999999999997,-60.120073056091321,59.995182420923236,3.091012346726397,27,23400,45
p000521,r0009,9,4.0499999999999998,0.46999999999999997,-59.927394814912148,59.471780278421477,3.8041679845546783,39,23445,45
p000522,r0011,9,2.0499999999999998,0.76000000000000001,-60.073564274340939,59.881001719998892,-30.834468435699382,31,23490,45
p000523,r0017,9,4.0499999999999998,0.46999999999999997,-60.458111049616015,59.781979950716327,2.8191371805601291,38,23535,45
p000524,r0012,21,2.0499999999999998,0.46999999999999997,-59.474633384943743,60.344285903501557,3.5793938379322681,31,23580,45
p000525,r0025,30,1.25,0.23999999999999999,-59.832702448866939,60.129091235422216,31.788260751192819,27,23625,45
p000526,r0011,14,2.4500000000000002,0.76000000000000001,-59.449435773062561,59.470951978906278,-31.35854271259004,31,23670,45
p000527,r0006,30,3.6499999999999999,0.46999999999999997,-60.106192938773113,59.878769488445506,3.0358371476527592,40,23715,45
p000528,r0018,14,4.0499999999999998,0.46999999999999997,-60.643502052812593,60.414680109303596,3.9673344931089902,39,23760,45
p000529,r0010,21,2.0499999999999998,0.46999999999999997,-60.547562548249857,59.878715874395212,3.7283650157520301,30,23805,45
p000530,r0022,21,4.0499999999999998,0.76000000000000001,-60.826634512855023,60.484448856458826,-32.1619745042197,39,23850,45
p000531,r0013,21,2.0499999999999998,0.76000000000000001,-59.666003612947961,59.991038663195653,-31.398313466673496,29,23895,45
p000532,r0000,9,1.25,0.76000000000000001,-59.947465427225765,60.288269189219129,-31.54088911927899,28,23940,45
p000533,r0006,30,4.0499999999999998,0.76000000000000001,-59.885796497029602,60.243341016220377,-31.504803493849611,40,23985,45
p000534,r0021,9,3.25,0.46999999999999997,-59.835368969341417,59.883000176076749,3.1653666777302147,37,24030,45
p000535,r0019,9,1.6499999999999999,0.46999999999999997,-59.864554896268686,59.784101792492834,3.9992331487749242,30,24075,45
p000536,r0018,9,1.25,0.46999999999999997,-59.739802817405952,60.200537940188404,3.3785777841190621,29,24120,45
p000537,r0013,9,2.8500000000000001,0.23999999999999999,-60.107818834812889,60.145248148769433,31.734512072709673,36,24165,45
p000538,r0012,21,3.25,0.46999999999999997,-59.876666305687976,60.006222825977773,4.1112649340948737,39,24210,45
p000539,r0020,14,2.8500000000000001,0.76000000000000001,-59.605666549438801,59.902671184986239,-30.473665493176792,34,24255,45
p000540,r0002,21,1.25,0.46999999999999997,-60.139927987888939,60.140484933944123,3.1586908606825856,27,24300,45
p000541,r0010,9,2.8500000000000001,0.23999999999999999,-71.933126489197235,63.978231374355545,30.90950548710288,37,24345,45
p000542,r0004,14,3.6499999999999999,0.76000000000000001,-59.945924231344165,60.238558335292112,-31.551648415351462,37,24390,45
p000543,r0019,30,4.0499999999999998,0.76000000000000001,-62.551106518694112,67.804353372990462,-30.815796144689816,40,24435,45
p000544,r0025,14,3.25,0.46999999999999997,-60.302015505374072,60.008138984258409,3.0123663741311431,38,24480,45
p000545,r0025,9,0.84999999999999998,0.23999999999999999,-59.367175178426429,59.764051269084504,31.622556921681884,29,24525,45
p000546,r0017,14,2.8500000000000001,0.23999999999999999,-60.143535092853604,59.830849208681734,30.586996976313255,38,24570,45
p000547,r0017,30,4.0499999999999998,0.23999999999999999,-59.901290620059775,60.119239181484758,30.864312029114071,40,24615,45
p000548,r0005,14,1.25,0.46999999999999997,-60.540922600361469,60.325674078436769,3.0683736394016021,28,24660,45
p000549,r0001,14,4.0499999999999998,0.76000000000000001,-68.892387679495357,87.930542660774847,-31.704884397830508,38,24705,45
p000550,r0018,9,0.84999999999999998,0.23999999999999999,-59.817018937623992,60.068007495236699,31.745601151350137,29,24750,45
p000551,r0011,14,2.0499999999999998,0.46999999999999997,-59.982170956798853,59.820757503408174,3.0633811271108753,32,24795,45
p000552,r0007,14,3.25,0.23999999999999999,-59.561835532958106,60.136004382405552,31.858522802718273,39,24840,45
p000553,r0006,21,0.84999999999999998,0.23999999999999999,-60.259861351842055,60.251357170799807,31.778664725365761,26,24885,45
p000554,r0021,21,3.6499999999999999,0.46999999999999997,-60.256554748091389,60.071182235971492,3.9671458534619406,40,24930,45
p000555,r0005,21,0.84999999999999998,0.46999999999999997,-60.132595650333784,60.186680890588306,3.1866209163549284,26,24975,45
p000556,r0023,21,4.0499999999999998,0.23999999999999999,-59.885530666188039,59.84197338748406,30.657372414602758,40,25020,45
p000557,r0022,9,1.6499999999999999,0.76000000000000001,-60.063346306983718,60.7467485110189,-30.618923550663094,30,25065,45
p000558,r0000,21,3.25,0.23999999999999999,-75.737010308608021,65.113406389856252,30.859306382224826,40,25110,45
p000559,r0019,14,1.25,0.76000000000000001,-60.195330500447341,61.682697000641205,-31.394603900186102,27,25155,45
p000560,r0015,30,4.0499999999999998,0.76000000000000001,-69.441055852100405,89.935543640769495,-31.640671973811632,40,25200,45
p000561,r0009,9,2.0499999999999998,0.46999999999999997,-59.69363310502527,60.244181633099259,4.3234087061807331,31,25245,45
p000562,r0014,30,1.6499999999999999,0.46999999999999997,-59.717274347228873,59.951385600758364,3.2571154252043639,27,25290,45
p000563,r0002,9,0.84999999999999998,0.46999999999999997,-59.559586337654189,59.878498921878538,3.292598849898158,28,25335,45
p000564,r0018,14,3.25,0.23999999999999999,-60.485270315146373,59.547904878215974,30.289942831809011,39,25380,45
p000565,r0016,14,1.6499999999999999,0.46999999999999997,-60.075054677072451,60.421972785294393,4.2383698779819783,29,25425,45
p000566,r0002,9,3.25,0.46999999999999997,-59.897378556676593,59.788862601729498,3.986329257278638,36,25470,45
p000567,r0013,30,2.4500000000000002,0.46999999999999997,-60.136509600880615,60.273927240394329,3.2310219249951073,34,25515,45
p000568,r0021,9,1.6499999999999999,0.46999999999999997,-60.091481669738627,59.73687752502714,3.8675487034872349,31,25560,45
p000569,r0004,21,0.84999999999999998,0.46999999999999997,-60.003750702073383,60.560934652674057,3.4455325359427631,26,25605,45
p000570,r0011,30,1.25,0.46999999999999997,-59.85473429100275,59.860774571210662,3.14448540597036,26,25650,45
p000571,r0001,21,2.4500000000000002,0.46999999999999997,-59.959070842031913,59.939217931424558,4.0370222079000202,34,25695,45
p000572,r0025,30,1.25,0.46999999999999997,-59.795996501596832,60.214288673057126,4.2594546409697687,26,25740,45
p000573,r0008,9,3.6499999999999999,0.23999999999999999,-69.884299608465739,63.579846378098402,31.09845134132301,39,25785,45
p000574,r0016,30,2.0499999999999998,0.23999999999999999,-59.67315250325327,59.703042260869097,31.502755517479727,34,25830,45
p000575,r0014,9,2.0499999999999998,0.76000000000000001,-60.25301034244039,59.998834383235177,-30.942567608278257,30,25875,45
p000576,r0010,9,1.6499999999999999,0.23999999999999999,-60.409326057532155,59.757333317846452,31.36733506775559,32,25920,45
p000577,r0011,14,1.6499999999999999,0.23999999999999999,-60.064457852856222,60.78628521857685,31.332106881432914,31,25965,45
p000578,r0020,21,4.0499999999999998,0.76000000000000001,-60.994298032802476,60.336883019650109,-31.424814580213859,39,26010,45
p000579,r0017,14,2.4500000000000002,0.23999999999999999,-59.563013217340071,59.893332925233366,30.773809851015741,37,26055,45
p000580,r0010,9,1.25,0.46999999999999997,-60.483000352580326,59.858975159360973,2.8482466687485681,28,26100,45
p000581,r0026,14,1.25,0.46999999999999997,-60.399760225054834,60.145313671210758,3.0391289399659298,29,26145,45
p000582,r0016,9,1.6499999999999999,0.76000000000000001,-59.734875830665928,59.012878753556748,-31.685414730452489,28,26190,45
p000583,r0005,30,1.6499999999999999,0.76000000000000001,-60.526288267276371,60.209869134220718,-31.099610490917069,27,26235,45
p000584,r0025,9,2.4500000000000002,0.76000000000000001,-60.435378738073872,60.325219829961149,-31.902835081745469,32,26280,45
p000585,r0003,21,1.25,0.76000000000000001,-60.105601003218055,60.141961809545073,-31.696185928154907,26,26325,45
p000586,r0005,30,2.8500000000000001,0.76000000000000001,-60.234736213905549,60.004418501820943,-30.927339082131194,35,26370,45
p000587,r0017,30,1.6499999999999999,0.46999999999999997,-60.40383057675254,59.601301240813584,2.7488892865575094,27,26415,45
p000588,r0008,30,4.0499999999999998,0.46999999999999997,-60.05807802247719,60.395391764982534,3.3322609648764638,40,26460,45
p000589,r0018,9,4.0499999999999998,0.23999999999999999,-60.216270170067716,59.925128897143054,30.641193121012471,39,26505,45
p000590,r0004,14,4.0499999999999998,0.46999999999999997,-60.259625989620766,60.296181636142556,3.1849520520337959,39,26550,45
p000591,r0008,21,2.0499999999999998,0.76000000000000001,-60.787715872777525,63.166454225973609,-31.488715049077253,28,26595,45
p000592,r0019,21,2.4500000000000002,0.76000000000000001,-59.89905236440822,60.08281601935257,-30.653403952305634,31,26640,45
p000593,r0016,21,1.25,0.76000000000000001,-59.672006167483545,60.171918701089623,-31.359464199025989,27,26685,45
p000594,r0005,14,2.0499999999999998,0.23999999999999999,-59.689235853615969,60.506093179985321,31.209214211921012,33,26730,45
p000595,r0013,21,4.0499999999999998,0.23999999999999999,-60.003448262522824,60.186379645372917,31.79082094747794,40,26775,45
p000596,r0012,21,3.25,0.23999999999999999,-60.331879480045906,60.154077709885364,30.78744798430186,40,26820,45
p000597,r0020,9,2.8500000000000001,0.46999999999999997,-60.158913522789994,59.936571295893437,3.0416934311122246,35,26865,45
p000598,r0018,30,3.6499999999999999,0.23999999999999999,-92.058091492689044,70.470856647786974,31.913909094072732,40,26910,45
p000599,r0019,30,1.25,0.23999999999999999,-60.100607381265675,60.354540919979087,30.995305327680345,27,26955,45
p000600,r0009,21,4.0499999999999998,0.76000000000000001,-61.640070190635299,64.937277767065979,-31.711506680786993,40,27000,45
p000601,r0011,21,0.84999999999999998,0.76000000000000001,-60.145551494934779,60.34035769707171,-30.778933288853228,26,27045,45
p000602,r0015,21,2.4500000000000002,0.46999999999999997,-59.964002640689472,60.157910812986955,4.1506114897590409,33,27090,45
p000603,r0021,30,3.25,0.76000000000000001,-59.943435264730823,59.955483891336044,-31.617694667274773,38,27135,45
p000604,r0004,14,4.0499999999999998,0.23999999999999999,-78.347675993068634,65.299783528755057,30.374393243517371,40,27180,45
p000605,r0005,30,4.0499999999999998,0.46999999999999997,-60.391662511569272,60.278513119081317,4.0135305726755464,40,27225,45
p000606,r0017,9,3.6499999999999999,0.46999999999999997,-60.103436948127879,60.277697411213794,4.1485642623232097,37,27270,45
p000607,r0016,21,2.0499999999999998,0.76000000000000001,-59.639905132331364,60.064483511323317,-30.460851857854241,28,27315,45
p000608,r0017,21,2.8500000000000001,0.46999999999999997,-60.206902247943241,60.079226273351857,3.9947458683431636,37,27360,45
p000609,r0021,14,1.25,0.76000000000000001,-59.121845741827741,59.735610658859692,-31.046056205662754,28,27405,45
p000610,r0010,9,3.6499999999999999,0.46999999999999997,-60.514131677495349,60.342166216400493,3.9897062062694504,38,27450,45
p000611,r0002,9,2.4500000000000002,0.76000000000000001,-67.999191309083244,85.545529568814487,-30.698458298387795,32,27495,45
p000612,r0012,14,1.6499999999999999,0.23999999999999999,-59.244116143457731,60.230739508434894,31.106774151980666,32,27540,45
p000613,r0024,21,3.25,0.23999999999999999,-60.105804305292409,60.118279800568537,31.714499615161909,40,27585,45
p000614,r0013,14,1.25,0.46999999999999997,-59.841463824923011,59.938569402660335,3.1919537856961666,28,27630,45
p000615,r0017,21,4.0499999999999998,0.46999999999999997,-59.701537191746034,60.158222886382738,4.2741356496622176,40,27675,45
p000616,r0025,9,1.6499999999999999,0.76000000000000001,-60.687580602135526,60.061401895274173,-31.257824802757202,29,27720,45
p000617,r0018,14,2.4500000000000002,0.23999999999999999,-59.580646827005964,59.741757341392471,30.65438034097685,37,27765,45
p000618,r0002,21,2.4500000000000002,0.23999999999999999,-59.978308102928366,60.131540972398426,30.855177194319996,37,27810,45
p000619,r0009,30,2.4500000000000002,0.23999999999999999,-79.980633979311449,66.52933612458672,30.916943299651155,38,27855,45
p000620,r0003,9,2.0499999999999998,0.76000000000000001,-60.428521897476379,59.872656987022353,-32.006238965196687,30,27900,45
p000621,r0018,30,2.8500000000000001,0.46999999999999997,-59.571692588880474,60.216061219103601,4.3658169293510882,38,27945,45
p000622,r0015,14,2.0499999999999998,0.46999999999999997,-60.523219049946263,60.139964520302371,2.9782682422855187,32,27990,45
p000623,r0011,30,2.4500000000000002,0.46999999999999997,-59.846042840570824,59.893889476195504,3.1661212873153302,33,28035,45
p000624,r0005,30,2.4500000000000002,0.23999999999999999,-60.023558848331092,60.634675299128482,31.226699103738184,38,28080,45
p000625,r0019,30,2.8500000000000001,0.46999999999999997,-60.030994535956772,59.982712740169013,3.1262703203898949,38,28125,45
p000626,r0026,9,2.8500000000000001,0.76000000000000001,-60.301826347112566,59.76491541107584,-31.935808325147352,33,28170,45
p000627,r0019,30,0.84999999999999998,0.46999999999999997,-60.2413046608931,60.049766831872212,3.0629632302725183,26,28215,45
p000628,r0008,14,2.4500000000000002,0.76000000000000001,-60.69955694106585,59.944070060377335,-32.195086460719487,32,28260,45
p000629,r0015,30,2.4500000000000002,0.23999999999999999,-59.540041823552812,60.113106165030011,30.946350647770139,39,28305,45
p000630,r0017,21,2.0499999999999998,0.23999999999999999,-59.55989737805303,59.701704075583983,31.528919726711099,32,28350,45
p000631,r0013,30,1.25,0.76000000000000001,-60.51123534912044,59.671700448472023,-32.117330757698255,26,28395,45
p000632,r0012,9,2.0499999999999998,0.46999999999999997,-60.62403554758577,60.132772286257151,3.8270726043509855,31,28440,45
p000633,r0018,30,3.6499999999999999,0.76000000000000001,-59.998594053139755,59.913468622998643,-31.669699010866541,39,28485,45
p000634,r0011,21,2.4500000000000002,0.23999999999999999,-59.504089755306211,59.952567862635114,30.8329700343292,37,28530,45
p000635,r0022,21,3.25,0.46999999999999997,-60.187374496270834,59.604264025651972,2.8521939203482587,38,28575,45
p000636,r0015,30,1.6499999999999999,0.23999999999999999,-60.827815905328492,60.047417606008395,30.587361563287544,29,28620,45
p000637,r0019,9,4.0499999999999998,0.76000000000000001,-60.262062820546561,60.294671721372197,-30.878446530486062,37,28665,45
p000638,r0006,9,0.84999999999999998,0.46999999999999997,-60.318772315066724,60.379790434158679,4.1014659420227462,28,28710,45
p000639,r0017,21,4.0499999999999998,0.23999999999999999,-59.877670282399514,59.797358467111685,31.525351567228999,40,28755,45
p000640,r0003,30,3.25,0.23999999999999999,-59.726868808842397,60.100361744802633,31.791826411927829,40,28800,45
p000641,r0000,14,4.0499999999999998,0.46999999999999997,-60.157076537757405,59.901427876463799,3.9239308017798367,39,28845,45
p000642,r0003,9,1.25,0.76000000000000001,-60.150169436364081,60.24625920697904,-31.70502656196172,28,28890,45
p000643,r0006,14,3.25,0.23999999999999999,-59.96566662899896,60.382158212106802,31.94868025024142,39,28935,45
p000644,r0005,14,0.84999999999999998,0.23999999999999999,-69.483529001063218,63.10069960349891,31.730484738403998,28,28980,45
p000645,r0014,14,1.6499999999999999,0.46999999999999997,-60.277526938865179,59.812383166846132,2.9201254171618158,29,29025,45
p000646,r0016,30,3.6499999999999999,0.76000000000000001,-59.927220168869354,60.070468495410388,-30.677774889442215,39,29070,45
p000647,r0004,9,1.6499999999999999,0.46999999999999997,-59.870952888135072,59.507706923043891,3.8497368117897794,31,29115,45
p000648,r0025,30,4.0499999999999998,0.46999999999999997,-60.022559753622382,60.016667312284305,4.0482305913081662,40,29160,45
p000649,r0023,9,1.6499999999999999,0.23999999999999999,-59.284196574389725,59.90154016815864,31.746963349947034,32,29205,45
p000650,r0012,14,4.0499999999999998,0.46999999999999997,-60.526182048694047,60.071226188849188,2.9404443172038723,39,29250,45
p000651,r0022,14,2.8500000000000001,0.46999999999999997,-60.401838919659788,60.434894957181008,4.0916300350658377,36,29295,45
p000652,r0025,30,2.0499999999999998,0.46999999999999997,-59.819300979512931,60.464810404797873,4.3812780541717986,29,29340,45
p000653,r0026,21,2.0499999999999998,0.46999999999999997,-60.300677489171385,59.947382463617892,2.9807942858069323,30,29385,45
p000654,r0018,14,1.25,0.46999999999999997,-59.599087926605563,59.609682195489455,3.1315602381047993,28,29430,45
p000655,r0028,9,1.6499999999999999,0.23999999999999999,-63.511871810609563,61.694276625597162,31.194801000907553,30,29475,45
p000656,r0003,9,0.84999999999999998,0.23999999999999999,-59.624352861959103,60.084983194990507,30.904742541322602,28,29520,45
p000657,r0010,14,1.25,0.76000000000000001,-60.019443899564209,58.954241217670095,-31.915759471427979,27,29565,45
p000658,r0019,9,3.25,0.23999999999999999,-60.351965834693516,60.299841485368091,30.893407728553306,38,29610,45
p000659,r0008,21,2.0499999999999998,0.23999999999999999,-59.875201000911929,59.7586971483518,30.596561592528506,34,29655,45
p000660,r0004,9,2.0499999999999998,0.46999999999999997,-60.245643457725002,60.447724204274628,3.2718414031348031,31,29700,45
p000661,r0023,14,3.25,0.23999999999999999,-59.850669226728499,59.352725225107932,30.293910556667189,39,29745,45
p000662,r0006,21,0.84999999999999998,0.46999999999999997,-60.179018534692872,60.174715484918821,3.1584604957013296,26,29790,45
p000663,r0013,14,3.6499999999999999,0.23999999999999999,-81.169257458602303,66.118541613878691,31.219469836483253,40,29835,45
p000664,r0000,9,1.6499999999999999,0.76000000000000001,-59.738097921230164,59.720189298725309,-30.618108988440863,29,29880,45
p000665,r0006,14,1.6499999999999999,0.46999999999999997,-59.770614642276428,59.658085865903985,3.0765966270591916,29,29925,45
p000666,r0022,14,2.4500000000000002,0.46999999999999997,-60.640932577138734,60.450531103833733,3.0875431737766759,35,29970,45
p000667,r0001,14,2.4500000000000002,0.46999999999999997,-60.165701484197413,59.970024584252499,3.0562333320810451,34,30015,45
p000668,r0004,21,2.4500000000000002,0.46999999999999997,-59.967403220634168,59.722451794525341,3.9182199374003774,34,30060,45
p000669,r0015,9,2.4500000000000002,0.23999999999999999,-60.012945160710174,59.69814257417697,31.417481517804056,37,30105,45
p000670,r0007,30,0.84999999999999998,0.76000000000000001,-60.139949704659934,60.499263261048746,-30.736538592889854,26,30150,45
p000671,r0018,14,0.84999999999999998,0.46999999999999997,-59.856771984753273,60.461027873909863,3.4616619403381916,27,30195,45
p000672,r0020,30,2.4500000000000002,0.76000000000000001,-59.860334464475059,60.501017535947355,-31.42360998437368,31,30240,45
p000673,r0014,14,1.25,0.76000000000000001,-69.289995006605693,88.503223947346441,-30.969622457657184,27,30285,45
p000674,r0010,21,4.0499999999999998,0.23999999999999999,-59.811805360288162,59.582889575490846,30.478162790903887,40,30330,45
p000675,r0012,30,4.0499999999999998,0.76000000000000001,-60.148167686320264,59.688343137645511,-30.937405088568479,40,30375,45
p000676,r0010,14,3.6499999999999999,0.46999999999999997,-60.525704649672925,59.881376272865928,2.8400482392726714,38,30420,45
p000677,r0027,14,4.0499999999999998,0.76000000000000001,-60.2945999906987,59.61330709986165,-31.966702288964218,39,30465,45
p000678,r0008,21,1.25,0.46999999999999997,-59.740071754807836,60.068221067847055,4.2083234411992594,27,30510,45
p000679,r0000,21,0.84999999999999998,0.76000000000000001,-63.299475824197557,71.116868144114463,-30.589553271802675,26,30555,45
p000680,r0008,21,3.6499999999999999,0.46999999999999997,-60.233654825781549,59.739758308078386,2.9022541351642159,40,30600,45
p000681,r0003,9,2.4500000000000002,0.76000000000000001,-59.1705851670256,59.707830343527405,-31.08976544449288,33,30645,45
p000682,r0003,30,4.0499999999999998,0.23999999999999999,-60.499648745864604,60.508049027309397,31.916201561747638,40,30690,45
p000683,r0027,30,1.6499999999999999,0.46999999999999997,-59.482258771207526,60.38705970269119,3.598480019958795,27,30735,45
p000684,r0017,9,2.0499999999999998,0.46999999999999997,-60.127785620173,59.778220944465289,2.9723978590852935,31,30780,45
p000685,r0029,14,2.4500000000000002,0.23999999999999999,-59.735069159846446,59.976333917455079,31.695597178902712,36,30825,45
p000686,r0013,9,3.6499999999999999,0.76000000000000001,-59.608969177560191,60.189647763409475,-31.307301111727472,37,30870,45
p000687,r0009,30,1.6499999999999999,0.46999999999999997,-60.90036474100247,59.73504113907223,3.4864003754371256,27,30915,45
p000688,r0010,14,1.6499999999999999,0.76000000000000001,-61.681634566261195,65.712049456670343,-31.557150400757632,28,30960,45
p000689,r0016,9,1.25,0.23999999999999999,-60.144957452467395,60.218425330216995,31.78121346237274,29,31005,45
p000690,r0000,21,3.25,0.46999999999999997,-59.78228604706127,59.922064561824691,4.111019775648292,39,31050,45
p000691,r0018,9,2.8500000000000001,0.23999999999999999,-60.055767616346181,60.156988224984751,31.755926823065327,37,31095,45
p000692,r0022,9,2.8500000000000001,0.46999999999999997,-60.28898584981404,59.950838211034394,2.988120902435635,36,31140,45
p000693,r0008,30,1.6499999999999999,0.76000000000000001,-59.707547728825823,60.33126066011107,-31.348233715480969,27,31185,45
p000694,r0020,14,0.84999999999999998,0.46999999999999997,-60.201257243852176,59.684959639668655,3.7884377044138704,27,31230,45
p000695,r0025,21,2.0499999999999998,0.46999999999999997,-59.543687794580762,59.716245409769471,4.1140768037248678,31,31275,45
p000696,r0023,30,2.4500000000000002,0.23999999999999999,-59.881706296667886,59.636431988465297,31.402078800033337,38,31320,45
p000697,r0010,30,1.6499999999999999,0.23999999999999999,-59.409179598926158,59.960997438175561,31.762154949271149,30,31365,45
p000698,r0004,21,2.8500000000000001,0.23999999999999999,-59.814837813566697,59.697973840402994,30.564899043450271,39,31410,45
p000699,r0011,30,2.0499999999999998,0.23999999999999999,-60.202072583097177,59.903681017892744,31.528300153655167,34,31455,45
p000700,r0011,14,2.8500000000000001,0.23999999999999999,-62.954925134501345,61.04997113940864,31.738796033670244,38,31500,45
p000701,r0012,9,1.25,0.23999999999999999,-59.882001062407255,59.275290891956956,30.227540822909546,30,31545,45
p000702,r0003,14,2.0499999999999998,0.76000000000000001,-61.223884074976084,62.431702732398385,-31.996543241206215,30,31590,45
p000703,r0016,14,1.6499999999999999,0.23999999999999999,-61.742668721851047,60.547736203265373,30.748039021237435,31,31635,45
p000704,r0011,14,1.25,0.76000000000000001,-60.148920452932003,60.271925703243518,-31.69791737544988,27,31680,45
p000705,r0008,21,4.0499999999999998,0.76000000000000001,-59.951375496811004,59.764250556498851,-31.66962524401664,39,31725,45
p000706,r0009,21,4.0499999999999998,0.23999999999999999,-59.842761684221252,59.627952886347963,31.404981389411351,40,31770,45
p000707,r0012,9,1.25,0.46999999999999997,-60.183417683145123,59.442861349059157,2.7685102039231451,29,31815,45
p000708,r0020,21,2.4500000000000002,0.76000000000000001,-62.098412204272734,68.229242557647382,-31.269775061411902,31,31860,45
p000709,r0000,9,3.25,0.23999999999999999,-60.44220535656828,60.363381260734002,30.920040472581455,38,31905,45
p000710,r0001,9,1.6499999999999999,0.23999999999999999,-60.347082595824993,60.312384532576274,31.804112421759967,32,31950,45
p000711,r0009,21,3.6499999999999999,0.23999999999999999,-60.421961416124347,60.221222221412518,30.816858148403671,40,31995,45
p000712,r0018,30,0.84999999999999998,0.76000000000000001,-60.002200883788149,60.181247648969766,-31.608173235926248,26,32040,45
p000713,r0000,14,3.6499999999999999,0.23999999999999999,-59.873558289743201,60.348433361278651,31.045155365033409,40,32085,45
p000714,r0011,14,2.4500000000000002,0.46999999999999997,-59.425098286727597,60.265177719555531,4.4607479966024615,34,32130,45
p000715,r0002,14,1.25,0.76000000000000001,-60.440695258792914,60.303617461118897,-31.01206020601408,27,32175,45
p000716,r0003,30,0.84999999999999998,0.23999999999999999,-59.846815150959479,60.171413905186334,30.917038931711343,26,32220,45
p000717,r0028,14,2.4500000000000002,0.76000000000000001,-60.432669384320405,60.147578203680816,-31.943409963200114,31,32265,45
p000718,r0001,14,1.6499999999999999,0.23999999999999999,-59.971853067967594,60.53931151639388,31.16663201614713,32,32310,45
p000719,r0013,9,3.25,0.46999999999999997,-60.183635991463866,60.122897879674561,4.0288269602395035,37,32355,45
p000720,r0000,30,1.6499999999999999,0.76000000000000001,-60.571001679589315,60.316970742713501,-32.007888298236644,26,32400,45
p000721,r0025,21,1.6499999999999999,0.23999999999999999,-60.095215809844611,59.85176163353605,31.514487047124693,30,32445,45
p000722,r0003,21,1.6499999999999999,0.76000000000000001,-59.558721956610533,60.034149764690312,-31.30643274349833,27,32490,45
p000723,r0000,9,3.6499999999999999,0.23999999999999999,-59.95917238527251,59.640918071959781,31.386896362224032,39,32535,45
p000724,r0015,30,1.6499999999999999,0.46999999999999997,-60.312429739005481,60.254711360104537,4.0381550435228322,27,32580,45
p000725,r0003,21,3.6499999999999999,0.46999999999999997,-60.616776083932862,59.989227413240187,3.7544057695688595,40,32625,45
p000726,r0003,14,2.4500000000000002,0.23999999999999999,-60.337146983442558,60.346041229216567,31.832076058178377,37,32670,45
p000727,r0015,30,2.4500000000000002,0.46999999999999997,-59.45725675901744,59.650557143999066,3.2198846095813094,33,32715,45
p000728,r0021,9,2.0499999999999998,0.76000000000000001,-59.827129882524524,59.395188732680829,-30.763773414875242,29,32760,45
p000729,r0002,21,1.25,0.23999999999999999,-60.039996041546488,59.769163384502107,30.564965122250445,28,32805,45
p000730,r0005,14,3.6499999999999999,0.76000000000000001,-60.213389558975251,60.387326941719714,-31.719217598808459,38,32850,45
p000731,r0011,21,0.84999999999999998,0.46999999999999997,-59.850584111873893,59.994082325482161,3.2170890999248156,26,32895,45
p000732,r0016,21,0.84999999999999998,0.76000000000000001,-59.769437418244891,60.463854727842971,-31.363447303183801,26,32940,45
p000733,r0005,30,0.84999999999999998,0.23999999999999999,-59.637032508361685,59.529466813087204,30.479506975939472,26,32985,45
p000734,r0004,30,2.4500000000000002,0.46999999999999997,-59.683546399879319,60.860258066333628,4.6546699672135476,34,33030,45
p000735,r0015,21,2.8500000000000001,0.23999999999999999,-60.256032367263863,60.475994800741006,31.050308280419841,39,33075,45
p000736,r0019,9,0.84999999999999998,0.23999999999999999,-59.395818386627539,59.307976552056672,31.269065766772464,28,33120,45
p000737,r0002,21,1.25,0.76000000000000001,-59.944016455834316,59.668956243780606,-31.686903007926734,26,33165,45
p000738,r0027,30,3.6499999999999999,0.23999999999999999,-60.127826145543892,60.024954694674292,30.73828729302193,40,33210,45
p000739,r0022,30,3.6499999999999999,0.23999999999999999,-85.996773204450392,67.963463045125081,31.463006345226969,40,33255,45
p000740,r0021,21,1.25,0.46999999999999997,-60.47453564390392,60.099252244280763,3.8795719368339663,27,33300,45
p000741,r0012,21,3.6499999999999999,0.46999999999999997,-60.242084116341033,59.944647397503644,3.90688358599665,40,33345,45
p000742,r0025,30,0.84999999999999998,0.23999999999999999,-59.879990773513384,59.936026001039778,30.730181975147019,26,33390,45
p000743,r0011,30,0.84999999999999998,0.46999999999999997,-59.769391413502547,60.492375426094213,3.5193450114837388,26,33435,45
p000744,r0007,30,3.25,0.76000000000000001,-64.272628872363896,72.317444454657306,-31.041011273878812,38,33480,45
p000745,r0014,14,0.84999999999999998,0.46999999999999997,-59.752212424938577,59.989836040501032,4.1610732617444173,26,33525,45
p000746,r0007,21,3.6499999999999999,0.76000000000000001,-60.026082198679205,59.877434392598069,-30.799238216772661,38,33570,45
p000747,r0012,14,4.0499999999999998,0.23999999999999999,-60.28062252282394,59.820439765860748,31.446184816576423,40,33615,45
p000748,r0017,9,0.84999999999999998,0.76000000000000001,-64.276047869423792,72.108681423776346,-31.993712839055757,27,33660,45
p000749,r0009,21,1.25,0.76000000000000001,-60.154724092931048,59.97131446265859,-30.874474839589535,26,33705,45
p000750,r0019,14,4.0499999999999998,0.76000000000000001,-60.299060935323347,60.068371009913399,-30.960877268466529,39,33750,45
p000751,r0011,9,0.84999999999999998,0.46999999999999997,-59.8591401965976,61.01358342218365,3.7534033213564681,27,33795,45
p000752,r0003,14,1.6499999999999999,0.46999999999999997,-59.594043338740889,60.142127819394915,4.3161273750710878,29,33840,45
p000753,r0001,21,4.0499999999999998,0.46999999999999997,-59.388983717676567,59.534190210004894,3.190298463994611,40,33885,45
p000754,r0017,30,1.25,0.23999999999999999,-60.205360925981701,59.300848848094049,31.069358502315868,27,33930,45
p000755,r0019,21,3.6499999999999999,0.23999999999999999,-59.796809237320232,59.578375649443451,31.378331276620166,40,33975,45
p000756,r0014,14,3.25,0.46999999999999997,-59.411263677588607,60.545295819413809,3.7157128558226757,38,34020,45
p000757,r0014,21,2.4500000000000002,0.46999999999999997,-60.341900195229954,60.10352500041742,3.0441751584631573,34,34065,45
p000758,r0008,14,1.6499999999999999,0.46999999999999997,-59.740094065708114,59.836865075612572,3.1856942791918526,30,34110,45
p000759,r0000,21,2.8500000000000001,0.46999999999999997,-59.317384223039902,60.873760333269324,3.9339223918039918,37,34155,45
p000760,r0002,14,2.0499999999999998,0.23999999999999999,-60.72403562342685,59.527985379255092,31.117500338611425,34,34200,45
p000761,r0022,14,2.4500000000000002,0.23999999999999999,-59.458375553880799,59.75540635511922,31.594098696959215,36,34245,45
p000762,r0024,30,2.4500000000000002,0.76000000000000001,-59.848687465989514,60.017773523135894,-30.630736828599421,32,34290,45
p000763,r0009,21,0.84999999999999998,0.76000000000000001,-59.872789604016852,59.768751773066157,-30.708819673516931,26,34335,45
p000764,r0010,9,2.8500000000000001,0.76000000000000001,-60.263244325592808,59.614763944422805,-31.942522340789065,32,34380,45
p000765,r0000,30,4.0499999999999998,0.46999999999999997,-59.943469863107104,60.352328242259297,3.3633031327370899,40,34425,45
p000766,r0025,21,1.25,0.46999999999999997,-59.840301855930527,59.9330993412269,4.0896007785629154,27,34470,45
p000767,r0012,30,2.0499999999999998,0.23999999999999999,-59.983938887938869,59.528964246647611,30.395867494346856,35,34515,45
p000768,r0013,21,1.25,0.76000000000000001,-59.63571919317635,60.663021959186445,-31.21402131660928,26,34560,45
p000769,r0016,14,1.25,0.23999999999999999,-80.063612169336551,66.711359846528495,31.035366562720885,29,34605,45
p000770,r0021,9,0.84999999999999998,0.76000000000000001,-60.201144725781973,60.099714374506206,-30.878938541712817,27,34650,45
p000771,r0018,21,2.0499999999999998,0.46999999999999997,-60.325650788653789,60.284942333643343,4.0479635661636921,31,34695,45
p000772,r0018,21,3.6499999999999999,0.46999999999999997,-59.81912786389757,59.274147606646714,2.8503081354909012,40,34740,45
p000773,r0016,9,1.6499999999999999,0.46999999999999997,-59.715223444057088,59.717950302371165,3.1343586415498903,31,34785,45
p000774,r0010,14,2.0499999999999998,0.23999999999999999,-62.489380586961516,61.119792818793002,31.003591201411918,34,34830,45
p000775,r0021,14,4.0499999999999998,0.23999999999999999,-59.803844584360419,60.467738169410822,32.052558308505724,40,34875,45
p000776,r0014,14,3.6499999999999999,0.76000000000000001,-59.762424841622888,60.001401343416617,-31.469106557213404,38,34920,45
p000777,r0015,30,3.6499999999999999,0.76000000000000001,-60.265192326247742,59.90296695940544,-31.874834097690982,39,34965,45
p000778,r0006,21,2.8500000000000001,0.23999999999999999,-63.602264012386662,61.176950742227547,30.77993920112014,39,35010,45
p000779,r0016,30,1.6499999999999999,0.46999999999999997,-59.517812266109388,60.430228283615946,4.5046492252450436,27,35055,45
p000780,r0016,21,3.25,0.23999999999999999,-60.239576489958139,59.903551595161773,30.619200854732995,40,35100,45
p000781,r0012,21,2.0499999999999998,0.23999999999999999,-60.002171624012433,60.227705049344124,31.82253464773855,33,35145,45
p000782,r0025,30,3.25,0.46999999999999997,-59.674980647373417,59.672650837731666,4.0292640397322801,39,35190,45
p000783,r0017,9,2.4500000000000002,0.46999999999999997,-60.540572362228204,59.564693864247886,3.5652187378041278,34,35235,45
p000784,r0015,30,2.0499999999999998,0.76000000000000001,-60.104608536865769,60.012745253298348,-30.826443627226386,27,35280,45
p000785,r0006,14,1.6499999999999999,0.76000000000000001,-59.459885400607732,60.121606999584657,-31.210327224561563,28,35325,45
p000786,r0024,30,4.0499999999999998,0.46999999999999997,-59.538427115493981,60.07291747227675,4.3055855160245118,40,35370,45
p000787,r0020,30,0.84999999999999998,0.23999999999999999,-59.644007999300882,60.136407883700336,31.839108071780046,26,35415,45
p000788,r0009,14,3.25,0.46999999999999997,-59.704568771788004,60.362314174366489,3.4808791896738809,37,35460,45
p000789,r0006,9,0.84999999999999998,0.76000000000000001,-59.680764562823001,60.116083294660164,-31.379521077027039,27,35505,45
p000790,r0005,21,3.6499999999999999,0.76000000000000001,-64.710034600810232,73.828302048831929,-31.010833804896112,38,35550,45
p000791,r0019,30,2.4500000000000002,0.76000000000000001,-59.769813590151244,60.511893004501843,-31.352204007434505,31,35595,45
p000792,r0020,30,3.25,0.23999999999999999,-59.685527993228966,59.911723493223768,31.658383136475113,40,35640,45
p000793,r0018,21,0.84999999999999998,0.76000000000000001,-59.94197937774927,60.293619936975219,-30.635435542215394,26,35685,45
p000794,r0021,14,0.84999999999999998,0.23999999999999999,-59.656184542055982,59.626980512801914,30.54902089963602,27,35730,45
p000795,r0006,9,3.25,0.46999999999999997,-60.337049559941576,60.731964154825668,3.3795277088850666,37,35775,45
p000796,r0017,14,3.6499999999999999,0.46999999999999997,-59.884207326697926,60.363038481685088,3.396832951745071,39,35820,45
p000797,r0025,30,4.0499999999999998,0.23999999999999999,-59.714270231124885,59.641696691568775,31.4462646301223,40,35865,45
p000798,r0023,21,1.6499999999999999,0.46999999999999997,-60.109884360126017,59.913239523606919,3.9523712982524417,28,35910,45
p000799,r0016,14,0.84999999999999998,0.23999999999999999,-60.127798510876318,60.081558897745602,30.781313119676344,27,35955,45
p000800,r0011,14,4.0499999999999998,0.46999999999999997,-59.59513979441423,60.65855231006622,3.689317020960412,39,36000,45
p000801,r0001,9,2.4500000000000002,0.23999999999999999,-60.171616703088837,60.358075002249301,31.880948992968147,35,36045,45
p000802,r0019,30,1.25,0.46999999999999997,-59.915345932031322,60.039937177705646,4.1109541161292755,26,36090,45
p000803,r0023,21,2.0499999999999998,0.76000000000000001,-60.584706106061674,59.857346376375148,-31.228613510276833,29,36135,45
p000804,r0001,30,0.84999999999999998,0.76000000000000001,-59.806879532834714,60.30925299790178,-31.429007725457961,26,36180,45
p000805,r0023,9,3.25,0.46999999999999997,-59.804251742541979,59.503255645084764,2.9787271729001956,37,36225,45
p000806,r0027,21,0.84999999999999998,0.46999999999999997,-59.712877185305459,60.306682223166305,4.3474893011845781,26,36270,45
p000807,r0009,30,3.6499999999999999,0.76000000000000001,-60.165844710520517,59.638819482152897,-30.962725304278894,39,36315,45
p000808,r0014,9,2.4500000000000002,0.23999999999999999,-60.028862050608595,59.849531286710878,31.528716885754207,36,36360,45
p000809,r0005,14,4.0499999999999998,0.76000000000000001,-60.37504265643696,59.369067060286284,-32.086456324423381,38,36405,45
p000810,r0000,14,3.25,0.23999999999999999,-60.415110455805433,59.326288870283832,31.03835303202241,39,36450,45
p000811,r0001,21,3.25,0.23999999999999999,-60.115261804415951,60.405841906969215,31.930777016236775,40,36495,45
p000812,r0011,21,4.0499999999999998,0.76000000000000001,-63.067608776191548,71.131999246517069,-30.409702850741485,39,36540,45
p000813,r0007,14,1.6499999999999999,0.76000000000000001,-60.202675192186362,60.577358753730167,-31.665467045166391,28,36585,45
p000814,r0014,21,0.84999999999999998,0.76000000000000001,-59.81908027298627,59.801903727390012,-31.560044112895962,26,36630,45
p000815,r0017,14,2.0499999999999998,0.46999999999999997,-60.097109171570843,60.33902262956304,4.1840406830301164,33,36675,45
p000816,r0012,30,1.6499999999999999,0.23999999999999999,-59.85296458956919,60.289475244632555,31.005289684424138,29,36720,45
p000817,r0004,21,3.25,0.76000000000000001,-59.828683651526497,59.965014529504103,-30.628196088079154,36,36765,45
p000818,r0011,14,3.6499999999999999,0.76000000000000001,-60.146848427486837,62.88609541977246,-30.168941904144607,37,36810,45
p000819,r0002,21,2.4500000000000002,0.76000000000000001,-60.265107308075265,60.272555183554566,-30.886068310084109,31,36855,45
p000820,r0011,9,2.0499999999999998,0.46999999999999997,-59.926464473645403,60.356974960697904,3.3737584265565514,32,36900,45
p000821,r0013,14,3.6499999999999999,0.76000000000000001,-66.713280832837242,79.969021215609004,-31.959528341210142,37,36945,45
p000822,r0009,9,1.25,0.76000000000000001,-60.565082240837214,60.21263914029614,-31.128429109365211,28,36990,45
p000823,r0014,9,3.25,0.46999999999999997,-60.358569001939308,59.910259381139433,3.8339100410924276,38,37035,45
p000824,r0016,30,0.84999999999999998,0.46999999999999997,-59.621494522034475,59.619805000062634,3.1263942246769956,26,37080,45
p000825,r0021,14,2.0499999999999998,0.23999999999999999,-60.235703408346531,59.534186201372187,31.239412695039693,35,37125,45
p000826,r0026,21,1.6499999999999999,0.23999999999999999,-60.502636927527575,59.760113544575987,31.347053431271132,29,37170,45
p000827,r0021,14,3.6499999999999999,0.23999999999999999,-60.042485795320957,59.883850981138494,30.651530154788226,39,37215,45
p000828,r0015,21,2.8500000000000001,0.76000000000000001,-59.872721195973298,60.765003213181352,-30.469667337776183,34,37260,45
p000829,r0021,21,3.25,0.23999999999999999,-60.555015832304107,59.858516169187602,31.409268488829589,40,37305,45
p000830,r0024,21,0.84999999999999998,0.46999999999999997,-60.068160858583198,59.974434941348065,4.0044149153803774,26,37350,45
p000831,r0002,30,0.84999999999999998,0.23999999999999999,-60.022838399794665,60.522903608123322,31.141925526223005,26,37395,45
p000832,r0013,14,1.6499999999999999,0.46999999999999997,-60.048184159761455,59.89875079853082,3.0736913681334554,29,37440,45
p000833,r0010,9,0.84999999999999998,0.46999999999999997,-60.26119526526935,59.959387029870754,3.9057133511549056,28,37485,45
p000834,r0002,14,2.4500000000000002,0.23999999999999999,-59.791384143910918,59.876590912393169,31.606276898880189,36,37530,45
p000835,r0019,30,3.25,0.23999999999999999,-60.505398925311553,60.381081197341352,30.918325967904657,40,37575,45
p000836,r0005,30,4.0499999999999998,0.23999999999999999,-59.737420006827143,60.259766263384726,31.010441558533881,40,37620,45
p000837,r0025,30,1.25,0.76000000000000001,-60.762609050570546,61.06102666243153,-31.074936479450049,26,37665,45
p000838,r0021,21,1.6499999999999999,0.76000000000000001,-60.360833760803018,60.206662563028068,-31.874634643083557,27,37710,45
p000839,r0026,9,0.84999999999999998,0.46999999999999997,-60.251025773995167,60.187398224694647,4.0313389453104351,28,37755,45
p000840,r0008,14,2.4500000000000002,0.46999999999999997,-60.326321480708579,60.632138248669008,4.2316621758615485,33,37800,45
p000841,r0019,9,1.25,0.23999999999999999,-60.219536563797426,60.165126384246051,30.822807276715615,30,37845,45
p000842,r0014,9,2.0499999999999998,0.46999999999999997,-60.027731934423976,59.253533080953666,3.6413385237261808,32,37890,45
p000843,r0010,21,3.25,0.23999999999999999,-60.216488565354666,60.171125678007741,31.728098259600763,40,37935,45
p000844,r0000,21,2.0499999999999998,0.76000000000000001,-60.323836832767441,59.710959265639524,-31.06548576914977,28,37980,45
p000845,r0018,21,1.25,0.76000000000000001,-60.021647064834887,59.807409067888365,-31.712673592981307,26,38025,45
p000846,r0014,14,2.8500000000000001,0.46999999999999997,-59.77555225396064,59.891592853787117,4.0980346531456719,36,38070,45
p000847,r0001,30,0.84999999999999998,0.46999999999999997,-60.268076979981934,59.836514083974045,2.9373562839147409,26,38115,45
p000848,r0007,9,4.0499999999999998,0.23999999999999999,-59.816961153104998,59.83167864582844,31.566005094084417,39,38160,45
p000849,r0020,9,4.0499999999999998,0.46999999999999997,-59.916110039563215,60.249528169681263,4.2216782113363651,39,38205,45
p000850,r0012,14,2.8500000000000001,0.76000000000000001,-60.351348795179661,59.62867721074204,-31.106142553758449,34,38250,45
p000851,r0003,14,3.25,0.23999999999999999,-59.791551860098821,60.058911715651931,31.744800457471751,39,38295,45
p000852,r0024,21,2.4500000000000002,0.76000000000000001,-59.995215341847612,60.057162375129153,-30.732644689773185,32,38340,45
p000853,r0001,21,1.6499999999999999,0.46999999999999997,-60.996869894324988,60.194707703801697,2.7846662326821585,28,38385,45
p000854,r0015,30,0.84999999999999998,0.46999999999999997,-60.21927698873229,59.834303932949581,2.9591208997591023,26,38430,45
p000855,r0007,9,2.0499999999999998,0.46999999999999997,-60.135245484822725,59.915665154045207,3.0417371537772793,31,38475,45
p000856,r0014,30,2.4500000000000002,0.76000000000000001,-60.243957173890649,61.538079289739642,-30.566268422619377,30,38520,45
p000857,r0019,30,2.0499999999999998,0.46999999999999997,-59.949049059506187,59.701411868989688,3.9156952325966303,29,38565,45
p000858,r0007,9,3.6499999999999999,0.76000000000000001,-60.314452510570035,59.698311657676918,-31.961389110190755,36,38610,45
p000859,r0014,30,2.8500000000000001,0.76000000000000001,-60.505518017054797,59.491998534270678,-31.25611404473668,35,38655,45
p000860,r0001,14,0.84999999999999998,0.46999999999999997,-59.583533052961137,59.972982460342827,3.3314201690899692,27,38700,45
p000861,r0014,9,3.6499999999999999,0.46999999999999997,-59.909344986551552,59.705701804964271,3.93662981295184,38,38745,45
p000862,r0025,14,2.4500000000000002,0.76000000000000001,-60.556898308182248,59.315221654417762,-31.337589517158246,32,38790,45
p000863,r0005,9,3.6499999999999999,0.23999999999999999,-59.790744248257297,59.77674692389818,30.630549042580867,39,38835,45
p000864,r0009,30,3.6499999999999999,0.23999999999999999,-69.440558564154799,62.959658685490766,31.633606545575834,40,38880,45
p000865,r0006,9,2.0499999999999998,0.23999999999999999,-74.1080192603429,64.467076119313958,30.759053228196311,34,38925,45
p000866,r0002,30,4.0499999999999998,0.46999999999999997,-59.11436260295411,60.050726189324457,4.4931344569535314,40,38970,45
p000867,r0011,30,4.0499999999999998,0.46999999999999997,-60.042709475680368,59.734911184152807,2.9894294740312146,40,39015,45
p000868,r0018,30,2.8500000000000001,0.23999999999999999,-59.74040101842273,59.803030637655532,30.66260704019675,40,39060,45
p000869,r0015,9,2.0499999999999998,0.76000000000000001,-60.325003298094416,60.00810645354899,-30.995056957700005,30,39105,45
p000870,r0013,21,2.8500000000000001,0.23999999999999999,-59.528685696663736,59.797781351710483,31.609429260100672,39,39150,45
p000871,r0024,9,3.25,0.76000000000000001,-60.169578268316457,60.527825387439322,-30.752201390935074,36,39195,45
p000872,r0022,9,3.25,0.46999999999999997,-60.403988742882369,61.210803126722098,4.5018509480080029,37,39240,45
p000873,r0007,21,2.4500000000000002,0.46999999999999997,-60.04108502875971,59.869436138375477,3.9614911898219392,34,39285,45
p000874,r0006,9,0.84999999999999998,0.23999999999999999,-59.745383264953887,59.586029208099099,30.496490214566386,29,39330,45
p000875,r0011,21,2.0499999999999998,0.46999999999999997,-59.761246239107948,59.53121979380002,3.9137607583332796,30,39375,45
p000876,r0018,21,2.8500000000000001,0.46999999999999997,-60.156074401414593,60.403864374006311,4.1906931495584887,38,39420,45
p000877,r0022,9,4.0499999999999998,0.46999999999999997,-60.102391986766008,59.497484643798316,3.7355426274330883,38,39465,45
p000878,r0021,14,0.84999999999999998,0.46999999999999997,-59.533768992138477,59.725663634558316,3.2237303000108239,27,39510,45
p000879,r0007,9,4.0499999999999998,0.46999999999999997,-59.824024389845235,60.039296723994639,3.2535358004899022,38,39555,45
p000880,r0020,14,2.0499999999999998,0.23999999999999999,-59.705895503192593,60.098061111039385,30.895111523623711,33,39600,45
p000881,r0006,14,4.0499999999999998,0.46999999999999997,-59.773922664208193,59.888983514814718,3.1974176106739547,40,39645,45
p000882,r0008,14,4.0499999999999998,0.46999999999999997,-59.358157524250366,60.306543796547864,3.6141341757727004,39,39690,45
p000883,r0024,14,1.25,0.46999999999999997,-59.730203290779322,60.048998113111587,3.302773453282863,27,39735,45
p000884,r0001,9,3.6499999999999999,0.23999999999999999,-60.449056069617896,60.441283334248318,31.877601877320426,39,39780,45
p000885,r0015,14,0.84999999999999998,0.76000000000000001,-59.54302340736588,60.505239587673429,-30.281440288556443,27,39825,45
p000886,r0003,14,2.8500000000000001,0.23999999999999999,-60.118369256501822,59.311964684969539,31.098684539016411,38,39870,45
p000887,r0021,21,2.4500000000000002,0.46999999999999997,-60.228171953907001,60.233290936500161,3.1664033780087975,35,39915,45
p000888,r0024,21,1.25,0.23999999999999999,-59.525472918477135,59.749438678065736,31.57345989489545,28,39960,45
p000889,r0017,30,2.8500000000000001,0.46999999999999997,-60.440016884413787,60.136286604253392,3.9154239645798201,38,40005,45
p000890,r0014,21,2.0499999999999998,0.46999999999999997,-60.402789388829497,60.492019989245613,4.1214595815503161,31,40050,45
p000891,r0017,21,2.4500000000000002,0.76000000000000001,-59.882893479008672,59.759687993464198,-30.718673925615182,31,40095,45
p000892,r0014,21,1.6499999999999999,0.23999999999999999,-60.492501580388918,59.978350206844212,30.615345777908264,30,40140,45
p000893,r0007,21,2.8500000000000001,0.76000000000000001,-59.477263212034856,60.433080633155654,-30.248780689189136,34,40185,45
p000894,r0024,14,2.4500000000000002,0.76000000000000001,-60.490947715769771,60.274601411475039,-31.957215925231015,33,40230,45
p000895,r0005,9,2.0499999999999998,0.23999999999999999,-60.128513796745359,59.942162602226176,30.675200266473013,33,40275,45
p000896,r0026,14,2.4500000000000002,0.23999999999999999,-60.184344811269739,60.312338226062813,30.943134297103001,36,40320,45
p000897,r0010,30,2.0499999999999998,0.46999999999999997,-60.396518490769928,60.207288372669815,3.9734991468531407,30,40365,45
p000898,r0019,21,2.0499999999999998,0.23999999999999999,-59.701871843112983,60.091904490943506,30.89139817076995,34,40410,45
p000899,r0018,30,2.0499999999999998,0.23999999999999999,-60.182831763887933,59.83494985383701,31.480682265583024,33,40455,45
p000900,r0025,21,2.0499999999999998,0.76000000000000001,-68.068892772087452,83.225162045371064,-31.308319615897407,29,40500,45
p000901,r0018,9,0.84999999999999998,0.46999999999999997,-60.564144576211149,59.628324350219472,2.6878639547970833,27,40545,45
p000902,r0011,9,3.25,0.46999999999999997,-60.128554479902128,59.630159202148612,3.7935637715847692,37,40590,45
p000903,r0021,30,1.6499999999999999,0.76000000000000001,-59.42925826652673,60.292026430516572,-30.246149939236336,26,40635,45
p000904,r0028,14,2.4500000000000002,0.23999999999999999,-59.872387727498051,60.191126935829985,30.925883416631258,36,40680,45
p000905,r0001,9,2.0499999999999998,0.76000000000000001,-59.805535105442225,60.078121765395096,-31.483457456441268,31,40725,45
p000906,r0026,9,4.0499999999999998,0.76000000000000001,-59.630796781608183,59.751416340488134,-30.529065632305066,38,40770,45
p000907,r0000,14,1.25,0.76000000000000001,-60.544257775628893,60.528323951158271,-31.936838161199969,27,40815,45
p000908,r0001,30,2.8500000000000001,0.23999999999999999,-60.233038535142541,59.80459744118275,31.445564806864681,40,40860,45
p000909,r0025,21,2.4500000000000002,0.23999999999999999,-60.363768326259411,59.588552017910537,31.249995135309749,37,40905,45
p000910,r0003,30,1.25,0.46999999999999997,-60.254829366052341,60.583726149998348,3.3396050574545297,26,40950,45
p000911,r0028,30,4.0499999999999998,0.23999999999999999,-67.414689121842443,62.353405986048571,30.759063160154728,40,40995,45
p000912,r0018,21,3.25,0.76000000000000001,-59.918379465906412,59.650377400672632,-31.671877817927442,36,41040,45
p000913,r0002,30,1.6499999999999999,0.23999999999999999,-60.079469389657184,60.115244610473852,31.718513250442406,29,41085,45
p000914,r0017,30,0.84999999999999998,0.46999999999999997,-60.304871049770547,59.658841419054802,2.8258965587068898,26,41130,45
p000915,r0022,9,3.25,0.76000000000000001,-59.8695836857665,60.39186494185644,-30.556836015136998,36,41175,45
p000916,r0016,14,0.84999999999999998,0.46999999999999997,-60.45283591293623,59.481897645438686,3.5625728730024777,27,41220,45
p000917,r0014,30,1.6499999999999999,0.23999999999999999,-75.626250869499316,65.144759243142857,30.909716816108745,29,41265,45
p000918,r0016,9,3.6499999999999999,0.76000000000000001,-60.356453988795302,59.516948678449261,-31.136837348656609,38,41310,45
p000919,r0009,21,2.0499999999999998,0.76000000000000001,-60.332175902905249,59.654657843896082,-31.08533580367293,28,41355,45
p000920,r0027,21,3.25,0.76000000000000001,-60.117448274644218,60.124399481862554,-31.709404813082596,36,41400,45
p000921,r0024,30,1.25,0.76000000000000001,-59.645842087742423,60.638707969032446,-30.327550074116456,26,41445,45
p000922,r0015,21,2.0499999999999998,0.76000000000000001,-62.946279052335093,70.5346407658472,-31.360858295971337,28,41490,45
p000923,r0004,21,2.0499999999999998,0.76000000000000001,-59.920007949033121,60.041492505515848,-30.679247839941372,29,41535,45
p000924,r0006,14,0.84999999999999998,0.46999999999999997,-59.856016876923768,60.081306005290067,4.1607642506495681,27,41580,45
p000925,r0008,9,1.6499999999999999,0.23999999999999999,-60.610251017204881,60.181984737106752,31.641848156071962,32,41625,45
p000926,r0009,14,2.8500000000000001,0.23999999999999999,-59.846294611944487,59.899072772847582,31.610184600497483,38,41670,45
p000927,r0015,14,2.8500000000000001,0.23999999999999999,-60.29807120763941,59.797819615057577,30.524805817610304,38,41715,45
p000928,r0015,9,2.8500000000000001,0.23999999999999999,-60.304924602717087,59.918096990503273,31.514571808130388,36,41760,45
p000929,r0006,30,0.84999999999999998,0.76000000000000001,-59.753072565924278,60.193849012144568,-30.515811387187757,26,41805,45
p000930,r0010,14,3.25,0.76000000000000001,-59.502560650134271,60.091263550007987,-30.35004284210012,35,41850,45
p000931,r0010,30,2.4500000000000002,0.46999999999999997,-59.166619578919061,59.876448758899024,4.3762066401245265,34,41895,45
p000932,r0019,21,4.0499999999999998,0.46999999999999997,-60.251200665165051,59.929261743297126,3.894444411319907,40,41940,45
p000933,r0022,30,2.0499999999999998,0.76000000000000001,-60.103563011914211,60.123778515101868,-30.799001045430355,28,41985,45
p000934,r0002,9,2.0499999999999998,0.46999999999999997,-60.216245042596469,60.269261359506515,4.0910733505181129,32,42030,45
p000935,r0026,9,1.25,0.76000000000000001,-60.156278664048273,59.764826386845563,-31.825213451833751,28,42075,45
p000936,r0002,30,2.4500000000000002,0.46999999999999997,-59.854804533776509,59.87211797981535,4.0504643984271782,34,42120,45
p000937,r0007,30,4.0499999999999998,0.46999999999999997,-59.796088820437312,59.98241640472191,3.2365189488970811,40,42165,45
p000938,r0026,30,4.0499999999999998,0.76000000000000001,-61.18829189573934,64.551730388253759,-30.560686547581003,40,42210,45
p000939,r0020,30,0.84999999999999998,0.76000000000000001,-59.579208180459759,60.208335598044876,-31.280197673618648,26,42255,45
p000940,r0027,9,4.0499999999999998,0.23999999999999999,-67.25657841714073,61.790803169333159,31.26943158857943,39,42300,45
p000941,r0017,30,2.8500000000000001,0.76000000000000001,-59.929574318398103,60.18238151677086,-30.652704917957553,35,42345,45
p000942,r0006,30,3.25,0.76000000000000001,-60.129472420604131,59.747161033198481,-30.909080391691507,37,42390,45
p000943,r0012,21,1.25,0.23999999999999999,-60.690637575126161,60.175044850331922,30.717281068221983,28,42435,45
p000944,r0020,9,3.25,0.76000000000000001,-60.904018829604169,58.945709465839997,-31.690084038697567,35,42480,45
p000945,r0013,30,4.0499999999999998,0.46999999999999997,-59.917740944980189,59.77192710322435,3.067783120568218,40,42525,45
p000946,r0003,21,2.0499999999999998,0.76000000000000001,-59.900634198563424,59.85932074562696,-30.708245011957732,28,42570,45
p000947,r0010,30,3.6499999999999999,0.76000000000000001,-59.751281199845955,59.540918353675963,-31.571153307000696,39,42615,45
p000948,r0004,14,2.0499999999999998,0.76000000000000001,-59.800148932773673,59.677180849515253,-31.575589785024331,30,42660,45
p000949,r0009,21,3.25,0.23999999999999999,-68.633678938155654,62.923870382952472,31.800058545886522,40,42705,45
p000950,r0017,21,3.25,0.23999999999999999,-59.463748938616192,60.295749771834842,32.003470081326597,40,42750,45
p000951,r0029,9,1.6499999999999999,0.23999999999999999,-60.270198002110945,60.070046222671316,30.738387608723578,32,42795,45
p000952,r0010,30,2.8500000000000001,0.76000000000000001,-60.468027384297571,60.553407755095428,-30.972882950843253,36,42840,45
p000953,r0019,21,1.6499999999999999,0.76000000000000001,-59.54496514797637,60.097492244891924,-31.280775373687984,27,42885,45
p000954,r0022,14,2.8500000000000001,0.76000000000000001,-60.411659051899377,59.825579659895233,-31.104721761068685,32,42930,45
p000955,r0006,21,2.0499999999999998,0.46999999999999997,-60.093203604108162,60.082398505288928,3.1498655138723022,31,42975,45
p000956,r0004,30,2.8500000000000001,0.76000000000000001,-59.931792154373895,60.145321426565744,-30.663284894948379,33,43020,45
p000957,r0022,21,1.25,0.46999999999999997,-59.669294031335021,60.707765031432338,4.5805472719316827,27,43065,45
p000958,r0015,14,1.25,0.23999999999999999,-60.709499780340586,59.873703504725007,31.383734716309267,29,43110,45
p000959,r0020,14,3.6499999999999999,0.23999999999999999,-60.016662599996252,60.200387042723207,31.798295128470539,40,43155,45
p000960,r0024,14,1.6499999999999999,0.46999999999999997,-59.890717692694167,59.733794781457661,3.9602739186063021,28,43200,45
p000961,r0022,14,0.84999999999999998,0.46999999999999997,-60.239372256607503,59.834182230530239,2.9496116215755022,27,43245,45
p000962,r0016,21,2.8500000000000001,0.76000000000000001,-60.04751682039516,59.988327932935732,-30.788914079595745,34,43290,45
p000963,r0002,9,2.8500000000000001,0.76000000000000001,-59.852322894501768,60.56948125849172,-31.401089897783333,33,43335,45
p000964,r0016,9,3.6499999999999999,0.46999999999999997,-59.842017343011982,60.613602670203754,4.449461263992359,38,43380,45
p000965,r0000,9,0.84999999999999998,0.23999999999999999,-59.796298073957274,60.032629296940989,30.823686727925406,28,43425,45
p000966,r0020,14,2.4500000000000002,0.76000000000000001,-60.211992050157704,59.615552877786143,-31.003381267451179,32,43470,45
p000967,r0001,30,1.6499999999999999,0.23999999999999999,-60.345769603509915,59.914781149313448,30.602248968635845,29,43515,45
p000968,r0017,30,1.25,0.76000000000000001,-60.054930537107865,59.503772885494641,-31.810841715683264,26,43560,45
p000969,r0013,30,2.8500000000000001,0.46999999999999997,-59.658553119134083,59.776348297060665,3.1919446314491351,37,43605,45
p000970,r0015,30,2.8500000000000001,0.23999999999999999,-60.334820914059378,59.96642919352302,30.644129167703245,40,43650,45
p000971,r0025,14,2.8500000000000001,0.46999999999999997,-60.308180009417889,60.329695056076226,4.0798937752939937,35,43695,45
p000972,r0008,14,1.25,0.76000000000000001,-63.3247615870307,70.384366206519644,-31.684570916578618,27,43740,45
p000973,r0018,21,2.0499999999999998,0.76000000000000001,-59.707283523260713,59.991998108215029,-31.429455931706539,29,43785,45
p000974,r0025,14,3.6499999999999999,0.76000000000000001,-59.957852948256985,59.92069647758936,-31.637001086053868,38,43830,45
p000975,r0004,21,2.4500000000000002,0.23999999999999999,-59.192745559580516,59.253331566822979,30.376273056486141,37,43875,45
p000976,r0004,14,3.25,0.46999999999999997,-59.857291809962788,59.541552358591872,3.8740955993711852,38,43920,45
p000977,r0019,14,3.6499999999999999,0.76000000000000001,-59.767184367513998,60.169463109283733,-30.532388973082544,38,43965,45
p000978,r0010,30,2.0499999999999998,0.23999999999999999,-60.751723240036824,60.920585172814924,31.269231153730505,35,44010,45
p000979,r0007,30,2.8500000000000001,0.46999999999999997,-59.986633744036183,59.757706420104441,3.9278665429583528,38,44055,45
p000980,r0015,14,2.4500000000000002,0.76000000000000001,-59.553602631392224,59.725621470969159,-31.376588846825495,32,44100,45
p000981,r0017,21,2.0499999999999998,0.46999999999999997,-59.815554044729979,59.139173207073,2.7804513987256056,31,44145,45
p000982,r0008,9,0.84999999999999998,0.76000000000000001,-60.122538104300418,60.484433971931942,-31.626864806004651,28,44190,45
p000983,r0018,30,0.84999999999999998,0.23999999999999999,-60.00964908975898,59.602115087092351,31.345291684648032,26,44235,45
p000984,r0023,14,4.0499999999999998,0.23999999999999999,-60.216779292125139,60.254983655198643,31.791760547840937,40,44280,45
p000985,r0021,21,3.25,0.46999999999999997,-60.370451106447433,59.971893968607546,2.9609917833317096,39,44325,45
p000986,r0008,14,2.0499999999999998,0.46999999999999997,-59.941296550350081,60.959707009161498,3.6862353361910563,31,44370,45
p000987,r0000,14,3.25,0.46999999999999997,-59.898663594902018,60.410926237175076,4.3154190160988479,39,44415,45
p000988,r0020,21,4.0499999999999998,0.23999999999999999,-60.137882685334333,59.768174352902193,31.440720663725426,40,44460,45
p000989,r0009,9,2.8500000000000001,0.46999999999999997,-60.331267863082992,60.255857581374549,4.0299086224795078,35,44505,45
p000990,r0003,9,3.25,0.76000000000000001,-59.901042529059566,59.478007301543265,-30.800070569714901,35,44550,45
p000991,r0001,21,3.6499999999999999,0.76000000000000001,-61.320011175176823,64.404379957294253,-30.696157303383774,38,44595,45
p000992,r0016,9,2.4500000000000002,0.76000000000000001,-60.235402705017911,59.601560307123812,-31.924531582103899,32,44640,45
p000993,r0009,9,3.25,0.23999999999999999,-76.800073297006534,64.897336238862479,30.439957950253916,38,44685,45
p000994,r0018,14,0.84999999999999998,0.76000000000000001,-60.605468799929632,59.755661099573288,-32.168797624048935,27,44730,45
p000995,r0004,30,3.6499999999999999,0.46999999999999997,-60.001107827606887,59.792977961844713,3.9397576408024664,40,44775,45
p000996,r0001,9,0.84999999999999998,0.23999999999999999,-60.240342846702418,59.748586024927327,30.501243095736189,28,44820,45
p000997,r0016,9,3.25,0.76000000000000001,-69.117790657544319,87.787290296702977,-31.01057122852497,35,44865,45
p000998,r0011,9,3.6499999999999999,0.46999999999999997,-60.151942424126318,59.669260762259839,2.9032952646583494,38,44910,45
p000999,r0006,30,3.6499999999999999,0.76000000000000001,-59.969789368972954,59.761458403348662,-30.784289903615768,39,44955,45
p001000,r0015,30,4.0499999999999998,0.23999999999999999,-65.265392368403269,61.689891488921546,30.770623363163594,40,45000,45
p001001,r0024,14,4.0499999999999998,0.76000000000000001,-59.94407983071747,59.688015746413996,-31.682376892205919,39,45045,45
p001002,r0017,21,2.8500000000000001,0.76000000000000001,-59.91634609187625,59.617543693142494,-30.778212543471756,34,45090,45
p001003,r0017,30,2.4500000000000002,0.23999999999999999,-59.492593172893592,60.140046503575192,30.978212981222686,38,45135,45
p001004,r0021,21,2.4500000000000002,0.23999999999999999,-59.419955213250972,60.538341908537802,32.198350599308498,37,45180,45
p001005,r0017,9,1.25,0.23999999999999999,-60.333706449620372,59.821006978925723,30.533875756074661,30,45225,45
p001006,r0008,30,2.8500000000000001,0.23999999999999999,-60.301947546367742,59.76370774313061,30.497950473651006,40,45270,45
p001007,r0027,21,2.0499999999999998,0.76000000000000001,-60.306835599505945,60.291704073072616,-31.813186078087103,28,45315,45
p001008,r0025,14,1.25,0.76000000000000001,-59.943432494976022,60.104323575150978,-31.581971038145543,27,45360,45
p001009,r0000,14,2.0499999999999998,0.76000000000000001,-60.219280891825335,60.110772649552487,-31.790068041894653,29,45405,45
p001010,r0014,21,2.4500000000000002,0.76000000000000001,-59.953841474155773,60.132762091100929,-31.583056618494165,30,45450,45
p001011,r0007,30,2.4500000000000002,0.46999999999999997,-59.924909677040276,59.661236334225393,3.0057477089305307,35,45495,45
p001012,r0008,21,3.6499999999999999,0.23999999999999999,-94.112690885450561,70.746270021935644,31.630119404162958,40,45540,45
p001013,r0011,9,2.8500000000000001,0.23999999999999999,-64.464676191285733,61.873331677577752,31.102209789050519,36,45585,45
p001014,r0009,30,2.0499999999999998,0.76000000000000001,-60.171257959518258,59.698974549460161,-30.952402157363441,27,45630,45
p001015,r0010,14,4.0499999999999998,0.46999999999999997,-60.186542863858399,59.655467469006332,3.7797226125599126,39,45675,45
p001016,r0010,21,0.84999999999999998,0.23999999999999999,-59.943304584905974,59.765086362128926,30.585072534840553,27,45720,45
p001017,r0017,9,2.8500000000000001,0.46999999999999997,-60.140876802016784,59.957719650369988,3.9613793177482082,36,45765,45
p001018,r0023,21,0.84999999999999998,0.46999999999999997,-59.935763544323166,60.104412814043997,3.2355299256114334,26,45810,45
p001019,r0010,9,0.84999999999999998,0.76000000000000001,-59.631758163618571,59.884667241305401,-30.497816066436823,27,45855,45
p001020,r0023,9,2.0499999999999998,0.76000000000000001,-59.277865002464573,60.415263823579224,-31.001514084214062,30,45900,45
p001021,r0023,9,4.0499999999999998,0.76000000000000001,-59.803844570723456,60.25272988518266,-30.540266701305985,37,45945,45
p001022,r0006,21,4.0499999999999998,0.46999999999999997,-60.298027511517404,60.117065222004825,3.9719716372493794,40,45990,45
p001023,r0000,21,3.6499999999999999,0.23999999999999999,-59.255034507317212,60.212127942541663,31.990008954575533,40,46035,45
p001024,r0009,14,1.25,0.46999999999999997,-60.224025522055506,59.723642226378864,3.7982383846147103,28,46080,45
p001025,r0018,14,1.25,0.76000000000000001,-60.187326969666998,60.279191701989021,-31.725362488469553,27,46125,45
p001026,r0021,30,2.8500000000000001,0.46999999999999997,-59.698617227528892,60.61021909333207,3.6150660225274178,37,46170,45
p001027,r0011,21,1.25,0.76000000000000001,-60.080159588320818,60.451990654184797,-31.602443530119469,26,46215,45
p001028,r0003,21,3.25,0.76000000000000001,-61.553356939571565,66.801403543676287,-31.198214423592074,36,46260,45
p001029,r0002,14,4.0499999999999998,0.46999999999999997,-59.77318147134325,60.477944230502203,3.5099151506348418,39,46305,45
p001030,r0021,14,1.25,0.46999999999999997,-60.712058612184769,60.044172733515516,2.8387440010363845,28,46350,45
p001031,r0004,14,1.25,0.46999999999999997,-59.641271957239177,60.412773831942481,3.5373723110271014,27,46395,45
p001032,r0029,30,1.25,0.23999999999999999,-60.420736762710888,59.411859547406564,30.202036432978378,27,46440,45
p001033,r0010,21,2.8500000000000001,0.46999999999999997,-60.561493058370459,60.407918682504629,3.1022951642933405,37,46485,45
p001034,r0008,9,2.4500000000000002,0.46999999999999997,-59.707444084558027,60.597800152632466,3.6043353611529367,34,46530,45
p001035,r0021,21,0.84999999999999998,0.76000000000000001,-60.317028781294837,60.356884745959277,-31.80528953475385,26,46575,45
p001036,r0013,21,4.0499999999999998,0.76000000000000001,-59.852143478247925,60.101251118152007,-30.613328775111942,39,46620,45
p001037,r0013,14,2.0499999999999998,0.46999999999999997,-59.921068023890832,60.309419799127063,3.3510905223086551,31,46665,45
p001038,r0009,30,1.6499999999999999,0.76000000000000001,-59.802949788984932,60.230124920655584,-31.445011858671204,26,46710,45
p001039,r0009,14,2.0499999999999998,0.23999999999999999,-59.737711068648878,60.106203468723891,31.793663979754427,34,46755,45
p001040,r0023,30,1.25,0.23999999999999999,-80.864414110788516,66.763706056389395,31.782957216266698,27,46800,45
p001041,r0021,21,2.0499999999999998,0.23999999999999999,-60.220532342102601,59.889639878572218,30.613198545610263,33,46845,45
p001042,r0010,21,1.25,0.23999999999999999,-60.435657965872437,59.697522402237851,30.415559113891383,28,46890,45
p001043,r0013,21,2.8500000000000001,0.76000000000000001,-64.064492600651519,70.821529315471238,-31.241847340782062,34,46935,45
p001044,r0007,21,3.6499999999999999,0.23999999999999999,-59.755957153234661,60.361686743902567,31.983452208589632,40,46980,45
p001045,r0012,9,1.25,0.76000000000000001,-60.291143868254082,59.859279915291161,-31.005042160203228,28,47025,45
p001046,r0015,9,3.6499999999999999,0.23999999999999999,-60.130643289136529,60.002405275497239,31.620473619985134,39,47070,45
p001047,r0012,14,0.84999999999999998,0.76000000000000001,-60.095743562081537,59.98295298815642,-30.826856390024428,26,47115,45
p001048,r0007,9,1.6499999999999999,0.46999999999999997,-60.12867234082551,59.91999216167796,3.947119845501331,31,47160,45
p001049,r0024,21,1.6499999999999999,0.76000000000000001,-63.797980247796858,71.27751845434787,-31.829860559282121,27,47205,45
p001050,r0006,30,0.84999999999999998,0.23999999999999999,-60.163399799920114,60.241614049751618,31.794410725830403,26,47250,45
p001051,r0020,9,2.4500000000000002,0.46999999999999997,-59.854119181319476,59.783190964595121,3.1036551960152634,33,47295,45
p001052,r0009,9,3.25,0.76000000000000001,-59.997457046216653,59.787679388822028,-31.699024301807366,36,47340,45
p001053,r0010,14,3.25,0.46999999999999997,-60.16053063677284,60.065595127693776,3.1093160183944688,38,47385,45
p001054,r0010,30,3.6499999999999999,0.23999999999999999,-59.561328428077616,60.317971470461174,31.096939494811867,40,47430,45
p001055,r0012,14,4.0499999999999998,0.76000000000000001,-59.983296827275495,59.243275245704467,-30.918919529760306,39,47475,45
p001056,r0009,14,2.4500000000000002,0.23999999999999999,-59.827729769369462,60.298520607210151,31.918220516831045,37,47520,45
p001057,r0004,14,1.25,0.23999999999999999,-66.825988731778281,61.479292757841861,30.236025200333028,28,47565,45
p001058,r0012,9,2.0499999999999998,0.76000000000000001,-60.171826815332807,60.316661731334399,-31.704589564132679,29,47610,45
p001059,r0011,21,3.25,0.46999999999999997,-59.667351190917977,59.491030893854933,3.0365913140116687,39,47655,45
p001060,r0013,9,0.84999999999999998,0.23999999999999999,-59.957239920333109,59.569117144790027,30.432791449160476,28,47700,45
p001061,r0000,21,3.6499999999999999,0.76000000000000001,-62.318430842931058,66.966011457264642,-31.740164690884097,39,47745,45
p001062,r0012,14,2.4500000000000002,0.76000000000000001,-59.842346941553942,59.416263639391886,-31.670280402126945,31,47790,45
p001063,r0007,30,1.6499999999999999,0.23999999999999999,-59.442718375174437,59.991524582010506,31.777306272286118,29,47835,45
p001064,r0003,21,2.8500000000000001,0.76000000000000001,-59.821971621356255,60.237801594062695,-31.457626049655705,34,47880,45
p001065,r0001,14,3.25,0.76000000000000001,-59.658869524060442,59.583040479324239,-30.59081112324812,35,47925,45
p001066,r0028,30,3.25,0.46999999999999997,-59.982897946073798,60.35182446059013,4.2445049294580857,39,47970,45
p001067,r0007,14,2.4500000000000002,0.23999999999999999,-78.643458574599748,66.137383749337303,30.93998159159241,37,48015,45
p001068,r0010,9,2.4500000000000002,0.23999999999999999,-59.483882196338797,60.364021913969324,32.050524927495374,34,48060,45
p001069,r0005,21,3.6499999999999999,0.46999999999999997,-59.848286628942766,59.861220837759724,3.1477523284095552,40,48105,45
p001070,r0022,14,1.25,0.46999999999999997,-60.272366820721537,60.403837568799425,4.1360215057245755,28,48150,45
p001071,r0026,30,3.6499999999999999,0.23999999999999999,-59.909920661989815,60.440546894354355,31.106434680831757,40,48195,45
p001072,r0023,9,3.6499999999999999,0.23999999999999999,-59.688534519851146,60.175262348735735,30.957951100274883,39,48240,45
p001073,r0015,9,2.4500000000000002,0.46999999999999997,-60.753160854260869,60.24154263466324,2.9240319948689146,32,48285,45
p001074,r0013,14,2.4500000000000002,0.76000000000000001,-59.766282809724679,59.833992161933246,-31.512216816526777,33,48330,45
p001075,r0021,30,1.6499999999999999,0.46999999999999997,-60.421793957306051,59.557324530177382,2.717138841060172,27,48375,45
p001076,r0019,9,3.6499999999999999,0.46999999999999997,-60.320553229189841,60.29267339996872,3.154456884264202,38,48420,45
p001077,r0025,9,0.84999999999999998,0.46999999999999997,-60.029405176259715,59.614506627566115,3.8318680797679763,28,48465,45
p001078,r0015,21,1.6499999999999999,0.46999999999999997,-60.059847905364258,59.858838785653283,3.9470560408750446,28,48510,45
p001079,r0019,14,2.8500000000000001,0.23999999999999999,-60.420737646982097,59.557830929916058,30.312974471460503,38,48555,45
p001080,r0025,30,3.6499999999999999,0.23999999999999999,-99.773377441744998,72.52916733165992,31.626556586042742,40,48600,45
p001081,r0008,14,0.84999999999999998,0.23999999999999999,-60.464974654524354,60.168389990960819,31.666382476044376,27,48645,45
p001082,r0024,14,2.0499999999999998,0.23999999999999999,-69.210839028476698,62.328231445093536,31.208854531436682,34,48690,45
p001083,r0012,30,2.8500000000000001,0.46999999999999997,-60.286823789095614,60.130545764040058,3.0843820740662933,38,48735,45
p001084,r0025,9,4.0499999999999998,0.23999999999999999,-60.304749982964822,59.876072034611624,30.582674750393281,39,48780,45
p001085,r0007,30,2.4500000000000002,0.23999999999999999,-60.505314783809979,59.86980031739148,31.429772693103128,36,48825,45
p001086,r0001,9,3.6499999999999999,0.46999999999999997,-59.765653028659884,59.605254542009575,3.0509279837949306,38,48870,45
p001087,r0002,30,0.84999999999999998,0.76000000000000001,-65.201909952584771,76.429847221038614,-30.760288230915155,26,48915,45
p001088,r0019,30,1.6499999999999999,0.46999999999999997,-59.67386681583281,60.569896127900961,3.6053275443460917,27,48960,45
p001089,r0014,9,1.25,0.23999999999999999,-60.636000571503686,60.574935293449407,31.934310685860666,30,49005,45
p001090,r0005,21,1.6499999999999999,0.76000000000000001,-60.009559655237446,60.645441322261227,-30.602359420637764,27,49050,45
p001091,r0013,14,2.4500000000000002,0.46999999999999997,-60.118618947157415,60.297011677562338,3.2516652839440594,35,49095,45
p001092,r0014,21,1.6499999999999999,0.76000000000000001,-60.347298509803132,59.932343399963401,-31.930184451459166,27,49140,45
p001093,r0013,21,3.6499999999999999,0.76000000000000001,-59.663578541918611,60.459235043334317,-31.284103281457913,38,49185,45
p001094,r0023,9,2.8500000000000001,0.76000000000000001,-59.699348359626327,59.615432878597545,-30.613800862452596,35,49230,45
p001095,r0012,21,2.4500000000000002,0.23999999999999999,-60.107223157992109,60.504210588123954,32.0074664890561,38,49275,45
p001096,r0000,30,2.8500000000000001,0.76000000000000001,-60.498807543860011,60.557337283927765,-31.895332785190941,34,49320,45
p001097,r0026,30,0.84999999999999998,0.23999999999999999,-60.441762821751354,60.470646905953821,31.901668571304576,26,49365,45
p001098,r0008,9,2.0499999999999998,0.23999999999999999,-60.530446075993218,60.065271348200461,30.67229916639398,33,49410,45
p001099,r0010,14,3.6499999999999999,0.76000000000000001,-59.118777152069136,60.136900808678007,-30.947414441489823,38,49455,45
p001100,r0025,14,2.4500000000000002,0.46999999999999997,-59.6781057620694,59.823356275005445,4.1076691175802695,34,49500,45
p001101,r0017,9,2.8500000000000001,0.23999999999999999,-60.179055111585406,60.10786745809466,31.689006041371446,37,49545,45
p001102,r0002,30,3.25,0.76000000000000001,-67.513977687436864,84.225545110960127,-30.646492215821585,38,49590,45
p001103,r0022,14,2.0499999999999998,0.76000000000000001,-59.953325234173469,60.239937248645454,-31.55694223829693,30,49635,45
p001104,r0003,9,0.84999999999999998,0.46999999999999997,-60.557255198950578,59.818677006013182,3.6919888696802206,28,49680,45
p001105,r0026,21,3.25,0.76000000000000001,-59.789023907297349,60.144004796512888,-30.555097018382899,37,49725,45
p001106,r0012,30,3.6499999999999999,0.23999999999999999,-59.784378763958323,59.574074456692301,31.378045683736151,40,49770,45
p001107,r0023,14,2.0499999999999998,0.23999999999999999,-59.203223471277227,60.354250652696066,31.210456862942479,35,49815,45
p001108,r0020,21,1.6499999999999999,0.76000000000000001,-61.33850444686172,63.857580579662304,-30.841444040495954,27,49860,45
p001109,r0019,21,1.25,0.76000000000000001,-59.514892564613426,59.42149341519503,-31.420159929459398,26,49905,45
p001110,r0002,30,1.25,0.23999999999999999,-59.838210490222203,60.104483245078164,31.768236748606075,27,49950,45
p001111,r0002,21,3.6499999999999999,0.46999999999999997,-59.822510329287319,60.470832157636529,4.3829611887823221,40,49995,45
p001112,r0013,9,2.8500000000000001,0.46999999999999997,-59.771171016562974,60.021488818779332,3.2689386961684503,35,50040,45
p001113,r0015,21,4.0499999999999998,0.46999999999999997,-59.644319499782966,59.599297424584648,3.1047974701318735,40,50085,45
p001114,r0021,30,3.25,0.46999999999999997,-60.136271262694116,60.380694558122777,3.2877206223388411,39,50130,45
p001115,r0007,30,2.8500000000000001,0.76000000000000001,-60.054069590233887,60.513521305977534,-31.567847775143147,34,50175,45
p001116,r0001,21,3.6499999999999999,0.46999999999999997,-60.035765496752283,59.928100859765429,3.995083672202111,40,50220,45
p001117,r0027,9,2.4500000000000002,0.46999999999999997,-60.136522311055444,60.253091019524931,3.2199727541521552,35,50265,45
p001118,r0025,21,2.8500000000000001,0.76000000000000001,-60.277454839161436,60.265768884278216,-31.797081145535923,34,50310,45
p001119,r0005,9,2.4500000000000002,0.46999999999999997,-60.388741356981569,60.042023104023087,2.9895638073509003,33,50355,45
p001120,r0012,9,0.84999999999999998,0.46999999999999997,-60.261628174841647,60.099078806824124,3.079546525441212,28,50400,45
p001121,r0022,21,2.8500000000000001,0.23999999999999999,-60.974732412307041,60.323907333455345,31.662233794472375,39,50445,45
p001122,r0019,9,2.4500000000000002,0.23999999999999999,-60.383853086760539,60.133696802807393,30.759484829311091,36,50490,45
p001123,r0006,30,2.8500000000000001,0.23999999999999999,-62.473287962253167,60.51000072995285,31.444011443823406,39,50535,45
p001124,r0007,21,2.8500000000000001,0.46999999999999997,-59.768639157382211,60.241279344014188,3.3866176483578867,37,50580,45
p001125,r0017,14,3.6499999999999999,0.76000000000000001,-59.706575718225466,60.461289270551823,-31.316288120918916,38,50625,45
p001126,r0015,30,1.6499999999999999,0.76000000000000001,-61.032454774256891,61.836389607552618,-31.993932122622606,26,50670,45
p001127,r0011,9,2.0499999999999998,0.23999999999999999,-59.896427129754315,59.591872402995499,30.464680515135548,33,50715,45
p001128,r0000,9,2.0499999999999998,0.46999999999999997,-59.477135460726373,59.905920774040212,3.3458843436999173,32,50760,45
p001129,r0028,21,3.25,0.23999999999999999,-59.911315686972898,60.704845477251126,32.20696679783736,40,50805,45
p001130,r0021,9,1.25,0.46999999999999997,-60.490809040259307,60.184193086515222,3.0169420869311976,29,50850,45
p001131,r0009,14,4.0499999999999998,0.46999999999999997,-59.66322378649852,59.889789260670085,4.1498731285008406,39,50895,45
p001132,r0022,14,2.0499999999999998,0.23999999999999999,-78.14650968380289,66.138985108029857,31.960466357989997,33,50940,45
p001133,r0003,9,3.25,0.46999999999999997,-60.466925282232076,60.392034402414581,3.1383233506306523,37,50985,45
p001134,r0017,14,1.6499999999999999,0.76000000000000001,-60.524865845925262,60.192558060761627,-31.102684108320407,28,51030,45
p001135,r0003,30,2.8500000000000001,0.76000000000000001,-59.567806672190351,59.771544994044447,-31.376362272293999,34,51075,45
p001136,r0016,9,2.4500000000000002,0.23999999999999999,-59.919345628623802,60.045263388592105,30.803757224460288,37,51120,45
p001137,r0024,9,1.25,0.76000000000000001,-59.590594360189115,60.397777103025717,-31.243385209017557,28,51165,45
p001138,r0003,14,2.0499999999999998,0.46999999999999997,-59.788587094857412,60.40556092312584,3.4643113546737139,33,51210,45
p001139,r0007,9,1.25,0.76000000000000001,-59.961957576813383,60.104835792634837,-31.59592716814581,28,51255,45
p001140,r0020,21,2.8500000000000001,0.76000000000000001,-60.09587236719539,59.723781917217131,-30.889155338936387,35,51300,45
p001141,r0004,30,2.0499999999999998,0.76000000000000001,-60.56184616175932,59.161651719611427,-32.278206670230347,27,51345,45
p001142,r0004,21,4.0499999999999998,0.76000000000000001,-59.152893731628481,59.83406065249001,-30.14602467944005,39,51390,45
p001143,r0021,14,2.8500000000000001,0.23999999999999999,-59.518449430158711,60.179628908515589,31.902090107233761,37,51435,45
p001144,r0006,9,2.0499999999999998,0.76000000000000001,-60.240737967638985,60.100609435333851,-31.808814590925504,31,51480,45
p001145,r0024,14,2.8500000000000001,0.46999999999999997,-60.217865478860439,59.103150620277141,2.5722730536824825,36,51525,45
p001146,r0000,21,2.0499999999999998,0.46999999999999997,-59.478505510387976,60.116386553631827,3.4567872835425204,30,51570,45
p001147,r0009,9,0.84999999999999998,0.46999999999999997,-59.912924602381558,59.88468818595485,4.029810175436741,28,51615,45
p001148,r0012,9,4.0499999999999998,0.76000000000000001,-59.930883670080981,60.47913712654065,-31.482478678891791,38,51660,45
p001149,r0014,9,1.6499999999999999,0.76000000000000001,-60.079604850507494,60.068359560321738,-30.794093391908479,30,51705,45
p001150,r0026,21,2.4500000000000002,0.46999999999999997,-60.016838207674958,60.162344121011181,4.1281284265287015,34,51750,45
p001151,r0011,21,3.6499999999999999,0.23999999999999999,-60.208355890943466,60.374555275535016,31.884656595580182,40,51795,45
p001152,r0016,9,4.0499999999999998,0.76000000000000001,-59.608311631885677,59.735756643689726,-31.41573524574758,38,51840,45
p001153,r0015,9,1.6499999999999999,0.23999999999999999,-59.639398070570664,60.200474363298973,30.988904979170265,31,51885,45
p001154,r0010,9,2.8500000000000001,0.46999999999999997,-59.642514428636773,59.387735886453626,3.8935182383611435,35,51930,45
p001155,r0022,14,0.84999999999999998,0.23999999999999999,-59.995578734280031,59.813368616028953,31.509221251954799,27,51975,45
p001156,r0020,21,3.25,0.23999999999999999,-60.469027609548441,59.652251124868798,31.273144228608658,40,52020,45
p001157,r0014,9,4.0499999999999998,0.46999999999999997,-60.297923373596895,59.681294526984921,2.8410621137114687,38,52065,45
p001158,r0012,9,3.6499999999999999,0.23999999999999999,-60.808547383289486,60.1929137632916,30.702563088112143,39,52110,45
p001159,r0007,30,2.0499999999999998,0.23999999999999999,-60.153950895085337,59.598404564887311,30.407839254493876,34,52155,45
p001160,r0027,14,2.0499999999999998,0.23999999999999999,-59.51617469754531,60.204313154228551,31.921396069802825,35,52200,45
p001161,r0006,14,2.8500000000000001,0.46999999999999997,-60.080479669518056,59.977929156703425,3.1004770083793316,36,52245,45
p001162,r0005,21,2.0499999999999998,0.46999999999999997,-59.804999450150156,59.895889078852086,4.0864714702210323,30,52290,45
p001163,r0007,21,3.25,0.76000000000000001,-59.773402988183555,60.15493818382599,-30.540601106901267,36,52335,45
p001164,r0002,14,2.8500000000000001,0.76000000000000001,-60.255631926159964,60.225537535614059,-31.790151255334198,34,52380,45
p001165,r0028,21,1.6499999999999999,0.23999999999999999,-60.202152794056801,59.69529451492668,31.369907160770644,29,52425,45
p001166,r0005,9,2.4500000000000002,0.76000000000000001,-59.895652291455079,59.964902163357998,-30.679119222299942,32,52470,45
p001167,r0020,21,1.25,0.23999999999999999,-60.803937166831659,59.853288376645345,30.445554246210865,28,52515,45
p001168,r0016,9,2.8500000000000001,0.76000000000000001,-59.918160168930108,60.604838306601074,-31.442640534802624,34,52560,45
p001169,r0013,21,0.84999999999999998,0.23999999999999999,-59.598984539683443,60.434692000166464,32.076609630602491,26,52605,45
p001170,r0013,9,4.0499999999999998,0.23999999999999999,-60.113550531949642,59.491427737706893,31.236232952989326,39,52650,45
p001171,r0020,14,1.25,0.76000000000000001,-60.344250367507982,59.673477006554521,-31.989995797732984,27,52695,45
p001172,r0003,9,3.25,0.23999999999999999,-60.225849615685284,60.228854105872898,31.769725212698933,39,52740,45
p001173,r0020,21,0.84999999999999998,0.76000000000000001,-59.781488132866983,60.114555940868307,-31.456437555170513,26,52785,45
p001174,r0011,14,2.0499999999999998,0.23999999999999999,-60.327094715244883,59.64251400942085,31.299807915501074,34,52830,45
p001175,r0025,30,3.6499999999999999,0.76000000000000001,-60.216422761932847,60.81702112062645,-31.618396230118616,39,52875,45
p001176,r0023,9,3.25,0.76000000000000001,-60.579611229498241,60.314542295162838,-32.015014383579583,35,52920,45
p001177,r0002,21,4.0499999999999998,0.46999999999999997,-60.034075138005086,60.241790058425913,3.2621334161033486,40,52965,45
p001178,r0007,9,3.25,0.46999999999999997,-60.045472029963847,60.28061389339085,3.2773535094141435,37,53010,45
p001179,r0028,9,3.6499999999999999,0.46999999999999997,-60.167667260570504,59.485773115092293,3.6986561385307839,37,53055,45
p001180,r0017,9,3.25,0.46999999999999997,-60.180838662890984,60.091655814603619,3.1135834101811595,37,53100,45
p001181,r0013,21,3.6499999999999999,0.46999999999999997,-59.907081914888927,59.493603338739113,3.825281269533936,40,53145,45
p001182,r0018,14,4.0499999999999998,0.76000000000000001,-60.055999022724123,60.303332025190819,-30.719759571224539,39,53190,45
p001183,r0011,30,2.8500000000000001,0.76000000000000001,-59.958293357766564,60.084089143445283,-31.598121557475718,34,53235,45
p001184,r0027,9,2.8500000000000001,0.76000000000000001,-59.839576421396544,60.177461379509793,-31.485487349179021,34,53280,45
p001185,r0010,9,1.25,0.76000000000000001,-59.556136236403688,59.954116843840509,-31.323675497145086,28,53325,45
p001186,r0000,14,1.6499999999999999,0.23999999999999999,-59.902409869479428,59.885590378193015,31.58647031875163,31,53370,45
p001187,r0007,21,1.6499999999999999,0.46999999999999997,-59.660025877495599,59.526231592603466,3.9586905816569073,28,53415,45
p001188,r0016,14,3.6499999999999999,0.23999999999999999,-59.844238542209368,59.760397320005275,31.50528471307376,39,53460,45
p001189,r0015,21,3.25,0.46999999999999997,-59.903176855032221,60.227999224452709,3.3163464670947915,39,53505,45
p001190,r0009,14,2.0499999999999998,0.46999999999999997,-60.315836595380119,60.187135097549273,4.0007384018724652,30,53550,45
p001191,r0017,30,2.4500000000000002,0.76000000000000001,-60.501648918587208,59.576161181548784,-31.232974494554572,30,53595,45
p001192,r0001,21,2.4500000000000002,0.76000000000000001,-59.710224107293122,60.198794781178023,-31.382059574060047,32,53640,45
p001193,r0017,14,2.8500000000000001,0.76000000000000001,-60.145580784745889,59.971612493728976,-31.767454397911923,34,53685,45
p001194,r0022,14,2.8500000000000001,0.23999999999999999,-59.775832808533096,59.790492631121985,30.644574525604767,38,53730,45
p001195,r0023,9,2.8500000000000001,0.23999999999999999,-59.33653596846213,60.251953037817067,32.000715676310065,37,53775,45
p001196,r0025,14,3.6499999999999999,0.23999999999999999,-59.732860088357462,60.445374384085248,32.052598110699002,40,53820,45
p001197,r0005,9,3.25,0.23999999999999999,-75.958289037803524,65.136849391650102,31.724016168581226,39,53865,45
p001198,r0015,14,2.4500000000000002,0.23999999999999999,-59.912035567104198,59.185243735479794,30.151896702859638,36,53910,45
p001199,r0006,14,2.4500000000000002,0.46999999999999997,-59.429816506027699,60.621852478442172,3.7475680557413353,34,53955,45
p001200,r0000,21,1.6499999999999999,0.46999999999999997,-59.990878537478345,59.673355445199668,2.9811654733410036,28,54000,45
p001201,r0022,14,4.0499999999999998,0.23999999999999999,-60.236914273436597,59.922791976516244,31.534462476527562,40,54045,45
p001202,r0005,21,0.84999999999999998,0.76000000000000001,-60.414611564527874,59.564487914870945,-31.169627689472161,26,54090,45
p001203,r0004,9,3.6499999999999999,0.23999999999999999,-60.27595403831991,60.333874052215862,30.937515310487278,39,54135,45
p001204,r0011,21,4.0499999999999998,0.46999999999999997,-59.958388567885173,60.415161042249828,4.2895927254863837,40,54180,45
p001205,r0000,21,1.6499999999999999,0.76000000000000001,-59.99072286679494,59.440954483575254,-31.777120302706091,27,54225,45
p001206,r0008,21,0.84999999999999998,0.23999999999999999,-58.852753612459203,59.809987446986185,31.780929592719293,26,54270,45
p001207,r0003,21,3.6499999999999999,0.76000000000000001,-65.836367076266129,80.160882259371789,-30.347027235713032,39,54315,45
p001208,r0022,30,4.0499999999999998,0.23999999999999999,-59.916400079382143,59.822132679921189,30.634884817688395,40,54360,45
p001209,r0008,21,0.84999999999999998,0.76000000000000001,-59.768646068109007,59.827366409809351,-30.615603073408604,26,54405,45
p001210,r0010,9,3.25,0.76000000000000001,-59.983792605141744,59.773556093808736,-31.692028917393625,36,54450,45
p001211,r0018,30,2.4500000000000002,0.76000000000000001,-69.519645660222693,90.408496844157014,-31.586891459171564,31,54495,45
p001212,r0002,14,3.6499999999999999,0.76000000000000001,-59.722836411433121,60.050215349812817,-30.527303988734094,38,54540,45
p001213,r0017,21,3.6499999999999999,0.23999999999999999,-59.982346403153102,59.836295595100033,30.629821515519286,40,54585,45
p001214,r0003,9,4.0499999999999998,0.23999999999999999,-60.273402205870212,59.734622708559385,31.382696729096281,39,54630,45
p001215,r0014,30,1.25,0.76000000000000001,-59.940649681948273,59.90502190130924,-30.727688501966473,26,54675,45
p001216,r0015,30,0.84999999999999998,0.23999999999999999,-59.690252046136159,59.99627614083952,30.821509375965359,26,54720,45
p001217,r0015,30,4.0499999999999998,0.46999999999999997,-60.155540884891131,60.246436823047141,4.1075073003161551,40,54765,45
p001218,r0020,9,2.0499999999999998,0.76000000000000001,-59.574960030201602,59.799603571359022,-30.475064765827053,30,54810,45
p001219,r0015,14,4.0499999999999998,0.23999999999999999,-59.554196947933804,59.897138263511074,31.678817812764304,40,54855,45
p001220,r0005,9,3.25,0.76000000000000001,-60.023749758295502,59.935745230961906,-30.783470960873725,35,54900,45
p001221,r0018,30,2.8500000000000001,0.76000000000000001,-60.013418486084163,60.066692384932821,-31.644191877040083,35,54945,45
p001222,r0020,9,0.84999999999999998,0.76000000000000001,-60.007256718405444,59.481861633200069,-31.779868314020117,28,54990,45
p001223,r0000,21,2.8500000000000001,0.76000000000000001,-59.812462666417304,59.9177821869363,-31.527203901612442,35,55035,45
p001224,r0001,21,3.25,0.76000000000000001,-60.289445738086464,59.991218815293877,-30.972086245275182,37,55080,45
p001225,r0022,30,2.4500000000000002,0.46999999999999997,-60.571092584633341,59.991002489827174,3.7768178048307322,34,55125,45
p001226,r0019,14,2.0499999999999998,0.23999999999999999,-59.727063724501264,59.652091326641582,30.551094114367302,32,55170,45
p001227,r0021,14,3.6499999999999999,0.76000000000000001,-59.994699757181706,59.76649179939642,-30.802013783602963,38,55215,45
p001228,r0018,30,1.25,0.46999999999999997,-60.105436243045638,59.38481974008814,3.6743994280152679,26,55260,45
p001229,r0015,9,1.25,0.76000000000000001,-60.377321144084462,60.103423193455782,-31.911942503074808,28,55305,45
p001230,r0021,30,4.0499999999999998,0.76000000000000001,-59.818866158720866,59.959460520176052,-31.52206775578561,40,55350,45
p001231,r0001,9,1.25,0.23999999999999999,-60.391686851188439,59.641676467264631,31.283669270835894,29,55395,45
p001232,r0007,30,0.84999999999999998,0.23999999999999999,-60.050780672873842,59.937517393455771,30.690325857536667,26,55440,45
p001233,r0002,14,0.84999999999999998,0.23999999999999999,-59.845208990093113,60.305322478559802,31.019194926083106,28,55485,45
p001234,r0020,14,3.25,0.46999999999999997,-60.210895106884486,60.02895445484328,3.9662251608312333,37,55530,45
p001235,r0017,14,1.6499999999999999,0.23999999999999999,-71.770913117047286,64.228456822866107,31.138608037286897,30,55575,45
p001236,r0018,14,3.6499999999999999,0.76000000000000001,-60.018276350974652,60.059349570110328,-30.749646129914257,37,55620,45
p001237,r0004,9,1.25,0.46999999999999997,-60.324975307903578,59.633405405892312,3.7029664704082466,29,55665,45
p001238,r0017,14,4.0499999999999998,0.76000000000000001,-59.875922463496636,60.001551454788661,-31.555328723108165,38,55710,45
p001239,r0003,21,2.0499999999999998,0.46999999999999997,-60.155739312137015,60.253123958874923,4.1109582214993141,31,55755,45
p001240,r0009,21,1.6499999999999999,0.23999999999999999,-68.790311584912217,62.731487356025383,31.616255610200358,28,55800,45
p001241,r0021,9,2.0499999999999998,0.46999999999999997,-60.029989649678051,60.144865031932504,4.1126833315755436,32,55845,45
p001242,r0012,14,2.0499999999999998,0.46999999999999997,-59.749988348471717,59.913401367729037,3.2216082011146865,31,55890,45
p001243,r0013,9,2.4500000000000002,0.23999999999999999,-75.851760307627586,65.657398777227144,31.245200596862009,35,55935,45
p001244,r0015,30,1.25,0.23999999999999999,-59.945694829905698,59.884272694288384,31.575080488481806,27,55980,45
p001245,r0001,30,2.4500000000000002,0.23999999999999999,-59.697241867439629,60.470364918359394,31.180139289767631,38,56025,45
p001246,r0014,21,0.84999999999999998,0.46999999999999997,-59.89928489244793,60.247772838521676,3.3286557049659633,26,56070,45
p001247,r0001,9,3.25,0.46999999999999997,-59.89259789048397,60.086622468992786,4.1463889000387129,37,56115,45
p001248,r0002,21,3.6499999999999999,0.76000000000000001,-60.283872086927886,59.936931182457791,-31.880879302275321,38,56160,45
p001249,r0004,14,0.84999999999999998,0.76000000000000001,-62.065599049354603,67.378442387903107,-31.449029104412755,26,56205,45
p001250,r0004,30,3.25,0.23999999999999999,-59.33744703942061,59.725350384459617,31.600279002728364,40,56250,45
p001251,r0023,30,2.0499999999999998,0.76000000000000001,-60.017221519843616,60.620523991010373,-30.614162597238664,28,56295,45
p001252,r0005,9,3.6499999999999999,0.46999999999999997,-60.139493190471825,60.028174371260363,3.0993706172462394,38,56340,45
p001253,r0011,30,1.25,0.76000000000000001,-60.768976193686711,59.365689437778201,-31.486656442135132,26,56385,45
p001254,r0014,30,0.84999999999999998,0.46999999999999997,-60.149729787153184,59.641689387374761,3.7897223753466323,26,56430,45
p001255,r0021,9,1.25,0.76000000000000001,-59.805437071334708,59.985017661037311,-30.605727935565422,28,56475,45
p001256,r0004,9,2.0499999999999998,0.23999999999999999,-71.392670625708206,63.454455236468142,30.641145029545822,34,56520,45
p001257,r0010,30,4.0499999999999998,0.46999999999999997,-59.333405991921701,59.753635378853481,3.3327259345891518,40,56565,45
p001258,r0013,30,1.25,0.46999999999999997,-60.171385329687055,60.019056762613431,3.0795489792322028,26,56610,45
p001259,r0008,9,2.8500000000000001,0.46999999999999997,-60.145760680142558,59.987195484509101,3.0747060871228227,34,56655,45
p001260,r0023,21,1.25,0.46999999999999997,-60.080411853854066,59.773693327638078,2.9922638923367755,27,56700,45
p001261,r0004,14,2.0499999999999998,0.23999999999999999,-59.938015424995186,60.026187188613626,31.68477856134751,33,56745,45
p001262,r0006,14,0.84999999999999998,0.23999999999999999,-60.072589975166643,59.371439951663994,30.254872769224644,28,56790,45
p001263,r0020,30,2.4500000000000002,0.46999999999999997,-59.471742244379335,60.050574660006269,4.325085714945037,33,56835,45
p001264,r0007,21,1.6499999999999999,0.76000000000000001,-60.121705199876082,60.1111189825046,-31.715827396104718,28,56880,45
p001265,r0013,30,3.25,0.46999999999999997,-60.41415393439371,59.852572879774712,3.7772112771155593,39,56925,45
p001266,r0000,14,2.4500000000000002,0.23999999999999999,-59.84808132428752,59.116221101061655,31.014788518977852,36,56970,45
p001267,r0007,9,3.25,0.76000000000000001,-63.110823736540695,71.565266317115558,-30.338562123663198,35,57015,45
p001268,r0022,9,3.6499999999999999,0.76000000000000001,-63.355486913353481,71.332592967536584,-30.580347741939864,37,57060,45
p001269,r0024,30,1.6499999999999999,0.23999999999999999,-60.465200914392227,60.004461530291053,30.641742543567066,29,57105,45
p001270,r0024,21,2.4500000000000002,0.23999999999999999,-60.449234260317738,60.274378972887284,30.850711796918084,38,57150,45
p001271,r0028,21,2.0499999999999998,0.76000000000000001,-60.900114041021155,62.208881030711296,-30.903955223805372,28,57195,45
p001272,r0022,21,4.0499999999999998,0.46999999999999997,-60.242668029064177,60.114661098166962,3.9967164083683331,40,57240,45
p001273,r0014,21,4.0499999999999998,0.76000000000000001,-60.24609235308202,59.996201100178631,-30.937941924299476,40,57285,45
p001274,r0017,21,1.6499999999999999,0.46999999999999997,-59.764011444714555,60.440127371374444,4.3941821278126172,28,57330,45
p001275,r0016,30,3.25,0.76000000000000001,-66.103748022767405,77.430488155698555,-32.105531339935581,38,57375,45
p001276,r0001,14,0.84999999999999998,0.76000000000000001,-59.663654530254178,60.234459232777986,-31.338107227126461,27,57420,45
p001277,r0022,14,1.25,0.23999999999999999,-59.900064478002093,59.146121567547937,30.12503691661593,29,57465,45
p001278,r0012,9,3.6499999999999999,0.46999999999999997,-60.09042643483221,60.096439096929601,3.1586122970015493,38,57510,45
p001279,r0019,9,3.6499999999999999,0.76000000000000001,-59.370769089705789,59.959933845903748,-30.281400385159504,37,57555,45
p001280,r0013,14,1.25,0.76000000000000001,-64.377930480878035,74.993895661701458,-30.478692206658952,28,57600,45
p001281,r0023,14,3.25,0.76000000000000001,-60.047313691970174,59.951731957074685,-31.697542736199406,35,57645,45
p001282,r0007,14,1.6499999999999999,0.46999999999999997,-59.968499762129639,60.027552439711783,4.0794079048463177,29,57690,45
p001283,r0024,30,3.6499999999999999,0.23999999999999999,-59.960115007162528,59.522233305895362,31.296469710761471,40,57735,45
p001284,r0015,14,2.8500000000000001,0.46999999999999997,-60.488419913342199,59.612469506728331,3.6150514792951869,37,57780,45
p001285,r0020,21,2.0499999999999998,0.76000000000000001,-59.593816992268692,59.921048814227674,-31.360249198709564,28,57825,45
p001286,r0013,21,2.0499999999999998,0.23999999999999999,-77.460758146561403,65.171324083216547,30.489624348069842,33,57870,45
p001287,r0016,30,1.25,0.46999999999999997,-59.956740973376625,60.150133569565568,4.1499025343827372,26,57915,45
p001288,r0004,9,3.6499999999999999,0.46999999999999997,-60.342826665253945,59.626447634377904,3.6908887135509376,38,57960,45
p001289,r0017,14,0.84999999999999998,0.46999999999999997,-59.300179747863581,59.822330434182049,3.3847506486206056,27,58005,45
p001290,r0003,9,1.6499999999999999,0.23999999999999999,-60.093686339100955,59.758939177405203,31.444309053443728,30,58050,45
p001291,r0028,21,4.0499999999999998,0.46999999999999997,-60.23297261924165,59.908719484072122,2.9921241955146511,40,58095,45
p001292,r0025,9,2.4500000000000002,0.23999999999999999,-93.200473952869416,70.398477740622155,30.68472933418418,37,58140,45
p001293,r0025,9,1.25,0.23999999999999999,-60.41997657900572,59.867286103414102,30.548343059633346,29,58185,45
p001294,r0013,14,0.84999999999999998,0.76000000000000001,-60.016083334124204,59.927833776793676,-30.779543227503911,26,58230,45
p001295,r0014,9,2.8500000000000001,0.76000000000000001,-60.456171992014873,60.24872529557399,-31.936996642993545,33,58275,45
p001296,r0019,9,2.0499999999999998,0.76000000000000001,-59.894792336788768,59.904037524258086,-30.693073170137527,31,58320,45
p001297,r0029,30,2.8500000000000001,0.76000000000000001,-60.170916896519351,60.204833813385086,-31.730736726142286,33,58365,45
p001298,r0017,21,0.84999999999999998,0.46999999999999997,-60.24589263662147,59.781704389608429,2.9187337872803765,26,58410,45
p001299,r0000,30,3.25,0.76000000000000001,-59.294924443862485,59.972105738962831,-31.120837199984411,39,58455,45
p001300,r0003,30,4.0499999999999998,0.76000000000000001,-61.05696746712708,62.885750288273798,-30.860715205830875,40,58500,45
p001301,r0009,14,3.25,0.23999999999999999,-71.164203565342405,63.823361963475996,31.876346236559581,39,58545,45
p001302,r0001,30,2.4500000000000002,0.76000000000000001,-59.909782205544971,60.187499539736862,-31.536434586677327,30,58590,45
p001303,r0009,14,1.6499999999999999,0.76000000000000001,-60.487398541713375,60.543243596807145,-31.890044428468453,28,58635,45
p001304,r0002,9,4.0499999999999998,0.23999999999999999,-60.32622253704595,60.283720567605272,31.78733422248898,40,58680,45
p001305,r0010,21,1.25,0.46999999999999997,-60.049183627253804,59.447862013488326,2.8342505623395295,27,58725,45
p001306,r0013,21,2.4500000000000002,0.46999999999999997,-59.981356000268995,60.272835489740281,3.3033654894359215,33,58770,45
p001307,r0005,9,0.84999999999999998,0.46999999999999997,-60.117079716813429,59.563901148358475,2.8638401417276809,27,58815,45
p001308,r0024,21,3.6499999999999999,0.23999999999999999,-60.168536474978509,59.741586728742313,30.513157159849317,40,58860,45
p001309,r0019,30,1.6499999999999999,0.23999999999999999,-59.7467086639369,60.103192472737355,30.889216199935536,28,58905,45
p001310,r0021,21,3.6499999999999999,0.23999999999999999,-60.300545937064101,59.889136959713746,30.593613064487066,40,58950,45
p001311,r0004,9,1.6499999999999999,0.23999999999999999,-59.877891512420149,60.123850820202527,30.873432660373084,31,58995,45
p001312,r0006,30,2.0499999999999998,0.46999999999999997,-59.876629209801237,60.323755768204236,4.2795748285416666,29,59040,45
p001313,r0004,30,1.25,0.23999999999999999,-60.031589818550671,59.968848654838666,31.618743421225226,27,59085,45
p001314,r0016,9,4.0499999999999998,0.46999999999999997,-60.26472701885357,59.942066437537086,3.8948735130334784,39,59130,45
p001315,r0006,9,1.6499999999999999,0.46999999999999997,-60.518271559307422,59.441721211215096,3.5105246090695177,31,59175,45
p001316,r0013,14,4.0499999999999998,0.76000000000000001,-59.294026561750798,60.088324368283018,-31.092262338542685,39,59220,45
p001317,r0007,14,2.0499999999999998,0.23999999999999999,-60.448782004704206,59.458756894313751,30.230947558549442,33,59265,45
p001318,r0001,9,0.84999999999999998,0.76000000000000001,-60.426373249209533,59.904863584001419,-31.096876409238906,27,59310,45
p001319,r0012,30,2.4500000000000002,0.46999999999999997,-60.311015116088349,59.482387558005918,2.7294883011816138,33,59355,45
p001320,r0024,9,2.4500000000000002,0.46999999999999997,-60.129694188587052,60.099223672708916,3.141632277899812,33,59400,45
p001321,r0012,14,3.6499999999999999,0.23999999999999999,-59.561199607400908,60.326275447287287,31.10328143416212,40,59445,45
p001322,r0002,21,2.8500000000000001,0.76000000000000001,-59.671510760840007,60.034117207578767,-31.392160048419502,33,59490,45
p001323,r0014,30,0.84999999999999998,0.76000000000000001,-59.554397936104976,60.027677311954307,-30.404699876570749,26,59535,45
p001324,r0005,30,2.0499999999999998,0.46999999999999997,-60.495429074763578,60.091173883330086,3.8654704930260637,30,59580,45
p001325,r0004,30,3.25,0.76000000000000001,-60.067289538009696,59.537322933246926,-30.912182544908109,38,59625,45
p001326,r0020,30,2.8500000000000001,0.76000000000000001,-59.807955689508518,60.490135062789207,-31.386413908957064,34,59670,45
p001327,r0012,9,3.25,0.76000000000000001,-60.052579434914549,59.774959414186043,-30.843970111130407,35,59715,45
p001328,r0008,30,1.6499999999999999,0.46999999999999997,-60.38373717078214,59.596969933806932,2.7560375946500697,27,59760,45
p001329,r0004,14,3.25,0.23999999999999999,-60.319526265028259,60.393365233448684,31.872271273814217,39,59805,45
p001330,r0025,21,4.0499999999999998,0.46999999999999997,-60.017459017663086,60.207874634322323,3.2519678178891835,40,59850,45
p001331,r0018,30,3.6499999999999999,0.46999999999999997,-59.613307268937817,59.593639755281671,4.0163746538985139,40,59895,45
p001332,r0003,30,1.6499999999999999,0.23999999999999999,-72.429538237496985,64.381507424067252,31.996856465291838,30,59940,45
p001333,r0026,14,2.4500000000000002,0.76000000000000001,-60.497408248443115,59.88719345273465,-31.155103840160454,32,59985,45
p001334,r0024,9,2.8500000000000001,0.23999999999999999,-59.426239321259672,60.101444544867228,30.964800416996773,37,60030,45
p001335,r0017,14,1.6499999999999999,0.46999999999999997,-60.101365087751375,60.104594058107892,4.0577932595540434,29,60075,45
p001336,r0018,30,3.25,0.76000000000000001,-60.179579437128041,59.970185228762823,-31.793635917314237,38,60120,45
p001337,r0001,9,4.0499999999999998,0.76000000000000001,-59.935304603923868,59.920141886846977,-30.719997446138866,38,60165,45
p001338,r0011,21,0.84999999999999998,0.23999999999999999,-60.293818828458001,60.403186656513313,30.985905340120201,27,60210,45
p001339,r0015,9,2.0499999999999998,0.23999999999999999,-59.53432923909098,59.994337565024267,30.857457532036609,32,60255,45
p001340,r0013,30,2.8500000000000001,0.76000000000000001,-59.884875015768245,59.785325939176026,-30.714026786581623,34,60300,45
p001341,r0017,14,2.4500000000000002,0.46999999999999997,-59.632684171263982,60.414981321202127,4.4425785397430575,33,60345,45
p001342,r0005,14,2.8500000000000001,0.46999999999999997,-60.019906917158501,59.872457834883981,3.0730464014240182,36,60390,45
p001343,r0029,9,2.4500000000000002,0.46999999999999997,-59.899814721866932,59.763384792246882,3.971681020613393,34,60435,45
p001344,r0011,21,3.6499999999999999,0.46999999999999997,-60.244586640177303,59.979847326389404,3.0243633621030552,39,60480,45
p001345,r0015,14,2.4500000000000002,0.46999999999999997,-59.945576133007663,59.69892133278762,3.9160075238638372,33,60525,45
p001346,r0013,14,4.0499999999999998,0.23999999999999999,-60.081917438032661,59.932553232702205,30.679080271725837,40,60570,45
p001347,r0009,14,2.4500000000000002,0.46999999999999997,-60.195242064339617,60.23234485904225,4.0813790050527787,34,60615,45
p001348,r0022,14,0.84999999999999998,0.76000000000000001,-59.998704301021917,60.135762658653142,-31.616432230699903,27,60660,45
p001349,r0020,14,2.8500000000000001,0.46999999999999997,-59.912342722119007,59.981578507849434,4.0814355297642679,36,60705,45
p001350,r0020,9,0.84999999999999998,0.46999999999999997,-60.023584480854389,60.064327013493006,3.1730086111497355,28,60750,45
p001351,r0022,21,3.6499999999999999,0.23999999999999999,-59.835528873569544,60.046431630690634,31.72476110966819,40,60795,45
p001352,r0014,9,1.6499999999999999,0.46999999999999997,-60.641469775493228,60.106879278130457,2.9051552229273296,30,60840,45
p001353,r0002,21,4.0499999999999998,0.23999999999999999,-60.174706059023805,60.096005087335293,30.78103441220911,40,60885,45
p001354,r0015,14,3.25,0.76000000000000001,-60.177703626851837,60.100973688902897,-31.760821071070705,35,60930,45
p001355,r0005,21,2.4500000000000002,0.46999999999999997,-60.334208192765935,60.556741963841787,4.1879953902361651,34,60975,45
p001356,r0011,21,3.25,0.23999999999999999,-60.026355296134611,60.328451080271272,30.99329754993386,40,61020,45
p001357,r0022,30,1.6499999999999999,0.23999999999999999,-60.541857921294572,60.718351381348036,31.165901148713811,29,61065,45
p001358,r0011,30,2.4500000000000002,0.23999999999999999,-83.319077860312248,67.042688882781235,30.505864864438802,38,61110,45
p001359,r0007,14,3.6499999999999999,0.76000000000000001,-59.590526282947408,59.776881402924694,-31.392348438338107,38,61155,45
p001360,r0019,9,1.6499999999999999,0.23999999999999999,-60.471403003292863,60.505818488117164,31.921285330178755,32,61200,45
p001361,r0011,30,1.25,0.23999999999999999,-60.02620319150752,59.615293926565727,31.351334618228147,27,61245,45
p001362,r0008,9,2.0499999999999998,0.76000000000000001,-60.228428839567734,60.020121237888581,-31.818776820978218,30,61290,45
p001363,r0012,9,2.4500000000000002,0.76000000000000001,-59.958047165875556,60.343880244748057,-31.535584587325889,32,61335,45
p001364,r0006,30,2.4500000000000002,0.46999999999999997,-59.522732465907374,60.32699841264499,4.4476248997253807,33,61380,45
p001365,r0019,14,4.0499999999999998,0.23999999999999999,-60.329391221963746,59.90355728996424,30.597649647101527,40,61425,45
p001366,r0004,14,2.4500000000000002,0.23999999999999999,-63.430113133316048,61.843338350670095,31.32770999451342,36,61470,45
p001367,r0021,21,1.25,0.76000000000000001,-60.039098667163813,59.733067235183512,-30.843778850600462,27,61515,45
p001368,r0000,30,3.6499999999999999,0.23999999999999999,-68.076625630818853,62.413306307264598,30.645722642124571,40,61560,45
p001369,r0015,30,3.25,0.46999999999999997,-59.598774424905244,60.535587571951083,4.5224374334286113,39,61605,45
p001370,r0015,21,3.6499999999999999,0.76000000000000001,-59.640440394134572,60.247480931986203,-30.41733927586559,39,61650,45
p001371,r0027,9,0.84999999999999998,0.46999999999999997,-60.044236004273621,60.616110140863661,4.3557474526491449,28,61695,45
p001372,r0003,30,2.4500000000000002,0.46999999999999997,-60.026397323042026,60.085652605758874,3.1829891392224523,34,61740,45
p001373,r0001,30,4.0499999999999998,0.76000000000000001,-61.832759390618932,64.650319127956777,-31.026820546160767,40,61785,45
p001374,r0002,30,3.25,0.46999999999999997,-59.799146299199897,60.078009929816936,4.1857465021790263,39,61830,45
p001375,r0013,21,2.4500000000000002,0.23999999999999999,-60.042958732035117,59.861929776161418,30.634756534194253,37,61875,45
p001376,r0009,14,1.6499999999999999,0.23999999999999999,-60.062081461851562,59.776740236843303,31.465423029156536,30,61920,45
p001377,r0028,14,0.84999999999999998,0.23999999999999999,-68.509628369965057,62.337057851361045,30.483853158242781,27,61965,45
p001378,r0022,30,4.0499999999999998,0.76000000000000001,-60.255770580959243,59.973295377358404,-30.950794750963009,40,62010,45
p001379,r0001,9,2.4500000000000002,0.46999999999999997,-60.077991728006204,59.995601014902313,3.1110124257353133,34,62055,45
p001380,r0022,21,1.6499999999999999,0.76000000000000001,-60.390223529328438,59.471266215468006,-31.173465990577288,27,62100,45
p001381,r0008,30,1.25,0.23999999999999999,-60.199704334736509,59.642627123303917,31.330467573374214,27,62145,45
p001382,r0004,14,3.6499999999999999,0.23999999999999999,-63.054038962547793,61.121097670982394,30.869064878935152,40,62190,45
p001383,r0018,9,4.0499999999999998,0.46999999999999997,-59.984247988688125,59.263245629912646,2.7669236291702886,38,62235,45
p001384,r0001,21,2.0499999999999998,0.23999999999999999,-60.233206099768523,60.573820714847677,32.030134279339791,34,62280,45
p001385,r0005,21,2.0499999999999998,0.76000000000000001,-60.301887254988372,59.63583651434886,-31.966833550347435,29,62325,45
p001386,r0011,9,3.25,0.76000000000000001,-59.817606605038257,60.047524364239109,-31.499975172411691,35,62370,45
p001387,r0020,30,2.0499999999999998,0.76000000000000001,-60.233832173658136,59.844998570157649,-30.96491279514235,27,62415,45
p001388,r0007,14,1.25,0.23999999999999999,-59.78677735021094,60.04781110080377,31.737509872560238,29,62460,45
p001389,r0003,14,3.25,0.46999999999999997,-59.689960583994761,60.050349067573734,4.2224035313365436,38,62505,45
p001390,r0025,14,2.0499999999999998,0.23999999999999999,-74.923187316688654,65.528464008096066,31.370067690147732,34,62550,45
p001391,r0026,30,0.84999999999999998,0.76000000000000001,-67.111185889006748,81.993719830534417,-31.776008516316875,26,62595,45
p001392,r0004,30,1.6499999999999999,0.23999999999999999,-59.063576759586773,60.212939098628652,31.136575292656953,29,62640,45
p001393,r0024,21,2.8500000000000001,0.23999999999999999,-60.056428920604418,59.649301799587306,31.369926426741294,39,62685,45
p001394,r0002,21,3.25,0.46999999999999997,-59.417394771797923,58.855686772739652,2.8173384468069953,39,62730,45
p001395,r0005,30,1.6499999999999999,0.23999999999999999,-60.279943377773293,60.226446660862536,31.754913051589938,29,62775,45
p001396,r0023,30,4.0499999999999998,0.23999999999999999,-60.266375398041312,59.925827380749602,30.629698713839783,40,62820,45
p001397,r0012,9,3.25,0.23999999999999999,-60.056928069387354,59.827588782174601,31.505304737799733,39,62865,45
p001398,r0013,9,1.25,0.76000000000000001,-59.804986683199132,60.357040493142982,-31.416100160877026,28,62910,45
p001399,r0021,14,2.0499999999999998,0.76000000000000001,-59.980735066503229,60.045488219393327,-30.724441477888046,29,62955,45
p001400,r0007,9,1.25,0.46999999999999997,-59.497563795281692,60.470573961384233,3.6355492157512499,29,63000,45
p001401,r0019,21,2.8500000000000001,0.76000000000000001,-60.163638045178345,59.885472052833393,-31.801851621655526,35,63045,45
p001402,r0006,21,3.6499999999999999,0.23999999999999999,-59.858195440079079,59.867764851371057,31.583534381423025,40,63090,45
p001403,r0011,9,1.25,0.76000000000000001,-60.247950781224247,59.677491322275884,-31.915844676384221,28,63135,45
p001404,r0015,9,3.6499999999999999,0.76000000000000001,-60.582973624903488,59.66562398752793,-31.273310197919951,37,63180,45
p001405,r0006,21,3.6499999999999999,0.46999999999999997,-60.798319145851551,60.252925896517951,2.9088407266042848,40,63225,45
p001406,r0020,14,1.6499999999999999,0.46999999999999997,-60.062283262486027,60.250948968501127,4.1537298199371664,29,63270,45
p001407,r0014,21,2.8500000000000001,0.23999999999999999,-59.761982223811671,59.724681368607648,30.597882106427011,39,63315,45
p001408,r0006,9,3.25,0.76000000000000001,-60.436073229784,59.517030234806072,-32.097328398282386,35,63360,45
p001409,r0018,21,2.0499999999999998,0.23999999999999999,-60.058821794608235,59.653774418487785,31.372751327344741,34,63405,45
p001410,r0018,9,2.4500000000000002,0.46999999999999997,-60.418274863604942,60.164036733614743,3.040350282921497,35,63450,45
p001411,r0023,9,3.6499999999999999,0.46999999999999997,-59.752722303967026,60.082392111671147,4.2098883363212112,38,63495,45
p001412,r0025,21,3.6499999999999999,0.46999999999999997,-59.414352501735735,60.612551502441946,3.7499066204784368,39,63540,45
p001413,r0024,14,3.6499999999999999,0.23999999999999999,-60.183286263265188,60.173336452960591,30.837747001066404,39,63585,45
p001414,r0022,30,2.4500000000000002,0.76000000000000001,-59.89654074955078,59.838583543492007,-30.710110919220515,30,63630,45
p001415,r0005,9,1.25,0.76000000000000001,-60.841643841724654,59.280312182926458,-32.462374395808389,28,63675,45
p001416,r0004,21,3.6499999999999999,0.76000000000000001,-59.328247766651707,59.825420283490189,-31.181367434617652,39,63720,45
p001417,r0015,9,3.25,0.23999999999999999,-60.507774608852941,60.766974916534778,32.111035030441727,38,63765,45
p001418,r0012,14,1.6499999999999999,0.46999999999999997,-59.726613253860201,60.422256303821293,3.5022876117109929,30,63810,45
p001419,r0022,21,3.25,0.76000000000000001,-60.21010928241629,59.743065660076411,-31.871347296218044,36,63855,45
p001420,r0012,30,3.25,0.23999999999999999,-59.83328924912928,59.700829764707997,30.562641201387052,40,63900,45
p001421,r0012,21,2.4500000000000002,0.76000000000000001,-60.160314121418921,59.508829678369459,-31.889719609469712,31,63945,45
p001422,r0028,30,4.0499999999999998,0.76000000000000001,-60.418997299948018,61.48010233989131,-30.713213386386581,40,63990,45
p001423,r0006,30,3.25,0.23999999999999999,-60.213903816404127,60.192027823203574,30.844604229697726,40,64035,45
p001424,r0008,14,3.25,0.76000000000000001,-59.618808212967622,59.594181997468162,-30.557690562463034,35,64080,45
p001425,r0011,9,1.25,0.46999999999999997,-60.109121990848422,60.152091197150696,3.1793209987911153,28,64125,45
p001426,r0021,30,2.0499999999999998,0.23999999999999999,-59.53493319183525,59.619399308621389,30.572359508511799,33,64170,45
p001427,r0005,14,1.25,0.23999999999999999,-59.930923180014418,60.5299401876498,32.06933297941039,28,64215,45
p001428,r0022,21,2.4500000000000002,0.23999999999999999,-59.659900462293677,59.908970787616781,31.662441687638271,37,64260,45
p001429,r0012,21,2.4500000000000002,0.46999999999999997,-60.780067943430048,59.379221211616247,3.3543553087444922,34,64305,45
p001430,r0011,30,3.25,0.23999999999999999,-60.568402139924764,59.688296393211054,30.376688745258459,40,64350,45
p001431,r0003,30,0.84999999999999998,0.46999999999999997,-59.912390636625688,60.395287521367507,4.3006787871107095,26,64395,45
p001432,r0021,21,4.0499999999999998,0.76000000000000001,-60.312248568630451,60.465789277900249,-31.775519485463082,39,64440,45
p001433,r0016,21,4.0499999999999998,0.46999999999999997,-60.642733881499872,60.097581091417858,3.79963305414653,40,64485,45
p001434,r0014,14,2.0499999999999998,0.76000000000000001,-60.301363047094917,60.039534968989273,-31.869547523234711,30,64530,45
p001435,r0012,21,1.6499999999999999,0.46999999999999997,-59.598029146547475,59.838149736793028,3.2531456616229972,28,64575,45
p001436,r0007,30,3.25,0.46999999999999997,-60.761354837496036,59.94187535225749,3.6613571630733377,39,64620,45
p001437,r0002,30,3.6499999999999999,0.46999999999999997,-59.772689609303505,60.586445404117192,3.5676519478094688,40,64665,45
p001438,r0006,14,0.84999999999999998,0.76000000000000001,-59.725164741364537,60.455098907133973,-30.431901465724895,27,64710,45
p001439,r0009,21,2.4500000000000002,0.46999999999999997,-59.526012789074464,59.671503584128963,3.1986708887233588,35,64755,45
p001440,r0016,30,0.84999999999999998,0.76000000000000001,-68.576322003810503,86.844460683881152,-31.725334158764507,26,64800,45
p001441,r0005,21,2.8500000000000001,0.46999999999999997,-59.710090210682786,60.764782868599177,3.6915925213366547,36,64845,45
p001442,r0020,21,1.25,0.46999999999999997,-60.320565260470254,60.600209423394766,3.3174453219782079,27,64890,45
p001443,r0000,9,2.4500000000000002,0.76000000000000001,-59.712436556191179,60.099045914354413,-31.407680763260249,34,64935,45
p001444,r0003,30,4.0499999999999998,0.46999999999999997,-60.526444368155104,60.395381496435107,4.0121233400777117,40,64980,45
p001445,r0005,21,3.25,0.76000000000000001,-60.197232462978405,60.326051297371578,-30.821644360494407,37,65025,45
p001446,r0008,30,1.25,0.76000000000000001,-60.079483580929256,60.168007744775394,-31.67008566276014,26,65070,45
p001447,r0006,30,1.6499999999999999,0.46999999999999997,-59.855508170197254,59.530133776840628,2.9688820617328302,27,65115,45
p001448,r0008,9,3.25,0.76000000000000001,-60.077431796562635,59.680788329086234,-31.78545896640691,36,65160,45
p001449,r0012,30,0.84999999999999998,0.46999999999999997,-59.924835702644728,59.305089869962515,2.8170248508371172,26,65205,45
p001450,r0009,9,1.25,0.46999999999999997,-60.235196571945167,59.57365188407131,3.7134931097435713,28,65250,45
p001451,r0007,9,4.0499999999999998,0.76000000000000001,-60.105529925983625,60.141678783056321,-31.696199835814038,37,65295,45
p001452,r0017,30,2.0499999999999998,0.23999999999999999,-78.017133131047331,65.742296162428573,31.690033131994358,34,65340,45
p001453,r0021,9,1.6499999999999999,0.23999999999999999,-60.264883617197029,60.2233900345812,30.856204358154429,32,65385,45
p001454,r0012,30,2.8500000000000001,0.76000000000000001,-59.87216673638612,60.018112882004765,-30.64849962797231,35,65430,45
p001455,r0008,30,2.8500000000000001,0.46999999999999997,-59.785166110380182,59.572372001023489,3.024329088663765,38,65475,45
p001456,r0010,14,2.8500000000000001,0.46999999999999997,-59.631754524265908,59.837906217013405,4.1371656686121314,35,65520,45
p001457,r0010,30,3.25,0.76000000000000001,-72.233964556806029,98.934129028093508,-30.703622096430156,38,65565,45
p001458,r0021,21,1.6499999999999999,0.23999999999999999,-59.978341117242948,59.582654948483182,31.33801589270891,30,65610,45
p001459,r0017,14,1.25,0.23999999999999999,-60.299084684491049,60.155740255402172,31.696582269827797,29,65655,45
p001460,r0024,9,4.0499999999999998,0.23999999999999999,-59.279320156640921,60.014576750932875,30.934041493115167,39,65700,45
p001461,r0006,14,2.4500000000000002,0.76000000000000001,-59.90546279962178,60.46386244267967,-31.466824741469434,31,65745,45
p001462,r0012,9,1.6499999999999999,0.46999999999999997,-59.485898720613207,59.855046086913433,4.2148020273759146,31,65790,45
p001463,r0022,9,4.0499999999999998,0.23999999999999999,-59.761241891718484,59.753300950105817,31.519810668067986,39,65835,45
p001464,r0023,9,2.8500000000000001,0.46999999999999997,-59.933851661434858,60.466009959114487,3.428074997456295,35,65880,45
p001465,r0001,9,1.6499999999999999,0.76000000000000001,-59.65782119902007,60.134098742589835,-31.357760413033692,29,65925,45
p001466,r0007,21,1.25,0.23999999999999999,-60.246365194325008,60.291150971528872,30.912147091723945,28,65970,45
p001467,r0027,30,2.4500000000000002,0.23999999999999999,-60.774459876125874,59.814251305927478,30.422960622234676,38,66015,45
p001468,r0015,21,0.84999999999999998,0.46999999999999997,-60.377964800518448,59.98320234060008,3.8634537842743741,26,66060,45
p001469,r0010,21,1.6499999999999999,0.23999999999999999,-91.428204333361109,70.111158441593673,30.891711375604526,30,66105,45
p001470,r0019,14,0.84999999999999998,0.23999999999999999,-60.574640653201428,60.098050388034103,30.686604538137576,27,66150,45
p001471,r0001,21,2.8500000000000001,0.76000000000000001,-60.342919248061214,60.048214176842031,-30.999047226084439,34,66195,45
p001472,r0009,9,4.0499999999999998,0.76000000000000001,-59.973396208339764,59.987293789629959,-31.632830608827032,37,66240,45
p001473,r0018,30,1.25,0.76000000000000001,-60.484511438221261,60.240105106364453,-31.960603467520695,26,66285,45
p001474,r0010,9,1.6499999999999999,0.46999999999999997,-59.692843933832179,59.370251979133698,3.8605969000397424,30,66330,45
p001475,r0000,14,3.6499999999999999,0.76000000000000001,-62.203400853611939,65.076198496106031,-31.206297009679634,37,66375,45
p001476,r0024,30,1.25,0.46999999999999997,-60.376258100006609,59.83400830945267,2.885183097006812,26,66420,45
p001477,r0017,30,2.4500000000000002,0.46999999999999997,-60.044225273840112,60.391210820580852,4.2365558562030019,34,66465,45
p001478,r0003,14,2.8500000000000001,0.46999999999999997,-59.962188957519373,59.664499871360448,2.9899561217869346,37,66510,45
p001479,r0012,30,0.84999999999999998,0.76000000000000001,-60.022652521908647,59.939295240394202,-30.781785058955965,26,66555,45
p001480,r0014,21,3.25,0.46999999999999997,-59.897369028569194,59.425118788493073,3.7935495144738072,39,66600,45
p001481,r0020,14,3.25,0.76000000000000001,-60.347370298492194,59.691078131906984,-31.988142675196389,35,66645,45
p001482,r0001,9,3.25,0.23999999999999999,-59.831414719376056,60.037641235742718,30.819067806514216,38,66690,45
p001483,r0027,14,3.6499999999999999,0.76000000000000001,-60.727768393014728,59.663839976906459,-31.383782384233644,38,66735,45
p001484,r0024,14,2.0499999999999998,0.76000000000000001,-59.891826027329913,60.444035927650518,-31.461219158134607,29,66780,45
p001485,r0022,21,1.6499999999999999,0.23999999999999999,-60.456260472949985,59.599907351593529,30.336427073703089,30,66825,45
p001486,r0001,21,1.6499999999999999,0.23999999999999999,-60.23257369017989,59.908378911824904,31.524550287343754,31,66870,45
p001487,r0002,14,3.6499999999999999,0.46999999999999997,-60.127386839334463,59.457160259747155,3.702423123178801,39,66915,45
p001488,r0012,9,3.25,0.46999999999999997,-60.173895322556568,59.843835679636094,2.9855021086055471,36,66960,45
p001489,r0001,30,1.6499999999999999,0.46999999999999997,-60.055371204760007,59.750714877533596,3.8918544188556057,27,67005,45
p001490,r0026,21,1.25,0.23999999999999999,-60.17996018872546,59.741227624441464,30.510142549281404,28,67050,45
p001491,r0001,21,0.84999999999999998,0.46999999999999997,-59.980936000938151,60.089688590457904,4.1064950325017593,26,67095,45
p001492,r0024,21,4.0499999999999998,0.46999999999999997,-60.06043873291425,60.290802913223288,3.2757193395386492,40,67140,45
p001493,r0001,30,3.6499999999999999,0.23999999999999999,-60.141105427347327,60.433755375131582,31.945788782536646,40,67185,45
p001494,r0014,9,3.6499999999999999,0.76000000000000001,-60.33612603084849,59.934899324085301,-31.921079945664378,36,67230,45
p001495,r0008,14,0.84999999999999998,0.46999999999999997,-59.867195654368466,59.87143618931578,3.1442792227841876,27,67275,45
p001496,r0020,21,2.0499999999999998,0.23999999999999999,-64.52351978569537,61.521086568141257,30.820381043220468,35,67320,45
p001497,r0014,21,1.25,0.46999999999999997,-59.479230938096265,59.605964379274411,4.0859225801101973,27,67365,45
p001498,r0026,14,0.84999999999999998,0.76000000000000001,-59.986309745337991,60.37923570410905,-31.548578837470696,27,67410,45
p001499,r0027,21,3.25,0.23999999999999999,-93.535435912213245,70.914888247182859,31.896810448927791,40,67455,45
p001500,r0015,21,3.6499999999999999,0.46999999999999997,-59.674205143122627,60.047076064302438,4.2280738968126572,39,67500,45
p001501,r0015,9,1.6499999999999999,0.46999999999999997,-59.932767101795875,59.87722440165544,4.0165283950333235,29,67545,45
p001502,r0009,30,3.25,0.76000000000000001,-60.288157041440307,60.233030827117609,-31.813071952986409,38,67590,45
p001503,r0024,9,2.8500000000000001,0.76000000000000001,-64.521418490414675,74.092813197823418,-30.804002885237526,33,67635,45
p001504,r0001,9,2.4500000000000002,0.76000000000000001,-64.738402187741215,75.496914452452231,-31.53192619409479,33,67680,45
p001505,r0006,9,2.0499999999999998,0.46999999999999997,-60.161343744555062,59.899332924172576,3.9208148898705888,32,67725,45
p001506,r0023,9,1.25,0.23999999999999999,-69.530798400312719,62.981537216863686,30.728576668741351,30,67770,45
p001507,r0007,14,1.25,0.76000000000000001,-61.507820807323753,62.792025484213717,-32.125857697354768,27,67815,45
p001508,r0005,14,2.8500000000000001,0.76000000000000001,-60.564133726852887,59.546990473824522,-31.28746391869031,34,67860,45
p001509,r0000,9,2.8500000000000001,0.46999999999999997,-59.772449351997068,60.549688109539602,3.5482835026173687,37,67905,45
p001510,r0020,14,4.0499999999999998,0.46999999999999997,-59.928275448255071,59.963896531194713,4.0645757008533154,39,67950,45
p001511,r0023,30,0.84999999999999998,0.46999999999999997,-60.125622922124442,60.771562134253976,3.499885157756121,26,67995,45
p001512,r0011,30,2.0499999999999998,0.76000000000000001,-59.655729561653231,59.709622647330647,-31.458045031497104,27,68040,45
p001513,r0023,14,1.6499999999999999,0.23999999999999999,-60.096274596187477,60.714695972196047,31.270063035784002,30,68085,45
p001514,r0008,21,4.0499999999999998,0.23999999999999999,-60.057409167476209,59.519899565827615,30.371345469834697,40,68130,45
p001515,r0009,9,2.0499999999999998,0.76000000000000001,-60.723470814056043,60.744687996944464,-31.121112699415921,30,68175,45
p001516,r0024,30,0.84999999999999998,0.23999999999999999,-75.88360775893203,65.349558447002025,31.003598557577856,26,68220,45
p001517,r0004,21,2.0499999999999998,0.23999999999999999,-60.299930109662853,59.486780523816329,31.187969971781328,32,68265,45
p001518,r0002,30,1.6499999999999999,0.76000000000000001,-59.723898739043761,59.742561008940449,-30.601948399527554,26,68310,45
p001519,r0016,9,2.0499999999999998,0.76000000000000001,-59.667113245520611,59.526205684363859,-30.610716702348345,31,68355,45
p001520,r0012,30,0.84999999999999998,0.23999999999999999,-59.83822804213483,59.889032573907052,30.704490026057002,26,68400,45
p001521,r0014,9,0.84999999999999998,0.23999999999999999,-60.16018509206846,60.056421764511313,30.754436118932169,28,68445,45
p001522,r0015,21,1.6499999999999999,0.23999999999999999,-60.039104322589331,59.88773706611893,31.555295132828949,30,68490,45
p001523,r0024,30,2.4500000000000002,0.46999999999999997,-60.284506404306683,59.777465216511558,2.898338554726986,35,68535,45
p001524,r0004,30,3.6499999999999999,0.23999999999999999,-59.255076393215489,60.258212719129595,32.025023332166775,40,68580,45
p001525,r0004,30,2.8500000000000001,0.23999999999999999,-59.235241388051861,60.079376254435466,31.893868020238511,39,68625,45
p001526,r0014,30,3.25,0.76000000000000001,-61.482279059755683,65.790860255464636,-31.386725624102805,38,68670,45
p001527,r0013,30,1.25,0.23999999999999999,-59.555446816254921,59.63250215615664,31.477394402777865,27,68715,45
p001528,r0019,9,2.8500000000000001,0.46999999999999997,-59.136591495548302,60.053153951929332,4.4839735916148458,36,68760,45
p001529,r0024,30,2.8500000000000001,0.46999999999999997,-59.582345829539676,60.10243034456721,3.4005855427369793,38,68805,45
p001530,r0019,9,1.25,0.46999999999999997,-59.551534919845395,60.242906265358627,4.3895189083127422,29,68850,45
p001531,r0013,14,1.6499999999999999,0.23999999999999999,-60.020520350661087,60.022663310731161,30.762299231997023,32,68895,45
p001532,r0013,30,2.0499999999999998,0.23999999999999999,-59.554559237749558,60.659308421159317,32.257980183021189,34,68940,45
p001533,r0013,21,1.25,0.23999999999999999,-59.815042021735252,60.102349770215937,31.772175740147652,28,68985,45
p001534,r0023,14,1.25,0.23999999999999999,-65.032590700467551,61.912235218535201,30.995476997974542,29,69030,45
p001535,r0009,14,0.84999999999999998,0.76000000000000001,-60.028073125513814,60.224697558596624,-30.71740816132731,27,69075,45
p001536,r0019,30,2.4500000000000002,0.46999999999999997,-59.966137219270621,59.844164868910667,3.0833228874654663,36,69120,45
p001537,r0000,21,0.84999999999999998,0.46999999999999997,-60.374571302359548,60.345863802229452,4.0572593030726241,26,69165,45
p001538,r0020,9,3.6499999999999999,0.46999999999999997,-59.707366432508714,60.498209477859668,4.4515887999865287,38,69210,45
p001539,r0020,30,2.8500000000000001,0.46999999999999997,-60.32691414322705,59.647200298884194,2.8093665110919117,38,69255,45
p001540,r0023,30,3.25,0.76000000000000001,-59.69179771781387,59.680163317961693,-30.592527069227739,38,69300,45
p001541,r0001,9,2.8500000000000001,0.76000000000000001,-59.845979340890594,59.41957311824261,-31.67224675069863,34,69345,45
p001542,r0014,21,2.4500000000000002,0.23999999999999999,-60.323460549729234,59.883700537462076,31.483981876536163,36,69390,45
p001543,r0000,9,1.6499999999999999,0.46999999999999997,-60.129044944551822,60.297010285001193,3.2467643271112818,30,69435,45
p001544,r0001,14,1.25,0.46999999999999997,-60.258144545081187,59.914473056205004,2.9833427836004942,27,69480,45
p001545,r0017,21,1.25,0.23999999999999999,-60.08145966177338,59.805439327556584,31.482583570117392,28,69525,45
p001546,r0006,14,2.8500000000000001,0.76000000000000001,-59.764405250047702,58.786223299788674,-30.862254398086979,34,69570,45
p001547,r0016,30,3.25,0.46999999999999997,-60.236550088349034,60.12211772375592,3.1035438520665961,39,69615,45
p001548,r0009,30,3.25,0.23999999999999999,-59.837611295364049,60.360442419350221,31.962909527818798,40,69660,45
p001549,r0007,21,2.0499999999999998,0.76000000000000001,-60.125832690017056,60.063727891288288,-31.730338150503773,29,69705,45
p001550,r0002,30,3.6499999999999999,0.23999999999999999,-60.472367176759185,59.258306407347121,30.072944747161607,40,69750,45
p001551,r0000,14,0.84999999999999998,0.76000000000000001,-60.402699958717456,60.381940893118305,-31.864386154276875,27,69795,45
p001552,r0006,21,2.0499999999999998,0.23999999999999999,-59.628654611215119,59.986526544100556,30.828883066824798,34,69840,45
p001553,r0013,30,3.25,0.76000000000000001,-59.668257683180613,60.20877768033516,-31.347769195936831,38,69885,45
p001554,r0007,9,2.8500000000000001,0.76000000000000001,-60.324740123879181,59.753116110088655,-31.056054627726898,33,69930,45
p001555,r0022,9,2.4500000000000002,0.76000000000000001,-59.704338188334049,60.118923686527836,-31.396755338367196,33,69975,45
p001556,r0008,21,1.6499999999999999,0.46999999999999997,-60.484119287919484,59.938847807909809,3.7900532728700442,27,70020,45
p001557,r0027,14,2.4500000000000002,0.76000000000000001,-60.647779812815543,59.99732174991383,-32.142955437760499,31,70065,45
p001558,r0011,9,1.6499999999999999,0.76000000000000001,-60.454711139739032,60.089082640914917,-31.074200632382084,29,70110,45
p001559,r0017,14,0.84999999999999998,0.23999999999999999,-60.194552326695828,59.680717272468335,30.460652568668937,28,70155,45
p001560,r0020,21,1.6499999999999999,0.23999999999999999,-59.095592829085419,59.699655719702413,30.738796067993334,30,70200,45
p001561,r0015,30,3.6499999999999999,0.46999999999999997,-59.321829390717078,60.088366322379507,4.4155743372241121,40,70245,45
p001562,r0025,30,2.0499999999999998,0.76000000000000001,-60.470837473453443,60.358493695999059,-31.921797992784843,28,70290,45
p001563,r0021,9,2.4500000000000002,0.76000000000000001,-64.924202117334062,73.498496654633612,-31.252754412061822,31,70335,45
p001564,r0007,9,3.6499999999999999,0.46999999999999997,-60.202613128087577,59.886358394643892,3.8945417789601082,37,70380,45
p001565,r0020,9,3.25,0.23999999999999999,-59.830617576809672,59.876243583613117,31.59659690511165,38,70425,45
p001566,r0008,21,2.8500000000000001,0.76000000000000001,-59.497015428911453,60.447750160688855,-31.160271687407384,36,70470,45
p001567,r0002,9,1.6499999999999999,0.23999999999999999,-60.230700763287771,60.288546071111014,30.913926830855306,32,70515,45
p001568,r0019,14,2.8500000000000001,0.46999999999999997,-59.713094275503465,59.397129639025977,2.9653243991971392,37,70560,45
p001569,r0015,14,1.25,0.76000000000000001,-60.207289178912085,59.662031986995977,-31.888652099094148,27,70605,45
p001570,r0004,14,2.4500000000000002,0.76000000000000001,-59.810769724540222,60.723319077837331,-31.332588411969606,32,70650,45
p001571,r0001,30,3.6499999999999999,0.46999999999999997,-60.033215300081949,59.74442177797485,3.8989323512881571,40,70695,45
p001572,r0019,9,2.0499999999999998,0.46999999999999997,-59.761752931253113,60.611563410341148,3.5861047297918516,31,70740,45
p001573,r0016,14,3.6499999999999999,0.76000000000000001,-62.64275492671689,68.599659849026352,-31.594575380538512,38,70785,45
p001574,r0012,21,4.0499999999999998,0.46999999999999997,-59.749710625383983,59.912532969719024,4.121278480020611,40,70830,45
p001575,r0017,30,3.25,0.23999999999999999,-59.873063331790476,59.607996766646792,31.382542343021846,40,70875,45
p001576,r0019,21,2.8500000000000001,0.23999999999999999,-59.97565782825194,60.538101231330117,32.064799057030427,39,70920,45
p001577,r0000,14,4.0499999999999998,0.23999999999999999,-60.167034814332808,59.871760056036564,31.512449287147916,40,70965,45
p001578,r0027,9,1.6499999999999999,0.76000000000000001,-59.807620884560265,60.268064926134933,-31.439456289993419,29,71010,45
p001579,r0025,30,2.8500000000000001,0.46999999999999997,-60.25032867916272,59.578336129016947,3.7088636691725059,38,71055,45
p001580,r0005,9,4.0499999999999998,0.46999999999999997,-60.328802793196495,60.218679975139743,3.1113630740217131,38,71100,45
p001581,r0002,9,2.0499999999999998,0.23999999999999999,-59.628540437078286,60.084479905408941,30.903355023212008,32,71145,45
p001582,r0001,30,3.6499999999999999,0.76000000000000001,-69.079808407986548,87.710730887797951,-31.90007897699827,39,71190,45
p001583,r0012,30,4.0499999999999998,0.23999999999999999,-60.253368629800477,59.944736664729113,30.647191394042011,40,71235,45
p001584,r0000,9,2.0499999999999998,0.23999999999999999,-59.571951800745801,59.379287494915623,31.280990063956882,32,71280,45
p001585,r0020,30,1.25,0.23999999999999999,-79.204168351696893,65.087679798590955,30.007636242521873,27,71325,45
p001586,r0016,9,2.8500000000000001,0.23999999999999999,-59.545398048806945,59.641037812258517,31.486293205602806,36,71370,45
p001587,r0019,14,3.25,0.23999999999999999,-59.723118131923954,59.794451504694251,30.660234791905882,39,71415,45
p001588,r0022,30,1.6499999999999999,0.76000000000000001,-60.050676634211868,59.740912834288629,-30.85069516177175,27,71460,45
p001589,r0001,9,2.8500000000000001,0.23999999999999999,-60.428359413802752,59.982230600652116,30.633688997182951,37,71505,45
p001590,r0013,14,3.25,0.46999999999999997,-59.867409041368497,60.061760246149355,3.2450506810159707,38,71550,45
p001591,r0014,14,4.0499999999999998,0.23999999999999999,-89.769701292918384,69.750198877580047,31.015422836660424,40,71595,45
p001592,r0024,30,4.0499999999999998,0.76000000000000001,-59.479185148952809,59.349742960067232,-30.510242402787998,40,71640,45
p001593,r0019,21,0.84999999999999998,0.23999999999999999,-60.00735458433536,59.94378717327794,30.705513151450749,27,71685,45
p001594,r0026,30,3.25,0.46999999999999997,-60.488617748065131,60.187934007802973,3.0199546825449657,39,71730,45
p001595,r0012,14,1.25,0.76000000000000001,-60.15923857336427,60.420123751166919,-31.670191615476785,27,71775,45
p001596,r0018,21,1.6499999999999999,0.23999999999999999,-59.679934797295431,60.275986729408466,31.036565562999535,30,71820,45
p001597,r0003,9,4.0499999999999998,0.46999999999999997,-59.94931061365957,59.618703474114206,2.9717368528605332,39,71865,45
p001598,r0016,30,4.0499999999999998,0.46999999999999997,-59.753238950545494,59.771723707126881,3.1449912580208688,40,71910,45
p001599,r0003,30,3.6499999999999999,0.46999999999999997,-59.93046451256378,59.940272795520734,4.0510262607210139,40,71955,45
p001600,r0017,21,1.25,0.76000000000000001,-59.154579373143442,59.861250742812743,-30.140780145313958,27,72000,45
p001601,r0003,14,3.6499999999999999,0.23999999999999999,-59.798387181222736,59.663465732644504,31.442621033316367,40,72045,45
p001602,r0021,30,2.8500000000000001,0.23999999999999999,-60.303134695765692,60.037120276334697,30.705459083030608,39,72090,45
p001603,r0006,30,2.8500000000000001,0.46999999999999997,-59.864768232137365,59.979343659437703,3.2026110703974267,38,72135,45
p001604,r0007,14,3.25,0.76000000000000001,-59.691236041462247,59.819643637777091,-30.55862491844481,35,72180,45
p001605,r0022,21,0.84999999999999998,0.76000000000000001,-59.7233387471829,59.447579169533782,-31.572318447170897,26,72225,45
p001606,r0026,9,1.25,0.23999999999999999,-59.903708767928116,59.931087858980796,30.720736668522658,29,72270,45
p001607,r0006,14,2.8500000000000001,0.23999999999999999,-60.601453080369076,59.655264195335818,31.243652049166645,38,72315,45
p001608,r0000,14,3.6499999999999999,0.46999999999999997,-60.010360743464837,60.111242515815412,4.1040889839536989,39,72360,45
p001609,r0022,21,2.8500000000000001,0.46999999999999997,-60.384295968762729,60.297387196332153,4.0269961087375608,36,72405,45
p001610,r0002,9,1.25,0.76000000000000001,-59.9839014619605,60.099791326688084,-30.713815192684844,28,72450,45
p001611,r0001,30,2.0499999999999998,0.46999999999999997,-59.911663534846404,60.478253282577761,3.4449923783884087,30,72495,45
p001612,r0023,30,2.4500000000000002,0.76000000000000001,-60.079531644121708,59.867533554251466,-31.742235996512147,31,72540,45
p001613,r0025,14,2.0499999999999998,0.76000000000000001,-60.057620029512613,60.909832822165718,-31.475431345109815,29,72585,45
p001614,r0020,14,3.25,0.23999999999999999,-61.528740839253992,60.56770649869641,31.714559137588317,39,72630,45
p001615,r0026,30,2.8500000000000001,0.76000000000000001,-60.169540132425055,60.347536019253802,-30.795441856022119,34,72675,45
p001616,r0000,21,2.0499999999999998,0.23999999999999999,-61.706510744418082,60.500671718933347,31.620947927729006,34,72720,45
p001617,r0021,14,1.6499999999999999,0.76000000000000001,-60.134028047606868,60.166920998514946,-30.811800276537635,28,72765,45
p001618,r0009,9,1.6499999999999999,0.23999999999999999,-59.932256934904501,60.032701715706054,31.691111639559519,33,72810,45
p001619,r0005,21,2.4500000000000002,0.23999999999999999,-60.235809813827643,59.530519176311884,31.236600218678397,37,72855,45
p001620,r0011,9,0.84999999999999998,0.76000000000000001,-59.648226678299224,60.22890795648474,-31.327714365951085,28,72900,45
p001621,r0020,9,2.0499999999999998,0.23999999999999999,-59.91245255334605,60.019520136067946,31.685846690608589,34,72945,45
p001622,r0008,21,2.0499999999999998,0.46999999999999997,-59.989839921931228,59.126500399664913,3.5918204485147287,30,72990,45
p001623,r0008,21,2.4500000000000002,0.23999999999999999,-59.700190122758613,60.151369561857116,31.836995237549342,38,73035,45
p001624,r0001,14,2.4500000000000002,0.76000000000000001,-59.711414501605248,60.212369459536234,-31.379706350931297,31,73080,45
p001625,r0011,21,3.25,0.76000000000000001,-60.02296008725672,60.488089686191323,-31.550308141629191,37,73125,45
p001626,r0007,30,4.0499999999999998,0.23999999999999999,-60.348153503824392,60.208526456533292,31.724923266047448,40,73170,45
p001627,r0010,9,2.4500000000000002,0.76000000000000001,-59.914947706381867,60.480030127360877,-31.470153026283608,32,73215,45
p001628,r0029,21,4.0499999999999998,0.46999999999999997,-60.668338091651094,59.949836821897875,3.709294612529864,40,73260,45
p001629,r0011,21,2.0499999999999998,0.23999999999999999,-59.397198353035272,60.047947263447377,31.831112315491541,34,73305,45
p001630,r0012,14,2.8500000000000001,0.23999999999999999,-60.151765303556189,59.71943552070011,30.500347322878596,37,73350,45
p001631,r0001,21,3.25,0.46999999999999997,-59.71752673441727,59.829631191480566,4.0924669663085895,39,73395,45
p001632,r0019,14,4.0499999999999998,0.46999999999999997,-60.072089516847036,60.249535592651945,4.1483717911874267,39,73440,45
p001633,r0014,30,2.4500000000000002,0.46999999999999997,-60.849110740956874,60.242657018116979,2.8795261713522704,33,73485,45
p001634,r0003,30,1.25,0.76000000000000001,-60.61054997674762,60.053721956376556,-31.201124712797832,26,73530,45
p001635,r0022,21,1.6499999999999999,0.46999999999999997,-60.493893024200631,59.576127781966335,2.693218003067865,28,73575,45
p001636,r0008,30,4.0499999999999998,0.23999999999999999,-77.713512828502502,66.129687840856036,31.157319680209991,40,73620,45
p001637,r0009,21,3.6499999999999999,0.46999999999999997,-59.706332979290089,60.483301903422422,4.4441735085475473,40,73665,45
p001638,r0013,14,1.25,0.23999999999999999,-59.916794411494095,60.157589172117703,30.889737112050874,29,73710,45
p001639,r0004,14,1.6499999999999999,0.46999999999999997,-59.440317309576599,60.844998115910457,4.7608998659315462,28,73755,45
p001640,r0012,21,1.6499999999999999,0.76000000000000001,-59.527768094894917,60.261571173590674,-31.228326670458376,27,73800,45
p001641,r0001,21,1.6499999999999999,0.76000000000000001,-59.994456342512557,60.152094338336006,-30.709284179108902,27,73845,45
p001642,r0023,21,2.0499999999999998,0.46999999999999997,-60.164037556183324,59.312813074385168,3.6086932780179781,31,73890,45
p001643,r0005,14,2.4500000000000002,0.23999999999999999,-59.942654661290092,59.694818997078144,31.431825319069766,37,73935,45
p001644,r0026,14,3.6499999999999999,0.76000000000000001,-59.630708073637535,59.699312831296346,-31.441503056453403,39,73980,45
p001645,r0022,9,0.84999999999999998,0.23999999999999999,-60.142981912837854,60.009175951275182,30.722658063888055,28,74025,45
p001646,r0013,30,2.0499999999999998,0.76000000000000001,-60.288259001667811,60.221043449225093,-31.81602641345351,28,74070,45
p001647,r0007,30,0.84999999999999998,0.46999999999999997,-59.581951311941474,59.720782704203621,3.1984977166154307,26,74115,45
p001648,r0021,9,2.8500000000000001,0.23999999999999999,-60.164821996795609,60.371658019935552,30.992902815920075,37,74160,45
p001649,r0009,30,2.8500000000000001,0.23999999999999999,-60.268490266986618,60.241256765814001,30.868917477941853,40,74205,45
p001650,r0000,9,0.84999999999999998,0.46999999999999997,-60.391628872505258,59.607882350925543,3.6581120759130714,28,74250,45
p001651,r0021,9,3.6499999999999999,0.76000000000000001,-60.207386416530831,59.580898322524845,-31.00819807915747,37,74295,45
p001652,r0013,9,2.8500000000000001,0.76000000000000001,-59.68506253820599,59.969120821135057,-31.418058531964139,33,74340,45
p001653,r0018,9,3.25,0.23999999999999999,-60.300905754903496,60.104463814707223,30.757175118000653,38,74385,45
p001654,r0019,30,0.84999999999999998,0.76000000000000001,-60.502008189314914,59.870878035094627,-31.162515495456628,26,74430,45
p001655,r0013,21,1.6499999999999999,0.76000000000000001,-60.09856435761035,59.676074878586476,-30.902650940923113,27,74475,45
p001656,r0001,30,3.25,0.76000000000000001,-60.189984338846067,60.194660719554783,-31.747669524829863,38,74520,45
p001657,r0025,30,2.8500000000000001,0.76000000000000001,-60.279887186099003,59.780255553719726,-31.015452928542505,35,74565,45
p001658,r0007,30,1.6499999999999999,0.46999999999999997,-61.013366390948974,59.607458979599116,2.465671055441514,27,74610,45
p001659,r0002,14,1.6499999999999999,0.76000000000000001,-59.908422987968628,60.305298174461747,-31.507129908985338,28,74655,45
p001660,r0013,30,1.6499999999999999,0.23999999999999999,-60.315849157132291,60.364489080771385,31.851207903674506,30,74700,45
p001661,r0001,9,1.25,0.76000000000000001,-59.823209909320454,59.918083642347661,-30.635299456920119,28,74745,45
p001662,r0023,9,2.4500000000000002,0.46999999999999997,-59.818893347983952,60.134006386903373,3.3061435115063302,33,74790,45
p001663,r0021,21,0.84999999999999998,0.46999999999999997,-60.160723053083281,60.495598586241393,4.2371274157587964,26,74835,45
p001664,r0001,14,2.8500000000000001,0.76000000000000001,-60.17565269015526,60.450590980972621,-31.675354209084571,35,74880,45
p001665,r0013,30,2.0499999999999998,0.46999999999999997,-59.947755075401993,60.80760664800826,3.6025866380054437,29,74925,45
p001666,r0010,14,0.84999999999999998,0.76000000000000001,-60.38519779863023,59.940584090934401,-31.957010145134721,27,74970,45
p001667,r0008,9,2.4500000000000002,0.23999999999999999,-62.219185651539362,61.50145181058798,32.25849881967742,35,75015,45
p001668,r0017,30,2.8500000000000001,0.23999999999999999,-65.415168273313142,61.534756084738092,30.616774238805796,39,75060,45
p001669,r0015,21,1.25,0.76000000000000001,-59.667490549243027,59.853467838828308,-31.432460536105904,26,75105,45
p001670,r0016,21,0.84999999999999998,0.23999999999999999,-59.834706346963841,59.882422735731332,30.700311755884492,27,75150,45
p001671,r0006,21,4.0499999999999998,0.23999999999999999,-59.668308308942613,60.401121434359723,31.134458295967164,40,75195,45
p001672,r0015,9,4.0499999999999998,0.76000000000000001,-60.576797055673005,59.714319446528563,-31.256929095144631,37,75240,45
p001673,r0009,9,2.4500000000000002,0.46999999999999997,-60.407248213311981,60.76371578166772,3.3633627040272627,34,75285,45
p001674,r0004,21,4.0499999999999998,0.46999999999999997,-60.353850028827082,59.798216129491237,2.8767450350816288,40,75330,45
p001675,r0003,30,2.0499999999999998,0.76000000000000001,-60.231823789910337,60.202903741099625,-30.877489182467951,28,75375,45
p001676,r0008,14,3.6499999999999999,0.46999999999999997,-60.519686924096305,60.095721614410166,3.8564796013121283,38,75420,45
p001677,r0002,14,2.4500000000000002,0.76000000000000001,-60.122813754101216,59.929570801242683,-31.76024146081868,32,75465,45
p001678,r0010,21,3.25,0.46999999999999997,-60.204226159820792,60.063709542696159,3.9877797625131963,38,75510,45
p001679,r0027,14,1.6499999999999999,0.46999999999999997,-59.822932541681105,60.059521708151784,4.164768210730327,28,75555,45
p001680,r0011,14,3.25,0.76000000000000001,-64.384611950890644,74.724038038679822,-30.548535953393728,36,75600,45
p001681,r0017,14,1.25,0.76000000000000001,-59.849342199863727,59.59323085991516,-31.633124665516792,27,75645,45
p001682,r0009,21,2.8500000000000001,0.76000000000000001,-59.909031313849056,60.279149449803008,-31.513867930572562,34,75690,45
p001683,r0025,14,1.25,0.46999999999999997,-59.718667630935443,60.180673163829283,4.2779829902898685,27,75735,45
p001684,r0026,9,2.4500000000000002,0.46999999999999997,-59.717476336354828,60.033758543746778,4.2006781500990273,32,75780,45
p001685,r0021,30,2.8500000000000001,0.76000000000000001,-64.840225620774021,76.044241116905056,-30.57795360373105,34,75825,45
p001686,r0015,30,3.25,0.23999999999999999,-60.223090329036097,60.888162096321707,32.271461514235838,40,75870,45
p001687,r0015,21,2.8500000000000001,0.46999999999999997,-60.022691655364127,60.032974321672668,3.1568113124653747,36,75915,45
p001688,r0029,30,4.0499999999999998,0.23999999999999999,-60.55344903028341,60.531648419018204,31.921225031185816,40,75960,45
p001689,r0017,30,1.6499999999999999,0.23999999999999999,-69.93038983942013,63.023320457538077,31.564429986268106,29,76005,45
p001690,r0025,30,2.0499999999999998,0.23999999999999999,-60.273601149225115,60.388353764980486,31.879484585571142,34,76050,45
p001691,r0018,30,0.84999999999999998,0.46999999999999997,-60.186970750236348,60.330148210712174,4.1371022990663748,26,76095,45
p001692,r0024,30,0.84999999999999998,0.76000000000000001,-60.523354418137096,60.466175658559166,-31.935867199729994,26,76140,45
p001693,r0010,14,2.4500000000000002,0.23999999999999999,-59.930037275376961,59.843952042948182,31.548194606550151,38,76185,45
p001694,r0023,21,3.25,0.23999999999999999,-59.572722525620435,60.297444145711665,31.978604144591962,40,76230,45
p001695,r0016,9,1.25,0.76000000000000001,-59.889687819441122,59.812351576166655,-30.711198364495257,28,76275,45
p001696,r0014,14,3.6499999999999999,0.46999999999999997,-59.897943425265254,60.015925218354909,4.1064069558534344,39,76320,45
p001697,r0012,14,2.0499999999999998,0.76000000000000001,-60.143629903922758,60.272574596073056,-30.793740823923759,29,76365,45
p001698,r0025,14,1.6499999999999999,0.46999999999999997,-59.973541835104378,60.276569551152456,4.2090171996117478,29,76410,45
p001699,r0011,21,3.6499999999999999,0.76000000000000001,-60.806085386115015,60.745635441188547,-32.083672387562167,39,76455,45
p001700,r0000,30,2.4500000000000002,0.46999999999999997,-60.299910574516467,59.782279940962205,3.7936503986872312,34,76500,45
p001701,r0002,30,2.0499999999999998,0.23999999999999999,-60.231403641937355,60.172237449284282,30.825363587391092,33,76545,45
p001702,r0016,21,1.25,0.23999999999999999,-60.181695653572845,60.273292377316203,31.814095249902834,27,76590,45
p001703,r0014,9,4.0499999999999998,0.76000000000000001,-60.524035785277945,60.432202622014444,-31.04453856752777,37,76635,45
p001704,r0009,21,1.25,0.46999999999999997,-59.63876643564388,59.589566994836282,3.1022502825106058,27,76680,45
p001705,r0020,30,1.6499999999999999,0.23999999999999999,-59.467309532254738,60.126415947024164,31.873921831997226,30,76725,45
p001706,r0020,9,0.84999999999999998,0.23999999999999999,-60.000159796094906,60.49015239179473,32.022477466701218,30,76770,45
p001707,r0003,14,4.0499999999999998,0.23999999999999999,-60.228910062304948,60.222400683030891,31.764086104150291,40,76815,45
p001708,r0005,9,3.6499999999999999,0.76000000000000001,-60.05704389616934,59.62580436683875,-31.7831603130474,36,76860,45
p001709,r0008,21,4.0499999999999998,0.46999999999999997,-59.321932667522042,60.247502546940673,4.4998679961431991,40,76905,45
p001710,r0027,14,0.84999999999999998,0.76000000000000001,-60.558249032755626,60.148869762494648,-31.13854052189556,27,76950,45
p001711,r0023,9,1.6499999999999999,0.46999999999999997,-59.98136442409816,59.235588318329292,2.7536205293883951,30,76995,45
p001712,r0018,30,3.25,0.23999999999999999,-60.049649427973478,60.070223323308618,30.791453863000918,40,77040,45
p001713,r0011,30,3.25,0.76000000000000001,-60.372010825821874,60.663875279292476,-31.773398160594429,39,77085,45
p001714,r0005,14,2.0499999999999998,0.76000000000000001,-59.976563184496037,60.184542903852346,-31.587897723292425,30,77130,45
p001715,r0026,21,2.8500000000000001,0.76000000000000001,-60.187616751489387,60.351884145327503,-30.808136536253333,32,77175,45
p001716,r0015,30,3.25,0.76000000000000001,-60.199882693498139,59.967989162206536,-30.909593448129019,38,77220,45
p001717,r0003,30,0.84999999999999998,0.76000000000000001,-59.940253600325136,60.162583637894443,-30.665572663152435,26,77265,45
p001718,r0012,9,3.6499999999999999,0.76000000000000001,-59.756498860330254,60.120166875287048,-31.436099083782114,37,77310,45
p001719,r0016,14,2.4500000000000002,0.76000000000000001,-59.914433634623926,60.075672084288385,-31.566808262084972,32,77355,45
p001720,r0000,9,2.4500000000000002,0.23999999999999999,-85.978496893122639,68.664222960527724,31.999970195651638,34,77400,45
p001721,r0008,14,1.25,0.46999999999999997,-60.363399346602357,59.982597975724225,3.8699792342307378,27,77445,45
p001722,r0018,30,1.25,0.23999999999999999,-60.205254607280288,59.726189769960996,31.392643119423088,27,77490,45
p001723,r0007,21,2.0499999999999998,0.46999999999999997,-60.258802490681198,60.198687610140077,3.1336672627540834,31,77535,45
p001724,r0024,21,4.0499999999999998,0.76000000000000001,-59.771054472627227,60.272909712106966,-30.510503068291019,39,77580,45
p001725,r0000,30,2.0499999999999998,0.46999999999999997,-60.173119906996817,59.883829652235775,3.9070633593964574,30,77625,45
p001726,r0002,9,3.6499999999999999,0.76000000000000001,-59.424594887057367,59.871489445167533,-31.24353464732339,36,77670,45
p001727,r0005,14,1.6499999999999999,0.46999999999999997,-60.282261984269958,60.256302404121676,3.1531771415776104,30,77715,45
p001728,r0019,21,2.4500000000000002,0.46999999999999997,-60.243286154573724,59.490181847596801,2.7654518865766589,34,77760,45
p001729,r0008,30,3.25,0.76000000000000001,-60.043925272584119,59.745199648506976,-30.844535291522259,37,77805,45
p001730,r0021,9,4.0499999999999998,0.23999999999999999,-60.433119690377474,60.151746623376972,31.661378708075905,39,77850,45
p001731,r0005,14,2.0499999999999998,0.46999999999999997,-60.333897673399534,59.804192355396694,2.889290041862469,31,77895,45
p001732,r0022,9,2.0499999999999998,0.23999999999999999,-59.900987993948902,59.581232908561525,30.455499891959025,34,77940,45
p001733,r0013,9,3.6499999999999999,0.46999999999999997,-60.087040364396529,60.09560918951594,4.0597638991770824,38,77985,45
p001734,r0011,9,2.4500000000000002,0.76000000000000001,-62.333660279207393,67.735257356224039,-31.567120046703845,32,78030,45
p001735,r0026,14,3.25,0.23999999999999999,-60.591726133676225,60.108834785336981,30.690700164773812,39,78075,45
p001736,r0002,21,3.25,0.76000000000000001,-59.473908411548116,59.320939935602873,-30.513144808231882,36,78120,45
p001737,r0017,14,2.8500000000000001,0.46999999999999997,-59.804470742031036,59.301948411488219,2.8719314093341692,36,78165,45
p001738,r0008,9,2.4500000000000002,0.76000000000000001,-60.218745150301544,59.176660839831477,-32.013847712669623,31,78210,45
p001739,r0016,14,2.0499999999999998,0.46999999999999997,-60.733482454402719,59.825030557671454,3.612529441996597,31,78255,45
p001740,r0006,9,2.4500000000000002,0.23999999999999999,-59.784362270927986,60.03756474769559,31.730302263225934,35,78300,45
p001741,r0006,30,1.25,0.46999999999999997,-59.788059854354962,59.807015142327892,4.0473298938869506,26,78345,45
p001742,r0018,9,3.6499999999999999,0.23999999999999999,-59.591209918980539,59.651599262930532,31.483325059271873,39,78390,45
p001743,r0006,30,2.4500000000000002,0.76000000000000001,-60.045576553806114,60.346116908293283,-30.701570122902258,31,78435,45
p001744,r0026,30,1.25,0.23999999999999999,-59.841794915963206,59.822133389888656,30.652790596484209,27,78480,45
p001745,r0010,30,1.25,0.76000000000000001,-59.974364282516945,60.22965632828808,-31.575399335923738,26,78525,45
p001746,r0005,9,3.25,0.46999999999999997,-60.674970571711761,59.578354631940492,2.6092917862239373,37,78570,45
p001747,r0007,21,3.25,0.46999999999999997,-60.009568569113377,60.16800459311083,3.2345452068654579,39,78615,45
p001748,r0019,9,2.8500000000000001,0.23999999999999999,-59.313160924385244,60.324953742270168,31.161806222272872,37,78660,45
p001749,r0019,9,0.84999999999999998,0.46999999999999997,-60.064653893350638,60.135715338881027,3.1915417997321454,28,78705,45
p001750,r0010,9,3.25,0.46999999999999997,-59.987453964925656,59.675266768048409,3.883788023550605,36,78750,45
p001751,r0013,30,2.4500000000000002,0.76000000000000001,-60.207322734338717,59.835307197228161,-30.947091550762668,31,78795,45
p001752,r0009,9,3.6499999999999999,0.46999999999999997,-60.684854739456455,59.683991527406803,2.6606337819810717,38,78840,45
p001753,r0004,9,0.84999999999999998,0.76000000000000001,-59.820901545534397,60.127301068647675,-31.483332918130689,27,78885,45
p001754,r0028,14,3.25,0.46999999999999997,-60.028098062052337,59.786927049523584,3.9238652470829054,38,78930,45
p001755,r0016,30,2.4500000000000002,0.76000000000000001,-63.69668933615587,72.364814947326693,-31.491928308120062,29,78975,45
p001756,r0012,9,2.0499999999999998,0.23999999999999999,-59.19097558518704,60.321354086733379,32.088394965472482,34,79020,45
p001757,r0016,21,1.6499999999999999,0.23999999999999999,-65.480962445019344,61.957566265686978,30.922319375117464,30,79065,45
p001758,r0019,14,2.8500000000000001,0.76000000000000001,-60.323886833042067,59.684153022588774,-31.071957267690667,34,79110,45
p001759,r0016,21,4.0499999999999998,0.23999999999999999,-60.090825341592975,60.211643195217491,31.78905074638298,40,79155,45
p001760,r0003,9,1.6499999999999999,0.46999999999999997,-59.685795611106172,60.69361362904894,3.6652912861760383,30,79200,45
p001761,r0026,14,3.6499999999999999,0.23999999999999999,-60.437815438202279,59.273832515403839,30.993037006538373,40,79245,45
p001762,r0020,21,3.6499999999999999,0.23999999999999999,-60.652095695147601,60.895461346610354,31.274047656588447,40,79290,45
p001763,r0016,14,4.0499999999999998,0.46999999999999997,-60.386729623718708,59.442746395004349,3.5728926662045142,39,79335,45
p001764,r0002,30,2.4500000000000002,0.76000000000000001,-60.051667650991035,59.390505930760376,-30.935545991370699,30,79380,45
p001765,r0012,14,1.6499999999999999,0.76000000000000001,-60.281409776782496,60.239906213047121,-31.806293939223391,28,79425,45
p001766,r0024,30,4.0499999999999998,0.23999999999999999,-60.413231952545857,60.221231461709856,31.718960242288482,40,79470,45
p001767,r0014,21,1.25,0.23999999999999999,-66.116526219535572,61.587043621356642,31.388186859542511,28,79515,45
p001768,r0026,30,2.4500000000000002,0.23999999999999999,-60.332053171535108,60.7262058674347,31.222223698081947,38,79560,45
p001769,r0023,14,2.0499999999999998,0.76000000000000001,-59.800169028389888,60.123769376667035,-31.468423811176226,30,79605,45
p001770,r0007,21,4.0499999999999998,0.76000000000000001,-65.221869705485318,75.648420771377801,-31.862999991038176,39,79650,45
p001771,r0009,30,1.25,0.76000000000000001,-60.030310331057848,60.23019692136242,-31.617788590476987,26,79695,45
p001772,r0013,9,2.0499999999999998,0.23999999999999999,-63.201834139150172,61.200993894190034,30.894315166188388,34,79740,45
p001773,r0005,9,2.8500000000000001,0.46999999999999997,-59.979626759360713,59.952724509882486,4.0345194133381854,36,79785,45
p001774,r0024,14,0.84999999999999998,0.23999999999999999,-59.988898783182172,59.829831508547507,31.523336238532384,27,79830,45
p001775,r0018,9,2.8500000000000001,0.76000000000000001,-59.879341276062938,60.367323844387307,-31.470141647154879,35,79875,45
p001776,r0000,30,1.6499999999999999,0.46999999999999997,-60.349705299241684,59.825433717350826,2.8931183795523507,27,79920,45
p001777,r0022,30,1.6499999999999999,0.46999999999999997,-59.826069751389831,60.346572059422989,4.31543040834097,27,79965,45
p001778,r0012,14,3.6499999999999999,0.46999999999999997,-60.366713281993093,59.789965172665212,3.7663262989758097,38,80010,45
p001779,r0002,30,1.25,0.76000000000000001,-59.873147510552315,60.848721080477844,-31.34989904870508,26,80055,45
p001780,r0017,9,1.25,0.46999999999999997,-61.068510816390152,59.506379992349487,2.3861813122418623,29,80100,45
p001781,r0014,30,0.84999999999999998,0.23999999999999999,-59.621868736181654,59.97015107958061,30.81806632379767,26,80145,45
p001782,r0007,9,3.25,0.23999999999999999,-60.095019154033679,60.073791186611899,30.783276704856963,37,80190,45
p001783,r0012,30,3.25,0.46999999999999997,-60.596806153230126,60.23971543374757,3.8965502878680569,40,80235,45
p001784,r0009,14,3.6499999999999999,0.76000000000000001,-60.241979116321929,59.975334169031264,-31.839823927837163,38,80280,45
p001785,r0012,14,3.25,0.76000000000000001,-64.897569925471188,73.951704274860532,-31.123744117391571,36,80325,45
p001786,r0006,9,3.6499999999999999,0.23999999999999999,-78.284951022658504,65.2666537298024,30.364268589211786,38,80370,45
p001787,r0001,30,1.6499999999999999,0.76000000000000001,-60.714721203939263,60.430397350324839,-32.08989275091588,26,80415,45
p001788,r0007,9,3.6499999999999999,0.23999999999999999,-60.103245025688551,60.28219017797943,31.839685729099116,39,80460,45
p001789,r0017,14,3.6499999999999999,0.23999999999999999,-59.956514243677091,59.780151867063566,31.493352000485807,40,80505,45
p001790,r0024,30,1.6499999999999999,0.46999999999999997,-59.577908523195724,60.056017278031227,3.3780721514545631,27,80550,45
p001791,r0012,21,4.0499999999999998,0.76000000000000001,-59.877963730029371,59.594096424161464,-31.65466929302357,40,80595,45
p001792,r0004,30,2.4500000000000002,0.76000000000000001,-59.981646520866391,59.907010833131082,-31.658368755907002,30,80640,45
p001793,r0024,21,4.0499999999999998,0.23999999999999999,-60.189032129924726,59.45555402943365,30.290853351187643,40,80685,45
p001794,r0017,9,4.0499999999999998,0.23999999999999999,-64.007731330260384,60.989885984722996,31.440457829126984,40,80730,45
p001795,r0005,21,1.25,0.76000000000000001,-60.504102043892615,59.970654430085773,-31.140160490137806,26,80775,45
p001796,r0007,9,2.4500000000000002,0.23999999999999999,-59.517286606458882,59.628802242312773,31.483740918607577,35,80820,45
p001797,r0005,30,2.0499999999999998,0.23999999999999999,-60.461452832078095,59.764093137016772,31.359962104434004,35,80865,45
p001798,r0023,21,1.6499999999999999,0.76000000000000001,-61.719938382423791,65.704628182231545,-31.588042406906506,27,80910,45
p001799,r0002,21,2.0499999999999998,0.23999999999999999,-59.742098082385965,60.094256198043553,30.883531170740468,33,80955,45
p001800,r0014,30,1.6499999999999999,0.76000000000000001,-59.837356502430026,59.931892875187529,-30.642736651801815,26,81000,45
p001801,r0023,30,2.8500000000000001,0.46999999999999997,-59.94319694088329,60.396807866821412,3.3870056072002042,38,81045,45
p001802,r0006,9,1.6499999999999999,0.23999999999999999,-59.711918829261592,59.521869555732465,31.355760343333891,31,81090,45
p001803,r0004,9,4.0499999999999998,0.46999999999999997,-60.838610775826375,60.18647587788886,2.8546851506427044,38,81135,45
p001804,r0013,21,2.4500000000000002,0.76000000000000001,-60.183099624980649,60.001241156711423,-30.888857837374555,31,81180,45
p001805,r0014,14,1.6499999999999999,0.23999999999999999,-60.151505878533982,60.159974165043053,30.835218954584565,31,81225,45
p001806,r0023,30,2.8500000000000001,0.76000000000000001,-60.295588343144352,59.710609173582888,-31.944100939129815,34,81270,45
p001807,r0012,30,3.25,0.76000000000000001,-60.189659775031942,59.991877942504715,-30.89609072282315,38,81315,45
p001808,r0021,30,3.6499999999999999,0.76000000000000001,-60.769159557914691,60.397034003775069,-31.239273103109152,39,81360,45
p001809,r0011,30,2.0499999999999998,0.46999999999999997,-60.23118103089493,59.596585843325713,3.7275354124420135,30,81405,45
p001810,r0011,21,2.8500000000000001,0.46999999999999997,-60.040323059110342,59.612342648691929,2.9255897660248662,37,81450,45
p001811,r0015,30,3.6499999999999999,0.23999999999999999,-83.875547737205778,68.168313563386562,32.127786851244402,40,81495,45
p001812,r0004,21,1.6499999999999999,0.46999999999999997,-59.769910119630232,60.459480247653737,3.5016667750302757,28,81540,45
p001813,r0009,14,2.8500000000000001,0.76000000000000001,-59.547866674453132,60.461508485404408,-30.29561663608732,34,81585,45
p001814,r0005,21,1.25,0.23999999999999999,-60.110557779630469,59.417896702953172,30.281067627133101,28,81630,45
p001815,r0022,9,1.25,0.46999999999999997,-60.672188114968094,59.767539165704633,3.6108673437884535,28,81675,45
p001816,r0011,9,1.25,0.23999999999999999,-59.338112376669841,60.056234668366869,30.95159137755806,29,81720,45
p001817,r0005,30,2.8500000000000001,0.46999999999999997,-59.75995210479666,60.264106388008436,3.4027988963900411,38,81765,45
p001818,r0026,14,0.84999999999999998,0.23999999999999999,-59.932595396672639,59.880272609031223,30.675184287662297,27,81810,45
p001819,r0008,9,0.84999999999999998,0.23999999999999999,-59.988608447866206,59.214731183414699,31.055929671907283,28,81855,45
p001820,r0007,21,2.4500000000000002,0.76000000000000001,-60.068745538377897,60.160344868893475,-30.763763840632766,29,81900,45
p001821,r0000,9,4.0499999999999998,0.46999999999999997,-59.269813575968676,60.115827774780364,4.4545763399283205,39,81945,45
p001822,r0005,21,0.84999999999999998,0.23999999999999999,-60.167013314301371,59.404174602026714,30.257089502107974,27,81990,45
p001823,r0019,21,3.6499999999999999,0.46999999999999997,-59.271773841781297,60.128153928693976,3.5601878765705974,40,82035,45
p001824,r0024,9,0.84999999999999998,0.46999999999999997,-59.967279439667287,60.479770829761669,4.3196572031300606,28,82080,45
p001825,r0013,14,2.8500000000000001,0.23999999999999999,-59.664682744007827,60.113400809424427,31.816660756600687,38,82125,45
p001826,r0003,21,3.25,0.23999999999999999,-59.932020089109791,60.010475772476397,31.674276765695712,40,82170,45
p001827,r0005,21,3.6499999999999999,0.23999999999999999,-59.750540408653272,60.2897270015511,31.930062823102052,40,82215,45
p001828,r0005,30,3.6499999999999999,0.46999999999999997,-59.967257694062951,59.759707555263901,3.0380338880802809,40,82260,45
p001829,r0023,9,3.6499999999999999,0.76000000000000001,-60.118490135958666,60.117172858579352,-30.811931017269547,37,82305,45
p001830,r0023,30,2.0499999999999998,0.46999999999999997,-59.451519863966176,60.072161991671756,3.4460315195219335,29,82350,45
p001831,r0004,9,4.0499999999999998,0.23999999999999999,-63.631258552931889,61.161750028690577,30.761427969101184,39,82395,45
p001832,r0016,14,3.25,0.76000000000000001,-59.731719323709221,60.008692774271175,-30.544020420193927,35,82440,45
p001833,r0003,9,0.84999999999999998,0.76000000000000001,-62.194836580276338,67.637200286680567,-31.485147732206681,27,82485,45
p001834,r0002,21,3.25,0.23999999999999999,-60.314574807199818,59.810902363610083,30.530787842615709,40,82530,45
p001835,r0025,14,4.0499999999999998,0.46999999999999997,-60.664324355080318,59.843059206024542,2.7545889323052632,39,82575,45
p001836,r0022,14,2.0499999999999998,0.46999999999999997,-59.570256674817848,59.810362467006804,4.151471470349219,32,82620,45
p001837,r0006,30,2.4500000000000002,0.23999999999999999,-60.404506830175436,59.675484712542797,30.406286742290423,38,82665,45
p001838,r0000,9,3.25,0.76000000000000001,-60.671350646565614,59.791665205154985,-31.310226842152677,35,82710,45
p001839,r0028,9,2.8500000000000001,0.23999999999999999,-68.09598136121717,62.176487165197486,30.461094718857971,37,82755,45
p001840,r0010,14,3.6499999999999999,0.23999999999999999,-59.934531913247383,60.107961616568943,31.747763169413027,40,82800,45
p001841,r0026,9,1.6499999999999999,0.23999999999999999,-60.091486842110953,60.254430503154914,31.821410340291109,31,82845,45
p001842,r0007,9,2.8500000000000001,0.23999999999999999,-60.242863467333613,60.744732604715779,31.257709547423925,37,82890,45
p001843,r0020,30,1.25,0.46999999999999997,-59.309933702449172,60.045116988648175,4.3982431638324231,26,82935,45
p001844,r0004,30,1.25,0.46999999999999997,-59.988792311315706,59.782691614673752,3.0400941694587074,26,82980,45
p001845,r0024,21,0.84999999999999998,0.23999999999999999,-60.335129410067161,59.548161711625298,31.226171842419109,26,83025,45
p001846,r0005,14,0.84999999999999998,0.46999999999999997,-59.260306808762742,60.31456779799796,4.5643767328204321,27,83070,45
p001847,r0021,9,1.6499999999999999,0.76000000000000001,-59.746409101826444,60.363569406769109,-31.370014259763511,30,83115,45
p001848,r0005,9,0.84999999999999998,0.23999999999999999,-60.568867337994462,59.847577475544448,30.497630720295113,29,83160,45
p001849,r0011,9,2.8500000000000001,0.76000000000000001,-65.865791679362061,79.240845536292298,-30.590198747605019,33,83205,45
p001850,r0022,30,3.25,0.76000000000000001,-59.589951677615289,59.650326859623476,-30.522284828677986,38,83250,45
p001851,r0015,14,3.6499999999999999,0.76000000000000001,-60.238422520773021,60.291730405382104,-31.761185818495793,38,83295,45
p001852,r0003,30,1.25,0.23999999999999999,-60.0214187660752,60.25461219674213,30.938364765665973,27,83340,45
p001853,r0023,9,3.25,0.23999999999999999,-59.94540593228048,60.424399207128701,31.085645973670498,38,83385,45
p001854,r0023,21,2.4500000000000002,0.76000000000000001,-59.882133649889646,59.884932267522473,-30.688037829710741,30,83430,45
p001855,r0012,14,0.84999999999999998,0.46999999999999997,-59.646709536758188,59.235438924108728,2.9108291475012775,27,83475,45
p001856,r0021,14,1.25,0.23999999999999999,-60.020962784245356,60.337163010511105,31.001212819769556,29,83520,45
p001857,r0021,30,2.4500000000000002,0.23999999999999999,-60.322149544915874,60.346718836286144,30.936190424797662,38,83565,45
p001858,r0016,9,0.84999999999999998,0.46999999999999997,-59.754098352529979,59.828768701654781,3.1748211861879438,28,83610,45
p001859,r0007,9,2.0499999999999998,0.76000000000000001,-59.865093319456676,60.148847761111163,-30.611747460120394,29,83655,45
p001860,r0001,21,0.84999999999999998,0.23999999999999999,-66.813179426059349,62.327199962033362,31.783508908891115,27,83700,45
p001861,r0010,21,2.0499999999999998,0.23999999999999999,-59.582377261005476,60.389804507578781,32.046480883118562,34,83745,45
p001862,r0017,14,3.25,0.23999999999999999,-59.586420195573346,59.923804479573356,30.791350557538149,39,83790,45
p001863,r0023,21,1.6499999999999999,0.23999999999999999,-59.914533031562655,59.668623655950512,30.518666050947353,30,83835,45
p001864,r0005,14,4.0499999999999998,0.46999999999999997,-59.583649894785182,59.904432442388796,3.2950337439170267,39,83880,45
p001865,r0018,14,2.8500000000000001,0.76000000000000001,-59.84129629860692,60.532196706469001,-30.5016579773887,36,83925,45
p001866,r0006,9,2.8500000000000001,0.23999999999999999,-60.161345119723279,59.87456856932971,30.615949283956994,37,83970,45
p001867,r0027,14,1.25,0.76000000000000001,-67.011130385858806,82.281570143182506,-30.730882258888901,27,84015,45
p001868,r0000,21,4.0499999999999998,0.23999999999999999,-70.649282266735554,63.299942304046283,30.702128407058641,40,84060,45
p001869,r0009,30,2.8500000000000001,0.76000000000000001,-67.965816583765971,82.678607078136466,-32.26115490490939,34,84105,45
p001870,r0022,9,1.6499999999999999,0.23999999999999999,-60.262099785630298,60.136315612295597,31.690695916793381,31,84150,45
p001871,r0020,9,2.4500000000000002,0.23999999999999999,-59.459973654662505,60.390883798772641,31.176678009948208,35,84195,45
p001872,r0021,30,2.0499999999999998,0.76000000000000001,-59.644063180038792,60.22079534019889,-30.426497135181751,28,84240,45
p001873,r0018,21,3.25,0.46999999999999997,-60.541532175994121,60.330795487627,3.9708014857250733,39,84285,45
p001874,r0016,21,2.0499999999999998,0.46999999999999997,-60.680244144674397,60.773011284809073,4.1399812329518442,30,84330,45
p001875,r0014,30,3.25,0.46999999999999997,-59.514528852215754,59.878965348915877,3.3140230743840133,40,84375,45
p001876,r0008,30,2.4500000000000002,0.23999999999999999,-59.98725593503633,59.911250101492875,30.685608652725868,38,84420,45
p001877,r0001,21,4.0499999999999998,0.76000000000000001,-60.3299546699415,60.442616902426231,-30.894537492573246,40,84465,45
p001878,r0020,9,2.8500000000000001,0.76000000000000001,-60.874034418195293,60.007753645150309,-31.412405282992349,34,84510,45
p001879,r0014,14,2.0499999999999998,0.23999999999999999,-59.463273811118199,60.273654351301793,31.986791592320998,34,84555,45
p001880,r0009,21,3.6499999999999999,0.76000000000000001,-59.765803323990596,60.643729163924704,-30.417515526890927,38,84600,45
p001881,r0002,30,4.0499999999999998,0.76000000000000001,-59.77960217222585,59.766440813346662,-31.53855185568845,40,84645,45
p001882,r0014,9,1.25,0.76000000000000001,-60.504391540332513,59.929435442056608,-32.050273064559128,29,84690,45
p001883,r0006,14,1.25,0.76000000000000001,-59.975681507170279,60.069692685457014,-30.714791700939731,27,84735,45
p001884,r0020,14,0.84999999999999998,0.23999999999999999,-59.891496489462824,60.018784801560663,31.690317291715026,27,84780,45
p001885,r0005,21,2.4500000000000002,0.76000000000000001,-60.068314517025797,60.160886153460808,-30.763306356109016,31,84825,45
p001886,r0006,21,1.25,0.76000000000000001,-59.738684147637223,59.827221952959732,-30.592866683493956,26,84870,45
p001887,r0028,30,1.25,0.23999999999999999,-70.191667971613924,62.867937674905562,31.383632319740887,27,84915,45
p001888,r0011,9,2.4500000000000002,0.46999999999999997,-59.855778036708209,59.746805741836802,3.9835913659206499,33,84960,45
p001889,r0005,14,3.6499999999999999,0.23999999999999999,-59.706267133042424,59.625553170703753,31.43591629780467,40,85005,45
p001890,r0017,30,3.6499999999999999,0.76000000000000001,-60.235856107657668,60.218006239958861,-31.776929144229701,39,85050,45
p001891,r0013,30,2.4500000000000002,0.23999999999999999,-59.864571661668009,59.354854631474403,30.292192321120226,38,85095,45
p001892,r0003,14,1.6499999999999999,0.76000000000000001,-59.453091160350162,60.677452937234676,-30.171760576929803,28,85140,45
p001893,r0002,14,3.25,0.46999999999999997,-60.172164912526917,60.11798330453589,3.1316136425163732,38,85185,45
p001894,r0025,30,4.0499999999999998,0.76000000000000001,-59.989486843741844,59.633145854502146,-31.730054996163286,40,85230,45
p001895,r0010,21,1.6499999999999999,0.46999999999999997,-59.525906269837307,59.765757345572382,4.1486754463298299,28,85275,45
p001896,r0011,14,1.25,0.23999999999999999,-60.026525194482915,59.39018110137453,30.280171590368745,28,85320,45
p001897,r0022,14,1.6499999999999999,0.76000000000000001,-59.830278140816603,59.469311816136994,-31.648376551147745,29,85365,45
p001898,r0017,21,1.6499999999999999,0.76000000000000001,-60.080338212334894,60.435126017302657,-31.606626797221882,27,85410,45
p001899,r0008,14,4.0499999999999998,0.76000000000000001,-59.896394354450003,59.895687364264361,-31.596294741958555,38,85455,45
p001900,r0004,9,2.8500000000000001,0.46999999999999997,-59.888809810415097,60.021143034923114,3.2134651976141582,35,85500,45
p001901,r0013,9,2.0499999999999998,0.46999999999999997,-59.696623064926428,59.924877558096995,4.1527722652759893,32,85545,45
p001902,r0021,14,1.6499999999999999,0.46999999999999997,-59.845185944977395,59.303670535750378,2.8537079898083304,29,85590,45
p001903,r0009,14,3.25,0.76000000000000001,-59.995858376821133,60.722939177143786,-30.573346963869557,36,85635,45
p001904,r0024,21,1.6499999999999999,0.23999999999999999,-60.063438864474236,60.117606829160238,31.724155862687965,31,85680,45
p001905,r0014,21,1.6499999999999999,0.46999999999999997,-59.987622859290724,60.51717999381691,3.4299226528563223,28,85725,45
p001906,r0002,14,1.25,0.46999999999999997,-60.65990485997623,59.4764922570373,3.4623856120409444,28,85770,45
p001907,r0010,30,4.0499999999999998,0.23999999999999999,-62.061239798584424,60.629816225879985,31.633962780008524,40,85815,45
p001908,r0006,30,1.25,0.23999999999999999,-60.425294199290576,60.270806245006291,30.853742138375047,27,85860,45
p001909,r0004,9,2.0499999999999998,0.76000000000000001,-60.213897550381773,60.247220960663746,-30.853229107730851,30,85905,45
p001910,r0016,14,4.0499999999999998,0.76000000000000001,-60.093848182252472,60.006913284474493,-31.719665430238006,38,85950,45
p001911,r0008,9,3.25,0.46999999999999997,-59.443420515460893,60.285805857458776,3.5630694621865358,38,85995,45
p001912,r0018,21,3.6499999999999999,0.23999999999999999,-59.244989422785245,60.134879889577341,31.033711254610321,40,86040,45
p001913,r0001,9,2.0499999999999998,0.23999999999999999,-59.994670264207372,59.679889048816989,30.507994813691145,34,86085,45
p001914,r0024,14,1.6499999999999999,0.76000000000000001,-61.752243871664653,63.620801629198844,-32.112712951457418,28,86130,45
p001915,r0007,21,3.25,0.23999999999999999,-60.54528077699478,60.321959152353315,30.863821569309774,40,86175,45
p001916,r0002,9,1.25,0.46999999999999997,-60.500184286409244,59.683655705957968,2.7472509095453814,29,86220,45
p001917,r0020,21,2.8500000000000001,0.23999999999999999,-60.091793212881605,59.515387857815185,31.259664400847957,39,86265,45
p001918,r0009,21,2.0499999999999998,0.46999999999999997,-60.450097418521906,59.773766771313049,2.8185506020906201,29,86310,45
p001919,r0000,21,2.8500000000000001,0.23999999999999999,-60.33602276433961,59.595476747870379,31.26191686493998,39,86355,45
p001920,r0016,30,1.25,0.76000000000000001,-59.140095103104407,60.247590784045265,-30.937050490188486,26,86400,45
p001921,r0011,30,2.8500000000000001,0.23999999999999999,-60.020900522514381,59.674212876547109,30.497385660772355,39,86445,45
p001922,r0007,9,0.84999999999999998,0.23999999999999999,-60.296595968912413,59.920897140006815,30.618698793866201,29,86490,45
p001923,r0006,14,3.6499999999999999,0.46999999999999997,-60.841138441321256,60.64265348441679,3.0952712793199124,39,86535,45
p001924,r0006,30,4.0499999999999998,0.23999999999999999,-59.6735687817485,59.826486828863899,30.696473482316925,40,86580,45
p001925,r0003,9,2.8500000000000001,0.46999999999999997,-59.466208883275954,60.54903906646517,4.5918725300868433,36,86625,45
p001926,r0023,14,2.4500000000000002,0.76000000000000001,-61.494283478530001,64.373970020990726,-30.835902638645027,31,86670,45
p001927,r0022,30,3.6499999999999999,0.76000000000000001,-66.989384846753296,82.36257043276018,-31.594915579670069,39,86715,45
p001928,r0021,30,1.25,0.46999999999999997,-59.727783276153751,60.065741226564974,3.3127847102871781,26,86760,45
p001929,r0006,30,3.25,0.46999999999999997,-59.646775038525824,59.600440396172594,4.0042491418643396,39,86805,45
p001930,r0003,30,2.8500000000000001,0.23999999999999999,-60.118238667879382,59.156581220186048,30.080624447050347,40,86850,45
p001931,r0015,30,2.8500000000000001,0.76000000000000001,-59.668786837598553,59.376290785866559,-31.547968207966928,35,86895,45
p001932,r0023,30,1.25,0.46999999999999997,-59.132069285109822,60.146968885818779,3.6358209454823394,26,86940,45
p001933,r0003,9,2.0499999999999998,0.23999999999999999,-60.158443106809656,60.376527951509495,31.8981348975129,34,86985,45
p001934,r0007,9,1.6499999999999999,0.23999999999999999,-59.533483305693977,60.062205914949374,31.809240501994971,32,87030,45
p001935,r0002,14,2.4500000000000002,0.46999999999999997,-59.92004482581607,60.129272000959752,4.1560930923751203,33,87075,45
p001936,r0003,9,3.6499999999999999,0.76000000000000001,-60.317176577533488,59.97222286321194,-31.897720711754584,37,87120,45
p001937,r0027,30,2.4500000000000002,0.76000000000000001,-60.25255806801637,59.810924515586791,-31.887322247951612,30,87165,45
p001938,r0002,9,4.0499999999999998,0.46999999999999997,-60.490268603693863,59.875088657977955,3.7533707449922007,39,87210,45
p001939,r0005,9,2.0499999999999998,0.46999999999999997,-59.808179629707404,60.301060167825092,3.3997174629848201,31,87255,45
p001940,r0022,9,1.25,0.76000000000000001,-59.708176602252344,59.892260478710796,-30.554071702821194,28,87300,45
p001941,r0011,21,2.8500000000000001,0.23999999999999999,-60.47436841397711,59.923411787320802,31.477944539009304,39,87345,45
p001942,r0023,14,3.25,0.46999999999999997,-59.97567320292638,59.853101901771517,3.9835776025635115,37,87390,45
p001943,r0026,21,1.25,0.46999999999999997,-59.693766685357723,59.326259308811068,2.9368470915517362,27,87435,45
p001944,r0029,21,3.25,0.23999999999999999,-60.901563643240479,59.637836113511717,30.25838017189119,40,87480,45
p001945,r0010,21,2.4500000000000002,0.76000000000000001,-59.827076906522898,59.746316255635307,-30.679462547604931,32,87525,45
p001946,r0017,14,2.4500000000000002,0.76000000000000001,-60.363500389853364,60.273619358523248,-31.860591650242977,32,87570,45
p001947,r0004,21,1.25,0.46999999999999997,-59.884510408000558,59.860812229751012,3.1305105900077761,27,87615,45
p001948,r0000,14,2.4500000000000002,0.76000000000000001,-60.09136612779352,59.93984552752579,-31.733875330516891,31,87660,45
p001949,r0025,21,3.25,0.76000000000000001,-62.567361295512995,69.048048251484033,-31.429663004233714,37,87705,45
p001950,r0006,21,2.4500000000000002,0.76000000000000001,-60.157737871151348,59.692430726365863,-31.843697407747218,30,87750,45
p001951,r0003,21,3.25,0.46999999999999997,-60.106509198779314,60.088793645733382,4.0470013088124164,39,87795,45
p001952,r0022,30,0.84999999999999998,0.23999999999999999,-60.031261224321874,60.167359428960744,30.869690472172916,26,87840,45
p001953,r0018,14,0.84999999999999998,0.23999999999999999,-59.87888262919445,60.11569248888604,30.866994460546724,28,87885,45
p001954,r0009,21,3.25,0.46999999999999997,-59.794821439734179,59.692768131277674,3.9836010329021052,39,87930,45
p001955,r0021,14,2.4500000000000002,0.46999999999999997,-60.567161945325573,59.967315650218517,3.7661111803127953,35,87975,45
p001956,r0018,9,2.4500000000000002,0.23999999999999999,-60.322157612671973,59.803538400703431,30.523371357493335,36,88020,45
p001957,r0018,14,1.6499999999999999,0.23999999999999999,-60.139816824474806,60.142767999225178,31.724947641537184,31,88065,45
p001958,r0016,14,3.25,0.46999999999999997,-59.903056632939567,59.480436437589688,3.8201946944409402,38,88110,45
p001959,r0007,14,2.8500000000000001,0.76000000000000001,-65.213365061367682,76.258106942942476,-30.810211780333251,35,88155,45
p001960,r0014,9,2.4500000000000002,0.76000000000000001,-59.410819867909417,59.853732538657411,-31.237327290333379,31,88200,45
p001961,r0013,21,0.84999999999999998,0.46999999999999997,-59.996058138153288,59.951213100288541,4.0259956182208869,26,88245,45
p001962,r0008,9,4.0499999999999998,0.23999999999999999,-59.8087307436071,60.273098022208842,31.903459118413018,39,88290,45
p001963,r0008,14,1.25,0.23999999999999999,-80.289087292733541,66.641549170077809,30.92819641900309,29,88335,45
p001964,r0019,21,2.4500000000000002,0.23999999999999999,-60.018680411651232,59.557995022502091,30.409592918305297,38,88380,45
p001965,r0019,14,2.0499999999999998,0.46999999999999997,-61.007436578217259,60.455554068792331,2.9179484646978251,30,88425,45
p001966,r0024,9,3.6499999999999999,0.23999999999999999,-59.542903146094474,59.66722939820955,30.606797587576583,39,88470,45
p001967,r0023,30,0.84999999999999998,0.76000000000000001,-60.500715785787008,59.618224404625039,-31.222170140088114,26,88515,45
p001968,r0003,21,1.6499999999999999,0.23999999999999999,-59.981540713684836,59.67534796296875,31.407694680571893,30,88560,45
p001969,r0022,30,3.6499999999999999,0.46999999999999997,-59.883207954257458,59.978186550001965,3.1933311330000391,40,88605,45
p001970,r0019,14,1.25,0.23999999999999999,-61.138795341625809,60.567619988255835,31.808080309084239,28,88650,45
p001971,r0023,30,4.0499999999999998,0.76000000000000001,-59.694730777416822,60.83323839686399,-31.218018175589432,40,88695,45
p001972,r0008,9,2.8500000000000001,0.76000000000000001,-60.217919805082879,60.183475705953335,-31.771584882434187,35,88740,45
p001973,r0027,9,1.6499999999999999,0.23999999999999999,-59.325955261637162,59.654647710651325,30.649302997302087,32,88785,45
p001974,r0021,30,3.6499999999999999,0.23999999999999999,-84.744069003259497,68.114019448626962,30.978078220174215,40,88830,45
p001975,r0025,9,4.0499999999999998,0.76000000000000001,-60.339156934197888,61.307006692930848,-30.694077663686993,37,88875,45
p001976,r0003,30,1.6499999999999999,0.76000000000000001,-59.303073707008103,60.516086391580892,-30.096475283346745,27,88920,45
p001977,r0023,9,2.0499999999999998,0.46999999999999997,-60.289692405207973,60.402805059795071,4.1273312512436435,33,88965,45
p001978,r0004,30,1.6499999999999999,0.46999999999999997,-59.993898035237336,59.378190714240844,3.7233090019860997,28,89010,45
p001979,r0010,14,1.25,0.46999999999999997,-60.212405948694453,59.707105997399708,2.8949353827354569,27,89055,45
p001980,r0011,9,3.6499999999999999,0.76000000000000001,-59.902945330743236,60.030073272920561,-31.56902086586393,38,89100,45
p001981,r0025,9,3.6499999999999999,0.23999999999999999,-59.577521271543013,60.048590380696858,30.888323584159291,39,89145,45
p001982,r0025,14,1.6499999999999999,0.23999999999999999,-60.458323221556874,60.320633331967457,30.88368375912162,31,89190,45
p001983,r0022,9,3.6499999999999999,0.23999999999999999,-59.786549360190577,59.868822713346027,30.701533415697245,39,89235,45
p001984,r0016,21,2.4500000000000002,0.76000000000000001,-62.039453172557756,65.373932786891146,-31.010240542290024,31,89280,45
p001985,r0013,9,4.0499999999999998,0.76000000000000001,-62.307874056757882,68.423575587407115,-31.382326142158288,36,89325,45
p001986,r0022,30,2.8500000000000001,0.23999999999999999,-60.166087540125503,59.309250436194603,31.085169321877778,39,89370,45
p001987,r0014,30,1.25,0.23999999999999999,-60.303643187549731,60.050312316687375,31.61536299567047,27,89415,45
p001988,r0025,30,3.25,0.23999999999999999,-60.267640381498509,60.325915985215751,30.933462457204328,40,89460,45
p001989,r0016,30,4.0499999999999998,0.76000000000000001,-59.766174670749237,60.491100961822347,-31.354428518932057,40,89505,45
p001990,r0022,9,2.8500000000000001,0.76000000000000001,-60.61649552920673,59.824697348281966,-32.160609238609446,33,89550,45
p001991,r0002,30,2.8500000000000001,0.76000000000000001,-60.091464764539467,59.965622497069198,-31.727763821753388,35,89595,45
p001992,r0014,14,3.25,0.76000000000000001,-59.550699059208803,59.931003480211089,-30.42509044974803,36,89640,45
p001993,r0001,14,4.0499999999999998,0.23999999999999999,-60.428507535066402,59.54643103840192,30.302445780769524,40,89685,45
p001994,r0008,14,1.6499999999999999,0.23999999999999999,-59.663886970904088,59.553721057278032,30.491495130514323,31,89730,45
p001995,r0001,21,2.8500000000000001,0.46999999999999997,-59.852420525499838,59.826653758913153,3.1274888452390526,36,89775,45
p001996,r0019,14,1.6499999999999999,0.23999999999999999,-60.124034561470808,59.665024793561827,31.365650548353994,30,89820,45
p001997,r0010,9,0.84999999999999998,0.23999999999999999,-64.842813401271073,62.53446731769003,32.413919945139369,28,89865,45
p001998,r0007,30,3.6499999999999999,0.23999999999999999,-59.267465448817319,60.289121342278833,31.145540512415756,40,89910,45
p001999,r0007,21,1.25,0.76000000000000001,-60.146126714283085,59.709560174202281,-31.830761861046593,26,89955,45
p002000,r0010,9,2.0499999999999998,0.23999999999999999,-80.223887009282521,65.916890052136509,30.393103557395943,33,90000,45
p002001,r0014,9,2.4500000000000002,0.46999999999999997,-60.411784053454866,59.955031224509824,3.8326280438664257,34,90045,45
p002002,r0015,21,0.84999999999999998,0.76000000000000001,-60.474378567691758,60.127000511375833,-31.980047588715525,26,90090,45
p002003,r0017,9,2.4500000000000002,0.76000000000000001,-61.48780998958317,65.35053232181518,-30.596607834847564,33,90135,45
p002004,r0004,14,1.25,0.76000000000000001,-59.547443742465958,59.649055979444285,-31.390283809207499,27,90180,45
p002005,r0009,9,3.25,0.46999999999999997,-59.86930438767385,59.758309298478096,3.9833308659866846,37,90225,45
p002006,r0003,14,1.25,0.23999999999999999,-59.858192110755638,59.814076340581018,31.542731912260219,29,90270,45
p002007,r0006,30,2.0499999999999998,0.76000000000000001,-61.723260808053624,66.135294297568294,-30.587207582704369,27,90315,45
p002008,r0020,21,1.25,0.76000000000000001,-59.430537326020456,60.276873002333687,-31.150758847215467,26,90360,45
p002009,r0010,21,0.84999999999999998,0.46999999999999997,-59.020154707812026,59.70447695528172,3.4539000736276604,26,90405,45
p002010,r0023,14,1.25,0.76000000000000001,-60.178532503408739,59.602691131614996,-31.881038831003043,27,90450,45
p002011,r0002,21,1.6499999999999999,0.23999999999999999,-60.090191369968629,60.230102518279047,30.903231985099605,30,90495,45
p002012,r0003,14,4.0499999999999998,0.76000000000000001,-59.805450979645386,60.152452125683844,-30.56555423436637,39,90540,45
p002013,r0009,14,4.0499999999999998,0.76000000000000001,-60.414678528959683,59.79502140920011,-31.114350543801333,39,90585,45
p002014,r0001,30,2.4500000000000002,0.46999999999999997,-60.249982714795024,59.597222293649153,2.8190359396803926,34,90630,45
p002015,r0023,21,2.0499999999999998,0.23999999999999999,-59.685896594553029,60.015381000972404,31.737074378046302,35,90675,45
p002016,r0016,21,1.6499999999999999,0.76000000000000001,-60.479406736668452,59.760323065586689,-32.071871584127223,27,90720,45
p002017,r0017,9,2.0499999999999998,0.23999999999999999,-59.718700398199424,60.873775526686671,32.381581304714011,31,90765,45
p002018,r0005,9,1.6499999999999999,0.76000000000000001,-59.949521026419788,59.64190882098611,-31.697577863042373,29,90810,45
p002019,r0004,21,1.25,0.23999999999999999,-60.878051128772618,60.009449918949585,31.446449667496257,28,90855,45
p002020,r0011,14,0.84999999999999998,0.23999999999999999,-59.535304574084094,59.812999589539452,31.619406590269804,28,90900,45
p002021,r0022,30,0.84999999999999998,0.76000000000000001,-60.129330781073307,59.899462406579168,-30.872420416036714,26,90945,45
p002022,r0016,14,1.25,0.76000000000000001,-60.325589743214934,60.251263603220714,-30.937144940070379,27,90990,45
p002023,r0011,14,3.25,0.46999999999999997,-60.604927283368184,59.763169856727075,3.6401642008823076,38,91035,45
p002024,r0019,30,2.0499999999999998,0.76000000000000001,-59.957483045418705,60.112118503482662,-31.590778673682376,28,91080,45
p002025,r0016,21,2.4500000000000002,0.23999999999999999,-59.80880244236468,60.438888467789504,32.029442649352504,37,91125,45
p002026,r0018,14,3.6499999999999999,0.23999999999999999,-59.465430676153744,60.284200625777402,31.994289113313926,40,91170,45
p002027,r0014,21,3.25,0.23999999999999999,-60.730414925035021,60.378076787872708,31.762038776774855,40,91215,45
p002028,r0003,21,2.8500000000000001,0.46999999999999997,-60.064622869513791,60.397824246893698,4.2304741021821828,36,91260,45
p002029,r0013,9,1.25,0.46999999999999997,-59.685539270727212,60.21093173190804,3.4095903606694717,29,91305,45
p002030,r0026,14,4.0499999999999998,0.76000000000000001,-60.23870800428584,59.897135542352302,-31.856105553092686,39,91350,45
p002031,r0007,21,4.0499999999999998,0.23999999999999999,-72.916722977703984,64.483019282069762,31.057081139724065,40,91395,45
p002032,r0010,30,2.8500000000000001,0.46999999999999997,-59.982063865896158,59.648290291017567,3.872023837268121,37,91440,45
p002033,r0018,30,4.0499999999999998,0.23999999999999999,-73.746572931405638,64.530893354392333,30.894301445800824,40,91485,45
p002034,r0010,30,0.84999999999999998,0.46999999999999997,-60.202289290673754,59.976476906594506,3.0424567938784248,26,91530,45
p002035,r0021,21,2.0499999999999998,0.76000000000000001,-62.223449410574517,65.643584203321552,-31.985361343239457,27,91575,45
p002036,r0022,14,1.25,0.76000000000000001,-60.431739091255324,60.048413982891539,-31.066502353460077,27,91620,45
p002037,r0008,9,2.8500000000000001,0.23999999999999999,-59.381514756180508,59.694733217540694,31.566433703847608,37,91665,45
p002038,r0019,30,4.0499999999999998,0.46999999999999997,-60.658720177469526,59.869424143027111,2.7711963123936938,40,91710,45
p002039,r0016,30,2.8500000000000001,0.46999999999999997,-59.834262674350015,59.885235601198218,3.1670714116905527,38,91755,45
p002040,r0000,14,1.6499999999999999,0.76000000000000001,-59.996830365484641,60.326470996063584,-31.56923803871307,28,91800,45
p002041,r0019,30,3.6499999999999999,0.46999999999999997,-59.87038853211989,59.850046970284424,3.1314422841543985,40,91845,45
p002042,r0007,30,3.6499999999999999,0.76000000000000001,-60.09290605843546,59.341611244493677,-31.878621905732469,39,91890,45
p002043,r0004,9,2.4500000000000002,0.76000000000000001,-62.53212226246302,68.334012256349354,-30.674249977948055,30,91935,45
p002044,r0020,9,3.6499999999999999,0.76000000000000001,-59.891759208061643,59.675451522262996,-31.64562863278373,36,91980,45
p002045,r0019,9,3.25,0.46999999999999997,-59.932717869451331,59.454445450725636,2.8924786902424655,37,92025,45
p002046,r0021,30,0.84999999999999998,0.23999999999999999,-67.421316229556368,62.134963398017391,31.491456287399689,26,92070,45
p002047,r0004,9,1.25,0.23999999999999999,-60.484220360832992,60.077704300078224,31.592842381459533,30,92115,45
p002048,r0013,9,1.6499999999999999,0.23999999999999999,-59.772085202042945,60.084213020691834,30.868701447235487,33,92160,45
p002049,r0014,9,4.0499999999999998,0.23999999999999999,-59.729604818393149,60.389856606489232,31.111185864517459,39,92205,45
p002050,r0003,14,2.4500000000000002,0.76000000000000001,-59.943175104049033,59.726495476532364,-31.672454164709503,32,92250,45
p002051,r0002,30,2.8500000000000001,0.23999999999999999,-60.010206499975851,60.209853214857567,31.807038883297547,40,92295,45
p002052,r0014,9,3.25,0.23999999999999999,-81.077322387638333,66.870918847919086,30.913340951385305,38,92340,45
p002053,r0001,30,2.0499999999999998,0.76000000000000001,-61.446177898798787,65.297388748483883,-31.477721903450952,28,92385,45
p002054,r0028,14,4.0499999999999998,0.76000000000000001,-61.940072319410561,66.737599092992127,-31.507431180433908,39,92430,45
p002055,r0017,14,1.25,0.46999999999999997,-59.619046819611846,60.161534432223526,4.3146612438609013,27,92475,45
p002056,r0020,14,1.6499999999999999,0.23999999999999999,-59.702253459091835,60.378712482414919,32.009280656453299,31,92520,45
p002057,r0020,14,1.25,0.46999999999999997,-59.457949704781733,59.676739399630371,3.2334355205566849,28,92565,45
p002058,r0004,21,2.8500000000000001,0.46999999999999997,-60.458126126503103,61.084516240064978,3.5094743277779825,36,92610,45
p002059,r0012,21,3.25,0.76000000000000001,-59.939514794130837,59.816986270658845,-31.647954538581313,37,92655,45
p002060,r0017,21,2.0499999999999998,0.76000000000000001,-59.777304057122137,60.224553789306817,-30.526858173979189,28,92700,45
p002061,r0024,14,1.25,0.76000000000000001,-60.576234914634668,60.176211239865893,-31.145647837554538,27,92745,45
p002062,r0009,14,3.6499999999999999,0.23999999999999999,-60.626613977300487,60.262077369162149,30.798791446011119,40,92790,45
p002063,r0025,30,0.84999999999999998,0.76000000000000001,-59.559213729390414,60.61864636808717,-30.266527305995798,26,92835,45
p002064,r0000,30,1.25,0.46999999999999997,-59.593850954930595,59.654932261745977,3.1580041499079909,26,92880,45
p002065,r0024,14,3.6499999999999999,0.76000000000000001,-59.824925828314939,60.347707659502511,-31.43349379123875,37,92925,45
p002066,r0020,9,4.0499999999999998,0.23999999999999999,-59.719119656523326,60.134717873332271,30.91979686616693,39,92970,45
p002067,r0015,14,1.6499999999999999,0.76000000000000001,-60.028242328932976,59.656473443355729,-31.753910543583689,28,93015,45
p002068,r0002,14,2.8500000000000001,0.46999999999999997,-60.731560037527949,59.77587444368212,2.6873802375133904,36,93060,45
p002069,r0029,21,2.0499999999999998,0.76000000000000001,-60.045974472206453,60.591254793738337,-31.543039448379705,28,93105,45
p002070,r0022,21,2.4500000000000002,0.46999999999999997,-59.716728338335926,59.544910006209008,3.9419399842728895,33,93150,45
p002071,r0006,30,2.0499999999999998,0.23999999999999999,-70.506759235773529,63.498031953959185,30.886882068423336,34,93195,45
p002072,r0011,30,1.6499999999999999,0.23999999999999999,-59.119861922173584,59.522386595020897,31.498246950894224,29,93240,45
p002073,r0003,21,1.25,0.46999999999999997,-59.643103085908322,60.900740090951004,4.6951337978271228,27,93285,45
p002074,r0028,9,3.25,0.76000000000000001,-59.554619645057052,59.941251107576896,-30.425610664424905,34,93330,45
p002075,r0026,14,2.8500000000000001,0.46999999999999997,-59.775110349863461,59.62896267081684,3.9590483510971,35,93375,45
p002076,r0009,21,1.6499999999999999,0.76000000000000001,-60.422722385278533,61.759687900912105,-30.648943916592781,27,93420,45
p002077,r0020,30,3.25,0.46999999999999997,-60.065869045690114,59.406036385536602,3.7042408328600489,40,93465,45
p002078,r0003,9,3.6499999999999999,0.23999999999999999,-60.096857333912688,60.05542502331754,31.668877257582285,39,93510,45
p002079,r0026,30,1.25,0.76000000000000001,-60.30314192570674,60.724409723113638,-31.706529529989847,26,93555,45
p002080,r0000,30,0.84999999999999998,0.23999999999999999,-59.984717399320729,60.346930140091914,31.917334730632881,26,93600,45
p002081,r0000,9,1.25,0.46999999999999997,-59.618720164186307,59.993500828733566,3.3257569620612299,28,93645,45
p002082,r0000,9,1.6499999999999999,0.23999999999999999,-59.794954875097758,59.981429051443378,30.785096909073506,32,93690,45
p002083,r0017,30,0.84999999999999998,0.23999999999999999,-59.543245661484022,59.844095552409442,31.64113366107501,26,93735,45
p002084,r0017,21,2.4500000000000002,0.23999999999999999,-60.172056101318375,59.861042427517638,30.603098780596998,37,93780,45
p002085,r0001,9,4.0499999999999998,0.46999999999999997,-60.054313588651063,60.038574220309592,4.0449169500980888,39,93825,45
p002086,r0002,9,2.8500000000000001,0.23999999999999999,-59.421559996085982,59.942985748346189,30.845494769682468,37,93870,45
p002087,r0024,21,3.25,0.46999999999999997,-59.604427215793578,60.579544609188389,4.5430778514468644,39,93915,45
p002088,r0011,9,2.4500000000000002,0.23999999999999999,-60.188696081883585,60.216823960798571,31.769499150554854,35,93960,45
p002089,r0016,21,1.6499999999999999,0.46999999999999997,-59.906552153368054,59.886223459925574,3.1336189216775692,28,94005,45
p002090,r0005,30,3.25,0.46999999999999997,-60.037646961895362,59.646139220413332,2.944759714728252,39,94050,45
p002091,r0014,30,3.6499999999999999,0.23999999999999999,-59.76090429313772,60.103756726345573,31.786238081669584,40,94095,45
p002092,r0000,14,2.0499999999999998,0.23999999999999999,-59.526720406482013,60.422720077125575,32.084854361059755,32,94140,45
p002093,r0007,14,3.6499999999999999,0.46999999999999997,-60.145787801937765,59.100955960872717,3.5049863923517934,39,94185,45
p002094,r0013,21,4.0499999999999998,0.46999999999999997,-59.703987432465844,59.987662493563114,4.1825870283295048,40,94230,45
p002095,r0018,14,3.25,0.46999999999999997,-60.424784605482699,59.372395094100654,2.6177206352964815,38,94275,45
p002096,r0018,21,2.8500000000000001,0.76000000000000001,-59.627762747977414,59.796428267667928,-30.515956904222531,34,94320,45
p002097,r0004,30,0.84999999999999998,0.23999999999999999,-59.985966856182856,59.794828794782333,31.497437838550688,26,94365,45
p002098,r0010,21,3.25,0.76000000000000001,-59.787770139691276,59.629965264915967,-30.677513642585541,37,94410,45
p002099,r0009,9,2.8500000000000001,0.23999999999999999,-59.801869277957877,59.999341031237776,30.797050557030822,36,94455,45
p002100,r0013,9,1.6499999999999999,0.76000000000000001,-60.024864749625522,59.572714287886612,-30.871445780622611,29,94500,45
p002101,r0006,9,1.6499999999999999,0.76000000000000001,-60.250520843239784,60.69028186068217,-30.774728194298515,29,94545,45
p002102,r0002,9,0.84999999999999998,0.76000000000000001,-59.850279006754306,60.074962365471876,-31.518221077420019,27,94590,45
p002103,r0006,9,2.8500000000000001,0.46999999999999997,-60.425256043495907,59.639378523070363,2.7590002767842163,35,94635,45
p002104,r0017,30,0.84999999999999998,0.76000000000000001,-60.557291581270121,60.194871542685028,-32.026772431520889,26,94680,45
p002105,r0026,21,4.0499999999999998,0.23999999999999999,-59.650356604366976,59.8923241337314,30.752080756587794,40,94725,45
p002106,r0006,21,1.6499999999999999,0.76000000000000001,-59.860215463171443,60.368546131459823,-31.455312680459937,27,94770,45
p002107,r0013,9,4.0499999999999998,0.46999999999999997,-60.24508206837745,60.40156042026215,4.1476384506015451,38,94815,45
p002108,r0001,30,1.25,0.76000000000000001,-59.807501976381118,60.170405799951446,-31.462804110061303,26,94860,45
p002109,r0005,9,1.6499999999999999,0.46999999999999997,-59.687829148055521,60.207487806510592,3.4066888378645244,30,94905,45
p002110,r0010,30,0.84999999999999998,0.23999999999999999,-60.041284360803033,60.055811908736146,31.682508804046744,26,94950,45
p002111,r0027,30,1.25,0.23999999999999999,-60.348907754218473,59.896419870284817,30.587541240404029,27,94995,45
p002112,r0014,21,3.25,0.76000000000000001,-60.825958870597404,59.804712027725586,-31.424597854999892,38,95040,45
p002113,r0010,21,4.0499999999999998,0.76000000000000001,-60.748368942639587,59.75303833091958,-31.378031196985393,39,95085,45
p002114,r0012,9,0.84999999999999998,0.76000000000000001,-60.70547785016997,59.881221404489125,-31.314670029051786,27,95130,45
p002115,r0008,9,3.25,0.23999999999999999,-59.773476809223823,60.305044849848599,31.036199651671218,37,95175,45
p002116,r0002,14,1.6499999999999999,0.46999999999999997,-60.572971146430035,60.422288677135946,3.1045165600599374,30,95220,45
p002117,r0024,9,1.6499999999999999,0.46999999999999997,-60.278939318702328,60.385815643818177,3.2233808114335458,30,95265,45
p002118,r0025,21,3.25,0.23999999999999999,-62.048966781114864,60.873049558166208,30.921765636738751,40,95310,45
p002119,r0014,21,2.8500000000000001,0.46999999999999997,-59.828356973403359,61.019125887718488,3.7708089429912262,37,95355,45
p002120,r0023,30,3.25,0.46999999999999997,-60.515530417116494,59.72144410351882,3.6600660788202264,40,95400,45
p002121,r0008,9,1.6499999999999999,0.76000000000000001,-59.422233874905139,60.207179734668422,-30.261174608607487,29,95445,45
p002122,r0004,14,1.6499999999999999,0.23999999999999999,-82.361650086436441,66.548326049957836,30.359931777223213,30,95490,45
p002123,r0013,14,2.8500000000000001,0.76000000000000001,-59.54388688817734,60.461463221134125,-31.192602861942586,33,95535,45
p002124,r0022,9,3.6499999999999999,0.46999999999999997,-60.112191592571044,59.823675442725808,3.9038179361362895,38,95580,45
p002125,r0019,14,3.25,0.76000000000000001,-59.509637879183799,59.961542754942514,-30.386554526993482,36,95625,45
p002126,r0017,9,2.0499999999999998,0.76000000000000001,-59.724012235236195,60.179087377191237,-31.397268328253613,30,95670,45
p002127,r0006,14,3.6499999999999999,0.23999999999999999,-60.351656882532431,59.446197736971044,30.244712628290209,40,95715,45
p002128,r0005,30,3.6499999999999999,0.76000000000000001,-64.905602580127493,74.411481877148816,-31.019502310381174,39,95760,45
p002129,r0017,14,3.25,0.76000000000000001,-60.033011369675876,60.794598873181705,-31.484384911390055,35,95805,45
p002130,r0000,30,3.6499999999999999,0.46999999999999997,-59.651572960603197,59.909389974039293,3.2657373947573261,40,95850,45
p002131,r0021,14,2.8500000000000001,0.46999999999999997,-60.088150571606803,59.667848315623559,3.8325288386252909,36,95895,45
p002132,r0020,30,2.0499999999999998,0.46999999999999997,-59.923182410670272,60.219418929066272,3.3023962993900993,30,95940,45
p002133,r0013,21,1.25,0.46999999999999997,-59.844594780027599,59.855801191522708,3.1466150848940684,27,95985,45
p002134,r0005,30,2.4500000000000002,0.76000000000000001,-60.184544634211782,59.763731497949443,-31.846958362493087,30,96030,45
p002135,r0007,9,1.25,0.23999999999999999,-59.945039385224803,60.212660419862132,31.824812466641269,29,96075,45
p002136,r0008,30,3.6499999999999999,0.23999999999999999,-60.087704994878592,59.613261270602742,30.435029366887225,40,96120,45
p002137,r0003,14,3.25,0.76000000000000001,-60.074303718563243,59.976001400285433,-31.712230490039563,36,96165,45
p002138,r0008,9,1.6499999999999999,0.46999999999999997,-59.693923817628075,60.253020685237118,4.3279567688904779,30,96210,45
p002139,r0016,9,2.0499999999999998,0.46999999999999997,-59.969856802668708,60.212717843973287,4.1769077600515532,31,96255,45
p002140,r0014,30,3.6499999999999999,0.46999999999999997,-60.33009069347667,59.976754192883881,3.882537096294425,40,96300,45
p002141,r0019,21,1.6499999999999999,0.23999999999999999,-59.939959277832656,59.566052020473826,30.434609308880272,31,96345,45
p002142,r0007,30,4.0499999999999998,0.76000000000000001,-60.260613893572184,59.951737206503857,-30.959649629553933,40,96390,45
p002143,r0009,30,2.8500000000000001,0.46999999999999997,-59.781854756900799,59.783950990440601,3.1380222891901495,37,96435,45
p002144,r0015,21,2.4500000000000002,0.76000000000000001,-59.517257917251527,59.838806527202102,-30.421802450582657,30,96480,45
p002145,r0027,21,4.0499999999999998,0.46999999999999997,-59.900580060987593,60.846199204524723,4.5452129497339344,40,96525,45
p002146,r0004,21,2.0499999999999998,0.46999999999999997,-59.974359419533457,59.761437287424187,3.0356128351541001,30,96570,45
p002147,r0001,14,2.8500000000000001,0.23999999999999999,-60.469636321343259,59.99928074455682,30.636740648740801,38,96615,45
p002148,r0025,21,2.8500000000000001,0.23999999999999999,-59.928917233238479,59.684948229097472,31.427620518136845,39,96660,45
p002149,r0000,30,0.84999999999999998,0.76000000000000001,-60.199707083139586,60.0595065062587,-31.787495821684001,26,96705,45
p002150,r0012,21,1.6499999999999999,0.23999999999999999,-59.758015679487187,59.853548501806081,31.596773098295699,30,96750,45
p002151,r0017,14,4.0499999999999998,0.46999999999999997,-59.739330425930468,59.921094268974649,3.2306946623692481,39,96795,45
p002152,r0018,9,1.6499999999999999,0.46999999999999997,-59.928134838395451,59.679256467947653,3.9137825539663966,31,96840,45
p002153,r0024,9,0.84999999999999998,0.23999999999999999,-59.997628829181281,59.782237900114765,30.585069885083715,28,96885,45
p002154,r0015,14,2.8500000000000001,0.76000000000000001,-60.712957240842172,60.032049847601563,-31.284155539615679,34,96930,45
p002155,r0006,21,3.6499999999999999,0.76000000000000001,-60.180580007380669,60.119303204085504,-31.75860803662879,39,96975,45
p002156,r0024,21,2.8500000000000001,0.76000000000000001,-60.059253827677502,60.116989337587093,-31.666955468013999,35,97020,45
p002157,r0002,9,2.4500000000000002,0.23999999999999999,-60.272271551514514,59.928313110622263,31.530172791709436,36,97065,45
p002158,r0025,21,3.25,0.46999999999999997,-60.369834251920601,60.361015991313899,4.0675163769936846,38,97110,45
p002159,r0009,30,2.0499999999999998,0.23999999999999999,-62.051454096798864,61.126660129318495,31.113912715050329,35,97155,45
p002160,r0015,9,3.25,0.76000000000000001,-64.969084089941319,75.250482032527046,-31.766388220548915,37,97200,45
p002161,r0023,14,1.6499999999999999,0.76000000000000001,-60.109414085351617,59.664715274720635,-31.813623038934278,28,97245,45
p002162,r0011,14,3.25,0.23999999999999999,-60.385178937475189,60.206631086586107,31.714596680811397,39,97290,45
p002163,r0005,14,3.6499999999999999,0.46999999999999997,-59.552746953612278,59.785212278029029,4.1463714391576163,39,97335,45
p002164,r0025,21,1.6499999999999999,0.76000000000000001,-60.353967489306356,59.915306100991202,-31.939341827634944,27,97380,45
p002165,r0023,14,1.6499999999999999,0.46999999999999997,-60.1461749946737,59.020506545454253,3.4621662215941216,30,97425,45
p002166,r0006,30,4.0499999999999998,0.46999999999999997,-60.228688582893646,59.616685606499608,3.7393597374847802,40,97470,45
p002167,r0014,9,3.25,0.76000000000000001,-60.35373251145019,59.671154523315224,-31.097759623106487,34,97515,45
p002168,r0013,21,1.6499999999999999,0.23999999999999999,-59.815565513240117,59.776540832598464,30.624435309597207,30,97560,45
p002169,r0023,21,3.6499999999999999,0.76000000000000001,-59.369937489027457,59.980638007026577,-31.175799369974488,38,97605,45
p002170,r0022,30,2.4500000000000002,0.23999999999999999,-59.813898723171,60.003677551486945,31.697459245569039,38,97650,45
p002171,r0012,21,0.84999999999999998,0.76000000000000001,-59.408622371491575,60.443016677649233,-30.194228999697781,26,97695,45
p002172,r0016,9,1.25,0.46999999999999997,-59.666937353223553,60.390716869781379,3.513619384969064,28,97740,45
p002173,r0019,9,2.0499999999999998,0.23999999999999999,-63.238949002174444,60.884982072668691,30.64523861470634,33,97785,45
p002174,r0016,9,3.25,0.23999999999999999,-59.597771515507091,60.409027796094477,31.157395961310105,38,97830,45
p002175,r0011,30,1.6499999999999999,0.76000000000000001,-59.558285380540866,60.07684978120453,-31.295852941721972,26,97875,45
p002176,r0009,21,2.4500000000000002,0.76000000000000001,-59.830429956185498,60.062941345442056,-31.506020843794882,31,97920,45
p002177,r0024,21,3.6499999999999999,0.46999999999999997,-59.936358299245114,60.150323965245065,3.2595833009346817,39,97965,45
p002178,r0005,9,2.4500000000000002,0.23999999999999999,-60.071041581394653,60.587617241011017,32.079539123633658,35,98010,45
p002179,r0007,14,2.8500000000000001,0.23999999999999999,-60.386224467402499,60.294304407236936,31.780977477323471,37,98055,45
p002180,r0018,9,3.6499999999999999,0.76000000000000001,-60.364043667145538,60.039999815073706,-31.917073231412918,38,98100,45
p002181,r0012,30,3.6499999999999999,0.46999999999999997,-59.640529453478294,59.58427704288998,3.9986179895968919,40,98145,45
p002182,r0023,14,2.8500000000000001,0.23999999999999999,-59.761892897164422,60.303793662840562,31.038028888439367,38,98190,45
p002183,r0023,30,2.8500000000000001,0.23999999999999999,-61.916626872004052,60.717370090354272,30.835210819388276,39,98235,45
p002184,r0003,30,1.6499999999999999,0.46999999999999997,-60.069539086325968,59.652689449481763,3.8332420376521315,27,98280,45
p002185,r0008,21,1.6499999999999999,0.23999999999999999,-71.826811960299452,63.907928631809924,31.781590889703676,30,98325,45
p002186,r0006,14,1.25,0.46999999999999997,-59.940634599743987,59.909433609431062,3.1299015511187944,28,98370,45
p002187,r0019,30,4.0499999999999998,0.23999999999999999,-59.884651146079186,59.181349266169988,30.155509167230189,40,98415,45
p002188,r0021,14,3.25,0.76000000000000001,-60.21606767762669,61.650428643030757,-30.518108560668903,37,98460,45
p002189,r0027,30,3.25,0.46999999999999997,-59.878267722394845,60.402459981538946,3.4205179606900655,40,98505,45
p002190,r0021,30,1.25,0.23999999999999999,-90.387431203634065,69.594274046935908,31.648664786799113,27,98550,45
p002191,r0002,21,2.4500000000000002,0.46999999999999997,-60.160278182986858,60.200345382803974,4.0808523068822895,34,98595,45
p002192,r0007,14,2.8500000000000001,0.46999999999999997,-60.756650346563987,60.07651564822504,2.8349276306742039,35,98640,45
p002193,r0015,21,1.6499999999999999,0.76000000000000001,-59.807410025339607,59.826733110247858,-30.645215672798617,27,98685,45
p002194,r0019,14,3.6499999999999999,0.23999999999999999,-59.758500583547928,60.205943273326433,31.864476747676584,39,98730,45
p002195,r0023,30,1.6499999999999999,0.23999999999999999,-60.07060335877847,60.471790363575366,31.091615870210447,30,98775,45
p002196,r0022,21,4.0499999999999998,0.23999999999999999,-60.117987017114807,59.763221273286469,31.441731283590162,40,98820,45
p002197,r0021,14,3.25,0.46999999999999997,-60.16109172607942,59.973087612680402,3.0600233234632865,37,98865,45
p002198,r0002,9,1.25,0.23999999999999999,-59.816721953565249,59.844880512940108,31.576095920978823,30,98910,45
p002199,r0003,30,2.4500000000000002,0.23999999999999999,-60.194562130613456,60.216531207433974,30.867868806302592,38,98955,45
p002200,r0016,9,2.4500000000000002,0.46999999999999997,-59.796198667182892,59.631675628838352,3.0505747097083669,33,99000,45
p002201,r0010,14,2.8500000000000001,0.76000000000000001,-60.273744119793072,59.813043763851049,-31.902915027718482,33,99045,45
p002202,r0021,21,3.25,0.76000000000000001,-66.09950963982169,77.863928461362661,-31.098284495537445,37,99090,45
p002203,r0018,30,2.0499999999999998,0.46999999999999997,-59.668903872560655,60.155810659819572,3.3881948296008657,30,99135,45
p002204,r0023,21,3.25,0.76000000000000001,-59.650042393179163,60.260880024430278,-31.321421012952893,37,99180,45
p002205,r0000,30,3.6499999999999999,0.76000000000000001,-60.379304431732955,59.841308019647656,-31.076357443401609,39,99225,45
p002206,r0021,9,0.84999999999999998,0.23999999999999999,-60.043653111597415,60.419997238242992,31.058721154281297,28,99270,45
p002207,r0024,21,2.0499999999999998,0.46999999999999997,-59.52872320812871,60.100962451456923,4.3250101914516792,31,99315,45
p002208,r0014,9,3.6499999999999999,0.23999999999999999,-62.809855850610305,61.022488606850779,30.852725937060118,39,99360,45
p002209,r0012,14,2.4500000000000002,0.23999999999999999,-60.520420224132877,59.875391827487142,31.430396935098337,36,99405,45
p002210,r0023,9,4.0499999999999998,0.23999999999999999,-60.44620830464023,59.568716554673934,31.215134588438534,39,99450,45
p002211,r0010,30,3.25,0.46999999999999997,-59.740341084853675,60.537652976205315,3.5569957675075896,40,99495,45
p002212,r0011,21,1.6499999999999999,0.46999999999999997,-59.587075845345773,59.508997915343819,3.9838432478197179,28,99540,45
p002213,r0008,30,2.8500000000000001,0.76000000000000001,-61.880976509387921,65.270252810004138,-31.81468147273382,33,99585,45
p002214,r0005,9,2.8500000000000001,0.76000000000000001,-60.738420269001111,60.307261715386339,-32.137456592748116,35,99630,45
p002215,r0025,30,1.6499999999999999,0.46999999999999997,-59.878298221703844,60.80491697283081,4.5338058313995235,27,99675,45
p002216,r0016,14,2.4500000000000002,0.46999999999999997,-60.102160656701209,60.224548126667919,4.1209949984844316,34,99720,45
p002217,r0020,14,4.0499999999999998,0.76000000000000001,-60.10502195771285,59.506093656717347,-30.948354210249601,39,99765,45
p002218,r0023,21,4.0499999999999998,0.76000000000000001,-59.760907201740523,59.724231777455721,-30.634473846733425,40,99810,45
p002219,r0015,14,1.6499999999999999,0.46999999999999997,-60.314159581967061,59.912631979057267,3.8560399453758381,28,99855,45
p002220,r0005,30,3.6499999999999999,0.23999999999999999,-67.477229708602266,63.11525948792783,31.323062080760607,40,99900,45
p002221,r0016,21,2.4500000000000002,0.46999999999999997,-59.921485105567093,60.370227287302576,4.2831224626538331,33,99945,45
p002222,r0020,14,2.4500000000000002,0.46999999999999997,-60.279207457910125,59.667617564203731,2.8426098038102223,33,99990,45
p002223,r0010,21,3.6499999999999999,0.76000000000000001,-61.800521224672707,64.908089973722824,-31.840454537057777,39,100035,45
p002224,r0026,30,2.0499999999999998,0.23999999999999999,-58.730519105074045,60.310294053015923,31.290498895074332,33,100080,45
p002225,r0026,30,3.6499999999999999,0.76000000000000001,-66.002697283967223,78.767664803960344,-31.707810382864604,39,100125,45
p002226,r0001,21,2.0499999999999998,0.76000000000000001,-60.002083867312336,59.461461800482184,-31.780832907041653,29,100170,45
p002227,r0009,30,2.0499999999999998,0.46999999999999997,-60.084650759391941,60.013090536284331,4.017152127316483,30,100215,45
p002228,r0003,14,2.4500000000000002,0.46999999999999997,-59.852179799961966,60.16198496791943,3.3053275270151756,33,100260,45
p002229,r0019,14,3.6499999999999999,0.46999999999999997,-60.071139950745057,59.55027339508009,2.8782091225422759,39,100305,45
p002230,r0018,21,4.0499999999999998,0.76000000000000001,-60.099067263816764,59.189785460408686,-31.919742610002654,39,100350,45
p002231,r0014,9,2.8500000000000001,0.46999999999999997,-59.745815468624791,59.778962153048063,3.1523166708618247,35,100395,45
p002232,r0017,21,0.84999999999999998,0.23999999999999999,-60.319826867694808,59.953793197733781,31.538124382030919,27,100440,45
p002233,r0008,30,2.0499999999999998,0.46999999999999997,-60.304017798501079,59.985998411922992,2.9996907930236842,29,100485,45
p002234,r0011,9,4.0499999999999998,0.46999999999999997,-59.651940239021698,59.801615894619033,3.208444511807893,39,100530,45
p002235,r0015,21,3.25,0.23999999999999999,-59.913848609686539,60.465719818402938,31.124623395661466,40,100575,45
p002236,r0001,21,2.0499999999999998,0.46999999999999997,-59.631317137821497,59.820474839235629,3.2281326100187853,32,100620,45
p002237,r0017,30,2.0499999999999998,0.76000000000000001,-59.865801240776236,59.96599131789646,-30.656171026694789,28,100665,45
p002238,r0018,21,2.8500000000000001,0.23999999999999999,-59.792411682272281,59.820792789440162,30.663623716229178,39,100710,45
p002239,r0006,14,2.0499999999999998,0.46999999999999997,-59.697878207035821,59.9957772874751,3.2897592050549731,31,100755,45
p002240,r0008,14,2.0499999999999998,0.76000000000000001,-60.851521166354487,59.780929656654521,-32.349732968832328,29,100800,45
p002241,r0012,9,4.0499999999999998,0.23999999999999999,-59.946078243304584,60.219154429132118,31.82949858774731,39,100845,45
p002242,r0007,14,1.25,0.46999999999999997,-60.17327300212613,59.884866684620711,3.9075410318497008,28,100890,45
p002243,r0002,21,0.84999999999999998,0.23999999999999999,-60.055934740897058,59.469055291277257,30.333057683555424,27,100935,45
p002244,r0010,21,4.0499999999999998,0.46999999999999997,-60.088367132499435,60.133609662847498,3.1792805690344421,40,100980,45
p002245,r0023,9,1.6499999999999999,0.76000000000000001,-59.905177305233217,60.082020352653764,-30.658249867340341,29,101025,45
p002246,r0003,9,1.25,0.46999999999999997,-59.915531817042499,59.748231072098328,3.0562625142021416,29,101070,45
p002247,r0006,9,3.6499999999999999,0.76000000000000001,-59.739612490829842,60.223674548375548,-31.39842360142055,37,101115,45
p002248,r0010,21,2.0499999999999998,0.76000000000000001,-59.453023226231906,59.762367899541665,-30.391329356046253,30,101160,45
p002249,r0000,30,3.25,0.23999999999999999,-60.641660186649126,60.386722107173874,31.789910356656353,40,101205,45
p002250,r0010,14,2.8500000000000001,0.23999999999999999,-59.749719203285366,60.246933992153203,30.997737225247949,37,101250,45
p002251,r0020,30,3.6499999999999999,0.46999999999999997,-59.78937621705515,59.745609386969306,4.0141661530778139,40,101295,45
p002252,r0013,9,2.0499999999999998,0.76000000000000001,-60.142170031648817,59.858061710438903,-31.792114413547761,31,101340,45
p002253,r0000,30,3.25,0.46999999999999997,-60.110112585416232,59.818987821206491,3.0023106300938123,39,101385,45
p002254,r0016,21,1.25,0.46999999999999997,-59.863967767204009,60.254668294894493,3.3489093457082033,27,101430,45
p002255,r0023,9,0.84999999999999998,0.76000000000000001,-59.785312494874873,59.803471325835417,-31.534004377904406,28,101475,45
p002256,r0025,9,2.8500000000000001,0.23999999999999999,-59.597308543282452,60.191534178587496,30.992211925338712,36,101520,45
p002257,r0024,14,3.25,0.76000000000000001,-59.533620302493148,59.672767917704128,-30.474087129645806,36,101565,45
p002258,r0007,30,1.25,0.23999999999999999,-59.849855864066043,59.767735487397339,31.509513563046127,27,101610,45
p002259,r0006,14,2.4500000000000002,0.23999999999999999,-80.770768039828511,66.868284463911891,30.984911863014194,35,101655,45
p002260,r0023,14,2.8500000000000001,0.76000000000000001,-60.461924700797439,60.177104569885962,-31.058557675833423,34,101700,45
p002261,r0027,21,2.4500000000000002,0.46999999999999997,-59.828306292359372,60.158748332138856,4.2148326586246911,35,101745,45
p002262,r0023,14,4.0499999999999998,0.46999999999999997,-60.65284356938129,59.841805733860255,2.7593205613367315,39,101790,45
p002263,r0024,30,2.0499999999999998,0.23999999999999999,-80.46374427616631,66.08112936753686,31.3603596930481,35,101835,45
p002264,r0006,21,0.84999999999999998,0.76000000000000001,-63.770377642009848,71.012678166638651,-30.972444247934209,26,101880,45
p002265,r0006,30,1.6499999999999999,0.23999999999999999,-88.497443266881191,68.536668348877157,31.298481561095155,29,101925,45
p002266,r0007,30,2.4500000000000002,0.76000000000000001,-61.828811983940078,66.025340746624778,-30.693815328604519,31,101970,45
p002267,r0019,30,2.8500000000000001,0.76000000000000001,-60.289069148151583,59.897853232829362,-31.894207776716154,34,102015,45
p002268,r0023,14,0.84999999999999998,0.23999999999999999,-60.136107815667472,60.016813804549479,31.630112615697414,27,102060,45
p002269,r0011,9,4.0499999999999998,0.76000000000000001,-60.254803770791547,59.91742144040596,-31.863469720104145,38,102105,45
p002270,r0009,30,0.84999999999999998,0.46999999999999997,-59.236132669333344,60.993141934686506,4.0353828707971813,26,102150,45
p002271,r0013,21,1.6499999999999999,0.46999999999999997,-59.887421017107982,60.076400507872634,4.1434043911317504,28,102195,45
p002272,r0024,9,1.6499999999999999,0.76000000000000001,-59.506834388009317,60.118466968234003,-31.246762062510921,29,102240,45
p002273,r0023,9,2.0499999999999998,0.23999999999999999,-62.359585636667546,60.415872350301697,31.399762433429078,33,102285,45
p002274,r0004,21,4.0499999999999998,0.23999999999999999,-60.431099104667759,60.189475813173011,30.790537832891228,40,102330,45
p002275,r0028,21,1.25,0.46999999999999997,-59.284658048599397,60.550636698344249,3.7780481672807396,27,102375,45
p002276,r0022,9,2.4500000000000002,0.46999999999999997,-60.811453206399655,59.902851114685141,2.7171280837752887,35,102420,45
p002277,r0014,14,2.8500000000000001,0.23999999999999999,-59.926746917066517,59.614329200696233,31.374470932433177,38,102465,45
p002278,r0020,30,2.0499999999999998,0.23999999999999999,-60.202998218809299,60.672018587641048,31.212014554092967,34,102510,45
p002279,r0007,9,2.8500000000000001,0.46999999999999997,-59.856012066418742,59.778485953663989,3.1002718842251111,35,102555,45
p002280,r0004,9,1.25,0.76000000000000001,-59.578419529178063,59.948923675772875,-30.441857159989841,28,102600,45
p002281,r0027,21,1.6499999999999999,0.76000000000000001,-59.495401721014623,59.866641938002246,-30.398511242850578,27,102645,45
p002282,r0004,14,2.4500000000000002,0.46999999999999997,-59.80333296833691,59.91706090556989,3.1984757848336995,34,102690,45
p002283,r0003,21,2.4500000000000002,0.46999999999999997,-59.691233129318448,60.30484441871792,3.4566879711408331,34,102735,45
p002284,r0009,9,0.84999999999999998,0.23999999999999999,-66.385198803550267,62.277398260955081,30.9483749654738,28,102780,45
p002285,r0001,14,3.6499999999999999,0.23999999999999999,-60.23020281686869,59.837482309950445,31.471237879513854,39,102825,45
p002286,r0017,9,2.8500000000000001,0.76000000000000001,-59.857379347064665,59.695227669058099,-30.7147536631952,34,102870,45
p002287,r0017,21,2.4500000000000002,0.46999999999999997,-59.968351378925895,59.487185548133759,3.7930831924157262,34,102915,45
p002288,r0006,21,3.25,0.76000000000000001,-60.629534783533899,59.733140058397645,-31.292492821470329,37,102960,45
p002289,r0020,21,4.0499999999999998,0.46999999999999997,-59.514310394567687,59.672621642029853,3.2047635848290126,40,103005,45
p002290,r0012,30,3.6499999999999999,0.76000000000000001,-59.793947362392402,59.770776467296123,-31.548413643267157,39,103050,45
p002291,r0027,21,3.6499999999999999,0.46999999999999997,-60.533926017816746,60.21677427219479,3.9139451358893682,39,103095,45
p002292,r0015,9,2.0499999999999998,0.46999999999999997,-60.514667351027398,60.306778034602864,3.9706987033566508,32,103140,45
p002293,r0005,30,2.4500000000000002,0.46999999999999997,-59.600827147664795,59.97072140080386,3.3220935830235971,33,103185,45
p002294,r0021,9,2.0499999999999998,0.23999999999999999,-60.009524376719185,60.423982284907687,31.069940686117242,33,103230,45
p002295,r0019,21,3.25,0.46999999999999997,-60.066925847807525,60.619396079044108,4.3468247734238448,38,103275,45
p002296,r0022,9,1.25,0.23999999999999999,-60.44638691955619,60.21410965348246,30.805590475953188,29,103320,45
p002297,r0024,21,1.25,0.76000000000000001,-59.64382294557393,60.111085047715989,-31.352645027184348,26,103365,45
p002298,r0005,21,1.6499999999999999,0.46999999999999997,-60.178692107936477,59.402261551412074,3.6492133315182587,28,103410,45
p002299,r0018,14,1.6499999999999999,0.76000000000000001,-60.858297378491244,60.025467077492365,-31.396193909055174,28,103455,45
p002300,r0019,30,2.0499999999999998,0.23999999999999999,-60.484150199337769,59.485860364394441,31.143057829098709,35,103500,45
p002301,r0028,30,1.25,0.76000000000000001,-60.11209614328213,59.845287303412633,-30.872324116075394,26,103545,45
p002302,r0004,9,2.8500000000000001,0.23999999999999999,-60.570308993053331,59.298065391504934,30.079655539210954,37,103590,45
p002303,r0000,30,2.8500000000000001,0.23999999999999999,-76.214629737720657,64.939471838743628,30.612487460392199,39,103635,45
p002304,r0004,30,2.8500000000000001,0.46999999999999997,-60.102126377531661,59.773594407739481,2.9820056386620477,37,103680,45
p002305,r0025,14,0.84999999999999998,0.23999999999999999,-60.934694449712183,59.963495463082822,30.497929884012024,27,103725,45
p002306,r0014,14,1.25,0.46999999999999997,-59.641739955913479,60.006742405954981,4.2219556958768054,28,103770,45
p002307,r0006,21,2.4500000000000002,0.46999999999999997,-60.161360209620078,60.162486189270318,3.1602783817918363,33,103815,45
p002308,r0000,14,1.6499999999999999,0.46999999999999997,-59.977450460696311,60.542247481567181,3.4479894487033418,29,103860,45
p002309,r0009,9,2.4500000000000002,0.23999999999999999,-60.136041075267052,60.296341142084266,30.942569409919951,36,103905,45
p002310,r0006,14,4.0499999999999998,0.76000000000000001,-60.21108633998471,59.930938189552741,-31.827000452895721,39,103950,45
p002311,r0009,21,4.0499999999999998,0.46999999999999997,-60.073185808375158,59.963416859341038,3.0962136055144311,40,103995,45
p002312,r0003,21,2.0499999999999998,0.23999999999999999,-60.658532381016187,60.047030307931259,31.527695262583869,34,104040,45
p002313,r0008,14,2.8500000000000001,0.23999999999999999,-60.076164814378444,59.99515824176774,31.628040708292655,38,104085,45
p002314,r0022,14,3.25,0.46999999999999997,-59.75874944332832,60.172032626607212,4.2545650537375126,38,104130,45
p002315,r0014,30,4.0499999999999998,0.46999999999999997,-59.404052349190799,59.614159706382189,4.1256000402628858,40,104175,45
p002316,r0011,30,2.8500000000000001,0.46999999999999997,-59.961862943279925,60.065748889365949,4.1027713280223894,37,104220,45
p002317,r0021,14,0.84999999999999998,0.76000000000000001,-62.853254130557175,71.136646481686498,-30.245677983618695,27,104265,45
p002318,r0024,30,2.8500000000000001,0.76000000000000001,-60.080727123219233,59.886215709198567,-30.838660843438962,35,104310,45
p002319,r0017,30,2.0499999999999998,0.46999999999999997,-60.374706546536359,59.191412008580045,2.5453362876753358,29,104355,45
p002320,r0008,21,3.6499999999999999,0.76000000000000001,-60.191576091955042,60.019301938986345,-30.890965364529112,38,104400,45
p002321,r0007,9,0.84999999999999998,0.76000000000000001,-59.820506893676644,60.659179146885357,-30.455382243941767,28,104445,45
p002322,r0001,30,2.8500000000000001,0.46999999999999997,-60.648120076293388,60.033551481280604,2.8631658492208301,38,104490,45
p002323,r0004,9,3.25,0.76000000000000001,-59.652212273516781,60.305463946293401,-31.312369980762337,35,104535,45
p002324,r0004,14,4.0499999999999998,0.76000000000000001,-60.095235111714544,59.77470159241102,-30.876450302724411,38,104580,45
p002325,r0001,30,4.0499999999999998,0.46999999999999997,-59.888852244703124,60.557083280858073,4.3974935838443132,40,104625,45
p002326,r0009,21,1.25,0.23999999999999999,-59.866990818900518,59.975798621854665,31.66352915607342,27,104670,45
p002327,r0011,30,4.0499999999999998,0.76000000000000001,-62.808900408051556,66.36019438363769,-32.258317658046138,40,104715,45
p002328,r0024,30,2.4500000000000002,0.23999999999999999,-60.376137631278453,59.792187937862145,31.401789801268404,38,104760,45
p002329,r0004,9,2.4500000000000002,0.23999999999999999,-60.080419061385413,60.111069891535671,30.815112542834616,35,104805,45
p002330,r0020,21,2.8500000000000001,0.46999999999999997,-59.59380881648525,60.300766955685361,4.4003163427651772,38,104850,45
p002331,r0015,14,1.25,0.46999999999999997,-59.386246472223242,59.608565718830995,4.1310039890355101,28,104895,45
p002332,r0024,14,0.84999999999999998,0.76000000000000001,-68.178850079279556,84.702013468476125,-31.037442827818186,26,104940,45
p002333,r0008,30,4.0499999999999998,0.76000000000000001,-60.242119433422502,59.548732641527593,-31.042314935434479,40,104985,45
p002334,r0021,21,2.0499999999999998,0.46999999999999997,-59.940529022479581,59.79784690678909,3.0708102200328211,31,105030,45
p002335,r0025,21,4.0499999999999998,0.76000000000000001,-60.682641497959544,61.73101359222516,-30.853364276315215,39,105075,45
p002336,r0007,21,4.0499999999999998,0.46999999999999997,-59.859608700758223,59.874017840992941,4.0492133663698953,40,105120,45
p002337,r0017,14,2.0499999999999998,0.76000000000000001,-59.853097324470184,59.875786716220603,-31.568165154704399,30,105165,45
p002338,r0000,21,1.6499999999999999,0.23999999999999999,-60.287700800067697,60.087787521404991,30.747670324251548,30,105210,45
p002339,r0024,9,2.4500000000000002,0.76000000000000001,-62.99498007070774,69.041731691665916,-30.85616924773807,33,105255,45
p002340,r0028,21,3.25,0.76000000000000001,-60.846185444504187,61.56015917011328,-31.918662736995994,36,105300,45
p002341,r0007,14,4.0499999999999998,0.23999999999999999,-60.502812267777884,60.398173186804691,31.831936677704871,40,105345,45
p002342,r0007,14,0.84999999999999998,0.23999999999999999,-61.468639481755332,59.960609203633425,31.267589519140124,27,105390,45
p002343,r0019,21,0.84999999999999998,0.46999999999999997,-60.163457258362293,60.327490389590629,4.1467449950527611,26,105435,45
p002344,r0003,30,2.4500000000000002,0.76000000000000001,-60.08118728803403,60.352996780777843,-30.726983111519178,31,105480,45
p002345,r0001,9,3.6499999999999999,0.76000000000000001,-60.279721215926841,60.164093933635122,-31.823205580031971,37,105525,45
p002346,r0001,30,1.25,0.46999999999999997,-59.797239984166254,59.946888547394437,3.2171481375609146,26,105570,45
p002347,r0010,9,2.0499999999999998,0.76000000000000001,-59.833653438550328,60.221182987876702,-30.57049269620784,32,105615,45
p002348,r0022,14,3.6499999999999999,0.76000000000000001,-60.006878096315667,60.351557550019869,-30.67085354119514,39,105660,45
p002349,r0000,30,4.0499999999999998,0.76000000000000001,-74.908113614313152,106.28152254709401,-31.872600935575431,40,105705,45
p002350,r0013,21,2.8500000000000001,0.46999999999999997,-59.716019380764742,60.173380269980079,3.3753624341300137,36,105750,45
p002351,r0026,30,2.4500000000000002,0.76000000000000001,-59.459083024174546,60.634249166912838,-30.186683298313572,32,105795,45
p002352,r0015,14,3.6499999999999999,0.23999999999999999,-69.728973076926977,63.243994302889277,31.780482131733375,40,105840,45
p002353,r0008,9,4.0499999999999998,0.46999999999999997,-59.505420963679612,60.47707560331294,4.5353022168264419,39,105885,45
p002354,r0000,9,2.8500000000000001,0.23999999999999999,-59.61480146896406,59.883522199341265,30.75392451894799,37,105930,45
p002355,r0019,21,4.0499999999999998,0.76000000000000001,-65.198806786229682,77.624717670597249,-30.47116091659122,40,105975,45
p002356,r0011,9,3.25,0.23999999999999999,-60.651719096084818,59.28018479496783,30.046527861115194,38,106020,45
p002357,r0000,9,0.84999999999999998,0.76000000000000001,-60.813379854176802,59.79109457142458,-32.318305992032478,28,106065,45
p002358,r0019,9,1.6499999999999999,0.76000000000000001,-59.817703339833855,59.941262705428649,-31.525551488970851,29,106110,45
p002359,r0015,30,2.8500000000000001,0.46999999999999997,-59.803589070527586,60.221573837095313,3.3597472705125524,38,106155,45
p002360,r0013,30,2.8500000000000001,0.23999999999999999,-59.946967412660825,60.345520363558983,31.925323297266228,40,106200,45
p002361,r0018,30,4.0499999999999998,0.46999999999999997,-60.1778006120839,59.485005752784829,3.6934867612965308,40,106245,45
p002362,r0022,14,2.4500000000000002,0.76000000000000001,-60.435647510238354,59.826552373257464,-32.022719538199361,32,106290,45
p002363,r0006,14,2.0499999999999998,0.76000000000000001,-59.834575640389701,60.072645938276779,-31.506842461509745,29,106335,45
p002364,r0015,30,1.25,0.46999999999999997,-60.023787012625711,60.380549579384073,4.2405113811394815,26,106380,45
p002365,r0021,21,2.4500000000000002,0.76000000000000001,-59.927339525233009,59.653793658053246,-30.77786756124431,31,106425,45
p002366,r0017,9,1.6499999999999999,0.46999999999999997,-60.508924508445794,60.077494527552496,3.8518775806333041,30,106470,45
p002367,r0006,9,2.8500000000000001,0.76000000000000001,-60.066995904334362,59.866158655799012,-31.73303880990235,34,106515,45
p002368,r0015,9,3.25,0.46999999999999997,-60.121885042066488,60.399618739316075,3.3045119620662744,36,106560,45
p002369,r0018,30,1.6499999999999999,0.23999999999999999,-60.415716108908185,59.885117359369701,30.562917326983012,29,106605,45
p002370,r0012,14,3.25,0.46999999999999997,-59.446379355431418,59.845183506847235,3.3281489615762707,38,106650,45
p002371,r0016,14,3.6499999999999999,0.46999999999999997,-60.09385992446385,59.652650919616811,2.9217908228989016,39,106695,45
p002372,r0010,9,1.25,0.23999999999999999,-59.994196651433519,59.641301578865587,30.478782003593803,29,106740,45
p002373,r0007,14,2.4500000000000002,0.76000000000000001,-59.947644734308447,60.331494091827288,-30.630651416035871,32,106785,45
p002374,r0026,9,2.4500000000000002,0.23999999999999999,-66.949446906457723,62.263411314664772,31.702325341595373,34,106830,45
p002375,r0008,30,2.4500000000000002,0.46999999999999997,-59.44701664016678,59.804031057608441,3.3060386396540933,35,106875,45
p002376,r0025,9,3.25,0.46999999999999997,-59.861549807391953,59.589760543077332,3.897644678356774,37,106920,45
p002377,r0003,21,2.4500000000000002,0.23999999999999999,-59.848972646375003,59.995829599028262,31.683077060131481,37,106965,45
p002378,r0015,14,3.25,0.23999999999999999,-59.847544371107006,59.681418707291066,31.444467568475527,39,107010,45
p002379,r0012,9,2.4500000000000002,0.46999999999999997,-59.940378207137769,59.742563757800099,3.0415810342793064,34,107055,45
p002380,r0002,21,2.8500000000000001,0.23999999999999999,-59.407071548052926,60.008258189747544,31.798579052675429,39,107100,45
p002381,r0005,30,0.84999999999999998,0.46999999999999997,-60.420486180731181,60.60312328826798,4.172026837838378,26,107145,45
p002382,r0008,14,2.8500000000000001,0.76000000000000001,-59.915207514684752,60.495329061515385,-30.566678736396721,34,107190,45
p002383,r0020,30,1.6499999999999999,0.76000000000000001,-59.648353597960103,60.884167006161711,-30.27054865297087,27,107235,45
p002384,r0006,14,4.0499999999999998,0.23999999999999999,-60.372084040711911,59.831118585793867,31.432349955432482,40,107280,45
p002385,r0002,14,3.6499999999999999,0.23999999999999999,-59.800814729821617,60.343146838274279,31.058596061931265,40,107325,45
p002386,r0018,9,2.0499999999999998,0.23999999999999999,-58.857091286130284,59.748893609220559,30.833457234336358,33,107370,45
p002387,r0008,30,3.6499999999999999,0.46999999999999997,-59.956968821181931,60.14065437578509,3.2447714732105934,40,107415,45
p002388,r0001,21,1.25,0.46999999999999997,-60.334933252593544,60.296267627587326,4.0496032139023201,27,107460,45
p002389,r0008,14,1.6499999999999999,0.76000000000000001,-59.329532513901952,60.226995475733254,-30.185965796389507,28,107505,45
p002390,r0017,30,3.25,0.46999999999999997,-60.110189374988408,59.895335263788581,3.0427386835634023,39,107550,45
p002391,r0018,9,1.25,0.23999999999999999,-59.988430941786348,60.367506915513061,31.932081829761202,29,107595,45
p002392,r0002,21,4.0499999999999998,0.76000000000000001,-59.475786513554269,60.777501381772751,-30.164997418675785,39,107640,45
p002393,r0009,21,0.84999999999999998,0.23999999999999999,-59.8250712692885,59.787376533239907,31.530389060633091,27,107685,45
p002394,r0023,9,4.0499999999999998,0.46999999999999997,-60.048372196169268,59.800369625124887,3.0214609691166343,39,107730,45
p002395,r0018,30,3.25,0.46999999999999997,-60.55438464435413,59.868311587149506,3.7196443583428023,39,107775,45
p002396,r0021,30,3.6499999999999999,0.46999999999999997,-59.804275121034976,59.920663572002042,3.1999423862746452,40,107820,45
p002397,r0009,14,2.8500000000000001,0.46999999999999997,-60.064717007216075,59.891010458560402,3.9618185496454617,37,107865,45
p002398,r0003,21,2.8500000000000001,0.23999999999999999,-59.439535384588197,59.740069219893748,30.686964114818085,39,107910,45
p002399,r0004,21,0.84999999999999998,0.76000000000000001,-60.333383824394055,60.456105679956707,-30.893906343349872,26,107955,45
p002400,r0022,14,4.0499999999999998,0.46999999999999997,-59.84988770741657,60.723350459890241,4.5039285212560403,39,108000,45
p002401,r0003,30,3.6499999999999999,0.23999999999999999,-60.570592715125365,59.670584043679249,30.362701621566142,40,108045,45
p002402,r0001,9,0.84999999999999998,0.46999999999999997,-59.975614827419861,60.672549084875882,4.4179120460968848,27,108090,45
p002403,r0012,30,1.6499999999999999,0.46999999999999997,-60.508870881290463,59.743091391334843,3.6746691232009541,27,108135,45
p002404,r0008,21,0.84999999999999998,0.46999999999999997,-59.939787024012062,59.189227127936348,3.6485904765206003,26,108180,45
p002405,r0004,9,2.4500000000000002,0.46999999999999997,-60.302558423677411,60.418692814975543,3.229704732808659,33,108225,45
p002406,r0001,30,3.25,0.46999999999999997,-60.266111618907189,60.485726165061266,4.1823624065960958,39,108270,45
p002407,r0018,9,0.84999999999999998,0.76000000000000001,-60.061846231462567,60.138667061581792,-30.763723041131922,27,108315,45
p002408,r0016,21,2.8500000000000001,0.23999999999999999,-60.049415314399035,60.097318372572623,30.812102287699428,39,108360,45
p002409,r0006,9,2.4500000000000002,0.46999999999999997,-59.752077755351287,59.928010340556732,4.1283689354799664,34,108405,45
p002410,r0014,14,2.4500000000000002,0.46999999999999997,-60.669570839524226,59.589444973821827,2.6177075415491826,34,108450,45
p002411,r0010,30,2.8500000000000001,0.23999999999999999,-59.565923280369553,60.372888279344075,31.137573505012806,40,108495,45
p002412,r0004,9,0.84999999999999998,0.46999999999999997,-59.587363063710093,60.302074384340123,3.5040387837565232,28,108540,45
p002413,r0022,14,1.6499999999999999,0.23999999999999999,-86.993030346704558,67.847241132375984,30.235575977396653,31,108585,45
p002414,r0027,30,1.25,0.76000000000000001,-60.41062601118886,60.079702098099837,-31.042947264959576,26,108630,45
p002415,r0023,30,3.25,0.23999999999999999,-60.316310597591517,60.164242432749056,31.698909705467319,40,108675,45
p002416,r0018,14,4.0499999999999998,0.23999999999999999,-59.586686978147874,60.055731815296831,30.891551304870102,40,108720,45
p002417,r0000,30,1.6499999999999999,0.23999999999999999,-59.89516584623334,59.926881014573446,31.619589767979818,30,108765,45
p002418,r0004,14,3.6499999999999999,0.46999999999999997,-60.248190988647508,59.935319419396706,2.9990695276159256,39,108810,45
p002419,r0018,21,3.25,0.23999999999999999,-59.907134478952173,59.988119456081144,30.763258511673151,40,108855,45
p002420,r0008,21,2.8500000000000001,0.23999999999999999,-59.690787937338527,60.152181438878458,31.839868788586383,39,108900,45
p002421,r0017,14,2.0499999999999998,0.23999999999999999,-59.85389712511207,59.682296680755535,30.54361016734731,35,108945,45
p002422,r0025,21,0.84999999999999998,0.46999999999999997,-60.03546077230402,59.532840126321162,3.78573870396733,26,108990,45
p002423,r0011,21,2.4500000000000002,0.76000000000000001,-60.263242095733823,60.715677191568027,-30.778301466781382,31,109035,45
p002424,r0007,30,2.8500000000000001,0.23999999999999999,-60.408423947743444,59.780526190984546,31.385178157689829,39,109080,45
p002425,r0019,9,2.4500000000000002,0.76000000000000001,-59.820658445682028,59.868211492284502,-30.645329660570059,31,109125,45
p002426,r0010,21,3.6499999999999999,0.23999999999999999,-64.214989442577107,61.187213445592242,31.540684752431602,40,109170,45
p002427,r0018,9,2.0499999999999998,0.46999999999999997,-59.559525877088355,59.472566228938128,3.9774829391056814,33,109215,45
p002428,r0029,14,4.0499999999999998,0.76000000000000001,-59.724249804895685,60.381111711920958,-31.34896304085969,39,109260,45
p002429,r0015,21,3.25,0.76000000000000001,-60.59996907412534,60.362564896293428,-32.018960921224839,37,109305,45
p002430,r0018,9,2.4500000000000002,0.76000000000000001,-60.248709555227173,60.19882631650195,-30.891300946012183,33,109350,45
p002431,r0012,21,1.25,0.46999999999999997,-60.237929729967334,60.041411383453166,3.9601210601455366,27,109395,45
p002432,r0012,14,3.25,0.23999999999999999,-69.186816488497811,63.340205940899722,31.983720557844315,39,109440,45
p002433,r0005,30,2.8500000000000001,0.23999999999999999,-60.327835406326741,60.030570904754796,31.594553390095228,40,109485,45
p002434,r0006,9,4.0499999999999998,0.76000000000000001,-70.02396743538948,91.695130485724889,-31.661383934322043,38,109530,45
p002435,r0009,30,3.6499999999999999,0.46999999999999997,-59.908631583167505,59.625247930528289,2.9943245590912708,40,109575,45
p002436,r0020,9,3.25,0.46999999999999997,-60.321143270568754,59.543436737265054,2.7570841335831657,37,109620,45
p002437,r0013,14,3.6499999999999999,0.46999999999999997,-60.056634716188995,59.988337051761178,3.1172003208245966,39,109665,45
p002438,r0013,14,0.84999999999999998,0.46999999999999997,-60.209830400090816,60.17470147904276,4.0439714958499851,27,109710,45
p002439,r0010,9,4.0499999999999998,0.46999999999999997,-60.017918069897057,60.467655977201495,4.2894361750651813,39,109755,45
p002440,r0002,9,2.0499999999999998,0.76000000000000001,-60.048312648873775,60.254593354966126,-31.625615207952197,30,109800,45
p002441,r0010,21,2.8500000000000001,0.76000000000000001,-59.593580370503382,60.062876280147641,-31.326030774347135,33,109845,45
p002442,r0026,30,1.6499999999999999,0.46999999999999997,-60.026968715954325,59.919742363349258,3.0947881560765778,27,109890,45
p002443,r0017,21,0.84999999999999998,0.76000000000000001,-59.7203332869219,60.120879108572822,-30.508442312003172,26,109935,45
p002444,r0018,14,2.8500000000000001,0.46999999999999997,-59.21849970060606,59.779249059272871,4.3003071421297792,36,109980,45
p002445,r0004,30,0.84999999999999998,0.76000000000000001,-60.244091655813719,59.990162981239401,-30.937870542920972,26,110025,45
p002446,r0005,21,1.25,0.46999999999999997,-59.523031022684926,59.577376136028029,3.1501847714329427,26,110070,45
p002447,r0013,9,1.6499999999999999,0.46999999999999997,-60.065523513743415,59.775756488891062,3.0003548876528638,31,110115,45
p002448,r0017,30,3.6499999999999999,0.23999999999999999,-60.16399236489324,59.90835082475737,30.640988459241225,40,110160,45
p002449,r0021,30,2.0499999999999998,0.46999999999999997,-59.935619185414879,59.695169438421431,3.0186987852183647,30,110205,45
p002450,r0011,30,3.6499999999999999,0.23999999999999999,-87.704682437576437,68.316070668172117,31.321089922792464,40,110250,45
p002451,r0016,14,1.25,0.46999999999999997,-59.997370983305409,60.054371957515976,3.180052775329929,27,110295,45
p002452,r0004,21,2.4500000000000002,0.76000000000000001,-60.385249418402452,59.829087352175975,-31.983808593463632,31,110340,45
p002453,r0012,30,1.6499999999999999,0.76000000000000001,-60.084119581323932,59.879400591562273,-31.742874739831247,26,110385,45
p002454,r0020,21,3.25,0.46999999999999997,-60.005724168597979,59.657872028624439,3.8659818159299038,39,110430,45
p002455,r0024,9,0.84999999999999998,0.76000000000000001,-60.156913723832076,60.193869475903568,-30.822725755895522,27,110475,45
p002456,r0019,9,1.25,0.76000000000000001,-60.071572096802392,60.072407715114366,-31.687016941942371,28,110520,45
p002457,r0017,9,0.84999999999999998,0.46999999999999997,-59.528316628776224,60.052488050233393,4.2995098510988727,28,110565,45
p002458,r0019,30,1.25,0.76000000000000001,-60.843217061124705,59.554408696132008,-32.397786879383098,26,110610,45
p002459,r0020,21,2.4500000000000002,0.23999999999999999,-59.709795193293871,60.119220099033704,31.810256428875089,36,110655,45
p002460,r0004,14,2.8500000000000001,0.23999999999999999,-65.984058962168646,62.176099536053435,30.96766149648014,38,110700,45
p002461,r0015,21,4.0499999999999998,0.23999999999999999,-59.206836158100245,59.684302694416878,31.600429369812773,40,110745,45
p002462,r0027,30,4.0499999999999998,0.76000000000000001,-59.894964988441075,59.939905221704038,-30.684596138006246,40,110790,45
p002463,r0009,30,0.84999999999999998,0.23999999999999999,-59.814596430364205,60.320784931773957,31.038293404860799,26,110835,45
p002464,r0009,9,1.6499999999999999,0.46999999999999997,-59.641673817639166,60.102057267310393,3.3725036573841036,31,110880,45
p002465,r0023,21,1.25,0.76000000000000001,-59.339793298536648,60.279559700233129,-30.181148578831905,26,110925,45
p002466,r0013,30,1.6499999999999999,0.46999999999999997,-59.755646475110616,59.857894324599606,4.0895301487358013,28,110970,45
p002467,r0000,21,4.0499999999999998,0.46999999999999997,-60.050557649023013,60.356919720399127,3.3154053567707207,40,111015,45
p002468,r0016,30,0.84999999999999998,0.23999999999999999,-60.398364564383414,59.609230247238763,31.257407492449442,26,111060,45
p002469,r0013,9,2.4500000000000002,0.46999999999999997,-60.496778566255522,59.744820175800022,2.7812687670339171,34,111105,45
p002470,r0022,21,2.4500000000000002,0.76000000000000001,-60.250246457854004,59.752898773411758,-31.899491602350221,32,111150,45
p002471,r0023,21,2.8500000000000001,0.23999999999999999,-59.631221484369959,59.825268536219546,30.705710931278066,39,111195,45
p002472,r0003,9,3.6499999999999999,0.46999999999999997,-59.60883168012316,60.168752828593512,4.3232881094966773,38,111240,45
p002473,r0015,30,2.0499999999999998,0.23999999999999999,-59.965093685576043,59.633946098335102,31.380176550196428,34,111285,45
p002474,r0019,30,2.4500000000000002,0.23999999999999999,-59.828704607728596,59.324594163015504,30.277802458036923,37,111330,45
p002475,r0022,21,1.25,0.76000000000000001,-59.311169236051953,60.037661443095473,-30.217449873056569,27,111375,45
p002476,r0012,14,0.84999999999999998,0.23999999999999999,-59.960612350374063,59.260363766702696,30.197329498604276,27,111420,45
p002477,r0023,14,0.84999999999999998,0.76000000000000001,-60.006093247353903,59.849025896999535,-30.790864652709079,26,111465,45
p002478,r0002,14,3.25,0.23999999999999999,-60.141959102123877,59.681046419151514,31.373525094045419,39,111510,45
p002479,r0012,30,4.0499999999999998,0.46999999999999997,-60.051114720892791,60.155232931340713,3.2082495347909683,40,111555,45
p002480,r0017,14,0.84999999999999998,0.76000000000000001,-59.703345406309147,59.752282505921706,-30.583994707373744,27,111600,45
p002481,r0015,30,0.84999999999999998,0.76000000000000001,-63.029814668643809,68.640304700842393,-30.978986019967127,26,111645,45
p002482,r0009,9,2.4500000000000002,0.76000000000000001,-64.933366358273815,75.020802904666112,-30.89436573516824,31,111690,45
p002483,r0017,9,3.25,0.23999999999999999,-60.093820935793929,60.452361066772347,31.971277386156444,38,111735,45
p002484,r0011,30,3.6499999999999999,0.46999999999999997,-59.759504623319671,60.260693969225358,3.4012006307291953,40,111780,45
p002485,r0028,9,1.6499999999999999,0.76000000000000001,-60.170965233862873,59.873866750877042,-30.910205557525291,29,111825,45
p002486,r0018,14,3.6499999999999999,0.46999999999999997,-59.73598137027551,60.085145521547105,3.319215882390476,39,111870,45
p002487,r0019,14,3.25,0.46999999999999997,-60.015583423102619,59.809732138175541,3.9418338243748083,38,111915,45
p002488,r0003,14,2.0499999999999998,0.23999999999999999,-59.715892694011053,59.969094465238577,30.794697547018668,33,111960,45
p002489,r0023,9,1.25,0.76000000000000001,-59.694961820184218,60.375296341028886,-30.42809986149307,28,112005,45
p002490,r0019,14,2.4500000000000002,0.76000000000000001,-59.622880069080082,59.662520216497505,-30.544384000541466,31,112050,45
p002491,r0019,30,3.6499999999999999,0.76000000000000001,-60.022252234111548,60.236136692847523,-31.610238891641369,39,112095,45
p002492,r0003,9,2.0499999999999998,0.46999999999999997,-59.730045264157788,60.373932570499441,3.4750629882105484,32,112140,45
p002493,r0003,14,3.6499999999999999,0.76000000000000001,-60.005808796406569,59.542264510769833,-31.764271202684231,38,112185,45
p002494,r0022,30,2.8500000000000001,0.76000000000000001,-59.536701826172994,59.772596436920708,-30.452470243030508,36,112230,45
p002495,r0014,30,3.25,0.23999999999999999,-60.65620298067838,60.692363141316299,31.118707272037579,40,112275,45
p002496,r0026,14,1.6499999999999999,0.46999999999999997,-59.898236931897422,59.781376081566641,3.0819579652385327,29,112320,45
p002497,r0020,9,1.25,0.46999999999999997,-60.225782927479599,59.539418936935547,3.6997740606604284,28,112365,45
p002498,r0015,21,2.0499999999999998,0.23999999999999999,-60.093324581437649,60.195417734645403,30.876119578785474,35,112410,45
p002499,r0020,21,2.4500000000000002,0.46999999999999997,-59.267950025406044,60.250787166895442,3.6269806865137495,33,112455,45
p002500,r0016,14,4.0499999999999998,0.23999999999999999,-59.379900573538066,59.972862644011038,30.878199471799256,40,112500,45
p002501,r0013,14,1.6499999999999999,0.76000000000000001,-59.603999583634376,59.707814835440658,-31.419164123056373,28,112545,45
p002502,r0008,30,0.84999999999999998,0.76000000000000001,-59.563654168628389,60.229951191303385,-30.36318888224476,26,112590,45
p002503,r0002,21,3.6499999999999999,0.23999999999999999,-68.914547446525916,62.850084612802249,30.776572918563492,40,112635,45
p002504,r0009,21,2.4500000000000002,0.23999999999999999,-60.181347617655106,59.739785123727749,31.408713265795868,38,112680,45
p002505,r0021,9,3.6499999999999999,0.23999999999999999,-60.309060902269806,59.548754069021953,30.332878475911933,39,112725,45
p002506,r0000,30,1.25,0.23999999999999999,-60.168538016156702,60.607417544728605,31.171188210116132,27,112770,45
p002507,r0004,30,4.0499999999999998,0.76000000000000001,-59.751140263947548,59.984941766240695,-31.464480576702368,40,112815,45
p002508,r0008,30,3.25,0.23999999999999999,-60.325348885195808,60.656133405202837,32.070577655507165,40,112860,45
p002509,r0002,14,0.84999999999999998,0.76000000000000001,-60.24229892763644,59.767123387093029,-31.890037572101367,27,112905,45
p002510,r0002,21,0.84999999999999998,0.46999999999999997,-59.583595950639612,60.065113217266351,3.3802199083505498,26,112950,45
p002511,r0014,14,3.6499999999999999,0.23999999999999999,-59.338131001278768,59.663692142985163,31.553254588361817,40,112995,45
p002512,r0024,14,3.25,0.23999999999999999,-59.951296797890002,60.181989419509868,31.800000727333899,39,113040,45
p002513,r0004,30,3.6499999999999999,0.76000000000000001,-73.966281286772812,103.37954555812382,-31.853282843997629,39,113085,45
p002514,r0022,14,3.25,0.23999999999999999,-60.044665240501175,59.906929927034035,31.568547086825586,39,113130,45
p002515,r0022,9,2.0499999999999998,0.46999999999999997,-59.950665463814609,59.351433718978818,2.8294471030659123,31,113175,45
p002516,r0020,30,2.4500000000000002,0.23999999999999999,-59.963227381267018,60.147097283669012,30.870619364084366,38,113220,45
p002517,r0022,9,0.84999999999999998,0.76000000000000001,-61.157024624623645,64.019244388106017,-31.564720061568533,27,113265,45
p002518,r0014,21,4.0499999999999998,0.46999999999999997,-59.886831665776093,59.396655029010908,2.883416282461023,40,113310,45
p002519,r0008,30,0.84999999999999998,0.23999999999999999,-59.899621037544705,60.14277097991787,30.882596895726852,26,113355,45
p002520,r0009,14,2.0499999999999998,0.76000000000000001,-60.177351706033122,60.09398857866875,-31.762230037704672,30,113400,45
p002521,r0002,21,2.0499999999999998,0.76000000000000001,-60.153068577443932,59.642007029777254,-30.952250431710848,28,113445,45
p002522,r0014,21,2.0499999999999998,0.76000000000000001,-60.321999716766953,60.031334626436717,-30.987199474398071,29,113490,45
p002523,r0015,14,0.84999999999999998,0.46999999999999997,-60.487309224404633,59.674441719507747,3.6484187758689304,27,113535,45
p002524,r0001,21,2.4500000000000002,0.23999999999999999,-60.212076298186304,59.898019263410134,30.621596328626993,37,113580,45
p002525,r0004,21,3.25,0.46999999999999997,-59.525010009524117,60.248965606995917,4.4051970672315024,38,113625,45
p002526,r0020,30,3.6499999999999999,0.76000000000000001,-59.862717220938585,59.821313758575066,-30.688549785855312,39,113670,45
p002527,r0023,14,2.8500000000000001,0.46999999999999997,-59.743856845662201,59.512074776954044,3.0117869143244134,36,113715,45
p002528,r0021,9,2.4500000000000002,0.46999999999999997,-60.47913063494633,60.364223106296379,4.0178468479123071,34,113760,45
p002529,r0008,14,3.25,0.23999999999999999,-59.408082620059012,59.871016941971504,30.794033047084181,39,113805,45
p002530,r0001,14,4.0499999999999998,0.46999999999999997,-60.485255328344522,60.088510537733271,3.8688405806767081,39,113850,45
p002531,r0000,30,1.25,0.76000000000000001,-59.815016681067412,60.596030177753335,-31.366365434950435,26,113895,45
p002532,r0011,14,1.6499999999999999,0.46999999999999997,-59.841684016734973,60.694554189545201,3.5925222325935193,30,113940,45
p002533,r0016,30,1.6499999999999999,0.23999999999999999,-60.704499551774546,60.114175290120869,30.667693328065972,29,113985,45
p002534,r0007,14,2.0499999999999998,0.46999999999999997,-59.362307882704989,60.123643997484201,3.5152466137952869,32,114030,45
p002535,r0015,21,2.4500000000000002,0.23999999999999999,-60.095868841345904,60.4281248642137,31.952366374879396,37,114075,45
p002536,r0006,9,1.25,0.23999999999999999,-59.739089862074273,60.476686540837164,31.174900204138421,30,114120,45
p002537,r0015,21,2.0499999999999998,0.46999999999999997,-60.351699410835785,59.587392331940571,2.7660192128356895,31,114165,45
p002538,r0018,9,1.6499999999999999,0.76000000000000001,-59.964966546917964,59.50013792630147,-30.843341473345301,30,114210,45
p002539,r0015,30,2.4500000000000002,0.76000000000000001,-59.722427079301468,59.962197603300055,-30.548117155477104,30,114255,45
p002540,r0022,21,2.0499999999999998,0.23999999999999999,-62.677902186676548,61.304368316159099,31.098623395478544,32,114300,45
p002541,r0029,14,3.25,0.46999999999999997,-60.19643635142068,60.110017641951167,4.0159842650664048,38,114345,45
p002542,r0005,9,1.25,0.23999999999999999,-59.827989029707126,59.639536256054676,30.517330187471842,29,114390,45
p002543,r0013,21,3.25,0.23999999999999999,-59.799310767217086,60.424231363713425,31.120581252290105,40,114435,45
p002544,r0005,9,2.0499999999999998,0.76000000000000001,-59.609547346666091,59.558174998278673,-31.459293983879345,31,114480,45
p002545,r0025,21,1.25,0.23999999999999999,-59.991482413520707,60.43868360564452,31.985443761044866,28,114525,45
p002546,r0018,21,0.84999999999999998,0.46999999999999997,-60.364359902664894,60.083271165518916,3.0228845634725259,26,114570,45
p002547,r0004,21,1.25,0.76000000000000001,-60.222136148610005,59.675241497159668,-30.996765513625274,27,114615,45
p002548,r0020,9,1.25,0.23999999999999999,-60.396546151017887,60.037887397080837,31.583623345537145,31,114660,45
p002549,r0016,30,1.25,0.23999999999999999,-80.917854398846444,66.711881660129038,31.730745005974921,27,114705,45
p002550,r0012,21,0.84999999999999998,0.23999999999999999,-59.679445748706485,60.36224350109427,31.10223808114209,26,114750,45
p002551,r0000,30,2.4500000000000002,0.76000000000000001,-59.939723830093882,59.756814761000641,-31.662554568231197,29,114795,45
p002552,r0021,21,0.84999999999999998,0.23999999999999999,-72.823215736949408,63.673840861270797,30.46454727769795,27,114840,45
p002553,r0016,21,2.0499999999999998,0.23999999999999999,-59.912482176860749,60.00482331991055,31.674670000685438,34,114885,45
p002554,r0014,9,2.8500000000000001,0.23999999999999999,-64.626603241147748,61.702983715211971,30.933882845685641,37,114930,45
p002555,r0014,21,4.0499999999999998,0.23999999999999999,-60.10666602641782,60.243281935388012,31.809294424554611,40,114975,45
p002556,r0000,9,2.8500000000000001,0.76000000000000001,-60.117337125341948,60.400739433926603,-31.642998751117499,32,115020,45
p002557,r0003,30,2.8500000000000001,0.46999999999999997,-60.039660034374506,59.778358717018961,3.9138899038640362,38,115065,45
p002558,r0020,14,2.8500000000000001,0.23999999999999999,-59.933629024626171,59.521148520621111,31.302001909761763,38,115110,45
p002559,r0015,9,1.25,0.46999999999999997,-60.046420764949815,60.249483705401005,3.2604086043361233,30,115155,45
p002560,r0022,14,1.6499999999999999,0.46999999999999997,-60.179681748680963,60.734159639632047,3.454654187124933,29,115200,45
p002561,r0009,21,2.8500000000000001,0.46999999999999997,-59.16816883271423,59.551891546853966,4.2034631684569179,37,115245,45
p002562,r0021,30,2.4500000000000002,0.46999999999999997,-59.949552696538248,60.514858035421256,3.4465849914002886,34,115290,45
p002563,r0009,9,0.84999999999999998,0.76000000000000001,-59.940253777014938,60.092715040856284,-31.582341260725844,28,115335,45
p002564,r0003,14,4.0499999999999998,0.46999999999999997,-59.270474639352912,60.608194919648327,4.7152202269177481,40,115380,45
p002565,r0010,21,1.6499999999999999,0.76000000000000001,-59.580730036227074,60.212422770907025,-31.28037336251489,27,115425,45
p002566,r0024,30,3.25,0.46999999999999997,-59.550873630467237,60.142063819277865,3.4363832178976734,39,115470,45
p002567,r0008,9,1.25,0.46999999999999997,-59.777632650932262,60.206903836419798,3.3641716873643359,28,115515,45
p002568,r0018,9,2.8500000000000001,0.46999999999999997,-59.97849662560666,60.519724183789855,4.3355604033734965,36,115560,45
p002569,r0009,30,4.0499999999999998,0.76000000000000001,-59.9774862920925,60.354550965942451,-30.647797350164115,40,115605,45
p002570,r0002,30,1.6499999999999999,0.46999999999999997,-59.897696646465114,59.824038880762195,3.1048231829653643,27,115650,45
p002571,r0019,14,1.25,0.46999999999999997,-59.33917866791014,59.798498513715437,4.2537902383514181,27,115695,45
p002572,r0014,9,1.25,0.46999999999999997,-60.411408599109457,60.459189634806791,4.1000084648661614,29,115740,45
p002573,r0019,14,2.0499999999999998,0.76000000000000001,-59.796617647089626,60.121917140601859,-31.46616929804367,31,115785,45
p002574,r0027,9,3.6499999999999999,0.46999999999999997,-59.418046106895765,59.374881370564729,3.0922054561582994,37,115830,45
p002575,r0000,21,0.84999999999999998,0.23999999999999999,-59.946623021073378,59.941545573714826,31.618385110965658,27,115875,45
p002576,r0013,14,4.0499999999999998,0.46999999999999997,-60.574391045478826,59.960118522726411,2.8588990256699516,39,115920,45
p002577,r0027,9,2.0499999999999998,0.46999999999999997,-59.681924631921198,60.181454509959728,4.2956663132756931,32,115965,45
p002578,r0000,14,2.8500000000000001,0.23999999999999999,-60.310994343392039,60.092967269737748,31.646016482586603,38,116010,45
p002579,r0018,21,1.25,0.23999999999999999,-59.538142173050367,60.790057643734059,31.461289687705797,28,116055,45
p002580,r0001,14,2.0499999999999998,0.23999999999999999,-59.674794983688969,60.515106499208429,31.219530143313055,33,116100,45
p002581,r0023,14,2.4500000000000002,0.23999999999999999,-60.183928221800237,59.654989319576913,31.343649109646396,37,116145,45
p002582,r0022,9,3.25,0.23999999999999999,-60.244427903738185,60.01302170788847,31.601233801098072,38,116190,45
p002583,r0015,9,4.0499999999999998,0.23999999999999999,-59.999518593977029,60.421882540573051,31.970746268281033,39,116235,45
p002584,r0014,21,2.0499999999999998,0.23999999999999999,-59.72023891451272,60.347465141191861,31.981216167822762,33,116280,45
p002585,r0010,14,1.25,0.23999999999999999,-60.146042919838877,60.630109705553927,32.093833075459656,30,116325,45
p002586,r0001,9,1.6499999999999999,0.46999999999999997,-60.037003830605556,59.655510108213889,2.9500285569687561,31,116370,45
p002587,r0003,9,1.6499999999999999,0.76000000000000001,-60.097158369256277,59.973237787528355,-31.730263291627967,29,116415,45
p002588,r0017,21,3.6499999999999999,0.76000000000000001,-59.852854050704522,60.091086350243913,-31.516308354476902,39,116460,45
p002589,r0003,9,1.25,0.23999999999999999,-60.055461269069717,60.016352224219396,30.74911698583001,30,116505,45
p002590,r0011,21,2.0499999999999998,0.76000000000000001,-59.839965546141784,60.105906524822998,-31.502956249110238,29,116550,45
p002591,r0009,21,1.6499999999999999,0.46999999999999997,-60.018085607045919,59.945008786988154,4.0123544217921436,28,116595,45
p002592,r0017,21,1.25,0.46999999999999997,-60.349859256097055,59.722624901999104,3.7385573476939102,27,116640,45
p002593,r0001,21,3.6499999999999999,0.23999999999999999,-60.231793201656771,60.465881537725849,31.048439600274023,40,116685,45
p002594,r0004,30,2.0499999999999998,0.23999999999999999,-60.196732016518588,60.299334764327135,31.830278736924161,33,116730,45
p002595,r0001,14,2.0499999999999998,0.76000000000000001,-68.485590925900141,86.132584244905445,-30.9272288849068,29,116775,45
p002596,r0027,30,0.84999999999999998,0.23999999999999999,-59.465804298544761,59.926284759383826,30.822183385480965,26,116820,45
p002597,r0016,21,0.84999999999999998,0.46999999999999997,-59.738944053136812,59.960876678812319,3.2519609347962328,26,116865,45
p002598,r0000,14,1.25,0.46999999999999997,-60.057564078822693,60.263291498908004,4.1624893773745812,27,116910,45
p002599,r0020,14,4.0499999999999998,0.23999999999999999,-65.006756899925762,61.965627857011661,31.942255515346677,40,116955,45
p002600,r0010,30,3.25,0.23999999999999999,-71.926637782407226,63.927656100371152,30.872625568504336,40,117000,45
p002601,r0027,9,2.8500000000000001,0.23999999999999999,-85.024581920914883,67.159161708994915,31.085063237816566,37,117045,45
p002602,r0005,21,3.25,0.23999999999999999,-60.198610098758444,59.301765712125956,30.171675517513702,39,117090,45
p002603,r0015,9,1.25,0.23999999999999999,-60.253155540290692,60.32737579114854,31.838048271603125,30,117135,45
p002604,r0016,14,2.0499999999999998,0.76000000000000001,-59.659154393903776,60.19039099066638,-31.34526350160694,30,117180,45
p002605,r0017,14,3.25,0.46999999999999997,-60.121527889301873,59.642518411536784,3.8034166501426201,38,117225,45
p002606,r0005,30,3.25,0.76000000000000001,-60.855164937010557,61.343401093348106,-31.977509089724474,37,117270,45
p002607,r0002,9,2.8500000000000001,0.46999999999999997,-59.544516565338192,60.062550535378712,4.2972289980417715,36,117315,45
p002608,r0028,30,2.8500000000000001,0.76000000000000001,-59.462353528406695,60.179233815038558,-31.198372565979835,34,117360,45
p002609,r0004,9,0.84999999999999998,0.23999999999999999,-60.533400188255641,59.891739870375467,31.439706256304,29,117405,45
p002610,r0001,30,0.84999999999999998,0.23999999999999999,-60.102120970545101,59.762089800873177,31.444679215732791,26,117450,45
p002611,r0022,30,1.25,0.23999999999999999,-59.686688997669634,60.086817883245594,30.891176231825941,27,117495,45
p002612,r0010,9,1.6499999999999999,0.76000000000000001,-59.373574251888996,59.188417301257573,-30.468696279133827,29,117540,45
p002613,r0007,30,1.6499999999999999,0.76000000000000001,-60.28317755038119,59.763369180976596,-31.022006334855323,26,117585,45
p002614,r0013,14,0.84999999999999998,0.23999999999999999,-60.099745207650614,60.071312714459644,30.780258813153182,27,117630,45
p002615,r0003,30,3.25,0.76000000000000001,-60.195668154931397,60.123784742854973,-30.868999459462668,38,117675,45
p002616,r0007,21,3.6499999999999999,0.46999999999999997,-59.743063942059628,59.816579527085587,4.0735470965873377,39,117720,45
p002617,r0014,21,0.84999999999999998,0.23999999999999999,-60.017443437730911,59.795080738793118,30.590074936427353,27,117765,45
p002618,r0002,9,3.6499999999999999,0.46999999999999997,-60.215993070126636,60.064164393048408,3.0824903853561407,38,117810,45
p002619,r0025,9,1.6499999999999999,0.23999999999999999,-60.57085487361465,60.557156654542275,31.936433887784617,32,117855,45
p002620,r0027,21,2.8500000000000001,0.23999999999999999,-60.986027696453945,59.788770149515685,30.352818666482975,39,117900,45
p002621,r0015,21,3.6499999999999999,0.23999999999999999,-59.691980938500471,60.050823903464362,30.862550741392802,40,117945,45
p002622,r0011,30,1.6499999999999999,0.46999999999999997,-60.325509914606542,60.348452745659884,3.181690295334664,27,117990,45
p002623,r0016,30,1.6499999999999999,0.76000000000000001,-60.175523474325715,59.825323773056041,-30.925320134954095,26,118035,45
p002624,r0013,9,1.25,0.23999999999999999,-60.181529535952713,60.694081715873828,32.133935015435462,30,118080,45
p002625,r0000,21,1.25,0.46999999999999997,-60.271642848863088,59.974442818211706,3.9087825546865576,27,118125,45
p002626,r0014,30,1.25,0.46999999999999997,-60.535646030130437,60.084934904898901,2.9432618654351144,26,118170,45
p002627,r0011,14,3.6499999999999999,0.23999999999999999,-60.038420492176087,59.869046661356542,31.541254544508714,39,118215,45
p002628,r0018,21,3.6499999999999999,0.76000000000000001,-62.324529675835549,65.955551335258008,-31.987310233173101,38,118260,45
p002629,r0008,21,3.25,0.23999999999999999,-60.14396261036751,59.968639897581731,31.591615295673911,40,118305,45
p002630,r0003,30,2.0499999999999998,0.23999999999999999,-59.742782536142407,60.033580351738827,30.837253258647333,35,118350,45
p002631,r0009,30,2.4500000000000002,0.46999999999999997,-60.015262109427397,59.098132410764379,2.6648369862742483,35,118395,45
p002632,r0018,14,2.4500000000000002,0.76000000000000001,-60.5367508501337,60.399007923746126,-31.962168744402543,30,118440,45
p002633,r0004,21,2.8500000000000001,0.76000000000000001,-59.820074868161363,59.934382676862171,-30.629005057355716,34,118485,45
p002634,r0020,21,1.6499999999999999,0.46999999999999997,-60.331499855207774,60.132739103082947,3.0645467926863104,29,118530,45
p002635,r0004,9,3.25,0.46999999999999997,-60.072286761297086,59.549396122723756,2.8772051672339627,37,118575,45
p002636,r0006,30,1.6499999999999999,0.76000000000000001,-58.782953254145539,60.865995605891179,-30.517205527736724,27,118620,45
p002637,r0023,30,2.0499999999999998,0.23999999999999999,-59.296781973807413,60.201006743016571,31.071537450978816,34,118665,45
p002638,r0001,21,1.25,0.23999999999999999,-60.387460692115155,60.061590938935659,31.603818547483463,28,118710,45
p002639,r0010,30,2.4500000000000002,0.76000000000000001,-60.100227543564969,60.225340367167369,-31.672091244989208,31,118755,45
p002640,r0015,9,3.6499999999999999,0.46999999999999997,-59.53495430282026,59.729279896881529,4.1250898230216935,38,118800,45
p002641,r0024,30,3.25,0.76000000000000001,-59.780988483284169,60.493570466544895,-31.365094335325193,38,118845,45
p002642,r0021,21,2.8500000000000001,0.76000000000000001,-60.600165121980034,59.344113046622141,-32.263538361515515,36,118890,45
p002643,r0021,30,0.84999999999999998,0.46999999999999997,-59.498003774280377,59.703645354034563,4.1288702637265446,26,118935,45
p002644,r0020,30,0.84999999999999998,0.46999999999999997,-59.984962749514771,60.134851631285706,4.1285388723094814,26,118980,45
p002645,r0000,30,0.84999999999999998,0.46999999999999997,-59.93329750040612,60.414241089877272,3.4008979524440788,26,119025,45
p002646,r0008,9,4.0499999999999998,0.76000000000000001,-60.162613043305655,59.611001036297921,-31.866945664200795,38,119070,45
p002647,r0010,14,2.0499999999999998,0.46999999999999997,-60.70503458906353,59.920097636789961,2.7762854906388226,32,119115,45
p002648,r0022,9,2.8500000000000001,0.23999999999999999,-60.153330859012371,59.641816750978307,31.340981324580547,36,119160,45
p002649,r0023,30,3.6499999999999999,0.23999999999999999,-59.481262354183045,59.808677202300672,30.72909170874458,40,119205,45
p002650,r0024,30,1.25,0.23999999999999999,-60.049854149676619,59.089985663284004,30.946424108173456,27,119250,45
p002651,r0018,21,4.0499999999999998,0.46999999999999997,-60.271588886262215,59.28251945907018,3.5420885367639601,40,119295,45
p002652,r0021,9,3.6499999999999999,0.46999999999999997,-60.239514306072557,60.567739898722571,4.2383304224688674,38,119340,45
p002653,r0014,9,0.84999999999999998,0.76000000000000001,-60.084914341751229,60.342126252051834,-31.632424599238494,28,119385,45
p002654,r0003,21,1.25,0.23999999999999999,-59.925352180451732,59.864583064910036,30.664998606023214,28,119430,45
p002655,r0012,9,2.4500000000000002,0.23999999999999999,-59.716771600032956,59.671913904545193,30.568629383446439,34,119475,45
p002656,r0006,14,2.0499999999999998,0.23999999999999999,-59.702247622439941,60.344418005864227,31.983218255071229,34,119520,45
p002657,r0001,21,4.0499999999999998,0.23999999999999999,-61.069158644361231,60.320949447722526,30.737323505622427,40,119565,45
p002658,r0011,9,1.6499999999999999,0.46999999999999997,-59.467270858251808,59.868781565191298,4.230836926173045,30,119610,45
p002659,r0014,30,4.0499999999999998,0.76000000000000001,-60.053363469851341,59.910323785601506,-31.712078528542659,40,119655,45
p002660,r0014,9,2.0499999999999998,0.23999999999999999,-60.076225200004139,60.309903728257176,31.86723278547446,34,119700,45
p002661,r0019,9,2.4500000000000002,0.46999999999999997,-59.826897690519658,60.240139537761095,4.2586320404691422,33,119745,45
p002662,r0020,14,2.4500000000000002,0.23999999999999999,-59.72865863621476,60.053927732103674,30.856107003707251,35,119790,45
p002663,r0011,9,4.0499999999999998,0.23999999999999999,-59.870974124496094,59.99965290466843,30.780702417668945,39,119835,45
p002664,r0008,9,3.6499999999999999,0.76000000000000001,-59.830517468828411,60.170366548283063,-30.580305304721659,37,119880,45
p002665,r0016,9,0.84999999999999998,0.76000000000000001,-60.36176819958861,60.880027953732913,-30.813737122791448,28,119925,45
p002666,r0001,14,1.6499999999999999,0.76000000000000001,-64.217908720378716,71.797083383365276,-31.124310615480159,28,119970,45
p002667,r0002,14,2.0499999999999998,0.76000000000000001,-60.016503938011667,59.807749675903878,-31.708683070671935,30,120015,45
p002668,r0017,30,4.0499999999999998,0.46999999999999997,-59.921552708240299,60.188298802817783,4.1866685926204896,40,120060,45
p002669,r0027,14,3.25,0.46999999999999997,-60.356943674631559,59.312364975428387,2.6177899099002131,39,120105,45
p002670,r0010,14,2.0499999999999998,0.76000000000000001,-59.641261738491465,59.675272001396905,-31.455293640918253,30,120150,45
p002671,r0013,30,0.84999999999999998,0.46999999999999997,-60.193510414646326,59.992482784422791,3.0550659808603084,26,120195,45
p002672,r0009,21,3.25,0.76000000000000001,-60.058533010613857,59.090419621500381,-31.012784378906442,37,120240,45
p002673,r0013,30,3.6499999999999999,0.23999999999999999,-89.045588070988359,69.000948436195415,30.619779674471314,40,120285,45
p002674,r0016,30,2.0499999999999998,0.76000000000000001,-59.559253160101704,59.770513301880563,-30.470109209225964,28,120330,45
p002675,r0008,14,3.25,0.46999999999999997,-60.073892907728549,59.560924244556844,3.7825601829827109,38,120375,45
p002676,r0005,30,1.25,0.23999999999999999,-59.718231143901619,60.149111623154447,30.930949359060993,27,120420,45
p002677,r0017,21,1.6499999999999999,0.23999999999999999,-70.669799290046214,63.776067142326667,31.959059198557174,29,120465,45
p002678,r0022,21,3.6499999999999999,0.76000000000000001,-63.653700667412863,72.101665790876325,-30.622412717423462,39,120510,45
p002679,r0006,21,1.25,0.23999999999999999,-60.389295851707637,59.579586288888478,30.337054575145412,27,120555,45
p002680,r0016,9,0.84999999999999998,0.23999999999999999,-60.118155598997738,60.215673534376315,30.885554542366545,28,120600,45
p002681,r0022,21,0.84999999999999998,0.46999999999999997,-60.171905671794832,60.127331560611537,3.136690061380544,26,120645,45
p002682,r0023,30,4.0499999999999998,0.46999999999999997,-60.000548095810103,59.959683809997472,4.0283748142679174,40,120690,45
p002683,r0011,9,3.6499999999999999,0.23999999999999999,-62.439273653950309,60.962326625011265,30.895942558060487,39,120735,45
p002684,r0009,14,4.0499999999999998,0.23999999999999999,-60.057417483843253,60.054486250031708,30.77762935390172,40,120780,45
p002685,r0015,14,1.6499999999999999,0.23999999999999999,-60.098937880035066,59.666586472905209,30.472860628199545,32,120825,45
p002686,r0022,14,3.6499999999999999,0.23999999999999999,-59.737831296361101,60.08783205558796,31.779672851120186,40,120870,45
p002687,r0002,30,0.84999999999999998,0.46999999999999997,-60.207557640130297,59.828449662048435,3.8615262300244355,26,120915,45
p002688,r0007,14,0.84999999999999998,0.76000000000000001,-60.275592645082959,59.848774371741648,-31.895744561045053,26,120960,45
p002689,r0010,21,2.4500000000000002,0.23999999999999999,-60.171341932226895,60.212671537132934,30.870508304486577,38,121005,45
p002690,r0003,21,0.84999999999999998,0.46999999999999997,-59.965154447683233,60.180245322917344,3.2619074307350742,26,121050,45
p002691,r0000,14,4.0499999999999998,0.76000000000000001,-61.195592102813805,62.733468483200646,-31.002617562170339,39,121095,45
p002692,r0000,14,0.84999999999999998,0.23999999999999999,-60.38472917877673,60.288277806523162,31.776756130051186,27,121140,45
p002693,r0020,14,3.6499999999999999,0.46999999999999997,-60.503638556922709,60.488829835965383,4.0723696913079808,39,121185,45
p002694,r0006,14,3.6499999999999999,0.76000000000000001,-59.880822016561446,60.092246331376515,-31.537285613056337,37,121230,45
p002695,r0028,21,2.4500000000000002,0.46999999999999997,-60.482666962301892,60.206650095399212,3.0326710782796935,34,121275,45
p002696,r0005,30,1.6499999999999999,0.46999999999999997,-59.764250497787614,60.519738040557939,3.5362634275355331,27,121320,45
p002697,r0016,30,3.6499999999999999,0.23999999999999999,-60.135967542083847,60.701870506987589,32.150789375210444,40,121365,45
p002698,r0009,30,1.6499999999999999,0.23999999999999999,-60.991622931298572,60.063903250197988,30.560576966638816,29,121410,45
p002699,r0013,30,4.0499999999999998,0.23999999999999999,-59.803065096693835,59.550952211525399,30.455988057552787,40,121455,45
p002700,r0019,9,3.6499999999999999,0.23999999999999999,-63.809271067504902,61.679470402134726,32.012172449421222,39,121500,45
p002701,r0007,14,3.6499999999999999,0.23999999999999999,-59.892659493689152,60.519072314107639,31.17025668023641,40,121545,45
p002702,r0028,9,2.4500000000000002,0.46999999999999997,-59.543344558696162,59.411630810069596,3.0527923867496893,33,121590,45
p002703,r0018,14,1.6499999999999999,0.46999999999999997,-60.278393334698798,59.715963157619164,3.7686156062297274,29,121635,45
p002704,r0000,30,2.0499999999999998,0.76000000000000001,-59.961894660531655,59.719647219674009,-30.788324609282295,27,121680,45
p002705,r0010,30,2.4500000000000002,0.23999999999999999,-60.420718890511523,60.057946086545819,30.693066492052058,38,121725,45
p002706,r0023,21,2.4500000000000002,0.23999999999999999,-59.817764422757406,60.623542573500124,31.267628894398317,38,121770,45
p002707,r0016,30,2.4500000000000002,0.23999999999999999,-60.035623690339662,60.322981516999725,30.986916267238271,38,121815,45
p002708,r0026,9,3.6499999999999999,0.46999999999999997,-59.670800121169506,60.134764022836109,3.3761488751534712,38,121860,45
p002709,r0005,21,4.0499999999999998,0.46999999999999997,-59.984392803118638,61.101269061510514,4.6410079851348174,40,121905,45
p002710,r0022,14,3.25,0.76000000000000001,-59.774998250244536,59.687495341022398,-31.553999788340473,36,121950,45
p002711,r0006,14,1.25,0.23999999999999999,-60.108927789345174,59.472348825330457,30.322842437808308,28,121995,45
p002712,r0023,30,3.6499999999999999,0.46999999999999997,-59.91896172070421,60.059580487795181,3.2196656498004712,40,122040,45
p002713,r0023,14,3.6499999999999999,0.23999999999999999,-60.149471950969939,60.069819889063609,31.667189847455557,40,122085,45
p002714,r0012,21,3.6499999999999999,0.76000000000000001,-60.188861879225954,60.06925593064188,-31.776913604857672,38,122130,45
p002715,r0022,30,2.0499999999999998,0.23999999999999999,-59.38535904716197,59.91265763139608,30.831133628542151,34,122175,45
p002716,r0008,30,2.0499999999999998,0.76000000000000001,-66.550985296231744,81.087698283384412,-31.567701237123867,28,122220,45
p002717,r0025,9,2.4500000000000002,0.46999999999999997,-59.756583570162256,60.135034243203542,3.3359738709216229,33,122265,45
p002718,r0024,14,1.6499999999999999,0.23999999999999999,-60.076823846753157,59.981735831516936,31.617681508732115,30,122310,45
p002719,r0021,30,3.25,0.23999999999999999,-59.743333937810405,60.018507368410148,31.725665454917213,40,122355,45
p002720,r0023,30,2.4500000000000002,0.46999999999999997,-59.962480491277333,59.756840651872523,3.0387597145920919,35,122400,45
p002721,r0015,21,4.0499999999999998,0.76000000000000001,-59.617184977839514,60.368438252064898,-30.370635402662455,39,122445,45
p002722,r0019,9,0.84999999999999998,0.76000000000000001,-60.150114397647677,59.485207370900227,-31.887637173196179,27,122490,45
p002723,r0009,9,2.0499999999999998,0.23999999999999999,-60.028071477859825,60.06643714777077,31.693755077619429,35,122535,45
p002724,r0003,30,2.0499999999999998,0.46999999999999997,-60.265822229299779,60.327024746378264,4.0983866678095895,29,122580,45
p002725,r0018,30,2.4500000000000002,0.46999999999999997,-59.725787579345166,60.019948192345481,3.2894523796508777,34,122625,45
p002726,r0005,30,3.25,0.23999999999999999,-60.555566525772832,60.161145769685049,31.639134818775158,40,122670,45
p002727,r0012,30,2.8500000000000001,0.23999999999999999,-60.144907105196594,59.994435963821608,31.61099362725724,40,122715,45
p002728,r0011,30,0.84999999999999998,0.76000000000000001,-59.816587453362168,59.895570942819454,-30.63566943827858,26,122760,45
p002729,r0012,30,2.0499999999999998,0.76000000000000001,-60.41985014650399,59.87228061411242,-31.999738763956049,28,122805,45
p002730,r0000,9,2.4500000000000002,0.46999999999999997,-59.980804956966921,60.630002544115428,4.3929230186067274,33,122850,45
p002731,r0002,9,1.6499999999999999,0.46999999999999997,-59.483198131065549,59.894723130335009,4.237100137476749,29,122895,45
p002732,r0000,21,2.4500000000000002,0.76000000000000001,-59.906565585966426,60.553349037808033,-31.446186076260556,32,122940,45
p002733,r0005,21,2.8500000000000001,0.23999999999999999,-59.913894049309171,59.816209407379972,31.530984577774579,39,122985,45
p002734,r0017,9,3.25,0.76000000000000001,-59.78152358534394,60.391126505483093,-30.490087563545455,35,123030,45
p002735,r0026,9,2.8500000000000001,0.23999999999999999,-59.506988517449187,59.615155487200546,31.475840926084611,36,123075,45
p002736,r0003,21,0.84999999999999998,0.23999999999999999,-59.620468531194717,60.025035306128693,30.860114385171073,27,123120,45
p002737,r0021,30,1.6499999999999999,0.23999999999999999,-60.402361211787579,59.853629746380264,30.542191916419984,28,123165,45
p002738,r0015,9,2.8500000000000001,0.46999999999999997,-60.214892600583198,59.972384007746697,3.0343640018316504,35,123210,45
p002739,r0013,30,0.84999999999999998,0.76000000000000001,-60.169548198431897,60.459503687603657,-30.76857574578337,26,123255,45
p002740,r0010,21,0.84999999999999998,0.76000000000000001,-60.383041892674541,60.396998385234504,-31.84583222597637,26,123300,45
p002741,r0018,9,2.0499999999999998,0.76000000000000001,-60.480266178377605,60.081491836917586,-31.095444254706759,31,123345,45
p002742,r0003,9,2.8500000000000001,0.76000000000000001,-60.191503394669994,61.466435974005584,-30.543597946187855,34,123390,45
p002743,r0004,30,0.84999999999999998,0.46999999999999997,-59.639333173123184,59.554425354251386,3.9833588463853404,26,123435,45
p002744,r0015,9,2.8500000000000001,0.76000000000000001,-59.716864125776155,59.412351716165936,-31.575852323710041,34,123480,45
p002745,r0020,9,1.6499999999999999,0.46999999999999997,-59.637349267946789,60.254335030842796,3.4552434104116925,30,123525,45
p002746,r0009,30,3.25,0.46999999999999997,-59.192383892221606,59.604681053135444,4.2200605288176307,39,123570,45
p002747,r0004,30,4.0499999999999998,0.46999999999999997,-59.994764829863733,58.683392441266385,2.4546585238352305,40,123615,45
p002748,r0016,21,3.25,0.46999999999999997,-60.347078619689952,60.362924957334442,3.1792232761329826,39,123660,45
p002749,r0009,14,1.25,0.76000000000000001,-60.045546816774305,59.665044711629577,-30.865004849957376,27,123705,45
p002750,r0026,9,1.6499999999999999,0.76000000000000001,-60.267509119924966,60.373480703423418,-31.763671562321353,29,123750,45
p002751,r0011,30,4.0499999999999998,0.23999999999999999,-60.384160324379813,60.07456726680595,30.714472644921369,40,123795,45
p002752,r0002,30,1.25,0.46999999999999997,-60.473132106609647,59.75213546617946,2.7962597069685797,26,123840,45
p002753,r0000,14,3.25,0.76000000000000001,-59.362064270208307,60.041942534554217,-30.255102637065303,37,123885,45
p002754,r0016,21,3.6499999999999999,0.46999999999999997,-60.410418707580412,59.597268759408173,2.7436556499235421,40,123930,45
p002755,r0024,14,2.8500000000000001,0.23999999999999999,-60.509455303989085,59.545187750836746,30.28207341767855,38,123975,45
p002756,r0002,14,4.0499999999999998,0.23999999999999999,-60.496650693268826,59.084111109241341,29.934728276638904,40,124020,45
p002757,r0016,21,3.6499999999999999,0.76000000000000001,-60.004513291699979,59.917186892454382,-30.773305247502936,38,124065,45
p002758,r0008,14,3.6499999999999999,0.76000000000000001,-59.34458056588727,59.572383765888311,-31.25450912626113,37,124110,45
p002759,r0020,9,2.0499999999999998,0.46999999999999997,-59.989221577741397,59.876214783975477,3.0894596939685526,33,124155,45
p002760,r0010,30,1.25,0.23999999999999999,-67.731783294454246,62.041206667460372,30.445689076600864,27,124200,45
p002761,r0021,14,3.6499999999999999,0.46999999999999997,-60.050558235215739,59.950104041485396,3.099792771435868,39,124245,45
p002762,r0016,21,4.0499999999999998,0.76000000000000001,-59.829952654931404,59.734421681608076,-31.58450281416194,39,124290,45
p002763,r0008,14,0.84999999999999998,0.76000000000000001,-59.652194339702817,60.343874610623111,-30.403137791624598,26,124335,45
p002764,r0012,9,2.8500000000000001,0.46999999999999997,-60.300677840752634,60.038020251920805,3.0288321483642902,36,124380,45
p002765,r0021,14,3.25,0.23999999999999999,-78.816367852854384,65.933459881307712,30.743501225108812,39,124425,45
p002766,r0021,9,1.25,0.23999999999999999,-60.134210050630841,59.310174590570099,31.093522276681874,29,124470,45
p002767,r0011,14,2.8500000000000001,0.46999999999999997,-59.861173595540969,59.877512599127677,3.1503300876334164,36,124515,45
p002768,r0016,14,2.8500000000000001,0.23999999999999999,-60.249514160321013,59.610694701132282,30.394244574383496,38,124560,45
p002769,r0006,30,2.8500000000000001,0.76000000000000001,-60.353028869769147,60.486702904490635,-30.901493243946799,35,124605,45
p002770,r0025,9,3.6499999999999999,0.46999999999999997,-60.133625845866788,59.844753660960691,3.9049152927517783,37,124650,45
p002771,r0002,30,2.0499999999999998,0.76000000000000001,-63.719270659484714,70.957194144282283,-31.846919106580639,27,124695,45
p002772,r0021,14,4.0499999999999998,0.76000000000000001,-59.306675713502308,59.923597185568369,-30.241410217725349,39,124740,45
p002773,r0011,30,0.84999999999999998,0.23999999999999999,-85.674175623140428,68.123760332302624,30.762255702996296,26,124785,45
p002774,r0015,9,1.6499999999999999,0.76000000000000001,-66.726792842579982,78.928663365212884,-32.219483352709702,29,124830,45
p002775,r0016,9,1.6499999999999999,0.23999999999999999,-78.30918109172643,65.689107812395093,30.679518475405931,31,124875,45
p002776,r0006,21,1.25,0.46999999999999997,-60.225336246906046,59.486091270362131,3.6717203372460903,27,124920,45
p002777,r0002,21,1.6499999999999999,0.46999999999999997,-60.149295266598756,60.316098397592512,3.2473633754226183,27,124965,45
p002778,r0017,21,4.0499999999999998,0.76000000000000001,-60.351600433003242,60.335065307904273,-30.93680065518544,39,125010,45
p002779,r0014,14,2.8500000000000001,0.76000000000000001,-59.951300810625668,59.681941356074169,-30.789322690617706,33,125055,45
p002780,r0014,14,0.84999999999999998,0.23999999999999999,-60.517499627026496,59.587376117204485,30.312205938589052,27,125100,45
p002781,r0003,14,3.6499999999999999,0.46999999999999997,-59.825094281418892,59.650748479961841,3.0471023821128993,39,125145,45
p002782,r0003,21,4.0499999999999998,0.76000000000000001,-60.020190178740272,60.244395708656874,-31.606689565764956,39,125190,45
p002783,r0024,14,0.84999999999999998,0.46999999999999997,-59.622448498626994,60.504782619529607,3.5949839939960055,27,125235,45
p002784,r0008,14,4.0499999999999998,0.23999999999999999,-59.901139605212705,60.094431268016891,30.845494258441789,40,125280,45
p002785,r0019,14,1.6499999999999999,0.76000000000000001,-59.778084055684154,59.769559313247633,-30.636649647140526,28,125325,45
p002786,r0016,30,3.6499999999999999,0.46999999999999997,-59.828994623300986,59.889176391402756,3.1716360144919973,40,125370,45
p002787,r0027,14,0.84999999999999998,0.23999999999999999,-71.034664008697419,63.821665063968979,31.906146086529045,27,125415,45
p002788,r0013,21,2.0499999999999998,0.46999999999999997,-59.746721157849066,60.023346111290266,4.181414494794784,30,125460,45
p002789,r0028,9,0.84999999999999998,0.46999999999999997,-60.108500122403086,59.763023450973151,3.8734073714863202,28,125505,45
p002790,r0012,9,1.6499999999999999,0.23999999999999999,-61.953729904775841,60.541844898997624,31.592906946091993,31,125550,45
p002791,r0011,21,2.8500000000000001,0.76000000000000001,-60.098142989409695,59.493793773904919,-30.946078166214189,34,125595,45
p002792,r0021,21,3.6499999999999999,0.76000000000000001,-59.891488410654489,60.327074028815417,-31.489033425181713,38,125640,45
p002793,r0002,30,3.25,0.23999999999999999,-60.403703191131157,60.265116091986108,30.854599464037964,40,125685,45
p002794,r0024,21,2.0499999999999998,0.76000000000000001,-60.199815714490114,60.182806518394528,-30.857986378597804,29,125730,45
p002795,r0014,14,4.0499999999999998,0.76000000000000001,-59.873253587384326,59.870356748769346,-30.684787106707443,39,125775,45
p002796,r0026,14,2.0499999999999998,0.23999999999999999,-73.467666634205614,64.294746220019633,30.78176713500557,34,125820,45
p002797,r0025,21,1.25,0.76000000000000001,-65.267633512716344,78.892089240278722,-31.119300051997524,26,125865,45
p002798,r0008,14,2.8500000000000001,0.46999999999999997,-59.725239023851309,58.682146323030629,3.4806752099961189,36,125910,45
p002799,r0024,9,3.6499999999999999,0.46999999999999997,-60.224114161531489,60.422050534584528,3.2683531274100046,38,125955,45
p002800,r0022,9,1.6499999999999999,0.46999999999999997,-60.266533311206182,60.628577876830327,3.3578756184531739,30,126000,45
p002801,r0013,30,3.25,0.23999999999999999,-59.749145938049288,59.321112389836614,31.194250391143996,40,126045,45
p002802,r0010,30,0.84999999999999998,0.76000000000000001,-59.92099042215078,59.624025435937014,-30.780186616209708,26,126090,45
p002803,r0024,21,1.6499999999999999,0.46999999999999997,-60.189006474873935,60.419952998997871,3.2837420462781237,28,126135,45
p002804,r0022,30,1.25,0.76000000000000001,-59.857246505397903,59.927690342228125,-31.558861661967658,26,126180,45
p002805,r0005,30,2.0499999999999998,0.76000000000000001,-60.146009684648654,59.912084677409439,-31.782067037754711,27,126225,45
p002806,r0012,9,1.6499999999999999,0.76000000000000001,-59.856086866830914,60.240957909237856,-31.48279612057441,29,126270,45
p002807,r0014,21,3.6499999999999999,0.76000000000000001,-64.424420298635738,73.478709227729652,-30.877669212308039,39,126315,45
p002808,r0022,9,2.0499999999999998,0.76000000000000001,-60.011344055137066,59.989326745527507,-30.761183062977569,30,126360,45
p002809,r0022,21,0.84999999999999998,0.23999999999999999,-59.416649610064354,60.0200588166202,31.805248794215906,27,126405,45
p002810,r0002,9,0.84999999999999998,0.23999999999999999,-59.950946149594884,59.918118757276808,31.599543179627602,28,126450,45
p002811,r0004,21,3.6499999999999999,0.46999999999999997,-59.765614379466939,59.878479949301521,3.1957556147803485,39,126495,45
p002812,r0022,30,1.25,0.46999999999999997,-60.230114752377006,59.979490759445412,3.0309761688888797,26,126540,45
p002813,r0021,14,2.4500000000000002,0.76000000000000001,-59.869134349209205,59.607072844920538,-31.644844622618063,31,126585,45
p002814,r0026,30,2.8500000000000001,0.46999999999999997,-59.24189055843604,60.752073165022523,4.8049102149969984,38,126630,45
p002815,r0017,9,1.6499999999999999,0.23999999999999999,-59.403412677596783,60.478230374892433,32.156636042295027,34,126675,45
p002816,r0000,9,4.0499999999999998,0.76000000000000001,-69.743603207121481,92.312630631190444,-30.400107085926624,37,126720,45
p002817,r0013,9,3.25,0.76000000000000001,-60.026672030205333,61.046480019248968,-31.419115538336303,35,126765,45
p002818,r0021,9,2.8500000000000001,0.76000000000000001,-60.00423560911355,60.504165420844181,-31.532219361923683,33,126810,45
p002819,r0012,9,0.84999999999999998,0.23999999999999999,-59.479438346082532,60.219338413075263,31.041631990877395,28,126855,45
p002820,r0015,14,4.0499999999999998,0.46999999999999997,-59.484104946646525,59.863926716206095,3.3203518346653693,39,126900,45
p002821,r0007,30,2.0499999999999998,0.76000000000000001,-60.376715277367325,60.155648231883255,-31.898948035147189,27,126945,45
p002822,r0023,21,4.0499999999999998,0.46999999999999997,-60.000679864835163,60.503669328217711,4.3166252074828622,40,126990,45
p002823,r0006,21,3.25,0.23999999999999999,-60.487539857892912,59.719466377191324,31.319784880771106,40,127035,45
p002824,r0012,30,1.25,0.46999999999999997,-60.218644004084666,59.866372090477,2.9764145260330208,26,127080,45
p002825,r0000,30,2.0499999999999998,0.23999999999999999,-60.338915345855739,60.220659534883751,31.736361563506275,34,127125,45
p002826,r0000,9,3.25,0.46999999999999997,-60.241167067784033,59.762219719926335,2.9106279297024669,36,127170,45
p002827,r0013,21,3.6499999999999999,0.23999999999999999,-60.046872682625434,59.709667849543038,30.518098121822607,40,127215,45
p002828,r0002,9,3.25,0.76000000000000001,-62.355957541133094,67.334772366221557,-30.780182363367974,36,127260,45
p002829,r0003,14,1.6499999999999999,0.23999999999999999,-66.236126396940392,62.211631876637483,30.934169890978794,31,127305,45
p002830,r0004,14,2.8500000000000001,0.46999999999999997,-60.239387672713022,60.505716430926981,3.305517502216186,36,127350,45
p002831,r0027,30,4.0499999999999998,0.23999999999999999,-69.032204759457443,62.575540302172925,30.539681487381639,40,127395,45
p002832,r0023,21,3.25,0.46999999999999997,-59.865114429931396,60.040625433992005,4.1349276979480125,39,127440,45
p002833,r0000,14,2.8500000000000001,0.76000000000000001,-59.911938551457126,59.751803012646683,-31.642640576072214,34,127485,45
p002834,r0007,9,2.0499999999999998,0.23999999999999999,-65.157240119206278,61.613099238037861,31.638217792299269,34,127530,45
p002835,r0021,14,2.0499999999999998,0.46999999999999997,-59.640297344059405,60.27606336418458,3.4653738313099067,31,127575,45
p002836,r0028,30,2.0499999999999998,0.46999999999999997,-60.317709318599903,60.237594197280821,3.1266015448168814,29,127620,45
p002837,r0001,30,4.0499999999999998,0.23999999999999999,-60.281073270446683,60.375962302984043,30.968273765360667,40,127665,45
p002838,r0007,14,4.0499999999999998,0.76000000000000001,-60.924410319379106,60.306241842232083,-32.279053800592422,39,127710,45
p002839,r0023,21,1.25,0.23999999999999999,-59.953977851663097,60.012689801881571,31.670689565030848,28,127755,45
p002840,r0021,9,0.84999999999999998,0.46999999999999997,-59.676572496964368,59.954461039539993,3.2778752773829494,28,127800,45
p002841,r0025,9,1.25,0.76000000000000001,-60.164198150297054,59.515641075560502,-31.891036736091241,28,127845,45
p002842,r0005,9,2.8500000000000001,0.23999999999999999,-59.901578040088964,60.47119546095405,32.031729820703731,37,127890,45
p002843,r0016,21,2.8500000000000001,0.46999999999999997,-60.379456915634648,59.68176010642874,2.8029881060589501,37,127935,45
p002844,r0026,14,1.25,0.76000000000000001,-59.973874365338844,60.392503435817275,-30.635943693061382,28,127980,45
p002845,r0019,14,2.4500000000000002,0.23999999999999999,-60.053790742520029,60.563766087248716,32.065552448104221,37,128025,45
p002846,r0018,9,3.6499999999999999,0.46999999999999997,-59.435439067027652,59.743252329385832,4.1792673730715011,37,128070,45
p002847,r0014,14,2.4500000000000002,0.76000000000000001,-59.382624870008797,59.877219153873781,-31.210262304276977,32,128115,45
p002848,r0019,21,0.84999999999999998,0.76000000000000001,-60.567359070319064,60.151712672878674,-31.14478185195161,26,128160,45
p002849,r0007,21,0.84999999999999998,0.76000000000000001,-59.542224071337358,59.293273633249107,-30.571704622236606,26,128205,45
p002850,r0027,14,2.8500000000000001,0.46999999999999997,-60.485201309681884,59.537696173586312,2.6769343564502632,35,128250,45
p002851,r0010,30,3.6499999999999999,0.46999999999999997,-59.966999644647508,60.00957813691695,4.0705865795816552,40,128295,45
p002852,r0019,14,1.6499999999999999,0.46999999999999997,-59.342857144772267,59.924228760648546,4.3186983851007641,29,128340,45
p002853,r0004,30,1.25,0.76000000000000001,-59.957784116378789,59.480108287419917,-30.842689939467103,26,128385,45
p002854,r0001,14,3.25,0.23999999999999999,-60.783655223254698,60.148753872328037,31.574975689388182,39,128430,45
p002855,r0015,9,0.84999999999999998,0.46999999999999997,-60.311107838358168,59.660728213937603,3.7239652693585912,28,128475,45
p002856,r0028,14,1.6499999999999999,0.46999999999999997,-60.119884626535345,60.228018255285697,3.2145039008298069,29,128520,45
p002857,r0014,30,2.4500000000000002,0.23999999999999999,-64.388400268217225,61.972965017625228,31.19623734902304,38,128565,45
p002858,r0005,14,1.6499999999999999,0.23999999999999999,-60.080399363033607,59.875412600209167,31.536017729030899,31,128610,45
p002859,r0001,21,0.84999999999999998,0.76000000000000001,-60.426147533931712,61.943869292598741,-30.607343495564404,26,128655,45
p002860,r0024,21,1.25,0.46999999999999997,-60.524946386463377,59.897203652818682,3.7487931343561174,27,128700,45
p002861,r0019,30,3.25,0.76000000000000001,-59.305759974595773,59.884119047728767,-31.150189009237881,38,128745,45
p002862,r0001,9,2.8500000000000001,0.46999999999999997,-60.589740080781027,59.99104131048604,2.8680740565905181,35,128790,45
p002863,r0000,21,1.25,0.76000000000000001,-60.080118552917071,59.889479975820365,-31.737414906020089,26,128835,45
p002864,r0004,14,2.0499999999999998,0.46999999999999997,-59.658615468635361,59.296260704470058,3.8374689031105165,32,128880,45
p002865,r0002,14,0.84999999999999998,0.46999999999999997,-59.927146462134019,60.261746762316548,4.2229669468247879,27,128925,45
p002866,r0021,30,2.4500000000000002,0.76000000000000001,-60.391160356201915,59.628580457476176,-32.036422560919178,31,128970,45
p002867,r0004,30,2.0499999999999998,0.46999999999999997,-59.86512265033776,59.736464814251839,3.0737187058947297,29,129015,45
p002868,r0025,14,3.25,0.23999999999999999,-59.945641226762497,60.077506400926993,30.821950970281517,39,129060,45
p002869,r0003,21,4.0499999999999998,0.46999999999999997,-60.277873338287939,59.66165274581315,2.8400754862856443,40,129105,45
p002870,r0005,14,1.25,0.76000000000000001,-60.416885263103566,60.006705240262512,-31.065223542295708,27,129150,45
p002871,r0000,21,3.25,0.76000000000000001,-60.179287424599664,59.944492527174056,-31.79958023617397,36,129195,45
p002872,r0025,21,2.4500000000000002,0.46999999999999997,-60.178412558779982,60.003944000956849,3.0682364178805441,34,129240,45
p002873,r0022,21,3.25,0.23999999999999999,-59.519759880010213,60.029228729814456,30.887471463456535,40,129285,45
p002874,r0011,14,0.84999999999999998,0.46999999999999997,-60.276002447313267,60.311994228789437,3.1856357910211726,27,129330,45
p002875,r0010,9,3.6499999999999999,0.23999999999999999,-70.209604923483909,63.157681244875107,31.599532564468941,39,129375,45
p002876,r0014,30,2.0499999999999998,0.76000000000000001,-60.007196878577417,59.544066556075947,-30.864893654260616,28,129420,45
p002877,r0023,30,3.6499999999999999,0.76000000000000001,-60.642506474985886,60.142425513921474,-32.104122797648124,39,129465,45
p002878,r0026,21,2.8500000000000001,0.23999999999999999,-59.955834709762968,59.710603797116462,31.440658555465401,39,129510,45
p002879,r0005,14,4.0499999999999998,0.23999999999999999,-60.102923858034515,59.649364469388502,30.45881527080698,40,129555,45
p002880,r0013,14,3.25,0.23999999999999999,-59.865125647381213,60.139896047857142,31.788690840999937,39,129600,45
p002881,r0021,30,4.0499999999999998,0.23999999999999999,-91.124903275568784,69.389199406302282,31.315814762653229,40,129645,45
p002882,r0016,9,4.0499999999999998,0.23999999999999999,-60.579794479564114,59.802650973168753,31.360864064512864,39,129690,45
p002883,r0008,30,2.0499999999999998,0.23999999999999999,-60.165854212234755,59.933039137033205,31.559304733208894,35,129735,45
p002884,r0007,9,0.84999999999999998,0.46999999999999997,-60.531612613815284,59.697843999018218,3.6399993909864721,29,129780,45
p002885,r0021,21,1.25,0.23999999999999999,-60.574240515674731,60.666251124121025,31.118533130570047,28,129825,45
p002886,r0005,14,1.6499999999999999,0.76000000000000001,-60.115243993694222,61.212537220006183,-31.446576502406128,29,129870,45
p002887,r0001,14,1.25,0.76000000000000001,-59.970539827297451,59.722726661215091,-30.794155870054443,27,129915,45
p002888,r0000,21,2.4500000000000002,0.23999999999999999,-60.080523246589763,60.291481834619013,31.852200615128904,37,129960,45
p002889,r0015,14,0.84999999999999998,0.23999999999999999,-60.355215619277004,60.140353050938437,31.671416570086731,28,130005,45
p002890,r0003,21,2.4500000000000002,0.76000000000000001,-60.313116218968815,59.937061616338241,-31.903073538495118,31,130050,45
p002891,r0015,14,3.6499999999999999,0.46999999999999997,-59.559947514959575,59.957775563337819,3.3344457165380446,39,130095,45
p002892,r0009,9,3.6499999999999999,0.76000000000000001,-60.188310427565689,60.596412492541504,-31.649976926739964,36,130140,45
p002893,r0027,21,1.6499999999999999,0.23999999999999999,-60.032936317977068,59.595808671941526,31.334909874361063,31,130185,45
p002894,r0022,21,2.0499999999999998,0.46999999999999997,-58.980339429696677,59.940392611061462,3.5976485519051407,29,130230,45
p002895,r0008,21,2.4500000000000002,0.46999999999999997,-60.505936372940255,60.731538898692946,4.1999255210253468,35,130275,45
p002896,r0018,9,1.6499999999999999,0.23999999999999999,-59.920230028697333,60.184266715332299,30.909187496765188,32,130320,45
p002897,r0012,30,2.0499999999999998,0.46999999999999997,-60.066138851784878,59.726531866768802,2.9739766290485745,30,130365,45
p002898,r0023,21,2.8500000000000001,0.76000000000000001,-60.185174491530432,60.34193873544919,-31.708667317055326,34,130410,45
p002899,r0015,9,4.0499999999999998,0.46999999999999997,-59.711324636313584,59.204459013649704,2.8640406981669626,38,130455,45
p002900,r0000,21,1.25,0.23999999999999999,-60.343613942173739,59.848190837318739,30.552157690240545,27,130500,45
p002901,r0022,30,3.25,0.46999999999999997,-60.18742082899081,59.647996105463108,3.7753501462697701,39,130545,45
p002902,r0024,30,2.0499999999999998,0.76000000000000001,-60.053952453374222,60.097684840425366,-30.767559502862323,28,130590,45
p002903,r0006,21,2.0499999999999998,0.76000000000000001,-60.332806855620774,59.774266407920599,-31.057109272370834,28,130635,45
p002904,r0017,9,3.6499999999999999,0.23999999999999999,-60.133539246497186,60.12494962153896,31.712912293210284,39,130680,45
p002905,r0024,9,2.0499999999999998,0.46999999999999997,-60.260257546595142,60.042104807141811,3.9499945008854498,32,130725,45
p002906,r0020,21,3.6499999999999999,0.46999999999999997,-59.955060670469287,59.110842831085854,3.5998681853549401,40,130770,45
p002907,r0011,14,1.6499999999999999,0.76000000000000001,-60.520002466950586,59.642392174275159,-31.231027753056413,29,130815,45
p002908,r0016,30,2.8500000000000001,0.23999999999999999,-59.698187330446672,60.437361947107142,32.054830120494231,40,130860,45
p002909,r0004,14,0.84999999999999998,0.23999999999999999,-60.212876397959846,60.125754371975468,31.694482987190991,27,130905,45
p002910,r0017,9,0.84999999999999998,0.23999999999999999,-59.945554266865031,60.57993996648122,31.203821350478123,28,130950,45
p002911,r0027,30,2.8500000000000001,0.76000000000000001,-60.028643951295642,60.000736392752138,-31.671592668724177,34,130995,45
p002912,r0006,9,3.6499999999999999,0.46999999999999997,-60.610214759206379,60.248375980981066,2.9948383330929671,38,131040,45
p002913,r0025,30,2.4500000000000002,0.23999999999999999,-59.921665312235888,60.812567615300111,32.28635171269147,38,131085,45
