case_id,target,size,control,realization_id,n_ratios,mean_r
case_sable,0.20000000000000001,8,2.1499999999999999,r0000,24,0.50498536278530948
case_sable,0.20000000000000001,8,2.1499999999999999,r0001,24,0.54421247699237629
case_sable,0.20000000000000001,8,2.1499999999999999,r0002,24,0.49240942564832269
case_sable,0.20000000000000001,8,2.1499999999999999,r0003,24,0.57046429513862706
case_sable,0.20000000000000001,8,2.1499999999999999,r0004,24,0.59301003394404728
case_sable,0.20000000000000001,8,2.1499999999999999,r0005,24,0.52316868326959309
case_sable,0.20000000000000001,8,2.1499999999999999,r0006,24,0.45557619228357943
case_sable,0.20000000000000001,8,2.1499999999999999,r0007,24,0.54880460619805882
case_sable,0.20000000000000001,8,2.1499999999999999,r0008,24,0.53151543951809355
case_sable,0.20000000000000001,8,2.1499999999999999,r0009,24,0.52384517213869286
case_sable,0.20000000000000001,8,2.1499999999999999,r0010,24,0.61033510776959454
case_sable,0.20000000000000001,8,2.1499999999999999,r0011,24,0.52162759294989858
case_sable,0.20000000000000001,8,2.1499999999999999,r0012,24,0.48280643756678138
case_sable,0.20000000000000001,8,2.1499999999999999,r0013,24,0.55041549154331137
case_sable,0.20000000000000001,8,2.1499999999999999,r0014,24,0.59983955911651055
case_sable,0.20000000000000001,8,2.1499999999999999,r0015,24,0.5204661497803762
case_sable,0.20000000000000001,8,2.1499999999999999,r0016,24,0.55197621031381605
case_sable,0.20000000000000001,8,2.1499999999999999,r0017,24,0.4791132291571607
case_sable,0.20000000000000001,8,2.1499999999999999,r0018,24,0.6050086468413044
case_sable,0.20000000000000001,8,2.1499999999999999,r0019,24,0.52351821645070895
case_sable,0.20000000000000001,8,2.1499999999999999,r0020,24,0.6222873453584824
case_sable,0.20000000000000001,8,2.1499999999999999,r0021,24,0.53392802869227207
case_sable,0.20000000000000001,8,2.1499999999999999,r0022,24,0.60509664224666737
case_sable,0.20000000000000001,8,2.1499999999999999,r0023,24,0.4591363692207569
case_sable,0.20000000000000001,8,2.1499999999999999,r0024,24,0.60934982233856905
case_sable,0.20000000000000001,8,2.1499999999999999,r0025,24,0.4756961311277299
case_sable,0.20000000000000001,8,2.1499999999999999,r0026,24,0.56019068209151668
case_sable,0.20000000000000001,8,2.1499999999999999,r0027,24,0.48522261717479959
case_sable,0.20000000000000001,8,2.1499999999999999,r0028,24,0.48793233801424257
case_sable,0.20000000000000001,8,2.1499999999999999,r0029,24,0.54632889876286217
case_sable,0.20000000000000001,8,2.6000000000000001,r0000,24,0.50327070808693208
case_sable,0.20000000000000001,8,2.6000000000000001,r0001,24,0.48232153468462285
case_sable,0.20000000000000001,8,2.6000000000000001,r0002,24,0.54757457431838852
case_sable,0.20000000000000001,8,2.6000000000000001,r0003,24,0.45146332221200619
case_sable,0.20000000000000001,8,2.6000000000000001,r0004,24,0.51361457095780905
case_sable,0.20000000000000001,8,2.6000000000000001,r0005,24,0.49680404398041955
case_sable,0.20000000000000001,8,2.6000000000000001,r0006,24,0.6551782620882024
case_sable,0.20000000000000001,8,2.6000000000000001,r0007,24,0.58413499540766523
case_sable,0.20000000000000001,8,2.6000000000000001,r0008,24,0.50139890288817757
case_sable,0.20000000000000001,8,2.6000000000000001,r0009,25,0.43595742895509149
case_sable,0.20000000000000001,8,2.6000000000000001,r0010,24,0.67467215563527727
case_sable,0.20000000000000001,8,2.6000000000000001,r0011,24,0.6137716302171643
case_sable,0.20000000000000001,8,2.6000000000000001,r0012,25,0.5547796669029591
case_sable,0.20000000000000001,8,2.6000000000000001,r0013,25,0.56723506137663648
case_sable,0.20000000000000001,8,2.6000000000000001,r0014,24,0.55806603946601829
case_sable,0.20000000000000001,8,2.6000000000000001,r0015,24,0.5763123937786726
case_sable,0.20000000000000001,8,2.6000000000000001,r0016,24,0.53290180207332705
case_sable,0.20000000000000001,8,2.6000000000000001,r0017,24,0.49660387804265455
case_sable,0.20000000000000001,8,2.6000000000000001,r0018,24,0.45597806016141806
case_sable,0.20000000000000001,8,2.6000000000000001,r0019,24,0.48566324059180072
case_sable,0.20000000000000001,8,2.6000000000000001,r0020,24,0.50812091221776479
case_sable,0.20000000000000001,8,2.6000000000000001,r0021,25,0.53153719692490808
case_sable,0.20000000000000001,8,2.6000000000000001,r0022,25,0.56923275739147583
case_sable,0.20000000000000001,8,2.6000000000000001,r0023,24,0.50957400261274388
case_sable,0.20000000000000001,8,2.6000000000000001,r0024,24,0.53934528626656986
case_sable,0.20000000000000001,8,2.6000000000000001,r0025,24,0.59872392821478171
case_sable,0.20000000000000001,8,2.6000000000000001,r0026,24,0.54226940887200625
case_sable,0.20000000000000001,8,2.6000000000000001,r0027,24,0.55936941790851125
case_sable,0.20000000000000001,8,2.6000000000000001,r0028,24,0.47885729632477109
case_sable,0.20000000000000001,8,2.6000000000000001,r0029,24,0.53451486683061133
case_sable,0.20000000000000001,8,3.0499999999999998,r0000,28,0.45818094446707985
case_sable,0.20000000000000001,8,3.0499999999999998,r0001,27,0.61436680331102977
case_sable,0.20000000000000001,8,3.0499999999999998,r0002,27,0.61881397120627468
case_sable,0.20000000000000001,8,3.0499999999999998,r0003,27,0.43357322696552464
case_sable,0.20000000000000001,8,3.0499999999999998,r0004,28,0.57327902370134987
case_sable,0.20000000000000001,8,3.0499999999999998,r0005,27,0.49614538072545311
case_sable,0.20000000000000001,8,3.0499999999999998,r0006,27,0.46145054755904041
case_sable,0.20000000000000001,8,3.0499999999999998,r0007,27,0.48006073054086656
case_sable,0.20000000000000001,8,3.0499999999999998,r0008,27,0.64282546661746831
case_sable,0.20000000000000001,8,3.0499999999999998,r0009,28,0.37070501125087513
case_sable,0.20000000000000001,8,3.0499999999999998,r0010,27,0.47785705142386969
case_sable,0.20000000000000001,8,3.0499999999999998,r0011,26,0.54421940593552898
case_sable,0.20000000000000001,8,3.0499999999999998,r0012,28,0.42095889654801938
case_sable,0.20000000000000001,8,3.0499999999999998,r0013,27,0.6512491230346471
case_sable,0.20000000000000001,8,3.0499999999999998,r0014,27,0.49350983845370844
case_sable,0.20000000000000001,8,3.0499999999999998,r0015,27,0.56130692047576414
case_sable,0.20000000000000001,8,3.0499999999999998,r0016,27,0.56439316842833098
case_sable,0.20000000000000001,8,3.0499999999999998,r0017,27,0.42302780708286114
case_sable,0.20000000000000001,8,3.0499999999999998,r0018,28,0.39156862688452909
case_sable,0.20000000000000001,8,3.0499999999999998,r0019,28,0.53507709188240205
case_sable,0.20000000000000001,8,3.0499999999999998,r0020,27,0.37593724475675744
case_sable,0.20000000000000001,8,3.0499999999999998,r0021,27,0.58693914390847646
case_sable,0.20000000000000001,8,3.0499999999999998,r0022,28,0.50347578827337813
case_sable,0.20000000000000001,8,3.0499999999999998,r0023,28,0.5216992963555761
case_sable,0.20000000000000001,8,3.0499999999999998,r0024,27,0.56598384873192586
case_sable,0.20000000000000001,8,3.0499999999999998,r0025,28,0.52580417644440458
case_sable,0.20000000000000001,8,3.0499999999999998,r0026,27,0.56583782044130726
case_sable,0.20000000000000001,8,3.0499999999999998,r0027,28,0.5142627860804474
case_sable,0.20000000000000001,8,3.0499999999999998,r0028,28,0.49261466610746624
case_sable,0.20000000000000001,8,3.0499999999999998,r0029,27,0.58517807576503367
case_sable,0.20000000000000001,8,3.5,r0000,34,0.40935516685287859
case_sable,0.20000000000000001,8,3.5,r0001,34,0.42317668649043361
case_sable,0.20000000000000001,8,3.5,r0002,34,0.34819064548645784
case_sable,0.20000000000000001,8,3.5,r0003,36,0.4060584520635997
case_sable,0.20000000000000001,8,3.5,r0004,35,0.46002681887923874
case_sable,0.20000000000000001,8,3.5,r0005,34,0.4625892611769517
case_sable,0.20000000000000001,8,3.5,r0006,35,0.36009883880770432
case_sable,0.20000000000000001,8,3.5,r0007,34,0.43767786213843235
case_sable,0.20000000000000001,8,3.5,r0008,35,0.36128390697616347
case_sable,0.20000000000000001,8,3.5,r0009,35,0.44370217788392236
case_sable,0.20000000000000001,8,3.5,r0010,35,0.53753593906257435
case_sable,0.20000000000000001,8,3.5,r0011,34,0.35455900771441606
case_sable,0.20000000000000001,8,3.5,r0012,35,0.46375072510971671
case_sable,0.20000000000000001,8,3.5,r0013,35,0.42226408591844827
case_sable,0.20000000000000001,8,3.5,r0014,35,0.37437275899317113
case_sable,0.20000000000000001,8,3.5,r0015,35,0.4412638060964672
case_sable,0.20000000000000001,8,3.5,r0016,34,0.53737428442396507
case_sable,0.20000000000000001,8,3.5,r0017,35,0.3566784043346779
case_sable,0.20000000000000001,8,3.5,r0018,36,0.33497615981848511
case_sable,0.20000000000000001,8,3.5,r0019,34,0.42032125943342319
case_sable,0.20000000000000001,8,3.5,r0020,35,0.50174888700108844
case_sable,0.20000000000000001,8,3.5,r0021,35,0.49816553799757535
case_sable,0.20000000000000001,8,3.5,r0022,34,0.41105897564327826
case_sable,0.20000000000000001,8,3.5,r0023,35,0.38688893075187836
case_sable,0.20000000000000001,8,3.5,r0024,35,0.37525083673244697
case_sable,0.20000000000000001,8,3.5,r0025,34,0.48918395612973703
case_sable,0.20000000000000001,8,3.5,r0026,35,0.45506680148331441
case_sable,0.20000000000000001,8,3.5,r0027,34,0.41844699598535029
case_sable,0.20000000000000001,8,3.5,r0028,35,0.39761824122331196
case_sable,0.20000000000000001,8,3.5,r0029,35,0.47150919923342849
case_sable,0.20000000000000001,8,3.9500000000000002,r0000,38,0.30067672278411378
case_sable,0.20000000000000001,8,3.9500000000000002,r0001,38,0.41890154708773714
case_sable,0.20000000000000001,8,3.9500000000000002,r0002,38,0.39503818285196141
case_sable,0.20000000000000001,8,3.9500000000000002,r0003,38,0.5130984577340082
case_sable,0.20000000000000001,8,3.9500000000000002,r0004,38,0.33985475438567553
case_sable,0.20000000000000001,8,3.9500000000000002,r0005,38,0.40905762718819838
case_sable,0.20000000000000001,8,3.9500000000000002,r0006,38,0.47758874007506374
case_sable,0.20000000000000001,8,3.9500000000000002,r0007,38,0.30173350586182046
case_sable,0.20000000000000001,8,3.9500000000000002,r0008,38,0.44225967433553004
case_sable,0.20000000000000001,8,3.9500000000000002,r0009,38,0.40254058181003649
case_sable,0.20000000000000001,8,3.9500000000000002,r0010,38,0.32522856311221626
case_sable,0.20000000000000001,8,3.9500000000000002,r0011,38,0.44005135469540479
case_sable,0.20000000000000001,8,3.9500000000000002,r0012,38,0.33115734753488235
case_sable,0.20000000000000001,8,3.9500000000000002,r0013,38,0.39011431016285131
case_sable,0.20000000000000001,8,3.9500000000000002,r0014,38,0.49487571254645107
case_sable,0.20000000000000001,8,3.9500000000000002,r0015,38,0.38163200619755183
case_sable,0.20000000000000001,8,3.9500000000000002,r0016,38,0.37063206143354821
case_sable,0.20000000000000001,8,3.9500000000000002,r0017,38,0.36018273170604359
case_sable,0.20000000000000001,8,3.9500000000000002,r0018,38,0.32741739588769575
case_sable,0.20000000000000001,8,3.9500000000000002,r0019,37,0.39603143686720033
case_sable,0.20000000000000001,8,3.9500000000000002,r0020,38,0.49592450527736326
case_sable,0.20000000000000001,8,3.9500000000000002,r0021,38,0.51548488814547955
case_sable,0.20000000000000001,8,3.9500000000000002,r0022,38,0.36544563278668563
case_sable,0.20000000000000001,8,3.9500000000000002,r0023,38,0.38295094300303117
case_sable,0.20000000000000001,8,3.9500000000000002,r0024,37,0.42553539608413282
case_sable,0.20000000000000001,8,3.9500000000000002,r0025,38,0.44582384257744961
case_sable,0.20000000000000001,8,3.9500000000000002,r0026,38,0.44037462890750617
case_sable,0.20000000000000001,8,3.9500000000000002,r0027,38,0.39205643437087323
case_sable,0.20000000000000001,8,3.9500000000000002,r0028,38,0.45632546953193093
case_sable,0.20000000000000001,8,3.9500000000000002,r0029,38,0.42249966387895266
case_sable,0.20000000000000001,8,4.4000000000000004,r0000,38,0.31126316538716597
case_sable,0.20000000000000001,8,4.4000000000000004,r0001,38,0.36399779576504998
case_sable,0.20000000000000001,8,4.4000000000000004,r0002,38,0.38162706454307632
case_sable,0.20000000000000001,8,4.4000000000000004,r0003,38,0.42724923441351603
case_sable,0.20000000000000001,8,4.4000000000000004,r0004,38,0.37877477470753079
case_sable,0.20000000000000001,8,4.4000000000000004,r0005,38,0.34452224167053158
case_sable,0.20000000000000001,8,4.4000000000000004,r0006,38,0.37301597900242411
case_sable,0.20000000000000001,8,4.4000000000000004,r0007,38,0.37379071832468974
case_sable,0.20000000000000001,8,4.4000000000000004,r0008,38,0.35651985678931425
case_sable,0.20000000000000001,8,4.4000000000000004,r0009,38,0.41515740614250179
case_sable,0.20000000000000001,8,4.4000000000000004,r0010,38,0.38915854962344826
case_sable,0.20000000000000001,8,4.4000000000000004,r0011,38,0.33164624293632577
case_sable,0.20000000000000001,8,4.4000000000000004,r0012,38,0.35656737603278144
case_sable,0.20000000000000001,8,4.4000000000000004,r0013,38,0.45122142719710928
case_sable,0.20000000000000001,8,4.4000000000000004,r0014,38,0.49529357480030684
case_sable,0.20000000000000001,8,4.4000000000000004,r0015,38,0.32908484722133524
case_sable,0.20000000000000001,8,4.4000000000000004,r0016,38,0.40030058749032316
case_sable,0.20000000000000001,8,4.4000000000000004,r0017,38,0.39246092012428235
case_sable,0.20000000000000001,8,4.4000000000000004,r0018,38,0.40434314470884464
case_sable,0.20000000000000001,8,4.4000000000000004,r0019,38,0.47940283424598901
case_sable,0.20000000000000001,8,4.4000000000000004,r0020,38,0.46025610591677896
case_sable,0.20000000000000001,8,4.4000000000000004,r0021,38,0.47646049334081225
case_sable,0.20000000000000001,8,4.4000000000000004,r0022,38,0.43227273046028492
case_sable,0.20000000000000001,8,4.4000000000000004,r0023,38,0.41919811881683838
case_sable,0.20000000000000001,8,4.4000000000000004,r0024,38,0.32673115339630104
case_sable,0.20000000000000001,8,4.4000000000000004,r0025,38,0.4980520830441808
case_sable,0.20000000000000001,8,4.4000000000000004,r0026,38,0.4208799970071303
case_sable,0.20000000000000001,8,4.4000000000000004,r0027,38,0.32842309919639995
case_sable,0.20000000000000001,8,4.4000000000000004,r0028,38,0.41508176390081619
case_sable,0.20000000000000001,8,4.4000000000000004,r0029,38,0.38370473131844318
case_sable,0.20000000000000001,8,4.8499999999999996,r0000,38,0.32453482814911588
case_sable,0.20000000000000001,8,4.8499999999999996,r0001,38,0.38528731193373178
case_sable,0.20000000000000001,8,4.8499999999999996,r0002,38,0.41872411782214619
case_sable,0.20000000000000001,8,4.8499999999999996,r0003,38,0.4578632684078171
case_sable,0.20000000000000001,8,4.8499999999999996,r0004,38,0.41034000740524201
case_sable,0.20000000000000001,8,4.8499999999999996,r0005,38,0.30591632536102048
case_sable,0.20000000000000001,8,4.8499999999999996,r0006,38,0.34105165090002898
case_sable,0.20000000000000001,8,4.8499999999999996,r0007,38,0.31334060189308738
case_sable,0.20000000000000001,8,4.8499999999999996,r0008,38,0.33099679628545003
case_sable,0.20000000000000001,8,4.8499999999999996,r0009,38,0.32898208824720587
case_sable,0.20000000000000001,8,4.8499999999999996,r0010,38,0.42817927714805187
case_sable,0.20000000000000001,8,4.8499999999999996,r0011,38,0.49427813889782313
case_sable,0.20000000000000001,8,4.8499999999999996,r0012,38,0.44681749996700976
case_sable,0.20000000000000001,8,4.8499999999999996,r0013,38,0.50446646617500401
case_sable,0.20000000000000001,8,4.8499999999999996,r0014,38,0.46553554440145656
case_sable,0.20000000000000001,8,4.8499999999999996,r0015,38,0.34070313919994771
case_sable,0.20000000000000001,8,4.8499999999999996,r0016,38,0.34128985044879284
case_sable,0.20000000000000001,8,4.8499999999999996,r0017,38,0.3950197624707511
case_sable,0.20000000000000001,8,4.8499999999999996,r0018,38,0.34862225926974999
case_sable,0.20000000000000001,8,4.8499999999999996,r0019,38,0.32326704517991095
case_sable,0.20000000000000001,8,4.8499999999999996,r0020,38,0.35896686938350336
case_sable,0.20000000000000001,8,4.8499999999999996,r0021,38,0.42673923043243561
case_sable,0.20000000000000001,8,4.8499999999999996,r0022,38,0.34140542622125963
case_sable,0.20000000000000001,8,4.8499999999999996,r0023,38,0.45349255848855508
case_sable,0.20000000000000001,8,4.8499999999999996,r0024,38,0.3920020381266025
case_sable,0.20000000000000001,8,4.8499999999999996,r0025,38,0.40521508715994414
case_sable,0.20000000000000001,8,4.8499999999999996,r0026,38,0.36248062131029002
case_sable,0.20000000000000001,8,4.8499999999999996,r0027,38,0.31952495746058668
case_sable,0.20000000000000001,8,4.8499999999999996,r0028,38,0.48278496298018597
case_sable,0.20000000000000001,8,4.8499999999999996,r0029,38,0.3460385085069988
case_sable,0.20000000000000001,8,5.2999999999999998,r0000,38,0.45000172699155033
case_sable,0.20000000000000001,8,5.2999999999999998,r0001,38,0.38261955595296598
case_sable,0.20000000000000001,8,5.2999999999999998,r0002,38,0.38364184940218188
case_sable,0.20000000000000001,8,5.2999999999999998,r0003,38,0.41052259285701598
case_sable,0.20000000000000001,8,5.2999999999999998,r0004,38,0.452306122230893
case_sable,0.20000000000000001,8,5.2999999999999998,r0005,38,0.37397073008339499
case_sable,0.20000000000000001,8,5.2999999999999998,r0006,38,0.38525591253554176
case_sable,0.20000000000000001,8,5.2999999999999998,r0007,38,0.38363343332483402
case_sable,0.20000000000000001,8,5.2999999999999998,r0008,38,0.42223168520890436
case_sable,0.20000000000000001,8,5.2999999999999998,r0009,38,0.35402001723470167
case_sable,0.20000000000000001,8,5.2999999999999998,r0010,38,0.31944976374867229
case_sable,0.20000000000000001,8,5.2999999999999998,r0011,38,0.3106633385839162
case_sable,0.20000000000000001,8,5.2999999999999998,r0012,38,0.38499206462869917
case_sable,0.20000000000000001,8,5.2999999999999998,r0013,38,0.4676924119957514
case_sable,0.20000000000000001,8,5.2999999999999998,r0014,38,0.31008499106920451
case_sable,0.20000000000000001,8,5.2999999999999998,r0015,38,0.44180245967620396
case_sable,0.20000000000000001,8,5.2999999999999998,r0016,38,0.37188960349285549
case_sable,0.20000000000000001,8,5.2999999999999998,r0017,38,0.4018192558514318
case_sable,0.20000000000000001,8,5.2999999999999998,r0018,38,0.34885126303901515
case_sable,0.20000000000000001,8,5.2999999999999998,r0019,38,0.47049665717337363
case_sable,0.20000000000000001,8,5.2999999999999998,r0020,38,0.39404164014586418
case_sable,0.20000000000000001,8,5.2999999999999998,r0021,38,0.38966410952063801
case_sable,0.20000000000000001,8,5.2999999999999998,r0022,38,0.34601667472563796
case_sable,0.20000000000000001,8,5.2999999999999998,r0023,38,0.41575318331078831
case_sable,0.20000000000000001,8,5.2999999999999998,r0024,38,0.40375610178142957
case_sable,0.20000000000000001,8,5.2999999999999998,r0025,38,0.41071055669527129
case_sable,0.20000000000000001,8,5.2999999999999998,r0026,38,0.39788406702860379
case_sable,0.20000000000000001,8,5.2999999999999998,r0027,38,0.34051297406323267
case_sable,0.20000000000000001,8,5.2999999999999998,r0028,38,0.46818548649651043
case_sable,0.20000000000000001,8,5.2999999999999998,r0029,38,0.35859947062045594
case_sable,0.20000000000000001,13,1.7,r0000,24,0.54668589323759287
case_sable,0.20000000000000001,13,1.7,r0001,24,0.53879616804507069
case_sable,0.20000000000000001,13,1.7,r0002,24,0.49695986939341513
case_sable,0.20000000000000001,13,1.7,r0003,24,0.50189416445577217
case_sable,0.20000000000000001,13,1.7,r0004,24,0.4891515682629915
case_sable,0.20000000000000001,13,1.7,r0005,24,0.63057739888507902
case_sable,0.20000000000000001,13,1.7,r0006,24,0.59669109772874052
case_sable,0.20000000000000001,13,1.7,r0007,24,0.55350703181453742
case_sable,0.20000000000000001,13,1.7,r0008,24,0.4864957198730222
case_sable,0.20000000000000001,13,1.7,r0009,24,0.570539087578668
case_sable,0.20000000000000001,13,1.7,r0010,24,0.67369589856522438
case_sable,0.20000000000000001,13,1.7,r0011,24,0.60455149258733565
case_sable,0.20000000000000001,13,1.7,r0012,24,0.43598597372507863
case_sable,0.20000000000000001,13,1.7,r0013,24,0.53000854732162728
case_sable,0.20000000000000001,13,1.7,r0014,24,0.54043250388865804
case_sable,0.20000000000000001,13,1.7,r0015,24,0.49888454931722359
case_sable,0.20000000000000001,13,1.7,r0016,24,0.51340625293008213
case_sable,0.20000000000000001,13,1.7,r0017,24,0.48418730617980632
case_sable,0.20000000000000001,13,1.7,r0018,24,0.55402642878099495
case_sable,0.20000000000000001,13,1.7,r0019,24,0.64637135240995613
case_sable,0.20000000000000001,13,1.7,r0020,24,0.52090966246172843
case_sable,0.20000000000000001,13,1.7,r0021,24,0.57247956957374235
case_sable,0.20000000000000001,13,1.7,r0022,24,0.61086441941108272
case_sable,0.20000000000000001,13,1.7,r0023,24,0.59755007956204909
case_sable,0.20000000000000001,13,1.7,r0024,24,0.56679487702242681
case_sable,0.20000000000000001,13,1.7,r0025,24,0.45091425125515566
case_sable,0.20000000000000001,13,1.7,r0026,24,0.55639086419737949
case_sable,0.20000000000000001,13,1.7,r0027,24,0.5208332966842627
case_sable,0.20000000000000001,13,1.7,r0028,24,0.50175995539753548
case_sable,0.20000000000000001,13,1.7,r0029,24,0.57715044808549643
case_sable,0.20000000000000001,13,2.1499999999999999,r0000,24,0.55275776899156226
case_sable,0.20000000000000001,13,2.1499999999999999,r0001,24,0.53982096908425037
case_sable,0.20000000000000001,13,2.1499999999999999,r0002,24,0.4553577645223072
case_sable,0.20000000000000001,13,2.1499999999999999,r0003,24,0.52785371547595605
case_sable,0.20000000000000001,13,2.1499999999999999,r0004,24,0.39367658820828505
case_sable,0.20000000000000001,13,2.1499999999999999,r0005,24,0.45514083421955259
case_sable,0.20000000000000001,13,2.1499999999999999,r0006,24,0.49588656551734439
case_sable,0.20000000000000001,13,2.1499999999999999,r0007,24,0.57704510546831222
case_sable,0.20000000000000001,13,2.1499999999999999,r0008,24,0.56052197116364011
case_sable,0.20000000000000001,13,2.1499999999999999,r0009,24,0.52832074529477713
case_sable,0.20000000000000001,13,2.1499999999999999,r0010,24,0.45080496410611981
case_sable,0.20000000000000001,13,2.1499999999999999,r0011,24,0.57016957196660389
case_sable,0.20000000000000001,13,2.1499999999999999,r0012,24,0.5790969866896255
case_sable,0.20000000000000001,13,2.1499999999999999,r0013,24,0.53799825996228179
case_sable,0.20000000000000001,13,2.1499999999999999,r0014,24,0.59209613032029962
case_sable,0.20000000000000001,13,2.1499999999999999,r0015,24,0.63447412914339085
case_sable,0.20000000000000001,13,2.1499999999999999,r0016,24,0.48642195273851341
case_sable,0.20000000000000001,13,2.1499999999999999,r0017,24,0.62101831852250877
case_sable,0.20000000000000001,13,2.1499999999999999,r0018,24,0.48379574631215022
case_sable,0.20000000000000001,13,2.1499999999999999,r0019,24,0.52527007745191456
case_sable,0.20000000000000001,13,2.1499999999999999,r0020,24,0.49641443621734299
case_sable,0.20000000000000001,13,2.1499999999999999,r0021,24,0.46347298819872024
case_sable,0.20000000000000001,13,2.1499999999999999,r0022,24,0.50033377300082005
case_sable,0.20000000000000001,13,2.1499999999999999,r0023,24,0.50695994608988226
case_sable,0.20000000000000001,13,2.1499999999999999,r0024,24,0.56097221111056694
case_sable,0.20000000000000001,13,2.1499999999999999,r0025,24,0.53434511806441365
case_sable,0.20000000000000001,13,2.1499999999999999,r0026,24,0.55685831822202181
case_sable,0.20000000000000001,13,2.1499999999999999,r0027,24,0.51000126950674785
case_sable,0.20000000000000001,13,2.1499999999999999,r0028,24,0.5397782274701044
case_sable,0.20000000000000001,13,2.1499999999999999,r0029,24,0.52919196910214483
case_sable,0.20000000000000001,13,2.6000000000000001,r0000,24,0.60386214476950606
case_sable,0.20000000000000001,13,2.6000000000000001,r0001,24,0.54214448634948464
case_sable,0.20000000000000001,13,2.6000000000000001,r0002,24,0.4791051623127392
case_sable,0.20000000000000001,13,2.6000000000000001,r0003,24,0.60423501845969563
case_sable,0.20000000000000001,13,2.6000000000000001,r0004,24,0.44417238549490512
case_sable,0.20000000000000001,13,2.6000000000000001,r0005,24,0.50118946963665201
case_sable,0.20000000000000001,13,2.6000000000000001,r0006,24,0.50604974875959552
case_sable,0.20000000000000001,13,2.6000000000000001,r0007,24,0.51460360411821726
case_sable,0.20000000000000001,13,2.6000000000000001,r0008,24,0.52785933428747234
case_sable,0.20000000000000001,13,2.6000000000000001,r0009,24,0.50142115891290029
case_sable,0.20000000000000001,13,2.6000000000000001,r0010,24,0.47878731764528754
case_sable,0.20000000000000001,13,2.6000000000000001,r0011,24,0.52697159303869523
case_sable,0.20000000000000001,13,2.6000000000000001,r0012,24,0.56014728764607102
case_sable,0.20000000000000001,13,2.6000000000000001,r0013,24,0.56685358389261398
case_sable,0.20000000000000001,13,2.6000000000000001,r0014,24,0.47896180299650587
case_sable,0.20000000000000001,13,2.6000000000000001,r0015,24,0.54784463440255016
case_sable,0.20000000000000001,13,2.6000000000000001,r0016,24,0.37418324864785069
case_sable,0.20000000000000001,13,2.6000000000000001,r0017,24,0.60449989428074191
case_sable,0.20000000000000001,13,2.6000000000000001,r0018,24,0.54947006082354255
case_sable,0.20000000000000001,13,2.6000000000000001,r0019,24,0.54571989828973566
case_sable,0.20000000000000001,13,2.6000000000000001,r0020,24,0.58134886207251635
case_sable,0.20000000000000001,13,2.6000000000000001,r0021,24,0.45588772145446405
case_sable,0.20000000000000001,13,2.6000000000000001,r0022,24,0.47153078530378373
case_sable,0.20000000000000001,13,2.6000000000000001,r0023,24,0.45908398688459834
case_sable,0.20000000000000001,13,2.6000000000000001,r0024,24,0.43945772509538855
case_sable,0.20000000000000001,13,2.6000000000000001,r0025,24,0.55109802567059141
case_sable,0.20000000000000001,13,2.6000000000000001,r0026,24,0.46095314156172257
case_sable,0.20000000000000001,13,2.6000000000000001,r0027,24,0.52964554905418548
case_sable,0.20000000000000001,13,2.6000000000000001,r0028,24,0.52972143397546079
case_sable,0.20000000000000001,13,2.6000000000000001,r0029,24,0.55530840569160445
case_sable,0.20000000000000001,13,3.0499999999999998,r0000,25,0.5242719264566541
case_sable,0.20000000000000001,13,3.0499999999999998,r0001,26,0.47401263440938529
case_sable,0.20000000000000001,13,3.0499999999999998,r0002,25,0.5716247358701162
case_sable,0.20000000000000001,13,3.0499999999999998,r0003,26,0.50587991226339235
case_sable,0.20000000000000001,13,3.0499999999999998,r0004,26,0.47109716318458211
case_sable,0.20000000000000001,13,3.0499999999999998,r0005,26,0.48308942337616395
case_sable,0.20000000000000001,13,3.0499999999999998,r0006,25,0.54894710275710312
case_sable,0.20000000000000001,13,3.0499999999999998,r0007,25,0.5231044489206903
case_sable,0.20000000000000001,13,3.0499999999999998,r0008,25,0.39643637628213801
case_sable,0.20000000000000001,13,3.0499999999999998,r0009,26,0.44870762563320493
case_sable,0.20000000000000001,13,3.0499999999999998,r0010,26,0.53433796631371944
case_sable,0.20000000000000001,13,3.0499999999999998,r0011,25,0.62409970587690189
case_sable,0.20000000000000001,13,3.0499999999999998,r0012,25,0.51104713515274758
case_sable,0.20000000000000001,13,3.0499999999999998,r0013,25,0.54620323046192487
case_sable,0.20000000000000001,13,3.0499999999999998,r0014,26,0.44829914866236281
case_sable,0.20000000000000001,13,3.0499999999999998,r0015,26,0.55766590312902775
case_sable,0.20000000000000001,13,3.0499999999999998,r0016,25,0.54171188141061233
case_sable,0.20000000000000001,13,3.0499999999999998,r0017,25,0.46881750825619406
case_sable,0.20000000000000001,13,3.0499999999999998,r0018,26,0.53649213623836423
case_sable,0.20000000000000001,13,3.0499999999999998,r0019,25,0.63590360970495508
case_sable,0.20000000000000001,13,3.0499999999999998,r0020,25,0.54192312044349167
case_sable,0.20000000000000001,13,3.0499999999999998,r0021,25,0.44457406001969729
case_sable,0.20000000000000001,13,3.0499999999999998,r0022,25,0.48411100442303806
case_sable,0.20000000000000001,13,3.0499999999999998,r0023,26,0.61548236996643146
case_sable,0.20000000000000001,13,3.0499999999999998,r0024,26,0.58141977668850731
case_sable,0.20000000000000001,13,3.0499999999999998,r0025,25,0.52647243248754638
case_sable,0.20000000000000001,13,3.0499999999999998,r0026,25,0.4640096362657562
case_sable,0.20000000000000001,13,3.0499999999999998,r0027,25,0.60542929411359059
case_sable,0.20000000000000001,13,3.0499999999999998,r0028,26,0.49558827817849443
case_sable,0.20000000000000001,13,3.0499999999999998,r0029,25,0.49840052190882966
case_sable,0.20000000000000001,13,3.5,r0000,37,0.33642077071948295
case_sable,0.20000000000000001,13,3.5,r0001,37,0.47526632242512951
case_sable,0.20000000000000001,13,3.5,r0002,37,0.37550262632087539
case_sable,0.20000000000000001,13,3.5,r0003,37,0.31574067604337608
case_sable,0.20000000000000001,13,3.5,r0004,37,0.43137753947776236
case_sable,0.20000000000000001,13,3.5,r0005,37,0.48087638135464328
case_sable,0.20000000000000001,13,3.5,r0006,37,0.42883781628195961
case_sable,0.20000000000000001,13,3.5,r0007,37,0.42554308496762355
case_sable,0.20000000000000001,13,3.5,r0008,37,0.45056606255126397
case_sable,0.20000000000000001,13,3.5,r0009,37,0.39251351016711417
case_sable,0.20000000000000001,13,3.5,r0010,37,0.37792882837821795
case_sable,0.20000000000000001,13,3.5,r0011,37,0.47009420685156167
case_sable,0.20000000000000001,13,3.5,r0012,37,0.46770120821125261
case_sable,0.20000000000000001,13,3.5,r0013,37,0.40699463760866855
case_sable,0.20000000000000001,13,3.5,r0014,37,0.38684193648518123
case_sable,0.20000000000000001,13,3.5,r0015,37,0.42438909703264638
case_sable,0.20000000000000001,13,3.5,r0016,37,0.39276371794378423
case_sable,0.20000000000000001,13,3.5,r0017,37,0.3156084762511322
case_sable,0.20000000000000001,13,3.5,r0018,37,0.39828299288948554
case_sable,0.20000000000000001,13,3.5,r0019,37,0.394391933113863
case_sable,0.20000000000000001,13,3.5,r0020,37,0.38534837644172626
case_sable,0.20000000000000001,13,3.5,r0021,37,0.36548072101424095
case_sable,0.20000000000000001,13,3.5,r0022,37,0.2687396762705575
case_sable,0.20000000000000001,13,3.5,r0023,37,0.30530701512475839
case_sable,0.20000000000000001,13,3.5,r0024,37,0.4437260399467749
case_sable,0.20000000000000001,13,3.5,r0025,37,0.42167615101609546
case_sable,0.20000000000000001,13,3.5,r0026,37,0.32321315924435101
case_sable,0.20000000000000001,13,3.5,r0027,37,0.42609781470818664
case_sable,0.20000000000000001,13,3.5,r0028,37,0.45926548060303951
case_sable,0.20000000000000001,13,3.5,r0029,37,0.38096387272200111
case_sable,0.20000000000000001,13,3.9500000000000002,r0000,38,0.31523826982895209
case_sable,0.20000000000000001,13,3.9500000000000002,r0001,38,0.40795039467194355
case_sable,0.20000000000000001,13,3.9500000000000002,r0002,38,0.38886369904069962
case_sable,0.20000000000000001,13,3.9500000000000002,r0003,38,0.34998446737783406
case_sable,0.20000000000000001,13,3.9500000000000002,r0004,38,0.29060815642990356
case_sable,0.20000000000000001,13,3.9500000000000002,r0005,38,0.31352719045797028
case_sable,0.20000000000000001,13,3.9500000000000002,r0006,38,0.43661175604965913
case_sable,0.20000000000000001,13,3.9500000000000002,r0007,38,0.41881850685812388
case_sable,0.20000000000000001,13,3.9500000000000002,r0008,38,0.32718209358736666
case_sable,0.20000000000000001,13,3.9500000000000002,r0009,38,0.42330348177178773
case_sable,0.20000000000000001,13,3.9500000000000002,r0010,38,0.36397732613359374
case_sable,0.20000000000000001,13,3.9500000000000002,r0011,38,0.35851434169893892
case_sable,0.20000000000000001,13,3.9500000000000002,r0012,38,0.41809660503382046
case_sable,0.20000000000000001,13,3.9500000000000002,r0013,38,0.36324351445727876
case_sable,0.20000000000000001,13,3.9500000000000002,r0014,38,0.44901761940278434
case_sable,0.20000000000000001,13,3.9500000000000002,r0015,38,0.38176592268571424
case_sable,0.20000000000000001,13,3.9500000000000002,r0016,38,0.42933140148365045
case_sable,0.20000000000000001,13,3.9500000000000002,r0017,38,0.39551221543239584
case_sable,0.20000000000000001,13,3.9500000000000002,r0018,38,0.36950656884023791
case_sable,0.20000000000000001,13,3.9500000000000002,r0019,38,0.41191089001360476
case_sable,0.20000000000000001,13,3.9500000000000002,r0020,38,0.32562736286920191
case_sable,0.20000000000000001,13,3.9500000000000002,r0021,38,0.37880376179055231
case_sable,0.20000000000000001,13,3.9500000000000002,r0022,38,0.38201905050188867
case_sable,0.20000000000000001,13,3.9500000000000002,r0023,38,0.44367286462444649
case_sable,0.20000000000000001,13,3.9500000000000002,r0024,38,0.52728227631816971
case_sable,0.20000000000000001,13,3.9500000000000002,r0025,38,0.43529548896624837
case_sable,0.20000000000000001,13,3.9500000000000002,r0026,38,0.43297611989074375
case_sable,0.20000000000000001,13,3.9500000000000002,r0027,38,0.36911248565661797
case_sable,0.20000000000000001,13,3.9500000000000002,r0028,38,0.32449446153957157
case_sable,0.20000000000000001,13,3.9500000000000002,r0029,38,0.35433938493409817
case_sable,0.20000000000000001,13,4.4000000000000004,r0000,38,0.33232972080735201
case_sable,0.20000000000000001,13,4.4000000000000004,r0001,38,0.39521634815838674
case_sable,0.20000000000000001,13,4.4000000000000004,r0002,38,0.35422275710596574
case_sable,0.20000000000000001,13,4.4000000000000004,r0003,38,0.43727252874834255
case_sable,0.20000000000000001,13,4.4000000000000004,r0004,38,0.32844982357990277
case_sable,0.20000000000000001,13,4.4000000000000004,r0005,38,0.4250473396508756
case_sable,0.20000000000000001,13,4.4000000000000004,r0006,38,0.40770880316284891
case_sable,0.20000000000000001,13,4.4000000000000004,r0007,38,0.41960926061470327
case_sable,0.20000000000000001,13,4.4000000000000004,r0008,38,0.34687918199468276
case_sable,0.20000000000000001,13,4.4000000000000004,r0009,38,0.31329225120252679
case_sable,0.20000000000000001,13,4.4000000000000004,r0010,38,0.29597240028797084
case_sable,0.20000000000000001,13,4.4000000000000004,r0011,38,0.42820296815943265
case_sable,0.20000000000000001,13,4.4000000000000004,r0012,38,0.49601689127155862
case_sable,0.20000000000000001,13,4.4000000000000004,r0013,38,0.45990580639339562
case_sable,0.20000000000000001,13,4.4000000000000004,r0014,38,0.47612297423998468
case_sable,0.20000000000000001,13,4.4000000000000004,r0015,38,0.36520851331628729
case_sable,0.20000000000000001,13,4.4000000000000004,r0016,38,0.40249292804059283
case_sable,0.20000000000000001,13,4.4000000000000004,r0017,38,0.39935411617031069
case_sable,0.20000000000000001,13,4.4000000000000004,r0018,38,0.34883876339996922
case_sable,0.20000000000000001,13,4.4000000000000004,r0019,38,0.39021246016376293
case_sable,0.20000000000000001,13,4.4000000000000004,r0020,38,0.37563068394629362
case_sable,0.20000000000000001,13,4.4000000000000004,r0021,38,0.3679778061307038
case_sable,0.20000000000000001,13,4.4000000000000004,r0022,38,0.43507230785665807
case_sable,0.20000000000000001,13,4.4000000000000004,r0023,38,0.34125231094396091
case_sable,0.20000000000000001,13,4.4000000000000004,r0024,38,0.39468391534357361
case_sable,0.20000000000000001,13,4.4000000000000004,r0025,38,0.35443783299673837
case_sable,0.20000000000000001,13,4.4000000000000004,r0026,38,0.35477834139523923
case_sable,0.20000000000000001,13,4.4000000000000004,r0027,38,0.37729633631114845
case_sable,0.20000000000000001,13,4.4000000000000004,r0028,38,0.39727243669306705
case_sable,0.20000000000000001,13,4.4000000000000004,r0029,38,0.41785528946263545
case_sable,0.20000000000000001,13,4.8499999999999996,r0000,38,0.36080038822658561
case_sable,0.20000000000000001,13,4.8499999999999996,r0001,38,0.41412380430788359
case_sable,0.20000000000000001,13,4.8499999999999996,r0002,38,0.42534974195083552
case_sable,0.20000000000000001,13,4.8499999999999996,r0003,38,0.30761985405660697
case_sable,0.20000000000000001,13,4.8499999999999996,r0004,38,0.42580680630356676
case_sable,0.20000000000000001,13,4.8499999999999996,r0005,38,0.28262822590444814
case_sable,0.20000000000000001,13,4.8499999999999996,r0006,38,0.4318637529130222
case_sable,0.20000000000000001,13,4.8499999999999996,r0007,38,0.32787166572762622
case_sable,0.20000000000000001,13,4.8499999999999996,r0008,38,0.40844245001124224
case_sable,0.20000000000000001,13,4.8499999999999996,r0009,38,0.45644387782697926
case_sable,0.20000000000000001,13,4.8499999999999996,r0010,38,0.38404890439620304
case_sable,0.20000000000000001,13,4.8499999999999996,r0011,38,0.36153991516339878
case_sable,0.20000000000000001,13,4.8499999999999996,r0012,38,0.38704590722723803
case_sable,0.20000000000000001,13,4.8499999999999996,r0013,38,0.41053910492386558
case_sable,0.20000000000000001,13,4.8499999999999996,r0014,38,0.37385047214667905
case_sable,0.20000000000000001,13,4.8499999999999996,r0015,38,0.47350185885067519
case_sable,0.20000000000000001,13,4.8499999999999996,r0016,38,0.33827076938771183
case_sable,0.20000000000000001,13,4.8499999999999996,r0017,38,0.43565393001598524
case_sable,0.20000000000000001,13,4.8499999999999996,r0018,38,0.44348472752738755
case_sable,0.20000000000000001,13,4.8499999999999996,r0019,38,0.33044821764115556
case_sable,0.20000000000000001,13,4.8499999999999996,r0020,38,0.31767014342944516
case_sable,0.20000000000000001,13,4.8499999999999996,r0021,38,0.32769779400709942
case_sable,0.20000000000000001,13,4.8499999999999996,r0022,38,0.40625965864984076
case_sable,0.20000000000000001,13,4.8499999999999996,r0023,38,0.41706687615819032
case_sable,0.20000000000000001,13,4.8499999999999996,r0024,38,0.25376251150115381
case_sable,0.20000000000000001,13,4.8499999999999996,r0025,38,0.42957825928690374
case_sable,0.20000000000000001,13,4.8499999999999996,r0026,38,0.41836793717861093
case_sable,0.20000000000000001,13,4.8499999999999996,r0027,38,0.45733440931689939
case_sable,0.20000000000000001,13,4.8499999999999996,r0028,38,0.35597755114001628
case_sable,0.20000000000000001,13,4.8499999999999996,r0029,38,0.456998849461558
case_sable,0.20000000000000001,13,5.2999999999999998,r0000,38,0.33555772711298304
case_sable,0.20000000000000001,13,5.2999999999999998,r0001,38,0.35951508820238565
case_sable,0.20000000000000001,13,5.2999999999999998,r0002,38,0.37455667612729637
case_sable,0.20000000000000001,13,5.2999999999999998,r0003,38,0.39391722346712493
case_sable,0.20000000000000001,13,5.2999999999999998,r0004,38,0.41271854291718774
case_sable,0.20000000000000001,13,5.2999999999999998,r0005,38,0.28778678315090456
case_sable,0.20000000000000001,13,5.2999999999999998,r0006,38,0.32319210326200598
case_sable,0.20000000000000001,13,5.2999999999999998,r0007,38,0.35311329684324139
case_sable,0.20000000000000001,13,5.2999999999999998,r0008,38,0.36296960068092238
case_sable,0.20000000000000001,13,5.2999999999999998,r0009,38,0.42745962465058057
case_sable,0.20000000000000001,13,5.2999999999999998,r0010,38,0.37070215609554413
case_sable,0.20000000000000001,13,5.2999999999999998,r0011,38,0.39494069794326142
case_sable,0.20000000000000001,13,5.2999999999999998,r0012,38,0.34609268765531265
case_sable,0.20000000000000001,13,5.2999999999999998,r0013,38,0.32244296237378195
case_sable,0.20000000000000001,13,5.2999999999999998,r0014,38,0.41218506909383401
case_sable,0.20000000000000001,13,5.2999999999999998,r0015,38,0.35404343630923585
case_sable,0.20000000000000001,13,5.2999999999999998,r0016,38,0.40050124296236844
case_sable,0.20000000000000001,13,5.2999999999999998,r0017,38,0.32851171422124253
case_sable,0.20000000000000001,13,5.2999999999999998,r0018,38,0.39600424031879705
case_sable,0.20000000000000001,13,5.2999999999999998,r0019,38,0.36213640150270654
case_sable,0.20000000000000001,13,5.2999999999999998,r0020,38,0.32124407557800821
case_sable,0.20000000000000001,13,5.2999999999999998,r0021,38,0.33964156517230698
case_sable,0.20000000000000001,13,5.2999999999999998,r0022,38,0.34220843192127065
case_sable,0.20000000000000001,13,5.2999999999999998,r0023,38,0.42091992065248518
case_sable,0.20000000000000001,13,5.2999999999999998,r0024,38,0.34186074592788918
case_sable,0.20000000000000001,13,5.2999999999999998,r0025,38,0.40474154181815258
case_sable,0.20000000000000001,13,5.2999999999999998,r0026,38,0.36947266480007862
case_sable,0.20000000000000001,13,5.2999999999999998,r0027,38,0.39323263823992655
case_sable,0.20000000000000001,13,5.2999999999999998,r0028,38,0.44041844389339291
case_sable,0.20000000000000001,13,5.2999999999999998,r0029,38,0.37582191264237269
case_sable,0.20000000000000001,20,1.7,r0000,24,0.4834379747858939
case_sable,0.20000000000000001,20,1.7,r0001,24,0.62251620702963217
case_sable,0.20000000000000001,20,1.7,r0002,24,0.60059792409320945
case_sable,0.20000000000000001,20,1.7,r0003,24,0.58194766766055939
case_sable,0.20000000000000001,20,1.7,r0004,24,0.49383050890900293
case_sable,0.20000000000000001,20,1.7,r0005,24,0.49076463267284587
case_sable,0.20000000000000001,20,1.7,r0006,24,0.60615137592047419
case_sable,0.20000000000000001,20,1.7,r0007,24,0.43352950437971877
case_sable,0.20000000000000001,20,1.7,r0008,24,0.54936176105485923
case_sable,0.20000000000000001,20,1.7,r0009,24,0.49912944754122185
case_sable,0.20000000000000001,20,1.7,r0010,24,0.47643731344982121
case_sable,0.20000000000000001,20,1.7,r0011,24,0.49208230749860055
case_sable,0.20000000000000001,20,1.7,r0012,24,0.5955520701165522
case_sable,0.20000000000000001,20,1.7,r0013,24,0.43770413025919003
case_sable,0.20000000000000001,20,1.7,r0014,24,0.56246698480987134
case_sable,0.20000000000000001,20,1.7,r0015,24,0.51141613530340713
case_sable,0.20000000000000001,20,1.7,r0016,24,0.54881309193617067
case_sable,0.20000000000000001,20,1.7,r0017,24,0.55952755027051582
case_sable,0.20000000000000001,20,1.7,r0018,24,0.61409648157319852
case_sable,0.20000000000000001,20,1.7,r0019,24,0.51446217066418098
case_sable,0.20000000000000001,20,1.7,r0020,24,0.45690513433348162
case_sable,0.20000000000000001,20,1.7,r0021,24,0.64544697535861939
case_sable,0.20000000000000001,20,1.7,r0022,24,0.45576836238723334
case_sable,0.20000000000000001,20,1.7,r0023,24,0.55412231344006158
case_sable,0.20000000000000001,20,1.7,r0024,24,0.57398151209302528
case_sable,0.20000000000000001,20,1.7,r0025,24,0.45112294145889081
case_sable,0.20000000000000001,20,1.7,r0026,24,0.58466456219495899
case_sable,0.20000000000000001,20,1.7,r0027,24,0.46265640379360945
case_sable,0.20000000000000001,20,1.7,r0028,24,0.51999433087764502
case_sable,0.20000000000000001,20,1.7,r0029,24,0.4879143073519267
case_sable,0.20000000000000001,20,2.1499999999999999,r0000,24,0.42734801296784486
case_sable,0.20000000000000001,20,2.1499999999999999,r0001,24,0.52635937876436945
case_sable,0.20000000000000001,20,2.1499999999999999,r0002,24,0.64960203232810931
case_sable,0.20000000000000001,20,2.1499999999999999,r0003,24,0.60115937420734233
case_sable,0.20000000000000001,20,2.1499999999999999,r0004,24,0.49013435399333138
case_sable,0.20000000000000001,20,2.1499999999999999,r0005,24,0.41407342497633975
case_sable,0.20000000000000001,20,2.1499999999999999,r0006,24,0.53634666192603053
case_sable,0.20000000000000001,20,2.1499999999999999,r0007,24,0.5145996239155366
case_sable,0.20000000000000001,20,2.1499999999999999,r0008,24,0.54373079439997762
case_sable,0.20000000000000001,20,2.1499999999999999,r0009,24,0.54650439631500269
case_sable,0.20000000000000001,20,2.1499999999999999,r0010,24,0.60213189998082106
case_sable,0.20000000000000001,20,2.1499999999999999,r0011,24,0.49647716999881791
case_sable,0.20000000000000001,20,2.1499999999999999,r0012,24,0.61351037972763012
case_sable,0.20000000000000001,20,2.1499999999999999,r0013,24,0.51496582951028247
case_sable,0.20000000000000001,20,2.1499999999999999,r0014,24,0.51428555009950572
case_sable,0.20000000000000001,20,2.1499999999999999,r0015,24,0.55335849790711999
case_sable,0.20000000000000001,20,2.1499999999999999,r0016,24,0.50377962859459346
case_sable,0.20000000000000001,20,2.1499999999999999,r0017,24,0.51109120360260774
case_sable,0.20000000000000001,20,2.1499999999999999,r0018,24,0.65375692500430171
case_sable,0.20000000000000001,20,2.1499999999999999,r0019,24,0.46451509873906444
case_sable,0.20000000000000001,20,2.1499999999999999,r0020,24,0.49940754968223061
case_sable,0.20000000000000001,20,2.1499999999999999,r0021,24,0.50803268394722945
case_sable,0.20000000000000001,20,2.1499999999999999,r0022,24,0.55319756360608474
case_sable,0.20000000000000001,20,2.1499999999999999,r0023,24,0.48191595378159519
case_sable,0.20000000000000001,20,2.1499999999999999,r0024,24,0.50775016075883617
case_sable,0.20000000000000001,20,2.1499999999999999,r0025,24,0.59581495403833673
case_sable,0.20000000000000001,20,2.1499999999999999,r0026,24,0.62748166230160562
case_sable,0.20000000000000001,20,2.1499999999999999,r0027,24,0.51422356805963043
case_sable,0.20000000000000001,20,2.1499999999999999,r0028,24,0.50040051684900544
case_sable,0.20000000000000001,20,2.1499999999999999,r0029,24,0.43768980689542619
case_sable,0.20000000000000001,20,2.6000000000000001,r0000,24,0.54260258883371404
case_sable,0.20000000000000001,20,2.6000000000000001,r0001,24,0.51916195337302695
case_sable,0.20000000000000001,20,2.6000000000000001,r0002,24,0.57352451064038323
case_sable,0.20000000000000001,20,2.6000000000000001,r0003,24,0.56400407774608219
case_sable,0.20000000000000001,20,2.6000000000000001,r0004,24,0.50185640387294295
case_sable,0.20000000000000001,20,2.6000000000000001,r0005,24,0.48229954343968401
case_sable,0.20000000000000001,20,2.6000000000000001,r0006,24,0.58880343017508141
case_sable,0.20000000000000001,20,2.6000000000000001,r0007,24,0.59262063402470566
case_sable,0.20000000000000001,20,2.6000000000000001,r0008,24,0.53411876419358173
case_sable,0.20000000000000001,20,2.6000000000000001,r0009,24,0.5450919324221305
case_sable,0.20000000000000001,20,2.6000000000000001,r0010,24,0.39512057170682874
case_sable,0.20000000000000001,20,2.6000000000000001,r0011,24,0.52793242515595973
case_sable,0.20000000000000001,20,2.6000000000000001,r0012,24,0.48382874230317813
case_sable,0.20000000000000001,20,2.6000000000000001,r0013,24,0.50626133492112257
case_sable,0.20000000000000001,20,2.6000000000000001,r0014,24,0.46825614952489558
case_sable,0.20000000000000001,20,2.6000000000000001,r0015,24,0.50530045546613644
case_sable,0.20000000000000001,20,2.6000000000000001,r0016,24,0.50189733570181705
case_sable,0.20000000000000001,20,2.6000000000000001,r0017,24,0.49946059790039882
case_sable,0.20000000000000001,20,2.6000000000000001,r0018,24,0.56178108867173993
case_sable,0.20000000000000001,20,2.6000000000000001,r0019,24,0.51856443510044736
case_sable,0.20000000000000001,20,2.6000000000000001,r0020,24,0.51478423031935006
case_sable,0.20000000000000001,20,2.6000000000000001,r0021,24,0.51208346417366146
case_sable,0.20000000000000001,20,2.6000000000000001,r0022,24,0.61520325162206069
case_sable,0.20000000000000001,20,2.6000000000000001,r0023,24,0.48641500804425669
case_sable,0.20000000000000001,20,2.6000000000000001,r0024,24,0.52619093120175087
case_sable,0.20000000000000001,20,2.6000000000000001,r0025,24,0.57097105253227243
case_sable,0.20000000000000001,20,2.6000000000000001,r0026,24,0.59236482058503359
case_sable,0.20000000000000001,20,2.6000000000000001,r0027,24,0.58507377998513488
case_sable,0.20000000000000001,20,2.6000000000000001,r0028,24,0.52411971017627412
case_sable,0.20000000000000001,20,2.6000000000000001,r0029,24,0.62222680145158094
case_sable,0.20000000000000001,20,3.0499999999999998,r0000,24,0.51258843515986496
case_sable,0.20000000000000001,20,3.0499999999999998,r0001,24,0.5159468551852564
case_sable,0.20000000000000001,20,3.0499999999999998,r0002,24,0.51287815055803454
case_sable,0.20000000000000001,20,3.0499999999999998,r0003,24,0.53102854863588966
case_sable,0.20000000000000001,20,3.0499999999999998,r0004,24,0.59258564768353972
case_sable,0.20000000000000001,20,3.0499999999999998,r0005,24,0.50689907884191765
case_sable,0.20000000000000001,20,3.0499999999999998,r0006,24,0.39470151988125729
case_sable,0.20000000000000001,20,3.0499999999999998,r0007,24,0.53450735472235622
case_sable,0.20000000000000001,20,3.0499999999999998,r0008,24,0.65639729813344805
case_sable,0.20000000000000001,20,3.0499999999999998,r0009,24,0.47592466019928326
case_sable,0.20000000000000001,20,3.0499999999999998,r0010,24,0.59216620381170915
case_sable,0.20000000000000001,20,3.0499999999999998,r0011,24,0.52042426283835386
case_sable,0.20000000000000001,20,3.0499999999999998,r0012,24,0.48953202755822733
case_sable,0.20000000000000001,20,3.0499999999999998,r0013,24,0.44438216279854714
case_sable,0.20000000000000001,20,3.0499999999999998,r0014,24,0.46490981351244881
case_sable,0.20000000000000001,20,3.0499999999999998,r0015,24,0.5680563630462373
case_sable,0.20000000000000001,20,3.0499999999999998,r0016,24,0.469224202049217
case_sable,0.20000000000000001,20,3.0499999999999998,r0017,24,0.49185808547312854
case_sable,0.20000000000000001,20,3.0499999999999998,r0018,24,0.45914055615386068
case_sable,0.20000000000000001,20,3.0499999999999998,r0019,24,0.47567797214942936
case_sable,0.20000000000000001,20,3.0499999999999998,r0020,24,0.52347901866769442
case_sable,0.20000000000000001,20,3.0499999999999998,r0021,24,0.63650687275627404
case_sable,0.20000000000000001,20,3.0499999999999998,r0022,24,0.52467991387576784
case_sable,0.20000000000000001,20,3.0499999999999998,r0023,24,0.53616926506267937
case_sable,0.20000000000000001,20,3.0499999999999998,r0024,24,0.41597728839814468
case_sable,0.20000000000000001,20,3.0499999999999998,r0025,24,0.47912965325615192
case_sable,0.20000000000000001,20,3.0499999999999998,r0026,24,0.49706296229323516
case_sable,0.20000000000000001,20,3.0499999999999998,r0027,24,0.58550851069273913
case_sable,0.20000000000000001,20,3.0499999999999998,r0028,24,0.47012382141548698
case_sable,0.20000000000000001,20,3.0499999999999998,r0029,24,0.66053018165654365
case_sable,0.20000000000000001,20,3.5,r0000,38,0.41045754668273138
case_sable,0.20000000000000001,20,3.5,r0001,38,0.39101022313632466
case_sable,0.20000000000000001,20,3.5,r0002,38,0.34023942607067537
case_sable,0.20000000000000001,20,3.5,r0003,38,0.37002584494545998
case_sable,0.20000000000000001,20,3.5,r0004,38,0.33278856521368094
case_sable,0.20000000000000001,20,3.5,r0005,38,0.40788565997424309
case_sable,0.20000000000000001,20,3.5,r0006,38,0.37393706710945668
case_sable,0.20000000000000001,20,3.5,r0007,38,0.35928051636831571
case_sable,0.20000000000000001,20,3.5,r0008,38,0.3444777762339567
case_sable,0.20000000000000001,20,3.5,r0009,38,0.44310269906808325
case_sable,0.20000000000000001,20,3.5,r0010,38,0.44850648451417957
case_sable,0.20000000000000001,20,3.5,r0011,38,0.40223969775614082
case_sable,0.20000000000000001,20,3.5,r0012,38,0.42239010102400942
case_sable,0.20000000000000001,20,3.5,r0013,38,0.35007254018085204
case_sable,0.20000000000000001,20,3.5,r0014,38,0.33716401810574581
case_sable,0.20000000000000001,20,3.5,r0015,38,0.32948900865040814
case_sable,0.20000000000000001,20,3.5,r0016,38,0.45375307364721623
case_sable,0.20000000000000001,20,3.5,r0017,38,0.39452786704158005
case_sable,0.20000000000000001,20,3.5,r0018,38,0.45003900982354944
case_sable,0.20000000000000001,20,3.5,r0019,38,0.37269093177921669
case_sable,0.20000000000000001,20,3.5,r0020,38,0.33718525637900637
case_sable,0.20000000000000001,20,3.5,r0021,38,0.37947296052435542
case_sable,0.20000000000000001,20,3.5,r0022,38,0.44270688747458864
case_sable,0.20000000000000001,20,3.5,r0023,38,0.39798664633861291
case_sable,0.20000000000000001,20,3.5,r0024,38,0.28097555693239384
case_sable,0.20000000000000001,20,3.5,r0025,38,0.36271100126973266
case_sable,0.20000000000000001,20,3.5,r0026,38,0.41211596622827235
case_sable,0.20000000000000001,20,3.5,r0027,38,0.39995195128402095
case_sable,0.20000000000000001,20,3.5,r0028,38,0.39142146070017264
case_sable,0.20000000000000001,20,3.5,r0029,38,0.4230735888788536
case_sable,0.20000000000000001,20,3.9500000000000002,r0000,38,0.42337431312154034
case_sable,0.20000000000000001,20,3.9500000000000002,r0001,38,0.39919371519520364
case_sable,0.20000000000000001,20,3.9500000000000002,r0002,38,0.33944122094841012
case_sable,0.20000000000000001,20,3.9500000000000002,r0003,38,0.37181466992176232
case_sable,0.20000000000000001,20,3.9500000000000002,r0004,38,0.44198825191296259
case_sable,0.20000000000000001,20,3.9500000000000002,r0005,38,0.38705262228696552
case_sable,0.20000000000000001,20,3.9500000000000002,r0006,38,0.37620565993396649
case_sable,0.20000000000000001,20,3.9500000000000002,r0007,38,0.33015678797790732
case_sable,0.20000000000000001,20,3.9500000000000002,r0008,38,0.3193906064455625
case_sable,0.20000000000000001,20,3.9500000000000002,r0009,38,0.3500424064368593
case_sable,0.20000000000000001,20,3.9500000000000002,r0010,38,0.38276389485515794
case_sable,0.20000000000000001,20,3.9500000000000002,r0011,38,0.41527458213432933
case_sable,0.20000000000000001,20,3.9500000000000002,r0012,38,0.36530870741564792
case_sable,0.20000000000000001,20,3.9500000000000002,r0013,38,0.44168251156177191
case_sable,0.20000000000000001,20,3.9500000000000002,r0014,38,0.35564090942510684
case_sable,0.20000000000000001,20,3.9500000000000002,r0015,38,0.3912110359061618
case_sable,0.20000000000000001,20,3.9500000000000002,r0016,38,0.35640555032998078
case_sable,0.20000000000000001,20,3.9500000000000002,r0017,38,0.29240943105470185
case_sable,0.20000000000000001,20,3.9500000000000002,r0018,38,0.45068266084859099
case_sable,0.20000000000000001,20,3.9500000000000002,r0019,38,0.42801019170312865
case_sable,0.20000000000000001,20,3.9500000000000002,r0020,38,0.47457578965721003
case_sable,0.20000000000000001,20,3.9500000000000002,r0021,38,0.32594877534446703
case_sable,0.20000000000000001,20,3.9500000000000002,r0022,38,0.44315839593763462
case_sable,0.20000000000000001,20,3.9500000000000002,r0023,38,0.33957899789283613
case_sable,0.20000000000000001,20,3.9500000000000002,r0024,38,0.43429360324963034
case_sable,0.20000000000000001,20,3.9500000000000002,r0025,38,0.43306140101034662
case_sable,0.20000000000000001,20,3.9500000000000002,r0026,38,0.45675129453858571
case_sable,0.20000000000000001,20,3.9500000000000002,r0027,38,0.51999079596771747
case_sable,0.20000000000000001,20,3.9500000000000002,r0028,38,0.38755931741476368
case_sable,0.20000000000000001,20,3.9500000000000002,r0029,38,0.37643280971102827
case_sable,0.20000000000000001,20,4.4000000000000004,r0000,38,0.49780528728137918
case_sable,0.20000000000000001,20,4.4000000000000004,r0001,38,0.38072254426423485
case_sable,0.20000000000000001,20,4.4000000000000004,r0002,38,0.36597357509081568
case_sable,0.20000000000000001,20,4.4000000000000004,r0003,38,0.395341765882329
case_sable,0.20000000000000001,20,4.4000000000000004,r0004,38,0.33529897509361195
case_sable,0.20000000000000001,20,4.4000000000000004,r0005,38,0.43415071134029826
case_sable,0.20000000000000001,20,4.4000000000000004,r0006,38,0.35117826031584903
case_sable,0.20000000000000001,20,4.4000000000000004,r0007,38,0.33065446499513002
case_sable,0.20000000000000001,20,4.4000000000000004,r0008,38,0.43424643622468456
case_sable,0.20000000000000001,20,4.4000000000000004,r0009,38,0.29765302725089632
case_sable,0.20000000000000001,20,4.4000000000000004,r0010,38,0.43372008683963942
case_sable,0.20000000000000001,20,4.4000000000000004,r0011,38,0.40996168821554363
case_sable,0.20000000000000001,20,4.4000000000000004,r0012,38,0.46255542721666443
case_sable,0.20000000000000001,20,4.4000000000000004,r0013,38,0.35293805842552478
case_sable,0.20000000000000001,20,4.4000000000000004,r0014,38,0.30117474619941714
case_sable,0.20000000000000001,20,4.4000000000000004,r0015,38,0.37961408475788838
case_sable,0.20000000000000001,20,4.4000000000000004,r0016,38,0.45289041295368454
case_sable,0.20000000000000001,20,4.4000000000000004,r0017,38,0.38159497079408272
case_sable,0.20000000000000001,20,4.4000000000000004,r0018,38,0.35974037394343367
case_sable,0.20000000000000001,20,4.4000000000000004,r0019,38,0.37001304419851522
case_sable,0.20000000000000001,20,4.4000000000000004,r0020,38,0.34759407656696051
case_sable,0.20000000000000001,20,4.4000000000000004,r0021,38,0.29924377087371062
case_sable,0.20000000000000001,20,4.4000000000000004,r0022,38,0.37449254739580967
case_sable,0.20000000000000001,20,4.4000000000000004,r0023,38,0.43353401914883188
case_sable,0.20000000000000001,20,4.4000000000000004,r0024,38,0.39561774339874806
case_sable,0.20000000000000001,20,4.4000000000000004,r0025,38,0.4415453201574463
case_sable,0.20000000000000001,20,4.4000000000000004,r0026,38,0.41356910094301985
case_sable,0.20000000000000001,20,4.4000000000000004,r0027,38,0.31221348535560106
case_sable,0.20000000000000001,20,4.4000000000000004,r0028,38,0.30699039207736062
case_sable,0.20000000000000001,20,4.4000000000000004,r0029,38,0.33928786985770271
case_sable,0.20000000000000001,20,4.8499999999999996,r0000,38,0.30980595984190024
case_sable,0.20000000000000001,20,4.8499999999999996,r0001,38,0.31042118406805314
case_sable,0.20000000000000001,20,4.8499999999999996,r0002,38,0.30724989872577008
case_sable,0.20000000000000001,20,4.8499999999999996,r0003,38,0.43630360553907804
case_sable,0.20000000000000001,20,4.8499999999999996,r0004,38,0.35920440310459473
case_sable,0.20000000000000001,20,4.8499999999999996,r0005,38,0.32624728806666481
case_sable,0.20000000000000001,20,4.8499999999999996,r0006,38,0.34460342981253594
case_sable,0.20000000000000001,20,4.8499999999999996,r0007,38,0.34621521594226268
case_sable,0.20000000000000001,20,4.8499999999999996,r0008,38,0.36655448084447695
case_sable,0.20000000000000001,20,4.8499999999999996,r0009,38,0.36303928982306044
case_sable,0.20000000000000001,20,4.8499999999999996,r0010,38,0.28944455263295538
case_sable,0.20000000000000001,20,4.8499999999999996,r0011,38,0.4597467954592851
case_sable,0.20000000000000001,20,4.8499999999999996,r0012,38,0.39597925058327987
case_sable,0.20000000000000001,20,4.8499999999999996,r0013,38,0.35204168439425482
case_sable,0.20000000000000001,20,4.8499999999999996,r0014,38,0.40489054570946337
case_sable,0.20000000000000001,20,4.8499999999999996,r0015,38,0.38009855114053243
case_sable,0.20000000000000001,20,4.8499999999999996,r0016,38,0.36389184061769358
case_sable,0.20000000000000001,20,4.8499999999999996,r0017,38,0.45836060261945838
case_sable,0.20000000000000001,20,4.8499999999999996,r0018,38,0.36013333314212376
case_sable,0.20000000000000001,20,4.8499999999999996,r0019,38,0.3627063216708466
case_sable,0.20000000000000001,20,4.8499999999999996,r0020,38,0.27536323620493802
case_sable,0.20000000000000001,20,4.8499999999999996,r0021,38,0.44022252926636263
case_sable,0.20000000000000001,20,4.8499999999999996,r0022,38,0.35967678637470951
case_sable,0.20000000000000001,20,4.8499999999999996,r0023,38,0.35021265900728993
case_sable,0.20000000000000001,20,4.8499999999999996,r0024,38,0.36197784946971406
case_sable,0.20000000000000001,20,4.8499999999999996,r0025,38,0.37754897306530266
case_sable,0.20000000000000001,20,4.8499999999999996,r0026,38,0.38782040973336229
case_sable,0.20000000000000001,20,4.8499999999999996,r0027,38,0.38675548358015349
case_sable,0.20000000000000001,20,4.8499999999999996,r0028,38,0.33729731643267291
case_sable,0.20000000000000001,20,4.8499999999999996,r0029,38,0.35485799888465575
case_sable,0.20000000000000001,20,5.2999999999999998,r0000,38,0.44357578166148631
case_sable,0.20000000000000001,20,5.2999999999999998,r0001,38,0.40781978454156265
case_sable,0.20000000000000001,20,5.2999999999999998,r0002,38,0.46970470807447962
case_sable,0.20000000000000001,20,5.2999999999999998,r0003,38,0.34854801963752358
case_sable,0.20000000000000001,20,5.2999999999999998,r0004,38,0.39678055862709172
case_sable,0.20000000000000001,20,5.2999999999999998,r0005,38,0.34826222912743338
case_sable,0.20000000000000001,20,5.2999999999999998,r0006,38,0.37491498401176537
case_sable,0.20000000000000001,20,5.2999999999999998,r0007,38,0.40551671985325688
case_sable,0.20000000000000001,20,5.2999999999999998,r0008,38,0.3669904489176693
case_sable,0.20000000000000001,20,5.2999999999999998,r0009,38,0.32057493728166525
case_sable,0.20000000000000001,20,5.2999999999999998,r0010,38,0.39012384864598726
case_sable,0.20000000000000001,20,5.2999999999999998,r0011,38,0.43414420085778582
case_sable,0.20000000000000001,20,5.2999999999999998,r0012,38,0.35697502168641643
case_sable,0.20000000000000001,20,5.2999999999999998,r0013,38,0.45011049784759977
case_sable,0.20000000000000001,20,5.2999999999999998,r0014,38,0.35178973386107676
case_sable,0.20000000000000001,20,5.2999999999999998,r0015,38,0.35747072499595589
case_sable,0.20000000000000001,20,5.2999999999999998,r0016,38,0.28538641493088407
case_sable,0.20000000000000001,20,5.2999999999999998,r0017,38,0.47275633105088516
case_sable,0.20000000000000001,20,5.2999999999999998,r0018,38,0.41996460200559627
case_sable,0.20000000000000001,20,5.2999999999999998,r0019,38,0.35946238925287566
case_sable,0.20000000000000001,20,5.2999999999999998,r0020,38,0.39707562930061091
case_sable,0.20000000000000001,20,5.2999999999999998,r0021,38,0.39860542370152086
case_sable,0.20000000000000001,20,5.2999999999999998,r0022,38,0.29216989314286229
case_sable,0.20000000000000001,20,5.2999999999999998,r0023,38,0.42905460665032835
case_sable,0.20000000000000001,20,5.2999999999999998,r0024,38,0.33013763770379589
case_sable,0.20000000000000001,20,5.2999999999999998,r0025,38,0.4240989378820707
case_sable,0.20000000000000001,20,5.2999999999999998,r0026,38,0.3312901563637704
case_sable,0.20000000000000001,20,5.2999999999999998,r0027,38,0.34039409534981957
case_sable,0.20000000000000001,20,5.2999999999999998,r0028,38,0.35157777107767496
case_sable,0.20000000000000001,20,5.2999999999999998,r0029,38,0.38124298244262061
case_sable,0.20000000000000001,29,1.7,r0000,24,0.58100533479975747
case_sable,0.20000000000000001,29,1.7,r0001,24,0.52014934659179535
case_sable,0.20000000000000001,29,1.7,r0002,24,0.50767737459547935
case_sable,0.20000000000000001,29,1.7,r0003,24,0.49555977857259542
case_sable,0.20000000000000001,29,1.7,r0004,24,0.56359973334018909
case_sable,0.20000000000000001,29,1.7,r0005,24,0.46075405181535611
case_sable,0.20000000000000001,29,1.7,r0006,24,0.51121526395368266
case_sable,0.20000000000000001,29,1.7,r0007,24,0.54434904450928878
case_sable,0.20000000000000001,29,1.7,r0008,24,0.46129553824996544
case_sable,0.20000000000000001,29,1.7,r0009,24,0.46596634623341632
case_sable,0.20000000000000001,29,1.7,r0010,24,0.54961480508164839
case_sable,0.20000000000000001,29,1.7,r0011,24,0.47949783988795419
case_sable,0.20000000000000001,29,1.7,r0012,24,0.6029770064536385
case_sable,0.20000000000000001,29,1.7,r0013,24,0.50978851430313121
case_sable,0.20000000000000001,29,1.7,r0014,24,0.52937047793467196
case_sable,0.20000000000000001,29,1.7,r0015,24,0.57480417563251551
case_sable,0.20000000000000001,29,1.7,r0016,24,0.53032480823513228
case_sable,0.20000000000000001,29,1.7,r0017,24,0.45550293315894114
case_sable,0.20000000000000001,29,1.7,r0018,24,0.5103923648981763
case_sable,0.20000000000000001,29,1.7,r0019,24,0.56015320182194717
case_sable,0.20000000000000001,29,1.7,r0020,24,0.56447982916925099
case_sable,0.20000000000000001,29,1.7,r0021,24,0.47624977331637863
case_sable,0.20000000000000001,29,1.7,r0022,24,0.41651413343012372
case_sable,0.20000000000000001,29,1.7,r0023,24,0.55610169790317088
case_sable,0.20000000000000001,29,1.7,r0024,24,0.61477631069420835
case_sable,0.20000000000000001,29,1.7,r0025,24,0.56017531831087919
case_sable,0.20000000000000001,29,1.7,r0026,24,0.50339287762509699
case_sable,0.20000000000000001,29,1.7,r0027,24,0.55338123758728042
case_sable,0.20000000000000001,29,1.7,r0028,24,0.46575138808640676
case_sable,0.20000000000000001,29,1.7,r0029,24,0.50196157776421957
case_sable,0.20000000000000001,29,2.1499999999999999,r0000,24,0.4795471404742177
case_sable,0.20000000000000001,29,2.1499999999999999,r0001,24,0.50427941406391474
case_sable,0.20000000000000001,29,2.1499999999999999,r0002,24,0.44948772566457246
case_sable,0.20000000000000001,29,2.1499999999999999,r0003,24,0.58936904233087217
case_sable,0.20000000000000001,29,2.1499999999999999,r0004,24,0.59401152715541483
case_sable,0.20000000000000001,29,2.1499999999999999,r0005,24,0.46430155879457585
case_sable,0.20000000000000001,29,2.1499999999999999,r0006,24,0.4549444521445643
case_sable,0.20000000000000001,29,2.1499999999999999,r0007,24,0.56505025553489174
case_sable,0.20000000000000001,29,2.1499999999999999,r0008,24,0.45500649301234181
case_sable,0.20000000000000001,29,2.1499999999999999,r0009,24,0.55339307853798836
case_sable,0.20000000000000001,29,2.1499999999999999,r0010,24,0.52956172054804906
case_sable,0.20000000000000001,29,2.1499999999999999,r0011,24,0.56095020298650866
case_sable,0.20000000000000001,29,2.1499999999999999,r0012,24,0.50495262024480059
case_sable,0.20000000000000001,29,2.1499999999999999,r0013,24,0.56531604348473585
case_sable,0.20000000000000001,29,2.1499999999999999,r0014,24,0.43046826676704691
case_sable,0.20000000000000001,29,2.1499999999999999,r0015,24,0.58339717281004744
case_sable,0.20000000000000001,29,2.1499999999999999,r0016,24,0.62470311143420076
case_sable,0.20000000000000001,29,2.1499999999999999,r0017,24,0.52556926082067601
case_sable,0.20000000000000001,29,2.1499999999999999,r0018,24,0.52793306237693927
case_sable,0.20000000000000001,29,2.1499999999999999,r0019,24,0.51380067137545804
case_sable,0.20000000000000001,29,2.1499999999999999,r0020,24,0.51166113377524625
case_sable,0.20000000000000001,29,2.1499999999999999,r0021,24,0.57357370003414676
case_sable,0.20000000000000001,29,2.1499999999999999,r0022,24,0.5278081811982126
case_sable,0.20000000000000001,29,2.1499999999999999,r0023,24,0.58911829698828544
case_sable,0.20000000000000001,29,2.1499999999999999,r0024,24,0.64693356565262039
case_sable,0.20000000000000001,29,2.1499999999999999,r0025,24,0.47766683060598697
case_sable,0.20000000000000001,29,2.1499999999999999,r0026,24,0.55817323845630695
case_sable,0.20000000000000001,29,2.1499999999999999,r0027,24,0.58414668839179207
case_sable,0.20000000000000001,29,2.1499999999999999,r0028,24,0.53084911406856861
case_sable,0.20000000000000001,29,2.1499999999999999,r0029,24,0.50744012131838578
case_sable,0.20000000000000001,29,2.6000000000000001,r0000,24,0.34583759565934108
case_sable,0.20000000000000001,29,2.6000000000000001,r0001,24,0.50919733896493569
case_sable,0.20000000000000001,29,2.6000000000000001,r0002,24,0.51842283470505468
case_sable,0.20000000000000001,29,2.6000000000000001,r0003,24,0.51345880303953717
case_sable,0.20000000000000001,29,2.6000000000000001,r0004,24,0.54799175006622669
case_sable,0.20000000000000001,29,2.6000000000000001,r0005,24,0.43740460529274428
case_sable,0.20000000000000001,29,2.6000000000000001,r0006,24,0.55376839051312821
case_sable,0.20000000000000001,29,2.6000000000000001,r0007,24,0.52784566005459166
case_sable,0.20000000000000001,29,2.6000000000000001,r0008,24,0.54122869933265649
case_sable,0.20000000000000001,29,2.6000000000000001,r0009,24,0.4313173533053356
case_sable,0.20000000000000001,29,2.6000000000000001,r0010,24,0.58148321231615163
case_sable,0.20000000000000001,29,2.6000000000000001,r0011,24,0.60801879313989593
case_sable,0.20000000000000001,29,2.6000000000000001,r0012,24,0.53622079965231984
case_sable,0.20000000000000001,29,2.6000000000000001,r0013,24,0.62094780064227562
case_sable,0.20000000000000001,29,2.6000000000000001,r0014,24,0.44710848494290883
case_sable,0.20000000000000001,29,2.6000000000000001,r0015,24,0.46248051402450724
case_sable,0.20000000000000001,29,2.6000000000000001,r0016,24,0.59625294110126426
case_sable,0.20000000000000001,29,2.6000000000000001,r0017,24,0.47145784706626087
case_sable,0.20000000000000001,29,2.6000000000000001,r0018,24,0.55944805123534047
case_sable,0.20000000000000001,29,2.6000000000000001,r0019,24,0.52439401156223464
case_sable,0.20000000000000001,29,2.6000000000000001,r0020,24,0.53055058780949549
case_sable,0.20000000000000001,29,2.6000000000000001,r0021,24,0.65997277361369555
case_sable,0.20000000000000001,29,2.6000000000000001,r0022,24,0.56129554627531297
case_sable,0.20000000000000001,29,2.6000000000000001,r0023,24,0.54580732896387751
case_sable,0.20000000000000001,29,2.6000000000000001,r0024,24,0.6184519913009493
case_sable,0.20000000000000001,29,2.6000000000000001,r0025,24,0.48937086936550483
case_sable,0.20000000000000001,29,2.6000000000000001,r0026,24,0.47489162911095906
case_sable,0.20000000000000001,29,2.6000000000000001,r0027,24,0.44782856469537596
case_sable,0.20000000000000001,29,2.6000000000000001,r0028,24,0.52399366176571249
case_sable,0.20000000000000001,29,2.6000000000000001,r0029,24,0.58715344596027419
case_sable,0.20000000000000001,29,3.0499999999999998,r0000,24,0.61530938754638942
case_sable,0.20000000000000001,29,3.0499999999999998,r0001,24,0.54108408938494768
case_sable,0.20000000000000001,29,3.0499999999999998,r0002,24,0.54856971914902397
case_sable,0.20000000000000001,29,3.0499999999999998,r0003,24,0.53246150645739843
case_sable,0.20000000000000001,29,3.0499999999999998,r0004,24,0.54657803060653543
case_sable,0.20000000000000001,29,3.0499999999999998,r0005,24,0.54613531364587964
case_sable,0.20000000000000001,29,3.0499999999999998,r0006,24,0.44502579110497059
case_sable,0.20000000000000001,29,3.0499999999999998,r0007,24,0.56621285423119794
case_sable,0.20000000000000001,29,3.0499999999999998,r0008,24,0.54366949850659807
case_sable,0.20000000000000001,29,3.0499999999999998,r0009,24,0.52769264195403121
case_sable,0.20000000000000001,29,3.0499999999999998,r0010,24,0.60804999516713332
case_sable,0.20000000000000001,29,3.0499999999999998,r0011,24,0.52258373539690506
case_sable,0.20000000000000001,29,3.0499999999999998,r0012,24,0.58164679509910788
case_sable,0.20000000000000001,29,3.0499999999999998,r0013,24,0.51175816714322497
case_sable,0.20000000000000001,29,3.0499999999999998,r0014,24,0.60652468337314902
case_sable,0.20000000000000001,29,3.0499999999999998,r0015,24,0.5346145837921068
case_sable,0.20000000000000001,29,3.0499999999999998,r0016,24,0.4972061360527999
case_sable,0.20000000000000001,29,3.0499999999999998,r0017,24,0.53489309210616109
case_sable,0.20000000000000001,29,3.0499999999999998,r0018,24,0.55665024401681829
case_sable,0.20000000000000001,29,3.0499999999999998,r0019,24,0.51398176624397374
case_sable,0.20000000000000001,29,3.0499999999999998,r0020,24,0.65794199068993298
case_sable,0.20000000000000001,29,3.0499999999999998,r0021,24,0.60341352766775158
case_sable,0.20000000000000001,29,3.0499999999999998,r0022,24,0.47765433129697182
case_sable,0.20000000000000001,29,3.0499999999999998,r0023,24,0.53638139605181268
case_sable,0.20000000000000001,29,3.0499999999999998,r0024,24,0.55523515348483743
case_sable,0.20000000000000001,29,3.0499999999999998,r0025,24,0.53447010591062183
case_sable,0.20000000000000001,29,3.0499999999999998,r0026,24,0.54210002732425722
case_sable,0.20000000000000001,29,3.0499999999999998,r0027,24,0.54606902398113277
case_sable,0.20000000000000001,29,3.0499999999999998,r0028,24,0.5013166280574245
case_sable,0.20000000000000001,29,3.0499999999999998,r0029,24,0.54770618506220192
case_sable,0.20000000000000001,29,3.5,r0000,38,0.39234854770902799
case_sable,0.20000000000000001,29,3.5,r0001,38,0.3393462628246855
case_sable,0.20000000000000001,29,3.5,r0002,38,0.37538545085028485
case_sable,0.20000000000000001,29,3.5,r0003,38,0.39973319393366602
case_sable,0.20000000000000001,29,3.5,r0004,38,0.40943923205707106
case_sable,0.20000000000000001,29,3.5,r0005,38,0.43495979718021549
case_sable,0.20000000000000001,29,3.5,r0006,38,0.4032847661643989
case_sable,0.20000000000000001,29,3.5,r0007,38,0.37416029825586972
case_sable,0.20000000000000001,29,3.5,r0008,38,0.40579685800437915
case_sable,0.20000000000000001,29,3.5,r0009,38,0.33771064291365471
case_sable,0.20000000000000001,29,3.5,r0010,38,0.28907369403703015
case_sable,0.20000000000000001,29,3.5,r0011,38,0.38727042608567508
case_sable,0.20000000000000001,29,3.5,r0012,38,0.38028702871741449
case_sable,0.20000000000000001,29,3.5,r0013,38,0.36866905394092797
case_sable,0.20000000000000001,29,3.5,r0014,38,0.39734363010574403
case_sable,0.20000000000000001,29,3.5,r0015,38,0.33916372238394998
case_sable,0.20000000000000001,29,3.5,r0016,38,0.3937957435461461
case_sable,0.20000000000000001,29,3.5,r0017,38,0.45547936762625379
case_sable,0.20000000000000001,29,3.5,r0018,38,0.40979582103519757
case_sable,0.20000000000000001,29,3.5,r0019,38,0.46261884917713286
case_sable,0.20000000000000001,29,3.5,r0020,38,0.38884982537986212
case_sable,0.20000000000000001,29,3.5,r0021,38,0.29874324972486543
case_sable,0.20000000000000001,29,3.5,r0022,38,0.42951322498766054
case_sable,0.20000000000000001,29,3.5,r0023,38,0.38277944903682198
case_sable,0.20000000000000001,29,3.5,r0024,38,0.28636125588227623
case_sable,0.20000000000000001,29,3.5,r0025,38,0.41369424134105048
case_sable,0.20000000000000001,29,3.5,r0026,38,0.43603501866140115
case_sable,0.20000000000000001,29,3.5,r0027,38,0.31537821364144492
case_sable,0.20000000000000001,29,3.5,r0028,38,0.2856119628166362
case_sable,0.20000000000000001,29,3.5,r0029,38,0.26093980402543021
case_sable,0.20000000000000001,29,3.9500000000000002,r0000,38,0.37245505144225372
case_sable,0.20000000000000001,29,3.9500000000000002,r0001,38,0.35801727498258001
case_sable,0.20000000000000001,29,3.9500000000000002,r0002,38,0.38278701781601326
case_sable,0.20000000000000001,29,3.9500000000000002,r0003,38,0.36438123638320435
case_sable,0.20000000000000001,29,3.9500000000000002,r0004,38,0.41066093387826547
case_sable,0.20000000000000001,29,3.9500000000000002,r0005,38,0.35372307379640056
case_sable,0.20000000000000001,29,3.9500000000000002,r0006,38,0.38865863621260704
case_sable,0.20000000000000001,29,3.9500000000000002,r0007,38,0.41013897799249355
case_sable,0.20000000000000001,29,3.9500000000000002,r0008,38,0.35715890047441495
case_sable,0.20000000000000001,29,3.9500000000000002,r0009,38,0.39366038343009019
case_sable,0.20000000000000001,29,3.9500000000000002,r0010,38,0.42226409080730393
case_sable,0.20000000000000001,29,3.9500000000000002,r0011,38,0.39631514057297235
case_sable,0.20000000000000001,29,3.9500000000000002,r0012,38,0.41642077504990049
case_sable,0.20000000000000001,29,3.9500000000000002,r0013,38,0.29657428922331946
case_sable,0.20000000000000001,29,3.9500000000000002,r0014,38,0.37918719635193981
case_sable,0.20000000000000001,29,3.9500000000000002,r0015,38,0.33473580641222045
case_sable,0.20000000000000001,29,3.9500000000000002,r0016,38,0.34567744467752209
case_sable,0.20000000000000001,29,3.9500000000000002,r0017,38,0.34778376225034385
case_sable,0.20000000000000001,29,3.9500000000000002,r0018,38,0.49565739210008941
case_sable,0.20000000000000001,29,3.9500000000000002,r0019,38,0.39734631817311838
case_sable,0.20000000000000001,29,3.9500000000000002,r0020,38,0.31256561770328972
case_sable,0.20000000000000001,29,3.9500000000000002,r0021,38,0.44347649189614491
case_sable,0.20000000000000001,29,3.9500000000000002,r0022,38,0.39292562372398637
case_sable,0.20000000000000001,29,3.9500000000000002,r0023,38,0.31181690873151741
case_sable,0.20000000000000001,29,3.9500000000000002,r0024,38,0.4063211491772013
case_sable,0.20000000000000001,29,3.9500000000000002,r0025,38,0.32160694737631557
case_sable,0.20000000000000001,29,3.9500000000000002,r0026,38,0.40064161086496708
case_sable,0.20000000000000001,29,3.9500000000000002,r0027,38,0.45763899828295029
case_sable,0.20000000000000001,29,3.9500000000000002,r0028,38,0.38169040686145739
case_sable,0.20000000000000001,29,3.9500000000000002,r0029,38,0.38907726252416525
case_sable,0.20000000000000001,29,4.4000000000000004,r0000,38,0.43141400026161192
case_sable,0.20000000000000001,29,4.4000000000000004,r0001,38,0.30216948499229407
case_sable,0.20000000000000001,29,4.4000000000000004,r0002,38,0.45588315691838271
case_sable,0.20000000000000001,29,4.4000000000000004,r0003,38,0.38275276422818377
case_sable,0.20000000000000001,29,4.4000000000000004,r0004,38,0.33564159500922658
case_sable,0.20000000000000001,29,4.4000000000000004,r0005,38,0.42918391374694653
case_sable,0.20000000000000001,29,4.4000000000000004,r0006,38,0.44011041223804975
case_sable,0.20000000000000001,29,4.4000000000000004,r0007,38,0.40643337328968537
case_sable,0.20000000000000001,29,4.4000000000000004,r0008,38,0.48180621805538787
case_sable,0.20000000000000001,29,4.4000000000000004,r0009,38,0.38086862181138159
case_sable,0.20000000000000001,29,4.4000000000000004,r0010,38,0.28873018936097622
case_sable,0.20000000000000001,29,4.4000000000000004,r0011,38,0.25971858027082595
case_sable,0.20000000000000001,29,4.4000000000000004,r0012,38,0.3600397321664226
case_sable,0.20000000000000001,29,4.4000000000000004,r0013,38,0.41864776294424749
case_sable,0.20000000000000001,29,4.4000000000000004,r0014,38,0.34573041581198327
case_sable,0.20000000000000001,29,4.4000000000000004,r0015,38,0.3458276197433755
case_sable,0.20000000000000001,29,4.4000000000000004,r0016,38,0.40463458771599631
case_sable,0.20000000000000001,29,4.4000000000000004,r0017,38,0.46789935337487287
case_sable,0.20000000000000001,29,4.4000000000000004,r0018,38,0.41674886165591346
case_sable,0.20000000000000001,29,4.4000000000000004,r0019,38,0.45508973205093567
case_sable,0.20000000000000001,29,4.4000000000000004,r0020,38,0.43103623088867454
case_sable,0.20000000000000001,29,4.4000000000000004,r0021,38,0.43268964891153744
case_sable,0.20000000000000001,29,4.4000000000000004,r0022,38,0.42343722418459323
case_sable,0.20000000000000001,29,4.4000000000000004,r0023,38,0.3645920696248377
case_sable,0.20000000000000001,29,4.4000000000000004,r0024,38,0.31163173354192275
case_sable,0.20000000000000001,29,4.4000000000000004,r0025,38,0.41835074942591505
case_sable,0.20000000000000001,29,4.4000000000000004,r0026,38,0.3240793592986892
case_sable,0.20000000000000001,29,4.4000000000000004,r0027,38,0.42013067461260017
case_sable,0.20000000000000001,29,4.4000000000000004,r0028,38,0.37705449497373489
case_sable,0.20000000000000001,29,4.4000000000000004,r0029,38,0.27242366855850292
case_sable,0.20000000000000001,29,4.8499999999999996,r0000,38,0.38695559912203259
case_sable,0.20000000000000001,29,4.8499999999999996,r0001,38,0.27553877620440786
case_sable,0.20000000000000001,29,4.8499999999999996,r0002,38,0.4302576128583489
case_sable,0.20000000000000001,29,4.8499999999999996,r0003,38,0.39773670845897136
case_sable,0.20000000000000001,29,4.8499999999999996,r0004,38,0.35685119942639598
case_sable,0.20000000000000001,29,4.8499999999999996,r0005,38,0.36515425870659685
case_sable,0.20000000000000001,29,4.8499999999999996,r0006,38,0.33726891993264529
case_sable,0.20000000000000001,29,4.8499999999999996,r0007,38,0.44353641964051621
case_sable,0.20000000000000001,29,4.8499999999999996,r0008,38,0.3398182206592999
case_sable,0.20000000000000001,29,4.8499999999999996,r0009,38,0.37352074225691911
case_sable,0.20000000000000001,29,4.8499999999999996,r0010,38,0.3757288072114332
case_sable,0.20000000000000001,29,4.8499999999999996,r0011,38,0.36234731070345161
case_sable,0.20000000000000001,29,4.8499999999999996,r0012,38,0.41346458088819843
case_sable,0.20000000000000001,29,4.8499999999999996,r0013,38,0.36113194900395584
case_sable,0.20000000000000001,29,4.8499999999999996,r0014,38,0.33101487780110561
case_sable,0.20000000000000001,29,4.8499999999999996,r0015,38,0.37963342569066344
case_sable,0.20000000000000001,29,4.8499999999999996,r0016,38,0.42802590996150586
case_sable,0.20000000000000001,29,4.8499999999999996,r0017,38,0.38983604058313287
case_sable,0.20000000000000001,29,4.8499999999999996,r0018,38,0.37422468431606831
case_sable,0.20000000000000001,29,4.8499999999999996,r0019,38,0.42815254341935799
case_sable,0.20000000000000001,29,4.8499999999999996,r0020,38,0.47251165274206136
case_sable,0.20000000000000001,29,4.8499999999999996,r0021,38,0.32620523891999559
case_sable,0.20000000000000001,29,4.8499999999999996,r0022,38,0.47661370166747979
case_sable,0.20000000000000001,29,4.8499999999999996,r0023,38,0.48620964467659233
case_sable,0.20000000000000001,29,4.8499999999999996,r0024,38,0.30716348810099886
case_sable,0.20000000000000001,29,4.8499999999999996,r0025,38,0.34889803750824422
case_sable,0.20000000000000001,29,4.8499999999999996,r0026,38,0.43966737758211916
case_sable,0.20000000000000001,29,4.8499999999999996,r0027,38,0.35068898881083799
case_sable,0.20000000000000001,29,4.8499999999999996,r0028,38,0.36886766007425092
case_sable,0.20000000000000001,29,4.8499999999999996,r0029,38,0.46779707027798617
case_sable,0.52000000000000002,8,2.1499999999999999,r0000,24,0.48452662159970589
case_sable,0.52000000000000002,8,2.1499999999999999,r0001,24,0.52300271395054532
case_sable,0.52000000000000002,8,2.1499999999999999,r0002,24,0.52104743765662276
case_sable,0.52000000000000002,8,2.1499999999999999,r0003,24,0.56185330381160148
case_sable,0.52000000000000002,8,2.1499999999999999,r0004,24,0.62255692514983829
case_sable,0.52000000000000002,8,2.1499999999999999,r0005,24,0.47620832478140535
case_sable,0.52000000000000002,8,2.1499999999999999,r0006,24,0.38523344660676834
case_sable,0.52000000000000002,8,2.1499999999999999,r0007,24,0.49510518047660995
case_sable,0.52000000000000002,8,2.1499999999999999,r0008,24,0.43633440707209603
case_sable,0.52000000000000002,8,2.1499999999999999,r0009,24,0.49202201137870255
case_sable,0.52000000000000002,8,2.1499999999999999,r0010,24,0.49270847629579856
case_sable,0.52000000000000002,8,2.1499999999999999,r0011,24,0.57620470434182158
case_sable,0.52000000000000002,8,2.1499999999999999,r0012,24,0.44096672858645974
case_sable,0.52000000000000002,8,2.1499999999999999,r0013,24,0.45424293181578462
case_sable,0.52000000000000002,8,2.1499999999999999,r0014,24,0.49604458486910635
case_sable,0.52000000000000002,8,2.1499999999999999,r0015,24,0.52028182024965519
case_sable,0.52000000000000002,8,2.1499999999999999,r0016,24,0.52264346317956334
case_sable,0.52000000000000002,8,2.1499999999999999,r0017,24,0.56055566304377646
case_sable,0.52000000000000002,8,2.1499999999999999,r0018,24,0.62291333944437732
case_sable,0.52000000000000002,8,2.1499999999999999,r0019,24,0.49957978247063078
case_sable,0.52000000000000002,8,2.1499999999999999,r0020,24,0.53641286139138133
case_sable,0.52000000000000002,8,2.1499999999999999,r0021,24,0.49240950208480155
case_sable,0.52000000000000002,8,2.1499999999999999,r0022,24,0.62380666112581296
case_sable,0.52000000000000002,8,2.1499999999999999,r0023,24,0.52808131875551723
case_sable,0.52000000000000002,8,2.1499999999999999,r0024,24,0.45214287951103493
case_sable,0.52000000000000002,8,2.1499999999999999,r0025,24,0.53198470006747456
case_sable,0.52000000000000002,8,2.1499999999999999,r0026,24,0.44465406097879701
case_sable,0.52000000000000002,8,2.1499999999999999,r0027,24,0.53230564980407402
case_sable,0.52000000000000002,8,2.1499999999999999,r0028,24,0.44809288855002133
case_sable,0.52000000000000002,8,2.1499999999999999,r0029,24,0.41020608014899579
case_sable,0.52000000000000002,8,2.6000000000000001,r0000,24,0.56755400913595933
case_sable,0.52000000000000002,8,2.6000000000000001,r0001,24,0.4151342138646465
case_sable,0.52000000000000002,8,2.6000000000000001,r0002,24,0.56358218626805445
case_sable,0.52000000000000002,8,2.6000000000000001,r0003,24,0.64445813313027067
case_sable,0.52000000000000002,8,2.6000000000000001,r0004,24,0.56632356765665415
case_sable,0.52000000000000002,8,2.6000000000000001,r0005,24,0.56826847113406542
case_sable,0.52000000000000002,8,2.6000000000000001,r0006,24,0.56941142536465039
case_sable,0.52000000000000002,8,2.6000000000000001,r0007,24,0.52942102326417251
case_sable,0.52000000000000002,8,2.6000000000000001,r0008,24,0.53488274544034164
case_sable,0.52000000000000002,8,2.6000000000000001,r0009,24,0.43835738167610661
case_sable,0.52000000000000002,8,2.6000000000000001,r0010,24,0.54382620042859708
case_sable,0.52000000000000002,8,2.6000000000000001,r0011,24,0.54669558545796326
case_sable,0.52000000000000002,8,2.6000000000000001,r0012,24,0.56185973457585381
case_sable,0.52000000000000002,8,2.6000000000000001,r0013,24,0.49748890907802479
case_sable,0.52000000000000002,8,2.6000000000000001,r0014,24,0.52184616954287832
case_sable,0.52000000000000002,8,2.6000000000000001,r0015,24,0.45385594041479199
case_sable,0.52000000000000002,8,2.6000000000000001,r0016,24,0.50562498694573765
case_sable,0.52000000000000002,8,2.6000000000000001,r0017,24,0.51895330356235803
case_sable,0.52000000000000002,8,2.6000000000000001,r0018,24,0.41298548090852522
case_sable,0.52000000000000002,8,2.6000000000000001,r0019,24,0.52996938570688046
case_sable,0.52000000000000002,8,2.6000000000000001,r0020,24,0.42444655731676978
case_sable,0.52000000000000002,8,2.6000000000000001,r0021,24,0.43727710195276104
case_sable,0.52000000000000002,8,2.6000000000000001,r0022,24,0.50273814602492684
case_sable,0.52000000000000002,8,2.6000000000000001,r0023,24,0.4416465405104259
case_sable,0.52000000000000002,8,2.6000000000000001,r0024,24,0.52634704249399589
case_sable,0.52000000000000002,8,2.6000000000000001,r0025,24,0.5821372129004585
case_sable,0.52000000000000002,8,2.6000000000000001,r0026,24,0.5733704032827619
case_sable,0.52000000000000002,8,2.6000000000000001,r0027,24,0.61960279352270031
case_sable,0.52000000000000002,8,2.6000000000000001,r0028,24,0.54960571194516028
case_sable,0.52000000000000002,8,2.6000000000000001,r0029,24,0.6131534062039542
case_sable,0.52000000000000002,8,3.0499999999999998,r0000,24,0.53747392107699576
case_sable,0.52000000000000002,8,3.0499999999999998,r0001,24,0.63028308703731628
case_sable,0.52000000000000002,8,3.0499999999999998,r0002,25,0.56533404831597767
case_sable,0.52000000000000002,8,3.0499999999999998,r0003,25,0.57962609655681119
case_sable,0.52000000000000002,8,3.0499999999999998,r0004,25,0.43466087326900488
case_sable,0.52000000000000002,8,3.0499999999999998,r0005,24,0.5093555219209519
case_sable,0.52000000000000002,8,3.0499999999999998,r0006,24,0.56935903111232111
case_sable,0.52000000000000002,8,3.0499999999999998,r0007,24,0.51267742070104771
case_sable,0.52000000000000002,8,3.0499999999999998,r0008,25,0.47818064560686629
case_sable,0.52000000000000002,8,3.0499999999999998,r0009,25,0.61872494310271053
case_sable,0.52000000000000002,8,3.0499999999999998,r0010,24,0.52542962761530687
case_sable,0.52000000000000002,8,3.0499999999999998,r0011,24,0.4993548375364642
case_sable,0.52000000000000002,8,3.0499999999999998,r0012,24,0.46363467918500256
case_sable,0.52000000000000002,8,3.0499999999999998,r0013,25,0.58612921891956493
case_sable,0.52000000000000002,8,3.0499999999999998,r0014,24,0.45177666789002718
case_sable,0.52000000000000002,8,3.0499999999999998,r0015,25,0.56026373762496939
case_sable,0.52000000000000002,8,3.0499999999999998,r0016,24,0.49634210325521516
case_sable,0.52000000000000002,8,3.0499999999999998,r0017,25,0.54898903608834049
case_sable,0.52000000000000002,8,3.0499999999999998,r0018,25,0.52640727187058556
case_sable,0.52000000000000002,8,3.0499999999999998,r0019,24,0.42066824458651397
case_sable,0.52000000000000002,8,3.0499999999999998,r0020,25,0.52564464654469012
case_sable,0.52000000000000002,8,3.0499999999999998,r0021,24,0.61575696299253246
case_sable,0.52000000000000002,8,3.0499999999999998,r0022,24,0.36204148960525079
case_sable,0.52000000000000002,8,3.0499999999999998,r0023,25,0.62759972137478093
case_sable,0.52000000000000002,8,3.0499999999999998,r0024,25,0.57604871089945175
case_sable,0.52000000000000002,8,3.0499999999999998,r0025,24,0.51817681530288839
case_sable,0.52000000000000002,8,3.0499999999999998,r0026,25,0.50797752699715237
case_sable,0.52000000000000002,8,3.0499999999999998,r0027,24,0.5794353623582108
case_sable,0.52000000000000002,8,3.0499999999999998,r0028,24,0.54644562497792337
case_sable,0.52000000000000002,8,3.0499999999999998,r0029,24,0.45608939350690586
case_sable,0.52000000000000002,8,3.5,r0000,27,0.48250018895980484
case_sable,0.52000000000000002,8,3.5,r0001,28,0.52309934816267656
case_sable,0.52000000000000002,8,3.5,r0002,28,0.54287644254247913
case_sable,0.52000000000000002,8,3.5,r0003,28,0.42023911442516754
case_sable,0.52000000000000002,8,3.5,r0004,27,0.4223926560983422
case_sable,0.52000000000000002,8,3.5,r0005,26,0.56549433989029707
case_sable,0.52000000000000002,8,3.5,r0006,28,0.68377492232343973
case_sable,0.52000000000000002,8,3.5,r0007,28,0.48434444246877206
case_sable,0.52000000000000002,8,3.5,r0008,28,0.49271237390770473
case_sable,0.52000000000000002,8,3.5,r0009,29,0.52468433246576152
case_sable,0.52000000000000002,8,3.5,r0010,27,0.54682829374230657
case_sable,0.52000000000000002,8,3.5,r0011,28,0.52677632890328385
case_sable,0.52000000000000002,8,3.5,r0012,28,0.55288829071677503
case_sable,0.52000000000000002,8,3.5,r0013,28,0.5299724519452218
case_sable,0.52000000000000002,8,3.5,r0014,28,0.59522244249538381
case_sable,0.52000000000000002,8,3.5,r0015,27,0.48102095882136697
case_sable,0.52000000000000002,8,3.5,r0016,27,0.45566429138404213
case_sable,0.52000000000000002,8,3.5,r0017,28,0.44321294352741392
case_sable,0.52000000000000002,8,3.5,r0018,28,0.45334448430721691
case_sable,0.52000000000000002,8,3.5,r0019,28,0.38396679153245189
case_sable,0.52000000000000002,8,3.5,r0020,27,0.40595059797716149
case_sable,0.52000000000000002,8,3.5,r0021,28,0.47757609574729237
case_sable,0.52000000000000002,8,3.5,r0022,27,0.46765380443223142
case_sable,0.52000000000000002,8,3.5,r0023,27,0.58176690872240311
case_sable,0.52000000000000002,8,3.5,r0024,27,0.5585129132502582
case_sable,0.52000000000000002,8,3.5,r0025,27,0.53501848720974421
case_sable,0.52000000000000002,8,3.5,r0026,28,0.4461621222139151
case_sable,0.52000000000000002,8,3.5,r0027,28,0.51834835862418938
case_sable,0.52000000000000002,8,3.5,r0028,28,0.42890483660420048
case_sable,0.52000000000000002,8,3.5,r0029,27,0.41648025188978016
case_sable,0.52000000000000002,8,3.9500000000000002,r0000,33,0.42174499125232495
case_sable,0.52000000000000002,8,3.9500000000000002,r0001,35,0.43364441160256212
case_sable,0.52000000000000002,8,3.9500000000000002,r0002,35,0.41703224192934019
case_sable,0.52000000000000002,8,3.9500000000000002,r0003,35,0.35272763390721024
case_sable,0.52000000000000002,8,3.9500000000000002,r0004,35,0.40815053159291226
case_sable,0.52000000000000002,8,3.9500000000000002,r0005,35,0.55434424119624814
case_sable,0.52000000000000002,8,3.9500000000000002,r0006,35,0.46250704090599076
case_sable,0.52000000000000002,8,3.9500000000000002,r0007,34,0.4104306479966674
case_sable,0.52000000000000002,8,3.9500000000000002,r0008,35,0.47495116418660188
case_sable,0.52000000000000002,8,3.9500000000000002,r0009,35,0.44684238490256561
case_sable,0.52000000000000002,8,3.9500000000000002,r0010,35,0.41651974613551163
case_sable,0.52000000000000002,8,3.9500000000000002,r0011,35,0.42190181803791144
case_sable,0.52000000000000002,8,3.9500000000000002,r0012,35,0.47268221870649685
case_sable,0.52000000000000002,8,3.9500000000000002,r0013,34,0.51335529062146545
case_sable,0.52000000000000002,8,3.9500000000000002,r0014,33,0.38408709161336396
case_sable,0.52000000000000002,8,3.9500000000000002,r0015,34,0.35513456590304021
case_sable,0.52000000000000002,8,3.9500000000000002,r0016,36,0.42036890828563611
case_sable,0.52000000000000002,8,3.9500000000000002,r0017,34,0.37369178345575804
case_sable,0.52000000000000002,8,3.9500000000000002,r0018,35,0.35283178687043354
case_sable,0.52000000000000002,8,3.9500000000000002,r0019,36,0.44801692034247065
case_sable,0.52000000000000002,8,3.9500000000000002,r0020,36,0.37590624940547135
case_sable,0.52000000000000002,8,3.9500000000000002,r0021,35,0.45891371005762999
case_sable,0.52000000000000002,8,3.9500000000000002,r0022,35,0.48632174195119365
case_sable,0.52000000000000002,8,3.9500000000000002,r0023,35,0.44268667808145418
case_sable,0.52000000000000002,8,3.9500000000000002,r0024,35,0.51660808427596216
case_sable,0.52000000000000002,8,3.9500000000000002,r0025,35,0.40495818325324257
case_sable,0.52000000000000002,8,3.9500000000000002,r0026,35,0.47417837048498718
case_sable,0.52000000000000002,8,3.9500000000000002,r0027,35,0.47055950431442894
case_sable,0.52000000000000002,8,3.9500000000000002,r0028,34,0.44868728632767618
case_sable,0.52000000000000002,8,3.9500000000000002,r0029,34,0.45931413982486002
case_sable,0.52000000000000002,8,4.4000000000000004,r0000,38,0.35955037089497549
case_sable,0.52000000000000002,8,4.4000000000000004,r0001,38,0.40816124399322301
case_sable,0.52000000000000002,8,4.4000000000000004,r0002,38,0.39386368645395464
case_sable,0.52000000000000002,8,4.4000000000000004,r0003,37,0.37099177648300774
case_sable,0.52000000000000002,8,4.4000000000000004,r0004,38,0.36568902413698845
case_sable,0.52000000000000002,8,4.4000000000000004,r0005,38,0.48924266608513373
case_sable,0.52000000000000002,8,4.4000000000000004,r0006,38,0.37420817518285943
case_sable,0.52000000000000002,8,4.4000000000000004,r0007,37,0.40821806265541777
case_sable,0.52000000000000002,8,4.4000000000000004,r0008,38,0.43453282283251476
case_sable,0.52000000000000002,8,4.4000000000000004,r0009,38,0.31539416912432283
case_sable,0.52000000000000002,8,4.4000000000000004,r0010,38,0.39063687387669754
case_sable,0.52000000000000002,8,4.4000000000000004,r0011,37,0.32874271134160071
case_sable,0.52000000000000002,8,4.4000000000000004,r0012,38,0.43886356061507253
case_sable,0.52000000000000002,8,4.4000000000000004,r0013,38,0.35101743886824283
case_sable,0.52000000000000002,8,4.4000000000000004,r0014,38,0.40958024724809688
case_sable,0.52000000000000002,8,4.4000000000000004,r0015,38,0.3789691316732185
case_sable,0.52000000000000002,8,4.4000000000000004,r0016,38,0.34913422146024153
case_sable,0.52000000000000002,8,4.4000000000000004,r0017,38,0.40840352747634945
case_sable,0.52000000000000002,8,4.4000000000000004,r0018,38,0.39881260986808492
case_sable,0.52000000000000002,8,4.4000000000000004,r0019,38,0.44088782032502433
case_sable,0.52000000000000002,8,4.4000000000000004,r0020,38,0.41194509735747592
case_sable,0.52000000000000002,8,4.4000000000000004,r0021,38,0.3933733973502091
case_sable,0.52000000000000002,8,4.4000000000000004,r0022,38,0.4414013945780747
case_sable,0.52000000000000002,8,4.4000000000000004,r0023,38,0.38017615395946963
case_sable,0.52000000000000002,8,4.4000000000000004,r0024,38,0.34568199219948043
case_sable,0.52000000000000002,8,4.4000000000000004,r0025,38,0.39562474148718402
case_sable,0.52000000000000002,8,4.4000000000000004,r0026,38,0.43889890477870191
case_sable,0.52000000000000002,8,4.4000000000000004,r0027,38,0.31698891864732404
case_sable,0.52000000000000002,8,4.4000000000000004,r0028,38,0.38952568003458071
case_sable,0.52000000000000002,8,4.4000000000000004,r0029,38,0.38937670254762158
case_sable,0.52000000000000002,8,4.8499999999999996,r0000,38,0.40165165935711461
case_sable,0.52000000000000002,8,4.8499999999999996,r0001,38,0.40328652179219349
case_sable,0.52000000000000002,8,4.8499999999999996,r0002,38,0.3919133737478141
case_sable,0.52000000000000002,8,4.8499999999999996,r0003,38,0.33957010331176307
case_sable,0.52000000000000002,8,4.8499999999999996,r0004,38,0.36945551791639264
case_sable,0.52000000000000002,8,4.8499999999999996,r0005,38,0.37668342472480587
case_sable,0.52000000000000002,8,4.8499999999999996,r0006,38,0.43943225352891568
case_sable,0.52000000000000002,8,4.8499999999999996,r0007,38,0.37557873915446738
case_sable,0.52000000000000002,8,4.8499999999999996,r0008,38,0.32810898810661476
case_sable,0.52000000000000002,8,4.8499999999999996,r0009,38,0.3637661287180981
case_sable,0.52000000000000002,8,4.8499999999999996,r0010,38,0.47045654114414243
case_sable,0.52000000000000002,8,4.8499999999999996,r0011,38,0.40608177756742558
case_sable,0.52000000000000002,8,4.8499999999999996,r0012,38,0.43965437020899811
case_sable,0.52000000000000002,8,4.8499999999999996,r0013,38,0.33741423038962431
case_sable,0.52000000000000002,8,4.8499999999999996,r0014,38,0.39370369348027817
case_sable,0.52000000000000002,8,4.8499999999999996,r0015,38,0.47433413612159397
case_sable,0.52000000000000002,8,4.8499999999999996,r0016,38,0.44516102496707582
case_sable,0.52000000000000002,8,4.8499999999999996,r0017,38,0.47567315393673582
case_sable,0.52000000000000002,8,4.8499999999999996,r0018,38,0.29559656893335146
case_sable,0.52000000000000002,8,4.8499999999999996,r0019,38,0.38391616480125512
case_sable,0.52000000000000002,8,4.8499999999999996,r0020,38,0.49380580114622719
case_sable,0.52000000000000002,8,4.8499999999999996,r0021,38,0.43324091397353187
case_sable,0.52000000000000002,8,4.8499999999999996,r0022,38,0.37360289642379557
case_sable,0.52000000000000002,8,4.8499999999999996,r0023,38,0.40923307889651916
case_sable,0.52000000000000002,8,4.8499999999999996,r0024,38,0.32085739435978916
case_sable,0.52000000000000002,8,4.8499999999999996,r0025,38,0.37589629754017972
case_sable,0.52000000000000002,8,4.8499999999999996,r0026,38,0.40217184302939551
case_sable,0.52000000000000002,8,4.8499999999999996,r0027,38,0.30892940016935677
case_sable,0.52000000000000002,8,4.8499999999999996,r0028,38,0.30697648068400946
case_sable,0.52000000000000002,8,4.8499999999999996,r0029,38,0.34953792527160871
case_sable,0.52000000000000002,8,5.2999999999999998,r0000,38,0.36339615712122086
case_sable,0.52000000000000002,8,5.2999999999999998,r0001,38,0.31686973718249573
case_sable,0.52000000000000002,8,5.2999999999999998,r0002,38,0.35481150203727441
case_sable,0.52000000000000002,8,5.2999999999999998,r0003,38,0.30310565538575263
case_sable,0.52000000000000002,8,5.2999999999999998,r0004,38,0.43615501730015116
case_sable,0.52000000000000002,8,5.2999999999999998,r0005,38,0.30453634008316649
case_sable,0.52000000000000002,8,5.2999999999999998,r0006,38,0.3498842052251897
case_sable,0.52000000000000002,8,5.2999999999999998,r0007,38,0.33951883579879072
case_sable,0.52000000000000002,8,5.2999999999999998,r0008,38,0.38791371387794199
case_sable,0.52000000000000002,8,5.2999999999999998,r0009,38,0.38448338138749527
case_sable,0.52000000000000002,8,5.2999999999999998,r0010,38,0.45790076731044344
case_sable,0.52000000000000002,8,5.2999999999999998,r0011,38,0.3957405382433401
case_sable,0.52000000000000002,8,5.2999999999999998,r0012,38,0.31083061648792165
case_sable,0.52000000000000002,8,5.2999999999999998,r0013,38,0.33160019662228557
case_sable,0.52000000000000002,8,5.2999999999999998,r0014,38,0.3546928589968083
case_sable,0.52000000000000002,8,5.2999999999999998,r0015,38,0.43892042174826568
case_sable,0.52000000000000002,8,5.2999999999999998,r0016,38,0.3868519934502932
case_sable,0.52000000000000002,8,5.2999999999999998,r0017,38,0.38699294848497656
case_sable,0.52000000000000002,8,5.2999999999999998,r0018,38,0.27386757947376061
case_sable,0.52000000000000002,8,5.2999999999999998,r0019,38,0.38295323130416414
case_sable,0.52000000000000002,8,5.2999999999999998,r0020,38,0.34586806837826084
case_sable,0.52000000000000002,8,5.2999999999999998,r0021,38,0.3932027346128944
case_sable,0.52000000000000002,8,5.2999999999999998,r0022,38,0.4062243878316999
case_sable,0.52000000000000002,8,5.2999999999999998,r0023,38,0.40500358508691126
case_sable,0.52000000000000002,8,5.2999999999999998,r0024,38,0.42552567832885357
case_sable,0.52000000000000002,8,5.2999999999999998,r0025,38,0.41282998395738763
case_sable,0.52000000000000002,8,5.2999999999999998,r0026,38,0.39989665000427188
case_sable,0.52000000000000002,8,5.2999999999999998,r0027,38,0.31735481250654302
case_sable,0.52000000000000002,8,5.2999999999999998,r0028,38,0.48490966186887208
case_sable,0.52000000000000002,8,5.2999999999999998,r0029,38,0.40073532684707025
case_sable,0.52000000000000002,13,1.7,r0000,24,0.50143808697300063
case_sable,0.52000000000000002,13,1.7,r0001,24,0.57757030691947431
case_sable,0.52000000000000002,13,1.7,r0002,24,0.57069584376254223
case_sable,0.52000000000000002,13,1.7,r0003,24,0.65468153019423359
case_sable,0.52000000000000002,13,1.7,r0004,24,0.58745912055449312
case_sable,0.52000000000000002,13,1.7,r0005,24,0.56875099988499078
case_sable,0.52000000000000002,13,1.7,r0006,24,0.49457123722994228
case_sable,0.52000000000000002,13,1.7,r0007,24,0.52335712491434794
case_sable,0.52000000000000002,13,1.7,r0008,24,0.47853881711364021
case_sable,0.52000000000000002,13,1.7,r0009,24,0.49062005844436163
case_sable,0.52000000000000002,13,1.7,r0010,24,0.50856740034887438
case_sable,0.52000000000000002,13,1.7,r0011,24,0.65626259031751766
case_sable,0.52000000000000002,13,1.7,r0012,24,0.51935564631694264
case_sable,0.52000000000000002,13,1.7,r0013,24,0.56342804742180619
case_sable,0.52000000000000002,13,1.7,r0014,24,0.48547662174450279
case_sable,0.52000000000000002,13,1.7,r0015,24,0.5732607327284448
case_sable,0.52000000000000002,13,1.7,r0016,24,0.55004664203534281
case_sable,0.52000000000000002,13,1.7,r0017,24,0.59594867598735146
case_sable,0.52000000000000002,13,1.7,r0018,24,0.43654308255121976
case_sable,0.52000000000000002,13,1.7,r0019,24,0.5655188775359079
case_sable,0.52000000000000002,13,1.7,r0020,24,0.51181883496846048
case_sable,0.52000000000000002,13,1.7,r0021,24,0.51006769895666026
case_sable,0.52000000000000002,13,1.7,r0022,24,0.4781200401473587
case_sable,0.52000000000000002,13,1.7,r0023,24,0.48594413548949095
case_sable,0.52000000000000002,13,1.7,r0024,24,0.6434268447276561
case_sable,0.52000000000000002,13,1.7,r0025,24,0.46418821801533311
case_sable,0.52000000000000002,13,1.7,r0026,24,0.45997740432810857
case_sable,0.52000000000000002,13,1.7,r0027,24,0.45826227569213018
case_sable,0.52000000000000002,13,1.7,r0028,24,0.46669433833843427
case_sable,0.52000000000000002,13,1.7,r0029,24,0.55606229336277024
case_sable,0.52000000000000002,13,2.1499999999999999,r0000,24,0.49724802950381197
case_sable,0.52000000000000002,13,2.1499999999999999,r0001,24,0.54074384730634451
case_sable,0.52000000000000002,13,2.1499999999999999,r0002,24,0.66147675693573527
case_sable,0.52000000000000002,13,2.1499999999999999,r0003,24,0.51880466808386949
case_sable,0.52000000000000002,13,2.1499999999999999,r0004,24,0.45990308256839035
case_sable,0.52000000000000002,13,2.1499999999999999,r0005,24,0.49579471321366658
case_sable,0.52000000000000002,13,2.1499999999999999,r0006,24,0.47306876368683182
case_sable,0.52000000000000002,13,2.1499999999999999,r0007,24,0.51678094464933233
case_sable,0.52000000000000002,13,2.1499999999999999,r0008,24,0.558474116145116
case_sable,0.52000000000000002,13,2.1499999999999999,r0009,24,0.53447641860986028
case_sable,0.52000000000000002,13,2.1499999999999999,r0010,24,0.58688385432068602
case_sable,0.52000000000000002,13,2.1499999999999999,r0011,24,0.50782587261042611
case_sable,0.52000000000000002,13,2.1499999999999999,r0012,24,0.55273766187736428
case_sable,0.52000000000000002,13,2.1499999999999999,r0013,24,0.47366598887802852
case_sable,0.52000000000000002,13,2.1499999999999999,r0014,24,0.50587890742057073
case_sable,0.52000000000000002,13,2.1499999999999999,r0015,24,0.49141502553392558
case_sable,0.52000000000000002,13,2.1499999999999999,r0016,24,0.52005454493923475
case_sable,0.52000000000000002,13,2.1499999999999999,r0017,24,0.6044233423686054
case_sable,0.52000000000000002,13,2.1499999999999999,r0018,24,0.51675900105931361
case_sable,0.52000000000000002,13,2.1499999999999999,r0019,24,0.49851586262599529
case_sable,0.52000000000000002,13,2.1499999999999999,r0020,24,0.43930800154896527
case_sable,0.52000000000000002,13,2.1499999999999999,r0021,24,0.50836876030132394
case_sable,0.52000000000000002,13,2.1499999999999999,r0022,24,0.5499951512404353
case_sable,0.52000000000000002,13,2.1499999999999999,r0023,24,0.62250036596183789
case_sable,0.52000000000000002,13,2.1499999999999999,r0024,24,0.53093527996646472
case_sable,0.52000000000000002,13,2.1499999999999999,r0025,24,0.52318587772918124
case_sable,0.52000000000000002,13,2.1499999999999999,r0026,24,0.58907481072935131
case_sable,0.52000000000000002,13,2.1499999999999999,r0027,24,0.5325398325288937
case_sable,0.52000000000000002,13,2.1499999999999999,r0028,24,0.40267790951897381
case_sable,0.52000000000000002,13,2.1499999999999999,r0029,24,0.54014528367669001
case_sable,0.52000000000000002,13,2.6000000000000001,r0000,24,0.65790116292147471
case_sable,0.52000000000000002,13,2.6000000000000001,r0001,24,0.54671277387221784
case_sable,0.52000000000000002,13,2.6000000000000001,r0002,24,0.54905795443045713
case_sable,0.52000000000000002,13,2.6000000000000001,r0003,24,0.57635352089913272
case_sable,0.52000000000000002,13,2.6000000000000001,r0004,24,0.51433865059494066
case_sable,0.52000000000000002,13,2.6000000000000001,r0005,24,0.50818331330874134
case_sable,0.52000000000000002,13,2.6000000000000001,r0006,24,0.57183044958991414
case_sable,0.52000000000000002,13,2.6000000000000001,r0007,24,0.59048033515017895
case_sable,0.52000000000000002,13,2.6000000000000001,r0008,24,0.40937952221131707
case_sable,0.52000000000000002,13,2.6000000000000001,r0009,24,0.60288569142040427
case_sable,0.52000000000000002,13,2.6000000000000001,r0010,24,0.58228519183397653
case_sable,0.52000000000000002,13,2.6000000000000001,r0011,24,0.57840833808028369
case_sable,0.52000000000000002,13,2.6000000000000001,r0012,24,0.55759860041295806
case_sable,0.52000000000000002,13,2.6000000000000001,r0013,24,0.46039380755083514
case_sable,0.52000000000000002,13,2.6000000000000001,r0014,24,0.56355537600007388
case_sable,0.52000000000000002,13,2.6000000000000001,r0015,24,0.64106225226961822
case_sable,0.52000000000000002,13,2.6000000000000001,r0016,24,0.56671906026345709
case_sable,0.52000000000000002,13,2.6000000000000001,r0017,24,0.53724625881229937
case_sable,0.52000000000000002,13,2.6000000000000001,r0018,24,0.47359006038679757
case_sable,0.52000000000000002,13,2.6000000000000001,r0019,24,0.45855209116769508
case_sable,0.52000000000000002,13,2.6000000000000001,r0020,24,0.46369517639586277
case_sable,0.52000000000000002,13,2.6000000000000001,r0021,24,0.60430421399638612
case_sable,0.52000000000000002,13,2.6000000000000001,r0022,24,0.6097399202685998
case_sable,0.52000000000000002,13,2.6000000000000001,r0023,24,0.39896905506468361
case_sable,0.52000000000000002,13,2.6000000000000001,r0024,24,0.54656589603228722
case_sable,0.52000000000000002,13,2.6000000000000001,r0025,24,0.5451804122783267
case_sable,0.52000000000000002,13,2.6000000000000001,r0026,24,0.55747604350825164
case_sable,0.52000000000000002,13,2.6000000000000001,r0027,24,0.55456667537245019
case_sable,0.52000000000000002,13,2.6000000000000001,r0028,24,0.56197558852483465
case_sable,0.52000000000000002,13,2.6000000000000001,r0029,24,0.60571978448891983
case_sable,0.52000000000000002,13,3.0499999999999998,r0000,24,0.44875156929147425
case_sable,0.52000000000000002,13,3.0499999999999998,r0001,24,0.39404493386973227
case_sable,0.52000000000000002,13,3.0499999999999998,r0002,24,0.46238657806324612
case_sable,0.52000000000000002,13,3.0499999999999998,r0003,24,0.53038187567365114
case_sable,0.52000000000000002,13,3.0499999999999998,r0004,24,0.50636891235987613
case_sable,0.52000000000000002,13,3.0499999999999998,r0005,24,0.60176131781743925
case_sable,0.52000000000000002,13,3.0499999999999998,r0006,24,0.56364152756369201
case_sable,0.52000000000000002,13,3.0499999999999998,r0007,24,0.3785335149316893
case_sable,0.52000000000000002,13,3.0499999999999998,r0008,24,0.48988597004841045
case_sable,0.52000000000000002,13,3.0499999999999998,r0009,24,0.57795917199436275
case_sable,0.52000000000000002,13,3.0499999999999998,r0010,24,0.45889379776141448
case_sable,0.52000000000000002,13,3.0499999999999998,r0011,24,0.49125455431703147
case_sable,0.52000000000000002,13,3.0499999999999998,r0012,24,0.50039059029919841
case_sable,0.52000000000000002,13,3.0499999999999998,r0013,24,0.52177697429254077
case_sable,0.52000000000000002,13,3.0499999999999998,r0014,24,0.51380343118591121
case_sable,0.52000000000000002,13,3.0499999999999998,r0015,24,0.51706543229138013
case_sable,0.52000000000000002,13,3.0499999999999998,r0016,24,0.63846443322083879
case_sable,0.52000000000000002,13,3.0499999999999998,r0017,24,0.5289671952610534
case_sable,0.52000000000000002,13,3.0499999999999998,r0018,24,0.46239465240711475
case_sable,0.52000000000000002,13,3.0499999999999998,r0019,24,0.43102486829422576
case_sable,0.52000000000000002,13,3.0499999999999998,r0020,24,0.55500889813459808
case_sable,0.52000000000000002,13,3.0499999999999998,r0021,24,0.59713071151550134
case_sable,0.52000000000000002,13,3.0499999999999998,r0022,24,0.45458442149368206
case_sable,0.52000000000000002,13,3.0499999999999998,r0023,24,0.51388139528595034
case_sable,0.52000000000000002,13,3.0499999999999998,r0024,24,0.49585738952822683
case_sable,0.52000000000000002,13,3.0499999999999998,r0025,24,0.59201159489186173
case_sable,0.52000000000000002,13,3.0499999999999998,r0026,24,0.57109630338326645
case_sable,0.52000000000000002,13,3.0499999999999998,r0027,24,0.54480139415630202
case_sable,0.52000000000000002,13,3.0499999999999998,r0028,24,0.51959046740106518
case_sable,0.52000000000000002,13,3.0499999999999998,r0029,24,0.62148341012869812
case_sable,0.52000000000000002,13,3.5,r0000,26,0.54736200086950659
case_sable,0.52000000000000002,13,3.5,r0001,25,0.50390807014132988
case_sable,0.52000000000000002,13,3.5,r0002,26,0.48335232527384925
case_sable,0.52000000000000002,13,3.5,r0003,26,0.50333838588678703
case_sable,0.52000000000000002,13,3.5,r0004,26,0.41787939025299986
case_sable,0.52000000000000002,13,3.5,r0005,26,0.56322200460350347
case_sable,0.52000000000000002,13,3.5,r0006,26,0.49017060217656705
case_sable,0.52000000000000002,13,3.5,r0007,26,0.53606619020292778
case_sable,0.52000000000000002,13,3.5,r0008,26,0.48674910260362503
case_sable,0.52000000000000002,13,3.5,r0009,26,0.48946317029865416
case_sable,0.52000000000000002,13,3.5,r0010,26,0.51559663963950253
case_sable,0.52000000000000002,13,3.5,r0011,26,0.64754000984009297
case_sable,0.52000000000000002,13,3.5,r0012,25,0.5036298984655857
case_sable,0.52000000000000002,13,3.5,r0013,26,0.52976332962671979
case_sable,0.52000000000000002,13,3.5,r0014,26,0.58861271600493292
case_sable,0.52000000000000002,13,3.5,r0015,26,0.46003154512919786
case_sable,0.52000000000000002,13,3.5,r0016,26,0.54664701018206574
case_sable,0.52000000000000002,13,3.5,r0017,26,0.55526981929198838
case_sable,0.52000000000000002,13,3.5,r0018,26,0.43870284985147445
case_sable,0.52000000000000002,13,3.5,r0019,26,0.53714636353672962
case_sable,0.52000000000000002,13,3.5,r0020,25,0.50997369557546679
case_sable,0.52000000000000002,13,3.5,r0021,26,0.49440201224839581
case_sable,0.52000000000000002,13,3.5,r0022,25,0.55339614615981714
case_sable,0.52000000000000002,13,3.5,r0023,26,0.5532422857706224
case_sable,0.52000000000000002,13,3.5,r0024,25,0.57386810389334175
case_sable,0.52000000000000002,13,3.5,r0025,26,0.50842921929799789
case_sable,0.52000000000000002,13,3.5,r0026,25,0.58047044843538753
case_sable,0.52000000000000002,13,3.5,r0027,25,0.50432469170367999
case_sable,0.52000000000000002,13,3.5,r0028,26,0.51980189325627013
case_sable,0.52000000000000002,13,3.5,r0029,26,0.52533350027745584
case_sable,0.52000000000000002,13,3.9500000000000002,r0000,37,0.27388585120590386
case_sable,0.52000000000000002,13,3.9500000000000002,r0001,37,0.35039282608406541
case_sable,0.52000000000000002,13,3.9500000000000002,r0002,37,0.31399676686739769
case_sable,0.52000000000000002,13,3.9500000000000002,r0003,37,0.47593729799459583
case_sable,0.52000000000000002,13,3.9500000000000002,r0004,37,0.50534258528713472
case_sable,0.52000000000000002,13,3.9500000000000002,r0005,37,0.36811102853273892
case_sable,0.52000000000000002,13,3.9500000000000002,r0006,37,0.36649940814386833
case_sable,0.52000000000000002,13,3.9500000000000002,r0007,37,0.43665099908044419
case_sable,0.52000000000000002,13,3.9500000000000002,r0008,37,0.44829693476947591
case_sable,0.52000000000000002,13,3.9500000000000002,r0009,37,0.4916466621055034
case_sable,0.52000000000000002,13,3.9500000000000002,r0010,37,0.37823332386829894
case_sable,0.52000000000000002,13,3.9500000000000002,r0011,37,0.34987900605069322
case_sable,0.52000000000000002,13,3.9500000000000002,r0012,37,0.45903307760802475
case_sable,0.52000000000000002,13,3.9500000000000002,r0013,37,0.33794590122667023
case_sable,0.52000000000000002,13,3.9500000000000002,r0014,37,0.35915723442337849
case_sable,0.52000000000000002,13,3.9500000000000002,r0015,37,0.40875743141789816
case_sable,0.52000000000000002,13,3.9500000000000002,r0016,37,0.45160243024461527
case_sable,0.52000000000000002,13,3.9500000000000002,r0017,37,0.33259620551352764
case_sable,0.52000000000000002,13,3.9500000000000002,r0018,37,0.27530237914161237
case_sable,0.52000000000000002,13,3.9500000000000002,r0019,37,0.34599563717076853
case_sable,0.52000000000000002,13,3.9500000000000002,r0020,37,0.4129961629454133
case_sable,0.52000000000000002,13,3.9500000000000002,r0021,37,0.3139542006892912
case_sable,0.52000000000000002,13,3.9500000000000002,r0022,37,0.43212591156465069
case_sable,0.52000000000000002,13,3.9500000000000002,r0023,37,0.45494152294504231
case_sable,0.52000000000000002,13,3.9500000000000002,r0024,37,0.37334265180603832
case_sable,0.52000000000000002,13,3.9500000000000002,r0025,37,0.43062146969713971
case_sable,0.52000000000000002,13,3.9500000000000002,r0026,37,0.45140294245814883
case_sable,0.52000000000000002,13,3.9500000000000002,r0027,37,0.43074053187375916
case_sable,0.52000000000000002,13,3.9500000000000002,r0028,37,0.43326546008289007
case_sable,0.52000000000000002,13,3.9500000000000002,r0029,37,0.35649222671346398
case_sable,0.52000000000000002,13,4.4000000000000004,r0000,38,0.34178612443317263
case_sable,0.52000000000000002,13,4.4000000000000004,r0001,38,0.31620687418698457
case_sable,0.52000000000000002,13,4.4000000000000004,r0002,38,0.34051715914584257
case_sable,0.52000000000000002,13,4.4000000000000004,r0003,38,0.38391225219042147
case_sable,0.52000000000000002,13,4.4000000000000004,r0004,38,0.41371158238581118
case_sable,0.52000000000000002,13,4.4000000000000004,r0005,38,0.38527564657507801
case_sable,0.52000000000000002,13,4.4000000000000004,r0006,38,0.34841494981007015
case_sable,0.52000000000000002,13,4.4000000000000004,r0007,38,0.37358837330223571
case_sable,0.52000000000000002,13,4.4000000000000004,r0008,38,0.43598866926606622
case_sable,0.52000000000000002,13,4.4000000000000004,r0009,38,0.37654560090487871
case_sable,0.52000000000000002,13,4.4000000000000004,r0010,38,0.37748000956318256
case_sable,0.52000000000000002,13,4.4000000000000004,r0011,38,0.36267572968400724
case_sable,0.52000000000000002,13,4.4000000000000004,r0012,38,0.45175640023334307
case_sable,0.52000000000000002,13,4.4000000000000004,r0013,38,0.37622722908227679
case_sable,0.52000000000000002,13,4.4000000000000004,r0014,38,0.30747708463556167
case_sable,0.52000000000000002,13,4.4000000000000004,r0015,38,0.30191881455384406
case_sable,0.52000000000000002,13,4.4000000000000004,r0016,38,0.44401147112451606
case_sable,0.52000000000000002,13,4.4000000000000004,r0017,38,0.34915379196812663
case_sable,0.52000000000000002,13,4.4000000000000004,r0018,38,0.38538888159705814
case_sable,0.52000000000000002,13,4.4000000000000004,r0019,38,0.44036194316200022
case_sable,0.52000000000000002,13,4.4000000000000004,r0020,38,0.38902035864149453
case_sable,0.52000000000000002,13,4.4000000000000004,r0021,38,0.42179713415830011
case_sable,0.52000000000000002,13,4.4000000000000004,r0022,38,0.34595176955619039
case_sable,0.52000000000000002,13,4.4000000000000004,r0023,38,0.36316996049893951
case_sable,0.52000000000000002,13,4.4000000000000004,r0024,38,0.41994598661065524
case_sable,0.52000000000000002,13,4.4000000000000004,r0025,38,0.38725824849211454
case_sable,0.52000000000000002,13,4.4000000000000004,r0026,38,0.30397289985947656
case_sable,0.52000000000000002,13,4.4000000000000004,r0027,38,0.49794764042378475
case_sable,0.52000000000000002,13,4.4000000000000004,r0028,38,0.32050936986529943
case_sable,0.52000000000000002,13,4.4000000000000004,r0029,38,0.32366087325527088
case_sable,0.52000000000000002,13,4.8499999999999996,r0000,38,0.34879694497701541
case_sable,0.52000000000000002,13,4.8499999999999996,r0001,38,0.33122356859602597
case_sable,0.52000000000000002,13,4.8499999999999996,r0002,38,0.38843246812960208
case_sable,0.52000000000000002,13,4.8499999999999996,r0003,38,0.30114515469830117
case_sable,0.52000000000000002,13,4.8499999999999996,r0004,38,0.42513808299760908
case_sable,0.52000000000000002,13,4.8499999999999996,r0005,38,0.3968970599427768
case_sable,0.52000000000000002,13,4.8499999999999996,r0006,38,0.40478571663396518
case_sable,0.52000000000000002,13,4.8499999999999996,r0007,38,0.40893714238594558
case_sable,0.52000000000000002,13,4.8499999999999996,r0008,38,0.36784909468059612
case_sable,0.52000000000000002,13,4.8499999999999996,r0009,38,0.41205227978230496
case_sable,0.52000000000000002,13,4.8499999999999996,r0010,38,0.40477483171474321
case_sable,0.52000000000000002,13,4.8499999999999996,r0011,38,0.38776328535415455
case_sable,0.52000000000000002,13,4.8499999999999996,r0012,38,0.455433847095216
case_sable,0.52000000000000002,13,4.8499999999999996,r0013,38,0.27113168263583698
case_sable,0.52000000000000002,13,4.8499999999999996,r0014,38,0.37063839278730892
case_sable,0.52000000000000002,13,4.8499999999999996,r0015,38,0.35451313014937863
case_sable,0.52000000000000002,13,4.8499999999999996,r0016,38,0.28240020305803099
case_sable,0.52000000000000002,13,4.8499999999999996,r0017,38,0.35135916913914222
case_sable,0.52000000000000002,13,4.8499999999999996,r0018,38,0.38177927397860983
case_sable,0.52000000000000002,13,4.8499999999999996,r0019,38,0.41511594376845945
case_sable,0.52000000000000002,13,4.8499999999999996,r0020,38,0.2933099298593646
case_sable,0.52000000000000002,13,4.8499999999999996,r0021,38,0.37390511438809443
case_sable,0.52000000000000002,13,4.8499999999999996,r0022,38,0.39668023478519848
case_sable,0.52000000000000002,13,4.8499999999999996,r0023,38,0.35319353707156409
case_sable,0.52000000000000002,13,4.8499999999999996,r0024,38,0.38591851930147619
case_sable,0.52000000000000002,13,4.8499999999999996,r0025,38,0.34475738335224981
case_sable,0.52000000000000002,13,4.8499999999999996,r0026,38,0.40418576112231902
case_sable,0.52000000000000002,13,4.8499999999999996,r0027,38,0.40248344107828599
case_sable,0.52000000000000002,13,4.8499999999999996,r0028,38,0.33502727822314643
case_sable,0.52000000000000002,13,4.8499999999999996,r0029,38,0.34151702536634643
case_sable,0.52000000000000002,13,5.2999999999999998,r0000,38,0.32448294539894673
case_sable,0.52000000000000002,13,5.2999999999999998,r0001,38,0.38905534205857328
case_sable,0.52000000000000002,13,5.2999999999999998,r0002,38,0.46167504607742499
case_sable,0.52000000000000002,13,5.2999999999999998,r0003,38,0.35488309085513431
case_sable,0.52000000000000002,13,5.2999999999999998,r0004,38,0.34292687155939028
case_sable,0.52000000000000002,13,5.2999999999999998,r0005,38,0.3246528570693204
case_sable,0.52000000000000002,13,5.2999999999999998,r0006,38,0.27213782618444204
case_sable,0.52000000000000002,13,5.2999999999999998,r0007,38,0.41869640948702597
case_sable,0.52000000000000002,13,5.2999999999999998,r0008,38,0.37360858851398066
case_sable,0.52000000000000002,13,5.2999999999999998,r0009,38,0.40941980886856028
case_sable,0.52000000000000002,13,5.2999999999999998,r0010,38,0.35739107160825268
case_sable,0.52000000000000002,13,5.2999999999999998,r0011,38,0.36825474604366104
case_sable,0.52000000000000002,13,5.2999999999999998,r0012,38,0.40481177406149071
case_sable,0.52000000000000002,13,5.2999999999999998,r0013,38,0.40410648587671649
case_sable,0.52000000000000002,13,5.2999999999999998,r0014,38,0.42564178253789586
case_sable,0.52000000000000002,13,5.2999999999999998,r0015,38,0.37265703769111996
case_sable,0.52000000000000002,13,5.2999999999999998,r0016,38,0.40004955223157712
case_sable,0.52000000000000002,13,5.2999999999999998,r0017,38,0.4127819518445266
case_sable,0.52000000000000002,13,5.2999999999999998,r0018,38,0.34953697829173186
case_sable,0.52000000000000002,13,5.2999999999999998,r0019,38,0.26683183704376312
case_sable,0.52000000000000002,13,5.2999999999999998,r0020,38,0.31796367484834315
case_sable,0.52000000000000002,13,5.2999999999999998,r0021,38,0.32638578775590793
case_sable,0.52000000000000002,13,5.2999999999999998,r0022,38,0.44375432651850416
case_sable,0.52000000000000002,13,5.2999999999999998,r0023,38,0.39248941477163618
case_sable,0.52000000000000002,13,5.2999999999999998,r0024,38,0.20488783681574896
case_sable,0.52000000000000002,13,5.2999999999999998,r0025,38,0.3378329425171136
case_sable,0.52000000000000002,13,5.2999999999999998,r0026,38,0.36500106695962442
case_sable,0.52000000000000002,13,5.2999999999999998,r0027,38,0.43334012611939915
case_sable,0.52000000000000002,13,5.2999999999999998,r0028,38,0.39917119218015545
case_sable,0.52000000000000002,13,5.2999999999999998,r0029,38,0.22846654433411495
case_sable,0.52000000000000002,20,1.7,r0000,24,0.4708111759433708
case_sable,0.52000000000000002,20,1.7,r0001,24,0.44371266380870233
case_sable,0.52000000000000002,20,1.7,r0002,24,0.60340048554077097
case_sable,0.52000000000000002,20,1.7,r0003,24,0.56440552561360446
case_sable,0.52000000000000002,20,1.7,r0004,24,0.57851282162872597
case_sable,0.52000000000000002,20,1.7,r0005,24,0.53581976183836211
case_sable,0.52000000000000002,20,1.7,r0006,24,0.52757888040481449
case_sable,0.52000000000000002,20,1.7,r0007,24,0.51334199966057892
case_sable,0.52000000000000002,20,1.7,r0008,24,0.45309601503729624
case_sable,0.52000000000000002,20,1.7,r0009,24,0.55177561851121171
case_sable,0.52000000000000002,20,1.7,r0010,24,0.58152533379081539
case_sable,0.52000000000000002,20,1.7,r0011,24,0.61048945078138572
case_sable,0.52000000000000002,20,1.7,r0012,24,0.50529771280433644
case_sable,0.52000000000000002,20,1.7,r0013,24,0.60887927710759637
case_sable,0.52000000000000002,20,1.7,r0014,24,0.46080169918423514
case_sable,0.52000000000000002,20,1.7,r0015,24,0.54202278627877021
case_sable,0.52000000000000002,20,1.7,r0016,24,0.62245562511059771
case_sable,0.52000000000000002,20,1.7,r0017,24,0.60076036553227752
case_sable,0.52000000000000002,20,1.7,r0018,24,0.47978482281360008
case_sable,0.52000000000000002,20,1.7,r0019,24,0.51590658122075317
case_sable,0.52000000000000002,20,1.7,r0020,24,0.41740791508410435
case_sable,0.52000000000000002,20,1.7,r0021,24,0.59732465410470581
case_sable,0.52000000000000002,20,1.7,r0022,24,0.52558712842334687
case_sable,0.52000000000000002,20,1.7,r0023,24,0.45623883020959982
case_sable,0.52000000000000002,20,1.7,r0024,24,0.53305352244273985
case_sable,0.52000000000000002,20,1.7,r0025,24,0.47740023735083231
case_sable,0.52000000000000002,20,1.7,r0026,24,0.5293827977034784
case_sable,0.52000000000000002,20,1.7,r0027,24,0.5602530317116533
case_sable,0.52000000000000002,20,1.7,r0028,24,0.55590675467340134
case_sable,0.52000000000000002,20,1.7,r0029,24,0.52151109726227229
case_sable,0.52000000000000002,20,2.1499999999999999,r0000,24,0.58442701218497095
case_sable,0.52000000000000002,20,2.1499999999999999,r0001,24,0.480701625481609
case_sable,0.52000000000000002,20,2.1499999999999999,r0002,24,0.64396522141629353
case_sable,0.52000000000000002,20,2.1499999999999999,r0003,24,0.47945872408543849
case_sable,0.52000000000000002,20,2.1499999999999999,r0004,24,0.42172759092075135
case_sable,0.52000000000000002,20,2.1499999999999999,r0005,24,0.41976330995928057
case_sable,0.52000000000000002,20,2.1499999999999999,r0006,24,0.56477810724788946
case_sable,0.52000000000000002,20,2.1499999999999999,r0007,24,0.54239984992351575
case_sable,0.52000000000000002,20,2.1499999999999999,r0008,24,0.52833288207928708
case_sable,0.52000000000000002,20,2.1499999999999999,r0009,24,0.38799049446656236
case_sable,0.52000000000000002,20,2.1499999999999999,r0010,24,0.53205905583068835
case_sable,0.52000000000000002,20,2.1499999999999999,r0011,24,0.49933939877232608
case_sable,0.52000000000000002,20,2.1499999999999999,r0012,24,0.50630410336280751
case_sable,0.52000000000000002,20,2.1499999999999999,r0013,24,0.5306283067948272
case_sable,0.52000000000000002,20,2.1499999999999999,r0014,24,0.47715866538524798
case_sable,0.52000000000000002,20,2.1499999999999999,r0015,24,0.43664455986271222
case_sable,0.52000000000000002,20,2.1499999999999999,r0016,24,0.57009482627734365
case_sable,0.52000000000000002,20,2.1499999999999999,r0017,24,0.6647513078989209
case_sable,0.52000000000000002,20,2.1499999999999999,r0018,24,0.48493657890399872
case_sable,0.52000000000000002,20,2.1499999999999999,r0019,24,0.47391335440043525
case_sable,0.52000000000000002,20,2.1499999999999999,r0020,24,0.48802827064226612
case_sable,0.52000000000000002,20,2.1499999999999999,r0021,24,0.52388499616997897
case_sable,0.52000000000000002,20,2.1499999999999999,r0022,24,0.58147331696198812
case_sable,0.52000000000000002,20,2.1499999999999999,r0023,24,0.5395102021929663
case_sable,0.52000000000000002,20,2.1499999999999999,r0024,24,0.61518484592511424
case_sable,0.52000000000000002,20,2.1499999999999999,r0025,24,0.54260208070587146
case_sable,0.52000000000000002,20,2.1499999999999999,r0026,24,0.6049456463548768
case_sable,0.52000000000000002,20,2.1499999999999999,r0027,24,0.43923664138529422
case_sable,0.52000000000000002,20,2.1499999999999999,r0028,24,0.5353865236186045
case_sable,0.52000000000000002,20,2.1499999999999999,r0029,24,0.56985182491647712
case_sable,0.52000000000000002,20,2.6000000000000001,r0000,24,0.42460989683731915
case_sable,0.52000000000000002,20,2.6000000000000001,r0001,24,0.50293212408580124
case_sable,0.52000000000000002,20,2.6000000000000001,r0002,24,0.56787948949025346
case_sable,0.52000000000000002,20,2.6000000000000001,r0003,24,0.49040505362124476
case_sable,0.52000000000000002,20,2.6000000000000001,r0004,24,0.47547526322049216
case_sable,0.52000000000000002,20,2.6000000000000001,r0005,24,0.54551480621833703
case_sable,0.52000000000000002,20,2.6000000000000001,r0006,24,0.52443541283258088
case_sable,0.52000000000000002,20,2.6000000000000001,r0007,24,0.57087039509154625
case_sable,0.52000000000000002,20,2.6000000000000001,r0008,24,0.42499419410675432
case_sable,0.52000000000000002,20,2.6000000000000001,r0009,24,0.59405511619175133
case_sable,0.52000000000000002,20,2.6000000000000001,r0010,24,0.5710996987942103
case_sable,0.52000000000000002,20,2.6000000000000001,r0011,24,0.5571172216219562
case_sable,0.52000000000000002,20,2.6000000000000001,r0012,24,0.61582961257717272
case_sable,0.52000000000000002,20,2.6000000000000001,r0013,24,0.51008956225057112
case_sable,0.52000000000000002,20,2.6000000000000001,r0014,24,0.5602997167537983
case_sable,0.52000000000000002,20,2.6000000000000001,r0015,24,0.52162651209212318
case_sable,0.52000000000000002,20,2.6000000000000001,r0016,24,0.56118550177296467
case_sable,0.52000000000000002,20,2.6000000000000001,r0017,24,0.65321107059273098
case_sable,0.52000000000000002,20,2.6000000000000001,r0018,24,0.46084299417407609
case_sable,0.52000000000000002,20,2.6000000000000001,r0019,24,0.57305426157777484
case_sable,0.52000000000000002,20,2.6000000000000001,r0020,24,0.51688287073401973
case_sable,0.52000000000000002,20,2.6000000000000001,r0021,24,0.61358209610083991
case_sable,0.52000000000000002,20,2.6000000000000001,r0022,24,0.51530373421194997
case_sable,0.52000000000000002,20,2.6000000000000001,r0023,24,0.6923515975579555
case_sable,0.52000000000000002,20,2.6000000000000001,r0024,24,0.55805739893439121
case_sable,0.52000000000000002,20,2.6000000000000001,r0025,24,0.50238401262386356
case_sable,0.52000000000000002,20,2.6000000000000001,r0026,24,0.4901976543327986
case_sable,0.52000000000000002,20,2.6000000000000001,r0027,24,0.53429887587379421
case_sable,0.52000000000000002,20,2.6000000000000001,r0028,24,0.63175285372539536
case_sable,0.52000000000000002,20,2.6000000000000001,r0029,24,0.54325991737358792
case_sable,0.52000000000000002,20,3.0499999999999998,r0000,24,0.53562333577889776
case_sable,0.52000000000000002,20,3.0499999999999998,r0001,24,0.55667547814511409
case_sable,0.52000000000000002,20,3.0499999999999998,r0002,24,0.48166695019922151
case_sable,0.52000000000000002,20,3.0499999999999998,r0003,24,0.46208506393043408
case_sable,0.52000000000000002,20,3.0499999999999998,r0004,24,0.44886105424662626
case_sable,0.52000000000000002,20,3.0499999999999998,r0005,24,0.55291761550383767
case_sable,0.52000000000000002,20,3.0499999999999998,r0006,24,0.4990256085801143
case_sable,0.52000000000000002,20,3.0499999999999998,r0007,24,0.67297378993696189
case_sable,0.52000000000000002,20,3.0499999999999998,r0008,24,0.5267285023379864
case_sable,0.52000000000000002,20,3.0499999999999998,r0009,24,0.56873828557670958
case_sable,0.52000000000000002,20,3.0499999999999998,r0010,24,0.48772152484493397
case_sable,0.52000000000000002,20,3.0499999999999998,r0011,24,0.57727448887288757
case_sable,0.52000000000000002,20,3.0499999999999998,r0012,24,0.46118464920810548
case_sable,0.52000000000000002,20,3.0499999999999998,r0013,24,0.44360040593483568
case_sable,0.52000000000000002,20,3.0499999999999998,r0014,24,0.55419084666918694
case_sable,0.52000000000000002,20,3.0499999999999998,r0015,24,0.54355381748590859
case_sable,0.52000000000000002,20,3.0499999999999998,r0016,24,0.63851165927646714
case_sable,0.52000000000000002,20,3.0499999999999998,r0017,24,0.5161493557287663
case_sable,0.52000000000000002,20,3.0499999999999998,r0018,24,0.46506390192315528
case_sable,0.52000000000000002,20,3.0499999999999998,r0019,24,0.51564982821194749
case_sable,0.52000000000000002,20,3.0499999999999998,r0020,24,0.45441707155681704
case_sable,0.52000000000000002,20,3.0499999999999998,r0021,24,0.59448045315852316
case_sable,0.52000000000000002,20,3.0499999999999998,r0022,24,0.61033908059683872
case_sable,0.52000000000000002,20,3.0499999999999998,r0023,24,0.46870211969073283
case_sable,0.52000000000000002,20,3.0499999999999998,r0024,24,0.47294852218834532
case_sable,0.52000000000000002,20,3.0499999999999998,r0025,24,0.60078288885201336
case_sable,0.52000000000000002,20,3.0499999999999998,r0026,24,0.57126673765424119
case_sable,0.52000000000000002,20,3.0499999999999998,r0027,24,0.46607289769288557
case_sable,0.52000000000000002,20,3.0499999999999998,r0028,24,0.42334732646223355
case_sable,0.52000000000000002,20,3.0499999999999998,r0029,24,0.44349622686937762
case_sable,0.52000000000000002,20,3.5,r0000,25,0.59101625584829331
case_sable,0.52000000000000002,20,3.5,r0001,24,0.53129543951108049
case_sable,0.52000000000000002,20,3.5,r0002,25,0.56793934041741934
case_sable,0.52000000000000002,20,3.5,r0003,25,0.5831061087207019
case_sable,0.52000000000000002,20,3.5,r0004,24,0.5635908931796707
case_sable,0.52000000000000002,20,3.5,r0005,24,0.41287695046236816
case_sable,0.52000000000000002,20,3.5,r0006,24,0.46889095570592271
case_sable,0.52000000000000002,20,3.5,r0007,24,0.54961615240611017
case_sable,0.52000000000000002,20,3.5,r0008,24,0.49028687835439905
case_sable,0.52000000000000002,20,3.5,r0009,24,0.43858626063079226
case_sable,0.52000000000000002,20,3.5,r0010,24,0.58352833293032047
case_sable,0.52000000000000002,20,3.5,r0011,25,0.48128534553720576
case_sable,0.52000000000000002,20,3.5,r0012,24,0.54736780294445475
case_sable,0.52000000000000002,20,3.5,r0013,25,0.47779073480325623
case_sable,0.52000000000000002,20,3.5,r0014,25,0.4840396043042256
case_sable,0.52000000000000002,20,3.5,r0015,24,0.55821544863609385
case_sable,0.52000000000000002,20,3.5,r0016,24,0.59701756818510843
case_sable,0.52000000000000002,20,3.5,r0017,24,0.53103718498094421
case_sable,0.52000000000000002,20,3.5,r0018,24,0.51696168097017547
case_sable,0.52000000000000002,20,3.5,r0019,24,0.46377111292347611
case_sable,0.52000000000000002,20,3.5,r0020,24,0.54179595867418184
case_sable,0.52000000000000002,20,3.5,r0021,24,0.51339879174245373
case_sable,0.52000000000000002,20,3.5,r0022,24,0.57850666063230061
case_sable,0.52000000000000002,20,3.5,r0023,24,0.4775229680466142
case_sable,0.52000000000000002,20,3.5,r0024,24,0.49894908265984528
case_sable,0.52000000000000002,20,3.5,r0025,24,0.62052759682411551
case_sable,0.52000000000000002,20,3.5,r0026,24,0.58305854912204169
case_sable,0.52000000000000002,20,3.5,r0027,24,0.53121472192237829
case_sable,0.52000000000000002,20,3.5,r0028,24,0.52918755704501319
case_sable,0.52000000000000002,20,3.5,r0029,24,0.51753911487568616
case_sable,0.52000000000000002,20,3.9500000000000002,r0000,38,0.4095888918254299
case_sable,0.52000000000000002,20,3.9500000000000002,r0001,38,0.3982930971522291
case_sable,0.52000000000000002,20,3.9500000000000002,r0002,38,0.31214926091767375
case_sable,0.52000000000000002,20,3.9500000000000002,r0003,38,0.40669911552263366
case_sable,0.52000000000000002,20,3.9500000000000002,r0004,38,0.43595561980275122
case_sable,0.52000000000000002,20,3.9500000000000002,r0005,38,0.34673054389797281
case_sable,0.52000000000000002,20,3.9500000000000002,r0006,38,0.42898968755888306
case_sable,0.52000000000000002,20,3.9500000000000002,r0007,38,0.38838576493555943
case_sable,0.52000000000000002,20,3.9500000000000002,r0008,38,0.4501629718897508
case_sable,0.52000000000000002,20,3.9500000000000002,r0009,38,0.40801205475752977
case_sable,0.52000000000000002,20,3.9500000000000002,r0010,38,0.41923637010348352
case_sable,0.52000000000000002,20,3.9500000000000002,r0011,38,0.46077888174144377
case_sable,0.52000000000000002,20,3.9500000000000002,r0012,38,0.45691921328888457
case_sable,0.52000000000000002,20,3.9500000000000002,r0013,38,0.42057970296469094
case_sable,0.52000000000000002,20,3.9500000000000002,r0014,38,0.3871527289300889
case_sable,0.52000000000000002,20,3.9500000000000002,r0015,38,0.38084860497093215
case_sable,0.52000000000000002,20,3.9500000000000002,r0016,38,0.3268725910196732
case_sable,0.52000000000000002,20,3.9500000000000002,r0017,38,0.39523984877749213
case_sable,0.52000000000000002,20,3.9500000000000002,r0018,38,0.37559962644876788
case_sable,0.52000000000000002,20,3.9500000000000002,r0019,38,0.38021680506702588
case_sable,0.52000000000000002,20,3.9500000000000002,r0020,38,0.48309408152602751
case_sable,0.52000000000000002,20,3.9500000000000002,r0021,38,0.39660654304342446
case_sable,0.52000000000000002,20,3.9500000000000002,r0022,38,0.3005396201169675
case_sable,0.52000000000000002,20,3.9500000000000002,r0023,38,0.34243408601922348
case_sable,0.52000000000000002,20,3.9500000000000002,r0024,38,0.41948992342912128
case_sable,0.52000000000000002,20,3.9500000000000002,r0025,38,0.32717822195243101
case_sable,0.52000000000000002,20,3.9500000000000002,r0026,38,0.41111635583783529
case_sable,0.52000000000000002,20,3.9500000000000002,r0027,38,0.43689570369987685
case_sable,0.52000000000000002,20,3.9500000000000002,r0028,38,0.43938663336227179
case_sable,0.52000000000000002,20,3.9500000000000002,r0029,38,0.50237412941778581
case_sable,0.52000000000000002,20,4.4000000000000004,r0000,38,0.50215864609157979
case_sable,0.52000000000000002,20,4.4000000000000004,r0001,38,0.38026475631751661
case_sable,0.52000000000000002,20,4.4000000000000004,r0002,38,0.3303561593764488
case_sable,0.52000000000000002,20,4.4000000000000004,r0003,38,0.32254876146983841
case_sable,0.52000000000000002,20,4.4000000000000004,r0004,38,0.38404993542007737
case_sable,0.52000000000000002,20,4.4000000000000004,r0005,38,0.40210323834584294
case_sable,0.52000000000000002,20,4.4000000000000004,r0006,38,0.43627074555921869
case_sable,0.52000000000000002,20,4.4000000000000004,r0007,38,0.38600873588440876
case_sable,0.52000000000000002,20,4.4000000000000004,r0008,38,0.28499028946621002
case_sable,0.52000000000000002,20,4.4000000000000004,r0009,38,0.48549040268752358
case_sable,0.52000000000000002,20,4.4000000000000004,r0010,38,0.30786484802996622
case_sable,0.52000000000000002,20,4.4000000000000004,r0011,38,0.39440218142838385
case_sable,0.52000000000000002,20,4.4000000000000004,r0012,38,0.33769603543136262
case_sable,0.52000000000000002,20,4.4000000000000004,r0013,38,0.3546693936189233
case_sable,0.52000000000000002,20,4.4000000000000004,r0014,38,0.34310532156397966
case_sable,0.52000000000000002,20,4.4000000000000004,r0015,38,0.42670408835845963
case_sable,0.52000000000000002,20,4.4000000000000004,r0016,38,0.39146566681131911
case_sable,0.52000000000000002,20,4.4000000000000004,r0017,38,0.33881975013699722
case_sable,0.52000000000000002,20,4.4000000000000004,r0018,38,0.36923858073766025
case_sable,0.52000000000000002,20,4.4000000000000004,r0019,38,0.33113961991402507
case_sable,0.52000000000000002,20,4.4000000000000004,r0020,38,0.50940636829660579
case_sable,0.52000000000000002,20,4.4000000000000004,r0021,38,0.47580321873845932
case_sable,0.52000000000000002,20,4.4000000000000004,r0022,38,0.32498289885825304
case_sable,0.52000000000000002,20,4.4000000000000004,r0023,38,0.40246420430471103
case_sable,0.52000000000000002,20,4.4000000000000004,r0024,38,0.49034938222014041
case_sable,0.52000000000000002,20,4.4000000000000004,r0025,38,0.43425689247441634
case_sable,0.52000000000000002,20,4.4000000000000004,r0026,38,0.31666660527885238
case_sable,0.52000000000000002,20,4.4000000000000004,r0027,38,0.40512305462396114
case_sable,0.52000000000000002,20,4.4000000000000004,r0028,38,0.33960301503840568
case_sable,0.52000000000000002,20,4.4000000000000004,r0029,38,0.43765511635359455
case_sable,0.52000000000000002,20,4.8499999999999996,r0000,38,0.45318581348994774
case_sable,0.52000000000000002,20,4.8499999999999996,r0001,38,0.42845247430065486
case_sable,0.52000000000000002,20,4.8499999999999996,r0002,38,0.41738817694135716
case_sable,0.52000000000000002,20,4.8499999999999996,r0003,38,0.36022992789132591
case_sable,0.52000000000000002,20,4.8499999999999996,r0004,38,0.35394890192748685
case_sable,0.52000000000000002,20,4.8499999999999996,r0005,38,0.28326589612503139
case_sable,0.52000000000000002,20,4.8499999999999996,r0006,38,0.48717783763166705
case_sable,0.52000000000000002,20,4.8499999999999996,r0007,38,0.40738372197647943
case_sable,0.52000000000000002,20,4.8499999999999996,r0008,38,0.43870311181044958
case_sable,0.52000000000000002,20,4.8499999999999996,r0009,38,0.3889937382407751
case_sable,0.52000000000000002,20,4.8499999999999996,r0010,38,0.34814478638751206
case_sable,0.52000000000000002,20,4.8499999999999996,r0011,38,0.4725086107883878
case_sable,0.52000000000000002,20,4.8499999999999996,r0012,38,0.27748371604602556
case_sable,0.52000000000000002,20,4.8499999999999996,r0013,38,0.35641654218636698
case_sable,0.52000000000000002,20,4.8499999999999996,r0014,38,0.47787963546890494
case_sable,0.52000000000000002,20,4.8499999999999996,r0015,38,0.29347115086514908
case_sable,0.52000000000000002,20,4.8499999999999996,r0016,38,0.4554295038536178
case_sable,0.52000000000000002,20,4.8499999999999996,r0017,38,0.34617928414542593
case_sable,0.52000000000000002,20,4.8499999999999996,r0018,38,0.45535349116950957
case_sable,0.52000000000000002,20,4.8499999999999996,r0019,38,0.37583521184287561
case_sable,0.52000000000000002,20,4.8499999999999996,r0020,38,0.48381060664144043
case_sable,0.52000000000000002,20,4.8499999999999996,r0021,38,0.40096958709332103
case_sable,0.52000000000000002,20,4.8499999999999996,r0022,38,0.39394837566722685
case_sable,0.52000000000000002,20,4.8499999999999996,r0023,38,0.42529626499502554
case_sable,0.52000000000000002,20,4.8499999999999996,r0024,38,0.36413454321061084
case_sable,0.52000000000000002,20,4.8499999999999996,r0025,38,0.33349127497485276
case_sable,0.52000000000000002,20,4.8499999999999996,r0026,38,0.43517332205961812
case_sable,0.52000000000000002,20,4.8499999999999996,r0027,38,0.32143485793825199
case_sable,0.52000000000000002,20,4.8499999999999996,r0028,38,0.40369960632361473
case_sable,0.52000000000000002,20,4.8499999999999996,r0029,38,0.39144918770771603
case_sable,0.52000000000000002,20,5.2999999999999998,r0000,38,0.45662438560680091
case_sable,0.52000000000000002,20,5.2999999999999998,r0001,38,0.44542474278965211
case_sable,0.52000000000000002,20,5.2999999999999998,r0002,38,0.39931009172298182
case_sable,0.52000000000000002,20,5.2999999999999998,r0003,38,0.39234244702293086
case_sable,0.52000000000000002,20,5.2999999999999998,r0004,38,0.37071771048931179
case_sable,0.52000000000000002,20,5.2999999999999998,r0005,38,0.30516152715832701
case_sable,0.52000000000000002,20,5.2999999999999998,r0006,38,0.31307079621289152
case_sable,0.52000000000000002,20,5.2999999999999998,r0007,38,0.38591954848504967
case_sable,0.52000000000000002,20,5.2999999999999998,r0008,38,0.41515441351076549
case_sable,0.52000000000000002,20,5.2999999999999998,r0009,38,0.31456136161363696
case_sable,0.52000000000000002,20,5.2999999999999998,r0010,38,0.40771602102155063
case_sable,0.52000000000000002,20,5.2999999999999998,r0011,38,0.34894513375350888
case_sable,0.52000000000000002,20,5.2999999999999998,r0012,38,0.39772904511812557
case_sable,0.52000000000000002,20,5.2999999999999998,r0013,38,0.39022114451120044
case_sable,0.52000000000000002,20,5.2999999999999998,r0014,38,0.49836659790597204
case_sable,0.52000000000000002,20,5.2999999999999998,r0015,38,0.4164826331667702
case_sable,0.52000000000000002,20,5.2999999999999998,r0016,38,0.43998667404495567
case_sable,0.52000000000000002,20,5.2999999999999998,r0017,38,0.50661696810056833
case_sable,0.52000000000000002,20,5.2999999999999998,r0018,38,0.38258611781132851
case_sable,0.52000000000000002,20,5.2999999999999998,r0019,38,0.39561778476262183
case_sable,0.52000000000000002,20,5.2999999999999998,r0020,38,0.42704081836302082
case_sable,0.52000000000000002,20,5.2999999999999998,r0021,38,0.29125258032525075
case_sable,0.52000000000000002,20,5.2999999999999998,r0022,38,0.38722199799416346
case_sable,0.52000000000000002,20,5.2999999999999998,r0023,38,0.33954674910817179
case_sable,0.52000000000000002,20,5.2999999999999998,r0024,38,0.30840338911396187
case_sable,0.52000000000000002,20,5.2999999999999998,r0025,38,0.36400104079983892
case_sable,0.52000000000000002,20,5.2999999999999998,r0026,38,0.41634811071743766
case_sable,0.52000000000000002,20,5.2999999999999998,r0027,38,0.33212516981332879
case_sable,0.52000000000000002,20,5.2999999999999998,r0028,38,0.34770769343546448
case_sable,0.52000000000000002,20,5.2999999999999998,r0029,38,0.4113525163568707
case_sable,0.52000000000000002,29,1.7,r0000,24,0.54881330116723392
case_sable,0.52000000000000002,29,1.7,r0001,24,0.62453289846030646
case_sable,0.52000000000000002,29,1.7,r0002,24,0.51595641898522326
case_sable,0.52000000000000002,29,1.7,r0003,24,0.45871788417541498
case_sable,0.52000000000000002,29,1.7,r0004,24,0.59435422410662186
case_sable,0.52000000000000002,29,1.7,r0005,24,0.53873404289398374
case_sable,0.52000000000000002,29,1.7,r0006,24,0.42607996026926848
case_sable,0.52000000000000002,29,1.7,r0007,24,0.61795321410887227
case_sable,0.52000000000000002,29,1.7,r0008,24,0.46315350933272009
case_sable,0.52000000000000002,29,1.7,r0009,24,0.54499866027855026
case_sable,0.52000000000000002,29,1.7,r0010,24,0.51355115889142111
case_sable,0.52000000000000002,29,1.7,r0011,24,0.4646671122871095
case_sable,0.52000000000000002,29,1.7,r0012,24,0.59299312756407629
case_sable,0.52000000000000002,29,1.7,r0013,24,0.53774182100241474
case_sable,0.52000000000000002,29,1.7,r0014,24,0.57050112296451838
case_sable,0.52000000000000002,29,1.7,r0015,24,0.57466869442602553
case_sable,0.52000000000000002,29,1.7,r0016,24,0.53004305776705463
case_sable,0.52000000000000002,29,1.7,r0017,24,0.52220027512181633
case_sable,0.52000000000000002,29,1.7,r0018,24,0.54108442234759302
case_sable,0.52000000000000002,29,1.7,r0019,24,0.5692761851973771
case_sable,0.52000000000000002,29,1.7,r0020,24,0.52625685462938554
case_sable,0.52000000000000002,29,1.7,r0021,24,0.50507594560597902
case_sable,0.52000000000000002,29,1.7,r0022,24,0.43905894635920423
case_sable,0.52000000000000002,29,1.7,r0023,24,0.50266537049117854
case_sable,0.52000000000000002,29,1.7,r0024,24,0.55528347112076704
case_sable,0.52000000000000002,29,1.7,r0025,24,0.468253633778349
case_sable,0.52000000000000002,29,1.7,r0026,24,0.47892044185201704
case_sable,0.52000000000000002,29,1.7,r0027,24,0.51849915193827878
case_sable,0.52000000000000002,29,1.7,r0028,24,0.62718528868003542
case_sable,0.52000000000000002,29,1.7,r0029,24,0.48348635015135627
case_sable,0.52000000000000002,29,2.1499999999999999,r0000,24,0.45664556363296799
case_sable,0.52000000000000002,29,2.1499999999999999,r0001,24,0.62275712888789381
case_sable,0.52000000000000002,29,2.1499999999999999,r0002,24,0.63160445970440271
case_sable,0.52000000000000002,29,2.1499999999999999,r0003,24,0.40632173579267006
case_sable,0.52000000000000002,29,2.1499999999999999,r0004,24,0.49647642392032054
case_sable,0.52000000000000002,29,2.1499999999999999,r0005,24,0.53672233532963631
case_sable,0.52000000000000002,29,2.1499999999999999,r0006,24,0.62519755427767232
case_sable,0.52000000000000002,29,2.1499999999999999,r0007,24,0.56994794947509231
case_sable,0.52000000000000002,29,2.1499999999999999,r0008,24,0.48570589938309655
case_sable,0.52000000000000002,29,2.1499999999999999,r0009,24,0.50470103998746974
case_sable,0.52000000000000002,29,2.1499999999999999,r0010,24,0.51885520953876796
case_sable,0.52000000000000002,29,2.1499999999999999,r0011,24,0.39115637799590958
case_sable,0.52000000000000002,29,2.1499999999999999,r0012,24,0.57341129812227354
case_sable,0.52000000000000002,29,2.1499999999999999,r0013,24,0.48372348738685772
case_sable,0.52000000000000002,29,2.1499999999999999,r0014,24,0.57718765388177673
case_sable,0.52000000000000002,29,2.1499999999999999,r0015,24,0.51694563619419365
case_sable,0.52000000000000002,29,2.1499999999999999,r0016,24,0.63674947769151891
case_sable,0.52000000000000002,29,2.1499999999999999,r0017,24,0.57239943547076277
case_sable,0.52000000000000002,29,2.1499999999999999,r0018,24,0.52497847127859509
case_sable,0.52000000000000002,29,2.1499999999999999,r0019,24,0.51089873308955303
case_sable,0.52000000000000002,29,2.1499999999999999,r0020,24,0.42052734139715886
case_sable,0.52000000000000002,29,2.1499999999999999,r0021,24,0.52269714481846685
case_sable,0.52000000000000002,29,2.1499999999999999,r0022,24,0.52411720424914676
case_sable,0.52000000000000002,29,2.1499999999999999,r0023,24,0.59385718882534244
case_sable,0.52000000000000002,29,2.1499999999999999,r0024,24,0.51226065360395934
case_sable,0.52000000000000002,29,2.1499999999999999,r0025,24,0.49506406346952309
case_sable,0.52000000000000002,29,2.1499999999999999,r0026,24,0.5355917171986958
case_sable,0.52000000000000002,29,2.1499999999999999,r0027,24,0.61125607194648957
case_sable,0.52000000000000002,29,2.1499999999999999,r0028,24,0.56012827534092291
case_sable,0.52000000000000002,29,2.1499999999999999,r0029,24,0.43814849128019961
case_sable,0.52000000000000002,29,2.6000000000000001,r0000,24,0.5209513522932363
case_sable,0.52000000000000002,29,2.6000000000000001,r0001,24,0.43799827870680064
case_sable,0.52000000000000002,29,2.6000000000000001,r0002,24,0.44219234719371769
case_sable,0.52000000000000002,29,2.6000000000000001,r0003,24,0.60182833460885632
case_sable,0.52000000000000002,29,2.6000000000000001,r0004,24,0.53154444201704709
case_sable,0.52000000000000002,29,2.6000000000000001,r0005,24,0.50138083864581218
case_sable,0.52000000000000002,29,2.6000000000000001,r0006,24,0.50221835748002042
case_sable,0.52000000000000002,29,2.6000000000000001,r0007,24,0.5417946218691424
case_sable,0.52000000000000002,29,2.6000000000000001,r0008,24,0.52621619259278596
case_sable,0.52000000000000002,29,2.6000000000000001,r0009,24,0.56462143298798428
case_sable,0.52000000000000002,29,2.6000000000000001,r0010,24,0.55854860872743295
case_sable,0.52000000000000002,29,2.6000000000000001,r0011,24,0.57723064138845925
case_sable,0.52000000000000002,29,2.6000000000000001,r0012,24,0.53903839943171983
case_sable,0.52000000000000002,29,2.6000000000000001,r0013,24,0.52394569358092979
case_sable,0.52000000000000002,29,2.6000000000000001,r0014,24,0.43714922187067734
case_sable,0.52000000000000002,29,2.6000000000000001,r0015,24,0.661738546474406
case_sable,0.52000000000000002,29,2.6000000000000001,r0016,24,0.51149814193054544
case_sable,0.52000000000000002,29,2.6000000000000001,r0017,24,0.48392739739657609
case_sable,0.52000000000000002,29,2.6000000000000001,r0018,24,0.52426299647365893
case_sable,0.52000000000000002,29,2.6000000000000001,r0019,24,0.54452519039668712
case_sable,0.52000000000000002,29,2.6000000000000001,r0020,24,0.49795435140307104
case_sable,0.52000000000000002,29,2.6000000000000001,r0021,24,0.34083782955927749
case_sable,0.52000000000000002,29,2.6000000000000001,r0022,24,0.4448526255224019
case_sable,0.52000000000000002,29,2.6000000000000001,r0023,24,0.46493700808556132
case_sable,0.52000000000000002,29,2.6000000000000001,r0024,24,0.5389026205171038
case_sable,0.52000000000000002,29,2.6000000000000001,r0025,24,0.54799554579339416
case_sable,0.52000000000000002,29,2.6000000000000001,r0026,24,0.50410794798791791
case_sable,0.52000000000000002,29,2.6000000000000001,r0027,24,0.5111531588780226
case_sable,0.52000000000000002,29,2.6000000000000001,r0028,24,0.51315710989023977
case_sable,0.52000000000000002,29,2.6000000000000001,r0029,24,0.43846207111030128
case_sable,0.52000000000000002,29,3.0499999999999998,r0000,24,0.46065526926906047
case_sable,0.52000000000000002,29,3.0499999999999998,r0001,24,0.52655367317541457
case_sable,0.52000000000000002,29,3.0499999999999998,r0002,24,0.63063215809220319
case_sable,0.52000000000000002,29,3.0499999999999998,r0003,24,0.50215450274224327
case_sable,0.52000000000000002,29,3.0499999999999998,r0004,24,0.5394886869304405
case_sable,0.52000000000000002,29,3.0499999999999998,r0005,24,0.49240426676534171
case_sable,0.52000000000000002,29,3.0499999999999998,r0006,24,0.55294832109156589
case_sable,0.52000000000000002,29,3.0499999999999998,r0007,24,0.54702275662904054
case_sable,0.52000000000000002,29,3.0499999999999998,r0008,24,0.52743313074181819
case_sable,0.52000000000000002,29,3.0499999999999998,r0009,24,0.60935748820202629
case_sable,0.52000000000000002,29,3.0499999999999998,r0010,24,0.53208519347369965
case_sable,0.52000000000000002,29,3.0499999999999998,r0011,24,0.61171293420290918
case_sable,0.52000000000000002,29,3.0499999999999998,r0012,24,0.57652156191833448
case_sable,0.52000000000000002,29,3.0499999999999998,r0013,24,0.48572028758384739
case_sable,0.52000000000000002,29,3.0499999999999998,r0014,24,0.51612961982948491
case_sable,0.52000000000000002,29,3.0499999999999998,r0015,24,0.46445483005306709
case_sable,0.52000000000000002,29,3.0499999999999998,r0016,24,0.58354109316039082
case_sable,0.52000000000000002,29,3.0499999999999998,r0017,24,0.53583704863863979
case_sable,0.52000000000000002,29,3.0499999999999998,r0018,24,0.51314509772526362
case_sable,0.52000000000000002,29,3.0499999999999998,r0019,24,0.62297983621319875
case_sable,0.52000000000000002,29,3.0499999999999998,r0020,24,0.55201131196201547
case_sable,0.52000000000000002,29,3.0499999999999998,r0021,24,0.39306695588039081
case_sable,0.52000000000000002,29,3.0499999999999998,r0022,24,0.6136004851938951
case_sable,0.52000000000000002,29,3.0499999999999998,r0023,24,0.5487148232880652
case_sable,0.52000000000000002,29,3.0499999999999998,r0024,24,0.57625377148224233
case_sable,0.52000000000000002,29,3.0499999999999998,r0025,24,0.55361761209202731
case_sable,0.52000000000000002,29,3.0499999999999998,r0026,24,0.61747450341507804
case_sable,0.52000000000000002,29,3.0499999999999998,r0027,24,0.67084707466459481
case_sable,0.52000000000000002,29,3.0499999999999998,r0028,24,0.54891437748248861
case_sable,0.52000000000000002,29,3.0499999999999998,r0029,24,0.58160656893976104
case_sable,0.52000000000000002,29,3.5,r0000,24,0.56346123769107537
case_sable,0.52000000000000002,29,3.5,r0001,24,0.49428817470121045
case_sable,0.52000000000000002,29,3.5,r0002,24,0.48240829631697224
case_sable,0.52000000000000002,29,3.5,r0003,24,0.51057044878651803
case_sable,0.52000000000000002,29,3.5,r0004,24,0.63872444366280534
case_sable,0.52000000000000002,29,3.5,r0005,24,0.57821880095968903
case_sable,0.52000000000000002,29,3.5,r0006,24,0.62327853240131958
case_sable,0.52000000000000002,29,3.5,r0007,24,0.52398345204155283
case_sable,0.52000000000000002,29,3.5,r0008,24,0.5282234742815145
case_sable,0.52000000000000002,29,3.5,r0009,24,0.58263333106033277
case_sable,0.52000000000000002,29,3.5,r0010,24,0.51232332562727445
case_sable,0.52000000000000002,29,3.5,r0011,24,0.59073108896647664
case_sable,0.52000000000000002,29,3.5,r0012,24,0.50203947983661568
case_sable,0.52000000000000002,29,3.5,r0013,24,0.60373112253839378
case_sable,0.52000000000000002,29,3.5,r0014,24,0.46354932116194209
case_sable,0.52000000000000002,29,3.5,r0015,24,0.50114292784506953
case_sable,0.52000000000000002,29,3.5,r0016,24,0.48072091028823288
case_sable,0.52000000000000002,29,3.5,r0017,24,0.61961182384477198
case_sable,0.52000000000000002,29,3.5,r0018,24,0.48938861248405607
case_sable,0.52000000000000002,29,3.5,r0019,24,0.52509491717606638
case_sable,0.52000000000000002,29,3.5,r0020,24,0.51450051588819112
case_sable,0.52000000000000002,29,3.5,r0021,24,0.56941041093976619
case_sable,0.52000000000000002,29,3.5,r0022,24,0.52410993966864605
case_sable,0.52000000000000002,29,3.5,r0023,24,0.56225012506016048
case_sable,0.52000000000000002,29,3.5,r0024,24,0.5742169213142575
case_sable,0.52000000000000002,29,3.5,r0025,24,0.59677401834902455
case_sable,0.52000000000000002,29,3.5,r0026,24,0.51048818092625059
case_sable,0.52000000000000002,29,3.5,r0027,24,0.42663398566083671
case_sable,0.52000000000000002,29,3.5,r0028,24,0.49613002577840265
case_sable,0.52000000000000002,29,3.5,r0029,24,0.56103948452431973
case_sable,0.52000000000000002,29,3.9500000000000002,r0000,38,0.40606794103531763
case_sable,0.52000000000000002,29,3.9500000000000002,r0001,38,0.44521642939221384
case_sable,0.52000000000000002,29,3.9500000000000002,r0002,38,0.36748324793837001
case_sable,0.52000000000000002,29,3.9500000000000002,r0003,38,0.41970662919195978
case_sable,0.52000000000000002,29,3.9500000000000002,r0004,38,0.44786059573738973
case_sable,0.52000000000000002,29,3.9500000000000002,r0005,38,0.42928591305980662
case_sable,0.52000000000000002,29,3.9500000000000002,r0006,38,0.35736018547272569
case_sable,0.52000000000000002,29,3.9500000000000002,r0007,38,0.30949541219501547
case_sable,0.52000000000000002,29,3.9500000000000002,r0008,38,0.33856681383920861
case_sable,0.52000000000000002,29,3.9500000000000002,r0009,38,0.45620816549327681
case_sable,0.52000000000000002,29,3.9500000000000002,r0010,38,0.47246220160849611
case_sable,0.52000000000000002,29,3.9500000000000002,r0011,38,0.27119604567133687
case_sable,0.52000000000000002,29,3.9500000000000002,r0012,38,0.31458446448254407
case_sable,0.52000000000000002,29,3.9500000000000002,r0013,38,0.40083097937687517
case_sable,0.52000000000000002,29,3.9500000000000002,r0014,38,0.38331929108526958
case_sable,0.52000000000000002,29,3.9500000000000002,r0015,38,0.44416954755044796
case_sable,0.52000000000000002,29,3.9500000000000002,r0016,38,0.43051989720436967
case_sable,0.52000000000000002,29,3.9500000000000002,r0017,38,0.42862047568858341
case_sable,0.52000000000000002,29,3.9500000000000002,r0018,38,0.33653607350407611
case_sable,0.52000000000000002,29,3.9500000000000002,r0019,38,0.36753048687484752
case_sable,0.52000000000000002,29,3.9500000000000002,r0020,38,0.38396242494999777
case_sable,0.52000000000000002,29,3.9500000000000002,r0021,38,0.40829030158637969
case_sable,0.52000000000000002,29,3.9500000000000002,r0022,38,0.40043662050183143
case_sable,0.52000000000000002,29,3.9500000000000002,r0023,38,0.3102851576548164
case_sable,0.52000000000000002,29,3.9500000000000002,r0024,38,0.35319252589612765
case_sable,0.52000000000000002,29,3.9500000000000002,r0025,38,0.48058271846222356
case_sable,0.52000000000000002,29,3.9500000000000002,r0026,38,0.42954590082424621
case_sable,0.52000000000000002,29,3.9500000000000002,r0027,38,0.35503331792090781
case_sable,0.52000000000000002,29,3.9500000000000002,r0028,38,0.44299367884218332
case_sable,0.52000000000000002,29,3.9500000000000002,r0029,38,0.33690748504536872
case_sable,0.52000000000000002,29,4.4000000000000004,r0000,38,0.31878817807205617
case_sable,0.52000000000000002,29,4.4000000000000004,r0001,38,0.45594297832465375
case_sable,0.52000000000000002,29,4.4000000000000004,r0002,38,0.3413447843216007
case_sable,0.52000000000000002,29,4.4000000000000004,r0003,38,0.35964299083057777
case_sable,0.52000000000000002,29,4.4000000000000004,r0004,38,0.3199564827787082
case_sable,0.52000000000000002,29,4.4000000000000004,r0005,38,0.41697313137251291
case_sable,0.52000000000000002,29,4.4000000000000004,r0006,38,0.31894932850174945
case_sable,0.52000000000000002,29,4.4000000000000004,r0007,38,0.36119838489633865
case_sable,0.52000000000000002,29,4.4000000000000004,r0008,38,0.39735403255909052
case_sable,0.52000000000000002,29,4.4000000000000004,r0009,38,0.32423317018147219
case_sable,0.52000000000000002,29,4.4000000000000004,r0010,38,0.34283382462770007
case_sable,0.52000000000000002,29,4.4000000000000004,r0011,38,0.34199959915567796
case_sable,0.52000000000000002,29,4.4000000000000004,r0012,38,0.33560709045478698
case_sable,0.52000000000000002,29,4.4000000000000004,r0013,38,0.40892797036986006
case_sable,0.52000000000000002,29,4.4000000000000004,r0014,38,0.44884441118656287
case_sable,0.52000000000000002,29,4.4000000000000004,r0015,38,0.39537692804846375
case_sable,0.52000000000000002,29,4.4000000000000004,r0016,38,0.38953736053149468
case_sable,0.52000000000000002,29,4.4000000000000004,r0017,38,0.41055374460228328
case_sable,0.52000000000000002,29,4.4000000000000004,r0018,38,0.38087006771851717
case_sable,0.52000000000000002,29,4.4000000000000004,r0019,38,0.42873188115236099
case_sable,0.52000000000000002,29,4.4000000000000004,r0020,38,0.43468722495064899
case_sable,0.52000000000000002,29,4.4000000000000004,r0021,38,0.38686400212256622
case_sable,0.52000000000000002,29,4.4000000000000004,r0022,38,0.30419409840429212
case_sable,0.52000000000000002,29,4.4000000000000004,r0023,38,0.38229711867326388
case_sable,0.52000000000000002,29,4.4000000000000004,r0024,38,0.34238402525262501
case_sable,0.52000000000000002,29,4.4000000000000004,r0025,38,0.47588515727603919
case_sable,0.52000000000000002,29,4.4000000000000004,r0026,38,0.37135189979282307
case_sable,0.52000000000000002,29,4.4000000000000004,r0027,38,0.37876639173365373
case_sable,0.52000000000000002,29,4.4000000000000004,r0028,38,0.3868829218418835
case_sable,0.52000000000000002,29,4.4000000000000004,r0029,38,0.39100884735056768
case_sable,0.52000000000000002,29,4.8499999999999996,r0000,38,0.47086387481343017
case_sable,0.52000000000000002,29,4.8499999999999996,r0001,38,0.36739065350729649
case_sable,0.52000000000000002,29,4.8499999999999996,r0002,38,0.36723687621313772
case_sable,0.52000000000000002,29,4.8499999999999996,r0003,38,0.38039989637212662
case_sable,0.52000000000000002,29,4.8499999999999996,r0004,38,0.38381226337646113
case_sable,0.52000000000000002,29,4.8499999999999996,r0005,38,0.40064977345509212
case_sable,0.52000000000000002,29,4.8499999999999996,r0006,38,0.41320620023093696
case_sable,0.52000000000000002,29,4.8499999999999996,r0007,38,0.26074566766746737
case_sable,0.52000000000000002,29,4.8499999999999996,r0008,38,0.43043872360484486
case_sable,0.52000000000000002,29,4.8499999999999996,r0009,38,0.31847361561417836
case_sable,0.52000000000000002,29,4.8499999999999996,r0010,38,0.44914329772979167
case_sable,0.52000000000000002,29,4.8499999999999996,r0011,38,0.39870925852184408
case_sable,0.52000000000000002,29,4.8499999999999996,r0012,38,0.38464734977566822
case_sable,0.52000000000000002,29,4.8499999999999996,r0013,38,0.4333605179017514
case_sable,0.52000000000000002,29,4.8499999999999996,r0014,38,0.33002308327403229
case_sable,0.52000000000000002,29,4.8499999999999996,r0015,38,0.35297942672952187
case_sable,0.52000000000000002,29,4.8499999999999996,r0016,38,0.38453514491192992
case_sable,0.52000000000000002,29,4.8499999999999996,r0017,38,0.38053764395801198
case_sable,0.52000000000000002,29,4.8499999999999996,r0018,38,0.35655302288338253
case_sable,0.52000000000000002,29,4.8499999999999996,r0019,38,0.44954653080971579
case_sable,0.52000000000000002,29,4.8499999999999996,r0020,38,0.46959326405272772
case_sable,0.52000000000000002,29,4.8499999999999996,r0021,38,0.29561296629683792
case_sable,0.52000000000000002,29,4.8499999999999996,r0022,38,0.46490213679666792
case_sable,0.52000000000000002,29,4.8499999999999996,r0023,38,0.43542281393122656
case_sable,0.52000000000000002,29,4.8499999999999996,r0024,38,0.38729239616102396
case_sable,0.52000000000000002,29,4.8499999999999996,r0025,38,0.34951573330023528
case_sable,0.52000000000000002,29,4.8499999999999996,r0026,38,0.36748497883524234
case_sable,0.52000000000000002,29,4.8499999999999996,r0027,38,0.39455946799665303
case_sable,0.52000000000000002,29,4.8499999999999996,r0028,38,0.41605270201217531
case_sable,0.52000000000000002,29,4.8499999999999996,r0029,38,0.46085385880345642
case_sable,0.83999999999999997,8,2.1499999999999999,r0000,24,0.71769954817309323
case_sable,0.83999999999999997,8,2.1499999999999999,r0001,24,0.64663828783457966
case_sable,0.83999999999999997,8,2.1499999999999999,r0002,24,0.4749590403850048
case_sable,0.83999999999999997,8,2.1499999999999999,r0003,24,0.5293212226722136
case_sable,0.83999999999999997,8,2.1499999999999999,r0004,24,0.55350468541518039
case_sable,0.83999999999999997,8,2.1499999999999999,r0005,24,0.59364118356291262
case_sable,0.83999999999999997,8,2.1499999999999999,r0006,24,0.50080485541207731
case_sable,0.83999999999999997,8,2.1499999999999999,r0007,24,0.57459258879614128
case_sable,0.83999999999999997,8,2.1499999999999999,r0008,24,0.59772133198376276
case_sable,0.83999999999999997,8,2.1499999999999999,r0009,24,0.41890775696359439
case_sable,0.83999999999999997,8,2.1499999999999999,r0010,24,0.56307237245521846
case_sable,0.83999999999999997,8,2.1499999999999999,r0011,24,0.55105800024386575
case_sable,0.83999999999999997,8,2.1499999999999999,r0012,24,0.55986795289592106
case_sable,0.83999999999999997,8,2.1499999999999999,r0013,24,0.50827807508823775
case_sable,0.83999999999999997,8,2.1499999999999999,r0014,24,0.42183537858854619
case_sable,0.83999999999999997,8,2.1499999999999999,r0015,24,0.50795433447624205
case_sable,0.83999999999999997,8,2.1499999999999999,r0016,24,0.53240227975403609
case_sable,0.83999999999999997,8,2.1499999999999999,r0017,24,0.56047397122652021
case_sable,0.83999999999999997,8,2.1499999999999999,r0018,24,0.40288950357827097
case_sable,0.83999999999999997,8,2.1499999999999999,r0019,24,0.52532554902122131
case_sable,0.83999999999999997,8,2.1499999999999999,r0020,24,0.56482089221763843
case_sable,0.83999999999999997,8,2.1499999999999999,r0021,24,0.58812733308455079
case_sable,0.83999999999999997,8,2.1499999999999999,r0022,24,0.47638736864036096
case_sable,0.83999999999999997,8,2.1499999999999999,r0023,24,0.38254064818250821
case_sable,0.83999999999999997,8,2.1499999999999999,r0024,24,0.34444731487083424
case_sable,0.83999999999999997,8,2.1499999999999999,r0025,24,0.478806774996269
case_sable,0.83999999999999997,8,2.1499999999999999,r0026,24,0.64002596674306511
case_sable,0.83999999999999997,8,2.1499999999999999,r0027,24,0.61636202549629138
case_sable,0.83999999999999997,8,2.1499999999999999,r0028,24,0.53582396079069694
case_sable,0.83999999999999997,8,2.1499999999999999,r0029,24,0.42669751355047336
case_sable,0.83999999999999997,8,2.6000000000000001,r0000,24,0.48004613937603469
case_sable,0.83999999999999997,8,2.6000000000000001,r0001,24,0.59091689553130056
case_sable,0.83999999999999997,8,2.6000000000000001,r0002,24,0.53106549523613256
case_sable,0.83999999999999997,8,2.6000000000000001,r0003,24,0.61982031909609281
case_sable,0.83999999999999997,8,2.6000000000000001,r0004,24,0.53046697780564112
case_sable,0.83999999999999997,8,2.6000000000000001,r0005,24,0.57683783950272449
case_sable,0.83999999999999997,8,2.6000000000000001,r0006,24,0.56009593839976357
case_sable,0.83999999999999997,8,2.6000000000000001,r0007,24,0.54942785456780252
case_sable,0.83999999999999997,8,2.6000000000000001,r0008,24,0.55010518679601839
case_sable,0.83999999999999997,8,2.6000000000000001,r0009,24,0.49606801836554659
case_sable,0.83999999999999997,8,2.6000000000000001,r0010,24,0.49187613444808792
case_sable,0.83999999999999997,8,2.6000000000000001,r0011,24,0.54165772205566953
case_sable,0.83999999999999997,8,2.6000000000000001,r0012,24,0.51802064336679587
case_sable,0.83999999999999997,8,2.6000000000000001,r0013,24,0.55198107338255609
case_sable,0.83999999999999997,8,2.6000000000000001,r0014,24,0.43922729786314124
case_sable,0.83999999999999997,8,2.6000000000000001,r0015,24,0.46387612763282188
case_sable,0.83999999999999997,8,2.6000000000000001,r0016,24,0.50209985186210604
case_sable,0.83999999999999997,8,2.6000000000000001,r0017,24,0.47108294809883061
case_sable,0.83999999999999997,8,2.6000000000000001,r0018,24,0.50776578416034679
case_sable,0.83999999999999997,8,2.6000000000000001,r0019,24,0.54060575131357924
case_sable,0.83999999999999997,8,2.6000000000000001,r0020,24,0.6166274812214696
case_sable,0.83999999999999997,8,2.6000000000000001,r0021,24,0.48683021372631496
case_sable,0.83999999999999997,8,2.6000000000000001,r0022,24,0.56874611633585981
case_sable,0.83999999999999997,8,2.6000000000000001,r0023,24,0.57272635579853104
case_sable,0.83999999999999997,8,2.6000000000000001,r0024,24,0.53054039061839464
case_sable,0.83999999999999997,8,2.6000000000000001,r0025,24,0.5924258955978644
case_sable,0.83999999999999997,8,2.6000000000000001,r0026,24,0.45098185820782893
case_sable,0.83999999999999997,8,2.6000000000000001,r0027,24,0.53522096138804309
case_sable,0.83999999999999997,8,2.6000000000000001,r0028,24,0.45754800942573981
case_sable,0.83999999999999997,8,2.6000000000000001,r0029,24,0.4928637241078262
case_sable,0.83999999999999997,8,3.0499999999999998,r0000,24,0.48867933250970702
case_sable,0.83999999999999997,8,3.0499999999999998,r0001,24,0.54799204289258596
case_sable,0.83999999999999997,8,3.0499999999999998,r0002,24,0.56123081007283959
case_sable,0.83999999999999997,8,3.0499999999999998,r0003,24,0.54116973497152154
case_sable,0.83999999999999997,8,3.0499999999999998,r0004,24,0.39768282644357617
case_sable,0.83999999999999997,8,3.0499999999999998,r0005,24,0.5537940253590885
case_sable,0.83999999999999997,8,3.0499999999999998,r0006,24,0.46689370368292255
case_sable,0.83999999999999997,8,3.0499999999999998,r0007,24,0.49958885922508861
case_sable,0.83999999999999997,8,3.0499999999999998,r0008,24,0.6034523880328434
case_sable,0.83999999999999997,8,3.0499999999999998,r0009,24,0.5532486414538228
case_sable,0.83999999999999997,8,3.0499999999999998,r0010,25,0.56209458280783475
case_sable,0.83999999999999997,8,3.0499999999999998,r0011,24,0.5331795344994581
case_sable,0.83999999999999997,8,3.0499999999999998,r0012,24,0.59287716929578027
case_sable,0.83999999999999997,8,3.0499999999999998,r0013,24,0.51559437804335129
case_sable,0.83999999999999997,8,3.0499999999999998,r0014,24,0.59004257036485408
case_sable,0.83999999999999997,8,3.0499999999999998,r0015,24,0.45587339306943381
case_sable,0.83999999999999997,8,3.0499999999999998,r0016,24,0.54120085603931012
case_sable,0.83999999999999997,8,3.0499999999999998,r0017,24,0.59486796972224354
case_sable,0.83999999999999997,8,3.0499999999999998,r0018,24,0.53612943520855538
case_sable,0.83999999999999997,8,3.0499999999999998,r0019,24,0.49559871092024688
case_sable,0.83999999999999997,8,3.0499999999999998,r0020,24,0.5849003363659343
case_sable,0.83999999999999997,8,3.0499999999999998,r0021,24,0.50475047026130537
case_sable,0.83999999999999997,8,3.0499999999999998,r0022,24,0.50883878408406369
case_sable,0.83999999999999997,8,3.0499999999999998,r0023,25,0.62341011860912454
case_sable,0.83999999999999997,8,3.0499999999999998,r0024,24,0.49453435997540779
case_sable,0.83999999999999997,8,3.0499999999999998,r0025,24,0.50773440984756701
case_sable,0.83999999999999997,8,3.0499999999999998,r0026,24,0.55082196529817518
case_sable,0.83999999999999997,8,3.0499999999999998,r0027,24,0.47095545554741269
case_sable,0.83999999999999997,8,3.0499999999999998,r0028,24,0.4786062127689017
case_sable,0.83999999999999997,8,3.0499999999999998,r0029,24,0.46521476739759643
case_sable,0.83999999999999997,8,3.5,r0000,26,0.5530620282040799
case_sable,0.83999999999999997,8,3.5,r0001,27,0.47643607554687428
case_sable,0.83999999999999997,8,3.5,r0002,26,0.51434577541996573
case_sable,0.83999999999999997,8,3.5,r0003,26,0.50927182155817485
case_sable,0.83999999999999997,8,3.5,r0004,26,0.49602717938278829
case_sable,0.83999999999999997,8,3.5,r0005,27,0.59548635251789228
case_sable,0.83999999999999997,8,3.5,r0006,27,0.62702447410714146
case_sable,0.83999999999999997,8,3.5,r0007,26,0.48224087031643548
case_sable,0.83999999999999997,8,3.5,r0008,26,0.42550358848119851
case_sable,0.83999999999999997,8,3.5,r0009,26,0.56376882319121291
case_sable,0.83999999999999997,8,3.5,r0010,25,0.56477952234166429
case_sable,0.83999999999999997,8,3.5,r0011,26,0.50209660361616948
case_sable,0.83999999999999997,8,3.5,r0012,27,0.50650783702642321
case_sable,0.83999999999999997,8,3.5,r0013,27,0.50372998921825685
case_sable,0.83999999999999997,8,3.5,r0014,26,0.63619768863815296
case_sable,0.83999999999999997,8,3.5,r0015,26,0.53078237981181375
case_sable,0.83999999999999997,8,3.5,r0016,26,0.55828443017703544
case_sable,0.83999999999999997,8,3.5,r0017,26,0.56140994116576404
case_sable,0.83999999999999997,8,3.5,r0018,27,0.51717949770631011
case_sable,0.83999999999999997,8,3.5,r0019,26,0.52652232635904284
case_sable,0.83999999999999997,8,3.5,r0020,27,0.54018075755917383
case_sable,0.83999999999999997,8,3.5,r0021,26,0.51969944596410089
case_sable,0.83999999999999997,8,3.5,r0022,26,0.62430414155214831
case_sable,0.83999999999999997,8,3.5,r0023,26,0.54774942396845538
case_sable,0.83999999999999997,8,3.5,r0024,26,0.5927571094409273
case_sable,0.83999999999999997,8,3.5,r0025,26,0.50169721686899083
case_sable,0.83999999999999997,8,3.5,r0026,26,0.62920111615318297
case_sable,0.83999999999999997,8,3.5,r0027,26,0.49389079181969975
case_sable,0.83999999999999997,8,3.5,r0028,26,0.58094442768917109
case_sable,0.83999999999999997,8,3.5,r0029,27,0.63501911016824342
case_sable,0.83999999999999997,8,3.9500000000000002,r0000,33,0.39885994800453073
case_sable,0.83999999999999997,8,3.9500000000000002,r0001,32,0.46551130216758074
case_sable,0.83999999999999997,8,3.9500000000000002,r0002,33,0.48694869301205918
case_sable,0.83999999999999997,8,3.9500000000000002,r0003,33,0.4082080769548046
case_sable,0.83999999999999997,8,3.9500000000000002,r0004,32,0.41205593376407224
case_sable,0.83999999999999997,8,3.9500000000000002,r0005,33,0.41505213909317801
case_sable,0.83999999999999997,8,3.9500000000000002,r0006,33,0.4402929974994742
case_sable,0.83999999999999997,8,3.9500000000000002,r0007,34,0.44447847123567014
case_sable,0.83999999999999997,8,3.9500000000000002,r0008,32,0.49828428711467881
case_sable,0.83999999999999997,8,3.9500000000000002,r0009,33,0.48370052251324797
case_sable,0.83999999999999997,8,3.9500000000000002,r0010,34,0.51910037612548832
case_sable,0.83999999999999997,8,3.9500000000000002,r0011,33,0.34353738454437299
case_sable,0.83999999999999997,8,3.9500000000000002,r0012,34,0.39952856888127591
case_sable,0.83999999999999997,8,3.9500000000000002,r0013,33,0.44963180041915679
case_sable,0.83999999999999997,8,3.9500000000000002,r0014,33,0.44642885903267376
case_sable,0.83999999999999997,8,3.9500000000000002,r0015,33,0.45632924284773746
case_sable,0.83999999999999997,8,3.9500000000000002,r0016,33,0.42157830585936718
case_sable,0.83999999999999997,8,3.9500000000000002,r0017,33,0.37769609919740821
case_sable,0.83999999999999997,8,3.9500000000000002,r0018,33,0.46233859590560672
case_sable,0.83999999999999997,8,3.9500000000000002,r0019,32,0.46337072131580065
case_sable,0.83999999999999997,8,3.9500000000000002,r0020,32,0.4281244126594646
case_sable,0.83999999999999997,8,3.9500000000000002,r0021,33,0.5259240630535249
case_sable,0.83999999999999997,8,3.9500000000000002,r0022,32,0.45785842070221894
case_sable,0.83999999999999997,8,3.9500000000000002,r0023,32,0.54152716752302532
case_sable,0.83999999999999997,8,3.9500000000000002,r0024,33,0.40497127888550766
case_sable,0.83999999999999997,8,3.9500000000000002,r0025,33,0.36008409983397965
case_sable,0.83999999999999997,8,3.9500000000000002,r0026,34,0.5190602712185679
case_sable,0.83999999999999997,8,3.9500000000000002,r0027,31,0.5204100782385066
case_sable,0.83999999999999997,8,3.9500000000000002,r0028,32,0.47905574180487709
case_sable,0.83999999999999997,8,3.9500000000000002,r0029,35,0.42960839705137593
case_sable,0.83999999999999997,8,4.4000000000000004,r0000,37,0.47140824160827061
case_sable,0.83999999999999997,8,4.4000000000000004,r0001,37,0.36291135152196957
case_sable,0.83999999999999997,8,4.4000000000000004,r0002,37,0.41830530716236136
case_sable,0.83999999999999997,8,4.4000000000000004,r0003,37,0.39676458741056331
case_sable,0.83999999999999997,8,4.4000000000000004,r0004,37,0.44396110419169349
case_sable,0.83999999999999997,8,4.4000000000000004,r0005,37,0.40564780752832619
case_sable,0.83999999999999997,8,4.4000000000000004,r0006,37,0.35254405722718046
case_sable,0.83999999999999997,8,4.4000000000000004,r0007,37,0.42557072173957994
case_sable,0.83999999999999997,8,4.4000000000000004,r0008,37,0.41402299464815417
case_sable,0.83999999999999997,8,4.4000000000000004,r0009,37,0.37282344553529878
case_sable,0.83999999999999997,8,4.4000000000000004,r0010,37,0.41339517142369164
case_sable,0.83999999999999997,8,4.4000000000000004,r0011,37,0.40281524890475279
case_sable,0.83999999999999997,8,4.4000000000000004,r0012,37,0.28570520704242186
case_sable,0.83999999999999997,8,4.4000000000000004,r0013,37,0.34037310919444641
case_sable,0.83999999999999997,8,4.4000000000000004,r0014,37,0.38025268586777655
case_sable,0.83999999999999997,8,4.4000000000000004,r0015,37,0.43076330635096538
case_sable,0.83999999999999997,8,4.4000000000000004,r0016,37,0.44448437634528226
case_sable,0.83999999999999997,8,4.4000000000000004,r0017,37,0.41642162206824856
case_sable,0.83999999999999997,8,4.4000000000000004,r0018,37,0.39097221383551367
case_sable,0.83999999999999997,8,4.4000000000000004,r0019,37,0.33429164235477393
case_sable,0.83999999999999997,8,4.4000000000000004,r0020,37,0.27374781733845976
case_sable,0.83999999999999997,8,4.4000000000000004,r0021,37,0.42502939764580239
case_sable,0.83999999999999997,8,4.4000000000000004,r0022,37,0.42335675180471816
case_sable,0.83999999999999997,8,4.4000000000000004,r0023,37,0.36794839660897039
case_sable,0.83999999999999997,8,4.4000000000000004,r0024,37,0.33373858149215269
case_sable,0.83999999999999997,8,4.4000000000000004,r0025,37,0.33496395676885843
case_sable,0.83999999999999997,8,4.4000000000000004,r0026,37,0.38380039154981366
case_sable,0.83999999999999997,8,4.4000000000000004,r0027,37,0.35666425549372482
case_sable,0.83999999999999997,8,4.4000000000000004,r0028,37,0.39829489902846299
case_sable,0.83999999999999997,8,4.4000000000000004,r0029,37,0.36680112676751242
case_sable,0.83999999999999997,8,4.8499999999999996,r0000,38,0.50704457121773694
case_sable,0.83999999999999997,8,4.8499999999999996,r0001,38,0.49048750875799196
case_sable,0.83999999999999997,8,4.8499999999999996,r0002,38,0.41342183030916901
case_sable,0.83999999999999997,8,4.8499999999999996,r0003,38,0.43545588743579222
case_sable,0.83999999999999997,8,4.8499999999999996,r0004,38,0.43999555445106858
case_sable,0.83999999999999997,8,4.8499999999999996,r0005,38,0.36917075175310304
case_sable,0.83999999999999997,8,4.8499999999999996,r0006,38,0.35761042822470335
case_sable,0.83999999999999997,8,4.8499999999999996,r0007,38,0.41104616811479122
case_sable,0.83999999999999997,8,4.8499999999999996,r0008,38,0.42246107476512174
case_sable,0.83999999999999997,8,4.8499999999999996,r0009,38,0.40786549857805693
case_sable,0.83999999999999997,8,4.8499999999999996,r0010,38,0.48838627870128759
case_sable,0.83999999999999997,8,4.8499999999999996,r0011,38,0.3882554106924192
case_sable,0.83999999999999997,8,4.8499999999999996,r0012,38,0.36634238458417234
case_sable,0.83999999999999997,8,4.8499999999999996,r0013,38,0.42248404894615738
case_sable,0.83999999999999997,8,4.8499999999999996,r0014,38,0.36415628980198389
case_sable,0.83999999999999997,8,4.8499999999999996,r0015,38,0.37999136543469419
case_sable,0.83999999999999997,8,4.8499999999999996,r0016,38,0.4673160404347434
case_sable,0.83999999999999997,8,4.8499999999999996,r0017,38,0.36666805256890916
case_sable,0.83999999999999997,8,4.8499999999999996,r0018,38,0.26452301925598781
case_sable,0.83999999999999997,8,4.8499999999999996,r0019,38,0.38446775491899071
case_sable,0.83999999999999997,8,4.8499999999999996,r0020,38,0.44425574937460083
case_sable,0.83999999999999997,8,4.8499999999999996,r0021,38,0.38018351783881232
case_sable,0.83999999999999997,8,4.8499999999999996,r0022,38,0.45230305949232519
case_sable,0.83999999999999997,8,4.8499999999999996,r0023,38,0.49601894126765878
case_sable,0.83999999999999997,8,4.8499999999999996,r0024,38,0.46945690317260091
case_sable,0.83999999999999997,8,4.8499999999999996,r0025,38,0.30902034559458341
case_sable,0.83999999999999997,8,4.8499999999999996,r0026,38,0.28358542072079668
case_sable,0.83999999999999997,8,4.8499999999999996,r0027,38,0.34978082742699068
case_sable,0.83999999999999997,8,4.8499999999999996,r0028,38,0.45279598235152763
case_sable,0.83999999999999997,8,4.8499999999999996,r0029,38,0.41995500086812099
case_sable,0.83999999999999997,8,5.2999999999999998,r0000,38,0.31205734418944986
case_sable,0.83999999999999997,8,5.2999999999999998,r0001,38,0.30650749512190439
case_sable,0.83999999999999997,8,5.2999999999999998,r0002,38,0.46061575918297204
case_sable,0.83999999999999997,8,5.2999999999999998,r0003,38,0.3693982174213164
case_sable,0.83999999999999997,8,5.2999999999999998,r0004,38,0.35855154461437827
case_sable,0.83999999999999997,8,5.2999999999999998,r0005,38,0.37124189240736594
case_sable,0.83999999999999997,8,5.2999999999999998,r0006,38,0.38573079606105215
case_sable,0.83999999999999997,8,5.2999999999999998,r0007,38,0.26046296064352559
case_sable,0.83999999999999997,8,5.2999999999999998,r0008,38,0.33422986984652797
case_sable,0.83999999999999997,8,5.2999999999999998,r0009,38,0.37167298424233364
case_sable,0.83999999999999997,8,5.2999999999999998,r0010,38,0.38579243597778407
case_sable,0.83999999999999997,8,5.2999999999999998,r0011,38,0.34038173911082353
case_sable,0.83999999999999997,8,5.2999999999999998,r0012,38,0.30160305785830144
case_sable,0.83999999999999997,8,5.2999999999999998,r0013,38,0.43831155133705163
case_sable,0.83999999999999997,8,5.2999999999999998,r0014,38,0.39844202629101771
case_sable,0.83999999999999997,8,5.2999999999999998,r0015,38,0.42179712492613131
case_sable,0.83999999999999997,8,5.2999999999999998,r0016,38,0.39756554136785188
case_sable,0.83999999999999997,8,5.2999999999999998,r0017,38,0.32334230493724209
case_sable,0.83999999999999997,8,5.2999999999999998,r0018,38,0.34454414306040265
case_sable,0.83999999999999997,8,5.2999999999999998,r0019,38,0.36379642403231255
case_sable,0.83999999999999997,8,5.2999999999999998,r0020,38,0.40352839932631501
case_sable,0.83999999999999997,8,5.2999999999999998,r0021,38,0.35606694395391703
case_sable,0.83999999999999997,8,5.2999999999999998,r0022,38,0.41702870936375236
case_sable,0.83999999999999997,8,5.2999999999999998,r0023,38,0.38699775397132952
case_sable,0.83999999999999997,8,5.2999999999999998,r0024,38,0.36554389067722926
case_sable,0.83999999999999997,8,5.2999999999999998,r0025,38,0.38353370221105443
case_sable,0.83999999999999997,8,5.2999999999999998,r0026,38,0.45681653810824313
case_sable,0.83999999999999997,8,5.2999999999999998,r0027,38,0.36442964579888087
case_sable,0.83999999999999997,8,5.2999999999999998,r0028,38,0.40272992081980641
case_sable,0.83999999999999997,8,5.2999999999999998,r0029,38,0.36385960054543787
case_sable,0.83999999999999997,13,1.7,r0000,24,0.47397192124706278
case_sable,0.83999999999999997,13,1.7,r0001,24,0.51151825461305356
case_sable,0.83999999999999997,13,1.7,r0002,24,0.53979325550718815
case_sable,0.83999999999999997,13,1.7,r0003,24,0.59344686607054276
case_sable,0.83999999999999997,13,1.7,r0004,24,0.59996796557810594
case_sable,0.83999999999999997,13,1.7,r0005,24,0.53637182118892679
case_sable,0.83999999999999997,13,1.7,r0006,24,0.55630410396227692
case_sable,0.83999999999999997,13,1.7,r0007,24,0.64635268623882225
case_sable,0.83999999999999997,13,1.7,r0008,24,0.57046996235838598
case_sable,0.83999999999999997,13,1.7,r0009,24,0.52895020621410394
case_sable,0.83999999999999997,13,1.7,r0010,24,0.50996616299040354
case_sable,0.83999999999999997,13,1.7,r0011,24,0.50648851092462222
case_sable,0.83999999999999997,13,1.7,r0012,24,0.55593075922753343
case_sable,0.83999999999999997,13,1.7,r0013,24,0.50223070850688012
case_sable,0.83999999999999997,13,1.7,r0014,24,0.47968782004661975
case_sable,0.83999999999999997,13,1.7,r0015,24,0.57829147422507088
case_sable,0.83999999999999997,13,1.7,r0016,24,0.39911492725755515
case_sable,0.83999999999999997,13,1.7,r0017,24,0.54018379283972218
case_sable,0.83999999999999997,13,1.7,r0018,24,0.53743881711704733
case_sable,0.83999999999999997,13,1.7,r0019,24,0.50215473708904956
case_sable,0.83999999999999997,13,1.7,r0020,24,0.47044595755213292
case_sable,0.83999999999999997,13,1.7,r0021,24,0.50836129352774384
case_sable,0.83999999999999997,13,1.7,r0022,24,0.4845849933227287
case_sable,0.83999999999999997,13,1.7,r0023,24,0.41920332159695689
case_sable,0.83999999999999997,13,1.7,r0024,24,0.52026803394303556
case_sable,0.83999999999999997,13,1.7,r0025,24,0.60576846071410895
case_sable,0.83999999999999997,13,1.7,r0026,24,0.5673943328263753
case_sable,0.83999999999999997,13,1.7,r0027,24,0.55152749483654884
case_sable,0.83999999999999997,13,1.7,r0028,24,0.40691078385341478
case_sable,0.83999999999999997,13,1.7,r0029,24,0.55244613413099009
case_sable,0.83999999999999997,13,2.1499999999999999,r0000,24,0.44513233766512023
case_sable,0.83999999999999997,13,2.1499999999999999,r0001,24,0.45230874936666882
case_sable,0.83999999999999997,13,2.1499999999999999,r0002,24,0.56116479143660969
case_sable,0.83999999999999997,13,2.1499999999999999,r0003,24,0.5223942501612272
case_sable,0.83999999999999997,13,2.1499999999999999,r0004,24,0.5335113772793546
case_sable,0.83999999999999997,13,2.1499999999999999,r0005,24,0.41633085817923687
case_sable,0.83999999999999997,13,2.1499999999999999,r0006,24,0.53469317012913287
case_sable,0.83999999999999997,13,2.1499999999999999,r0007,24,0.51911618791963876
case_sable,0.83999999999999997,13,2.1499999999999999,r0008,24,0.62996556746830024
case_sable,0.83999999999999997,13,2.1499999999999999,r0009,24,0.45656859191371285
case_sable,0.83999999999999997,13,2.1499999999999999,r0010,24,0.35780685212390395
case_sable,0.83999999999999997,13,2.1499999999999999,r0011,24,0.41538599168432927
case_sable,0.83999999999999997,13,2.1499999999999999,r0012,24,0.51348423926806219
case_sable,0.83999999999999997,13,2.1499999999999999,r0013,24,0.52200105621760828
case_sable,0.83999999999999997,13,2.1499999999999999,r0014,24,0.54879996064722736
case_sable,0.83999999999999997,13,2.1499999999999999,r0015,24,0.49165411832151484
case_sable,0.83999999999999997,13,2.1499999999999999,r0016,24,0.45772391938845297
case_sable,0.83999999999999997,13,2.1499999999999999,r0017,24,0.54610114373561325
case_sable,0.83999999999999997,13,2.1499999999999999,r0018,24,0.49484084313969273
case_sable,0.83999999999999997,13,2.1499999999999999,r0019,24,0.63301161651959548
case_sable,0.83999999999999997,13,2.1499999999999999,r0020,24,0.52513367643888931
case_sable,0.83999999999999997,13,2.1499999999999999,r0021,24,0.50326178171693947
case_sable,0.83999999999999997,13,2.1499999999999999,r0022,24,0.50845244066660567
case_sable,0.83999999999999997,13,2.1499999999999999,r0023,24,0.53251937272707039
case_sable,0.83999999999999997,13,2.1499999999999999,r0024,24,0.4906744269531515
case_sable,0.83999999999999997,13,2.1499999999999999,r0025,24,0.58064416959088316
case_sable,0.83999999999999997,13,2.1499999999999999,r0026,24,0.57105360435627983
case_sable,0.83999999999999997,13,2.1499999999999999,r0027,24,0.53417520343550107
case_sable,0.83999999999999997,13,2.1499999999999999,r0028,24,0.56391084544402337
case_sable,0.83999999999999997,13,2.1499999999999999,r0029,24,0.6234631544017194
case_sable,0.83999999999999997,13,2.6000000000000001,r0000,24,0.42794244977621515
case_sable,0.83999999999999997,13,2.6000000000000001,r0001,24,0.542720037520802
case_sable,0.83999999999999997,13,2.6000000000000001,r0002,24,0.41101097241901735
case_sable,0.83999999999999997,13,2.6000000000000001,r0003,24,0.59412214184378165
case_sable,0.83999999999999997,13,2.6000000000000001,r0004,24,0.43842843050492214
case_sable,0.83999999999999997,13,2.6000000000000001,r0005,24,0.50682103952669855
case_sable,0.83999999999999997,13,2.6000000000000001,r0006,24,0.48819409344118297
case_sable,0.83999999999999997,13,2.6000000000000001,r0007,24,0.54661078761977044
case_sable,0.83999999999999997,13,2.6000000000000001,r0008,24,0.46746553747063802
case_sable,0.83999999999999997,13,2.6000000000000001,r0009,24,0.46171609450092405
case_sable,0.83999999999999997,13,2.6000000000000001,r0010,24,0.53684691539785534
case_sable,0.83999999999999997,13,2.6000000000000001,r0011,24,0.57403962251044172
case_sable,0.83999999999999997,13,2.6000000000000001,r0012,24,0.52189006907488833
case_sable,0.83999999999999997,13,2.6000000000000001,r0013,24,0.56558447220570629
case_sable,0.83999999999999997,13,2.6000000000000001,r0014,24,0.51922173373743807
case_sable,0.83999999999999997,13,2.6000000000000001,r0015,24,0.54137622312322575
case_sable,0.83999999999999997,13,2.6000000000000001,r0016,24,0.55063342738677035
case_sable,0.83999999999999997,13,2.6000000000000001,r0017,24,0.55342767524519576
case_sable,0.83999999999999997,13,2.6000000000000001,r0018,24,0.50198061497140378
case_sable,0.83999999999999997,13,2.6000000000000001,r0019,24,0.60023122049573352
case_sable,0.83999999999999997,13,2.6000000000000001,r0020,24,0.56146574575578079
case_sable,0.83999999999999997,13,2.6000000000000001,r0021,24,0.55317368817073986
case_sable,0.83999999999999997,13,2.6000000000000001,r0022,24,0.3927686129004353
case_sable,0.83999999999999997,13,2.6000000000000001,r0023,24,0.59070823753264168
case_sable,0.83999999999999997,13,2.6000000000000001,r0024,24,0.3774489000982264
case_sable,0.83999999999999997,13,2.6000000000000001,r0025,24,0.47532246087574553
case_sable,0.83999999999999997,13,2.6000000000000001,r0026,24,0.52159018637882648
case_sable,0.83999999999999997,13,2.6000000000000001,r0027,24,0.49792605816578961
case_sable,0.83999999999999997,13,2.6000000000000001,r0028,24,0.48107984098533091
case_sable,0.83999999999999997,13,2.6000000000000001,r0029,24,0.54279767975582505
case_sable,0.83999999999999997,13,3.0499999999999998,r0000,24,0.48997909932466727
case_sable,0.83999999999999997,13,3.0499999999999998,r0001,24,0.56280806791246851
case_sable,0.83999999999999997,13,3.0499999999999998,r0002,24,0.48669390770396087
case_sable,0.83999999999999997,13,3.0499999999999998,r0003,24,0.54008148089852792
case_sable,0.83999999999999997,13,3.0499999999999998,r0004,24,0.46328789155382805
case_sable,0.83999999999999997,13,3.0499999999999998,r0005,24,0.49646935561357841
case_sable,0.83999999999999997,13,3.0499999999999998,r0006,24,0.47051953222686071
case_sable,0.83999999999999997,13,3.0499999999999998,r0007,24,0.64480737709749025
case_sable,0.83999999999999997,13,3.0499999999999998,r0008,24,0.52507458508358973
case_sable,0.83999999999999997,13,3.0499999999999998,r0009,24,0.58878685845311463
case_sable,0.83999999999999997,13,3.0499999999999998,r0010,24,0.46614654932579985
case_sable,0.83999999999999997,13,3.0499999999999998,r0011,24,0.53667351026342891
case_sable,0.83999999999999997,13,3.0499999999999998,r0012,24,0.55758997587070214
case_sable,0.83999999999999997,13,3.0499999999999998,r0013,24,0.57927901425229988
case_sable,0.83999999999999997,13,3.0499999999999998,r0014,24,0.50767655536521927
case_sable,0.83999999999999997,13,3.0499999999999998,r0015,24,0.43003407817860156
case_sable,0.83999999999999997,13,3.0499999999999998,r0016,24,0.51003321604454255
case_sable,0.83999999999999997,13,3.0499999999999998,r0017,24,0.48266910613730279
case_sable,0.83999999999999997,13,3.0499999999999998,r0018,24,0.6417874953000855
case_sable,0.83999999999999997,13,3.0499999999999998,r0019,24,0.59140575172375875
case_sable,0.83999999999999997,13,3.0499999999999998,r0020,24,0.47290503112537235
case_sable,0.83999999999999997,13,3.0499999999999998,r0021,24,0.52433756854293889
case_sable,0.83999999999999997,13,3.0499999999999998,r0022,24,0.47458996907123113
case_sable,0.83999999999999997,13,3.0499999999999998,r0023,24,0.52370760725087784
case_sable,0.83999999999999997,13,3.0499999999999998,r0024,24,0.38975476562900457
case_sable,0.83999999999999997,13,3.0499999999999998,r0025,24,0.47139734092342939
case_sable,0.83999999999999997,13,3.0499999999999998,r0026,24,0.57161878609964034
case_sable,0.83999999999999997,13,3.0499999999999998,r0027,24,0.41025075767071101
case_sable,0.83999999999999997,13,3.0499999999999998,r0028,24,0.59688010116390178
case_sable,0.83999999999999997,13,3.0499999999999998,r0029,24,0.5135215010007248
case_sable,0.83999999999999997,13,3.5,r0000,25,0.477002859106744
case_sable,0.83999999999999997,13,3.5,r0001,25,0.51109407259405437
case_sable,0.83999999999999997,13,3.5,r0002,25,0.64007964813247864
case_sable,0.83999999999999997,13,3.5,r0003,25,0.52254821224198988
case_sable,0.83999999999999997,13,3.5,r0004,25,0.60740954925553137
case_sable,0.83999999999999997,13,3.5,r0005,25,0.4685008152488721
case_sable,0.83999999999999997,13,3.5,r0006,25,0.60505578328479903
case_sable,0.83999999999999997,13,3.5,r0007,24,0.57868349823301735
case_sable,0.83999999999999997,13,3.5,r0008,25,0.56721700600389258
case_sable,0.83999999999999997,13,3.5,r0009,25,0.45646300528431416
case_sable,0.83999999999999997,13,3.5,r0010,25,0.4927752611471472
case_sable,0.83999999999999997,13,3.5,r0011,25,0.57745747464140285
case_sable,0.83999999999999997,13,3.5,r0012,25,0.46053471246063249
case_sable,0.83999999999999997,13,3.5,r0013,25,0.58754062588473033
case_sable,0.83999999999999997,13,3.5,r0014,25,0.500420155150618
case_sable,0.83999999999999997,13,3.5,r0015,25,0.4822821982263728
case_sable,0.83999999999999997,13,3.5,r0016,25,0.54685804735704435
case_sable,0.83999999999999997,13,3.5,r0017,25,0.5265146333758477
case_sable,0.83999999999999997,13,3.5,r0018,25,0.45805840130516934
case_sable,0.83999999999999997,13,3.5,r0019,24,0.48470499538315309
case_sable,0.83999999999999997,13,3.5,r0020,25,0.498860078460787
case_sable,0.83999999999999997,13,3.5,r0021,24,0.54156783732952596
case_sable,0.83999999999999997,13,3.5,r0022,24,0.56710329599384079
case_sable,0.83999999999999997,13,3.5,r0023,25,0.47267513372321879
case_sable,0.83999999999999997,13,3.5,r0024,25,0.52204862810945651
case_sable,0.83999999999999997,13,3.5,r0025,25,0.55921995781996048
case_sable,0.83999999999999997,13,3.5,r0026,25,0.46018367033173008
case_sable,0.83999999999999997,13,3.5,r0027,25,0.58566872041095142
case_sable,0.83999999999999997,13,3.5,r0028,25,0.47107124664329247
case_sable,0.83999999999999997,13,3.5,r0029,25,0.47484050164626285
case_sable,0.83999999999999997,13,3.9500000000000002,r0000,36,0.45237696594837817
case_sable,0.83999999999999997,13,3.9500000000000002,r0001,35,0.44558202164755151
case_sable,0.83999999999999997,13,3.9500000000000002,r0002,35,0.44906096061355355
case_sable,0.83999999999999997,13,3.9500000000000002,r0003,35,0.40118955752982688
case_sable,0.83999999999999997,13,3.9500000000000002,r0004,35,0.33373928702725569
case_sable,0.83999999999999997,13,3.9500000000000002,r0005,36,0.41468038881147851
case_sable,0.83999999999999997,13,3.9500000000000002,r0006,35,0.4001214744833031
case_sable,0.83999999999999997,13,3.9500000000000002,r0007,35,0.30316789224636004
case_sable,0.83999999999999997,13,3.9500000000000002,r0008,34,0.42219706373952121
case_sable,0.83999999999999997,13,3.9500000000000002,r0009,36,0.36701843717664384
case_sable,0.83999999999999997,13,3.9500000000000002,r0010,35,0.44780201626254329
case_sable,0.83999999999999997,13,3.9500000000000002,r0011,35,0.45476714902002385
case_sable,0.83999999999999997,13,3.9500000000000002,r0012,36,0.45243046236440548
case_sable,0.83999999999999997,13,3.9500000000000002,r0013,35,0.41664886197532108
case_sable,0.83999999999999997,13,3.9500000000000002,r0014,33,0.4832497263600154
case_sable,0.83999999999999997,13,3.9500000000000002,r0015,35,0.38826366219041669
case_sable,0.83999999999999997,13,3.9500000000000002,r0016,35,0.42047995611349503
case_sable,0.83999999999999997,13,3.9500000000000002,r0017,35,0.38793430579595173
case_sable,0.83999999999999997,13,3.9500000000000002,r0018,35,0.35658607899400757
case_sable,0.83999999999999997,13,3.9500000000000002,r0019,36,0.39155108556160806
case_sable,0.83999999999999997,13,3.9500000000000002,r0020,36,0.45957687588591933
case_sable,0.83999999999999997,13,3.9500000000000002,r0021,35,0.39778669348057188
case_sable,0.83999999999999997,13,3.9500000000000002,r0022,36,0.37917105330305306
case_sable,0.83999999999999997,13,3.9500000000000002,r0023,35,0.46393242631273041
case_sable,0.83999999999999997,13,3.9500000000000002,r0024,35,0.41435873983581506
case_sable,0.83999999999999997,13,3.9500000000000002,r0025,35,0.4104771932901064
case_sable,0.83999999999999997,13,3.9500000000000002,r0026,36,0.44633640078921694
case_sable,0.83999999999999997,13,3.9500000000000002,r0027,36,0.41413853968391789
case_sable,0.83999999999999997,13,3.9500000000000002,r0028,35,0.4795761961896598
case_sable,0.83999999999999997,13,3.9500000000000002,r0029,34,0.41056418035051356
case_sable,0.83999999999999997,13,4.4000000000000004,r0000,38,0.46758454174053554
case_sable,0.83999999999999997,13,4.4000000000000004,r0001,38,0.43933112117674022
case_sable,0.83999999999999997,13,4.4000000000000004,r0002,38,0.3001328291742113
case_sable,0.83999999999999997,13,4.4000000000000004,r0003,38,0.41116387939353077
case_sable,0.83999999999999997,13,4.4000000000000004,r0004,38,0.34960030072592402
case_sable,0.83999999999999997,13,4.4000000000000004,r0005,38,0.41118676382811603
case_sable,0.83999999999999997,13,4.4000000000000004,r0006,38,0.31726216379408168
case_sable,0.83999999999999997,13,4.4000000000000004,r0007,38,0.29711025565503474
case_sable,0.83999999999999997,13,4.4000000000000004,r0008,38,0.36440996608631132
case_sable,0.83999999999999997,13,4.4000000000000004,r0009,38,0.40536545342162145
case_sable,0.83999999999999997,13,4.4000000000000004,r0010,38,0.38615658847521334
case_sable,0.83999999999999997,13,4.4000000000000004,r0011,38,0.44091957133887349
case_sable,0.83999999999999997,13,4.4000000000000004,r0012,38,0.42639156544614809
case_sable,0.83999999999999997,13,4.4000000000000004,r0013,38,0.41757670899280425
case_sable,0.83999999999999997,13,4.4000000000000004,r0014,38,0.33704365562081784
case_sable,0.83999999999999997,13,4.4000000000000004,r0015,38,0.37583997943806169
case_sable,0.83999999999999997,13,4.4000000000000004,r0016,38,0.44465101999116341
case_sable,0.83999999999999997,13,4.4000000000000004,r0017,38,0.41695699670151365
case_sable,0.83999999999999997,13,4.4000000000000004,r0018,38,0.41058447388342811
case_sable,0.83999999999999997,13,4.4000000000000004,r0019,38,0.55342994731521233
case_sable,0.83999999999999997,13,4.4000000000000004,r0020,38,0.37571147866521343
case_sable,0.83999999999999997,13,4.4000000000000004,r0021,38,0.47247866871289174
case_sable,0.83999999999999997,13,4.4000000000000004,r0022,38,0.35799793640368649
case_sable,0.83999999999999997,13,4.4000000000000004,r0023,38,0.35982969390239777
case_sable,0.83999999999999997,13,4.4000000000000004,r0024,38,0.36917909314634834
case_sable,0.83999999999999997,13,4.4000000000000004,r0025,38,0.44143161456389635
case_sable,0.83999999999999997,13,4.4000000000000004,r0026,38,0.37449249124246992
case_sable,0.83999999999999997,13,4.4000000000000004,r0027,38,0.34190201385572699
case_sable,0.83999999999999997,13,4.4000000000000004,r0028,38,0.37185456505398895
case_sable,0.83999999999999997,13,4.4000000000000004,r0029,38,0.35027474771766842
case_sable,0.83999999999999997,13,4.8499999999999996,r0000,38,0.4199816690505434
case_sable,0.83999999999999997,13,4.8499999999999996,r0001,38,0.46727354299613855
case_sable,0.83999999999999997,13,4.8499999999999996,r0002,38,0.39891293213895507
case_sable,0.83999999999999997,13,4.8499999999999996,r0003,38,0.4513995681235034
case_sable,0.83999999999999997,13,4.8499999999999996,r0004,38,0.35935701270264353
case_sable,0.83999999999999997,13,4.8499999999999996,r0005,38,0.38426231221286122
case_sable,0.83999999999999997,13,4.8499999999999996,r0006,38,0.5034299819067104
case_sable,0.83999999999999997,13,4.8499999999999996,r0007,38,0.27767984417863767
case_sable,0.83999999999999997,13,4.8499999999999996,r0008,38,0.37913498839563464
case_sable,0.83999999999999997,13,4.8499999999999996,r0009,38,0.43829048839786333
case_sable,0.83999999999999997,13,4.8499999999999996,r0010,38,0.37759799647685188
case_sable,0.83999999999999997,13,4.8499999999999996,r0011,38,0.32221735468307861
case_sable,0.83999999999999997,13,4.8499999999999996,r0012,38,0.48967086195902026
case_sable,0.83999999999999997,13,4.8499999999999996,r0013,38,0.36615807781097992
case_sable,0.83999999999999997,13,4.8499999999999996,r0014,38,0.44557040194408448
case_sable,0.83999999999999997,13,4.8499999999999996,r0015,38,0.41380795540933524
case_sable,0.83999999999999997,13,4.8499999999999996,r0016,38,0.30171891390554811
case_sable,0.83999999999999997,13,4.8499999999999996,r0017,38,0.38121215438105494
case_sable,0.83999999999999997,13,4.8499999999999996,r0018,38,0.30830904539697085
case_sable,0.83999999999999997,13,4.8499999999999996,r0019,38,0.36670061528318448
case_sable,0.83999999999999997,13,4.8499999999999996,r0020,38,0.34359501629075673
case_sable,0.83999999999999997,13,4.8499999999999996,r0021,38,0.39697994541397075
case_sable,0.83999999999999997,13,4.8499999999999996,r0022,38,0.30749177615446405
case_sable,0.83999999999999997,13,4.8499999999999996,r0023,38,0.46970059558814087
case_sable,0.83999999999999997,13,4.8499999999999996,r0024,38,0.31887697454941838
case_sable,0.83999999999999997,13,4.8499999999999996,r0025,38,0.30757522394721876
case_sable,0.83999999999999997,13,4.8499999999999996,r0026,38,0.44318029973138878
case_sable,0.83999999999999997,13,4.8499999999999996,r0027,38,0.3252306375536142
case_sable,0.83999999999999997,13,4.8499999999999996,r0028,38,0.42961679517560963
case_sable,0.83999999999999997,13,4.8499999999999996,r0029,38,0.36723036931926145
case_sable,0.83999999999999997,13,5.2999999999999998,r0000,38,0.42720297422296294
case_sable,0.83999999999999997,13,5.2999999999999998,r0001,38,0.31335597697428624
case_sable,0.83999999999999997,13,5.2999999999999998,r0002,38,0.35135058338828484
case_sable,0.83999999999999997,13,5.2999999999999998,r0003,38,0.35569952272179278
case_sable,0.83999999999999997,13,5.2999999999999998,r0004,38,0.38172176938542779
case_sable,0.83999999999999997,13,5.2999999999999998,r0005,38,0.35192371611789552
case_sable,0.83999999999999997,13,5.2999999999999998,r0006,38,0.40193994747878187
case_sable,0.83999999999999997,13,5.2999999999999998,r0007,38,0.42141651332635222
case_sable,0.83999999999999997,13,5.2999999999999998,r0008,38,0.3872240413425343
case_sable,0.83999999999999997,13,5.2999999999999998,r0009,38,0.45110470321903146
case_sable,0.83999999999999997,13,5.2999999999999998,r0010,38,0.46882453332426433
case_sable,0.83999999999999997,13,5.2999999999999998,r0011,38,0.47336260967993687
case_sable,0.83999999999999997,13,5.2999999999999998,r0012,38,0.36171456995769852
case_sable,0.83999999999999997,13,5.2999999999999998,r0013,38,0.37183229906871712
case_sable,0.83999999999999997,13,5.2999999999999998,r0014,38,0.41512453093197055
case_sable,0.83999999999999997,13,5.2999999999999998,r0015,38,0.44747538271826032
case_sable,0.83999999999999997,13,5.2999999999999998,r0016,38,0.31663665176785322
case_sable,0.83999999999999997,13,5.2999999999999998,r0017,38,0.32868321227962449
case_sable,0.83999999999999997,13,5.2999999999999998,r0018,38,0.36129505639563431
case_sable,0.83999999999999997,13,5.2999999999999998,r0019,38,0.29217293046613857
case_sable,0.83999999999999997,13,5.2999999999999998,r0020,38,0.3818995279875782
case_sable,0.83999999999999997,13,5.2999999999999998,r0021,38,0.39784126724922514
case_sable,0.83999999999999997,13,5.2999999999999998,r0022,38,0.34072384300787933
case_sable,0.83999999999999997,13,5.2999999999999998,r0023,38,0.37304670073248841
case_sable,0.83999999999999997,13,5.2999999999999998,r0024,38,0.39924757472159694
case_sable,0.83999999999999997,13,5.2999999999999998,r0025,38,0.3886619597744666
case_sable,0.83999999999999997,13,5.2999999999999998,r0026,38,0.3454444190980912
case_sable,0.83999999999999997,13,5.2999999999999998,r0027,38,0.42389210998664106
case_sable,0.83999999999999997,13,5.2999999999999998,r0028,38,0.38686361163207533
case_sable,0.83999999999999997,13,5.2999999999999998,r0029,38,0.36238280178043958
case_sable,0.83999999999999997,20,1.7,r0000,24,0.53266482863763198
case_sable,0.83999999999999997,20,1.7,r0001,24,0.65520528740900541
case_sable,0.83999999999999997,20,1.7,r0002,24,0.50295497505841869
case_sable,0.83999999999999997,20,1.7,r0003,24,0.50061385565083871
case_sable,0.83999999999999997,20,1.7,r0004,24,0.57502685874245696
case_sable,0.83999999999999997,20,1.7,r0005,24,0.4909749459951292
case_sable,0.83999999999999997,20,1.7,r0006,24,0.49374605503153712
case_sable,0.83999999999999997,20,1.7,r0007,24,0.55979995774366786
case_sable,0.83999999999999997,20,1.7,r0008,24,0.44941325436733653
case_sable,0.83999999999999997,20,1.7,r0009,24,0.53101287262441821
case_sable,0.83999999999999997,20,1.7,r0010,24,0.41191037741280506
case_sable,0.83999999999999997,20,1.7,r0011,24,0.44007849949013744
case_sable,0.83999999999999997,20,1.7,r0012,24,0.44274836215217794
case_sable,0.83999999999999997,20,1.7,r0013,24,0.57336414037345962
case_sable,0.83999999999999997,20,1.7,r0014,24,0.56144057985078255
case_sable,0.83999999999999997,20,1.7,r0015,24,0.49985282926507529
case_sable,0.83999999999999997,20,1.7,r0016,24,0.59173302699412555
case_sable,0.83999999999999997,20,1.7,r0017,24,0.47969195112998714
case_sable,0.83999999999999997,20,1.7,r0018,24,0.53206791672054521
case_sable,0.83999999999999997,20,1.7,r0019,24,0.62161767332336682
case_sable,0.83999999999999997,20,1.7,r0020,24,0.47157351105261114
case_sable,0.83999999999999997,20,1.7,r0021,24,0.44252506015729448
case_sable,0.83999999999999997,20,1.7,r0022,24,0.50181841939051075
case_sable,0.83999999999999997,20,1.7,r0023,24,0.54217553884261538
case_sable,0.83999999999999997,20,1.7,r0024,24,0.50151699890292789
case_sable,0.83999999999999997,20,1.7,r0025,24,0.63025754733524897
case_sable,0.83999999999999997,20,1.7,r0026,24,0.58482851987553375
case_sable,0.83999999999999997,20,1.7,r0027,24,0.4811778694909099
case_sable,0.83999999999999997,20,1.7,r0028,24,0.6590686236965978
case_sable,0.83999999999999997,20,1.7,r0029,24,0.55212577380721994
case_sable,0.83999999999999997,20,2.1499999999999999,r0000,24,0.52780449270313945
case_sable,0.83999999999999997,20,2.1499999999999999,r0001,24,0.60175803752713974
case_sable,0.83999999999999997,20,2.1499999999999999,r0002,24,0.64013633258751224
case_sable,0.83999999999999997,20,2.1499999999999999,r0003,24,0.42310700181475763
case_sable,0.83999999999999997,20,2.1499999999999999,r0004,24,0.56983710426507217
case_sable,0.83999999999999997,20,2.1499999999999999,r0005,24,0.49392070806919247
case_sable,0.83999999999999997,20,2.1499999999999999,r0006,24,0.57311558847623278
case_sable,0.83999999999999997,20,2.1499999999999999,r0007,24,0.51969540106056245
case_sable,0.83999999999999997,20,2.1499999999999999,r0008,24,0.51644869490621292
case_sable,0.83999999999999997,20,2.1499999999999999,r0009,24,0.54804090630815894
case_sable,0.83999999999999997,20,2.1499999999999999,r0010,24,0.47297562451620428
case_sable,0.83999999999999997,20,2.1499999999999999,r0011,24,0.57677312613863918
case_sable,0.83999999999999997,20,2.1499999999999999,r0012,24,0.40734195352927877
case_sable,0.83999999999999997,20,2.1499999999999999,r0013,24,0.60103368866088946
case_sable,0.83999999999999997,20,2.1499999999999999,r0014,24,0.58572392337774859
case_sable,0.83999999999999997,20,2.1499999999999999,r0015,24,0.54089179898663897
case_sable,0.83999999999999997,20,2.1499999999999999,r0016,24,0.55358914439339346
case_sable,0.83999999999999997,20,2.1499999999999999,r0017,24,0.62436257217616042
case_sable,0.83999999999999997,20,2.1499999999999999,r0018,24,0.54895856753999517
case_sable,0.83999999999999997,20,2.1499999999999999,r0019,24,0.4948228759693139
case_sable,0.83999999999999997,20,2.1499999999999999,r0020,24,0.5169872986760623
case_sable,0.83999999999999997,20,2.1499999999999999,r0021,24,0.57098029631167346
case_sable,0.83999999999999997,20,2.1499999999999999,r0022,24,0.59232922755693262
case_sable,0.83999999999999997,20,2.1499999999999999,r0023,24,0.45208750014113236
case_sable,0.83999999999999997,20,2.1499999999999999,r0024,24,0.61320383614861085
case_sable,0.83999999999999997,20,2.1499999999999999,r0025,24,0.59065649032616319
case_sable,0.83999999999999997,20,2.1499999999999999,r0026,24,0.44988179521532734
case_sable,0.83999999999999997,20,2.1499999999999999,r0027,24,0.43622730511275892
case_sable,0.83999999999999997,20,2.1499999999999999,r0028,24,0.40202185987899908
case_sable,0.83999999999999997,20,2.1499999999999999,r0029,24,0.55312751055638432
case_sable,0.83999999999999997,20,2.6000000000000001,r0000,24,0.50628292726825297
case_sable,0.83999999999999997,20,2.6000000000000001,r0001,24,0.58799866009443236
case_sable,0.83999999999999997,20,2.6000000000000001,r0002,24,0.55670814640112665
case_sable,0.83999999999999997,20,2.6000000000000001,r0003,24,0.39005150419064499
case_sable,0.83999999999999997,20,2.6000000000000001,r0004,24,0.5771178772203408
case_sable,0.83999999999999997,20,2.6000000000000001,r0005,24,0.42759116093582561
case_sable,0.83999999999999997,20,2.6000000000000001,r0006,24,0.46667643197159769
case_sable,0.83999999999999997,20,2.6000000000000001,r0007,24,0.55072645749121729
case_sable,0.83999999999999997,20,2.6000000000000001,r0008,24,0.61765827812158047
case_sable,0.83999999999999997,20,2.6000000000000001,r0009,24,0.46641210827058321
case_sable,0.83999999999999997,20,2.6000000000000001,r0010,24,0.55382354134583966
case_sable,0.83999999999999997,20,2.6000000000000001,r0011,24,0.52037802087345442
case_sable,0.83999999999999997,20,2.6000000000000001,r0012,24,0.44311393235110913
case_sable,0.83999999999999997,20,2.6000000000000001,r0013,24,0.53082763199602534
case_sable,0.83999999999999997,20,2.6000000000000001,r0014,24,0.49637710694219855
case_sable,0.83999999999999997,20,2.6000000000000001,r0015,24,0.45291320264856544
case_sable,0.83999999999999997,20,2.6000000000000001,r0016,24,0.51965808244935963
case_sable,0.83999999999999997,20,2.6000000000000001,r0017,24,0.53787990262869489
case_sable,0.83999999999999997,20,2.6000000000000001,r0018,24,0.49908184044843251
case_sable,0.83999999999999997,20,2.6000000000000001,r0019,24,0.55681186084130285
case_sable,0.83999999999999997,20,2.6000000000000001,r0020,24,0.60717223531168552
case_sable,0.83999999999999997,20,2.6000000000000001,r0021,24,0.51122702109464102
case_sable,0.83999999999999997,20,2.6000000000000001,r0022,24,0.57238574316074253
case_sable,0.83999999999999997,20,2.6000000000000001,r0023,24,0.5324807352886255
case_sable,0.83999999999999997,20,2.6000000000000001,r0024,24,0.4239844170581058
case_sable,0.83999999999999997,20,2.6000000000000001,r0025,24,0.59720737900679599
case_sable,0.83999999999999997,20,2.6000000000000001,r0026,24,0.59865390389483819
case_sable,0.83999999999999997,20,2.6000000000000001,r0027,24,0.48896209324954071
case_sable,0.83999999999999997,20,2.6000000000000001,r0028,24,0.57378848726433251
case_sable,0.83999999999999997,20,2.6000000000000001,r0029,24,0.63219282939714838
case_sable,0.83999999999999997,20,3.0499999999999998,r0000,24,0.47238501977792158
case_sable,0.83999999999999997,20,3.0499999999999998,r0001,24,0.54320780122846957
case_sable,0.83999999999999997,20,3.0499999999999998,r0002,24,0.52321458279801247
case_sable,0.83999999999999997,20,3.0499999999999998,r0003,24,0.41006034523441698
case_sable,0.83999999999999997,20,3.0499999999999998,r0004,24,0.61296938557010572
case_sable,0.83999999999999997,20,3.0499999999999998,r0005,24,0.4855362248891047
case_sable,0.83999999999999997,20,3.0499999999999998,r0006,24,0.56162875064919693
case_sable,0.83999999999999997,20,3.0499999999999998,r0007,24,0.40305183513527548
case_sable,0.83999999999999997,20,3.0499999999999998,r0008,24,0.70530175497951875
case_sable,0.83999999999999997,20,3.0499999999999998,r0009,24,0.48122403322699819
case_sable,0.83999999999999997,20,3.0499999999999998,r0010,24,0.5284989658933984
case_sable,0.83999999999999997,20,3.0499999999999998,r0011,24,0.35355054484857562
case_sable,0.83999999999999997,20,3.0499999999999998,r0012,24,0.55645430372471827
case_sable,0.83999999999999997,20,3.0499999999999998,r0013,24,0.48344491265306017
case_sable,0.83999999999999997,20,3.0499999999999998,r0014,24,0.5385939022622277
case_sable,0.83999999999999997,20,3.0499999999999998,r0015,24,0.56121859118368944
case_sable,0.83999999999999997,20,3.0499999999999998,r0016,24,0.44821623893729101
case_sable,0.83999999999999997,20,3.0499999999999998,r0017,24,0.59439309805708318
case_sable,0.83999999999999997,20,3.0499999999999998,r0018,24,0.50025123691564333
case_sable,0.83999999999999997,20,3.0499999999999998,r0019,24,0.62000132810519315
case_sable,0.83999999999999997,20,3.0499999999999998,r0020,24,0.58530724920667521
case_sable,0.83999999999999997,20,3.0499999999999998,r0021,24,0.62367765481131976
case_sable,0.83999999999999997,20,3.0499999999999998,r0022,24,0.63692844921399339
case_sable,0.83999999999999997,20,3.0499999999999998,r0023,24,0.52607277458369062
case_sable,0.83999999999999997,20,3.0499999999999998,r0024,24,0.60717161405285325
case_sable,0.83999999999999997,20,3.0499999999999998,r0025,24,0.49458204147198731
case_sable,0.83999999999999997,20,3.0499999999999998,r0026,24,0.58517166881353211
case_sable,0.83999999999999997,20,3.0499999999999998,r0027,24,0.51332072159300468
case_sable,0.83999999999999997,20,3.0499999999999998,r0028,24,0.54251084489525558
case_sable,0.83999999999999997,20,3.0499999999999998,r0029,24,0.48949698111774226
case_sable,0.83999999999999997,20,3.5,r0000,24,0.49998125417844691
case_sable,0.83999999999999997,20,3.5,r0001,24,0.54518259130552937
case_sable,0.83999999999999997,20,3.5,r0002,24,0.55186453489731202
case_sable,0.83999999999999997,20,3.5,r0003,24,0.47651154172304278
case_sable,0.83999999999999997,20,3.5,r0004,24,0.5901996421919472
case_sable,0.83999999999999997,20,3.5,r0005,24,0.56006119015544453
case_sable,0.83999999999999997,20,3.5,r0006,24,0.58734837365816928
case_sable,0.83999999999999997,20,3.5,r0007,24,0.56148612777549067
case_sable,0.83999999999999997,20,3.5,r0008,24,0.61335706198475981
case_sable,0.83999999999999997,20,3.5,r0009,24,0.51326336577967813
case_sable,0.83999999999999997,20,3.5,r0010,24,0.50442805692860715
case_sable,0.83999999999999997,20,3.5,r0011,24,0.51050558277601421
case_sable,0.83999999999999997,20,3.5,r0012,24,0.54336855336191936
case_sable,0.83999999999999997,20,3.5,r0013,24,0.59787369164866488
case_sable,0.83999999999999997,20,3.5,r0014,24,0.50274144445847435
case_sable,0.83999999999999997,20,3.5,r0015,24,0.65726621982979827
case_sable,0.83999999999999997,20,3.5,r0016,24,0.66266494551314026
case_sable,0.83999999999999997,20,3.5,r0017,24,0.62909182665155272
case_sable,0.83999999999999997,20,3.5,r0018,24,0.53270098154226186
case_sable,0.83999999999999997,20,3.5,r0019,24,0.52284576153050677
case_sable,0.83999999999999997,20,3.5,r0020,24,0.57408398676680694
case_sable,0.83999999999999997,20,3.5,r0021,24,0.43569888869448975
case_sable,0.83999999999999997,20,3.5,r0022,24,0.58194029820033866
case_sable,0.83999999999999997,20,3.5,r0023,24,0.42582166648200093
case_sable,0.83999999999999997,20,3.5,r0024,24,0.54501177696393033
case_sable,0.83999999999999997,20,3.5,r0025,24,0.52147332819709125
case_sable,0.83999999999999997,20,3.5,r0026,24,0.39109063275545269
case_sable,0.83999999999999997,20,3.5,r0027,24,0.48539667492391075
case_sable,0.83999999999999997,20,3.5,r0028,24,0.63824897049379181
case_sable,0.83999999999999997,20,3.5,r0029,24,0.5611928089968713
case_sable,0.83999999999999997,20,3.9500000000000002,r0000,37,0.48198801782879441
case_sable,0.83999999999999997,20,3.9500000000000002,r0001,37,0.48331536573145845
case_sable,0.83999999999999997,20,3.9500000000000002,r0002,37,0.42003680183556863
case_sable,0.83999999999999997,20,3.9500000000000002,r0003,37,0.3784648165004626
case_sable,0.83999999999999997,20,3.9500000000000002,r0004,37,0.33336908435366097
case_sable,0.83999999999999997,20,3.9500000000000002,r0005,37,0.47872142223926839
case_sable,0.83999999999999997,20,3.9500000000000002,r0006,37,0.36643432870852766
case_sable,0.83999999999999997,20,3.9500000000000002,r0007,37,0.39248153738353214
case_sable,0.83999999999999997,20,3.9500000000000002,r0008,37,0.35301424235433038
case_sable,0.83999999999999997,20,3.9500000000000002,r0009,37,0.4225716176772199
case_sable,0.83999999999999997,20,3.9500000000000002,r0010,37,0.39677219687909882
case_sable,0.83999999999999997,20,3.9500000000000002,r0011,37,0.43471477408750253
case_sable,0.83999999999999997,20,3.9500000000000002,r0012,37,0.46310383083016732
case_sable,0.83999999999999997,20,3.9500000000000002,r0013,37,0.39336173407295855
case_sable,0.83999999999999997,20,3.9500000000000002,r0014,37,0.27997313818560537
case_sable,0.83999999999999997,20,3.9500000000000002,r0015,37,0.51953752879827109
case_sable,0.83999999999999997,20,3.9500000000000002,r0016,37,0.28911120340320468
case_sable,0.83999999999999997,20,3.9500000000000002,r0017,37,0.47067436731610829
case_sable,0.83999999999999997,20,3.9500000000000002,r0018,37,0.35548886506069605
case_sable,0.83999999999999997,20,3.9500000000000002,r0019,37,0.39183618557868682
case_sable,0.83999999999999997,20,3.9500000000000002,r0020,37,0.48152686413905782
case_sable,0.83999999999999997,20,3.9500000000000002,r0021,38,0.36539650705438242
case_sable,0.83999999999999997,20,3.9500000000000002,r0022,37,0.4738514463696254
case_sable,0.83999999999999997,20,3.9500000000000002,r0023,37,0.38327514743587249
case_sable,0.83999999999999997,20,3.9500000000000002,r0024,37,0.31389247538865506
case_sable,0.83999999999999997,20,3.9500000000000002,r0025,37,0.35856612512045044
case_sable,0.83999999999999997,20,3.9500000000000002,r0026,37,0.36937766138681422
case_sable,0.83999999999999997,20,3.9500000000000002,r0027,37,0.31459902474606749
case_sable,0.83999999999999997,20,3.9500000000000002,r0028,37,0.34047953620688953
case_sable,0.83999999999999997,20,3.9500000000000002,r0029,37,0.41105110610472884
case_sable,0.83999999999999997,20,4.4000000000000004,r0000,38,0.38318140946732093
case_sable,0.83999999999999997,20,4.4000000000000004,r0001,38,0.37147709992965405
case_sable,0.83999999999999997,20,4.4000000000000004,r0002,38,0.39953678565701228
case_sable,0.83999999999999997,20,4.4000000000000004,r0003,38,0.41833594794293133
case_sable,0.83999999999999997,20,4.4000000000000004,r0004,38,0.43341234537453283
case_sable,0.83999999999999997,20,4.4000000000000004,r0005,38,0.32440192504880611
case_sable,0.83999999999999997,20,4.4000000000000004,r0006,38,0.42291400362420606
case_sable,0.83999999999999997,20,4.4000000000000004,r0007,38,0.36608412558325648
case_sable,0.83999999999999997,20,4.4000000000000004,r0008,38,0.40857533871979002
case_sable,0.83999999999999997,20,4.4000000000000004,r0009,38,0.36367250157793685
case_sable,0.83999999999999997,20,4.4000000000000004,r0010,38,0.45597160100969181
case_sable,0.83999999999999997,20,4.4000000000000004,r0011,38,0.36929068169096019
case_sable,0.83999999999999997,20,4.4000000000000004,r0012,38,0.38586570369572953
case_sable,0.83999999999999997,20,4.4000000000000004,r0013,38,0.4040735217725569
case_sable,0.83999999999999997,20,4.4000000000000004,r0014,38,0.35248379935055157
case_sable,0.83999999999999997,20,4.4000000000000004,r0015,38,0.47155386958881873
case_sable,0.83999999999999997,20,4.4000000000000004,r0016,38,0.53265255514017773
case_sable,0.83999999999999997,20,4.4000000000000004,r0017,38,0.34977678384733241
case_sable,0.83999999999999997,20,4.4000000000000004,r0018,38,0.45822376074216326
case_sable,0.83999999999999997,20,4.4000000000000004,r0019,38,0.41793941393875506
case_sable,0.83999999999999997,20,4.4000000000000004,r0020,38,0.31083179049265292
case_sable,0.83999999999999997,20,4.4000000000000004,r0021,38,0.3820863987100111
case_sable,0.83999999999999997,20,4.4000000000000004,r0022,38,0.41248879666549171
case_sable,0.83999999999999997,20,4.4000000000000004,r0023,38,0.3510674539777634
case_sable,0.83999999999999997,20,4.4000000000000004,r0024,38,0.37187632810282101
case_sable,0.83999999999999997,20,4.4000000000000004,r0025,38,0.41233920876005975
case_sable,0.83999999999999997,20,4.4000000000000004,r0026,38,0.37490827628028028
case_sable,0.83999999999999997,20,4.4000000000000004,r0027,38,0.39683659741498811
case_sable,0.83999999999999997,20,4.4000000000000004,r0028,38,0.41346472701339865
case_sable,0.83999999999999997,20,4.4000000000000004,r0029,38,0.52633680834528085
case_sable,0.83999999999999997,20,4.8499999999999996,r0000,38,0.40178040284122507
case_sable,0.83999999999999997,20,4.8499999999999996,r0001,38,0.43423874186994277
case_sable,0.83999999999999997,20,4.8499999999999996,r0002,38,0.37916357799939926
case_sable,0.83999999999999997,20,4.8499999999999996,r0003,38,0.36354336263872483
case_sable,0.83999999999999997,20,4.8499999999999996,r0004,38,0.37446436386002624
case_sable,0.83999999999999997,20,4.8499999999999996,r0005,38,0.45976966540658326
case_sable,0.83999999999999997,20,4.8499999999999996,r0006,38,0.31571980478469613
case_sable,0.83999999999999997,20,4.8499999999999996,r0007,38,0.42697108900083841
case_sable,0.83999999999999997,20,4.8499999999999996,r0008,38,0.41517802615056026
case_sable,0.83999999999999997,20,4.8499999999999996,r0009,38,0.39502207157099678
case_sable,0.83999999999999997,20,4.8499999999999996,r0010,38,0.39196607216339607
case_sable,0.83999999999999997,20,4.8499999999999996,r0011,38,0.26534028318801939
case_sable,0.83999999999999997,20,4.8499999999999996,r0012,38,0.3743896869134552
case_sable,0.83999999999999997,20,4.8499999999999996,r0013,38,0.43392066203463553
case_sable,0.83999999999999997,20,4.8499999999999996,r0014,38,0.46176464465216638
case_sable,0.83999999999999997,20,4.8499999999999996,r0015,38,0.36045520296733019
case_sable,0.83999999999999997,20,4.8499999999999996,r0016,38,0.38088750160129853
case_sable,0.83999999999999997,20,4.8499999999999996,r0017,38,0.37796481985169111
case_sable,0.83999999999999997,20,4.8499999999999996,r0018,38,0.46580084697957408
case_sable,0.83999999999999997,20,4.8499999999999996,r0019,38,0.37723440758250382
case_sable,0.83999999999999997,20,4.8499999999999996,r0020,38,0.35439846816133158
case_sable,0.83999999999999997,20,4.8499999999999996,r0021,38,0.32859312778989735
case_sable,0.83999999999999997,20,4.8499999999999996,r0022,38,0.28355465040690436
case_sable,0.83999999999999997,20,4.8499999999999996,r0023,38,0.52756733915705301
case_sable,0.83999999999999997,20,4.8499999999999996,r0024,38,0.35121930304806176
case_sable,0.83999999999999997,20,4.8499999999999996,r0025,38,0.33853593869373078
case_sable,0.83999999999999997,20,4.8499999999999996,r0026,38,0.31810405031760897
case_sable,0.83999999999999997,20,4.8499999999999996,r0027,38,0.49752494057815655
case_sable,0.83999999999999997,20,4.8499999999999996,r0028,38,0.42230479502863921
case_sable,0.83999999999999997,20,4.8499999999999996,r0029,38,0.34973749502629115
case_sable,0.83999999999999997,20,5.2999999999999998,r0000,38,0.32263539004338176
case_sable,0.83999999999999997,20,5.2999999999999998,r0001,38,0.44780419352746814
case_sable,0.83999999999999997,20,5.2999999999999998,r0002,38,0.41571211301645672
case_sable,0.83999999999999997,20,5.2999999999999998,r0003,38,0.34243003982282771
case_sable,0.83999999999999997,20,5.2999999999999998,r0004,38,0.43067910505206852
case_sable,0.83999999999999997,20,5.2999999999999998,r0005,38,0.41690664201071159
case_sable,0.83999999999999997,20,5.2999999999999998,r0006,38,0.36296992416127333
case_sable,0.83999999999999997,20,5.2999999999999998,r0007,38,0.43446948714567124
case_sable,0.83999999999999997,20,5.2999999999999998,r0008,38,0.46652110155071541
case_sable,0.83999999999999997,20,5.2999999999999998,r0009,38,0.43463996441281394
case_sable,0.83999999999999997,20,5.2999999999999998,r0010,38,0.46707665058689152
case_sable,0.83999999999999997,20,5.2999999999999998,r0011,38,0.38264895391693077
case_sable,0.83999999999999997,20,5.2999999999999998,r0012,38,0.45385805781630456
case_sable,0.83999999999999997,20,5.2999999999999998,r0013,38,0.46420269918722595
case_sable,0.83999999999999997,20,5.2999999999999998,r0014,38,0.34892825072710099
case_sable,0.83999999999999997,20,5.2999999999999998,r0015,38,0.37357826000304067
case_sable,0.83999999999999997,20,5.2999999999999998,r0016,38,0.37336219176949059
case_sable,0.83999999999999997,20,5.2999999999999998,r0017,38,0.37837384990733947
case_sable,0.83999999999999997,20,5.2999999999999998,r0018,38,0.37300425371600837
case_sable,0.83999999999999997,20,5.2999999999999998,r0019,38,0.36649921452351009
case_sable,0.83999999999999997,20,5.2999999999999998,r0020,38,0.28332322348329803
case_sable,0.83999999999999997,20,5.2999999999999998,r0021,38,0.48396894739724838
case_sable,0.83999999999999997,20,5.2999999999999998,r0022,38,0.42579040523592826
case_sable,0.83999999999999997,20,5.2999999999999998,r0023,38,0.31497481396730415
case_sable,0.83999999999999997,20,5.2999999999999998,r0024,38,0.38590627241088921
case_sable,0.83999999999999997,20,5.2999999999999998,r0025,38,0.42156139232727124
case_sable,0.83999999999999997,20,5.2999999999999998,r0026,38,0.37057869893295287
case_sable,0.83999999999999997,20,5.2999999999999998,r0027,38,0.3862762732052728
case_sable,0.83999999999999997,20,5.2999999999999998,r0028,38,0.37845706849963828
case_sable,0.83999999999999997,20,5.2999999999999998,r0029,38,0.39764595943317038
case_sable,0.83999999999999997,29,1.7,r0000,24,0.55750174147665776
case_sable,0.83999999999999997,29,1.7,r0001,24,0.44237541552063786
case_sable,0.83999999999999997,29,1.7,r0002,24,0.44448868259602275
case_sable,0.83999999999999997,29,1.7,r0003,24,0.55246833932880512
case_sable,0.83999999999999997,29,1.7,r0004,24,0.58275601406016597
case_sable,0.83999999999999997,29,1.7,r0005,24,0.5435033991183249
case_sable,0.83999999999999997,29,1.7,r0006,24,0.65101201036275003
case_sable,0.83999999999999997,29,1.7,r0007,24,0.53764021262396966
case_sable,0.83999999999999997,29,1.7,r0008,24,0.50554697520535041
case_sable,0.83999999999999997,29,1.7,r0009,24,0.58776237059824776
case_sable,0.83999999999999997,29,1.7,r0010,24,0.50814928336127996
case_sable,0.83999999999999997,29,1.7,r0011,24,0.60758161992419624
case_sable,0.83999999999999997,29,1.7,r0012,24,0.38764194323880591
case_sable,0.83999999999999997,29,1.7,r0013,24,0.45350283872443914
case_sable,0.83999999999999997,29,1.7,r0014,24,0.61723344873890473
case_sable,0.83999999999999997,29,1.7,r0015,24,0.57982828979319945
case_sable,0.83999999999999997,29,1.7,r0016,24,0.52019833547494254
case_sable,0.83999999999999997,29,1.7,r0017,24,0.49338196565499981
case_sable,0.83999999999999997,29,1.7,r0018,24,0.43695504166686067
case_sable,0.83999999999999997,29,1.7,r0019,24,0.54750438132047774
case_sable,0.83999999999999997,29,1.7,r0020,24,0.58352196263160516
case_sable,0.83999999999999997,29,1.7,r0021,24,0.52988797310934255
case_sable,0.83999999999999997,29,1.7,r0022,24,0.55689661023301484
case_sable,0.83999999999999997,29,1.7,r0023,24,0.59279980260450671
case_sable,0.83999999999999997,29,1.7,r0024,24,0.51350236037657193
case_sable,0.83999999999999997,29,1.7,r0025,24,0.55275903898142442
case_sable,0.83999999999999997,29,1.7,r0026,24,0.50900120045568098
case_sable,0.83999999999999997,29,1.7,r0027,24,0.56748200828666684
case_sable,0.83999999999999997,29,1.7,r0028,24,0.5771313400379896
case_sable,0.83999999999999997,29,1.7,r0029,24,0.500889909382913
case_sable,0.83999999999999997,29,2.1499999999999999,r0000,24,0.58852052954249856
case_sable,0.83999999999999997,29,2.1499999999999999,r0001,24,0.59930601272148076
case_sable,0.83999999999999997,29,2.1499999999999999,r0002,24,0.52141088619762532
case_sable,0.83999999999999997,29,2.1499999999999999,r0003,24,0.47251404318402696
case_sable,0.83999999999999997,29,2.1499999999999999,r0004,24,0.43804189624105039
case_sable,0.83999999999999997,29,2.1499999999999999,r0005,24,0.54622817641378052
case_sable,0.83999999999999997,29,2.1499999999999999,r0006,24,0.53557053427609891
case_sable,0.83999999999999997,29,2.1499999999999999,r0007,24,0.57585600050691632
case_sable,0.83999999999999997,29,2.1499999999999999,r0008,24,0.51004876335075189
case_sable,0.83999999999999997,29,2.1499999999999999,r0009,24,0.58876106369314651
case_sable,0.83999999999999997,29,2.1499999999999999,r0010,24,0.5703721764919033
case_sable,0.83999999999999997,29,2.1499999999999999,r0011,24,0.49866683124736239
case_sable,0.83999999999999997,29,2.1499999999999999,r0012,24,0.46732219298815419
case_sable,0.83999999999999997,29,2.1499999999999999,r0013,24,0.52382874514443267
case_sable,0.83999999999999997,29,2.1499999999999999,r0014,24,0.54654886730540186
case_sable,0.83999999999999997,29,2.1499999999999999,r0015,24,0.53727113412846272
case_sable,0.83999999999999997,29,2.1499999999999999,r0016,24,0.52635498120501112
case_sable,0.83999999999999997,29,2.1499999999999999,r0017,24,0.58392833564033875
case_sable,0.83999999999999997,29,2.1499999999999999,r0018,24,0.42279251908808663
case_sable,0.83999999999999997,29,2.1499999999999999,r0019,24,0.48734235751483207
case_sable,0.83999999999999997,29,2.1499999999999999,r0020,24,0.59282445039408904
case_sable,0.83999999999999997,29,2.1499999999999999,r0021,24,0.44315865622844125
case_sable,0.83999999999999997,29,2.1499999999999999,r0022,24,0.63612034520003147
case_sable,0.83999999999999997,29,2.1499999999999999,r0023,24,0.51323694732453973
case_sable,0.83999999999999997,29,2.1499999999999999,r0024,24,0.55741646878612439
case_sable,0.83999999999999997,29,2.1499999999999999,r0025,24,0.43208134097031836
case_sable,0.83999999999999997,29,2.1499999999999999,r0026,24,0.48353964898662399
case_sable,0.83999999999999997,29,2.1499999999999999,r0027,24,0.57898802227332169
case_sable,0.83999999999999997,29,2.1499999999999999,r0028,24,0.53914331645730285
case_sable,0.83999999999999997,29,2.1499999999999999,r0029,24,0.52244880129889604
case_sable,0.83999999999999997,29,2.6000000000000001,r0000,24,0.5242863356838382
case_sable,0.83999999999999997,29,2.6000000000000001,r0001,24,0.46701423755506594
case_sable,0.83999999999999997,29,2.6000000000000001,r0002,24,0.43109624562690874
case_sable,0.83999999999999997,29,2.6000000000000001,r0003,24,0.59982556185302793
case_sable,0.83999999999999997,29,2.6000000000000001,r0004,24,0.55857487318009291
case_sable,0.83999999999999997,29,2.6000000000000001,r0005,24,0.46237735965953863
case_sable,0.83999999999999997,29,2.6000000000000001,r0006,24,0.56370039705945973
case_sable,0.83999999999999997,29,2.6000000000000001,r0007,24,0.43595379563974745
case_sable,0.83999999999999997,29,2.6000000000000001,r0008,24,0.52270141794828484
case_sable,0.83999999999999997,29,2.6000000000000001,r0009,24,0.64204882743566849
case_sable,0.83999999999999997,29,2.6000000000000001,r0010,24,0.51072349296000941
case_sable,0.83999999999999997,29,2.6000000000000001,r0011,24,0.55494914864134048
case_sable,0.83999999999999997,29,2.6000000000000001,r0012,24,0.39485898348291976
case_sable,0.83999999999999997,29,2.6000000000000001,r0013,24,0.44127344237336835
case_sable,0.83999999999999997,29,2.6000000000000001,r0014,24,0.48640241438380699
case_sable,0.83999999999999997,29,2.6000000000000001,r0015,24,0.55158029842854983
case_sable,0.83999999999999997,29,2.6000000000000001,r0016,24,0.50943584471687153
case_sable,0.83999999999999997,29,2.6000000000000001,r0017,24,0.51743969972168713
case_sable,0.83999999999999997,29,2.6000000000000001,r0018,24,0.49758144378615654
case_sable,0.83999999999999997,29,2.6000000000000001,r0019,24,0.46447341508977452
case_sable,0.83999999999999997,29,2.6000000000000001,r0020,24,0.5786846237414931
case_sable,0.83999999999999997,29,2.6000000000000001,r0021,24,0.4471696507109621
case_sable,0.83999999999999997,29,2.6000000000000001,r0022,24,0.54407715399799661
case_sable,0.83999999999999997,29,2.6000000000000001,r0023,24,0.53554717392405859
case_sable,0.83999999999999997,29,2.6000000000000001,r0024,24,0.54541535417425491
case_sable,0.83999999999999997,29,2.6000000000000001,r0025,24,0.65529321451267897
case_sable,0.83999999999999997,29,2.6000000000000001,r0026,24,0.56413544790833392
case_sable,0.83999999999999997,29,2.6000000000000001,r0027,24,0.45591972595064617
case_sable,0.83999999999999997,29,2.6000000000000001,r0028,24,0.49911154611006747
case_sable,0.83999999999999997,29,2.6000000000000001,r0029,24,0.47953358642631866
case_sable,0.83999999999999997,29,3.0499999999999998,r0000,24,0.39371604982962644
case_sable,0.83999999999999997,29,3.0499999999999998,r0001,24,0.49321029790336574
case_sable,0.83999999999999997,29,3.0499999999999998,r0002,24,0.50263835470677154
case_sable,0.83999999999999997,29,3.0499999999999998,r0003,24,0.61325907086643672
case_sable,0.83999999999999997,29,3.0499999999999998,r0004,24,0.59293976977203966
case_sable,0.83999999999999997,29,3.0499999999999998,r0005,24,0.64116579464688772
case_sable,0.83999999999999997,29,3.0499999999999998,r0006,24,0.5535946629855425
case_sable,0.83999999999999997,29,3.0499999999999998,r0007,24,0.58992927977305876
case_sable,0.83999999999999997,29,3.0499999999999998,r0008,24,0.47561340009326109
case_sable,0.83999999999999997,29,3.0499999999999998,r0009,24,0.65468244801215836
case_sable,0.83999999999999997,29,3.0499999999999998,r0010,24,0.49289602584479297
case_sable,0.83999999999999997,29,3.0499999999999998,r0011,24,0.43058355583645591
case_sable,0.83999999999999997,29,3.0499999999999998,r0012,24,0.47005712954692519
case_sable,0.83999999999999997,29,3.0499999999999998,r0013,24,0.47031920196226712
case_sable,0.83999999999999997,29,3.0499999999999998,r0014,24,0.49994364534632085
case_sable,0.83999999999999997,29,3.0499999999999998,r0015,24,0.47988324572248975
case_sable,0.83999999999999997,29,3.0499999999999998,r0016,24,0.64454879948016097
case_sable,0.83999999999999997,29,3.0499999999999998,r0017,24,0.52745542251896937
case_sable,0.83999999999999997,29,3.0499999999999998,r0018,24,0.44623579349555781
case_sable,0.83999999999999997,29,3.0499999999999998,r0019,24,0.59079871869535217
case_sable,0.83999999999999997,29,3.0499999999999998,r0020,24,0.48850151917390572
case_sable,0.83999999999999997,29,3.0499999999999998,r0021,24,0.52369582171139017
case_sable,0.83999999999999997,29,3.0499999999999998,r0022,24,0.48606668666667407
case_sable,0.83999999999999997,29,3.0499999999999998,r0023,24,0.47736239477850589
case_sable,0.83999999999999997,29,3.0499999999999998,r0024,24,0.61959020332417503
case_sable,0.83999999999999997,29,3.0499999999999998,r0025,24,0.49414911688589463
case_sable,0.83999999999999997,29,3.0499999999999998,r0026,24,0.4564793720736165
case_sable,0.83999999999999997,29,3.0499999999999998,r0027,24,0.46221350884711887
case_sable,0.83999999999999997,29,3.0499999999999998,r0028,24,0.61409586745952083
case_sable,0.83999999999999997,29,3.0499999999999998,r0029,24,0.54023513288680525
case_sable,0.83999999999999997,29,3.5,r0000,24,0.47408705764004844
case_sable,0.83999999999999997,29,3.5,r0001,24,0.58907283342232464
case_sable,0.83999999999999997,29,3.5,r0002,24,0.57868086436394872
case_sable,0.83999999999999997,29,3.5,r0003,24,0.51987363020220723
case_sable,0.83999999999999997,29,3.5,r0004,24,0.45918410640182233
case_sable,0.83999999999999997,29,3.5,r0005,24,0.45749111430607464
case_sable,0.83999999999999997,29,3.5,r0006,24,0.51940683069528859
case_sable,0.83999999999999997,29,3.5,r0007,24,0.5082513956501532
case_sable,0.83999999999999997,29,3.5,r0008,24,0.56427235347511639
case_sable,0.83999999999999997,29,3.5,r0009,24,0.48798047410662115
case_sable,0.83999999999999997,29,3.5,r0010,24,0.5028089269035777
case_sable,0.83999999999999997,29,3.5,r0011,24,0.49136208660962727
case_sable,0.83999999999999997,29,3.5,r0012,24,0.56764049010643369
case_sable,0.83999999999999997,29,3.5,r0013,24,0.65290363066278012
case_sable,0.83999999999999997,29,3.5,r0014,24,0.56731149558302851
case_sable,0.83999999999999997,29,3.5,r0015,24,0.61019031237535015
case_sable,0.83999999999999997,29,3.5,r0016,24,0.45542608484437458
case_sable,0.83999999999999997,29,3.5,r0017,24,0.52103485560926499
case_sable,0.83999999999999997,29,3.5,r0018,24,0.50603781427611183
case_sable,0.83999999999999997,29,3.5,r0019,24,0.50947179972777701
case_sable,0.83999999999999997,29,3.5,r0020,24,0.49264795303562964
case_sable,0.83999999999999997,29,3.5,r0021,24,0.51041200279416421
case_sable,0.83999999999999997,29,3.5,r0022,24,0.52637845614393919
case_sable,0.83999999999999997,29,3.5,r0023,24,0.48916789370338631
case_sable,0.83999999999999997,29,3.5,r0024,24,0.58657262189718473
case_sable,0.83999999999999997,29,3.5,r0025,24,0.52070248846909439
case_sable,0.83999999999999997,29,3.5,r0026,24,0.44737215561421645
case_sable,0.83999999999999997,29,3.5,r0027,24,0.54309970414949105
case_sable,0.83999999999999997,29,3.5,r0028,24,0.46191960057791676
case_sable,0.83999999999999997,29,3.5,r0029,24,0.57862514528386144
case_sable,0.83999999999999997,29,3.9500000000000002,r0000,38,0.37580768866955339
case_sable,0.83999999999999997,29,3.9500000000000002,r0001,38,0.35090553046657752
case_sable,0.83999999999999997,29,3.9500000000000002,r0002,38,0.40426057699455642
case_sable,0.83999999999999997,29,3.9500000000000002,r0003,38,0.36761182707296713
case_sable,0.83999999999999997,29,3.9500000000000002,r0004,38,0.38562618471400695
case_sable,0.83999999999999997,29,3.9500000000000002,r0005,38,0.39548552820049582
case_sable,0.83999999999999997,29,3.9500000000000002,r0006,38,0.39808531892836235
case_sable,0.83999999999999997,29,3.9500000000000002,r0007,38,0.49534821718136035
case_sable,0.83999999999999997,29,3.9500000000000002,r0008,38,0.38597139096910432
case_sable,0.83999999999999997,29,3.9500000000000002,r0009,38,0.37781647540214208
case_sable,0.83999999999999997,29,3.9500000000000002,r0010,38,0.46144654028203769
case_sable,0.83999999999999997,29,3.9500000000000002,r0011,38,0.32547974696119275
case_sable,0.83999999999999997,29,3.9500000000000002,r0012,38,0.35778449154526298
case_sable,0.83999999999999997,29,3.9500000000000002,r0013,38,0.40193597323748825
case_sable,0.83999999999999997,29,3.9500000000000002,r0014,38,0.30848096706522671
case_sable,0.83999999999999997,29,3.9500000000000002,r0015,38,0.39077553710324625
case_sable,0.83999999999999997,29,3.9500000000000002,r0016,38,0.38854271381964089
case_sable,0.83999999999999997,29,3.9500000000000002,r0017,38,0.3852378912779536
case_sable,0.83999999999999997,29,3.9500000000000002,r0018,38,0.44778771861083505
case_sable,0.83999999999999997,29,3.9500000000000002,r0019,38,0.32590894821321431
case_sable,0.83999999999999997,29,3.9500000000000002,r0020,38,0.36030227296715561
case_sable,0.83999999999999997,29,3.9500000000000002,r0021,38,0.35648881590970349
case_sable,0.83999999999999997,29,3.9500000000000002,r0022,38,0.34672072766394479
case_sable,0.83999999999999997,29,3.9500000000000002,r0023,38,0.35084150813493803
case_sable,0.83999999999999997,29,3.9500000000000002,r0024,38,0.36238010367391377
case_sable,0.83999999999999997,29,3.9500000000000002,r0025,38,0.41814408061814351
case_sable,0.83999999999999997,29,3.9500000000000002,r0026,38,0.42610321194922823
case_sable,0.83999999999999997,29,3.9500000000000002,r0027,38,0.43131622917594309
case_sable,0.83999999999999997,29,3.9500000000000002,r0028,38,0.36192319274946172
case_sable,0.83999999999999997,29,3.9500000000000002,r0029,38,0.46449221396055462
case_sable,0.83999999999999997,29,4.4000000000000004,r0000,38,0.37832406747929548
case_sable,0.83999999999999997,29,4.4000000000000004,r0001,38,0.37155578006484519
case_sable,0.83999999999999997,29,4.4000000000000004,r0002,38,0.41337637677993738
case_sable,0.83999999999999997,29,4.4000000000000004,r0003,38,0.34716923980979947
case_sable,0.83999999999999997,29,4.4000000000000004,r0004,38,0.41489657670924318
case_sable,0.83999999999999997,29,4.4000000000000004,r0005,38,0.49239747559421249
case_sable,0.83999999999999997,29,4.4000000000000004,r0006,38,0.45211231880344838
case_sable,0.83999999999999997,29,4.4000000000000004,r0007,38,0.33514458186648005
case_sable,0.83999999999999997,29,4.4000000000000004,r0008,38,0.40626813668441647
case_sable,0.83999999999999997,29,4.4000000000000004,r0009,38,0.43760286140962323
case_sable,0.83999999999999997,29,4.4000000000000004,r0010,38,0.48061997766708042
case_sable,0.83999999999999997,29,4.4000000000000004,r0011,38,0.35918374641881501
case_sable,0.83999999999999997,29,4.4000000000000004,r0012,38,0.38637443405079885
case_sable,0.83999999999999997,29,4.4000000000000004,r0013,38,0.41378696796418452
case_sable,0.83999999999999997,29,4.4000000000000004,r0014,38,0.33321176446670742
case_sable,0.83999999999999997,29,4.4000000000000004,r0015,38,0.35583941831458921
case_sable,0.83999999999999997,29,4.4000000000000004,r0016,38,0.41972416475120922
case_sable,0.83999999999999997,29,4.4000000000000004,r0017,38,0.25738345040996236
case_sable,0.83999999999999997,29,4.4000000000000004,r0018,38,0.39745615999811684
case_sable,0.83999999999999997,29,4.4000000000000004,r0019,38,0.46431523058558544
case_sable,0.83999999999999997,29,4.4000000000000004,r0020,38,0.31067342817802829
case_sable,0.83999999999999997,29,4.4000000000000004,r0021,38,0.37954146907004832
case_sable,0.83999999999999997,29,4.4000000000000004,r0022,38,0.31756162089407863
case_sable,0.83999999999999997,29,4.4000000000000004,r0023,38,0.39999753699768431
case_sable,0.83999999999999997,29,4.4000000000000004,r0024,38,0.46891015587044471
case_sable,0.83999999999999997,29,4.4000000000000004,r0025,38,0.36923072750322361
case_sable,0.83999999999999997,29,4.4000000000000004,r0026,38,0.47852027352560955
case_sable,0.83999999999999997,29,4.4000000000000004,r0027,38,0.32066008563316711
case_sable,0.83999999999999997,29,4.4000000000000004,r0028,38,0.43772673080986546
case_sable,0.83999999999999997,29,4.4000000000000004,r0029,38,0.35912256077075755
case_sable,0.83999999999999997,29,4.8499999999999996,r0000,38,0.40525127459635107
case_sable,0.83999999999999997,29,4.8499999999999996,r0001,38,0.4139915328111976
case_sable,0.83999999999999997,29,4.8499999999999996,r0002,38,0.49261940638649437
case_sable,0.83999999999999997,29,4.8499999999999996,r0003,38,0.31979867058170058
case_sable,0.83999999999999997,29,4.8499999999999996,r0004,38,0.37849507052736092
case_sable,0.83999999999999997,29,4.8499999999999996,r0005,38,0.38234943193147053
case_sable,0.83999999999999997,29,4.8499999999999996,r0006,38,0.41737997965376411
case_sable,0.83999999999999997,29,4.8499999999999996,r0007,38,0.36074267553272188
case_sable,0.83999999999999997,29,4.8499999999999996,r0008,38,0.40335876341901605
case_sable,0.83999999999999997,29,4.8499999999999996,r0009,38,0.40053896437241826
case_sable,0.83999999999999997,29,4.8499999999999996,r0010,38,0.39011302781842455
case_sable,0.83999999999999997,29,4.8499999999999996,r0011,38,0.33584720845110327
case_sable,0.83999999999999997,29,4.8499999999999996,r0012,38,0.38164798086548773
case_sable,0.83999999999999997,29,4.8499999999999996,r0013,38,0.32124109038776316
case_sable,0.83999999999999997,29,4.8499999999999996,r0014,38,0.3835533359932784
case_sable,0.83999999999999997,29,4.8499999999999996,r0015,38,0.37803666550371845
case_sable,0.83999999999999997,29,4.8499999999999996,r0016,38,0.40637143147741167
case_sable,0.83999999999999997,29,4.8499999999999996,r0017,38,0.3827389137556827
case_sable,0.83999999999999997,29,4.8499999999999996,r0018,38,0.41873407507489013
case_sable,0.83999999999999997,29,4.8499999999999996,r0019,38,0.49692133836341168
case_sable,0.83999999999999997,29,4.8499999999999996,r0020,38,0.36149519432903143
case_sable,0.83999999999999997,29,4.8499999999999996,r0021,38,0.3357954855375741
case_sable,0.83999999999999997,29,4.8499999999999996,r0022,38,0.32918276987029033
case_sable,0.83999999999999997,29,4.8499999999999996,r0023,38,0.38624209359465517
case_sable,0.83999999999999997,29,4.8499999999999996,r0024,38,0.38857093207211202
case_sable,0.83999999999999997,29,4.8499999999999996,r0025,38,0.39065721939203674
case_sable,0.83999999999999997,29,4.8499999999999996,r0026,38,0.34559456158213336
case_sable,0.83999999999999997,29,4.8499999999999996,r0027,38,0.37082497775707046
case_sable,0.83999999999999997,29,4.8499999999999996,r0028,38,0.47407955145951652
case_sable,0.83999999999999997,29,4.8499999999999996,r0029,38,0.41717117627170225
