packet_id,realization_id,size,control,target,e_min,e_max,shift_energy,keep_count,eigen_offset,eigen_count
p000000,r0002,13,4.4000000000000004,0.20000000000000001,-59.924849314383486,60.498114343604634,36.863521612007013,40,0,45
p000001,r0023,8,3.5,0.83999999999999997,-71.289304042262046,119.28206123567328,-41.24788559779239,28,45,45
p000002,r0007,8,2.6000000000000001,0.52000000000000002,-59.716040312393652,59.849683362206299,-2.7744929485856789,26,90,45
p000003,r0000,13,3.9500000000000002,0.20000000000000001,-59.787198192197152,59.63982799424209,36.204422756954244,40,135,45
p000004,r0028,20,4.4000000000000004,0.52000000000000002,-60.633925427723575,60.165266538209515,-2.2003132840756932,40,180,45
p000005,r0028,20,2.6000000000000001,0.20000000000000001,-60.403647094796426,60.445931897958218,35.826016099407283,26,225,45
p000006,r0009,8,4.4000000000000004,0.52000000000000002,-59.480121434150774,60.002383532330938,-2.5785190502395539,40,270,45
p000007,r0000,20,3.9500000000000002,0.83999999999999997,-69.087608809410995,104.99925190329827,-40.783711095377512,39,315,45
p000008,r0006,20,2.6000000000000001,0.52000000000000002,-60.182954712131256,59.852416215791003,-2.1159766667285735,26,360,45
p000009,r0020,20,5.2999999999999998,0.83999999999999997,-70.435646899101528,114.54553746697351,-41.288657400529516,40,405,45
p000010,r0024,13,1.7,0.52000000000000002,-59.982403883200988,60.268360156797158,-2.7120371440018802,26,450,45
p000011,r0025,20,5.2999999999999998,0.20000000000000001,-67.205696399081035,62.51509669453209,37.020938075809468,40,495,45
p000012,r0022,20,4.8499999999999996,0.20000000000000001,-112.13428182785307,73.032258279008545,35.548950257636214,40,540,45
p000013,r0013,20,4.8499999999999996,0.52000000000000002,-59.699887290225568,59.869453632895137,-1.8566036471276306,40,585,45
p000014,r0000,8,2.1499999999999999,0.52000000000000002,-59.796663941687278,60.551944503973921,-2.4793318877699067,26,630,45
p000015,r0015,8,3.9500000000000002,0.52000000000000002,-60.277754585873801,59.964938544479274,-2.1112618833043255,36,675,45
p000016,r0027,29,2.6000000000000001,0.20000000000000001,-73.047443672997218,63.417762185201774,36.574721013561977,26,720,45
p000017,r0015,29,3.9500000000000002,0.83999999999999997,-68.944384512575226,110.25795269710633,-40.722010559026174,40,765,45
p000018,r0018,29,4.4000000000000004,0.20000000000000001,-60.195411069946182,60.674047061855219,36.950155435494942,40,810,45
p000019,r0016,29,4.8499999999999996,0.20000000000000001,-60.355091640394669,60.075825867134441,36.439642365628622,40,855,45
p000020,r0029,29,3.5,0.52000000000000002,-60.180476314000174,59.223190639914236,-2.4167161761212581,26,900,45
p000021,r0014,29,2.1499999999999999,0.83999999999999997,-69.017007532556065,106.58391068881923,-41.370860617136017,26,945,45
p000022,r0029,13,3.0499999999999998,0.20000000000000001,-60.592938835965072,60.004528319405132,36.335034888331094,27,990,45
p000023,r0026,29,3.9500000000000002,0.83999999999999997,-59.555871152818,61.651856563769506,-39.71263471816399,40,1035,45
p000024,r0014,13,3.5,0.52000000000000002,-59.974386353278575,60.325336059600531,-1.7805195950966095,28,1080,45
p000025,r0027,20,3.0499999999999998,0.52000000000000002,-59.767140007446365,60.025664028032217,-1.8165940704166446,26,1125,45
p000026,r0014,13,2.1499999999999999,0.20000000000000001,-69.719084480226186,61.924446926312669,35.145740645004892,26,1170,45
p000027,r0014,20,3.9500000000000002,0.83999999999999997,-65.09084382425317,84.881501938143458,-41.545268502269707,39,1215,45
p000028,r0014,20,4.4000000000000004,0.20000000000000001,-59.659080406506646,59.880722124842826,36.422761618572935,40,1260,45
p000029,r0025,29,4.8499999999999996,0.83999999999999997,-60.799513966129965,62.757060105513311,-40.580462114667021,40,1305,45
p000030,r0011,29,3.0499999999999998,0.52000000000000002,-60.123259920485943,59.893480141421627,-2.9652246907703104,26,1350,45
p000031,r0011,13,5.2999999999999998,0.20000000000000001,-72.340743345656279,63.546024125753597,36.818670631471619,40,1395,45
p000032,r0003,29,3.0499999999999998,0.52000000000000002,-59.887739263491667,59.834730156680294,-2.8709539418091312,26,1440,45
p000033,r0018,8,2.1499999999999999,0.20000000000000001,-59.905884834131783,60.092045303185486,36.542459275722038,26,1485,45
p000034,r0015,8,4.4000000000000004,0.20000000000000001,-73.123139147647834,63.56597625378339,35.778153173497145,40,1530,45
p000035,r0022,20,4.4000000000000004,0.52000000000000002,-60.104802396679489,60.217325737778694,-1.9001808921395622,40,1575,45
p000036,r0025,13,2.1499999999999999,0.52000000000000002,-60.239601273898096,60.290430706328898,-2.8351859233891377,26,1620,45
p000037,r0017,13,5.2999999999999998,0.52000000000000002,-60.443932642090019,59.96591189958788,-2.1972072620846275,40,1665,45
p000038,r0020,13,3.9500000000000002,0.20000000000000001,-60.159076946375919,60.244499937325713,36.613784560585387,40,1710,45
p000039,r0027,20,5.2999999999999998,0.20000000000000001,-59.69037305552974,60.124493884064975,35.711520496146029,40,1755,45
p000040,r0017,8,2.1499999999999999,0.83999999999999997,-64.473521347409559,83.166217285184246,-41.301163166194542,26,1800,45
p000041,r0018,13,3.0499999999999998,0.83999999999999997,-66.223064365443335,93.929601409513026,-41.048637841450315,26,1845,45
p000042,r0013,13,5.2999999999999998,0.20000000000000001,-64.884576159407558,60.713542322371914,36.043918626016023,40,1890,45
p000043,r0023,29,4.8499999999999996,0.83999999999999997,-68.145095894493139,102.4229806327203,-40.404203650138982,40,1935,45
p000044,r0023,13,3.9500000000000002,0.52000000000000002,-60.284219563514299,60.624950000422345,-2.6978181728247153,39,1980,45
p000045,r0016,8,2.1499999999999999,0.20000000000000001,-75.933199360902137,63.429961005102101,35.10732893190125,26,2025,45
p000046,r0026,29,3.9500000000000002,0.20000000000000001,-59.566340538481427,59.99297477397424,36.531111711483106,40,2070,45
p000047,r0023,29,4.8499999999999996,0.52000000000000002,-60.188123906609114,60.07215828888679,-2.013188452771085,40,2115,45
p000048,r0024,8,3.9500000000000002,0.20000000000000001,-61.69431879543103,60.575531781318631,36.571561665968702,39,2160,45
p000049,r0005,13,2.1499999999999999,0.20000000000000001,-99.396385613131358,70.110514313916497,36.659134328506923,26,2205,45
p000050,r0010,13,3.5,0.20000000000000001,-60.027023464102271,59.446666519684172,35.101928522926883,39,2250,45
p000051,r0014,29,3.0499999999999998,0.52000000000000002,-59.897613565379686,60.523048055535526,-2.5456959873403848,26,2295,45
p000052,r0003,8,4.4000000000000004,0.52000000000000002,-60.344817478179543,60.154899826093647,-2.954953172128417,39,2340,45
p000053,r0017,8,4.8499999999999996,0.52000000000000002,-59.758257705043384,59.906938695132446,-1.8689634329589879,40,2385,45
p000054,r0011,29,3.5,0.20000000000000001,-79.817092295317778,64.396248645893706,35.103580457651404,40,2430,45
p000055,r0006,13,2.6000000000000001,0.83999999999999997,-60.467165282667551,63.659747722274858,-41.056859201876762,26,2475,45
p000056,r0021,29,4.4000000000000004,0.20000000000000001,-60.662067286391192,60.33741908633138,36.587521811786871,40,2520,45
p000057,r0016,20,4.8499999999999996,0.83999999999999997,-81.973819939431138,173.81153671087444,-40.598162875382243,40,2565,45
p000058,r0016,8,2.6000000000000001,0.83999999999999997,-63.005512695962132,77.407153319986662,-40.089486133410318,26,2610,45
p000059,r0001,20,4.4000000000000004,0.83999999999999997,-68.150607192776192,101.32756544743212,-40.584099570342829,40,2655,45
p000060,r0000,29,3.0499999999999998,0.83999999999999997,-60.398623496610412,59.742320103108348,-41.626072520655406,26,2700,45
p000061,r0016,13,3.0499999999999998,0.20000000000000001,-65.372103083262488,61.006654163844388,35.280902714423007,27,2745,45
p000062,r0013,29,2.6000000000000001,0.20000000000000001,-59.317865686513848,59.80802901860249,36.432850077579225,26,2790,45
p000063,r0027,13,3.9500000000000002,0.52000000000000002,-60.198515727008747,59.552837436571998,-3.1678662084899942,39,2835,45
p000064,r0027,8,3.0499999999999998,0.52000000000000002,-59.799786606038957,60.999481509224942,-1.3661379107122855,26,2880,45
p000065,r0008,8,3.0499999999999998,0.20000000000000001,-59.845776589193036,59.56136523570504,35.229936870725425,29,2925,45
p000066,r0017,13,3.5,0.20000000000000001,-77.955270115956907,65.017475811370659,36.872926625905151,39,2970,45
p000067,r0002,8,5.2999999999999998,0.52000000000000002,-60.454656259993385,60.110655692007072,-2.1333065230331654,40,3015,45
p000068,r0006,8,3.5,0.52000000000000002,-60.288052901568754,59.529478866044649,-2.325637653114323,30,3060,45
p000069,r0004,13,4.4000000000000004,0.52000000000000002,-60.021056036905392,60.578034081105656,-2.5834927802600918,40,3105,45
p000070,r0003,20,4.4000000000000004,0.83999999999999997,-59.858561626650427,59.617473692441223,-40.292395975595753,40,3150,45
p000071,r0007,13,3.0499999999999998,0.52000000000000002,-60.39756486972415,60.677479098052615,-2.7315437651913017,26,3195,45
p000072,r0027,13,5.2999999999999998,0.83999999999999997,-87.907544369412165,205.94618234120429,-41.340948095713529,40,3240,45
p000073,r0015,8,2.1499999999999999,0.52000000000000002,-60.073505770415338,60.187567439791323,-1.8981906295161395,26,3285,45
p000074,r0025,29,3.9500000000000002,0.52000000000000002,-60.491474330006497,59.844212552116943,-2.2803446265872465,40,3330,45
p000075,r0002,29,3.0499999999999998,0.83999999999999997,-69.86612106711155,113.09527425327194,-40.142297815850185,26,3375,45
p000076,r0014,13,2.1499999999999999,0.52000000000000002,-60.011952251992874,59.851353007275357,-2.9275657275441249,26,3420,45
p000077,r0017,20,3.9500000000000002,0.52000000000000002,-59.744317940712392,60.085229664442082,-2.6761350902382448,40,3465,45
p000078,r0026,13,4.4000000000000004,0.52000000000000002,-59.419611732048764,60.112449246562065,-1.5942224623155667,40,3510,45
p000079,r0022,20,3.0499999999999998,0.83999999999999997,-61.295256364059284,67.055909388246377,-40.309069843690366,26,3555,45
p000080,r0023,20,3.9500000000000002,0.20000000000000001,-60.083817488466458,59.976139923930447,35.514148441451063,40,3600,45
p000081,r0019,13,3.9500000000000002,0.52000000000000002,-59.767425177668542,59.82415435670822,-2.813467001167699,39,3645,45
p000082,r0009,13,3.9500000000000002,0.20000000000000001,-60.181992866519344,60.246662384200683,35.710931334056674,40,3690,45
p000083,r0004,29,2.1499999999999999,0.20000000000000001,-59.518873843825084,59.688858924930422,36.297312371179324,26,3735,45
p000084,r0018,13,4.8499999999999996,0.52000000000000002,-59.219652763291904,60.170370266916322,-1.4624417087919597,40,3780,45
p000085,r0019,8,5.2999999999999998,0.20000000000000001,-59.972408391850081,59.697195930208238,35.313275065796574,40,3825,45
p000086,r0009,13,2.1499999999999999,0.83999999999999997,-59.629587389934315,60.038776932996754,-40.932649098265344,26,3870,45
p000087,r0005,13,3.9500000000000002,0.83999999999999997,-60.607794821760351,62.04542712128989,-41.433279310872308,38,3915,45
p000088,r0016,29,3.9500000000000002,0.52000000000000002,-60.318266844531408,59.522950351121324,-2.3444825906180951,40,3960,45
p000089,r0029,13,4.4000000000000004,0.52000000000000002,-59.522168273968767,60.075519511613386,-2.5652781368893374,40,4005,45
p000090,r0004,20,4.8499999999999996,0.83999999999999997,-59.89701956844894,61.006422275807246,-41.002468873367938,40,4050,45
p000091,r0006,20,2.1499999999999999,0.20000000000000001,-88.116750441700376,66.815903269720536,36.279372527436351,26,4095,45
p000092,r0010,29,1.7,0.83999999999999997,-66.553851601969995,95.259531089253557,-41.113710371374239,26,4140,45
p000093,r0029,13,4.4000000000000004,0.83999999999999997,-85.592421589560047,192.32679833360805,-41.575346401853139,40,4185,45
p000094,r0002,13,3.5,0.52000000000000002,-60.007984525995248,59.911138645174027,-1.9968054038339986,28,4230,45
p000095,r0004,8,4.4000000000000004,0.83999999999999997,-68.110801725885707,99.850871318773301,-40.786934038740256,39,4275,45
p000096,r0003,20,2.6000000000000001,0.20000000000000001,-66.325871394480345,61.186497151061261,36.134023441952941,26,4320,45
p000097,r0024,8,3.0499999999999998,0.20000000000000001,-59.335313927803874,59.895075791361243,36.498997847528223,29,4365,45
p000098,r0008,8,2.1499999999999999,0.52000000000000002,-59.777820201044953,60.635169334505896,-2.42958522398055,26,4410,45
p000099,r0020,29,3.9500000000000002,0.83999999999999997,-70.278111506778643,113.24917827092312,-40.463745142346326,40,4455,45
p000100,r0000,20,3.5,0.20000000000000001,-89.23934398516019,67.096206496001059,36.279096399768811,40,4500,45
p000101,r0015,20,3.0499999999999998,0.20000000000000001,-60.122564222498468,60.605800266993086,36.010127369094775,26,4545,45
p000102,r0009,29,4.8499999999999996,0.52000000000000002,-60.00875966561545,60.107561384791815,-2.8029255614199657,40,4590,45
p000103,r0004,20,3.9500000000000002,0.52000000000000002,-59.108748569014729,60.149558481373766,-1.4147611848282537,40,4635,45
p000104,r0004,13,2.1499999999999999,0.83999999999999997,-67.504631351689127,97.744614730640151,-41.514751978516443,26,4680,45
p000105,r0027,13,3.9500000000000002,0.20000000000000001,-60.237663520856806,59.384977941900125,35.010449649348736,40,4725,45
p000106,r0028,8,2.6000000000000001,0.20000000000000001,-69.802552662359034,62.433345069263368,36.436165522938893,26,4770,45
p000107,r0016,13,4.8499999999999996,0.83999999999999997,-76.724283284727477,150.65768284573994,-39.89316870385268,40,4815,45
p000108,r0022,29,4.8499999999999996,0.83999999999999997,-69.39985855914982,108.10402614480896,-41.449237006516412,40,4860,45
p000109,r0022,8,2.1499999999999999,0.20000000000000001,-59.95989525174457,60.444730435084018,35.913805297718298,26,4905,45
p000110,r0005,13,2.6000000000000001,0.52000000000000002,-59.902590913472821,60.325831166010758,-1.7429483153207059,26,4950,45
p000111,r0019,20,2.1499999999999999,0.20000000000000001,-59.86968552731156,59.601265168273287,36.157075029156317,26,4995,45
p000112,r0004,20,5.2999999999999998,0.83999999999999997,-59.969146139660459,60.16251995843912,-41.198079563964527,40,5040,45
p000113,r0002,29,4.4000000000000004,0.83999999999999997,-60.49890066885186,63.544403651828112,-41.101971977543052,40,5085,45
p000114,r0011,20,4.4000000000000004,0.83999999999999997,-78.957293304362423,159.23809097435534,-41.296031819767578,40,5130,45
p000115,r0016,29,2.6000000000000001,0.52000000000000002,-60.133956276400944,59.757948725096973,-3.0358418756819434,26,5175,45
p000116,r0024,20,2.1499999999999999,0.83999999999999997,-62.130213269371765,70.856394336363138,-40.402356052454167,26,5220,45
p000117,r0029,20,2.6000000000000001,0.20000000000000001,-59.920196171552909,60.41095419158831,36.794724118960069,26,5265,45
p000118,r0021,8,4.4000000000000004,0.52000000000000002,-60.169840976143206,60.363096255655222,-2.7640311048799662,40,5310,45
p000119,r0021,8,3.5,0.83999999999999997,-70.152076395013637,116.5388886717287,-40.731521984334861,28,5355,45
p000120,r0005,29,4.8499999999999996,0.52000000000000002,-59.397210189674858,60.098834361936888,-2.4891088049012255,40,5400,45
p000121,r0025,8,4.8499999999999996,0.52000000000000002,-60.103458081790627,60.429329188689699,-2.6977201919600704,40,5445,45
p000122,r0002,20,5.2999999999999998,0.83999999999999997,-69.230396720753845,106.43656685280465,-41.573682548984479,40,5490,45
p000123,r0029,8,4.8499999999999996,0.20000000000000001,-59.688836994733592,60.389723028960432,35.924011024221628,40,5535,45
p000124,r0012,20,4.8499999999999996,0.52000000000000002,-59.754922176879489,59.771275899171854,-2.8323471003748439,40,5580,45
p000125,r0024,13,1.7,0.83999999999999997,-60.060594032339878,59.916359503587245,-41.314281466591538,26,5625,45
p000126,r0019,13,2.6000000000000001,0.20000000000000001,-66.509593555149763,61.116411607675019,35.141210575110058,26,5670,45
p000127,r0019,13,3.0499999999999998,0.20000000000000001,-60.171369726202734,60.009837487449481,36.423596044719041,27,5715,45
p000128,r0028,8,4.8499999999999996,0.20000000000000001,-115.29474729959119,73.650547073269223,35.411488198697135,40,5760,45
p000129,r0003,13,4.4000000000000004,0.83999999999999997,-80.513570917582456,165.94318655037517,-41.53048972270922,40,5805,45
p000130,r0015,20,3.9500000000000002,0.52000000000000002,-60.25253418347237,60.246526857706122,-1.9629848837066988,40,5850,45
p000131,r0028,8,3.9500000000000002,0.52000000000000002,-60.411222327886684,59.886442603964817,-3.1183431605979637,36,5895,45
p000132,r0025,20,3.9500000000000002,0.52000000000000002,-60.399258225083791,60.096074477064754,-3.0114985280524893,40,5940,45
p000133,r0005,8,2.6000000000000001,0.83999999999999997,-65.20121032155258,85.653598752914249,-41.51444086963788,26,5985,45
p000134,r0004,13,2.6000000000000001,0.20000000000000001,-75.901973532927798,63.36552972391425,35.06202907254584,26,6030,45
p000135,r0009,8,2.6000000000000001,0.20000000000000001,-60.296396729591692,60.069900053629581,36.446640696985327,27,6075,45
p000136,r0027,20,3.0499999999999998,0.83999999999999997,-78.088726006363999,152.0419409950124,-41.717819286143779,26,6120,45
p000137,r0029,29,3.5,0.83999999999999997,-70.89558063852165,117.57617334672386,-41.190100000882367,26,6165,45
p000138,r0011,20,3.5,0.83999999999999997,-65.284042339954823,86.927403029012964,-40.480211080919972,26,6210,45
p000139,r0013,8,3.5,0.83999999999999997,-63.943935074088955,79.59090695872905,-40.528360348838063,29,6255,45
p000140,r0004,20,5.2999999999999998,0.52000000000000002,-59.206261391135158,60.209491164141966,-1.4367001646021393,40,6300,45
p000141,r0008,20,2.1499999999999999,0.83999999999999997,-62.879466171155443,76.821201020428461,-40.977359420502012,26,6345,45
p000142,r0026,13,3.0499999999999998,0.20000000000000001,-71.256974301620858,63.560882973081007,37.047311518140638,27,6390,45
p000143,r0014,13,2.1499999999999999,0.83999999999999997,-72.027923970623576,124.87869179981746,-40.072865447352982,26,6435,45
p000144,r0011,29,4.4000000000000004,0.52000000000000002,-60.405288344608749,60.402317628077583,-1.9676374777193104,40,6480,45
p000145,r0019,8,4.4000000000000004,0.52000000000000002,-59.344202530164019,59.384935004011247,-2.8042165137598944,40,6525,45
p000146,r0026,13,3.9500000000000002,0.20000000000000001,-77.880277832498592,64.738474654047721,36.664724156738458,40,6570,45
p000147,r0013,13,5.2999999999999998,0.83999999999999997,-61.099917145354908,59.974280547544602,-42.178045514490982,40,6615,45
p000148,r0021,29,4.4000000000000004,0.83999999999999997,-59.613583601552051,60.351656884378485,-39.969145123803159,40,6660,45
p000149,r0014,13,5.2999999999999998,0.83999999999999997,-60.391892090504555,60.210585300697282,-41.545495707912259,40,6705,45
p000150,r0023,29,4.4000000000000004,0.52000000000000002,-60.185080493066089,60.5406570557737,-2.686726469622994,40,6750,45
p000151,r0019,13,2.1499999999999999,0.20000000000000001,-60.060100311705725,59.831022946232906,36.302798294645186,26,6795,45
p000152,r0021,13,5.2999999999999998,0.20000000000000001,-67.824082112662239,62.271514411952843,35.802395107029824,40,6840,45
p000153,r0008,20,1.7,0.52000000000000002,-59.293977789254143,60.316090056536027,-1.4311452232748636,26,6885,45
p000154,r0001,29,2.6000000000000001,0.52000000000000002,-60.125291457996781,60.188155961115115,-2.8248366968230743,26,6930,45
p000155,r0016,20,4.8499999999999996,0.52000000000000002,-60.237084946024325,59.982815057840909,-2.9815329441690155,40,6975,45
p000156,r0026,13,2.1499999999999999,0.83999999999999997,-60.663455089495997,65.656114947896384,-40.902323883513219,26,7020,45
p000157,r0003,8,4.4000000000000004,0.83999999999999997,-67.506067293405764,98.233633202491362,-40.537715214062217,39,7065,45
p000158,r0011,20,1.7,0.52000000000000002,-60.187958293082076,60.102718779063153,-2.898433298452372,26,7110,45
p000159,r0021,8,3.9500000000000002,0.20000000000000001,-70.164908585067579,62.207425701852287,35.282958844468311,40,7155,45
p000160,r0026,29,4.8499999999999996,0.52000000000000002,-60.302705102769238,60.093862153922117,-2.9623528195573927,40,7200,45
p000161,r0005,29,3.0499999999999998,0.83999999999999997,-64.688781449099878,83.427070581661582,-41.440245124178048,26,7245,45
p000162,r0011,29,4.4000000000000004,0.83999999999999997,-67.447803260433375,98.905540988160013,-41.281268180658429,40,7290,45
p000163,r0024,20,3.0499999999999998,0.20000000000000001,-60.103580846521126,59.414835951459892,35.061152591863689,26,7335,45
p000164,r0023,13,2.6000000000000001,0.83999999999999997,-61.178318152832958,67.883066943901753,-40.978496537355397,26,7380,45
p000165,r0029,13,3.0499999999999998,0.52000000000000002,-60.725874540382343,59.544407419721232,-3.4461391995326283,26,7425,45
p000166,r0021,20,4.8499999999999996,0.83999999999999997,-70.059312885464379,111.43243104492026,-41.470633856602845,40,7470,45
p000167,r0023,13,3.9500000000000002,0.83999999999999997,-70.319261944281934,116.28224722283238,-40.013020477543634,37,7515,45
p000168,r0012,20,2.1499999999999999,0.52000000000000002,-59.975030968844095,60.117069423749669,-2.780822780399089,26,7560,45
p000169,r0023,8,4.8499999999999996,0.83999999999999997,-67.780295342760382,99.837827650041504,-41.411395663912074,40,7605,45
p000170,r0007,8,3.5,0.20000000000000001,-116.71893857414796,74.456534278913381,36.671439708301115,36,7650,45
p000171,r0009,13,1.7,0.83999999999999997,-60.171366593127473,60.160878543625088,-40.468207371247061,26,7695,45
p000172,r0024,29,3.5,0.83999999999999997,-65.453755873956027,86.293588062076822,-41.624180844190775,26,7740,45
p000173,r0024,8,2.6000000000000001,0.52000000000000002,-59.773438466047097,60.00141181784123,-2.7315103297807015,26,7785,45
p000174,r0018,13,2.1499999999999999,0.20000000000000001,-59.530350318805006,60.516297941300834,36.956968289279672,26,7830,45
p000175,r0028,13,3.9500000000000002,0.83999999999999997,-62.695047278434124,74.344445945954021,-40.318728362532013,37,7875,45
p000176,r0012,8,3.5,0.83999999999999997,-62.573743166382897,69.484816607214938,-41.894373602607246,29,7920,45
p000177,r0023,13,2.1499999999999999,0.83999999999999997,-67.929518057193235,100.92177569885733,-40.463311056225137,26,7965,45
p000178,r0019,8,3.0499999999999998,0.20000000000000001,-60.93163310706592,60.09137580754259,36.336774024620894,30,8010,45
p000179,r0028,20,3.5,0.83999999999999997,-60.393940363771293,59.545479311160797,-40.753633215782152,26,8055,45
p000180,r0009,29,4.4000000000000004,0.83999999999999997,-67.610113001886788,100.16508971015548,-40.316080567960014,40,8100,45
p000181,r0009,20,5.2999999999999998,0.52000000000000002,-59.872042314045054,60.481093628082355,-2.5525370618239025,40,8145,45
p000182,r0006,20,2.1499999999999999,0.83999999999999997,-67.030895084129781,93.638163766374177,-40.873845668049142,26,8190,45
p000183,r0006,13,1.7,0.20000000000000001,-80.087483078285857,64.714560272597168,36.204151602420566,26,8235,45
p000184,r0027,8,3.5,0.20000000000000001,-98.20394834814968,68.907084299432,35.934877769915666,36,8280,45
p000185,r0006,13,2.1499999999999999,0.20000000000000001,-83.453882249381934,65.800997820960106,35.500021806891695,26,8325,45
p000186,r0012,8,2.1499999999999999,0.83999999999999997,-61.806669123200052,72.011041100530591,-39.945835487403144,26,8370,45
p000187,r0014,8,4.8499999999999996,0.20000000000000001,-91.578799587440756,67.376522226429699,36.035457863655608,40,8415,45
p000188,r0027,20,2.6000000000000001,0.20000000000000001,-61.339152872157904,61.02967657021054,36.105910681736844,26,8460,45
p000189,r0025,8,5.2999999999999998,0.20000000000000001,-60.076868059987426,59.693581576859373,36.189491649490016,40,8505,45
p000190,r0008,29,1.7,0.20000000000000001,-59.783483143621623,59.761433146725423,36.302449888656014,26,8550,45
p000191,r0012,8,4.4000000000000004,0.20000000000000001,-84.990071537709994,66.186241238837241,35.500978683527791,40,8595,45
p000192,r0011,13,3.9500000000000002,0.20000000000000001,-64.708036754649797,60.853728266966826,36.191375262643504,40,8640,45
p000193,r0028,8,5.2999999999999998,0.83999999999999997,-68.433114906489592,106.60609566821051,-39.976841214537572,40,8685,45
p000194,r0007,13,3.0499999999999998,0.83999999999999997,-68.797266420912365,107.63462021062244,-41.018164559866804,26,8730,45
p000195,r0008,8,4.8499999999999996,0.52000000000000002,-60.366828302284063,59.997393484192884,-3.0420018447751334,40,8775,45
p000196,r0014,20,3.5,0.83999999999999997,-60.126035319540335,60.774837617486327,-41.231895649616064,26,8820,45
p000197,r0026,8,4.4000000000000004,0.83999999999999997,-65.11373003137075,88.361308046109059,-41.007723938973967,39,8865,45
p000198,r0018,29,4.8499999999999996,0.83999999999999997,-68.107804367649209,102.7002629938583,-41.228513589808003,40,8910,45
p000199,r0000,13,2.6000000000000001,0.83999999999999997,-65.521901125762554,86.315492090781959,-41.677918211115426,26,8955,45
p000200,r0005,29,4.4000000000000004,0.83999999999999997,-60.48587213267237,60.149995789786225,-40.734133265078988,40,9000,45
p000201,r0007,20,3.5,0.52000000000000002,-59.398369025411149,59.630965805356247,-1.8142883066428042,26,9045,45
p000202,r0023,20,1.7,0.52000000000000002,-60.428003064264267,60.294813041508867,-2.9310513334931629,26,9090,45
p000203,r0019,20,2.6000000000000001,0.20000000000000001,-60.134764031265519,59.781722727461954,36.248425375716465,26,9135,45
p000204,r0007,29,2.6000000000000001,0.20000000000000001,-62.866483190888303,60.894361991100482,36.592192954702725,26,9180,45
p000205,r0018,29,3.9500000000000002,0.83999999999999997,-65.33625412855254,89.189889728597791,-40.16207111140848,40,9225,45
p000206,r0022,8,4.4000000000000004,0.52000000000000002,-60.242881514825328,59.593077466905001,-2.2716212035947718,40,9270,45
p000207,r0000,8,4.8499999999999996,0.83999999999999997,-63.688635760111417,80.670418788542321,-40.141187032326812,40,9315,45
p000208,r0001,29,2.1499999999999999,0.83999999999999997,-60.606978323268009,66.72702818343933,-39.783537282194828,26,9360,45
p000209,r0009,29,3.5,0.83999999999999997,-61.618870870049207,66.875720564439135,-40.609736240531063,26,9405,45
p000210,r0020,20,2.6000000000000001,0.83999999999999997,-63.10559720203446,75.285728433863369,-41.412985100290811,26,9450,45
p000211,r0013,20,4.4000000000000004,0.52000000000000002,-60.220019031403645,60.222663561421193,-1.9575313868477224,40,9495,45
p000212,r0009,8,3.9500000000000002,0.20000000000000001,-74.316209869658323,63.64527357918913,36.502976889419642,40,9540,45
p000213,r0014,13,4.8499999999999996,0.52000000000000002,-59.850239678928823,60.066827896944723,-1.8400472425095231,40,9585,45
p000214,r0022,29,3.5,0.83999999999999997,-59.742205996774452,60.563591842784682,-40.943278342444991,26,9630,45
p000215,r0019,20,3.5,0.83999999999999997,-72.70432368082642,123.70592984409768,-41.728683116838553,26,9675,45
p000216,r0002,29,4.4000000000000004,0.52000000000000002,-59.812345782838655,59.176403453586836,-3.1477461493544228,40,9720,45
p000217,r0026,20,5.2999999999999998,0.52000000000000002,-60.06836006876761,60.401610335810481,-1.7927742745701309,40,9765,45
p000218,r0023,8,2.6000000000000001,0.20000000000000001,-81.989203942123567,66.074752421695734,36.91196114893188,26,9810,45
p000219,r0013,20,1.7,0.52000000000000002,-60.02088467412068,60.135165368889034,-2.7959806534760192,26,9855,45
p000220,r0023,20,3.0499999999999998,0.83999999999999997,-64.894628590601727,84.693710880246044,-40.510494275266069,26,9900,45
p000221,r0019,13,3.5,0.20000000000000001,-113.19987956748548,72.877168614489989,35.211758978094892,39,9945,45
p000222,r0021,29,4.8499999999999996,0.52000000000000002,-60.442524409145094,60.506397031974402,-2.837042117407738,40,9990,45
p000223,r0006,13,3.9500000000000002,0.52000000000000002,-59.974492349955554,60.030172200935368,-2.822253365527911,39,10035,45
p000224,r0000,8,3.0499999999999998,0.83999999999999997,-69.009770417050959,105.70079636914231,-40.606079731260053,26,10080,45
p000225,r0014,20,2.1499999999999999,0.20000000000000001,-60.254768005021106,60.237798603205462,36.589285281560151,26,10125,45
p000226,r0028,13,2.6000000000000001,0.20000000000000001,-60.107586648602108,59.704621826024692,36.192180131099335,26,10170,45
p000227,r0015,13,3.9500000000000002,0.20000000000000001,-60.091224770880451,60.675610882019839,36.072243751439778,40,10215,45
p000228,r0028,8,3.9500000000000002,0.83999999999999997,-64.478743813669865,84.504102920622586,-40.19148833618307,34,10260,45
p000229,r0005,29,2.1499999999999999,0.52000000000000002,-59.913416212103414,59.810187040565836,-2.8960866508221743,26,10305,45
p000230,r0019,29,1.7,0.52000000000000002,-59.792888739231429,60.053003072034329,-1.8168606698238705,26,10350,45
p000231,r0025,8,2.6000000000000001,0.83999999999999997,-66.547615831020821,92.679199026195292,-40.621325453866234,26,10395,45
p000232,r0018,20,2.6000000000000001,0.52000000000000002,-60.338134064926784,59.905730697973745,-3.0710789787345307,26,10440,45
p000233,r0018,13,5.2999999999999998,0.83999999999999997,-73.143180357313867,128.90703188275182,-41.265146398903354,40,10485,45
p000234,r0016,8,3.5,0.20000000000000001,-60.033883007588905,60.252015646213678,36.644835915453164,36,10530,45
p000235,r0004,13,4.8499999999999996,0.20000000000000001,-60.389117530540439,60.063970509312419,35.523352901341845,40,10575,45
p000236,r0029,8,3.0499999999999998,0.52000000000000002,-59.641046967246567,59.335702846769593,-2.9822070565188143,26,10620,45
p000237,r0011,20,4.8499999999999996,0.83999999999999997,-64.344768457227318,82.070043612145398,-40.468398526127672,40,10665,45
p000238,r0002,29,2.1499999999999999,0.52000000000000002,-60.735497869148496,59.987042709787623,-2.3386783912591609,26,10710,45
p000239,r0024,29,1.7,0.83999999999999997,-66.33652338674581,93.231096721882082,-40.355704169365339,26,10755,45
p000240,r0010,20,2.6000000000000001,0.20000000000000001,-59.451167681843422,59.383139652883152,36.06627818593784,26,10800,45
p000241,r0027,20,4.4000000000000004,0.20000000000000001,-60.900487021912923,59.804380218136018,35.213406770126227,40,10845,45
p000242,r0024,29,2.1499999999999999,0.52000000000000002,-60.584732308471644,59.751372302936062,-3.2734020949959488,26,10890,45
p000243,r0028,13,3.5,0.52000000000000002,-60.080699133766444,59.936559952794866,-2.0224147722170143,28,10935,45
p000244,r0005,13,4.4000000000000004,0.83999999999999997,-60.752880077041929,61.866480876788238,-41.583782324429102,40,10980,45
p000245,r0020,29,4.8499999999999996,0.83999999999999997,-59.380702753077614,60.461534577449299,-39.755944780193303,40,11025,45
p000246,r0027,8,4.8499999999999996,0.52000000000000002,-60.000119361736949,60.266715129405569,-1.8220388059885437,40,11070,45
p000247,r0028,13,3.0499999999999998,0.83999999999999997,-68.099030953469793,105.72562280521137,-39.837086352080789,26,11115,45
p000248,r0024,8,2.6000000000000001,0.20000000000000001,-100.17557748908439,69.950013019735152,35.474894917971241,26,11160,45
p000249,r0001,29,4.8499999999999996,0.20000000000000001,-59.374455156840114,59.753341644488444,36.377782284222732,40,11205,45
p000250,r0019,29,4.4000000000000004,0.20000000000000001,-60.238284641503142,60.015384623059219,35.514650770146744,40,11250,45
p000251,r0029,8,4.8499999999999996,0.83999999999999997,-71.993775500696842,119.91928824275578,-41.737685301744406,40,11295,45
p000252,r0015,8,3.0499999999999998,0.20000000000000001,-79.326115163386675,64.973050341351524,35.663217240403881,29,11340,45
p000253,r0026,20,2.1499999999999999,0.52000000000000002,-60.011835550856325,60.072825500206839,-2.8211982463460119,26,11385,45
p000254,r0012,13,4.8499999999999996,0.20000000000000001,-73.208989999236167,63.803662712729135,35.951132170336066,40,11430,45
p000255,r0013,20,3.5,0.83999999999999997,-60.647549031890037,59.723558010840691,-41.838171905053116,26,11475,45
p000256,r0009,13,4.4000000000000004,0.20000000000000001,-61.503973349062591,60.79703681036753,35.8868347784815,40,11520,45
p000257,r0027,8,5.2999999999999998,0.83999999999999997,-60.00974511530211,59.976127640956328,-41.262005474300757,40,11565,45
p000258,r0027,20,3.5,0.52000000000000002,-59.76769132063481,60.156104733498665,-2.6542692146507436,26,11610,45
p000259,r0007,13,4.4000000000000004,0.83999999999999997,-71.688449666733163,122.52590876509991,-40.164152317639861,40,11655,45
p000260,r0010,8,4.8499999999999996,0.20000000000000001,-59.765962684451949,60.41620504086363,36.829771495800514,40,11700,45
p000261,r0000,20,5.2999999999999998,0.83999999999999997,-59.426432546047877,59.722903917576723,-40.812538711867937,40,11745,45
p000262,r0015,13,2.6000000000000001,0.20000000000000001,-69.917308121866228,62.41474978309428,36.398338202102181,26,11790,45
p000263,r0011,20,5.2999999999999998,0.52000000000000002,-59.223298613897413,61.018900105441901,-1.0570432286145419,40,11835,45
p000264,r0008,8,3.0499999999999998,0.83999999999999997,-62.762546125648946,75.296781702410499,-40.223053673159427,26,11880,45
p000265,r0027,13,3.0499999999999998,0.52000000000000002,-59.383447342404757,59.952545745857869,-1.6521706600387021,26,11925,45
p000266,r0004,13,3.0499999999999998,0.52000000000000002,-60.166120381490408,59.930409871832929,-2.0697858598952079,26,11970,45
p000267,r0016,8,4.8499999999999996,0.52000000000000002,-59.644194862792816,60.300724690565531,-1.6206334771808131,40,12015,45
p000268,r0007,13,4.8499999999999996,0.83999999999999997,-59.814190074996858,59.844259106826989,-41.118838205905043,40,12060,45
p000269,r0018,8,4.8499999999999996,0.52000000000000002,-59.804382335851145,59.899781941081599,-1.8963834829234287,40,12105,45
p000270,r0029,29,3.5,0.20000000000000001,-70.452528399770202,62.218742793587694,36.134488554916118,40,12150,45
p000271,r0019,29,4.4000000000000004,0.52000000000000002,-60.026353032563321,60.430315360947574,-1.757152203678092,40,12195,45
p000272,r0022,13,2.1499999999999999,0.83999999999999997,-59.515061527019029,59.758843782931741,-40.881236677426905,26,12240,45
p000273,r0017,29,2.1499999999999999,0.52000000000000002,-60.050661605870147,60.340173255606913,-1.8130608723611588,26,12285,45
p000274,r0017,29,3.0499999999999998,0.83999999999999997,-61.148032212048541,59.731724162106708,-41.357271192183696,26,12330,45
p000275,r0018,13,4.8499999999999996,0.20000000000000001,-95.5780789556309,68.465848893244086,35.207063323469079,40,12375,45
p000276,r0005,20,4.4000000000000004,0.20000000000000001,-60.034065407943501,60.017503603879888,36.457189801515213,40,12420,45
p000277,r0004,20,4.8499999999999996,0.20000000000000001,-71.914676176195186,63.356046865326519,36.751902257022181,40,12465,45
p000278,r0001,8,3.9500000000000002,0.20000000000000001,-59.675982619541962,59.557082862886737,35.260469766400995,40,12510,45
p000279,r0009,29,4.4000000000000004,0.20000000000000001,-60.399427251485619,59.964787394634371,36.341944465410378,40,12555,45
p000280,r0020,20,3.9500000000000002,0.52000000000000002,-59.326903217824849,59.992714793956537,-1.6034865721697884,40,12600,45
p000281,r0017,20,4.8499999999999996,0.20000000000000001,-72.966116674064494,63.441532747665946,36.610002863319863,40,12645,45
p000282,r0004,13,1.7,0.83999999999999997,-64.86557108572508,83.636217373690016,-41.555284932218655,26,12690,45
p000283,r0021,8,4.8499999999999996,0.20000000000000001,-59.523055239603181,60.188099276540328,35.79586837331162,40,12735,45
p000284,r0009,20,3.9500000000000002,0.20000000000000001,-60.041680629211299,59.677762153893852,36.183873597272822,40,12780,45
p000285,r0022,20,5.2999999999999998,0.20000000000000001,-59.317866217992233,59.344353201294282,36.061909317436985,40,12825,45
p000286,r0011,8,3.0499999999999998,0.83999999999999997,-70.502071589598131,119.89565337895257,-39.588435594630013,26,12870,45
p000287,r0018,8,2.1499999999999999,0.83999999999999997,-59.499929032447596,60.355563059040463,-39.873050297809499,26,12915,45
p000288,r0025,13,2.6000000000000001,0.52000000000000002,-59.767243619072453,60.357605849881558,-1.6573158739745282,26,12960,45
p000289,r0000,13,5.2999999999999998,0.83999999999999997,-59.581276084638667,60.383495196708196,-40.836912679623168,40,13005,45
p000290,r0026,20,4.8499999999999996,0.52000000000000002,-60.425407603352816,59.536794388149112,-2.3935506474318897,40,13050,45
p000291,r0026,20,3.0499999999999998,0.52000000000000002,-60.058645705509065,59.395506990312455,-2.2706524115147344,26,13095,45
p000292,r0022,13,1.7,0.83999999999999997,-65.212761538719562,83.86979362119196,-40.909552713133706,26,13140,45
p000293,r0006,20,4.4000000000000004,0.52000000000000002,-60.625727297196818,60.749212815328406,-2.8157560431847104,40,13185,45
p000294,r0017,8,3.9500000000000002,0.20000000000000001,-88.970443000789118,67.121678628185521,36.353254302390596,40,13230,45
p000295,r0028,20,4.8499999999999996,0.83999999999999997,-59.600260632894731,59.868751481593158,-40.035218694576663,40,13275,45
p000296,r0009,8,5.2999999999999998,0.83999999999999997,-69.903889860146322,108.84760777128429,-41.75365023911742,40,13320,45
p000297,r0016,13,3.9500000000000002,0.83999999999999997,-63.614533718344354,79.207353689469443,-41.213031733094141,37,13365,45
p000298,r0012,20,5.2999999999999998,0.52000000000000002,-59.824884492887499,59.471132070812807,-2.1127965423113535,40,13410,45
p000299,r0029,8,3.5,0.83999999999999997,-59.757666852146777,60.092922361227522,-41.031572578006887,29,13455,45
p000300,r0012,29,1.7,0.52000000000000002,-59.844358009967571,59.870706986615851,-2.8311268116075299,26,13500,45
p000301,r0012,8,5.2999999999999998,0.52000000000000002,-60.011259775740804,60.019974063870755,-1.9462675327272578,40,13545,45
p000302,r0027,8,4.4000000000000004,0.52000000000000002,-59.810144138094671,60.0417679637238,-1.8312263292218092,40,13590,45
p000303,r0006,20,2.6000000000000001,0.20000000000000001,-75.820565794936911,64.560773595470508,36.93450571738903,26,13635,45
p000304,r0028,13,5.2999999999999998,0.83999999999999997,-59.389539941205655,59.741426756697415,-39.878585269541155,40,13680,45
p000305,r0009,29,3.0499999999999998,0.52000000000000002,-60.408898183841913,59.068164700901448,-3.5099079991650983,26,13725,45
p000306,r0024,8,5.2999999999999998,0.83999999999999997,-65.154946046905309,88.9381635558982,-40.950048510456739,40,13770,45
p000307,r0008,13,3.9500000000000002,0.83999999999999997,-60.25635270662891,59.718709483346316,-41.510342756232873,36,13815,45
p000308,r0018,8,2.6000000000000001,0.20000000000000001,-61.645272279055199,60.056134650549154,36.165853264628282,26,13860,45
p000309,r0028,29,1.7,0.83999999999999997,-71.287434156010107,120.05409708824216,-41.122789156929741,26,13905,45
p000310,r0005,8,2.1499999999999999,0.52000000000000002,-59.854589727925806,60.226893374329769,-2.6654778388431355,26,13950,45
p000311,r0027,13,3.5,0.52000000000000002,-59.716699225168377,59.696189070607069,-1.9485128431961656,27,13995,45
p000312,r0022,20,2.1499999999999999,0.20000000000000001,-73.155947193108219,63.127649827030396,35.420930423002673,26,14040,45
p000313,r0013,20,2.1499999999999999,0.20000000000000001,-60.617452989231225,59.933151762052525,36.273030811795778,26,14085,45
p000314,r0019,20,3.0499999999999998,0.20000000000000001,-67.263437364274694,62.233952598723796,36.7844746061241,26,14130,45
p000315,r0029,8,4.4000000000000004,0.83999999999999997,-65.303394534422452,88.608221148506118,-41.127536025153901,39,14175,45
p000316,r0006,29,4.4000000000000004,0.83999999999999997,-74.349846105795436,135.33170363498323,-40.350798147270851,40,14220,45
p000317,r0029,20,3.5,0.52000000000000002,-60.050106991768118,60.303537468928411,-1.8303576506337891,26,14265,45
p000318,r0010,8,5.2999999999999998,0.20000000000000001,-59.678762293038254,60.124268992716068,35.713662735565201,40,14310,45
p000319,r0017,8,3.0499999999999998,0.52000000000000002,-59.922559149628896,59.775063128561541,-2.0177004560974892,27,14355,45
p000320,r0010,29,4.8499999999999996,0.83999999999999997,-65.058193739637801,89.125078593140543,-39.938870166393258,40,14400,45
p000321,r0000,8,2.1499999999999999,0.83999999999999997,-63.303240527561535,76.092057592542844,-40.549992828344827,26,14445,45
p000322,r0015,13,3.5,0.52000000000000002,-60.464042096558771,59.485001300201006,-2.4385012661140832,28,14490,45
p000323,r0002,13,3.5,0.20000000000000001,-60.079951970141835,59.969063249763977,36.409260205782815,39,14535,45
p000324,r0016,29,3.0499999999999998,0.52000000000000002,-60.182154522512214,60.576649289723072,-1.7679286926392763,26,14580,45
p000325,r0005,20,3.5,0.20000000000000001,-118.33030894421884,75.13373650606519,36.890927416008381,40,14625,45
p000326,r0016,13,5.2999999999999998,0.83999999999999997,-66.871903154592204,99.366599171176802,-39.823742782469154,40,14670,45
p000327,r0014,8,3.9500000000000002,0.20000000000000001,-59.821861961825633,60.172416203241539,35.723560570228102,40,14715,45
p000328,r0012,29,2.6000000000000001,0.83999999999999997,-60.360084746922752,59.778487868536132,-41.58791312844933,26,14760,45
p000329,r0012,8,2.6000000000000001,0.52000000000000002,-59.698709119689767,60.226116537357029,-1.6847928043073097,26,14805,45
p000330,r0024,13,4.8499999999999996,0.20000000000000001,-60.239109998396799,60.130478041815948,36.506560433773402,40,14850,45
p000331,r0022,13,3.9500000000000002,0.83999999999999997,-59.90564107047436,60.836614253012563,-40.136880218716435,38,14895,45
p000332,r0002,20,3.9500000000000002,0.20000000000000001,-60.001169491324077,60.429954635565537,35.893729810187608,40,14940,45
p000333,r0020,13,4.4000000000000004,0.52000000000000002,-60.587678514200846,59.672263218910601,-2.4129064823073518,40,14985,45
p000334,r0006,8,5.2999999999999998,0.83999999999999997,-72.764658005540582,128.17447781019433,-41.064396275022986,40,15030,45
p000335,r0001,8,4.4000000000000004,0.20000000000000001,-60.365199042529717,59.941560532250136,36.330208617294169,40,15075,45
p000336,r0004,13,3.0499999999999998,0.83999999999999997,-65.601722069601564,91.342175550794281,-40.040698450338212,26,15120,45
p000337,r0012,29,3.9500000000000002,0.20000000000000001,-110.40786915485324,72.059737965410093,35.116216541357424,40,15165,45
p000338,r0016,29,1.7,0.20000000000000001,-60.008054684059346,59.754252076762455,36.251790724598095,26,15210,45
p000339,r0018,20,1.7,0.20000000000000001,-60.312725028340509,60.152286955276132,35.609284558552801,26,15255,45
p000340,r0029,29,4.8499999999999996,0.52000000000000002,-59.899872387918009,59.848904848302311,-1.9704593145322591,40,15300,45
p000341,r0014,20,3.5,0.52000000000000002,-59.140140219494633,60.602423371067182,-1.2137096960249665,27,15345,45
p000342,r0013,8,2.6000000000000001,0.83999999999999997,-59.793958635315306,59.618185362260277,-40.238015595703203,26,15390,45
p000343,r0003,29,3.9500000000000002,0.20000000000000001,-80.054118250196666,65.332101077636622,36.704857212069967,40,15435,45
p000344,r0017,29,4.8499999999999996,0.83999999999999997,-65.069356123202141,85.773234958857529,-40.484541550072592,40,15480,45
p000345,r0028,20,3.9500000000000002,0.20000000000000001,-60.43018697176629,60.522128872594649,36.781665703722467,40,15525,45
p000346,r0020,20,4.4000000000000004,0.52000000000000002,-59.765699078137168,60.235277969066978,-2.6152300954791814,40,15570,45
p000347,r0029,29,3.0499999999999998,0.52000000000000002,-59.939386492112149,59.826048476934332,-2.0019777069698419,26,15615,45
p000348,r0025,20,4.8499999999999996,0.83999999999999997,-65.754418750996763,90.527710043837715,-41.199278143823236,40,15660,45
p000349,r0025,20,2.6000000000000001,0.83999999999999997,-59.766787575131531,59.905684853852392,-40.169191986494099,26,15705,45
p000350,r0019,8,2.6000000000000001,0.20000000000000001,-59.976673325375685,59.96244856381314,35.52462418597537,26,15750,45
p000351,r0015,20,3.5,0.83999999999999997,-63.114345288799186,77.757470557713575,-41.024854753357147,26,15795,45
p000352,r0016,8,3.0499999999999998,0.83999999999999997,-60.17264055394547,60.303739424978431,-41.346419757317648,26,15840,45
p000353,r0013,29,3.9500000000000002,0.52000000000000002,-59.551761107752768,60.304571635824416,-1.5707213908357247,40,15885,45
p000354,r0009,13,2.6000000000000001,0.52000000000000002,-59.946202387494893,59.643236193979092,-2.9932718683873789,26,15930,45
p000355,r0019,20,5.2999999999999998,0.20000000000000001,-60.202175274669322,59.437885802731437,35.959873587251288,40,15975,45
p000356,r0021,29,4.8499999999999996,0.83999999999999997,-65.48004882897547,87.545334271012806,-41.445987532977369,40,16020,45
p000357,r0022,20,4.4000000000000004,0.83999999999999997,-65.096427976042932,88.052443164276326,-41.042608593591851,40,16065,45
p000358,r0005,8,3.5,0.52000000000000002,-61.101381226976358,59.495916949751944,-3.6646781021467776,28,16110,45
p000359,r0010,20,3.9500000000000002,0.20000000000000001,-78.608403654720888,64.631123811503585,36.433218318258696,40,16155,45
p000360,r0018,20,4.8499999999999996,0.83999999999999997,-66.455426503521167,92.19158417015862,-41.521904795732425,40,16200,45
p000361,r0005,29,3.0499999999999998,0.20000000000000001,-59.382616567547387,59.655354644413876,36.297760402021623,26,16245,45
p000362,r0025,29,1.7,0.20000000000000001,-78.523384676347376,64.518450075847568,35.460083125408573,26,16290,45
p000363,r0011,8,3.9500000000000002,0.52000000000000002,-59.802112464501192,60.213222151923532,-2.6447518486173296,37,16335,45
p000364,r0005,20,3.9500000000000002,0.83999999999999997,-59.806590131055898,60.393303180148038,-40.12460720126326,39,16380,45
p000365,r0025,13,3.5,0.20000000000000001,-59.770045488149407,60.713920378427744,36.167127205112308,39,16425,45
p000366,r0011,13,2.1499999999999999,0.52000000000000002,-59.690939304256794,60.035220789708553,-2.6723824591534298,26,16470,45
p000367,r0000,29,3.5,0.20000000000000001,-114.6495153646902,73.554807278290568,35.463942749694411,40,16515,45
p000368,r0012,13,3.0499999999999998,0.83999999999999997,-65.391948385264939,85.246440377621127,-41.739806183203157,26,16560,45
p000369,r0011,8,3.9500000000000002,0.83999999999999997,-71.518479060016688,122.16456804056276,-40.079191523923967,35,16605,45
p000370,r0000,20,2.6000000000000001,0.20000000000000001,-60.49363305448091,59.918683492630123,36.286220183207917,26,16650,45
p000371,r0007,8,5.2999999999999998,0.52000000000000002,-60.568533916385654,60.046764705177658,-3.1231905780352678,40,16695,45
p000372,r0017,13,4.4000000000000004,0.20000000000000001,-133.36727563291782,78.708602155997454,36.743426598214398,40,16740,45
p000373,r0004,13,3.9500000000000002,0.20000000000000001,-61.374646439002042,60.551332685077668,35.716136860261727,40,16785,45
p000374,r0024,20,2.6000000000000001,0.52000000000000002,-59.860820561442885,60.102966172762528,-1.8282029290242889,26,16830,45
p000375,r0005,13,4.8499999999999996,0.52000000000000002,-60.259661279013216,60.229536602687404,-1.9748462957969182,40,16875,45
p000376,r0006,13,1.7,0.83999999999999997,-61.59980071943599,70.104932870399807,-40.977043345062256,26,16920,45
p000377,r0026,8,3.0499999999999998,0.83999999999999997,-71.615158047312804,124.06160229828946,-39.856876392016432,26,16965,45
p000378,r0002,13,2.1499999999999999,0.83999999999999997,-59.903030410282184,60.53164432685756,-40.183482452339817,26,17010,45
p000379,r0015,8,4.8499999999999996,0.83999999999999997,-60.174299108511917,61.688761210518308,-41.126209457467084,40,17055,45
p000380,r0000,8,3.5,0.83999999999999997,-66.283113422428983,92.445380337659259,-41.336554420814863,28,17100,45
p000381,r0026,8,3.0499999999999998,0.52000000000000002,-60.632992136823056,59.602169349800356,-2.4701146232438189,27,17145,45
p000382,r0004,8,3.0499999999999998,0.83999999999999997,-62.255677639927349,72.261024398548727,-40.28300531377117,26,17190,45
p000383,r0001,13,4.4000000000000004,0.83999999999999997,-64.058355685901262,82.160536145738746,-40.213332992838858,40,17235,45
p000384,r0007,20,4.8499999999999996,0.83999999999999997,-65.328876047060618,86.175321033702829,-40.638204514138465,40,17280,45
p000385,r0005,8,3.0499999999999998,0.83999999999999997,-65.458690281634603,88.689225789440286,-41.245023710262629,26,17325,45
p000386,r0025,8,2.1499999999999999,0.83999999999999997,-60.069430807103927,59.918921751318877,-41.321294397756276,26,17370,45
p000387,r0007,20,2.1499999999999999,0.83999999999999997,-70.414706446654051,111.02898753493994,-40.933715409599003,26,17415,45
p000388,r0014,8,2.1499999999999999,0.83999999999999997,-62.045632070994358,70.707461995820296,-40.355137020303999,26,17460,45
p000389,r0008,29,2.6000000000000001,0.83999999999999997,-59.974287489735964,60.296029887707149,-40.281036709345059,26,17505,45
p000390,r0013,20,3.9500000000000002,0.20000000000000001,-59.627711785755729,59.605322935224613,36.208715991028548,40,17550,45
p000391,r0020,8,3.0499999999999998,0.83999999999999997,-64.438215511607467,81.491260374323645,-41.53949936985849,26,17595,45
p000392,r0023,29,4.4000000000000004,0.20000000000000001,-59.731198227222691,60.085851458522072,35.672441521373116,40,17640,45
p000393,r0025,29,2.6000000000000001,0.20000000000000001,-60.374239084357725,60.089556861651488,36.446797672449648,26,17685,45
p000394,r0022,8,2.1499999999999999,0.52000000000000002,-60.323702661791245,59.651639673689729,-2.285538340760378,26,17730,45
p000395,r0024,13,2.1499999999999999,0.52000000000000002,-60.104233958549493,59.607307495768474,-3.0926940604768705,26,17775,45
p000396,r0020,8,2.6000000000000001,0.83999999999999997,-60.092882302276507,60.154731828478539,-40.40326404135569,26,17820,45
p000397,r0012,29,4.8499999999999996,0.52000000000000002,-59.715649267525713,60.40754010618604,-2.5065183681440759,40,17865,45
p000398,r0002,13,5.2999999999999998,0.83999999999999997,-60.289747007633935,59.632708624113569,-41.552154106554333,40,17910,45
p000399,r0011,20,1.7,0.83999999999999997,-63.791046770652976,79.517370116465457,-41.311700068714018,26,17955,45
p000400,r0018,8,5.2999999999999998,0.20000000000000001,-105.17217119475831,71.725716801173931,36.796139201987479,40,18000,45
p000401,r0018,20,4.8499999999999996,0.52000000000000002,-59.680768129360622,60.298479778265239,-1.6407291337002079,40,18045,45
p000402,r0016,8,4.4000000000000004,0.83999999999999997,-60.157947175831943,64.062408849559546,-39.83269021176929,39,18090,45
p000403,r0007,13,3.5,0.83999999999999997,-59.947761666383656,59.793071210377235,-41.239228406101915,26,18135,45
p000404,r0005,13,2.1499999999999999,0.52000000000000002,-60.091734776646987,60.222511800175297,-1.8908964197722924,26,18180,45
p000405,r0025,20,1.7,0.83999999999999997,-64.907286279530538,84.325009560424007,-40.580118945137798,26,18225,45
p000406,r0018,20,3.9500000000000002,0.83999999999999997,-66.838136596129189,92.814014258637627,-40.843792459366497,39,18270,45
p000407,r0009,8,3.9500000000000002,0.83999999999999997,-62.5927535723728,75.646995063154094,-40.024393790688492,35,18315,45
p000408,r0004,13,1.7,0.20000000000000001,-66.093162925586839,61.578929489734982,36.494511006670621,26,18360,45
p000409,r0026,13,4.4000000000000004,0.20000000000000001,-84.48872518391363,66.218018988530361,36.526670154041568,40,18405,45
p000410,r0001,29,3.9500000000000002,0.20000000000000001,-68.863411409496251,62.25482218573152,36.481175466685968,40,18450,45
p000411,r0013,8,5.2999999999999998,0.52000000000000002,-59.578097992490591,60.035552288903652,-2.6135458574213546,40,18495,45
p000412,r0012,13,1.7,0.52000000000000002,-59.301702170222207,60.170078306783516,-1.5052475412594604,26,18540,45
p000413,r0026,8,2.1499999999999999,0.20000000000000001,-93.611230925030526,68.589834890414323,36.599621727325356,26,18585,45
p000414,r0020,20,3.5,0.83999999999999997,-60.516834004979756,61.071838165727222,-40.612646457666635,26,18630,45
p000415,r0019,13,2.1499999999999999,0.52000000000000002,-59.939222038802598,59.379136263573116,-3.1164100536622543,26,18675,45
p000416,r0021,20,2.6000000000000001,0.20000000000000001,-62.949032374737833,61.033414600250296,35.786925205252665,26,18720,45
p000417,r0017,8,4.4000000000000004,0.20000000000000001,-59.750392789967179,60.060377504694969,36.548223445762545,40,18765,45
p000418,r0023,20,2.1499999999999999,0.52000000000000002,-60.095887994288979,60.355613949059837,-1.8291670614815516,26,18810,45
p000419,r0001,20,4.8499999999999996,0.20000000000000001,-60.293210176104836,58.962287312931494,34.661187815124222,40,18855,45
p000420,r0022,13,3.0499999999999998,0.20000000000000001,-68.221152922037234,62.504867419057121,35.909663350838244,27,18900,45
p000421,r0008,13,3.5,0.52000000000000002,-60.043168374140564,60.147037172390469,-1.9018697118056693,28,18945,45
p000422,r0028,13,5.2999999999999998,0.52000000000000002,-59.774042129576316,59.870214159091319,-2.7947991110158528,40,18990,45
p000423,r0021,29,4.8499999999999996,0.20000000000000001,-60.684811226787843,60.547053871761037,36.750680852051261,40,19035,45
p000424,r0012,13,4.8499999999999996,0.83999999999999997,-61.408043286171974,67.490503766744922,-40.334275757705271,40,19080,45
p000425,r0019,13,1.7,0.20000000000000001,-90.877512812220942,67.186840926799803,35.123970178995648,26,19125,45
p000426,r0028,29,3.0499999999999998,0.20000000000000001,-60.590200039752133,60.303396474613237,35.674677171740157,26,19170,45
p000427,r0025,20,3.9500000000000002,0.83999999999999997,-60.232997354707294,59.67490633635218,-41.49773276413778,39,19215,45
p000428,r0002,29,1.7,0.83999999999999997,-64.442846164103941,85.141032263114852,-40.959425615748927,26,19260,45
p000429,r0022,20,3.5,0.52000000000000002,-59.588476734540215,59.462095525174639,-1.9942020498770845,26,19305,45
p000430,r0020,13,3.0499999999999998,0.20000000000000001,-59.836101158918069,60.411647051537258,36.812097409446196,27,19350,45
p000431,r0027,20,3.5,0.20000000000000001,-69.867919549610434,62.597804096423744,36.554659367216914,40,19395,45
p000432,r0006,20,5.2999999999999998,0.20000000000000001,-100.67063330111399,69.658019713453427,36.042289110539947,40,19440,45
p000433,r0019,8,2.1499999999999999,0.52000000000000002,-60.192897851753315,59.877590224358329,-2.1090635752197313,26,19485,45
p000434,r0010,8,3.5,0.20000000000000001,-59.764972752905251,60.064946073608212,36.548962308305519,37,19530,45
p000435,r0025,13,3.0499999999999998,0.52000000000000002,-60.606093916657755,60.263872019725454,-2.1385102671938183,26,19575,45
p000436,r0004,13,3.9500000000000002,0.52000000000000002,-59.485922692402504,59.995270910942999,-1.6849497627966656,39,19620,45
p000437,r0022,13,3.5,0.52000000000000002,-59.898314114906043,60.152799211823904,-2.7237797180756731,27,19665,45
p000438,r0028,29,2.1499999999999999,0.52000000000000002,-60.564469502835678,59.855687153980526,-2.3127943075639008,26,19710,45
p000439,r0008,8,3.0499999999999998,0.52000000000000002,-60.095397697740253,60.377207341678698,-2.7185472788191563,27,19755,45
p000440,r0022,8,3.9500000000000002,0.83999999999999997,-67.887955790184805,101.12494524566173,-40.395891624449362,34,19800,45
p000441,r0014,29,3.9500000000000002,0.83999999999999997,-71.796227106237879,123.30187688914793,-41.030530466976145,40,19845,45
p000442,r0003,29,3.5,0.52000000000000002,-59.554895873170786,59.888282164983487,-2.6721704148567342,26,19890,45
p000443,r0018,29,2.6000000000000001,0.83999999999999997,-70.196198971961579,114.77436724673467,-41.050908376970185,26,19935,45
p000444,r0014,20,3.0499999999999998,0.52000000000000002,-60.163609090690954,60.619025115493599,-1.7379446717223701,26,19980,45
p000445,r0015,20,2.6000000000000001,0.20000000000000001,-59.969550122477784,59.999150197496732,35.555410133501823,26,20025,45
p000446,r0013,13,4.8499999999999996,0.52000000000000002,-60.078862077673143,60.216754812402435,-1.8869659704368715,40,20070,45
p000447,r0006,20,4.8499999999999996,0.83999999999999997,-61.621599591554897,67.092978848967874,-41.477267041071244,40,20115,45
p000448,r0029,29,4.8499999999999996,0.20000000000000001,-59.737906662458343,60.414226479396888,35.933799851025839,40,20160,45
p000449,r0009,29,3.0499999999999998,0.83999999999999997,-70.201731357961634,113.53313476362774,-41.254152778507333,26,20205,45
p000450,r0017,13,5.2999999999999998,0.20000000000000001,-60.094015058651365,59.544215506011255,36.066569393078737,40,20250,45
p000451,r0003,8,2.6000000000000001,0.52000000000000002,-59.951639905345189,60.328167792096593,-2.6673322105731332,26,20295,45
p000452,r0011,13,4.8499999999999996,0.83999999999999997,-64.700682326760855,80.229916531962076,-41.961786509365183,40,20340,45
p000453,r0023,20,5.2999999999999998,0.52000000000000002,-60.51197001083645,59.503089970334315,-2.4547412198744878,40,20385,45
p000454,r0010,29,3.5,0.83999999999999997,-59.997152205445502,60.440876982522823,-40.277067535370563,26,20430,45
p000455,r0028,13,4.4000000000000004,0.52000000000000002,-60.008218244109493,59.661161075957715,-3.0169161704772351,40,20475,45
p000456,r0017,8,5.2999999999999998,0.20000000000000001,-64.384296446462244,61.406367485092915,36.698234698781889,40,20520,45
p000457,r0010,13,3.0499999999999998,0.83999999999999997,-74.641068756021497,135.54143823316878,-40.561867637751035,26,20565,45
p000458,r0018,13,1.7,0.83999999999999997,-63.054976957559361,75.258994113869235,-40.474741586130776,26,20610,45
p000459,r0015,29,2.1499999999999999,0.52000000000000002,-59.826718536577189,59.565164107682548,-2.9686148673325166,26,20655,45
p000460,r0015,20,1.7,0.83999999999999997,-63.657517454614549,79.531397191845457,-40.29729111118094,26,20700,45
p000461,r0016,13,4.4000000000000004,0.20000000000000001,-60.14908499999467,59.487066642774579,35.109836314220729,40,20745,45
p000462,r0006,20,3.5,0.52000000000000002,-60.194724644346195,59.830844119128955,-2.1324516378781224,26,20790,45
p000463,r0024,13,5.2999999999999998,0.20000000000000001,-89.411559560535323,67.062629462593179,36.217791657967481,40,20835,45
p000464,r0025,20,3.5,0.52000000000000002,-59.94637047249249,60.443276466265061,-1.7093399418888666,26,20880,45
p000465,r0020,29,1.7,0.52000000000000002,-59.880827971712066,60.633445286695249,-1.5839768076765595,26,20925,45
p000466,r0029,8,3.9500000000000002,0.52000000000000002,-59.963202230613177,59.682323923851555,-2.0833496764701094,36,20970,45
p000467,r0024,29,3.9500000000000002,0.83999999999999997,-60.240607059893726,59.918032235980611,-41.465224772553832,40,21015,45
p000468,r0001,8,3.5,0.52000000000000002,-59.702857569673306,60.099659595411516,-2.6476493304325901,30,21060,45
p000469,r0002,20,2.1499999999999999,0.83999999999999997,-67.947063323111706,104.5758793080723,-39.893392502122268,26,21105,45
p000470,r0005,8,3.9500000000000002,0.83999999999999997,-67.391925277940373,99.233566457164642,-41.181846600323567,35,21150,45
p000471,r0005,13,4.4000000000000004,0.52000000000000002,-60.179060863569234,59.827251310990434,-3.0260310197805937,40,21195,45
p000472,r0016,29,1.7,0.52000000000000002,-59.803976232378567,59.587833165754496,-2.9459077212746978,26,21240,45
p000473,r0022,20,4.8499999999999996,0.83999999999999997,-60.57238476667883,64.309364485086334,-40.141304886396398,40,21285,45
p000474,r0023,13,4.4000000000000004,0.52000000000000002,-59.82754650006197,60.635701122533732,-1.5551876412160326,40,21330,45
p000475,r0010,20,4.4000000000000004,0.83999999999999997,-60.196823096458459,60.096457104329247,-41.399898264332421,40,21375,45
p000476,r0022,29,3.5,0.52000000000000002,-59.835659124460143,60.204848747214548,-1.7662153460562948,26,21420,45
p000477,r0005,29,1.7,0.52000000000000002,-59.868305367025599,60.06403378836707,-2.7507825724371218,26,21465,45
p000478,r0017,29,1.7,0.20000000000000001,-93.629632020103344,68.235588495295872,35.412544392216027,26,21510,45
p000479,r0007,8,3.0499999999999998,0.83999999999999997,-66.151696495854523,92.222196217284832,-40.361873661752213,26,21555,45
p000480,r0013,20,2.1499999999999999,0.52000000000000002,-59.743988827855858,60.276239528971402,-1.6842792165787757,26,21600,45
p000481,r0023,29,3.5,0.83999999999999997,-65.585114633221124,88.478229716393983,-41.384979537282703,26,21645,45
p000482,r0022,13,4.4000000000000004,0.20000000000000001,-59.997229427703033,59.286660835284209,34.979882782686758,40,21690,45
p000483,r0000,20,2.6000000000000001,0.83999999999999997,-62.248148901959638,71.820190206929112,-41.247214644537436,26,21735,45
p000484,r0019,20,2.6000000000000001,0.52000000000000002,-60.26726088750906,59.375149712135446,-3.2889037996796988,26,21780,45
p000485,r0026,20,3.5,0.20000000000000001,-66.247368107229804,62.10707718759528,35.986188128630261,40,21825,45
p000486,r0021,13,2.6000000000000001,0.83999999999999997,-60.636810253006203,64.691068748964881,-41.034349612690832,26,21870,45
p000487,r0017,8,5.2999999999999998,0.83999999999999997,-59.935471408798719,60.032818308624798,-40.290545054010948,40,21915,45
p000488,r0018,8,3.5,0.20000000000000001,-91.062865660991804,68.171013332584792,35.874237533869476,38,21960,45
p000489,r0020,29,3.5,0.20000000000000001,-127.3094911530128,76.901370907859544,36.509198495685077,40,22005,45
p000490,r0023,20,3.5,0.20000000000000001,-59.518379775689581,59.672499958699206,35.384324011821448,40,22050,45
p000491,r0020,13,4.4000000000000004,0.83999999999999997,-60.188416177334048,59.72957554129993,-41.4515375023526,40,22095,45
p000492,r0004,20,2.1499999999999999,0.83999999999999997,-60.64990522532112,60.224568736328443,-40.859989391457184,26,22140,45
p000493,r0026,13,5.2999999999999998,0.83999999999999997,-63.591192410495388,78.201166938591612,-40.454414914641461,40,22185,45
p000494,r0018,29,2.6000000000000001,0.52000000000000002,-60.407361405640138,59.954486004802497,-3.0836746486276754,26,22230,45
p000495,r0008,8,2.1499999999999999,0.83999999999999997,-65.928988350640736,91.168120728374845,-40.343450897998238,26,22275,45
p000496,r0001,13,3.5,0.52000000000000002,-60.156817112095936,59.728958237718658,-2.161644944184931,27,22320,45
p000497,r0028,29,3.5,0.52000000000000002,-60.266129772362802,59.918193249467294,-2.1276547218843573,26,22365,45
p000498,r0021,8,4.4000000000000004,0.83999999999999997,-69.24114395497638,109.15247580799138,-41.148164792901539,39,22410,45
p000499,r0024,20,5.2999999999999998,0.83999999999999997,-67.136844868703918,95.291928317791218,-41.598241158864695,40,22455,45
p000500,r0005,13,2.1499999999999999,0.83999999999999997,-60.34681230048372,60.398305018825376,-41.477593529394262,26,22500,45
p000501,r0029,13,2.1499999999999999,0.52000000000000002,-60.423699925646147,60.329504941232358,-2.0121615895444647,26,22545,45
p000502,r0026,29,4.4000000000000004,0.20000000000000001,-75.981379295426976,64.6132566409335,36.94432945366141,40,22590,45
p000503,r0029,13,3.0499999999999998,0.83999999999999997,-60.623931063723361,59.838743850583867,-40.899903077434203,26,22635,45
p000504,r0020,13,5.2999999999999998,0.52000000000000002,-60.296642285678899,60.283293219854869,-1.9682732430226964,40,22680,45
p000505,r0016,8,3.0499999999999998,0.52000000000000002,-59.952817973153934,60.529803227767225,-2.5711597967117799,26,22725,45
p000506,r0007,29,3.0499999999999998,0.20000000000000001,-70.661519823601495,62.764803669138288,36.529538970590337,26,22770,45
p000507,r0029,8,3.0499999999999998,0.83999999999999997,-59.633833657441876,59.864357919706386,-40.964123005098152,26,22815,45
p000508,r0003,13,3.9500000000000002,0.20000000000000001,-59.593600088366045,59.95817786226246,35.597822272136753,40,22860,45
p000509,r0025,29,4.4000000000000004,0.20000000000000001,-102.87528298094458,71.216443433309308,35.948098150458527,40,22905,45
p000510,r0009,20,3.0499999999999998,0.83999999999999997,-62.035107108988669,69.833322176157225,-40.486158423365325,26,22950,45
p000511,r0007,20,3.9500000000000002,0.83999999999999997,-81.071712051112627,171.40562048113694,-40.225338845952692,39,22995,45
p000512,r0008,8,2.1499999999999999,0.20000000000000001,-75.954378005083313,63.981047851635239,35.543962680291528,26,23040,45
p000513,r0017,20,3.0499999999999998,0.83999999999999997,-68.90870602247935,105.1892475675768,-41.50303344807034,26,23085,45
p000514,r0009,29,2.6000000000000001,0.52000000000000002,-60.108864315694767,60.000474044440729,-2.0063819028297329,26,23130,45
p000515,r0020,29,4.4000000000000004,0.20000000000000001,-60.006351541709058,60.869950428325787,37.14469003431882,40,23175,45
p000516,r0012,29,4.8499999999999996,0.83999999999999997,-60.411116812322163,59.953378850419583,-41.60279750628348,40,23220,45
p000517,r0028,13,2.6000000000000001,0.83999999999999997,-59.928594805603055,60.568937876446377,-41.098989576475155,26,23265,45
p000518,r0005,20,5.2999999999999998,0.20000000000000001,-93.400770781893229,67.803245311811096,35.112442093070229,40,23310,45
p000519,r0013,8,4.8499999999999996,0.20000000000000001,-102.2444680536646,70.031076638714723,35.125967700238853,40,23355,45
p000520,r0023,13,3.9500000000000002,0.20000000000000001,-93.764218442867076,68.309184481730995,36.344503896811382,40,23400,45
p000521,r0005,20,1.7,0.20000000000000001,-59.754693212484824,60.882486768440685,36.305050772255584,26,23445,45
p000522,r0025,13,2.6000000000000001,0.20000000000000001,-74.779884364857665,63.081816450126595,35.059476287129741,26,23490,45
p000523,r0004,8,3.0499999999999998,0.20000000000000001,-81.429649956494615,65.704080263672097,36.727334219638756,30,23535,45
p000524,r0020,8,3.5,0.20000000000000001,-59.380786368713316,60.562979419941172,36.124226262210271,37,23580,45
p000525,r0011,13,1.7,0.20000000000000001,-76.595766015631384,63.627776304680808,35.133067840618367,26,23625,45
p000526,r0002,29,4.4000000000000004,0.20000000000000001,-59.691174236687218,60.124909439546002,35.711692704299352,40,23670,45
p000527,r0023,29,3.0499999999999998,0.83999999999999997,-59.578371267470061,60.205937723119625,-39.962881828975704,26,23715,45
p000528,r0017,29,3.5,0.83999999999999997,-62.648049452036361,76.495923363905717,-40.83501380148563,26,23760,45
p000529,r0004,20,2.1499999999999999,0.52000000000000002,-59.642470509466264,59.637590039712293,-2.8380414458605587,26,23805,45
p000530,r0012,8,3.5,0.20000000000000001,-73.725996235582016,63.656708247139534,36.630167350595229,37,23850,45
p000531,r0006,8,5.2999999999999998,0.20000000000000001,-93.811288088407736,67.768307217342539,35.902388156192487,40,23895,45
p000532,r0009,8,4.8499999999999996,0.83999999999999997,-60.985497550902309,67.439551889696034,-40.887489640406571,40,23940,45
p000533,r0015,20,5.2999999999999998,0.83999999999999997,-65.055898669125739,84.771814533480992,-40.63346455670866,40,23985,45
p000534,r0020,13,4.8499999999999996,0.83999999999999997,-65.436443790576831,91.706605458291278,-39.843555910757928,40,24030,45
p000535,r0012,20,1.7,0.20000000000000001,-97.31343438518914,70.017440373982097,37.001265422147846,26,24075,45
p000536,r0010,29,4.4000000000000004,0.20000000000000001,-87.301619019102304,66.807276747660595,36.435497594308018,40,24120,45
p000537,r0008,20,3.5,0.83999999999999997,-62.359063323260536,74.590493780636393,-39.997134186637012,26,24165,45
p000538,r0026,29,2.6000000000000001,0.83999999999999997,-60.147446255786107,60.055514367822759,-40.464972556008682,26,24210,45
p000539,r0003,13,5.2999999999999998,0.52000000000000002,-60.177725117276317,59.913319130592946,-2.984023878299074,40,24255,45
p000540,r0007,13,4.4000000000000004,0.20000000000000001,-60.657821722536326,59.843369425984889,36.193131196280646,40,24300,45
p000541,r0016,29,2.6000000000000001,0.20000000000000001,-68.043223037905705,61.961738360890593,35.51074608113133,26,24345,45
p000542,r0020,29,1.7,0.20000000000000001,-75.813751640275697,64.249498995079378,35.786848868008363,26,24390,45
p000543,r0016,29,4.4000000000000004,0.20000000000000001,-60.445255948233061,59.500258650870521,35.961155731049807,40,24435,45
p000544,r0020,20,3.5,0.52000000000000002,-60.284987346665879,59.397707617235675,-2.3872937639931378,26,24480,45
p000545,r0019,8,5.2999999999999998,0.52000000000000002,-59.927637152141287,60.051266268744556,-2.7877635101160836,40,24525,45
p000546,r0012,8,2.1499999999999999,0.20000000000000001,-64.051039726495091,61.05823341152086,36.486378783917672,26,24570,45
p000547,r0008,13,3.0499999999999998,0.83999999999999997,-61.998828912338212,68.909508273028848,-40.603494962679477,26,24615,45
p000548,r0019,29,2.6000000000000001,0.52000000000000002,-59.851781676204673,59.62090988163262,-2.0548897284427765,26,24660,45
p000549,r0018,20,1.7,0.83999999999999997,-66.405750343519045,96.294784632380924,-39.923664747375042,26,24705,45
p000550,r0029,29,2.6000000000000001,0.83999999999999997,-69.347537895710502,106.65445108002433,-41.63721965959293,26,24750,45
p000551,r0005,29,2.6000000000000001,0.20000000000000001,-60.588186477943388,59.951876336453232,35.393863773573905,26,24795,45
p000552,r0016,20,4.4000000000000004,0.52000000000000002,-60.058100164539731,60.045681134693716,-1.9582851409076796,40,24840,45
p000553,r0004,29,4.4000000000000004,0.52000000000000002,-60.123030196414064,59.700453442903793,-2.1577580495414947,40,24885,45
p000554,r0027,20,5.2999999999999998,0.52000000000000002,-59.248634761955081,59.555677133275971,-2.6725650522441784,40,24930,45
p000555,r0022,29,4.4000000000000004,0.20000000000000001,-71.445463086158867,62.431632225385066,36.106213163076276,40,24975,45
p000556,r0016,20,2.6000000000000001,0.83999999999999997,-69.210600393022901,108.64444282166332,-41.203793478673091,26,25020,45
p000557,r0015,13,4.4000000000000004,0.52000000000000002,-60.430444263266885,60.3872620241604,-2.8879452453017906,40,25065,45
p000558,r0019,8,4.4000000000000004,0.20000000000000001,-60.316419717728493,59.200418148762353,34.847050575464181,40,25110,45
p000559,r0014,29,2.6000000000000001,0.20000000000000001,-77.75110347324015,64.526222232390381,36.520757091264279,26,25155,45
p000560,r0006,20,2.6000000000000001,0.83999999999999997,-76.92750780891572,145.65768763550358,-40.863876537808622,26,25200,45
p000561,r0008,29,1.7,0.83999999999999997,-60.089715570264303,59.751221821154736,-40.465165587637237,26,25245,45
p000562,r0014,29,2.1499999999999999,0.52000000000000002,-59.871986333834847,59.875618550418785,-1.9431359893931088,26,25290,45
p000563,r0020,13,3.5,0.83999999999999997,-64.950247507808257,86.427176470416612,-41.179859671292277,27,25335,45
p000564,r0005,29,2.6000000000000001,0.52000000000000002,-60.312190271678546,59.891585458367885,-3.0643779212562636,26,25380,45
p000565,r0026,29,2.6000000000000001,0.52000000000000002,-60.527352617097215,59.857595566507037,-2.2925774889671784,26,25425,45
p000566,r0003,20,2.6000000000000001,0.83999999999999997,-61.39501002772009,66.85720871218254,-41.324655029335659,26,25470,45
p000567,r0022,13,3.5,0.20000000000000001,-60.062747033125369,59.919773458407853,35.473269360101206,39,25515,45
p000568,r0008,20,1.7,0.83999999999999997,-59.858934713121926,60.127754864536804,-41.111064380696526,26,25560,45
p000569,r0020,20,1.7,0.52000000000000002,-59.338996423797006,59.341552297300076,-2.8223330376704086,26,25605,45
p000570,r0016,29,3.9500000000000002,0.83999999999999997,-59.925030231583591,59.747918918899451,-41.227358367506305,40,25650,45
p000571,r0000,13,2.6000000000000001,0.52000000000000002,-60.249170856100307,59.876665796476686,-2.1387692628633515,26,25695,45
p000572,r0009,29,2.1499999999999999,0.83999999999999997,-63.674978957629932,80.175057692395725,-41.108973093625821,26,25740,45
p000573,r0008,29,4.4000000000000004,0.83999999999999997,-64.595655884447609,84.402463562319724,-40.305956772964834,40,25785,45
p000574,r0007,20,2.6000000000000001,0.20000000000000001,-74.249305154610596,63.909198995385353,35.82749816538616,26,25830,45
p000575,r0008,29,3.5,0.52000000000000002,-59.459354356879174,59.631555887990345,-1.8457174393418072,26,25875,45
p000576,r0024,13,3.0499999999999998,0.20000000000000001,-99.303456611731505,69.773723387087031,36.408287387323327,28,25920,45
p000577,r0001,20,3.0499999999999998,0.20000000000000001,-82.780399053420155,66.080461015275745,35.858289001536562,26,25965,45
p000578,r0001,29,4.4000000000000004,0.83999999999999997,-68.297258570961148,102.03820953235501,-40.593583674430548,40,26010,45
p000579,r0008,20,3.9500000000000002,0.83999999999999997,-60.062035267709405,59.984011260322056,-41.304667823224371,39,26055,45
p000580,r0000,8,4.4000000000000004,0.52000000000000002,-60.055235240430683,60.175291041444716,-2.7945826251304924,40,26100,45
p000581,r0005,20,2.1499999999999999,0.20000000000000001,-59.640515367997487,60.292579544689126,36.755960562151806,26,26145,45
p000582,r0002,8,5.2999999999999998,0.83999999999999997,-69.004333205714829,107.15833830846231,-40.368305763446486,40,26190,45
p000583,r0028,13,3.9500000000000002,0.20000000000000001,-60.059696942879896,60.238359875517077,36.628748511837685,40,26235,45
p000584,r0014,13,2.6000000000000001,0.52000000000000002,-59.968438765429667,60.216556391341669,-1.8296410901794247,26,26280,45
p000585,r0025,8,4.4000000000000004,0.20000000000000001,-71.004756204040334,61.992190489346086,34.942801150668799,40,26325,45
p000586,r0025,8,5.2999999999999998,0.52000000000000002,-60.032053405511377,59.708892720639469,-3.0063992649589766,40,26370,45
p000587,r0029,13,2.6000000000000001,0.52000000000000002,-59.93119747372527,60.22644622074116,-2.705528500381388,26,26415,45
p000588,r0001,29,2.1499999999999999,0.20000000000000001,-59.882626410220588,59.813894531194855,36.324590342911769,26,26460,45
p000589,r0016,13,3.0499999999999998,0.52000000000000002,-59.833893084880202,59.625342317147442,-2.0434600919069323,26,26505,45
p000590,r0027,20,4.8499999999999996,0.83999999999999997,-62.126222046385678,73.551638796292451,-39.967764311557161,40,26550,45
p000591,r0000,8,4.8499999999999996,0.52000000000000002,-60.198181960242898,60.335216907275829,-2.7921505038339136,40,26595,45
p000592,r0018,20,2.6000000000000001,0.20000000000000001,-59.954119952698676,60.362010055704346,36.748784054023744,26,26640,45
p000593,r0016,13,3.5,0.83999999999999997,-59.763081041410707,60.915255507507041,-40.904547193583866,27,26685,45
p000594,r0021,8,2.6000000000000001,0.83999999999999997,-62.272968597266612,73.543990124703072,-40.992255201751462,26,26730,45
p000595,r0018,13,3.9500000000000002,0.52000000000000002,-59.821379007366403,59.710557513600719,-1.9960494773021893,39,26775,45
p000596,r0010,13,1.7,0.52000000000000002,-59.500647979531372,60.302576304175439,-2.4451003233521051,26,26820,45
p000597,r0005,13,4.8499999999999996,0.20000000000000001,-60.328082356467156,59.972623718479632,35.462482503490271,40,26865,45
p000598,r0023,20,2.6000000000000001,0.20000000000000001,-59.605896873886557,59.898567314923305,36.447674477161335,26,26910,45
p000599,r0019,8,2.1499999999999999,0.20000000000000001,-60.023632381725562,60.101826480531614,35.626734708080178,26,26955,45
p000600,r0018,20,2.1499999999999999,0.52000000000000002,-59.898399368326544,60.284424791251787,-1.7606437717289467,26,27000,45
p000601,r0004,13,2.1499999999999999,0.20000000000000001,-65.433629964082101,61.070824289414901,35.319933438715495,26,27045,45
p000602,r0025,29,3.0499999999999998,0.83999999999999997,-64.385629549356452,82.489392967820748,-41.335625946608104,26,27090,45
p000603,r0022,29,3.0499999999999998,0.83999999999999997,-61.96583141706936,69.04209733704846,-41.454562816410501,26,27135,45
p000604,r0019,20,2.1499999999999999,0.52000000000000002,-60.586027224031213,59.62875589189845,-3.3329313283849773,26,27180,45
p000605,r0021,29,2.1499999999999999,0.52000000000000002,-60.229012055172944,60.038153468714171,-2.9507726037071338,26,27225,45
p000606,r0002,13,2.6000000000000001,0.83999999999999997,-64.375245388225224,81.846165256482507,-40.529819685071985,26,27270,45
p000607,r0015,29,4.4000000000000004,0.20000000000000001,-59.849016109969462,60.423765367918492,36.819209072340904,40,27315,45
p000608,r0028,20,3.5,0.52000000000000002,-60.215765481825294,60.055332883104889,-2.9356382666588106,26,27360,45
p000609,r0015,20,3.0499999999999998,0.52000000000000002,-59.851802878704319,60.56787189466479,-1.6003589874871509,26,27405,45
p000610,r0029,20,1.7,0.20000000000000001,-60.397893057919084,60.471589338596111,35.847692859293069,26,27450,45
p000611,r0015,8,4.8499999999999996,0.52000000000000002,-60.578165501840765,60.208177205494245,-2.1507210023199645,40,27495,45
p000612,r0002,29,3.0499999999999998,0.52000000000000002,-59.887295465596225,59.897443560278944,-2.8406207331761424,26,27540,45
p000613,r0005,29,2.1499999999999999,0.83999999999999997,-67.463142333104315,99.637281832137376,-40.277074466665638,26,27585,45
p000614,r0014,8,3.5,0.20000000000000001,-73.971054708901107,63.689337753684043,36.607259261167016,37,27630,45
p000615,r0016,13,2.1499999999999999,0.20000000000000001,-59.945001215993798,59.770600653354236,36.277480279484635,26,27675,45
p000616,r0001,13,3.9500000000000002,0.83999999999999997,-59.729920681326099,60.603933433320336,-40.026504022982664,37,27720,45
p000617,r0004,13,5.2999999999999998,0.20000000000000001,-60.058692565679877,59.352612798329119,35.920351725527325,40,27765,45
p000618,r0019,20,3.5,0.20000000000000001,-59.869085208361767,59.530595914872094,35.200659690225322,40,27810,45
p000619,r0002,29,3.5,0.83999999999999997,-59.607183824409752,59.725943322058107,-40.063883480974887,26,27855,45
p000620,r0009,8,2.6000000000000001,0.52000000000000002,-59.760500813790351,59.876280890093931,-1.8848455959258985,26,27900,45
p000621,r0022,20,5.2999999999999998,0.83999999999999997,-60.875313055379415,63.956050008614987,-40.452294965140304,40,27945,45
p000622,r0024,13,2.6000000000000001,0.83999999999999997,-62.60577704660831,72.048270121754797,-40.611129499670199,26,27990,45
p000623,r0020,8,2.1499999999999999,0.20000000000000001,-61.987117991940437,60.251704294458278,36.253939837178535,26,28035,45
p000624,r0021,13,3.5,0.20000000000000001,-59.90013679050589,60.359183785520599,36.757319670315304,39,28080,45
p000625,r0020,13,4.8499999999999996,0.52000000000000002,-59.576695093203355,60.022070301298683,-1.7192877038423788,40,28125,45
p000626,r0015,8,5.2999999999999998,0.20000000000000001,-59.904480076969449,60.258341310441061,35.775777032958956,40,28170,45
p000627,r0008,13,3.5,0.20000000000000001,-59.29914946358592,60.051233493120321,35.731156901779073,39,28215,45
p000628,r0002,20,3.5,0.83999999999999997,-64.130494989517132,80.300383348070255,-41.471554455503153,26,28260,45
p000629,r0011,8,3.5,0.20000000000000001,-59.420045592765987,59.732227270680362,35.451772697991089,36,28305,45
p000630,r0000,8,3.9500000000000002,0.52000000000000002,-59.708980590868258,59.779068762181943,-1.9047169014041601,35,28350,45
p000631,r0020,13,5.2999999999999998,0.83999999999999997,-59.254661173790211,59.639525960746568,-40.681591232264324,40,28395,45
p000632,r0029,20,3.5,0.83999999999999997,-61.908126095317229,65.262362701222116,-42.010847887870938,26,28440,45
p000633,r0017,20,4.8499999999999996,0.52000000000000002,-59.227366819315542,59.899715534858963,-2.4963672893117819,40,28485,45
p000634,r0020,8,4.4000000000000004,0.83999999999999997,-66.89130196878827,96.465073021816181,-41.204281970291547,39,28530,45
p000635,r0013,29,3.0499999999999998,0.20000000000000001,-59.916111107885612,59.849091284928022,36.346050806365298,26,28575,45
p000636,r0006,13,4.4000000000000004,0.20000000000000001,-59.742288978069126,59.551876408771427,35.243043331403314,40,28620,45
p000637,r0026,20,4.8499999999999996,0.20000000000000001,-60.15064091960722,59.554403220468672,35.163394392453483,40,28665,45
p000638,r0007,29,3.5,0.20000000000000001,-59.252383053293975,59.864199209736348,36.490882757130287,40,28710,45
p000639,r0003,13,5.2999999999999998,0.83999999999999997,-74.625761901209927,136.54585831462776,-41.288302666675904,40,28755,45
p000640,r0014,20,4.8499999999999996,0.20000000000000001,-65.335947100426182,61.406040218722893,36.507642754893084,40,28800,45
p000641,r0023,20,5.2999999999999998,0.83999999999999997,-61.376840620112141,66.386228961786685,-40.48474948700833,40,28845,45
p000642,r0028,8,2.1499999999999999,0.20000000000000001,-59.740850228558415,60.126064982998415,36.602681940687049,26,28890,45
p000643,r0007,8,2.6000000000000001,0.20000000000000001,-64.94455141034274,61.138857147561581,36.372175435980722,26,28935,45
p000644,r0000,29,3.0499999999999998,0.20000000000000001,-60.535280891008107,59.861139354141152,36.231855305111303,26,28980,45
p000645,r0018,8,3.9500000000000002,0.83999999999999997,-72.448666465408962,122.25269764514155,-40.846448207720883,35,29025,45
p000646,r0022,29,2.6000000000000001,0.20000000000000001,-103.85366613688937,70.696458646912461,36.236433690152097,26,29070,45
p000647,r0006,29,2.1499999999999999,0.52000000000000002,-60.004899942243853,59.941213274521218,-1.9807655981966221,26,29115,45
p000648,r0026,8,4.8499999999999996,0.83999999999999997,-59.528312324363547,59.579518408147592,-40.021059407161758,40,29160,45
p000649,r0025,20,5.2999999999999998,0.83999999999999997,-63.228603916582813,76.668366510897386,-41.295088648185981,40,29205,45
p000650,r0017,20,1.7,0.52000000000000002,-60.277277019370509,60.211365760735838,-1.9927284849194635,26,29250,45
p000651,r0004,29,1.7,0.83999999999999997,-69.968987281235982,113.18118953877966,-40.214958990033466,26,29295,45
p000652,r0027,8,5.2999999999999998,0.52000000000000002,-60.44557611027615,60.370211713367738,-2.0039979549270894,40,29340,45
p000653,r0010,20,3.9500000000000002,0.52000000000000002,-59.834428712201429,59.921936493400892,-1.9013734135123201,40,29385,45
p000654,r0024,13,3.5,0.83999999999999997,-65.948849302016754,90.382520547453169,-40.485830126101561,27,29430,45
p000655,r0021,13,4.4000000000000004,0.52000000000000002,-60.371817027167303,60.145926813228535,-2.0732999837773063,40,29475,45
p000656,r0013,29,4.8499999999999996,0.52000000000000002,-59.659712435346748,59.999666877362898,-1.7732103652461177,40,29520,45
p000657,r0001,13,2.1499999999999999,0.20000000000000001,-121.35436381555617,74.980125044548458,35.26322727252753,26,29565,45
p000658,r0010,13,1.7,0.83999999999999997,-72.462531758499765,124.62233699356703,-41.378952758169078,26,29610,45
p000659,r0022,29,4.8499999999999996,0.52000000000000002,-59.741805568376961,59.861468393361449,-1.8822340667425295,40,29655,45
p000660,r0000,20,5.2999999999999998,0.52000000000000002,-60.069886583650323,59.611240658381057,-2.1729455074752648,40,29700,45
p000661,r0024,20,5.2999999999999998,0.52000000000000002,-59.855300450626927,60.141842566307602,-2.7066718024983532,40,29745,45
p000662,r0007,20,3.5,0.83999999999999997,-64.41662471958638,83.898065778403932,-41.136274239907934,26,29790,45
p000663,r0016,20,5.2999999999999998,0.83999999999999997,-68.651272005068179,104.25090454008098,-41.436923757844312,40,29835,45
p000664,r0011,13,2.6000000000000001,0.83999999999999997,-70.738928169573498,116.59331988878769,-41.21576848023571,26,29880,45
p000665,r0022,13,2.6000000000000001,0.83999999999999997,-60.480191305454895,62.147026406220945,-40.409836471586758,26,29925,45
p000666,r0021,13,1.7,0.20000000000000001,-64.939752380571974,61.463397250518042,36.63276732430004,26,29970,45
p000667,r0002,20,2.1499999999999999,0.52000000000000002,-60.432128585045398,60.552198065353032,-1.9096517928541517,26,30015,45
p000668,r0026,8,4.4000000000000004,0.20000000000000001,-59.982225319709855,60.350427459374309,35.833896903557473,40,30060,45
p000669,r0006,13,4.4000000000000004,0.52000000000000002,-59.882849943593371,60.334600752066578,-1.7284736096766011,40,30105,45
p000670,r0006,29,1.7,0.83999999999999997,-60.14310260429535,60.27743001443848,-40.425817385297933,26,30150,45
p000671,r0027,20,1.7,0.20000000000000001,-60.139662523622171,59.884491210710522,35.42966046384398,26,30195,45
p000672,r0012,29,4.8499999999999996,0.20000000000000001,-67.502858116453396,61.534768876329068,35.277243477772572,40,30240,45
p000673,r0001,29,4.4000000000000004,0.52000000000000002,-60.22807432321865,60.078410655710925,-2.0309615333324542,40,30285,45
p000674,r0007,29,3.5,0.83999999999999997,-64.834803863853637,84.825730139966879,-40.439118423242348,26,30330,45
p000675,r0005,13,3.0499999999999998,0.83999999999999997,-77.915121427029533,154.07162080760989,-41.247242669487221,26,30375,45
p000676,r0001,13,3.0499999999999998,0.20000000000000001,-69.841836683541402,62.040582177447106,36.114098405249408,28,30420,45
p000677,r0003,13,3.0499999999999998,0.20000000000000001,-60.170872434620151,60.186548412128076,36.565064242778433,28,30465,45
p000678,r0021,13,3.9500000000000002,0.20000000000000001,-60.160027655083269,59.680376396628674,36.162295586286291,40,30510,45
p000679,r0006,13,3.9500000000000002,0.20000000000000001,-60.222805895106788,59.665923273198658,35.238177439537566,40,30555,45
p000680,r0017,20,4.4000000000000004,0.52000000000000002,-60.516992068898098,59.502121285959298,-2.4578176585665501,40,30600,45
p000681,r0021,13,3.0499999999999998,0.20000000000000001,-60.273560074336771,59.71131623143404,36.164340970279881,27,30645,45
p000682,r0019,20,1.7,0.20000000000000001,-59.899545279808351,59.388620014258521,35.080986955445141,26,30690,45
p000683,r0028,8,5.2999999999999998,0.20000000000000001,-60.831502904438338,60.457002521195648,36.649301436068853,40,30735,45
p000684,r0007,20,3.5,0.20000000000000001,-60.075731425246531,59.930741428068927,36.379446857405839,40,30780,45
p000685,r0001,8,5.2999999999999998,0.83999999999999997,-63.474776262697105,77.504785323864979,-40.468046408847158,40,30825,45
p000686,r0000,13,1.7,0.83999999999999997,-60.116807522627447,60.10482071853265,-40.431347004041825,26,30870,45
p000687,r0028,20,3.0499999999999998,0.83999999999999997,-68.689485147200074,105.33970535492361,-41.29481466686029,26,30915,45
p000688,r0019,20,3.5,0.52000000000000002,-60.42367455564009,60.215463457140785,-2.9668883095052694,26,30960,45
p000689,r0026,20,1.7,0.52000000000000002,-59.740162092070435,60.668354483601476,-2.3940741357479185,26,31005,45
p000690,r0001,20,2.1499999999999999,0.20000000000000001,-59.896584219610475,60.246094061271052,36.667558405094752,26,31050,45
p000691,r0015,29,4.8499999999999996,0.20000000000000001,-60.583965705647415,60.085534229017796,35.501634242084748,40,31095,45
p000692,r0023,20,2.1499999999999999,0.83999999999999997,-74.366157754654353,137.25850664557345,-40.956211450617914,26,31140,45
p000693,r0028,20,3.9500000000000002,0.83999999999999997,-59.558702599317641,59.908367848748,-40.893971327627142,39,31185,45
p000694,r0006,8,2.6000000000000001,0.20000000000000001,-104.46545854407532,70.863061791936346,35.34735772473401,26,31230,45
p000695,r0022,13,2.6000000000000001,0.20000000000000001,-93.731785899873117,68.064984560559836,35.255630468473242,26,31275,45
p000696,r0003,29,3.5,0.83999999999999997,-61.786607517276678,70.941710552116064,-40.100076626173831,26,31320,45
p000697,r0023,20,4.8499999999999996,0.83999999999999997,-62.115954639371417,73.386725732071042,-40.885525779940622,40,31365,45
p000698,r0023,13,5.2999999999999998,0.83999999999999997,-66.968231253817791,95.998337641435526,-41.34358023057726,40,31410,45
p000699,r0027,13,4.4000000000000004,0.83999999999999997,-72.75794518110979,122.43413155388052,-41.97721290351133,40,31455,45
p000700,r0010,20,5.2999999999999998,0.52000000000000002,-60.197579236098875,59.733406642083111,-2.1807060145715225,40,31500,45
p000701,r0022,20,3.0499999999999998,0.52000000000000002,-60.145438056180915,59.832511013883511,-3.0060225025499934,26,31545,45
p000702,r0016,20,2.1499999999999999,0.83999999999999997,-63.652899619854935,78.309879907243328,-40.488854895519211,26,31590,45
p000703,r0019,20,3.9500000000000002,0.20000000000000001,-74.062028287588419,63.436719837595994,36.386970212559113,40,31635,45
p000704,r0018,29,3.0499999999999998,0.52000000000000002,-60.304494215580419,59.408109597278411,-3.292444385408186,26,31680,45
p000705,r0026,13,3.5,0.52000000000000002,-59.689808195435901,60.790780562302416,-2.3091255917215081,27,31725,45
p000706,r0023,20,5.2999999999999998,0.20000000000000001,-60.749907201053468,59.904739587394332,36.223810229704775,40,31770,45
p000707,r0000,20,3.9500000000000002,0.20000000000000001,-85.332076643716434,66.002300697141877,36.185425228970217,40,31815,45
p000708,r0008,20,4.8499999999999996,0.83999999999999997,-75.63918089602609,141.73633840906365,-40.409097807211722,40,31860,45
p000709,r0001,13,4.4000000000000004,0.20000000000000001,-83.149712186391497,65.185673619848146,35.068596458600211,40,31905,45
p000710,r0000,8,3.5,0.52000000000000002,-60.009927084298191,59.912873596749598,-2.8969827573952545,29,31950,45
p000711,r0027,29,2.6000000000000001,0.52000000000000002,-60.414179082055121,59.320835569880579,-3.3913720491259882,26,31995,45
p000712,r0006,20,4.8499999999999996,0.52000000000000002,-60.3972897760884,60.250831364370583,-2.9361916286680882,40,32040,45
p000713,r0011,13,2.6000000000000001,0.52000000000000002,-60.30599963997431,59.535661322963769,-3.2320023777640374,26,32085,45
p000714,r0021,20,4.4000000000000004,0.52000000000000002,-59.820310458274221,60.318695110270667,-1.7035877853726789,40,32130,45
p000715,r0012,20,2.1499999999999999,0.20000000000000001,-87.81504154160983,67.257596449213736,35.793068851049014,26,32175,45
p000716,r0014,13,4.4000000000000004,0.52000000000000002,-60.418017195427986,60.1738691838706,-2.9839117333646685,40,32220,45
p000717,r0005,20,3.0499999999999998,0.52000000000000002,-60.087968737381011,60.028701501462116,-2.8819670227363092,26,32265,45
p000718,r0014,8,4.4000000000000004,0.52000000000000002,-60.149003481779296,60.376696355808768,-1.8466675597370241,40,32310,45
p000719,r0010,29,2.1499999999999999,0.20000000000000001,-60.211359193031818,60.373218648581734,35.806303080259021,26,32355,45
p000720,r0024,29,3.9500000000000002,0.20000000000000001,-60.203308467322593,60.845295701681522,37.085574867880702,40,32400,45
p000721,r0028,29,2.1499999999999999,0.83999999999999997,-61.508426922985905,66.042143943259134,-41.550335584386701,26,32445,45
p000722,r0014,13,1.7,0.83999999999999997,-68.821379449221098,109.07639335342142,-40.807735800798284,26,32490,45
p000723,r0020,20,2.6000000000000001,0.20000000000000001,-59.636778529245952,59.941477006086593,36.475825899020087,26,32535,45
p000724,r0007,20,3.0499999999999998,0.20000000000000001,-83.28962877876458,65.294707202839817,36.027840006518943,26,32580,45
p000725,r0017,20,4.4000000000000004,0.83999999999999997,-65.219241012607242,85.251504043971366,-41.593921803554665,40,32625,45
p000726,r0001,20,2.1499999999999999,0.52000000000000002,-59.705785588231855,59.710316810994392,-1.9360564366032549,26,32670,45
p000727,r0019,8,2.6000000000000001,0.83999999999999997,-65.449324073057923,87.279395466309694,-41.4627289467591,26,32715,45
p000728,r0011,20,5.2999999999999998,0.83999999999999997,-67.878641069340574,98.059646111077058,-41.778515120473756,40,32760,45
p000729,r0008,20,4.8499999999999996,0.52000000000000002,-59.418302281882482,59.75269017284942,-1.7662259036111749,40,32805,45
p000730,r0024,29,3.0499999999999998,0.20000000000000001,-82.716662469585032,65.069861005936872,35.062556310832491,26,32850,45
p000731,r0011,20,3.9500000000000002,0.83999999999999997,-71.366255005552063,120.17097242231847,-40.270298617092763,39,32895,45
p000732,r0000,20,4.4000000000000004,0.83999999999999997,-62.643655418098142,71.493106888881186,-40.731773448981443,40,32940,45
p000733,r0002,29,4.8499999999999996,0.83999999999999997,-60.144522764586824,59.826269390112415,-41.399196019834946,40,32985,45
p000734,r0025,13,3.5,0.83999999999999997,-62.680162782462681,73.907685805658588,-40.376107008363263,27,33030,45
p000735,r0000,13,5.2999999999999998,0.52000000000000002,-60.443075931306716,59.860496464420741,-3.1473611813575362,40,33075,45
p000736,r0001,8,5.2999999999999998,0.20000000000000001,-60.170685375198374,59.782110519738147,35.34155134075084,40,33120,45
p000737,r0017,29,1.7,0.52000000000000002,-59.871388696801233,60.629323032432183,-1.5810470667691974,26,33165,45
p000738,r0019,13,5.2999999999999998,0.20000000000000001,-61.528805348340626,60.499690504955218,35.643991334296047,40,33210,45
p000739,r0013,20,3.9500000000000002,0.52000000000000002,-60.034190359412811,59.78610426059489,-2.0704489418091141,40,33255,45
p000740,r0014,20,4.4000000000000004,0.52000000000000002,-60.361645307205151,59.696344954755062,-3.1838099814642478,40,33300,45
p000741,r0004,8,3.0499999999999998,0.52000000000000002,-59.685133297295145,59.48013447412027,-2.0358047670157502,27,33345,45
p000742,r0021,13,2.1499999999999999,0.83999999999999997,-67.335998587512847,96.782834380531682,-40.626985312625706,26,33390,45
p000743,r0023,8,5.2999999999999998,0.20000000000000001,-68.635503624075298,61.826234185141985,36.183886623298534,40,33435,45
p000744,r0014,8,2.1499999999999999,0.52000000000000002,-59.68540284982209,60.218438829550131,-1.6815588437234255,26,33480,45
p000745,r0029,20,2.1499999999999999,0.83999999999999997,-67.371631348678093,99.036763930731013,-40.296288103972628,26,33525,45
p000746,r0009,20,4.4000000000000004,0.83999999999999997,-68.024596690191871,102.32967379532052,-41.217913412509887,40,33570,45
p000747,r0029,29,4.4000000000000004,0.20000000000000001,-81.137541307354681,65.130275984133348,36.326712525835745,40,33615,45
p000748,r0004,20,3.5,0.20000000000000001,-59.965546584467837,59.624956209956778,36.156855651071851,40,33660,45
p000749,r0029,20,3.5,0.20000000000000001,-59.843228094177391,59.38864599305775,35.092271175610719,40,33705,45
p000750,r0012,29,4.4000000000000004,0.83999999999999997,-67.139920236640478,101.56284789667933,-40.597477335309307,40,33750,45
p000751,r0023,8,3.5,0.52000000000000002,-59.543353092562306,60.11572598456312,-1.6569951355421069,29,33795,45
p000752,r0011,13,3.0499999999999998,0.20000000000000001,-59.989423080842485,59.941174658074445,35.505055110291053,27,33840,45
p000753,r0020,20,5.2999999999999998,0.52000000000000002,-60.110685350424518,59.861906108304154,-2.9738414502347554,40,33885,45
p000754,r0021,29,2.6000000000000001,0.83999999999999997,-72.223662686684492,123.05879698098286,-40.528469139857705,26,33930,45
p000755,r0009,13,3.5,0.52000000000000002,-60.396788604077273,59.951888753018778,-2.1794234726711705,28,33975,45
p000756,r0029,20,4.4000000000000004,0.83999999999999997,-63.762757774583207,80.457320975002403,-40.237545174649497,40,34020,45
p000757,r0018,13,3.5,0.83999999999999997,-65.155383872325672,87.699116987321418,-40.248663734782141,27,34065,45
p000758,r0000,20,3.5,0.83999999999999997,-70.744237895794441,119.18338307052744,-39.905818541182938,26,34110,45
p000759,r0017,13,1.7,0.20000000000000001,-59.511905596900981,59.890692366202025,35.560172773581421,26,34155,45
p000760,r0029,8,3.9500000000000002,0.20000000000000001,-138.93473227082137,79.377964037909791,36.165424776163555,40,34200,45
p000761,r0013,8,4.4000000000000004,0.83999999999999997,-60.281670525328757,59.99415909690692,-40.58753778577104,39,34245,45
p000762,r0017,8,3.0499999999999998,0.83999999999999997,-64.995899800348269,86.699941215986456,-40.274565237734706,26,34290,45
p000763,r0011,8,2.1499999999999999,0.52000000000000002,-60.20863463597766,59.67641653843549,-2.2138100722593519,26,34335,45
p000764,r0003,20,3.5,0.52000000000000002,-59.685667350266876,60.645266459066598,-1.4768191217868136,27,34380,45
p000765,r0005,13,3.0499999999999998,0.20000000000000001,-61.148583081187041,60.566040633352642,35.7731158904447,28,34425,45
p000766,r0022,20,2.1499999999999999,0.83999999999999997,-64.834630601311702,86.185869717064037,-41.121350550371588,26,34470,45
p000767,r0007,29,2.1499999999999999,0.20000000000000001,-60.304588198990956,60.629159534488366,35.992409987792499,26,34515,45
p000768,r0019,20,3.0499999999999998,0.52000000000000002,-60.717992777021195,60.042045612437008,-2.3031743500812594,26,34560,45
p000769,r0027,8,3.5,0.83999999999999997,-59.867068155963921,59.82888176698755,-40.265716168291675,28,34605,45
p000770,r0029,13,2.1499999999999999,0.20000000000000001,-60.360984380665442,60.116912758520186,36.471333330683066,26,34650,45
p000771,r0006,8,3.9500000000000002,0.83999999999999997,-60.373392219867782,63.426775165885878,-40.115365438147201,35,34695,45
p000772,r0004,20,5.2999999999999998,0.20000000000000001,-106.71093271915971,71.367691590290178,36.201966728400201,40,34740,45
p000773,r0013,13,2.6000000000000001,0.52000000000000002,-60.126571047710158,59.590412951225616,-2.2124187282209915,26,34785,45
p000774,r0004,20,3.0499999999999998,0.83999999999999997,-59.607413128189158,59.632741062892343,-40.978988457616119,26,34830,45
p000775,r0026,8,2.1499999999999999,0.83999999999999997,-65.365856565517277,87.705934254458441,-41.324370034321149,26,34875,45
p000776,r0016,29,2.1499999999999999,0.52000000000000002,-59.581401835693995,59.945874683009833,-2.6583091067161577,26,34920,45
p000777,r0022,20,2.6000000000000001,0.83999999999999997,-59.796598773109487,59.95125796277091,-40.186941695368617,26,34965,45
p000778,r0015,13,2.1499999999999999,0.83999999999999997,-59.64885248706215,60.326571044488404,-40.902784722014061,26,35010,45
p000779,r0029,13,5.2999999999999998,0.83999999999999997,-60.055864537135207,60.333886668240908,-41.243504344275024,40,35055,45
p000780,r0028,20,3.0499999999999998,0.52000000000000002,-60.587370308151669,60.161432233947032,-3.0779450879442978,26,35100,45
p000781,r0019,13,4.4000000000000004,0.52000000000000002,-59.74375823212069,59.746493602077017,-1.9384373517057896,40,35145,45
p000782,r0029,20,2.6000000000000001,0.52000000000000002,-59.697109461535632,60.081624541908383,-1.7533171398825076,26,35190,45
p000783,r0008,8,3.9500000000000002,0.83999999999999997,-63.702227570768791,79.059081656549381,-41.310418094397889,34,35235,45
p000784,r0014,8,5.2999999999999998,0.83999999999999997,-68.144474003682163,102.2136589734564,-41.33717272733999,40,35280,45
p000785,r0026,8,2.6000000000000001,0.20000000000000001,-61.003776982155827,60.260051488601576,36.457285794450101,26,35325,45
p000786,r0015,20,4.8499999999999996,0.52000000000000002,-60.307921205969201,60.452539633669907,-2.7929000029424289,40,35370,45
p000787,r0022,8,3.0499999999999998,0.83999999999999997,-66.636201541379549,95.297544459883369,-41.176802181177479,26,35415,45
p000788,r0013,29,2.6000000000000001,0.52000000000000002,-60.246913859378758,59.890369723865639,-2.1310177394214476,26,35460,45
p000789,r0013,13,3.9500000000000002,0.20000000000000001,-91.086138549252055,67.411975428434033,36.162352632896813,40,35505,45
p000790,r0002,13,3.0499999999999998,0.52000000000000002,-59.885469918719537,60.375114348808239,-1.7103894703062068,26,35550,45
p000791,r0025,13,4.4000000000000004,0.20000000000000001,-80.159387031385393,65.539462433650186,36.849692540643076,40,35595,45
p000792,r0027,20,4.8499999999999996,0.20000000000000001,-87.945179872847561,67.32997460807654,35.82494371189172,40,35640,45
p000793,r0028,29,4.4000000000000004,0.83999999999999997,-60.289439690541883,60.480143511107535,-41.416306378277987,40,35685,45
p000794,r0008,13,2.6000000000000001,0.20000000000000001,-73.544381484374156,62.85553509183805,36.025551776595606,26,35730,45
p000795,r0026,8,5.2999999999999998,0.52000000000000002,-59.474146279761896,59.682817306082882,-1.828803758556407,40,35775,45
p000796,r0019,8,2.6000000000000001,0.52000000000000002,-59.87386541406692,59.445986714834483,-3.050336392194251,26,35820,45
p000797,r0003,20,3.5,0.20000000000000001,-89.034982635119789,66.962697560657716,36.213161521502215,40,35865,45
p000798,r0004,29,3.5,0.20000000000000001,-60.17769609425256,59.96402728781549,36.385682611401883,40,35910,45
p000799,r0026,13,1.7,0.20000000000000001,-83.29483137641752,65.862312503505706,35.580883727521055,26,35955,45
p000800,r0023,8,3.0499999999999998,0.83999999999999997,-60.405984743710064,61.826059342641919,-40.398857689893738,27,36000,45
p000801,r0015,20,4.4000000000000004,0.20000000000000001,-80.54130024791624,64.633951507265095,35.148901156228824,40,36045,45
p000802,r0003,8,4.8499999999999996,0.52000000000000002,-60.287254341329643,59.670588504402659,-3.157489775378143,40,36090,45
p000803,r0001,13,3.9500000000000002,0.20000000000000001,-60.131550383538141,59.583702761108086,36.090652132178846,40,36135,45
p000804,r0015,20,3.9500000000000002,0.20000000000000001,-138.93338975193976,79.064806768205798,35.91516746417669,40,36180,45
p000805,r0002,20,2.6000000000000001,0.20000000000000001,-60.14069735148442,59.935314539450516,36.370112161263535,26,36225,45
p000806,r0007,20,3.9500000000000002,0.52000000000000002,-60.432989556505916,59.845912373514508,-2.2491166300961138,40,36270,45
p000807,r0006,13,3.5,0.52000000000000002,-60.438301634835071,60.31698807099265,-2.9257625760377666,28,36315,45
p000808,r0020,8,3.0499999999999998,0.52000000000000002,-59.488997895614858,59.949485112493278,-2.6085260517229516,27,36360,45
p000809,r0017,29,4.8499999999999996,0.52000000000000002,-60.226589107981653,59.640835445916252,-2.2402253221106632,40,36405,45
p000810,r0007,8,3.9500000000000002,0.52000000000000002,-59.316725405119016,60.488553845882009,-1.3601913646385271,36,36450,45
p000811,r0024,8,3.5,0.83999999999999997,-74.184921437596699,132.64674793958756,-40.64185433724721,28,36495,45
p000812,r0010,8,4.4000000000000004,0.20000000000000001,-59.580134892933877,59.940780038003446,36.486597051815984,40,36540,45
p000813,r0007,13,4.8499999999999996,0.52000000000000002,-60.055011361048059,60.055636187561248,-1.9519005377155907,40,36585,45
p000814,r0028,13,2.1499999999999999,0.52000000000000002,-59.665838411939603,60.100871107573028,-2.6278178425735392,26,36630,45
p000815,r0028,29,4.8499999999999996,0.83999999999999997,-61.073360838922468,66.386467893620903,-40.229788241715525,40,36675,45
p000816,r0019,29,1.7,0.83999999999999997,-72.085725681684494,124.76557770054436,-41.039517140527877,26,36720,45
p000817,r0009,8,2.1499999999999999,0.83999999999999997,-62.202244523424056,71.015917270734946,-40.437338636358618,26,36765,45
p000818,r0013,8,3.9500000000000002,0.20000000000000001,-59.624839750381021,60.10019627740855,36.605189071850639,40,36810,45
p000819,r0011,8,4.8499999999999996,0.83999999999999997,-68.371868775346059,105.08100497397425,-41.069408975454806,40,36855,45
p000820,r0025,8,3.5,0.83999999999999997,-72.893077189033164,129.5662784051647,-40.949580293961489,28,36900,45
p000821,r0013,29,1.7,0.52000000000000002,-59.840823771413753,59.943964449957406,-2.7941254251555963,26,36945,45
p000822,r0018,29,1.7,0.20000000000000001,-60.605811561020509,59.908727635397682,36.255819796114046,26,36990,45
p000823,r0006,13,2.6000000000000001,0.52000000000000002,-59.894452469802644,60.322902507990136,-2.6401220804621106,26,37035,45
p000824,r0028,8,3.5,0.83999999999999997,-68.216894184401752,105.59974819753083,-40.85623140329254,28,37080,45
p000825,r0027,20,2.6000000000000001,0.83999999999999997,-74.116375794993459,132.97950916909403,-40.531034200739427,26,37125,45
p000826,r0016,29,2.6000000000000001,0.83999999999999997,-60.423727005972658,60.531612291978128,-41.520872718300531,26,37170,45
p000827,r0022,29,4.4000000000000004,0.83999999999999997,-60.83822747359622,62.148182583871282,-40.710401864401412,40,37215,45
p000828,r0003,13,2.6000000000000001,0.52000000000000002,-60.410017863731348,59.983517885864082,-3.0711207039255415,26,37260,45
p000829,r0028,8,4.4000000000000004,0.83999999999999997,-60.076796907523594,59.598386670190848,-40.478767535089275,39,37305,45
p000830,r0016,20,1.7,0.52000000000000002,-60.429682071518741,59.889103894279586,-3.126664807935545,26,37350,45
p000831,r0003,29,4.8499999999999996,0.20000000000000001,-63.04144412856644,61.524527998433825,36.161333573033772,40,37395,45
p000832,r0013,8,2.6000000000000001,0.52000000000000002,-60.392368882562963,60.221679725030327,-2.0476255509181867,26,37440,45
p000833,r0013,8,4.8499999999999996,0.83999999999999997,-59.650050173286942,60.805565367499263,-39.927151686761142,40,37485,45
p000834,r0008,20,4.4000000000000004,0.83999999999999997,-59.784136186868537,59.309901074756553,-40.279090225008517,40,37530,45
p000835,r0000,29,1.7,0.83999999999999997,-69.221910944540213,108.65718469219351,-40.3112556426628,26,37575,45
p000836,r0022,13,2.1499999999999999,0.20000000000000001,-92.430721592497193,67.702011363970925,35.225464772677299,26,37620,45
p000837,r0025,29,3.5,0.52000000000000002,-60.066473570455358,59.996850376572581,-1.9860780758819516,26,37665,45
p000838,r0012,13,1.7,0.20000000000000001,-91.209302343322889,67.883858902499853,36.515226653335304,26,37710,45
p000839,r0021,8,5.2999999999999998,0.20000000000000001,-60.145392172084904,59.805646137148258,35.365438475301623,40,37755,45
p000840,r0005,8,3.0499999999999998,0.52000000000000002,-59.473908139680177,59.520295697933975,-1.9066902976253843,26,37800,45
p000841,r0013,8,4.4000000000000004,0.52000000000000002,-59.433931145008884,59.416158617719006,-2.8358880588994966,40,37845,45
p000842,r0007,13,4.8499999999999996,0.20000000000000001,-60.207321080471949,60.166035992285138,36.541364577733724,40,37890,45
p000843,r0004,29,2.6000000000000001,0.83999999999999997,-70.78283463059617,117.26870540701812,-41.144588224577888,26,37935,45
p000844,r0024,8,4.8499999999999996,0.20000000000000001,-71.187110323130497,62.78957140855011,35.544235062213986,40,37980,45
p000845,r0014,29,3.5,0.83999999999999997,-68.82326422363623,108.4221778982118,-40.913993484140562,26,38025,45
p000846,r0005,8,2.1499999999999999,0.83999999999999997,-59.610838702478645,59.567057035543655,-40.992375384395075,26,38070,45
p000847,r0009,29,4.8499999999999996,0.83999999999999997,-64.118514344363462,84.86463229544546,-40.731210881994031,40,38115,45
p000848,r0012,8,4.4000000000000004,0.52000000000000002,-59.969914675397419,60.541866424803544,-2.5742597473009612,40,38160,45
p000849,r0005,29,2.1499999999999999,0.20000000000000001,-59.979299964232894,60.275643479032226,36.674654790379208,26,38205,45
p000850,r0007,20,4.8499999999999996,0.52000000000000002,-59.789018368158025,60.535037258140676,-2.4834716675346487,40,38250,45
p000851,r0006,20,4.4000000000000004,0.20000000000000001,-60.19355609490303,59.441563048869185,35.064539220114739,40,38295,45
p000852,r0007,20,3.0499999999999998,0.52000000000000002,-59.710493669788335,59.999679073396678,-1.7996107530595282,26,38340,45
p000853,r0021,29,3.9500000000000002,0.52000000000000002,-60.054592808112332,59.654189771820072,-2.1443771697447813,40,38385,45
p000854,r0017,13,2.1499999999999999,0.83999999999999997,-63.715615163746278,78.675847237346986,-40.482981179571354,26,38430,45
p000855,r0009,13,3.5,0.83999999999999997,-66.467423595516436,92.783143728061916,-41.437332823743901,27,38475,45
p000856,r0009,13,3.0499999999999998,0.20000000000000001,-59.971956779628137,59.820344606842902,36.311884329548697,28,38520,45
p000857,r0010,20,2.1499999999999999,0.20000000000000001,-74.22145198720294,63.445017946060567,35.461723959407863,26,38565,45
p000858,r0019,13,3.9500000000000002,0.20000000000000001,-65.110129096614941,61.579587139465772,36.69164389224963,40,38610,45
p000859,r0008,29,2.6000000000000001,0.52000000000000002,-59.785155685969947,59.595361952311656,-2.0325072195947795,26,38655,45
p000860,r0026,13,2.6000000000000001,0.52000000000000002,-59.859379912364069,59.915384310193211,-1.9174930855365802,26,38700,45
p000861,r0020,8,4.8499999999999996,0.20000000000000001,-59.953371247060289,60.208974923347014,35.726505689265551,40,38745,45
p000862,r0008,29,3.5,0.20000000000000001,-59.774272344664389,60.302179336667201,35.83688900040088,40,38790,45
p000863,r0019,29,3.5,0.52000000000000002,-59.35939221153005,59.893338465749977,-1.6680814864356421,26,38835,45
p000864,r0022,29,2.1499999999999999,0.20000000000000001,-60.212019458150202,60.471147255073156,35.884513912428481,26,38880,45
p000865,r0020,8,3.0499999999999998,0.20000000000000001,-100.55830123598929,69.910634028740418,35.366846975794473,29,38925,45
p000866,r0019,20,3.9500000000000002,0.52000000000000002,-59.99974758650734,60.076095094951057,-2.8133430994073096,40,38970,45
p000867,r0002,20,3.0499999999999998,0.20000000000000001,-59.431090885518486,60.12111585844454,36.66067450965194,26,39015,45
p000868,r0013,20,2.6000000000000001,0.52000000000000002,-60.219250224445716,60.120494805496833,-2.9061726100732956,26,39060,45
p000869,r0027,13,3.0499999999999998,0.20000000000000001,-59.481210299517194,59.929674102425196,35.597497222036715,27,39105,45
p000870,r0001,8,3.0499999999999998,0.20000000000000001,-65.127491532701981,61.384957826565781,36.532467954712232,29,39150,45
p000871,r0010,29,2.1499999999999999,0.83999999999999997,-69.411754754808612,108.76157811361088,-41.354021495861488,26,39195,45
p000872,r0028,29,4.8499999999999996,0.52000000000000002,-60.033279289646856,59.699822330450345,-3.0113905120002018,40,39240,45
p000873,r0025,29,2.6000000000000001,0.52000000000000002,-60.308672529182033,60.66377290927943,-1.7918987187205346,26,39285,45
p000874,r0006,8,3.0499999999999998,0.83999999999999997,-64.54121425754289,83.779070662033007,-40.359968670410737,26,39330,45
p000875,r0000,13,2.1499999999999999,0.83999999999999997,-63.108141168712422,76.208911584361118,-41.267412728220648,26,39375,45
p000876,r0023,29,2.1499999999999999,0.52000000000000002,-60.580975896885121,59.533158450602258,-3.3761914100911783,26,39420,45
p000877,r0022,20,4.4000000000000004,0.20000000000000001,-59.554473353305411,59.924695633880319,36.478861836443173,40,39465,45
p000878,r0018,29,4.8499999999999996,0.52000000000000002,-59.910462401557723,59.809011014159509,-2.8951151620134512,40,39510,45
p000879,r0011,8,2.6000000000000001,0.20000000000000001,-60.189388413997776,59.631352862220261,36.117204606976657,26,39555,45
p000880,r0012,20,3.5,0.20000000000000001,-66.745538813608832,61.678914880271137,36.444024141495149,40,39600,45
p000881,r0026,13,3.9500000000000002,0.83999999999999997,-60.055252766316364,59.278265046229301,-40.511889916309052,38,39645,45
p000882,r0012,8,4.8499999999999996,0.52000000000000002,-59.953668101051854,59.594545655941566,-3.020525497695016,40,39690,45
p000883,r0024,8,3.5,0.20000000000000001,-59.859658778284633,59.627637772351171,36.180178462224013,37,39735,45
p000884,r0009,13,2.6000000000000001,0.20000000000000001,-59.43299222816006,59.573005936121575,35.321806303265248,26,39780,45
p000885,r0003,13,2.1499999999999999,0.20000000000000001,-60.230844813709361,60.540101834930063,35.935912505202175,26,39825,45
p000886,r0023,13,2.6000000000000001,0.52000000000000002,-60.130237765973554,60.339183132544498,-2.7549157346848903,26,39870,45
p000887,r0017,13,4.8499999999999996,0.52000000000000002,-59.827133937701099,59.93687901653626,-1.8904077196671694,40,39915,45
p000888,r0002,29,3.5,0.20000000000000001,-60.498818959869837,59.984644467789821,36.337951782257889,40,39960,45
p000889,r0010,13,2.6000000000000001,0.20000000000000001,-87.755720038320263,66.817932242826132,36.353201786596856,26,40005,45
p000890,r0021,20,2.6000000000000001,0.52000000000000002,-60.716774234162074,59.668186476258398,-3.3819930931602515,26,40050,45
p000891,r0001,29,2.1499999999999999,0.52000000000000002,-60.042018106191932,60.26758330680984,-2.7434094279510832,26,40095,45
p000892,r0011,8,3.5,0.52000000000000002,-59.944732743177177,60.381303794664881,-1.7382352050129939,30,40140,45
p000893,r0028,29,4.8499999999999996,0.20000000000000001,-60.821583468415533,60.35639253296771,36.570797332691065,40,40185,45
p000894,r0023,13,3.5,0.20000000000000001,-59.614721129291794,60.566346585738572,36.980133042732504,39,40230,45
p000895,r0005,8,3.0499999999999998,0.20000000000000001,-72.195310017483749,63.321950774876143,35.768498616404159,29,40275,45
p000896,r0008,29,3.0499999999999998,0.20000000000000001,-81.68756576753232,65.621176322693842,35.709427904648606,26,40320,45
p000897,r0021,13,5.2999999999999998,0.52000000000000002,-59.974115163506532,60.581201705940678,-2.5575630661718707,40,40365,45
p000898,r0009,8,3.9500000000000002,0.52000000000000002,-60.13021387184908,60.337133721592508,-2.7558870269971196,37,40410,45
p000899,r0021,13,2.6000000000000001,0.20000000000000001,-59.387650204063505,59.636423837515252,36.281609029199501,26,40455,45
p000900,r0019,13,4.8499999999999996,0.20000000000000001,-59.71135863970548,60.310460784590802,36.756096899731546,40,40500,45
p000901,r0015,8,2.6000000000000001,0.52000000000000002,-59.608269587058494,60.36922439643407,-1.5690724749820675,26,40545,45
p000902,r0013,20,2.6000000000000001,0.83999999999999997,-59.938952999542963,59.816353311589708,-41.228103989761735,26,40590,45
p000903,r0005,13,5.2999999999999998,0.52000000000000002,-59.921116569725839,59.73269231375545,-2.0372883056548217,40,40635,45
p000904,r0023,29,3.9500000000000002,0.20000000000000001,-76.683671147674445,63.811848159590056,35.26274429813715,40,40680,45
p000905,r0014,13,3.0499999999999998,0.52000000000000002,-59.865010078904426,59.462777919343814,-2.137671839745269,26,40725,45
p000906,r0023,29,1.7,0.83999999999999997,-66.249688977972284,92.502362547460876,-40.399360733902981,26,40770,45
p000907,r0015,29,4.4000000000000004,0.52000000000000002,-60.55570594311483,59.443116526875656,-3.406271157519396,40,40815,45
p000908,r0014,8,4.8499999999999996,0.52000000000000002,-59.86416349335132,60.313603898090442,-2.6288351454592744,40,40860,45
p000909,r0006,29,3.9500000000000002,0.20000000000000001,-60.244348338171328,59.955956708360986,36.365895699054519,40,40905,45
p000910,r0011,8,2.1499999999999999,0.83999999999999997,-60.269787630699767,59.857420197290985,-41.499434378221245,26,40950,45
p000911,r0004,29,1.7,0.52000000000000002,-59.482200297255879,59.473623663041586,-1.9334047963131014,26,40995,45
p000912,r0025,29,3.5,0.83999999999999997,-62.417415278257877,71.896029409051835,-41.377264128288317,26,41040,45
p000913,r0022,29,3.9500000000000002,0.83999999999999997,-64.516297771008126,85.522682791862309,-40.960060880948873,40,41085,45
p000914,r0023,13,3.0499999999999998,0.20000000000000001,-100.67516492113661,69.933133872149853,36.261474113492561,28,41130,45
p000915,r0020,29,3.0499999999999998,0.52000000000000002,-59.942216876531369,60.460271789957524,-1.6990223166167013,26,41175,45
p000916,r0005,13,3.9500000000000002,0.20000000000000001,-68.104192728887327,61.668198518150902,35.263720268743256,40,41220,45
p000917,r0002,8,3.5,0.83999999999999997,-69.530720502378117,107.33774646089742,-40.78176578825402,28,41265,45
p000918,r0006,13,3.9500000000000002,0.83999999999999997,-63.758456855707088,80.785026107807084,-40.181499581544813,37,41310,45
p000919,r0000,8,3.9500000000000002,0.83999999999999997,-80.13779467300364,160.35333735476055,-41.209213548561351,35,41355,45
p000920,r0021,20,2.1499999999999999,0.52000000000000002,-60.495838520918149,59.77768285424218,-3.2145482608411955,26,41400,45
p000921,r0003,29,2.1499999999999999,0.83999999999999997,-60.143109276500027,59.183566174934143,-40.600841204270552,26,41445,45
p000922,r0029,29,1.7,0.20000000000000001,-59.711068128154743,59.399820151073719,36.027642495228029,26,41490,45
p000923,r0026,13,3.0499999999999998,0.52000000000000002,-59.804068048364606,60.349468147887158,-2.5803706741637642,26,41535,45
p000924,r0012,29,3.9500000000000002,0.83999999999999997,-59.850689134233377,60.224867799330681,-40.188600024863121,40,41580,45
p000925,r0014,29,2.1499999999999999,0.20000000000000001,-60.197591419615001,60.26706042842158,36.624130058814266,26,41625,45
p000926,r0024,20,1.7,0.20000000000000001,-76.163567864304625,64.209652124518428,35.685008126753814,26,41670,45
p000927,r0010,20,3.5,0.52000000000000002,-60.177867430057653,60.140443485025806,-2.875078190817594,26,41715,45
p000928,r0014,20,2.6000000000000001,0.20000000000000001,-60.292353733668556,59.460656794033397,35.060054688493004,26,41760,45
p000929,r0025,8,3.9500000000000002,0.20000000000000001,-59.711607854149271,60.548147000579426,36.046196029633684,40,41805,45
p000930,r0021,20,2.1499999999999999,0.20000000000000001,-59.848960726103194,60.114743667169741,35.672002788515151,26,41850,45
p000931,r0017,8,2.1499999999999999,0.20000000000000001,-59.667125244545971,59.673363233203432,35.355265537653551,26,41895,45
p000932,r0011,29,3.5,0.83999999999999997,-62.838365530489277,73.153516128490452,-40.629664465052514,26,41940,45
p000933,r0015,20,3.0499999999999998,0.83999999999999997,-70.101855641926505,112.21544777014273,-40.48108709599542,26,41985,45
p000934,r0013,13,2.6000000000000001,0.20000000000000001,-93.983988982881797,67.928153715182717,35.095725175569811,26,42030,45
p000935,r0025,13,4.4000000000000004,0.52000000000000002,-60.148850630170884,59.867248130284068,-2.9911232251525108,40,42075,45
p000936,r0025,29,2.6000000000000001,0.83999999999999997,-73.131892493304889,128.29329965093325,-41.353861750226784,26,42120,45
p000937,r0000,13,3.5,0.20000000000000001,-60.259777329611161,59.783419307077573,35.324779979739823,39,42165,45
p000938,r0004,13,5.2999999999999998,0.83999999999999997,-59.75579363988998,59.65950579671614,-41.099345730033001,40,42210,45
p000939,r0022,13,5.2999999999999998,0.52000000000000002,-60.031790676375877,59.743007830928505,-2.0898873928697723,40,42255,45
p000940,r0016,8,4.4000000000000004,0.20000000000000001,-59.588673327323818,60.010573854537427,36.540724418165183,40,42300,45
p000941,r0001,13,2.6000000000000001,0.52000000000000002,-60.314876403582986,60.018622648197606,-3.0047968587283025,26,42345,45
p000942,r0029,29,3.0499999999999998,0.83999999999999997,-60.277752850589437,60.4318514916705,-41.414216155827845,26,42390,45
p000943,r0011,20,2.6000000000000001,0.83999999999999997,-68.636223411922799,103.21888968221121,-41.58940531686136,26,42435,45
p000944,r0018,20,3.0499999999999998,0.20000000000000001,-59.914433510572394,60.004983836487369,36.471100367075422,26,42480,45
p000945,r0016,20,3.0499999999999998,0.52000000000000002,-59.419155437296716,60.462919291670367,-2.3257595673925211,26,42525,45
p000946,r0012,8,2.1499999999999999,0.52000000000000002,-60.102559337329247,60.417679581410177,-2.7028446563343254,26,42570,45
p000947,r0012,29,3.5,0.20000000000000001,-62.051670830840656,60.532475335582824,36.46564610229813,40,42615,45
p000948,r0010,13,4.8499999999999996,0.83999999999999997,-72.022018699338346,123.34745073734535,-40.312903589468945,40,42660,45
p000949,r0008,20,5.2999999999999998,0.83999999999999997,-65.412002385748139,87.834725859625536,-41.342525866488344,40,42705,45
p000950,r0004,20,1.7,0.83999999999999997,-62.510871590988252,72.612811298377324,-41.341082328689751,26,42750,45
p000951,r0021,20,4.4000000000000004,0.20000000000000001,-117.99570586733388,74.744471718197644,35.746436201091335,40,42795,45
p000952,r0012,13,1.7,0.83999999999999997,-67.194184903689944,94.965924347506785,-41.69856742349846,26,42840,45
p000953,r0027,29,3.5,0.83999999999999997,-61.556317244444379,69.311148289593319,-40.167522758998345,26,42885,45
p000954,r0026,20,3.9500000000000002,0.52000000000000002,-59.66214464809395,60.036506559930864,-2.6567920682420381,40,42930,45
p000955,r0013,8,5.2999999999999998,0.20000000000000001,-59.468796692629141,60.347409320148557,35.934168117593018,40,42975,45
p000956,r0010,20,4.8499999999999996,0.83999999999999997,-63.696729778731864,78.174012249191463,-41.447411054264123,40,43020,45
p000957,r0018,20,5.2999999999999998,0.83999999999999997,-65.310969465220126,85.530856635287662,-41.626277289138869,40,43065,45
p000958,r0005,29,3.0499999999999998,0.52000000000000002,-59.671684793491472,60.621550874999379,-1.4809316726158628,26,43110,45
p000959,r0002,20,1.7,0.83999999999999997,-65.759746479401969,94.223796911686549,-39.712379536827811,26,43155,45
p000960,r0006,13,5.2999999999999998,0.20000000000000001,-72.646286644488825,63.032399456327497,35.446662236164229,40,43200,45
p000961,r0029,20,2.1499999999999999,0.52000000000000002,-60.167008771613553,60.122746164847428,-2.8779264021122843,26,43245,45
p000962,r0009,13,4.8499999999999996,0.20000000000000001,-59.717855490603483,59.757217025501298,36.312202522280344,40,43290,45
p000963,r0019,8,4.8499999999999996,0.83999999999999997,-64.423654947509419,83.058993081387598,-40.376431262885887,40,43335,45
p000964,r0011,20,4.4000000000000004,0.20000000000000001,-59.503725163306427,59.645061180579134,36.265303911802022,40,43380,45
p000965,r0023,13,1.7,0.52000000000000002,-59.767145948233825,59.723036347970115,-2.8618584460559378,26,43425,45
p000966,r0011,20,3.5,0.52000000000000002,-60.123074182293223,59.769528754261373,-2.1246247727470218,27,43470,45
p000967,r0025,29,4.4000000000000004,0.52000000000000002,-59.970785669910434,59.900015186202616,-2.88280125897617,40,43515,45
p000968,r0014,29,4.4000000000000004,0.20000000000000001,-60.697324558072644,59.524787030237199,35.030364712575228,40,43560,45
p000969,r0005,8,4.8499999999999996,0.83999999999999997,-71.721137376593333,125.075216984847,-39.783720678762862,40,43605,45
p000970,r0011,29,2.6000000000000001,0.52000000000000002,-59.770818886661054,60.061789789963875,-2.7011667218810915,26,43650,45
p000971,r0018,29,4.4000000000000004,0.83999999999999997,-62.694313979342624,74.99271743942893,-41.114388952339155,40,43695,45
p000972,r0025,20,3.0499999999999998,0.52000000000000002,-59.832516837457604,59.334031485977036,-2.1825736422089816,26,43740,45
p000973,r0017,29,3.0499999999999998,0.52000000000000002,-60.235366668364463,59.77702917411888,-2.1794166639724635,26,43785,45
p000974,r0017,8,3.0499999999999998,0.20000000000000001,-81.92664101020587,65.624134248648673,36.563979196877767,29,43830,45
p000975,r0005,8,4.8499999999999996,0.20000000000000001,-59.493957705738787,60.080718507068525,35.71578326450706,40,43875,45
p000976,r0016,29,4.4000000000000004,0.83999999999999997,-77.425554929641862,151.76281023251195,-40.305416503697231,40,43920,45
p000977,r0018,8,3.0499999999999998,0.83999999999999997,-64.69983578102034,89.30687354909162,-39.608762288202414,26,43965,45
p000978,r0008,29,3.9500000000000002,0.20000000000000001,-66.539724483029119,61.199452687793709,36.101617253629144,40,44010,45
p000979,r0025,8,2.6000000000000001,0.52000000000000002,-60.045084550861816,60.256063439016543,-1.8505335157202041,26,44055,45
p000980,r0008,8,5.2999999999999998,0.20000000000000001,-60.022518900451431,59.73692935956128,35.335039707558735,40,44100,45
p000981,r0005,20,4.8499999999999996,0.83999999999999997,-67.813075570556578,102.15833747541623,-41.067649483200924,40,44145,45
p000982,r0012,13,2.1499999999999999,0.52000000000000002,-60.200302314292088,59.814571113008938,-3.0431630691875968,26,44190,45
p000983,r0016,29,4.8499999999999996,0.83999999999999997,-68.482557333755523,102.81184202605331,-40.625453436186106,40,44235,45
p000984,r0023,13,5.2999999999999998,0.20000000000000001,-90.44264587656707,67.619192814359209,36.456825076173956,40,44280,45
p000985,r0009,8,4.8499999999999996,0.52000000000000002,-60.360787833319797,60.31327642372856,-2.8872369899365866,40,44325,45
p000986,r0025,29,3.9500000000000002,0.83999999999999997,-60.349627123104824,62.325774035445178,-40.271562937736817,40,44370,45
p000987,r0021,8,5.2999999999999998,0.83999999999999997,-68.401239058471162,104.2626784599984,-40.325012255516029,40,44415,45
p000988,r0019,13,4.4000000000000004,0.20000000000000001,-92.737845765259692,68.010953361847371,35.411193536425948,40,44460,45
p000989,r0024,13,3.0499999999999998,0.52000000000000002,-60.054062273709214,59.964538033513101,-2.8951341262425077,26,44505,45
p000990,r0006,8,4.4000000000000004,0.83999999999999997,-59.17235607464977,59.698812229650457,-39.702969145961731,39,44550,45
p000991,r0006,13,1.7,0.52000000000000002,-60.110802704374244,59.395471172323731,-3.1977912435592204,26,44595,45
p000992,r0005,8,4.4000000000000004,0.52000000000000002,-60.140613051427067,59.93408678477148,-2.9547571300517648,40,44640,45
p000993,r0000,20,2.1499999999999999,0.20000000000000001,-59.822104995221025,60.545580761237147,36.022043609945513,26,44685,45
p000994,r0001,29,1.7,0.52000000000000002,-60.062168967190956,60.2098206924951,-1.8816139305416499,26,44730,45
p000995,r0014,8,3.9500000000000002,0.83999999999999997,-60.061584832013978,59.250552987713021,-40.521642780857647,35,44775,45
p000996,r0004,8,4.8499999999999996,0.83999999999999997,-71.623203779300837,121.72172136702105,-41.138015755889327,40,44820,45
p000997,r0014,29,4.8499999999999996,0.83999999999999997,-65.014206563276687,81.954095865414942,-41.049278174686023,40,44865,45
p000998,r0006,20,3.0499999999999998,0.52000000000000002,-59.93877955614294,59.661024937937093,-2.0808733989845249,26,44910,45
p000999,r0028,8,3.0499999999999998,0.52000000000000002,-60.096228009127813,59.95801280998252,-2.9201924159548556,26,44955,45
p001000,r0027,29,3.9500000000000002,0.52000000000000002,-60.419032020095941,59.802743564692591,-3.1625797393974482,40,45000,45
p001001,r0014,29,3.5,0.20000000000000001,-59.498701706071309,59.992000217088766,36.543859832456754,40,45045,45
p001002,r0002,29,3.9500000000000002,0.52000000000000002,-60.456974487817604,59.478582804060281,-2.4379069877162207,40,45090,45
p001003,r0016,29,3.0499999999999998,0.20000000000000001,-69.370615407038954,61.694357710567139,35.931363087045924,26,45135,45
p001004,r0003,8,2.1499999999999999,0.52000000000000002,-60.18057444684144,60.014316732338521,-2.0370266808350577,26,45180,45
p001005,r0028,29,2.6000000000000001,0.83999999999999997,-60.882018225685933,66.765202091068943,-40.90846297500515,26,45225,45
p001006,r0013,8,3.9500000000000002,0.52000000000000002,-60.6004609890201,60.293935912183379,-2.1211504764424332,36,45270,45
p001007,r0004,29,2.1499999999999999,0.83999999999999997,-60.448188756290271,65.542695288559258,-39.839647309114341,26,45315,45
p001008,r0008,20,3.0499999999999998,0.52000000000000002,-60.301172772911073,59.996681577914799,-3.0082026845146546,26,45360,45
p001009,r0024,13,4.4000000000000004,0.52000000000000002,-60.492812581484777,59.791921655153168,-3.2061401478985632,40,45405,45
p001010,r0009,8,4.4000000000000004,0.83999999999999997,-68.210108687734703,101.87599758465024,-41.446331684153122,39,45450,45
p001011,r0029,29,2.1499999999999999,0.52000000000000002,-60.038894853761583,59.99363057904548,-1.9732826460141937,26,45495,45
p001012,r0017,29,3.0499999999999998,0.20000000000000001,-59.305340673363958,60.004846497676766,36.592809063468621,26,45540,45
p001013,r0009,8,3.5,0.83999999999999997,-70.17563185131138,114.75719463901966,-41.036379612858411,28,45585,45
p001014,r0029,13,1.7,0.20000000000000001,-82.502140299903203,66.04670512380514,36.786936039063477,26,45630,45
p001015,r0011,20,2.6000000000000001,0.52000000000000002,-59.438734856497021,60.558235624465951,-1.3901890256347997,26,45675,45
p001016,r0028,20,4.4000000000000004,0.83999999999999997,-71.943933288995552,123.00491313208458,-40.302117861622719,40,45720,45
p001017,r0007,29,2.6000000000000001,0.52000000000000002,-59.98164846479164,59.418737672295869,-2.2194631189896397,26,45765,45
p001018,r0022,8,3.0499999999999998,0.52000000000000002,-59.771210958201785,60.383751350514778,-2.5468290500178385,26,45810,45
p001019,r0016,20,3.0499999999999998,0.83999999999999997,-64.880635674700841,85.645330028751999,-41.246481162148385,26,45855,45
p001020,r0020,8,3.5,0.52000000000000002,-60.512672053776839,60.703620358983557,-1.8788516956518493,29,45900,45
p001021,r0017,13,3.0499999999999998,0.83999999999999997,-60.480878937647688,61.372804715537733,-40.534289553138002,26,45945,45
p001022,r0010,20,3.0499999999999998,0.52000000000000002,-60.064448151503861,60.188507364783497,-2.7930295036859336,26,45990,45
p001023,r0024,13,3.9500000000000002,0.83999999999999997,-60.135408447453401,59.731327538133243,-41.406730689759542,37,46035,45
p001024,r0020,20,3.5,0.20000000000000001,-100.52918053803998,70.821387604596765,36.101273976069415,40,46080,45
p001025,r0029,29,3.9500000000000002,0.83999999999999997,-60.755753014259824,60.483838030723717,-40.907418447062454,40,46125,45
p001026,r0020,13,2.1499999999999999,0.20000000000000001,-59.487585688470254,60.027544496895409,36.574518459822279,26,46170,45
p001027,r0008,8,4.4000000000000004,0.20000000000000001,-60.387109363251938,60.345958204460857,35.749344690918292,40,46215,45
p001028,r0017,20,2.6000000000000001,0.20000000000000001,-67.064459025942966,61.530743322304104,35.361702852654687,26,46260,45
p001029,r0003,8,5.2999999999999998,0.52000000000000002,-60.274517389858389,59.955971605883477,-3.0138826719022989,40,46305,45
p001030,r0012,20,2.6000000000000001,0.52000000000000002,-59.587826673263088,60.488019945979637,-2.4014202960265836,26,46350,45
p001031,r0009,20,4.8499999999999996,0.83999999999999997,-66.222417621433465,91.335324646358771,-41.463178858586716,40,46395,45
p001032,r0001,13,1.7,0.20000000000000001,-59.968748825550811,59.756457222374294,36.261416012789276,26,46440,45
p001033,r0006,20,3.5,0.83999999999999997,-62.103827400059579,73.741421672148931,-40.818587548506216,26,46485,45
p001034,r0002,8,4.4000000000000004,0.83999999999999997,-60.472838687702428,60.032318676420914,-41.642013509442691,39,46530,45
p001035,r0014,13,3.5,0.20000000000000001,-91.548450090515203,68.039582464695414,35.671975953653288,39,46575,45
p001036,r0005,20,3.5,0.52000000000000002,-60.728575619962427,60.505256571832476,-2.0863361679008774,26,46620,45
p001037,r0020,13,3.9500000000000002,0.52000000000000002,-59.661010082610794,60.111983887499939,-2.6199729769576452,39,46665,45
p001038,r0001,20,3.5,0.83999999999999997,-64.767561598447813,85.493707309181247,-40.275758573227165,26,46710,45
p001039,r0012,20,3.5,0.83999999999999997,-60.01358118967191,59.989556779574436,-41.263079114592493,26,46755,45
p001040,r0005,13,4.8499999999999996,0.83999999999999997,-63.373503385455138,78.333394606824811,-41.150399706690351,40,46800,45
p001041,r0004,29,4.8499999999999996,0.83999999999999997,-60.341189828027439,63.532587371134952,-40.071385476161453,40,46845,45
p001042,r0017,13,3.0499999999999998,0.20000000000000001,-60.531310944360094,59.535890762107847,35.972450420814262,27,46890,45
p001043,r0003,29,4.4000000000000004,0.20000000000000001,-108.34221203081998,71.829214186147439,36.244928942753958,40,46935,45
p001044,r0020,20,3.9500000000000002,0.83999999999999997,-63.163208612804354,77.334925764746302,-41.133507112396245,39,46980,45
p001045,r0023,8,5.2999999999999998,0.83999999999999997,-59.98180805526092,60.564115395167747,-40.244460303192326,40,47025,45
p001046,r0010,29,4.8499999999999996,0.52000000000000002,-59.641500141450024,60.467430616389322,-1.5392133776871433,40,47070,45
p001047,r0007,13,5.2999999999999998,0.52000000000000002,-60.026201739848403,59.979532493704795,-1.973449307742871,40,47115,45
p001048,r0029,8,4.4000000000000004,0.52000000000000002,-60.300185790846363,59.556350811591535,-3.2190482216761724,40,47160,45
p001049,r0018,13,2.6000000000000001,0.20000000000000001,-59.679126376957143,59.627995220855496,35.316570901292963,26,47205,45
p001050,r0018,29,3.9500000000000002,0.20000000000000001,-59.782083479733757,59.390291545427488,35.105816540395239,40,47250,45
p001051,r0023,8,4.4000000000000004,0.83999999999999997,-68.867579865472834,108.537117934802,-40.932828217428863,39,47295,45
p001052,r0002,8,4.4000000000000004,0.20000000000000001,-59.779554425088051,60.067491648206513,35.6480824335476,40,47340,45
p001053,r0005,20,2.6000000000000001,0.83999999999999997,-61.682494918792919,67.799128856817561,-40.515435114695237,26,47385,45
p001054,r0028,29,3.0499999999999998,0.52000000000000002,-60.083096553929359,59.87931137993214,-2.0511407456758404,26,47430,45
p001055,r0023,29,2.6000000000000001,0.83999999999999997,-59.99102786956928,59.405451399428081,-40.437591186529694,26,47475,45
p001056,r0000,29,2.1499999999999999,0.52000000000000002,-59.756684682703103,60.023384633685076,-2.7122514108367826,26,47520,45
p001057,r0005,8,2.6000000000000001,0.20000000000000001,-60.879720374066153,60.473570315827899,35.752912177849083,26,47565,45
p001058,r0009,13,2.1499999999999999,0.52000000000000002,-59.292073866770899,60.519365329424566,-2.232583052597076,26,47610,45
p001059,r0002,13,1.7,0.83999999999999997,-61.012440424475457,61.709958690009934,-40.926856566157788,26,47655,45
p001060,r0003,20,3.0499999999999998,0.20000000000000001,-96.745985133535996,68.942937372886362,36.255152871601894,26,47700,45
p001061,r0009,13,4.8499999999999996,0.52000000000000002,-60.28014410854405,59.729469320041318,-3.125529662823074,40,47745,45
p001062,r0025,13,3.9500000000000002,0.83999999999999997,-60.059884737621182,59.51615801848105,-41.377717896644825,37,47790,45
p001063,r0002,29,3.5,0.52000000000000002,-60.164675552747106,60.152501342137491,-1.9624306432025052,26,47835,45
p001064,r0019,13,2.1499999999999999,0.83999999999999997,-60.808189715416887,65.795316046971635,-40.101628793434713,26,47880,45
p001065,r0015,20,2.6000000000000001,0.83999999999999997,-66.429326582176955,93.304616938906719,-40.421895618803561,26,47925,45
p001066,r0019,20,3.0499999999999998,0.83999999999999997,-63.391337839997377,79.812205257766919,-40.028770944355074,26,47970,45
p001067,r0003,29,1.7,0.83999999999999997,-60.463167319401649,59.824871274634702,-40.767081144355828,26,48015,45
p001068,r0008,8,2.6000000000000001,0.52000000000000002,-60.535837658318421,60.335503201187343,-2.967594045755658,26,48060,45
p001069,r0014,8,3.0499999999999998,0.83999999999999997,-59.763463616303525,59.761851235252585,-41.089413240054547,26,48105,45
p001070,r0017,8,3.9500000000000002,0.83999999999999997,-68.760358228487036,104.2980215297822,-41.521017467163958,35,48150,45
p001071,r0025,13,4.8499999999999996,0.20000000000000001,-60.748441759902562,59.766110571884759,36.113200105527298,40,48195,45
p001072,r0015,8,2.1499999999999999,0.20000000000000001,-124.20189118027943,76.957013222936638,37.175232342293427,26,48240,45
p001073,r0025,20,4.8499999999999996,0.52000000000000002,-59.945616366821106,59.529496777722507,-2.1475620574401715,40,48285,45
p001074,r0027,13,2.6000000000000001,0.52000000000000002,-59.644358414853251,59.789148886554536,-2.7662749101775121,26,48330,45
p001075,r0001,8,4.4000000000000004,0.52000000000000002,-60.098101001254115,59.568913099285787,-2.2079342329949609,40,48375,45
p001076,r0014,8,4.4000000000000004,0.20000000000000001,-85.604876541339848,66.821731644978854,36.786410007715119,40,48420,45
p001077,r0003,13,3.5,0.52000000000000002,-59.825212705334295,60.088199781304979,-2.716774711747445,28,48465,45
p001078,r0018,13,2.1499999999999999,0.83999999999999997,-64.792100243105267,84.96309519471464,-41.281268973054082,26,48510,45
p001079,r0018,29,2.1499999999999999,0.52000000000000002,-60.112104498712348,60.317136622921417,-1.8560687603281452,26,48555,45
p001080,r0001,13,3.0499999999999998,0.52000000000000002,-60.407198959527086,59.942181108501551,-3.0894965268733445,26,48600,45
p001081,r0022,8,2.6000000000000001,0.52000000000000002,-60.441385198155622,59.570509213437354,-2.3856758805909974,26,48645,45
p001082,r0001,13,2.1499999999999999,0.83999999999999997,-66.318416271685166,90.851863689744391,-41.621171477856436,26,48690,45
p001083,r0028,13,5.2999999999999998,0.20000000000000001,-60.324765283430658,59.759122515413296,36.192344955644501,40,48735,45
p001084,r0012,13,5.2999999999999998,0.83999999999999997,-64.714865410181218,84.364375989237303,-41.312186786274253,40,48780,45
p001085,r0007,20,1.7,0.83999999999999997,-64.015357703066073,78.032207958359351,-40.837747197238016,26,48825,45
p001086,r0002,8,2.6000000000000001,0.52000000000000002,-60.422576833662824,59.801373169151553,-2.2650808323119263,26,48870,45
p001087,r0004,20,4.4000000000000004,0.20000000000000001,-60.153335926914231,60.259903420372467,35.727255550915125,40,48915,45
p001088,r0012,8,3.0499999999999998,0.83999999999999997,-62.135276826914655,72.200157245518298,-41.091607375325381,26,48960,45
p001089,r0012,13,2.6000000000000001,0.20000000000000001,-59.64072283440121,60.218309031019679,35.796502657935498,26,49005,45
p001090,r0015,13,5.2999999999999998,0.20000000000000001,-59.687398955821621,59.68892978099845,35.363664033634436,40,49050,45
p001091,r0008,29,3.9500000000000002,0.52000000000000002,-59.235274211967514,60.040564411200968,-1.5328716728466418,40,49095,45
p001092,r0023,13,3.5,0.52000000000000002,-60.059964589683851,60.214082430182309,-2.7784220201480965,28,49140,45
p001093,r0018,8,4.8499999999999996,0.83999999999999997,-65.669996968604039,91.967532612623856,-39.997992235607569,40,49185,45
p001094,r0026,8,3.9500000000000002,0.20000000000000001,-86.910072238368272,67.044667430982528,36.703719497112374,40,49230,45
p001095,r0007,13,3.9500000000000002,0.52000000000000002,-60.311654754827025,60.335767830538551,-2.8508919138515525,39,49275,45
p001096,r0020,13,3.9500000000000002,0.83999999999999997,-62.978082270200773,75.441387272514234,-40.380967143366362,38,49320,45
p001097,r0018,20,3.9500000000000002,0.20000000000000001,-74.7043452147457,63.775025112460462,35.629151047019221,40,49365,45
p001098,r0029,13,3.9500000000000002,0.83999999999999997,-60.049586214451153,59.427224712040669,-41.383296466212457,36,49410,45
p001099,r0021,29,4.4000000000000004,0.52000000000000002,-59.809232493062893,59.957620290383232,-1.8711431570087556,40,49455,45
p001100,r0029,13,5.2999999999999998,0.52000000000000002,-60.295435085001387,60.613679271888529,-2.7090601936942322,40,49500,45
p001101,r0006,13,3.0499999999999998,0.52000000000000002,-59.752736117727665,60.480547912982928,-1.5907597829865836,26,49545,45
p001102,r0021,20,3.5,0.52000000000000002,-60.198531198301623,59.542274040227284,-2.2729446838077463,26,49590,45
p001103,r0020,29,3.5,0.83999999999999997,-74.572066665273127,135.38033511642487,-41.429682380201442,26,49635,45
p001104,r0002,20,5.2999999999999998,0.52000000000000002,-59.800437398748066,60.97983915093338,-2.275904654900974,40,49680,45
p001105,r0015,8,3.0499999999999998,0.52000000000000002,-59.369821946496671,60.495590045712163,-2.2844241902364333,27,49725,45
p001106,r0009,20,3.5,0.83999999999999997,-61.387916127116171,65.054283578515225,-40.707164174215137,26,49770,45
p001107,r0004,29,3.5,0.52000000000000002,-60.230413093556187,59.751157445765934,-3.0892592346815748,26,49815,45
p001108,r0001,20,4.4000000000000004,0.20000000000000001,-72.213303080328345,63.375586692799928,35.807808738174273,40,49860,45
p001109,r0019,8,5.2999999999999998,0.83999999999999997,-67.584186868850878,100.48952402884659,-41.142393125219286,40,49905,45
p001110,r0012,20,2.6000000000000001,0.83999999999999997,-65.994112218178657,89.583550739681698,-40.651686144920987,26,49950,45
p001111,r0019,20,4.8499999999999996,0.52000000000000002,-60.515082340809116,59.529731786671363,-3.3435715596184865,40,49995,45
p001112,r0014,13,3.9500000000000002,0.52000000000000002,-60.085103833725583,60.190798215411519,-2.8026708501397737,39,50040,45
p001113,r0009,20,4.8499999999999996,0.52000000000000002,-59.851303556196299,60.650705157136954,-1.5603393737963416,40,50085,45
p001114,r0019,29,4.8499999999999996,0.52000000000000002,-60.230047724869117,60.255610109001701,-2.8469319646111275,40,50130,45
p001115,r0011,20,2.1499999999999999,0.52000000000000002,-60.245191752935625,60.317598522532961,-1.9250524207107091,26,50175,45
p001116,r0027,29,1.7,0.52000000000000002,-60.053731411903975,60.454326786649752,-2.6598634765981872,26,50220,45
p001117,r0001,8,3.5,0.20000000000000001,-59.686085240829946,60.156228845908373,36.637766028560705,36,50265,45
p001118,r0015,13,3.9500000000000002,0.83999999999999997,-80.777651454048225,170.23802128029234,-41.065143816553743,37,50310,45
p001119,r0026,20,4.4000000000000004,0.20000000000000001,-72.804407377134282,63.840042836434776,36.96115279372097,40,50355,45
p001120,r0003,8,3.9500000000000002,0.20000000000000001,-89.414898711739852,68.09101650553086,36.139833462076709,40,50400,45
p001121,r0015,13,1.7,0.52000000000000002,-59.540691928695416,59.928598077124185,-1.745432725902009,26,50445,45
p001122,r0006,20,1.7,0.20000000000000001,-59.455543470528099,60.041777560545626,35.692313354330878,26,50490,45
p001123,r0014,13,3.0499999999999998,0.20000000000000001,-59.700038320784174,59.252513843031409,35.012003410268292,28,50535,45
p001124,r0023,20,3.5,0.83999999999999997,-62.80489968778879,74.76509016231023,-41.243701311772952,26,50580,45
p001125,r0025,8,3.9500000000000002,0.83999999999999997,-70.828675704033799,116.79819432145371,-41.258376499955787,35,50625,45
p001126,r0024,20,3.5,0.52000000000000002,-59.822608481683567,60.247960899327389,-2.6387351787983109,26,50670,45
p001127,r0008,13,1.7,0.83999999999999997,-67.005680156842999,94.760036356214968,-41.573165514753697,26,50715,45
p001128,r0019,29,3.9500000000000002,0.83999999999999997,-68.777889348066864,102.33956937770505,-40.949095951943349,40,50760,45
p001129,r0025,20,3.0499999999999998,0.20000000000000001,-60.255364466969873,60.062079183094376,36.448590453081529,26,50805,45
p001130,r0010,13,4.4000000000000004,0.52000000000000002,-59.868833110589414,59.677382437062725,-2.9366496477163908,40,50850,45
p001131,r0017,13,2.6000000000000001,0.20000000000000001,-94.446203689764275,68.77537491257317,36.581059192105684,26,50895,45
p001132,r0029,13,3.5,0.83999999999999997,-59.826810402887446,59.874805080649111,-41.124551925521601,27,50940,45
p001133,r0015,13,3.0499999999999998,0.83999999999999997,-60.068344478382272,63.730222106925808,-40.710573824732975,26,50985,45
p001134,r0017,13,4.4000000000000004,0.52000000000000002,-60.250131504684553,59.817178240418549,-2.1678228270350628,40,51030,45
p001135,r0020,13,4.4000000000000004,0.20000000000000001,-59.689904354807531,59.858998186346021,35.499217678115308,40,51075,45
p001136,r0009,13,2.6000000000000001,0.83999999999999997,-65.766577715560359,92.451536575438496,-40.001679429000561,26,51120,45
p001137,r0007,29,4.4000000000000004,0.20000000000000001,-76.63905464055,64.37394852713895,36.621347893601154,40,51165,45
p001138,r0023,13,4.4000000000000004,0.20000000000000001,-59.827774147660541,59.766410704556428,35.397573734113031,40,51210,45
p001139,r0026,29,1.7,0.20000000000000001,-60.033052885643585,59.73523689184298,36.23157893634567,26,51255,45
p001140,r0018,20,2.6000000000000001,0.83999999999999997,-64.699592916574829,86.455364122958315,-40.064799790249523,26,51300,45
p001141,r0015,8,5.2999999999999998,0.83999999999999997,-60.242111711059891,59.857619712812955,-40.576154683240226,40,51345,45
p001142,r0009,8,3.0499999999999998,0.83999999999999997,-61.257091320878942,67.025868455254084,-40.281817756697649,26,51390,45
p001143,r0001,13,3.5,0.20000000000000001,-60.247195593202321,60.235629974898316,36.589064861278189,39,51435,45
p001144,r0028,20,4.8499999999999996,0.20000000000000001,-121.21972905570586,75.429964287484609,35.650025618846513,40,51480,45
p001145,r0022,8,3.9500000000000002,0.52000000000000002,-59.817925802512299,59.98057913457648,-2.7646434327096872,37,51525,45
p001146,r0005,29,4.4000000000000004,0.52000000000000002,-60.389776777682037,60.203493159819267,-2.0550072076814159,40,51570,45
p001147,r0002,29,2.6000000000000001,0.52000000000000002,-60.612938754481917,60.13142730672395,-2.2056430451031046,26,51615,45
p001148,r0003,13,4.4000000000000004,0.52000000000000002,-59.566577699943394,59.806540895464849,-1.8174807741474368,40,51660,45
p001149,r0014,20,2.1499999999999999,0.83999999999999997,-59.987505946617915,59.827722996364741,-41.267069315740684,26,51705,45
p001150,r0015,8,5.2999999999999998,0.52000000000000002,-60.034833166293851,60.455730987965183,-1.7493623722495173,40,51750,45
p001151,r0011,20,3.0499999999999998,0.52000000000000002,-60.104431502794462,60.109665693059121,-1.9516648487847477,26,51795,45
p001152,r0029,8,3.0499999999999998,0.20000000000000001,-64.103111756418926,60.943211232165538,35.483946634448642,29,51840,45
p001153,r0028,29,4.4000000000000004,0.52000000000000002,-59.607812477015031,59.603953836938729,-1.9361646463172264,40,51885,45
p001154,r0001,29,3.0499999999999998,0.83999999999999997,-68.871899611999368,103.20023757175193,-41.790357662599163,26,51930,45
p001155,r0020,13,5.2999999999999998,0.20000000000000001,-60.463308791222175,60.189481051857626,35.608923083241663,40,51975,45
p001156,r0016,20,3.0499999999999998,0.20000000000000001,-76.987353313223622,64.221118807301991,35.529424383196869,26,52020,45
p001157,r0007,20,5.2999999999999998,0.52000000000000002,-59.983981488513905,60.288081871888238,-1.8033910755208808,40,52065,45
p001158,r0010,8,5.2999999999999998,0.52000000000000002,-60.156405691141089,59.759099962275911,-2.1469629775009293,40,52110,45
p001159,r0020,29,1.7,0.83999999999999997,-64.992851408052204,86.093877430803303,-40.368974793835307,26,52155,45
p001160,r0029,13,3.9500000000000002,0.20000000000000001,-123.88532311141913,76.566876970201008,36.026436953876974,40,52200,45
p001161,r0025,13,5.2999999999999998,0.83999999999999997,-66.703715713586234,93.887144014357347,-41.459178157115261,40,52245,45
p001162,r0024,29,3.5,0.20000000000000001,-59.632754303058057,60.130064376641961,36.62750064070196,40,52290,45
p001163,r0014,13,5.2999999999999998,0.20000000000000001,-60.536866235596577,60.183031159873281,36.489051680779312,40,52335,45
p001164,r0012,13,4.8499999999999996,0.52000000000000002,-59.865172339192647,59.491884656742819,-3.023784981143625,40,52380,45
p001165,r0002,8,3.9500000000000002,0.83999999999999997,-65.46258749964035,84.931688679410058,-40.94950331099227,35,52425,45
p001166,r0000,20,2.1499999999999999,0.83999999999999997,-69.192685838757839,106.21658489085513,-41.577202522019761,26,52470,45
p001167,r0011,29,2.1499999999999999,0.52000000000000002,-60.436670322376891,59.805475127351023,-2.2704405065074935,26,52515,45
p001168,r0024,20,3.0499999999999998,0.52000000000000002,-59.979676991264434,59.49354848710049,-2.1825287616492686,26,52560,45
p001169,r0013,13,3.5,0.20000000000000001,-59.518280565421442,60.122220574366985,35.744120346409296,39,52605,45
p001170,r0026,8,4.8499999999999996,0.52000000000000002,-59.589068912965601,60.164956074623504,-2.5571369189228337,40,52650,45
p001171,r0025,8,4.4000000000000004,0.83999999999999997,-71.871401134082262,121.71926662396916,-40.446894292794028,39,52695,45
p001172,r0007,29,1.7,0.52000000000000002,-60.297129399936466,59.876327901939078,-3.06386989503621,26,52740,45
p001173,r0024,20,2.1499999999999999,0.20000000000000001,-59.938041577755826,60.060563089004361,35.610842155652321,26,52785,45
p001174,r0020,20,2.6000000000000001,0.52000000000000002,-60.33575594211456,60.009460041191744,-3.0200522701275334,26,52830,45
p001175,r0029,20,3.9500000000000002,0.52000000000000002,-60.073091962987966,60.810490558846375,-1.5989723525074837,40,52875,45
p001176,r0016,13,4.4000000000000004,0.52000000000000002,-60.436997120967604,59.883655535575414,-2.2330838458269566,40,52920,45
p001177,r0025,13,2.6000000000000001,0.83999999999999997,-60.971857565737324,66.125374043823314,-40.186300508207609,26,52965,45
p001178,r0011,29,3.9500000000000002,0.20000000000000001,-60.337534032157706,60.12000903506847,35.578500421623232,40,53010,45
p001179,r0021,29,3.0499999999999998,0.83999999999999997,-61.874367043458065,69.177273411013886,-40.456104570742554,26,53055,45
p001180,r0002,13,3.0499999999999998,0.20000000000000001,-60.458701598622262,59.806934079468832,36.203806943850616,27,53100,45
p001181,r0013,29,3.0499999999999998,0.52000000000000002,-60.101320846281261,59.862213795495101,-2.0688242182286087,26,53145,45
p001182,r0015,8,3.5,0.83999999999999997,-63.309145094842918,78.19902683352646,-41.117837586303821,28,53190,45
p001183,r0006,20,3.9500000000000002,0.52000000000000002,-60.561115728594032,60.375626335539394,-2.9614795378099901,40,53235,45
p001184,r0004,20,3.5,0.52000000000000002,-59.973777368041539,59.957760272562325,-1.9566393005516887,26,53280,45
p001185,r0029,20,3.0499999999999998,0.52000000000000002,-60.052237824291268,59.70232638715018,-3.0200470027993775,26,53325,45
p001186,r0002,20,4.4000000000000004,0.52000000000000002,-59.729111793256877,59.492617273542621,-2.9526818411931233,40,53370,45
p001187,r0024,8,5.2999999999999998,0.20000000000000001,-60.395099492995087,60.219663219945161,36.546710677357112,40,53415,45
p001188,r0001,8,5.2999999999999998,0.52000000000000002,-60.251931254896441,60.11166064754854,-2.0274071417228496,40,53460,45
p001189,r0012,8,2.6000000000000001,0.83999999999999997,-59.804604060522635,59.745845151634462,-40.226532186577494,26,53505,45
p001190,r0001,20,1.7,0.20000000000000001,-59.882497065466325,60.136604729840251,36.582784370778938,26,53550,45
p001191,r0004,8,5.2999999999999998,0.20000000000000001,-78.438528604663915,64.526893865300025,36.383809371307237,40,53595,45
p001192,r0024,8,5.2999999999999998,0.52000000000000002,-60.399588785669181,60.355124029522784,-2.887326634377037,40,53640,45
p001193,r0021,29,2.6000000000000001,0.52000000000000002,-60.642422756215915,60.596241839960889,-1.9978637500510488,26,53685,45
p001194,r0029,29,3.9500000000000002,0.20000000000000001,-60.596285946832381,59.548043808506961,35.969177857439092,40,53730,45
p001195,r0028,13,4.8499999999999996,0.20000000000000001,-60.063707966921811,59.937024698156293,36.386878165140672,40,53775,45
p001196,r0001,29,3.9500000000000002,0.52000000000000002,-60.342998374589307,59.879641157429667,-3.0861313992202044,40,53820,45
p001197,r0012,13,2.6000000000000001,0.83999999999999997,-59.158847440013879,60.44291846194043,-40.47256489570119,26,53865,45
p001198,r0017,13,3.9500000000000002,0.20000000000000001,-73.869931525325342,63.451567895405724,35.537268011259506,40,53910,45
p001199,r0014,13,3.9500000000000002,0.83999999999999997,-66.393267741137706,94.641955501296195,-40.177632022348277,35,53955,45
p001200,r0027,13,2.1499999999999999,0.83999999999999997,-70.443164095218535,114.04602360101265,-40.474894063821537,26,54000,45
p001201,r0012,20,1.7,0.52000000000000002,-60.429695253422302,60.280186161093162,-2.03895217445488,26,54045,45
p001202,r0004,13,4.8499999999999996,0.52000000000000002,-59.897911160486672,59.398723993462397,-2.1855262865911227,40,54090,45
p001203,r0024,20,3.5,0.83999999999999997,-63.676150933540853,79.597146223484486,-40.302423388416798,26,54135,45
p001204,r0026,13,5.2999999999999998,0.20000000000000001,-79.703200617319837,64.770370061594178,35.42565592581137,40,54180,45
p001205,r0026,13,1.7,0.83999999999999997,-60.118102822157503,60.551528861026767,-40.360961752848013,26,54225,45
p001206,r0001,20,3.9500000000000002,0.83999999999999997,-68.183387788609622,102.7625643111726,-41.282035452644465,39,54270,45
p001207,r0015,29,3.9500000000000002,0.20000000000000001,-79.731291864767911,65.167027651343489,35.737363748121204,40,54315,45
p001208,r0025,20,3.0499999999999998,0.83999999999999997,-63.555321763878553,77.621211242402438,-40.517076482873577,26,54360,45
p001209,r0023,8,3.0499999999999998,0.52000000000000002,-59.613306641263591,59.688690429196896,-2.7983480474425564,27,54405,45
p001210,r0011,29,2.6000000000000001,0.83999999999999997,-64.378574303656123,82.947399043614766,-40.356418568092778,26,54450,45
p001211,r0029,20,1.7,0.83999999999999997,-60.255429484968914,60.980085644802536,-40.407747064205473,26,54495,45
p001212,r0016,20,5.2999999999999998,0.20000000000000001,-89.669641283368875,67.760461350344059,36.724440823601476,40,54540,45
p001213,r0020,8,4.4000000000000004,0.52000000000000002,-60.157856705724896,59.699633594190871,-3.0762613617653303,40,54585,45
p001214,r0020,29,2.6000000000000001,0.83999999999999997,-63.77550801138473,77.160968734060049,-41.675671732113571,26,54630,45
p001215,r0025,20,3.9500000000000002,0.20000000000000001,-60.336366869230538,59.231206653607693,34.867691949040044,40,54675,45
p001216,r0028,20,3.5,0.20000000000000001,-75.233765723553859,63.803296590289975,35.545884127521205,40,54720,45
p001217,r0003,8,5.2999999999999998,0.20000000000000001,-60.03082565552652,60.399108208103492,35.863121435377487,40,54765,45
p001218,r0016,13,5.2999999999999998,0.52000000000000002,-59.836448072390205,59.924260853241258,-1.9013077880871052,40,54810,45
p001219,r0021,8,5.2999999999999998,0.52000000000000002,-59.763084357828326,60.090573818884558,-2.6833284330061433,40,54855,45
p001220,r0021,29,2.1499999999999999,0.20000000000000001,-59.870693478854342,60.471849302702978,35.953340746391511,26,54900,45
p001221,r0023,29,1.7,0.52000000000000002,-60.330514584289787,60.271469980474237,-1.9915619932030595,26,54945,45
p001222,r0006,29,2.6000000000000001,0.83999999999999997,-71.87043421226457,123.33259927035323,-41.087948855045724,26,54990,45
p001223,r0008,29,3.0499999999999998,0.83999999999999997,-66.308873350060239,93.05364837014892,-41.260869874826753,26,55035,45
p001224,r0008,13,4.8499999999999996,0.52000000000000002,-59.929161323525243,60.026263870663293,-1.9005572303147489,40,55080,45
p001225,r0014,8,3.0499999999999998,0.20000000000000001,-73.363293402273001,63.596069673050643,35.754197057985913,29,55125,45
p001226,r0003,13,3.9500000000000002,0.52000000000000002,-59.620505934358604,60.375605840877796,-1.5723722822451365,39,55170,45
p001227,r0027,20,2.1499999999999999,0.83999999999999997,-59.769929505955773,58.961889838114651,-40.322838410904502,26,55215,45
p001228,r0024,29,4.4000000000000004,0.20000000000000001,-60.233134688166245,58.766789586135175,35.416804731274894,40,55260,45
p001229,r0029,13,3.5,0.20000000000000001,-105.49066318355391,71.099495833689971,35.331464030241193,39,55305,45
p001230,r0021,29,3.0499999999999998,0.52000000000000002,-60.253724516696195,60.938614636366395,-2.5314017232261508,26,55350,45
p001231,r0026,8,2.1499999999999999,0.52000000000000002,-59.36659323112913,59.950784000342068,-1.644252160022954,26,55395,45
p001232,r0006,8,2.1499999999999999,0.83999999999999997,-61.717640071033159,69.286174204608344,-40.307029786930514,26,55440,45
p001233,r0024,20,2.6000000000000001,0.83999999999999997,-65.704408004600481,89.924619881144224,-41.253763542881316,26,55485,45
p001234,r0020,8,2.6000000000000001,0.20000000000000001,-59.181268542032996,60.367476940458744,36.007727843960396,26,55530,45
p001235,r0029,13,4.4000000000000004,0.20000000000000001,-71.810461523152213,63.023855609836097,36.506992183238438,40,55575,45
p001236,r0003,13,1.7,0.83999999999999997,-60.196014955582704,60.300157162507304,-40.466627416688297,26,55620,45
p001237,r0014,13,2.6000000000000001,0.83999999999999997,-60.759830596375238,66.147064194734298,-40.904727429797717,26,55665,45
p001238,r0017,29,1.7,0.83999999999999997,-72.123253137210156,121.58540213407204,-40.679868293805001,26,55710,45
p001239,r0014,20,1.7,0.83999999999999997,-62.380343485376443,72.953154349203146,-41.176983831843714,26,55755,45
p001240,r0006,8,3.5,0.83999999999999997,-69.869646338644614,109.72874723808356,-40.683903366368099,29,55800,45
p001241,r0000,8,3.5,0.20000000000000001,-59.204158607056733,60.157779460728669,36.735391847171591,36,55845,45
p001242,r0010,8,2.6000000000000001,0.52000000000000002,-60.501411200610036,59.808660450855555,-2.3025768079065569,26,55890,45
p001243,r0015,13,1.7,0.83999999999999997,-60.783942975813183,63.834716420808086,-41.294957472353779,26,55935,45
p001244,r0001,13,4.8499999999999996,0.83999999999999997,-74.850189217807383,138.67240459789753,-41.136574207294601,40,55980,45
p001245,r0007,20,1.7,0.52000000000000002,-60.862359875540754,60.485593144989672,-3.0653424256861515,26,56025,45
p001246,r0008,8,5.2999999999999998,0.83999999999999997,-66.743669095405167,96.016256012018886,-41.152081078217336,40,56070,45
p001247,r0024,20,2.6000000000000001,0.20000000000000001,-59.80875979399265,59.585425744449481,35.256588636761052,26,56115,45
p001248,r0022,8,4.4000000000000004,0.83999999999999997,-60.469349930844565,60.032204054568084,-40.739101293178535,39,56160,45
p001249,r0021,29,1.7,0.83999999999999997,-75.552952965032105,140.19780034716882,-41.482832435079942,26,56205,45
p001250,r0018,8,4.8499999999999996,0.20000000000000001,-60.202303741176124,59.772714562099736,35.327710901444561,40,56250,45
p001251,r0007,29,3.9500000000000002,0.52000000000000002,-59.75851478788443,60.52513199635623,-1.5723643314489124,40,56295,45
p001252,r0012,8,5.2999999999999998,0.20000000000000001,-61.456393872083851,60.665831362087815,35.791386315253476,40,56340,45
p001253,r0003,8,4.8499999999999996,0.20000000000000001,-60.218613234271899,60.175950187316758,36.547037502999032,40,56385,45
p001254,r0001,29,3.0499999999999998,0.20000000000000001,-60.015244675434033,60.273716896765563,35.765924582325638,26,56430,45
p001255,r0022,20,1.7,0.83999999999999997,-60.974442419899631,68.564823329553647,-40.698159899987104,26,56475,45
p001256,r0021,8,3.0499999999999998,0.83999999999999997,-66.697143973984453,95.231053287740622,-41.23863241210843,26,56520,45
p001257,r0016,20,2.1499999999999999,0.20000000000000001,-77.30474650353392,64.52382088395305,36.608107406455659,26,56565,45
p001258,r0019,13,3.0499999999999998,0.83999999999999997,-64.057728999821421,81.85291265002121,-40.262026335846599,26,56610,45
p001259,r0024,8,4.4000000000000004,0.20000000000000001,-59.847016100943961,59.797913124033002,36.318927279037609,40,56655,45
p001260,r0025,20,4.8499999999999996,0.20000000000000001,-60.062800046613958,60.360569332538347,35.825895456707883,40,56700,45
p001261,r0005,13,2.6000000000000001,0.20000000000000001,-62.983306078744405,61.235037379328233,36.841368687713711,26,56745,45
p001262,r0017,13,3.0499999999999998,0.52000000000000002,-60.752149293382416,60.665060946581775,-2.0218883781996082,26,56790,45
p001263,r0003,20,3.0499999999999998,0.52000000000000002,-60.2688369289462,59.831064709519794,-3.0708841424825239,26,56835,45
p001264,r0027,8,4.8499999999999996,0.20000000000000001,-59.650326867328232,60.290737180041006,36.752524370567158,40,56880,45
p001265,r0002,29,3.0499999999999998,0.20000000000000001,-88.404805093252776,67.293615370388807,35.703931277660487,26,56925,45
p001266,r0008,13,1.7,0.52000000000000002,-59.936230203312697,59.553232036633993,-2.1312883281382851,26,56970,45
p001267,r0026,29,4.4000000000000004,0.52000000000000002,-60.559185736213713,59.887856440204395,-2.2946054915330221,40,57015,45
p001268,r0028,8,2.1499999999999999,0.52000000000000002,-59.64386932340976,59.724025039743324,-2.7972800290962825,26,57060,45
p001269,r0023,29,3.9500000000000002,0.52000000000000002,-60.047055012214955,60.559380109092004,-2.6059661539876204,40,57105,45
p001270,r0018,8,2.6000000000000001,0.83999999999999997,-62.183965143147411,75.270335438168274,-39.741277050136901,26,57150,45
p001271,r0001,8,3.9500000000000002,0.83999999999999997,-69.495648601839207,108.5942833226037,-40.551259493928328,34,57195,45
p001272,r0028,20,2.6000000000000001,0.83999999999999997,-59.951876722331271,59.520747376260246,-41.286256866556627,26,57240,45
p001273,r0022,8,3.5,0.52000000000000002,-60.559770765076173,60.281909442280174,-3.0057642655451291,29,57285,45
p001274,r0020,13,1.7,0.83999999999999997,-65.313706989362572,86.920265943932819,-40.506271320035296,26,57330,45
p001275,r0005,13,1.7,0.20000000000000001,-60.152720541380162,60.605423282738386,36.00379451791467,26,57375,45
p001276,r0015,8,4.4000000000000004,0.83999999999999997,-61.324425442526746,68.09706697938492,-40.166986655020878,39,57420,45
p001277,r0007,20,4.4000000000000004,0.83999999999999997,-70.704368921324715,118.96244615240339,-39.90767850952821,40,57465,45
p001278,r0017,13,2.6000000000000001,0.83999999999999997,-61.137109354122032,66.435946830302129,-40.275420364614163,26,57510,45
p001279,r0006,29,3.0499999999999998,0.52000000000000002,-59.691671677332884,59.892703810252392,-1.841171443291951,26,57555,45
p001280,r0003,8,3.9500000000000002,0.83999999999999997,-59.923551472995911,60.065149384112829,-41.175359335858516,35,57600,45
p001281,r0023,13,4.8499999999999996,0.83999999999999997,-59.828852773758413,59.988141534413906,-40.208133684450836,40,57645,45
p001282,r0029,29,4.8499999999999996,0.83999999999999997,-59.838224017081586,59.846202361285719,-41.138715796542812,40,57690,45
p001283,r0029,13,1.7,0.52000000000000002,-59.750934357892724,60.478251219125461,-1.5909252809240002,26,57735,45
p001284,r0023,8,2.1499999999999999,0.52000000000000002,-59.704498838684493,59.843838340362261,-2.7712969927420561,26,57780,45
p001285,r0026,20,4.4000000000000004,0.83999999999999997,-65.378543640137053,85.649167522238827,-41.664109854156905,40,57825,45
p001286,r0006,13,3.0499999999999998,0.83999999999999997,-66.280688894016123,94.207709511722953,-41.052545149097867,26,57870,45
p001287,r0002,20,3.0499999999999998,0.52000000000000002,-60.312073366449269,60.355179842688997,-2.8417918260629067,26,57915,45
p001288,r0010,29,1.7,0.20000000000000001,-60.132823793286512,59.590168220042862,36.09556981737699,26,57960,45
p001289,r0004,8,5.2999999999999998,0.52000000000000002,-59.912663860449719,59.997997598147983,-2.8055463603228263,40,58005,45
p001290,r0017,20,4.4000000000000004,0.20000000000000001,-72.789871368551715,62.870279207008664,36.188249091896594,40,58050,45
p001291,r0021,20,3.9500000000000002,0.83999999999999997,-75.646361481047393,143.15009997157108,-41.088927648628427,40,58095,45
p001292,r0019,29,3.0499999999999998,0.20000000000000001,-62.291674365280841,61.091904103767732,35.965188409958017,26,58140,45
p001293,r0019,29,3.0499999999999998,0.52000000000000002,-60.142614925156558,60.090798876812521,-2.8805763002113993,26,58185,45
p001294,r0027,20,3.0499999999999998,0.20000000000000001,-59.785255443379675,59.285643991846499,35.92146410480126,26,58230,45
p001295,r0007,29,4.8499999999999996,0.52000000000000002,-59.472517119481473,60.227937260599326,-2.4662990170426911,40,58275,45
p001296,r0015,20,1.7,0.52000000000000002,-59.951939053406662,59.396627000882305,-3.1146273473479598,26,58320,45
p001297,r0009,20,3.9500000000000002,0.83999999999999997,-61.376673202158635,64.898119770539694,-41.622706326526895,39,58365,45
p001298,r0024,13,5.2999999999999998,0.52000000000000002,-60.080957816442968,60.562906134236748,-2.62190312011671,40,58410,45
p001299,r0025,29,2.1499999999999999,0.52000000000000002,-60.082106744700262,60.644057125974662,-1.6835480867763011,26,58455,45
p001300,r0027,29,3.0499999999999998,0.20000000000000001,-60.039921932487395,59.654381484728084,35.265520801284985,26,58500,45
p001301,r0000,29,2.6000000000000001,0.52000000000000002,-59.896161741744912,60.316145236272696,-1.7442543922964646,26,58545,45
p001302,r0026,8,5.2999999999999998,0.20000000000000001,-79.104229352686232,65.190275733777952,35.881374716485112,40,58590,45
p001303,r0029,20,5.2999999999999998,0.52000000000000002,-59.452254942247578,60.497492586667647,-1.4263761283682712,40,58635,45
p001304,r0016,8,2.6000000000000001,0.20000000000000001,-62.357773257951933,60.729939953936352,36.562397311558698,26,58680,45
p001305,r0020,13,2.1499999999999999,0.52000000000000002,-59.503351177822744,59.701744781416402,-1.8349051173879574,26,58725,45
p001306,r0018,8,3.9500000000000002,0.52000000000000002,-60.163377390672885,60.265574162287727,-2.8074806452517906,37,58770,45
p001307,r0012,13,2.1499999999999999,0.83999999999999997,-59.919434557480102,59.963885353255208,-40.288103371762446,26,58815,45
p001308,r0024,29,4.8499999999999996,0.83999999999999997,-71.654324507358481,120.77280230434101,-40.415984217486553,40,58860,45
p001309,r0007,29,3.9500000000000002,0.83999999999999997,-61.675879537321123,67.878375279114664,-41.397198766691389,40,58905,45
p001310,r0023,29,3.9500000000000002,0.83999999999999997,-59.857945495324259,60.053218881087474,-41.122159195098376,40,58950,45
p001311,r0020,13,3.5,0.20000000000000001,-107.6840300570849,72.291285385130976,36.746222296687804,39,58995,45
p001312,r0010,20,1.7,0.83999999999999997,-60.513491507374326,60.127946939488751,-40.76086135587623,26,59040,45
p001313,r0017,20,5.2999999999999998,0.20000000000000001,-60.357258130381979,59.86964249489057,36.274262369836066,40,59085,45
p001314,r0017,20,2.6000000000000001,0.83999999999999997,-59.96212922410789,59.926301804880268,-40.329980259469778,26,59130,45
p001315,r0003,20,5.2999999999999998,0.83999999999999997,-61.97756786565553,69.228117309665734,-41.434658237604125,40,59175,45
p001316,r0013,13,4.4000000000000004,0.20000000000000001,-69.943734872541384,62.788439917386185,35.792004959400671,40,59220,45
p001317,r0024,13,2.1499999999999999,0.20000000000000001,-86.684474250349922,66.382615752653592,36.219197752052892,26,59265,45
p001318,r0025,29,4.8499999999999996,0.52000000000000002,-60.016374366857974,60.216146564976157,-2.7547643195775935,40,59310,45
p001319,r0009,29,3.5,0.20000000000000001,-59.908371036045779,60.04355689212673,36.503171306492234,40,59355,45
p001320,r0009,13,5.2999999999999998,0.20000000000000001,-59.828087207618481,59.833216024963065,36.350955378446756,40,59400,45
p001321,r0014,8,3.9500000000000002,0.52000000000000002,-59.908786842950391,59.980670736398125,-1.9118472048631034,35,59445,45
p001322,r0003,8,3.9500000000000002,0.52000000000000002,-60.321913844902866,59.088292017059985,-3.4550150311607029,37,59490,45
p001323,r0009,20,3.5,0.20000000000000001,-60.210333518562088,60.37232460565486,36.705792980811474,40,59535,45
p001324,r0017,29,3.9500000000000002,0.20000000000000001,-94.364509944977613,68.750421427784289,36.57743515323191,40,59580,45
p001325,r0018,8,4.4000000000000004,0.83999999999999997,-59.776329027259315,59.695915602053617,-40.210769886569238,39,59625,45
p001326,r0026,8,3.5,0.83999999999999997,-62.49950476545763,73.310001691653639,-40.319983732319827,28,59670,45
p001327,r0005,29,3.5,0.20000000000000001,-59.485180209444543,59.625069916870437,35.353019891607438,40,59715,45
p001328,r0016,8,5.2999999999999998,0.83999999999999997,-59.94887634922658,59.847874986091043,-41.231396135575764,40,59760,45
p001329,r0002,13,2.6000000000000001,0.20000000000000001,-59.924256804206486,60.248894273043625,35.7642640575936,26,59805,45
p001330,r0021,13,4.8499999999999996,0.83999999999999997,-77.945548131342292,155.33142482950353,-40.171232457606962,40,59850,45
p001331,r0026,29,2.1499999999999999,0.20000000000000001,-90.584130659687219,67.414186305104039,36.264522912145793,26,59895,45
p001332,r0007,8,3.0499999999999998,0.52000000000000002,-59.970801770729544,59.581632695048249,-3.0356332271562083,26,59940,45
p001333,r0027,29,4.8499999999999996,0.20000000000000001,-60.599009784507295,59.827496920416984,35.292195579432125,40,59985,45
p001334,r0029,8,2.1499999999999999,0.20000000000000001,-59.449726056628023,59.60943311946756,36.247601284248447,26,60030,45
p001335,r0002,13,3.9500000000000002,0.83999999999999997,-66.45567021050357,92.576538864281787,-41.460516758537906,37,60075,45
p001336,r0021,20,3.0499999999999998,0.83999999999999997,-59.75531024731977,60.727435016698827,-40.928071005076795,26,60120,45
p001337,r0027,29,2.1499999999999999,0.52000000000000002,-60.350175189044947,59.658188143277542,-3.1961607895301514,26,60165,45
p001338,r0015,13,4.4000000000000004,0.83999999999999997,-63.554180510891641,81.187656712872979,-40.845486555089295,40,60210,45
p001339,r0018,13,5.2999999999999998,0.52000000000000002,-59.342693189280659,59.457650959729868,-1.8685279977556093,40,60255,45
p001340,r0024,20,3.9500000000000002,0.83999999999999997,-76.083399014299559,150.89401360995285,-39.317012994419159,39,60300,45
p001341,r0020,8,3.9500000000000002,0.83999999999999997,-59.966231399697271,60.631152498895645,-41.120649975922404,34,60345,45
p001342,r0012,13,3.5,0.52000000000000002,-59.64899535292875,59.303109231276991,-2.1019851525099993,27,60390,45
p001343,r0011,20,3.9500000000000002,0.20000000000000001,-65.902167556560187,61.204281205044452,36.232991452723525,40,60435,45
p001344,r0014,29,4.8499999999999996,0.52000000000000002,-60.260448426155634,59.905515054323516,-2.1307859555256412,40,60480,45
p001345,r0017,13,4.8499999999999996,0.20000000000000001,-70.236985743077412,62.788002104093501,36.633004534659321,40,60525,45
p001346,r0002,20,2.1499999999999999,0.20000000000000001,-59.875834115500368,60.102622027048426,35.656930798538667,26,60570,45
p001347,r0005,20,3.9500000000000002,0.20000000000000001,-78.632998723796362,64.411013310175974,36.25221090338151,40,60615,45
p001348,r0027,29,4.4000000000000004,0.20000000000000001,-59.20061372392442,60.044289187597343,36.645308605292996,40,60660,45
p001349,r0001,8,3.0499999999999998,0.52000000000000002,-59.834664647993861,59.650797982616467,-2.9316425853009038,26,60705,45
p001350,r0027,29,4.8499999999999996,0.52000000000000002,-60.108773296833434,59.715912810131897,-2.1429239654900796,40,60750,45
p001351,r0001,13,4.8499999999999996,0.52000000000000002,-60.201196482494616,59.140721258488831,-3.3670759668225658,40,60795,45
p001352,r0029,20,4.8499999999999996,0.83999999999999997,-59.373201548001845,59.353740261972405,-39.926890858405955,40,60840,45
p001353,r0025,13,3.5,0.52000000000000002,-60.012402617043733,60.193180141245392,-1.8637228930649556,28,60885,45
p001354,r0000,8,3.9500000000000002,0.20000000000000001,-88.163311076287897,67.398482357218285,36.736123670517046,40,60930,45
p001355,r0006,29,1.7,0.52000000000000002,-60.081013588620252,59.556129413887916,-3.1051849474163307,26,60975,45
p001356,r0016,8,3.9500000000000002,0.83999999999999997,-60.892500625838196,63.763555925379897,-41.397531577643299,35,61020,45
p001357,r0004,20,3.5,0.83999999999999997,-71.908986216955384,119.29849994640517,-41.765788430817693,26,61065,45
p001358,r0006,13,2.1499999999999999,0.52000000000000002,-59.715035647250055,59.400730579776486,-2.9894678582773198,26,61110,45
p001359,r0008,20,3.0499999999999998,0.20000000000000001,-60.224513907698949,59.612511147433921,36.095106136407352,26,61155,45
p001360,r0007,13,5.2999999999999998,0.20000000000000001,-60.094477995184974,59.718683551608919,35.306051242250135,40,61200,45
p001361,r0021,8,3.5,0.52000000000000002,-60.431574572781393,60.247023399149846,-2.9558475462544012,30,61245,45
p001362,r0004,13,3.5,0.20000000000000001,-81.870926590154554,66.198397440642012,36.134532634482696,39,61290,45
p001363,r0016,8,2.1499999999999999,0.83999999999999997,-77.943567748964909,152.78572044970181,-40.576881637178232,26,61335,45
p001364,r0001,8,3.9500000000000002,0.52000000000000002,-59.944819752435457,59.872186643231039,-2.8826566825155426,37,61380,45
p001365,r0009,8,5.2999999999999998,0.52000000000000002,-60.517102187216679,59.761626340467828,-2.3333124939281147,40,61425,45
p001366,r0000,20,4.4000000000000004,0.20000000000000001,-84.921602598375429,66.192016727798986,36.419292862564106,40,61470,45
p001367,r0025,20,3.5,0.83999999999999997,-59.868738828669777,59.932171423924459,-41.150593188254703,26,61515,45
p001368,r0020,13,1.7,0.20000000000000001,-68.716267441453724,62.915365325626126,37.039038772210162,26,61560,45
p001369,r0009,20,2.1499999999999999,0.52000000000000002,-59.852857486866078,60.437768483805307,-1.6633570209438162,26,61605,45
p001370,r0021,29,3.9500000000000002,0.20000000000000001,-59.875720369792262,60.249742310601604,36.674649774522834,40,61650,45
p001371,r0011,8,5.2999999999999998,0.83999999999999997,-73.194273096333035,129.76255891654526,-40.271179974272499,40,61695,45
p001372,r0014,29,1.7,0.83999999999999997,-64.791030376560855,80.686875981279741,-41.964565359306363,26,61740,45
p001373,r0026,20,1.7,0.20000000000000001,-59.971723856416602,59.843521865441716,36.330472721070052,26,61785,45
p001374,r0009,29,1.7,0.52000000000000002,-60.195103595184797,59.990982328621222,-2.0557823517579079,26,61830,45
p001375,r0024,13,3.0499999999999998,0.83999999999999997,-61.348266696687716,68.641379938259178,-40.099923235096213,26,61875,45
p001376,r0017,29,2.6000000000000001,0.20000000000000001,-60.476551282326056,60.32531137370178,35.71493884249621,26,61920,45
p001377,r0017,13,3.9500000000000002,0.83999999999999997,-63.088451124962461,76.058778210679634,-40.374894431259719,37,61965,45
p001378,r0012,29,3.0499999999999998,0.52000000000000002,-59.734215897630655,60.882539232346382,-2.2881734352416787,26,62010,45
p001379,r0027,13,3.9500000000000002,0.83999999999999997,-70.313290858266967,112.97676918250832,-40.536881251742912,38,62055,45
p001380,r0022,8,3.5,0.20000000000000001,-80.204636906437429,65.134642635463848,36.516786727083598,36,62100,45
p001381,r0006,13,4.8499999999999996,0.83999999999999997,-59.803853282238954,60.09215754511213,-41.07049154986278,40,62145,45
p001382,r0015,20,2.1499999999999999,0.83999999999999997,-59.984879415213996,60.042656640160651,-41.230473646354049,26,62190,45
p001383,r0004,8,5.2999999999999998,0.83999999999999997,-70.538963281336152,113.29600919611181,-41.575367684944482,40,62235,45
p001384,r0029,29,2.1499999999999999,0.83999999999999997,-60.264894663905082,59.960504177042807,-41.478830849353415,26,62280,45
p001385,r0007,8,4.4000000000000004,0.52000000000000002,-59.576507014308575,59.358624018895171,-2.9376441183707813,39,62325,45
p001386,r0023,13,3.0499999999999998,0.83999999999999997,-70.797647993567892,116.99675969786645,-40.300542762938377,26,62370,45
p001387,r0000,13,5.2999999999999998,0.20000000000000001,-69.744340724241809,62.299214621323245,36.340503552210237,40,62415,45
p001388,r0022,8,3.9500000000000002,0.20000000000000001,-62.403684885795272,60.89229541316756,36.683099353374999,40,62460,45
p001389,r0029,8,2.1499999999999999,0.83999999999999997,-59.797698103637096,60.568040468808981,-40.089179932045717,26,62505,45
p001390,r0012,20,3.0499999999999998,0.83999999999999997,-73.257413547005655,130.968899121443,-41.031203520053865,26,62550,45
p001391,r0004,8,2.6000000000000001,0.52000000000000002,-59.790304404791499,60.147857116016354,-2.6699868748037305,26,62595,45
p001392,r0005,13,1.7,0.83999999999999997,-67.609348671235949,100.89133043803454,-40.199240013752657,26,62640,45
p001393,r0013,8,4.4000000000000004,0.20000000000000001,-70.833775049174662,62.570300170105483,36.339485126249457,40,62685,45
p001394,r0027,29,4.8499999999999996,0.83999999999999997,-69.222647029893167,106.78101696260032,-40.612060791094208,40,62730,45
p001395,r0004,29,1.7,0.20000000000000001,-60.747077601880946,60.151620971565848,35.521881256876483,26,62775,45
p001396,r0019,8,2.1499999999999999,0.83999999999999997,-73.455805425215317,130.33089407309825,-40.399933505485123,26,62820,45
p001397,r0007,8,2.1499999999999999,0.83999999999999997,-62.125147137958905,72.754229764194633,-40.094446833614313,26,62865,45
p001398,r0011,29,4.8499999999999996,0.52000000000000002,-59.740037861928776,60.84665020143408,-2.3084275915146053,40,62910,45
p001399,r0013,13,3.0499999999999998,0.83999999999999997,-70.065428736391084,111.50427558871311,-41.464276044374415,26,62955,45
p001400,r0010,8,3.0499999999999998,0.83999999999999997,-72.027149720619036,124.8407508622268,-40.078285627363684,27,63000,45
p001401,r0015,13,5.2999999999999998,0.52000000000000002,-60.208487742007854,60.495661789240465,-2.7204959670086639,40,63045,45
p001402,r0021,20,1.7,0.83999999999999997,-67.352952524817127,97.605766293100146,-41.409557513950361,26,63090,45
p001403,r0025,20,2.6000000000000001,0.20000000000000001,-81.182577804335352,65.583596485871524,35.780361627830146,26,63135,45
p001404,r0002,20,3.5,0.52000000000000002,-59.847083430219271,59.882108715232548,-1.9270712004023978,27,63180,45
p001405,r0002,8,3.0499999999999998,0.83999999999999997,-65.057786937056676,86.479515298868279,-41.261818579308681,26,63225,45
p001406,r0018,8,3.5,0.83999999999999997,-79.578435984200652,166.52189965122039,-39.752382282533276,29,63270,45
p001407,r0025,13,1.7,0.20000000000000001,-60.366562098706503,60.424294781694627,35.816123405614398,26,63315,45
p001408,r0012,8,4.4000000000000004,0.83999999999999997,-71.313124708037179,115.49382643712272,-40.974012524811585,39,63360,45
p001409,r0017,13,1.7,0.83999999999999997,-63.005879699600641,78.08276777435556,-40.881696103767652,26,63405,45
p001410,r0021,13,4.8499999999999996,0.20000000000000001,-60.818653656743152,60.046720210017185,35.423645436665112,40,63450,45
p001411,r0018,13,4.8499999999999996,0.83999999999999997,-61.037126398081085,62.977527188989427,-40.744781824149797,40,63495,45
p001412,r0000,20,3.9500000000000002,0.52000000000000002,-60.401342886040446,58.940765454450208,-2.6671308826049325,40,63540,45
p001413,r0022,29,4.4000000000000004,0.52000000000000002,-60.21859428247113,59.942729767646199,-2.9911587384148151,40,63585,45
p001414,r0024,20,5.2999999999999998,0.20000000000000001,-63.414496691908845,60.860451646576394,36.455461978879342,40,63630,45
p001415,r0027,20,3.9500000000000002,0.20000000000000001,-59.788026618371823,60.166724710443766,35.725774444680646,40,63675,45
p001416,r0005,20,3.5,0.83999999999999997,-60.994241478066655,64.322510910520137,-40.493561095892758,26,63720,45
p001417,r0023,29,3.0499999999999998,0.52000000000000002,-60.365120259614883,59.822779652074473,-2.2249283020039909,26,63765,45
p001418,r0026,29,4.8499999999999996,0.20000000000000001,-110.03163325934038,72.305070254586724,35.3877295518013,40,63810,45
p001419,r0025,29,3.0499999999999998,0.52000000000000002,-59.648251012292434,60.398049619164254,-1.576026709193225,26,63855,45
p001420,r0007,20,3.0499999999999998,0.83999999999999997,-61.07562913026765,67.203086670412588,-41.001034602158811,26,63900,45
p001421,r0020,20,4.8499999999999996,0.20000000000000001,-94.56920083910633,68.804588797598626,36.579830870257638,40,63945,45
p001422,r0022,29,2.6000000000000001,0.83999999999999997,-64.279316818817335,80.827232587069602,-41.512268913875417,26,63990,45
p001423,r0015,20,3.5,0.20000000000000001,-62.196526596259318,60.564928861566123,35.562637770001032,40,64035,45
p001424,r0022,20,2.6000000000000001,0.52000000000000002,-60.084093837288826,60.289072177243277,-2.7549741503134202,26,64080,45
p001425,r0016,8,5.2999999999999998,0.20000000000000001,-60.037647109213836,59.593588207091067,35.217341143830083,40,64125,45
p001426,r0029,20,3.0499999999999998,0.83999999999999997,-66.717631764905903,96.613345132785469,-41.034675461275256,26,64170,45
p001427,r0029,20,3.9500000000000002,0.20000000000000001,-91.596228127543213,67.60767665295198,35.316895696852939,40,64215,45
p001428,r0001,13,2.6000000000000001,0.20000000000000001,-77.899306775432009,64.187923791289251,35.320477677944993,26,64260,45
p001429,r0026,8,2.6000000000000001,0.52000000000000002,-59.789338895978318,60.059820859718599,-1.8117422132437995,26,64305,45
p001430,r0026,29,3.5,0.83999999999999997,-62.194355831517946,70.425687113693556,-40.525148960284099,26,64350,45
p001431,r0013,8,3.9500000000000002,0.83999999999999997,-70.53537137025458,115.77468593470384,-41.175762201461254,35,64395,45
p001432,r0000,8,4.4000000000000004,0.20000000000000001,-61.97745202453212,60.699808545591253,35.714356431566571,40,64440,45
p001433,r0004,13,5.2999999999999998,0.52000000000000002,-59.642639289043331,59.557631554037414,-1.9765092843645775,40,64485,45
p001434,r0002,8,3.0499999999999998,0.52000000000000002,-59.471872783084287,60.136279021206995,-2.5099599170244717,27,64530,45
p001435,r0008,8,3.9500000000000002,0.20000000000000001,-60.043044229201286,59.957635889348367,36.407499865638442,40,64575,45
p001436,r0026,29,3.0499999999999998,0.83999999999999997,-67.90146319101693,103.29355581375424,-40.060260150253512,26,64620,45
p001437,r0015,13,2.1499999999999999,0.20000000000000001,-60.013856728711517,60.152427109170645,35.66917034159421,26,64665,45
p001438,r0019,8,3.9500000000000002,0.83999999999999997,-67.239664584780868,95.539414986885703,-41.645011853314216,34,64710,45
p001439,r0006,29,3.0499999999999998,0.20000000000000001,-59.573567359312634,59.951499067910007,36.496485782465484,26,64755,45
p001440,r0006,13,4.4000000000000004,0.83999999999999997,-60.057295101135473,60.002520898335831,-40.397724541220057,40,64800,45
p001441,r0014,8,5.2999999999999998,0.52000000000000002,-59.727120684957832,59.953259969153102,-1.8305379709845824,40,64845,45
p001442,r0012,20,3.0499999999999998,0.20000000000000001,-59.756826718885065,59.819129069158578,35.453937911549843,26,64890,45
p001443,r0027,29,1.7,0.20000000000000001,-60.003031170259476,59.913974340174249,36.380573238087507,26,64935,45
p001444,r0013,29,4.8499999999999996,0.20000000000000001,-59.901510984680378,60.016035774317928,35.582526422518264,40,64980,45
p001445,r0013,13,1.7,0.83999999999999997,-59.607503722285088,60.202806346256189,-39.987854111318477,26,65025,45
p001446,r0007,20,2.1499999999999999,0.20000000000000001,-75.49149738365702,64.040768792521504,35.6843155572858,26,65070,45
p001447,r0021,29,1.7,0.20000000000000001,-60.392080413850017,60.045014236193886,36.407595306185108,26,65115,45
p001448,r0003,13,4.8499999999999996,0.52000000000000002,-60.277869215712911,59.520133362829327,-3.2248279780126383,40,65160,45
p001449,r0005,20,1.7,0.52000000000000002,-59.989999945575178,59.540532825853504,-3.0653442152894117,26,65205,45
p001450,r0026,13,2.1499999999999999,0.20000000000000001,-60.032050767527593,59.913233898432551,35.474176965240517,26,65250,45
p001451,r0020,8,5.2999999999999998,0.83999999999999997,-62.73848628768495,76.777580504319417,-40.865915600964257,40,65295,45
p001452,r0017,20,5.2999999999999998,0.52000000000000002,-60.463245609715024,60.217556108000046,-2.9864607852117944,40,65340,45
p001453,r0024,29,3.5,0.52000000000000002,-60.20853401184489,59.411223082039413,-2.3410506067804233,26,65385,45
p001454,r0013,20,3.9500000000000002,0.83999999999999997,-73.138306987762192,127.60467335373194,-40.56943013312312,39,65430,45
p001455,r0004,8,3.5,0.52000000000000002,-59.935333763898377,59.867584937183516,-1.9799327873790731,29,65475,45
p001456,r0005,13,3.5,0.52000000000000002,-60.290427106011336,59.865007736792037,-2.1658183814657219,28,65520,45
p001457,r0010,13,1.7,0.20000000000000001,-59.93406847757219,59.828656025053689,35.426111124528511,26,65565,45
p001458,r0013,13,3.0499999999999998,0.20000000000000001,-65.258059292655702,60.902122354749451,35.220086025268415,27,65610,45
p001459,r0006,13,2.1499999999999999,0.83999999999999997,-66.279611813784882,92.772748252787807,-41.281234203133252,26,65655,45
p001460,r0012,20,5.2999999999999998,0.20000000000000001,-59.809327290494736,60.010510701019001,36.496543102716259,40,65700,45
p001461,r0002,8,4.8499999999999996,0.20000000000000001,-60.305007969140995,60.224675120888463,36.568738502882567,40,65745,45
p001462,r0005,20,2.1499999999999999,0.83999999999999997,-60.013967964689051,60.170792772403374,-41.234406246754261,26,65790,45
p001463,r0012,13,3.5,0.20000000000000001,-65.613349893963942,61.516042083953387,36.540163688369923,39,65835,45
p001464,r0022,20,2.1499999999999999,0.52000000000000002,-59.802211450340131,60.368177486304297,-2.5704247607508082,26,65880,45
p001465,r0000,20,2.1499999999999999,0.52000000000000002,-60.073742363174247,60.474536997865414,-2.6605682698752107,26,65925,45
p001466,r0027,20,3.9500000000000002,0.83999999999999997,-63.090180959288858,77.745171500118317,-40.106524565783701,39,65970,45
p001467,r0013,13,1.7,0.52000000000000002,-60.427786456845652,60.055029601827911,-3.0460347486823425,26,66015,45
p001468,r0014,13,4.8499999999999996,0.83999999999999997,-65.914197224158215,93.699786702929345,-39.925959795824198,40,66060,45
p001469,r0009,20,5.2999999999999998,0.20000000000000001,-65.674331294495673,61.554765069174522,35.658945796440477,40,66105,45
p001470,r0000,13,3.9500000000000002,0.83999999999999997,-69.182979032882159,109.08777046010417,-41.109659114004344,38,66150,45
p001471,r0024,13,3.9500000000000002,0.52000000000000002,-60.389122243860932,59.971933240929665,-2.1658156111614444,39,66195,45
p001472,r0008,29,1.7,0.52000000000000002,-60.097530781076067,60.01508278588225,-2.893476268936074,26,66240,45
p001473,r0021,8,4.4000000000000004,0.20000000000000001,-61.869857612868316,60.477219354975624,36.457803961406839,40,66285,45
p001474,r0016,20,3.9500000000000002,0.20000000000000001,-70.518936154760496,62.197152932783595,36.10393511527478,40,66330,45
p001475,r0001,29,3.5,0.83999999999999997,-69.301057707698064,109.22972849782178,-41.186131914814908,26,66375,45
p001476,r0003,13,2.6000000000000001,0.83999999999999997,-73.071301942265706,126.65457113464055,-41.565162249960693,26,66420,45
p001477,r0010,8,3.9500000000000002,0.83999999999999997,-67.510255975512337,99.778565339804416,-41.194044565061631,36,66465,45
p001478,r0009,29,2.1499999999999999,0.52000000000000002,-59.985800513738283,60.22946955621579,-1.8324708801603322,26,66510,45
p001479,r0014,20,1.7,0.52000000000000002,-59.78815934294343,60.263705435727005,-2.6132642491816229,26,66555,45
p001480,r0011,13,4.4000000000000004,0.83999999999999997,-68.017964458178696,102.800732166443,-40.23697299823921,40,66600,45
p001481,r0000,29,3.5,0.83999999999999997,-60.052929859523488,59.683610211208041,-41.345083448206445,26,66645,45
p001482,r0013,20,5.2999999999999998,0.20000000000000001,-60.456509954322271,59.799963176389269,35.298668550246958,40,66690,45
p001483,r0014,20,4.4000000000000004,0.83999999999999997,-70.182116087321901,114.80811719384539,-41.033678762335128,40,66735,45
p001484,r0029,29,2.1499999999999999,0.20000000000000001,-59.938239519752784,60.242004781047598,36.655955920887521,26,66780,45
p001485,r0011,13,2.6000000000000001,0.20000000000000001,-59.43324112554388,59.792291089033306,35.497184646117866,26,66825,45
p001486,r0020,29,4.8499999999999996,0.20000000000000001,-60.157946976571779,60.085324130376009,35.586669908986451,40,66870,45
p001487,r0013,29,4.4000000000000004,0.52000000000000002,-59.790189595002865,59.971625135483542,-2.7545185243693924,40,66915,45
p001488,r0024,13,3.5,0.52000000000000002,-60.048743314991597,60.361614489792686,-1.8017715686951405,27,66960,45
p001489,r0012,20,3.9500000000000002,0.52000000000000002,-59.959995488174066,59.925785702535116,-2.8648205166336611,40,67005,45
p001490,r0021,29,3.5,0.83999999999999997,-63.605220244935694,77.787581224937384,-40.532372009755989,26,67050,45
p001491,r0006,13,4.8499999999999996,0.20000000000000001,-59.907249821285966,60.461197078357401,36.837507698428723,40,67095,45
p001492,r0023,8,2.1499999999999999,0.20000000000000001,-59.843528958541697,59.750803109385188,35.381936695799808,26,67140,45
p001493,r0019,29,4.4000000000000004,0.83999999999999997,-86.930322562743171,201.55789534461931,-40.322207697565162,40,67185,45
p001494,r0026,13,3.5,0.20000000000000001,-73.027462466508695,63.76494673926581,36.856464898110914,39,67230,45
p001495,r0005,13,3.5,0.83999999999999997,-63.061239658247501,76.987911870648361,-40.203375413624158,27,67275,45
p001496,r0010,20,3.5,0.20000000000000001,-89.393916450677409,67.745069975548688,35.867272690303466,40,67320,45
p001497,r0006,29,2.1499999999999999,0.83999999999999997,-62.535267734185005,74.363659481475281,-40.181439379679347,26,67365,45
p001498,r0024,29,2.6000000000000001,0.52000000000000002,-60.000563451263368,60.101912571711544,-1.9013749602354111,26,67410,45
p001499,r0023,20,3.0499999999999998,0.52000000000000002,-59.961670127040627,60.51902066223159,-1.6809385481899668,26,67455,45
p001500,r0011,13,3.9500000000000002,0.83999999999999997,-63.848629756366961,77.964180338944914,-40.708580141117054,37,67500,45
p001501,r0022,13,2.1499999999999999,0.52000000000000002,-60.268031410989636,59.803460501338193,-2.1837152930722779,26,67545,45
p001502,r0025,13,3.9500000000000002,0.20000000000000001,-130.19210156678639,77.165658790301052,36.144106718883563,40,67590,45
p001503,r0002,8,3.5,0.20000000000000001,-85.714412143489156,66.624031984875927,36.606343159202908,36,67635,45
p001504,r0006,29,3.9500000000000002,0.83999999999999997,-65.317466360007757,88.616903124614055,-40.237967242468258,40,67680,45
p001505,r0025,29,3.0499999999999998,0.20000000000000001,-60.340522159883172,60.013345438368198,35.492571918717921,26,67725,45
p001506,r0028,8,2.1499999999999999,0.83999999999999997,-67.446723356270994,99.418494408452773,-40.298288513915182,26,67770,45
p001507,r0008,13,3.9500000000000002,0.52000000000000002,-60.336368343742521,59.620038201534044,-2.3072932020097694,39,67815,45
p001508,r0004,8,3.9500000000000002,0.52000000000000002,-60.31912480993936,60.357006537906805,-1.9445817629732034,37,67860,45
p001509,r0026,20,2.6000000000000001,0.83999999999999997,-61.204283233987766,64.560868401056723,-40.631858972380641,26,67905,45
p001510,r0025,20,1.7,0.20000000000000001,-62.981704379694804,60.765599615379543,36.466138816364676,26,67950,45
p001511,r0003,13,2.6000000000000001,0.20000000000000001,-60.39569986801844,60.108981513022144,36.45804523681403,26,67995,45
p001512,r0004,8,3.5,0.20000000000000001,-96.383230216372468,68.809432383623971,35.320899863624682,37,68040,45
p001513,r0016,20,4.4000000000000004,0.83999999999999997,-59.91478024709027,59.967859874588079,-40.283557827621728,40,68085,45
p001514,r0028,13,3.9500000000000002,0.52000000000000002,-59.90480180635678,59.58359703339908,-3.0003703632739702,39,68130,45
p001515,r0029,20,3.0499999999999998,0.20000000000000001,-60.020303477978104,59.976243910403582,35.526934432727245,26,68175,45
p001516,r0025,8,3.0499999999999998,0.20000000000000001,-59.754487770854766,60.153562190921164,35.721952198565972,30,68220,45
p001517,r0024,8,2.6000000000000001,0.83999999999999997,-62.732894277290242,74.244581842651044,-41.266498098099632,26,68265,45
p001518,r0005,20,4.8499999999999996,0.20000000000000001,-77.165804646222298,64.608634186045933,36.703746419592292,40,68310,45
p001519,r0022,13,4.8499999999999996,0.20000000000000001,-60.048814432761318,60.179997580274765,36.584235177667551,40,68355,45
p001520,r0011,13,4.8499999999999996,0.20000000000000001,-66.310735716613706,61.32456233303057,36.247502723101718,40,68400,45
p001521,r0010,13,4.4000000000000004,0.83999999999999997,-59.778841422864218,61.966977349074789,-39.849510419353983,40,68445,45
p001522,r0019,29,3.0499999999999998,0.83999999999999997,-65.698536271853712,90.717133160313637,-40.222029162706932,26,68490,45
p001523,r0008,13,3.5,0.83999999999999997,-63.446144202592421,76.468987763217029,-40.609723088062907,27,68535,45
p001524,r0026,29,1.7,0.52000000000000002,-59.934918122934114,60.473555704375521,-2.5888506858254887,26,68580,45
p001525,r0002,29,3.9500000000000002,0.83999999999999997,-59.753914347014693,60.093106646422669,-40.128390988064709,40,68625,45
p001526,r0020,29,4.4000000000000004,0.52000000000000002,-60.0416654814669,60.272399924088013,-1.8409140868005409,40,68670,45
p001527,r0026,20,4.4000000000000004,0.52000000000000002,-60.652958581513921,60.16924951501904,-2.2082986951781036,40,68715,45
p001528,r0024,8,4.8499999999999996,0.52000000000000002,-60.493254610928474,59.838785811203039,-2.2838752083053491,40,68760,45
p001529,r0007,20,1.7,0.20000000000000001,-73.593547859718512,63.343858394299261,35.506377143495698,26,68805,45
p001530,r0011,8,2.1499999999999999,0.20000000000000001,-60.290453210889005,59.84643269429548,36.269055513258586,26,68850,45
p001531,r0023,8,2.6000000000000001,0.52000000000000002,-59.779263302115872,60.190421133344309,-1.7438147730949851,26,68895,45
p001532,r0011,13,3.5,0.83999999999999997,-60.21376412910876,60.453918656707046,-40.456934883378224,27,68940,45
p001533,r0008,20,4.4000000000000004,0.20000000000000001,-59.807233870791002,60.205447244533751,36.652911021468803,40,68985,45
p001534,r0005,13,5.2999999999999998,0.83999999999999997,-60.529742843564698,60.170855801599942,-41.667647060338354,40,69030,45
p001535,r0011,13,3.9500000000000002,0.52000000000000002,-60.127190240898692,60.137169756684393,-1.9502974420588146,39,69075,45
p001536,r0010,29,3.0499999999999998,0.83999999999999997,-59.944728766009909,60.018181543731686,-41.200663116451253,26,69120,45
p001537,r0023,20,1.7,0.83999999999999997,-61.228637589331498,67.4394886796523,-40.191737386294079,26,69165,45
p001538,r0016,13,3.5,0.20000000000000001,-59.901405998722929,59.75055009961293,35.370158879945755,39,69210,45
p001539,r0001,20,3.0499999999999998,0.52000000000000002,-59.830770477708271,59.660872290539984,-2.924781948949108,26,69255,45
p001540,r0018,13,3.5,0.52000000000000002,-60.096277156910546,59.436280003957009,-2.2706497196941227,28,69300,45
p001541,r0017,20,5.2999999999999998,0.83999999999999997,-69.151571923565399,105.63605659852911,-41.635551360030277,40,69345,45
p001542,r0002,8,3.0499999999999998,0.20000000000000001,-79.195500813227241,64.243418267603971,35.105634451437723,29,69390,45
p001543,r0002,20,2.6000000000000001,0.83999999999999997,-61.91202013903856,71.786260139487439,-40.970295294474397,26,69435,45
p001544,r0029,20,5.2999999999999998,0.83999999999999997,-73.331580648443662,131.18520703827394,-41.058894618568829,40,69480,45
p001545,r0024,29,4.4000000000000004,0.83999999999999997,-60.384785839389508,63.14502660251533,-40.170015848684727,40,69525,45
p001546,r0006,20,3.0499999999999998,0.20000000000000001,-59.964990279618988,59.805852019783032,36.301683559902628,26,69570,45
p001547,r0001,8,2.1499999999999999,0.20000000000000001,-66.991770115944078,61.961791828248266,35.721079439409792,26,69615,45
p001548,r0023,20,3.5,0.52000000000000002,-60.181691442552378,60.129464391279171,-1.9823366423132385,26,69660,45
p001549,r0011,13,3.0499999999999998,0.83999999999999997,-65.161871402119885,89.291883525065458,-39.999270613770236,26,69705,45
p001550,r0003,8,3.5,0.20000000000000001,-59.824072790941671,60.127451694590995,36.587146797484465,38,69750,45
p001551,r0028,29,3.9500000000000002,0.20000000000000001,-60.18234356061825,60.143518822277557,35.62834634569839,40,69795,45
p001552,r0013,29,3.0499999999999998,0.83999999999999997,-60.498770736166321,64.657579087798368,-40.923754764331974,26,69840,45
p001553,r0027,20,4.4000000000000004,0.83999999999999997,-75.376167071469311,141.23231168993289,-40.268810469644947,40,69885,45
p001554,r0008,13,2.1499999999999999,0.83999999999999997,-66.733883325644271,97.049872039725756,-40.978482467185088,26,69930,45
p001555,r0024,8,3.5,0.52000000000000002,-59.953850853816171,59.884286034546584,-2.8815451474020479,29,69975,45
p001556,r0011,29,2.6000000000000001,0.20000000000000001,-59.976809326700149,59.431816275840461,35.100091155332336,26,70020,45
p001557,r0008,29,3.9500000000000002,0.83999999999999997,-60.228583138560495,59.969274491060133,-40.546925917821184,40,70065,45
p001558,r0011,20,3.0499999999999998,0.83999999999999997,-59.542462528632129,60.06094886232281,-39.955916706079329,26,70110,45
p001559,r0002,13,5.2999999999999998,0.52000000000000002,-59.897674548019332,60.161591982808012,-2.7192266132222089,40,70155,45
p001560,r0029,20,4.8499999999999996,0.20000000000000001,-75.371161096758414,63.754202987663888,35.479130170779428,40,70200,45
p001561,r0008,29,3.5,0.83999999999999997,-59.788527469713443,59.737470697738587,-41.11436776292112,26,70245,45
p001562,r0007,13,2.6000000000000001,0.52000000000000002,-60.276045554820847,60.201960118563285,-2.8966028315964651,26,70290,45
p001563,r0012,8,3.5,0.52000000000000002,-59.571979037445395,59.524902284841026,-1.9554760027479177,30,70335,45
p001564,r0022,29,2.1499999999999999,0.52000000000000002,-59.851623370196151,60.250794798831279,-2.6524626490629872,26,70380,45
p001565,r0020,29,4.4000000000000004,0.83999999999999997,-66.087990120560605,90.310649982509062,-41.514207704069477,40,70425,45
p001566,r0005,13,2.6000000000000001,0.83999999999999997,-76.245874759989618,147.42927887810134,-40.907850177895071,26,70470,45
p001567,r0022,29,3.0499999999999998,0.52000000000000002,-59.598285831284912,60.440051551565205,-1.5298838875168557,26,70515,45
p001568,r0003,13,3.0499999999999998,0.83999999999999997,-78.479479825412568,160.13279019289027,-40.751516622484118,26,70560,45
p001569,r0000,20,1.7,0.20000000000000001,-61.887609467123156,60.109986882792057,35.260467612809009,26,70605,45
p001570,r0014,20,3.9500000000000002,0.20000000000000001,-64.15494751183715,61.243083211287356,35.713477066662449,40,70650,45
p001571,r0000,29,4.4000000000000004,0.83999999999999997,-63.470058120424916,76.467795032180618,-40.630001616008016,40,70695,45
p001572,r0011,29,3.5,0.52000000000000002,-60.201749061281312,59.744622957631698,-2.1774904922030656,26,70740,45
p001573,r0019,29,2.1499999999999999,0.20000000000000001,-71.697961712612226,63.523879423103736,36.029511195960538,26,70785,45
p001574,r0024,8,4.4000000000000004,0.52000000000000002,-60.778829091900164,59.838365393427921,-2.4325757389426839,40,70830,45
p001575,r0012,13,3.5,0.83999999999999997,-65.979813567461733,92.143429321738807,-40.230094705189615,27,70875,45
p001576,r0002,8,2.1499999999999999,0.20000000000000001,-59.926009727097998,60.178579419571484,35.707661590237585,26,70920,45
p001577,r0001,29,1.7,0.20000000000000001,-59.824763486141308,60.052722352114415,36.527225184463276,26,70965,45
p001578,r0013,13,4.4000000000000004,0.52000000000000002,-59.844312924038341,59.860778554386464,-2.8358690143944374,40,71010,45
p001579,r0005,8,4.4000000000000004,0.20000000000000001,-66.200394465694899,61.327180321227551,36.271665363843063,40,71055,45
p001580,r0009,20,1.7,0.52000000000000002,-60.41979400842942,59.699644220452512,-2.3124636585660978,26,71100,45
p001581,r0028,13,1.7,0.20000000000000001,-60.101371863573654,60.020270854188063,35.545942310635716,26,71145,45
p001582,r0001,8,2.6000000000000001,0.83999999999999997,-65.340199757557201,86.0069075380801,-41.57466259025523,26,71190,45
p001583,r0019,13,4.8499999999999996,0.52000000000000002,-59.336930139821597,60.246511965806171,-2.3868779291202715,40,71235,45
p001584,r0002,13,3.9500000000000002,0.20000000000000001,-60.073378042138138,60.169986067742705,36.57131324576654,40,71280,45
p001585,r0011,29,3.9500000000000002,0.83999999999999997,-62.964603709651684,79.048901845332708,-40.692442820854183,40,71325,45
p001586,r0023,29,2.1499999999999999,0.83999999999999997,-62.372332837457705,72.740205713232484,-41.204326669347282,26,71370,45
p001587,r0014,8,2.6000000000000001,0.52000000000000002,-60.177333225528756,60.550798808070624,-2.6778298494010544,26,71415,45
p001588,r0010,13,2.1499999999999999,0.20000000000000001,-70.15329138994494,62.081682177824241,36.084687464270409,26,71460,45
p001589,r0021,20,3.5,0.83999999999999997,-68.742563537386843,105.14101373753888,-40.471191173398708,26,71505,45
p001590,r0022,13,5.2999999999999998,0.20000000000000001,-60.454433595742969,59.836963154436617,36.228683804400703,40,71550,45
p001591,r0008,29,2.1499999999999999,0.52000000000000002,-60.08874366336768,59.855319513913415,-2.9655933382727584,26,71595,45
p001592,r0010,13,3.9500000000000002,0.83999999999999997,-63.205467653886913,75.770356337445392,-40.519335815273735,37,71640,45
p001593,r0025,20,4.4000000000000004,0.83999999999999997,-60.770749734807637,59.792002393668952,-41.93070939425138,40,71685,45
p001594,r0018,8,3.5,0.52000000000000002,-59.597920840299594,60.172590804560258,-1.6580752507668663,30,71730,45
p001595,r0000,29,2.6000000000000001,0.20000000000000001,-76.853134998046301,64.609876847062935,35.867274478041082,26,71775,45
p001596,r0004,13,2.6000000000000001,0.52000000000000002,-60.049598455752303,59.963396380772636,-1.9933609342203369,26,71820,45
p001597,r0017,20,2.1499999999999999,0.52000000000000002,-59.259020550658583,59.607978197157713,-2.6528611517067633,26,71865,45
p001598,r0010,13,3.0499999999999998,0.20000000000000001,-60.343763012820126,60.030729911375147,35.505831326536089,28,71910,45
p001599,r0025,13,4.4000000000000004,0.83999999999999997,-71.719976824432408,123.8387907763161,-39.980574008312644,40,71955,45
p001600,r0029,13,4.8499999999999996,0.83999999999999997,-75.08604066612267,139.67467878404869,-40.274325554095256,40,72000,45
p001601,r0010,8,4.4000000000000004,0.52000000000000002,-59.490065675715066,59.964017672875777,-2.6021056683914638,40,72045,45
p001602,r0008,20,2.6000000000000001,0.20000000000000001,-59.373359230044443,60.283872609012022,35.902426241200729,26,72090,45
p001603,r0000,29,1.7,0.20000000000000001,-79.239547097764884,64.760536220602688,35.510519556929168,26,72135,45
p001604,r0028,8,4.4000000000000004,0.52000000000000002,-59.913329616171879,60.148870908502701,-1.8334733643280814,40,72180,45
p001605,r0009,29,3.5,0.52000000000000002,-59.762179117320038,60.310121540927163,-2.5774748013613804,26,72225,45
p001606,r0028,13,2.6000000000000001,0.52000000000000002,-60.469034196932,59.369469726047214,-2.4965523139019821,26,72270,45
p001607,r0007,29,1.7,0.83999999999999997,-59.909168767290694,59.42350217548276,-40.365941416446937,26,72315,45
p001608,r0023,20,4.8499999999999996,0.20000000000000001,-135.16549358209875,78.647774652592702,35.435121005654402,40,72360,45
p001609,r0012,20,2.6000000000000001,0.20000000000000001,-59.746977472999937,60.11803357180932,36.595031362847472,26,72405,45
p001610,r0023,8,3.5,0.20000000000000001,-65.15626448832603,61.211644844508257,35.488062977941397,37,72450,45
p001611,r0022,13,1.7,0.20000000000000001,-60.371416579336895,60.599000056759834,35.954916729540486,26,72495,45
p001612,r0012,20,4.4000000000000004,0.20000000000000001,-59.286644918306322,60.114776884175591,36.684492523679211,40,72540,45
p001613,r0007,13,3.5,0.20000000000000001,-77.101118809501145,64.311136330500332,36.47868530250004,39,72585,45
p001614,r0018,20,1.7,0.52000000000000002,-59.890402286639343,59.959207882122186,-1.9125894056338126,26,72630,45
p001615,r0005,20,2.1499999999999999,0.52000000000000002,-60.274119806971619,60.159364589935983,-2.0160472964559757,26,72675,45
p001616,r0023,20,4.4000000000000004,0.83999999999999997,-62.2729442875006,72.635363570158148,-40.237615030275194,40,72720,45
p001617,r0003,29,4.4000000000000004,0.83999999999999997,-65.878414970171448,90.193637593111077,-40.456886560046215,40,72765,45
p001618,r0002,8,4.4000000000000004,0.52000000000000002,-60.494896760713694,59.920948836078701,-3.1452908742533454,40,72810,45
p001619,r0021,20,5.2999999999999998,0.83999999999999997,-74.450277728774182,137.98234343239582,-40.911058342986976,40,72855,45
p001620,r0003,20,3.5,0.83999999999999997,-68.174532701554966,106.95529795274906,-39.703759796866336,26,72900,45
p001621,r0019,13,3.5,0.83999999999999997,-73.961561493831624,135.16570111779345,-40.95119947597162,26,72945,45
p001622,r0003,29,4.8499999999999996,0.52000000000000002,-60.49621091642161,59.684569736563439,-2.3594362029887916,40,72990,45
p001623,r0012,20,3.9500000000000002,0.20000000000000001,-59.657991375565111,60.243543834386607,36.713236792396266,40,73035,45
p001624,r0016,29,4.4000000000000004,0.52000000000000002,-60.382462833487871,59.936642816184865,-3.0792921216449587,40,73080,45
p001625,r0013,29,1.7,0.83999999999999997,-74.233712380239709,135.04617099583851,-40.29893104006716,26,73125,45
p001626,r0012,13,4.4000000000000004,0.52000000000000002,-59.445177381201489,59.356233077499724,-2.8705003610249067,40,73170,45
p001627,r0020,20,1.7,0.20000000000000001,-60.001655957554966,60.085741878948554,36.518262311647845,26,73215,45
p001628,r0000,13,3.0499999999999998,0.52000000000000002,-59.762034320451754,60.338584554477158,-1.6637372604858769,26,73260,45
p001629,r0025,20,3.5,0.20000000000000001,-87.7660882240977,66.56217533761486,35.246522625272348,40,73305,45
p001630,r0006,13,3.0499999999999998,0.20000000000000001,-68.585349724200896,62.017091235079661,35.446603043223547,27,73350,45
p001631,r0013,8,5.2999999999999998,0.83999999999999997,-68.223727039348148,102.96487351282084,-41.283550951001118,40,73395,45
p001632,r0010,20,2.6000000000000001,0.83999999999999997,-60.00990066523444,60.479188573287281,-41.181646387070963,26,73440,45
p001633,r0008,8,3.5,0.52000000000000002,-59.819656578453049,60.199663127237699,-1.7603831197214916,30,73485,45
p001634,r0010,29,4.4000000000000004,0.52000000000000002,-60.388770753594095,59.64936878949954,-3.2204637729091532,40,73530,45
p001635,r0008,20,3.5,0.52000000000000002,-60.332898743649402,60.302271791979912,-2.878016886547333,26,73575,45
p001636,r0016,20,4.8499999999999996,0.20000000000000001,-60.007795092514819,60.693882684969772,36.103547129472851,40,73620,45
p001637,r0003,13,2.1499999999999999,0.83999999999999997,-60.246249997981451,59.679834863850218,-40.608076420088381,26,73665,45
p001638,r0025,20,2.1499999999999999,0.20000000000000001,-81.661309202776337,65.026040888689906,36.138570870396663,26,73710,45
p001639,r0027,13,3.0499999999999998,0.83999999999999997,-67.612645144142746,99.20226393217564,-40.472259691931797,26,73755,45
p001640,r0007,13,4.4000000000000004,0.52000000000000002,-60.191298147612592,59.701661717667271,-2.1926774122782602,40,73800,45
p001641,r0023,8,3.9500000000000002,0.20000000000000001,-59.394078271676825,59.687985627760177,35.421572847872774,40,73845,45
p001642,r0027,8,3.0499999999999998,0.83999999999999997,-65.9630565470422,90.400274856391505,-40.494923522492797,26,73890,45
p001643,r0010,13,2.6000000000000001,0.83999999999999997,-62.462208951973423,74.949962840146128,-40.026261465234285,26,73935,45
p001644,r0026,13,3.9500000000000002,0.52000000000000002,-59.942808848674268,61.023035581694849,-1.4292035220970931,39,73980,45
p001645,r0007,8,3.9500000000000002,0.20000000000000001,-59.479529098080661,59.567769129071664,36.208309483641202,40,74025,45
p001646,r0020,8,4.8499999999999996,0.52000000000000002,-60.209830858836909,60.130633990420165,-1.9964077311935171,40,74070,45
p001647,r0024,29,1.7,0.20000000000000001,-60.480956050830152,59.767242871563489,35.267603087084758,26,74115,45
p001648,r0005,29,4.4000000000000004,0.20000000000000001,-75.150603815360995,63.892744893301042,36.534075151568629,40,74160,45
p001649,r0019,8,3.5,0.83999999999999997,-63.097628067247229,77.366626672988872,-40.17334730880944,28,74205,45
p001650,r0007,8,2.6000000000000001,0.83999999999999997,-64.954910372438377,86.750473873357123,-40.232048893111084,26,74250,45
p001651,r0014,8,2.6000000000000001,0.20000000000000001,-59.809400309953091,59.855275046346897,35.472339975086896,26,74295,45
p001652,r0014,29,4.8499999999999996,0.20000000000000001,-60.130882800902661,60.400811126101807,36.744472340700916,40,74340,45
p001653,r0023,8,3.0499999999999998,0.20000000000000001,-74.370471361278859,63.456594045014427,35.44118096375577,30,74385,45
p001654,r0010,29,2.1499999999999999,0.52000000000000002,-60.062447537656936,60.273344373007916,-2.751267420537812,26,74430,45
p001655,r0000,8,5.2999999999999998,0.52000000000000002,-59.951244243597522,60.355776633524108,-2.6538742225791383,40,74475,45
p001656,r0024,8,4.4000000000000004,0.83999999999999997,-66.171089136603868,94.974351923708213,-39.937818566953908,39,74520,45
p001657,r0028,20,3.0499999999999998,0.20000000000000001,-59.531250088518064,59.906229786596334,36.468733811573458,26,74565,45
p001658,r0022,8,4.8499999999999996,0.20000000000000001,-60.37205020867151,60.172137103911865,36.513299641395193,40,74610,45
p001659,r0027,8,3.9500000000000002,0.20000000000000001,-71.513744718604229,62.63969815457024,36.259009579935352,40,74655,45
p001660,r0002,20,3.5,0.20000000000000001,-59.973977518036577,60.15383399939634,35.678271695909757,40,74700,45
p001661,r0010,29,4.8499999999999996,0.20000000000000001,-60.687144209048462,60.867137120597839,37.006280854668582,40,74745,45
p001662,r0002,20,2.6000000000000001,0.52000000000000002,-59.775543367493583,60.316052618052794,-2.581577294431324,26,74790,45
p001663,r0001,20,2.6000000000000001,0.20000000000000001,-85.887339797251272,66.671506091069546,36.609736913405385,26,74835,45
p001664,r0003,20,1.7,0.83999999999999997,-64.370164762745532,83.675152259147211,-41.132914039242692,26,74880,45
p001665,r0020,13,2.6000000000000001,0.20000000000000001,-60.503582286098506,60.008015331274535,35.455695807799927,26,74925,45
p001666,r0014,13,5.2999999999999998,0.52000000000000002,-59.808076977725761,60.237338901780063,-2.6362773555629646,40,74970,45
p001667,r0029,20,5.2999999999999998,0.20000000000000001,-62.688806415054977,60.250199024298553,35.212397936427841,40,75015,45
p001668,r0003,29,2.6000000000000001,0.83999999999999997,-69.899333363448179,109.91074250704054,-40.679721224169995,26,75060,45
p001669,r0024,29,3.9500000000000002,0.52000000000000002,-60.075783609588804,59.876532224675991,-2.0486720091417068,40,75105,45
p001670,r0007,29,2.1499999999999999,0.83999999999999997,-67.390177090619915,96.123760089310252,-41.677947141831098,26,75150,45
p001671,r0022,8,2.1499999999999999,0.83999999999999997,-70.628676387374568,113.90138899170344,-41.553865926722082,26,75195,45
p001672,r0013,20,2.1499999999999999,0.83999999999999997,-63.097610546635664,75.631227813420168,-40.450996409026715,26,75240,45
p001673,r0026,8,2.6000000000000001,0.83999999999999997,-62.078567276299594,70.325109149904023,-40.44397904810701,26,75285,45
p001674,r0006,20,3.5,0.20000000000000001,-59.63492946708466,60.145929569284846,36.639757762010944,40,75330,45
p001675,r0016,29,2.1499999999999999,0.83999999999999997,-60.123676448797966,59.799834435496351,-41.385914707310874,26,75375,45
p001676,r0023,20,3.9500000000000002,0.83999999999999997,-64.122578137940337,84.829189871223463,-40.740295256474127,39,75420,45
p001677,r0010,8,3.9500000000000002,0.20000000000000001,-80.837797043621876,65.183320106595687,36.429096676552177,40,75465,45
p001678,r0027,13,2.1499999999999999,0.20000000000000001,-59.962733811438454,59.527494378567013,35.179448740565917,26,75510,45
p001679,r0006,20,4.4000000000000004,0.83999999999999997,-67.633556056403194,97.646035011824864,-40.738821485486696,40,75555,45
p001680,r0018,20,3.0499999999999998,0.52000000000000002,-59.927929020307197,60.285859574338822,-2.6753104948771069,26,75600,45
p001681,r0012,8,3.9500000000000002,0.20000000000000001,-60.391115127129403,59.757581010701294,35.277841783135152,40,75645,45
p001682,r0026,8,3.5,0.20000000000000001,-62.754824169037448,60.652750034616616,35.521235193885801,37,75690,45
p001683,r0028,29,2.6000000000000001,0.52000000000000002,-59.645829222017909,59.795503277162496,-1.8639896224113202,26,75735,45
p001684,r0028,8,3.0499999999999998,0.83999999999999997,-61.547336165494514,68.345323299713456,-41.214510651061232,26,75780,45
p001685,r0011,20,2.1499999999999999,0.20000000000000001,-59.918703745725956,59.658840899612017,35.293331970544415,26,75825,45
p001686,r0015,13,3.9500000000000002,0.52000000000000002,-59.982761526630554,59.186417419649899,-2.3315556324159372,39,75870,45
p001687,r0016,29,3.0499999999999998,0.83999999999999997,-69.086179154191356,106.38210411810627,-40.561253830623727,26,75915,45
p001688,r0028,20,5.2999999999999998,0.52000000000000002,-59.641701309280322,59.641855814565844,-1.935593889834162,40,75960,45
p001689,r0008,8,3.9500000000000002,0.52000000000000002,-60.413505422225668,60.26356063485764,-2.9385137148256861,37,76005,45
p001690,r0013,8,3.0499999999999998,0.52000000000000002,-59.640297195233742,61.212823069505959,-1.1807994681586849,27,76050,45
p001691,r0009,13,2.1499999999999999,0.20000000000000001,-59.758349003825273,59.724511054274572,36.277939042654609,26,76095,45
p001692,r0006,8,4.8499999999999996,0.52000000000000002,-60.072119146586907,59.47026164218358,-2.241776367977077,40,76140,45
p001693,r0009,13,1.7,0.52000000000000002,-59.779340846047752,60.027361042269369,-1.8221239396555362,26,76185,45
p001694,r0017,29,3.9500000000000002,0.52000000000000002,-59.532512784726265,60.528436657986163,-2.353257052224305,40,76230,45
p001695,r0001,20,5.2999999999999998,0.83999999999999997,-63.08534261725795,78.587774896860381,-39.967643814999008,40,76275,45
p001696,r0005,8,5.2999999999999998,0.83999999999999997,-61.681371159793201,69.650872776097856,-40.218212130050631,40,76320,45
p001697,r0002,8,2.6000000000000001,0.83999999999999997,-64.825688423515658,83.190614975820353,-41.593079879621897,26,76365,45
p001698,r0002,29,1.7,0.20000000000000001,-61.721707321963081,60.077889471698128,36.167970112965889,26,76410,45
p001699,r0010,8,2.1499999999999999,0.52000000000000002,-59.331984063681837,60.244357446418029,-1.4853401388339009,26,76455,45
p001700,r0020,8,4.8499999999999996,0.83999999999999997,-70.379002773410548,114.33279001080624,-40.375115927935852,40,76500,45
p001701,r0013,8,4.8499999999999996,0.52000000000000002,-60.26006178375259,59.603029272850833,-2.2757780765829478,40,76545,45
p001702,r0012,29,1.7,0.83999999999999997,-64.845325512728138,85.710108513925988,-41.206456068463481,26,76590,45
p001703,r0007,20,2.6000000000000001,0.52000000000000002,-59.635369768268411,59.908234007672071,-1.8044399558169844,26,76635,45
p001704,r0027,29,3.0499999999999998,0.52000000000000002,-59.286158699415097,59.739110719582783,-1.7040293782961158,26,76680,45
p001705,r0029,13,4.8499999999999996,0.20000000000000001,-60.343756312802249,59.295899520353096,34.917968353722024,40,76725,45
p001706,r0025,8,4.8499999999999996,0.20000000000000001,-95.750540210326051,68.871197202516669,35.496849719948123,40,76770,45
p001707,r0002,13,3.0499999999999998,0.83999999999999997,-59.99397352150698,59.558183667258483,-41.315628371304506,26,76815,45
p001708,r0017,29,2.1499999999999999,0.83999999999999997,-61.318118539413945,67.516977373801467,-41.154503193299476,26,76860,45
p001709,r0009,8,2.1499999999999999,0.20000000000000001,-65.881385287921276,61.379521526869638,36.377340163911455,26,76905,45
p001710,r0025,8,3.9500000000000002,0.52000000000000002,-60.190984567770933,60.079775843053191,-2.0110195705753524,37,76950,45
p001711,r0016,8,4.8499999999999996,0.83999999999999997,-62.214445710252861,70.348466215909511,-40.554379802066876,40,76995,45
p001712,r0012,29,3.0499999999999998,0.20000000000000001,-72.979043440337904,63.277687610241834,35.576341400125884,26,77040,45
p001713,r0005,8,3.9500000000000002,0.20000000000000001,-82.356247876093121,65.697655691507435,36.536874977987324,40,77085,45
p001714,r0017,29,4.4000000000000004,0.83999999999999997,-71.242484767298691,119.35594883031183,-41.196735391681003,40,77130,45
p001715,r0001,29,1.7,0.83999999999999997,-61.527595334032178,66.635388203253612,-41.471517968066451,26,77175,45
p001716,r0007,29,2.1499999999999999,0.52000000000000002,-59.479943569865497,60.291903096053261,-2.4394571702244976,26,77220,45
p001717,r0010,20,3.5,0.83999999999999997,-62.676178154941738,75.228180335289352,-40.161480796504762,26,77265,45
p001718,r0007,20,2.1499999999999999,0.52000000000000002,-60.227283117605381,59.291745253643299,-3.3081494994060181,26,77310,45
p001719,r0002,20,1.7,0.20000000000000001,-59.585169646165269,59.870831207468186,36.429631036741497,26,77355,45
p001720,r0025,13,2.1499999999999999,0.83999999999999997,-70.982587515743447,117.2577744756835,-40.414129597115121,26,77400,45
p001721,r0020,8,2.1499999999999999,0.83999999999999997,-73.401146205769635,134.0727946463868,-39.755315669424604,26,77445,45
p001722,r0024,8,3.0499999999999998,0.52000000000000002,-59.64364073552337,60.456398353507829,-1.5456219727883991,27,77490,45
p001723,r0023,8,3.9500000000000002,0.52000000000000002,-60.046414359255294,59.933658007271077,-2.9059796233226409,37,77535,45
p001724,r0003,20,2.1499999999999999,0.83999999999999997,-61.725275464211649,66.932197501008915,-40.690079789776348,26,77580,45
p001725,r0011,29,1.7,0.52000000000000002,-60.45981219008484,60.57073686595664,-2.8151486431849309,26,77625,45
p001726,r0015,8,4.4000000000000004,0.52000000000000002,-59.906900156656185,60.312352144085359,-1.7516590523002435,40,77670,45
p001727,r0028,29,4.4000000000000004,0.20000000000000001,-60.160688421921421,60.490822053736196,35.910519958604667,40,77715,45
p001728,r0016,29,1.7,0.83999999999999997,-63.203156954905914,75.44278019751718,-40.569807010518218,26,77760,45
p001729,r0013,13,2.6000000000000001,0.83999999999999997,-67.015799457003965,95.255603781864508,-40.602374938784976,26,77805,45
p001730,r0029,8,3.9500000000000002,0.83999999999999997,-62.706451311211239,75.261707915403505,-41.081545834952877,37,77850,45
p001731,r0019,13,3.5,0.52000000000000002,-60.218560903659778,60.058096842098934,-2.0357651856955981,28,77895,45
p001732,r0029,29,3.0499999999999998,0.20000000000000001,-74.111829308236651,63.219419491625416,35.303169731653,26,77940,45
p001733,r0006,29,4.8499999999999996,0.20000000000000001,-60.333203462264564,60.129915234693854,36.487291495302173,40,77985,45
p001734,r0016,29,3.9500000000000002,0.20000000000000001,-59.722447226001528,60.208185313885593,35.772058805908166,40,78030,45
p001735,r0009,20,3.9500000000000002,0.52000000000000002,-60.100000892073567,60.345211755336436,-1.8362988213167697,40,78075,45
p001736,r0015,8,2.6000000000000001,0.83999999999999997,-69.359781154526928,109.88539401709392,-41.130553127067586,26,78120,45
p001737,r0024,20,1.7,0.83999999999999997,-66.76419733869929,93.967081068067941,-41.497192793616506,26,78165,45
p001738,r0027,8,3.9500000000000002,0.83999999999999997,-60.499380802048236,59.70557911010895,-41.716587216103086,33,78210,45
p001739,r0029,13,2.1499999999999999,0.83999999999999997,-59.844754834761062,59.634050280221707,-41.178146016363819,26,78255,45
p001740,r0026,13,3.5,0.83999999999999997,-71.056119335872353,118.24383328657279,-40.318126916281116,27,78300,45
p001741,r0024,20,4.8499999999999996,0.20000000000000001,-66.974969647558822,62.140235963571605,35.867194841345515,40,78345,45
p001742,r0000,20,3.0499999999999998,0.20000000000000001,-70.138490607969842,62.71946993857776,36.597877829268242,26,78390,45
p001743,r0003,8,2.6000000000000001,0.20000000000000001,-60.06913078953778,59.460100970734004,36.004254618679653,26,78435,45
p001744,r0005,29,4.8499999999999996,0.83999999999999997,-67.120167776345696,100.6109749337988,-39.833184942722568,40,78480,45
p001745,r0000,20,4.8499999999999996,0.20000000000000001,-60.334158190038281,59.709178530967328,35.250511186766204,40,78525,45
p001746,r0019,8,4.4000000000000004,0.83999999999999997,-63.321988164018165,75.94262167193034,-41.489650590266407,39,78570,45
p001747,r0016,8,4.4000000000000004,0.52000000000000002,-60.037135289819709,59.432134623398689,-2.2418857314748832,40,78615,45
p001748,r0013,13,3.9500000000000002,0.52000000000000002,-59.915653856609595,60.058962101166898,-2.7778381968768828,39,78660,45
p001749,r0024,13,4.4000000000000004,0.83999999999999997,-72.062962357985199,123.37521764316773,-40.342853557800723,40,78705,45
p001750,r0029,29,2.6000000000000001,0.20000000000000001,-91.451438732046526,67.383339043129453,35.166383488094255,26,78750,45
p001751,r0024,8,2.1499999999999999,0.83999999999999997,-61.672999262003884,66.141682189712768,-40.772650229729209,26,78795,45
p001752,r0015,13,5.2999999999999998,0.83999999999999997,-63.199297285618982,79.048037045580969,-39.98972379262699,40,78840,45
p001753,r0026,8,4.8499999999999996,0.20000000000000001,-60.517898176443808,60.461200010097059,36.715380372788886,40,78885,45
p001754,r0008,13,2.1499999999999999,0.52000000000000002,-60.226995478900768,60.021929207692857,-2.9575116293358308,26,78930,45
p001755,r0014,20,3.5,0.20000000000000001,-61.862290305493104,60.037198396334574,36.107300655969041,40,78975,45
p001756,r0011,13,4.8499999999999996,0.52000000000000002,-59.844613148519358,60.244048935048653,-1.7520553484067165,40,79020,45
p001757,r0017,13,4.4000000000000004,0.83999999999999997,-60.262567760839914,60.051491976730681,-40.562318202828614,40,79065,45
p001758,r0024,20,4.8499999999999996,0.52000000000000002,-59.997058964220685,60.1511377940719,-1.8759245202402497,40,79110,45
p001759,r0015,29,2.1499999999999999,0.20000000000000001,-60.227004536802667,60.007840314002351,36.41087134384135,26,79155,45
p001760,r0006,20,1.7,0.52000000000000002,-59.655632156070702,60.862568078965417,-1.3568960432533672,26,79200,45
p001761,r0028,29,1.7,0.20000000000000001,-62.125335057225193,60.235865728717187,35.313625571528704,26,79245,45
p001762,r0003,8,3.0499999999999998,0.83999999999999997,-59.640661089630136,60.092210367512955,-40.933401656487241,26,79290,45
p001763,r0020,20,4.4000000000000004,0.83999999999999997,-60.076904829951673,59.703349405123333,-40.462064152339664,40,79335,45
p001764,r0018,13,4.4000000000000004,0.20000000000000001,-60.200250922810667,60.109408576193687,36.497476676392822,40,79380,45
p001765,r0017,8,2.1499999999999999,0.52000000000000002,-60.582404492794566,59.45297864455182,-2.5154205868683048,26,79425,45
p001766,r0017,20,2.1499999999999999,0.20000000000000001,-59.869551235562525,60.389635304286443,36.787797996316655,26,79470,45
p001767,r0028,8,3.5,0.20000000000000001,-93.220109007965391,67.827439441048455,35.16792975124568,37,79515,45
p001768,r0012,13,3.0499999999999998,0.20000000000000001,-60.54035881461359,60.036306031207019,36.3709730620429,27,79560,45
p001769,r0024,20,3.5,0.20000000000000001,-77.474772138243139,65.115570609801424,37.047502060192514,40,79605,45
p001770,r0017,20,2.6000000000000001,0.52000000000000002,-60.305019264996076,59.956992933064441,-2.1292534099270268,26,79650,45
p001771,r0010,13,4.4000000000000004,0.20000000000000001,-95.673354426012708,69.15275758893597,35.737535185946228,40,79695,45
p001772,r0003,29,2.6000000000000001,0.52000000000000002,-59.354333699638893,60.146845958245471,-1.5437674638543968,26,79740,45
p001773,r0007,8,5.2999999999999998,0.20000000000000001,-60.603683536843249,60.128051390207169,36.431704404797088,40,79785,45
p001774,r0019,29,1.7,0.20000000000000001,-60.105324004531013,59.976522271436124,35.510153016242697,26,79830,45
p001775,r0004,20,3.0499999999999998,0.20000000000000001,-71.247294792883181,63.232195255161656,36.786297245552689,26,79875,45
p001776,r0019,20,4.4000000000000004,0.52000000000000002,-60.105052957591255,60.380813200383699,-2.7218372017632761,40,79920,45
p001777,r0028,13,1.7,0.83999999999999997,-61.944613281604028,67.591587172154817,-40.76882120900261,26,79965,45
p001778,r0005,29,3.9500000000000002,0.83999999999999997,-64.176340212347327,82.197124983626765,-41.206585780991475,40,80010,45
p001779,r0028,8,4.4000000000000004,0.20000000000000001,-59.730211237872851,59.777205279676949,35.425721976166983,40,80055,45
p001780,r0001,29,3.5,0.20000000000000001,-59.643485889465879,60.138700771990997,36.632263439699628,40,80100,45
p001781,r0012,8,4.8499999999999996,0.83999999999999997,-70.624476880913363,113.01712402463326,-41.691820736025889,40,80145,45
p001782,r0015,29,2.6000000000000001,0.52000000000000002,-59.706222037164245,60.037598232285042,-1.7791883078285864,26,80190,45
p001783,r0009,8,3.0499999999999998,0.52000000000000002,-60.035328446169594,60.475424182738429,-1.7401671842937418,27,80235,45
p001784,r0010,13,3.9500000000000002,0.52000000000000002,-60.109312239885547,60.052099869911622,-1.9818344271829063,39,80280,45
p001785,r0016,13,3.9500000000000002,0.20000000000000001,-59.92177281566677,61.181671721519479,36.510982814082226,40,80325,45
p001786,r0004,20,4.4000000000000004,0.52000000000000002,-60.068946578212653,60.247581468892356,-1.8670131156022507,40,80370,45
p001787,r0018,20,3.5,0.83999999999999997,-62.995076709554766,77.15559907253575,-41.020968584420274,26,80415,45
p001788,r0009,13,5.2999999999999998,0.83999999999999997,-64.269916445334715,83.186242666826658,-40.226930987388883,40,80460,45
p001789,r0003,20,1.7,0.52000000000000002,-60.610625881415444,59.741327749933404,-3.2916881383679994,26,80505,45
p001790,r0010,29,2.6000000000000001,0.83999999999999997,-77.152617573787822,145.60667760060372,-41.061130345885161,26,80550,45
p001791,r0002,8,3.9500000000000002,0.52000000000000002,-60.160836248168927,60.503751669281193,-1.7918340477928709,37,80595,45
p001792,r0002,20,4.4000000000000004,0.83999999999999997,-64.209239608417079,82.047448405678978,-40.358169526161703,40,80640,45
p001793,r0008,13,3.0499999999999998,0.20000000000000001,-60.815175060939509,59.85822049325229,35.273541382413924,27,80685,45
p001794,r0002,29,2.6000000000000001,0.83999999999999997,-60.544452107519433,62.644011299103965,-41.284297962459689,26,80730,45
p001795,r0028,20,2.1499999999999999,0.20000000000000001,-85.811678651803774,66.54311573252464,36.522156855658963,26,80775,45
p001796,r0007,13,3.5,0.52000000000000002,-59.741387818600124,59.528217471093704,-2.9419772795470864,28,80820,45
p001797,r0024,20,2.1499999999999999,0.52000000000000002,-59.86800314595456,59.650074243281438,-2.9493259991212826,26,80865,45
p001798,r0023,29,3.5,0.52000000000000002,-59.552013082272595,60.513986180393672,-2.3703334361927917,26,80910,45
p001799,r0027,8,4.4000000000000004,0.20000000000000001,-60.304910892518819,59.943965682205885,35.444190367260944,40,80955,45
p001800,r0008,20,5.2999999999999998,0.52000000000000002,-60.055526266947695,59.903657094126388,-2.0251182536321393,40,81000,45
p001801,r0015,29,4.8499999999999996,0.52000000000000002,-60.53906095998817,60.24682619378553,-3.0118351261767957,40,81045,45
p001802,r0001,8,2.1499999999999999,0.52000000000000002,-60.36968295998394,59.937954980632362,-2.1720167484881143,26,81090,45
p001803,r0012,20,3.5,0.52000000000000002,-59.807720647181561,59.736264648359928,-2.8766077053216508,26,81135,45
p001804,r0012,29,3.9500000000000002,0.52000000000000002,-59.429570192572548,59.686616738414962,-2.7038004656985466,40,81180,45
p001805,r0022,8,4.8499999999999996,0.52000000000000002,-59.95036753432391,59.735638128956275,-2.0510848159494257,40,81225,45
p001806,r0027,13,4.8499999999999996,0.83999999999999997,-73.025237077082664,127.71422564568763,-40.456923041439396,40,81270,45
p001807,r0009,20,2.6000000000000001,0.20000000000000001,-60.382397230479711,60.151535154957486,36.494748677870049,26,81315,45
p001808,r0009,20,1.7,0.83999999999999997,-72.422944619328234,128.47419059822795,-40.72940298451924,26,81360,45
p001809,r0015,20,3.9500000000000002,0.83999999999999997,-60.365656849789929,60.020094960596317,-40.653936560128123,39,81405,45
p001810,r0008,8,5.2999999999999998,0.52000000000000002,-59.135868598683963,59.685502668780437,-1.6516103903010546,40,81450,45
p001811,r0018,8,3.0499999999999998,0.20000000000000001,-61.057057573155987,60.059624994904155,36.286288481292132,30,81495,45
p001812,r0001,20,4.8499999999999996,0.83999999999999997,-84.01247909626052,189.8680788325598,-40.64158982764927,40,81540,45
p001813,r0007,29,1.7,0.20000000000000001,-60.527332227196375,59.980387864257175,36.328843845966468,26,81585,45
p001814,r0011,29,3.9500000000000002,0.52000000000000002,-60.429056445220681,60.327796361067911,-2.0157670982021569,40,81630,45
p001815,r0027,8,2.1499999999999999,0.83999999999999997,-62.795736163928495,75.258810298151218,-40.257008729995732,26,81675,45
p001816,r0021,20,3.0499999999999998,0.20000000000000001,-60.126778501890129,60.067476833751044,36.478625766622812,26,81720,45
p001817,r0005,13,3.0499999999999998,0.52000000000000002,-60.220172294638928,59.569746240349303,-3.1710113978445778,26,81765,45
p001818,r0012,29,4.4000000000000004,0.20000000000000001,-59.580433100179022,60.190390246291059,35.78622557699704,40,81810,45
p001819,r0001,29,2.6000000000000001,0.20000000000000001,-59.540722218744037,60.480711505938984,36.92642476100238,26,81855,45
p001820,r0009,20,4.4000000000000004,0.20000000000000001,-67.227005578095813,62.077748608536339,35.766797771209909,40,81900,45
p001821,r0004,13,4.4000000000000004,0.83999999999999997,-85.898241905554514,192.76526210344053,-41.762081264115309,40,81945,45
p001822,r0021,13,3.0499999999999998,0.83999999999999997,-62.752363113152917,74.06398258836083,-40.411747800910703,26,81990,45
p001823,r0013,29,3.9500000000000002,0.83999999999999997,-59.737622962168331,60.197375843349199,-40.998023153285523,40,82035,45
p001824,r0008,20,2.1499999999999999,0.20000000000000001,-59.87987291642375,59.45864686189379,35.140942906230279,26,82080,45
p001825,r0015,8,3.9500000000000002,0.83999999999999997,-65.512826636523386,84.479534674999258,-41.064048826679752,35,82125,45
p001826,r0002,20,3.9500000000000002,0.52000000000000002,-60.268945190041954,60.405934948044411,-2.7950027237605015,40,82170,45
p001827,r0003,20,5.2999999999999998,0.52000000000000002,-59.953055823371159,59.907958740995241,-1.9697688324752918,40,82215,45
p001828,r0029,29,1.7,0.52000000000000002,-59.662947392981465,60.059850304811704,-2.6460044980407433,26,82260,45
p001829,r0016,20,4.4000000000000004,0.20000000000000001,-136.40341816497209,78.941886914566652,36.322825898658905,40,82305,45
p001830,r0021,29,3.9500000000000002,0.83999999999999997,-71.591181883688392,123.25350835317531,-39.966031445790193,40,82350,45
p001831,r0002,20,5.2999999999999998,0.20000000000000001,-71.313912039069479,63.204603075413914,35.850900052517233,40,82395,45
p001832,r0026,29,3.5,0.52000000000000002,-60.163816856196242,60.181363804966729,-1.9481301388380203,26,82440,45
p001833,r0007,13,2.6000000000000001,0.83999999999999997,-60.231548514021306,59.987345592152856,-41.446525457033438,26,82485,45
p001834,r0020,20,3.0499999999999998,0.83999999999999997,-74.597288426193728,135.18071360254535,-40.582808101595461,26,82530,45
p001835,r0025,20,4.4000000000000004,0.20000000000000001,-60.082893489078671,60.155966630796627,35.658194606821567,40,82575,45
p001836,r0028,20,2.1499999999999999,0.52000000000000002,-59.49987139785101,59.318486583953202,-2.9170595665849932,26,82620,45
p001837,r0017,29,3.9500000000000002,0.83999999999999997,-62.786017576843477,75.623693027939225,-40.190463880078241,40,82665,45
p001838,r0005,8,2.1499999999999999,0.20000000000000001,-60.426548637036475,59.785973775379539,35.293469292896333,26,82710,45
p001839,r0005,13,1.7,0.52000000000000002,-59.374679314071912,60.298101657756604,-2.3817444475942269,26,82755,45
p001840,r0025,8,4.8499999999999996,0.83999999999999997,-65.96175591676058,90.795091835618933,-40.43066027637984,40,82800,45
p001841,r0010,8,3.9500000000000002,0.52000000000000002,-60.054148878454903,60.061433481985055,-2.8486693454437289,37,82845,45
p001842,r0028,29,2.6000000000000001,0.20000000000000001,-60.163135770599538,59.921762586803666,35.454782915323023,26,82890,45
p001843,r0026,20,4.8499999999999996,0.83999999999999997,-60.155996084125562,60.580586680110677,-40.388142841847746,40,82935,45
p001844,r0002,13,4.4000000000000004,0.52000000000000002,-60.376938278090961,60.074159834307281,-3.0104111841398096,40,82980,45
p001845,r0010,20,2.1499999999999999,0.52000000000000002,-59.910345473678568,59.760561140754824,-2.0183102987505448,26,83025,45
p001846,r0027,29,2.1499999999999999,0.20000000000000001,-59.648265632260212,60.043551522006645,36.555188091153276,26,83070,45
p001847,r0021,13,3.9500000000000002,0.52000000000000002,-59.78013037104931,60.29145868189751,-2.5957676256348394,39,83115,45
p001848,r0020,29,3.0499999999999998,0.20000000000000001,-60.435779833336099,60.02102552774241,35.479664455526702,26,83160,45
p001849,r0011,29,4.4000000000000004,0.20000000000000001,-96.422048141310938,69.250385436145251,35.665898720654006,40,83205,45
p001850,r0013,29,3.5,0.83999999999999997,-75.29871756537095,142.30686365215149,-40.931824570567372,26,83250,45
p001851,r0004,8,2.6000000000000001,0.20000000000000001,-59.368252428483274,59.865718062238386,36.46892396409406,26,83295,45
p001852,r0011,8,3.0499999999999998,0.20000000000000001,-60.034616603532768,60.43470882584981,35.890843739973292,28,83340,45
p001853,r0007,8,4.8499999999999996,0.20000000000000001,-60.004168279147144,60.087730954759145,35.619351107977884,40,83385,45
p001854,r0021,13,3.0499999999999998,0.52000000000000002,-60.480160610695911,60.612685361396053,-2.8055945440917727,26,83430,45
p001855,r0003,13,1.7,0.52000000000000002,-59.873662887119188,59.809793273468877,-1.975603930036921,26,83475,45
p001856,r0017,29,4.8499999999999996,0.20000000000000001,-113.03449457569273,73.768760243156194,35.958109279386406,40,83520,45
p001857,r0005,8,5.2999999999999998,0.52000000000000002,-60.514223767351808,59.322732810790811,-3.4424846098433521,40,83565,45
p001858,r0004,29,3.9500000000000002,0.83999999999999997,-60.433678040369344,59.996630053893732,-40.714828745287242,40,83610,45
p001859,r0027,13,4.4000000000000004,0.52000000000000002,-60.022532665721755,59.69929428348739,-3.0060557301013704,40,83655,45
p001860,r0021,8,2.1499999999999999,0.20000000000000001,-60.222062623603037,59.897801534171833,36.323828702616865,26,83700,45
p001861,r0014,29,1.7,0.20000000000000001,-60.127868812177041,59.959058544261367,36.391673072973688,26,83745,45
p001862,r0028,20,2.1499999999999999,0.83999999999999997,-78.407002051654104,155.86013285799379,-41.374260466110442,26,83790,45
p001863,r0022,8,2.6000000000000001,0.83999999999999997,-60.42790132792927,59.94974602125621,-40.717477752059587,26,83835,45
p001864,r0029,8,4.8499999999999996,0.52000000000000002,-59.768691034665217,59.863614795187296,-1.8951842363360101,40,83880,45
p001865,r0016,20,1.7,0.83999999999999997,-64.791565074334216,86.641539498710756,-41.012268342647019,26,83925,45
p001866,r0018,13,2.1499999999999999,0.52000000000000002,-60.451130145832657,60.319860313498218,-2.9310547253538362,26,83970,45
p001867,r0008,13,2.6000000000000001,0.52000000000000002,-60.32737444731967,59.830377392418796,-2.2016535642452082,26,84015,45
p001868,r0005,8,3.5,0.83999999999999997,-67.518114448565512,100.45110615147654,-41.093039152558759,29,84060,45
p001869,r0007,29,3.9500000000000002,0.20000000000000001,-60.75960320069909,59.551533407741829,35.939306086053648,40,84105,45
p001870,r0015,8,3.9500000000000002,0.20000000000000001,-59.429474853981958,60.273341857904853,35.882778515527491,40,84150,45
p001871,r0000,20,5.2999999999999998,0.20000000000000001,-118.33468772358168,74.427920720157061,36.325399031409312,40,84195,45
p001872,r0019,29,3.5,0.20000000000000001,-59.750082005963101,60.063712259861397,35.650953406696495,40,84240,45
p001873,r0016,20,5.2999999999999998,0.52000000000000002,-60.253471662141578,59.822097812838052,-2.1671983141513591,40,84285,45
p001874,r0020,20,2.1499999999999999,0.83999999999999997,-60.178086105847385,58.901613678057444,-40.675334140422606,26,84330,45
p001875,r0018,29,3.0499999999999998,0.20000000000000001,-58.978558846892156,59.850064297534885,36.53433966864948,26,84375,45
p001876,r0005,20,5.2999999999999998,0.52000000000000002,-60.543415207362287,59.730364282823629,-2.3620010520730501,40,84420,45
p001877,r0008,13,4.4000000000000004,0.83999999999999997,-63.027713687870587,76.8050081239154,-41.104478197984818,40,84465,45
p001878,r0026,20,5.2999999999999998,0.20000000000000001,-59.660256608549275,60.233012097289141,36.70435835612146,40,84510,45
p001879,r0026,13,2.6000000000000001,0.20000000000000001,-59.930010541086887,59.454834924057494,35.127865831028615,26,84555,45
p001880,r0017,29,2.6000000000000001,0.52000000000000002,-59.738305247478479,59.780293850290434,-1.9193776805494054,26,84600,45
p001881,r0001,20,5.2999999999999998,0.20000000000000001,-59.939985435687859,59.888055527577265,36.372447334924246,40,84645,45
p001882,r0000,29,4.8499999999999996,0.52000000000000002,-60.197079576823164,59.95353776487358,-2.9747832528087317,40,84690,45
p001883,r0018,13,3.9500000000000002,0.83999999999999997,-66.274223987130171,92.796216177409633,-41.272953560803799,37,84735,45
p001884,r0024,29,2.6000000000000001,0.83999999999999997,-75.067544964827249,137.49781333001272,-40.607087637652839,26,84780,45
p001885,r0018,8,3.0499999999999998,0.52000000000000002,-60.172832215843478,60.299741396144434,-1.8959968820892812,27,84825,45
p001886,r0023,13,2.1499999999999999,0.20000000000000001,-82.398450289023131,65.788856045928654,36.6013947789383,26,84870,45
p001887,r0018,20,2.1499999999999999,0.83999999999999997,-60.014556241310032,60.669291491237033,-40.255140604102493,26,84915,45
p001888,r0016,13,4.4000000000000004,0.83999999999999997,-62.564067139837292,75.843663606156895,-40.868830220478202,40,84960,45
p001889,r0023,13,2.6000000000000001,0.20000000000000001,-90.822460467624694,67.207697811186378,36.051666155424158,26,85005,45
p001890,r0018,20,5.2999999999999998,0.20000000000000001,-59.777486742337331,59.851434030829942,35.475649876196485,40,85050,45
p001891,r0010,20,4.8499999999999996,0.20000000000000001,-59.76931898190746,60.337262852532319,36.765946485644363,40,85095,45
p001892,r0016,13,2.1499999999999999,0.83999999999999997,-73.733766511242379,133.98685920124259,-40.048466397244781,26,85140,45
p001893,r0004,29,2.6000000000000001,0.20000000000000001,-60.045620186195976,60.246658210342247,35.738202531034602,26,85185,45
p001894,r0015,13,4.8499999999999996,0.83999999999999997,-59.054252107521606,59.979178665583355,-39.558903183824803,40,85230,45
p001895,r0026,13,4.8499999999999996,0.52000000000000002,-59.492644663067317,59.672155181756786,-1.8435407375517514,40,85275,45
p001896,r0007,29,3.0499999999999998,0.83999999999999997,-62.774830825382892,73.092857055316145,-41.486000764471044,26,85320,45
p001897,r0023,8,3.9500000000000002,0.83999999999999997,-59.623062519526108,61.63601486037863,-40.67161013874135,34,85365,45
p001898,r0013,13,3.9500000000000002,0.83999999999999997,-60.643219279911222,62.628484796445775,-40.469746627694093,37,85410,45
p001899,r0027,13,5.2999999999999998,0.52000000000000002,-59.678416258792538,61.048875214314847,-2.1793163517009946,40,85455,45
p001900,r0010,29,3.9500000000000002,0.52000000000000002,-59.562321194878315,59.385983129048974,-2.0171351193932194,40,85500,45
p001901,r0009,29,1.7,0.20000000000000001,-100.3751484567144,70.105547962424112,35.559408678596405,26,85545,45
p001902,r0020,20,3.9500000000000002,0.20000000000000001,-74.97605616409038,63.591876357750323,35.428289853382182,40,85590,45
p001903,r0007,13,1.7,0.83999999999999997,-61.659845667675974,69.66814495055192,-40.197367168759499,26,85635,45
p001904,r0004,29,3.5,0.83999999999999997,-64.833097752396796,84.474800861378725,-41.393833974192717,26,85680,45
p001905,r0006,29,2.6000000000000001,0.52000000000000002,-59.462280855311676,60.207005832037126,-2.4710232453842496,26,85725,45
p001906,r0024,20,3.0499999999999998,0.83999999999999997,-62.211678574474789,69.29129013482121,-40.721203580987421,26,85770,45
p001907,r0018,29,1.7,0.52000000000000002,-59.631762850858337,59.565195726898622,-1.9672227335349988,26,85815,45
p001908,r0013,20,3.5,0.20000000000000001,-80.553865797724043,65.402281301768056,35.761051881869633,40,85860,45
p001909,r0013,8,2.1499999999999999,0.52000000000000002,-59.782379610248007,59.811040787801268,-2.8275378191843545,26,85905,45
p001910,r0024,13,3.5,0.20000000000000001,-59.977356835155533,59.630221050917001,36.158705473702497,39,85950,45
p001911,r0024,29,2.1499999999999999,0.83999999999999997,-60.058944089823029,60.615667102805226,-40.301006299002502,26,85995,45
p001912,r0015,29,3.5,0.52000000000000002,-59.98560091400828,59.912221648306563,-1.9846460840971603,26,86040,45
p001913,r0014,13,1.7,0.52000000000000002,-59.857331576048992,59.96996562717986,-1.8902289184991432,26,86085,45
p001914,r0027,20,2.1499999999999999,0.20000000000000001,-59.743927297721818,60.51419389456742,36.912569656109575,26,86130,45
p001915,r0004,13,1.7,0.52000000000000002,-59.820285920121172,60.107521106128836,-1.8049385475211708,26,86175,45
p001916,r0002,20,4.8499999999999996,0.52000000000000002,-59.567277837705909,60.02350770267261,-2.6137007783242199,40,86220,45
p001917,r0012,29,3.0499999999999998,0.83999999999999997,-60.73544454961548,60.152036011552831,-40.943447659828543,26,86265,45
p001918,r0003,20,5.2999999999999998,0.20000000000000001,-60.56760654905775,60.000212847053881,35.436648967831552,40,86310,45
p001919,r0028,20,5.2999999999999998,0.20000000000000001,-59.068785871171016,60.011310392831881,36.645291140031304,40,86355,45
p001920,r0026,8,3.9500000000000002,0.52000000000000002,-59.99358045161808,59.668447059308967,-2.1058072463730992,37,86400,45
p001921,r0002,8,3.9500000000000002,0.20000000000000001,-63.386785860679694,61.38818085001229,35.983187507873893,40,86445,45
p001922,r0023,20,2.1499999999999999,0.20000000000000001,-60.03947952338153,59.504904626080375,35.146027796187994,26,86490,45
p001923,r0028,29,1.7,0.52000000000000002,-59.704169175935682,60.065996253912623,-2.6644897696084984,26,86535,45
p001924,r0020,29,3.0499999999999998,0.83999999999999997,-68.582080442423234,100.05224215646308,-42.050588826601413,26,86580,45
p001925,r0001,13,4.4000000000000004,0.52000000000000002,-59.676460178277573,59.829082434445475,-2.7637997241705152,40,86625,45
p001926,r0008,29,4.8499999999999996,0.83999999999999997,-63.496014841677074,80.616577672536749,-39.988000039402849,40,86670,45
p001927,r0010,8,3.0499999999999998,0.52000000000000002,-60.0398475658398,60.420353191303413,-1.7689512024110627,26,86715,45
p001928,r0028,13,3.0499999999999998,0.52000000000000002,-59.8608605685518,59.597729495096971,-2.0707373380003942,26,86760,45
p001929,r0018,29,3.5,0.83999999999999997,-62.893500484342042,75.960879637094223,-40.226799664912235,26,86805,45
p001930,r0004,29,4.4000000000000004,0.20000000000000001,-122.05811426280087,75.88139822625206,35.843495728441468,40,86850,45
p001931,r0027,29,2.1499999999999999,0.83999999999999997,-61.363938060958709,68.877867881680871,-40.975249110136374,26,86895,45
p001932,r0021,29,2.1499999999999999,0.83999999999999997,-60.275591002214952,59.920023081839453,-40.594292748766229,26,86940,45
p001933,r0004,8,4.4000000000000004,0.52000000000000002,-60.226100889905759,60.373874985417707,-1.8881124697504987,40,86985,45
p001934,r0009,20,5.2999999999999998,0.83999999999999997,-64.654922906073381,86.213735483161003,-40.965937563795876,40,87030,45
p001935,r0006,29,3.9500000000000002,0.52000000000000002,-60.061659655257664,60.149379971444908,-1.9103606344404327,40,87075,45
p001936,r0029,20,1.7,0.52000000000000002,-60.132046586168052,59.686170919970102,-3.0693021832217413,26,87120,45
p001937,r0003,8,3.0499999999999998,0.52000000000000002,-60.224193686828912,59.870154807874684,-2.1289064093711856,27,87165,45
p001938,r0007,13,5.2999999999999998,0.83999999999999997,-60.458848829693494,63.856575008703814,-41.01838101554992,40,87210,45
p001939,r0015,13,2.6000000000000001,0.83999999999999997,-64.718863661717975,87.100860357543823,-40.877707818636082,26,87255,45
p001940,r0003,29,1.7,0.52000000000000002,-59.644997450892475,59.959306251568549,-2.6849316737111879,26,87300,45
p001941,r0022,20,2.6000000000000001,0.20000000000000001,-59.917257071019705,60.366333479946235,36.75961536975305,26,87345,45
p001942,r0000,13,3.0499999999999998,0.20000000000000001,-61.594363052722997,60.042375716639512,36.165027962767013,27,87390,45
p001943,r0003,8,4.8499999999999996,0.83999999999999997,-74.042592379480766,137.64643117457911,-40.622348610831196,40,87435,45
p001944,r0013,29,4.4000000000000004,0.83999999999999997,-59.759954291345622,60.284041342165295,-41.002914989983879,40,87480,45
p001945,r0014,20,2.6000000000000001,0.52000000000000002,-60.048377680547702,60.294111036552636,-1.83398309633954,26,87525,45
p001946,r0015,29,2.6000000000000001,0.83999999999999997,-60.045191114796644,60.106449840948201,-41.270928561877469,26,87570,45
p001947,r0021,20,3.9500000000000002,0.52000000000000002,-60.019632437456359,59.626437429553228,-3.0395189012917614,40,87615,45
p001948,r0020,29,2.1499999999999999,0.20000000000000001,-59.995536140461894,60.622012133723942,36.048502478886775,26,87660,45
p001949,r0014,8,5.2999999999999998,0.20000000000000001,-109.14758918000877,71.947520796258189,35.278498801004794,40,87705,45
p001950,r0015,20,1.7,0.20000000000000001,-62.398146997003479,61.220049636252853,36.946410309601589,26,87750,45
p001951,r0028,13,1.7,0.52000000000000002,-58.999474380137883,59.793586027451624,-1.528805384494919,26,87795,45
p001952,r0022,20,3.9500000000000002,0.20000000000000001,-82.997671982674575,66.114961080917112,36.74243446819878,40,87840,45
p001953,r0015,20,4.8499999999999996,0.20000000000000001,-71.186649057581803,62.897177435090811,35.630412136556288,40,87885,45
p001954,r0012,13,2.1499999999999999,0.20000000000000001,-59.407836654710771,60.159889942946769,36.696344623415264,26,87930,45
p001955,r0003,20,1.7,0.20000000000000001,-94.962985758617762,69.104331434050891,36.740867995517156,26,87975,45
p001956,r0012,29,2.1499999999999999,0.52000000000000002,-59.633759362214313,60.385499306634664,-2.474515201166807,26,88020,45
p001957,r0028,13,4.8499999999999996,0.83999999999999997,-70.925672359487095,119.75130940193492,-40.86735527765957,40,88065,45
p001958,r0024,20,4.4000000000000004,0.20000000000000001,-59.93412765378482,60.183892693609501,36.610288624130639,40,88110,45
p001959,r0023,8,2.1499999999999999,0.83999999999999997,-62.498354835051373,74.895030163777932,-40.965413235238685,26,88155,45
p001960,r0013,20,1.7,0.83999999999999997,-67.649582769030559,101.89201614669939,-40.07292694251376,26,88200,45
p001961,r0012,13,4.4000000000000004,0.20000000000000001,-60.049662502879144,59.907187341591737,36.365817372697563,40,88245,45
p001962,r0003,8,2.6000000000000001,0.83999999999999997,-70.930331445035392,116.03055619535272,-40.566589422573273,26,88290,45
p001963,r0003,20,2.1499999999999999,0.52000000000000002,-59.504214898728748,59.745610082468943,-1.8142989077538616,26,88335,45
p001964,r0001,20,4.8499999999999996,0.52000000000000002,-60.061481792118187,60.084768411989145,-2.8412816941466703,40,88380,45
p001965,r0006,29,3.5,0.83999999999999997,-59.856360009089947,60.262794900012992,-40.18729522363347,26,88425,45
p001966,r0013,13,2.1499999999999999,0.20000000000000001,-69.640575307618292,62.254712912379603,36.325655268380025,26,88470,45
p001967,r0019,29,2.6000000000000001,0.20000000000000001,-60.218115653812092,59.805698108583954,36.250935356104748,26,88515,45
p001968,r0003,29,4.8499999999999996,0.83999999999999997,-66.183293704234416,90.43638727315053,-40.674144747852822,40,88560,45
p001969,r0022,13,3.5,0.83999999999999997,-72.521119214185987,124.67283758321287,-40.52008612660218,26,88605,45
p001970,r0024,13,3.9500000000000002,0.20000000000000001,-80.612938385104755,64.555871707623041,35.072109689077479,40,88650,45
p001971,r0001,13,3.5,0.83999999999999997,-60.367974904156824,60.330363386094689,-41.506240777716584,27,88695,45
p001972,r0023,29,3.5,0.20000000000000001,-59.676864627571319,60.244469012517008,35.81020228449934,40,88740,45
p001973,r0020,8,3.9500000000000002,0.20000000000000001,-59.871398121189863,60.11961261417067,36.571410467098566,40,88785,45
p001974,r0027,8,2.1499999999999999,0.20000000000000001,-59.695857636664442,60.458016249127162,36.877241471968844,26,88830,45
p001975,r0011,20,3.0499999999999998,0.20000000000000001,-67.029166160808813,61.923942456716745,36.583320733211636,26,88875,45
p001976,r0002,8,3.5,0.52000000000000002,-59.63734109496643,59.601591370843906,-2.8526535113774729,30,88920,45
p001977,r0019,8,3.9500000000000002,0.20000000000000001,-59.720041382614291,59.814139804630209,36.357303567181312,39,88965,45
p001978,r0003,20,4.4000000000000004,0.20000000000000001,-114.64856469979735,73.565376073726455,36.372587919021697,40,89010,45
p001979,r0007,20,2.6000000000000001,0.83999999999999997,-60.50375304217981,59.830729128425375,-41.700235894882979,26,89055,45
p001980,r0007,8,3.5,0.52000000000000002,-59.558222371687016,59.826251786476341,-2.7036747757686088,30,89100,45
p001981,r0003,13,4.8499999999999996,0.83999999999999997,-63.341379225857139,79.940438734286857,-39.966288352234088,40,89145,45
p001982,r0026,20,3.5,0.52000000000000002,-59.711640026754381,60.665151183944616,-2.3807802456188627,26,89190,45
p001983,r0008,13,3.9500000000000002,0.20000000000000001,-60.418672360705017,59.85454598277606,36.249902314079847,40,89235,45
p001984,r0014,20,3.9500000000000002,0.52000000000000002,-60.22422025249049,59.59500036333089,-2.2609943568962292,40,89280,45
p001985,r0022,29,3.9500000000000002,0.20000000000000001,-60.571848248979599,60.49389862233155,36.730749248069323,40,89325,45
p001986,r0027,13,4.4000000000000004,0.20000000000000001,-59.699686405154637,59.729403897794583,36.293585837204745,40,89370,45
p001987,r0012,13,3.9500000000000002,0.52000000000000002,-59.060037128364165,60.303460704667692,-2.215558168508875,39,89415,45
p001988,r0022,8,5.2999999999999998,0.52000000000000002,-59.873429529959331,60.257053466769513,-2.6607976915294858,40,89460,45
p001989,r0008,13,5.2999999999999998,0.83999999999999997,-71.753794411024629,119.28794649313875,-41.637115866358485,40,89505,45
p001990,r0017,20,3.0499999999999998,0.52000000000000002,-59.786670617933773,60.20914871427896,-2.6386773384716635,26,89550,45
p001991,r0009,13,4.4000000000000004,0.83999999999999997,-70.081384115127307,112.10897865228239,-41.380926072341751,40,89595,45
p001992,r0003,8,4.4000000000000004,0.20000000000000001,-60.251598352541663,60.152608136527519,36.521766838713688,40,89640,45
p001993,r0021,20,1.7,0.20000000000000001,-64.843641949264679,60.784451786306235,35.208833039192044,26,89685,45
p001994,r0015,8,3.5,0.20000000000000001,-59.636067760715569,59.981553241205113,35.608029040820973,37,89730,45
p001995,r0019,8,3.0499999999999998,0.83999999999999997,-72.004368251020182,124.79182691928494,-40.066977023771344,26,89775,45
p001996,r0012,20,4.8499999999999996,0.83999999999999997,-60.863737772442676,59.574974141065617,-41.143543866281341,40,89820,45
p001997,r0021,13,2.6000000000000001,0.52000000000000002,-59.875949117927782,59.877886391164161,-1.9441080735636505,26,89865,45
p001998,r0010,13,4.8499999999999996,0.20000000000000001,-59.997743657960029,59.85978372622445,36.338278249387557,40,89910,45
p001999,r0027,13,4.8499999999999996,0.20000000000000001,-60.687944689800709,59.939986779986278,36.264400486028883,40,89955,45
p002000,r0029,29,4.4000000000000004,0.52000000000000002,-60.203930378316592,60.535624727718321,-2.6989439274198377,40,90000,45
p002001,r0005,29,1.7,0.83999999999999997,-61.539122358065072,70.536520394048836,-39.957019517726835,26,90045,45
p002002,r0026,13,4.8499999999999996,0.83999999999999997,-59.711409578270846,59.574709591398808,-41.075630511123713,40,90090,45
p002003,r0014,29,4.4000000000000004,0.52000000000000002,-59.563433669577257,60.374304840520914,-1.5433191847301402,40,90135,45
p002004,r0018,8,2.1499999999999999,0.52000000000000002,-60.60834380913478,60.199327937134754,-3.0706613709254045,26,90180,45
p002005,r0014,29,4.4000000000000004,0.83999999999999997,-67.532749101414936,101.30917486149949,-40.968041267348625,40,90225,45
p002006,r0029,8,2.6000000000000001,0.52000000000000002,-60.317766427833512,60.287895505848319,-2.8770486996662372,26,90270,45
p002007,r0020,13,2.1499999999999999,0.83999999999999997,-68.209340592888893,102.61978485732534,-40.426680520854603,26,90315,45
p002008,r0013,29,3.9500000000000002,0.20000000000000001,-93.726680598949727,68.479192328378574,35.588017742912911,40,90360,45
p002009,r0023,29,3.0499999999999998,0.20000000000000001,-59.418562769088609,59.866586855522684,35.559556930600422,26,90405,45
p002010,r0022,29,3.0499999999999998,0.20000000000000001,-68.373583068661006,61.891756224466704,36.288688365841168,26,90450,45
p002011,r0017,20,3.9500000000000002,0.83999999999999997,-67.298352692961345,96.347350752467321,-40.665040141692756,39,90495,45
p002012,r0006,13,2.6000000000000001,0.20000000000000001,-59.983138407655645,60.396017630990826,35.870186423261529,26,90540,45
p002013,r0021,13,2.1499999999999999,0.52000000000000002,-59.758072065333451,60.009576396329024,-1.8196008037354645,26,90585,45
p002014,r0021,20,5.2999999999999998,0.20000000000000001,-60.015978200458527,60.416780719487797,35.880228935498529,40,90630,45
p002015,r0009,13,3.9500000000000002,0.83999999999999997,-60.235263163744918,60.185981558520034,-40.517864008182521,38,90675,45
p002016,r0006,29,1.7,0.20000000000000001,-59.688615030140042,59.760323343414896,35.420535668703906,26,90720,45
p002017,r0021,20,3.5,0.20000000000000001,-73.863772398801117,63.298395603419024,36.315962002974999,40,90765,45
p002018,r0012,20,4.8499999999999996,0.20000000000000001,-108.24965292147164,71.564945129055701,36.052025518950238,40,90810,45
p002019,r0022,13,5.2999999999999998,0.83999999999999997,-71.61357613165228,122.10056923759606,-41.069312872572553,40,90855,45
p002020,r0001,29,4.8499999999999996,0.83999999999999997,-64.551870425378397,84.437857177508533,-41.163514008916493,40,90900,45
p002021,r0017,8,2.6000000000000001,0.83999999999999997,-72.056685544395989,120.27837339140341,-40.833076114668074,26,90945,45
p002022,r0028,8,3.9500000000000002,0.20000000000000001,-60.039766080363108,59.981839340778436,35.527518256550124,40,90990,45
p002023,r0018,13,3.0499999999999998,0.20000000000000001,-59.703733993338204,60.748140466705905,36.207765574697078,28,91035,45
p002024,r0010,20,1.7,0.20000000000000001,-60.166248281541669,60.384054278678121,35.82399376663416,26,91080,45
p002025,r0028,20,1.7,0.83999999999999997,-61.59186474292386,68.05784666879714,-40.397910917048492,26,91125,45
p002026,r0007,13,1.7,0.20000000000000001,-59.643694053312799,60.442351822239516,36.875142647129053,26,91170,45
p002027,r0002,13,3.9500000000000002,0.52000000000000002,-59.623601063230225,60.514466779584765,-1.5073284986790327,39,91215,45
p002028,r0005,29,3.5,0.83999999999999997,-60.031576303428501,60.607696357648017,-41.179292677656257,26,91260,45
p002029,r0000,13,4.8499999999999996,0.20000000000000001,-63.645012670896193,60.232341871490405,35.906870963013091,40,91305,45
p002030,r0016,13,1.7,0.20000000000000001,-68.375684554471263,61.643947860961035,36.090021377874578,26,91350,45
p002031,r0024,8,3.9500000000000002,0.83999999999999997,-61.95701743252809,67.453443941926423,-41.701343612615361,35,91395,45
p002032,r0014,29,3.0499999999999998,0.20000000000000001,-68.680401501531605,61.860546548686528,36.202356938642907,26,91440,45
p002033,r0020,8,2.6000000000000001,0.52000000000000002,-60.442765264909369,60.049634239124401,-3.0564135029731618,26,91485,45
p002034,r0029,8,3.5,0.20000000000000001,-60.014862752918241,59.460202436239882,36.015189398408253,37,91530,45
p002035,r0020,29,2.1499999999999999,0.52000000000000002,-60.178999161458101,59.91264074847998,-2.9850120046878219,26,91575,45
p002036,r0014,20,2.6000000000000001,0.83999999999999997,-63.584619491818046,79.8520661836464,-41.084749783743732,26,91620,45
p002037,r0026,29,3.0499999999999998,0.20000000000000001,-59.525602540790288,60.250740782956946,36.745472118207502,26,91665,45
p002038,r0016,20,3.5,0.20000000000000001,-94.048393356764663,68.700216153308318,36.600494251293725,40,91710,45
p002039,r0003,29,3.5,0.20000000000000001,-60.463610295526848,59.919031092147748,35.392502814612826,40,91755,45
p002040,r0025,8,3.0499999999999998,0.52000000000000002,-59.744181633087031,60.052741668596191,-2.6916584482790897,26,91800,45
p002041,r0007,13,2.1499999999999999,0.52000000000000002,-60.225338498577159,60.311604650266901,-2.8176057871320142,26,91845,45
p002042,r0028,13,3.0499999999999998,0.20000000000000001,-60.401143746741532,59.488392917642166,35.060485584765424,28,91890,45
p002043,r0003,20,4.8499999999999996,0.20000000000000001,-60.09458144073394,60.272036914908874,35.748713243780308,40,91935,45
p002044,r0021,13,1.7,0.52000000000000002,-59.810883563176219,60.03364188640046,-2.7355113473794122,26,91980,45
p002045,r0000,8,2.6000000000000001,0.20000000000000001,-87.418995004970242,66.875743732051617,35.566795984647243,26,92025,45
p002046,r0006,8,3.0499999999999998,0.20000000000000001,-60.351113226014,60.143919220783125,36.494912731423703,29,92070,45
p002047,r0017,13,3.5,0.52000000000000002,-60.942672984903631,59.810535018758223,-2.5311331431459463,28,92115,45
p002048,r0010,20,2.6000000000000001,0.52000000000000002,-60.416890860011762,59.546075218157114,-3.2846671424907017,26,92160,45
p002049,r0011,29,2.1499999999999999,0.83999999999999997,-66.574029449443401,92.831199044093836,-40.619192890477436,26,92205,45
p002050,r0024,29,3.0499999999999998,0.83999999999999997,-62.518396037263727,74.727504826820109,-40.109051899010311,26,92250,45
p002051,r0001,20,2.1499999999999999,0.83999999999999997,-66.440395799087625,94.643332959055329,-41.11699919778475,26,92295,45
p002052,r0002,13,4.8499999999999996,0.83999999999999997,-60.525782000213198,61.796325350754486,-40.504244824058361,40,92340,45
p002053,r0016,8,5.2999999999999998,0.52000000000000002,-60.467001849248206,59.981019489106117,-2.201951606838132,40,92385,45
p002054,r0014,8,3.5,0.52000000000000002,-59.212791808588051,60.754026940957715,-1.1787188088060845,30,92430,45
p002055,r0003,8,3.5,0.83999999999999997,-64.557683188499169,85.168032962949326,-41.051568604267402,28,92475,45
p002056,r0023,29,2.6000000000000001,0.20000000000000001,-59.632942725468823,59.863250630977198,35.514011959687991,26,92520,45
p002057,r0007,29,4.8499999999999996,0.20000000000000001,-60.041786741636173,60.733681311468246,36.128587700847362,40,92565,45
p002058,r0018,29,2.1499999999999999,0.20000000000000001,-67.118283373638334,61.579496232409525,35.38994031119995,26,92610,45
p002059,r0016,13,2.6000000000000001,0.52000000000000002,-59.723140218378305,59.788951542440898,-2.8073361731850897,26,92655,45
p002060,r0019,8,3.5,0.20000000000000001,-93.759977665712512,68.055895453921323,36.142720829994559,36,92700,45
p002061,r0010,20,3.9500000000000002,0.83999999999999997,-70.502520860191439,117.43832023246119,-39.981986285367029,39,92745,45
p002062,r0027,20,1.7,0.83999999999999997,-63.876218465445135,81.793296408887187,-41.019096085551965,26,92790,45
p002063,r0023,8,5.2999999999999998,0.52000000000000002,-60.418760853335272,60.192621383004777,-2.075297379892052,40,92835,45
p002064,r0028,20,3.9500000000000002,0.52000000000000002,-59.664619704236522,59.975174094481524,-1.7875186808518635,40,92880,45
p002065,r0010,13,5.2999999999999998,0.20000000000000001,-59.619719592393778,60.2898914506412,35.857969242034201,40,92925,45
p002066,r0017,13,2.6000000000000001,0.52000000000000002,-59.957661082727675,60.396595347372262,-1.7376179962797054,26,92970,45
p002067,r0029,20,3.9500000000000002,0.83999999999999997,-59.5418181509785,60.08555033443367,-39.951439193312545,39,93015,45
p002068,r0024,20,4.8499999999999996,0.83999999999999997,-62.220520848145938,71.010471135994607,-41.353562130683443,40,93060,45
p002069,r0003,13,2.1499999999999999,0.52000000000000002,-59.112611963567694,59.77539214149423,-1.5963699931379722,26,93105,45
p002070,r0008,20,2.6000000000000001,0.52000000000000002,-60.948048407047224,59.650472270780028,-2.6107584816901435,26,93150,45
p002071,r0028,8,4.8499999999999996,0.83999999999999997,-61.353668686408319,66.637933768304762,-41.325012293654225,40,93195,45
p002072,r0022,29,4.8499999999999996,0.20000000000000001,-66.518270689661506,62.010033129498211,36.754372365666271,40,93240,45
p002073,r0013,20,3.5,0.52000000000000002,-60.456837355894621,60.737984003512835,-2.733323103379047,27,93285,45
p002074,r0020,8,3.5,0.83999999999999997,-59.864037640740619,61.557801122764786,-39.986543438579744,29,93330,45
p002075,r0013,8,3.0499999999999998,0.20000000000000001,-59.599423111705065,60.430707713411437,36.874681548388139,29,93375,45
p002076,r0022,13,3.0499999999999998,0.52000000000000002,-60.566479202590664,59.55203632315807,-2.4595917502312714,26,93420,45
p002077,r0002,8,2.1499999999999999,0.83999999999999997,-64.876941236319425,87.680854819626774,-40.017693867368038,26,93465,45
p002078,r0003,29,2.6000000000000001,0.20000000000000001,-72.802112601278793,62.7482390487815,36.088168718769438,26,93510,45
p002079,r0001,29,4.4000000000000004,0.20000000000000001,-59.78070212096646,60.477492704831988,36.875853739672294,40,93555,45
p002080,r0003,20,3.9500000000000002,0.83999999999999997,-59.669252951405184,60.348769068054764,-40.016369428291583,39,93600,45
p002081,r0025,29,4.4000000000000004,0.83999999999999997,-60.39104695258451,60.094066721964403,-40.663428764656679,40,93645,45
p002082,r0011,29,4.8499999999999996,0.20000000000000001,-60.536472799024864,59.686445634826292,36.091861948056064,40,93690,45
p002083,r0029,13,2.6000000000000001,0.20000000000000001,-63.503896191449655,61.090153142718535,36.621343275884897,26,93735,45
p002084,r0017,13,2.1499999999999999,0.52000000000000002,-60.88466763746775,60.217947626758296,-3.2054123106392511,26,93780,45
p002085,r0026,29,2.1499999999999999,0.52000000000000002,-59.940146827566707,60.091238558223921,-2.7750818423872063,26,93825,45
p002086,r0009,20,3.0499999999999998,0.20000000000000001,-70.204164747794309,62.831633989064066,36.674474241692394,26,93870,45
p002087,r0006,8,3.5,0.20000000000000001,-60.235588117298363,60.135293502836568,36.511117178809585,37,93915,45
p002088,r0006,8,5.2999999999999998,0.52000000000000002,-60.425105329373935,59.780605222921622,-3.1763642642720713,40,93960,45
p002089,r0009,8,4.4000000000000004,0.20000000000000001,-92.380369850146195,68.052626000306986,36.416026830216353,40,94005,45
p002090,r0011,20,3.9500000000000002,0.52000000000000002,-60.04652674255194,59.92843718222796,-2.9085440586575873,40,94050,45
p002091,r0008,8,4.8499999999999996,0.83999999999999997,-59.656982986316493,60.394216932531151,-40.898790999300871,40,94095,45
p002092,r0021,29,3.5,0.52000000000000002,-60.043373362348966,60.20796140837809,-1.8727326723999795,26,94140,45
p002093,r0026,29,3.9500000000000002,0.52000000000000002,-59.504666261762154,59.750217504609125,-1.8123220539039437,40,94185,45
p002094,r0006,29,3.5,0.20000000000000001,-59.975049825655645,59.315665496894354,35.007522432384349,40,94230,45
p002095,r0017,20,1.7,0.83999999999999997,-59.756096976332536,60.234607644224589,-41.007584237043396,26,94275,45
p002096,r0019,29,3.5,0.83999999999999997,-61.282402410569439,66.40252529749344,-41.302813977279371,26,94320,45
p002097,r0028,13,3.5,0.83999999999999997,-67.127621025699682,98.323015034347165,-40.205519256092202,27,94365,45
p002098,r0010,8,4.8499999999999996,0.83999999999999997,-70.707581200678518,116.56364289582623,-40.29418534523775,40,94410,45
p002099,r0008,8,4.4000000000000004,0.52000000000000002,-60.130504743873075,59.698163497399719,-2.1627439880621351,40,94455,45
p002100,r0021,29,1.7,0.52000000000000002,-60.13659296793697,60.479703452772803,-2.6907706859962817,26,94500,45
p002101,r0018,13,3.0499999999999998,0.52000000000000002,-59.887716047800225,59.796883640773714,-1.9891081972847389,26,94545,45
p002102,r0012,29,2.1499999999999999,0.83999999999999997,-76.791673270165091,147.32102755062505,-41.383641138838655,26,94590,45
p002103,r0027,13,5.2999999999999998,0.20000000000000001,-75.925423770898419,64.203549618511531,36.627754940629544,40,94635,45
p002104,r0010,13,2.1499999999999999,0.52000000000000002,-59.787844120029398,59.798979473575692,-2.8361687950989536,26,94680,45
p002105,r0016,29,3.5,0.52000000000000002,-60.02544445839667,59.326996767526815,-2.2862726699534006,26,94725,45
p002106,r0013,29,3.5,0.52000000000000002,-60.540540778497501,60.171486095258047,-2.1487678790948435,26,94770,45
p002107,r0013,8,2.6000000000000001,0.20000000000000001,-60.267650075816007,60.433721820792769,35.843447441471014,27,94815,45
p002108,r0006,8,4.8499999999999996,0.83999999999999997,-64.817163949260063,87.019079286204459,-40.073365031585723,40,94860,45
p002109,r0021,8,2.1499999999999999,0.52000000000000002,-60.309910607342424,59.887801369233166,-2.1650088585861438,26,94905,45
p002110,r0011,20,4.8499999999999996,0.20000000000000001,-60.380800299541519,60.294563902675797,36.609491062232337,40,94950,45
p002111,r0008,29,2.6000000000000001,0.20000000000000001,-59.86679931880829,60.301232273224059,35.817625954817586,26,94995,45
p002112,r0012,29,3.5,0.52000000000000002,-60.490719742544734,59.627933251419655,-2.383766305441827,26,95040,45
p002113,r0029,20,4.8499999999999996,0.52000000000000002,-59.948208600394459,60.200924085937338,-2.7266249109551994,40,95085,45
p002114,r0013,13,1.7,0.20000000000000001,-63.302953518630147,61.006145770543014,35.694325912708379,26,95130,45
p002115,r0005,13,5.2999999999999998,0.20000000000000001,-114.38017475208673,73.981130458148513,35.858869416101463,40,95175,45
p002116,r0000,29,3.5,0.52000000000000002,-59.640753587824207,60.027670263794775,-1.7499101390470984,26,95220,45
p002117,r0025,8,2.1499999999999999,0.52000000000000002,-59.753521338551742,59.764314162717319,-1.9349602979425982,26,95265,45
p002118,r0015,13,4.8499999999999996,0.52000000000000002,-59.702019421863049,60.072157139749358,-2.6604146722890976,40,95310,45
p002119,r0022,29,2.1499999999999999,0.83999999999999997,-61.965832736981902,70.050172599619941,-41.293271883125598,26,95355,45
p002120,r0027,13,1.7,0.52000000000000002,-59.520691020754583,59.604137882701508,-2.7907731470956607,26,95400,45
p002121,r0027,13,4.8499999999999996,0.52000000000000002,-59.529044775194762,59.767062204628843,-1.8169134248794336,40,95445,45
p002122,r0004,13,3.0499999999999998,0.20000000000000001,-73.268850162047485,63.278887364265586,36.419339859002974,28,95490,45
p002123,r0015,13,1.7,0.20000000000000001,-60.206270109967392,60.031180229225853,36.433690161387204,26,95535,45
p002124,r0009,29,2.1499999999999999,0.20000000000000001,-59.916122756932943,60.165507514335324,35.699181460081668,26,95580,45
p002125,r0003,13,4.8499999999999996,0.20000000000000001,-62.041673386789896,60.580649054233604,36.506184566028907,40,95625,45
p002126,r0023,8,4.4000000000000004,0.20000000000000001,-59.877380682796563,60.259081930021679,35.781789407458028,40,95670,45
p002127,r0012,8,3.0499999999999998,0.20000000000000001,-59.744486116102607,60.039498840631438,35.632701849284629,30,95715,45
p002128,r0001,20,2.6000000000000001,0.83999999999999997,-62.042851515134117,74.221371371313978,-40.69057585330242,26,95760,45
p002129,r0010,8,2.1499999999999999,0.83999999999999997,-61.157957500614842,65.450816808007431,-40.450553611235264,26,95805,45
p002130,r0018,20,3.5,0.20000000000000001,-60.460343611308787,59.426198514442525,35.898890089292266,40,95850,45
p002131,r0018,8,4.4000000000000004,0.20000000000000001,-93.148850982335404,68.430190222454257,35.664381981496319,40,95895,45
p002132,r0009,13,3.5,0.20000000000000001,-65.60949094797536,61.603703634671874,35.711064718142424,39,95940,45
p002133,r0026,29,3.0499999999999998,0.52000000000000002,-60.064064083986089,59.53806462686034,-2.2050423027798045,26,95985,45
p002134,r0019,13,4.4000000000000004,0.83999999999999997,-59.839879737904184,59.678249965127669,-41.166978985419085,40,96030,45
p002135,r0010,8,5.2999999999999998,0.83999999999999997,-66.656794060241921,93.492844565646891,-40.58285188009971,40,96075,45
p002136,r0029,20,2.6000000000000001,0.83999999999999997,-60.682553109158128,61.210009310352341,-41.629743122036452,26,96120,45
p002137,r0027,20,4.8499999999999996,0.52000000000000002,-59.845886612751954,60.083126859182229,-1.8299601462235515,40,96165,45
p002138,r0007,8,4.8499999999999996,0.83999999999999997,-61.877015586876176,71.016402978656572,-40.164068616390935,40,96210,45
p002139,r0008,13,4.4000000000000004,0.52000000000000002,-59.633961950046469,60.410264864852834,-2.4627330788948045,40,96255,45
p002140,r0028,8,3.0499999999999998,0.20000000000000001,-60.22054703375386,60.214562146224196,35.677540310228579,30,96300,45
p002141,r0029,20,2.1499999999999999,0.20000000000000001,-66.942458822984406,61.719034724218602,36.436736014778006,26,96345,45
p002142,r0007,20,3.9500000000000002,0.20000000000000001,-66.233657485149877,61.548619888418521,35.542164413704839,40,96390,45
p002143,r0000,13,2.1499999999999999,0.20000000000000001,-60.070501089672284,59.852585178089079,35.417967924536804,26,96435,45
p002144,r0002,8,2.1499999999999999,0.52000000000000002,-59.286312171309326,59.903039886310118,-2.5254231836519923,26,96480,45
p002145,r0021,13,5.2999999999999998,0.83999999999999997,-71.780552489875248,123.77426651855427,-40.041781448526521,40,96525,45
p002146,r0000,13,4.4000000000000004,0.52000000000000002,-59.898651112708016,60.197220961812086,-2.7026325169383698,40,96570,45
p002147,r0006,13,5.2999999999999998,0.83999999999999997,-59.694904453833082,60.664776063698845,-39.987355571027969,40,96615,45
p002148,r0025,29,2.1499999999999999,0.20000000000000001,-59.573911012204945,59.714958767047612,35.407184811197098,26,96660,45
p002149,r0003,20,3.9500000000000002,0.52000000000000002,-59.750829568971668,60.24417594840844,-2.6032269206292158,40,96705,45
p002150,r0024,29,4.4000000000000004,0.52000000000000002,-59.774420144617771,60.415133164815906,-2.533434556089607,40,96750,45
p002151,r0002,20,1.7,0.52000000000000002,-60.027775613818768,59.671939643720258,-3.0219122902000395,26,96795,45
p002152,r0021,8,2.1499999999999999,0.83999999999999997,-60.15363630914338,60.338141627252988,-41.324951839319972,26,96840,45
p002153,r0009,13,4.8499999999999996,0.83999999999999997,-61.230183111655194,71.625383649934676,-39.523292429800804,40,96885,45
p002154,r0002,8,4.8499999999999996,0.52000000000000002,-60.103415923295309,60.112328755422105,-1.9498584775109535,40,96930,45
p002155,r0011,8,2.6000000000000001,0.52000000000000002,-59.934645992417508,59.845628181349831,-1.9901143890091888,26,96975,45
p002156,r0005,20,5.2999999999999998,0.83999999999999997,-68.783072291161716,109.22487561380186,-39.851800626367535,40,97020,45
p002157,r0028,29,3.9500000000000002,0.83999999999999997,-70.099539070171019,115.37854010537434,-39.973046402083753,40,97065,45
p002158,r0024,29,1.7,0.52000000000000002,-59.99282909492365,60.822793908149634,-1.5513300534484771,26,97110,45
p002159,r0003,8,2.1499999999999999,0.20000000000000001,-60.31949476133039,59.913545905210512,35.416937771902326,26,97155,45
p002160,r0027,29,4.4000000000000004,0.52000000000000002,-60.093565666348518,59.891265373588944,-2.0508467671785366,40,97200,45
p002161,r0023,13,1.7,0.83999999999999997,-66.255478574427912,92.475130910001738,-40.408581056919161,26,97245,45
p002162,r0010,20,4.8499999999999996,0.52000000000000002,-59.697539111923156,60.059125924919393,-1.7643398942387336,40,97290,45
p002163,r0021,20,3.9500000000000002,0.20000000000000001,-60.217762388982287,60.087582666717175,35.57651365557728,40,97335,45
p002164,r0005,13,4.4000000000000004,0.20000000000000001,-60.258615407535061,59.866304898999402,35.391320837692504,40,97380,45
p002165,r0008,29,4.8499999999999996,0.52000000000000002,-59.846191867202585,60.58402080304068,-2.4896897854858198,40,97425,45
p002166,r0018,20,4.4000000000000004,0.20000000000000001,-105.80219923058033,71.2397451783268,35.38135629654537,40,97470,45
p002167,r0008,13,1.7,0.20000000000000001,-60.014186123009303,59.918938137738785,35.482313285589164,26,97515,45
p002168,r0009,29,2.6000000000000001,0.20000000000000001,-82.358879205748664,65.408031217972308,36.304649133228118,26,97560,45
p002169,r0014,8,3.5,0.83999999999999997,-73.900054915368315,134.63447321369532,-40.084530414718117,28,97605,45
p002170,r0028,29,3.9500000000000002,0.52000000000000002,-59.648073656135558,60.443938290824441,-2.4539079215947597,40,97650,45
p002171,r0010,8,2.6000000000000001,0.20000000000000001,-64.587638027800097,61.193398855695733,35.587191478996559,26,97695,45
p002172,r0001,29,4.8499999999999996,0.52000000000000002,-60.141854340942722,59.703829767615879,-2.1659259688345953,40,97740,45
p002173,r0017,20,3.0499999999999998,0.20000000000000001,-63.075487553707241,60.86111473696694,36.523794278832099,26,97785,45
p002174,r0024,8,4.8499999999999996,0.83999999999999997,-68.06442283602712,101.90767503260965,-40.418887177045207,40,97830,45
p002175,r0023,29,2.1499999999999999,0.20000000000000001,-60.14502355028938,60.382945814619561,35.827351941637772,26,97875,45
p002176,r0014,29,3.9500000000000002,0.52000000000000002,-59.824514453284309,60.033753654870978,-1.8425457613697731,40,97920,45
p002177,r0000,8,2.1499999999999999,0.20000000000000001,-60.299997284673623,59.859647375622458,35.377718443563239,26,97965,45
p002178,r0005,29,4.8499999999999996,0.20000000000000001,-92.925187601220514,67.688017955641641,35.1153768442692,40,98010,45
p002179,r0013,8,2.1499999999999999,0.20000000000000001,-69.650430144389944,62.258070823271645,35.426370629739324,26,98055,45
p002180,r0018,8,4.4000000000000004,0.52000000000000002,-59.915178055939954,60.387326008717984,-2.6199761049041443,40,98100,45
p002181,r0023,29,2.6000000000000001,0.52000000000000002,-59.975018154063335,59.933486488632397,-2.868935925569386,26,98145,45
p002182,r0021,20,2.6000000000000001,0.83999999999999997,-63.90251512805704,80.231302069765462,-40.391104376405437,26,98190,45
p002183,r0004,29,2.1499999999999999,0.52000000000000002,-60.091583940197651,60.508452625585321,-1.7535663886218302,26,98235,45
p002184,r0003,29,3.0499999999999998,0.83999999999999997,-63.63872983629269,78.543432205072975,-40.439583909674184,26,98280,45
p002185,r0018,13,2.6000000000000001,0.83999999999999997,-60.249598940321619,60.340187645723596,-40.505233086554377,26,98325,45
p002186,r0027,20,2.6000000000000001,0.52000000000000002,-60.499996984610867,60.222964903058489,-2.1029752785295797,26,98370,45
p002187,r0011,20,1.7,0.20000000000000001,-60.00408244180899,59.877773171345467,36.351402048714576,26,98415,45
p002188,r0000,13,4.8499999999999996,0.52000000000000002,-60.000926830588355,60.09978565609606,-1.9025848369798368,40,98460,45
p002189,r0007,29,4.4000000000000004,0.52000000000000002,-59.525398075526084,59.866939519410522,-2.6670760299565162,40,98505,45
p002190,r0028,8,2.6000000000000001,0.52000000000000002,-59.382573326136345,60.282384393679386,-1.4933936206247964,26,98550,45
p002191,r0013,29,1.7,0.20000000000000001,-60.374347160024087,59.400327078326484,35.89539223065637,26,98595,45
p002192,r0028,8,2.6000000000000001,0.83999999999999997,-67.397664176747824,95.822273037109824,-41.732474222530598,26,98640,45
p002193,r0014,29,3.5,0.52000000000000002,-59.908263308760098,60.37017206934874,-1.7246143272678609,26,98685,45
p002194,r0000,29,4.8499999999999996,0.20000000000000001,-59.977129386737182,60.351700797899248,35.835934760971959,40,98730,45
p002195,r0015,8,2.6000000000000001,0.20000000000000001,-60.885180008821379,59.917041907578678,35.306597524298667,26,98775,45
p002196,r0015,20,2.1499999999999999,0.52000000000000002,-59.562238596521439,60.513158330741987,-2.3760480714349983,26,98820,45
p002197,r0018,20,3.9500000000000002,0.52000000000000002,-59.544168916603034,59.702825237053396,-1.8556117228479494,40,98865,45
p002198,r0017,13,2.1499999999999999,0.20000000000000001,-60.568917179046053,60.286988771181825,35.665807581136249,26,98910,45
p002199,r0021,8,3.5,0.20000000000000001,-74.389197098577171,63.356103406850409,36.257043305764896,37,98955,45
p002200,r0014,29,2.6000000000000001,0.83999999999999997,-69.98982640191835,113.86806800165253,-41.022563297347006,26,99000,45
p002201,r0009,8,2.6000000000000001,0.83999999999999997,-69.612816783683101,107.48793756828547,-41.726696087368126,26,99045,45
p002202,r0008,8,3.5,0.83999999999999997,-60.229091999302021,61.173720735937962,-41.254641961663623,28,99090,45
p002203,r0004,8,2.6000000000000001,0.83999999999999997,-68.334459091323154,104.99198816606739,-41.052227530140684,26,99135,45
p002204,r0022,29,1.7,0.83999999999999997,-70.466960790774039,116.30238060629529,-41.033866167242948,26,99180,45
p002205,r0021,8,3.0499999999999998,0.20000000000000001,-60.227031276478954,60.88820397652573,36.215156925924788,29,99225,45
p002206,r0028,8,5.2999999999999998,0.52000000000000002,-60.369979649567817,60.028178817426728,-2.1288635854104383,40,99270,45
p002207,r0000,29,2.6000000000000001,0.83999999999999997,-71.227232301073101,115.28132094935651,-40.935863781004329,26,99315,45
p002208,r0009,13,3.0499999999999998,0.83999999999999997,-76.066387270516543,144.02388947090731,-41.301942991888737,26,99360,45
p002209,r0018,20,5.2999999999999998,0.52000000000000002,-59.817626074730597,60.322700778354616,-2.6002691852496982,40,99405,45
p002210,r0003,13,4.4000000000000004,0.20000000000000001,-60.554327843385536,59.764966298389425,36.151107470034432,40,99450,45
p002211,r0028,29,3.0499999999999998,0.83999999999999997,-59.9680490227273,59.7151461416872,-41.268737796420979,26,99495,45
p002212,r0004,20,4.4000000000000004,0.83999999999999997,-59.151327229611383,60.949475511219163,-39.485198791078489,40,99540,45
p002213,r0027,20,3.9500000000000002,0.52000000000000002,-59.963305819536117,60.122424360935582,-2.7721553329097022,40,99585,45
p002214,r0009,20,2.1499999999999999,0.83999999999999997,-59.467967574740761,60.131873885109833,-39.881992941164661,26,99630,45
p002215,r0018,13,3.5,0.20000000000000001,-60.030153919908457,59.806856490305449,35.389454408262665,39,99675,45
p002216,r0029,29,2.6000000000000001,0.52000000000000002,-60.210812496862381,60.156315616175227,-1.9845910026043285,26,99720,45
p002217,r0019,13,1.7,0.83999999999999997,-60.20380886215694,59.737210424352028,-40.563245776315497,26,99765,45
p002218,r0026,20,3.0499999999999998,0.83999999999999997,-61.251165377257493,67.064598798598936,-40.270643109120456,26,99810,45
p002219,r0026,20,2.6000000000000001,0.20000000000000001,-77.309417401695086,64.251934481983128,36.389664105247491,26,99855,45
p002220,r0020,13,3.5,0.52000000000000002,-60.040395646196686,60.030979751380386,-1.9561354553596957,27,99900,45
p002221,r0018,29,3.9500000000000002,0.52000000000000002,-60.163109678510878,60.177083822681766,-1.9498167979384136,40,99945,45
p002222,r0028,8,4.8499999999999996,0.52000000000000002,-59.59790128035641,59.9486552836144,-1.7655541296504211,40,99990,45
p002223,r0014,13,4.4000000000000004,0.83999999999999997,-77.093639084784925,149.06307848192793,-40.458564274110884,40,100035,45
p002224,r0021,13,3.5,0.52000000000000002,-60.793349127471622,59.502194590921569,-3.5014881426428959,28,100080,45
p002225,r0025,13,4.8499999999999996,0.83999999999999997,-62.299365328693796,70.811310303460175,-40.551657227549157,40,100125,45
p002226,r0026,29,2.6000000000000001,0.20000000000000001,-60.281209038636291,60.567309126003792,35.94760549307577,26,100170,45
p002227,r0015,8,4.8499999999999996,0.20000000000000001,-101.40743640730373,69.818026157016249,35.122933644152248,40,100215,45
p002228,r0000,13,2.1499999999999999,0.52000000000000002,-60.061137342431273,59.546474778864869,-2.199483524209124,26,100260,45
p002229,r0011,8,5.2999999999999998,0.52000000000000002,-59.979391287205601,60.869999470075186,-1.5216837237108252,40,100305,45
p002230,r0007,29,4.8499999999999996,0.83999999999999997,-68.356586591345163,102.01761237147301,-40.646714757294248,40,100350,45
p002231,r0013,13,2.1499999999999999,0.52000000000000002,-59.305061924551218,59.940553328060552,-2.5171666032975724,26,100395,45
p002232,r0011,20,2.1499999999999999,0.83999999999999997,-59.660211222036665,59.810090402685724,-40.094962962081077,26,100440,45
p002233,r0015,29,1.7,0.83999999999999997,-60.33117905347811,60.396323519499262,-40.564778641801723,26,100485,45
p002234,r0011,20,2.6000000000000001,0.20000000000000001,-70.751813926385495,62.719025843485539,36.474857889511341,26,100530,45
p002235,r0029,8,2.6000000000000001,0.83999999999999997,-68.343360426918579,102.80474418899078,-40.509663688373067,26,100575,45
p002236,r0013,20,2.6000000000000001,0.20000000000000001,-73.728644947373382,63.238950311893362,35.395431260040013,26,100620,45
p002237,r0004,20,2.6000000000000001,0.83999999999999997,-72.190489648511843,124.06741591207388,-40.339224758818119,26,100665,45
p002238,r0006,20,3.9500000000000002,0.83999999999999997,-67.746009221743549,94.346532627431941,-41.36120252587547,39,100710,45
p002239,r0024,20,4.4000000000000004,0.52000000000000002,-60.692666148128843,60.050653555393474,-3.1858726904381358,40,100755,45
p002240,r0015,29,2.6000000000000001,0.20000000000000001,-59.70715565994152,59.76560372644321,36.321051849166267,26,100800,45
p002241,r0002,8,2.6000000000000001,0.20000000000000001,-59.700040533608302,60.028662830655747,35.632922157802938,26,100845,45
p002242,r0000,20,1.7,0.52000000000000002,-60.090647485974912,60.128874835387265,-1.9352767717210668,26,100890,45
p002243,r0011,8,4.4000000000000004,0.83999999999999997,-59.904863749464823,61.883475005266028,-40.868729548707897,39,100935,45
p002244,r0015,29,2.1499999999999999,0.83999999999999997,-61.560920690144918,69.486480371156603,-41.043336520336666,26,100980,45
p002245,r0006,29,2.1499999999999999,0.20000000000000001,-59.480993065258339,59.729456251739947,35.437366388340287,26,101025,45
p002246,r0001,29,2.6000000000000001,0.83999999999999997,-64.008134954161335,82.097336244015565,-40.181259562453022,26,101070,45
p002247,r0022,29,1.7,0.52000000000000002,-60.703430143289886,60.374298028885427,-3.036120620645737,26,101115,45
p002248,r0026,13,2.1499999999999999,0.52000000000000002,-60.042442958910165,59.644189155145462,-2.1428595441634668,26,101160,45
p002249,r0004,20,3.0499999999999998,0.52000000000000002,-60.122771198557643,59.915531444759509,-2.0543859297654121,26,101205,45
p002250,r0012,13,5.2999999999999998,0.52000000000000002,-59.847277004828513,59.390140142385306,-3.0633167741658811,40,101250,45
p002251,r0000,20,4.4000000000000004,0.52000000000000002,-60.02397396146084,60.156983526293857,-2.7871143673385861,40,101295,45
p002252,r0007,8,2.1499999999999999,0.20000000000000001,-62.589294256757512,60.440198040453353,36.284299581011183,26,101340,45
p002253,r0015,29,3.0499999999999998,0.20000000000000001,-60.327971676163259,59.703419878647324,35.247141567685205,26,101385,45
p002254,r0025,8,3.5,0.20000000000000001,-59.745381527500761,60.010737435679168,35.609513643043179,36,101430,45
p002255,r0019,20,4.4000000000000004,0.20000000000000001,-59.647944448387577,60.310909534817846,36.769138738176764,40,101475,45
p002256,r0008,8,3.5,0.20000000000000001,-59.921156750430299,60.082663016080545,36.531899062778379,37,101520,45
p002257,r0028,13,2.1499999999999999,0.20000000000000001,-60.700718743694978,59.61055517764386,35.098300393376093,26,101565,45
p002258,r0018,13,4.4000000000000004,0.83999999999999997,-79.355406185044899,161.61843852513053,-40.349591031416807,40,101610,45
p002259,r0019,13,1.7,0.52000000000000002,-59.450976129235848,59.986150218855862,-1.6711554821518277,26,101655,45
p002260,r0011,29,4.8499999999999996,0.83999999999999997,-66.403879850877729,92.148762550911073,-41.485457066591508,40,101700,45
p002261,r0017,8,3.5,0.83999999999999997,-72.26049760634686,121.69789916547398,-41.677154122855526,28,101745,45
p002262,r0013,8,2.1499999999999999,0.83999999999999997,-64.538732286149823,82.886045396578439,-40.500767856913299,26,101790,45
p002263,r0020,29,3.5,0.52000000000000002,-60.365347594676528,60.407964204076301,-2.8441579312751744,26,101835,45
p002264,r0008,20,3.0499999999999998,0.83999999999999997,-75.317203709234064,138.27659716627235,-40.692195569153014,26,101880,45
p002265,r0013,8,3.0499999999999998,0.83999999999999997,-59.995846553594298,60.149639519223093,-41.222568781943515,26,101925,45
p002266,r0008,29,4.4000000000000004,0.20000000000000001,-60.777374056570963,59.721779712259092,35.171948958493076,40,101970,45
p002267,r0011,13,5.2999999999999998,0.83999999999999997,-71.972986641505543,123.83177527464596,-40.194224734921292,40,102015,45
p002268,r0016,20,2.6000000000000001,0.20000000000000001,-107.0496283711944,71.165822172058014,35.072732063407528,26,102060,45
p002269,r0018,20,4.8499999999999996,0.20000000000000001,-59.460040161071007,60.369093824590621,35.953267027458296,40,102105,45
p002270,r0018,8,3.9500000000000002,0.20000000000000001,-60.500771989405607,60.260589094410719,36.558316877647457,40,102150,45
p002271,r0012,13,4.4000000000000004,0.83999999999999997,-63.610207002161459,78.003745250092663,-41.401974641800805,40,102195,45
p002272,r0002,29,1.7,0.52000000000000002,-59.763182963450852,60.387506675724261,-1.6408519366468,26,102240,45
p002273,r0025,13,3.0499999999999998,0.20000000000000001,-59.672953757855495,59.959335846547972,36.482877925667282,27,102285,45
p002274,r0005,20,3.9500000000000002,0.52000000000000002,-60.31074249038663,59.920588696813226,-2.1497035205307027,40,102330,45
p002275,r0023,29,4.8499999999999996,0.20000000000000001,-60.566830800437721,60.302257557566215,36.57843988596543,40,102375,45
p002276,r0019,29,4.8499999999999996,0.20000000000000001,-59.668733137311236,59.702814244267842,35.378504767952023,40,102420,45
p002277,r0010,20,5.2999999999999998,0.83999999999999997,-66.382483476304401,97.659567827932023,-39.685755267626561,40,102465,45
p002278,r0008,13,5.2999999999999998,0.52000000000000002,-59.300061010472866,59.758721845983068,-2.6018452393740192,40,102510,45
p002279,r0016,20,2.6000000000000001,0.52000000000000002,-59.917863058784931,60.143559296999072,-2.7383803280086143,26,102555,45
p002280,r0027,13,2.1499999999999999,0.52000000000000002,-60.695996544460705,60.037988510860266,-2.2936837179066414,26,102600,45
p002281,r0010,20,2.1499999999999999,0.83999999999999997,-61.159174510642607,69.787074914447558,-40.65777460262818,26,102645,45
p002282,r0025,13,2.1499999999999999,0.20000000000000001,-101.39729726214716,70.340941192308946,36.443293501417727,26,102690,45
p002283,r0012,20,3.9500000000000002,0.83999999999999997,-59.752030552639496,60.42564826703137,-40.07360194149215,39,102735,45
p002284,r0012,8,5.2999999999999998,0.83999999999999997,-61.773457156250821,69.108943902466223,-41.2822729868561,40,102780,45
p002285,r0016,20,3.5,0.52000000000000002,-59.866034711163358,60.005572599549716,-2.7776632020210856,26,102825,45
p002286,r0029,8,2.6000000000000001,0.20000000000000001,-70.029358149562015,62.909485476616297,36.771716751380637,26,102870,45
p002287,r0029,29,4.4000000000000004,0.83999999999999997,-68.654257924461021,102.82076797002975,-41.6682537813425,40,102915,45
p002288,r0021,20,4.8499999999999996,0.52000000000000002,-59.897265955864071,60.55718276257565,-1.6291305710130104,40,102960,45
p002289,r0010,29,3.0499999999999998,0.52000000000000002,-60.333111137124483,59.78422267082582,-2.2267909093083373,26,103005,45
p002290,r0022,20,3.5,0.83999999999999997,-61.953102105395928,67.625200025222668,-40.770573764496945,26,103050,45
p002291,r0019,8,3.9500000000000002,0.52000000000000002,-59.78779681488458,60.798101726666722,-1.4565655149399561,38,103095,45
p002292,r0025,8,3.5,0.52000000000000002,-60.290393209176408,60.468805703497488,-1.8759777310929409,29,103140,45
p002293,r0026,8,3.5,0.52000000000000002,-59.575880819355525,59.618586059992445,-2.8125367172685047,30,103185,45
p002294,r0002,29,4.8499999999999996,0.20000000000000001,-64.667848922677507,60.745020228987826,36.112446398654761,40,103230,45
p002295,r0013,8,3.5,0.52000000000000002,-59.706460323500082,59.316409447902871,-3.0254828332266657,30,103275,45
p002296,r0015,13,4.4000000000000004,0.20000000000000001,-117.90624315279362,74.861348490061957,36.757830161490844,40,103320,45
p002297,r0012,8,4.8499999999999996,0.20000000000000001,-67.164033040238294,61.701644230279385,36.378508776175849,40,103365,45
p002298,r0013,20,4.4000000000000004,0.83999999999999997,-60.508868046157481,60.35278365554494,-40.721003773885087,40,103410,45
p002299,r0020,8,5.2999999999999998,0.20000000000000001,-118.56642275882157,75.260279286272123,36.044938877253379,40,103455,45
p002300,r0012,20,5.2999999999999998,0.83999999999999997,-66.628253160199904,92.964271225642406,-40.643449258465125,40,103500,45
p002301,r0019,20,1.7,0.83999999999999997,-73.53308524474636,128.7712644161636,-41.614389299000763,26,103545,45
p002302,r0020,8,3.9500000000000002,0.52000000000000002,-59.775885193867204,60.805944792202972,-2.3466068005535208,38,103590,45
p002303,r0026,20,2.6000000000000001,0.52000000000000002,-59.693461551364422,59.713281325757279,-1.9282249703460039,26,103635,45
p002304,r0009,8,3.5,0.52000000000000002,-59.658779347574217,58.966671024274227,-3.1685631690869629,31,103680,45
p002305,r0000,13,2.6000000000000001,0.20000000000000001,-59.837881723054494,60.219144624355778,36.657739354873726,26,103725,45
p002306,r0018,20,3.0499999999999998,0.83999999999999997,-59.593641335006836,59.939955257129682,-40.918265880264997,26,103770,45
p002307,r0024,8,3.0499999999999998,0.83999999999999997,-66.970153518333575,97.529053385619335,-40.200280413701094,26,103815,45
p002308,r0005,29,2.6000000000000001,0.83999999999999997,-62.584496347393625,75.969120713662079,-39.965917617624712,26,103860,45
p002309,r0028,13,4.4000000000000004,0.83999999999999997,-67.701650332121275,98.57268051733719,-41.547757396207913,40,103905,45
p002310,r0010,8,4.8499999999999996,0.52000000000000002,-59.69760663086133,59.992743829440968,-1.7962384099162307,40,103950,45
p002311,r0004,29,4.4000000000000004,0.83999999999999997,-76.124530585076087,145.47671135997206,-40.218331873868365,40,103995,45
p002312,r0027,8,2.1499999999999999,0.52000000000000002,-59.683306708831225,60.014233051886123,-1.7784876236869025,26,104040,45
p002313,r0009,8,5.2999999999999998,0.20000000000000001,-60.025156937995,59.497603539283993,35.143051443828192,40,104085,45
p002314,r0000,8,3.0499999999999998,0.52000000000000002,-60.234443991832563,59.502208194562655,-3.2108509423628577,26,104130,45
p002315,r0025,8,3.0499999999999998,0.83999999999999997,-60.479740997178006,59.847540035271038,-41.677376031986157,26,104175,45
p002316,r0017,13,4.8499999999999996,0.83999999999999997,-62.598394542995266,72.943151777560075,-40.461747131706403,40,104220,45
p002317,r0015,8,3.0499999999999998,0.83999999999999997,-60.27271011110399,59.610143903073748,-40.64145346883555,26,104265,45
p002318,r0003,29,2.1499999999999999,0.52000000000000002,-58.894810838329462,59.700102156570281,-1.5192526007775868,26,104310,45
p002319,r0014,20,3.0499999999999998,0.20000000000000001,-60.136893163783178,60.010572582660345,36.431079433371643,26,104355,45
p002320,r0003,8,3.0499999999999998,0.20000000000000001,-85.290013267816335,66.755785692374644,35.896625900336446,29,104400,45
p002321,r0026,29,3.5,0.20000000000000001,-75.334093635195146,63.984528331976087,35.670803938541837,40,104445,45
p002322,r0019,13,3.9500000000000002,0.83999999999999997,-67.540476644932923,96.633037807554757,-40.822714332534886,38,104490,45
p002323,r0021,8,3.0499999999999998,0.52000000000000002,-60.592983173313208,60.073573866482256,-2.2230357942113868,26,104535,45
p002324,r0022,8,2.6000000000000001,0.20000000000000001,-60.243652092958129,60.403873652663492,35.824368503539162,27,104580,45
p002325,r0000,20,3.0499999999999998,0.52000000000000002,-59.772580659872226,59.719018629563529,-1.966613000943066,26,104625,45
p002326,r0027,13,1.7,0.83999999999999997,-68.844060200364254,107.54854487776078,-41.071243387864243,26,104670,45
p002327,r0002,20,4.8499999999999996,0.20000000000000001,-59.538874717663163,60.755876562398562,36.246926306386214,40,104715,45
p002328,r0016,13,4.8499999999999996,0.20000000000000001,-79.963612649706135,64.722427543505987,36.235219504863565,40,104760,45
p002329,r0020,13,2.6000000000000001,0.52000000000000002,-60.475036765322827,60.030446395314726,-2.1824048482168008,26,104805,45
p002330,r0004,29,3.9500000000000002,0.20000000000000001,-124.52778716380635,76.435394067396459,36.692757821155894,40,104850,45
p002331,r0011,8,4.4000000000000004,0.52000000000000002,-60.096616681535899,60.220433828570371,-2.7944324366848905,39,104895,45
p002332,r0002,29,2.1499999999999999,0.20000000000000001,-63.707811942444522,60.522905782813766,36.126762237762108,26,104940,45
p002333,r0005,20,1.7,0.83999999999999997,-70.134568693009442,113.41067994901418,-41.217328910285659,26,104985,45
p002334,r0005,20,3.0499999999999998,0.20000000000000001,-60.010955703447451,60.45284212089733,36.810082556028377,26,105030,45
p002335,r0020,13,3.0499999999999998,0.52000000000000002,-60.688139271829087,60.770807167011,-1.9378449811858502,26,105075,45
p002336,r0016,8,3.5,0.83999999999999997,-63.796022217037716,79.118641747055221,-41.379675982782842,28,105120,45
p002337,r0019,8,3.0499999999999998,0.52000000000000002,-60.129171928322116,59.694435598032491,-2.1638403156719077,26,105165,45
p002338,r0003,8,2.1499999999999999,0.83999999999999997,-59.302954695488047,60.020132172297416,-40.661260796642374,26,105210,45
p002339,r0017,20,4.8499999999999996,0.83999999999999997,-67.850134277547355,101.52538391916073,-40.300051366074044,40,105255,45
p002340,r0015,29,3.0499999999999998,0.52000000000000002,-60.225487644611547,60.08440465951918,-2.0267393386288033,26,105300,45
p002341,r0024,29,2.1499999999999999,0.20000000000000001,-60.077197608169769,59.823451361748354,35.39332156776473,26,105345,45
p002342,r0024,20,4.4000000000000004,0.83999999999999997,-70.546933111979016,112.84571362797476,-41.654109633586401,40,105390,45
p002343,r0008,13,2.1499999999999999,0.20000000000000001,-60.155271972639966,60.094045653016693,35.594182127885361,26,105435,45
p002344,r0021,20,4.8499999999999996,0.20000000000000001,-60.36578614404705,59.961473146638696,35.446021288501541,40,105480,45
p002345,r0029,13,3.9500000000000002,0.52000000000000002,-60.367631178778105,59.45752548107847,-3.3015559820469536,39,105525,45
p002346,r0010,13,4.8499999999999996,0.52000000000000002,-60.051048487206991,60.629636971013987,-1.674319467260925,40,105570,45
p002347,r0018,29,4.8499999999999996,0.20000000000000001,-60.29414174534557,60.285559945788833,36.619619607561958,40,105615,45
p002348,r0013,8,3.5,0.20000000000000001,-68.160488128154824,61.984976908943054,35.505883901523475,37,105660,45
p002349,r0013,20,5.2999999999999998,0.52000000000000002,-60.278756436810951,59.843884989272865,-2.1698885522907245,40,105705,45
p002350,r0008,20,3.5,0.20000000000000001,-101.14865760881312,70.088360515929992,35.390956890981364,40,105750,45
p002351,r0018,13,1.7,0.20000000000000001,-63.710152197889251,60.896791486600264,36.425402749702357,26,105795,45
p002352,r0003,20,4.4000000000000004,0.52000000000000002,-59.722181249455417,60.239593809333456,-2.5905292212367614,40,105840,45
p002353,r0018,8,5.2999999999999998,0.83999999999999997,-69.88452324928771,108.75372820788667,-40.852403016139803,40,105885,45
p002354,r0019,20,1.7,0.52000000000000002,-60.189278999613194,60.217608806487831,-2.843972852684705,26,105930,45
p002355,r0003,29,3.9500000000000002,0.83999999999999997,-67.417167287666416,98.780615115808416,-41.275522103110447,40,105975,45
p002356,r0003,13,1.7,0.20000000000000001,-59.673390986956477,60.037631742282613,35.645427196434795,26,106020,45
p002357,r0022,13,3.0499999999999998,0.83999999999999997,-59.791130924684296,59.772671994853134,-40.210922457558304,26,106065,45
p002358,r0013,20,3.0499999999999998,0.52000000000000002,-59.210500741147399,59.52970095738516,-1.7652039258517747,26,106110,45
p002359,r0021,29,2.6000000000000001,0.20000000000000001,-60.569691222027039,59.982218777644555,36.321836777710239,26,106155,45
p002360,r0005,20,4.4000000000000004,0.52000000000000002,-60.529628238692005,59.876545431733398,-3.1846648768878127,40,106200,45
p002361,r0018,20,4.4000000000000004,0.83999999999999997,-60.011931673268123,60.430436411421802,-40.291152779717727,40,106245,45
p002362,r0020,29,3.9500000000000002,0.52000000000000002,-59.725141120642277,60.411625563456809,-2.5094931122747157,40,106290,45
p002363,r0023,20,4.8499999999999996,0.52000000000000002,-60.044477872694451,60.159729790300297,-1.8964581944569716,40,106335,45
p002364,r0023,20,3.9500000000000002,0.52000000000000002,-59.706510266985013,59.744037450104408,-1.9202473627820951,40,106380,45
p002365,r0021,13,2.1499999999999999,0.20000000000000001,-60.695121823077258,60.055770291741283,36.35559186877758,26,106425,45
p002366,r0028,29,3.5,0.20000000000000001,-60.28604540501081,59.322252438697667,35.850592869955975,40,106470,45
p002367,r0005,20,4.4000000000000004,0.83999999999999997,-68.167009755858615,101.02851597358359,-40.645725639147855,40,106515,45
p002368,r0003,29,3.0499999999999998,0.20000000000000001,-59.340569504524261,60.276529819387648,35.903109954605263,26,106560,45
p002369,r0026,20,2.1499999999999999,0.20000000000000001,-60.30815886626916,60.366420990909425,36.681505019473711,26,106605,45
p002370,r0004,20,1.7,0.52000000000000002,-59.714918495901344,60.205626969332798,-2.6030566725889601,26,106650,45
p002371,r0007,13,3.9500000000000002,0.83999999999999997,-68.857677492497785,109.70597467621945,-39.837493145503018,37,106695,45
p002372,r0028,13,2.1499999999999999,0.83999999999999997,-72.786761499382976,128.17642006972346,-40.182652448325925,26,106740,45
p002373,r0016,29,3.5,0.20000000000000001,-60.060029470180638,60.397550222453617,36.756034283926766,40,106785,45
p002374,r0023,8,4.8499999999999996,0.52000000000000002,-60.009834489423802,60.657240029900954,-1.6396387201479243,40,106830,45
p002375,r0001,29,3.9500000000000002,0.83999999999999997,-61.258293367357183,67.499968249378341,-40.206971508679487,40,106875,45
p002376,r0011,29,3.0499999999999998,0.20000000000000001,-59.439715040219383,59.665179564075203,36.294200643216286,26,106920,45
p002377,r0024,13,1.7,0.20000000000000001,-60.336268899309815,60.285395379046875,35.711062523375531,26,106965,45
p002378,r0002,29,3.9500000000000002,0.20000000000000001,-59.889114866333323,60.242503546735264,35.76617986412154,40,107010,45
p002379,r0009,20,1.7,0.20000000000000001,-60.242955913133784,59.852957574742646,36.28377487716736,26,107055,45
p002380,r0013,20,4.8499999999999996,0.20000000000000001,-111.58168609386371,72.8392437321464,36.405057766944381,40,107100,45
p002381,r0008,20,5.2999999999999998,0.20000000000000001,-59.960963008144148,60.002286317909835,35.559636452699039,40,107145,45
p002382,r0011,20,5.2999999999999998,0.20000000000000001,-74.098779781163401,63.383046504584073,36.336681247434583,40,107190,45
p002383,r0017,8,2.6000000000000001,0.52000000000000002,-59.533157574493224,60.142016171890539,-2.5390741762290192,26,107235,45
p002384,r0001,13,2.1499999999999999,0.52000000000000002,-60.00976245521214,60.095761709225528,-1.9091108562820651,26,107280,45
p002385,r0016,8,3.9500000000000002,0.52000000000000002,-60.506263649087565,60.061287659573033,-3.0838390209304807,38,107325,45
p002386,r0011,13,2.1499999999999999,0.20000000000000001,-59.886025915601728,59.47305009232182,35.151234890737108,26,107370,45
p002387,r0004,8,4.8499999999999996,0.52000000000000002,-60.275836075194462,60.408301014302054,-1.8974502722361379,40,107415,45
p002388,r0011,8,2.6000000000000001,0.83999999999999997,-61.466793838537747,68.398486666998849,-40.23834895765188,26,107460,45
p002389,r0006,20,5.2999999999999998,0.83999999999999997,-60.334352386410956,63.577596467796177,-40.958440569737824,40,107505,45
p002390,r0001,8,4.8499999999999996,0.20000000000000001,-59.674900843478163,60.012394611194104,36.524935520259653,40,107550,45
p002391,r0014,13,4.4000000000000004,0.20000000000000001,-107.31197903093992,71.387500490730105,36.097604586396102,40,107595,45
p002392,r0017,13,5.2999999999999998,0.83999999999999997,-73.381569468866516,126.93309881869826,-41.781222542856128,40,107640,45
p002393,r0010,13,3.5,0.52000000000000002,-60.539298999129741,59.65574639754098,-2.3956772087277995,28,107685,45
p002394,r0019,8,4.8499999999999996,0.20000000000000001,-60.000797301933808,59.97650479159514,36.431044372889353,40,107730,45
p002395,r0005,20,2.6000000000000001,0.20000000000000001,-68.875387435386628,62.198480725692846,35.533707093476949,26,107775,45
p002396,r0001,13,5.2999999999999998,0.20000000000000001,-59.688575154221837,59.950861522967188,36.472974187529388,40,107820,45
p002397,r0013,13,5.2999999999999998,0.52000000000000002,-59.977009833665981,59.920431818013334,-2.8762378408599121,40,107865,45
p002398,r0000,8,5.2999999999999998,0.20000000000000001,-59.713520897676432,60.257210566608904,36.71306427375184,40,107910,45
p002399,r0008,13,5.2999999999999998,0.20000000000000001,-60.053609609106616,59.685709815107671,35.287845930264808,40,107955,45
p002400,r0014,20,1.7,0.20000000000000001,-72.573729356472924,63.393588775870299,35.750125149401654,26,108000,45
p002401,r0010,8,3.5,0.52000000000000002,-59.939549712406908,60.288008109845087,-1.7803219577259555,29,108045,45
p002402,r0020,13,2.6000000000000001,0.83999999999999997,-62.968293995324274,77.068879097894694,-41.012346300409234,26,108090,45
p002403,r0013,29,2.6000000000000001,0.83999999999999997,-72.970870178661585,127.52443562625643,-41.341621249874706,26,108135,45
p002404,r0009,8,3.0499999999999998,0.20000000000000001,-60.39015016677623,59.578203503830778,36.034532769709379,30,108180,45
p002405,r0010,8,2.6000000000000001,0.83999999999999997,-59.923382453055865,59.774300262929692,-41.221753218498186,26,108225,45
p002406,r0000,29,4.8499999999999996,0.83999999999999997,-73.306807603171094,126.6607732204736,-41.761994671387939,40,108270,45
p002407,r0027,8,2.6000000000000001,0.20000000000000001,-74.756999755568302,63.186375337481934,36.04770031887189,26,108315,45
p002408,r0011,29,2.1499999999999999,0.20000000000000001,-60.512537064219352,60.108156875781944,36.434018087781681,26,108360,45
p002409,r0006,20,1.7,0.83999999999999997,-66.243878960198288,95.027671135215911,-40.890430944932021,26,108405,45
p002410,r0000,29,3.9500000000000002,0.52000000000000002,-60.019901491835647,60.642256677991007,-2.5520655703188568,40,108450,45
p002411,r0027,20,3.5,0.83999999999999997,-64.756182180523425,84.639267690701487,-40.402910201127426,26,108495,45
p002412,r0022,13,4.8499999999999996,0.83999999999999997,-60.443908320511589,59.935048760025921,-40.73327518762558,40,108540,45
p002413,r0001,20,3.9500000000000002,0.52000000000000002,-60.033256937156864,58.98105710849822,-2.456386195242426,40,108585,45
p002414,r0013,20,4.4000000000000004,0.20000000000000001,-60.185390326508802,59.984722601368127,36.400700015792744,40,108630,45
p002415,r0014,13,3.0499999999999998,0.83999999999999997,-76.323035888662616,146.14866264553501,-41.177564123191004,26,108675,45
p002416,r0028,8,3.5,0.52000000000000002,-60.047522947773558,59.434811599893152,-2.2460023648935374,30,108720,45
p002417,r0009,29,3.9500000000000002,0.83999999999999997,-64.456458849091916,85.514242243646748,-40.911146674253729,40,108765,45
p002418,r0004,20,2.1499999999999999,0.20000000000000001,-60.308039676669296,60.14764843461532,35.606510812358394,26,108810,45
p002419,r0025,29,1.7,0.52000000000000002,-59.849690927244879,60.179821099249452,-1.7855251545276005,26,108855,45
p002420,r0022,20,5.2999999999999998,0.52000000000000002,-60.0461583213146,60.579988899471026,-2.5956076553375,40,108900,45
p002421,r0000,8,4.8499999999999996,0.20000000000000001,-115.9228251162894,74.131460161665714,35.670603106074687,40,108945,45
p002422,r0027,8,3.5,0.52000000000000002,-59.580392723383611,60.18631393957024,-2.542373525165762,30,108990,45
p002423,r0019,13,2.6000000000000001,0.83999999999999997,-59.644934928081113,59.688408716767754,-41.001599944905294,26,109035,45
p002424,r0009,29,3.9500000000000002,0.20000000000000001,-60.485310227692864,60.375313038064789,35.753188384913258,40,109080,45
p002425,r0002,13,2.1499999999999999,0.20000000000000001,-60.146731069067101,60.414902104652796,35.852575469908814,26,109125,45
p002426,r0022,29,3.9500000000000002,0.52000000000000002,-59.473144366785803,59.696666859744241,-2.7216349780513811,40,109170,45
p002427,r0025,20,4.4000000000000004,0.52000000000000002,-59.803737292077017,60.920753534175446,-1.4059816954758333,40,109215,45
p002428,r0005,8,4.4000000000000004,0.83999999999999997,-70.788836801058892,118.37720482852561,-40.072270140325358,39,109260,45
p002429,r0021,20,5.2999999999999998,0.52000000000000002,-60.437877567998413,60.041421442173899,-3.0578140431157026,40,109305,45
p002430,r0029,29,1.7,0.83999999999999997,-60.529178058723033,63.256425511870468,-40.273481487428079,26,109350,45
p002431,r0022,20,3.0499999999999998,0.20000000000000001,-85.473154752527321,66.387133891878918,36.465076162997676,26,109395,45
p002432,r0013,13,4.8499999999999996,0.83999999999999997,-71.284445534068468,117.90953071802066,-41.463409333734205,40,109440,45
p002433,r0019,20,3.9500000000000002,0.83999999999999997,-68.199030906620351,103.6323377756091,-40.256011917463624,39,109485,45
p002434,r0022,29,2.6000000000000001,0.52000000000000002,-60.116820950511396,59.821549717243954,-2.0964030299888305,26,109530,45
p002435,r0002,20,4.8499999999999996,0.83999999999999997,-60.322673557449335,59.909347975667572,-40.635550112150625,40,109575,45
p002436,r0018,8,2.6000000000000001,0.52000000000000002,-60.016547128113096,60.187469846460267,-1.8686189803178863,26,109620,45
p002437,r0002,20,4.4000000000000004,0.20000000000000001,-90.219279433441386,67.149618040897906,35.225838546030047,40,109665,45
p002438,r0000,13,4.4000000000000004,0.83999999999999997,-75.165213476953625,139.76326416033734,-40.326657054987052,40,109710,45
p002439,r0013,13,4.8499999999999996,0.20000000000000001,-59.762192812135815,60.032181930645898,36.523306982089558,40,109755,45
p002440,r0009,20,2.1499999999999999,0.20000000000000001,-60.039389931541351,60.434991956577306,36.790115578953575,26,109800,45
p002441,r0012,8,2.6000000000000001,0.20000000000000001,-60.105573580326798,60.146719098266487,36.546260562547829,27,109845,45
p002442,r0015,13,3.5,0.20000000000000001,-68.198797081892849,62.034711586803624,36.438009853064329,39,109890,45
p002443,r0027,13,2.6000000000000001,0.83999999999999997,-63.767725222500317,78.972247003627146,-40.479329666319913,26,109935,45
p002444,r0026,13,5.2999999999999998,0.52000000000000002,-60.317657957081515,59.708161807017468,-2.2552644703140059,40,109980,45
p002445,r0024,13,5.2999999999999998,0.83999999999999997,-71.77031618794291,123.65938136539339,-40.951564579409094,40,110025,45
p002446,r0022,20,3.9500000000000002,0.83999999999999997,-61.919949193474878,70.330444363897158,-40.30988622429534,39,110070,45
p002447,r0011,20,4.8499999999999996,0.52000000000000002,-60.345756603791756,60.085263355343429,-2.0888670234068725,40,110115,45
p002448,r0006,13,3.5,0.83999999999999997,-63.358693066149932,78.575805295234744,-40.199173328328371,27,110160,45
p002449,r0017,13,1.7,0.52000000000000002,-59.699012635699688,59.584321171799772,-2.8930124080999464,26,110205,45
p002450,r0006,8,3.9500000000000002,0.52000000000000002,-59.672196601618062,59.404706402973453,-2.0652831594141388,37,110250,45
p002451,r0006,13,3.5,0.20000000000000001,-65.767646794234466,61.021639044669001,35.213781876888305,39,110295,45
p002452,r0014,29,2.6000000000000001,0.52000000000000002,-60.186504599429213,60.029935231969702,-2.0326134803577345,26,110340,45
p002453,r0003,20,3.9500000000000002,0.20000000000000001,-60.346718243933381,60.126200959447573,36.481617118771382,40,110385,45
p002454,r0004,13,3.9500000000000002,0.83999999999999997,-68.751295164903354,108.19952589512862,-40.889163795298231,37,110430,45
p002455,r0028,13,3.5,0.20000000000000001,-60.04205903150055,59.509744727142539,35.149383975413919,39,110475,45
p002456,r0016,13,1.7,0.52000000000000002,-59.36044548735412,59.858984161520404,-1.6851192558943524,26,110520,45
p002457,r0008,20,4.4000000000000004,0.52000000000000002,-60.155357057218595,60.183237603419798,-2.8428316201121691,40,110565,45
p002458,r0022,20,3.5,0.20000000000000001,-60.243285977086337,60.65415433073079,36.924666269167361,40,110610,45
p002459,r0027,8,5.2999999999999998,0.20000000000000001,-66.126087019359673,61.047777090362487,36.063004268418055,40,110655,45
p002460,r0016,8,3.0499999999999998,0.20000000000000001,-72.007423387672276,62.957638238130471,36.414625912969925,29,110700,45
p002461,r0023,13,1.7,0.20000000000000001,-59.73455100689128,59.755322998351282,35.407348197302767,26,110745,45
p002462,r0004,20,3.9500000000000002,0.20000000000000001,-59.50893897310867,60.552889771002285,36.090524022180091,40,110790,45
p002463,r0015,13,3.0499999999999998,0.52000000000000002,-60.13846846214571,60.41733717072124,-1.8216817583695744,26,110835,45
p002464,r0004,13,2.1499999999999999,0.52000000000000002,-60.813937836307858,59.725531537588353,-3.4049925368376792,26,110880,45
p002465,r0007,8,4.4000000000000004,0.83999999999999997,-63.424499635693635,79.229351747048085,-40.149883414454948,39,110925,45
p002466,r0029,8,5.2999999999999998,0.20000000000000001,-62.795177420922869,60.810474457496852,36.539344081812914,40,110970,45
p002467,r0007,8,4.4000000000000004,0.20000000000000001,-60.330033789064629,60.474534734343536,35.8636210296619,40,111015,45
p002468,r0017,8,5.2999999999999998,0.52000000000000002,-59.697715258120049,59.966729796090981,-1.80878163209876,40,111060,45
p002469,r0022,13,4.4000000000000004,0.83999999999999997,-62.431170046681949,76.163672597920851,-40.7059952235455,40,111105,45
p002470,r0006,8,2.6000000000000001,0.83999999999999997,-67.958460786438081,102.44789096586382,-41.14344450606977,26,111150,45
p002471,r0001,8,4.4000000000000004,0.83999999999999997,-63.863043169545428,81.449001928011938,-40.163115953936241,39,111195,45
p002472,r0027,13,3.5,0.83999999999999997,-60.125703149217841,60.152634012861611,-41.331169203285128,27,111240,45
p002473,r0020,29,2.1499999999999999,0.83999999999999997,-64.04757310307096,78.603424463538715,-41.673413492413417,26,111285,45
p002474,r0010,20,4.4000000000000004,0.20000000000000001,-59.490556366787644,60.067165007469598,35.705620732618144,40,111330,45
p002475,r0016,13,3.5,0.52000000000000002,-60.183176418771801,59.800010242296132,-2.1412468214591938,28,111375,45
p002476,r0010,20,5.2999999999999998,0.20000000000000001,-59.962415754849687,59.892562544887966,35.47156688494043,40,111420,45
p002477,r0014,8,2.1499999999999999,0.20000000000000001,-59.689687145066387,60.273698742470273,36.731021564962944,26,111465,45
p002478,r0029,20,4.4000000000000004,0.52000000000000002,-60.203257152799829,59.773702018882439,-3.064316750392341,40,111510,45
p002479,r0020,8,5.2999999999999998,0.52000000000000002,-59.603105637075551,60.422061653128218,-1.5410253377777423,40,111555,45
p002480,r0004,8,3.9500000000000002,0.83999999999999997,-64.041428860321716,82.029206355375692,-41.120127225810123,34,111600,45
p002481,r0023,13,4.8499999999999996,0.20000000000000001,-59.767371290063288,60.294187864467389,35.831876033561251,40,111645,45
p002482,r0022,20,1.7,0.20000000000000001,-59.756556726717321,59.712289194672238,36.268520010394326,26,111690,45
p002483,r0011,13,5.2999999999999998,0.52000000000000002,-60.418797018776345,60.698315960356425,-1.8325827887926167,40,111735,45
p002484,r0009,13,5.2999999999999998,0.52000000000000002,-59.611465586253772,60.251180423737779,-1.6273955014578292,40,111780,45
p002485,r0028,29,3.5,0.83999999999999997,-61.559132220261233,71.889733564080046,-40.657313694766628,26,111825,45
p002486,r0000,29,3.9500000000000002,0.83999999999999997,-59.75152683928691,60.315045110926427,-40.990875327252773,40,111870,45
p002487,r0006,8,4.4000000000000004,0.20000000000000001,-87.234261256177518,66.799521271773202,35.542764766183055,40,111915,45
p002488,r0001,20,3.0499999999999998,0.83999999999999997,-65.95272798522258,92.100597965292195,-41.114195833140215,26,111960,45
p002489,r0007,20,4.4000000000000004,0.52000000000000002,-60.289476603538546,59.588485002821884,-3.1980550324855388,40,112005,45
p002490,r0001,29,3.5,0.52000000000000002,-60.13372085153042,60.280288281747168,-1.8849964675571826,26,112050,45
p002491,r0009,13,3.9500000000000002,0.52000000000000002,-59.558577245698103,60.020845181469568,-2.6104544806576202,39,112095,45
p002492,r0014,29,3.0499999999999998,0.83999999999999997,-59.888277437343163,60.022228958746297,-41.152596413968851,26,112140,45
p002493,r0017,29,4.4000000000000004,0.52000000000000002,-60.019468881688042,59.936944291676085,-2.8903905584732614,40,112185,45
p002494,r0004,8,2.1499999999999999,0.83999999999999997,-62.350653565901482,68.87622268224257,-40.904353366198421,26,112230,45
p002495,r0020,29,2.6000000000000001,0.20000000000000001,-63.741731268958006,60.518562387255685,36.116503656012952,26,112275,45
p002496,r0015,20,3.5,0.52000000000000002,-60.175355108143876,60.031493006447207,-2.0260680131401569,26,112320,45
p002497,r0015,20,5.2999999999999998,0.20000000000000001,-60.699231695569679,60.102098130248891,36.391832165085177,40,112365,45
p002498,r0006,13,5.2999999999999998,0.52000000000000002,-59.850575309304332,60.648717562682535,-2.460914730750642,40,112410,45
p002499,r0000,29,3.0499999999999998,0.52000000000000002,-59.957356718637186,60.300415087493519,-1.783626251694453,26,112455,45
p002500,r0017,8,4.8499999999999996,0.20000000000000001,-96.176729342429141,69.47548277313193,36.795040350019718,40,112500,45
p002501,r0026,13,4.4000000000000004,0.83999999999999997,-70.674628929441695,115.31101848129626,-41.366925343723622,40,112545,45
p002502,r0010,13,5.2999999999999998,0.83999999999999997,-62.967307392213577,72.515120768810021,-40.840118886449787,40,112590,45
p002503,r0011,20,4.4000000000000004,0.52000000000000002,-60.315767268739293,59.591934588860269,-3.210070377091502,40,112635,45
p002504,r0014,13,3.9500000000000002,0.20000000000000001,-117.93671565558478,74.318142374464657,36.317170768454773,40,112680,45
p002505,r0018,13,1.7,0.52000000000000002,-60.052888007860538,59.93707595299886,-2.0077053066480302,26,112725,45
p002506,r0014,20,4.8499999999999996,0.52000000000000002,-60.272064033503199,60.186673532728179,-2.0018700017121374,40,112770,45
p002507,r0013,13,3.5,0.83999999999999997,-66.905869737284135,95.972856019496021,-41.29527361619931,27,112815,45
p002508,r0015,20,4.4000000000000004,0.52000000000000002,-59.840501546661926,59.654507356555115,-2.0328972731177499,40,112860,45
p002509,r0023,29,1.7,0.20000000000000001,-63.53109362263173,60.195134223397623,35.899888654191756,26,112905,45
p002510,r0026,29,1.7,0.83999999999999997,-68.292209809746026,105.06857825108304,-40.104483720013363,26,112950,45
p002511,r0015,8,3.5,0.52000000000000002,-60.179699982479271,59.092409973294586,-3.3790872037078232,29,112995,45
p002512,r0010,8,3.5,0.83999999999999997,-60.207661313540463,59.280202854682571,-41.539603046624777,27,113040,45
p002513,r0027,29,3.5,0.20000000000000001,-86.740937576851252,67.172209166329353,36.839579817693235,40,113085,45
p002514,r0008,13,3.0499999999999998,0.52000000000000002,-60.294039509904394,59.850487694898149,-3.0746664515991755,26,113130,45
p002515,r0021,8,2.6000000000000001,0.52000000000000002,-60.004406342946837,60.160963481555342,-1.8750288271857898,26,113175,45
p002516,r0011,13,1.7,0.83999999999999997,-60.192881749571526,60.400631635052022,-41.347919608031759,26,113220,45
p002517,r0021,29,3.5,0.20000000000000001,-69.728127922610412,62.2746656931742,36.324106970017283,40,113265,45
p002518,r0007,29,2.6000000000000001,0.83999999999999997,-63.35999021981447,77.622243444982331,-40.352832833446982,26,113310,45
p002519,r0025,13,5.2999999999999998,0.52000000000000002,-60.08009401213225,60.042367184883815,-1.9713126375645402,40,113355,45
p002520,r0020,20,4.8499999999999996,0.83999999999999997,-64.306106368946544,82.441016306504196,-40.376566740874409,40,113400,45
p002521,r0024,8,2.1499999999999999,0.52000000000000002,-59.695417647005748,59.466470431305645,-2.9477113694162798,26,113445,45
p002522,r0004,29,2.6000000000000001,0.52000000000000002,-59.560117702403119,60.497487808732444,-2.3824670570580482,26,113490,45
p002523,r0001,13,2.6000000000000001,0.83999999999999997,-62.973388095845756,74.747602301243418,-40.488029632311481,26,113535,45
p002524,r0011,13,4.4000000000000004,0.52000000000000002,-59.799232927125679,59.608472167929285,-2.0335344814992977,40,113580,45
p002525,r0001,20,1.7,0.83999999999999997,-71.883921999568997,119.13626635342803,-40.870691863089476,26,113625,45
p002526,r0000,13,3.5,0.83999999999999997,-62.543530107467916,71.861995267176496,-40.588646047524804,27,113670,45
p002527,r0014,13,1.7,0.20000000000000001,-63.331126193834805,60.36657209754685,36.077032439270525,26,113715,45
p002528,r0025,29,2.1499999999999999,0.83999999999999997,-60.356637328472985,59.537405296287865,-40.723590508511244,26,113760,45
p002529,r0028,20,2.6000000000000001,0.52000000000000002,-59.842204381169985,60.188992558475952,-1.7772298501399348,26,113805,45
p002530,r0007,29,3.0499999999999998,0.52000000000000002,-60.08064692985868,60.291601247184623,-1.8519678048778971,26,113850,45
p002531,r0017,8,3.9500000000000002,0.52000000000000002,-59.815138687692226,60.394292128670273,-1.6646118958382303,36,113895,45
p002532,r0020,20,1.7,0.83999999999999997,-60.320413827684419,63.501743935919571,-40.058868585507774,26,113940,45
p002533,r0029,8,4.4000000000000004,0.20000000000000001,-118.03319270129572,74.395521937320112,36.359779009596949,40,113985,45
p002534,r0017,29,3.5,0.20000000000000001,-59.588783496480602,59.697651345552401,35.390364377145801,40,114030,45
p002535,r0015,29,1.7,0.52000000000000002,-60.042384555340163,59.858489999845403,-2.9399647688510955,26,114075,45
p002536,r0000,13,3.5,0.52000000000000002,-59.532809175163166,59.964270637338444,-2.6242108651623939,28,114120,45
p002537,r0015,29,3.0499999999999998,0.83999999999999997,-73.613386479981543,131.35056620640398,-40.36915405015985,26,114165,45
p002538,r0002,13,2.6000000000000001,0.52000000000000002,-59.848876854238391,60.356280911730202,-2.6004011265734706,26,114210,45
p002539,r0019,20,5.2999999999999998,0.83999999999999997,-63.680027745694474,79.107085109714347,-40.38408968882905,40,114255,45
p002540,r0004,8,2.1499999999999999,0.20000000000000001,-78.81450425789231,64.287133410165353,35.216805876553821,26,114300,45
p002541,r0025,20,2.1499999999999999,0.83999999999999997,-61.793545076547069,68.316262114598103,-40.525975925963834,26,114345,45
p002542,r0007,20,5.2999999999999998,0.83999999999999997,-59.774135594676167,60.146833501651301,-41.036780539263773,40,114390,45
p002543,r0028,29,2.1499999999999999,0.20000000000000001,-59.990870999176707,60.316561296810988,35.805074837613446,26,114435,45
p002544,r0002,13,1.7,0.52000000000000002,-59.982667940913579,59.740803680257422,-2.0654015627514992,26,114480,45
p002545,r0023,20,3.0499999999999998,0.20000000000000001,-60.612480852261214,60.483013433644416,35.81391457646329,26,114525,45
p002546,r0011,8,3.9500000000000002,0.20000000000000001,-59.890482166090777,59.820677308097046,36.328445413259487,40,114570,45
p002547,r0006,29,3.0499999999999998,0.83999999999999997,-60.207816869528834,60.413725853647286,-40.45837003382065,26,114615,45
p002548,r0007,13,2.1499999999999999,0.20000000000000001,-81.5646164959457,65.051514022494487,35.278287918806448,26,114660,45
p002549,r0017,8,4.4000000000000004,0.83999999999999997,-65.275697476572589,85.516447341729886,-41.598954305644185,39,114705,45
p002550,r0007,13,2.6000000000000001,0.20000000000000001,-60.213158979969997,59.772896194589642,36.225685159677717,26,114750,45
p002551,r0028,20,5.2999999999999998,0.83999999999999997,-71.852744453661685,122.90994850486277,-41.140713580297771,40,114795,45
p002552,r0025,29,4.8499999999999996,0.20000000000000001,-59.793548500403134,60.050200409954414,35.631450627882899,40,114840,45
p002553,r0001,8,4.8499999999999996,0.52000000000000002,-59.117041199559836,59.8034298528829,-2.4852150943873257,40,114885,45
p002554,r0014,13,2.6000000000000001,0.20000000000000001,-60.555131497674935,60.17171791090405,35.576348029188253,26,114930,45
p002555,r0014,20,5.2999999999999998,0.83999999999999997,-60.324529568613102,60.0653957323442,-40.612141520459929,40,114975,45
p002556,r0011,13,2.1499999999999999,0.83999999999999997,-59.9270545388407,59.997744623749611,-41.189086672826249,26,115020,45
p002557,r0021,13,4.4000000000000004,0.83999999999999997,-60.685666107886362,63.642467818318181,-40.343164679693629,40,115065,45
p002558,r0019,29,2.6000000000000001,0.83999999999999997,-68.943835361113059,106.07657102788926,-41.390570338872678,26,115110,45
p002559,r0019,29,4.8499999999999996,0.83999999999999997,-60.335750216237017,59.825066637671689,-41.560019519611622,40,115155,45
p002560,r0010,13,3.9500000000000002,0.20000000000000001,-59.983633217281771,60.432657448085941,35.899399315012396,40,115200,45
p002561,r0003,13,3.9500000000000002,0.83999999999999997,-75.58043712815882,142.20440054535268,-40.284863100396976,37,115245,45
p002562,r0023,20,2.6000000000000001,0.52000000000000002,-59.931809768534315,60.566714640634423,-2.5425180521333219,26,115290,45
p002563,r0016,13,2.6000000000000001,0.20000000000000001,-60.498596251123587,59.801214796201677,36.191252586736624,26,115335,45
p002564,r0010,13,2.6000000000000001,0.52000000000000002,-59.809886468869692,59.562499331454291,-2.9611412847141851,26,115380,45
p002565,r0026,29,4.8499999999999996,0.83999999999999997,-60.220582660686517,60.557981857149258,-41.346012337832789,40,115425,45
p002566,r0007,13,3.9500000000000002,0.20000000000000001,-59.77937142994292,60.248085067917152,35.792593768345135,40,115470,45
p002567,r0027,20,4.4000000000000004,0.52000000000000002,-60.58675863241394,60.284539804029414,-3.0185353829211339,40,115515,45
p002568,r0003,8,3.5,0.52000000000000002,-59.680140097908243,60.029018420260961,-1.7697440091870249,30,115560,45
p002569,r0013,20,4.8499999999999996,0.83999999999999997,-60.694860941301712,63.505934921613793,-40.372733603235226,40,115605,45
p002570,r0021,13,4.4000000000000004,0.20000000000000001,-66.081988389021049,61.066011104624835,36.086411205895658,40,115650,45
p002571,r0004,20,2.6000000000000001,0.52000000000000002,-59.948489571063284,60.096402909181613,-2.7769411805457382,26,115695,45
p002572,r0016,13,1.7,0.83999999999999997,-63.856823965480132,82.209683186493137,-40.036182821164402,26,115740,45
p002573,r0004,8,3.9500000000000002,0.20000000000000001,-60.423202642562231,59.799611661552483,36.205048800729543,40,115785,45
p002574,r0022,13,4.8499999999999996,0.52000000000000002,-59.240543770020636,59.913023784927219,-1.5968313436456711,40,115830,45
p002575,r0029,8,5.2999999999999998,0.52000000000000002,-60.408084427848465,59.420324205048203,-2.4404482840580668,40,115875,45
p002576,r0012,20,4.4000000000000004,0.83999999999999997,-68.869958703153145,104.40791304439574,-41.595499223545332,40,115920,45
p002577,r0000,20,4.8499999999999996,0.83999999999999997,-61.763884561009107,73.188956777200346,-39.721429946895583,40,115965,45
p002578,r0023,29,4.4000000000000004,0.83999999999999997,-69.717287064222305,112.55845151495646,-41.003168891553699,40,116010,45
p002579,r0007,13,1.7,0.52000000000000002,-59.834109575350006,59.856448910618603,-1.9326415020850789,26,116055,45
p002580,r0022,13,3.9500000000000002,0.52000000000000002,-60.121583924670354,59.718116272069345,-3.0485278302352983,39,116100,45
p002581,r0015,20,4.4000000000000004,0.83999999999999997,-68.274043812559682,103.43317936614528,-41.250888103966886,40,116145,45
p002582,r0010,8,4.4000000000000004,0.83999999999999997,-76.160418290936974,145.75831083106274,-41.103421631417021,39,116190,45
p002583,r0001,13,3.0499999999999998,0.83999999999999997,-77.13522811230601,148.52709403976624,-40.57925656797444,26,116235,45
p002584,r0001,20,2.6000000000000001,0.52000000000000002,-60.514943406322352,60.323010331463955,-2.9627256121849301,26,116280,45
p002585,r0025,13,4.8499999999999996,0.52000000000000002,-60.201444982887026,59.847118021252371,-3.0281347409001187,40,116325,45
p002586,r0017,13,3.5,0.83999999999999997,-60.830857374306049,64.23722756318196,-40.369963784307956,27,116370,45
p002587,r0016,29,3.5,0.83999999999999997,-76.555445200986583,145.36214031632699,-40.598631518216408,26,116415,45
p002588,r0017,8,3.5,0.20000000000000001,-59.890712385226649,60.445159229562691,35.92798490660482,37,116460,45
p002589,r0012,13,3.0499999999999998,0.52000000000000002,-59.608508100859012,59.925832876719141,-2.6820244316215041,26,116505,45
p002590,r0010,29,1.7,0.52000000000000002,-60.031440230508188,60.518216839075855,-1.7176048371078523,26,116550,45
p002591,r0021,13,3.9500000000000002,0.83999999999999997,-65.022122338977994,88.06452844612329,-40.078258213361792,37,116595,45
p002592,r0016,20,3.5,0.83999999999999997,-68.159819182619998,99.567203570738712,-40.873495542082608,26,116640,45
p002593,r0021,20,4.4000000000000004,0.83999999999999997,-60.710695071459483,60.871210344051448,-41.707590204977734,40,116685,45
p002594,r0004,13,2.6000000000000001,0.83999999999999997,-71.354845485339865,119.76249223149361,-40.326071450646495,26,116730,45
p002595,r0026,13,2.6000000000000001,0.83999999999999997,-59.438529923035624,59.832463252629474,-40.805171014929208,26,116775,45
p002596,r0023,20,1.7,0.20000000000000001,-59.920297682108441,59.884828679481032,36.373803407163138,26,116820,45
p002597,r0004,29,4.8499999999999996,0.20000000000000001,-95.839244171453345,68.684599895859989,36.229831082397318,40,116865,45
p002598,r0016,8,3.9500000000000002,0.20000000000000001,-81.421587807127821,65.575859993071148,35.726370433031349,40,116910,45
p002599,r0022,13,2.6000000000000001,0.52000000000000002,-60.300490898814637,60.341923546036988,-1.9421319652858628,26,116955,45
p002600,r0001,20,3.5,0.20000000000000001,-59.598117234082082,60.032051087826588,35.656017423444851,40,117000,45
p002601,r0004,20,2.6000000000000001,0.20000000000000001,-59.700496737257566,60.175117475859949,35.74999463323644,26,117045,45
p002602,r0008,8,2.6000000000000001,0.20000000000000001,-59.847795124796221,59.243774182947632,35.875460321398862,26,117090,45
p002603,r0027,29,3.5,0.52000000000000002,-60.161891970875274,60.124454412273138,-2.8744457069640363,26,117135,45
p002604,r0005,29,3.9500000000000002,0.20000000000000001,-60.326120171281396,59.475390655954868,35.965088490507618,40,117180,45
p002605,r0022,8,3.0499999999999998,0.20000000000000001,-59.548263094830901,60.221663799500455,36.717678420634186,30,117225,45
p002606,r0029,8,5.2999999999999998,0.83999999999999997,-66.966205914298627,95.469116102258496,-41.426554391649461,40,117270,45
p002607,r0015,20,4.8499999999999996,0.83999999999999997,-63.144106699919035,74.042442324114717,-41.644258856073634,40,117315,45
p002608,r0000,29,4.4000000000000004,0.20000000000000001,-59.82467120369877,59.983542980757235,35.571900143866031,40,117360,45
p002609,r0024,29,2.6000000000000001,0.20000000000000001,-60.527532310248446,59.922067368714011,35.382147432921514,26,117405,45
p002610,r0001,13,1.7,0.52000000000000002,-59.310518268857273,60.682647602035296,-1.2637986508288421,26,117450,45
p002611,r0006,8,2.1499999999999999,0.52000000000000002,-60.052747870448563,60.216163178897723,-2.7736705667623456,26,117495,45
p002612,r0026,20,3.9500000000000002,0.83999999999999997,-63.936137039685413,79.314606120683294,-40.566018134026407,39,117540,45
p002613,r0026,13,1.7,0.52000000000000002,-60.064007015390743,60.568560606786107,-2.6103745567458576,26,117585,45
p002614,r0017,20,1.7,0.20000000000000001,-59.381216060204054,60.316665772310316,35.927089405807436,26,117630,45
p002615,r0000,29,4.4000000000000004,0.52000000000000002,-59.841404268990573,60.174830377230222,-2.6836116388045967,40,117675,45
p002616,r0009,29,3.0499999999999998,0.20000000000000001,-66.69309176259577,61.210571940849448,35.179839200160401,26,117720,45
p002617,r0001,20,5.2999999999999998,0.52000000000000002,-60.523950888932994,60.131979089472487,-3.0591044992983685,40,117765,45
p002618,r0029,8,3.5,0.52000000000000002,-60.188709823786603,60.108980304022957,-2.8958185624380137,29,117810,45
p002619,r0028,20,1.7,0.52000000000000002,-59.97302196824463,59.946922977935678,-2.8614483940780859,26,117855,45
p002620,r0018,29,1.7,0.83999999999999997,-70.952334876539609,115.79446016444788,-41.522847669981601,26,117900,45
p002621,r0012,13,2.6000000000000001,0.52000000000000002,-60.308606907852635,60.080091872086399,-2.9720314934819045,26,117945,45
p002622,r0005,8,4.8499999999999996,0.52000000000000002,-60.467652002078367,59.836939391658746,-2.2714481330845571,40,117990,45
p002623,r0019,13,3.0499999999999998,0.52000000000000002,-60.26936845184526,59.349556623242414,-2.4022844158031758,26,118035,45
p002624,r0009,8,3.5,0.20000000000000001,-60.15321295175093,60.455558465804813,35.883804182293659,37,118080,45
p002625,r0023,13,3.5,0.83999999999999997,-59.72811823189214,60.068166940281003,-40.110712604344428,27,118125,45
p002626,r0011,29,1.7,0.20000000000000001,-60.601340252821686,60.163914730083995,35.560863733502856,26,118170,45
p002627,r0019,13,5.2999999999999998,0.83999999999999997,-60.08070152024392,59.632181748599031,-40.476640197229038,40,118215,45
p002628,r0013,13,3.5,0.52000000000000002,-59.699049110019331,60.223449660846583,-2.5862497000036955,28,118260,45
p002629,r0012,29,2.6000000000000001,0.52000000000000002,-60.336802959088196,60.208370886181861,-2.9251195133585712,26,118305,45
p002630,r0005,29,3.9500000000000002,0.52000000000000002,-60.62797934352281,60.303893246136084,-2.1306805004865437,40,118350,45
p002631,r0020,20,5.2999999999999998,0.20000000000000001,-59.65140510687452,60.027969488188347,36.542094569175774,40,118395,45
p002632,r0024,29,3.0499999999999998,0.52000000000000002,-60.17210791715042,60.696047791496134,-2.6053931770000789,26,118440,45
p002633,r0026,8,4.4000000000000004,0.52000000000000002,-59.7575416324296,59.978930034014432,-2.7340352325364679,40,118485,45
p002634,r0016,8,2.1499999999999999,0.52000000000000002,-60.015600908649326,59.515068050671495,-3.0908798081753348,26,118530,45
p002635,r0004,13,3.5,0.52000000000000002,-60.043948735963191,59.96758841999938,-2.8884109011011576,28,118575,45
p002636,r0020,8,4.4000000000000004,0.20000000000000001,-59.939763037962337,59.942919379394425,36.416382895923078,40,118620,45
p002637,r0010,29,3.0499999999999998,0.20000000000000001,-60.120791903376031,60.021744230170597,36.443237003461277,26,118665,45
p002638,r0007,8,5.2999999999999998,0.83999999999999997,-60.552133046968059,64.104578105500579,-40.157059262573071,40,118710,45
p002639,r0000,8,3.0499999999999998,0.20000000000000001,-73.087790388436133,63.059737713132087,35.380232092818439,30,118755,45
p002640,r0012,13,3.9500000000000002,0.83999999999999997,-67.772871147239371,100.03612082885564,-41.37343243106416,38,118800,45
p002641,r0002,13,5.2999999999999998,0.20000000000000001,-59.772043764945806,60.326057558048404,35.856437293449559,40,118845,45
p002642,r0007,8,4.8499999999999996,0.52000000000000002,-59.620201800339402,60.148970824852157,-1.6809989402474586,40,118890,45
p002643,r0015,13,2.1499999999999999,0.52000000000000002,-59.883460642842621,59.89319169818755,-2.8406675191481385,26,118935,45
p002644,r0017,20,3.5,0.20000000000000001,-60.733781728711861,60.3256748558819,35.663783538963145,40,118980,45
p002645,r0001,29,3.0499999999999998,0.52000000000000002,-60.251795094283487,60.04351362383786,-2.960046909585242,26,119025,45
p002646,r0022,13,3.9500000000000002,0.20000000000000001,-64.825309363251748,60.799533131383043,36.124564632456085,40,119070,45
p002647,r0027,13,3.5,0.20000000000000001,-100.1628717333011,69.795795579616708,36.254062117033151,39,119115,45
p002648,r0004,13,4.8499999999999996,0.83999999999999997,-64.134056487893773,85.034079117057757,-39.81715479110153,40,119160,45
p002649,r0017,8,3.5,0.52000000000000002,-60.117390884683132,59.816267376335148,-2.099234919394358,30,119205,45
p002650,r0017,29,3.5,0.52000000000000002,-59.810440647180549,60.025592898213368,-1.8391445453914728,26,119250,45
p002651,r0009,20,4.4000000000000004,0.52000000000000002,-59.825907127575796,59.704950578557224,-2.9010954286319519,40,119295,45
p002652,r0014,13,3.5,0.83999999999999997,-60.241178489391231,59.876789327402555,-40.57230363870422,27,119340,45
p002653,r0015,13,4.8499999999999996,0.20000000000000001,-74.627112560559809,63.958179726500802,36.691121269088683,40,119385,45
p002654,r0027,8,4.8499999999999996,0.83999999999999997,-60.747147133294547,66.184632890528945,-39.988062329482787,40,119430,45
p002655,r0013,20,3.0499999999999998,0.20000000000000001,-74.716311531407825,64.302700373890559,36.948897992830879,26,119475,45
p002656,r0004,20,1.7,0.20000000000000001,-83.010726734785564,66.345844850930234,36.024530533787072,26,119520,45
p002657,r0007,29,3.5,0.52000000000000002,-60.117803402179526,60.172690201160925,-2.8283664725761115,26,119565,45
p002658,r0005,8,3.5,0.20000000000000001,-94.608847296768602,68.539921734721474,36.360167928423458,36,119610,45
p002659,r0008,29,2.1499999999999999,0.20000000000000001,-95.944370819750461,69.001225482720997,35.562106222226696,26,119655,45
p002660,r0009,20,2.6000000000000001,0.83999999999999997,-63.187182024059794,76.060059156752374,-41.357623435129852,26,119700,45
p002661,r0013,29,2.1499999999999999,0.20000000000000001,-59.875302961067021,59.858446148131634,36.361696326291906,26,119745,45
p002662,r0022,29,1.7,0.20000000000000001,-60.277505006765836,59.591715660349607,36.067871526926524,26,119790,45
p002663,r0025,20,5.2999999999999998,0.52000000000000002,-60.099278002935897,59.883002135743773,-2.9577835363696581,40,119835,45
p002664,r0000,20,4.8499999999999996,0.52000000000000002,-60.078718147697352,59.896611815720995,-2.0405597652565488,40,119880,45
p002665,r0006,8,2.6000000000000001,0.52000000000000002,-60.135162324955296,59.475899350199349,-3.1718527208810672,26,119925,45
p002666,r0016,13,3.0499999999999998,0.83999999999999997,-65.542671471827717,87.842887061884056,-41.450982106433841,26,119970,45
p002667,r0022,13,4.4000000000000004,0.52000000000000002,-60.383910890251151,59.908733971851838,-3.09344135644172,40,120015,45
p002668,r0006,29,4.8499999999999996,0.52000000000000002,-60.463525759916322,59.933761009787432,-2.2228281104585248,40,120060,45
p002669,r0001,8,4.8499999999999996,0.83999999999999997,-60.781884652380477,59.700292370639893,-41.05473632869721,40,120105,45
p002670,r0018,13,3.9500000000000002,0.20000000000000001,-59.651330082941861,59.377003503349556,35.12133678609127,40,120150,45
p002671,r0022,20,1.7,0.52000000000000002,-59.73831668833914,59.94157090666549,-2.7419706427369208,26,120195,45
p002672,r0002,13,4.4000000000000004,0.83999999999999997,-67.318296912473897,97.872902266322939,-40.437705043866387,40,120240,45
p002673,r0027,20,1.7,0.52000000000000002,-60.292205771808682,60.401796436287498,-1.9090847119225203,26,120285,45
p002674,r0003,29,4.4000000000000004,0.52000000000000002,-59.914898234378654,59.776362926484381,-2.0130928771643992,40,120330,45
p002675,r0009,29,1.7,0.83999999999999997,-63.04085727043698,74.501536065176225,-40.584074336738865,26,120375,45
p002676,r0019,13,2.6000000000000001,0.52000000000000002,-59.611603497811977,60.006601992197325,-2.6448648626075171,26,120420,45
p002677,r0008,20,3.9500000000000002,0.52000000000000002,-59.572154309783642,59.811995012595048,-2.7177626350418693,40,120465,45
p002678,r0027,8,2.6000000000000001,0.83999999999999997,-63.837499722966072,80.190561380864722,-40.343009946353135,26,120510,45
p002679,r0013,29,3.5,0.20000000000000001,-59.340889996343563,60.039270946773357,36.613238758149976,40,120555,45
p002680,r0024,29,4.8499999999999996,0.52000000000000002,-60.277970992697668,60.399939900933752,-2.8025737637545918,40,120600,45
p002681,r0004,29,3.0499999999999998,0.52000000000000002,-59.648125472104127,60.55000553992754,-1.5030225863289275,26,120645,45
p002682,r0018,20,2.1499999999999999,0.20000000000000001,-59.332065118725382,59.760147902124629,35.491705297954624,26,120690,45
p002683,r0010,29,4.4000000000000004,0.83999999999999997,-59.875482509410595,60.121419449549613,-41.125978195976963,40,120735,45
p002684,r0021,8,4.8499999999999996,0.52000000000000002,-59.45754415667195,60.268090363552851,-2.4392395869640469,40,120780,45
p002685,r0025,29,3.5,0.20000000000000001,-60.222494729354985,59.691011724017862,36.158310433343296,40,120825,45
p002686,r0011,13,3.5,0.52000000000000002,-59.980898653524669,61.259458852684325,-1.3355270505443528,28,120870,45
p002687,r0007,8,3.0499999999999998,0.20000000000000001,-64.852587464904971,60.78105192734207,35.204324048892659,29,120915,45
p002688,r0017,29,4.4000000000000004,0.20000000000000001,-105.82411824025641,71.248026611016044,35.383597640761543,40,120960,45
p002689,r0017,29,2.1499999999999999,0.20000000000000001,-74.911925363012074,63.251700699889803,36.06897548730943,26,121005,45
p002690,r0014,29,1.7,0.52000000000000002,-59.742464225435249,60.227892718493102,-2.6066928923496393,26,121050,45
p002691,r0012,13,3.9500000000000002,0.20000000000000001,-77.822899044733873,64.501334402856287,36.486487713338256,40,121095,45
p002692,r0012,29,2.6000000000000001,0.20000000000000001,-59.611938216977819,59.912366846305815,35.557505833649088,26,121140,45
p002693,r0001,20,4.4000000000000004,0.52000000000000002,-60.046666178724529,60.870061641987071,-2.456636824782966,40,121185,45
p002694,r0015,13,2.6000000000000001,0.52000000000000002,-60.36419188994055,59.687900903826183,-2.2891873489325176,26,121230,45
p002695,r0016,29,2.1499999999999999,0.20000000000000001,-60.248514659263705,59.849127932387972,36.279599414057643,26,121275,45
p002696,r0003,13,5.2999999999999998,0.20000000000000001,-59.812176851845123,60.041681687365127,36.520909979523083,40,121320,45
p002697,r0006,20,3.9500000000000002,0.20000000000000001,-73.522617997589919,63.234813048067473,35.43332683893599,40,121365,45
p002698,r0021,8,3.9500000000000002,0.52000000000000002,-59.812202340682788,60.6693390978471,-1.5310624501884462,37,121410,45
p002699,r0024,13,2.1499999999999999,0.83999999999999997,-63.323679851783439,73.236141221642512,-41.924108480035287,26,121455,45
p002700,r0027,8,2.6000000000000001,0.52000000000000002,-59.70755541854605,60.043723955095246,-2.6769413191982325,26,121500,45
p002701,r0019,29,3.9500000000000002,0.52000000000000002,-59.851562758119741,60.062825556875367,-1.8426563669220883,40,121545,45
p002702,r0023,13,4.8499999999999996,0.52000000000000002,-59.670162034615707,59.075515600630816,-2.2222367696973775,40,121590,45
p002703,r0006,29,4.4000000000000004,0.52000000000000002,-59.719000341889917,60.198861910566954,-1.7084264607106221,40,121635,45
p002704,r0003,29,3.9500000000000002,0.52000000000000002,-60.052737430313613,59.388037605003916,-2.2711654133611985,40,121680,45
p002705,r0022,8,4.8499999999999996,0.83999999999999997,-72.154437741652799,124.19379557268854,-41.188720411358176,40,121725,45
p002706,r0011,13,3.0499999999999998,0.52000000000000002,-59.988214389666055,60.045270325029989,-1.9221417266119574,26,121770,45
p002707,r0012,29,1.7,0.20000000000000001,-61.84246599001461,60.324888646067009,36.341417718850686,26,121815,45
p002708,r0025,8,5.2999999999999998,0.83999999999999997,-59.866404571529642,60.436321692158721,-41.067968369339503,40,121860,45
p002709,r0021,29,3.0499999999999998,0.20000000000000001,-59.557199661723743,60.163880435427842,36.669664415997531,26,121905,45
p002710,r0028,13,4.8499999999999996,0.52000000000000002,-59.611555918649053,59.928517082446383,-2.6823208781232468,40,121950,45
p002711,r0011,8,5.2999999999999998,0.20000000000000001,-76.14162688675701,63.781071163936119,35.34653155379749,40,121995,45
p002712,r0013,29,2.1499999999999999,0.52000000000000002,-60.188442617718913,60.279267761333749,-1.9139416357736352,26,122040,45
p002713,r0012,13,5.2999999999999998,0.20000000000000001,-60.595847741211898,59.991440670576296,36.32398298821866,40,122085,45
p002714,r0015,29,3.5,0.83999999999999997,-70.0956859848947,112.16105519124974,-41.384607396711587,26,122130,45
p002715,r0014,20,3.0499999999999998,0.83999999999999997,-63.165295272466182,78.997432486283145,-39.969258831066284,26,122175,45
p002716,r0015,8,2.1499999999999999,0.83999999999999997,-71.47840167340209,120.26421906496313,-41.249582355263655,26,122220,45
p002717,r0024,13,4.8499999999999996,0.52000000000000002,-60.202269635023683,60.376003546642252,-2.7746985078240387,40,122265,45
p002718,r0001,8,2.6000000000000001,0.52000000000000002,-60.079993025990078,60.347748196931732,-1.8246772389876142,26,122310,45
p002719,r0012,8,3.0499999999999998,0.52000000000000002,-59.693725622773542,59.914015314565006,-2.732009972851043,26,122355,45
p002720,r0004,8,2.1499999999999999,0.52000000000000002,-59.647680689233759,59.588326124641831,-2.8643974185734793,26,122400,45
p002721,r0026,13,3.0499999999999998,0.83999999999999997,-61.580553752993509,67.466604594957005,-40.483008417321429,26,122445,45
p002722,r0012,29,4.4000000000000004,0.52000000000000002,-59.724303833238842,60.250272119781137,-2.5865073757892576,40,122490,45
p002723,r0028,20,4.8499999999999996,0.52000000000000002,-59.898758140008511,59.734090520319043,-2.0249907830512894,40,122535,45
p002724,r0015,29,4.8499999999999996,0.83999999999999997,-60.501341181450954,59.737661337818395,-41.71310077836786,40,122580,45
p002725,r0024,20,3.9500000000000002,0.52000000000000002,-59.852310065931704,60.101124922619633,-2.7246612714270642,40,122625,45
p002726,r0023,20,4.4000000000000004,0.20000000000000001,-60.095239257595168,59.987834545885491,36.421219785189365,40,122670,45
p002727,r0002,13,1.7,0.20000000000000001,-60.156926997584037,60.166541130451918,36.55184750484473,26,122715,45
p002728,r0029,13,2.6000000000000001,0.83999999999999997,-66.772038891081664,92.554670930538975,-41.729765319622359,26,122760,45
p002729,r0019,29,2.1499999999999999,0.52000000000000002,-59.813304304943145,60.093901903847751,-2.707845324723519,26,122805,45
p002730,r0014,20,2.1499999999999999,0.52000000000000002,-59.862525836122678,59.941703943924345,-1.9064955417001059,26,122850,45
p002731,r0000,13,4.4000000000000004,0.20000000000000001,-59.552665142310218,60.059390104694849,35.686979055293833,40,122895,45
p002732,r0000,29,2.1499999999999999,0.20000000000000001,-59.930069449334042,60.336482990876874,35.833172502834685,26,122940,45
p002733,r0017,8,2.6000000000000001,0.20000000000000001,-59.403472867389816,60.530734713314502,36.093893197173635,26,122985,45
p002734,r0011,29,1.7,0.83999999999999997,-69.312300018868953,109.81546231680559,-41.101858045161023,26,123030,45
p002735,r0000,8,2.6000000000000001,0.52000000000000002,-60.06408395965309,59.735587256788961,-2.1102417757609073,26,123075,45
p002736,r0022,29,3.5,0.20000000000000001,-60.300131193131698,59.178675360692573,34.832914049927716,40,123120,45
p002737,r0026,8,3.9500000000000002,0.83999999999999997,-74.550209908142278,134.37157065889829,-40.672725017415772,36,123165,45
p002738,r0010,8,2.1499999999999999,0.20000000000000001,-59.988689081140691,59.851380421756545,35.433366521177092,26,123210,45
p002739,r0006,13,4.8499999999999996,0.52000000000000002,-60.105566194747858,60.188833426913753,-2.8142543763502887,40,123255,45
p002740,r0003,13,3.5,0.83999999999999997,-70.678326744054274,114.77809581809689,-40.555299134110058,27,123300,45
p002741,r0004,13,3.5,0.83999999999999997,-73.887495673934637,131.99924233865701,-40.495617591919952,27,123345,45
p002742,r0006,20,2.1499999999999999,0.52000000000000002,-59.477646641368878,59.62825666278529,-2.7568130553748817,26,123390,45
p002743,r0005,20,3.0499999999999998,0.83999999999999997,-72.5396575570864,127.79435840442271,-40.036215003244934,26,123435,45
p002744,r0001,20,3.9500000000000002,0.20000000000000001,-77.713357379163682,64.500378044576792,35.607630959828697,40,123480,45
p002745,r0025,13,5.2999999999999998,0.20000000000000001,-70.891975783089308,63.034079006148758,36.698868048301151,40,123525,45
p002746,r0019,20,4.4000000000000004,0.83999999999999997,-65.032265182129805,89.447304841555322,-40.765533978340187,40,123570,45
p002747,r0001,13,5.2999999999999998,0.83999999999999997,-60.487768867233875,60.199499443187875,-40.727805937566387,40,123615,45
p002748,r0009,13,1.7,0.20000000000000001,-70.347881452247492,62.207450201970815,35.246383871127151,26,123660,45
p002749,r0029,8,2.1499999999999999,0.52000000000000002,-60.022328561970433,60.291097174518676,-1.8218842084556599,26,123705,45
p002750,r0011,13,3.5,0.20000000000000001,-62.99117806434765,60.56027415845422,35.399983713893846,39,123750,45
p002751,r0015,20,5.2999999999999998,0.52000000000000002,-59.917300947189126,60.242016625241838,-2.6908285124222688,40,123795,45
p002752,r0009,13,4.4000000000000004,0.52000000000000002,-60.164270363702698,59.931538927572817,-2.0682819038904539,40,123840,45
p002753,r0011,8,3.0499999999999998,0.52000000000000002,-60.143034549626414,59.912343196397238,-2.0664532315350597,26,123885,45
p002754,r0000,8,4.4000000000000004,0.83999999999999997,-63.553045595724171,80.10670554081014,-41.017485413878674,39,123930,45
p002755,r0009,29,4.4000000000000004,0.52000000000000002,-59.849063826441778,60.094051325296533,-1.8263685536073908,40,123975,45
p002756,r0007,8,3.5,0.83999999999999997,-60.334454278047076,59.731967984427044,-40.673826716051209,28,124020,45
p002757,r0023,20,4.4000000000000004,0.52000000000000002,-60.154343112992365,60.417074697704663,-2.7300625638577971,40,124065,45
p002758,r0025,8,2.6000000000000001,0.20000000000000001,-96.656510638766775,69.514225047553879,36.730077910289751,26,124110,45
p002759,r0000,13,4.8499999999999996,0.83999999999999997,-73.44059604182894,131.11372835060703,-41.16190413903918,40,124155,45
p002760,r0002,29,2.6000000000000001,0.20000000000000001,-75.945102706316462,63.976017045169144,35.54179309487202,26,124200,45
p002761,r0019,13,4.8499999999999996,0.83999999999999997,-59.986296218077442,59.680502788643331,-40.389608377002112,40,124245,45
p002762,r0008,20,4.8499999999999996,0.20000000000000001,-60.08788020000901,60.569144341168396,35.987739432932912,40,124290,45
p002763,r0021,13,4.8499999999999996,0.52000000000000002,-60.075021933069479,59.724452293863195,-2.121274304141795,40,124335,45
p002764,r0007,13,3.0499999999999998,0.20000000000000001,-59.86311930884861,59.756836278416635,35.382845160963583,27,124380,45
p002765,r0019,20,2.1499999999999999,0.83999999999999997,-59.692851646947219,60.513942003672156,-40.009764662848113,26,124425,45
p002766,r0018,29,2.6000000000000001,0.20000000000000001,-60.158033271974432,60.211473396527097,35.687572062826789,26,124470,45
p002767,r0013,13,2.1499999999999999,0.83999999999999997,-72.814838379851764,127.65837267807959,-40.289124610582732,26,124515,45
p002768,r0000,8,5.2999999999999998,0.83999999999999997,-61.86743593346003,71.2666205141727,-40.115986901838781,40,124560,45
p002769,r0021,20,2.1499999999999999,0.83999999999999997,-63.534227069911836,80.576181904950815,-40.926561633933815,26,124605,45
p002770,r0020,13,3.0499999999999998,0.83999999999999997,-59.970168415902492,60.430414556524305,-41.156075140314208,26,124650,45
p002771,r0023,8,2.6000000000000001,0.83999999999999997,-62.290004407154044,73.893115764463431,-40.050705179695242,26,124695,45
p002772,r0029,13,3.5,0.52000000000000002,-60.088817155250148,60.222963272305442,-2.7891625500234669,28,124740,45
p002773,r0026,20,5.2999999999999998,0.83999999999999997,-72.053647964870493,121.58117856127404,-41.522075720687369,40,124785,45
p002774,r0016,20,1.7,0.20000000000000001,-87.55066027374491,67.231158575824224,36.724794805910399,26,124830,45
p002775,r0025,8,4.4000000000000004,0.52000000000000002,-60.154024125527116,60.060396167916707,-2.0011023846740796,40,124875,45
p002776,r0022,20,3.9500000000000002,0.52000000000000002,-59.529702058512335,59.762144849011456,-1.8196155429009153,40,124920,45
p002777,r0003,20,4.8499999999999996,0.83999999999999997,-62.063790161360231,74.180184344574542,-39.814754240410664,40,124965,45
p002778,r0018,13,2.6000000000000001,0.52000000000000002,-59.478622188965488,60.12368695861386,-1.619513798127403,26,125010,45
p002779,r0000,20,2.6000000000000001,0.52000000000000002,-59.557830288390491,59.854396251500773,-1.7899615492426861,26,125055,45
p002780,r0023,13,2.1499999999999999,0.52000000000000002,-60.060577256405082,60.376583197572529,-2.7007402384958299,26,125100,45
p002781,r0007,20,4.8499999999999996,0.20000000000000001,-60.195183200788023,60.017767971873837,36.425177737341471,40,125145,45
p002782,r0014,29,3.9500000000000002,0.20000000000000001,-60.476028038296981,59.567835684179535,36.009062939684235,40,125190,45
p002783,r0019,20,2.6000000000000001,0.83999999999999997,-68.664221117338826,109.20359722345951,-39.755370182811106,26,125235,45
p002784,r0010,29,3.9500000000000002,0.20000000000000001,-59.608378394384431,59.946411953546644,35.585453883960426,40,125280,45
p002785,r0026,13,4.8499999999999996,0.20000000000000001,-60.247076568670465,59.901403623533412,35.421707585092634,40,125325,45
p002786,r0012,29,3.5,0.83999999999999997,-67.01259187996105,97.627590783171328,-40.220162653859859,26,125370,45
p002787,r0016,20,3.9500000000000002,0.52000000000000002,-60.847440777492643,59.915959967656498,-2.4310084198210573,40,125415,45
p002788,r0014,20,5.2999999999999998,0.20000000000000001,-59.597609013451439,60.449242467507545,36.889872171315744,40,125460,45
p002789,r0019,20,4.8499999999999996,0.83999999999999997,-60.077970574427638,60.022622350408959,-41.311875706453783,40,125505,45
p002790,r0023,20,2.6000000000000001,0.83999999999999997,-59.889744893048096,60.061575705616619,-41.147533597261742,26,125550,45
p002791,r0020,20,2.1499999999999999,0.52000000000000002,-60.479029388697107,60.006261688768724,-3.096089671513508,26,125595,45
p002792,r0021,20,1.7,0.52000000000000002,-60.445932244681281,60.472150097485461,-1.9552527204412471,26,125640,45
p002793,r0006,20,5.2999999999999998,0.52000000000000002,-60.665929483336299,60.612669373733226,-2.0022020319429314,40,125685,45
p002794,r0005,20,4.8499999999999996,0.52000000000000002,-60.43633725702481,59.639191581582729,-3.2500834144931945,40,125730,45
p002795,r0019,20,5.2999999999999998,0.52000000000000002,-60.069833240109901,59.660371275959236,-3.0493350723967199,40,125775,45
p002796,r0018,29,3.5,0.20000000000000001,-60.311428748859242,59.994223151487489,35.483092771418143,40,125820,45
p002797,r0004,8,3.5,0.83999999999999997,-63.719779020071201,80.649243958530576,-40.170735343494911,28,125865,45
p002798,r0017,13,3.9500000000000002,0.52000000000000002,-59.63106610690118,60.081547716862396,-2.6190114714946633,39,125910,45
p002799,r0028,20,4.4000000000000004,0.20000000000000001,-59.338930866853225,59.772226022721718,36.399994644806732,40,125955,45
p002800,r0012,29,2.1499999999999999,0.20000000000000001,-60.136660550274243,60.08177307766249,35.588086352075138,26,126000,45
p002801,r0000,29,2.1499999999999999,0.83999999999999997,-71.625901618848303,121.51212893736876,-40.273816729853564,26,126045,45
p002802,r0027,29,3.0499999999999998,0.83999999999999997,-68.89877131207345,105.72922144769657,-40.508292470510227,26,126090,45
p002803,r0012,8,3.9500000000000002,0.83999999999999997,-60.681923894131316,62.057756300127018,-41.493575063049981,36,126135,45
p002804,r0020,29,2.6000000000000001,0.52000000000000002,-60.03505072425984,59.811851911640225,-2.0585374590278134,26,126180,45
p002805,r0018,8,5.2999999999999998,0.52000000000000002,-59.507177965954256,59.381164416742919,-2.890773622259613,40,126225,45
p002806,r0026,29,2.1499999999999999,0.83999999999999997,-69.634834830344559,108.46159883689107,-41.589405443586855,26,126270,45
p002807,r0008,8,4.4000000000000004,0.83999999999999997,-64.805591736776762,83.401092170731857,-41.542522311575382,39,126315,45
p002808,r0021,20,3.0499999999999998,0.52000000000000002,-59.528836593846556,60.016397956857311,-1.6971240095087012,26,126360,45
p002809,r0005,8,3.9500000000000002,0.52000000000000002,-60.447139076844643,60.1290168518942,-2.1205842310499987,37,126405,45
p002810,r0029,20,4.4000000000000004,0.20000000000000001,-60.666251761261343,59.902294238947391,36.238585038905647,40,126450,45
p002811,r0019,13,5.2999999999999998,0.52000000000000002,-60.215130445404981,60.00118976305383,-2.9612967453447512,40,126495,45
p002812,r0015,29,3.5,0.20000000000000001,-59.8883867759601,60.525641027374448,36.892835466707538,40,126540,45
p002813,r0004,29,3.9500000000000002,0.52000000000000002,-60.767583489194472,59.865123063337528,-2.4138843439791158,40,126585,45
p002814,r0008,29,2.1499999999999999,0.83999999999999997,-73.720960326895295,128.1656142846835,-40.969108389042688,26,126630,45
p002815,r0014,8,3.0499999999999998,0.52000000000000002,-59.769871136922937,59.545320490389166,-2.0485791558131323,26,126675,45
p002816,r0020,20,4.4000000000000004,0.20000000000000001,-59.465906504106343,59.977786424634409,35.639047838886256,40,126720,45
p002817,r0000,8,2.6000000000000001,0.83999999999999997,-59.95818538534936,60.113834354236843,-40.29666222701556,26,126765,45
p002818,r0029,29,3.9500000000000002,0.52000000000000002,-59.950617617661926,60.413781924101379,-1.7257058376155456,40,126810,45
p002819,r0013,20,1.7,0.20000000000000001,-60.473676759264976,60.378699105626879,36.658223932648511,26,126855,45
p002820,r0010,13,2.1499999999999999,0.83999999999999997,-69.44702688964442,109.26748949424282,-40.40270426822245,26,126900,45
p002821,r0027,8,4.4000000000000004,0.83999999999999997,-85.411296612322047,194.37848192593512,-41.094932046200896,39,126945,45
p002822,r0003,20,3.0499999999999998,0.83999999999999997,-69.122641695594467,109.52518942874386,-40.088988715700324,26,126990,45
p002823,r0009,20,4.8499999999999996,0.20000000000000001,-77.584542916977142,63.913629957273933,35.163995382423714,40,127035,45
p002824,r0010,29,3.5,0.52000000000000002,-59.567449405990978,59.867701001083979,-2.688577210594997,26,127080,45
p002825,r0016,13,2.6000000000000001,0.83999999999999997,-61.886572473371075,68.306338993675098,-41.505706638643687,26,127125,45
p002826,r0006,20,3.0499999999999998,0.83999999999999997,-64.457363882933549,83.064439575639312,-40.403875329561885,26,127170,45
p002827,r0015,20,2.1499999999999999,0.20000000000000001,-86.590754793660537,67.384940662236588,36.139801571057163,26,127215,45
p002828,r0001,8,3.0499999999999998,0.83999999999999997,-67.655263632251206,100.1304356855306,-41.259551741406113,26,127260,45
p002829,r0008,13,2.6000000000000001,0.83999999999999997,-66.049587011467594,92.778601585057913,-40.187076836023508,26,127305,45
p002830,r0010,20,1.7,0.52000000000000002,-59.572383384189791,59.813098361834989,-1.817352146097899,26,127350,45
p002831,r0022,8,5.2999999999999998,0.20000000000000001,-60.480738802804012,59.437205710708369,35.903616808005893,40,127395,45
p002832,r0000,13,1.7,0.20000000000000001,-69.517736629658003,62.268420047595086,36.361188712144468,26,127440,45
p002833,r0004,20,3.9500000000000002,0.83999999999999997,-59.769721131317766,59.725876122544669,-41.100425570699763,39,127485,45
p002834,r0029,13,5.2999999999999998,0.20000000000000001,-63.143637058970612,61.049299259047302,35.760711995443714,40,127530,45
p002835,r0016,8,3.5,0.52000000000000002,-60.09321258183342,59.638813572179835,-3.0718400279070623,29,127575,45
p002836,r0024,13,4.8499999999999996,0.83999999999999997,-63.530828952812044,79.770105353920457,-41.052679463734847,40,127620,45
p002837,r0026,8,5.2999999999999998,0.83999999999999997,-77.06580251186314,151.90740297175441,-40.880089634484349,40,127665,45
p002838,r0009,8,2.1499999999999999,0.52000000000000002,-59.684422724014389,59.663795050365557,-2.8472781923120154,26,127710,45
p002839,r0020,29,3.9500000000000002,0.20000000000000001,-65.35190387055863,60.723838195431867,35.058689782233763,40,127755,45
p002840,r0000,29,1.7,0.52000000000000002,-60.052132873736284,59.894740531889809,-2.0276336390357583,26,127800,45
p002841,r0025,29,3.9500000000000002,0.20000000000000001,-60.325555270673838,60.144739430404357,35.600680490188715,40,127845,45
p002842,r0008,8,2.6000000000000001,0.83999999999999997,-59.667985359504513,60.437615234912045,-40.901089264397868,26,127890,45
p002843,r0010,13,3.5,0.83999999999999997,-60.390471198651653,60.242814804646251,-40.639145438123983,27,127935,45
p002844,r0008,20,2.1499999999999999,0.52000000000000002,-59.817263031358323,60.207922789002495,-2.6551738375851359,26,127980,45
p002845,r0008,29,4.8499999999999996,0.20000000000000001,-59.890948112297217,60.587711353908681,36.041979460667498,40,128025,45
p002846,r0012,8,3.9500000000000002,0.52000000000000002,-59.537188547939067,60.403817716410728,-1.5155055410511651,37,128070,45
p002847,r0013,29,2.1499999999999999,0.83999999999999997,-63.120676192335239,76.576090609729434,-40.319193504004886,26,128115,45
p002848,r0001,13,3.9500000000000002,0.52000000000000002,-60.497546609513968,59.918630984220734,-3.147781364521312,39,128160,45
p002849,r0025,29,1.7,0.83999999999999997,-70.407792775495821,112.53568444139287,-40.686836420793625,26,128205,45
p002850,r0010,20,3.0499999999999998,0.20000000000000001,-60.218240985337047,59.595111364033102,36.082440894159078,26,128250,45
p002851,r0000,29,3.9500000000000002,0.20000000000000001,-60.531659908368184,60.436107870512828,36.692554314736626,40,128295,45
p002852,r0002,20,3.9500000000000002,0.83999999999999997,-67.431241347015941,99.136511203044762,-40.330400939006225,39,128340,45
p002853,r0017,8,4.4000000000000004,0.52000000000000002,-59.569837166918994,59.94764290867807,-2.6514467306324052,40,128385,45
p002854,r0002,8,5.2999999999999998,0.20000000000000001,-60.386466018193673,59.626183527382807,36.073653618267514,40,128430,45
p002855,r0000,20,1.7,0.83999999999999997,-60.145491122704939,60.494919915465971,-40.39302535659759,26,128475,45
p002856,r0017,20,3.9500000000000002,0.20000000000000001,-126.49720399527489,76.272786985385068,35.268788789253072,40,128520,45
p002857,r0001,13,1.7,0.83999999999999997,-59.29030744100865,60.155062166170715,-40.629048303859953,26,128565,45
p002858,r0021,13,1.7,0.83999999999999997,-67.931000107229949,97.897189908518385,-41.848489704710218,26,128610,45
p002859,r0018,29,2.1499999999999999,0.83999999999999997,-65.320142015055296,88.513103819897253,-41.156822681462884,26,128655,45
p002860,r0016,13,4.8499999999999996,0.52000000000000002,-60.014158189501607,60.027880573093064,-1.9439795834561651,40,128700,45
p002861,r0013,20,3.0499999999999998,0.83999999999999997,-61.575384326003025,66.101338757418873,-41.59710863265552,26,128745,45
p002862,r0025,13,3.0499999999999998,0.83999999999999997,-59.746152256010724,59.924890317524969,-40.148785444245007,26,128790,45
p002863,r0019,8,3.5,0.52000000000000002,-59.972659882519189,60.165475399489274,-1.8563549471551284,30,128835,45
p002864,r0006,29,2.6000000000000001,0.20000000000000001,-60.230079742208545,60.207958469522652,36.570350827176412,26,128880,45
p002865,r0023,13,4.4000000000000004,0.83999999999999997,-74.736196052710369,136.07193276761072,-40.556895441458991,40,128925,45
p002866,r0009,29,2.6000000000000001,0.83999999999999997,-66.236431643964508,90.737054980447766,-40.670673784058536,26,128970,45
p002867,r0027,20,2.1499999999999999,0.52000000000000002,-59.987404925636888,60.206637427375462,-2.7442645961909635,26,129015,45
p002868,r0006,8,2.1499999999999999,0.20000000000000001,-103.59630649728187,71.284177901448459,35.858081021702382,26,129060,45
p002869,r0015,29,3.9500000000000002,0.52000000000000002,-60.02390663562884,60.358218063507515,-1.7904867800433906,40,129105,45
p002870,r0022,13,1.7,0.52000000000000002,-59.678693939852074,60.691266752206708,-2.3511128076638643,26,129150,45
p002871,r0007,20,5.2999999999999998,0.20000000000000001,-59.944470051607276,59.854204530596306,35.444469614155587,40,129195,45
p002872,r0020,13,4.8499999999999996,0.20000000000000001,-59.713576418044838,60.097696014441752,35.685441527944434,40,129240,45
p002873,r0027,8,3.9500000000000002,0.52000000000000002,-59.833027890614147,59.918234476512282,-1.9024219543934635,37,129285,45
p002874,r0025,20,2.1499999999999999,0.52000000000000002,-60.613137800141381,60.039716765493473,-3.1497676086366555,26,129330,45
p002875,r0022,8,3.5,0.83999999999999997,-60.857972421727752,68.144426421127037,-40.667588606870993,28,129375,45
p002876,r0017,20,3.5,0.52000000000000002,-59.581355516483406,60.598217941031315,-1.4451602568763449,26,129420,45
p002877,r0010,29,2.6000000000000001,0.20000000000000001,-68.015843827440676,62.523661521577694,36.865760451774022,26,129465,45
p002878,r0000,20,3.5,0.52000000000000002,-60.389382898704596,59.745835030808323,-2.2744782925383999,27,129510,45
p002879,r0027,29,3.9500000000000002,0.83999999999999997,-72.313021948607187,127.35209076409107,-39.916603914575461,40,129555,45
p002880,r0008,13,4.8499999999999996,0.20000000000000001,-60.010950768673844,59.52179250271007,36.06524384843329,40,129600,45
p002881,r0021,8,2.6000000000000001,0.20000000000000001,-59.775663321492772,60.479957825009969,35.978833595709418,27,129645,45
p002882,r0018,20,3.5,0.52000000000000002,-59.692448117315557,59.926576512764861,-1.8253162948769586,26,129690,45
p002883,r0026,20,1.7,0.83999999999999997,-67.411694936422336,92.240208926689064,-42.317390318324485,26,129735,45
p002884,r0015,13,3.0499999999999998,0.20000000000000001,-60.380306398016515,59.955601363909203,36.338419811524062,28,129780,45
p002885,r0003,29,2.1499999999999999,0.20000000000000001,-62.325614773833081,60.820246617386701,35.741074339142742,26,129825,45
p002886,r0001,13,5.2999999999999998,0.52000000000000002,-60.201376412796193,60.077251074481737,-2.0176352189027922,40,129870,45
p002887,r0007,13,2.1499999999999999,0.83999999999999997,-66.530451275628437,95.593123422517976,-40.140679323924999,26,129915,45
p002888,r0003,20,4.8499999999999996,0.52000000000000002,-59.907827074966526,59.410932722508129,-2.1848223721786963,40,129960,45
p002889,r0007,29,4.4000000000000004,0.83999999999999997,-59.917522780554904,60.232270043136396,-41.1435559287643,40,130005,45
p002890,r0015,29,4.4000000000000004,0.83999999999999997,-65.459639241518985,87.920853220938653,-41.368760447525787,40,130050,45
p002891,r0003,20,2.6000000000000001,0.52000000000000002,-60.107203677639745,60.310911156133528,-2.756508557428579,26,130095,45
p002892,r0009,29,4.8499999999999996,0.20000000000000001,-60.181927117766634,59.722495497037556,36.191610974076724,40,130140,45
p002893,r0025,13,1.7,0.83999999999999997,-68.081834736227492,105.76708118685058,-40.716008188535,26,130185,45
p002894,r0008,20,3.9500000000000002,0.20000000000000001,-60.591217298769777,60.201140160984181,36.492668669033392,40,130230,45
p002895,r0003,13,3.0499999999999998,0.52000000000000002,-60.285657494625276,60.77325364429317,-2.6273801479444261,26,130275,45
p002896,r0025,8,2.1499999999999999,0.20000000000000001,-88.63695023813284,67.278901137747141,35.645730862571142,26,130320,45
p002897,r0018,13,4.4000000000000004,0.52000000000000002,-59.89761464489461,59.667154589525957,-2.9565254123727387,40,130365,45
p002898,r0010,13,3.0499999999999998,0.52000000000000002,-60.257008998263075,59.948606093251186,-2.1083137543362325,26,130410,45
p002899,r0010,20,4.4000000000000004,0.52000000000000002,-60.181471468134134,59.954925024329441,-2.0660011517516237,40,130455,45
p002900,r0011,8,4.8499999999999996,0.20000000000000001,-68.33863843434824,62.252667658703032,36.584406440092778,40,130500,45
p002901,r0026,29,4.4000000000000004,0.83999999999999997,-68.917640948296025,105.53315229293821,-41.455514029698534,40,130545,45
p002902,r0002,20,3.0499999999999998,0.83999999999999997,-72.905485314325858,128.3171982578892,-41.159855942771443,26,130590,45
p002903,r0027,13,2.6000000000000001,0.20000000000000001,-72.572582756266627,62.570820302160584,35.092139690475136,26,130635,45
p002904,r0023,13,3.0499999999999998,0.52000000000000002,-59.841411562258727,59.801374790490215,-2.8628741129392354,26,130680,45
p002905,r0001,20,1.7,0.52000000000000002,-60.355417312847422,59.620578450822919,-3.2169393462856606,26,130725,45
p002906,r0020,20,3.0499999999999998,0.52000000000000002,-59.442146107574295,60.018625427525301,-2.5509757707264926,26,130770,45
p002907,r0000,13,3.0499999999999998,0.83999999999999997,-66.86164042532215,95.17797034736283,-40.485302701692547,26,130815,45
p002908,r0005,13,3.9500000000000002,0.52000000000000002,-59.606809681659961,60.108893385043054,-1.6932722096425181,39,130860,45
p002909,r0017,8,4.8499999999999996,0.83999999999999997,-66.128448584840129,89.09449931061846,-41.742776921566744,40,130905,45
p002910,r0024,13,2.6000000000000001,0.20000000000000001,-60.109843751088093,59.735023467118531,35.316050023477203,26,130950,45
p002911,r0007,8,3.9500000000000002,0.83999999999999997,-60.154089298314908,60.118663049984754,-41.360448922586961,36,130995,45
p002912,r0021,8,3.9500000000000002,0.83999999999999997,-61.541432685640885,73.458979915796945,-40.391366669410829,35,131040,45
p002913,r0011,8,4.4000000000000004,0.20000000000000001,-89.436986832321566,68.4601802193624,37.330746809025612,40,131085,45
p002914,r0006,8,3.0499999999999998,0.52000000000000002,-59.779513133541755,59.860567573724424,-2.8022743940539927,26,131130,45
p002915,r0002,13,4.8499999999999996,0.52000000000000002,-60.390003531586352,60.572332824310642,-2.7780820807557989,40,131175,45
p002916,r0027,20,5.2999999999999998,0.83999999999999997,-70.896229329933192,116.9262213416286,-40.394637222483297,40,131220,45
p002917,r0001,13,4.8499999999999996,0.20000000000000001,-60.46998805447123,59.732953140751334,36.142364901706827,40,131265,45
p002918,r0001,20,3.5,0.52000000000000002,-60.078131923059935,60.223827425144897,-2.7831914359216201,26,131310,45
p002919,r0016,8,4.8499999999999996,0.20000000000000001,-60.098464144369203,59.947203694429547,35.488070126669797,40,131355,45
p002920,r0004,13,4.4000000000000004,0.20000000000000001,-59.932985722765963,59.862033476639212,35.453029636758174,40,131400,45
p002921,r0024,13,2.6000000000000001,0.52000000000000002,-60.314963615478504,60.329556986545967,-2.8555937265067586,26,131445,45
p002922,r0026,20,3.0499999999999998,0.20000000000000001,-60.459896360849982,59.730769857537851,36.14263661386029,26,131490,45
p002923,r0013,29,4.4000000000000004,0.20000000000000001,-91.781417011860384,67.567003715364081,36.14731956991919,40,131535,45
p002924,r0024,8,3.9500000000000002,0.52000000000000002,-59.651500870621668,60.646351556259098,-1.4585317057189002,37,131580,45
p002925,r0006,29,4.4000000000000004,0.20000000000000001,-97.429574900646003,69.453024474086646,35.626504599140112,40,131625,45
p002926,r0003,13,3.5,0.20000000000000001,-60.065820797769078,59.537936275851749,36.067184861127586,39,131670,45
p002927,r0024,8,2.1499999999999999,0.20000000000000001,-59.857365350695162,59.296628543837627,35.915829764931075,26,131715,45
p002928,r0027,8,3.0499999999999998,0.20000000000000001,-61.061327205580518,59.978201078663702,36.220295421814853,30,131760,45
p002929,r0021,8,4.8499999999999996,0.83999999999999997,-63.394045094645108,77.183960715710342,-41.351564164988233,40,131805,45
p002930,r0010,8,3.0499999999999998,0.20000000000000001,-59.858262140758399,60.094696874022276,36.554105071066147,29,131850,45
p002931,r0020,20,4.8499999999999996,0.52000000000000002,-59.611190440786743,60.102820449915754,-2.5984652132495443,40,131895,45
p002932,r0020,20,2.1499999999999999,0.20000000000000001,-59.712784566653191,59.952907167678845,35.569768820812435,26,131940,45
p002933,r0011,29,3.0499999999999998,0.83999999999999997,-66.189253506040302,93.772571959771199,-41.045361431510472,26,131985,45
p002934,r0011,8,3.5,0.83999999999999997,-66.178142525156431,93.718789251505498,-41.044633440890522,28,132030,45
p002935,r0005,29,1.7,0.20000000000000001,-59.928340130884848,59.949743532467664,36.424126799797165,26,132075,45
p002936,r0005,8,5.2999999999999998,0.20000000000000001,-59.908784467402114,59.993527107932877,36.463064792865879,40,132120,45
p002937,r0025,13,3.9500000000000002,0.52000000000000002,-59.728346468911909,60.099361521142086,-1.7610466336859958,39,132165,45
p002938,r0003,8,5.2999999999999998,0.83999999999999997,-59.901789267144949,59.950664215792948,-40.27539670987489,40,132210,45
p002939,r0009,8,4.8499999999999996,0.20000000000000001,-59.931591093830605,60.410459428613848,35.892049324124955,40,132255,45
p002940,r0013,20,5.2999999999999998,0.83999999999999997,-61.579093496887211,70.43664742210234,-40.006574949848869,40,132300,45
p002941,r0008,20,1.7,0.20000000000000001,-59.428226162036431,59.666683271799272,35.397701385032121,26,132345,45
p002942,r0002,29,4.8499999999999996,0.52000000000000002,-60.213169214218091,59.958888950745425,-2.0805812950356026,40,132390,45
p002943,r0009,20,2.6000000000000001,0.52000000000000002,-59.728913348361168,60.120874619330102,-2.6510151238693611,26,132435,45
p002944,r0005,8,2.6000000000000001,0.52000000000000002,-59.604648001360815,60.345536357376531,-1.5785595091668896,26,132480,45
p002945,r0018,29,3.0499999999999998,0.83999999999999997,-72.659348293387865,126.78252715320653,-40.298648221932766,26,132525,45
p002946,r0025,13,1.7,0.52000000000000002,-60.327827670876701,59.974169985390972,-2.1328687958682222,26,132570,45
p002947,r0001,8,2.1499999999999999,0.83999999999999997,-68.942027334021077,106.4143185660982,-40.435011990001982,26,132615,45
p002948,r0019,20,4.8499999999999996,0.20000000000000001,-60.541671073889937,60.122010114909848,35.539273877149888,40,132660,45
p002949,r0015,20,2.6000000000000001,0.52000000000000002,-60.544015143345192,59.912890555996057,-2.2747004076613946,26,132705,45
p002950,r0023,13,5.2999999999999998,0.52000000000000002,-59.440604130728588,59.888669376817376,-2.6125528471065254,40,132750,45
p002951,r0011,8,4.8499999999999996,0.52000000000000002,-60.011065204863726,60.587750143993006,-2.5736338374124985,40,132795,45
p002952,r0009,13,3.0499999999999998,0.52000000000000002,-60.013395951603854,59.795894290477207,-2.0549366354049452,26,132840,45
p002953,r0005,29,3.5,0.52000000000000002,-60.27798671288523,59.912706315867887,-3.0364540590837352,26,132885,45
p002954,r0016,8,2.6000000000000001,0.52000000000000002,-60.25369574625303,60.110425756229731,-2.9289174250613046,26,132930,45
p002955,r0025,20,2.6000000000000001,0.52000000000000002,-60.511933230716338,59.710621413624906,-3.2551070014325463,26,132975,45
p002956,r0022,8,5.2999999999999998,0.83999999999999997,-60.097691667026893,61.51723870209922,-41.089302807966718,40,133020,45
p002957,r0013,13,3.0499999999999998,0.52000000000000002,-60.345938870037727,59.955168957569313,-2.1514071127863472,26,133065,45
p002958,r0024,20,1.7,0.52000000000000002,-60.134362742226855,59.910458299998254,-2.9628486419588045,26,133110,45
p002959,r0004,29,4.8499999999999996,0.52000000000000002,-59.353807434267594,59.758481029756737,-2.6299089715359161,40,133155,45
p002960,r0006,8,4.4000000000000004,0.52000000000000002,-59.985027998171098,60.281816820518308,-1.8069424852001845,40,133200,45
p002961,r0014,20,5.2999999999999998,0.52000000000000002,-59.595101954391431,60.526940942772249,-2.3865213637528671,40,133245,45
p002962,r0012,20,4.4000000000000004,0.52000000000000002,-60.325970615752063,60.660119279620069,-1.8026474659734391,40,133290,45
p002963,r0022,20,4.8499999999999996,0.52000000000000002,-59.962372507715557,60.00668679506083,-1.9272240423828919,40,133335,45
p002964,r0017,20,3.5,0.83999999999999997,-66.784978738033573,96.311173507350645,-40.239594378772082,26,133380,45
p002965,r0026,20,3.5,0.83999999999999997,-60.804234810688641,60.611281311031171,-41.827752231213459,26,133425,45
p002966,r0004,8,4.8499999999999996,0.20000000000000001,-96.729675648799244,69.023689461476195,35.423016439421104,40,133470,45
p002967,r0016,13,3.9500000000000002,0.52000000000000002,-60.013119933617787,59.49707162530288,-2.1982279853358717,39,133515,45
p002968,r0027,29,2.6000000000000001,0.83999999999999997,-65.782569617116565,89.984629261963022,-40.409817796463827,26,133560,45
p002969,r0022,8,4.4000000000000004,0.20000000000000001,-59.933977010346332,59.645278992161735,35.279427791660119,40,133605,45
p002970,r0003,29,1.7,0.20000000000000001,-59.811659340439661,59.743044328741334,36.282103594905138,26,133650,45
p002971,r0015,29,1.7,0.20000000000000001,-82.841502121429542,66.468401105680513,37.056420460258508,26,133695,45
p002972,r0010,20,3.0499999999999998,0.83999999999999997,-70.769781930966076,116.37793091044287,-41.27614787634063,26,133740,45
p002973,r0013,29,4.8499999999999996,0.83999999999999997,-62.990322890531246,73.188317606660945,-41.651740410980494,40,133785,45
p002974,r0009,20,3.0499999999999998,0.52000000000000002,-59.821572515287706,59.64549419803722,-2.0273804928917398,26,133830,45
p002975,r0012,20,1.7,0.83999999999999997,-59.468271540667658,59.579233046925921,-40.870670806652683,26,133875,45
p002976,r0020,29,4.8499999999999996,0.52000000000000002,-60.153455047101261,59.886365760237908,-2.9843410595784592,40,133920,45
p002977,r0017,29,2.6000000000000001,0.83999999999999997,-62.398055685506961,72.348592528245575,-41.288591971306559,26,133965,45
p002978,r0018,29,3.5,0.52000000000000002,-59.596957493245171,59.431856863822745,-2.013126601852572,26,134010,45
p002979,r0020,13,1.7,0.52000000000000002,-60.516147942346613,60.263326068194566,-2.09200041728685,26,134055,45
p002980,r0026,20,2.1499999999999999,0.83999999999999997,-62.437622560960392,72.678923425179192,-41.268975203178059,26,134100,45
p002981,r0014,20,4.8499999999999996,0.83999999999999997,-68.501873757907518,102.57542877120986,-41.579505353248734,40,134145,45
p002982,r0004,20,4.8499999999999996,0.52000000000000002,-59.869056430460176,59.753586617754252,-2.9001877673172531,40,134190,45
p002983,r0007,8,2.1499999999999999,0.52000000000000002,-60.061440560644655,59.375829513824186,-2.2815509248996149,26,134235,45
p002984,r0014,8,4.8499999999999996,0.83999999999999997,-63.238753916282391,77.214418683567715,-41.216246300306381,40,134280,45
p002985,r0016,29,4.8499999999999996,0.52000000000000002,-60.223489200351182,59.976596007233127,-2.0774483007107163,40,134325,45
p002986,r0013,13,4.4000000000000004,0.83999999999999997,-60.334817531307145,59.765138107508335,-41.568824629096667,40,134370,45
p002987,r0016,13,2.1499999999999999,0.52000000000000002,-59.471136244403077,60.123501244658691,-2.515710249653428,26,134415,45
p002988,r0021,13,3.5,0.83999999999999997,-60.265210641451304,65.123234896024968,-39.753059355455093,26,134460,45
p002989,r0012,20,3.0499999999999998,0.52000000000000002,-60.128524176956731,59.941217672655554,-2.9450480891428343,26,134505,45
p002990,r0023,8,4.8499999999999996,0.20000000000000001,-60.826607127168543,60.66022921245996,35.912861944534257,40,134550,45
p002991,r0016,20,2.1499999999999999,0.52000000000000002,-59.526706019316812,60.524496201196051,-2.3521289534706371,26,134595,45
p002992,r0016,13,5.2999999999999998,0.20000000000000001,-63.731160111141911,60.603605533898687,36.186652404890566,40,134640,45
p002993,r0029,13,4.8499999999999996,0.52000000000000002,-60.410388961284859,59.677911247234299,-3.2180048611956638,40,134685,45
p002994,r0024,29,4.8499999999999996,0.20000000000000001,-76.613143803597154,63.849686510075173,35.307120447340708,40,134730,45
p002995,r0010,13,5.2999999999999998,0.52000000000000002,-60.062752389078021,59.991144763852454,-1.9868817556713936,40,134775,45
p002996,r0023,8,4.4000000000000004,0.52000000000000002,-59.921254422044306,59.36907802634996,-2.211894846815059,40,134820,45
p002997,r0014,13,4.8499999999999996,0.20000000000000001,-92.360728879467146,67.776026217836375,35.298675198375662,40,134865,45
p002998,r0018,13,5.2999999999999998,0.20000000000000001,-72.938956087815185,63.060647037178512,36.310726412179775,40,134910,45
p002999,r0004,29,3.0499999999999998,0.20000000000000001,-74.122927131528996,63.327301791052662,36.287256006536332,26,134955,45
p003000,r0008,20,2.6000000000000001,0.83999999999999997,-63.895501687011446,78.674769756676667,-41.534258256021346,26,135000,45
p003001,r0027,29,1.7,0.83999999999999997,-68.323414770971141,102.56296735249748,-40.531593631216154,26,135045,45
p003002,r0027,13,1.7,0.20000000000000001,-59.596539212978797,60.787495437056535,37.160688507049471,26,135090,45
p003003,r0005,20,2.6000000000000001,0.52000000000000002,-59.259950592217656,60.0288759535457,-1.5513138502512505,26,135135,45
p003004,r0008,29,3.0499999999999998,0.52000000000000002,-59.663926598262108,59.906919065120704,-1.8199206798383571,26,135180,45
p003005,r0008,13,4.8499999999999996,0.83999999999999997,-71.729834787113987,118.74661018495343,-41.703603591583189,40,135225,45
p003006,r0008,13,4.4000000000000004,0.20000000000000001,-59.852783862416622,59.999877345923288,35.579345104255303,40,135270,45
p003007,r0010,29,2.6000000000000001,0.52000000000000002,-60.295013613430946,60.186281645165742,-2.0139918893045374,26,135315,45
p003008,r0028,13,4.4000000000000004,0.20000000000000001,-74.376113656101026,63.440778138148829,36.327399779298858,40,135360,45
p003009,r0000,13,3.9500000000000002,0.52000000000000002,-59.780986522743106,60.055577212408011,-2.7094359298705699,39,135405,45
p003010,r0014,8,2.6000000000000001,0.83999999999999997,-61.61976400007967,70.138600208421025,-40.088425726719549,26,135450,45
p003011,r0005,13,3.5,0.20000000000000001,-58.878562278578997,60.399452604442573,36.993849627838259,39,135495,45
p003012,r0010,29,3.9500000000000002,0.83999999999999997,-62.256434556836616,72.274318197751484,-40.281514116102514,40,135540,45
p003013,r0020,20,3.0499999999999998,0.20000000000000001,-60.891527251786712,60.315167533451373,35.623828576403753,26,135585,45
p003014,r0027,29,3.9500000000000002,0.20000000000000001,-59.563373851647704,59.941643850836662,35.590640310339786,40,135630,45
p003015,r0000,20,3.0499999999999998,0.83999999999999997,-68.434138841791878,103.60806226117711,-41.357386665316838,26,135675,45
p003016,r0026,20,3.9500000000000002,0.20000000000000001,-61.699851880912803,60.271905645544521,35.427554140253051,40,135720,45
p003017,r0002,13,4.8499999999999996,0.20000000000000001,-59.653926784445531,59.410304130400874,36.047457947431596,40,135765,45
p003018,r0006,8,3.9500000000000002,0.20000000000000001,-59.657001148709625,59.985513169366044,36.50701030575091,40,135810,45
p003019,r0017,20,2.1499999999999999,0.83999999999999997,-66.897893267618016,91.985987309325083,-41.926472375307142,26,135855,45
p003020,r0008,8,4.8499999999999996,0.20000000000000001,-59.577300762765276,59.812899467865805,35.484859421739586,40,135900,45
p003021,r0002,8,4.8499999999999996,0.83999999999999997,-73.015063201387647,131.43109874238041,-39.853677290384738,40,135945,45
p003022,r0014,8,4.4000000000000004,0.83999999999999997,-59.867575086538878,59.731594921978697,-41.181707885176067,39,135990,45
p003023,r0008,29,4.4000000000000004,0.52000000000000002,-59.991177682727795,59.492523275438089,-3.089001222808176,40,136035,45
p003024,r0019,8,4.8499999999999996,0.52000000000000002,-60.143243015115054,59.454425870717579,-3.1863619499153915,40,136080,45
p003025,r0002,13,3.5,0.83999999999999997,-63.20980608200091,80.402489492040189,-40.68183879015433,27,136125,45
p003026,r0000,13,1.7,0.52000000000000002,-60.142386523480518,59.732305924889921,-2.1525341482627054,26,136170,45
p003027,r0004,29,3.0499999999999998,0.83999999999999997,-66.552399822591298,92.034444695516342,-41.628504699694048,26,136215,45
p003028,r0024,20,3.9500000000000002,0.20000000000000001,-79.091595716110092,64.927469650566934,35.673656577231526,40,136260,45
p003029,r0001,8,3.5,0.83999999999999997,-66.040328115762151,97.223582387400029,-39.468102435256199,29,136305,45
p003030,r0029,13,1.7,0.83999999999999997,-63.381295230281211,77.558591709877675,-41.280913319855784,26,136350,45
p003031,r0018,20,4.4000000000000004,0.52000000000000002,-59.895977920543544,60.346794786539022,-2.6294470211439149,40,136395,45
p003032,r0009,20,3.5,0.52000000000000002,-59.207733106943458,60.521088079699247,-2.1878989373549631,26,136440,45
p003033,r0006,29,4.8499999999999996,0.83999999999999997,-66.299788491187371,90.428884842598947,-41.673200757781558,40,136485,45
p003034,r0006,20,4.8499999999999996,0.20000000000000001,-59.414580522599877,59.957755923680224,35.633288634424204,40,136530,45
p003035,r0026,8,3.0499999999999998,0.20000000000000001,-89.848427821444488,67.729569660772455,35.763970164329066,29,136575,45
p003036,r0016,20,3.9500000000000002,0.83999999999999997,-60.282391609629116,59.772606883673348,-41.523591850700726,39,136620,45
p003037,r0002,29,2.1499999999999999,0.83999999999999997,-62.550278818161701,73.53492149710371,-40.326646767719225,26,136665,45
p003038,r0020,8,2.1499999999999999,0.52000000000000002,-59.892336401545428,60.251204454432958,-1.7734367906758053,26,136710,45
p003039,r0006,29,3.5,0.52000000000000002,-59.778379240692125,60.161999330926029,-2.6569975263154122,26,136755,45
p003040,r0012,20,2.1499999999999999,0.83999999999999997,-66.940813627394419,95.599729878206958,-40.484326666498191,26,136800,45
p003041,r0019,29,2.1499999999999999,0.83999999999999997,-70.246089582828361,110.17838414792942,-40.928173785907106,26,136845,45
p003042,r0011,20,3.5,0.20000000000000001,-59.885531627133886,59.801729650402535,35.414277394895251,40,136890,45
p003043,r0011,13,1.7,0.52000000000000002,-59.872960952285354,59.578325307634401,-2.0863435475238701,26,136935,45
p003044,r0018,29,4.4000000000000004,0.52000000000000002,-60.407086673850543,60.806867258668277,-1.7743887862415122,40,136980,45
p003045,r0025,20,1.7,0.52000000000000002,-60.245698344456372,60.257987144453963,-1.9539293097794144,26,137025,45
p003046,r0010,29,3.5,0.20000000000000001,-60.586862143787563,59.656866861843767,35.158121060717491,40,137070,45
p003047,r0006,8,4.8499999999999996,0.20000000000000001,-79.782373299971795,65.265850007455796,35.806205345970277,40,137115,45
p003048,r0001,8,2.6000000000000001,0.20000000000000001,-60.192402108537223,59.771447814631081,35.328677829997417,26,137160,45
p003049,r0002,13,2.1499999999999999,0.52000000000000002,-59.662935939149797,60.409285627146382,-1.5782695873276353,26,137205,45
p003050,r0015,13,3.5,0.83999999999999997,-71.667133842720062,121.47805413059011,-40.313903766990421,27,137250,45
p003051,r0004,8,4.4000000000000004,0.20000000000000001,-79.755852873613478,64.635744531966438,36.20742505085046,40,137295,45
p003052,r0003,20,2.1499999999999999,0.20000000000000001,-67.750918690027106,61.909916691604579,35.527749615278239,26,137340,45
p003053,r0028,20,1.7,0.20000000000000001,-59.719689420235461,60.076957144922837,36.56762783189118,26,137385,45
p003054,r0027,29,4.4000000000000004,0.83999999999999997,-63.710821058303097,75.780773416513469,-41.842165942332443,40,137430,45
p003055,r0019,29,3.9500000000000002,0.20000000000000001,-59.282920076820261,60.414290342894361,36.024848258951437,40,137475,45
p003056,r0011,13,4.4000000000000004,0.20000000000000001,-60.538226078617413,60.723784578463267,36.021382447047131,40,137520,45
p003057,r0007,20,4.4000000000000004,0.20000000000000001,-97.047036005092338,68.762654434864501,35.150716346873125,40,137565,45
p003058,r0009,29,3.9500000000000002,0.52000000000000002,-59.850181232845891,59.934848045565936,-1.9033671792082132,40,137610,45
p003059,r0024,13,4.4000000000000004,0.20000000000000001,-62.118211244641302,60.252477888372411,36.228340061769671,40,137655,45
