length,sequence_id,target_mask,observed_mask,count
0,s000,215,215,2029
0,s000,215,214,67
0,s000,215,213,65
0,s000,215,212,1
0,s000,215,211,71
0,s000,215,210,2
0,s000,215,223,21
0,s000,215,222,1
0,s000,215,199,48
0,s000,215,198,1
0,s000,215,197,3
0,s000,215,207,1
0,s000,215,247,71
0,s000,215,246,2
0,s000,215,245,4
0,s000,215,243,4
0,s000,215,255,1
0,s000,215,151,75
0,s000,215,147,1
0,s000,215,159,1
0,s000,215,135,2
0,s000,215,183,2
0,s000,215,87,50
0,s000,215,86,4
0,s000,215,85,1
0,s000,215,83,2
0,s000,215,21,1
0,s001,121,121,2074
0,s001,121,120,62
0,s001,121,123,73
0,s001,121,122,2
0,s001,121,125,75
0,s001,121,124,4
0,s001,121,127,4
0,s001,121,113,24
0,s001,121,105,64
0,s001,121,104,2
0,s001,121,107,4
0,s001,121,109,1
0,s001,121,89,81
0,s001,121,88,3
0,s001,121,91,1
0,s001,121,93,1
0,s001,121,73,2
0,s001,121,75,1
0,s001,121,57,66
0,s001,121,56,1
0,s001,121,59,2
0,s001,121,61,1
0,s001,121,41,2
0,s001,121,25,3
0,s001,121,249,51
0,s001,121,248,2
0,s001,121,253,4
0,s001,121,241,2
0,s001,121,233,3
0,s001,121,217,1
0,s001,121,185,4
0,s001,121,184,1
0,s002,174,174,1955
0,s002,174,175,63
0,s002,174,172,53
0,s002,174,173,2
0,s002,174,170,71
0,s002,174,171,2
0,s002,174,168,3
0,s002,174,166,20
0,s002,174,167,1
0,s002,174,164,1
0,s002,174,162,1
0,s002,174,190,46
0,s002,174,191,1
0,s002,174,186,2
0,s002,174,184,1
0,s002,174,142,63
0,s002,174,143,1
0,s002,174,140,6
0,s002,174,136,1
0,s002,174,158,2
0,s002,174,238,86
0,s002,174,236,2
0,s002,174,234,4
0,s002,174,230,2
0,s002,174,206,3
0,s002,174,222,1
0,s002,174,46,58
0,s002,174,47,1
0,s002,174,44,4
0,s002,174,42,3
0,s002,174,14,3
0,s002,174,110,2
0,s003,88,88,2061
0,s003,88,89,73
0,s003,88,90,61
0,s003,88,91,1
0,s003,88,92,75
0,s003,88,93,1
0,s003,88,94,3
0,s003,88,80,17
0,s003,88,84,2
0,s003,88,72,49
0,s003,88,73,2
0,s003,88,74,3
0,s003,88,76,3
0,s003,88,64,1
0,s003,88,120,76
0,s003,88,121,4
0,s003,88,124,2
0,s003,88,112,3
0,s003,88,104,2
0,s003,88,24,62
0,s003,88,26,1
0,s003,88,28,3
0,s003,88,8,2
0,s003,88,56,4
0,s003,88,216,58
0,s003,88,217,3
0,s003,88,220,1
0,s003,88,208,1
0,s003,88,200,2
0,s003,88,248,1
0,s003,88,152,1
0,s003,88,153,1
0,s004,150,150,1998
0,s004,150,151,75
0,s004,150,148,69
0,s004,150,149,2
0,s004,150,146,76
0,s004,150,147,2
0,s004,150,144,1
0,s004,150,145,1
0,s004,150,158,24
0,s004,150,159,1
0,s004,150,156,2
0,s004,150,154,1
0,s004,150,134,48
0,s004,150,135,1
0,s004,150,132,2
0,s004,150,130,4
0,s004,150,182,69
0,s004,150,183,2
0,s004,150,180,3
0,s004,150,178,2
0,s004,150,190,3
0,s004,150,166,6
0,s004,150,214,69
0,s004,150,215,2
0,s004,150,210,2
0,s004,150,246,3
0,s004,150,22,48
0,s004,150,23,2
0,s004,150,20,5
0,s004,150,18,2
0,s004,150,6,1
0,s004,150,54,2
0,s004,150,86,1
0,s005,240,240,2080
0,s005,240,241,69
0,s005,240,242,59
0,s005,240,243,2
0,s005,240,244,75
0,s005,240,246,1
0,s005,240,248,15
0,s005,240,249,2
0,s005,240,224,55
0,s005,240,225,3
0,s005,240,226,4
0,s005,240,228,2
0,s005,240,232,1
0,s005,240,208,80
0,s005,240,209,2
0,s005,240,210,2
0,s005,240,212,2
0,s005,240,192,1
0,s005,240,176,60
0,s005,240,177,3
0,s005,240,180,5
0,s005,240,181,1
0,s005,240,184,1
0,s005,240,161,1
0,s005,240,112,54
0,s005,240,113,4
0,s005,240,114,2
0,s005,240,118,1
0,s005,240,120,1
0,s005,240,80,3
0,s005,240,48,2
0,s006,65,65,2124
0,s006,65,64,84
0,s006,65,67,64
0,s006,65,66,3
0,s006,65,69,68
0,s006,65,68,1
0,s006,65,71,3
0,s006,65,73,25
0,s006,65,81,54
0,s006,65,80,2
0,s006,65,83,3
0,s006,65,85,4
0,s006,65,84,1
0,s006,65,89,1
0,s006,65,97,86
0,s006,65,99,5
0,s006,65,101,4
0,s006,65,100,1
0,s006,65,103,1
0,s006,65,113,1
0,s006,65,115,1
0,s006,65,1,76
0,s006,65,0,1
0,s006,65,3,1
0,s006,65,5,2
0,s006,65,33,1
0,s006,65,193,51
0,s006,65,192,2
0,s006,65,195,1
0,s006,65,197,1
0,s006,65,201,1
0,s006,65,225,3
0,s006,65,129,4
0,s006,65,137,1
0,s007,18,18,2023
0,s007,18,19,56
0,s007,18,16,64
0,s007,18,22,61
0,s007,18,23,2
0,s007,18,20,3
0,s007,18,26,24
0,s007,18,2,38
0,s007,18,3,4
0,s007,18,0,1
0,s007,18,1,1
0,s007,18,6,1
0,s007,18,50,72
0,s007,18,48,4
0,s007,18,54,4
0,s007,18,34,2
0,s007,18,82,63
0,s007,18,80,1
0,s007,18,86,6
0,s007,18,114,1
0,s007,18,146,36
0,s007,18,147,1
0,s007,18,144,1
0,s007,18,150,2
0,s007,18,130,2
0,s007,18,178,4
0,s007,18,210,1
0,s008,111,111,2030
0,s008,111,110,61
0,s008,111,109,45
0,s008,111,108,2
0,s008,111,107,70
0,s008,111,106,2
0,s008,111,105,3
0,s008,111,103,18
0,s008,111,127,51
0,s008,111,125,4
0,s008,111,123,1
0,s008,111,119,1
0,s008,111,79,86
0,s008,111,78,1
0,s008,111,77,2
0,s008,111,75,4
0,s008,111,71,1
0,s008,111,95,1
0,s008,111,47,85
0,s008,111,46,3
0,s008,111,45,2
0,s008,111,43,1
0,s008,111,41,1
0,s008,111,63,2
0,s008,111,62,1
0,s008,111,15,3
0,s008,111,239,56
0,s008,111,238,3
0,s008,111,235,4
0,s008,111,255,1
0,s008,111,247,1
0,s008,111,175,1
0,s009,180,180,2000
0,s009,180,181,55
0,s009,180,182,51
0,s009,180,183,3
0,s009,180,176,60
0,s009,180,177,2
0,s009,180,178,4
0,s009,180,188,19
0,s009,180,189,2
0,s009,180,164,55
0,s009,180,165,2
0,s009,180,166,5
0,s009,180,160,2
0,s009,180,148,82
0,s009,180,149,4
0,s009,180,150,4
0,s009,180,144,1
0,s009,180,156,2
0,s009,180,132,3
0,s009,180,244,77
0,s009,180,245,1
0,s009,180,246,2
0,s009,180,240,4
0,s009,180,252,1
0,s009,180,228,2
0,s009,180,212,5
0,s009,180,52,55
0,s009,180,53,2
0,s009,180,54,3
0,s009,180,60,1
0,s009,180,36,2
0,s009,180,20,2
0,s009,180,22,1
0,s009,180,116,2
0,s010,43,43,2079
0,s010,43,42,57
0,s010,43,41,55
0,s010,43,40,1
0,s010,43,47,59
0,s010,43,46,3
0,s010,43,45,1
0,s010,43,35,18
0,s010,43,34,1
0,s010,43,33,1
0,s010,43,39,1
0,s010,43,59,57
0,s010,43,58,2
0,s010,43,57,1
0,s010,43,63,4
0,s010,43,51,1
0,s010,43,11,65
0,s010,43,10,5
0,s010,43,9,2
0,s010,43,15,4
0,s010,43,27,5
0,s010,43,107,62
0,s010,43,106,2
0,s010,43,105,1
0,s010,43,111,1
0,s010,43,99,1
0,s010,43,123,1
0,s010,43,75,3
0,s010,43,171,55
0,s010,43,170,3
0,s010,43,169,2
0,s010,43,175,1
0,s010,43,187,1
0,s010,43,139,5
0,s010,43,235,2
0,s011,213,213,2068
0,s011,213,212,66
0,s011,213,215,52
0,s011,213,214,2
0,s011,213,209,68
0,s011,213,208,3
0,s011,213,211,1
0,s011,213,221,27
0,s011,213,197,43
0,s011,213,196,2
0,s011,213,193,2
0,s011,213,245,76
0,s011,213,244,2
0,s011,213,247,3
0,s011,213,241,3
0,s011,213,240,1
0,s011,213,253,1
0,s011,213,229,1
0,s011,213,149,63
0,s011,213,148,3
0,s011,213,151,1
0,s011,213,145,2
0,s011,213,132,1
0,s011,213,181,1
0,s011,213,85,54
0,s011,213,84,1
0,s011,213,87,2
0,s011,213,81,4
0,s011,213,93,1
0,s011,213,95,1
0,s011,213,65,1
0,s011,213,117,2
0,s012,83,83,2103
0,s012,83,82,56
0,s012,83,81,61
0,s012,83,87,66
0,s012,83,86,1
0,s012,83,85,5
0,s012,83,91,23
0,s012,83,67,58
0,s012,83,66,1
0,s012,83,65,2
0,s012,83,115,56
0,s012,83,114,3
0,s012,83,119,1
0,s012,83,123,3
0,s012,83,99,3
0,s012,83,98,1
0,s012,83,19,77
0,s012,83,18,1
0,s012,83,17,2
0,s012,83,23,2
0,s012,83,3,7
0,s012,83,51,2
0,s012,83,211,57
0,s012,83,210,1
0,s012,83,209,2
0,s012,83,195,1
0,s012,83,243,1
0,s012,83,147,1
0,s013,175,175,2017
0,s013,175,174,67
0,s013,175,173,59
0,s013,175,171,68
0,s013,175,170,2
0,s013,175,169,1
0,s013,175,167,22
0,s013,175,163,1
0,s013,175,191,53
0,s013,175,190,1
0,s013,175,187,1
0,s013,175,186,1
0,s013,175,183,2
0,s013,175,143,76
0,s013,175,142,2
0,s013,175,141,5
0,s013,175,140,1
0,s013,175,139,2
0,s013,175,135,1
0,s013,175,159,1
0,s013,175,157,1
0,s013,175,239,75
0,s013,175,238,3
0,s013,175,237,2
0,s013,175,235,1
0,s013,175,255,2
0,s013,175,207,1
0,s013,175,47,39
0,s013,175,46,2
0,s013,175,45,2
0,s013,175,43,3
0,s013,175,39,1
0,s013,175,63,1
0,s013,175,111,2
0,s014,197,197,2171
0,s014,197,196,67
0,s014,197,199,61
0,s014,197,198,1
0,s014,197,193,66
0,s014,197,192,2
0,s014,197,195,3
0,s014,197,205,24
0,s014,197,207,1
0,s014,197,213,78
0,s014,197,221,2
0,s014,197,229,82
0,s014,197,231,8
0,s014,197,225,2
0,s014,197,224,1
0,s014,197,237,1
0,s014,197,245,2
0,s014,197,133,65
0,s014,197,135,1
0,s014,197,141,1
0,s014,197,149,1
0,s014,197,165,4
0,s014,197,69,54
0,s014,197,68,4
0,s014,197,70,1
0,s014,197,65,4
0,s014,197,64,1
0,s014,197,85,2
0,s014,197,101,4
0,s015,40,40,1956
0,s015,40,41,55
0,s015,40,42,72
0,s015,40,43,2
0,s015,40,44,62
0,s015,40,46,3
0,s015,40,32,12
0,s015,40,33,1
0,s015,40,34,1
0,s015,40,56,49
0,s015,40,57,1
0,s015,40,58,1
0,s015,40,60,2
0,s015,40,8,91
0,s015,40,9,2
0,s015,40,10,3
0,s015,40,12,7
0,s015,40,0,3
0,s015,40,4,1
0,s015,40,24,2
0,s015,40,104,67
0,s015,40,105,2
0,s015,40,106,3
0,s015,40,108,3
0,s015,40,96,1
0,s015,40,120,1
0,s015,40,72,1
0,s015,40,168,50
0,s015,40,169,2
0,s015,40,170,1
0,s015,40,172,1
0,s015,40,160,1
0,s015,40,184,1
0,s015,40,186,1
0,s015,40,136,4
0,s015,40,232,2
0,s016,160,160,2174
0,s016,160,161,53
0,s016,160,162,61
0,s016,160,163,2
0,s016,160,164,55
0,s016,160,165,3
0,s016,160,168,20
0,s016,160,169,1
0,s016,160,170,1
0,s016,160,176,65
0,s016,160,177,1
0,s016,160,178,3
0,s016,160,184,1
0,s016,160,128,60
0,s016,160,129,1
0,s016,160,130,1
0,s016,160,132,2
0,s016,160,133,1
0,s016,160,136,1
0,s016,160,144,3
0,s016,160,148,1
0,s016,160,224,64
0,s016,160,225,5
0,s016,160,226,2
0,s016,160,228,3
0,s016,160,232,1
0,s016,160,234,1
0,s016,160,240,1
0,s016,160,192,3
0,s016,160,32,35
0,s016,160,33,2
0,s016,160,35,1
0,s016,160,36,2
0,s016,160,0,4
0,s016,160,96,2
0,s017,253,253,2043
0,s017,253,252,57
0,s017,253,255,65
0,s017,253,249,62
0,s017,253,248,2
0,s017,253,251,4
0,s017,253,245,13
0,s017,253,244,1
0,s017,253,237,49
0,s017,253,236,1
0,s017,253,239,1
0,s017,253,221,89
0,s017,253,220,2
0,s017,253,213,2
0,s017,253,205,3
0,s017,253,189,64
0,s017,253,188,2
0,s017,253,191,2
0,s017,253,185,5
0,s017,253,181,1
0,s017,253,173,2
0,s017,253,157,3
0,s017,253,141,1
0,s017,253,125,46
0,s017,253,127,3
0,s017,253,121,1
0,s017,253,109,1
0,s017,253,61,2
0,s018,129,129,1996
0,s018,129,128,66
0,s018,129,131,56
0,s018,129,130,2
0,s018,129,133,61
0,s018,129,132,3
0,s018,129,135,3
0,s018,129,137,24
0,s018,129,139,1
0,s018,129,141,1
0,s018,129,145,69
0,s018,129,147,1
0,s018,129,149,4
0,s018,129,161,68
0,s018,129,160,5
0,s018,129,163,3
0,s018,129,165,2
0,s018,129,169,1
0,s018,129,193,64
0,s018,129,192,1
0,s018,129,195,4
0,s018,129,197,1
0,s018,129,209,1
0,s018,129,225,3
0,s018,129,229,1
0,s018,129,1,45
0,s018,129,0,2
0,s018,129,3,1
0,s018,129,5,2
0,s018,129,17,1
0,s018,129,65,4
0,s019,224,224,1993
0,s019,224,225,67
0,s019,224,226,65
0,s019,224,228,59
0,s019,224,229,1
0,s019,224,230,3
0,s019,224,232,18
0,s019,224,233,1
0,s019,224,234,1
0,s019,224,240,53
0,s019,224,241,1
0,s019,224,242,2
0,s019,224,244,2
0,s019,224,248,1
0,s019,224,192,77
0,s019,224,193,1
0,s019,224,194,2
0,s019,224,196,6
0,s019,224,208,4
0,s019,224,160,75
0,s019,224,161,3
0,s019,224,162,1
0,s019,224,164,1
0,s019,224,166,1
0,s019,224,176,2
0,s019,224,130,1
0,s019,224,96,45
0,s019,224,97,1
0,s019,224,98,2
0,s019,224,112,3
0,s019,224,64,1
0,s019,224,32,1
0,s020,168,168,2094
0,s020,168,169,80
0,s020,168,170,64
0,s020,168,171,4
0,s020,168,172,75
0,s020,168,174,2
0,s020,168,160,22
0,s020,168,161,2
0,s020,168,184,44
0,s020,168,185,3
0,s020,168,188,2
0,s020,168,176,1
0,s020,168,136,84
0,s020,168,137,2
0,s020,168,138,1
0,s020,168,152,2
0,s020,168,232,63
0,s020,168,233,2
0,s020,168,234,1
0,s020,168,236,1
0,s020,168,248,2
0,s020,168,200,2
0,s020,168,40,38
0,s020,168,41,1
0,s020,168,42,1
0,s020,168,44,3
0,s020,168,8,2
0,s020,168,24,1
0,s020,168,104,4
0,s021,94,94,2231
0,s021,94,95,71
0,s021,94,92,50
0,s021,94,93,2
0,s021,94,90,75
0,s021,94,91,2
0,s021,94,88,1
0,s021,94,86,24
0,s021,94,78,65
0,s021,94,79,2
0,s021,94,76,2
0,s021,94,74,5
0,s021,94,70,1
0,s021,94,126,65
0,s021,94,127,2
0,s021,94,124,2
0,s021,94,122,3
0,s021,94,118,3
0,s021,94,110,2
0,s021,94,30,66
0,s021,94,31,4
0,s021,94,28,2
0,s021,94,26,1
0,s021,94,62,1
0,s021,94,222,53
0,s021,94,223,2
0,s021,94,220,3
0,s021,94,218,2
0,s021,94,212,1
0,s021,94,254,2
0,s021,94,158,2
0,s022,108,108,2145
0,s022,108,109,56
0,s022,108,110,58
0,s022,108,111,2
0,s022,108,104,77
0,s022,108,105,4
0,s022,108,106,3
0,s022,108,100,26
0,s022,108,101,2
0,s022,108,124,68
0,s022,108,125,2
0,s022,108,126,1
0,s022,108,127,1
0,s022,108,120,2
0,s022,108,76,76
0,s022,108,77,3
0,s022,108,78,1
0,s022,108,92,3
0,s022,108,44,66
0,s022,108,45,1
0,s022,108,46,1
0,s022,108,40,1
0,s022,108,42,1
0,s022,108,60,2
0,s022,108,12,3
0,s022,108,236,48
0,s022,108,238,1
0,s022,108,232,1
0,s022,108,204,2
0,s022,108,205,1
0,s022,108,172,3
0,s023,169,169,2022
0,s023,169,168,79
0,s023,169,171,65
0,s023,169,170,2
0,s023,169,173,60
0,s023,169,172,3
0,s023,169,175,2
0,s023,169,161,21
0,s023,169,160,1
0,s023,169,165,1
0,s023,169,185,54
0,s023,169,184,2
0,s023,169,187,2
0,s023,169,189,3
0,s023,169,137,80
0,s023,169,136,4
0,s023,169,139,4
0,s023,169,131,1
0,s023,169,153,5
0,s023,169,233,69
0,s023,169,235,3
0,s023,169,237,2
0,s023,169,225,1
0,s023,169,249,1
0,s023,169,201,3
0,s023,169,41,49
0,s023,169,40,2
0,s023,169,43,2
0,s023,169,45,1
0,s023,169,33,1
0,s023,169,57,1
0,s023,169,25,1
0,s023,169,107,1
0,s024,94,94,1973
0,s024,94,95,60
0,s024,94,92,63
0,s024,94,93,1
0,s024,94,90,70
0,s024,94,91,4
0,s024,94,86,20
0,s024,94,78,49
0,s024,94,79,3
0,s024,94,76,3
0,s024,94,74,1
0,s024,94,72,1
0,s024,94,126,61
0,s024,94,127,1
0,s024,94,124,2
0,s024,94,122,2
0,s024,94,118,1
0,s024,94,30,63
0,s024,94,31,3
0,s024,94,28,3
0,s024,94,29,1
0,s024,94,26,2
0,s024,94,22,2
0,s024,94,62,6
0,s024,94,60,1
0,s024,94,222,49
0,s024,94,223,2
0,s024,94,218,1
0,s024,94,214,5
0,s024,94,206,4
0,s024,94,254,1
0,s024,94,158,3
0,s025,58,58,2148
0,s025,58,59,56
0,s025,58,56,52
0,s025,58,57,1
0,s025,58,62,77
0,s025,58,63,1
0,s025,58,60,1
0,s025,58,50,18
0,s025,58,48,2
0,s025,58,42,59
0,s025,58,43,1
0,s025,58,40,2
0,s025,58,46,3
0,s025,58,26,77
0,s025,58,27,3
0,s025,58,24,5
0,s025,58,30,3
0,s025,58,10,2
0,s025,58,122,71
0,s025,58,123,1
0,s025,58,120,1
0,s025,58,126,1
0,s025,58,124,1
0,s025,58,114,1
0,s025,58,106,1
0,s025,58,90,1
0,s025,58,186,55
0,s025,58,187,2
0,s025,58,184,1
0,s025,58,190,1
0,s025,58,178,1
0,s025,58,154,7
0,s025,58,250,3
0,s026,106,106,2175
0,s026,106,107,86
0,s026,106,104,71
0,s026,106,105,1
0,s026,106,110,67
0,s026,106,111,4
0,s026,106,108,1
0,s026,106,98,23
0,s026,106,99,1
0,s026,106,96,1
0,s026,106,122,57
0,s026,106,123,2
0,s026,106,126,3
0,s026,106,74,64
0,s026,106,75,1
0,s026,106,72,1
0,s026,106,66,1
0,s026,106,90,2
0,s026,106,42,80
0,s026,106,43,2
0,s026,106,40,3
0,s026,106,46,3
0,s026,106,58,1
0,s026,106,10,4
0,s026,106,26,1
0,s026,106,234,72
0,s026,106,232,3
0,s026,106,238,1
0,s026,106,226,1
0,s026,106,162,1
0,s027,192,192,2010
0,s027,192,193,71
0,s027,192,194,70
0,s027,192,195,3
0,s027,192,196,73
0,s027,192,197,2
0,s027,192,198,3
0,s027,192,200,22
0,s027,192,202,1
0,s027,192,204,2
0,s027,192,208,51
0,s027,192,209,2
0,s027,192,210,1
0,s027,192,212,2
0,s027,192,216,2
0,s027,192,224,74
0,s027,192,225,3
0,s027,192,226,2
0,s027,192,228,4
0,s027,192,232,1
0,s027,192,240,5
0,s027,192,128,76
0,s027,192,129,3
0,s027,192,130,3
0,s027,192,132,4
0,s027,192,136,1
0,s027,192,144,4
0,s027,192,160,1
0,s027,192,64,51
0,s027,192,66,1
0,s027,192,96,1
0,s028,195,195,2104
0,s028,195,194,73
0,s028,195,193,49
0,s028,195,192,3
0,s028,195,199,79
0,s028,195,198,4
0,s028,195,197,2
0,s028,195,203,27
0,s028,195,202,1
0,s028,195,211,58
0,s028,195,210,1
0,s028,195,209,1
0,s028,195,215,1
0,s028,195,219,1
0,s028,195,227,71
0,s028,195,226,2
0,s028,195,225,3
0,s028,195,235,1
0,s028,195,243,2
0,s028,195,131,62
0,s028,195,130,4
0,s028,195,129,3
0,s028,195,135,2
0,s028,195,139,2
0,s028,195,151,1
0,s028,195,163,1
0,s028,195,67,50
0,s028,195,66,1
0,s028,195,65,2
0,s028,195,71,2
0,s028,195,75,1
0,s028,195,83,1
0,s028,195,99,4
0,s028,195,103,1
0,s028,195,3,6
0,s029,235,235,2029
0,s029,235,234,70
0,s029,235,233,45
0,s029,235,232,1
0,s029,235,239,64
0,s029,235,238,1
0,s029,235,237,1
0,s029,235,227,15
0,s029,235,226,1
0,s029,235,251,51
0,s029,235,250,2
0,s029,235,249,2
0,s029,235,255,1
0,s029,235,203,79
0,s029,235,202,2
0,s029,235,201,5
0,s029,235,207,2
0,s029,235,193,1
0,s029,235,219,3
0,s029,235,171,67
0,s029,235,170,1
0,s029,235,169,1
0,s029,235,175,3
0,s029,235,163,1
0,s029,235,187,2
0,s029,235,139,2
0,s029,235,107,55
0,s029,235,106,1
0,s029,235,75,1
0,s029,235,43,4
0,s030,193,193,2090
0,s030,193,192,78
0,s030,193,195,64
0,s030,193,194,2
0,s030,193,197,75
0,s030,193,196,4
0,s030,193,199,1
0,s030,193,201,23
0,s030,193,200,1
0,s030,193,209,46
0,s030,193,211,1
0,s030,193,213,3
0,s030,193,225,61
0,s030,193,224,3
0,s030,193,229,2
0,s030,193,233,1
0,s030,193,129,61
0,s030,193,128,1
0,s030,193,131,3
0,s030,193,130,1
0,s030,193,133,3
0,s030,193,145,4
0,s030,193,161,1
0,s030,193,65,50
0,s030,193,67,1
0,s030,193,69,2
0,s030,193,97,1
0,s030,193,113,1
0,s030,193,1,1
0,s030,193,3,1
0,s030,193,17,1
0,s031,187,187,2046
0,s031,187,186,60
0,s031,187,185,56
0,s031,187,191,62
0,s031,187,189,2
0,s031,187,179,27
0,s031,187,178,1
0,s031,187,183,1
0,s031,187,171,60
0,s031,187,170,3
0,s031,187,169,4
0,s031,187,163,1
0,s031,187,155,81
0,s031,187,154,4
0,s031,187,153,3
0,s031,187,159,3
0,s031,187,147,2
0,s031,187,151,1
0,s031,187,251,56
0,s031,187,250,3
0,s031,187,249,4
0,s031,187,255,1
0,s031,187,235,1
0,s031,187,219,1
0,s031,187,59,64
0,s031,187,58,1
0,s031,187,57,1
0,s031,187,63,1
0,s031,187,51,1
0,s031,187,43,2
0,s032,55,55,2063
0,s032,55,54,71
0,s032,55,53,64
0,s032,55,51,54
0,s032,55,50,2
0,s032,55,49,3
0,s032,55,63,14
0,s032,55,62,1
0,s032,55,61,1
0,s032,55,39,58
0,s032,55,38,2
0,s032,55,37,3
0,s032,55,35,1
0,s032,55,47,1
0,s032,55,23,79
0,s032,55,22,3
0,s032,55,21,8
0,s032,55,19,5
0,s032,55,7,2
0,s032,55,5,1
0,s032,55,119,70
0,s032,55,118,1
0,s032,55,117,2
0,s032,55,115,2
0,s032,55,127,2
0,s032,55,103,1
0,s032,55,87,1
0,s032,55,86,1
0,s032,55,183,51
0,s032,55,182,2
0,s032,55,191,1
0,s032,55,167,2
0,s032,55,151,2
0,s032,55,247,1
0,s033,31,31,2088
0,s033,31,30,63
0,s033,31,29,55
0,s033,31,28,1
0,s033,31,27,59
0,s033,31,26,2
0,s033,31,25,3
0,s033,31,23,28
0,s033,31,22,1
0,s033,31,19,2
0,s033,31,17,1
0,s033,31,15,39
0,s033,31,13,1
0,s033,31,11,1
0,s033,31,5,1
0,s033,31,63,82
0,s033,31,62,2
0,s033,31,61,2
0,s033,31,59,5
0,s033,31,55,1
0,s033,31,47,2
0,s033,31,95,69
0,s033,31,94,1
0,s033,31,93,5
0,s033,31,87,2
0,s033,31,79,1
0,s033,31,127,2
0,s033,31,159,54
0,s033,31,158,1
0,s033,31,157,4
0,s033,31,155,4
0,s033,31,143,4
0,s033,31,191,3
0,s033,31,187,1
0,s033,31,215,1
0,s034,192,192,2132
0,s034,192,193,69
0,s034,192,194,68
0,s034,192,195,2
0,s034,192,196,75
0,s034,192,197,3
0,s034,192,198,4
0,s034,192,200,25
0,s034,192,201,1
0,s034,192,202,2
0,s034,192,204,3
0,s034,192,208,48
0,s034,192,210,2
0,s034,192,212,6
0,s034,192,213,1
0,s034,192,216,1
0,s034,192,224,77
0,s034,192,225,3
0,s034,192,226,2
0,s034,192,228,2
0,s034,192,240,2
0,s034,192,241,1
0,s034,192,128,64
0,s034,192,129,3
0,s034,192,130,2
0,s034,192,132,2
0,s034,192,140,1
0,s034,192,144,2
0,s034,192,160,1
0,s034,192,64,57
0,s034,192,65,1
0,s034,192,66,2
0,s034,192,68,4
0,s034,192,80,3
0,s034,192,83,1
0,s034,192,96,4
0,s034,192,112,1
0,s034,192,0,1
0,s035,30,30,2039
0,s035,30,31,58
0,s035,30,28,66
0,s035,30,29,1
0,s035,30,26,64
0,s035,30,27,2
0,s035,30,24,2
0,s035,30,22,32
0,s035,30,20,1
0,s035,30,14,50
0,s035,30,15,3
0,s035,30,12,1
0,s035,30,10,1
0,s035,30,6,1
0,s035,30,62,74
0,s035,30,63,2
0,s035,30,60,2
0,s035,30,58,1
0,s035,30,56,1
0,s035,30,54,1
0,s035,30,46,3
0,s035,30,94,81
0,s035,30,95,1
0,s035,30,92,3
0,s035,30,90,3
0,s035,30,86,1
0,s035,30,78,4
0,s035,30,126,3
0,s035,30,158,53
0,s035,30,159,1
0,s035,30,156,1
0,s035,30,154,3
0,s035,30,152,1
0,s035,30,150,2
0,s035,30,190,2
0,s035,30,222,3
0,s036,207,207,2107
0,s036,207,206,75
0,s036,207,205,56
0,s036,207,204,1
0,s036,207,203,73
0,s036,207,202,1
0,s036,207,201,2
0,s036,207,199,21
0,s036,207,198,1
0,s036,207,223,52
0,s036,207,221,4
0,s036,207,219,1
0,s036,207,215,2
0,s036,207,239,79
0,s036,207,238,1
0,s036,207,237,2
0,s036,207,235,4
0,s036,207,231,1
0,s036,207,143,59
0,s036,207,142,1
0,s036,207,141,2
0,s036,207,139,3
0,s036,207,159,3
0,s036,207,157,1
0,s036,207,175,1
0,s036,207,79,46
0,s036,207,78,2
0,s036,207,77,1
0,s036,207,76,2
0,s036,207,75,2
0,s036,207,71,2
0,s036,207,95,2
0,s036,207,111,2
0,s036,207,109,1
0,s036,207,15,3
0,s037,102,102,2054
0,s037,102,103,53
0,s037,102,100,56
0,s037,102,101,2
0,s037,102,98,63
0,s037,102,99,3
0,s037,102,96,1
0,s037,102,110,17
0,s037,102,118,56
0,s037,102,119,5
0,s037,102,116,2
0,s037,102,114,3
0,s037,102,126,2
0,s037,102,70,72
0,s037,102,71,2
0,s037,102,66,5
0,s037,102,64,1
0,s037,102,86,4
0,s037,102,38,59
0,s037,102,39,2
0,s037,102,36,2
0,s037,102,34,1
0,s037,102,33,1
0,s037,102,54,4
0,s037,102,6,3
0,s037,102,230,45
0,s037,102,228,2
0,s037,102,226,2
0,s037,102,234,1
0,s037,102,198,1
0,s037,102,166,2
0,s038,70,70,2109
0,s038,70,71,70
0,s038,70,68,62
0,s038,70,69,4
0,s038,70,66,59
0,s038,70,67,2
0,s038,70,64,1
0,s038,70,78,27
0,s038,70,79,2
0,s038,70,74,2
0,s038,70,86,61
0,s038,70,87,3
0,s038,70,84,3
0,s038,70,83,1
0,s038,70,102,77
0,s038,70,103,4
0,s038,70,100,2
0,s038,70,98,3
0,s038,70,110,2
0,s038,70,118,2
0,s038,70,6,77
0,s038,70,7,3
0,s038,70,2,2
0,s038,70,14,3
0,s038,70,38,5
0,s038,70,198,48
0,s038,70,199,1
0,s038,70,196,1
0,s038,70,194,2
0,s038,70,230,2
0,s038,70,134,1
0,s039,177,177,2154
0,s039,177,176,71
0,s039,177,179,68
0,s039,177,178,2
0,s039,177,181,70
0,s039,177,185,23
0,s039,177,187,2
0,s039,177,189,1
0,s039,177,161,58
0,s039,177,160,3
0,s039,177,163,1
0,s039,177,165,2
0,s039,177,145,88
0,s039,177,147,1
0,s039,177,153,1
0,s039,177,129,1
0,s039,177,241,68
0,s039,177,240,2
0,s039,177,243,4
0,s039,177,245,2
0,s039,177,249,1
0,s039,177,225,2
0,s039,177,209,4
0,s039,177,208,1
0,s039,177,49,64
0,s039,177,48,2
0,s039,177,51,3
0,s039,177,53,5
0,s039,177,17,1
0,s039,177,113,2
1,s000,178,178,1448
1,s000,178,179,90
1,s000,178,176,108
1,s000,178,177,10
1,s000,178,182,100
1,s000,178,183,8
1,s000,178,180,8
1,s000,178,186,69
1,s000,178,187,7
1,s000,178,184,7
1,s000,178,190,8
1,s000,178,191,1
1,s000,178,162,75
1,s000,178,163,9
1,s000,178,160,7
1,s000,178,161,2
1,s000,178,166,4
1,s000,178,164,1
1,s000,178,170,4
1,s000,178,168,1
1,s000,178,174,3
1,s000,178,146,107
1,s000,178,147,16
1,s000,178,144,11
1,s000,178,145,3
1,s000,178,150,21
1,s000,178,151,4
1,s000,178,148,1
1,s000,178,154,6
1,s000,178,155,2
1,s000,178,158,1
1,s000,178,130,9
1,s000,178,131,2
1,s000,178,138,1
1,s000,178,242,125
1,s000,178,243,12
1,s000,178,240,22
1,s000,178,241,2
1,s000,178,246,7
1,s000,178,247,2
1,s000,178,244,1
1,s000,178,250,8
1,s000,178,254,1
1,s000,178,226,5
1,s000,178,227,1
1,s000,178,224,2
1,s000,178,228,1
1,s000,178,234,1
1,s000,178,210,8
1,s000,178,211,1
1,s000,178,208,1
1,s000,178,214,2
1,s000,178,212,2
1,s000,178,218,1
1,s000,178,195,1
1,s000,178,198,1
1,s000,178,50,87
1,s000,178,51,27
1,s000,178,48,9
1,s000,178,49,2
1,s000,178,54,11
1,s000,178,55,3
1,s000,178,58,7
1,s000,178,56,2
1,s000,178,62,1
1,s000,178,34,8
1,s000,178,32,2
1,s000,178,18,14
1,s000,178,19,5
1,s000,178,16,2
1,s000,178,17,1
1,s000,178,22,1
1,s000,178,23,1
1,s000,178,21,1
1,s000,178,114,13
1,s000,178,115,1
1,s000,178,122,1
1,s000,178,103,1
1,s000,178,82,1
1,s000,178,86,1
1,s001,12,12,1565
1,s001,12,13,108
1,s001,12,14,116
1,s001,12,15,5
1,s001,12,8,115
1,s001,12,9,17
1,s001,12,10,8
1,s001,12,4,85
1,s001,12,5,8
1,s001,12,6,7
1,s001,12,7,1
1,s001,12,0,9
1,s001,12,1,1
1,s001,12,28,95
1,s001,12,29,6
1,s001,12,30,7
1,s001,12,24,4
1,s001,12,20,11
1,s001,12,21,1
1,s001,12,44,128
1,s001,12,45,17
1,s001,12,46,8
1,s001,12,47,3
1,s001,12,40,15
1,s001,12,41,3
1,s001,12,36,5
1,s001,12,37,2
1,s001,12,38,1
1,s001,12,60,8
1,s001,12,61,1
1,s001,12,62,1
1,s001,12,76,89
1,s001,12,77,8
1,s001,12,78,12
1,s001,12,79,1
1,s001,12,72,9
1,s001,12,68,7
1,s001,12,66,1
1,s001,12,92,3
1,s001,12,93,2
1,s001,12,94,1
1,s001,12,108,12
1,s001,12,110,2
1,s001,12,111,1
1,s001,12,104,2
1,s001,12,124,2
1,s001,12,120,1
1,s001,12,140,105
1,s001,12,141,14
1,s001,12,142,8
1,s001,12,143,3
1,s001,12,136,13
1,s001,12,137,3
1,s001,12,132,6
1,s001,12,133,2
1,s001,12,128,1
1,s001,12,156,5
1,s001,12,157,1
1,s001,12,152,2
1,s001,12,172,9
1,s001,12,173,3
1,s001,12,174,1
1,s001,12,175,1
1,s001,12,168,1
1,s001,12,169,2
1,s001,12,181,1
1,s001,12,204,13
1,s001,12,200,1
1,s001,12,222,1
1,s001,12,236,1
1,s001,12,237,1
1,s001,12,224,1
1,s002,82,82,1492
1,s002,82,83,124
1,s002,82,80,87
1,s002,82,81,6
1,s002,82,86,125
1,s002,82,87,10
1,s002,82,84,4
1,s002,82,85,1
1,s002,82,90,88
1,s002,82,91,11
1,s002,82,88,5
1,s002,82,89,1
1,s002,82,94,7
1,s002,82,66,108
1,s002,82,67,10
1,s002,82,64,3
1,s002,82,70,8
1,s002,82,71,2
1,s002,82,68,1
1,s002,82,74,5
1,s002,82,114,107
1,s002,82,115,14
1,s002,82,112,9
1,s002,82,113,2
1,s002,82,118,14
1,s002,82,122,9
1,s002,82,123,1
1,s002,82,120,1
1,s002,82,126,1
1,s002,82,98,11
1,s002,82,99,1
1,s002,82,96,1
1,s002,82,18,129
1,s002,82,19,13
1,s002,82,16,17
1,s002,82,17,3
1,s002,82,22,7
1,s002,82,23,2
1,s002,82,21,1
1,s002,82,26,4
1,s002,82,24,1
1,s002,82,30,2
1,s002,82,2,15
1,s002,82,50,8
1,s002,82,51,1
1,s002,82,48,3
1,s002,82,49,1
1,s002,82,54,1
1,s002,82,34,1
1,s002,82,44,1
1,s002,82,210,92
1,s002,82,211,19
1,s002,82,208,14
1,s002,82,214,5
1,s002,82,215,1
1,s002,82,218,11
1,s002,82,219,3
1,s002,82,216,1
1,s002,82,194,3
1,s002,82,195,1
1,s002,82,198,1
1,s002,82,242,5
1,s002,82,243,3
1,s002,82,246,2
1,s002,82,247,1
1,s002,82,250,2
1,s002,82,226,1
1,s002,82,227,1
1,s002,82,146,5
1,s002,82,147,2
1,s002,82,144,1
1,s002,82,151,1
1,s002,82,130,1
1,s003,7,7,1433
1,s003,7,6,111
1,s003,7,5,117
1,s003,7,4,12
1,s003,7,3,132
1,s003,7,2,11
1,s003,7,1,10
1,s003,7,0,2
1,s003,7,15,78
1,s003,7,14,5
1,s003,7,13,6
1,s003,7,11,6
1,s003,7,10,1
1,s003,7,23,95
1,s003,7,22,7
1,s003,7,21,4
1,s003,7,20,1
1,s003,7,19,5
1,s003,7,31,9
1,s003,7,39,102
1,s003,7,38,10
1,s003,7,37,4
1,s003,7,35,18
1,s003,7,33,1
1,s003,7,32,1
1,s003,7,47,5
1,s003,7,55,5
1,s003,7,54,1
1,s003,7,51,1
1,s003,7,71,121
1,s003,7,70,13
1,s003,7,69,21
1,s003,7,68,6
1,s003,7,67,14
1,s003,7,65,1
1,s003,7,64,1
1,s003,7,79,8
1,s003,7,77,2
1,s003,7,75,1
1,s003,7,87,7
1,s003,7,86,1
1,s003,7,83,1
1,s003,7,103,9
1,s003,7,102,2
1,s003,7,101,3
1,s003,7,97,1
1,s003,7,111,1
1,s003,7,135,107
1,s003,7,134,28
1,s003,7,133,8
1,s003,7,132,4
1,s003,7,131,8
1,s003,7,130,2
1,s003,7,143,3
1,s003,7,142,1
1,s003,7,141,1
1,s003,7,151,6
1,s003,7,167,11
1,s003,7,166,1
1,s003,7,164,1
1,s003,7,163,1
1,s003,7,162,1
1,s003,7,175,1
1,s003,7,183,1
1,s003,7,178,1
1,s003,7,199,6
1,s003,7,198,2
1,s003,7,197,2
1,s003,7,195,2
1,s003,7,193,1
1,s003,7,206,1
1,s003,7,230,1
1,s003,7,229,1
1,s003,7,247,1
1,s004,146,146,1407
1,s004,146,147,121
1,s004,146,144,102
1,s004,146,145,9
1,s004,146,150,132
1,s004,146,151,11
1,s004,146,148,8
1,s004,146,149,1
1,s004,146,154,84
1,s004,146,155,6
1,s004,146,152,4
1,s004,146,153,1
1,s004,146,158,7
1,s004,146,159,1
1,s004,146,156,1
1,s004,146,130,99
1,s004,146,131,4
1,s004,146,128,7
1,s004,146,129,1
1,s004,146,134,8
1,s004,146,132,1
1,s004,146,138,6
1,s004,146,143,1
1,s004,146,178,105
1,s004,146,179,11
1,s004,146,176,6
1,s004,146,177,1
1,s004,146,182,10
1,s004,146,183,1
1,s004,146,186,5
1,s004,146,187,1
1,s004,146,162,7
1,s004,146,163,1
1,s004,146,166,1
1,s004,146,210,100
1,s004,146,211,10
1,s004,146,208,22
1,s004,146,209,1
1,s004,146,214,6
1,s004,146,212,1
1,s004,146,218,4
1,s004,146,216,2
1,s004,146,222,1
1,s004,146,194,6
1,s004,146,192,4
1,s004,146,242,7
1,s004,146,243,2
1,s004,146,240,2
1,s004,146,247,1
1,s004,146,250,1
1,s004,146,248,1
1,s004,146,227,1
1,s004,146,18,104
1,s004,146,19,16
1,s004,146,16,9
1,s004,146,17,1
1,s004,146,22,7
1,s004,146,26,5
1,s004,146,27,1
1,s004,146,24,1
1,s004,146,2,2
1,s004,146,0,3
1,s004,146,6,1
1,s004,146,50,10
1,s004,146,51,2
1,s004,146,54,1
1,s004,146,62,1
1,s004,146,34,1
1,s004,146,35,1
1,s004,146,82,8
1,s004,146,80,1
1,s004,146,86,1
1,s004,146,88,1
1,s004,146,66,2
1,s004,146,68,1
1,s004,146,122,1
1,s005,68,68,1481
1,s005,68,69,119
1,s005,68,70,105
1,s005,68,71,11
1,s005,68,64,116
1,s005,68,65,10
1,s005,68,66,11
1,s005,68,76,90
1,s005,68,77,5
1,s005,68,78,8
1,s005,68,72,8
1,s005,68,74,1
1,s005,68,84,68
1,s005,68,85,3
1,s005,68,86,8
1,s005,68,87,1
1,s005,68,80,3
1,s005,68,82,1
1,s005,68,92,3
1,s005,68,100,103
1,s005,68,101,15
1,s005,68,102,5
1,s005,68,103,1
1,s005,68,96,14
1,s005,68,108,8
1,s005,68,109,1
1,s005,68,104,1
1,s005,68,105,1
1,s005,68,106,1
1,s005,68,116,3
1,s005,68,4,120
1,s005,68,5,8
1,s005,68,6,23
1,s005,68,7,1
1,s005,68,0,8
1,s005,68,1,1
1,s005,68,2,2
1,s005,68,12,5
1,s005,68,13,1
1,s005,68,14,1
1,s005,68,20,9
1,s005,68,21,2
1,s005,68,23,1
1,s005,68,16,2
1,s005,68,36,4
1,s005,68,37,2
1,s005,68,38,1
1,s005,68,32,1
1,s005,68,34,1
1,s005,68,45,1
1,s005,68,196,96
1,s005,68,197,24
1,s005,68,198,10
1,s005,68,199,2
1,s005,68,192,9
1,s005,68,193,6
1,s005,68,204,10
1,s005,68,205,3
1,s005,68,212,9
1,s005,68,213,2
1,s005,68,214,1
1,s005,68,208,1
1,s005,68,228,13
1,s005,68,229,5
1,s005,68,231,1
1,s005,68,224,1
1,s005,68,132,5
1,s005,68,133,1
1,s005,68,134,1
1,s005,68,135,1
1,s005,68,128,1
1,s005,68,130,1
1,s005,68,148,1
1,s005,68,164,1
1,s005,68,165,1
1,s006,190,190,1486
1,s006,190,191,128
1,s006,190,188,134
1,s006,190,189,10
1,s006,190,186,95
1,s006,190,187,9
1,s006,190,184,8
1,s006,190,185,1
1,s006,190,182,90
1,s006,190,183,10
1,s006,190,180,7
1,s006,190,178,3
1,s006,190,176,1
1,s006,190,174,87
1,s006,190,175,4
1,s006,190,172,5
1,s006,190,173,1
1,s006,190,170,2
1,s006,190,171,1
1,s006,190,166,4
1,s006,190,167,1
1,s006,190,164,3
1,s006,190,162,1
1,s006,190,158,110
1,s006,190,159,12
1,s006,190,156,6
1,s006,190,157,1
1,s006,190,154,14
1,s006,190,155,4
1,s006,190,152,1
1,s006,190,153,1
1,s006,190,150,3
1,s006,190,142,7
1,s006,190,138,1
1,s006,190,254,109
1,s006,190,255,7
1,s006,190,252,21
1,s006,190,253,2
1,s006,190,250,8
1,s006,190,248,1
1,s006,190,246,4
1,s006,190,247,2
1,s006,190,244,2
1,s006,190,238,10
1,s006,190,236,1
1,s006,190,230,1
1,s006,190,222,6
1,s006,190,220,3
1,s006,190,218,1
1,s006,190,214,1
1,s006,190,206,1
1,s006,190,62,113
1,s006,190,63,20
1,s006,190,60,7
1,s006,190,61,3
1,s006,190,58,6
1,s006,190,59,1
1,s006,190,54,5
1,s006,190,53,2
1,s006,190,46,5
1,s006,190,42,1
1,s006,190,30,9
1,s006,190,31,1
1,s006,190,26,1
1,s006,190,126,4
1,s006,190,127,2
1,s006,190,124,1
1,s006,190,122,2
1,s006,190,110,1
1,s006,190,94,2
1,s007,79,79,1478
1,s007,79,78,115
1,s007,79,77,104
1,s007,79,76,9
1,s007,79,75,107
1,s007,79,74,9
1,s007,79,73,7
1,s007,79,72,1
1,s007,79,71,83
1,s007,79,70,6
1,s007,79,69,5
1,s007,79,67,4
1,s007,79,66,1
1,s007,79,95,106
1,s007,79,94,7
1,s007,79,93,7
1,s007,79,92,1
1,s007,79,91,7
1,s007,79,87,3
1,s007,79,85,2
1,s007,79,83,1
1,s007,79,111,85
1,s007,79,110,22
1,s007,79,109,6
1,s007,79,108,4
1,s007,79,107,17
1,s007,79,106,1
1,s007,79,105,2
1,s007,79,103,12
1,s007,79,102,1
1,s007,79,101,1
1,s007,79,99,1
1,s007,79,127,9
1,s007,79,15,114
1,s007,79,14,7
1,s007,79,13,18
1,s007,79,12,1
1,s007,79,11,6
1,s007,79,10,2
1,s007,79,9,1
1,s007,79,8,1
1,s007,79,7,4
1,s007,79,5,2
1,s007,79,1,1
1,s007,79,31,7
1,s007,79,29,2
1,s007,79,27,1
1,s007,79,26,1
1,s007,79,47,9
1,s007,79,46,2
1,s007,79,43,2
1,s007,79,39,1
1,s007,79,56,1
1,s007,79,54,1
1,s007,79,207,86
1,s007,79,206,23
1,s007,79,205,5
1,s007,79,204,3
1,s007,79,203,7
1,s007,79,202,3
1,s007,79,201,2
1,s007,79,199,5
1,s007,79,198,2
1,s007,79,197,1
1,s007,79,195,2
1,s007,79,223,4
1,s007,79,222,2
1,s007,79,239,7
1,s007,79,238,1
1,s007,79,235,1
1,s007,79,234,1
1,s007,79,231,1
1,s007,79,254,1
1,s007,79,251,1
1,s007,79,143,8
1,s007,79,142,3
1,s007,79,141,2
1,s007,79,140,1
1,s007,79,139,1
1,s007,79,175,1
1,s008,159,159,1544
1,s008,159,158,95
1,s008,159,157,114
1,s008,159,156,10
1,s008,159,155,124
1,s008,159,154,10
1,s008,159,153,13
1,s008,159,152,2
1,s008,159,151,95
1,s008,159,150,7
1,s008,159,149,1
1,s008,159,147,6
1,s008,159,143,91
1,s008,159,142,9
1,s008,159,141,6
1,s008,159,140,2
1,s008,159,139,7
1,s008,159,138,1
1,s008,159,135,7
1,s008,159,191,115
1,s008,159,190,17
1,s008,159,189,4
1,s008,159,187,11
1,s008,159,186,2
1,s008,159,185,2
1,s008,159,184,1
1,s008,159,183,9
1,s008,159,182,1
1,s008,159,179,2
1,s008,159,175,4
1,s008,159,173,1
1,s008,159,223,129
1,s008,159,222,11
1,s008,159,221,16
1,s008,159,220,2
1,s008,159,219,6
1,s008,159,218,1
1,s008,159,217,1
1,s008,159,216,2
1,s008,159,215,6
1,s008,159,213,1
1,s008,159,210,1
1,s008,159,207,5
1,s008,159,205,3
1,s008,159,199,1
1,s008,159,255,5
1,s008,159,254,1
1,s008,159,247,1
1,s008,159,246,1
1,s008,159,31,114
1,s008,159,30,25
1,s008,159,29,5
1,s008,159,28,1
1,s008,159,27,5
1,s008,159,26,2
1,s008,159,25,1
1,s008,159,24,1
1,s008,159,23,11
1,s008,159,22,5
1,s008,159,21,1
1,s008,159,19,1
1,s008,159,15,4
1,s008,159,14,2
1,s008,159,4,1
1,s008,159,63,5
1,s008,159,62,3
1,s008,159,61,1
1,s008,159,59,2
1,s008,159,58,4
1,s008,159,55,2
1,s008,159,95,6
1,s008,159,94,2
1,s008,159,87,1
1,s008,159,127,1
1,s008,159,125,1
1,s009,76,76,1389
1,s009,76,77,102
1,s009,76,78,100
1,s009,76,79,8
1,s009,76,72,101
1,s009,76,73,7
1,s009,76,74,11
1,s009,76,75,1
1,s009,76,68,58
1,s009,76,69,4
1,s009,76,70,4
1,s009,76,71,1
1,s009,76,64,5
1,s009,76,66,1
1,s009,76,92,91
1,s009,76,93,6
1,s009,76,94,4
1,s009,76,88,2
1,s009,76,84,6
1,s009,76,80,1
1,s009,76,108,94
1,s009,76,109,17
1,s009,76,110,5
1,s009,76,104,15
1,s009,76,105,2
1,s009,76,107,1
1,s009,76,100,2
1,s009,76,101,3
1,s009,76,96,4
1,s009,76,124,6
1,s009,76,126,1
1,s009,76,116,1
1,s009,76,12,140
1,s009,76,13,6
1,s009,76,14,20
1,s009,76,15,4
1,s009,76,8,7
1,s009,76,10,1
1,s009,76,11,1
1,s009,76,4,7
1,s009,76,6,1
1,s009,76,28,2
1,s009,76,30,1
1,s009,76,44,9
1,s009,76,45,1
1,s009,76,46,2
1,s009,76,47,1
1,s009,76,36,2
1,s009,76,204,98
1,s009,76,205,28
1,s009,76,206,9
1,s009,76,207,4
1,s009,76,200,7
1,s009,76,201,4
1,s009,76,202,2
1,s009,76,203,1
1,s009,76,196,4
1,s009,76,220,5
1,s009,76,221,3
1,s009,76,216,1
1,s009,76,236,8
1,s009,76,237,2
1,s009,76,238,2
1,s009,76,232,1
1,s009,76,228,1
1,s009,76,252,1
1,s009,76,140,5
1,s009,76,141,2
1,s009,76,142,1
1,s009,76,137,1
1,s009,76,139,1
1,s009,76,132,1
1,s009,76,156,1
1,s009,76,168,1
1,s010,47,47,1532
1,s010,47,46,108
1,s010,47,45,106
1,s010,47,44,13
1,s010,47,43,117
1,s010,47,42,8
1,s010,47,41,12
1,s010,47,40,1
1,s010,47,39,83
1,s010,47,38,8
1,s010,47,37,7
1,s010,47,35,9
1,s010,47,63,84
1,s010,47,62,10
1,s010,47,61,4
1,s010,47,59,8
1,s010,47,57,1
1,s010,47,55,8
1,s010,47,15,97
1,s010,47,14,9
1,s010,47,13,8
1,s010,47,11,14
1,s010,47,10,1
1,s010,47,9,2
1,s010,47,7,7
1,s010,47,2,1
1,s010,47,31,6
1,s010,47,30,1
1,s010,47,27,2
1,s010,47,111,113
1,s010,47,110,13
1,s010,47,109,29
1,s010,47,108,2
1,s010,47,107,12
1,s010,47,106,1
1,s010,47,105,2
1,s010,47,103,9
1,s010,47,102,1
1,s010,47,127,5
1,s010,47,79,8
1,s010,47,78,2
1,s010,47,77,1
1,s010,47,75,4
1,s010,47,71,1
1,s010,47,95,2
1,s010,47,175,102
1,s010,47,174,31
1,s010,47,173,6
1,s010,47,172,3
1,s010,47,171,9
1,s010,47,168,1
1,s010,47,167,6
1,s010,47,191,3
1,s010,47,190,3
1,s010,47,178,1
1,s010,47,143,5
1,s010,47,142,5
1,s010,47,139,1
1,s010,47,136,1
1,s010,47,239,4
1,s010,47,238,2
1,s010,47,237,1
1,s010,47,236,1
1,s010,47,235,1
1,s010,47,233,1
1,s010,47,229,1
1,s010,47,254,1
1,s010,47,201,1
1,s011,18,18,1495
1,s011,18,19,134
1,s011,18,16,112
1,s011,18,17,10
1,s011,18,22,82
1,s011,18,23,9
1,s011,18,20,5
1,s011,18,21,3
1,s011,18,26,74
1,s011,18,27,4
1,s011,18,24,5
1,s011,18,30,4
1,s011,18,31,1
1,s011,18,2,76
1,s011,18,3,5
1,s011,18,0,7
1,s011,18,7,1
1,s011,18,4,1
1,s011,18,10,3
1,s011,18,50,117
1,s011,18,51,12
1,s011,18,48,9
1,s011,18,49,2
1,s011,18,54,12
1,s011,18,55,1
1,s011,18,53,1
1,s011,18,58,2
1,s011,18,34,9
1,s011,18,38,1
1,s011,18,39,1
1,s011,18,82,120
1,s011,18,83,10
1,s011,18,80,13
1,s011,18,81,6
1,s011,18,86,10
1,s011,18,87,2
1,s011,18,84,1
1,s011,18,90,8
1,s011,18,94,1
1,s011,18,66,6
1,s011,18,70,1
1,s011,18,114,5
1,s011,18,115,1
1,s011,18,122,1
1,s011,18,98,1
1,s011,18,146,110
1,s011,18,147,18
1,s011,18,144,13
1,s011,18,145,2
1,s011,18,150,4
1,s011,18,151,2
1,s011,18,149,3
1,s011,18,154,5
1,s011,18,158,1
1,s011,18,130,8
1,s011,18,131,2
1,s011,18,128,1
1,s011,18,178,4
1,s011,18,179,3
1,s011,18,182,1
1,s011,18,186,1
1,s011,18,162,2
1,s011,18,210,6
1,s011,18,208,2
1,s011,18,242,1
1,s012,122,122,1527
1,s012,122,123,123
1,s012,122,120,122
1,s012,122,121,10
1,s012,122,126,109
1,s012,122,127,10
1,s012,122,124,6
1,s012,122,125,3
1,s012,122,114,80
1,s012,122,115,7
1,s012,122,112,6
1,s012,122,113,1
1,s012,122,118,8
1,s012,122,119,1
1,s012,122,116,1
1,s012,122,106,91
1,s012,122,107,9
1,s012,122,104,6
1,s012,122,105,1
1,s012,122,110,2
1,s012,122,108,1
1,s012,122,98,4
1,s012,122,90,102
1,s012,122,91,6
1,s012,122,88,8
1,s012,122,89,3
1,s012,122,94,17
1,s012,122,95,2
1,s012,122,82,4
1,s012,122,83,1
1,s012,122,80,1
1,s012,122,86,1
1,s012,122,74,5
1,s012,122,75,1
1,s012,122,78,2
1,s012,122,66,1
1,s012,122,58,135
1,s012,122,59,6
1,s012,122,56,16
1,s012,122,57,2
1,s012,122,62,9
1,s012,122,63,1
1,s012,122,60,1
1,s012,122,50,12
1,s012,122,42,9
1,s012,122,43,1
1,s012,122,40,1
1,s012,122,46,1
1,s012,122,34,1
1,s012,122,26,7
1,s012,122,27,2
1,s012,122,24,1
1,s012,122,30,2
1,s012,122,10,2
1,s012,122,11,1
1,s012,122,250,98
1,s012,122,251,22
1,s012,122,248,6
1,s012,122,254,3
1,s012,122,255,2
1,s012,122,242,7
1,s012,122,243,1
1,s012,122,240,1
1,s012,122,234,5
1,s012,122,232,1
1,s012,122,218,5
1,s012,122,219,2
1,s012,122,217,1
1,s012,122,223,1
1,s012,122,210,1
1,s012,122,186,10
1,s012,122,187,3
1,s012,122,184,1
1,s012,122,185,1
1,s012,122,154,1
1,s012,122,152,1
1,s013,163,163,1391
1,s013,163,162,112
1,s013,163,161,93
1,s013,163,160,9
1,s013,163,167,109
1,s013,163,166,12
1,s013,163,165,9
1,s013,163,171,68
1,s013,163,170,5
1,s013,163,169,6
1,s013,163,168,2
1,s013,163,175,5
1,s013,163,174,1
1,s013,163,179,83
1,s013,163,178,7
1,s013,163,177,4
1,s013,163,183,5
1,s013,163,187,4
1,s013,163,191,2
1,s013,163,131,119
1,s013,163,130,12
1,s013,163,129,9
1,s013,163,128,2
1,s013,163,135,13
1,s013,163,134,1
1,s013,163,139,4
1,s013,163,137,1
1,s013,163,143,3
1,s013,163,147,8
1,s013,163,146,3
1,s013,163,150,1
1,s013,163,227,110
1,s013,163,226,15
1,s013,163,225,20
1,s013,163,231,13
1,s013,163,229,1
1,s013,163,228,1
1,s013,163,235,10
1,s013,163,234,3
1,s013,163,233,4
1,s013,163,239,1
1,s013,163,243,4
1,s013,163,242,1
1,s013,163,241,2
1,s013,163,195,8
1,s013,163,194,1
1,s013,163,193,2
1,s013,163,192,1
1,s013,163,199,1
1,s013,163,207,1
1,s013,163,35,106
1,s013,163,34,21
1,s013,163,33,8
1,s013,163,32,2
1,s013,163,39,5
1,s013,163,38,3
1,s013,163,43,1
1,s013,163,42,2
1,s013,163,40,2
1,s013,163,47,1
1,s013,163,51,9
1,s013,163,3,9
1,s013,163,2,1
1,s013,163,99,8
1,s013,163,98,3
1,s013,163,97,1
1,s013,163,96,1
1,s013,163,103,1
1,s013,163,106,1
1,s013,163,115,1
1,s014,211,211,1522
1,s014,211,210,123
1,s014,211,209,122
1,s014,211,208,9
1,s014,211,215,89
1,s014,211,214,7
1,s014,211,213,8
1,s014,211,219,104
1,s014,211,218,6
1,s014,211,217,8
1,s014,211,216,1
1,s014,211,223,3
1,s014,211,221,1
1,s014,211,195,84
1,s014,211,194,4
1,s014,211,193,11
1,s014,211,192,1
1,s014,211,199,5
1,s014,211,203,4
1,s014,211,202,1
1,s014,211,201,1
1,s014,211,243,106
1,s014,211,242,17
1,s014,211,241,6
1,s014,211,240,3
1,s014,211,247,19
1,s014,211,246,1
1,s014,211,245,2
1,s014,211,251,8
1,s014,211,227,6
1,s014,211,231,2
1,s014,211,147,117
1,s014,211,146,7
1,s014,211,145,23
1,s014,211,144,1
1,s014,211,151,11
1,s014,211,150,1
1,s014,211,149,3
1,s014,211,148,1
1,s014,211,155,7
1,s014,211,153,2
1,s014,211,131,7
1,s014,211,179,6
1,s014,211,178,2
1,s014,211,177,1
1,s014,211,163,1
1,s014,211,83,101
1,s014,211,82,19
1,s014,211,81,5
1,s014,211,80,1
1,s014,211,87,10
1,s014,211,91,4
1,s014,211,90,1
1,s014,211,94,1
1,s014,211,67,5
1,s014,211,66,1
1,s014,211,65,1
1,s014,211,73,1
1,s014,211,115,7
1,s014,211,114,1
1,s014,211,118,1
1,s014,211,19,8
1,s014,211,18,3
1,s014,211,23,1
1,s014,211,22,1
1,s014,211,1,1
1,s014,211,51,1
1,s015,50,50,1519
1,s015,50,51,119
1,s015,50,48,105
1,s015,50,49,9
1,s015,50,54,101
1,s015,50,55,6
1,s015,50,52,5
1,s015,50,58,92
1,s015,50,59,6
1,s015,50,56,6
1,s015,50,62,7
1,s015,50,63,2
1,s015,50,60,2
1,s015,50,34,90
1,s015,50,35,4
1,s015,50,32,5
1,s015,50,38,6
1,s015,50,42,6
1,s015,50,40,1
1,s015,50,18,103
1,s015,50,19,11
1,s015,50,16,8
1,s015,50,22,9
1,s015,50,23,2
1,s015,50,20,1
1,s015,50,26,3
1,s015,50,27,1
1,s015,50,30,3
1,s015,50,2,7
1,s015,50,3,1
1,s015,50,0,2
1,s015,50,114,125
1,s015,50,115,8
1,s015,50,112,30
1,s015,50,118,9
1,s015,50,116,1
1,s015,50,122,6
1,s015,50,123,1
1,s015,50,98,7
1,s015,50,96,3
1,s015,50,82,8
1,s015,50,83,1
1,s015,50,81,1
1,s015,50,86,3
1,s015,50,178,99
1,s015,50,179,19
1,s015,50,176,12
1,s015,50,182,6
1,s015,50,183,2
1,s015,50,180,1
1,s015,50,186,11
1,s015,50,187,1
1,s015,50,162,6
1,s015,50,163,1
1,s015,50,170,1
1,s015,50,146,9
1,s015,50,147,4
1,s015,50,144,2
1,s015,50,154,1
1,s015,50,242,9
1,s015,50,243,3
1,s015,50,240,4
1,s015,50,246,3
1,s015,50,250,1
1,s015,50,226,1
1,s015,50,210,1
1,s015,50,214,1
1,s015,50,218,1
1,s016,224,224,1455
1,s016,224,225,122
1,s016,224,226,113
1,s016,224,227,13
1,s016,224,228,107
1,s016,224,229,7
1,s016,224,230,4
1,s016,224,232,91
1,s016,224,233,7
1,s016,224,234,7
1,s016,224,236,9
1,s016,224,237,1
1,s016,224,238,2
1,s016,224,240,88
1,s016,224,241,9
1,s016,224,242,5
1,s016,224,243,2
1,s016,224,244,6
1,s016,224,245,1
1,s016,224,246,1
1,s016,224,248,4
1,s016,224,249,1
1,s016,224,250,2
1,s016,224,253,1
1,s016,224,192,99
1,s016,224,193,17
1,s016,224,194,10
1,s016,224,195,2
1,s016,224,196,9
1,s016,224,197,5
1,s016,224,198,2
1,s016,224,200,7
1,s016,224,201,1
1,s016,224,205,1
1,s016,224,208,10
1,s016,224,209,1
1,s016,224,210,1
1,s016,224,212,2
1,s016,224,160,109
1,s016,224,161,9
1,s016,224,162,22
1,s016,224,163,1
1,s016,224,164,3
1,s016,224,168,4
1,s016,224,176,4
1,s016,224,178,2
1,s016,224,180,1
1,s016,224,184,1
1,s016,224,128,5
1,s016,224,130,3
1,s016,224,131,2
1,s016,224,132,2
1,s016,224,134,1
1,s016,224,145,1
1,s016,224,96,88
1,s016,224,97,21
1,s016,224,98,5
1,s016,224,100,5
1,s016,224,101,3
1,s016,224,104,7
1,s016,224,106,1
1,s016,224,112,2
1,s016,224,64,7
1,s016,224,65,2
1,s016,224,72,2
1,s016,224,32,4
1,s016,224,33,1
1,s016,224,34,3
1,s016,224,36,1
1,s016,224,40,1
1,s016,224,0,3
1,s016,224,2,1
1,s017,75,75,1439
1,s017,75,74,118
1,s017,75,73,106
1,s017,75,72,7
1,s017,75,79,124
1,s017,75,78,7
1,s017,75,77,12
1,s017,75,76,1
1,s017,75,67,77
1,s017,75,66,8
1,s017,75,65,4
1,s017,75,71,6
1,s017,75,69,1
1,s017,75,91,94
1,s017,75,90,4
1,s017,75,89,8
1,s017,75,95,5
1,s017,75,83,7
1,s017,75,107,103
1,s017,75,106,13
1,s017,75,105,6
1,s017,75,104,3
1,s017,75,111,16
1,s017,75,110,3
1,s017,75,108,1
1,s017,75,99,5
1,s017,75,103,2
1,s017,75,101,1
1,s017,75,123,9
1,s017,75,122,1
1,s017,75,121,1
1,s017,75,127,1
1,s017,75,115,2
1,s017,75,11,99
1,s017,75,10,12
1,s017,75,9,19
1,s017,75,8,3
1,s017,75,15,8
1,s017,75,14,1
1,s017,75,3,7
1,s017,75,2,1
1,s017,75,1,2
1,s017,75,7,1
1,s017,75,27,4
1,s017,75,24,1
1,s017,75,31,3
1,s017,75,19,2
1,s017,75,43,10
1,s017,75,42,1
1,s017,75,41,3
1,s017,75,47,6
1,s017,75,33,1
1,s017,75,203,96
1,s017,75,202,19
1,s017,75,201,8
1,s017,75,200,4
1,s017,75,207,6
1,s017,75,206,1
1,s017,75,204,1
1,s017,75,195,11
1,s017,75,194,1
1,s017,75,219,5
1,s017,75,217,1
1,s017,75,223,2
1,s017,75,235,8
1,s017,75,226,1
1,s017,75,139,7
1,s017,75,136,1
1,s017,75,131,3
1,s017,75,155,1
1,s017,75,171,2
1,s017,75,175,1
1,s018,115,115,1543
1,s018,115,114,119
1,s018,115,113,116
1,s018,115,112,12
1,s018,115,119,120
1,s018,115,118,11
1,s018,115,117,7
1,s018,115,116,2
1,s018,115,123,81
1,s018,115,122,8
1,s018,115,121,5
1,s018,115,127,7
1,s018,115,125,2
1,s018,115,99,92
1,s018,115,98,4
1,s018,115,97,10
1,s018,115,96,2
1,s018,115,103,2
1,s018,115,107,5
1,s018,115,106,4
1,s018,115,111,2
1,s018,115,83,109
1,s018,115,82,14
1,s018,115,81,8
1,s018,115,80,1
1,s018,115,87,11
1,s018,115,86,1
1,s018,115,85,1
1,s018,115,91,3
1,s018,115,94,1
1,s018,115,67,6
1,s018,115,66,1
1,s018,115,72,1
1,s018,115,51,114
1,s018,115,50,9
1,s018,115,49,17
1,s018,115,48,3
1,s018,115,55,9
1,s018,115,54,2
1,s018,115,53,1
1,s018,115,59,3
1,s018,115,35,6
1,s018,115,33,1
1,s018,115,39,1
1,s018,115,19,3
1,s018,115,18,2
1,s018,115,23,1
1,s018,115,20,1
1,s018,115,243,114
1,s018,115,242,26
1,s018,115,241,10
1,s018,115,240,4
1,s018,115,247,12
1,s018,115,246,1
1,s018,115,251,3
1,s018,115,250,3
1,s018,115,249,1
1,s018,115,227,5
1,s018,115,225,1
1,s018,115,211,7
1,s018,115,210,3
1,s018,115,209,1
1,s018,115,208,1
1,s018,115,214,2
1,s018,115,213,1
1,s018,115,219,2
1,s018,115,218,1
1,s018,115,195,1
1,s018,115,179,9
1,s018,115,178,1
1,s018,115,177,1
1,s018,115,176,1
1,s018,115,180,1
1,s018,115,186,1
1,s018,115,147,1
1,s018,115,145,1
1,s019,91,91,1442
1,s019,91,90,120
1,s019,91,89,113
1,s019,91,88,9
1,s019,91,95,105
1,s019,91,94,7
1,s019,91,93,6
1,s019,91,92,2
1,s019,91,83,59
1,s019,91,82,9
1,s019,91,81,8
1,s019,91,87,7
1,s019,91,86,1
1,s019,91,75,68
1,s019,91,74,3
1,s019,91,73,8
1,s019,91,79,6
1,s019,91,67,3
1,s019,91,66,3
1,s019,91,123,102
1,s019,91,122,10
1,s019,91,121,7
1,s019,91,127,11
1,s019,91,126,1
1,s019,91,125,1
1,s019,91,115,3
1,s019,91,107,6
1,s019,91,106,2
1,s019,91,105,1
1,s019,91,111,1
1,s019,91,99,1
1,s019,91,27,110
1,s019,91,26,13
1,s019,91,25,13
1,s019,91,24,2
1,s019,91,31,5
1,s019,91,29,1
1,s019,91,19,6
1,s019,91,18,1
1,s019,91,23,1
1,s019,91,11,3
1,s019,91,10,1
1,s019,91,9,2
1,s019,91,15,1
1,s019,91,3,1
1,s019,91,59,12
1,s019,91,58,4
1,s019,91,63,1
1,s019,91,43,1
1,s019,91,219,92
1,s019,91,218,29
1,s019,91,217,8
1,s019,91,216,2
1,s019,91,223,7
1,s019,91,222,1
1,s019,91,221,1
1,s019,91,220,1
1,s019,91,211,7
1,s019,91,209,2
1,s019,91,214,2
1,s019,91,203,7
1,s019,91,202,1
1,s019,91,201,1
1,s019,91,200,1
1,s019,91,207,1
1,s019,91,251,8
1,s019,91,250,2
1,s019,91,249,1
1,s019,91,255,1
1,s019,91,243,2
1,s019,91,235,2
1,s019,91,155,8
1,s019,91,159,2
1,s019,91,147,1
1,s019,91,185,1
1,s019,91,191,1
1,s020,209,209,1455
1,s020,209,208,112
1,s020,209,211,121
1,s020,209,210,12
1,s020,209,213,95
1,s020,209,212,10
1,s020,209,215,7
1,s020,209,214,2
1,s020,209,217,92
1,s020,209,216,7
1,s020,209,219,6
1,s020,209,221,4
1,s020,209,193,87
1,s020,209,192,9
1,s020,209,195,5
1,s020,209,197,9
1,s020,209,199,1
1,s020,209,201,8
1,s020,209,200,1
1,s020,209,203,2
1,s020,209,241,121
1,s020,209,240,12
1,s020,209,243,8
1,s020,209,242,1
1,s020,209,245,14
1,s020,209,244,4
1,s020,209,247,1
1,s020,209,249,4
1,s020,209,248,1
1,s020,209,251,1
1,s020,209,255,1
1,s020,209,225,9
1,s020,209,224,1
1,s020,209,227,1
1,s020,209,233,1
1,s020,209,237,1
1,s020,209,145,114
1,s020,209,144,6
1,s020,209,147,33
1,s020,209,146,3
1,s020,209,149,9
1,s020,209,148,1
1,s020,209,151,4
1,s020,209,153,4
1,s020,209,152,1
1,s020,209,155,2
1,s020,209,129,5
1,s020,209,177,14
1,s020,209,179,1
1,s020,209,185,4
1,s020,209,161,1
1,s020,209,160,1
1,s020,209,81,105
1,s020,209,80,12
1,s020,209,83,7
1,s020,209,85,11
1,s020,209,84,1
1,s020,209,87,2
1,s020,209,89,3
1,s020,209,88,2
1,s020,209,93,1
1,s020,209,65,1
1,s020,209,73,1
1,s020,209,75,1
1,s020,209,113,7
1,s020,209,112,4
1,s020,209,115,1
1,s020,209,114,1
1,s020,209,17,7
1,s020,209,19,2
1,s020,209,21,2
1,s020,209,22,1
1,s020,209,3,1
1,s020,209,49,1
1,s021,191,191,1572
1,s021,191,190,89
1,s021,191,189,111
1,s021,191,188,13
1,s021,191,187,120
1,s021,191,186,14
1,s021,191,185,9
1,s021,191,183,90
1,s021,191,182,1
1,s021,191,181,6
1,s021,191,179,7
1,s021,191,178,1
1,s021,191,175,86
1,s021,191,174,5
1,s021,191,173,3
1,s021,191,171,4
1,s021,191,167,4
1,s021,191,166,1
1,s021,191,163,1
1,s021,191,159,121
1,s021,191,158,18
1,s021,191,157,6
1,s021,191,156,2
1,s021,191,155,15
1,s021,191,153,3
1,s021,191,151,11
1,s021,191,150,2
1,s021,191,147,2
1,s021,191,143,7
1,s021,191,142,2
1,s021,191,139,1
1,s021,191,134,1
1,s021,191,255,122
1,s021,191,254,11
1,s021,191,253,25
1,s021,191,252,1
1,s021,191,251,10
1,s021,191,250,1
1,s021,191,249,2
1,s021,191,247,12
1,s021,191,239,9
1,s021,191,223,8
1,s021,191,221,2
1,s021,191,219,1
1,s021,191,63,105
1,s021,191,62,22
1,s021,191,61,12
1,s021,191,60,4
1,s021,191,59,7
1,s021,191,58,1
1,s021,191,55,5
1,s021,191,54,6
1,s021,191,51,1
1,s021,191,47,11
1,s021,191,46,2
1,s021,191,31,6
1,s021,191,30,3
1,s021,191,29,1
1,s021,191,27,4
1,s021,191,10,1
1,s021,191,127,11
1,s021,191,124,1
1,s021,191,109,1
1,s021,191,95,1
1,s022,197,197,1568
1,s022,197,196,112
1,s022,197,199,103
1,s022,197,198,9
1,s022,197,193,101
1,s022,197,192,10
1,s022,197,195,10
1,s022,197,205,74
1,s022,197,204,6
1,s022,197,207,7
1,s022,197,201,3
1,s022,197,213,85
1,s022,197,212,12
1,s022,197,215,4
1,s022,197,214,1
1,s022,197,209,2
1,s022,197,221,10
1,s022,197,220,1
1,s022,197,223,1
1,s022,197,229,106
1,s022,197,228,15
1,s022,197,231,8
1,s022,197,230,1
1,s022,197,225,24
1,s022,197,224,2
1,s022,197,227,2
1,s022,197,237,4
1,s022,197,236,1
1,s022,197,239,1
1,s022,197,233,1
1,s022,197,245,11
1,s022,197,252,1
1,s022,197,133,117
1,s022,197,132,7
1,s022,197,135,17
1,s022,197,134,1
1,s022,197,129,10
1,s022,197,128,1
1,s022,197,131,2
1,s022,197,141,7
1,s022,197,140,1
1,s022,197,143,2
1,s022,197,137,1
1,s022,197,149,7
1,s022,197,151,1
1,s022,197,165,5
1,s022,197,164,3
1,s022,197,167,1
1,s022,197,166,1
1,s022,197,161,2
1,s022,197,163,1
1,s022,197,173,1
1,s022,197,181,1
1,s022,197,69,88
1,s022,197,68,27
1,s022,197,71,7
1,s022,197,70,1
1,s022,197,65,5
1,s022,197,64,4
1,s022,197,67,1
1,s022,197,77,11
1,s022,197,79,2
1,s022,197,85,2
1,s022,197,84,1
1,s022,197,87,1
1,s022,197,101,7
1,s022,197,100,2
1,s022,197,103,1
1,s022,197,97,3
1,s022,197,108,1
1,s022,197,117,2
1,s022,197,5,7
1,s022,197,4,2
1,s022,197,6,2
1,s022,197,1,2
1,s022,197,13,2
1,s022,197,8,1
1,s022,197,21,1
1,s022,197,37,1
1,s023,125,125,1492
1,s023,125,124,114
1,s023,125,127,97
1,s023,125,126,8
1,s023,125,121,109
1,s023,125,120,8
1,s023,125,123,7
1,s023,125,122,1
1,s023,125,117,93
1,s023,125,116,7
1,s023,125,119,9
1,s023,125,113,10
1,s023,125,109,87
1,s023,125,108,8
1,s023,125,111,4
1,s023,125,110,2
1,s023,125,105,8
1,s023,125,104,2
1,s023,125,101,3
1,s023,125,93,102
1,s023,125,92,16
1,s023,125,95,3
1,s023,125,94,2
1,s023,125,89,8
1,s023,125,88,2
1,s023,125,91,3
1,s023,125,90,1
1,s023,125,85,4
1,s023,125,81,2
1,s023,125,83,1
1,s023,125,77,10
1,s023,125,76,1
1,s023,125,72,1
1,s023,125,61,113
1,s023,125,60,15
1,s023,125,63,16
1,s023,125,62,2
1,s023,125,57,8
1,s023,125,56,2
1,s023,125,59,5
1,s023,125,53,7
1,s023,125,55,4
1,s023,125,49,1
1,s023,125,45,5
1,s023,125,44,1
1,s023,125,37,2
1,s023,125,29,9
1,s023,125,28,5
1,s023,125,31,2
1,s023,125,25,1
1,s023,125,21,1
1,s023,125,253,115
1,s023,125,252,27
1,s023,125,255,10
1,s023,125,249,9
1,s023,125,248,2
1,s023,125,245,5
1,s023,125,244,1
1,s023,125,237,9
1,s023,125,236,1
1,s023,125,235,1
1,s023,125,221,10
1,s023,125,220,4
1,s023,125,223,1
1,s023,125,222,1
1,s023,125,212,1
1,s023,125,205,1
1,s023,125,189,11
1,s023,125,188,1
1,s023,125,191,1
1,s023,125,181,1
1,s023,125,175,1
1,s023,125,156,1
1,s024,45,45,1509
1,s024,45,44,106
1,s024,45,47,111
1,s024,45,46,5
1,s024,45,41,93
1,s024,45,40,10
1,s024,45,43,3
1,s024,45,42,1
1,s024,45,37,87
1,s024,45,36,5
1,s024,45,39,9
1,s024,45,38,2
1,s024,45,33,5
1,s024,45,35,1
1,s024,45,61,71
1,s024,45,60,3
1,s024,45,63,6
1,s024,45,62,1
1,s024,45,57,4
1,s024,45,56,1
1,s024,45,58,1
1,s024,45,53,3
1,s024,45,54,1
1,s024,45,49,1
1,s024,45,13,102
1,s024,45,12,12
1,s024,45,15,9
1,s024,45,14,2
1,s024,45,9,18
1,s024,45,8,2
1,s024,45,11,2
1,s024,45,5,10
1,s024,45,4,1
1,s024,45,1,2
1,s024,45,29,8
1,s024,45,30,1
1,s024,45,25,2
1,s024,45,21,1
1,s024,45,20,1
1,s024,45,109,121
1,s024,45,108,7
1,s024,45,111,25
1,s024,45,110,5
1,s024,45,105,2
1,s024,45,104,1
1,s024,45,107,1
1,s024,45,101,6
1,s024,45,103,1
1,s024,45,102,1
1,s024,45,97,2
1,s024,45,125,4
1,s024,45,127,1
1,s024,45,121,1
1,s024,45,77,14
1,s024,45,76,2
1,s024,45,79,1
1,s024,45,73,1
1,s024,45,69,1
1,s024,45,173,91
1,s024,45,172,25
1,s024,45,175,6
1,s024,45,174,4
1,s024,45,169,8
1,s024,45,168,2
1,s024,45,165,6
1,s024,45,164,2
1,s024,45,189,9
1,s024,45,191,1
1,s024,45,185,1
1,s024,45,141,8
1,s024,45,140,1
1,s024,45,137,2
1,s024,45,237,12
1,s024,45,236,2
1,s024,45,239,1
1,s024,45,238,1
1,s024,45,255,1
1,s025,214,214,1512
1,s025,214,215,138
1,s025,214,212,116
1,s025,214,213,7
1,s025,214,210,122
1,s025,214,211,9
1,s025,214,208,11
1,s025,214,222,84
1,s025,214,223,12
1,s025,214,220,5
1,s025,214,218,10
1,s025,214,216,1
1,s025,214,198,92
1,s025,214,199,6
1,s025,214,196,9
1,s025,214,194,5
1,s025,214,195,1
1,s025,214,192,1
1,s025,214,206,6
1,s025,214,204,1
1,s025,214,246,98
1,s025,214,247,13
1,s025,214,244,9
1,s025,214,245,3
1,s025,214,242,8
1,s025,214,243,3
1,s025,214,240,2
1,s025,214,241,1
1,s025,214,254,9
1,s025,214,252,1
1,s025,214,230,3
1,s025,214,238,2
1,s025,214,150,119
1,s025,214,151,10
1,s025,214,148,23
1,s025,214,149,3
1,s025,214,146,8
1,s025,214,147,1
1,s025,214,158,5
1,s025,214,156,1
1,s025,214,134,9
1,s025,214,132,1
1,s025,214,130,2
1,s025,214,182,15
1,s025,214,183,1
1,s025,214,180,3
1,s025,214,178,2
1,s025,214,177,2
1,s025,214,190,1
1,s025,214,166,1
1,s025,214,86,106
1,s025,214,87,22
1,s025,214,84,10
1,s025,214,85,2
1,s025,214,82,10
1,s025,214,83,1
1,s025,214,80,1
1,s025,214,81,1
1,s025,214,94,1
1,s025,214,70,3
1,s025,214,71,2
1,s025,214,66,1
1,s025,214,118,11
1,s025,214,119,4
1,s025,214,116,1
1,s025,214,117,1
1,s025,214,114,1
1,s025,214,113,1
1,s025,214,102,1
1,s025,214,110,1
1,s025,214,22,6
1,s025,214,23,2
1,s025,214,20,2
1,s025,214,18,1
1,s025,214,6,2
1,s025,214,4,1
1,s025,214,48,1
1,s025,214,63,1
1,s026,7,7,1478
1,s026,7,6,122
1,s026,7,5,108
1,s026,7,4,11
1,s026,7,3,93
1,s026,7,2,12
1,s026,7,1,7
1,s026,7,15,94
1,s026,7,14,9
1,s026,7,13,8
1,s026,7,11,8
1,s026,7,10,2
1,s026,7,9,1
1,s026,7,23,100
1,s026,7,22,11
1,s026,7,21,7
1,s026,7,19,6
1,s026,7,17,3
1,s026,7,31,7
1,s026,7,27,1
1,s026,7,39,105
1,s026,7,38,12
1,s026,7,37,3
1,s026,7,35,10
1,s026,7,34,3
1,s026,7,33,1
1,s026,7,47,5
1,s026,7,45,2
1,s026,7,43,1
1,s026,7,55,2
1,s026,7,54,1
1,s026,7,50,1
1,s026,7,49,1
1,s026,7,71,112
1,s026,7,70,8
1,s026,7,69,32
1,s026,7,68,1
1,s026,7,67,10
1,s026,7,66,2
1,s026,7,65,2
1,s026,7,79,6
1,s026,7,78,1
1,s026,7,77,2
1,s026,7,87,5
1,s026,7,85,1
1,s026,7,95,4
1,s026,7,103,4
1,s026,7,101,2
1,s026,7,99,5
1,s026,7,97,1
1,s026,7,135,112
1,s026,7,134,21
1,s026,7,133,6
1,s026,7,132,1
1,s026,7,131,9
1,s026,7,129,1
1,s026,7,143,8
1,s026,7,142,1
1,s026,7,141,1
1,s026,7,151,7
1,s026,7,150,2
1,s026,7,149,1
1,s026,7,167,8
1,s026,7,166,2
1,s026,7,165,1
1,s026,7,164,1
1,s026,7,175,1
1,s026,7,199,7
1,s026,7,198,1
1,s026,7,197,1
1,s026,7,215,1
1,s027,121,121,1453
1,s027,121,120,119
1,s027,121,123,111
1,s027,121,122,11
1,s027,121,125,96
1,s027,121,124,5
1,s027,121,127,9
1,s027,121,126,1
1,s027,121,113,70
1,s027,121,112,3
1,s027,121,115,1
1,s027,121,117,6
1,s027,121,116,1
1,s027,121,119,1
1,s027,121,105,68
1,s027,121,104,9
1,s027,121,107,5
1,s027,121,109,5
1,s027,121,108,1
1,s027,121,97,3
1,s027,121,89,80
1,s027,121,88,10
1,s027,121,91,10
1,s027,121,93,12
1,s027,121,92,3
1,s027,121,95,1
1,s027,121,81,4
1,s027,121,80,1
1,s027,121,73,5
1,s027,121,72,5
1,s027,121,74,1
1,s027,121,76,1
1,s027,121,57,104
1,s027,121,56,13
1,s027,121,59,20
1,s027,121,58,1
1,s027,121,61,7
1,s027,121,49,8
1,s027,121,51,2
1,s027,121,50,1
1,s027,121,53,1
1,s027,121,55,1
1,s027,121,41,7
1,s027,121,33,2
1,s027,121,25,7
1,s027,121,24,1
1,s027,121,27,1
1,s027,121,26,1
1,s027,121,29,1
1,s027,121,31,1
1,s027,121,17,1
1,s027,121,249,92
1,s027,121,248,23
1,s027,121,251,11
1,s027,121,250,3
1,s027,121,253,6
1,s027,121,252,2
1,s027,121,241,5
1,s027,121,240,4
1,s027,121,233,6
1,s027,121,232,1
1,s027,121,237,1
1,s027,121,217,10
1,s027,121,216,7
1,s027,121,221,1
1,s027,121,220,1
1,s027,121,213,1
1,s027,121,185,9
1,s027,121,184,2
1,s027,121,187,3
1,s027,121,189,2
1,s027,121,177,1
1,s027,121,169,2
1,s027,121,139,1
1,s028,9,9,1479
1,s028,9,8,118
1,s028,9,11,130
1,s028,9,10,11
1,s028,9,13,126
1,s028,9,12,11
1,s028,9,15,11
1,s028,9,14,2
1,s028,9,1,94
1,s028,9,0,4
1,s028,9,3,9
1,s028,9,2,1
1,s028,9,5,7
1,s028,9,7,1
1,s028,9,25,103
1,s028,9,24,9
1,s028,9,27,6
1,s028,9,26,2
1,s028,9,29,9
1,s028,9,17,3
1,s028,9,16,1
1,s028,9,41,135
1,s028,9,40,8
1,s028,9,43,13
1,s028,9,45,13
1,s028,9,44,2
1,s028,9,33,8
1,s028,9,32,1
1,s028,9,37,1
1,s028,9,36,1
1,s028,9,57,6
1,s028,9,56,1
1,s028,9,59,2
1,s028,9,73,132
1,s028,9,72,5
1,s028,9,75,27
1,s028,9,74,2
1,s028,9,77,12
1,s028,9,76,2
1,s028,9,79,1
1,s028,9,65,5
1,s028,9,64,1
1,s028,9,89,8
1,s028,9,88,1
1,s028,9,90,1
1,s028,9,81,1
1,s028,9,83,1
1,s028,9,85,1
1,s028,9,105,11
1,s028,9,104,3
1,s028,9,107,3
1,s028,9,109,1
1,s028,9,108,1
1,s028,9,111,1
1,s028,9,137,104
1,s028,9,136,10
1,s028,9,139,8
1,s028,9,138,1
1,s028,9,141,10
1,s028,9,140,1
1,s028,9,129,6
1,s028,9,128,3
1,s028,9,153,7
1,s028,9,152,1
1,s028,9,169,7
1,s028,9,168,3
1,s028,9,173,2
1,s028,9,161,1
1,s028,9,185,1
1,s028,9,201,7
1,s028,9,200,3
1,s028,9,217,2
1,s028,9,233,1
1,s028,9,232,1
1,s029,179,179,1449
1,s029,179,178,104
1,s029,179,177,112
1,s029,179,176,16
1,s029,179,183,106
1,s029,179,182,12
1,s029,179,181,7
1,s029,179,187,86
1,s029,179,186,5
1,s029,179,185,5
1,s029,179,191,10
1,s029,179,189,2
1,s029,179,163,72
1,s029,179,162,10
1,s029,179,161,2
1,s029,179,160,2
1,s029,179,167,8
1,s029,179,171,4
1,s029,179,169,1
1,s029,179,168,1
1,s029,179,147,115
1,s029,179,146,15
1,s029,179,145,7
1,s029,179,151,14
1,s029,179,150,2
1,s029,179,149,1
1,s029,179,155,5
1,s029,179,159,1
1,s029,179,131,12
1,s029,179,130,3
1,s029,179,135,3
1,s029,179,139,1
1,s029,179,243,127
1,s029,179,242,10
1,s029,179,241,16
1,s029,179,240,2
1,s029,179,247,7
1,s029,179,245,1
1,s029,179,251,6
1,s029,179,249,1
1,s029,179,227,6
1,s029,179,226,1
1,s029,179,225,2
1,s029,179,229,1
1,s029,179,211,13
1,s029,179,209,3
1,s029,179,219,1
1,s029,179,195,1
1,s029,179,51,99
1,s029,179,50,26
1,s029,179,49,10
1,s029,179,48,3
1,s029,179,55,7
1,s029,179,54,3
1,s029,179,53,1
1,s029,179,59,8
1,s029,179,58,4
1,s029,179,63,1
1,s029,179,35,15
1,s029,179,43,1
1,s029,179,19,13
1,s029,179,18,1
1,s029,179,17,2
1,s029,179,27,1
1,s029,179,115,8
1,s029,179,114,3
1,s029,179,113,4
1,s029,179,117,1
1,s029,179,99,1
1,s030,9,9,1484
1,s030,9,8,121
1,s030,9,11,117
1,s030,9,10,11
1,s030,9,13,118
1,s030,9,12,8
1,s030,9,15,12
1,s030,9,1,99
1,s030,9,0,12
1,s030,9,3,6
1,s030,9,2,2
1,s030,9,5,5
1,s030,9,25,86
1,s030,9,24,12
1,s030,9,27,3
1,s030,9,29,8
1,s030,9,17,2
1,s030,9,19,1
1,s030,9,41,121
1,s030,9,40,12
1,s030,9,43,13
1,s030,9,45,22
1,s030,9,44,2
1,s030,9,47,2
1,s030,9,33,7
1,s030,9,32,2
1,s030,9,37,2
1,s030,9,57,7
1,s030,9,56,1
1,s030,9,59,2
1,s030,9,49,1
1,s030,9,73,113
1,s030,9,72,11
1,s030,9,75,23
1,s030,9,74,3
1,s030,9,77,10
1,s030,9,76,1
1,s030,9,79,2
1,s030,9,65,8
1,s030,9,67,1
1,s030,9,69,1
1,s030,9,71,1
1,s030,9,70,1
1,s030,9,89,7
1,s030,9,93,1
1,s030,9,105,6
1,s030,9,104,1
1,s030,9,107,1
1,s030,9,109,3
1,s030,9,111,1
1,s030,9,97,1
1,s030,9,96,1
1,s030,9,137,119
1,s030,9,136,26
1,s030,9,139,8
1,s030,9,138,3
1,s030,9,141,10
1,s030,9,143,2
1,s030,9,129,2
1,s030,9,128,2
1,s030,9,130,1
1,s030,9,133,1
1,s030,9,153,4
1,s030,9,152,3
1,s030,9,157,1
1,s030,9,169,6
1,s030,9,168,4
1,s030,9,171,2
1,s030,9,173,1
1,s030,9,201,11
1,s030,9,203,1
1,s030,9,207,1
1,s030,9,233,2
1,s030,9,237,1
1,s031,63,63,1467
1,s031,63,62,105
1,s031,63,61,109
1,s031,63,60,13
1,s031,63,59,114
1,s031,63,58,7
1,s031,63,57,11
1,s031,63,56,1
1,s031,63,55,88
1,s031,63,54,5
1,s031,63,53,4
1,s031,63,51,9
1,s031,63,50,1
1,s031,63,47,83
1,s031,63,46,6
1,s031,63,45,5
1,s031,63,43,5
1,s031,63,42,2
1,s031,63,39,4
1,s031,63,38,1
1,s031,63,37,1
1,s031,63,31,104
1,s031,63,30,16
1,s031,63,29,8
1,s031,63,28,1
1,s031,63,27,13
1,s031,63,25,1
1,s031,63,23,5
1,s031,63,22,1
1,s031,63,21,1
1,s031,63,15,6
1,s031,63,14,1
1,s031,63,11,1
1,s031,63,7,1
1,s031,63,127,116
1,s031,63,126,6
1,s031,63,125,28
1,s031,63,124,3
1,s031,63,123,6
1,s031,63,122,1
1,s031,63,119,7
1,s031,63,118,1
1,s031,63,117,1
1,s031,63,115,1
1,s031,63,111,8
1,s031,63,110,1
1,s031,63,109,2
1,s031,63,103,1
1,s031,63,100,1
1,s031,63,95,9
1,s031,63,94,2
1,s031,63,93,3
1,s031,63,79,2
1,s031,63,71,1
1,s031,63,191,109
1,s031,63,190,27
1,s031,63,189,3
1,s031,63,187,11
1,s031,63,183,3
1,s031,63,182,2
1,s031,63,181,1
1,s031,63,175,5
1,s031,63,174,3
1,s031,63,173,1
1,s031,63,165,1
1,s031,63,159,9
1,s031,63,158,1
1,s031,63,157,2
1,s031,63,155,2
1,s031,63,151,2
1,s031,63,255,7
1,s031,63,254,3
1,s031,63,253,3
1,s031,63,250,1
1,s031,63,246,1
1,s031,63,239,1
1,s032,253,253,1402
1,s032,253,252,146
1,s032,253,255,107
1,s032,253,254,7
1,s032,253,249,113
1,s032,253,248,5
1,s032,253,251,10
1,s032,253,245,80
1,s032,253,244,6
1,s032,253,247,3
1,s032,253,241,1
1,s032,253,243,1
1,s032,253,237,83
1,s032,253,236,7
1,s032,253,239,7
1,s032,253,233,10
1,s032,253,235,2
1,s032,253,229,2
1,s032,253,221,74
1,s032,253,220,7
1,s032,253,223,11
1,s032,253,217,12
1,s032,253,216,4
1,s032,253,213,4
1,s032,253,205,4
1,s032,253,189,115
1,s032,253,188,12
1,s032,253,191,16
1,s032,253,190,2
1,s032,253,185,9
1,s032,253,187,1
1,s032,253,181,7
1,s032,253,183,2
1,s032,253,182,1
1,s032,253,173,5
1,s032,253,175,1
1,s032,253,157,10
1,s032,253,156,2
1,s032,253,159,2
1,s032,253,153,1
1,s032,253,141,1
1,s032,253,140,1
1,s032,253,125,99
1,s032,253,124,22
1,s032,253,127,12
1,s032,253,126,2
1,s032,253,121,5
1,s032,253,120,2
1,s032,253,117,5
1,s032,253,116,1
1,s032,253,109,8
1,s032,253,108,1
1,s032,253,105,1
1,s032,253,93,5
1,s032,253,92,2
1,s032,253,95,1
1,s032,253,77,1
1,s032,253,76,1
1,s032,253,61,5
1,s032,253,63,5
1,s033,31,31,1434
1,s033,31,30,114
1,s033,31,29,113
1,s033,31,28,6
1,s033,31,27,98
1,s033,31,26,11
1,s033,31,25,2
1,s033,31,23,84
1,s033,31,22,5
1,s033,31,21,4
1,s033,31,19,7
1,s033,31,18,1
1,s033,31,15,87
1,s033,31,14,8
1,s033,31,13,6
1,s033,31,12,2
1,s033,31,11,7
1,s033,31,10,3
1,s033,31,9,1
1,s033,31,7,2
1,s033,31,3,1
1,s033,31,63,117
1,s033,31,62,12
1,s033,31,61,5
1,s033,31,60,3
1,s033,31,59,12
1,s033,31,58,2
1,s033,31,56,2
1,s033,31,55,5
1,s033,31,53,1
1,s033,31,51,2
1,s033,31,47,9
1,s033,31,46,1
1,s033,31,95,118
1,s033,31,94,8
1,s033,31,93,19
1,s033,31,92,2
1,s033,31,91,5
1,s033,31,88,1
1,s033,31,87,9
1,s033,31,86,1
1,s033,31,79,4
1,s033,31,78,2
1,s033,31,77,1
1,s033,31,127,9
1,s033,31,123,1
1,s033,31,111,1
1,s033,31,110,1
1,s033,31,159,114
1,s033,31,158,20
1,s033,31,157,13
1,s033,31,156,1
1,s033,31,155,3
1,s033,31,152,1
1,s033,31,151,3
1,s033,31,150,4
1,s033,31,143,7
1,s033,31,191,6
1,s033,31,190,3
1,s033,31,189,3
1,s033,31,187,1
1,s033,31,186,1
1,s033,31,179,1
1,s033,31,175,1
1,s033,31,223,8
1,s033,31,222,1
1,s033,31,220,2
1,s033,31,219,1
1,s033,31,211,1
1,s033,31,255,2
1,s033,31,254,1
1,s034,185,185,1459
1,s034,185,184,115
1,s034,185,187,124
1,s034,185,186,16
1,s034,185,189,108
1,s034,185,188,10
1,s034,185,191,7
1,s034,185,190,2
1,s034,185,177,88
1,s034,185,176,10
1,s034,185,179,6
1,s034,185,181,4
1,s034,185,169,91
1,s034,185,168,7
1,s034,185,171,5
1,s034,185,173,10
1,s034,185,175,1
1,s034,185,161,4
1,s034,185,163,1
1,s034,185,165,1
1,s034,185,153,86
1,s034,185,152,16
1,s034,185,155,7
1,s034,185,154,2
1,s034,185,157,11
1,s034,185,156,2
1,s034,185,159,1
1,s034,185,145,4
1,s034,185,144,1
1,s034,185,149,1
1,s034,185,137,9
1,s034,185,136,2
1,s034,185,129,3
1,s034,185,249,105
1,s034,185,248,10
1,s034,185,251,23
1,s034,185,250,2
1,s034,185,253,7
1,s034,185,252,1
1,s034,185,255,1
1,s034,185,241,7
1,s034,185,243,2
1,s034,185,245,1
1,s034,185,244,1
1,s034,185,233,8
1,s034,185,232,1
1,s034,185,235,1
1,s034,185,217,11
1,s034,185,216,1
1,s034,185,219,3
1,s034,185,221,1
1,s034,185,220,1
1,s034,185,222,1
1,s034,185,57,95
1,s034,185,56,19
1,s034,185,59,6
1,s034,185,58,4
1,s034,185,61,6
1,s034,185,60,1
1,s034,185,49,7
1,s034,185,48,2
1,s034,185,41,6
1,s034,185,40,1
1,s034,185,33,1
1,s034,185,25,13
1,s034,185,24,1
1,s034,185,27,1
1,s034,185,29,1
1,s034,185,28,1
1,s034,185,9,2
1,s034,185,8,1
1,s034,185,121,5
1,s034,185,120,2
1,s034,185,123,3
1,s034,185,125,1
1,s034,185,113,1
1,s034,185,91,1
1,s034,185,93,1
1,s035,161,161,1465
1,s035,161,160,120
1,s035,161,163,105
1,s035,161,162,11
1,s035,161,165,110
1,s035,161,164,5
1,s035,161,167,6
1,s035,161,169,75
1,s035,161,168,7
1,s035,161,171,7
1,s035,161,173,3
1,s035,161,172,1
1,s035,161,177,89
1,s035,161,176,6
1,s035,161,179,3
1,s035,161,178,1
1,s035,161,181,9
1,s035,161,180,1
1,s035,161,183,1
1,s035,161,185,4
1,s035,161,189,1
1,s035,161,129,90
1,s035,161,128,13
1,s035,161,131,13
1,s035,161,130,2
1,s035,161,133,12
1,s035,161,135,2
1,s035,161,137,6
1,s035,161,136,1
1,s035,161,139,1
1,s035,161,145,9
1,s035,161,144,1
1,s035,161,148,2
1,s035,161,225,100
1,s035,161,224,16
1,s035,161,227,17
1,s035,161,226,2
1,s035,161,229,12
1,s035,161,228,1
1,s035,161,231,4
1,s035,161,233,8
1,s035,161,232,1
1,s035,161,235,3
1,s035,161,237,2
1,s035,161,241,6
1,s035,161,243,3
1,s035,161,193,5
1,s035,161,195,1
1,s035,161,197,3
1,s035,161,198,1
1,s035,161,209,1
1,s035,161,33,98
1,s035,161,32,21
1,s035,161,35,13
1,s035,161,34,3
1,s035,161,37,7
1,s035,161,36,4
1,s035,161,41,5
1,s035,161,45,1
1,s035,161,49,4
1,s035,161,48,1
1,s035,161,51,1
1,s035,161,53,1
1,s035,161,1,8
1,s035,161,0,6
1,s035,161,3,1
1,s035,161,5,1
1,s035,161,4,2
1,s035,161,9,2
1,s035,161,19,1
1,s035,161,97,10
1,s035,161,96,2
1,s035,161,99,3
1,s035,161,103,1
1,s035,161,105,1
1,s035,161,107,1
1,s035,161,113,1
1,s035,161,65,1
1,s036,107,107,1504
1,s036,107,106,128
1,s036,107,105,121
1,s036,107,104,11
1,s036,107,111,114
1,s036,107,110,10
1,s036,107,109,9
1,s036,107,108,1
1,s036,107,99,81
1,s036,107,98,7
1,s036,107,97,10
1,s036,107,103,2
1,s036,107,123,72
1,s036,107,122,8
1,s036,107,121,7
1,s036,107,120,1
1,s036,107,127,4
1,s036,107,115,2
1,s036,107,114,1
1,s036,107,113,1
1,s036,107,75,125
1,s036,107,74,18
1,s036,107,73,8
1,s036,107,79,14
1,s036,107,78,3
1,s036,107,67,9
1,s036,107,91,3
1,s036,107,90,3
1,s036,107,88,1
1,s036,107,95,3
1,s036,107,92,1
1,s036,107,43,110
1,s036,107,42,7
1,s036,107,41,32
1,s036,107,40,1
1,s036,107,47,11
1,s036,107,45,3
1,s036,107,35,9
1,s036,107,33,1
1,s036,107,59,5
1,s036,107,58,2
1,s036,107,63,3
1,s036,107,11,8
1,s036,107,9,4
1,s036,107,8,1
1,s036,107,15,1
1,s036,107,12,1
1,s036,107,2,1
1,s036,107,27,1
1,s036,107,235,102
1,s036,107,234,28
1,s036,107,233,8
1,s036,107,232,3
1,s036,107,239,11
1,s036,107,238,2
1,s036,107,237,3
1,s036,107,227,6
1,s036,107,226,1
1,s036,107,251,7
1,s036,107,250,3
1,s036,107,249,2
1,s036,107,255,1
1,s036,107,203,12
1,s036,107,202,2
1,s036,107,201,1
1,s036,107,207,1
1,s036,107,206,1
1,s036,107,171,9
1,s036,107,170,3
1,s036,107,185,1
1,s036,107,139,1
1,s037,8,8,1522
1,s037,8,9,126
1,s037,8,10,112
1,s037,8,11,16
1,s037,8,12,128
1,s037,8,13,10
1,s037,8,14,8
1,s037,8,15,1
1,s037,8,0,80
1,s037,8,1,5
1,s037,8,2,7
1,s037,8,3,1
1,s037,8,4,9
1,s037,8,5,2
1,s037,8,6,1
1,s037,8,7,1
1,s037,8,24,103
1,s037,8,25,7
1,s037,8,26,6
1,s037,8,27,1
1,s037,8,28,2
1,s037,8,16,5
1,s037,8,18,1
1,s037,8,40,108
1,s037,8,41,17
1,s037,8,42,9
1,s037,8,43,1
1,s037,8,44,22
1,s037,8,45,3
1,s037,8,46,2
1,s037,8,32,7
1,s037,8,33,1
1,s037,8,34,2
1,s037,8,56,6
1,s037,8,57,1
1,s037,8,72,129
1,s037,8,73,13
1,s037,8,74,22
1,s037,8,75,4
1,s037,8,76,11
1,s037,8,77,2
1,s037,8,78,1
1,s037,8,64,6
1,s037,8,66,1
1,s037,8,88,4
1,s037,8,92,3
1,s037,8,104,10
1,s037,8,106,2
1,s037,8,96,1
1,s037,8,97,1
1,s037,8,122,1
1,s037,8,112,1
1,s037,8,136,108
1,s037,8,137,20
1,s037,8,138,10
1,s037,8,139,5
1,s037,8,140,13
1,s037,8,141,1
1,s037,8,142,1
1,s037,8,128,2
1,s037,8,132,1
1,s037,8,152,7
1,s037,8,153,1
1,s037,8,157,1
1,s037,8,146,1
1,s037,8,168,9
1,s037,8,169,2
1,s037,8,171,1
1,s037,8,160,2
1,s037,8,184,2
1,s037,8,200,9
1,s037,8,202,4
1,s037,8,204,1
1,s037,8,192,1
1,s037,8,232,2
1,s037,8,224,1
1,s038,158,158,1494
1,s038,158,159,108
1,s038,158,156,117
1,s038,158,157,19
1,s038,158,154,102
1,s038,158,155,6
1,s038,158,152,6
1,s038,158,150,83
1,s038,158,151,8
1,s038,158,148,7
1,s038,158,146,4
1,s038,158,144,2
1,s038,158,142,72
1,s038,158,143,8
1,s038,158,140,6
1,s038,158,138,6
1,s038,158,134,5
1,s038,158,135,1
1,s038,158,190,106
1,s038,158,191,7
1,s038,158,188,7
1,s038,158,186,18
1,s038,158,187,2
1,s038,158,182,6
1,s038,158,178,1
1,s038,158,174,7
1,s038,158,175,3
1,s038,158,172,1
1,s038,158,170,1
1,s038,158,171,1
1,s038,158,166,1
1,s038,158,165,1
1,s038,158,222,115
1,s038,158,223,12
1,s038,158,220,21
1,s038,158,218,15
1,s038,158,219,1
1,s038,158,214,7
1,s038,158,210,2
1,s038,158,206,5
1,s038,158,207,1
1,s038,158,204,1
1,s038,158,198,2
1,s038,158,254,6
1,s038,158,253,1
1,s038,158,238,1
1,s038,158,30,97
1,s038,158,31,26
1,s038,158,28,4
1,s038,158,29,1
1,s038,158,26,8
1,s038,158,27,2
1,s038,158,24,1
1,s038,158,22,7
1,s038,158,23,1
1,s038,158,18,1
1,s038,158,14,7
1,s038,158,62,11
1,s038,158,61,1
1,s038,158,58,1
1,s038,158,38,1
1,s038,158,94,7
1,s038,158,95,3
1,s038,158,92,2
1,s038,158,90,4
1,s038,158,78,1
1,s038,158,79,1
1,s039,190,190,1526
1,s039,190,191,111
1,s039,190,188,113
1,s039,190,189,12
1,s039,190,186,103
1,s039,190,187,8
1,s039,190,184,11
1,s039,190,185,1
1,s039,190,182,99
1,s039,190,183,4
1,s039,190,180,8
1,s039,190,178,6
1,s039,190,174,89
1,s039,190,175,6
1,s039,190,172,6
1,s039,190,170,11
1,s039,190,171,1
1,s039,190,168,1
1,s039,190,158,99
1,s039,190,159,16
1,s039,190,156,10
1,s039,190,154,11
1,s039,190,155,3
1,s039,190,153,1
1,s039,190,150,7
1,s039,190,151,1
1,s039,190,148,1
1,s039,190,142,8
1,s039,190,143,1
1,s039,190,140,2
1,s039,190,138,1
1,s039,190,135,1
1,s039,190,254,117
1,s039,190,255,14
1,s039,190,252,11
1,s039,190,253,3
1,s039,190,250,12
1,s039,190,246,3
1,s039,190,244,1
1,s039,190,238,7
1,s039,190,239,1
1,s039,190,236,1
1,s039,190,234,1
1,s039,190,222,5
1,s039,190,223,2
1,s039,190,207,1
1,s039,190,202,1
1,s039,190,62,87
1,s039,190,63,27
1,s039,190,60,11
1,s039,190,61,2
1,s039,190,58,11
1,s039,190,54,8
1,s039,190,55,1
1,s039,190,52,1
1,s039,190,46,1
1,s039,190,47,2
1,s039,190,44,1
1,s039,190,40,1
1,s039,190,30,8
1,s039,190,31,1
1,s039,190,22,3
1,s039,190,126,9
1,s039,190,127,3
1,s039,190,124,3
1,s039,190,122,1
1,s039,190,116,2
1,s039,190,110,2
1,s039,190,111,1
1,s039,190,94,1
1,s039,190,93,1
2,s000,227,227,979
2,s000,227,226,141
2,s000,227,225,144
2,s000,227,224,14
2,s000,227,231,114
2,s000,227,230,17
2,s000,227,229,16
2,s000,227,228,4
2,s000,227,235,100
2,s000,227,234,13
2,s000,227,233,14
2,s000,227,232,3
2,s000,227,239,16
2,s000,227,238,1
2,s000,227,237,1
2,s000,227,243,94
2,s000,227,242,18
2,s000,227,241,10
2,s000,227,240,1
2,s000,227,247,9
2,s000,227,246,1
2,s000,227,251,7
2,s000,227,249,1
2,s000,227,195,123
2,s000,227,194,14
2,s000,227,193,12
2,s000,227,192,4
2,s000,227,199,21
2,s000,227,198,8
2,s000,227,197,1
2,s000,227,196,1
2,s000,227,203,5
2,s000,227,207,1
2,s000,227,211,13
2,s000,227,210,2
2,s000,227,209,1
2,s000,227,208,1
2,s000,227,215,1
2,s000,227,219,3
2,s000,227,163,128
2,s000,227,162,16
2,s000,227,161,36
2,s000,227,160,4
2,s000,227,167,16
2,s000,227,166,4
2,s000,227,165,4
2,s000,227,164,2
2,s000,227,171,9
2,s000,227,170,1
2,s000,227,169,2
2,s000,227,175,3
2,s000,227,179,10
2,s000,227,178,4
2,s000,227,177,1
2,s000,227,181,1
2,s000,227,187,1
2,s000,227,188,1
2,s000,227,131,14
2,s000,227,130,3
2,s000,227,129,1
2,s000,227,135,5
2,s000,227,140,1
2,s000,227,147,2
2,s000,227,99,117
2,s000,227,98,37
2,s000,227,97,15
2,s000,227,96,6
2,s000,227,103,14
2,s000,227,102,3
2,s000,227,101,3
2,s000,227,100,1
2,s000,227,107,8
2,s000,227,106,2
2,s000,227,115,7
2,s000,227,119,1
2,s000,227,123,1
2,s000,227,67,13
2,s000,227,66,9
2,s000,227,65,1
2,s000,227,64,2
2,s000,227,71,3
2,s000,227,70,2
2,s000,227,75,2
2,s000,227,78,1
2,s000,227,83,1
2,s000,227,35,16
2,s000,227,34,4
2,s000,227,33,3
2,s000,227,39,2
2,s000,227,43,1
2,s000,227,41,1
2,s000,227,40,1
2,s000,227,49,1
2,s000,227,57,1
2,s000,227,3,3
2,s000,227,2,2
2,s000,227,1,2
2,s000,227,18,1
2,s001,238,238,1113
2,s001,238,239,151
2,s001,238,236,111
2,s001,238,237,17
2,s001,238,234,132
2,s001,238,235,16
2,s001,238,232,17
2,s001,238,233,2
2,s001,238,230,107
2,s001,238,231,21
2,s001,238,228,19
2,s001,238,229,3
2,s001,238,226,8
2,s001,238,227,3
2,s001,238,225,1
2,s001,238,254,90
2,s001,238,255,11
2,s001,238,252,15
2,s001,238,253,6
2,s001,238,250,9
2,s001,238,251,1
2,s001,238,248,2
2,s001,238,246,6
2,s001,238,244,3
2,s001,238,242,3
2,s001,238,206,126
2,s001,238,207,18
2,s001,238,204,21
2,s001,238,205,3
2,s001,238,202,24
2,s001,238,203,5
2,s001,238,200,2
2,s001,238,198,13
2,s001,238,199,1
2,s001,238,196,1
2,s001,238,194,2
2,s001,238,195,1
2,s001,238,222,12
2,s001,238,223,1
2,s001,238,218,5
2,s001,238,219,1
2,s001,238,174,135
2,s001,238,175,10
2,s001,238,172,41
2,s001,238,173,4
2,s001,238,170,12
2,s001,238,171,3
2,s001,238,169,1
2,s001,238,166,9
2,s001,238,167,3
2,s001,238,164,6
2,s001,238,162,3
2,s001,238,190,14
2,s001,238,191,1
2,s001,238,188,2
2,s001,238,186,2
2,s001,238,182,2
2,s001,238,142,17
2,s001,238,143,2
2,s001,238,140,4
2,s001,238,141,4
2,s001,238,138,2
2,s001,238,139,1
2,s001,238,134,1
2,s001,238,132,2
2,s001,238,128,1
2,s001,238,158,2
2,s001,238,156,1
2,s001,238,154,1
2,s001,238,110,123
2,s001,238,111,29
2,s001,238,108,15
2,s001,238,109,4
2,s001,238,106,6
2,s001,238,107,2
2,s001,238,104,2
2,s001,238,105,1
2,s001,238,102,16
2,s001,238,103,4
2,s001,238,100,1
2,s001,238,101,2
2,s001,238,98,1
2,s001,238,126,10
2,s001,238,127,2
2,s001,238,124,4
2,s001,238,125,1
2,s001,238,122,1
2,s001,238,121,2
2,s001,238,118,1
2,s001,238,78,17
2,s001,238,79,5
2,s001,238,76,1
2,s001,238,77,1
2,s001,238,74,3
2,s001,238,75,4
2,s001,238,72,1
2,s001,238,69,1
2,s001,238,94,1
2,s001,238,46,17
2,s001,238,47,5
2,s001,238,44,5
2,s001,238,42,2
2,s001,238,43,1
2,s001,238,40,3
2,s001,238,38,2
2,s001,238,34,1
2,s001,238,62,1
2,s001,238,63,2
2,s001,238,60,1
2,s001,238,15,2
2,s001,238,12,1
2,s001,238,11,1
2,s001,238,5,1
2,s001,238,0,1
2,s002,57,57,1069
2,s002,57,56,139
2,s002,57,59,154
2,s002,57,58,12
2,s002,57,61,116
2,s002,57,60,13
2,s002,57,63,18
2,s002,57,62,2
2,s002,57,49,100
2,s002,57,48,14
2,s002,57,51,11
2,s002,57,50,8
2,s002,57,53,17
2,s002,57,52,1
2,s002,57,41,100
2,s002,57,40,10
2,s002,57,43,14
2,s002,57,42,1
2,s002,57,45,12
2,s002,57,47,1
2,s002,57,46,1
2,s002,57,33,8
2,s002,57,32,3
2,s002,57,35,1
2,s002,57,37,2
2,s002,57,39,1
2,s002,57,25,136
2,s002,57,24,27
2,s002,57,27,10
2,s002,57,26,1
2,s002,57,29,20
2,s002,57,28,2
2,s002,57,31,5
2,s002,57,17,8
2,s002,57,16,3
2,s002,57,18,1
2,s002,57,21,1
2,s002,57,9,13
2,s002,57,8,1
2,s002,57,13,1
2,s002,57,12,1
2,s002,57,15,1
2,s002,57,1,1
2,s002,57,121,137
2,s002,57,120,20
2,s002,57,123,38
2,s002,57,122,9
2,s002,57,125,20
2,s002,57,124,5
2,s002,57,127,3
2,s002,57,126,1
2,s002,57,113,13
2,s002,57,112,4
2,s002,57,115,6
2,s002,57,114,1
2,s002,57,117,5
2,s002,57,116,1
2,s002,57,119,1
2,s002,57,105,10
2,s002,57,104,2
2,s002,57,107,2
2,s002,57,106,1
2,s002,57,109,2
2,s002,57,89,12
2,s002,57,88,3
2,s002,57,91,3
2,s002,57,90,2
2,s002,57,93,7
2,s002,57,92,1
2,s002,57,95,1
2,s002,57,81,4
2,s002,57,80,1
2,s002,57,83,1
2,s002,57,85,1
2,s002,57,73,3
2,s002,57,72,1
2,s002,57,185,124
2,s002,57,184,37
2,s002,57,187,13
2,s002,57,186,9
2,s002,57,189,12
2,s002,57,188,2
2,s002,57,177,11
2,s002,57,176,3
2,s002,57,178,1
2,s002,57,180,1
2,s002,57,169,11
2,s002,57,168,5
2,s002,57,170,1
2,s002,57,172,1
2,s002,57,153,12
2,s002,57,152,6
2,s002,57,155,1
2,s002,57,154,1
2,s002,57,157,2
2,s002,57,156,2
2,s002,57,159,1
2,s002,57,145,2
2,s002,57,144,1
2,s002,57,149,1
2,s002,57,137,1
2,s002,57,136,1
2,s002,57,139,1
2,s002,57,141,2
2,s002,57,249,19
2,s002,57,248,4
2,s002,57,251,6
2,s002,57,250,2
2,s002,57,253,6
2,s002,57,254,1
2,s002,57,241,3
2,s002,57,240,1
2,s002,57,233,2
2,s002,57,235,1
2,s002,57,217,3
2,s002,57,216,3
2,s002,57,218,1
2,s002,57,220,2
2,s002,57,223,1
2,s002,57,222,1
2,s002,57,201,1
2,s003,247,247,1089
2,s003,247,246,148
2,s003,247,245,111
2,s003,247,244,20
2,s003,247,243,121
2,s003,247,242,12
2,s003,247,241,20
2,s003,247,240,1
2,s003,247,255,111
2,s003,247,254,13
2,s003,247,253,14
2,s003,247,252,3
2,s003,247,251,15
2,s003,247,250,2
2,s003,247,249,4
2,s003,247,231,105
2,s003,247,230,16
2,s003,247,229,12
2,s003,247,227,13
2,s003,247,226,1
2,s003,247,225,4
2,s003,247,239,8
2,s003,247,238,3
2,s003,247,237,2
2,s003,247,235,2
2,s003,247,215,122
2,s003,247,214,20
2,s003,247,213,16
2,s003,247,212,3
2,s003,247,211,22
2,s003,247,210,7
2,s003,247,209,3
2,s003,247,208,1
2,s003,247,223,16
2,s003,247,221,1
2,s003,247,219,3
2,s003,247,218,1
2,s003,247,199,17
2,s003,247,198,2
2,s003,247,197,1
2,s003,247,196,1
2,s003,247,195,2
2,s003,247,207,2
2,s003,247,203,1
2,s003,247,183,138
2,s003,247,182,20
2,s003,247,181,33
2,s003,247,180,8
2,s003,247,179,13
2,s003,247,177,7
2,s003,247,191,16
2,s003,247,190,2
2,s003,247,189,3
2,s003,247,187,1
2,s003,247,167,13
2,s003,247,166,7
2,s003,247,165,6
2,s003,247,163,2
2,s003,247,162,2
2,s003,247,172,1
2,s003,247,151,16
2,s003,247,150,6
2,s003,247,149,6
2,s003,247,148,1
2,s003,247,147,1
2,s003,247,159,3
2,s003,247,156,1
2,s003,247,155,1
2,s003,247,134,1
2,s003,247,119,99
2,s003,247,118,41
2,s003,247,117,22
2,s003,247,116,3
2,s003,247,115,15
2,s003,247,114,4
2,s003,247,113,2
2,s003,247,127,20
2,s003,247,126,1
2,s003,247,123,2
2,s003,247,103,4
2,s003,247,102,2
2,s003,247,101,1
2,s003,247,99,2
2,s003,247,111,2
2,s003,247,110,2
2,s003,247,107,1
2,s003,247,87,10
2,s003,247,86,4
2,s003,247,85,1
2,s003,247,84,1
2,s003,247,83,4
2,s003,247,82,2
2,s003,247,88,1
2,s003,247,71,1
2,s003,247,70,1
2,s003,247,67,1
2,s003,247,55,21
2,s003,247,54,5
2,s003,247,53,4
2,s003,247,52,2
2,s003,247,51,1
2,s003,247,63,2
2,s003,247,62,1
2,s003,247,56,1
2,s003,247,39,2
2,s003,247,38,1
2,s003,247,23,1
2,s003,247,22,2
2,s003,247,21,1
2,s003,247,18,1
2,s003,247,31,2
2,s004,38,38,1005
2,s004,38,39,152
2,s004,38,36,113
2,s004,38,37,20
2,s004,38,34,119
2,s004,38,35,12
2,s004,38,32,9
2,s004,38,33,1
2,s004,38,46,98
2,s004,38,47,14
2,s004,38,44,13
2,s004,38,45,3
2,s004,38,42,10
2,s004,38,43,1
2,s004,38,40,3
2,s004,38,54,71
2,s004,38,55,13
2,s004,38,52,12
2,s004,38,53,1
2,s004,38,50,12
2,s004,38,51,2
2,s004,38,48,1
2,s004,38,62,9
2,s004,38,60,1
2,s004,38,58,2
2,s004,38,59,2
2,s004,38,6,125
2,s004,38,7,21
2,s004,38,4,6
2,s004,38,5,2
2,s004,38,2,19
2,s004,38,3,4
2,s004,38,0,1
2,s004,38,1,1
2,s004,38,14,11
2,s004,38,15,2
2,s004,38,12,1
2,s004,38,10,3
2,s004,38,8,1
2,s004,38,22,8
2,s004,38,23,4
2,s004,38,18,3
2,s004,38,31,1
2,s004,38,102,136
2,s004,38,103,13
2,s004,38,100,31
2,s004,38,101,3
2,s004,38,98,14
2,s004,38,99,2
2,s004,38,96,2
2,s004,38,97,1
2,s004,38,110,13
2,s004,38,108,7
2,s004,38,106,4
2,s004,38,118,7
2,s004,38,119,1
2,s004,38,114,2
2,s004,38,115,2
2,s004,38,112,1
2,s004,38,126,2
2,s004,38,124,1
2,s004,38,125,1
2,s004,38,122,1
2,s004,38,70,9
2,s004,38,71,5
2,s004,38,68,6
2,s004,38,66,5
2,s004,38,64,1
2,s004,38,65,1
2,s004,38,86,1
2,s004,38,166,128
2,s004,38,167,29
2,s004,38,164,11
2,s004,38,165,4
2,s004,38,162,16
2,s004,38,163,3
2,s004,38,160,2
2,s004,38,174,11
2,s004,38,175,4
2,s004,38,172,2
2,s004,38,170,1
2,s004,38,171,1
2,s004,38,182,9
2,s004,38,183,4
2,s004,38,180,4
2,s004,38,181,1
2,s004,38,179,1
2,s004,38,188,1
2,s004,38,134,12
2,s004,38,135,9
2,s004,38,130,3
2,s004,38,131,1
2,s004,38,138,1
2,s004,38,150,1
2,s004,38,230,8
2,s004,38,231,1
2,s004,38,228,2
2,s004,38,226,2
2,s004,38,239,1
2,s004,38,246,1
2,s004,38,250,1
2,s004,38,199,1
2,s005,228,228,1045
2,s005,228,229,133
2,s005,228,230,138
2,s005,228,231,20
2,s005,228,224,117
2,s005,228,225,19
2,s005,228,226,13
2,s005,228,227,2
2,s005,228,236,112
2,s005,228,237,12
2,s005,228,238,12
2,s005,228,239,2
2,s005,228,232,11
2,s005,228,233,3
2,s005,228,234,3
2,s005,228,244,84
2,s005,228,245,12
2,s005,228,246,12
2,s005,228,247,3
2,s005,228,240,9
2,s005,228,242,3
2,s005,228,243,1
2,s005,228,252,12
2,s005,228,254,1
2,s005,228,248,1
2,s005,228,196,109
2,s005,228,197,20
2,s005,228,198,16
2,s005,228,199,2
2,s005,228,192,24
2,s005,228,193,3
2,s005,228,194,1
2,s005,228,195,1
2,s005,228,204,21
2,s005,228,205,1
2,s005,228,207,1
2,s005,228,200,3
2,s005,228,201,3
2,s005,228,212,10
2,s005,228,213,4
2,s005,228,214,1
2,s005,228,208,4
2,s005,228,209,1
2,s005,228,220,3
2,s005,228,222,1
2,s005,228,164,147
2,s005,228,165,19
2,s005,228,166,36
2,s005,228,167,6
2,s005,228,160,11
2,s005,228,161,1
2,s005,228,162,1
2,s005,228,172,12
2,s005,228,173,5
2,s005,228,174,6
2,s005,228,168,2
2,s005,228,170,2
2,s005,228,180,15
2,s005,228,181,3
2,s005,228,182,5
2,s005,228,176,1
2,s005,228,190,2
2,s005,228,191,1
2,s005,228,184,2
2,s005,228,132,17
2,s005,228,133,3
2,s005,228,134,3
2,s005,228,128,6
2,s005,228,129,1
2,s005,228,130,1
2,s005,228,148,1
2,s005,228,159,1
2,s005,228,100,117
2,s005,228,101,34
2,s005,228,102,11
2,s005,228,103,7
2,s005,228,96,17
2,s005,228,97,2
2,s005,228,98,2
2,s005,228,99,3
2,s005,228,108,19
2,s005,228,109,4
2,s005,228,110,1
2,s005,228,111,1
2,s005,228,104,1
2,s005,228,116,10
2,s005,228,117,3
2,s005,228,118,4
2,s005,228,119,1
2,s005,228,112,1
2,s005,228,124,3
2,s005,228,68,20
2,s005,228,69,10
2,s005,228,70,4
2,s005,228,65,1
2,s005,228,76,2
2,s005,228,77,1
2,s005,228,72,1
2,s005,228,84,3
2,s005,228,85,1
2,s005,228,36,15
2,s005,228,37,9
2,s005,228,38,6
2,s005,228,39,2
2,s005,228,32,2
2,s005,228,34,1
2,s005,228,44,1
2,s005,228,4,3
2,s005,228,5,1
2,s005,228,2,1
2,s006,63,63,1075
2,s006,63,62,146
2,s006,63,61,114
2,s006,63,60,10
2,s006,63,59,108
2,s006,63,58,16
2,s006,63,57,15
2,s006,63,56,2
2,s006,63,55,87
2,s006,63,54,10
2,s006,63,53,3
2,s006,63,52,2
2,s006,63,51,12
2,s006,63,50,1
2,s006,63,49,2
2,s006,63,47,99
2,s006,63,46,11
2,s006,63,45,8
2,s006,63,44,3
2,s006,63,43,12
2,s006,63,42,1
2,s006,63,41,1
2,s006,63,39,9
2,s006,63,38,1
2,s006,63,37,3
2,s006,63,35,1
2,s006,63,34,1
2,s006,63,31,98
2,s006,63,30,25
2,s006,63,29,14
2,s006,63,28,3
2,s006,63,27,20
2,s006,63,26,4
2,s006,63,25,1
2,s006,63,24,2
2,s006,63,23,20
2,s006,63,22,3
2,s006,63,21,2
2,s006,63,19,1
2,s006,63,18,1
2,s006,63,15,13
2,s006,63,14,3
2,s006,63,12,1
2,s006,63,11,1
2,s006,63,7,1
2,s006,63,3,2
2,s006,63,127,124
2,s006,63,126,16
2,s006,63,125,28
2,s006,63,124,3
2,s006,63,123,15
2,s006,63,122,1
2,s006,63,121,2
2,s006,63,119,17
2,s006,63,118,3
2,s006,63,117,4
2,s006,63,116,1
2,s006,63,115,1
2,s006,63,111,7
2,s006,63,110,1
2,s006,63,107,1
2,s006,63,95,6
2,s006,63,94,2
2,s006,63,93,1
2,s006,63,91,3
2,s006,63,87,6
2,s006,63,79,2
2,s006,63,77,1
2,s006,63,74,1
2,s006,63,191,113
2,s006,63,190,26
2,s006,63,189,15
2,s006,63,188,5
2,s006,63,187,10
2,s006,63,186,7
2,s006,63,185,3
2,s006,63,184,1
2,s006,63,183,14
2,s006,63,182,4
2,s006,63,180,1
2,s006,63,179,4
2,s006,63,175,11
2,s006,63,174,2
2,s006,63,173,2
2,s006,63,172,1
2,s006,63,171,1
2,s006,63,167,2
2,s006,63,159,10
2,s006,63,158,9
2,s006,63,157,1
2,s006,63,156,1
2,s006,63,155,1
2,s006,63,151,2
2,s006,63,143,3
2,s006,63,141,1
2,s006,63,139,1
2,s006,63,138,1
2,s006,63,255,10
2,s006,63,254,5
2,s006,63,253,5
2,s006,63,249,1
2,s006,63,247,2
2,s006,63,239,1
2,s006,63,237,1
2,s006,63,232,1
2,s006,63,223,2
2,s006,63,222,1
2,s007,81,81,1043
2,s007,81,80,123
2,s007,81,83,131
2,s007,81,82,18
2,s007,81,85,116
2,s007,81,84,17
2,s007,81,87,16
2,s007,81,86,2
2,s007,81,89,119
2,s007,81,88,14
2,s007,81,91,20
2,s007,81,90,2
2,s007,81,93,14
2,s007,81,92,1
2,s007,81,65,108
2,s007,81,64,22
2,s007,81,67,9
2,s007,81,66,2
2,s007,81,69,10
2,s007,81,68,1
2,s007,81,71,2
2,s007,81,73,18
2,s007,81,77,1
2,s007,81,113,128
2,s007,81,112,15
2,s007,81,115,11
2,s007,81,114,6
2,s007,81,117,22
2,s007,81,116,3
2,s007,81,119,3
2,s007,81,121,12
2,s007,81,120,3
2,s007,81,123,3
2,s007,81,124,1
2,s007,81,97,10
2,s007,81,96,5
2,s007,81,99,1
2,s007,81,102,1
2,s007,81,105,2
2,s007,81,104,2
2,s007,81,109,1
2,s007,81,17,143
2,s007,81,16,19
2,s007,81,19,32
2,s007,81,18,8
2,s007,81,21,13
2,s007,81,23,4
2,s007,81,25,16
2,s007,81,24,2
2,s007,81,27,1
2,s007,81,26,1
2,s007,81,29,1
2,s007,81,1,20
2,s007,81,0,3
2,s007,81,3,5
2,s007,81,9,2
2,s007,81,8,1
2,s007,81,49,23
2,s007,81,48,2
2,s007,81,51,2
2,s007,81,50,1
2,s007,81,53,4
2,s007,81,55,2
2,s007,81,57,3
2,s007,81,33,1
2,s007,81,41,1
2,s007,81,209,117
2,s007,81,208,35
2,s007,81,211,22
2,s007,81,210,8
2,s007,81,213,15
2,s007,81,212,3
2,s007,81,215,1
2,s007,81,214,1
2,s007,81,217,7
2,s007,81,216,5
2,s007,81,219,1
2,s007,81,221,3
2,s007,81,193,13
2,s007,81,192,3
2,s007,81,195,1
2,s007,81,197,1
2,s007,81,198,1
2,s007,81,201,1
2,s007,81,241,17
2,s007,81,240,3
2,s007,81,245,4
2,s007,81,244,1
2,s007,81,249,1
2,s007,81,248,1
2,s007,81,251,1
2,s007,81,225,1
2,s007,81,145,11
2,s007,81,144,2
2,s007,81,147,1
2,s007,81,146,1
2,s007,81,149,3
2,s007,81,151,1
2,s007,81,154,1
2,s007,81,177,6
2,s007,81,176,2
2,s008,164,164,1047
2,s008,164,165,127
2,s008,164,166,130
2,s008,164,167,13
2,s008,164,160,119
2,s008,164,161,13
2,s008,164,162,13
2,s008,164,163,2
2,s008,164,172,105
2,s008,164,173,17
2,s008,164,174,10
2,s008,164,175,4
2,s008,164,168,14
2,s008,164,169,4
2,s008,164,170,4
2,s008,164,171,1
2,s008,164,180,99
2,s008,164,181,11
2,s008,164,182,7
2,s008,164,183,3
2,s008,164,176,18
2,s008,164,178,2
2,s008,164,188,12
2,s008,164,189,3
2,s008,164,132,120
2,s008,164,133,29
2,s008,164,134,17
2,s008,164,135,5
2,s008,164,128,20
2,s008,164,129,2
2,s008,164,130,5
2,s008,164,140,19
2,s008,164,142,2
2,s008,164,143,1
2,s008,164,136,2
2,s008,164,148,6
2,s008,164,149,2
2,s008,164,150,2
2,s008,164,144,3
2,s008,164,145,1
2,s008,164,156,1
2,s008,164,152,1
2,s008,164,228,145
2,s008,164,229,18
2,s008,164,230,38
2,s008,164,231,3
2,s008,164,224,18
2,s008,164,226,6
2,s008,164,236,10
2,s008,164,237,1
2,s008,164,238,5
2,s008,164,232,1
2,s008,164,244,10
2,s008,164,246,6
2,s008,164,247,1
2,s008,164,252,4
2,s008,164,250,1
2,s008,164,196,13
2,s008,164,198,3
2,s008,164,199,2
2,s008,164,192,3
2,s008,164,194,2
2,s008,164,195,1
2,s008,164,212,1
2,s008,164,214,1
2,s008,164,220,1
2,s008,164,217,1
2,s008,164,36,96
2,s008,164,37,29
2,s008,164,38,7
2,s008,164,39,4
2,s008,164,32,13
2,s008,164,33,2
2,s008,164,34,3
2,s008,164,44,12
2,s008,164,45,3
2,s008,164,46,2
2,s008,164,47,1
2,s008,164,40,1
2,s008,164,52,9
2,s008,164,53,3
2,s008,164,54,4
2,s008,164,55,1
2,s008,164,60,1
2,s008,164,63,1
2,s008,164,4,20
2,s008,164,5,5
2,s008,164,6,3
2,s008,164,0,2
2,s008,164,1,1
2,s008,164,12,3
2,s008,164,20,1
2,s008,164,16,1
2,s008,164,100,15
2,s008,164,101,2
2,s008,164,102,5
2,s008,164,103,2
2,s008,164,96,3
2,s008,164,108,1
2,s008,164,116,2
2,s008,164,117,1
2,s008,164,119,1
2,s008,164,68,1
2,s009,235,235,1144
2,s009,235,234,127
2,s009,235,233,127
2,s009,235,232,20
2,s009,235,239,134
2,s009,235,238,7
2,s009,235,237,13
2,s009,235,236,2
2,s009,235,227,112
2,s009,235,226,12
2,s009,235,225,11
2,s009,235,231,7
2,s009,235,230,1
2,s009,235,229,1
2,s009,235,228,1
2,s009,235,251,102
2,s009,235,250,9
2,s009,235,249,8
2,s009,235,248,2
2,s009,235,255,9
2,s009,235,254,3
2,s009,235,253,1
2,s009,235,243,7
2,s009,235,242,2
2,s009,235,241,3
2,s009,235,247,2
2,s009,235,203,108
2,s009,235,202,24
2,s009,235,201,11
2,s009,235,200,1
2,s009,235,207,20
2,s009,235,206,4
2,s009,235,205,3
2,s009,235,195,14
2,s009,235,194,1
2,s009,235,193,3
2,s009,235,199,3
2,s009,235,219,13
2,s009,235,218,2
2,s009,235,217,2
2,s009,235,223,4
2,s009,235,222,1
2,s009,235,171,142
2,s009,235,170,21
2,s009,235,169,37
2,s009,235,168,6
2,s009,235,175,16
2,s009,235,173,5
2,s009,235,163,9
2,s009,235,162,2
2,s009,235,161,3
2,s009,235,167,3
2,s009,235,166,1
2,s009,235,165,1
2,s009,235,187,13
2,s009,235,186,3
2,s009,235,185,3
2,s009,235,184,1
2,s009,235,179,2
2,s009,235,139,14
2,s009,235,138,5
2,s009,235,137,1
2,s009,235,136,2
2,s009,235,143,3
2,s009,235,142,2
2,s009,235,140,1
2,s009,235,131,3
2,s009,235,129,1
2,s009,235,135,1
2,s009,235,155,3
2,s009,235,147,1
2,s009,235,107,121
2,s009,235,106,45
2,s009,235,105,12
2,s009,235,104,3
2,s009,235,111,15
2,s009,235,110,3
2,s009,235,99,15
2,s009,235,98,4
2,s009,235,97,1
2,s009,235,103,3
2,s009,235,102,1
2,s009,235,123,10
2,s009,235,122,1
2,s009,235,121,3
2,s009,235,126,1
2,s009,235,124,1
2,s009,235,115,2
2,s009,235,75,10
2,s009,235,74,8
2,s009,235,73,1
2,s009,235,72,1
2,s009,235,79,3
2,s009,235,78,1
2,s009,235,91,2
2,s009,235,90,1
2,s009,235,43,21
2,s009,235,42,3
2,s009,235,41,5
2,s009,235,40,1
2,s009,235,47,1
2,s009,235,45,1
2,s009,235,35,2
2,s009,235,59,2
2,s009,235,63,1
2,s009,235,11,2
2,s009,235,15,1
2,s009,235,1,1
2,s009,235,26,1
2,s010,223,223,1063
2,s010,223,222,111
2,s010,223,221,118
2,s010,223,220,12
2,s010,223,219,116
2,s010,223,218,13
2,s010,223,217,15
2,s010,223,215,98
2,s010,223,214,17
2,s010,223,213,15
2,s010,223,212,3
2,s010,223,211,8
2,s010,223,210,1
2,s010,223,209,1
2,s010,223,207,81
2,s010,223,206,12
2,s010,223,205,11
2,s010,223,204,1
2,s010,223,203,15
2,s010,223,201,1
2,s010,223,199,12
2,s010,223,195,2
2,s010,223,255,126
2,s010,223,254,36
2,s010,223,253,11
2,s010,223,252,2
2,s010,223,251,20
2,s010,223,250,9
2,s010,223,249,3
2,s010,223,247,13
2,s010,223,246,1
2,s010,223,245,1
2,s010,223,243,1
2,s010,223,242,1
2,s010,223,239,11
2,s010,223,238,1
2,s010,223,235,3
2,s010,223,231,1
2,s010,223,159,157
2,s010,223,158,22
2,s010,223,157,36
2,s010,223,156,4
2,s010,223,155,18
2,s010,223,153,2
2,s010,223,151,10
2,s010,223,150,1
2,s010,223,149,4
2,s010,223,148,3
2,s010,223,147,1
2,s010,223,143,11
2,s010,223,142,3
2,s010,223,141,2
2,s010,223,139,2
2,s010,223,137,2
2,s010,223,135,1
2,s010,223,191,33
2,s010,223,190,2
2,s010,223,189,5
2,s010,223,188,2
2,s010,223,187,1
2,s010,223,185,1
2,s010,223,183,3
2,s010,223,181,1
2,s010,223,175,3
2,s010,223,173,1
2,s010,223,95,97
2,s010,223,94,43
2,s010,223,93,13
2,s010,223,92,11
2,s010,223,91,12
2,s010,223,90,1
2,s010,223,89,2
2,s010,223,87,8
2,s010,223,86,5
2,s010,223,84,1
2,s010,223,83,2
2,s010,223,80,1
2,s010,223,79,6
2,s010,223,78,1
2,s010,223,76,2
2,s010,223,127,14
2,s010,223,126,8
2,s010,223,125,4
2,s010,223,124,1
2,s010,223,123,3
2,s010,223,122,1
2,s010,223,119,1
2,s010,223,111,1
2,s010,223,103,1
2,s010,223,31,13
2,s010,223,30,3
2,s010,223,29,5
2,s010,223,28,1
2,s010,223,27,1
2,s010,223,26,1
2,s010,223,24,1
2,s010,223,23,3
2,s010,223,18,1
2,s010,223,15,1
2,s010,223,14,2
2,s010,223,63,3
2,s010,223,62,1
2,s010,223,61,1
2,s010,223,59,1
2,s010,223,47,2
2,s011,192,192,1068
2,s011,192,193,150
2,s011,192,194,125
2,s011,192,195,24
2,s011,192,196,125
2,s011,192,197,19
2,s011,192,198,14
2,s011,192,199,1
2,s011,192,200,114
2,s011,192,201,14
2,s011,192,202,9
2,s011,192,203,3
2,s011,192,204,4
2,s011,192,205,1
2,s011,192,206,1
2,s011,192,207,2
2,s011,192,208,105
2,s011,192,209,12
2,s011,192,210,12
2,s011,192,211,2
2,s011,192,212,9
2,s011,192,213,3
2,s011,192,216,12
2,s011,192,218,1
2,s011,192,219,1
2,s011,192,222,1
2,s011,192,224,104
2,s011,192,225,12
2,s011,192,226,14
2,s011,192,227,4
2,s011,192,228,26
2,s011,192,229,3
2,s011,192,230,1
2,s011,192,231,1
2,s011,192,232,14
2,s011,192,233,2
2,s011,192,234,1
2,s011,192,236,1
2,s011,192,237,1
2,s011,192,240,11
2,s011,192,242,1
2,s011,192,244,2
2,s011,192,254,1
2,s011,192,128,127
2,s011,192,129,14
2,s011,192,130,29
2,s011,192,131,7
2,s011,192,132,19
2,s011,192,133,4
2,s011,192,134,2
2,s011,192,136,13
2,s011,192,137,3
2,s011,192,138,3
2,s011,192,139,1
2,s011,192,140,1
2,s011,192,142,1
2,s011,192,144,10
2,s011,192,145,1
2,s011,192,146,2
2,s011,192,148,1
2,s011,192,151,1
2,s011,192,152,2
2,s011,192,160,12
2,s011,192,161,6
2,s011,192,162,6
2,s011,192,164,3
2,s011,192,166,1
2,s011,192,168,5
2,s011,192,172,1
2,s011,192,176,2
2,s011,192,180,1
2,s011,192,182,1
2,s011,192,184,1
2,s011,192,64,121
2,s011,192,65,26
2,s011,192,66,20
2,s011,192,67,4
2,s011,192,68,15
2,s011,192,69,2
2,s011,192,70,3
2,s011,192,72,13
2,s011,192,73,2
2,s011,192,74,2
2,s011,192,75,3
2,s011,192,77,1
2,s011,192,80,16
2,s011,192,81,1
2,s011,192,83,1
2,s011,192,85,1
2,s011,192,96,12
2,s011,192,97,4
2,s011,192,98,1
2,s011,192,100,3
2,s011,192,104,1
2,s011,192,105,2
2,s011,192,106,1
2,s011,192,113,2
2,s011,192,0,18
2,s011,192,1,2
2,s011,192,2,4
2,s011,192,3,1
2,s011,192,4,3
2,s011,192,5,1
2,s011,192,6,1
2,s011,192,8,1
2,s011,192,9,1
2,s011,192,16,1
2,s011,192,32,1
2,s011,192,33,3
2,s011,192,40,1
2,s012,142,142,1088
2,s012,142,143,130
2,s012,142,140,133
2,s012,142,141,20
2,s012,142,138,142
2,s012,142,139,15
2,s012,142,136,15
2,s012,142,137,1
2,s012,142,134,121
2,s012,142,135,20
2,s012,142,132,14
2,s012,142,133,1
2,s012,142,130,15
2,s012,142,131,3
2,s012,142,128,2
2,s012,142,129,1
2,s012,142,158,86
2,s012,142,159,16
2,s012,142,156,10
2,s012,142,157,2
2,s012,142,154,8
2,s012,142,153,1
2,s012,142,150,6
2,s012,142,151,4
2,s012,142,149,1
2,s012,142,146,3
2,s012,142,144,1
2,s012,142,174,142
2,s012,142,175,23
2,s012,142,172,16
2,s012,142,173,4
2,s012,142,170,21
2,s012,142,171,7
2,s012,142,169,1
2,s012,142,166,17
2,s012,142,167,4
2,s012,142,162,6
2,s012,142,190,7
2,s012,142,191,2
2,s012,142,188,1
2,s012,142,186,1
2,s012,142,182,2
2,s012,142,183,1
2,s012,142,206,145
2,s012,142,207,19
2,s012,142,204,29
2,s012,142,205,8
2,s012,142,202,14
2,s012,142,203,5
2,s012,142,200,4
2,s012,142,201,1
2,s012,142,198,12
2,s012,142,199,2
2,s012,142,196,5
2,s012,142,194,1
2,s012,142,192,1
2,s012,142,222,8
2,s012,142,223,1
2,s012,142,220,1
2,s012,142,218,2
2,s012,142,217,1
2,s012,142,214,1
2,s012,142,238,19
2,s012,142,239,5
2,s012,142,236,4
2,s012,142,235,2
2,s012,142,232,2
2,s012,142,230,1
2,s012,142,228,2
2,s012,142,226,1
2,s012,142,254,4
2,s012,142,255,2
2,s012,142,14,138
2,s012,142,15,38
2,s012,142,12,19
2,s012,142,13,1
2,s012,142,10,10
2,s012,142,11,4
2,s012,142,6,12
2,s012,142,7,4
2,s012,142,5,2
2,s012,142,2,2
2,s012,142,1,1
2,s012,142,30,11
2,s012,142,31,3
2,s012,142,28,2
2,s012,142,27,1
2,s012,142,22,1
2,s012,142,46,9
2,s012,142,47,8
2,s012,142,44,2
2,s012,142,45,2
2,s012,142,42,2
2,s012,142,38,1
2,s012,142,34,1
2,s012,142,35,1
2,s012,142,62,3
2,s012,142,63,2
2,s012,142,54,1
2,s012,142,78,21
2,s012,142,79,5
2,s012,142,76,5
2,s012,142,74,1
2,s012,142,75,1
2,s012,142,95,1
2,s012,142,110,3
2,s012,142,111,1
2,s012,142,106,2
2,s012,142,98,1
2,s013,211,211,1142
2,s013,211,210,114
2,s013,211,209,102
2,s013,211,208,13
2,s013,211,215,122
2,s013,211,214,15
2,s013,211,213,24
2,s013,211,219,117
2,s013,211,218,16
2,s013,211,217,11
2,s013,211,216,3
2,s013,211,223,10
2,s013,211,222,1
2,s013,211,220,1
2,s013,211,195,105
2,s013,211,194,18
2,s013,211,193,12
2,s013,211,192,2
2,s013,211,199,11
2,s013,211,198,4
2,s013,211,197,1
2,s013,211,196,1
2,s013,211,203,11
2,s013,211,202,1
2,s013,211,201,2
2,s013,211,243,131
2,s013,211,242,25
2,s013,211,241,19
2,s013,211,240,1
2,s013,211,247,18
2,s013,211,246,6
2,s013,211,245,1
2,s013,211,251,10
2,s013,211,250,1
2,s013,211,255,3
2,s013,211,227,12
2,s013,211,226,2
2,s013,211,224,1
2,s013,211,231,1
2,s013,211,235,1
2,s013,211,234,1
2,s013,211,233,1
2,s013,211,147,126
2,s013,211,146,25
2,s013,211,145,43
2,s013,211,144,11
2,s013,211,151,10
2,s013,211,150,1
2,s013,211,149,4
2,s013,211,148,1
2,s013,211,155,9
2,s013,211,154,3
2,s013,211,153,4
2,s013,211,152,3
2,s013,211,159,1
2,s013,211,131,10
2,s013,211,130,1
2,s013,211,129,3
2,s013,211,135,2
2,s013,211,137,1
2,s013,211,179,21
2,s013,211,178,6
2,s013,211,177,3
2,s013,211,176,1
2,s013,211,183,4
2,s013,211,181,1
2,s013,211,187,3
2,s013,211,186,2
2,s013,211,163,2
2,s013,211,162,1
2,s013,211,83,121
2,s013,211,82,34
2,s013,211,81,20
2,s013,211,80,2
2,s013,211,87,15
2,s013,211,86,2
2,s013,211,91,11
2,s013,211,90,5
2,s013,211,67,11
2,s013,211,66,4
2,s013,211,65,2
2,s013,211,64,1
2,s013,211,70,1
2,s013,211,74,1
2,s013,211,73,1
2,s013,211,115,12
2,s013,211,114,2
2,s013,211,113,3
2,s013,211,119,4
2,s013,211,122,1
2,s013,211,99,1
2,s013,211,103,1
2,s013,211,101,1
2,s013,211,19,20
2,s013,211,18,3
2,s013,211,17,5
2,s013,211,23,7
2,s013,211,27,1
2,s013,211,25,1
2,s013,211,3,3
2,s013,211,1,1
2,s013,211,11,1
2,s013,211,51,2
2,s013,211,50,1
2,s013,211,48,1
2,s014,119,119,1140
2,s014,119,118,137
2,s014,119,117,126
2,s014,119,116,24
2,s014,119,115,134
2,s014,119,114,12
2,s014,119,113,12
2,s014,119,112,2
2,s014,119,127,117
2,s014,119,126,20
2,s014,119,125,19
2,s014,119,124,1
2,s014,119,123,6
2,s014,119,122,3
2,s014,119,103,92
2,s014,119,102,12
2,s014,119,101,11
2,s014,119,100,2
2,s014,119,99,9
2,s014,119,98,1
2,s014,119,111,4
2,s014,119,110,1
2,s014,119,109,2
2,s014,119,87,124
2,s014,119,86,14
2,s014,119,85,17
2,s014,119,84,5
2,s014,119,83,13
2,s014,119,82,2
2,s014,119,81,4
2,s014,119,80,1
2,s014,119,95,10
2,s014,119,94,3
2,s014,119,92,1
2,s014,119,91,2
2,s014,119,71,15
2,s014,119,70,3
2,s014,119,69,1
2,s014,119,68,1
2,s014,119,67,3
2,s014,119,79,1
2,s014,119,75,1
2,s014,119,55,120
2,s014,119,54,18
2,s014,119,53,29
2,s014,119,52,5
2,s014,119,51,23
2,s014,119,50,4
2,s014,119,49,3
2,s014,119,48,2
2,s014,119,63,14
2,s014,119,62,1
2,s014,119,61,5
2,s014,119,60,1
2,s014,119,59,1
2,s014,119,58,1
2,s014,119,57,1
2,s014,119,39,11
2,s014,119,38,2
2,s014,119,37,1
2,s014,119,35,2
2,s014,119,47,3
2,s014,119,23,16
2,s014,119,22,5
2,s014,119,21,4
2,s014,119,19,3
2,s014,119,30,1
2,s014,119,7,3
2,s014,119,247,127
2,s014,119,246,31
2,s014,119,245,19
2,s014,119,244,4
2,s014,119,243,18
2,s014,119,242,6
2,s014,119,241,1
2,s014,119,255,8
2,s014,119,254,5
2,s014,119,253,1
2,s014,119,249,1
2,s014,119,231,13
2,s014,119,230,7
2,s014,119,228,1
2,s014,119,227,1
2,s014,119,239,1
2,s014,119,215,20
2,s014,119,214,2
2,s014,119,213,1
2,s014,119,211,5
2,s014,119,208,1
2,s014,119,223,2
2,s014,119,222,2
2,s014,119,199,2
2,s014,119,196,1
2,s014,119,183,13
2,s014,119,182,3
2,s014,119,181,1
2,s014,119,180,1
2,s014,119,179,1
2,s014,119,178,1
2,s014,119,177,1
2,s014,119,191,6
2,s014,119,167,3
2,s014,119,163,1
2,s014,119,151,2
2,s014,119,150,1
2,s014,119,149,1
2,s015,230,230,1103
2,s015,230,231,137
2,s015,230,228,157
2,s015,230,229,15
2,s015,230,226,104
2,s015,230,227,11
2,s015,230,224,24
2,s015,230,225,3
2,s015,230,238,99
2,s015,230,239,16
2,s015,230,236,11
2,s015,230,237,1
2,s015,230,234,18
2,s015,230,235,1
2,s015,230,232,1
2,s015,230,246,96
2,s015,230,247,18
2,s015,230,244,11
2,s015,230,242,11
2,s015,230,243,2
2,s015,230,240,3
2,s015,230,241,1
2,s015,230,254,11
2,s015,230,250,2
2,s015,230,198,124
2,s015,230,199,20
2,s015,230,196,13
2,s015,230,197,2
2,s015,230,194,16
2,s015,230,195,1
2,s015,230,192,2
2,s015,230,193,2
2,s015,230,206,11
2,s015,230,207,1
2,s015,230,205,1
2,s015,230,202,5
2,s015,230,214,12
2,s015,230,215,1
2,s015,230,210,4
2,s015,230,223,1
2,s015,230,166,154
2,s015,230,167,11
2,s015,230,164,38
2,s015,230,165,11
2,s015,230,162,13
2,s015,230,163,1
2,s015,230,160,3
2,s015,230,174,13
2,s015,230,175,1
2,s015,230,172,3
2,s015,230,170,4
2,s015,230,171,1
2,s015,230,182,12
2,s015,230,180,5
2,s015,230,181,1
2,s015,230,178,1
2,s015,230,176,1
2,s015,230,190,5
2,s015,230,134,15
2,s015,230,135,3
2,s015,230,132,4
2,s015,230,130,2
2,s015,230,131,1
2,s015,230,128,2
2,s015,230,129,1
2,s015,230,142,1
2,s015,230,143,1
2,s015,230,144,1
2,s015,230,102,107
2,s015,230,103,37
2,s015,230,100,16
2,s015,230,101,2
2,s015,230,98,11
2,s015,230,99,4
2,s015,230,96,1
2,s015,230,110,11
2,s015,230,111,4
2,s015,230,108,4
2,s015,230,118,8
2,s015,230,119,2
2,s015,230,116,2
2,s015,230,114,1
2,s015,230,115,1
2,s015,230,126,2
2,s015,230,127,1
2,s015,230,70,14
2,s015,230,71,8
2,s015,230,68,2
2,s015,230,66,3
2,s015,230,67,1
2,s015,230,86,1
2,s015,230,87,2
2,s015,230,85,1
2,s015,230,94,1
2,s015,230,38,13
2,s015,230,39,5
2,s015,230,36,3
2,s015,230,37,1
2,s015,230,34,3
2,s015,230,46,2
2,s015,230,47,1
2,s015,230,54,1
2,s015,230,62,1
2,s015,230,63,1
2,s015,230,6,1
2,s015,230,7,1
2,s015,230,2,1
2,s015,230,3,1
2,s015,230,23,1
2,s016,218,218,1097
2,s016,218,219,116
2,s016,218,216,137
2,s016,218,217,15
2,s016,218,222,108
2,s016,218,223,18
2,s016,218,220,12
2,s016,218,221,2
2,s016,218,210,125
2,s016,218,211,12
2,s016,218,208,15
2,s016,218,209,1
2,s016,218,214,15
2,s016,218,215,3
2,s016,218,213,2
2,s016,218,202,93
2,s016,218,203,15
2,s016,218,200,9
2,s016,218,201,1
2,s016,218,206,13
2,s016,218,194,11
2,s016,218,195,3
2,s016,218,192,3
2,s016,218,193,1
2,s016,218,196,1
2,s016,218,250,115
2,s016,218,251,22
2,s016,218,248,9
2,s016,218,249,1
2,s016,218,254,23
2,s016,218,255,2
2,s016,218,252,2
2,s016,218,253,1
2,s016,218,242,9
2,s016,218,243,3
2,s016,218,240,1
2,s016,218,241,1
2,s016,218,246,1
2,s016,218,247,2
2,s016,218,244,2
2,s016,218,245,1
2,s016,218,234,10
2,s016,218,235,2
2,s016,218,232,2
2,s016,218,233,1
2,s016,218,226,2
2,s016,218,227,1
2,s016,218,154,171
2,s016,218,155,21
2,s016,218,152,32
2,s016,218,153,5
2,s016,218,158,12
2,s016,218,159,2
2,s016,218,156,4
2,s016,218,157,2
2,s016,218,146,13
2,s016,218,147,4
2,s016,218,144,4
2,s016,218,145,1
2,s016,218,150,3
2,s016,218,138,11
2,s016,218,139,1
2,s016,218,142,2
2,s016,218,143,2
2,s016,218,130,3
2,s016,218,186,22
2,s016,218,187,3
2,s016,218,184,4
2,s016,218,190,3
2,s016,218,191,1
2,s016,218,188,4
2,s016,218,178,1
2,s016,218,170,1
2,s016,218,90,108
2,s016,218,91,41
2,s016,218,88,17
2,s016,218,89,3
2,s016,218,94,8
2,s016,218,95,5
2,s016,218,92,1
2,s016,218,82,20
2,s016,218,83,4
2,s016,218,81,1
2,s016,218,86,2
2,s016,218,87,1
2,s016,218,74,12
2,s016,218,75,3
2,s016,218,72,1
2,s016,218,78,2
2,s016,218,66,3
2,s016,218,122,12
2,s016,218,123,9
2,s016,218,126,2
2,s016,218,127,3
2,s016,218,114,3
2,s016,218,106,2
2,s016,218,105,1
2,s016,218,26,9
2,s016,218,27,7
2,s016,218,24,3
2,s016,218,25,2
2,s016,218,18,1
2,s016,218,58,5
2,s016,218,59,1
2,s016,218,46,1
2,s017,248,248,1150
2,s017,248,249,135
2,s017,248,250,140
2,s017,248,251,16
2,s017,248,252,108
2,s017,248,253,15
2,s017,248,254,22
2,s017,248,255,1
2,s017,248,240,122
2,s017,248,241,12
2,s017,248,242,16
2,s017,248,243,2
2,s017,248,244,15
2,s017,248,245,3
2,s017,248,246,2
2,s017,248,232,99
2,s017,248,233,5
2,s017,248,234,16
2,s017,248,236,8
2,s017,248,237,3
2,s017,248,238,3
2,s017,248,224,10
2,s017,248,225,2
2,s017,248,226,2
2,s017,248,228,2
2,s017,248,216,131
2,s017,248,217,19
2,s017,248,218,8
2,s017,248,219,6
2,s017,248,220,18
2,s017,248,221,3
2,s017,248,222,2
2,s017,248,223,2
2,s017,248,208,15
2,s017,248,209,3
2,s017,248,200,11
2,s017,248,202,1
2,s017,248,203,2
2,s017,248,204,4
2,s017,248,192,1
2,s017,248,184,129
2,s017,248,185,23
2,s017,248,186,36
2,s017,248,187,2
2,s017,248,188,19
2,s017,248,189,1
2,s017,248,190,3
2,s017,248,176,16
2,s017,248,177,4
2,s017,248,178,5
2,s017,248,180,1
2,s017,248,168,17
2,s017,248,169,4
2,s017,248,170,2
2,s017,248,172,1
2,s017,248,160,1
2,s017,248,152,27
2,s017,248,153,6
2,s017,248,154,3
2,s017,248,155,1
2,s017,248,156,2
2,s017,248,146,1
2,s017,248,148,1
2,s017,248,136,1
2,s017,248,137,1
2,s017,248,129,1
2,s017,248,120,107
2,s017,248,121,36
2,s017,248,122,14
2,s017,248,123,7
2,s017,248,124,14
2,s017,248,125,6
2,s017,248,126,2
2,s017,248,112,17
2,s017,248,113,4
2,s017,248,116,4
2,s017,248,117,1
2,s017,248,104,7
2,s017,248,105,3
2,s017,248,106,1
2,s017,248,111,1
2,s017,248,96,1
2,s017,248,101,1
2,s017,248,88,10
2,s017,248,89,12
2,s017,248,90,1
2,s017,248,92,3
2,s017,248,93,2
2,s017,248,94,1
2,s017,248,95,1
2,s017,248,80,3
2,s017,248,81,1
2,s017,248,84,1
2,s017,248,85,1
2,s017,248,56,18
2,s017,248,57,3
2,s017,248,58,4
2,s017,248,59,1
2,s017,248,60,1
2,s017,248,48,1
2,s017,248,49,1
2,s017,248,52,1
2,s017,248,40,1
2,s017,248,41,1
2,s017,248,32,1
2,s017,248,24,1
2,s017,248,17,1
2,s018,83,83,1097
2,s018,83,82,118
2,s018,83,81,132
2,s018,83,80,18
2,s018,83,87,152
2,s018,83,86,11
2,s018,83,85,18
2,s018,83,91,127
2,s018,83,90,10
2,s018,83,89,14
2,s018,83,88,1
2,s018,83,95,13
2,s018,83,94,2
2,s018,83,93,3
2,s018,83,67,87
2,s018,83,66,16
2,s018,83,65,11
2,s018,83,64,2
2,s018,83,71,7
2,s018,83,70,4
2,s018,83,69,3
2,s018,83,75,5
2,s018,83,74,1
2,s018,83,73,1
2,s018,83,79,1
2,s018,83,115,116
2,s018,83,114,11
2,s018,83,113,10
2,s018,83,112,3
2,s018,83,119,18
2,s018,83,118,4
2,s018,83,117,3
2,s018,83,123,8
2,s018,83,122,2
2,s018,83,127,1
2,s018,83,99,13
2,s018,83,98,3
2,s018,83,97,1
2,s018,83,96,1
2,s018,83,103,1
2,s018,83,102,1
2,s018,83,107,3
2,s018,83,106,1
2,s018,83,105,1
2,s018,83,19,153
2,s018,83,18,11
2,s018,83,17,42
2,s018,83,16,5
2,s018,83,23,17
2,s018,83,22,3
2,s018,83,21,4
2,s018,83,27,8
2,s018,83,26,1
2,s018,83,25,8
2,s018,83,24,1
2,s018,83,31,2
2,s018,83,30,1
2,s018,83,29,1
2,s018,83,3,11
2,s018,83,2,1
2,s018,83,1,6
2,s018,83,11,1
2,s018,83,15,1
2,s018,83,51,12
2,s018,83,50,3
2,s018,83,49,7
2,s018,83,48,2
2,s018,83,55,4
2,s018,83,53,1
2,s018,83,59,2
2,s018,83,58,2
2,s018,83,57,1
2,s018,83,33,1
2,s018,83,43,1
2,s018,83,211,120
2,s018,83,210,35
2,s018,83,209,9
2,s018,83,208,7
2,s018,83,215,13
2,s018,83,214,2
2,s018,83,219,11
2,s018,83,218,2
2,s018,83,217,1
2,s018,83,216,1
2,s018,83,195,10
2,s018,83,194,4
2,s018,83,193,2
2,s018,83,243,22
2,s018,83,242,5
2,s018,83,241,4
2,s018,83,247,1
2,s018,83,251,1
2,s018,83,250,3
2,s018,83,249,2
2,s018,83,227,1
2,s018,83,226,1
2,s018,83,147,12
2,s018,83,146,3
2,s018,83,145,2
2,s018,83,144,2
2,s018,83,151,2
2,s018,83,149,1
2,s018,83,131,2
2,s018,83,134,1
2,s018,83,179,3
2,s018,83,183,1
2,s019,63,63,1104
2,s019,63,62,137
2,s019,63,61,131
2,s019,63,60,15
2,s019,63,59,128
2,s019,63,58,14
2,s019,63,57,11
2,s019,63,56,2
2,s019,63,55,97
2,s019,63,54,13
2,s019,63,53,13
2,s019,63,52,2
2,s019,63,51,17
2,s019,63,47,85
2,s019,63,46,6
2,s019,63,45,14
2,s019,63,44,1
2,s019,63,43,10
2,s019,63,42,3
2,s019,63,41,3
2,s019,63,39,10
2,s019,63,38,1
2,s019,63,37,1
2,s019,63,35,1
2,s019,63,31,100
2,s019,63,30,28
2,s019,63,29,17
2,s019,63,28,4
2,s019,63,27,21
2,s019,63,26,7
2,s019,63,25,6
2,s019,63,24,1
2,s019,63,23,12
2,s019,63,22,1
2,s019,63,21,3
2,s019,63,19,4
2,s019,63,18,1
2,s019,63,17,2
2,s019,63,15,10
2,s019,63,14,3
2,s019,63,13,1
2,s019,63,11,2
2,s019,63,10,1
2,s019,63,7,1
2,s019,63,6,2
2,s019,63,127,128
2,s019,63,126,11
2,s019,63,125,31
2,s019,63,124,7
2,s019,63,123,12
2,s019,63,122,2
2,s019,63,121,1
2,s019,63,119,10
2,s019,63,118,3
2,s019,63,117,5
2,s019,63,115,2
2,s019,63,113,1
2,s019,63,111,11
2,s019,63,110,2
2,s019,63,109,3
2,s019,63,108,1
2,s019,63,107,2
2,s019,63,105,1
2,s019,63,98,1
2,s019,63,95,14
2,s019,63,94,1
2,s019,63,93,5
2,s019,63,92,1
2,s019,63,91,1
2,s019,63,87,1
2,s019,63,84,1
2,s019,63,79,1
2,s019,63,77,1
2,s019,63,191,115
2,s019,63,190,31
2,s019,63,189,17
2,s019,63,188,8
2,s019,63,187,14
2,s019,63,186,5
2,s019,63,185,3
2,s019,63,183,16
2,s019,63,182,5
2,s019,63,181,2
2,s019,63,180,2
2,s019,63,179,4
2,s019,63,177,1
2,s019,63,175,8
2,s019,63,174,3
2,s019,63,173,3
2,s019,63,171,3
2,s019,63,168,1
2,s019,63,166,1
2,s019,63,159,13
2,s019,63,158,2
2,s019,63,157,4
2,s019,63,156,1
2,s019,63,155,3
2,s019,63,151,3
2,s019,63,148,1
2,s019,63,143,1
2,s019,63,142,1
2,s019,63,255,14
2,s019,63,254,9
2,s019,63,253,3
2,s019,63,250,1
2,s019,63,244,1
2,s019,63,243,1
2,s019,63,223,1
2,s019,63,222,1
2,s019,63,221,2
2,s019,63,220,1
2,s019,63,213,1
2,s019,63,211,1
2,s020,109,109,1089
2,s020,109,108,155
2,s020,109,111,136
2,s020,109,110,15
2,s020,109,105,127
2,s020,109,104,10
2,s020,109,107,15
2,s020,109,106,1
2,s020,109,101,98
2,s020,109,100,20
2,s020,109,103,9
2,s020,109,102,2
2,s020,109,97,15
2,s020,109,96,2
2,s020,109,99,3
2,s020,109,125,95
2,s020,109,124,10
2,s020,109,127,14
2,s020,109,126,1
2,s020,109,121,7
2,s020,109,117,6
2,s020,109,116,1
2,s020,109,113,2
2,s020,109,77,126
2,s020,109,76,21
2,s020,109,79,16
2,s020,109,78,1
2,s020,109,73,18
2,s020,109,72,3
2,s020,109,75,5
2,s020,109,74,1
2,s020,109,69,11
2,s020,109,68,3
2,s020,109,71,1
2,s020,109,70,2
2,s020,109,65,2
2,s020,109,64,2
2,s020,109,93,10
2,s020,109,92,4
2,s020,109,95,3
2,s020,109,89,1
2,s020,109,91,1
2,s020,109,85,1
2,s020,109,45,134
2,s020,109,44,16
2,s020,109,47,32
2,s020,109,46,6
2,s020,109,41,20
2,s020,109,40,2
2,s020,109,43,3
2,s020,109,37,9
2,s020,109,36,1
2,s020,109,39,6
2,s020,109,32,1
2,s020,109,61,16
2,s020,109,60,2
2,s020,109,63,2
2,s020,109,56,2
2,s020,109,59,1
2,s020,109,13,20
2,s020,109,12,2
2,s020,109,14,1
2,s020,109,9,2
2,s020,109,8,1
2,s020,109,11,1
2,s020,109,1,1
2,s020,109,3,1
2,s020,109,29,3
2,s020,109,28,1
2,s020,109,237,113
2,s020,109,236,34
2,s020,109,239,23
2,s020,109,238,9
2,s020,109,233,13
2,s020,109,232,3
2,s020,109,235,1
2,s020,109,229,10
2,s020,109,228,5
2,s020,109,231,1
2,s020,109,230,1
2,s020,109,225,2
2,s020,109,253,12
2,s020,109,252,2
2,s020,109,255,2
2,s020,109,249,1
2,s020,109,245,1
2,s020,109,247,1
2,s020,109,205,8
2,s020,109,204,9
2,s020,109,207,2
2,s020,109,206,2
2,s020,109,201,1
2,s020,109,200,4
2,s020,109,197,2
2,s020,109,196,1
2,s020,109,193,1
2,s020,109,221,3
2,s020,109,220,2
2,s020,109,173,19
2,s020,109,172,4
2,s020,109,175,4
2,s020,109,174,5
2,s020,109,169,1
2,s020,109,165,5
2,s020,109,167,1
2,s020,109,189,2
2,s020,109,191,1
2,s020,109,141,2
2,s021,146,146,1014
2,s021,146,147,135
2,s021,146,144,133
2,s021,146,145,19
2,s021,146,150,103
2,s021,146,151,3
2,s021,146,148,18
2,s021,146,154,114
2,s021,146,155,13
2,s021,146,152,16
2,s021,146,153,2
2,s021,146,158,11
2,s021,146,159,1
2,s021,146,156,2
2,s021,146,130,78
2,s021,146,131,15
2,s021,146,128,14
2,s021,146,129,2
2,s021,146,134,14
2,s021,146,135,1
2,s021,146,133,2
2,s021,146,138,6
2,s021,146,139,4
2,s021,146,143,1
2,s021,146,178,99
2,s021,146,179,22
2,s021,146,176,10
2,s021,146,177,4
2,s021,146,182,18
2,s021,146,183,3
2,s021,146,181,2
2,s021,146,186,13
2,s021,146,187,2
2,s021,146,184,1
2,s021,146,190,1
2,s021,146,188,1
2,s021,146,162,11
2,s021,146,163,1
2,s021,146,166,4
2,s021,146,170,2
2,s021,146,210,106
2,s021,146,211,7
2,s021,146,208,28
2,s021,146,209,6
2,s021,146,214,17
2,s021,146,215,1
2,s021,146,212,1
2,s021,146,218,11
2,s021,146,219,3
2,s021,146,216,3
2,s021,146,222,3
2,s021,146,194,11
2,s021,146,192,8
2,s021,146,198,1
2,s021,146,199,1
2,s021,146,202,1
2,s021,146,242,12
2,s021,146,243,2
2,s021,146,240,4
2,s021,146,241,2
2,s021,146,246,1
2,s021,146,247,1
2,s021,146,245,1
2,s021,146,250,2
2,s021,146,226,4
2,s021,146,224,1
2,s021,146,225,1
2,s021,146,18,125
2,s021,146,19,29
2,s021,146,16,17
2,s021,146,17,6
2,s021,146,22,10
2,s021,146,23,5
2,s021,146,26,15
2,s021,146,27,3
2,s021,146,24,1
2,s021,146,2,12
2,s021,146,3,8
2,s021,146,0,2
2,s021,146,1,1
2,s021,146,6,2
2,s021,146,50,16
2,s021,146,51,6
2,s021,146,54,2
2,s021,146,55,1
2,s021,146,52,1
2,s021,146,58,2
2,s021,146,62,1
2,s021,146,34,2
2,s021,146,35,1
2,s021,146,82,16
2,s021,146,83,9
2,s021,146,80,1
2,s021,146,81,1
2,s021,146,86,3
2,s021,146,90,1
2,s021,146,91,2
2,s021,146,66,4
2,s021,146,70,1
2,s021,146,72,1
2,s021,146,114,3
2,s021,146,112,1
2,s021,146,122,1
2,s022,99,99,1033
2,s022,99,98,152
2,s022,99,97,138
2,s022,99,96,10
2,s022,99,103,114
2,s022,99,102,16
2,s022,99,101,15
2,s022,99,100,4
2,s022,99,107,117
2,s022,99,106,24
2,s022,99,105,13
2,s022,99,104,1
2,s022,99,111,11
2,s022,99,110,2
2,s022,99,109,2
2,s022,99,115,94
2,s022,99,114,11
2,s022,99,113,13
2,s022,99,112,3
2,s022,99,119,12
2,s022,99,118,2
2,s022,99,117,2
2,s022,99,123,10
2,s022,99,122,3
2,s022,99,121,1
2,s022,99,120,1
2,s022,99,127,1
2,s022,99,67,106
2,s022,99,66,20
2,s022,99,65,15
2,s022,99,64,5
2,s022,99,71,14
2,s022,99,70,9
2,s022,99,69,3
2,s022,99,68,1
2,s022,99,75,14
2,s022,99,74,5
2,s022,99,73,1
2,s022,99,79,1
2,s022,99,83,15
2,s022,99,82,3
2,s022,99,81,2
2,s022,99,87,2
2,s022,99,91,3
2,s022,99,90,1
2,s022,99,35,128
2,s022,99,34,17
2,s022,99,33,35
2,s022,99,32,3
2,s022,99,39,12
2,s022,99,38,3
2,s022,99,37,1
2,s022,99,36,3
2,s022,99,43,19
2,s022,99,42,1
2,s022,99,41,4
2,s022,99,47,2
2,s022,99,51,9
2,s022,99,50,2
2,s022,99,49,3
2,s022,99,48,1
2,s022,99,55,1
2,s022,99,59,2
2,s022,99,57,1
2,s022,99,3,14
2,s022,99,2,3
2,s022,99,1,3
2,s022,99,0,2
2,s022,99,7,1
2,s022,99,5,2
2,s022,99,4,1
2,s022,99,11,2
2,s022,99,19,4
2,s022,99,17,1
2,s022,99,227,118
2,s022,99,226,38
2,s022,99,225,10
2,s022,99,224,7
2,s022,99,231,28
2,s022,99,230,4
2,s022,99,229,2
2,s022,99,235,14
2,s022,99,234,5
2,s022,99,233,1
2,s022,99,239,2
2,s022,99,243,8
2,s022,99,242,3
2,s022,99,247,1
2,s022,99,246,3
2,s022,99,195,12
2,s022,99,194,8
2,s022,99,193,1
2,s022,99,199,4
2,s022,99,198,2
2,s022,99,203,2
2,s022,99,202,1
2,s022,99,200,1
2,s022,99,211,2
2,s022,99,210,1
2,s022,99,209,1
2,s022,99,214,1
2,s022,99,163,15
2,s022,99,162,8
2,s022,99,161,5
2,s022,99,160,3
2,s022,99,165,2
2,s022,99,164,1
2,s022,99,171,1
2,s022,99,175,1
2,s022,99,182,1
2,s022,99,131,3
2,s022,99,135,1
2,s022,99,134,1
2,s022,99,145,2
2,s023,214,214,1135
2,s023,214,215,132
2,s023,214,212,136
2,s023,214,213,16
2,s023,214,210,119
2,s023,214,211,14
2,s023,214,208,11
2,s023,214,209,2
2,s023,214,222,110
2,s023,214,223,17
2,s023,214,220,12
2,s023,214,221,2
2,s023,214,218,18
2,s023,214,219,1
2,s023,214,216,4
2,s023,214,198,104
2,s023,214,199,8
2,s023,214,196,15
2,s023,214,197,3
2,s023,214,194,10
2,s023,214,206,11
2,s023,214,207,2
2,s023,214,203,1
2,s023,214,246,117
2,s023,214,247,28
2,s023,214,244,17
2,s023,214,245,2
2,s023,214,242,15
2,s023,214,243,5
2,s023,214,240,4
2,s023,214,241,2
2,s023,214,254,8
2,s023,214,255,4
2,s023,214,252,3
2,s023,214,250,1
2,s023,214,230,10
2,s023,214,231,1
2,s023,214,229,1
2,s023,214,226,2
2,s023,214,224,1
2,s023,214,238,2
2,s023,214,150,139
2,s023,214,151,16
2,s023,214,148,40
2,s023,214,149,5
2,s023,214,146,18
2,s023,214,147,1
2,s023,214,144,4
2,s023,214,158,18
2,s023,214,159,3
2,s023,214,156,5
2,s023,214,154,3
2,s023,214,155,1
2,s023,214,152,1
2,s023,214,134,10
2,s023,214,135,1
2,s023,214,132,4
2,s023,214,133,1
2,s023,214,130,1
2,s023,214,143,1
2,s023,214,182,9
2,s023,214,183,7
2,s023,214,180,8
2,s023,214,178,2
2,s023,214,176,2
2,s023,214,177,1
2,s023,214,191,2
2,s023,214,186,1
2,s023,214,166,1
2,s023,214,164,1
2,s023,214,162,1
2,s023,214,172,1
2,s023,214,86,122
2,s023,214,87,45
2,s023,214,84,12
2,s023,214,85,6
2,s023,214,82,17
2,s023,214,83,5
2,s023,214,80,3
2,s023,214,94,13
2,s023,214,95,1
2,s023,214,93,1
2,s023,214,70,10
2,s023,214,71,2
2,s023,214,66,1
2,s023,214,64,1
2,s023,214,65,1
2,s023,214,78,1
2,s023,214,118,21
2,s023,214,119,4
2,s023,214,116,3
2,s023,214,114,3
2,s023,214,115,1
2,s023,214,113,1
2,s023,214,126,1
2,s023,214,123,1
2,s023,214,108,1
2,s023,214,22,19
2,s023,214,23,1
2,s023,214,20,1
2,s023,214,21,3
2,s023,214,18,2
2,s023,214,6,1
2,s023,214,3,1
2,s023,214,54,2
2,s023,214,55,1
2,s023,214,52,2
2,s023,214,61,1
2,s023,214,39,1
2,s024,131,131,1066
2,s024,131,130,145
2,s024,131,129,115
2,s024,131,128,23
2,s024,131,135,124
2,s024,131,134,19
2,s024,131,133,19
2,s024,131,132,4
2,s024,131,139,92
2,s024,131,138,14
2,s024,131,137,16
2,s024,131,136,2
2,s024,131,143,10
2,s024,131,142,3
2,s024,131,141,3
2,s024,131,147,89
2,s024,131,146,14
2,s024,131,145,5
2,s024,131,144,1
2,s024,131,151,9
2,s024,131,150,1
2,s024,131,149,1
2,s024,131,155,8
2,s024,131,154,2
2,s024,131,153,2
2,s024,131,159,1
2,s024,131,163,102
2,s024,131,162,16
2,s024,131,161,10
2,s024,131,160,4
2,s024,131,167,30
2,s024,131,166,6
2,s024,131,165,1
2,s024,131,164,1
2,s024,131,171,5
2,s024,131,169,1
2,s024,131,175,1
2,s024,131,174,1
2,s024,131,179,10
2,s024,131,178,2
2,s024,131,177,1
2,s024,131,183,3
2,s024,131,181,2
2,s024,131,187,2
2,s024,131,185,1
2,s024,131,195,140
2,s024,131,194,10
2,s024,131,193,35
2,s024,131,192,8
2,s024,131,199,15
2,s024,131,198,2
2,s024,131,197,3
2,s024,131,203,15
2,s024,131,202,2
2,s024,131,201,1
2,s024,131,200,1
2,s024,131,211,8
2,s024,131,210,2
2,s024,131,209,3
2,s024,131,219,3
2,s024,131,223,1
2,s024,131,227,18
2,s024,131,226,5
2,s024,131,225,6
2,s024,131,231,4
2,s024,131,229,1
2,s024,131,235,2
2,s024,131,243,3
2,s024,131,3,110
2,s024,131,2,46
2,s024,131,1,12
2,s024,131,0,6
2,s024,131,7,12
2,s024,131,6,2
2,s024,131,5,2
2,s024,131,4,2
2,s024,131,11,9
2,s024,131,10,4
2,s024,131,9,2
2,s024,131,8,1
2,s024,131,15,2
2,s024,131,19,5
2,s024,131,18,6
2,s024,131,17,3
2,s024,131,16,1
2,s024,131,27,1
2,s024,131,35,15
2,s024,131,34,10
2,s024,131,33,1
2,s024,131,32,1
2,s024,131,39,2
2,s024,131,43,3
2,s024,131,51,3
2,s024,131,55,1
2,s024,131,67,11
2,s024,131,66,5
2,s024,131,65,6
2,s024,131,64,1
2,s024,131,70,1
2,s024,131,83,2
2,s024,131,82,1
2,s024,131,84,1
2,s024,131,99,3
2,s024,131,98,1
2,s024,131,97,1
2,s024,131,102,1
2,s024,131,114,1
2,s025,52,52,1086
2,s025,52,53,126
2,s025,52,54,123
2,s025,52,55,22
2,s025,52,48,104
2,s025,52,49,13
2,s025,52,50,14
2,s025,52,51,2
2,s025,52,60,106
2,s025,52,61,15
2,s025,52,62,13
2,s025,52,63,2
2,s025,52,56,10
2,s025,52,57,1
2,s025,52,58,3
2,s025,52,36,101
2,s025,52,37,16
2,s025,52,38,20
2,s025,52,39,1
2,s025,52,32,9
2,s025,52,33,1
2,s025,52,34,3
2,s025,52,44,5
2,s025,52,46,2
2,s025,52,47,1
2,s025,52,20,112
2,s025,52,21,12
2,s025,52,22,16
2,s025,52,23,2
2,s025,52,16,19
2,s025,52,17,4
2,s025,52,18,4
2,s025,52,19,1
2,s025,52,28,23
2,s025,52,29,2
2,s025,52,30,2
2,s025,52,24,2
2,s025,52,25,1
2,s025,52,4,13
2,s025,52,5,1
2,s025,52,6,1
2,s025,52,7,1
2,s025,52,0,2
2,s025,52,12,2
2,s025,52,116,142
2,s025,52,117,12
2,s025,52,118,31
2,s025,52,119,4
2,s025,52,112,14
2,s025,52,113,1
2,s025,52,114,3
2,s025,52,124,12
2,s025,52,125,3
2,s025,52,126,5
2,s025,52,127,1
2,s025,52,100,5
2,s025,52,102,5
2,s025,52,103,1
2,s025,52,96,1
2,s025,52,108,1
2,s025,52,110,1
2,s025,52,84,12
2,s025,52,85,2
2,s025,52,86,6
2,s025,52,87,1
2,s025,52,80,2
2,s025,52,82,2
2,s025,52,83,1
2,s025,52,95,1
2,s025,52,88,1
2,s025,52,68,4
2,s025,52,180,129
2,s025,52,181,31
2,s025,52,182,12
2,s025,52,183,4
2,s025,52,176,10
2,s025,52,177,2
2,s025,52,178,1
2,s025,52,179,1
2,s025,52,188,7
2,s025,52,189,8
2,s025,52,190,2
2,s025,52,184,1
2,s025,52,164,6
2,s025,52,165,3
2,s025,52,166,1
2,s025,52,160,2
2,s025,52,161,1
2,s025,52,162,2
2,s025,52,172,2
2,s025,52,148,14
2,s025,52,149,8
2,s025,52,150,2
2,s025,52,144,1
2,s025,52,145,1
2,s025,52,146,2
2,s025,52,157,1
2,s025,52,158,1
2,s025,52,152,1
2,s025,52,132,2
2,s025,52,133,1
2,s025,52,244,16
2,s025,52,245,8
2,s025,52,246,1
2,s025,52,247,2
2,s025,52,240,1
2,s025,52,241,2
2,s025,52,242,1
2,s025,52,243,1
2,s025,52,252,2
2,s025,52,228,2
2,s025,52,212,2
2,s025,52,210,1
2,s025,52,216,1
2,s026,168,168,1056
2,s026,168,169,126
2,s026,168,170,131
2,s026,168,171,17
2,s026,168,172,134
2,s026,168,173,21
2,s026,168,174,12
2,s026,168,175,3
2,s026,168,160,109
2,s026,168,161,18
2,s026,168,162,11
2,s026,168,163,4
2,s026,168,164,13
2,s026,168,165,2
2,s026,168,166,1
2,s026,168,184,80
2,s026,168,185,12
2,s026,168,186,13
2,s026,168,187,3
2,s026,168,188,6
2,s026,168,189,3
2,s026,168,190,3
2,s026,168,176,9
2,s026,168,177,1
2,s026,168,178,1
2,s026,168,136,133
2,s026,168,137,30
2,s026,168,138,19
2,s026,168,139,1
2,s026,168,140,27
2,s026,168,141,6
2,s026,168,142,1
2,s026,168,128,17
2,s026,168,129,5
2,s026,168,130,1
2,s026,168,132,1
2,s026,168,152,12
2,s026,168,153,1
2,s026,168,154,1
2,s026,168,156,3
2,s026,168,144,1
2,s026,168,232,142
2,s026,168,233,21
2,s026,168,234,37
2,s026,168,235,4
2,s026,168,236,14
2,s026,168,237,2
2,s026,168,238,4
2,s026,168,224,14
2,s026,168,225,1
2,s026,168,226,1
2,s026,168,228,2
2,s026,168,248,10
2,s026,168,249,2
2,s026,168,250,2
2,s026,168,252,2
2,s026,168,200,15
2,s026,168,201,3
2,s026,168,202,3
2,s026,168,203,1
2,s026,168,204,3
2,s026,168,205,1
2,s026,168,192,1
2,s026,168,194,1
2,s026,168,216,1
2,s026,168,218,1
2,s026,168,220,1
2,s026,168,213,1
2,s026,168,40,131
2,s026,168,41,34
2,s026,168,42,16
2,s026,168,43,3
2,s026,168,44,13
2,s026,168,45,4
2,s026,168,32,15
2,s026,168,33,4
2,s026,168,34,2
2,s026,168,35,1
2,s026,168,56,6
2,s026,168,61,1
2,s026,168,49,1
2,s026,168,8,18
2,s026,168,9,5
2,s026,168,10,3
2,s026,168,12,6
2,s026,168,0,2
2,s026,168,4,1
2,s026,168,25,2
2,s026,168,104,14
2,s026,168,105,2
2,s026,168,106,2
2,s026,168,107,1
2,s026,168,108,1
2,s026,168,111,1
2,s026,168,96,2
2,s026,168,120,1
2,s026,168,122,1
2,s026,168,72,2
2,s026,168,73,1
2,s026,168,76,1
2,s026,168,77,1
2,s027,191,191,1127
2,s027,191,190,130
2,s027,191,189,149
2,s027,191,188,15
2,s027,191,187,123
2,s027,191,186,18
2,s027,191,185,12
2,s027,191,184,2
2,s027,191,183,125
2,s027,191,182,10
2,s027,191,181,14
2,s027,191,180,2
2,s027,191,179,8
2,s027,191,177,4
2,s027,191,175,104
2,s027,191,174,11
2,s027,191,173,9
2,s027,191,172,2
2,s027,191,171,11
2,s027,191,170,2
2,s027,191,167,5
2,s027,191,165,2
2,s027,191,164,1
2,s027,191,159,97
2,s027,191,158,19
2,s027,191,157,13
2,s027,191,156,5
2,s027,191,155,25
2,s027,191,154,3
2,s027,191,153,2
2,s027,191,151,13
2,s027,191,150,2
2,s027,191,149,1
2,s027,191,147,6
2,s027,191,143,4
2,s027,191,142,1
2,s027,191,141,2
2,s027,191,139,3
2,s027,191,136,1
2,s027,191,135,2
2,s027,191,131,1
2,s027,191,255,147
2,s027,191,254,18
2,s027,191,253,31
2,s027,191,252,2
2,s027,191,251,10
2,s027,191,250,3
2,s027,191,249,9
2,s027,191,248,1
2,s027,191,247,11
2,s027,191,246,1
2,s027,191,245,4
2,s027,191,241,1
2,s027,191,239,9
2,s027,191,238,2
2,s027,191,237,2
2,s027,191,236,1
2,s027,191,235,3
2,s027,191,234,1
2,s027,191,233,1
2,s027,191,231,1
2,s027,191,229,2
2,s027,191,223,15
2,s027,191,222,2
2,s027,191,221,3
2,s027,191,219,4
2,s027,191,215,4
2,s027,191,199,1
2,s027,191,63,124
2,s027,191,62,34
2,s027,191,61,13
2,s027,191,60,11
2,s027,191,59,9
2,s027,191,58,2
2,s027,191,57,3
2,s027,191,55,18
2,s027,191,54,3
2,s027,191,49,1
2,s027,191,47,15
2,s027,191,46,3
2,s027,191,45,3
2,s027,191,43,1
2,s027,191,41,1
2,s027,191,39,2
2,s027,191,31,14
2,s027,191,30,5
2,s027,191,29,1
2,s027,191,28,2
2,s027,191,27,3
2,s027,191,26,3
2,s027,191,25,1
2,s027,191,23,4
2,s027,191,21,1
2,s027,191,19,2
2,s027,191,15,1
2,s027,191,14,1
2,s027,191,13,1
2,s027,191,127,18
2,s027,191,126,4
2,s027,191,125,4
2,s027,191,124,3
2,s027,191,123,1
2,s027,191,119,1
2,s027,191,111,1
2,s027,191,109,1
2,s027,191,95,1
2,s027,191,94,1
2,s027,191,92,2
2,s028,155,155,1109
2,s028,155,154,144
2,s028,155,153,140
2,s028,155,152,18
2,s028,155,159,124
2,s028,155,158,13
2,s028,155,157,18
2,s028,155,156,1
2,s028,155,147,103
2,s028,155,146,14
2,s028,155,145,14
2,s028,155,144,2
2,s028,155,151,9
2,s028,155,150,2
2,s028,155,149,1
2,s028,155,139,124
2,s028,155,138,18
2,s028,155,137,13
2,s028,155,136,1
2,s028,155,143,15
2,s028,155,142,1
2,s028,155,141,4
2,s028,155,131,8
2,s028,155,130,1
2,s028,155,129,1
2,s028,155,135,2
2,s028,155,187,124
2,s028,155,186,15
2,s028,155,185,8
2,s028,155,184,4
2,s028,155,191,16
2,s028,155,190,7
2,s028,155,189,3
2,s028,155,179,12
2,s028,155,178,3
2,s028,155,177,1
2,s028,155,176,1
2,s028,155,183,1
2,s028,155,171,14
2,s028,155,170,2
2,s028,155,169,2
2,s028,155,175,1
2,s028,155,219,135
2,s028,155,218,19
2,s028,155,217,30
2,s028,155,216,7
2,s028,155,223,21
2,s028,155,222,3
2,s028,155,221,5
2,s028,155,211,12
2,s028,155,215,2
2,s028,155,203,18
2,s028,155,202,2
2,s028,155,201,3
2,s028,155,207,1
2,s028,155,195,1
2,s028,155,199,1
2,s028,155,251,16
2,s028,155,250,4
2,s028,155,249,6
2,s028,155,254,1
2,s028,155,253,1
2,s028,155,242,1
2,s028,155,247,1
2,s028,155,235,1
2,s028,155,234,1
2,s028,155,239,1
2,s028,155,27,114
2,s028,155,26,46
2,s028,155,25,11
2,s028,155,24,7
2,s028,155,31,15
2,s028,155,30,7
2,s028,155,29,1
2,s028,155,19,13
2,s028,155,18,4
2,s028,155,23,3
2,s028,155,11,5
2,s028,155,10,2
2,s028,155,9,1
2,s028,155,8,3
2,s028,155,15,1
2,s028,155,3,1
2,s028,155,59,8
2,s028,155,58,9
2,s028,155,57,1
2,s028,155,63,4
2,s028,155,60,1
2,s028,155,51,1
2,s028,155,50,1
2,s028,155,55,1
2,s028,155,41,1
2,s028,155,32,1
2,s028,155,91,19
2,s028,155,90,7
2,s028,155,89,5
2,s028,155,88,2
2,s028,155,95,2
2,s028,155,94,1
2,s028,155,83,4
2,s028,155,74,1
2,s028,155,73,1
2,s028,155,123,3
2,s028,155,122,2
2,s028,155,121,1
2,s028,155,115,4
2,s028,155,105,1
2,s029,39,39,1083
2,s029,39,38,135
2,s029,39,37,129
2,s029,39,36,17
2,s029,39,35,142
2,s029,39,34,17
2,s029,39,33,10
2,s029,39,32,2
2,s029,39,47,114
2,s029,39,46,15
2,s029,39,45,12
2,s029,39,43,8
2,s029,39,42,3
2,s029,39,41,2
2,s029,39,55,86
2,s029,39,54,6
2,s029,39,53,13
2,s029,39,52,4
2,s029,39,51,14
2,s029,39,49,3
2,s029,39,63,10
2,s029,39,62,1
2,s029,39,61,1
2,s029,39,59,1
2,s029,39,7,150
2,s029,39,6,25
2,s029,39,5,10
2,s029,39,4,2
2,s029,39,3,23
2,s029,39,2,4
2,s029,39,1,3
2,s029,39,0,2
2,s029,39,15,10
2,s029,39,14,2
2,s029,39,13,1
2,s029,39,11,1
2,s029,39,9,1
2,s029,39,23,16
2,s029,39,22,3
2,s029,39,21,2
2,s029,39,19,1
2,s029,39,18,1
2,s029,39,17,1
2,s029,39,16,1
2,s029,39,31,1
2,s029,39,27,1
2,s029,39,103,141
2,s029,39,102,20
2,s029,39,101,30
2,s029,39,100,3
2,s029,39,99,19
2,s029,39,98,1
2,s029,39,97,1
2,s029,39,111,12
2,s029,39,110,1
2,s029,39,109,3
2,s029,39,108,1
2,s029,39,107,1
2,s029,39,105,1
2,s029,39,104,1
2,s029,39,119,10
2,s029,39,118,1
2,s029,39,117,1
2,s029,39,115,2
2,s029,39,127,1
2,s029,39,125,1
2,s029,39,71,8
2,s029,39,70,3
2,s029,39,69,5
2,s029,39,67,3
2,s029,39,79,1
2,s029,39,74,1
2,s029,39,87,3
2,s029,39,85,1
2,s029,39,167,115
2,s029,39,166,39
2,s029,39,165,18
2,s029,39,164,7
2,s029,39,163,14
2,s029,39,162,7
2,s029,39,161,1
2,s029,39,160,1
2,s029,39,175,15
2,s029,39,174,3
2,s029,39,173,3
2,s029,39,169,1
2,s029,39,183,6
2,s029,39,182,1
2,s029,39,179,1
2,s029,39,191,1
2,s029,39,187,1
2,s029,39,135,16
2,s029,39,134,3
2,s029,39,133,1
2,s029,39,131,4
2,s029,39,130,6
2,s029,39,142,2
2,s029,39,150,2
2,s029,39,146,1
2,s029,39,231,15
2,s029,39,230,6
2,s029,39,229,8
2,s029,39,227,2
2,s029,39,239,2
2,s029,39,233,1
2,s029,39,246,1
2,s029,39,255,1
2,s029,39,199,2
2,s029,39,196,1
2,s029,39,215,1
2,s030,160,160,1095
2,s030,160,161,156
2,s030,160,162,150
2,s030,160,163,21
2,s030,160,164,120
2,s030,160,165,12
2,s030,160,166,8
2,s030,160,167,4
2,s030,160,168,114
2,s030,160,169,14
2,s030,160,170,12
2,s030,160,171,2
2,s030,160,172,10
2,s030,160,174,3
2,s030,160,176,94
2,s030,160,177,8
2,s030,160,178,14
2,s030,160,180,6
2,s030,160,181,1
2,s030,160,182,2
2,s030,160,184,10
2,s030,160,185,3
2,s030,160,128,133
2,s030,160,129,21
2,s030,160,130,16
2,s030,160,131,1
2,s030,160,132,19
2,s030,160,133,8
2,s030,160,134,2
2,s030,160,135,2
2,s030,160,136,13
2,s030,160,140,2
2,s030,160,141,2
2,s030,160,142,3
2,s030,160,144,17
2,s030,160,145,5
2,s030,160,147,1
2,s030,160,150,1
2,s030,160,224,152
2,s030,160,225,21
2,s030,160,226,30
2,s030,160,227,1
2,s030,160,228,26
2,s030,160,229,1
2,s030,160,230,4
2,s030,160,231,1
2,s030,160,232,16
2,s030,160,233,1
2,s030,160,234,1
2,s030,160,235,1
2,s030,160,240,12
2,s030,160,242,2
2,s030,160,243,1
2,s030,160,248,3
2,s030,160,192,24
2,s030,160,193,2
2,s030,160,194,5
2,s030,160,196,5
2,s030,160,197,2
2,s030,160,198,1
2,s030,160,201,2
2,s030,160,204,1
2,s030,160,208,2
2,s030,160,32,114
2,s030,160,33,42
2,s030,160,34,14
2,s030,160,35,3
2,s030,160,36,16
2,s030,160,37,4
2,s030,160,38,2
2,s030,160,39,2
2,s030,160,40,12
2,s030,160,41,3
2,s030,160,42,1
2,s030,160,44,1
2,s030,160,48,12
2,s030,160,49,2
2,s030,160,50,1
2,s030,160,51,1
2,s030,160,56,1
2,s030,160,0,15
2,s030,160,1,7
2,s030,160,2,3
2,s030,160,3,1
2,s030,160,4,2
2,s030,160,9,1
2,s030,160,10,1
2,s030,160,16,2
2,s030,160,18,1
2,s030,160,96,16
2,s030,160,97,8
2,s030,160,98,3
2,s030,160,99,3
2,s030,160,100,1
2,s030,160,101,1
2,s030,160,104,3
2,s030,160,105,1
2,s030,160,106,1
2,s030,160,112,1
2,s030,160,113,3
2,s030,160,116,1
2,s030,160,66,2
2,s030,160,78,1
2,s030,160,90,1
2,s031,21,21,1101
2,s031,21,20,139
2,s031,21,23,139
2,s031,21,22,15
2,s031,21,17,124
2,s031,21,16,12
2,s031,21,19,18
2,s031,21,29,138
2,s031,21,28,18
2,s031,21,31,20
2,s031,21,30,2
2,s031,21,25,9
2,s031,21,24,1
2,s031,21,27,4
2,s031,21,5,95
2,s031,21,4,12
2,s031,21,7,11
2,s031,21,6,3
2,s031,21,1,9
2,s031,21,0,3
2,s031,21,3,3
2,s031,21,13,7
2,s031,21,12,1
2,s031,21,15,3
2,s031,21,53,103
2,s031,21,52,20
2,s031,21,55,14
2,s031,21,54,4
2,s031,21,49,23
2,s031,21,48,1
2,s031,21,51,2
2,s031,21,61,16
2,s031,21,60,3
2,s031,21,63,4
2,s031,21,62,1
2,s031,21,37,18
2,s031,21,36,3
2,s031,21,39,2
2,s031,21,33,1
2,s031,21,35,2
2,s031,21,45,2
2,s031,21,85,131
2,s031,21,84,23
2,s031,21,87,39
2,s031,21,86,5
2,s031,21,81,11
2,s031,21,83,2
2,s031,21,93,12
2,s031,21,92,1
2,s031,21,95,4
2,s031,21,69,14
2,s031,21,71,2
2,s031,21,70,1
2,s031,21,67,1
2,s031,21,77,3
2,s031,21,117,12
2,s031,21,116,4
2,s031,21,119,3
2,s031,21,113,2
2,s031,21,115,2
2,s031,21,125,1
2,s031,21,121,1
2,s031,21,101,4
2,s031,21,103,1
2,s031,21,99,1
2,s031,21,149,131
2,s031,21,148,31
2,s031,21,151,21
2,s031,21,150,12
2,s031,21,145,11
2,s031,21,144,5
2,s031,21,157,10
2,s031,21,156,4
2,s031,21,159,2
2,s031,21,153,3
2,s031,21,133,5
2,s031,21,132,3
2,s031,21,129,3
2,s031,21,128,2
2,s031,21,131,1
2,s031,21,181,8
2,s031,21,180,5
2,s031,21,183,4
2,s031,21,177,2
2,s031,21,176,1
2,s031,21,188,2
2,s031,21,165,1
2,s031,21,213,14
2,s031,21,212,1
2,s031,21,215,3
2,s031,21,214,2
2,s031,21,209,1
2,s031,21,211,1
2,s031,21,221,1
2,s031,21,245,2
2,s031,21,241,1
2,s031,21,240,1
2,s032,106,106,1036
2,s032,106,107,138
2,s032,106,104,126
2,s032,106,105,18
2,s032,106,110,131
2,s032,106,111,18
2,s032,106,108,12
2,s032,106,109,3
2,s032,106,98,128
2,s032,106,99,19
2,s032,106,96,14
2,s032,106,97,3
2,s032,106,102,11
2,s032,106,103,1
2,s032,106,122,74
2,s032,106,123,17
2,s032,106,120,12
2,s032,106,126,9
2,s032,106,127,3
2,s032,106,124,2
2,s032,106,114,8
2,s032,106,115,1
2,s032,106,118,2
2,s032,106,119,1
2,s032,106,74,133
2,s032,106,75,18
2,s032,106,72,10
2,s032,106,73,3
2,s032,106,78,20
2,s032,106,79,1
2,s032,106,76,1
2,s032,106,66,15
2,s032,106,67,4
2,s032,106,64,1
2,s032,106,70,3
2,s032,106,71,1
2,s032,106,90,10
2,s032,106,91,3
2,s032,106,89,1
2,s032,106,94,3
2,s032,106,83,1
2,s032,106,42,148
2,s032,106,43,15
2,s032,106,40,33
2,s032,106,41,6
2,s032,106,46,21
2,s032,106,47,1
2,s032,106,44,3
2,s032,106,45,1
2,s032,106,34,16
2,s032,106,35,1
2,s032,106,32,3
2,s032,106,33,1
2,s032,106,38,5
2,s032,106,58,10
2,s032,106,59,1
2,s032,106,56,3
2,s032,106,63,1
2,s032,106,61,1
2,s032,106,50,1
2,s032,106,51,1
2,s032,106,10,15
2,s032,106,11,5
2,s032,106,8,6
2,s032,106,9,1
2,s032,106,14,3
2,s032,106,15,1
2,s032,106,2,1
2,s032,106,26,3
2,s032,106,30,1
2,s032,106,234,117
2,s032,106,235,36
2,s032,106,232,14
2,s032,106,233,6
2,s032,106,238,17
2,s032,106,239,3
2,s032,106,237,1
2,s032,106,226,6
2,s032,106,227,4
2,s032,106,224,1
2,s032,106,230,3
2,s032,106,250,8
2,s032,106,251,3
2,s032,106,248,4
2,s032,106,254,2
2,s032,106,202,17
2,s032,106,203,11
2,s032,106,200,1
2,s032,106,206,1
2,s032,106,207,1
2,s032,106,195,1
2,s032,106,192,1
2,s032,106,199,1
2,s032,106,219,1
2,s032,106,170,13
2,s032,106,171,8
2,s032,106,168,4
2,s032,106,169,1
2,s032,106,174,1
2,s032,106,186,1
2,s032,106,190,1
2,s032,106,176,1
2,s032,106,136,1
2,s032,106,130,1
2,s033,45,45,1113
2,s033,45,44,138
2,s033,45,47,127
2,s033,45,46,24
2,s033,45,41,113
2,s033,45,40,19
2,s033,45,43,14
2,s033,45,42,7
2,s033,45,37,119
2,s033,45,36,14
2,s033,45,39,14
2,s033,45,38,2
2,s033,45,33,10
2,s033,45,35,1
2,s033,45,34,1
2,s033,45,61,92
2,s033,45,60,18
2,s033,45,63,7
2,s033,45,57,13
2,s033,45,56,3
2,s033,45,53,10
2,s033,45,55,2
2,s033,45,49,3
2,s033,45,13,128
2,s033,45,12,23
2,s033,45,15,10
2,s033,45,14,2
2,s033,45,9,25
2,s033,45,8,5
2,s033,45,11,2
2,s033,45,5,16
2,s033,45,4,3
2,s033,45,6,1
2,s033,45,1,1
2,s033,45,29,9
2,s033,45,28,1
2,s033,45,31,1
2,s033,45,25,1
2,s033,45,21,2
2,s033,45,20,1
2,s033,45,109,136
2,s033,45,108,14
2,s033,45,111,40
2,s033,45,110,4
2,s033,45,105,22
2,s033,45,104,1
2,s033,45,107,3
2,s033,45,106,1
2,s033,45,101,23
2,s033,45,100,1
2,s033,45,103,7
2,s033,45,102,1
2,s033,45,97,2
2,s033,45,99,3
2,s033,45,125,13
2,s033,45,124,1
2,s033,45,127,4
2,s033,45,77,18
2,s033,45,76,2
2,s033,45,79,3
2,s033,45,73,6
2,s033,45,72,1
2,s033,45,74,1
2,s033,45,93,1
2,s033,45,92,1
2,s033,45,95,1
2,s033,45,89,1
2,s033,45,173,141
2,s033,45,172,30
2,s033,45,175,14
2,s033,45,174,3
2,s033,45,169,7
2,s033,45,168,6
2,s033,45,171,4
2,s033,45,170,1
2,s033,45,165,8
2,s033,45,164,1
2,s033,45,167,4
2,s033,45,161,1
2,s033,45,162,1
2,s033,45,189,8
2,s033,45,188,3
2,s033,45,191,2
2,s033,45,190,1
2,s033,45,185,3
2,s033,45,180,2
2,s033,45,177,1
2,s033,45,141,16
2,s033,45,140,5
2,s033,45,142,1
2,s033,45,137,3
2,s033,45,136,1
2,s033,45,133,2
2,s033,45,132,1
2,s033,45,135,1
2,s033,45,157,3
2,s033,45,159,1
2,s033,45,158,1
2,s033,45,153,1
2,s033,45,237,12
2,s033,45,236,5
2,s033,45,239,2
2,s033,45,238,1
2,s033,45,232,1
2,s033,45,235,2
2,s033,45,228,1
2,s033,45,253,1
2,s033,45,252,1
2,s033,45,205,3
2,s033,45,204,1
2,s033,45,201,1
2,s033,45,200,1
2,s034,150,150,1061
2,s034,150,151,147
2,s034,150,148,149
2,s034,150,149,14
2,s034,150,146,119
2,s034,150,147,10
2,s034,150,144,13
2,s034,150,145,4
2,s034,150,158,118
2,s034,150,159,8
2,s034,150,156,13
2,s034,150,154,14
2,s034,150,155,2
2,s034,150,152,3
2,s034,150,134,90
2,s034,150,135,16
2,s034,150,132,5
2,s034,150,133,3
2,s034,150,130,11
2,s034,150,128,2
2,s034,150,142,7
2,s034,150,140,2
2,s034,150,136,1
2,s034,150,182,84
2,s034,150,183,20
2,s034,150,180,15
2,s034,150,181,3
2,s034,150,178,24
2,s034,150,179,2
2,s034,150,176,1
2,s034,150,190,9
2,s034,150,191,1
2,s034,150,188,1
2,s034,150,186,4
2,s034,150,184,1
2,s034,150,166,13
2,s034,150,164,3
2,s034,150,165,3
2,s034,150,162,2
2,s034,150,174,2
2,s034,150,175,1
2,s034,150,170,1
2,s034,150,214,144
2,s034,150,215,26
2,s034,150,212,37
2,s034,150,213,4
2,s034,150,210,14
2,s034,150,211,1
2,s034,150,208,4
2,s034,150,222,14
2,s034,150,220,11
2,s034,150,217,1
2,s034,150,198,10
2,s034,150,199,5
2,s034,150,196,3
2,s034,150,194,4
2,s034,150,195,1
2,s034,150,206,1
2,s034,150,204,1
2,s034,150,246,16
2,s034,150,247,4
2,s034,150,244,3
2,s034,150,245,1
2,s034,150,242,3
2,s034,150,250,2
2,s034,150,230,1
2,s034,150,228,1
2,s034,150,22,122
2,s034,150,23,39
2,s034,150,20,23
2,s034,150,21,5
2,s034,150,18,16
2,s034,150,19,7
2,s034,150,16,2
2,s034,150,30,13
2,s034,150,31,1
2,s034,150,28,3
2,s034,150,26,1
2,s034,150,27,2
2,s034,150,6,11
2,s034,150,7,2
2,s034,150,4,2
2,s034,150,5,1
2,s034,150,2,1
2,s034,150,3,1
2,s034,150,54,10
2,s034,150,55,6
2,s034,150,52,2
2,s034,150,50,2
2,s034,150,51,2
2,s034,150,62,1
2,s034,150,63,1
2,s034,150,38,3
2,s034,150,39,1
2,s034,150,46,1
2,s034,150,86,11
2,s034,150,87,4
2,s034,150,82,2
2,s034,150,83,1
2,s034,150,94,1
2,s034,150,90,1
2,s034,150,68,1
2,s034,150,118,2
2,s034,150,115,1
2,s034,150,103,2
2,s035,16,16,996
2,s035,16,17,103
2,s035,16,18,125
2,s035,16,19,12
2,s035,16,20,132
2,s035,16,21,13
2,s035,16,22,20
2,s035,16,24,83
2,s035,16,25,13
2,s035,16,26,12
2,s035,16,27,1
2,s035,16,28,12
2,s035,16,29,2
2,s035,16,0,89
2,s035,16,1,13
2,s035,16,2,8
2,s035,16,3,1
2,s035,16,4,11
2,s035,16,5,1
2,s035,16,6,1
2,s035,16,8,9
2,s035,16,9,1
2,s035,16,12,1
2,s035,16,48,129
2,s035,16,49,31
2,s035,16,50,11
2,s035,16,52,15
2,s035,16,53,7
2,s035,16,54,4
2,s035,16,56,10
2,s035,16,57,2
2,s035,16,59,1
2,s035,16,60,3
2,s035,16,32,11
2,s035,16,33,3
2,s035,16,34,2
2,s035,16,36,4
2,s035,16,37,2
2,s035,16,38,2
2,s035,16,80,152
2,s035,16,81,14
2,s035,16,82,33
2,s035,16,83,4
2,s035,16,84,15
2,s035,16,85,2
2,s035,16,86,1
2,s035,16,87,1
2,s035,16,88,18
2,s035,16,89,2
2,s035,16,90,6
2,s035,16,92,3
2,s035,16,94,1
2,s035,16,64,8
2,s035,16,65,1
2,s035,16,72,1
2,s035,16,74,1
2,s035,16,75,1
2,s035,16,112,16
2,s035,16,113,3
2,s035,16,114,6
2,s035,16,116,2
2,s035,16,119,1
2,s035,16,120,1
2,s035,16,121,1
2,s035,16,124,1
2,s035,16,96,1
2,s035,16,100,1
2,s035,16,104,1
2,s035,16,144,113
2,s035,16,145,42
2,s035,16,146,12
2,s035,16,147,6
2,s035,16,148,9
2,s035,16,149,3
2,s035,16,150,1
2,s035,16,152,12
2,s035,16,153,4
2,s035,16,154,2
2,s035,16,156,2
2,s035,16,157,1
2,s035,16,158,1
2,s035,16,128,6
2,s035,16,129,4
2,s035,16,130,1
2,s035,16,136,1
2,s035,16,176,11
2,s035,16,177,8
2,s035,16,178,1
2,s035,16,180,5
2,s035,16,183,1
2,s035,16,184,1
2,s035,16,185,1
2,s035,16,160,1
2,s035,16,161,1
2,s035,16,164,1
2,s035,16,208,15
2,s035,16,209,1
2,s035,16,210,4
2,s035,16,211,3
2,s035,16,212,3
2,s035,16,215,1
2,s035,16,216,3
2,s035,16,220,1
2,s035,16,192,1
2,s035,16,195,1
2,s035,16,196,1
2,s035,16,240,4
2,s035,16,241,1
2,s036,64,64,1107
2,s036,64,65,155
2,s036,64,66,153
2,s036,64,67,13
2,s036,64,68,125
2,s036,64,69,13
2,s036,64,70,11
2,s036,64,71,3
2,s036,64,72,112
2,s036,64,73,7
2,s036,64,74,16
2,s036,64,75,2
2,s036,64,76,16
2,s036,64,77,3
2,s036,64,78,2
2,s036,64,80,96
2,s036,64,81,12
2,s036,64,82,11
2,s036,64,83,2
2,s036,64,84,9
2,s036,64,85,1
2,s036,64,86,1
2,s036,64,88,5
2,s036,64,89,2
2,s036,64,90,1
2,s036,64,91,1
2,s036,64,96,94
2,s036,64,97,22
2,s036,64,98,13
2,s036,64,99,3
2,s036,64,100,29
2,s036,64,101,5
2,s036,64,102,1
2,s036,64,103,2
2,s036,64,104,10
2,s036,64,105,4
2,s036,64,106,1
2,s036,64,108,1
2,s036,64,109,2
2,s036,64,110,1
2,s036,64,112,9
2,s036,64,113,4
2,s036,64,114,2
2,s036,64,115,1
2,s036,64,116,1
2,s036,64,120,2
2,s036,64,121,2
2,s036,64,124,1
2,s036,64,0,146
2,s036,64,1,11
2,s036,64,2,27
2,s036,64,3,4
2,s036,64,4,14
2,s036,64,5,2
2,s036,64,6,4
2,s036,64,7,2
2,s036,64,8,13
2,s036,64,10,3
2,s036,64,14,1
2,s036,64,15,1
2,s036,64,16,13
2,s036,64,17,1
2,s036,64,18,5
2,s036,64,20,2
2,s036,64,22,1
2,s036,64,24,1
2,s036,64,25,1
2,s036,64,32,16
2,s036,64,33,3
2,s036,64,34,3
2,s036,64,36,6
2,s036,64,37,1
2,s036,64,40,3
2,s036,64,42,1
2,s036,64,43,1
2,s036,64,45,1
2,s036,64,48,1
2,s036,64,50,1
2,s036,64,192,102
2,s036,64,193,39
2,s036,64,194,14
2,s036,64,195,4
2,s036,64,196,13
2,s036,64,197,5
2,s036,64,198,2
2,s036,64,200,8
2,s036,64,201,6
2,s036,64,205,1
2,s036,64,206,2
2,s036,64,208,12
2,s036,64,209,2
2,s036,64,210,3
2,s036,64,213,1
2,s036,64,216,3
2,s036,64,220,1
2,s036,64,224,20
2,s036,64,225,3
2,s036,64,226,4
2,s036,64,227,2
2,s036,64,228,2
2,s036,64,229,2
2,s036,64,230,1
2,s036,64,235,1
2,s036,64,240,1
2,s036,64,241,1
2,s036,64,128,10
2,s036,64,129,6
2,s036,64,130,7
2,s036,64,131,1
2,s036,64,133,1
2,s036,64,136,2
2,s036,64,138,1
2,s036,64,139,1
2,s036,64,144,2
2,s036,64,145,2
2,s036,64,160,1
2,s036,64,163,1
2,s036,64,168,1
2,s037,110,110,1025
2,s037,110,111,127
2,s037,110,108,129
2,s037,110,109,15
2,s037,110,106,124
2,s037,110,107,18
2,s037,110,104,19
2,s037,110,105,1
2,s037,110,102,106
2,s037,110,103,11
2,s037,110,100,17
2,s037,110,101,2
2,s037,110,98,13
2,s037,110,99,1
2,s037,110,96,2
2,s037,110,126,81
2,s037,110,127,11
2,s037,110,124,11
2,s037,110,125,3
2,s037,110,122,8
2,s037,110,123,2
2,s037,110,120,1
2,s037,110,118,9
2,s037,110,119,1
2,s037,110,116,4
2,s037,110,114,4
2,s037,110,78,119
2,s037,110,79,25
2,s037,110,76,4
2,s037,110,77,1
2,s037,110,74,19
2,s037,110,75,3
2,s037,110,72,2
2,s037,110,73,1
2,s037,110,70,10
2,s037,110,71,2
2,s037,110,68,2
2,s037,110,66,2
2,s037,110,94,10
2,s037,110,95,1
2,s037,110,92,1
2,s037,110,90,1
2,s037,110,87,1
2,s037,110,82,1
2,s037,110,46,156
2,s037,110,47,15
2,s037,110,44,31
2,s037,110,45,5
2,s037,110,42,12
2,s037,110,43,4
2,s037,110,40,3
2,s037,110,41,2
2,s037,110,38,12
2,s037,110,39,1
2,s037,110,36,6
2,s037,110,34,3
2,s037,110,62,15
2,s037,110,63,2
2,s037,110,60,1
2,s037,110,58,1
2,s037,110,59,1
2,s037,110,56,1
2,s037,110,51,1
2,s037,110,14,9
2,s037,110,13,2
2,s037,110,10,5
2,s037,110,8,1
2,s037,110,2,2
2,s037,110,28,1
2,s037,110,29,2
2,s037,110,26,1
2,s037,110,238,114
2,s037,110,239,38
2,s037,110,236,15
2,s037,110,237,9
2,s037,110,234,16
2,s037,110,235,4
2,s037,110,232,1
2,s037,110,230,9
2,s037,110,231,3
2,s037,110,228,2
2,s037,110,229,1
2,s037,110,226,1
2,s037,110,227,1
2,s037,110,254,14
2,s037,110,255,3
2,s037,110,252,2
2,s037,110,246,1
2,s037,110,206,22
2,s037,110,207,7
2,s037,110,204,1
2,s037,110,205,1
2,s037,110,202,2
2,s037,110,203,2
2,s037,110,201,2
2,s037,110,198,3
2,s037,110,199,1
2,s037,110,218,1
2,s037,110,174,26
2,s037,110,175,3
2,s037,110,172,5
2,s037,110,173,1
2,s037,110,170,1
2,s037,110,171,1
2,s037,110,168,1
2,s037,110,166,3
2,s037,110,161,1
2,s037,110,190,3
2,s037,110,184,1
2,s037,110,142,2
2,s037,110,140,1
2,s037,110,136,1
2,s037,110,134,1
2,s038,108,108,1097
2,s038,108,109,151
2,s038,108,110,126
2,s038,108,111,13
2,s038,108,104,107
2,s038,108,105,14
2,s038,108,106,16
2,s038,108,107,1
2,s038,108,100,99
2,s038,108,101,16
2,s038,108,102,11
2,s038,108,103,2
2,s038,108,96,16
2,s038,108,97,1
2,s038,108,98,1
2,s038,108,124,94
2,s038,108,125,10
2,s038,108,126,17
2,s038,108,127,1
2,s038,108,120,6
2,s038,108,121,2
2,s038,108,116,10
2,s038,108,117,1
2,s038,108,118,2
2,s038,108,112,1
2,s038,108,76,126
2,s038,108,77,24
2,s038,108,78,14
2,s038,108,79,2
2,s038,108,72,23
2,s038,108,73,1
2,s038,108,74,2
2,s038,108,75,1
2,s038,108,68,9
2,s038,108,69,4
2,s038,108,70,4
2,s038,108,64,4
2,s038,108,66,1
2,s038,108,92,16
2,s038,108,93,1
2,s038,108,94,3
2,s038,108,88,2
2,s038,108,84,2
2,s038,108,44,132
2,s038,108,45,26
2,s038,108,46,33
2,s038,108,47,7
2,s038,108,40,15
2,s038,108,41,3
2,s038,108,42,4
2,s038,108,43,1
2,s038,108,36,21
2,s038,108,37,1
2,s038,108,38,4
2,s038,108,32,1
2,s038,108,60,16
2,s038,108,61,3
2,s038,108,62,2
2,s038,108,63,1
2,s038,108,52,1
2,s038,108,12,14
2,s038,108,13,1
2,s038,108,14,5
2,s038,108,4,3
2,s038,108,6,2
2,s038,108,0,1
2,s038,108,2,1
2,s038,108,28,4
2,s038,108,21,1
2,s038,108,236,117
2,s038,108,237,37
2,s038,108,238,15
2,s038,108,239,3
2,s038,108,232,12
2,s038,108,233,1
2,s038,108,234,1
2,s038,108,228,8
2,s038,108,229,2
2,s038,108,230,2
2,s038,108,224,1
2,s038,108,226,1
2,s038,108,252,15
2,s038,108,253,1
2,s038,108,249,2
2,s038,108,244,2
2,s038,108,245,1
2,s038,108,241,1
2,s038,108,204,16
2,s038,108,205,7
2,s038,108,206,3
2,s038,108,200,2
2,s038,108,201,1
2,s038,108,202,1
2,s038,108,196,1
2,s038,108,197,1
2,s038,108,192,1
2,s038,108,220,2
2,s038,108,221,3
2,s038,108,216,1
2,s038,108,172,14
2,s038,108,173,4
2,s038,108,174,2
2,s038,108,168,1
2,s038,108,169,1
2,s038,108,164,1
2,s038,108,166,1
2,s038,108,188,1
2,s038,108,190,1
2,s038,108,142,1
2,s038,108,143,1
2,s038,108,137,1
2,s038,108,132,1
2,s039,121,121,1165
2,s039,121,120,147
2,s039,121,123,142
2,s039,121,122,20
2,s039,121,125,120
2,s039,121,124,14
2,s039,121,127,21
2,s039,121,126,4
2,s039,121,113,122
2,s039,121,112,12
2,s039,121,115,12
2,s039,121,114,2
2,s039,121,117,15
2,s039,121,119,3
2,s039,121,105,100
2,s039,121,104,9
2,s039,121,107,10
2,s039,121,109,12
2,s039,121,110,1
2,s039,121,97,16
2,s039,121,96,1
2,s039,121,99,1
2,s039,121,101,1
2,s039,121,103,1
2,s039,121,102,1
2,s039,121,89,117
2,s039,121,88,21
2,s039,121,91,15
2,s039,121,90,1
2,s039,121,93,20
2,s039,121,92,4
2,s039,121,95,4
2,s039,121,94,2
2,s039,121,81,13
2,s039,121,80,3
2,s039,121,83,1
2,s039,121,85,2
2,s039,121,87,1
2,s039,121,73,13
2,s039,121,72,2
2,s039,121,75,1
2,s039,121,74,1
2,s039,121,77,5
2,s039,121,76,1
2,s039,121,79,1
2,s039,121,65,3
2,s039,121,67,1
2,s039,121,69,1
2,s039,121,57,143
2,s039,121,56,19
2,s039,121,59,27
2,s039,121,58,5
2,s039,121,61,14
2,s039,121,63,3
2,s039,121,49,12
2,s039,121,48,1
2,s039,121,50,2
2,s039,121,53,1
2,s039,121,41,12
2,s039,121,40,2
2,s039,121,43,4
2,s039,121,42,1
2,s039,121,33,2
2,s039,121,37,2
2,s039,121,25,20
2,s039,121,24,5
2,s039,121,27,5
2,s039,121,26,2
2,s039,121,29,1
2,s039,121,28,1
2,s039,121,9,1
2,s039,121,13,1
2,s039,121,1,1
2,s039,121,249,113
2,s039,121,248,31
2,s039,121,251,14
2,s039,121,250,6
2,s039,121,253,16
2,s039,121,252,3
2,s039,121,255,1
2,s039,121,254,1
2,s039,121,241,13
2,s039,121,240,3
2,s039,121,243,2
2,s039,121,242,2
2,s039,121,245,1
2,s039,121,244,1
2,s039,121,233,9
2,s039,121,232,5
2,s039,121,237,2
2,s039,121,236,1
2,s039,121,225,2
2,s039,121,217,8
2,s039,121,216,3
2,s039,121,218,2
2,s039,121,221,3
2,s039,121,209,2
2,s039,121,212,1
2,s039,121,201,1
2,s039,121,203,1
2,s039,121,204,1
2,s039,121,185,11
2,s039,121,184,2
2,s039,121,187,4
2,s039,121,186,2
2,s039,121,189,1
2,s039,121,177,1
2,s039,121,179,1
2,s039,121,181,1
2,s039,121,169,1
2,s039,121,174,1
2,s039,121,153,3
2,s039,121,155,1
2,s039,121,149,1
5,s000,201,201,410
5,s000,201,200,118
5,s000,201,203,133
5,s000,201,202,31
5,s000,201,205,83
5,s000,201,204,36
5,s000,201,207,18
5,s000,201,206,8
5,s000,201,193,92
5,s000,201,192,28
5,s000,201,195,36
5,s000,201,194,5
5,s000,201,197,23
5,s000,201,196,9
5,s000,201,199,6
5,s000,201,198,3
5,s000,201,217,75
5,s000,201,216,22
5,s000,201,219,18
5,s000,201,218,7
5,s000,201,221,15
5,s000,201,220,5
5,s000,201,223,5
5,s000,201,209,21
5,s000,201,208,9
5,s000,201,211,4
5,s000,201,210,1
5,s000,201,213,7
5,s000,201,215,2
5,s000,201,233,86
5,s000,201,232,44
5,s000,201,235,28
5,s000,201,234,15
5,s000,201,237,29
5,s000,201,236,10
5,s000,201,239,6
5,s000,201,238,3
5,s000,201,225,21
5,s000,201,224,4
5,s000,201,227,8
5,s000,201,226,1
5,s000,201,229,7
5,s000,201,249,16
5,s000,201,248,4
5,s000,201,251,5
5,s000,201,250,3
5,s000,201,253,8
5,s000,201,252,1
5,s000,201,255,3
5,s000,201,241,1
5,s000,201,240,1
5,s000,201,243,3
5,s000,201,247,1
5,s000,201,137,105
5,s000,201,136,42
5,s000,201,139,48
5,s000,201,138,13
5,s000,201,141,30
5,s000,201,140,3
5,s000,201,143,13
5,s000,201,142,4
5,s000,201,129,22
5,s000,201,128,5
5,s000,201,131,20
5,s000,201,130,4
5,s000,201,133,4
5,s000,201,132,2
5,s000,201,135,1
5,s000,201,134,1
5,s000,201,153,17
5,s000,201,152,7
5,s000,201,155,8
5,s000,201,154,5
5,s000,201,157,3
5,s000,201,156,3
5,s000,201,159,1
5,s000,201,158,2
5,s000,201,145,2
5,s000,201,147,4
5,s000,201,146,2
5,s000,201,149,1
5,s000,201,151,1
5,s000,201,169,35
5,s000,201,168,9
5,s000,201,171,12
5,s000,201,170,2
5,s000,201,173,6
5,s000,201,172,6
5,s000,201,175,3
5,s000,201,174,1
5,s000,201,161,6
5,s000,201,160,2
5,s000,201,163,2
5,s000,201,162,1
5,s000,201,165,1
5,s000,201,164,1
5,s000,201,167,1
5,s000,201,185,2
5,s000,201,187,5
5,s000,201,189,2
5,s000,201,177,2
5,s000,201,179,2
5,s000,201,73,95
5,s000,201,72,39
5,s000,201,75,31
5,s000,201,74,12
5,s000,201,77,25
5,s000,201,76,19
5,s000,201,79,6
5,s000,201,78,1
5,s000,201,65,19
5,s000,201,64,13
5,s000,201,67,6
5,s000,201,66,5
5,s000,201,69,4
5,s000,201,68,3
5,s000,201,71,2
5,s000,201,70,1
5,s000,201,89,15
5,s000,201,88,3
5,s000,201,91,2
5,s000,201,90,4
5,s000,201,93,2
5,s000,201,92,5
5,s000,201,81,2
5,s000,201,83,3
5,s000,201,84,2
5,s000,201,87,1
5,s000,201,105,22
5,s000,201,104,11
5,s000,201,107,6
5,s000,201,106,1
5,s000,201,109,5
5,s000,201,108,6
5,s000,201,110,1
5,s000,201,97,9
5,s000,201,96,2
5,s000,201,98,1
5,s000,201,101,3
5,s000,201,100,2
5,s000,201,102,2
5,s000,201,121,5
5,s000,201,120,4
5,s000,201,123,1
5,s000,201,127,1
5,s000,201,112,1
5,s000,201,117,1
5,s000,201,9,30
5,s000,201,8,15
5,s000,201,11,15
5,s000,201,10,3
5,s000,201,13,4
5,s000,201,12,4
5,s000,201,14,1
5,s000,201,1,8
5,s000,201,0,3
5,s000,201,3,3
5,s000,201,5,3
5,s000,201,4,2
5,s000,201,7,1
5,s000,201,25,3
5,s000,201,24,1
5,s000,201,27,2
5,s000,201,26,1
5,s000,201,29,2
5,s000,201,28,1
5,s000,201,31,1
5,s000,201,16,1
5,s000,201,19,1
5,s000,201,18,1
5,s000,201,41,5
5,s000,201,40,5
5,s000,201,43,5
5,s000,201,44,2
5,s000,201,47,1
5,s000,201,33,2
5,s000,201,32,1
5,s000,201,34,2
5,s000,201,48,2
5,s001,145,145,393
5,s001,145,144,109
5,s001,145,147,115
5,s001,145,146,22
5,s001,145,149,88
5,s001,145,148,33
5,s001,145,151,31
5,s001,145,150,9
5,s001,145,153,113
5,s001,145,152,27
5,s001,145,155,32
5,s001,145,154,7
5,s001,145,157,25
5,s001,145,156,11
5,s001,145,159,12
5,s001,145,158,3
5,s001,145,129,65
5,s001,145,128,23
5,s001,145,131,19
5,s001,145,130,6
5,s001,145,133,17
5,s001,145,132,2
5,s001,145,135,6
5,s001,145,137,26
5,s001,145,136,5
5,s001,145,139,4
5,s001,145,138,1
5,s001,145,141,5
5,s001,145,143,2
5,s001,145,142,1
5,s001,145,177,95
5,s001,145,176,35
5,s001,145,179,25
5,s001,145,178,6
5,s001,145,181,26
5,s001,145,180,7
5,s001,145,183,5
5,s001,145,182,6
5,s001,145,185,10
5,s001,145,184,7
5,s001,145,187,3
5,s001,145,186,1
5,s001,145,189,9
5,s001,145,188,2
5,s001,145,161,15
5,s001,145,160,9
5,s001,145,163,7
5,s001,145,162,1
5,s001,145,165,3
5,s001,145,164,1
5,s001,145,169,5
5,s001,145,168,2
5,s001,145,173,2
5,s001,145,175,1
5,s001,145,209,110
5,s001,145,208,44
5,s001,145,211,51
5,s001,145,210,9
5,s001,145,213,25
5,s001,145,212,10
5,s001,145,215,14
5,s001,145,214,6
5,s001,145,217,23
5,s001,145,216,7
5,s001,145,219,8
5,s001,145,218,2
5,s001,145,221,4
5,s001,145,220,1
5,s001,145,223,4
5,s001,145,222,1
5,s001,145,193,20
5,s001,145,192,4
5,s001,145,195,3
5,s001,145,194,2
5,s001,145,197,3
5,s001,145,196,1
5,s001,145,199,1
5,s001,145,198,1
5,s001,145,201,6
5,s001,145,200,2
5,s001,145,205,1
5,s001,145,207,1
5,s001,145,241,31
5,s001,145,240,6
5,s001,145,243,12
5,s001,145,242,7
5,s001,145,245,10
5,s001,145,244,3
5,s001,145,246,1
5,s001,145,249,6
5,s001,145,248,1
5,s001,145,251,1
5,s001,145,250,2
5,s001,145,253,5
5,s001,145,225,5
5,s001,145,224,3
5,s001,145,227,5
5,s001,145,226,1
5,s001,145,229,1
5,s001,145,228,1
5,s001,145,231,1
5,s001,145,235,1
5,s001,145,17,92
5,s001,145,16,35
5,s001,145,19,30
5,s001,145,18,18
5,s001,145,21,25
5,s001,145,20,9
5,s001,145,23,6
5,s001,145,22,1
5,s001,145,25,30
5,s001,145,24,4
5,s001,145,27,6
5,s001,145,26,2
5,s001,145,29,5
5,s001,145,28,2
5,s001,145,1,16
5,s001,145,0,14
5,s001,145,3,2
5,s001,145,2,1
5,s001,145,5,5
5,s001,145,4,2
5,s001,145,7,1
5,s001,145,9,4
5,s001,145,8,1
5,s001,145,10,1
5,s001,145,13,1
5,s001,145,15,1
5,s001,145,49,24
5,s001,145,48,12
5,s001,145,51,6
5,s001,145,50,1
5,s001,145,53,7
5,s001,145,52,5
5,s001,145,55,2
5,s001,145,54,1
5,s001,145,57,4
5,s001,145,56,2
5,s001,145,59,2
5,s001,145,60,1
5,s001,145,33,3
5,s001,145,32,2
5,s001,145,35,2
5,s001,145,34,1
5,s001,145,37,1
5,s001,145,36,2
5,s001,145,38,1
5,s001,145,45,1
5,s001,145,81,25
5,s001,145,80,20
5,s001,145,83,9
5,s001,145,82,7
5,s001,145,85,5
5,s001,145,84,1
5,s001,145,87,2
5,s001,145,89,6
5,s001,145,88,6
5,s001,145,91,1
5,s001,145,93,1
5,s001,145,95,2
5,s001,145,65,5
5,s001,145,64,1
5,s001,145,66,1
5,s001,145,69,2
5,s001,145,68,1
5,s001,145,71,2
5,s001,145,113,6
5,s001,145,112,5
5,s001,145,115,6
5,s001,145,114,5
5,s001,145,117,2
5,s001,145,118,1
5,s001,145,120,1
5,s001,145,97,1
5,s001,145,96,2
5,s001,145,98,1
5,s001,145,101,1
5,s001,145,103,1
5,s002,227,227,398
5,s002,227,226,103
5,s002,227,225,111
5,s002,227,224,23
5,s002,227,231,90
5,s002,227,230,22
5,s002,227,229,18
5,s002,227,228,5
5,s002,227,235,119
5,s002,227,234,24
5,s002,227,233,24
5,s002,227,232,12
5,s002,227,239,31
5,s002,227,238,7
5,s002,227,237,8
5,s002,227,243,75
5,s002,227,242,25
5,s002,227,241,28
5,s002,227,240,4
5,s002,227,247,17
5,s002,227,246,4
5,s002,227,245,6
5,s002,227,244,2
5,s002,227,251,14
5,s002,227,250,5
5,s002,227,249,8
5,s002,227,255,7
5,s002,227,253,2
5,s002,227,195,103
5,s002,227,194,26
5,s002,227,193,22
5,s002,227,192,9
5,s002,227,199,33
5,s002,227,198,6
5,s002,227,197,9
5,s002,227,196,2
5,s002,227,203,19
5,s002,227,202,8
5,s002,227,201,5
5,s002,227,200,1
5,s002,227,207,7
5,s002,227,206,4
5,s002,227,205,2
5,s002,227,204,1
5,s002,227,211,18
5,s002,227,210,3
5,s002,227,208,1
5,s002,227,215,4
5,s002,227,214,1
5,s002,227,213,1
5,s002,227,219,3
5,s002,227,218,1
5,s002,227,217,1
5,s002,227,223,1
5,s002,227,220,1
5,s002,227,163,124
5,s002,227,162,35
5,s002,227,161,50
5,s002,227,160,7
5,s002,227,167,22
5,s002,227,166,3
5,s002,227,165,16
5,s002,227,164,4
5,s002,227,171,21
5,s002,227,170,6
5,s002,227,169,9
5,s002,227,168,3
5,s002,227,175,9
5,s002,227,174,2
5,s002,227,173,2
5,s002,227,172,2
5,s002,227,179,20
5,s002,227,178,7
5,s002,227,177,6
5,s002,227,176,2
5,s002,227,182,1
5,s002,227,181,1
5,s002,227,187,5
5,s002,227,186,2
5,s002,227,185,1
5,s002,227,184,2
5,s002,227,191,3
5,s002,227,189,1
5,s002,227,131,24
5,s002,227,130,12
5,s002,227,129,9
5,s002,227,128,3
5,s002,227,135,7
5,s002,227,134,3
5,s002,227,133,1
5,s002,227,132,1
5,s002,227,139,10
5,s002,227,138,1
5,s002,227,137,3
5,s002,227,141,1
5,s002,227,147,8
5,s002,227,146,2
5,s002,227,145,1
5,s002,227,144,2
5,s002,227,151,2
5,s002,227,149,2
5,s002,227,155,1
5,s002,227,154,1
5,s002,227,99,88
5,s002,227,98,41
5,s002,227,97,35
5,s002,227,96,10
5,s002,227,103,24
5,s002,227,102,17
5,s002,227,101,4
5,s002,227,100,5
5,s002,227,107,25
5,s002,227,106,10
5,s002,227,105,13
5,s002,227,104,3
5,s002,227,111,5
5,s002,227,110,5
5,s002,227,109,1
5,s002,227,108,2
5,s002,227,115,8
5,s002,227,114,10
5,s002,227,113,5
5,s002,227,112,3
5,s002,227,119,2
5,s002,227,118,1
5,s002,227,117,1
5,s002,227,123,3
5,s002,227,122,2
5,s002,227,127,1
5,s002,227,67,26
5,s002,227,66,15
5,s002,227,65,6
5,s002,227,64,1
5,s002,227,71,9
5,s002,227,70,3
5,s002,227,69,3
5,s002,227,68,2
5,s002,227,75,7
5,s002,227,74,4
5,s002,227,73,1
5,s002,227,72,2
5,s002,227,79,2
5,s002,227,76,1
5,s002,227,83,1
5,s002,227,82,2
5,s002,227,81,1
5,s002,227,80,1
5,s002,227,87,1
5,s002,227,84,1
5,s002,227,91,1
5,s002,227,95,1
5,s002,227,35,30
5,s002,227,34,11
5,s002,227,33,11
5,s002,227,32,3
5,s002,227,39,9
5,s002,227,38,2
5,s002,227,37,2
5,s002,227,43,10
5,s002,227,41,1
5,s002,227,40,1
5,s002,227,47,4
5,s002,227,46,1
5,s002,227,45,1
5,s002,227,44,1
5,s002,227,51,8
5,s002,227,49,3
5,s002,227,48,3
5,s002,227,55,1
5,s002,227,54,1
5,s002,227,52,1
5,s002,227,59,1
5,s002,227,58,1
5,s002,227,61,1
5,s002,227,3,9
5,s002,227,2,3
5,s002,227,1,3
5,s002,227,0,1
5,s002,227,7,1
5,s002,227,6,2
5,s002,227,4,2
5,s002,227,11,4
5,s002,227,10,2
5,s002,227,15,1
5,s002,227,12,1
5,s002,227,19,2
5,s002,227,18,1
5,s003,126,126,409
5,s003,126,127,111
5,s003,126,124,110
5,s003,126,125,32
5,s003,126,122,107
5,s003,126,123,22
5,s003,126,120,26
5,s003,126,121,5
5,s003,126,118,95
5,s003,126,119,26
5,s003,126,116,35
5,s003,126,117,6
5,s003,126,114,34
5,s003,126,115,6
5,s003,126,112,7
5,s003,126,113,3
5,s003,126,110,74
5,s003,126,111,26
5,s003,126,108,21
5,s003,126,109,6
5,s003,126,106,13
5,s003,126,107,10
5,s003,126,104,3
5,s003,126,105,1
5,s003,126,102,26
5,s003,126,103,4
5,s003,126,100,7
5,s003,126,101,1
5,s003,126,98,3
5,s003,126,99,1
5,s003,126,94,86
5,s003,126,95,47
5,s003,126,92,30
5,s003,126,93,7
5,s003,126,90,36
5,s003,126,91,13
5,s003,126,88,6
5,s003,126,89,3
5,s003,126,86,23
5,s003,126,87,10
5,s003,126,84,2
5,s003,126,85,2
5,s003,126,82,5
5,s003,126,83,1
5,s003,126,80,1
5,s003,126,78,14
5,s003,126,79,5
5,s003,126,76,6
5,s003,126,74,8
5,s003,126,75,1
5,s003,126,72,3
5,s003,126,73,1
5,s003,126,70,3
5,s003,126,66,1
5,s003,126,67,1
5,s003,126,65,1
5,s003,126,62,116
5,s003,126,63,33
5,s003,126,60,48
5,s003,126,61,13
5,s003,126,58,25
5,s003,126,59,10
5,s003,126,56,13
5,s003,126,57,4
5,s003,126,54,31
5,s003,126,55,8
5,s003,126,52,9
5,s003,126,53,3
5,s003,126,50,3
5,s003,126,51,2
5,s003,126,48,3
5,s003,126,46,18
5,s003,126,47,8
5,s003,126,44,12
5,s003,126,45,3
5,s003,126,42,9
5,s003,126,43,2
5,s003,126,40,2
5,s003,126,41,2
5,s003,126,38,5
5,s003,126,36,1
5,s003,126,34,2
5,s003,126,35,2
5,s003,126,30,27
5,s003,126,31,12
5,s003,126,28,13
5,s003,126,29,3
5,s003,126,26,10
5,s003,126,27,4
5,s003,126,24,4
5,s003,126,22,6
5,s003,126,23,1
5,s003,126,20,3
5,s003,126,21,3
5,s003,126,18,1
5,s003,126,16,1
5,s003,126,17,1
5,s003,126,14,7
5,s003,126,15,3
5,s003,126,12,3
5,s003,126,13,3
5,s003,126,10,2
5,s003,126,11,1
5,s003,126,8,1
5,s003,126,9,1
5,s003,126,7,1
5,s003,126,254,115
5,s003,126,255,52
5,s003,126,252,26
5,s003,126,253,11
5,s003,126,250,24
5,s003,126,251,11
5,s003,126,248,8
5,s003,126,249,4
5,s003,126,246,23
5,s003,126,247,14
5,s003,126,244,6
5,s003,126,245,2
5,s003,126,242,9
5,s003,126,243,1
5,s003,126,240,1
5,s003,126,241,2
5,s003,126,238,24
5,s003,126,239,3
5,s003,126,236,3
5,s003,126,237,3
5,s003,126,234,4
5,s003,126,235,2
5,s003,126,232,2
5,s003,126,233,2
5,s003,126,230,2
5,s003,126,231,4
5,s003,126,228,2
5,s003,126,227,1
5,s003,126,222,28
5,s003,126,223,23
5,s003,126,220,9
5,s003,126,221,6
5,s003,126,218,5
5,s003,126,219,5
5,s003,126,216,2
5,s003,126,217,2
5,s003,126,214,10
5,s003,126,215,6
5,s003,126,212,3
5,s003,126,213,1
5,s003,126,210,2
5,s003,126,211,3
5,s003,126,206,4
5,s003,126,207,2
5,s003,126,204,4
5,s003,126,202,1
5,s003,126,200,1
5,s003,126,201,1
5,s003,126,198,2
5,s003,126,193,1
5,s003,126,190,29
5,s003,126,191,12
5,s003,126,188,10
5,s003,126,189,3
5,s003,126,186,5
5,s003,126,184,2
5,s003,126,185,1
5,s003,126,182,5
5,s003,126,183,1
5,s003,126,180,1
5,s003,126,181,1
5,s003,126,179,2
5,s003,126,176,1
5,s003,126,174,4
5,s003,126,175,3
5,s003,126,170,1
5,s003,126,169,1
5,s003,126,166,2
5,s003,126,158,5
5,s003,126,159,4
5,s003,126,156,3
5,s003,126,157,3
5,s003,126,154,2
5,s003,126,150,2
5,s003,126,151,2
5,s003,126,149,1
5,s003,126,147,1
5,s003,126,142,1
5,s003,126,140,1
5,s003,126,141,1
5,s004,18,18,399
5,s004,18,19,102
5,s004,18,16,109
5,s004,18,17,25
5,s004,18,22,84
5,s004,18,23,22
5,s004,18,20,24
5,s004,18,21,6
5,s004,18,26,94
5,s004,18,27,30
5,s004,18,24,38
5,s004,18,25,6
5,s004,18,30,25
5,s004,18,31,9
5,s004,18,28,3
5,s004,18,2,77
5,s004,18,3,24
5,s004,18,0,9
5,s004,18,1,2
5,s004,18,6,17
5,s004,18,7,6
5,s004,18,4,6
5,s004,18,5,2
5,s004,18,10,9
5,s004,18,11,7
5,s004,18,8,7
5,s004,18,9,2
5,s004,18,14,2
5,s004,18,15,2
5,s004,18,50,82
5,s004,18,51,36
5,s004,18,48,26
5,s004,18,49,9
5,s004,18,54,26
5,s004,18,55,18
5,s004,18,52,10
5,s004,18,58,30
5,s004,18,59,4
5,s004,18,56,11
5,s004,18,62,5
5,s004,18,63,1
5,s004,18,60,2
5,s004,18,34,23
5,s004,18,35,12
5,s004,18,32,3
5,s004,18,38,4
5,s004,18,39,1
5,s004,18,36,1
5,s004,18,42,6
5,s004,18,46,1
5,s004,18,82,135
5,s004,18,83,26
5,s004,18,80,36
5,s004,18,81,12
5,s004,18,86,22
5,s004,18,87,9
5,s004,18,84,16
5,s004,18,85,3
5,s004,18,90,20
5,s004,18,91,9
5,s004,18,88,8
5,s004,18,89,2
5,s004,18,94,7
5,s004,18,92,1
5,s004,18,93,1
5,s004,18,66,13
5,s004,18,67,8
5,s004,18,64,6
5,s004,18,65,2
5,s004,18,70,3
5,s004,18,71,4
5,s004,18,74,9
5,s004,18,73,2
5,s004,18,78,1
5,s004,18,114,22
5,s004,18,115,7
5,s004,18,112,5
5,s004,18,113,8
5,s004,18,118,5
5,s004,18,119,3
5,s004,18,116,4
5,s004,18,117,2
5,s004,18,122,5
5,s004,18,123,2
5,s004,18,121,1
5,s004,18,126,3
5,s004,18,127,1
5,s004,18,98,5
5,s004,18,99,1
5,s004,18,96,3
5,s004,18,102,1
5,s004,18,103,1
5,s004,18,100,1
5,s004,18,106,1
5,s004,18,110,1
5,s004,18,108,1
5,s004,18,146,104
5,s004,18,147,37
5,s004,18,144,31
5,s004,18,145,10
5,s004,18,150,13
5,s004,18,151,9
5,s004,18,148,6
5,s004,18,149,6
5,s004,18,154,18
5,s004,18,155,8
5,s004,18,152,3
5,s004,18,153,5
5,s004,18,158,7
5,s004,18,159,2
5,s004,18,156,1
5,s004,18,157,1
5,s004,18,130,16
5,s004,18,131,8
5,s004,18,128,6
5,s004,18,129,2
5,s004,18,134,8
5,s004,18,135,4
5,s004,18,132,1
5,s004,18,138,4
5,s004,18,139,5
5,s004,18,136,1
5,s004,18,142,1
5,s004,18,143,1
5,s004,18,178,26
5,s004,18,179,7
5,s004,18,176,9
5,s004,18,177,5
5,s004,18,182,12
5,s004,18,183,4
5,s004,18,180,1
5,s004,18,186,5
5,s004,18,187,11
5,s004,18,185,1
5,s004,18,191,1
5,s004,18,162,6
5,s004,18,163,4
5,s004,18,160,4
5,s004,18,161,2
5,s004,18,166,3
5,s004,18,167,1
5,s004,18,164,2
5,s004,18,168,1
5,s004,18,174,1
5,s004,18,175,1
5,s004,18,210,31
5,s004,18,211,14
5,s004,18,208,9
5,s004,18,209,9
5,s004,18,214,4
5,s004,18,215,4
5,s004,18,212,1
5,s004,18,213,3
5,s004,18,218,5
5,s004,18,219,3
5,s004,18,216,3
5,s004,18,222,2
5,s004,18,194,6
5,s004,18,195,1
5,s004,18,192,1
5,s004,18,193,1
5,s004,18,198,1
5,s004,18,202,2
5,s004,18,206,1
5,s004,18,204,1
5,s004,18,242,10
5,s004,18,243,3
5,s004,18,240,1
5,s004,18,246,3
5,s004,18,247,1
5,s004,18,244,2
5,s004,18,250,3
5,s004,18,251,1
5,s004,18,255,2
5,s004,18,253,1
5,s004,18,224,2
5,s004,18,234,1
5,s004,18,238,1
5,s005,125,125,452
5,s005,125,124,122
5,s005,125,127,111
5,s005,125,126,36
5,s005,125,121,94
5,s005,125,120,28
5,s005,125,123,26
5,s005,125,122,8
5,s005,125,117,94
5,s005,125,116,30
5,s005,125,119,35
5,s005,125,118,9
5,s005,125,113,19
5,s005,125,112,7
5,s005,125,115,4
5,s005,125,114,2
5,s005,125,109,65
5,s005,125,108,18
5,s005,125,111,22
5,s005,125,110,6
5,s005,125,105,16
5,s005,125,104,3
5,s005,125,107,6
5,s005,125,106,1
5,s005,125,101,22
5,s005,125,100,7
5,s005,125,103,2
5,s005,125,102,2
5,s005,125,97,8
5,s005,125,99,1
5,s005,125,98,1
5,s005,125,93,104
5,s005,125,92,32
5,s005,125,95,25
5,s005,125,94,8
5,s005,125,89,21
5,s005,125,88,10
5,s005,125,91,6
5,s005,125,90,3
5,s005,125,85,31
5,s005,125,84,2
5,s005,125,87,10
5,s005,125,86,1
5,s005,125,81,12
5,s005,125,80,5
5,s005,125,83,4
5,s005,125,82,1
5,s005,125,77,18
5,s005,125,76,3
5,s005,125,79,10
5,s005,125,78,1
5,s005,125,73,8
5,s005,125,72,2
5,s005,125,75,3
5,s005,125,74,2
5,s005,125,69,2
5,s005,125,68,1
5,s005,125,65,5
5,s005,125,61,126
5,s005,125,60,36
5,s005,125,63,38
5,s005,125,62,10
5,s005,125,57,34
5,s005,125,56,9
5,s005,125,59,16
5,s005,125,58,3
5,s005,125,53,22
5,s005,125,52,10
5,s005,125,55,7
5,s005,125,54,3
5,s005,125,49,5
5,s005,125,48,4
5,s005,125,51,3
5,s005,125,50,3
5,s005,125,45,30
5,s005,125,44,7
5,s005,125,47,13
5,s005,125,46,4
5,s005,125,41,3
5,s005,125,40,1
5,s005,125,43,4
5,s005,125,42,1
5,s005,125,37,3
5,s005,125,36,1
5,s005,125,39,3
5,s005,125,33,2
5,s005,125,32,2
5,s005,125,35,1
5,s005,125,29,24
5,s005,125,28,13
5,s005,125,31,9
5,s005,125,30,3
5,s005,125,25,4
5,s005,125,24,4
5,s005,125,27,2
5,s005,125,26,2
5,s005,125,21,7
5,s005,125,20,1
5,s005,125,23,2
5,s005,125,17,2
5,s005,125,19,1
5,s005,125,13,2
5,s005,125,12,2
5,s005,125,14,1
5,s005,125,8,2
5,s005,125,5,2
5,s005,125,4,1
5,s005,125,1,1
5,s005,125,253,111
5,s005,125,252,51
5,s005,125,255,26
5,s005,125,254,16
5,s005,125,249,28
5,s005,125,248,12
5,s005,125,251,8
5,s005,125,250,2
5,s005,125,245,22
5,s005,125,244,11
5,s005,125,247,4
5,s005,125,246,2
5,s005,125,241,3
5,s005,125,240,5
5,s005,125,243,3
5,s005,125,237,23
5,s005,125,236,7
5,s005,125,239,2
5,s005,125,238,3
5,s005,125,233,4
5,s005,125,232,2
5,s005,125,235,1
5,s005,125,229,8
5,s005,125,228,1
5,s005,125,230,1
5,s005,125,225,1
5,s005,125,224,1
5,s005,125,221,30
5,s005,125,220,11
5,s005,125,223,7
5,s005,125,222,9
5,s005,125,217,13
5,s005,125,216,3
5,s005,125,219,1
5,s005,125,218,1
5,s005,125,213,9
5,s005,125,212,4
5,s005,125,215,3
5,s005,125,214,4
5,s005,125,209,1
5,s005,125,210,1
5,s005,125,205,2
5,s005,125,204,4
5,s005,125,207,1
5,s005,125,201,1
5,s005,125,200,1
5,s005,125,197,1
5,s005,125,196,1
5,s005,125,199,1
5,s005,125,193,1
5,s005,125,189,22
5,s005,125,188,14
5,s005,125,191,12
5,s005,125,190,7
5,s005,125,185,3
5,s005,125,184,1
5,s005,125,186,1
5,s005,125,181,6
5,s005,125,180,5
5,s005,125,183,3
5,s005,125,182,1
5,s005,125,173,5
5,s005,125,175,1
5,s005,125,174,2
5,s005,125,169,2
5,s005,125,168,1
5,s005,125,167,1
5,s005,125,166,1
5,s005,125,161,1
5,s005,125,157,3
5,s005,125,156,5
5,s005,125,159,2
5,s005,125,158,3
5,s005,125,153,1
5,s005,125,152,4
5,s005,125,154,1
5,s005,125,149,1
5,s005,125,148,2
5,s005,125,150,1
5,s005,125,145,2
5,s005,125,144,1
5,s005,125,141,3
5,s005,125,133,1
5,s006,89,89,457
5,s006,89,88,111
5,s006,89,91,105
5,s006,89,90,31
5,s006,89,93,131
5,s006,89,92,28
5,s006,89,95,26
5,s006,89,94,10
5,s006,89,81,112
5,s006,89,80,29
5,s006,89,83,24
5,s006,89,82,4
5,s006,89,85,15
5,s006,89,84,6
5,s006,89,87,2
5,s006,89,86,1
5,s006,89,73,78
5,s006,89,72,21
5,s006,89,75,26
5,s006,89,74,7
5,s006,89,77,17
5,s006,89,76,4
5,s006,89,79,6
5,s006,89,78,2
5,s006,89,65,22
5,s006,89,64,9
5,s006,89,67,8
5,s006,89,66,2
5,s006,89,69,6
5,s006,89,121,100
5,s006,89,120,31
5,s006,89,123,33
5,s006,89,122,10
5,s006,89,125,27
5,s006,89,124,13
5,s006,89,127,12
5,s006,89,126,2
5,s006,89,113,19
5,s006,89,112,8
5,s006,89,115,8
5,s006,89,114,1
5,s006,89,117,8
5,s006,89,119,2
5,s006,89,105,15
5,s006,89,104,5
5,s006,89,107,7
5,s006,89,106,2
5,s006,89,109,6
5,s006,89,108,1
5,s006,89,111,1
5,s006,89,110,1
5,s006,89,97,2
5,s006,89,99,1
5,s006,89,100,1
5,s006,89,25,110
5,s006,89,24,26
5,s006,89,27,43
5,s006,89,26,6
5,s006,89,29,27
5,s006,89,28,11
5,s006,89,31,9
5,s006,89,30,6
5,s006,89,17,25
5,s006,89,16,9
5,s006,89,19,8
5,s006,89,18,4
5,s006,89,21,7
5,s006,89,23,6
5,s006,89,9,23
5,s006,89,8,5
5,s006,89,11,6
5,s006,89,10,3
5,s006,89,13,3
5,s006,89,12,3
5,s006,89,15,3
5,s006,89,1,3
5,s006,89,0,2
5,s006,89,3,3
5,s006,89,2,1
5,s006,89,5,2
5,s006,89,57,30
5,s006,89,56,12
5,s006,89,59,5
5,s006,89,58,1
5,s006,89,61,13
5,s006,89,60,4
5,s006,89,63,5
5,s006,89,49,3
5,s006,89,48,2
5,s006,89,51,6
5,s006,89,50,1
5,s006,89,53,2
5,s006,89,52,1
5,s006,89,55,1
5,s006,89,41,5
5,s006,89,40,3
5,s006,89,43,3
5,s006,89,45,5
5,s006,89,44,1
5,s006,89,35,1
5,s006,89,36,1
5,s006,89,38,1
5,s006,89,217,114
5,s006,89,216,36
5,s006,89,219,36
5,s006,89,218,15
5,s006,89,221,25
5,s006,89,220,12
5,s006,89,223,6
5,s006,89,222,6
5,s006,89,209,29
5,s006,89,208,16
5,s006,89,211,10
5,s006,89,210,3
5,s006,89,213,5
5,s006,89,212,4
5,s006,89,215,2
5,s006,89,214,2
5,s006,89,201,23
5,s006,89,200,13
5,s006,89,203,6
5,s006,89,202,1
5,s006,89,205,1
5,s006,89,204,3
5,s006,89,207,1
5,s006,89,193,3
5,s006,89,195,1
5,s006,89,194,1
5,s006,89,199,1
5,s006,89,249,31
5,s006,89,248,22
5,s006,89,251,4
5,s006,89,250,4
5,s006,89,253,6
5,s006,89,252,3
5,s006,89,255,3
5,s006,89,254,1
5,s006,89,241,6
5,s006,89,243,2
5,s006,89,245,3
5,s006,89,233,3
5,s006,89,232,1
5,s006,89,235,2
5,s006,89,234,1
5,s006,89,237,1
5,s006,89,225,1
5,s006,89,227,1
5,s006,89,153,27
5,s006,89,152,11
5,s006,89,155,8
5,s006,89,154,9
5,s006,89,157,5
5,s006,89,156,4
5,s006,89,159,2
5,s006,89,158,2
5,s006,89,145,4
5,s006,89,144,2
5,s006,89,147,3
5,s006,89,146,2
5,s006,89,149,2
5,s006,89,137,6
5,s006,89,136,4
5,s006,89,139,5
5,s006,89,138,1
5,s006,89,129,3
5,s006,89,185,11
5,s006,89,184,1
5,s006,89,187,1
5,s006,89,186,3
5,s006,89,177,1
5,s006,89,176,1
5,s006,89,179,1
5,s006,89,168,2
5,s006,89,171,1
5,s006,89,173,1
5,s006,89,175,1
5,s006,89,164,1
5,s007,62,62,441
5,s007,62,63,94
5,s007,62,60,110
5,s007,62,61,31
5,s007,62,58,105
5,s007,62,59,22
5,s007,62,56,31
5,s007,62,57,5
5,s007,62,54,71
5,s007,62,55,26
5,s007,62,52,17
5,s007,62,53,12
5,s007,62,50,20
5,s007,62,51,6
5,s007,62,48,9
5,s007,62,49,1
5,s007,62,46,73
5,s007,62,47,11
5,s007,62,44,19
5,s007,62,45,2
5,s007,62,42,19
5,s007,62,43,5
5,s007,62,40,3
5,s007,62,41,2
5,s007,62,38,17
5,s007,62,39,6
5,s007,62,36,4
5,s007,62,37,1
5,s007,62,34,4
5,s007,62,35,1
5,s007,62,32,3
5,s007,62,33,1
5,s007,62,30,104
5,s007,62,31,31
5,s007,62,28,22
5,s007,62,29,8
5,s007,62,26,28
5,s007,62,27,10
5,s007,62,24,5
5,s007,62,22,21
5,s007,62,23,5
5,s007,62,20,6
5,s007,62,21,1
5,s007,62,18,2
5,s007,62,19,2
5,s007,62,16,1
5,s007,62,17,1
5,s007,62,14,11
5,s007,62,15,6
5,s007,62,12,1
5,s007,62,13,1
5,s007,62,10,5
5,s007,62,11,2
5,s007,62,8,3
5,s007,62,9,1
5,s007,62,6,3
5,s007,62,7,1
5,s007,62,4,2
5,s007,62,2,1
5,s007,62,0,1
5,s007,62,126,119
5,s007,62,127,38
5,s007,62,124,51
5,s007,62,125,8
5,s007,62,122,25
5,s007,62,123,3
5,s007,62,120,12
5,s007,62,121,2
5,s007,62,118,22
5,s007,62,119,11
5,s007,62,116,6
5,s007,62,117,1
5,s007,62,114,5
5,s007,62,115,2
5,s007,62,112,3
5,s007,62,110,16
5,s007,62,111,7
5,s007,62,108,7
5,s007,62,109,2
5,s007,62,106,8
5,s007,62,104,3
5,s007,62,102,4
5,s007,62,103,2
5,s007,62,101,1
5,s007,62,98,2
5,s007,62,94,25
5,s007,62,95,9
5,s007,62,92,10
5,s007,62,90,9
5,s007,62,91,7
5,s007,62,88,4
5,s007,62,86,3
5,s007,62,87,2
5,s007,62,84,2
5,s007,62,82,2
5,s007,62,83,1
5,s007,62,78,4
5,s007,62,79,1
5,s007,62,76,3
5,s007,62,74,3
5,s007,62,72,1
5,s007,62,70,3
5,s007,62,190,106
5,s007,62,191,52
5,s007,62,188,23
5,s007,62,189,20
5,s007,62,186,20
5,s007,62,187,15
5,s007,62,184,8
5,s007,62,185,6
5,s007,62,182,17
5,s007,62,183,9
5,s007,62,180,5
5,s007,62,181,3
5,s007,62,178,7
5,s007,62,179,4
5,s007,62,176,1
5,s007,62,177,1
5,s007,62,174,19
5,s007,62,175,6
5,s007,62,172,4
5,s007,62,170,6
5,s007,62,171,1
5,s007,62,168,3
5,s007,62,169,1
5,s007,62,166,5
5,s007,62,167,1
5,s007,62,164,1
5,s007,62,162,3
5,s007,62,163,1
5,s007,62,158,23
5,s007,62,159,10
5,s007,62,156,2
5,s007,62,157,4
5,s007,62,154,5
5,s007,62,155,4
5,s007,62,152,3
5,s007,62,150,7
5,s007,62,151,2
5,s007,62,148,3
5,s007,62,149,1
5,s007,62,146,1
5,s007,62,147,2
5,s007,62,142,3
5,s007,62,143,2
5,s007,62,141,1
5,s007,62,138,1
5,s007,62,137,1
5,s007,62,134,1
5,s007,62,135,1
5,s007,62,130,1
5,s007,62,129,1
5,s007,62,254,28
5,s007,62,255,8
5,s007,62,252,13
5,s007,62,253,7
5,s007,62,250,5
5,s007,62,251,7
5,s007,62,248,3
5,s007,62,246,4
5,s007,62,247,6
5,s007,62,244,3
5,s007,62,245,1
5,s007,62,242,1
5,s007,62,243,1
5,s007,62,241,1
5,s007,62,238,6
5,s007,62,239,1
5,s007,62,236,2
5,s007,62,234,1
5,s007,62,235,2
5,s007,62,230,1
5,s007,62,222,7
5,s007,62,220,4
5,s007,62,221,1
5,s007,62,218,5
5,s007,62,219,2
5,s007,62,214,2
5,s007,62,215,1
5,s007,62,212,1
5,s007,62,208,1
5,s007,62,206,1
5,s007,62,202,1
5,s008,153,153,432
5,s008,153,152,98
5,s008,153,155,104
5,s008,153,154,22
5,s008,153,157,105
5,s008,153,156,27
5,s008,153,159,33
5,s008,153,158,7
5,s008,153,145,95
5,s008,153,144,19
5,s008,153,147,30
5,s008,153,146,5
5,s008,153,149,28
5,s008,153,148,5
5,s008,153,151,9
5,s008,153,150,4
5,s008,153,137,88
5,s008,153,136,17
5,s008,153,139,18
5,s008,153,138,8
5,s008,153,141,13
5,s008,153,140,4
5,s008,153,143,4
5,s008,153,142,1
5,s008,153,129,22
5,s008,153,128,3
5,s008,153,131,8
5,s008,153,133,5
5,s008,153,135,1
5,s008,153,134,1
5,s008,153,185,80
5,s008,153,184,32
5,s008,153,187,30
5,s008,153,186,7
5,s008,153,189,34
5,s008,153,188,23
5,s008,153,191,6
5,s008,153,190,1
5,s008,153,177,17
5,s008,153,176,11
5,s008,153,179,6
5,s008,153,178,4
5,s008,153,181,8
5,s008,153,180,4
5,s008,153,183,3
5,s008,153,169,26
5,s008,153,168,11
5,s008,153,171,10
5,s008,153,170,4
5,s008,153,173,7
5,s008,153,172,2
5,s008,153,161,6
5,s008,153,160,1
5,s008,153,162,1
5,s008,153,165,1
5,s008,153,217,134
5,s008,153,216,32
5,s008,153,219,47
5,s008,153,218,9
5,s008,153,221,17
5,s008,153,220,9
5,s008,153,223,14
5,s008,153,209,25
5,s008,153,208,3
5,s008,153,211,7
5,s008,153,210,3
5,s008,153,213,6
5,s008,153,212,1
5,s008,153,215,3
5,s008,153,214,2
5,s008,153,201,14
5,s008,153,200,5
5,s008,153,203,5
5,s008,153,205,5
5,s008,153,204,2
5,s008,153,207,3
5,s008,153,206,1
5,s008,153,193,2
5,s008,153,192,3
5,s008,153,195,2
5,s008,153,197,2
5,s008,153,249,28
5,s008,153,248,11
5,s008,153,251,8
5,s008,153,250,7
5,s008,153,253,8
5,s008,153,252,1
5,s008,153,255,3
5,s008,153,254,1
5,s008,153,241,9
5,s008,153,240,3
5,s008,153,242,1
5,s008,153,245,1
5,s008,153,244,2
5,s008,153,233,4
5,s008,153,232,1
5,s008,153,234,3
5,s008,153,237,1
5,s008,153,238,1
5,s008,153,225,1
5,s008,153,224,1
5,s008,153,229,1
5,s008,153,25,93
5,s008,153,24,51
5,s008,153,27,21
5,s008,153,26,9
5,s008,153,29,32
5,s008,153,28,12
5,s008,153,31,5
5,s008,153,30,2
5,s008,153,17,23
5,s008,153,16,12
5,s008,153,19,5
5,s008,153,18,3
5,s008,153,21,10
5,s008,153,20,6
5,s008,153,23,2
5,s008,153,9,16
5,s008,153,8,10
5,s008,153,11,3
5,s008,153,13,4
5,s008,153,12,3
5,s008,153,15,1
5,s008,153,1,7
5,s008,153,0,5
5,s008,153,3,2
5,s008,153,5,2
5,s008,153,4,1
5,s008,153,57,23
5,s008,153,56,17
5,s008,153,59,8
5,s008,153,58,6
5,s008,153,61,3
5,s008,153,60,8
5,s008,153,63,3
5,s008,153,62,1
5,s008,153,49,5
5,s008,153,48,5
5,s008,153,51,1
5,s008,153,50,1
5,s008,153,53,1
5,s008,153,55,1
5,s008,153,54,1
5,s008,153,41,5
5,s008,153,40,2
5,s008,153,43,2
5,s008,153,44,1
5,s008,153,46,1
5,s008,153,89,35
5,s008,153,88,9
5,s008,153,91,6
5,s008,153,90,4
5,s008,153,93,8
5,s008,153,95,1
5,s008,153,94,2
5,s008,153,81,4
5,s008,153,80,3
5,s008,153,83,6
5,s008,153,82,2
5,s008,153,85,1
5,s008,153,87,2
5,s008,153,73,9
5,s008,153,75,1
5,s008,153,78,1
5,s008,153,65,1
5,s008,153,68,1
5,s008,153,121,10
5,s008,153,123,5
5,s008,153,125,2
5,s008,153,124,2
5,s008,153,126,1
5,s008,153,113,1
5,s008,153,115,1
5,s008,153,116,1
5,s008,153,106,1
5,s008,153,98,1
5,s008,153,103,1
5,s009,155,155,447
5,s009,155,154,112
5,s009,155,153,116
5,s009,155,152,34
5,s009,155,159,103
5,s009,155,158,23
5,s009,155,157,32
5,s009,155,156,8
5,s009,155,147,91
5,s009,155,146,17
5,s009,155,145,26
5,s009,155,144,5
5,s009,155,151,18
5,s009,155,150,9
5,s009,155,149,7
5,s009,155,148,1
5,s009,155,139,58
5,s009,155,138,20
5,s009,155,137,15
5,s009,155,136,4
5,s009,155,143,25
5,s009,155,142,5
5,s009,155,141,3
5,s009,155,140,1
5,s009,155,131,18
5,s009,155,130,6
5,s009,155,129,1
5,s009,155,128,2
5,s009,155,135,4
5,s009,155,133,3
5,s009,155,187,91
5,s009,155,186,35
5,s009,155,185,27
5,s009,155,184,11
5,s009,155,191,28
5,s009,155,190,15
5,s009,155,189,10
5,s009,155,188,4
5,s009,155,179,19
5,s009,155,178,5
5,s009,155,177,8
5,s009,155,176,2
5,s009,155,183,6
5,s009,155,182,4
5,s009,155,181,1
5,s009,155,171,24
5,s009,155,170,7
5,s009,155,169,7
5,s009,155,168,1
5,s009,155,175,4
5,s009,155,174,1
5,s009,155,173,3
5,s009,155,172,1
5,s009,155,163,8
5,s009,155,162,3
5,s009,155,161,4
5,s009,155,167,1
5,s009,155,219,140
5,s009,155,218,43
5,s009,155,217,58
5,s009,155,216,15
5,s009,155,223,21
5,s009,155,222,7
5,s009,155,221,10
5,s009,155,220,4
5,s009,155,211,33
5,s009,155,210,6
5,s009,155,209,15
5,s009,155,208,8
5,s009,155,215,6
5,s009,155,214,3
5,s009,155,213,3
5,s009,155,212,3
5,s009,155,203,24
5,s009,155,202,3
5,s009,155,201,6
5,s009,155,200,2
5,s009,155,207,4
5,s009,155,206,3
5,s009,155,205,3
5,s009,155,195,7
5,s009,155,194,1
5,s009,155,193,1
5,s009,155,199,1
5,s009,155,198,1
5,s009,155,197,1
5,s009,155,251,25
5,s009,155,250,13
5,s009,155,249,9
5,s009,155,248,3
5,s009,155,255,10
5,s009,155,253,2
5,s009,155,243,6
5,s009,155,242,1
5,s009,155,241,3
5,s009,155,240,1
5,s009,155,247,2
5,s009,155,246,1
5,s009,155,235,3
5,s009,155,234,2
5,s009,155,233,3
5,s009,155,238,1
5,s009,155,237,2
5,s009,155,227,3
5,s009,155,231,1
5,s009,155,229,1
5,s009,155,27,88
5,s009,155,26,52
5,s009,155,25,34
5,s009,155,24,16
5,s009,155,31,21
5,s009,155,30,13
5,s009,155,29,6
5,s009,155,28,4
5,s009,155,19,29
5,s009,155,18,15
5,s009,155,17,10
5,s009,155,23,4
5,s009,155,22,3
5,s009,155,21,2
5,s009,155,20,1
5,s009,155,11,23
5,s009,155,10,7
5,s009,155,9,7
5,s009,155,8,1
5,s009,155,15,5
5,s009,155,13,1
5,s009,155,3,11
5,s009,155,59,22
5,s009,155,58,13
5,s009,155,57,8
5,s009,155,56,5
5,s009,155,63,4
5,s009,155,62,3
5,s009,155,61,4
5,s009,155,60,1
5,s009,155,51,7
5,s009,155,50,3
5,s009,155,55,1
5,s009,155,54,2
5,s009,155,53,1
5,s009,155,43,6
5,s009,155,42,2
5,s009,155,41,1
5,s009,155,47,1
5,s009,155,46,1
5,s009,155,45,1
5,s009,155,35,2
5,s009,155,39,1
5,s009,155,38,1
5,s009,155,91,19
5,s009,155,90,11
5,s009,155,89,9
5,s009,155,88,6
5,s009,155,95,10
5,s009,155,93,2
5,s009,155,92,1
5,s009,155,83,8
5,s009,155,82,3
5,s009,155,81,1
5,s009,155,80,1
5,s009,155,87,4
5,s009,155,86,3
5,s009,155,85,1
5,s009,155,75,6
5,s009,155,74,5
5,s009,155,73,1
5,s009,155,72,1
5,s009,155,79,1
5,s009,155,65,2
5,s009,155,123,7
5,s009,155,122,2
5,s009,155,121,1
5,s009,155,120,3
5,s009,155,127,1
5,s009,155,126,1
5,s009,155,124,1
5,s009,155,115,3
5,s009,155,119,1
5,s009,155,117,2
5,s009,155,116,1
5,s009,155,107,2
5,s009,155,106,1
5,s009,155,111,1
5,s009,155,110,1
5,s010,210,210,432
5,s010,210,211,124
5,s010,210,208,98
5,s010,210,209,39
5,s010,210,214,110
5,s010,210,215,30
5,s010,210,212,26
5,s010,210,213,6
5,s010,210,218,103
5,s010,210,219,24
5,s010,210,216,42
5,s010,210,217,6
5,s010,210,222,25
5,s010,210,223,10
5,s010,210,220,6
5,s010,210,221,2
5,s010,210,194,87
5,s010,210,195,19
5,s010,210,192,19
5,s010,210,193,6
5,s010,210,198,19
5,s010,210,199,6
5,s010,210,196,5
5,s010,210,197,2
5,s010,210,202,16
5,s010,210,203,9
5,s010,210,200,5
5,s010,210,201,1
5,s010,210,206,6
5,s010,210,207,1
5,s010,210,204,1
5,s010,210,205,2
5,s010,210,242,98
5,s010,210,243,27
5,s010,210,240,31
5,s010,210,241,7
5,s010,210,246,32
5,s010,210,247,6
5,s010,210,244,13
5,s010,210,245,6
5,s010,210,250,22
5,s010,210,251,5
5,s010,210,248,12
5,s010,210,249,1
5,s010,210,254,5
5,s010,210,255,3
5,s010,210,252,2
5,s010,210,253,1
5,s010,210,226,17
5,s010,210,227,5
5,s010,210,224,3
5,s010,210,225,3
5,s010,210,230,4
5,s010,210,231,1
5,s010,210,234,2
5,s010,210,238,1
5,s010,210,239,1
5,s010,210,146,102
5,s010,210,147,25
5,s010,210,144,37
5,s010,210,145,13
5,s010,210,150,28
5,s010,210,151,9
5,s010,210,148,10
5,s010,210,149,4
5,s010,210,154,23
5,s010,210,155,6
5,s010,210,152,9
5,s010,210,153,2
5,s010,210,158,6
5,s010,210,159,3
5,s010,210,156,1
5,s010,210,130,17
5,s010,210,131,3
5,s010,210,128,12
5,s010,210,129,1
5,s010,210,134,3
5,s010,210,135,1
5,s010,210,132,2
5,s010,210,138,4
5,s010,210,139,3
5,s010,210,136,1
5,s010,210,137,2
5,s010,210,141,1
5,s010,210,178,28
5,s010,210,179,8
5,s010,210,176,13
5,s010,210,177,2
5,s010,210,182,11
5,s010,210,183,3
5,s010,210,180,4
5,s010,210,186,6
5,s010,210,187,9
5,s010,210,184,2
5,s010,210,190,3
5,s010,210,189,1
5,s010,210,162,4
5,s010,210,163,2
5,s010,210,160,1
5,s010,210,166,4
5,s010,210,167,2
5,s010,210,164,2
5,s010,210,170,1
5,s010,210,168,1
5,s010,210,82,95
5,s010,210,83,42
5,s010,210,80,24
5,s010,210,81,10
5,s010,210,86,21
5,s010,210,87,15
5,s010,210,84,8
5,s010,210,85,2
5,s010,210,90,25
5,s010,210,91,12
5,s010,210,88,4
5,s010,210,89,3
5,s010,210,94,7
5,s010,210,95,4
5,s010,210,92,1
5,s010,210,93,1
5,s010,210,66,17
5,s010,210,67,16
5,s010,210,64,2
5,s010,210,65,2
5,s010,210,70,4
5,s010,210,71,3
5,s010,210,68,3
5,s010,210,69,4
5,s010,210,74,3
5,s010,210,72,1
5,s010,210,78,4
5,s010,210,76,1
5,s010,210,114,22
5,s010,210,115,15
5,s010,210,112,6
5,s010,210,113,3
5,s010,210,118,8
5,s010,210,119,4
5,s010,210,116,2
5,s010,210,122,11
5,s010,210,123,1
5,s010,210,120,1
5,s010,210,121,1
5,s010,210,126,2
5,s010,210,98,11
5,s010,210,99,5
5,s010,210,96,1
5,s010,210,100,1
5,s010,210,106,1
5,s010,210,107,1
5,s010,210,18,25
5,s010,210,19,18
5,s010,210,16,11
5,s010,210,17,7
5,s010,210,22,5
5,s010,210,23,4
5,s010,210,20,2
5,s010,210,21,2
5,s010,210,26,6
5,s010,210,27,5
5,s010,210,25,2
5,s010,210,30,2
5,s010,210,29,2
5,s010,210,2,5
5,s010,210,3,2
5,s010,210,0,1
5,s010,210,1,1
5,s010,210,10,2
5,s010,210,11,1
5,s010,210,8,1
5,s010,210,50,6
5,s010,210,51,5
5,s010,210,48,3
5,s010,210,55,1
5,s010,210,52,2
5,s010,210,58,1
5,s010,210,56,1
5,s010,210,57,1
5,s010,210,62,1
5,s010,210,63,1
5,s010,210,60,1
5,s010,210,61,1
5,s010,210,34,2
5,s010,210,38,1
5,s011,197,197,420
5,s011,197,196,116
5,s011,197,199,135
5,s011,197,198,27
5,s011,197,193,82
5,s011,197,192,26
5,s011,197,195,24
5,s011,197,194,16
5,s011,197,205,91
5,s011,197,204,26
5,s011,197,207,37
5,s011,197,206,6
5,s011,197,201,35
5,s011,197,200,8
5,s011,197,203,5
5,s011,197,213,58
5,s011,197,212,22
5,s011,197,215,24
5,s011,197,214,9
5,s011,197,209,25
5,s011,197,208,3
5,s011,197,211,4
5,s011,197,210,1
5,s011,197,221,16
5,s011,197,220,3
5,s011,197,223,2
5,s011,197,217,4
5,s011,197,216,1
5,s011,197,219,1
5,s011,197,229,85
5,s011,197,228,36
5,s011,197,231,23
5,s011,197,230,9
5,s011,197,225,27
5,s011,197,224,7
5,s011,197,227,13
5,s011,197,226,2
5,s011,197,237,12
5,s011,197,236,3
5,s011,197,239,7
5,s011,197,233,11
5,s011,197,232,1
5,s011,197,235,4
5,s011,197,245,12
5,s011,197,244,6
5,s011,197,247,4
5,s011,197,246,1
5,s011,197,241,2
5,s011,197,242,1
5,s011,197,253,4
5,s011,197,255,2
5,s011,197,254,2
5,s011,197,249,3
5,s011,197,251,1
5,s011,197,133,113
5,s011,197,132,19
5,s011,197,135,43
5,s011,197,134,7
5,s011,197,129,20
5,s011,197,128,12
5,s011,197,131,10
5,s011,197,130,1
5,s011,197,141,23
5,s011,197,140,4
5,s011,197,143,9
5,s011,197,142,2
5,s011,197,137,10
5,s011,197,139,2
5,s011,197,149,14
5,s011,197,148,2
5,s011,197,151,7
5,s011,197,150,3
5,s011,197,145,6
5,s011,197,144,2
5,s011,197,147,4
5,s011,197,146,1
5,s011,197,157,5
5,s011,197,156,2
5,s011,197,159,2
5,s011,197,155,1
5,s011,197,165,28
5,s011,197,164,6
5,s011,197,167,11
5,s011,197,166,3
5,s011,197,161,9
5,s011,197,160,2
5,s011,197,163,2
5,s011,197,173,6
5,s011,197,172,4
5,s011,197,175,4
5,s011,197,174,2
5,s011,197,169,2
5,s011,197,170,2
5,s011,197,181,6
5,s011,197,180,1
5,s011,197,183,2
5,s011,197,182,1
5,s011,197,177,5
5,s011,197,179,2
5,s011,197,178,1
5,s011,197,191,2
5,s011,197,69,102
5,s011,197,68,49
5,s011,197,71,22
5,s011,197,70,10
5,s011,197,65,26
5,s011,197,64,13
5,s011,197,67,6
5,s011,197,66,5
5,s011,197,77,24
5,s011,197,76,15
5,s011,197,79,6
5,s011,197,78,3
5,s011,197,73,7
5,s011,197,72,1
5,s011,197,75,4
5,s011,197,74,2
5,s011,197,85,15
5,s011,197,84,3
5,s011,197,87,3
5,s011,197,86,2
5,s011,197,81,2
5,s011,197,80,2
5,s011,197,82,1
5,s011,197,93,3
5,s011,197,95,3
5,s011,197,89,2
5,s011,197,88,1
5,s011,197,101,22
5,s011,197,100,10
5,s011,197,103,3
5,s011,197,102,3
5,s011,197,97,6
5,s011,197,99,2
5,s011,197,98,2
5,s011,197,109,9
5,s011,197,108,5
5,s011,197,111,3
5,s011,197,105,2
5,s011,197,106,1
5,s011,197,117,10
5,s011,197,116,1
5,s011,197,119,3
5,s011,197,114,3
5,s011,197,5,28
5,s011,197,4,7
5,s011,197,7,9
5,s011,197,6,5
5,s011,197,1,6
5,s011,197,0,2
5,s011,197,3,2
5,s011,197,2,2
5,s011,197,13,5
5,s011,197,12,3
5,s011,197,15,2
5,s011,197,9,1
5,s011,197,8,1
5,s011,197,11,1
5,s011,197,10,1
5,s011,197,21,9
5,s011,197,20,1
5,s011,197,23,5
5,s011,197,22,1
5,s011,197,17,1
5,s011,197,16,3
5,s011,197,29,1
5,s011,197,31,1
5,s011,197,27,1
5,s011,197,37,8
5,s011,197,36,3
5,s011,197,39,2
5,s011,197,38,2
5,s011,197,33,3
5,s011,197,32,2
5,s011,197,35,1
5,s011,197,34,1
5,s011,197,45,2
5,s011,197,44,3
5,s011,197,47,1
5,s011,197,41,1
5,s011,197,40,2
5,s011,197,53,1
5,s011,197,55,1
5,s012,32,32,413
5,s012,32,33,135
5,s012,32,34,126
5,s012,32,35,20
5,s012,32,36,110
5,s012,32,37,16
5,s012,32,38,32
5,s012,32,39,2
5,s012,32,40,90
5,s012,32,41,23
5,s012,32,42,18
5,s012,32,43,8
5,s012,32,44,20
5,s012,32,45,6
5,s012,32,46,5
5,s012,32,47,1
5,s012,32,48,67
5,s012,32,49,19
5,s012,32,50,24
5,s012,32,51,2
5,s012,32,52,21
5,s012,32,53,7
5,s012,32,54,7
5,s012,32,56,18
5,s012,32,57,8
5,s012,32,58,6
5,s012,32,59,1
5,s012,32,60,2
5,s012,32,61,1
5,s012,32,0,93
5,s012,32,1,22
5,s012,32,2,20
5,s012,32,3,5
5,s012,32,4,28
5,s012,32,5,11
5,s012,32,6,9
5,s012,32,7,3
5,s012,32,8,24
5,s012,32,9,5
5,s012,32,10,10
5,s012,32,12,5
5,s012,32,13,2
5,s012,32,14,2
5,s012,32,16,14
5,s012,32,17,8
5,s012,32,18,5
5,s012,32,20,14
5,s012,32,24,4
5,s012,32,31,1
5,s012,32,96,104
5,s012,32,97,31
5,s012,32,98,35
5,s012,32,99,11
5,s012,32,100,16
5,s012,32,101,6
5,s012,32,102,7
5,s012,32,103,4
5,s012,32,104,20
5,s012,32,105,5
5,s012,32,106,10
5,s012,32,108,7
5,s012,32,109,2
5,s012,32,110,2
5,s012,32,111,2
5,s012,32,112,21
5,s012,32,113,5
5,s012,32,114,7
5,s012,32,115,4
5,s012,32,116,7
5,s012,32,118,2
5,s012,32,120,6
5,s012,32,122,1
5,s012,32,124,1
5,s012,32,64,30
5,s012,32,65,5
5,s012,32,66,12
5,s012,32,67,4
5,s012,32,68,6
5,s012,32,69,2
5,s012,32,70,5
5,s012,32,71,2
5,s012,32,72,3
5,s012,32,73,1
5,s012,32,74,2
5,s012,32,76,5
5,s012,32,77,1
5,s012,32,80,4
5,s012,32,81,1
5,s012,32,82,1
5,s012,32,83,1
5,s012,32,84,2
5,s012,32,86,1
5,s012,32,87,1
5,s012,32,88,1
5,s012,32,89,2
5,s012,32,91,1
5,s012,32,160,114
5,s012,32,161,57
5,s012,32,162,29
5,s012,32,163,11
5,s012,32,164,21
5,s012,32,165,6
5,s012,32,166,10
5,s012,32,167,2
5,s012,32,168,24
5,s012,32,169,7
5,s012,32,170,6
5,s012,32,171,5
5,s012,32,172,8
5,s012,32,173,2
5,s012,32,174,3
5,s012,32,176,9
5,s012,32,177,8
5,s012,32,178,6
5,s012,32,179,1
5,s012,32,180,3
5,s012,32,181,3
5,s012,32,182,1
5,s012,32,183,1
5,s012,32,184,8
5,s012,32,185,1
5,s012,32,188,1
5,s012,32,128,20
5,s012,32,129,11
5,s012,32,130,7
5,s012,32,131,11
5,s012,32,132,9
5,s012,32,133,3
5,s012,32,134,1
5,s012,32,135,1
5,s012,32,136,3
5,s012,32,137,4
5,s012,32,138,1
5,s012,32,139,1
5,s012,32,140,2
5,s012,32,141,2
5,s012,32,142,1
5,s012,32,143,2
5,s012,32,144,4
5,s012,32,145,1
5,s012,32,146,1
5,s012,32,147,1
5,s012,32,148,4
5,s012,32,149,1
5,s012,32,150,1
5,s012,32,153,1
5,s012,32,154,1
5,s012,32,156,1
5,s012,32,224,19
5,s012,32,225,11
5,s012,32,226,15
5,s012,32,227,6
5,s012,32,228,3
5,s012,32,229,3
5,s012,32,230,2
5,s012,32,231,2
5,s012,32,232,4
5,s012,32,233,2
5,s012,32,234,1
5,s012,32,236,1
5,s012,32,240,4
5,s012,32,241,3
5,s012,32,242,2
5,s012,32,243,1
5,s012,32,244,1
5,s012,32,246,1
5,s012,32,248,1
5,s012,32,249,1
5,s012,32,250,1
5,s012,32,251,1
5,s012,32,192,6
5,s012,32,193,3
5,s012,32,194,2
5,s012,32,195,3
5,s012,32,196,2
5,s012,32,200,1
5,s012,32,201,1
5,s012,32,210,2
5,s012,32,211,2
5,s013,12,12,456
5,s013,12,13,115
5,s013,12,14,123
5,s013,12,15,29
5,s013,12,8,108
5,s013,12,9,21
5,s013,12,10,27
5,s013,12,11,8
5,s013,12,4,117
5,s013,12,5,37
5,s013,12,6,29
5,s013,12,7,6
5,s013,12,0,26
5,s013,12,1,6
5,s013,12,2,4
5,s013,12,3,2
5,s013,12,28,74
5,s013,12,29,20
5,s013,12,30,20
5,s013,12,31,5
5,s013,12,24,17
5,s013,12,25,1
5,s013,12,26,3
5,s013,12,27,2
5,s013,12,20,13
5,s013,12,21,5
5,s013,12,22,9
5,s013,12,23,1
5,s013,12,16,1
5,s013,12,18,1
5,s013,12,19,1
5,s013,12,44,111
5,s013,12,45,34
5,s013,12,46,21
5,s013,12,47,8
5,s013,12,40,38
5,s013,12,41,14
5,s013,12,42,10
5,s013,12,43,3
5,s013,12,36,25
5,s013,12,37,11
5,s013,12,38,6
5,s013,12,39,3
5,s013,12,32,6
5,s013,12,33,3
5,s013,12,35,1
5,s013,12,60,23
5,s013,12,61,6
5,s013,12,62,4
5,s013,12,56,2
5,s013,12,57,3
5,s013,12,58,2
5,s013,12,59,1
5,s013,12,52,3
5,s013,12,53,3
5,s013,12,54,1
5,s013,12,55,3
5,s013,12,48,1
5,s013,12,76,123
5,s013,12,77,37
5,s013,12,78,50
5,s013,12,79,20
5,s013,12,72,32
5,s013,12,73,15
5,s013,12,74,11
5,s013,12,75,4
5,s013,12,68,27
5,s013,12,69,7
5,s013,12,70,11
5,s013,12,71,3
5,s013,12,64,2
5,s013,12,65,1
5,s013,12,66,4
5,s013,12,67,1
5,s013,12,92,19
5,s013,12,93,5
5,s013,12,94,9
5,s013,12,95,2
5,s013,12,88,6
5,s013,12,90,4
5,s013,12,84,3
5,s013,12,85,1
5,s013,12,86,4
5,s013,12,108,30
5,s013,12,109,10
5,s013,12,110,11
5,s013,12,111,3
5,s013,12,104,4
5,s013,12,105,4
5,s013,12,106,3
5,s013,12,107,1
5,s013,12,100,5
5,s013,12,101,3
5,s013,12,102,5
5,s013,12,103,1
5,s013,12,96,2
5,s013,12,97,1
5,s013,12,124,4
5,s013,12,125,1
5,s013,12,120,1
5,s013,12,121,1
5,s013,12,122,1
5,s013,12,140,110
5,s013,12,141,49
5,s013,12,142,28
5,s013,12,143,15
5,s013,12,136,26
5,s013,12,137,5
5,s013,12,138,9
5,s013,12,139,3
5,s013,12,132,32
5,s013,12,133,7
5,s013,12,134,10
5,s013,12,135,5
5,s013,12,128,8
5,s013,12,129,1
5,s013,12,130,2
5,s013,12,131,1
5,s013,12,156,22
5,s013,12,157,10
5,s013,12,158,4
5,s013,12,159,1
5,s013,12,152,4
5,s013,12,153,2
5,s013,12,154,1
5,s013,12,155,1
5,s013,12,148,9
5,s013,12,149,2
5,s013,12,151,1
5,s013,12,145,1
5,s013,12,146,1
5,s013,12,172,22
5,s013,12,173,10
5,s013,12,174,10
5,s013,12,175,3
5,s013,12,168,8
5,s013,12,169,3
5,s013,12,170,1
5,s013,12,171,2
5,s013,12,164,9
5,s013,12,165,4
5,s013,12,166,5
5,s013,12,167,1
5,s013,12,160,2
5,s013,12,162,2
5,s013,12,163,1
5,s013,12,188,5
5,s013,12,189,3
5,s013,12,190,4
5,s013,12,191,2
5,s013,12,185,2
5,s013,12,182,1
5,s013,12,204,31
5,s013,12,205,17
5,s013,12,206,11
5,s013,12,207,4
5,s013,12,200,7
5,s013,12,201,5
5,s013,12,202,3
5,s013,12,203,2
5,s013,12,196,3
5,s013,12,197,3
5,s013,12,198,3
5,s013,12,199,1
5,s013,12,192,1
5,s013,12,193,2
5,s013,12,194,2
5,s013,12,220,6
5,s013,12,221,1
5,s013,12,216,1
5,s013,12,219,2
5,s013,12,212,1
5,s013,12,236,2
5,s013,12,237,3
5,s013,12,238,3
5,s013,12,239,2
5,s013,12,232,3
5,s013,12,234,2
5,s013,12,235,1
5,s013,12,229,1
5,s013,12,226,1
5,s013,12,227,2
5,s013,12,247,1
5,s014,252,252,391
5,s014,252,253,107
5,s014,252,254,117
5,s014,252,255,31
5,s014,252,248,96
5,s014,252,249,33
5,s014,252,250,33
5,s014,252,251,14
5,s014,252,244,110
5,s014,252,245,29
5,s014,252,246,28
5,s014,252,247,11
5,s014,252,240,21
5,s014,252,241,8
5,s014,252,242,7
5,s014,252,243,2
5,s014,252,236,76
5,s014,252,237,14
5,s014,252,238,19
5,s014,252,239,5
5,s014,252,232,26
5,s014,252,233,2
5,s014,252,234,5
5,s014,252,228,21
5,s014,252,229,6
5,s014,252,230,2
5,s014,252,231,1
5,s014,252,224,3
5,s014,252,225,4
5,s014,252,226,2
5,s014,252,227,1
5,s014,252,220,91
5,s014,252,221,33
5,s014,252,222,30
5,s014,252,223,9
5,s014,252,216,32
5,s014,252,217,16
5,s014,252,218,7
5,s014,252,219,3
5,s014,252,212,24
5,s014,252,213,8
5,s014,252,214,6
5,s014,252,215,2
5,s014,252,208,5
5,s014,252,209,3
5,s014,252,210,4
5,s014,252,211,2
5,s014,252,204,22
5,s014,252,205,3
5,s014,252,206,3
5,s014,252,200,6
5,s014,252,202,1
5,s014,252,196,4
5,s014,252,197,2
5,s014,252,193,1
5,s014,252,188,104
5,s014,252,189,39
5,s014,252,190,34
5,s014,252,191,12
5,s014,252,184,23
5,s014,252,185,7
5,s014,252,186,6
5,s014,252,187,5
5,s014,252,180,27
5,s014,252,181,4
5,s014,252,182,14
5,s014,252,183,2
5,s014,252,176,5
5,s014,252,177,1
5,s014,252,178,4
5,s014,252,179,1
5,s014,252,172,20
5,s014,252,173,7
5,s014,252,174,9
5,s014,252,175,2
5,s014,252,168,5
5,s014,252,169,2
5,s014,252,170,3
5,s014,252,164,5
5,s014,252,165,3
5,s014,252,167,1
5,s014,252,156,24
5,s014,252,157,4
5,s014,252,158,10
5,s014,252,159,4
5,s014,252,152,13
5,s014,252,153,2
5,s014,252,154,8
5,s014,252,155,1
5,s014,252,148,7
5,s014,252,149,5
5,s014,252,150,6
5,s014,252,144,3
5,s014,252,145,1
5,s014,252,140,5
5,s014,252,143,2
5,s014,252,132,4
5,s014,252,134,1
5,s014,252,124,96
5,s014,252,125,40
5,s014,252,126,23
5,s014,252,127,13
5,s014,252,120,11
5,s014,252,121,9
5,s014,252,122,11
5,s014,252,123,5
5,s014,252,116,16
5,s014,252,117,12
5,s014,252,118,6
5,s014,252,119,4
5,s014,252,112,6
5,s014,252,113,3
5,s014,252,114,2
5,s014,252,115,1
5,s014,252,108,15
5,s014,252,109,8
5,s014,252,110,9
5,s014,252,104,5
5,s014,252,105,1
5,s014,252,106,1
5,s014,252,100,6
5,s014,252,101,1
5,s014,252,96,2
5,s014,252,92,31
5,s014,252,93,17
5,s014,252,94,7
5,s014,252,95,4
5,s014,252,88,9
5,s014,252,89,2
5,s014,252,90,2
5,s014,252,84,8
5,s014,252,85,3
5,s014,252,86,3
5,s014,252,87,3
5,s014,252,80,1
5,s014,252,81,2
5,s014,252,82,1
5,s014,252,76,5
5,s014,252,77,1
5,s014,252,78,2
5,s014,252,72,2
5,s014,252,73,3
5,s014,252,75,1
5,s014,252,69,2
5,s014,252,60,25
5,s014,252,61,12
5,s014,252,62,18
5,s014,252,63,5
5,s014,252,56,5
5,s014,252,57,1
5,s014,252,58,3
5,s014,252,59,1
5,s014,252,52,5
5,s014,252,53,4
5,s014,252,54,5
5,s014,252,55,1
5,s014,252,44,3
5,s014,252,45,1
5,s014,252,46,2
5,s014,252,47,2
5,s014,252,42,1
5,s014,252,36,2
5,s014,252,38,1
5,s014,252,32,1
5,s014,252,34,1
5,s014,252,28,2
5,s014,252,29,2
5,s014,252,30,2
5,s014,252,26,1
5,s014,252,27,2
5,s014,252,20,2
5,s014,252,22,1
5,s014,252,18,1
5,s014,252,12,2
5,s014,252,13,1
5,s014,252,15,1
5,s015,123,123,436
5,s015,123,122,118
5,s015,123,121,122
5,s015,123,120,39
5,s015,123,127,99
5,s015,123,126,27
5,s015,123,125,27
5,s015,123,124,12
5,s015,123,115,112
5,s015,123,114,33
5,s015,123,113,28
5,s015,123,112,6
5,s015,123,119,34
5,s015,123,118,7
5,s015,123,117,7
5,s015,123,116,1
5,s015,123,107,76
5,s015,123,106,16
5,s015,123,105,17
5,s015,123,104,5
5,s015,123,111,25
5,s015,123,110,6
5,s015,123,109,3
5,s015,123,99,22
5,s015,123,98,6
5,s015,123,97,4
5,s015,123,96,1
5,s015,123,103,5
5,s015,123,102,3
5,s015,123,91,88
5,s015,123,90,34
5,s015,123,89,31
5,s015,123,88,11
5,s015,123,95,26
5,s015,123,94,16
5,s015,123,93,13
5,s015,123,92,3
5,s015,123,83,26
5,s015,123,82,6
5,s015,123,81,8
5,s015,123,80,1
5,s015,123,87,7
5,s015,123,86,2
5,s015,123,85,1
5,s015,123,84,1
5,s015,123,75,22
5,s015,123,74,4
5,s015,123,73,7
5,s015,123,72,1
5,s015,123,79,6
5,s015,123,78,3
5,s015,123,77,1
5,s015,123,67,1
5,s015,123,66,2
5,s015,123,65,2
5,s015,123,71,2
5,s015,123,70,1
5,s015,123,59,104
5,s015,123,58,27
5,s015,123,57,48
5,s015,123,56,12
5,s015,123,63,27
5,s015,123,62,6
5,s015,123,61,11
5,s015,123,60,6
5,s015,123,51,36
5,s015,123,50,5
5,s015,123,49,14
5,s015,123,48,1
5,s015,123,55,4
5,s015,123,54,1
5,s015,123,53,2
5,s015,123,43,11
5,s015,123,42,5
5,s015,123,41,3
5,s015,123,40,2
5,s015,123,47,6
5,s015,123,46,3
5,s015,123,45,1
5,s015,123,35,4
5,s015,123,34,2
5,s015,123,33,4
5,s015,123,39,1
5,s015,123,37,1
5,s015,123,27,36
5,s015,123,26,13
5,s015,123,25,17
5,s015,123,24,3
5,s015,123,31,12
5,s015,123,30,10
5,s015,123,29,1
5,s015,123,28,2
5,s015,123,19,5
5,s015,123,18,2
5,s015,123,17,1
5,s015,123,23,1
5,s015,123,22,2
5,s015,123,11,3
5,s015,123,10,3
5,s015,123,9,3
5,s015,123,8,1
5,s015,123,14,1
5,s015,123,251,119
5,s015,123,250,46
5,s015,123,249,24
5,s015,123,248,11
5,s015,123,255,17
5,s015,123,254,12
5,s015,123,253,4
5,s015,123,252,4
5,s015,123,243,22
5,s015,123,242,11
5,s015,123,241,9
5,s015,123,240,8
5,s015,123,247,5
5,s015,123,246,4
5,s015,123,245,2
5,s015,123,244,1
5,s015,123,235,29
5,s015,123,234,12
5,s015,123,233,2
5,s015,123,232,2
5,s015,123,239,4
5,s015,123,238,4
5,s015,123,237,2
5,s015,123,227,6
5,s015,123,226,2
5,s015,123,225,2
5,s015,123,224,1
5,s015,123,219,27
5,s015,123,218,9
5,s015,123,217,4
5,s015,123,216,5
5,s015,123,223,8
5,s015,123,221,6
5,s015,123,220,2
5,s015,123,211,5
5,s015,123,210,3
5,s015,123,209,3
5,s015,123,208,3
5,s015,123,215,3
5,s015,123,203,7
5,s015,123,202,4
5,s015,123,201,2
5,s015,123,200,1
5,s015,123,205,1
5,s015,123,192,1
5,s015,123,187,29
5,s015,123,186,26
5,s015,123,185,14
5,s015,123,184,6
5,s015,123,191,8
5,s015,123,190,5
5,s015,123,189,4
5,s015,123,188,1
5,s015,123,179,7
5,s015,123,178,2
5,s015,123,177,2
5,s015,123,176,3
5,s015,123,182,2
5,s015,123,181,2
5,s015,123,171,3
5,s015,123,169,3
5,s015,123,174,2
5,s015,123,173,1
5,s015,123,172,1
5,s015,123,163,2
5,s015,123,160,1
5,s015,123,155,7
5,s015,123,154,1
5,s015,123,153,1
5,s015,123,159,2
5,s015,123,158,2
5,s015,123,157,1
5,s015,123,147,3
5,s015,123,146,2
5,s015,123,144,1
5,s015,123,151,1
5,s015,123,150,1
5,s015,123,139,2
5,s015,123,137,1
5,s015,123,136,1
5,s015,123,143,1
5,s015,123,142,1
5,s016,51,51,418
5,s016,51,50,97
5,s016,51,49,122
5,s016,51,48,28
5,s016,51,55,103
5,s016,51,54,38
5,s016,51,53,29
5,s016,51,52,8
5,s016,51,59,117
5,s016,51,58,35
5,s016,51,57,24
5,s016,51,56,3
5,s016,51,63,20
5,s016,51,62,12
5,s016,51,61,3
5,s016,51,60,3
5,s016,51,35,69
5,s016,51,34,16
5,s016,51,33,20
5,s016,51,32,10
5,s016,51,39,22
5,s016,51,38,4
5,s016,51,37,1
5,s016,51,36,1
5,s016,51,43,19
5,s016,51,42,4
5,s016,51,41,6
5,s016,51,40,1
5,s016,51,47,5
5,s016,51,19,88
5,s016,51,18,47
5,s016,51,17,23
5,s016,51,16,11
5,s016,51,23,26
5,s016,51,22,8
5,s016,51,21,7
5,s016,51,20,3
5,s016,51,27,17
5,s016,51,26,4
5,s016,51,25,3
5,s016,51,24,1
5,s016,51,31,4
5,s016,51,30,3
5,s016,51,29,3
5,s016,51,28,1
5,s016,51,3,25
5,s016,51,2,4
5,s016,51,1,6
5,s016,51,0,2
5,s016,51,7,6
5,s016,51,6,1
5,s016,51,5,2
5,s016,51,11,11
5,s016,51,10,2
5,s016,51,9,2
5,s016,51,15,1
5,s016,51,14,1
5,s016,51,115,126
5,s016,51,114,30
5,s016,51,113,47
5,s016,51,112,8
5,s016,51,119,30
5,s016,51,118,9
5,s016,51,117,17
5,s016,51,116,2
5,s016,51,123,16
5,s016,51,122,10
5,s016,51,121,10
5,s016,51,120,2
5,s016,51,127,7
5,s016,51,125,2
5,s016,51,124,2
5,s016,51,99,26
5,s016,51,98,5
5,s016,51,97,8
5,s016,51,96,2
5,s016,51,103,4
5,s016,51,102,2
5,s016,51,107,6
5,s016,51,105,1
5,s016,51,111,2
5,s016,51,108,1
5,s016,51,83,22
5,s016,51,82,6
5,s016,51,81,9
5,s016,51,80,5
5,s016,51,87,5
5,s016,51,86,4
5,s016,51,85,3
5,s016,51,84,1
5,s016,51,91,8
5,s016,51,90,3
5,s016,51,89,1
5,s016,51,88,1
5,s016,51,95,1
5,s016,51,93,1
5,s016,51,67,11
5,s016,51,65,3
5,s016,51,64,2
5,s016,51,75,1
5,s016,51,179,98
5,s016,51,178,36
5,s016,51,177,26
5,s016,51,176,13
5,s016,51,183,28
5,s016,51,182,4
5,s016,51,181,6
5,s016,51,180,5
5,s016,51,187,26
5,s016,51,186,10
5,s016,51,185,5
5,s016,51,184,4
5,s016,51,191,1
5,s016,51,190,3
5,s016,51,189,1
5,s016,51,188,1
5,s016,51,163,15
5,s016,51,162,9
5,s016,51,161,4
5,s016,51,160,3
5,s016,51,167,6
5,s016,51,166,1
5,s016,51,171,2
5,s016,51,169,2
5,s016,51,175,1
5,s016,51,174,1
5,s016,51,147,18
5,s016,51,146,14
5,s016,51,145,6
5,s016,51,144,1
5,s016,51,151,5
5,s016,51,149,1
5,s016,51,148,2
5,s016,51,155,9
5,s016,51,154,2
5,s016,51,153,3
5,s016,51,152,2
5,s016,51,159,2
5,s016,51,158,1
5,s016,51,157,1
5,s016,51,131,4
5,s016,51,130,1
5,s016,51,128,1
5,s016,51,132,1
5,s016,51,139,1
5,s016,51,138,1
5,s016,51,243,31
5,s016,51,242,17
5,s016,51,241,14
5,s016,51,240,7
5,s016,51,247,6
5,s016,51,246,1
5,s016,51,245,2
5,s016,51,244,2
5,s016,51,251,7
5,s016,51,250,5
5,s016,51,249,3
5,s016,51,248,1
5,s016,51,255,1
5,s016,51,254,2
5,s016,51,253,1
5,s016,51,252,2
5,s016,51,227,5
5,s016,51,225,2
5,s016,51,224,1
5,s016,51,230,1
5,s016,51,235,1
5,s016,51,233,1
5,s016,51,211,9
5,s016,51,210,3
5,s016,51,209,4
5,s016,51,208,3
5,s016,51,215,1
5,s016,51,214,1
5,s016,51,213,1
5,s016,51,219,1
5,s016,51,223,3
5,s016,51,221,1
5,s016,51,195,2
5,s016,51,194,1
5,s016,51,193,2
5,s016,51,202,1
5,s016,51,200,1
5,s016,51,207,1
5,s017,142,142,445
5,s017,142,143,121
5,s017,142,140,95
5,s017,142,141,27
5,s017,142,138,98
5,s017,142,139,28
5,s017,142,136,26
5,s017,142,137,9
5,s017,142,134,108
5,s017,142,135,38
5,s017,142,132,28
5,s017,142,133,10
5,s017,142,130,23
5,s017,142,131,7
5,s017,142,128,7
5,s017,142,129,3
5,s017,142,158,67
5,s017,142,159,18
5,s017,142,156,23
5,s017,142,157,8
5,s017,142,154,15
5,s017,142,155,4
5,s017,142,152,3
5,s017,142,153,3
5,s017,142,150,17
5,s017,142,151,2
5,s017,142,148,7
5,s017,142,149,1
5,s017,142,146,2
5,s017,142,144,1
5,s017,142,145,1
5,s017,142,174,89
5,s017,142,175,36
5,s017,142,172,25
5,s017,142,173,11
5,s017,142,170,35
5,s017,142,171,11
5,s017,142,168,6
5,s017,142,166,23
5,s017,142,167,4
5,s017,142,164,4
5,s017,142,165,4
5,s017,142,162,6
5,s017,142,163,2
5,s017,142,160,4
5,s017,142,161,1
5,s017,142,190,25
5,s017,142,191,8
5,s017,142,188,4
5,s017,142,189,1
5,s017,142,186,7
5,s017,142,187,2
5,s017,142,184,2
5,s017,142,182,2
5,s017,142,183,1
5,s017,142,180,3
5,s017,142,179,1
5,s017,142,206,104
5,s017,142,207,37
5,s017,142,204,54
5,s017,142,205,23
5,s017,142,202,24
5,s017,142,203,4
5,s017,142,200,9
5,s017,142,201,3
5,s017,142,198,25
5,s017,142,199,6
5,s017,142,196,17
5,s017,142,197,4
5,s017,142,194,4
5,s017,142,195,1
5,s017,142,192,1
5,s017,142,193,2
5,s017,142,222,19
5,s017,142,223,6
5,s017,142,220,8
5,s017,142,218,4
5,s017,142,219,1
5,s017,142,216,2
5,s017,142,217,1
5,s017,142,214,3
5,s017,142,215,1
5,s017,142,212,2
5,s017,142,213,1
5,s017,142,238,27
5,s017,142,239,13
5,s017,142,236,13
5,s017,142,237,5
5,s017,142,234,8
5,s017,142,235,6
5,s017,142,232,5
5,s017,142,233,1
5,s017,142,230,7
5,s017,142,231,3
5,s017,142,228,3
5,s017,142,229,3
5,s017,142,226,3
5,s017,142,227,1
5,s017,142,225,1
5,s017,142,254,6
5,s017,142,255,2
5,s017,142,253,1
5,s017,142,250,1
5,s017,142,251,1
5,s017,142,248,1
5,s017,142,242,1
5,s017,142,243,1
5,s017,142,14,110
5,s017,142,15,53
5,s017,142,12,27
5,s017,142,13,17
5,s017,142,10,21
5,s017,142,11,8
5,s017,142,8,3
5,s017,142,9,2
5,s017,142,6,14
5,s017,142,7,17
5,s017,142,4,4
5,s017,142,5,3
5,s017,142,2,5
5,s017,142,3,5
5,s017,142,0,2
5,s017,142,30,19
5,s017,142,31,6
5,s017,142,28,5
5,s017,142,29,6
5,s017,142,26,6
5,s017,142,27,1
5,s017,142,25,1
5,s017,142,22,7
5,s017,142,23,1
5,s017,142,19,1
5,s017,142,46,21
5,s017,142,47,19
5,s017,142,44,6
5,s017,142,45,4
5,s017,142,42,12
5,s017,142,43,1
5,s017,142,41,1
5,s017,142,38,7
5,s017,142,39,4
5,s017,142,36,3
5,s017,142,37,1
5,s017,142,34,2
5,s017,142,35,1
5,s017,142,62,5
5,s017,142,63,5
5,s017,142,60,2
5,s017,142,61,1
5,s017,142,58,2
5,s017,142,54,1
5,s017,142,55,2
5,s017,142,78,43
5,s017,142,79,8
5,s017,142,76,11
5,s017,142,77,3
5,s017,142,74,6
5,s017,142,75,2
5,s017,142,72,1
5,s017,142,73,2
5,s017,142,70,6
5,s017,142,71,3
5,s017,142,66,2
5,s017,142,67,4
5,s017,142,64,1
5,s017,142,94,4
5,s017,142,95,4
5,s017,142,92,6
5,s017,142,90,1
5,s017,142,87,1
5,s017,142,110,4
5,s017,142,111,7
5,s017,142,108,1
5,s017,142,109,5
5,s017,142,106,4
5,s017,142,107,3
5,s017,142,104,2
5,s017,142,105,1
5,s017,142,102,1
5,s017,142,100,1
5,s017,142,101,1
5,s017,142,98,1
5,s018,175,175,405
5,s018,175,174,113
5,s018,175,173,104
5,s018,175,172,22
5,s018,175,171,113
5,s018,175,170,27
5,s018,175,169,26
5,s018,175,168,14
5,s018,175,167,117
5,s018,175,166,31
5,s018,175,165,17
5,s018,175,164,11
5,s018,175,163,29
5,s018,175,162,10
5,s018,175,161,5
5,s018,175,160,4
5,s018,175,191,80
5,s018,175,190,19
5,s018,175,189,26
5,s018,175,188,5
5,s018,175,187,16
5,s018,175,186,6
5,s018,175,185,8
5,s018,175,184,4
5,s018,175,183,20
5,s018,175,182,4
5,s018,175,181,8
5,s018,175,180,1
5,s018,175,179,4
5,s018,175,178,2
5,s018,175,177,4
5,s018,175,176,2
5,s018,175,143,98
5,s018,175,142,33
5,s018,175,141,18
5,s018,175,140,9
5,s018,175,139,22
5,s018,175,138,13
5,s018,175,137,5
5,s018,175,136,6
5,s018,175,135,21
5,s018,175,134,10
5,s018,175,133,8
5,s018,175,132,5
5,s018,175,131,4
5,s018,175,130,2
5,s018,175,129,1
5,s018,175,128,1
5,s018,175,159,16
5,s018,175,158,7
5,s018,175,157,5
5,s018,175,156,3
5,s018,175,155,7
5,s018,175,154,5
5,s018,175,153,2
5,s018,175,152,1
5,s018,175,151,2
5,s018,175,149,1
5,s018,175,148,2
5,s018,175,147,1
5,s018,175,145,1
5,s018,175,239,100
5,s018,175,238,36
5,s018,175,237,47
5,s018,175,236,11
5,s018,175,235,42
5,s018,175,234,5
5,s018,175,233,9
5,s018,175,232,6
5,s018,175,231,18
5,s018,175,230,8
5,s018,175,229,10
5,s018,175,227,13
5,s018,175,226,2
5,s018,175,225,6
5,s018,175,255,24
5,s018,175,254,5
5,s018,175,253,6
5,s018,175,252,3
5,s018,175,251,5
5,s018,175,250,3
5,s018,175,249,1
5,s018,175,247,4
5,s018,175,246,2
5,s018,175,245,3
5,s018,175,241,1
5,s018,175,207,34
5,s018,175,206,7
5,s018,175,205,8
5,s018,175,204,1
5,s018,175,203,5
5,s018,175,202,3
5,s018,175,201,4
5,s018,175,200,1
5,s018,175,199,6
5,s018,175,198,3
5,s018,175,197,3
5,s018,175,223,2
5,s018,175,222,2
5,s018,175,221,3
5,s018,175,218,1
5,s018,175,215,2
5,s018,175,210,1
5,s018,175,47,99
5,s018,175,46,34
5,s018,175,45,20
5,s018,175,44,19
5,s018,175,43,16
5,s018,175,42,10
5,s018,175,41,5
5,s018,175,40,4
5,s018,175,39,23
5,s018,175,38,5
5,s018,175,37,8
5,s018,175,36,3
5,s018,175,35,8
5,s018,175,33,1
5,s018,175,32,3
5,s018,175,63,17
5,s018,175,62,2
5,s018,175,61,8
5,s018,175,60,7
5,s018,175,59,4
5,s018,175,58,1
5,s018,175,57,1
5,s018,175,56,1
5,s018,175,55,3
5,s018,175,54,1
5,s018,175,50,1
5,s018,175,15,12
5,s018,175,14,13
5,s018,175,13,3
5,s018,175,12,5
5,s018,175,11,5
5,s018,175,10,5
5,s018,175,9,3
5,s018,175,8,1
5,s018,175,7,9
5,s018,175,6,11
5,s018,175,5,2
5,s018,175,4,2
5,s018,175,3,6
5,s018,175,2,2
5,s018,175,0,1
5,s018,175,31,8
5,s018,175,30,2
5,s018,175,27,2
5,s018,175,23,2
5,s018,175,22,1
5,s018,175,21,1
5,s018,175,111,26
5,s018,175,110,12
5,s018,175,109,8
5,s018,175,108,4
5,s018,175,107,7
5,s018,175,106,3
5,s018,175,105,1
5,s018,175,104,2
5,s018,175,103,7
5,s018,175,102,10
5,s018,175,101,2
5,s018,175,100,1
5,s018,175,99,6
5,s018,175,98,3
5,s018,175,97,3
5,s018,175,127,5
5,s018,175,126,2
5,s018,175,125,2
5,s018,175,123,1
5,s018,175,122,1
5,s018,175,118,1
5,s018,175,116,1
5,s018,175,113,1
5,s018,175,79,7
5,s018,175,78,8
5,s018,175,77,2
5,s018,175,76,2
5,s018,175,75,2
5,s018,175,74,1
5,s018,175,72,2
5,s018,175,71,1
5,s018,175,70,1
5,s018,175,68,1
5,s018,175,67,2
5,s018,175,66,2
5,s018,175,94,1
5,s018,175,89,1
5,s018,175,86,1
5,s019,36,36,401
5,s019,36,37,94
5,s019,36,38,103
5,s019,36,39,41
5,s019,36,32,101
5,s019,36,33,35
5,s019,36,34,29
5,s019,36,35,5
5,s019,36,44,92
5,s019,36,45,31
5,s019,36,46,32
5,s019,36,47,7
5,s019,36,40,21
5,s019,36,41,9
5,s019,36,42,5
5,s019,36,52,83
5,s019,36,53,21
5,s019,36,54,17
5,s019,36,55,6
5,s019,36,48,15
5,s019,36,49,4
5,s019,36,50,4
5,s019,36,60,15
5,s019,36,61,3
5,s019,36,62,4
5,s019,36,56,4
5,s019,36,57,3
5,s019,36,58,2
5,s019,36,4,92
5,s019,36,5,32
5,s019,36,6,30
5,s019,36,7,7
5,s019,36,0,32
5,s019,36,1,7
5,s019,36,2,8
5,s019,36,3,4
5,s019,36,12,26
5,s019,36,13,5
5,s019,36,14,7
5,s019,36,15,5
5,s019,36,8,6
5,s019,36,9,1
5,s019,36,20,16
5,s019,36,21,8
5,s019,36,22,4
5,s019,36,23,3
5,s019,36,16,6
5,s019,36,17,4
5,s019,36,18,1
5,s019,36,28,8
5,s019,36,29,2
5,s019,36,30,1
5,s019,36,31,2
5,s019,36,24,2
5,s019,36,25,1
5,s019,36,100,102
5,s019,36,101,29
5,s019,36,102,40
5,s019,36,103,8
5,s019,36,96,20
5,s019,36,97,10
5,s019,36,98,10
5,s019,36,99,3
5,s019,36,108,26
5,s019,36,109,8
5,s019,36,110,12
5,s019,36,111,5
5,s019,36,104,7
5,s019,36,105,1
5,s019,36,106,1
5,s019,36,116,21
5,s019,36,117,6
5,s019,36,118,6
5,s019,36,119,3
5,s019,36,112,4
5,s019,36,113,2
5,s019,36,114,4
5,s019,36,124,3
5,s019,36,126,2
5,s019,36,127,1
5,s019,36,120,2
5,s019,36,68,24
5,s019,36,69,8
5,s019,36,70,7
5,s019,36,71,5
5,s019,36,64,7
5,s019,36,65,2
5,s019,36,67,1
5,s019,36,76,7
5,s019,36,77,3
5,s019,36,78,2
5,s019,36,72,5
5,s019,36,73,1
5,s019,36,74,1
5,s019,36,75,1
5,s019,36,84,5
5,s019,36,85,2
5,s019,36,86,2
5,s019,36,80,2
5,s019,36,82,2
5,s019,36,88,1
5,s019,36,164,93
5,s019,36,165,43
5,s019,36,166,27
5,s019,36,167,14
5,s019,36,160,22
5,s019,36,161,9
5,s019,36,162,5
5,s019,36,163,5
5,s019,36,172,24
5,s019,36,173,12
5,s019,36,174,7
5,s019,36,175,3
5,s019,36,168,8
5,s019,36,169,1
5,s019,36,170,1
5,s019,36,171,2
5,s019,36,180,16
5,s019,36,181,10
5,s019,36,182,3
5,s019,36,176,1
5,s019,36,177,2
5,s019,36,178,2
5,s019,36,188,9
5,s019,36,190,2
5,s019,36,191,1
5,s019,36,185,3
5,s019,36,186,1
5,s019,36,132,17
5,s019,36,133,12
5,s019,36,134,6
5,s019,36,135,5
5,s019,36,128,10
5,s019,36,129,3
5,s019,36,130,5
5,s019,36,140,4
5,s019,36,141,3
5,s019,36,142,1
5,s019,36,136,1
5,s019,36,148,4
5,s019,36,149,3
5,s019,36,150,1
5,s019,36,144,1
5,s019,36,146,1
5,s019,36,159,2
5,s019,36,228,30
5,s019,36,229,10
5,s019,36,230,9
5,s019,36,231,4
5,s019,36,224,7
5,s019,36,225,3
5,s019,36,226,2
5,s019,36,236,1
5,s019,36,237,4
5,s019,36,238,4
5,s019,36,239,2
5,s019,36,232,2
5,s019,36,233,2
5,s019,36,244,3
5,s019,36,245,3
5,s019,36,246,6
5,s019,36,240,2
5,s019,36,241,1
5,s019,36,242,1
5,s019,36,252,2
5,s019,36,196,7
5,s019,36,197,3
5,s019,36,198,1
5,s019,36,199,1
5,s019,36,192,6
5,s019,36,194,1
5,s019,36,195,1
5,s019,36,204,2
5,s019,36,206,2
5,s019,36,212,1
5,s019,36,214,1
5,s019,36,209,1
5,s019,36,211,1
5,s020,236,236,391
5,s020,236,237,114
5,s020,236,238,132
5,s020,236,239,27
5,s020,236,232,111
5,s020,236,233,22
5,s020,236,234,22
5,s020,236,235,6
5,s020,236,228,113
5,s020,236,229,27
5,s020,236,230,31
5,s020,236,231,2
5,s020,236,224,28
5,s020,236,225,9
5,s020,236,226,5
5,s020,236,227,2
5,s020,236,252,66
5,s020,236,253,18
5,s020,236,254,26
5,s020,236,255,9
5,s020,236,248,18
5,s020,236,249,2
5,s020,236,250,7
5,s020,236,251,1
5,s020,236,244,14
5,s020,236,245,6
5,s020,236,247,1
5,s020,236,241,2
5,s020,236,204,96
5,s020,236,205,31
5,s020,236,206,22
5,s020,236,207,6
5,s020,236,200,28
5,s020,236,201,12
5,s020,236,202,4
5,s020,236,196,24
5,s020,236,197,12
5,s020,236,198,7
5,s020,236,199,5
5,s020,236,192,12
5,s020,236,193,1
5,s020,236,194,1
5,s020,236,195,2
5,s020,236,220,16
5,s020,236,221,6
5,s020,236,222,10
5,s020,236,223,4
5,s020,236,216,6
5,s020,236,217,2
5,s020,236,218,1
5,s020,236,212,5
5,s020,236,213,1
5,s020,236,214,1
5,s020,236,209,2
5,s020,236,172,112
5,s020,236,173,24
5,s020,236,174,54
5,s020,236,175,15
5,s020,236,168,26
5,s020,236,169,10
5,s020,236,170,11
5,s020,236,171,2
5,s020,236,164,26
5,s020,236,165,8
5,s020,236,166,9
5,s020,236,167,1
5,s020,236,160,6
5,s020,236,161,4
5,s020,236,162,1
5,s020,236,188,16
5,s020,236,189,6
5,s020,236,190,6
5,s020,236,184,1
5,s020,236,185,2
5,s020,236,186,1
5,s020,236,180,8
5,s020,236,181,1
5,s020,236,182,1
5,s020,236,176,1
5,s020,236,140,31
5,s020,236,141,9
5,s020,236,142,5
5,s020,236,143,6
5,s020,236,136,5
5,s020,236,137,1
5,s020,236,138,4
5,s020,236,139,1
5,s020,236,132,3
5,s020,236,133,2
5,s020,236,134,6
5,s020,236,128,3
5,s020,236,129,1
5,s020,236,156,4
5,s020,236,157,2
5,s020,236,159,1
5,s020,236,146,1
5,s020,236,108,90
5,s020,236,109,54
5,s020,236,110,23
5,s020,236,111,14
5,s020,236,104,22
5,s020,236,105,10
5,s020,236,106,5
5,s020,236,107,4
5,s020,236,100,24
5,s020,236,101,6
5,s020,236,102,8
5,s020,236,103,3
5,s020,236,96,2
5,s020,236,97,1
5,s020,236,98,4
5,s020,236,99,2
5,s020,236,124,21
5,s020,236,125,6
5,s020,236,126,4
5,s020,236,127,4
5,s020,236,120,7
5,s020,236,121,2
5,s020,236,122,2
5,s020,236,123,2
5,s020,236,116,4
5,s020,236,117,1
5,s020,236,118,2
5,s020,236,119,2
5,s020,236,114,1
5,s020,236,76,21
5,s020,236,77,16
5,s020,236,78,6
5,s020,236,79,3
5,s020,236,72,4
5,s020,236,73,5
5,s020,236,74,4
5,s020,236,75,2
5,s020,236,68,7
5,s020,236,69,3
5,s020,236,70,2
5,s020,236,64,2
5,s020,236,67,1
5,s020,236,92,3
5,s020,236,93,1
5,s020,236,94,1
5,s020,236,88,2
5,s020,236,90,1
5,s020,236,91,1
5,s020,236,84,3
5,s020,236,85,1
5,s020,236,81,2
5,s020,236,83,1
5,s020,236,44,36
5,s020,236,45,20
5,s020,236,46,18
5,s020,236,47,10
5,s020,236,40,6
5,s020,236,41,5
5,s020,236,42,4
5,s020,236,43,1
5,s020,236,36,13
5,s020,236,37,3
5,s020,236,38,4
5,s020,236,39,2
5,s020,236,32,3
5,s020,236,60,7
5,s020,236,61,3
5,s020,236,62,2
5,s020,236,63,4
5,s020,236,56,1
5,s020,236,57,1
5,s020,236,58,1
5,s020,236,52,3
5,s020,236,53,1
5,s020,236,12,9
5,s020,236,13,4
5,s020,236,14,1
5,s020,236,15,4
5,s020,236,8,3
5,s020,236,10,1
5,s020,236,11,1
5,s020,236,4,1
5,s020,236,5,1
5,s020,236,7,1
5,s020,236,28,4
5,s020,236,29,1
5,s021,180,180,445
5,s021,180,181,102
5,s021,180,182,118
5,s021,180,183,28
5,s021,180,176,99
5,s021,180,177,22
5,s021,180,178,28
5,s021,180,179,13
5,s021,180,188,117
5,s021,180,189,24
5,s021,180,190,21
5,s021,180,191,10
5,s021,180,184,24
5,s021,180,185,5
5,s021,180,186,1
5,s021,180,164,61
5,s021,180,165,20
5,s021,180,166,15
5,s021,180,167,2
5,s021,180,160,20
5,s021,180,161,5
5,s021,180,162,2
5,s021,180,163,2
5,s021,180,172,17
5,s021,180,173,1
5,s021,180,174,9
5,s021,180,175,3
5,s021,180,168,5
5,s021,180,169,1
5,s021,180,170,2
5,s021,180,148,96
5,s021,180,149,27
5,s021,180,150,27
5,s021,180,151,6
5,s021,180,144,29
5,s021,180,145,8
5,s021,180,146,11
5,s021,180,147,7
5,s021,180,156,25
5,s021,180,157,8
5,s021,180,158,10
5,s021,180,159,1
5,s021,180,152,9
5,s021,180,153,3
5,s021,180,155,1
5,s021,180,132,13
5,s021,180,133,7
5,s021,180,134,6
5,s021,180,135,1
5,s021,180,128,4
5,s021,180,129,2
5,s021,180,130,2
5,s021,180,140,6
5,s021,180,141,1
5,s021,180,136,3
5,s021,180,138,2
5,s021,180,244,119
5,s021,180,245,28
5,s021,180,246,61
5,s021,180,247,19
5,s021,180,240,31
5,s021,180,241,9
5,s021,180,242,14
5,s021,180,243,2
5,s021,180,252,23
5,s021,180,253,3
5,s021,180,254,11
5,s021,180,255,1
5,s021,180,248,4
5,s021,180,249,2
5,s021,180,250,1
5,s021,180,251,1
5,s021,180,228,18
5,s021,180,229,5
5,s021,180,230,10
5,s021,180,231,2
5,s021,180,224,4
5,s021,180,225,1
5,s021,180,226,2
5,s021,180,236,3
5,s021,180,237,2
5,s021,180,238,2
5,s021,180,212,17
5,s021,180,213,13
5,s021,180,214,11
5,s021,180,215,3
5,s021,180,208,11
5,s021,180,209,2
5,s021,180,210,5
5,s021,180,211,2
5,s021,180,220,3
5,s021,180,221,3
5,s021,180,222,2
5,s021,180,223,1
5,s021,180,217,2
5,s021,180,218,3
5,s021,180,196,3
5,s021,180,197,3
5,s021,180,192,1
5,s021,180,194,1
5,s021,180,204,2
5,s021,180,206,1
5,s021,180,52,120
5,s021,180,53,36
5,s021,180,54,24
5,s021,180,55,8
5,s021,180,48,24
5,s021,180,49,12
5,s021,180,50,10
5,s021,180,51,4
5,s021,180,60,18
5,s021,180,61,10
5,s021,180,62,5
5,s021,180,63,1
5,s021,180,56,6
5,s021,180,57,2
5,s021,180,58,2
5,s021,180,59,2
5,s021,180,36,13
5,s021,180,37,11
5,s021,180,38,8
5,s021,180,39,3
5,s021,180,32,4
5,s021,180,33,2
5,s021,180,34,2
5,s021,180,44,3
5,s021,180,45,1
5,s021,180,47,1
5,s021,180,41,1
5,s021,180,20,24
5,s021,180,21,11
5,s021,180,22,2
5,s021,180,23,7
5,s021,180,16,8
5,s021,180,17,2
5,s021,180,18,1
5,s021,180,19,1
5,s021,180,28,7
5,s021,180,29,7
5,s021,180,30,2
5,s021,180,24,1
5,s021,180,25,1
5,s021,180,4,5
5,s021,180,5,1
5,s021,180,6,1
5,s021,180,1,3
5,s021,180,12,1
5,s021,180,13,1
5,s021,180,116,33
5,s021,180,117,19
5,s021,180,118,12
5,s021,180,119,4
5,s021,180,112,8
5,s021,180,114,3
5,s021,180,124,6
5,s021,180,125,3
5,s021,180,126,1
5,s021,180,127,1
5,s021,180,121,1
5,s021,180,100,5
5,s021,180,101,3
5,s021,180,102,2
5,s021,180,103,1
5,s021,180,96,2
5,s021,180,108,1
5,s021,180,84,3
5,s021,180,85,1
5,s021,180,86,3
5,s021,180,87,1
5,s021,180,80,3
5,s021,180,81,1
5,s021,180,82,2
5,s021,180,83,1
5,s021,180,92,1
5,s021,180,89,1
5,s021,180,90,1
5,s021,180,68,2
5,s021,180,69,1
5,s021,180,71,1
5,s021,180,67,1
5,s021,180,76,1
5,s022,52,52,420
5,s022,52,53,114
5,s022,52,54,96
5,s022,52,55,37
5,s022,52,48,118
5,s022,52,49,25
5,s022,52,50,28
5,s022,52,51,8
5,s022,52,60,103
5,s022,52,61,23
5,s022,52,62,22
5,s022,52,63,16
5,s022,52,56,18
5,s022,52,57,4
5,s022,52,58,6
5,s022,52,59,3
5,s022,52,36,74
5,s022,52,37,10
5,s022,52,38,16
5,s022,52,39,1
5,s022,52,32,23
5,s022,52,33,5
5,s022,52,35,1
5,s022,52,44,10
5,s022,52,45,3
5,s022,52,46,5
5,s022,52,40,4
5,s022,52,41,1
5,s022,52,42,2
5,s022,52,43,1
5,s022,52,20,105
5,s022,52,21,37
5,s022,52,22,19
5,s022,52,23,4
5,s022,52,16,18
5,s022,52,17,13
5,s022,52,18,11
5,s022,52,19,2
5,s022,52,28,23
5,s022,52,29,5
5,s022,52,30,8
5,s022,52,31,4
5,s022,52,24,11
5,s022,52,25,1
5,s022,52,26,2
5,s022,52,4,13
5,s022,52,5,6
5,s022,52,6,3
5,s022,52,7,4
5,s022,52,0,2
5,s022,52,1,2
5,s022,52,2,3
5,s022,52,12,3
5,s022,52,13,3
5,s022,52,14,1
5,s022,52,15,2
5,s022,52,8,1
5,s022,52,11,1
5,s022,52,116,112
5,s022,52,117,29
5,s022,52,118,42
5,s022,52,119,13
5,s022,52,112,20
5,s022,52,113,5
5,s022,52,114,7
5,s022,52,124,26
5,s022,52,125,4
5,s022,52,126,12
5,s022,52,127,4
5,s022,52,120,9
5,s022,52,122,1
5,s022,52,123,1
5,s022,52,100,18
5,s022,52,101,9
5,s022,52,102,6
5,s022,52,103,3
5,s022,52,96,4
5,s022,52,97,1
5,s022,52,98,1
5,s022,52,108,5
5,s022,52,109,1
5,s022,52,104,5
5,s022,52,84,27
5,s022,52,85,3
5,s022,52,86,9
5,s022,52,87,4
5,s022,52,80,7
5,s022,52,81,3
5,s022,52,82,5
5,s022,52,92,9
5,s022,52,93,1
5,s022,52,94,1
5,s022,52,95,2
5,s022,52,88,2
5,s022,52,90,1
5,s022,52,68,2
5,s022,52,70,1
5,s022,52,76,3
5,s022,52,72,1
5,s022,52,180,89
5,s022,52,181,44
5,s022,52,182,19
5,s022,52,183,17
5,s022,52,176,27
5,s022,52,177,11
5,s022,52,178,6
5,s022,52,179,2
5,s022,52,188,25
5,s022,52,189,12
5,s022,52,190,4
5,s022,52,191,6
5,s022,52,184,9
5,s022,52,185,2
5,s022,52,186,1
5,s022,52,164,17
5,s022,52,165,5
5,s022,52,166,7
5,s022,52,167,2
5,s022,52,160,4
5,s022,52,161,1
5,s022,52,172,5
5,s022,52,173,3
5,s022,52,174,3
5,s022,52,175,2
5,s022,52,168,1
5,s022,52,148,26
5,s022,52,149,11
5,s022,52,150,3
5,s022,52,151,5
5,s022,52,144,9
5,s022,52,145,8
5,s022,52,146,2
5,s022,52,147,2
5,s022,52,156,5
5,s022,52,157,3
5,s022,52,158,2
5,s022,52,152,4
5,s022,52,153,4
5,s022,52,155,3
5,s022,52,132,2
5,s022,52,133,1
5,s022,52,134,2
5,s022,52,128,2
5,s022,52,129,1
5,s022,52,141,1
5,s022,52,136,2
5,s022,52,244,20
5,s022,52,245,10
5,s022,52,246,11
5,s022,52,247,3
5,s022,52,240,4
5,s022,52,241,2
5,s022,52,242,5
5,s022,52,243,2
5,s022,52,252,1
5,s022,52,253,3
5,s022,52,254,4
5,s022,52,255,1
5,s022,52,248,4
5,s022,52,250,4
5,s022,52,228,6
5,s022,52,229,8
5,s022,52,230,1
5,s022,52,224,1
5,s022,52,225,1
5,s022,52,237,1
5,s022,52,238,1
5,s022,52,212,5
5,s022,52,213,5
5,s022,52,214,3
5,s022,52,215,3
5,s022,52,208,3
5,s022,52,209,1
5,s022,52,210,1
5,s022,52,221,2
5,s022,52,217,1
5,s022,52,197,1
5,s022,52,198,1
5,s022,52,192,1
5,s022,52,205,1
5,s023,21,21,411
5,s023,21,20,105
5,s023,21,23,116
5,s023,21,22,29
5,s023,21,17,115
5,s023,21,16,23
5,s023,21,19,23
5,s023,21,18,5
5,s023,21,29,116
5,s023,21,28,26
5,s023,21,31,30
5,s023,21,30,7
5,s023,21,25,26
5,s023,21,24,7
5,s023,21,27,6
5,s023,21,26,1
5,s023,21,5,81
5,s023,21,4,19
5,s023,21,7,14
5,s023,21,6,9
5,s023,21,1,20
5,s023,21,0,3
5,s023,21,3,7
5,s023,21,2,1
5,s023,21,13,15
5,s023,21,12,5
5,s023,21,15,7
5,s023,21,14,3
5,s023,21,9,2
5,s023,21,8,1
5,s023,21,11,2
5,s023,21,53,87
5,s023,21,52,33
5,s023,21,55,24
5,s023,21,54,8
5,s023,21,49,29
5,s023,21,48,12
5,s023,21,51,8
5,s023,21,50,5
5,s023,21,61,16
5,s023,21,60,5
5,s023,21,63,10
5,s023,21,62,3
5,s023,21,57,5
5,s023,21,56,6
5,s023,21,59,4
5,s023,21,58,1
5,s023,21,37,19
5,s023,21,36,12
5,s023,21,39,6
5,s023,21,38,3
5,s023,21,33,6
5,s023,21,35,1
5,s023,21,34,1
5,s023,21,45,4
5,s023,21,44,1
5,s023,21,47,1
5,s023,21,41,4
5,s023,21,40,1
5,s023,21,43,1
5,s023,21,85,111
5,s023,21,84,27
5,s023,21,87,43
5,s023,21,86,14
5,s023,21,81,29
5,s023,21,80,10
5,s023,21,83,10
5,s023,21,82,5
5,s023,21,93,25
5,s023,21,92,5
5,s023,21,95,6
5,s023,21,94,2
5,s023,21,89,7
5,s023,21,88,1
5,s023,21,91,3
5,s023,21,69,32
5,s023,21,68,7
5,s023,21,71,17
5,s023,21,70,3
5,s023,21,65,8
5,s023,21,64,1
5,s023,21,67,3
5,s023,21,66,3
5,s023,21,77,8
5,s023,21,79,4
5,s023,21,73,2
5,s023,21,117,31
5,s023,21,116,9
5,s023,21,119,10
5,s023,21,118,6
5,s023,21,113,8
5,s023,21,112,1
5,s023,21,115,3
5,s023,21,114,1
5,s023,21,125,6
5,s023,21,124,1
5,s023,21,127,3
5,s023,21,121,4
5,s023,21,120,1
5,s023,21,123,1
5,s023,21,101,4
5,s023,21,103,1
5,s023,21,97,4
5,s023,21,99,3
5,s023,21,109,2
5,s023,21,111,1
5,s023,21,104,1
5,s023,21,107,1
5,s023,21,149,104
5,s023,21,148,39
5,s023,21,151,23
5,s023,21,150,8
5,s023,21,145,22
5,s023,21,144,10
5,s023,21,147,7
5,s023,21,146,1
5,s023,21,157,27
5,s023,21,156,9
5,s023,21,159,9
5,s023,21,158,4
5,s023,21,153,4
5,s023,21,152,1
5,s023,21,133,12
5,s023,21,132,8
5,s023,21,135,3
5,s023,21,134,1
5,s023,21,129,1
5,s023,21,128,1
5,s023,21,130,1
5,s023,21,141,5
5,s023,21,140,5
5,s023,21,143,1
5,s023,21,137,4
5,s023,21,181,23
5,s023,21,180,12
5,s023,21,183,8
5,s023,21,182,5
5,s023,21,177,5
5,s023,21,176,5
5,s023,21,179,2
5,s023,21,178,3
5,s023,21,189,5
5,s023,21,188,2
5,s023,21,191,1
5,s023,21,185,2
5,s023,21,184,1
5,s023,21,187,1
5,s023,21,186,1
5,s023,21,165,2
5,s023,21,164,3
5,s023,21,167,3
5,s023,21,166,1
5,s023,21,161,3
5,s023,21,160,1
5,s023,21,174,1
5,s023,21,168,1
5,s023,21,213,25
5,s023,21,212,13
5,s023,21,215,8
5,s023,21,214,1
5,s023,21,209,8
5,s023,21,208,3
5,s023,21,211,3
5,s023,21,221,5
5,s023,21,220,1
5,s023,21,223,2
5,s023,21,222,1
5,s023,21,217,3
5,s023,21,216,1
5,s023,21,219,1
5,s023,21,218,1
5,s023,21,197,7
5,s023,21,196,2
5,s023,21,199,1
5,s023,21,198,2
5,s023,21,192,1
5,s023,21,204,1
5,s023,21,245,11
5,s023,21,244,3
5,s023,21,247,3
5,s023,21,246,3
5,s023,21,241,1
5,s023,21,243,1
5,s023,21,253,2
5,s023,21,252,1
5,s023,21,255,1
5,s023,21,249,2
5,s023,21,251,1
5,s023,21,250,1
5,s023,21,228,1
5,s023,21,230,1
5,s023,21,225,1
5,s023,21,226,1
5,s024,42,42,443
5,s024,42,43,141
5,s024,42,40,131
5,s024,42,41,30
5,s024,42,46,92
5,s024,42,47,33
5,s024,42,44,27
5,s024,42,45,9
5,s024,42,34,87
5,s024,42,35,27
5,s024,42,32,40
5,s024,42,33,6
5,s024,42,38,20
5,s024,42,39,3
5,s024,42,36,10
5,s024,42,37,2
5,s024,42,58,67
5,s024,42,59,16
5,s024,42,56,18
5,s024,42,57,6
5,s024,42,62,26
5,s024,42,63,4
5,s024,42,60,3
5,s024,42,61,3
5,s024,42,50,21
5,s024,42,51,2
5,s024,42,48,6
5,s024,42,49,3
5,s024,42,54,5
5,s024,42,55,1
5,s024,42,10,101
5,s024,42,11,39
5,s024,42,8,26
5,s024,42,9,10
5,s024,42,14,39
5,s024,42,15,9
5,s024,42,12,9
5,s024,42,13,1
5,s024,42,2,24
5,s024,42,3,9
5,s024,42,0,5
5,s024,42,1,3
5,s024,42,6,7
5,s024,42,7,1
5,s024,42,4,4
5,s024,42,26,18
5,s024,42,27,4
5,s024,42,24,5
5,s024,42,25,2
5,s024,42,30,5
5,s024,42,31,3
5,s024,42,28,2
5,s024,42,18,3
5,s024,42,22,1
5,s024,42,106,120
5,s024,42,107,24
5,s024,42,104,33
5,s024,42,105,21
5,s024,42,110,26
5,s024,42,111,11
5,s024,42,108,17
5,s024,42,109,3
5,s024,42,98,31
5,s024,42,99,9
5,s024,42,96,8
5,s024,42,97,1
5,s024,42,102,6
5,s024,42,103,4
5,s024,42,100,3
5,s024,42,122,16
5,s024,42,123,4
5,s024,42,120,13
5,s024,42,126,7
5,s024,42,127,1
5,s024,42,114,4
5,s024,42,115,1
5,s024,42,112,3
5,s024,42,113,1
5,s024,42,118,2
5,s024,42,74,22
5,s024,42,75,10
5,s024,42,72,7
5,s024,42,73,3
5,s024,42,78,9
5,s024,42,79,4
5,s024,42,76,4
5,s024,42,77,2
5,s024,42,66,8
5,s024,42,67,1
5,s024,42,64,1
5,s024,42,65,1
5,s024,42,70,3
5,s024,42,90,3
5,s024,42,91,2
5,s024,42,88,3
5,s024,42,89,1
5,s024,42,94,1
5,s024,42,92,1
5,s024,42,82,1
5,s024,42,83,1
5,s024,42,86,1
5,s024,42,170,102
5,s024,42,171,47
5,s024,42,168,27
5,s024,42,169,12
5,s024,42,174,19
5,s024,42,175,9
5,s024,42,172,10
5,s024,42,173,4
5,s024,42,162,26
5,s024,42,163,8
5,s024,42,160,9
5,s024,42,161,2
5,s024,42,166,6
5,s024,42,167,6
5,s024,42,164,1
5,s024,42,186,20
5,s024,42,187,8
5,s024,42,185,2
5,s024,42,190,3
5,s024,42,191,5
5,s024,42,188,1
5,s024,42,178,7
5,s024,42,179,3
5,s024,42,176,4
5,s024,42,138,27
5,s024,42,139,13
5,s024,42,136,11
5,s024,42,137,1
5,s024,42,142,8
5,s024,42,143,4
5,s024,42,140,1
5,s024,42,141,2
5,s024,42,130,7
5,s024,42,131,3
5,s024,42,128,1
5,s024,42,134,2
5,s024,42,154,3
5,s024,42,155,5
5,s024,42,152,1
5,s024,42,153,1
5,s024,42,158,3
5,s024,42,156,1
5,s024,42,146,3
5,s024,42,150,1
5,s024,42,234,27
5,s024,42,235,18
5,s024,42,232,14
5,s024,42,233,7
5,s024,42,238,7
5,s024,42,239,4
5,s024,42,226,9
5,s024,42,227,2
5,s024,42,224,3
5,s024,42,230,2
5,s024,42,231,1
5,s024,42,229,1
5,s024,42,250,3
5,s024,42,251,4
5,s024,42,248,3
5,s024,42,249,1
5,s024,42,254,1
5,s024,42,252,1
5,s024,42,242,1
5,s024,42,202,9
5,s024,42,203,6
5,s024,42,200,2
5,s024,42,201,1
5,s024,42,206,2
5,s024,42,207,2
5,s024,42,205,1
5,s024,42,194,1
5,s024,42,192,1
5,s024,42,218,2
5,s024,42,216,1
5,s025,64,64,436
5,s025,64,65,104
5,s025,64,66,106
5,s025,64,67,31
5,s025,64,68,100
5,s025,64,69,15
5,s025,64,70,39
5,s025,64,71,5
5,s025,64,72,100
5,s025,64,73,32
5,s025,64,74,29
5,s025,64,75,8
5,s025,64,76,31
5,s025,64,77,14
5,s025,64,78,10
5,s025,64,79,1
5,s025,64,80,81
5,s025,64,81,25
5,s025,64,82,17
5,s025,64,83,3
5,s025,64,84,19
5,s025,64,85,9
5,s025,64,86,3
5,s025,64,87,2
5,s025,64,88,16
5,s025,64,89,7
5,s025,64,90,2
5,s025,64,91,2
5,s025,64,92,5
5,s025,64,93,1
5,s025,64,94,3
5,s025,64,96,92
5,s025,64,97,37
5,s025,64,98,25
5,s025,64,99,12
5,s025,64,100,34
5,s025,64,101,17
5,s025,64,102,10
5,s025,64,103,6
5,s025,64,104,16
5,s025,64,105,7
5,s025,64,106,5
5,s025,64,107,4
5,s025,64,108,7
5,s025,64,109,5
5,s025,64,110,3
5,s025,64,112,14
5,s025,64,113,11
5,s025,64,114,6
5,s025,64,116,10
5,s025,64,117,2
5,s025,64,118,2
5,s025,64,120,3
5,s025,64,122,1
5,s025,64,124,3
5,s025,64,125,1
5,s025,64,0,116
5,s025,64,1,22
5,s025,64,2,44
5,s025,64,3,10
5,s025,64,4,23
5,s025,64,5,9
5,s025,64,6,12
5,s025,64,7,3
5,s025,64,8,36
5,s025,64,9,7
5,s025,64,10,9
5,s025,64,11,3
5,s025,64,12,9
5,s025,64,13,2
5,s025,64,14,3
5,s025,64,16,30
5,s025,64,17,5
5,s025,64,18,9
5,s025,64,19,2
5,s025,64,20,10
5,s025,64,22,4
5,s025,64,24,4
5,s025,64,25,1
5,s025,64,28,2
5,s025,64,30,1
5,s025,64,32,26
5,s025,64,33,9
5,s025,64,34,19
5,s025,64,35,1
5,s025,64,36,11
5,s025,64,37,4
5,s025,64,38,4
5,s025,64,40,4
5,s025,64,41,4
5,s025,64,42,1
5,s025,64,44,4
5,s025,64,46,2
5,s025,64,47,1
5,s025,64,48,6
5,s025,64,49,2
5,s025,64,50,4
5,s025,64,51,1
5,s025,64,52,5
5,s025,64,56,1
5,s025,64,58,3
5,s025,64,62,1
5,s025,64,192,124
5,s025,64,193,44
5,s025,64,194,21
5,s025,64,195,6
5,s025,64,196,31
5,s025,64,197,11
5,s025,64,198,12
5,s025,64,199,5
5,s025,64,200,20
5,s025,64,201,5
5,s025,64,202,10
5,s025,64,203,3
5,s025,64,204,7
5,s025,64,205,2
5,s025,64,206,1
5,s025,64,208,17
5,s025,64,209,9
5,s025,64,210,2
5,s025,64,212,3
5,s025,64,213,2
5,s025,64,214,1
5,s025,64,216,4
5,s025,64,217,1
5,s025,64,218,1
5,s025,64,219,1
5,s025,64,220,1
5,s025,64,224,30
5,s025,64,225,12
5,s025,64,226,11
5,s025,64,227,3
5,s025,64,228,18
5,s025,64,229,4
5,s025,64,230,7
5,s025,64,231,1
5,s025,64,232,6
5,s025,64,233,2
5,s025,64,234,3
5,s025,64,235,1
5,s025,64,236,6
5,s025,64,237,1
5,s025,64,238,1
5,s025,64,240,7
5,s025,64,241,1
5,s025,64,245,1
5,s025,64,248,2
5,s025,64,249,1
5,s025,64,252,1
5,s025,64,128,35
5,s025,64,129,7
5,s025,64,130,12
5,s025,64,131,5
5,s025,64,132,11
5,s025,64,133,1
5,s025,64,134,5
5,s025,64,135,2
5,s025,64,136,5
5,s025,64,137,3
5,s025,64,138,1
5,s025,64,140,1
5,s025,64,141,1
5,s025,64,144,4
5,s025,64,145,2
5,s025,64,148,2
5,s025,64,150,1
5,s025,64,152,2
5,s025,64,153,1
5,s025,64,158,2
5,s025,64,160,11
5,s025,64,161,1
5,s025,64,162,2
5,s025,64,163,1
5,s025,64,164,2
5,s025,64,165,2
5,s025,64,166,1
5,s025,64,168,1
5,s025,64,174,1
5,s025,64,177,1
5,s025,64,178,1
5,s025,64,180,1
5,s025,64,185,1
5,s025,64,190,1
5,s026,8,8,415
5,s026,8,9,110
5,s026,8,10,113
5,s026,8,11,33
5,s026,8,12,109
5,s026,8,13,27
5,s026,8,14,21
5,s026,8,15,13
5,s026,8,0,88
5,s026,8,1,25
5,s026,8,2,31
5,s026,8,3,4
5,s026,8,4,18
5,s026,8,5,6
5,s026,8,6,9
5,s026,8,7,1
5,s026,8,24,83
5,s026,8,25,20
5,s026,8,26,21
5,s026,8,27,4
5,s026,8,28,16
5,s026,8,29,6
5,s026,8,30,8
5,s026,8,16,17
5,s026,8,17,8
5,s026,8,18,2
5,s026,8,19,1
5,s026,8,20,5
5,s026,8,22,4
5,s026,8,40,104
5,s026,8,41,37
5,s026,8,42,24
5,s026,8,43,5
5,s026,8,44,37
5,s026,8,45,11
5,s026,8,46,8
5,s026,8,47,2
5,s026,8,32,30
5,s026,8,33,5
5,s026,8,34,7
5,s026,8,35,4
5,s026,8,36,4
5,s026,8,37,4
5,s026,8,38,2
5,s026,8,56,18
5,s026,8,57,5
5,s026,8,58,3
5,s026,8,59,2
5,s026,8,60,7
5,s026,8,61,1
5,s026,8,62,2
5,s026,8,63,1
5,s026,8,48,3
5,s026,8,49,2
5,s026,8,51,1
5,s026,8,52,1
5,s026,8,53,1
5,s026,8,72,107
5,s026,8,73,30
5,s026,8,74,49
5,s026,8,75,9
5,s026,8,76,24
5,s026,8,77,8
5,s026,8,78,7
5,s026,8,79,2
5,s026,8,64,19
5,s026,8,65,9
5,s026,8,66,9
5,s026,8,67,1
5,s026,8,68,4
5,s026,8,69,1
5,s026,8,70,3
5,s026,8,88,18
5,s026,8,89,4
5,s026,8,90,8
5,s026,8,91,4
5,s026,8,92,6
5,s026,8,93,1
5,s026,8,80,8
5,s026,8,81,2
5,s026,8,82,3
5,s026,8,83,1
5,s026,8,84,1
5,s026,8,104,30
5,s026,8,105,14
5,s026,8,106,7
5,s026,8,108,12
5,s026,8,109,1
5,s026,8,110,1
5,s026,8,111,1
5,s026,8,96,2
5,s026,8,101,3
5,s026,8,120,8
5,s026,8,121,1
5,s026,8,122,3
5,s026,8,124,2
5,s026,8,125,1
5,s026,8,112,1
5,s026,8,114,1
5,s026,8,117,1
5,s026,8,136,88
5,s026,8,137,36
5,s026,8,138,30
5,s026,8,139,9
5,s026,8,140,26
5,s026,8,141,11
5,s026,8,142,5
5,s026,8,143,5
5,s026,8,128,31
5,s026,8,129,6
5,s026,8,130,6
5,s026,8,131,4
5,s026,8,132,2
5,s026,8,134,3
5,s026,8,135,2
5,s026,8,152,14
5,s026,8,153,14
5,s026,8,154,6
5,s026,8,155,6
5,s026,8,156,5
5,s026,8,157,3
5,s026,8,159,1
5,s026,8,144,4
5,s026,8,145,1
5,s026,8,146,1
5,s026,8,148,1
5,s026,8,149,2
5,s026,8,151,1
5,s026,8,168,22
5,s026,8,169,13
5,s026,8,170,4
5,s026,8,171,1
5,s026,8,172,10
5,s026,8,173,3
5,s026,8,174,1
5,s026,8,160,3
5,s026,8,161,3
5,s026,8,162,3
5,s026,8,164,1
5,s026,8,165,1
5,s026,8,167,1
5,s026,8,184,5
5,s026,8,185,2
5,s026,8,186,1
5,s026,8,188,2
5,s026,8,191,1
5,s026,8,176,1
5,s026,8,200,34
5,s026,8,201,10
5,s026,8,202,14
5,s026,8,203,4
5,s026,8,204,10
5,s026,8,205,2
5,s026,8,206,1
5,s026,8,207,1
5,s026,8,192,10
5,s026,8,193,2
5,s026,8,194,2
5,s026,8,195,1
5,s026,8,197,1
5,s026,8,216,5
5,s026,8,217,3
5,s026,8,218,2
5,s026,8,220,1
5,s026,8,222,1
5,s026,8,208,2
5,s026,8,209,1
5,s026,8,232,6
5,s026,8,233,6
5,s026,8,234,4
5,s026,8,235,1
5,s026,8,236,4
5,s026,8,237,2
5,s026,8,224,2
5,s026,8,225,2
5,s026,8,226,1
5,s026,8,229,1
5,s026,8,248,1
5,s026,8,249,1
5,s026,8,250,1
5,s026,8,240,1
5,s027,94,94,469
5,s027,94,95,108
5,s027,94,92,116
5,s027,94,93,31
5,s027,94,90,111
5,s027,94,91,29
5,s027,94,88,35
5,s027,94,89,9
5,s027,94,86,113
5,s027,94,87,33
5,s027,94,84,27
5,s027,94,85,9
5,s027,94,82,25
5,s027,94,83,8
5,s027,94,80,10
5,s027,94,81,2
5,s027,94,78,79
5,s027,94,79,16
5,s027,94,76,20
5,s027,94,77,4
5,s027,94,74,18
5,s027,94,75,6
5,s027,94,72,3
5,s027,94,73,2
5,s027,94,70,16
5,s027,94,71,2
5,s027,94,68,7
5,s027,94,69,1
5,s027,94,66,4
5,s027,94,64,1
5,s027,94,126,84
5,s027,94,127,31
5,s027,94,124,16
5,s027,94,125,9
5,s027,94,122,25
5,s027,94,123,7
5,s027,94,120,10
5,s027,94,121,2
5,s027,94,118,24
5,s027,94,119,9
5,s027,94,116,9
5,s027,94,114,11
5,s027,94,115,2
5,s027,94,112,2
5,s027,94,110,21
5,s027,94,111,8
5,s027,94,108,3
5,s027,94,109,2
5,s027,94,106,5
5,s027,94,104,2
5,s027,94,105,1
5,s027,94,102,7
5,s027,94,101,1
5,s027,94,98,2
5,s027,94,99,1
5,s027,94,30,127
5,s027,94,31,21
5,s027,94,28,56
5,s027,94,29,7
5,s027,94,26,38
5,s027,94,27,9
5,s027,94,24,9
5,s027,94,25,4
5,s027,94,22,27
5,s027,94,23,7
5,s027,94,20,9
5,s027,94,21,3
5,s027,94,18,4
5,s027,94,19,4
5,s027,94,16,4
5,s027,94,17,1
5,s027,94,14,16
5,s027,94,15,5
5,s027,94,12,10
5,s027,94,13,1
5,s027,94,10,7
5,s027,94,11,1
5,s027,94,8,2
5,s027,94,9,2
5,s027,94,6,6
5,s027,94,7,3
5,s027,94,5,1
5,s027,94,2,2
5,s027,94,62,21
5,s027,94,63,11
5,s027,94,60,11
5,s027,94,61,5
5,s027,94,58,8
5,s027,94,59,4
5,s027,94,56,2
5,s027,94,54,6
5,s027,94,55,4
5,s027,94,52,4
5,s027,94,53,1
5,s027,94,50,3
5,s027,94,48,1
5,s027,94,46,5
5,s027,94,47,1
5,s027,94,44,2
5,s027,94,45,1
5,s027,94,42,3
5,s027,94,40,1
5,s027,94,38,1
5,s027,94,34,1
5,s027,94,222,89
5,s027,94,223,41
5,s027,94,220,29
5,s027,94,221,10
5,s027,94,218,23
5,s027,94,219,8
5,s027,94,216,10
5,s027,94,217,3
5,s027,94,214,35
5,s027,94,215,8
5,s027,94,212,7
5,s027,94,213,3
5,s027,94,210,9
5,s027,94,211,3
5,s027,94,208,1
5,s027,94,209,1
5,s027,94,206,23
5,s027,94,207,6
5,s027,94,204,5
5,s027,94,205,3
5,s027,94,202,3
5,s027,94,203,2
5,s027,94,201,3
5,s027,94,199,1
5,s027,94,196,2
5,s027,94,192,1
5,s027,94,254,25
5,s027,94,255,23
5,s027,94,252,10
5,s027,94,253,4
5,s027,94,250,9
5,s027,94,248,5
5,s027,94,249,1
5,s027,94,246,7
5,s027,94,247,4
5,s027,94,244,1
5,s027,94,245,1
5,s027,94,242,2
5,s027,94,241,1
5,s027,94,238,3
5,s027,94,239,4
5,s027,94,236,2
5,s027,94,237,1
5,s027,94,234,1
5,s027,94,235,1
5,s027,94,233,1
5,s027,94,230,2
5,s027,94,231,1
5,s027,94,229,3
5,s027,94,158,29
5,s027,94,159,13
5,s027,94,156,4
5,s027,94,157,4
5,s027,94,154,9
5,s027,94,155,4
5,s027,94,152,3
5,s027,94,150,12
5,s027,94,151,2
5,s027,94,148,5
5,s027,94,149,4
5,s027,94,146,1
5,s027,94,147,1
5,s027,94,144,2
5,s027,94,142,8
5,s027,94,143,4
5,s027,94,140,2
5,s027,94,141,2
5,s027,94,138,2
5,s027,94,139,1
5,s027,94,134,1
5,s027,94,135,1
5,s027,94,190,8
5,s027,94,191,5
5,s027,94,188,3
5,s027,94,189,2
5,s027,94,186,2
5,s027,94,187,2
5,s027,94,184,1
5,s027,94,182,1
5,s027,94,180,2
5,s027,94,181,1
5,s027,94,176,1
5,s027,94,174,2
5,s027,94,175,1
5,s027,94,171,1
5,s028,70,70,442
5,s028,70,71,126
5,s028,70,68,117
5,s028,70,69,30
5,s028,70,66,106
5,s028,70,67,20
5,s028,70,64,34
5,s028,70,65,8
5,s028,70,78,95
5,s028,70,79,29
5,s028,70,76,17
5,s028,70,77,11
5,s028,70,74,35
5,s028,70,75,9
5,s028,70,72,9
5,s028,70,73,1
5,s028,70,86,77
5,s028,70,87,25
5,s028,70,84,12
5,s028,70,85,5
5,s028,70,82,15
5,s028,70,83,5
5,s028,70,80,9
5,s028,70,81,2
5,s028,70,94,18
5,s028,70,95,3
5,s028,70,92,5
5,s028,70,93,3
5,s028,70,90,6
5,s028,70,91,2
5,s028,70,88,1
5,s028,70,102,93
5,s028,70,103,38
5,s028,70,100,33
5,s028,70,101,7
5,s028,70,98,29
5,s028,70,99,11
5,s028,70,96,10
5,s028,70,97,6
5,s028,70,110,19
5,s028,70,111,4
5,s028,70,108,5
5,s028,70,109,3
5,s028,70,106,7
5,s028,70,107,2
5,s028,70,104,5
5,s028,70,118,17
5,s028,70,119,10
5,s028,70,116,5
5,s028,70,117,1
5,s028,70,114,6
5,s028,70,115,6
5,s028,70,112,1
5,s028,70,113,1
5,s028,70,126,6
5,s028,70,127,3
5,s028,70,124,2
5,s028,70,122,1
5,s028,70,120,1
5,s028,70,121,1
5,s028,70,6,100
5,s028,70,7,27
5,s028,70,4,38
5,s028,70,5,12
5,s028,70,2,20
5,s028,70,3,5
5,s028,70,0,9
5,s028,70,14,27
5,s028,70,15,12
5,s028,70,12,9
5,s028,70,13,3
5,s028,70,10,6
5,s028,70,11,2
5,s028,70,9,2
5,s028,70,22,24
5,s028,70,23,10
5,s028,70,20,10
5,s028,70,21,2
5,s028,70,18,4
5,s028,70,19,2
5,s028,70,16,4
5,s028,70,17,1
5,s028,70,30,5
5,s028,70,31,1
5,s028,70,28,4
5,s028,70,26,1
5,s028,70,24,2
5,s028,70,38,32
5,s028,70,39,7
5,s028,70,36,13
5,s028,70,37,6
5,s028,70,34,9
5,s028,70,35,2
5,s028,70,32,4
5,s028,70,33,1
5,s028,70,46,3
5,s028,70,47,3
5,s028,70,44,2
5,s028,70,45,2
5,s028,70,42,1
5,s028,70,43,1
5,s028,70,40,1
5,s028,70,54,7
5,s028,70,52,2
5,s028,70,53,2
5,s028,70,50,2
5,s028,70,51,2
5,s028,70,48,2
5,s028,70,62,1
5,s028,70,63,1
5,s028,70,56,1
5,s028,70,198,112
5,s028,70,199,39
5,s028,70,196,29
5,s028,70,197,17
5,s028,70,194,26
5,s028,70,195,11
5,s028,70,192,11
5,s028,70,193,2
5,s028,70,206,22
5,s028,70,207,10
5,s028,70,204,5
5,s028,70,205,4
5,s028,70,202,3
5,s028,70,203,2
5,s028,70,200,2
5,s028,70,201,1
5,s028,70,214,24
5,s028,70,215,9
5,s028,70,212,8
5,s028,70,213,4
5,s028,70,210,6
5,s028,70,211,2
5,s028,70,208,1
5,s028,70,222,4
5,s028,70,223,2
5,s028,70,220,1
5,s028,70,218,1
5,s028,70,219,1
5,s028,70,230,26
5,s028,70,231,12
5,s028,70,228,6
5,s028,70,229,5
5,s028,70,226,3
5,s028,70,227,4
5,s028,70,224,5
5,s028,70,225,1
5,s028,70,238,3
5,s028,70,239,5
5,s028,70,236,1
5,s028,70,234,3
5,s028,70,235,2
5,s028,70,246,7
5,s028,70,247,1
5,s028,70,244,1
5,s028,70,245,1
5,s028,70,242,2
5,s028,70,243,1
5,s028,70,240,1
5,s028,70,255,1
5,s028,70,252,1
5,s028,70,134,31
5,s028,70,135,14
5,s028,70,132,12
5,s028,70,133,3
5,s028,70,130,5
5,s028,70,131,3
5,s028,70,128,6
5,s028,70,142,5
5,s028,70,143,4
5,s028,70,140,3
5,s028,70,141,2
5,s028,70,138,2
5,s028,70,139,1
5,s028,70,136,1
5,s028,70,150,6
5,s028,70,151,1
5,s028,70,148,3
5,s028,70,146,3
5,s028,70,144,1
5,s028,70,158,1
5,s028,70,159,1
5,s028,70,156,1
5,s028,70,157,1
5,s028,70,166,8
5,s028,70,167,4
5,s028,70,164,5
5,s028,70,165,2
5,s028,70,162,3
5,s028,70,163,2
5,s028,70,161,1
5,s028,70,174,2
5,s028,70,173,2
5,s028,70,170,1
5,s028,70,171,1
5,s028,70,182,6
5,s028,70,180,1
5,s028,70,177,1
5,s028,70,190,1
5,s029,125,125,449
5,s029,125,124,117
5,s029,125,127,98
5,s029,125,126,42
5,s029,125,121,104
5,s029,125,120,34
5,s029,125,123,29
5,s029,125,122,6
5,s029,125,117,94
5,s029,125,116,37
5,s029,125,119,22
5,s029,125,118,4
5,s029,125,113,31
5,s029,125,112,5
5,s029,125,115,8
5,s029,125,114,1
5,s029,125,109,87
5,s029,125,108,18
5,s029,125,111,18
5,s029,125,110,7
5,s029,125,105,19
5,s029,125,104,2
5,s029,125,107,3
5,s029,125,106,2
5,s029,125,101,22
5,s029,125,100,3
5,s029,125,103,4
5,s029,125,102,4
5,s029,125,97,1
5,s029,125,96,1
5,s029,125,98,1
5,s029,125,93,105
5,s029,125,92,25
5,s029,125,95,29
5,s029,125,94,5
5,s029,125,89,35
5,s029,125,88,10
5,s029,125,91,6
5,s029,125,90,2
5,s029,125,85,26
5,s029,125,84,8
5,s029,125,87,5
5,s029,125,86,1
5,s029,125,81,7
5,s029,125,80,3
5,s029,125,83,4
5,s029,125,77,15
5,s029,125,76,6
5,s029,125,79,3
5,s029,125,73,7
5,s029,125,72,2
5,s029,125,75,3
5,s029,125,69,6
5,s029,125,68,3
5,s029,125,71,2
5,s029,125,70,1
5,s029,125,65,2
5,s029,125,64,1
5,s029,125,61,124
5,s029,125,60,30
5,s029,125,63,63
5,s029,125,62,14
5,s029,125,57,15
5,s029,125,56,4
5,s029,125,59,6
5,s029,125,58,1
5,s029,125,53,30
5,s029,125,52,12
5,s029,125,55,10
5,s029,125,54,1
5,s029,125,49,6
5,s029,125,48,1
5,s029,125,51,1
5,s029,125,50,1
5,s029,125,45,21
5,s029,125,44,7
5,s029,125,47,7
5,s029,125,46,6
5,s029,125,41,3
5,s029,125,40,3
5,s029,125,43,4
5,s029,125,42,2
5,s029,125,37,8
5,s029,125,36,1
5,s029,125,33,1
5,s029,125,32,1
5,s029,125,34,1
5,s029,125,29,23
5,s029,125,28,16
5,s029,125,31,5
5,s029,125,30,3
5,s029,125,25,7
5,s029,125,24,3
5,s029,125,27,4
5,s029,125,26,1
5,s029,125,21,4
5,s029,125,20,1
5,s029,125,23,2
5,s029,125,17,5
5,s029,125,16,2
5,s029,125,19,2
5,s029,125,13,8
5,s029,125,12,2
5,s029,125,15,4
5,s029,125,4,1
5,s029,125,7,1
5,s029,125,253,110
5,s029,125,252,57
5,s029,125,255,26
5,s029,125,254,15
5,s029,125,249,24
5,s029,125,248,10
5,s029,125,251,7
5,s029,125,250,4
5,s029,125,245,24
5,s029,125,244,13
5,s029,125,247,7
5,s029,125,241,9
5,s029,125,240,2
5,s029,125,242,1
5,s029,125,237,23
5,s029,125,236,6
5,s029,125,239,6
5,s029,125,238,4
5,s029,125,233,3
5,s029,125,232,5
5,s029,125,235,1
5,s029,125,234,1
5,s029,125,229,7
5,s029,125,228,4
5,s029,125,230,2
5,s029,125,221,31
5,s029,125,220,9
5,s029,125,223,6
5,s029,125,222,4
5,s029,125,217,7
5,s029,125,216,7
5,s029,125,219,3
5,s029,125,213,9
5,s029,125,212,3
5,s029,125,215,2
5,s029,125,214,1
5,s029,125,208,2
5,s029,125,211,1
5,s029,125,205,4
5,s029,125,204,3
5,s029,125,201,2
5,s029,125,200,3
5,s029,125,197,1
5,s029,125,196,1
5,s029,125,198,1
5,s029,125,193,1
5,s029,125,195,1
5,s029,125,189,29
5,s029,125,188,11
5,s029,125,191,17
5,s029,125,190,3
5,s029,125,185,7
5,s029,125,184,2
5,s029,125,187,3
5,s029,125,181,6
5,s029,125,180,5
5,s029,125,183,4
5,s029,125,182,3
5,s029,125,177,4
5,s029,125,179,1
5,s029,125,173,6
5,s029,125,172,5
5,s029,125,175,2
5,s029,125,174,1
5,s029,125,169,2
5,s029,125,164,1
5,s029,125,166,1
5,s029,125,157,6
5,s029,125,156,4
5,s029,125,159,2
5,s029,125,158,2
5,s029,125,153,2
5,s029,125,155,2
5,s029,125,154,2
5,s029,125,149,2
5,s029,125,148,1
5,s029,125,151,2
5,s029,125,141,1
5,s029,125,132,1
5,s030,174,174,445
5,s030,174,175,111
5,s030,174,172,122
5,s030,174,173,36
5,s030,174,170,98
5,s030,174,171,31
5,s030,174,168,32
5,s030,174,169,6
5,s030,174,166,108
5,s030,174,167,30
5,s030,174,164,33
5,s030,174,165,11
5,s030,174,162,27
5,s030,174,163,6
5,s030,174,160,9
5,s030,174,161,1
5,s030,174,190,75
5,s030,174,191,21
5,s030,174,188,23
5,s030,174,189,6
5,s030,174,186,19
5,s030,174,187,5
5,s030,174,184,5
5,s030,174,185,4
5,s030,174,182,27
5,s030,174,183,3
5,s030,174,180,7
5,s030,174,178,5
5,s030,174,142,86
5,s030,174,143,40
5,s030,174,140,21
5,s030,174,141,6
5,s030,174,138,30
5,s030,174,139,14
5,s030,174,136,10
5,s030,174,137,2
5,s030,174,134,28
5,s030,174,135,7
5,s030,174,132,2
5,s030,174,133,1
5,s030,174,130,7
5,s030,174,131,3
5,s030,174,128,6
5,s030,174,158,19
5,s030,174,159,8
5,s030,174,156,5
5,s030,174,157,1
5,s030,174,154,8
5,s030,174,152,1
5,s030,174,150,1
5,s030,174,151,1
5,s030,174,148,1
5,s030,174,146,1
5,s030,174,144,1
5,s030,174,145,1
5,s030,174,238,126
5,s030,174,239,31
5,s030,174,236,56
5,s030,174,237,18
5,s030,174,234,23
5,s030,174,235,9
5,s030,174,232,7
5,s030,174,233,2
5,s030,174,230,27
5,s030,174,231,8
5,s030,174,228,8
5,s030,174,229,4
5,s030,174,226,10
5,s030,174,227,4
5,s030,174,224,1
5,s030,174,225,2
5,s030,174,254,22
5,s030,174,255,7
5,s030,174,252,11
5,s030,174,253,4
5,s030,174,250,3
5,s030,174,251,1
5,s030,174,248,3
5,s030,174,246,3
5,s030,174,247,1
5,s030,174,244,1
5,s030,174,242,2
5,s030,174,206,29
5,s030,174,207,10
5,s030,174,204,12
5,s030,174,205,5
5,s030,174,202,11
5,s030,174,203,8
5,s030,174,201,3
5,s030,174,198,5
5,s030,174,199,1
5,s030,174,196,1
5,s030,174,197,1
5,s030,174,193,1
5,s030,174,222,3
5,s030,174,223,2
5,s030,174,218,3
5,s030,174,219,1
5,s030,174,216,1
5,s030,174,214,1
5,s030,174,212,2
5,s030,174,46,116
5,s030,174,47,50
5,s030,174,44,30
5,s030,174,45,17
5,s030,174,42,26
5,s030,174,43,10
5,s030,174,40,5
5,s030,174,41,4
5,s030,174,38,22
5,s030,174,39,10
5,s030,174,36,5
5,s030,174,37,4
5,s030,174,34,9
5,s030,174,35,8
5,s030,174,32,1
5,s030,174,62,14
5,s030,174,63,13
5,s030,174,60,2
5,s030,174,61,3
5,s030,174,58,8
5,s030,174,59,4
5,s030,174,56,2
5,s030,174,54,5
5,s030,174,55,1
5,s030,174,52,1
5,s030,174,50,2
5,s030,174,51,1
5,s030,174,48,1
5,s030,174,14,24
5,s030,174,15,11
5,s030,174,12,9
5,s030,174,13,4
5,s030,174,10,6
5,s030,174,11,8
5,s030,174,8,3
5,s030,174,9,3
5,s030,174,6,7
5,s030,174,7,6
5,s030,174,4,1
5,s030,174,5,2
5,s030,174,2,3
5,s030,174,3,1
5,s030,174,1,1
5,s030,174,30,6
5,s030,174,31,4
5,s030,174,28,1
5,s030,174,26,1
5,s030,174,22,1
5,s030,174,110,19
5,s030,174,111,14
5,s030,174,108,16
5,s030,174,109,3
5,s030,174,106,7
5,s030,174,107,7
5,s030,174,105,2
5,s030,174,102,3
5,s030,174,103,1
5,s030,174,100,1
5,s030,174,101,1
5,s030,174,98,2
5,s030,174,126,6
5,s030,174,127,1
5,s030,174,125,1
5,s030,174,122,1
5,s030,174,120,1
5,s030,174,78,6
5,s030,174,79,5
5,s030,174,76,3
5,s030,174,77,2
5,s030,174,74,3
5,s030,174,72,1
5,s030,174,73,1
5,s030,174,67,1
5,s030,174,94,1
5,s030,174,92,1
5,s030,174,93,1
5,s030,174,86,1
5,s031,181,181,398
5,s031,181,180,120
5,s031,181,183,106
5,s031,181,182,32
5,s031,181,177,84
5,s031,181,176,28
5,s031,181,179,28
5,s031,181,178,3
5,s031,181,189,97
5,s031,181,188,24
5,s031,181,191,21
5,s031,181,190,5
5,s031,181,185,25
5,s031,181,184,5
5,s031,181,187,4
5,s031,181,186,1
5,s031,181,165,71
5,s031,181,164,18
5,s031,181,167,21
5,s031,181,166,10
5,s031,181,161,13
5,s031,181,160,4
5,s031,181,163,3
5,s031,181,173,21
5,s031,181,172,7
5,s031,181,175,2
5,s031,181,174,2
5,s031,181,169,4
5,s031,181,168,2
5,s031,181,171,2
5,s031,181,170,1
5,s031,181,149,123
5,s031,181,148,23
5,s031,181,151,25
5,s031,181,150,9
5,s031,181,145,33
5,s031,181,144,18
5,s031,181,147,9
5,s031,181,146,2
5,s031,181,157,23
5,s031,181,156,13
5,s031,181,159,9
5,s031,181,158,1
5,s031,181,153,13
5,s031,181,152,4
5,s031,181,155,1
5,s031,181,154,1
5,s031,181,133,10
5,s031,181,132,13
5,s031,181,135,5
5,s031,181,134,2
5,s031,181,129,7
5,s031,181,128,2
5,s031,181,131,1
5,s031,181,130,1
5,s031,181,141,2
5,s031,181,140,3
5,s031,181,143,1
5,s031,181,142,1
5,s031,181,139,1
5,s031,181,245,107
5,s031,181,244,30
5,s031,181,247,35
5,s031,181,246,5
5,s031,181,241,27
5,s031,181,240,10
5,s031,181,243,8
5,s031,181,242,3
5,s031,181,253,28
5,s031,181,252,10
5,s031,181,255,13
5,s031,181,254,4
5,s031,181,249,10
5,s031,181,248,2
5,s031,181,251,2
5,s031,181,229,28
5,s031,181,228,8
5,s031,181,231,10
5,s031,181,230,3
5,s031,181,225,4
5,s031,181,224,2
5,s031,181,227,1
5,s031,181,226,1
5,s031,181,237,4
5,s031,181,236,1
5,s031,181,232,1
5,s031,181,213,28
5,s031,181,212,15
5,s031,181,215,10
5,s031,181,214,1
5,s031,181,209,13
5,s031,181,208,5
5,s031,181,211,1
5,s031,181,210,1
5,s031,181,221,7
5,s031,181,220,5
5,s031,181,223,4
5,s031,181,217,2
5,s031,181,216,3
5,s031,181,219,2
5,s031,181,197,4
5,s031,181,196,3
5,s031,181,199,1
5,s031,181,198,1
5,s031,181,193,2
5,s031,181,205,3
5,s031,181,201,1
5,s031,181,53,110
5,s031,181,52,41
5,s031,181,55,29
5,s031,181,54,8
5,s031,181,49,22
5,s031,181,48,4
5,s031,181,51,6
5,s031,181,50,3
5,s031,181,61,29
5,s031,181,60,13
5,s031,181,63,6
5,s031,181,62,6
5,s031,181,57,4
5,s031,181,56,3
5,s031,181,59,1
5,s031,181,58,2
5,s031,181,37,19
5,s031,181,36,9
5,s031,181,39,5
5,s031,181,38,7
5,s031,181,33,3
5,s031,181,32,3
5,s031,181,35,1
5,s031,181,45,5
5,s031,181,44,1
5,s031,181,47,3
5,s031,181,41,1
5,s031,181,21,18
5,s031,181,20,16
5,s031,181,23,4
5,s031,181,22,1
5,s031,181,17,4
5,s031,181,16,1
5,s031,181,19,2
5,s031,181,18,1
5,s031,181,29,4
5,s031,181,28,2
5,s031,181,31,1
5,s031,181,30,2
5,s031,181,25,1
5,s031,181,27,1
5,s031,181,5,5
5,s031,181,4,3
5,s031,181,7,2
5,s031,181,6,2
5,s031,181,1,4
5,s031,181,0,1
5,s031,181,12,2
5,s031,181,117,28
5,s031,181,116,17
5,s031,181,119,17
5,s031,181,118,10
5,s031,181,113,8
5,s031,181,112,2
5,s031,181,115,3
5,s031,181,125,4
5,s031,181,124,1
5,s031,181,127,4
5,s031,181,126,2
5,s031,181,121,2
5,s031,181,120,1
5,s031,181,101,4
5,s031,181,100,3
5,s031,181,103,3
5,s031,181,102,1
5,s031,181,97,1
5,s031,181,109,3
5,s031,181,111,1
5,s031,181,85,13
5,s031,181,84,7
5,s031,181,87,1
5,s031,181,86,2
5,s031,181,81,1
5,s031,181,83,2
5,s031,181,93,3
5,s031,181,94,1
5,s031,181,89,1
5,s031,181,91,1
5,s031,181,69,3
5,s031,181,68,3
5,s031,181,65,1
5,s031,181,64,1
5,s032,58,58,419
5,s032,58,59,112
5,s032,58,56,119
5,s032,58,57,16
5,s032,58,62,91
5,s032,58,63,25
5,s032,58,60,40
5,s032,58,61,5
5,s032,58,50,91
5,s032,58,51,28
5,s032,58,48,20
5,s032,58,49,11
5,s032,58,54,28
5,s032,58,55,7
5,s032,58,52,7
5,s032,58,53,2
5,s032,58,42,89
5,s032,58,43,19
5,s032,58,40,22
5,s032,58,41,8
5,s032,58,46,20
5,s032,58,47,5
5,s032,58,44,6
5,s032,58,45,2
5,s032,58,34,20
5,s032,58,35,6
5,s032,58,32,6
5,s032,58,33,1
5,s032,58,38,2
5,s032,58,39,2
5,s032,58,26,81
5,s032,58,27,34
5,s032,58,24,29
5,s032,58,25,6
5,s032,58,30,25
5,s032,58,31,16
5,s032,58,28,5
5,s032,58,29,3
5,s032,58,18,19
5,s032,58,19,7
5,s032,58,16,4
5,s032,58,17,4
5,s032,58,22,6
5,s032,58,23,1
5,s032,58,20,1
5,s032,58,10,10
5,s032,58,11,4
5,s032,58,8,3
5,s032,58,14,3
5,s032,58,15,1
5,s032,58,12,2
5,s032,58,13,1
5,s032,58,2,2
5,s032,58,1,1
5,s032,58,6,2
5,s032,58,4,2
5,s032,58,122,122
5,s032,58,123,25
5,s032,58,120,56
5,s032,58,121,19
5,s032,58,126,29
5,s032,58,127,11
5,s032,58,124,12
5,s032,58,125,1
5,s032,58,114,25
5,s032,58,115,7
5,s032,58,112,12
5,s032,58,118,4
5,s032,58,119,1
5,s032,58,116,2
5,s032,58,117,1
5,s032,58,106,21
5,s032,58,107,4
5,s032,58,104,7
5,s032,58,105,1
5,s032,58,110,3
5,s032,58,109,1
5,s032,58,98,5
5,s032,58,99,1
5,s032,58,96,4
5,s032,58,100,2
5,s032,58,101,1
5,s032,58,90,39
5,s032,58,91,5
5,s032,58,88,11
5,s032,58,89,6
5,s032,58,94,7
5,s032,58,95,4
5,s032,58,82,10
5,s032,58,83,4
5,s032,58,80,3
5,s032,58,81,1
5,s032,58,85,1
5,s032,58,74,4
5,s032,58,75,8
5,s032,58,72,3
5,s032,58,66,3
5,s032,58,67,1
5,s032,58,70,1
5,s032,58,186,89
5,s032,58,187,49
5,s032,58,184,33
5,s032,58,185,16
5,s032,58,190,26
5,s032,58,191,10
5,s032,58,188,6
5,s032,58,189,7
5,s032,58,178,22
5,s032,58,179,7
5,s032,58,176,5
5,s032,58,177,1
5,s032,58,182,4
5,s032,58,183,2
5,s032,58,180,3
5,s032,58,181,2
5,s032,58,170,15
5,s032,58,171,11
5,s032,58,168,3
5,s032,58,169,3
5,s032,58,174,3
5,s032,58,175,3
5,s032,58,172,3
5,s032,58,162,1
5,s032,58,160,1
5,s032,58,161,2
5,s032,58,164,1
5,s032,58,154,32
5,s032,58,155,17
5,s032,58,152,4
5,s032,58,153,6
5,s032,58,158,8
5,s032,58,159,6
5,s032,58,156,2
5,s032,58,157,2
5,s032,58,146,2
5,s032,58,147,5
5,s032,58,144,1
5,s032,58,145,1
5,s032,58,150,1
5,s032,58,151,1
5,s032,58,138,4
5,s032,58,139,2
5,s032,58,136,1
5,s032,58,142,5
5,s032,58,129,1
5,s032,58,135,1
5,s032,58,250,24
5,s032,58,251,11
5,s032,58,248,12
5,s032,58,249,7
5,s032,58,254,5
5,s032,58,255,3
5,s032,58,253,1
5,s032,58,242,6
5,s032,58,243,1
5,s032,58,240,1
5,s032,58,241,2
5,s032,58,246,1
5,s032,58,244,1
5,s032,58,234,3
5,s032,58,235,2
5,s032,58,232,1
5,s032,58,239,1
5,s032,58,237,1
5,s032,58,226,2
5,s032,58,231,1
5,s032,58,228,1
5,s032,58,218,9
5,s032,58,219,2
5,s032,58,216,1
5,s032,58,222,2
5,s032,58,223,1
5,s032,58,220,3
5,s032,58,210,3
5,s032,58,211,1
5,s032,58,214,1
5,s032,58,202,1
5,s032,58,203,1
5,s032,58,204,1
5,s032,58,198,1
5,s033,209,209,420
5,s033,209,208,108
5,s033,209,211,112
5,s033,209,210,28
5,s033,209,213,103
5,s033,209,212,35
5,s033,209,215,23
5,s033,209,214,8
5,s033,209,217,97
5,s033,209,216,25
5,s033,209,219,25
5,s033,209,218,4
5,s033,209,221,24
5,s033,209,220,3
5,s033,209,223,11
5,s033,209,222,1
5,s033,209,193,92
5,s033,209,192,20
5,s033,209,195,15
5,s033,209,194,3
5,s033,209,197,11
5,s033,209,196,4
5,s033,209,199,2
5,s033,209,201,12
5,s033,209,200,8
5,s033,209,203,4
5,s033,209,202,2
5,s033,209,205,1
5,s033,209,204,3
5,s033,209,207,1
5,s033,209,241,114
5,s033,209,240,38
5,s033,209,243,28
5,s033,209,242,12
5,s033,209,245,33
5,s033,209,244,11
5,s033,209,247,9
5,s033,209,246,2
5,s033,209,249,25
5,s033,209,248,8
5,s033,209,251,5
5,s033,209,250,3
5,s033,209,253,8
5,s033,209,252,5
5,s033,209,255,3
5,s033,209,225,19
5,s033,209,224,7
5,s033,209,227,4
5,s033,209,229,8
5,s033,209,228,3
5,s033,209,231,1
5,s033,209,233,9
5,s033,209,232,4
5,s033,209,237,1
5,s033,209,236,1
5,s033,209,239,1
5,s033,209,145,124
5,s033,209,144,36
5,s033,209,147,53
5,s033,209,146,15
5,s033,209,149,24
5,s033,209,148,9
5,s033,209,151,8
5,s033,209,150,3
5,s033,209,153,35
5,s033,209,152,11
5,s033,209,155,9
5,s033,209,154,4
5,s033,209,157,3
5,s033,209,159,3
5,s033,209,158,1
5,s033,209,129,33
5,s033,209,128,2
5,s033,209,131,5
5,s033,209,130,2
5,s033,209,133,6
5,s033,209,132,1
5,s033,209,135,5
5,s033,209,137,5
5,s033,209,136,1
5,s033,209,138,1
5,s033,209,141,4
5,s033,209,177,31
5,s033,209,176,14
5,s033,209,179,13
5,s033,209,178,3
5,s033,209,181,6
5,s033,209,180,5
5,s033,209,183,3
5,s033,209,182,2
5,s033,209,185,9
5,s033,209,184,3
5,s033,209,187,1
5,s033,209,186,2
5,s033,209,188,1
5,s033,209,190,1
5,s033,209,161,7
5,s033,209,160,1
5,s033,209,163,3
5,s033,209,162,2
5,s033,209,165,1
5,s033,209,164,1
5,s033,209,81,119
5,s033,209,80,54
5,s033,209,83,31
5,s033,209,82,13
5,s033,209,85,20
5,s033,209,84,13
5,s033,209,87,6
5,s033,209,86,4
5,s033,209,89,28
5,s033,209,88,14
5,s033,209,91,9
5,s033,209,93,10
5,s033,209,92,7
5,s033,209,95,2
5,s033,209,65,19
5,s033,209,64,8
5,s033,209,67,2
5,s033,209,66,1
5,s033,209,69,3
5,s033,209,68,2
5,s033,209,71,1
5,s033,209,70,1
5,s033,209,73,3
5,s033,209,72,2
5,s033,209,74,1
5,s033,209,77,2
5,s033,209,76,1
5,s033,209,113,28
5,s033,209,112,10
5,s033,209,115,8
5,s033,209,114,3
5,s033,209,117,15
5,s033,209,116,3
5,s033,209,119,1
5,s033,209,121,10
5,s033,209,120,4
5,s033,209,123,3
5,s033,209,125,4
5,s033,209,124,1
5,s033,209,97,1
5,s033,209,96,2
5,s033,209,99,2
5,s033,209,98,3
5,s033,209,101,1
5,s033,209,100,4
5,s033,209,105,1
5,s033,209,17,29
5,s033,209,16,12
5,s033,209,19,6
5,s033,209,18,4
5,s033,209,21,10
5,s033,209,20,2
5,s033,209,23,4
5,s033,209,25,8
5,s033,209,24,3
5,s033,209,27,4
5,s033,209,26,1
5,s033,209,29,1
5,s033,209,1,4
5,s033,209,0,2
5,s033,209,2,2
5,s033,209,5,1
5,s033,209,7,2
5,s033,209,9,1
5,s033,209,8,1
5,s033,209,49,8
5,s033,209,48,6
5,s033,209,51,3
5,s033,209,50,1
5,s033,209,53,1
5,s033,209,52,2
5,s033,209,55,1
5,s033,209,54,1
5,s033,209,57,3
5,s033,209,59,1
5,s033,209,33,4
5,s033,209,32,1
5,s033,209,39,1
5,s034,174,174,412
5,s034,174,175,129
5,s034,174,172,121
5,s034,174,173,31
5,s034,174,170,89
5,s034,174,171,28
5,s034,174,168,21
5,s034,174,169,8
5,s034,174,166,102
5,s034,174,167,29
5,s034,174,164,24
5,s034,174,165,6
5,s034,174,162,18
5,s034,174,163,9
5,s034,174,160,9
5,s034,174,161,1
5,s034,174,190,63
5,s034,174,191,11
5,s034,174,188,15
5,s034,174,189,5
5,s034,174,186,13
5,s034,174,187,3
5,s034,174,184,6
5,s034,174,185,2
5,s034,174,182,26
5,s034,174,183,1
5,s034,174,180,6
5,s034,174,181,1
5,s034,174,178,2
5,s034,174,176,1
5,s034,174,177,1
5,s034,174,142,99
5,s034,174,143,30
5,s034,174,140,21
5,s034,174,141,14
5,s034,174,138,29
5,s034,174,139,6
5,s034,174,136,6
5,s034,174,137,4
5,s034,174,134,22
5,s034,174,135,8
5,s034,174,132,3
5,s034,174,133,2
5,s034,174,130,8
5,s034,174,131,4
5,s034,174,128,3
5,s034,174,158,20
5,s034,174,159,6
5,s034,174,156,9
5,s034,174,157,1
5,s034,174,154,6
5,s034,174,152,1
5,s034,174,150,5
5,s034,174,148,4
5,s034,174,146,1
5,s034,174,147,2
5,s034,174,144,1
5,s034,174,238,107
5,s034,174,239,33
5,s034,174,236,49
5,s034,174,237,6
5,s034,174,234,21
5,s034,174,235,5
5,s034,174,232,13
5,s034,174,233,2
5,s034,174,230,35
5,s034,174,231,11
5,s034,174,228,8
5,s034,174,229,6
5,s034,174,226,10
5,s034,174,224,3
5,s034,174,254,21
5,s034,174,255,8
5,s034,174,252,9
5,s034,174,253,1
5,s034,174,250,5
5,s034,174,251,2
5,s034,174,248,3
5,s034,174,249,1
5,s034,174,246,5
5,s034,174,247,2
5,s034,174,245,1
5,s034,174,242,1
5,s034,174,206,25
5,s034,174,207,13
5,s034,174,204,13
5,s034,174,205,3
5,s034,174,202,7
5,s034,174,200,3
5,s034,174,198,5
5,s034,174,199,1
5,s034,174,196,2
5,s034,174,197,1
5,s034,174,194,1
5,s034,174,195,3
5,s034,174,192,2
5,s034,174,193,1
5,s034,174,222,8
5,s034,174,223,1
5,s034,174,220,2
5,s034,174,221,2
5,s034,174,218,1
5,s034,174,216,1
5,s034,174,214,1
5,s034,174,215,1
5,s034,174,46,98
5,s034,174,47,62
5,s034,174,44,30
5,s034,174,45,12
5,s034,174,42,23
5,s034,174,43,6
5,s034,174,40,8
5,s034,174,41,3
5,s034,174,38,25
5,s034,174,39,13
5,s034,174,36,5
5,s034,174,37,1
5,s034,174,34,4
5,s034,174,35,3
5,s034,174,32,1
5,s034,174,33,1
5,s034,174,62,20
5,s034,174,63,5
5,s034,174,60,6
5,s034,174,61,4
5,s034,174,58,4
5,s034,174,59,1
5,s034,174,56,1
5,s034,174,54,4
5,s034,174,55,2
5,s034,174,52,1
5,s034,174,50,1
5,s034,174,51,1
5,s034,174,48,1
5,s034,174,49,1
5,s034,174,14,20
5,s034,174,15,10
5,s034,174,12,6
5,s034,174,13,4
5,s034,174,10,16
5,s034,174,11,5
5,s034,174,8,1
5,s034,174,9,2
5,s034,174,6,6
5,s034,174,7,2
5,s034,174,4,2
5,s034,174,5,1
5,s034,174,2,2
5,s034,174,1,1
5,s034,174,30,2
5,s034,174,31,4
5,s034,174,29,2
5,s034,174,26,3
5,s034,174,22,1
5,s034,174,23,2
5,s034,174,110,32
5,s034,174,111,13
5,s034,174,108,9
5,s034,174,109,3
5,s034,174,106,7
5,s034,174,107,7
5,s034,174,104,2
5,s034,174,105,1
5,s034,174,102,12
5,s034,174,103,3
5,s034,174,100,5
5,s034,174,101,3
5,s034,174,98,1
5,s034,174,126,4
5,s034,174,127,3
5,s034,174,124,2
5,s034,174,125,2
5,s034,174,118,1
5,s034,174,116,2
5,s034,174,117,1
5,s034,174,78,8
5,s034,174,79,5
5,s034,174,76,3
5,s034,174,77,2
5,s034,174,74,1
5,s034,174,73,1
5,s034,174,66,2
5,s034,174,67,1
5,s034,174,91,2
5,s034,174,86,1
5,s034,174,84,1
5,s035,14,14,404
5,s035,14,15,114
5,s035,14,12,96
5,s035,14,13,26
5,s035,14,10,99
5,s035,14,11,24
5,s035,14,8,40
5,s035,14,9,8
5,s035,14,6,110
5,s035,14,7,32
5,s035,14,4,27
5,s035,14,5,7
5,s035,14,2,29
5,s035,14,3,8
5,s035,14,0,10
5,s035,14,1,2
5,s035,14,30,61
5,s035,14,31,11
5,s035,14,28,19
5,s035,14,29,5
5,s035,14,26,21
5,s035,14,27,8
5,s035,14,24,7
5,s035,14,25,1
5,s035,14,22,27
5,s035,14,23,1
5,s035,14,20,4
5,s035,14,21,1
5,s035,14,18,1
5,s035,14,19,1
5,s035,14,16,2
5,s035,14,46,94
5,s035,14,47,34
5,s035,14,44,22
5,s035,14,45,10
5,s035,14,42,38
5,s035,14,43,9
5,s035,14,40,9
5,s035,14,41,2
5,s035,14,38,20
5,s035,14,39,11
5,s035,14,36,3
5,s035,14,37,2
5,s035,14,34,4
5,s035,14,35,3
5,s035,14,33,1
5,s035,14,62,22
5,s035,14,63,5
5,s035,14,60,5
5,s035,14,58,5
5,s035,14,59,4
5,s035,14,57,2
5,s035,14,54,3
5,s035,14,55,1
5,s035,14,52,1
5,s035,14,53,1
5,s035,14,48,2
5,s035,14,78,119
5,s035,14,79,41
5,s035,14,76,28
5,s035,14,77,14
5,s035,14,74,24
5,s035,14,75,5
5,s035,14,72,15
5,s035,14,73,2
5,s035,14,70,22
5,s035,14,71,6
5,s035,14,68,13
5,s035,14,69,5
5,s035,14,66,4
5,s035,14,67,1
5,s035,14,64,3
5,s035,14,65,1
5,s035,14,94,28
5,s035,14,95,1
5,s035,14,92,8
5,s035,14,93,5
5,s035,14,90,1
5,s035,14,91,1
5,s035,14,88,3
5,s035,14,89,5
5,s035,14,86,4
5,s035,14,87,1
5,s035,14,84,2
5,s035,14,85,1
5,s035,14,82,1
5,s035,14,83,1
5,s035,14,110,36
5,s035,14,111,14
5,s035,14,108,13
5,s035,14,109,2
5,s035,14,106,8
5,s035,14,104,6
5,s035,14,102,6
5,s035,14,103,1
5,s035,14,100,4
5,s035,14,98,2
5,s035,14,99,2
5,s035,14,126,10
5,s035,14,127,1
5,s035,14,125,3
5,s035,14,122,1
5,s035,14,123,1
5,s035,14,120,1
5,s035,14,119,1
5,s035,14,116,2
5,s035,14,142,116
5,s035,14,143,41
5,s035,14,140,22
5,s035,14,141,19
5,s035,14,138,24
5,s035,14,139,8
5,s035,14,136,6
5,s035,14,137,5
5,s035,14,134,18
5,s035,14,135,14
5,s035,14,132,7
5,s035,14,130,4
5,s035,14,131,4
5,s035,14,158,24
5,s035,14,159,4
5,s035,14,156,8
5,s035,14,157,2
5,s035,14,154,1
5,s035,14,152,1
5,s035,14,153,1
5,s035,14,150,7
5,s035,14,151,3
5,s035,14,148,3
5,s035,14,149,1
5,s035,14,146,1
5,s035,14,144,1
5,s035,14,174,29
5,s035,14,175,14
5,s035,14,172,6
5,s035,14,173,1
5,s035,14,170,13
5,s035,14,171,6
5,s035,14,168,2
5,s035,14,166,10
5,s035,14,167,2
5,s035,14,164,2
5,s035,14,162,1
5,s035,14,163,1
5,s035,14,190,4
5,s035,14,191,1
5,s035,14,189,1
5,s035,14,186,1
5,s035,14,187,1
5,s035,14,184,1
5,s035,14,185,1
5,s035,14,182,1
5,s035,14,180,1
5,s035,14,177,1
5,s035,14,206,29
5,s035,14,207,11
5,s035,14,204,6
5,s035,14,202,12
5,s035,14,203,3
5,s035,14,200,4
5,s035,14,201,2
5,s035,14,198,8
5,s035,14,199,3
5,s035,14,196,4
5,s035,14,197,2
5,s035,14,192,1
5,s035,14,222,5
5,s035,14,223,2
5,s035,14,220,1
5,s035,14,221,2
5,s035,14,218,2
5,s035,14,214,2
5,s035,14,238,10
5,s035,14,239,3
5,s035,14,236,2
5,s035,14,234,3
5,s035,14,235,1
5,s035,14,232,2
5,s035,14,230,5
5,s035,14,228,1
5,s035,14,229,1
5,s035,14,226,1
5,s035,14,224,1
5,s035,14,255,1
5,s035,14,246,1
5,s036,10,10,450
5,s036,10,11,124
5,s036,10,8,119
5,s036,10,9,37
5,s036,10,14,100
5,s036,10,15,24
5,s036,10,12,19
5,s036,10,13,7
5,s036,10,2,96
5,s036,10,3,27
5,s036,10,0,19
5,s036,10,1,10
5,s036,10,6,22
5,s036,10,7,4
5,s036,10,4,6
5,s036,10,5,3
5,s036,10,26,64
5,s036,10,27,22
5,s036,10,24,14
5,s036,10,25,6
5,s036,10,30,21
5,s036,10,31,3
5,s036,10,28,2
5,s036,10,29,3
5,s036,10,18,21
5,s036,10,19,2
5,s036,10,16,9
5,s036,10,17,3
5,s036,10,22,5
5,s036,10,23,1
5,s036,10,42,106
5,s036,10,43,37
5,s036,10,40,21
5,s036,10,41,14
5,s036,10,46,38
5,s036,10,47,18
5,s036,10,44,12
5,s036,10,45,1
5,s036,10,34,28
5,s036,10,35,6
5,s036,10,32,3
5,s036,10,33,4
5,s036,10,38,5
5,s036,10,39,4
5,s036,10,36,4
5,s036,10,58,12
5,s036,10,59,5
5,s036,10,56,6
5,s036,10,57,3
5,s036,10,62,4
5,s036,10,60,1
5,s036,10,50,7
5,s036,10,49,1
5,s036,10,54,3
5,s036,10,55,1
5,s036,10,52,1
5,s036,10,74,130
5,s036,10,75,26
5,s036,10,72,41
5,s036,10,73,13
5,s036,10,78,22
5,s036,10,79,5
5,s036,10,76,13
5,s036,10,77,1
5,s036,10,66,26
5,s036,10,67,14
5,s036,10,64,11
5,s036,10,65,2
5,s036,10,70,9
5,s036,10,71,2
5,s036,10,68,2
5,s036,10,69,1
5,s036,10,90,24
5,s036,10,91,7
5,s036,10,88,11
5,s036,10,89,1
5,s036,10,94,8
5,s036,10,92,1
5,s036,10,93,1
5,s036,10,82,4
5,s036,10,80,1
5,s036,10,81,1
5,s036,10,86,1
5,s036,10,84,1
5,s036,10,106,22
5,s036,10,107,11
5,s036,10,104,16
5,s036,10,105,4
5,s036,10,110,8
5,s036,10,111,3
5,s036,10,108,4
5,s036,10,98,11
5,s036,10,99,2
5,s036,10,96,4
5,s036,10,97,1
5,s036,10,102,3
5,s036,10,103,1
5,s036,10,100,1
5,s036,10,122,7
5,s036,10,123,2
5,s036,10,126,1
5,s036,10,112,1
5,s036,10,138,88
5,s036,10,139,44
5,s036,10,136,36
5,s036,10,137,9
5,s036,10,142,22
5,s036,10,143,15
5,s036,10,140,4
5,s036,10,141,4
5,s036,10,130,29
5,s036,10,131,9
5,s036,10,128,6
5,s036,10,129,1
5,s036,10,134,7
5,s036,10,135,1
5,s036,10,132,1
5,s036,10,133,1
5,s036,10,154,17
5,s036,10,155,10
5,s036,10,152,6
5,s036,10,153,2
5,s036,10,158,5
5,s036,10,159,1
5,s036,10,156,2
5,s036,10,157,1
5,s036,10,146,5
5,s036,10,147,2
5,s036,10,150,2
5,s036,10,151,2
5,s036,10,148,1
5,s036,10,170,17
5,s036,10,171,12
5,s036,10,168,8
5,s036,10,169,7
5,s036,10,174,7
5,s036,10,175,8
5,s036,10,172,2
5,s036,10,162,10
5,s036,10,163,3
5,s036,10,167,1
5,s036,10,164,1
5,s036,10,186,6
5,s036,10,187,5
5,s036,10,184,2
5,s036,10,185,1
5,s036,10,191,3
5,s036,10,189,1
5,s036,10,178,1
5,s036,10,179,1
5,s036,10,202,24
5,s036,10,203,11
5,s036,10,200,8
5,s036,10,201,6
5,s036,10,206,8
5,s036,10,207,5
5,s036,10,205,2
5,s036,10,194,9
5,s036,10,195,1
5,s036,10,192,3
5,s036,10,193,1
5,s036,10,196,1
5,s036,10,197,1
5,s036,10,218,6
5,s036,10,219,3
5,s036,10,216,4
5,s036,10,217,1
5,s036,10,222,3
5,s036,10,210,2
5,s036,10,208,1
5,s036,10,234,6
5,s036,10,235,3
5,s036,10,232,3
5,s036,10,233,2
5,s036,10,238,3
5,s036,10,236,2
5,s036,10,226,1
5,s036,10,230,1
5,s036,10,231,1
5,s036,10,228,1
5,s036,10,242,1
5,s037,91,91,438
5,s037,91,90,97
5,s037,91,89,110
5,s037,91,88,33
5,s037,91,95,109
5,s037,91,94,26
5,s037,91,93,29
5,s037,91,92,12
5,s037,91,83,91
5,s037,91,82,33
5,s037,91,81,22
5,s037,91,80,8
5,s037,91,87,30
5,s037,91,86,5
5,s037,91,85,7
5,s037,91,84,1
5,s037,91,75,80
5,s037,91,74,22
5,s037,91,73,19
5,s037,91,72,10
5,s037,91,79,23
5,s037,91,78,4
5,s037,91,77,5
5,s037,91,76,1
5,s037,91,67,18
5,s037,91,66,6
5,s037,91,65,4
5,s037,91,64,1
5,s037,91,71,3
5,s037,91,69,1
5,s037,91,68,1
5,s037,91,123,96
5,s037,91,122,40
5,s037,91,121,21
5,s037,91,120,11
5,s037,91,127,29
5,s037,91,126,16
5,s037,91,125,8
5,s037,91,124,6
5,s037,91,115,20
5,s037,91,114,13
5,s037,91,113,6
5,s037,91,112,1
5,s037,91,119,7
5,s037,91,118,4
5,s037,91,117,3
5,s037,91,116,3
5,s037,91,107,19
5,s037,91,106,5
5,s037,91,105,4
5,s037,91,104,3
5,s037,91,111,3
5,s037,91,110,3
5,s037,91,109,2
5,s037,91,99,4
5,s037,91,98,3
5,s037,91,97,2
5,s037,91,103,1
5,s037,91,27,144
5,s037,91,26,36
5,s037,91,25,51
5,s037,91,24,13
5,s037,91,31,27
5,s037,91,30,7
5,s037,91,29,12
5,s037,91,28,2
5,s037,91,19,30
5,s037,91,18,11
5,s037,91,17,18
5,s037,91,16,5
5,s037,91,23,7
5,s037,91,22,3
5,s037,91,21,1
5,s037,91,11,20
5,s037,91,10,3
5,s037,91,9,12
5,s037,91,8,2
5,s037,91,15,4
5,s037,91,13,1
5,s037,91,12,2
5,s037,91,3,3
5,s037,91,2,1
5,s037,91,1,3
5,s037,91,7,1
5,s037,91,5,1
5,s037,91,59,38
5,s037,91,58,7
5,s037,91,57,7
5,s037,91,56,4
5,s037,91,63,10
5,s037,91,62,1
5,s037,91,61,1
5,s037,91,60,2
5,s037,91,51,5
5,s037,91,50,5
5,s037,91,49,3
5,s037,91,48,1
5,s037,91,55,2
5,s037,91,54,1
5,s037,91,53,1
5,s037,91,43,2
5,s037,91,42,5
5,s037,91,45,1
5,s037,91,35,1
5,s037,91,34,1
5,s037,91,33,1
5,s037,91,32,2
5,s037,91,37,1
5,s037,91,219,110
5,s037,91,218,45
5,s037,91,217,22
5,s037,91,216,13
5,s037,91,223,18
5,s037,91,222,11
5,s037,91,221,6
5,s037,91,220,2
5,s037,91,211,23
5,s037,91,210,10
5,s037,91,209,13
5,s037,91,208,2
5,s037,91,215,5
5,s037,91,214,3
5,s037,91,213,2
5,s037,91,212,2
5,s037,91,203,25
5,s037,91,202,13
5,s037,91,201,3
5,s037,91,200,2
5,s037,91,207,4
5,s037,91,206,2
5,s037,91,195,3
5,s037,91,194,2
5,s037,91,193,1
5,s037,91,196,1
5,s037,91,251,28
5,s037,91,250,10
5,s037,91,249,7
5,s037,91,248,6
5,s037,91,255,8
5,s037,91,254,2
5,s037,91,253,4
5,s037,91,252,1
5,s037,91,243,8
5,s037,91,242,4
5,s037,91,241,1
5,s037,91,240,2
5,s037,91,247,2
5,s037,91,246,1
5,s037,91,235,4
5,s037,91,234,2
5,s037,91,233,2
5,s037,91,232,1
5,s037,91,239,2
5,s037,91,238,2
5,s037,91,226,2
5,s037,91,155,31
5,s037,91,154,14
5,s037,91,153,15
5,s037,91,152,8
5,s037,91,159,8
5,s037,91,158,4
5,s037,91,157,4
5,s037,91,156,3
5,s037,91,147,6
5,s037,91,146,2
5,s037,91,145,3
5,s037,91,151,3
5,s037,91,148,3
5,s037,91,137,1
5,s037,91,136,1
5,s037,91,143,4
5,s037,91,131,1
5,s037,91,130,1
5,s037,91,187,7
5,s037,91,186,2
5,s037,91,191,1
5,s037,91,190,2
5,s037,91,189,3
5,s037,91,179,1
5,s037,91,178,1
5,s037,91,177,1
5,s037,91,182,1
5,s037,91,181,1
5,s037,91,171,2
5,s037,91,170,1
5,s037,91,169,1
5,s037,91,163,1
5,s037,91,161,1
5,s038,14,14,408
5,s038,14,15,123
5,s038,14,12,117
5,s038,14,13,35
5,s038,14,10,103
5,s038,14,11,24
5,s038,14,8,24
5,s038,14,9,9
5,s038,14,6,82
5,s038,14,7,28
5,s038,14,4,23
5,s038,14,5,8
5,s038,14,2,22
5,s038,14,3,7
5,s038,14,0,6
5,s038,14,30,63
5,s038,14,31,26
5,s038,14,28,21
5,s038,14,29,7
5,s038,14,26,20
5,s038,14,27,4
5,s038,14,24,4
5,s038,14,25,2
5,s038,14,22,17
5,s038,14,23,5
5,s038,14,20,3
5,s038,14,18,4
5,s038,14,19,1
5,s038,14,16,1
5,s038,14,46,92
5,s038,14,47,29
5,s038,14,44,27
5,s038,14,45,13
5,s038,14,42,31
5,s038,14,43,16
5,s038,14,40,13
5,s038,14,41,5
5,s038,14,38,20
5,s038,14,39,13
5,s038,14,36,7
5,s038,14,34,7
5,s038,14,35,4
5,s038,14,33,1
5,s038,14,62,21
5,s038,14,63,7
5,s038,14,60,9
5,s038,14,61,4
5,s038,14,58,13
5,s038,14,59,3
5,s038,14,57,1
5,s038,14,54,3
5,s038,14,50,4
5,s038,14,78,113
5,s038,14,79,32
5,s038,14,76,50
5,s038,14,77,20
5,s038,14,74,22
5,s038,14,75,6
5,s038,14,72,11
5,s038,14,73,3
5,s038,14,70,31
5,s038,14,71,11
5,s038,14,68,15
5,s038,14,69,1
5,s038,14,66,6
5,s038,14,64,1
5,s038,14,94,24
5,s038,14,95,3
5,s038,14,92,5
5,s038,14,93,3
5,s038,14,90,5
5,s038,14,91,1
5,s038,14,88,3
5,s038,14,86,4
5,s038,14,87,1
5,s038,14,84,3
5,s038,14,85,1
5,s038,14,80,1
5,s038,14,81,1
5,s038,14,110,20
5,s038,14,111,7
5,s038,14,108,7
5,s038,14,109,4
5,s038,14,106,7
5,s038,14,107,4
5,s038,14,104,4
5,s038,14,105,1
5,s038,14,102,6
5,s038,14,103,3
5,s038,14,100,3
5,s038,14,101,1
5,s038,14,98,4
5,s038,14,99,1
5,s038,14,126,7
5,s038,14,127,1
5,s038,14,124,1
5,s038,14,122,5
5,s038,14,121,1
5,s038,14,118,1
5,s038,14,114,1
5,s038,14,142,91
5,s038,14,143,44
5,s038,14,140,34
5,s038,14,141,7
5,s038,14,138,21
5,s038,14,139,11
5,s038,14,136,6
5,s038,14,137,7
5,s038,14,134,13
5,s038,14,135,12
5,s038,14,132,5
5,s038,14,133,2
5,s038,14,130,6
5,s038,14,131,3
5,s038,14,128,1
5,s038,14,158,16
5,s038,14,159,6
5,s038,14,156,6
5,s038,14,157,4
5,s038,14,154,4
5,s038,14,155,1
5,s038,14,153,1
5,s038,14,150,4
5,s038,14,151,4
5,s038,14,148,1
5,s038,14,174,22
5,s038,14,175,9
5,s038,14,172,9
5,s038,14,173,1
5,s038,14,170,6
5,s038,14,171,3
5,s038,14,169,3
5,s038,14,166,7
5,s038,14,167,1
5,s038,14,162,1
5,s038,14,163,1
5,s038,14,190,2
5,s038,14,191,1
5,s038,14,188,2
5,s038,14,189,1
5,s038,14,186,4
5,s038,14,187,5
5,s038,14,182,1
5,s038,14,180,1
5,s038,14,176,1
5,s038,14,206,17
5,s038,14,207,9
5,s038,14,204,17
5,s038,14,205,6
5,s038,14,202,7
5,s038,14,203,6
5,s038,14,200,7
5,s038,14,201,2
5,s038,14,198,4
5,s038,14,199,3
5,s038,14,196,2
5,s038,14,194,1
5,s038,14,192,1
5,s038,14,222,4
5,s038,14,223,3
5,s038,14,220,2
5,s038,14,221,1
5,s038,14,210,1
5,s038,14,208,1
5,s038,14,238,4
5,s038,14,239,2
5,s038,14,236,2
5,s038,14,237,1
5,s038,14,235,2
5,s038,14,231,2
5,s038,14,254,1
5,s038,14,244,1
5,s039,48,48,445
5,s039,48,49,120
5,s039,48,50,118
5,s039,48,51,34
5,s039,48,52,109
5,s039,48,53,35
5,s039,48,54,23
5,s039,48,55,7
5,s039,48,56,100
5,s039,48,57,32
5,s039,48,58,23
5,s039,48,59,9
5,s039,48,60,26
5,s039,48,61,6
5,s039,48,62,11
5,s039,48,63,2
5,s039,48,32,74
5,s039,48,33,17
5,s039,48,34,26
5,s039,48,35,7
5,s039,48,36,17
5,s039,48,37,3
5,s039,48,38,8
5,s039,48,40,22
5,s039,48,41,5
5,s039,48,42,5
5,s039,48,43,1
5,s039,48,44,4
5,s039,48,45,2
5,s039,48,46,1
5,s039,48,16,85
5,s039,48,17,49
5,s039,48,18,28
5,s039,48,19,7
5,s039,48,20,39
5,s039,48,21,11
5,s039,48,22,15
5,s039,48,23,2
5,s039,48,24,26
5,s039,48,25,7
5,s039,48,26,9
5,s039,48,27,4
5,s039,48,28,2
5,s039,48,29,5
5,s039,48,30,4
5,s039,48,31,1
5,s039,48,0,25
5,s039,48,1,8
5,s039,48,2,8
5,s039,48,3,2
5,s039,48,4,1
5,s039,48,5,2
5,s039,48,6,2
5,s039,48,7,3
5,s039,48,8,4
5,s039,48,9,2
5,s039,48,10,2
5,s039,48,12,4
5,s039,48,13,1
5,s039,48,112,117
5,s039,48,113,31
5,s039,48,114,53
5,s039,48,115,13
5,s039,48,116,27
5,s039,48,117,5
5,s039,48,118,16
5,s039,48,119,4
5,s039,48,120,29
5,s039,48,121,9
5,s039,48,122,11
5,s039,48,123,4
5,s039,48,124,10
5,s039,48,126,4
5,s039,48,96,16
5,s039,48,97,5
5,s039,48,98,7
5,s039,48,99,5
5,s039,48,100,3
5,s039,48,101,4
5,s039,48,102,2
5,s039,48,103,1
5,s039,48,104,5
5,s039,48,105,1
5,s039,48,106,1
5,s039,48,107,1
5,s039,48,108,3
5,s039,48,80,25
5,s039,48,81,7
5,s039,48,82,12
5,s039,48,83,4
5,s039,48,84,16
5,s039,48,85,3
5,s039,48,86,3
5,s039,48,87,1
5,s039,48,88,6
5,s039,48,89,3
5,s039,48,90,3
5,s039,48,91,2
5,s039,48,93,1
5,s039,48,64,7
5,s039,48,66,4
5,s039,48,73,1
5,s039,48,76,3
5,s039,48,176,93
5,s039,48,177,48
5,s039,48,178,30
5,s039,48,179,17
5,s039,48,180,20
5,s039,48,181,6
5,s039,48,182,7
5,s039,48,183,2
5,s039,48,184,28
5,s039,48,185,10
5,s039,48,186,10
5,s039,48,187,2
5,s039,48,188,6
5,s039,48,189,3
5,s039,48,190,2
5,s039,48,191,2
5,s039,48,160,20
5,s039,48,161,5
5,s039,48,162,7
5,s039,48,163,4
5,s039,48,164,6
5,s039,48,166,1
5,s039,48,168,5
5,s039,48,169,1
5,s039,48,170,1
5,s039,48,171,1
5,s039,48,144,24
5,s039,48,145,12
5,s039,48,146,10
5,s039,48,147,6
5,s039,48,148,7
5,s039,48,149,5
5,s039,48,150,4
5,s039,48,151,1
5,s039,48,152,7
5,s039,48,153,2
5,s039,48,154,1
5,s039,48,156,1
5,s039,48,157,2
5,s039,48,158,2
5,s039,48,159,1
5,s039,48,128,3
5,s039,48,129,1
5,s039,48,130,1
5,s039,48,131,1
5,s039,48,132,1
5,s039,48,135,2
5,s039,48,136,1
5,s039,48,139,1
5,s039,48,240,32
5,s039,48,241,11
5,s039,48,242,12
5,s039,48,243,3
5,s039,48,244,6
5,s039,48,245,3
5,s039,48,246,1
5,s039,48,247,1
5,s039,48,248,9
5,s039,48,250,3
5,s039,48,251,3
5,s039,48,252,1
5,s039,48,254,2
5,s039,48,255,1
5,s039,48,224,2
5,s039,48,225,4
5,s039,48,226,2
5,s039,48,227,1
5,s039,48,228,3
5,s039,48,232,2
5,s039,48,233,1
5,s039,48,238,1
5,s039,48,208,10
5,s039,48,209,4
5,s039,48,211,2
5,s039,48,216,4
5,s039,48,220,1
5,s039,48,221,1
5,s039,48,222,1
5,s039,48,192,1
5,s039,48,194,1
5,s039,48,195,1
8,s000,69,69,229
8,s000,69,68,81
8,s000,69,71,70
8,s000,69,70,38
8,s000,69,65,97
8,s000,69,64,36
8,s000,69,67,24
8,s000,69,66,9
8,s000,69,77,97
8,s000,69,76,33
8,s000,69,79,27
8,s000,69,78,13
8,s000,69,73,30
8,s000,69,72,16
8,s000,69,75,13
8,s000,69,74,3
8,s000,69,85,54
8,s000,69,84,26
8,s000,69,87,25
8,s000,69,86,7
8,s000,69,81,14
8,s000,69,80,7
8,s000,69,83,11
8,s000,69,82,6
8,s000,69,93,17
8,s000,69,92,9
8,s000,69,95,7
8,s000,69,94,1
8,s000,69,89,9
8,s000,69,88,2
8,s000,69,91,3
8,s000,69,101,77
8,s000,69,100,36
8,s000,69,103,32
8,s000,69,102,11
8,s000,69,97,37
8,s000,69,96,18
8,s000,69,99,9
8,s000,69,98,6
8,s000,69,109,28
8,s000,69,108,12
8,s000,69,111,9
8,s000,69,110,5
8,s000,69,105,9
8,s000,69,104,8
8,s000,69,107,5
8,s000,69,106,3
8,s000,69,117,10
8,s000,69,116,9
8,s000,69,119,4
8,s000,69,118,4
8,s000,69,113,7
8,s000,69,112,5
8,s000,69,115,4
8,s000,69,114,2
8,s000,69,125,9
8,s000,69,124,3
8,s000,69,127,1
8,s000,69,126,2
8,s000,69,121,5
8,s000,69,120,1
8,s000,69,5,90
8,s000,69,4,41
8,s000,69,7,38
8,s000,69,6,19
8,s000,69,1,30
8,s000,69,0,9
8,s000,69,3,8
8,s000,69,2,9
8,s000,69,13,32
8,s000,69,12,12
8,s000,69,15,15
8,s000,69,14,6
8,s000,69,9,10
8,s000,69,8,6
8,s000,69,11,6
8,s000,69,10,1
8,s000,69,21,25
8,s000,69,20,9
8,s000,69,23,19
8,s000,69,22,3
8,s000,69,17,9
8,s000,69,16,4
8,s000,69,19,3
8,s000,69,29,10
8,s000,69,28,2
8,s000,69,30,1
8,s000,69,25,1
8,s000,69,27,3
8,s000,69,37,26
8,s000,69,36,9
8,s000,69,39,12
8,s000,69,38,7
8,s000,69,33,12
8,s000,69,32,4
8,s000,69,35,3
8,s000,69,34,4
8,s000,69,45,9
8,s000,69,44,3
8,s000,69,47,5
8,s000,69,46,3
8,s000,69,41,9
8,s000,69,43,3
8,s000,69,42,3
8,s000,69,53,3
8,s000,69,52,5
8,s000,69,55,3
8,s000,69,54,6
8,s000,69,49,3
8,s000,69,48,1
8,s000,69,51,1
8,s000,69,61,2
8,s000,69,59,1
8,s000,69,197,65
8,s000,69,196,47
8,s000,69,199,38
8,s000,69,198,18
8,s000,69,193,15
8,s000,69,192,19
8,s000,69,195,7
8,s000,69,194,4
8,s000,69,205,29
8,s000,69,204,13
8,s000,69,207,7
8,s000,69,206,4
8,s000,69,201,13
8,s000,69,200,9
8,s000,69,203,3
8,s000,69,202,2
8,s000,69,213,19
8,s000,69,212,14
8,s000,69,215,6
8,s000,69,214,5
8,s000,69,209,5
8,s000,69,208,1
8,s000,69,211,2
8,s000,69,221,7
8,s000,69,220,4
8,s000,69,223,2
8,s000,69,217,1
8,s000,69,216,3
8,s000,69,219,4
8,s000,69,218,1
8,s000,69,229,18
8,s000,69,228,14
8,s000,69,231,5
8,s000,69,230,3
8,s000,69,225,8
8,s000,69,224,9
8,s000,69,227,7
8,s000,69,226,3
8,s000,69,237,9
8,s000,69,236,8
8,s000,69,238,3
8,s000,69,233,2
8,s000,69,232,6
8,s000,69,235,1
8,s000,69,234,2
8,s000,69,245,6
8,s000,69,244,5
8,s000,69,247,6
8,s000,69,246,2
8,s000,69,240,3
8,s000,69,243,1
8,s000,69,242,1
8,s000,69,253,4
8,s000,69,252,2
8,s000,69,249,1
8,s000,69,248,1
8,s000,69,133,39
8,s000,69,132,19
8,s000,69,135,17
8,s000,69,134,8
8,s000,69,129,3
8,s000,69,128,2
8,s000,69,131,3
8,s000,69,130,3
8,s000,69,141,14
8,s000,69,140,6
8,s000,69,143,7
8,s000,69,142,1
8,s000,69,137,1
8,s000,69,136,1
8,s000,69,139,2
8,s000,69,138,1
8,s000,69,149,10
8,s000,69,148,3
8,s000,69,151,5
8,s000,69,150,5
8,s000,69,144,2
8,s000,69,147,1
8,s000,69,146,1
8,s000,69,157,6
8,s000,69,156,2
8,s000,69,159,4
8,s000,69,158,2
8,s000,69,155,1
8,s000,69,165,12
8,s000,69,164,9
8,s000,69,167,6
8,s000,69,166,4
8,s000,69,161,7
8,s000,69,160,2
8,s000,69,163,3
8,s000,69,162,4
8,s000,69,173,6
8,s000,69,172,3
8,s000,69,175,2
8,s000,69,174,4
8,s000,69,169,2
8,s000,69,170,3
8,s000,69,181,3
8,s000,69,180,2
8,s000,69,183,2
8,s000,69,182,1
8,s000,69,177,1
8,s000,69,176,2
8,s000,69,190,1
8,s001,98,98,198
8,s001,98,99,89
8,s001,98,96,97
8,s001,98,97,37
8,s001,98,102,93
8,s001,98,103,36
8,s001,98,100,32
8,s001,98,101,12
8,s001,98,106,61
8,s001,98,107,40
8,s001,98,104,22
8,s001,98,105,10
8,s001,98,110,33
8,s001,98,111,10
8,s001,98,108,9
8,s001,98,109,3
8,s001,98,114,47
8,s001,98,115,23
8,s001,98,112,24
8,s001,98,113,7
8,s001,98,118,18
8,s001,98,119,8
8,s001,98,116,4
8,s001,98,117,5
8,s001,98,122,23
8,s001,98,123,4
8,s001,98,120,6
8,s001,98,121,5
8,s001,98,126,4
8,s001,98,127,2
8,s001,98,124,3
8,s001,98,125,2
8,s001,98,66,63
8,s001,98,67,32
8,s001,98,64,28
8,s001,98,65,15
8,s001,98,70,40
8,s001,98,71,10
8,s001,98,68,11
8,s001,98,69,7
8,s001,98,74,23
8,s001,98,75,4
8,s001,98,72,10
8,s001,98,73,10
8,s001,98,78,12
8,s001,98,79,3
8,s001,98,76,4
8,s001,98,77,4
8,s001,98,82,25
8,s001,98,83,6
8,s001,98,80,6
8,s001,98,81,3
8,s001,98,86,5
8,s001,98,87,2
8,s001,98,84,4
8,s001,98,85,1
8,s001,98,90,5
8,s001,98,91,3
8,s001,98,88,1
8,s001,98,89,3
8,s001,98,94,4
8,s001,98,34,84
8,s001,98,35,37
8,s001,98,32,67
8,s001,98,33,12
8,s001,98,38,24
8,s001,98,39,14
8,s001,98,36,18
8,s001,98,37,7
8,s001,98,42,31
8,s001,98,43,9
8,s001,98,40,16
8,s001,98,41,4
8,s001,98,46,9
8,s001,98,47,5
8,s001,98,44,7
8,s001,98,45,4
8,s001,98,50,18
8,s001,98,51,12
8,s001,98,48,11
8,s001,98,49,5
8,s001,98,54,6
8,s001,98,55,3
8,s001,98,52,1
8,s001,98,53,2
8,s001,98,58,11
8,s001,98,59,5
8,s001,98,56,3
8,s001,98,62,4
8,s001,98,63,1
8,s001,98,61,1
8,s001,98,2,35
8,s001,98,3,17
8,s001,98,0,20
8,s001,98,1,7
8,s001,98,6,12
8,s001,98,7,9
8,s001,98,4,13
8,s001,98,5,1
8,s001,98,10,11
8,s001,98,11,5
8,s001,98,8,6
8,s001,98,9,6
8,s001,98,14,10
8,s001,98,15,3
8,s001,98,12,2
8,s001,98,13,1
8,s001,98,18,4
8,s001,98,19,1
8,s001,98,16,4
8,s001,98,17,1
8,s001,98,22,3
8,s001,98,23,1
8,s001,98,20,3
8,s001,98,21,2
8,s001,98,26,3
8,s001,98,27,2
8,s001,98,24,1
8,s001,98,28,1
8,s001,98,226,89
8,s001,98,227,48
8,s001,98,224,28
8,s001,98,225,21
8,s001,98,230,27
8,s001,98,231,19
8,s001,98,228,10
8,s001,98,229,5
8,s001,98,234,24
8,s001,98,235,15
8,s001,98,232,15
8,s001,98,233,10
8,s001,98,238,10
8,s001,98,239,4
8,s001,98,236,8
8,s001,98,237,7
8,s001,98,242,14
8,s001,98,243,9
8,s001,98,240,7
8,s001,98,241,7
8,s001,98,246,9
8,s001,98,247,6
8,s001,98,244,1
8,s001,98,245,1
8,s001,98,250,5
8,s001,98,251,4
8,s001,98,248,2
8,s001,98,249,1
8,s001,98,254,3
8,s001,98,194,22
8,s001,98,195,23
8,s001,98,192,13
8,s001,98,193,5
8,s001,98,198,10
8,s001,98,199,13
8,s001,98,196,1
8,s001,98,197,1
8,s001,98,202,12
8,s001,98,203,7
8,s001,98,200,4
8,s001,98,201,4
8,s001,98,206,2
8,s001,98,207,4
8,s001,98,204,2
8,s001,98,205,2
8,s001,98,210,8
8,s001,98,211,3
8,s001,98,208,3
8,s001,98,209,1
8,s001,98,214,2
8,s001,98,215,6
8,s001,98,212,2
8,s001,98,218,3
8,s001,98,219,1
8,s001,98,217,1
8,s001,98,222,1
8,s001,98,223,2
8,s001,98,220,1
8,s001,98,162,32
8,s001,98,163,20
8,s001,98,160,15
8,s001,98,161,11
8,s001,98,166,9
8,s001,98,167,5
8,s001,98,164,7
8,s001,98,165,4
8,s001,98,170,12
8,s001,98,171,5
8,s001,98,168,4
8,s001,98,169,4
8,s001,98,174,6
8,s001,98,175,2
8,s001,98,172,1
8,s001,98,173,2
8,s001,98,178,12
8,s001,98,179,5
8,s001,98,176,3
8,s001,98,182,5
8,s001,98,180,4
8,s001,98,186,3
8,s001,98,187,1
8,s001,98,185,1
8,s001,98,190,4
8,s001,98,189,1
8,s001,98,130,16
8,s001,98,131,4
8,s001,98,128,4
8,s001,98,129,4
8,s001,98,134,2
8,s001,98,135,2
8,s001,98,132,1
8,s001,98,133,2
8,s001,98,138,6
8,s001,98,139,1
8,s001,98,136,1
8,s001,98,142,3
8,s001,98,143,1
8,s001,98,140,1
8,s001,98,141,1
8,s001,98,146,5
8,s001,98,147,1
8,s001,98,150,2
8,s001,98,151,1
8,s001,98,154,2
8,s001,98,152,1
8,s002,247,247,175
8,s002,247,246,75
8,s002,247,245,84
8,s002,247,244,32
8,s002,247,243,71
8,s002,247,242,38
8,s002,247,241,33
8,s002,247,240,10
8,s002,247,255,55
8,s002,247,254,27
8,s002,247,253,23
8,s002,247,252,7
8,s002,247,251,21
8,s002,247,250,9
8,s002,247,249,8
8,s002,247,248,3
8,s002,247,231,48
8,s002,247,230,18
8,s002,247,229,16
8,s002,247,228,7
8,s002,247,227,16
8,s002,247,226,6
8,s002,247,225,8
8,s002,247,224,3
8,s002,247,239,17
8,s002,247,238,11
8,s002,247,237,4
8,s002,247,236,3
8,s002,247,235,8
8,s002,247,234,3
8,s002,247,233,2
8,s002,247,215,52
8,s002,247,214,30
8,s002,247,213,23
8,s002,247,212,11
8,s002,247,211,32
8,s002,247,210,12
8,s002,247,209,9
8,s002,247,208,6
8,s002,247,223,31
8,s002,247,222,11
8,s002,247,221,15
8,s002,247,220,3
8,s002,247,219,6
8,s002,247,218,4
8,s002,247,217,2
8,s002,247,216,5
8,s002,247,199,19
8,s002,247,198,13
8,s002,247,197,12
8,s002,247,196,4
8,s002,247,195,6
8,s002,247,194,5
8,s002,247,193,2
8,s002,247,192,4
8,s002,247,207,7
8,s002,247,206,3
8,s002,247,205,2
8,s002,247,203,7
8,s002,247,202,5
8,s002,247,201,3
8,s002,247,183,85
8,s002,247,182,35
8,s002,247,181,44
8,s002,247,180,17
8,s002,247,179,33
8,s002,247,178,12
8,s002,247,177,10
8,s002,247,176,5
8,s002,247,191,32
8,s002,247,190,12
8,s002,247,189,9
8,s002,247,188,10
8,s002,247,187,8
8,s002,247,186,2
8,s002,247,185,3
8,s002,247,184,1
8,s002,247,167,25
8,s002,247,166,7
8,s002,247,165,14
8,s002,247,164,6
8,s002,247,163,8
8,s002,247,162,3
8,s002,247,161,5
8,s002,247,160,1
8,s002,247,175,2
8,s002,247,174,3
8,s002,247,173,5
8,s002,247,172,1
8,s002,247,171,3
8,s002,247,170,1
8,s002,247,151,26
8,s002,247,150,17
8,s002,247,149,12
8,s002,247,148,2
8,s002,247,147,10
8,s002,247,146,7
8,s002,247,145,6
8,s002,247,144,4
8,s002,247,159,7
8,s002,247,158,7
8,s002,247,157,4
8,s002,247,156,6
8,s002,247,155,7
8,s002,247,154,7
8,s002,247,153,3
8,s002,247,152,1
8,s002,247,135,9
8,s002,247,134,2
8,s002,247,133,2
8,s002,247,132,1
8,s002,247,131,2
8,s002,247,130,3
8,s002,247,129,1
8,s002,247,143,2
8,s002,247,141,5
8,s002,247,140,1
8,s002,247,139,1
8,s002,247,138,2
8,s002,247,119,75
8,s002,247,118,58
8,s002,247,117,31
8,s002,247,116,14
8,s002,247,115,21
8,s002,247,114,13
8,s002,247,113,13
8,s002,247,112,10
8,s002,247,127,33
8,s002,247,126,22
8,s002,247,125,9
8,s002,247,124,4
8,s002,247,123,6
8,s002,247,122,6
8,s002,247,121,2
8,s002,247,120,1
8,s002,247,103,13
8,s002,247,102,10
8,s002,247,101,8
8,s002,247,100,2
8,s002,247,99,6
8,s002,247,98,2
8,s002,247,97,2
8,s002,247,96,3
8,s002,247,111,5
8,s002,247,110,5
8,s002,247,109,2
8,s002,247,108,1
8,s002,247,107,2
8,s002,247,106,3
8,s002,247,105,1
8,s002,247,104,1
8,s002,247,87,22
8,s002,247,86,22
8,s002,247,85,9
8,s002,247,84,9
8,s002,247,83,13
8,s002,247,82,3
8,s002,247,81,6
8,s002,247,80,2
8,s002,247,95,6
8,s002,247,94,4
8,s002,247,93,1
8,s002,247,92,3
8,s002,247,91,4
8,s002,247,90,2
8,s002,247,89,2
8,s002,247,71,7
8,s002,247,70,10
8,s002,247,69,3
8,s002,247,68,4
8,s002,247,66,3
8,s002,247,64,2
8,s002,247,75,2
8,s002,247,74,1
8,s002,247,55,29
8,s002,247,54,11
8,s002,247,53,19
8,s002,247,52,4
8,s002,247,51,11
8,s002,247,50,3
8,s002,247,49,8
8,s002,247,48,2
8,s002,247,63,8
8,s002,247,62,10
8,s002,247,61,11
8,s002,247,60,4
8,s002,247,59,3
8,s002,247,57,3
8,s002,247,56,3
8,s002,247,39,3
8,s002,247,38,3
8,s002,247,37,2
8,s002,247,36,1
8,s002,247,35,2
8,s002,247,34,1
8,s002,247,33,1
8,s002,247,47,2
8,s002,247,46,2
8,s002,247,45,1
8,s002,247,43,1
8,s002,247,23,8
8,s002,247,22,10
8,s002,247,21,5
8,s002,247,20,1
8,s002,247,19,5
8,s002,247,18,3
8,s002,247,17,3
8,s002,247,16,2
8,s002,247,31,7
8,s002,247,30,4
8,s002,247,28,1
8,s002,247,27,4
8,s002,247,25,1
8,s002,247,7,3
8,s002,247,6,6
8,s002,247,5,1
8,s002,247,4,2
8,s002,247,3,1
8,s002,247,2,2
8,s002,247,1,2
8,s002,247,10,1
8,s002,247,9,1
8,s003,38,38,198
8,s003,38,39,74
8,s003,38,36,80
8,s003,38,37,40
8,s003,38,34,60
8,s003,38,35,25
8,s003,38,32,20
8,s003,38,33,9
8,s003,38,46,65
8,s003,38,47,28
8,s003,38,44,32
8,s003,38,45,13
8,s003,38,42,28
8,s003,38,43,7
8,s003,38,40,7
8,s003,38,41,4
8,s003,38,54,60
8,s003,38,55,21
8,s003,38,52,25
8,s003,38,53,9
8,s003,38,50,20
8,s003,38,51,11
8,s003,38,48,10
8,s003,38,49,5
8,s003,38,62,24
8,s003,38,63,9
8,s003,38,60,5
8,s003,38,61,3
8,s003,38,58,5
8,s003,38,59,4
8,s003,38,56,2
8,s003,38,6,85
8,s003,38,7,25
8,s003,38,4,32
8,s003,38,5,13
8,s003,38,2,19
8,s003,38,3,15
8,s003,38,0,13
8,s003,38,1,5
8,s003,38,14,20
8,s003,38,15,12
8,s003,38,12,16
8,s003,38,13,1
8,s003,38,10,13
8,s003,38,11,4
8,s003,38,8,3
8,s003,38,22,11
8,s003,38,23,11
8,s003,38,20,5
8,s003,38,21,4
8,s003,38,18,9
8,s003,38,19,4
8,s003,38,16,2
8,s003,38,17,3
8,s003,38,30,2
8,s003,38,31,4
8,s003,38,28,2
8,s003,38,26,6
8,s003,38,102,80
8,s003,38,103,38
8,s003,38,100,44
8,s003,38,101,17
8,s003,38,98,16
8,s003,38,99,8
8,s003,38,96,8
8,s003,38,97,9
8,s003,38,110,29
8,s003,38,111,13
8,s003,38,108,14
8,s003,38,109,10
8,s003,38,106,9
8,s003,38,107,5
8,s003,38,104,4
8,s003,38,105,1
8,s003,38,118,21
8,s003,38,119,11
8,s003,38,116,10
8,s003,38,117,7
8,s003,38,114,1
8,s003,38,115,4
8,s003,38,112,4
8,s003,38,113,5
8,s003,38,126,11
8,s003,38,127,5
8,s003,38,124,3
8,s003,38,125,2
8,s003,38,122,1
8,s003,38,123,1
8,s003,38,121,1
8,s003,38,70,33
8,s003,38,71,13
8,s003,38,68,17
8,s003,38,69,8
8,s003,38,66,6
8,s003,38,67,13
8,s003,38,64,7
8,s003,38,65,4
8,s003,38,78,9
8,s003,38,79,4
8,s003,38,76,8
8,s003,38,77,1
8,s003,38,74,7
8,s003,38,75,1
8,s003,38,72,3
8,s003,38,73,4
8,s003,38,86,14
8,s003,38,87,2
8,s003,38,84,5
8,s003,38,85,2
8,s003,38,82,2
8,s003,38,80,1
8,s003,38,94,6
8,s003,38,92,5
8,s003,38,166,85
8,s003,38,167,38
8,s003,38,164,26
8,s003,38,165,11
8,s003,38,162,21
8,s003,38,163,12
8,s003,38,160,9
8,s003,38,161,5
8,s003,38,174,21
8,s003,38,175,16
8,s003,38,172,10
8,s003,38,173,5
8,s003,38,170,10
8,s003,38,171,9
8,s003,38,168,3
8,s003,38,169,3
8,s003,38,182,14
8,s003,38,183,11
8,s003,38,180,9
8,s003,38,181,7
8,s003,38,178,9
8,s003,38,179,7
8,s003,38,176,1
8,s003,38,177,1
8,s003,38,190,6
8,s003,38,191,5
8,s003,38,188,4
8,s003,38,186,3
8,s003,38,187,1
8,s003,38,184,2
8,s003,38,185,1
8,s003,38,134,29
8,s003,38,135,15
8,s003,38,132,9
8,s003,38,133,3
8,s003,38,130,13
8,s003,38,131,7
8,s003,38,142,16
8,s003,38,143,7
8,s003,38,140,2
8,s003,38,141,1
8,s003,38,138,1
8,s003,38,139,3
8,s003,38,136,1
8,s003,38,150,6
8,s003,38,151,1
8,s003,38,148,1
8,s003,38,149,1
8,s003,38,147,6
8,s003,38,145,1
8,s003,38,158,2
8,s003,38,159,2
8,s003,38,156,1
8,s003,38,154,3
8,s003,38,155,2
8,s003,38,230,25
8,s003,38,231,11
8,s003,38,228,13
8,s003,38,229,8
8,s003,38,226,12
8,s003,38,227,6
8,s003,38,224,11
8,s003,38,225,4
8,s003,38,238,12
8,s003,38,239,4
8,s003,38,236,2
8,s003,38,237,4
8,s003,38,234,3
8,s003,38,232,2
8,s003,38,233,1
8,s003,38,246,10
8,s003,38,247,7
8,s003,38,244,7
8,s003,38,245,5
8,s003,38,242,1
8,s003,38,240,1
8,s003,38,254,2
8,s003,38,255,3
8,s003,38,253,2
8,s003,38,251,1
8,s003,38,249,1
8,s003,38,198,15
8,s003,38,199,6
8,s003,38,196,3
8,s003,38,197,4
8,s003,38,194,3
8,s003,38,192,1
8,s003,38,193,3
8,s003,38,206,6
8,s003,38,204,2
8,s003,38,205,1
8,s003,38,202,1
8,s003,38,200,2
8,s003,38,201,1
8,s003,38,214,4
8,s003,38,215,7
8,s003,38,212,2
8,s003,38,210,1
8,s003,38,208,1
8,s003,38,222,1
8,s003,38,220,1
8,s003,38,217,1
8,s004,201,201,227
8,s004,201,200,69
8,s004,201,203,60
8,s004,201,202,35
8,s004,201,205,61
8,s004,201,204,34
8,s004,201,207,36
8,s004,201,206,9
8,s004,201,193,94
8,s004,201,192,33
8,s004,201,195,32
8,s004,201,194,8
8,s004,201,197,20
8,s004,201,196,12
8,s004,201,199,8
8,s004,201,198,5
8,s004,201,217,50
8,s004,201,216,24
8,s004,201,219,26
8,s004,201,218,7
8,s004,201,221,13
8,s004,201,220,16
8,s004,201,223,8
8,s004,201,222,1
8,s004,201,209,18
8,s004,201,208,5
8,s004,201,211,9
8,s004,201,210,5
8,s004,201,213,11
8,s004,201,212,2
8,s004,201,215,4
8,s004,201,233,74
8,s004,201,232,31
8,s004,201,235,34
8,s004,201,234,7
8,s004,201,237,42
8,s004,201,236,9
8,s004,201,239,13
8,s004,201,238,4
8,s004,201,225,19
8,s004,201,224,14
8,s004,201,227,6
8,s004,201,226,5
8,s004,201,229,7
8,s004,201,228,5
8,s004,201,231,1
8,s004,201,230,2
8,s004,201,249,16
8,s004,201,248,9
8,s004,201,251,6
8,s004,201,250,2
8,s004,201,253,8
8,s004,201,252,4
8,s004,201,255,6
8,s004,201,254,3
8,s004,201,241,9
8,s004,201,240,6
8,s004,201,243,4
8,s004,201,245,1
8,s004,201,244,1
8,s004,201,247,2
8,s004,201,137,97
8,s004,201,136,27
8,s004,201,139,42
8,s004,201,138,22
8,s004,201,141,30
8,s004,201,140,12
8,s004,201,143,14
8,s004,201,142,7
8,s004,201,129,29
8,s004,201,128,10
8,s004,201,131,15
8,s004,201,130,6
8,s004,201,133,4
8,s004,201,132,4
8,s004,201,135,4
8,s004,201,134,1
8,s004,201,153,30
8,s004,201,152,7
8,s004,201,155,11
8,s004,201,154,4
8,s004,201,157,5
8,s004,201,156,7
8,s004,201,159,4
8,s004,201,158,1
8,s004,201,145,4
8,s004,201,144,3
8,s004,201,147,3
8,s004,201,146,2
8,s004,201,149,1
8,s004,201,148,2
8,s004,201,151,3
8,s004,201,169,32
8,s004,201,168,13
8,s004,201,171,9
8,s004,201,170,11
8,s004,201,173,8
8,s004,201,172,7
8,s004,201,175,9
8,s004,201,174,2
8,s004,201,161,12
8,s004,201,160,9
8,s004,201,163,4
8,s004,201,162,4
8,s004,201,165,4
8,s004,201,164,3
8,s004,201,167,4
8,s004,201,166,1
8,s004,201,185,10
8,s004,201,184,2
8,s004,201,187,6
8,s004,201,186,3
8,s004,201,189,2
8,s004,201,188,1
8,s004,201,191,4
8,s004,201,177,6
8,s004,201,176,1
8,s004,201,179,2
8,s004,201,178,2
8,s004,201,181,2
8,s004,201,180,2
8,s004,201,73,70
8,s004,201,72,50
8,s004,201,75,36
8,s004,201,74,14
8,s004,201,77,27
8,s004,201,76,19
8,s004,201,79,12
8,s004,201,78,7
8,s004,201,65,32
8,s004,201,64,15
8,s004,201,67,14
8,s004,201,66,12
8,s004,201,69,14
8,s004,201,68,10
8,s004,201,71,3
8,s004,201,70,2
8,s004,201,89,25
8,s004,201,88,10
8,s004,201,91,10
8,s004,201,90,3
8,s004,201,93,4
8,s004,201,92,1
8,s004,201,95,4
8,s004,201,94,1
8,s004,201,81,6
8,s004,201,80,4
8,s004,201,83,2
8,s004,201,82,2
8,s004,201,85,4
8,s004,201,87,4
8,s004,201,105,27
8,s004,201,104,14
8,s004,201,107,4
8,s004,201,106,12
8,s004,201,109,16
8,s004,201,108,8
8,s004,201,111,3
8,s004,201,110,3
8,s004,201,97,13
8,s004,201,96,2
8,s004,201,99,2
8,s004,201,98,4
8,s004,201,101,3
8,s004,201,100,3
8,s004,201,102,2
8,s004,201,121,8
8,s004,201,120,7
8,s004,201,123,6
8,s004,201,122,3
8,s004,201,125,3
8,s004,201,124,2
8,s004,201,126,1
8,s004,201,113,5
8,s004,201,112,1
8,s004,201,117,3
8,s004,201,119,2
8,s004,201,118,1
8,s004,201,9,31
8,s004,201,8,18
8,s004,201,11,23
8,s004,201,10,6
8,s004,201,13,15
8,s004,201,12,5
8,s004,201,15,6
8,s004,201,14,7
8,s004,201,1,10
8,s004,201,0,11
8,s004,201,3,3
8,s004,201,2,2
8,s004,201,5,5
8,s004,201,4,4
8,s004,201,7,2
8,s004,201,6,3
8,s004,201,25,11
8,s004,201,27,1
8,s004,201,26,3
8,s004,201,29,1
8,s004,201,31,3
8,s004,201,30,2
8,s004,201,17,3
8,s004,201,16,2
8,s004,201,18,2
8,s004,201,20,1
8,s004,201,23,1
8,s004,201,22,1
8,s004,201,41,7
8,s004,201,40,5
8,s004,201,43,9
8,s004,201,42,6
8,s004,201,45,5
8,s004,201,44,4
8,s004,201,47,4
8,s004,201,46,1
8,s004,201,33,3
8,s004,201,32,4
8,s004,201,35,1
8,s004,201,34,3
8,s004,201,37,2
8,s004,201,38,1
8,s004,201,57,2
8,s004,201,56,3
8,s004,201,58,1
8,s004,201,61,2
8,s004,201,60,1
8,s004,201,55,1
8,s005,38,38,187
8,s005,38,39,79
8,s005,38,36,83
8,s005,38,37,34
8,s005,38,34,82
8,s005,38,35,34
8,s005,38,32,26
8,s005,38,33,7
8,s005,38,46,70
8,s005,38,47,27
8,s005,38,44,30
8,s005,38,45,12
8,s005,38,42,27
8,s005,38,43,11
8,s005,38,40,9
8,s005,38,41,3
8,s005,38,54,59
8,s005,38,55,17
8,s005,38,52,22
8,s005,38,53,8
8,s005,38,50,10
8,s005,38,51,4
8,s005,38,48,12
8,s005,38,49,4
8,s005,38,62,27
8,s005,38,63,6
8,s005,38,60,9
8,s005,38,61,3
8,s005,38,58,5
8,s005,38,59,3
8,s005,38,56,4
8,s005,38,6,61
8,s005,38,7,42
8,s005,38,4,26
8,s005,38,5,7
8,s005,38,2,31
8,s005,38,3,16
8,s005,38,0,16
8,s005,38,1,7
8,s005,38,14,24
8,s005,38,15,8
8,s005,38,12,8
8,s005,38,13,10
8,s005,38,10,13
8,s005,38,11,2
8,s005,38,9,7
8,s005,38,22,23
8,s005,38,23,5
8,s005,38,20,5
8,s005,38,21,4
8,s005,38,18,9
8,s005,38,19,1
8,s005,38,16,4
8,s005,38,17,1
8,s005,38,30,12
8,s005,38,31,1
8,s005,38,28,5
8,s005,38,29,2
8,s005,38,26,2
8,s005,38,24,1
8,s005,38,25,2
8,s005,38,102,72
8,s005,38,103,36
8,s005,38,100,39
8,s005,38,101,17
8,s005,38,98,27
8,s005,38,99,16
8,s005,38,96,8
8,s005,38,97,5
8,s005,38,110,22
8,s005,38,111,11
8,s005,38,108,20
8,s005,38,109,2
8,s005,38,106,8
8,s005,38,107,2
8,s005,38,104,5
8,s005,38,105,2
8,s005,38,118,11
8,s005,38,119,5
8,s005,38,116,7
8,s005,38,117,8
8,s005,38,114,4
8,s005,38,115,1
8,s005,38,112,3
8,s005,38,113,2
8,s005,38,126,8
8,s005,38,127,4
8,s005,38,124,2
8,s005,38,125,1
8,s005,38,122,1
8,s005,38,123,2
8,s005,38,120,3
8,s005,38,70,31
8,s005,38,71,15
8,s005,38,68,16
8,s005,38,69,4
8,s005,38,66,5
8,s005,38,67,2
8,s005,38,64,6
8,s005,38,65,6
8,s005,38,78,11
8,s005,38,79,6
8,s005,38,76,7
8,s005,38,77,3
8,s005,38,74,4
8,s005,38,75,2
8,s005,38,72,1
8,s005,38,86,4
8,s005,38,87,1
8,s005,38,84,4
8,s005,38,85,1
8,s005,38,82,4
8,s005,38,83,2
8,s005,38,80,1
8,s005,38,81,1
8,s005,38,94,4
8,s005,38,95,2
8,s005,38,92,2
8,s005,38,93,1
8,s005,38,90,2
8,s005,38,91,1
8,s005,38,88,1
8,s005,38,166,69
8,s005,38,167,41
8,s005,38,164,28
8,s005,38,165,14
8,s005,38,162,24
8,s005,38,163,11
8,s005,38,160,7
8,s005,38,161,4
8,s005,38,174,23
8,s005,38,175,14
8,s005,38,172,11
8,s005,38,173,10
8,s005,38,170,8
8,s005,38,171,3
8,s005,38,168,3
8,s005,38,169,1
8,s005,38,182,11
8,s005,38,183,8
8,s005,38,180,8
8,s005,38,181,3
8,s005,38,178,7
8,s005,38,179,3
8,s005,38,176,4
8,s005,38,177,1
8,s005,38,190,7
8,s005,38,191,2
8,s005,38,188,2
8,s005,38,186,2
8,s005,38,184,1
8,s005,38,185,1
8,s005,38,134,21
8,s005,38,135,17
8,s005,38,132,12
8,s005,38,133,9
8,s005,38,130,12
8,s005,38,131,4
8,s005,38,128,4
8,s005,38,129,4
8,s005,38,142,10
8,s005,38,143,5
8,s005,38,140,5
8,s005,38,141,5
8,s005,38,138,7
8,s005,38,139,1
8,s005,38,136,1
8,s005,38,137,2
8,s005,38,150,7
8,s005,38,151,3
8,s005,38,149,1
8,s005,38,146,3
8,s005,38,144,1
8,s005,38,158,4
8,s005,38,159,3
8,s005,38,156,2
8,s005,38,154,2
8,s005,38,155,1
8,s005,38,230,24
8,s005,38,231,16
8,s005,38,228,14
8,s005,38,229,9
8,s005,38,226,11
8,s005,38,227,6
8,s005,38,224,4
8,s005,38,225,3
8,s005,38,238,12
8,s005,38,239,5
8,s005,38,236,4
8,s005,38,237,2
8,s005,38,234,4
8,s005,38,235,2
8,s005,38,233,1
8,s005,38,246,8
8,s005,38,247,4
8,s005,38,244,4
8,s005,38,245,2
8,s005,38,242,2
8,s005,38,243,1
8,s005,38,240,1
8,s005,38,254,3
8,s005,38,252,1
8,s005,38,198,12
8,s005,38,199,9
8,s005,38,196,4
8,s005,38,197,3
8,s005,38,194,5
8,s005,38,195,2
8,s005,38,193,2
8,s005,38,206,4
8,s005,38,207,3
8,s005,38,204,2
8,s005,38,205,3
8,s005,38,202,3
8,s005,38,203,2
8,s005,38,200,2
8,s005,38,201,3
8,s005,38,214,2
8,s005,38,215,1
8,s005,38,212,1
8,s005,38,213,1
8,s005,38,211,1
8,s005,38,218,2
8,s005,38,216,1
8,s006,34,34,213
8,s006,34,35,94
8,s006,34,32,71
8,s006,34,33,31
8,s006,34,38,66
8,s006,34,39,29
8,s006,34,36,25
8,s006,34,37,13
8,s006,34,42,101
8,s006,34,43,29
8,s006,34,40,35
8,s006,34,41,9
8,s006,34,46,30
8,s006,34,47,8
8,s006,34,44,7
8,s006,34,45,5
8,s006,34,50,65
8,s006,34,51,27
8,s006,34,48,26
8,s006,34,49,9
8,s006,34,54,16
8,s006,34,55,6
8,s006,34,52,7
8,s006,34,53,3
8,s006,34,58,23
8,s006,34,59,11
8,s006,34,56,6
8,s006,34,57,6
8,s006,34,62,7
8,s006,34,63,4
8,s006,34,60,1
8,s006,34,61,1
8,s006,34,2,71
8,s006,34,3,30
8,s006,34,0,20
8,s006,34,1,22
8,s006,34,6,38
8,s006,34,7,14
8,s006,34,4,15
8,s006,34,5,2
8,s006,34,10,25
8,s006,34,11,22
8,s006,34,8,8
8,s006,34,9,3
8,s006,34,14,9
8,s006,34,15,2
8,s006,34,12,5
8,s006,34,13,2
8,s006,34,18,9
8,s006,34,19,13
8,s006,34,16,9
8,s006,34,17,4
8,s006,34,22,9
8,s006,34,23,5
8,s006,34,20,4
8,s006,34,21,2
8,s006,34,26,6
8,s006,34,27,3
8,s006,34,24,3
8,s006,34,98,77
8,s006,34,99,41
8,s006,34,96,44
8,s006,34,97,21
8,s006,34,102,32
8,s006,34,103,11
8,s006,34,100,17
8,s006,34,101,16
8,s006,34,106,38
8,s006,34,107,9
8,s006,34,104,23
8,s006,34,105,6
8,s006,34,110,17
8,s006,34,111,5
8,s006,34,108,12
8,s006,34,109,2
8,s006,34,114,22
8,s006,34,115,11
8,s006,34,112,14
8,s006,34,113,5
8,s006,34,118,5
8,s006,34,119,2
8,s006,34,116,2
8,s006,34,117,1
8,s006,34,122,11
8,s006,34,123,3
8,s006,34,120,6
8,s006,34,121,3
8,s006,34,126,3
8,s006,34,127,2
8,s006,34,66,25
8,s006,34,67,11
8,s006,34,64,11
8,s006,34,65,9
8,s006,34,70,13
8,s006,34,71,7
8,s006,34,68,8
8,s006,34,69,3
8,s006,34,74,6
8,s006,34,75,3
8,s006,34,72,4
8,s006,34,73,2
8,s006,34,78,2
8,s006,34,79,2
8,s006,34,76,1
8,s006,34,77,1
8,s006,34,82,6
8,s006,34,80,4
8,s006,34,81,3
8,s006,34,86,3
8,s006,34,87,1
8,s006,34,90,3
8,s006,34,88,2
8,s006,34,89,1
8,s006,34,94,2
8,s006,34,93,1
8,s006,34,162,85
8,s006,34,163,30
8,s006,34,160,50
8,s006,34,161,23
8,s006,34,166,18
8,s006,34,167,10
8,s006,34,164,9
8,s006,34,165,4
8,s006,34,170,27
8,s006,34,171,17
8,s006,34,168,7
8,s006,34,169,8
8,s006,34,174,9
8,s006,34,175,6
8,s006,34,172,6
8,s006,34,173,1
8,s006,34,178,16
8,s006,34,179,8
8,s006,34,176,5
8,s006,34,177,4
8,s006,34,182,9
8,s006,34,183,3
8,s006,34,180,2
8,s006,34,181,2
8,s006,34,186,8
8,s006,34,187,6
8,s006,34,184,5
8,s006,34,185,2
8,s006,34,190,3
8,s006,34,191,1
8,s006,34,130,26
8,s006,34,131,22
8,s006,34,128,9
8,s006,34,129,7
8,s006,34,134,8
8,s006,34,135,9
8,s006,34,132,4
8,s006,34,133,2
8,s006,34,138,18
8,s006,34,139,5
8,s006,34,136,8
8,s006,34,137,4
8,s006,34,142,8
8,s006,34,143,4
8,s006,34,140,2
8,s006,34,146,5
8,s006,34,147,2
8,s006,34,144,8
8,s006,34,145,2
8,s006,34,150,3
8,s006,34,151,2
8,s006,34,154,2
8,s006,34,155,1
8,s006,34,152,1
8,s006,34,153,1
8,s006,34,158,2
8,s006,34,156,1
8,s006,34,226,48
8,s006,34,227,12
8,s006,34,224,14
8,s006,34,225,9
8,s006,34,230,9
8,s006,34,231,1
8,s006,34,228,8
8,s006,34,229,1
8,s006,34,234,13
8,s006,34,235,7
8,s006,34,232,5
8,s006,34,233,3
8,s006,34,238,4
8,s006,34,239,3
8,s006,34,236,2
8,s006,34,237,1
8,s006,34,242,7
8,s006,34,243,3
8,s006,34,240,3
8,s006,34,241,1
8,s006,34,246,4
8,s006,34,247,1
8,s006,34,244,1
8,s006,34,245,2
8,s006,34,250,2
8,s006,34,249,1
8,s006,34,254,2
8,s006,34,255,2
8,s006,34,253,1
8,s006,34,194,14
8,s006,34,195,5
8,s006,34,192,8
8,s006,34,193,6
8,s006,34,198,4
8,s006,34,199,6
8,s006,34,196,3
8,s006,34,197,1
8,s006,34,202,9
8,s006,34,203,1
8,s006,34,200,3
8,s006,34,206,2
8,s006,34,204,1
8,s006,34,210,4
8,s006,34,211,1
8,s006,34,208,2
8,s006,34,209,1
8,s006,34,212,2
8,s006,34,213,1
8,s006,34,218,2
8,s006,34,216,1
8,s006,34,223,1
8,s007,83,83,182
8,s007,83,82,80
8,s007,83,81,84
8,s007,83,80,34
8,s007,83,87,70
8,s007,83,86,42
8,s007,83,85,35
8,s007,83,84,16
8,s007,83,91,85
8,s007,83,90,33
8,s007,83,89,33
8,s007,83,88,14
8,s007,83,95,25
8,s007,83,94,7
8,s007,83,93,8
8,s007,83,92,4
8,s007,83,67,52
8,s007,83,66,24
8,s007,83,65,16
8,s007,83,64,8
8,s007,83,71,20
8,s007,83,70,8
8,s007,83,69,11
8,s007,83,68,5
8,s007,83,75,12
8,s007,83,74,10
8,s007,83,73,10
8,s007,83,72,3
8,s007,83,79,8
8,s007,83,77,2
8,s007,83,76,1
8,s007,83,115,60
8,s007,83,114,32
8,s007,83,113,28
8,s007,83,112,12
8,s007,83,119,28
8,s007,83,118,11
8,s007,83,117,12
8,s007,83,116,6
8,s007,83,123,21
8,s007,83,122,8
8,s007,83,121,15
8,s007,83,120,5
8,s007,83,127,11
8,s007,83,126,5
8,s007,83,125,9
8,s007,83,124,4
8,s007,83,99,18
8,s007,83,98,8
8,s007,83,97,3
8,s007,83,96,6
8,s007,83,103,9
8,s007,83,102,4
8,s007,83,101,3
8,s007,83,100,1
8,s007,83,107,11
8,s007,83,106,4
8,s007,83,105,3
8,s007,83,104,2
8,s007,83,111,4
8,s007,83,110,3
8,s007,83,19,81
8,s007,83,18,33
8,s007,83,17,47
8,s007,83,16,14
8,s007,83,23,26
8,s007,83,22,12
8,s007,83,21,14
8,s007,83,20,9
8,s007,83,27,26
8,s007,83,26,9
8,s007,83,25,11
8,s007,83,24,6
8,s007,83,31,15
8,s007,83,30,1
8,s007,83,29,2
8,s007,83,3,26
8,s007,83,2,11
8,s007,83,1,11
8,s007,83,0,12
8,s007,83,7,10
8,s007,83,6,1
8,s007,83,5,5
8,s007,83,4,2
8,s007,83,11,12
8,s007,83,10,3
8,s007,83,9,4
8,s007,83,8,1
8,s007,83,15,2
8,s007,83,14,3
8,s007,83,13,1
8,s007,83,12,2
8,s007,83,51,23
8,s007,83,50,12
8,s007,83,49,14
8,s007,83,48,6
8,s007,83,55,13
8,s007,83,54,5
8,s007,83,53,8
8,s007,83,52,8
8,s007,83,59,14
8,s007,83,58,5
8,s007,83,57,4
8,s007,83,56,5
8,s007,83,63,6
8,s007,83,62,2
8,s007,83,61,2
8,s007,83,60,4
8,s007,83,35,12
8,s007,83,34,5
8,s007,83,33,7
8,s007,83,32,1
8,s007,83,37,2
8,s007,83,36,2
8,s007,83,43,4
8,s007,83,42,1
8,s007,83,41,2
8,s007,83,40,1
8,s007,83,47,3
8,s007,83,46,3
8,s007,83,211,83
8,s007,83,210,43
8,s007,83,209,42
8,s007,83,208,17
8,s007,83,215,39
8,s007,83,214,21
8,s007,83,213,15
8,s007,83,212,2
8,s007,83,219,36
8,s007,83,218,20
8,s007,83,217,9
8,s007,83,216,6
8,s007,83,223,14
8,s007,83,222,7
8,s007,83,221,6
8,s007,83,220,5
8,s007,83,195,18
8,s007,83,194,16
8,s007,83,193,5
8,s007,83,192,5
8,s007,83,199,9
8,s007,83,198,5
8,s007,83,197,4
8,s007,83,196,1
8,s007,83,203,7
8,s007,83,202,4
8,s007,83,201,4
8,s007,83,200,3
8,s007,83,207,5
8,s007,83,206,2
8,s007,83,205,1
8,s007,83,204,1
8,s007,83,243,27
8,s007,83,242,14
8,s007,83,241,5
8,s007,83,240,7
8,s007,83,247,12
8,s007,83,246,7
8,s007,83,245,9
8,s007,83,244,3
8,s007,83,251,6
8,s007,83,250,5
8,s007,83,249,4
8,s007,83,248,2
8,s007,83,255,3
8,s007,83,254,3
8,s007,83,227,8
8,s007,83,226,4
8,s007,83,225,1
8,s007,83,224,2
8,s007,83,231,1
8,s007,83,230,3
8,s007,83,229,2
8,s007,83,235,4
8,s007,83,234,1
8,s007,83,232,1
8,s007,83,239,1
8,s007,83,238,2
8,s007,83,147,31
8,s007,83,146,22
8,s007,83,145,26
8,s007,83,144,7
8,s007,83,151,9
8,s007,83,150,7
8,s007,83,149,5
8,s007,83,148,3
8,s007,83,155,12
8,s007,83,154,5
8,s007,83,153,4
8,s007,83,152,1
8,s007,83,159,5
8,s007,83,158,4
8,s007,83,157,2
8,s007,83,156,1
8,s007,83,131,8
8,s007,83,130,9
8,s007,83,129,6
8,s007,83,128,1
8,s007,83,135,3
8,s007,83,134,1
8,s007,83,132,3
8,s007,83,139,2
8,s007,83,137,1
8,s007,83,143,3
8,s007,83,140,2
8,s007,83,179,12
8,s007,83,178,9
8,s007,83,177,7
8,s007,83,176,7
8,s007,83,183,5
8,s007,83,182,4
8,s007,83,181,1
8,s007,83,187,4
8,s007,83,186,4
8,s007,83,185,2
8,s007,83,184,2
8,s007,83,191,4
8,s007,83,189,2
8,s007,83,188,2
8,s007,83,163,3
8,s007,83,162,1
8,s007,83,161,4
8,s007,83,167,2
8,s007,83,171,1
8,s007,83,170,1
8,s007,83,169,1
8,s008,127,127,213
8,s008,127,126,79
8,s008,127,125,84
8,s008,127,124,46
8,s008,127,123,71
8,s008,127,122,32
8,s008,127,121,21
8,s008,127,120,9
8,s008,127,119,70
8,s008,127,118,33
8,s008,127,117,36
8,s008,127,116,11
8,s008,127,115,30
8,s008,127,114,12
8,s008,127,113,10
8,s008,127,112,2
8,s008,127,111,66
8,s008,127,110,25
8,s008,127,109,26
8,s008,127,108,7
8,s008,127,107,17
8,s008,127,106,11
8,s008,127,105,7
8,s008,127,104,1
8,s008,127,103,21
8,s008,127,102,9
8,s008,127,101,5
8,s008,127,100,2
8,s008,127,99,8
8,s008,127,98,1
8,s008,127,97,3
8,s008,127,95,60
8,s008,127,94,40
8,s008,127,93,31
8,s008,127,92,17
8,s008,127,91,30
8,s008,127,90,12
8,s008,127,89,11
8,s008,127,88,4
8,s008,127,87,28
8,s008,127,86,8
8,s008,127,85,11
8,s008,127,84,4
8,s008,127,83,14
8,s008,127,82,9
8,s008,127,81,3
8,s008,127,80,1
8,s008,127,79,24
8,s008,127,78,8
8,s008,127,77,11
8,s008,127,76,4
8,s008,127,75,8
8,s008,127,74,2
8,s008,127,73,3
8,s008,127,72,2
8,s008,127,71,10
8,s008,127,70,3
8,s008,127,69,1
8,s008,127,68,3
8,s008,127,67,1
8,s008,127,65,2
8,s008,127,64,1
8,s008,127,63,83
8,s008,127,62,24
8,s008,127,61,37
8,s008,127,60,16
8,s008,127,59,37
8,s008,127,58,7
8,s008,127,57,13
8,s008,127,56,7
8,s008,127,55,43
8,s008,127,54,14
8,s008,127,53,20
8,s008,127,52,9
8,s008,127,51,7
8,s008,127,50,4
8,s008,127,49,9
8,s008,127,48,2
8,s008,127,47,27
8,s008,127,46,7
8,s008,127,45,12
8,s008,127,44,2
8,s008,127,43,9
8,s008,127,42,3
8,s008,127,41,6
8,s008,127,40,2
8,s008,127,39,6
8,s008,127,38,3
8,s008,127,37,3
8,s008,127,35,5
8,s008,127,34,3
8,s008,127,32,1
8,s008,127,31,26
8,s008,127,30,12
8,s008,127,29,14
8,s008,127,28,8
8,s008,127,27,10
8,s008,127,26,1
8,s008,127,25,10
8,s008,127,24,3
8,s008,127,23,12
8,s008,127,22,3
8,s008,127,21,3
8,s008,127,20,2
8,s008,127,19,7
8,s008,127,18,5
8,s008,127,16,1
8,s008,127,15,9
8,s008,127,14,4
8,s008,127,13,4
8,s008,127,12,4
8,s008,127,11,2
8,s008,127,10,1
8,s008,127,9,3
8,s008,127,8,1
8,s008,127,7,2
8,s008,127,6,3
8,s008,127,4,3
8,s008,127,3,2
8,s008,127,2,1
8,s008,127,255,77
8,s008,127,254,41
8,s008,127,253,25
8,s008,127,252,14
8,s008,127,251,22
8,s008,127,250,16
8,s008,127,249,15
8,s008,127,248,6
8,s008,127,247,31
8,s008,127,246,29
8,s008,127,245,14
8,s008,127,244,6
8,s008,127,243,8
8,s008,127,242,6
8,s008,127,241,8
8,s008,127,240,3
8,s008,127,239,20
8,s008,127,238,11
8,s008,127,237,6
8,s008,127,236,5
8,s008,127,235,6
8,s008,127,234,6
8,s008,127,233,5
8,s008,127,232,1
8,s008,127,231,3
8,s008,127,230,10
8,s008,127,229,4
8,s008,127,228,2
8,s008,127,227,2
8,s008,127,226,2
8,s008,127,225,1
8,s008,127,223,31
8,s008,127,222,14
8,s008,127,221,14
8,s008,127,220,8
8,s008,127,219,11
8,s008,127,218,7
8,s008,127,217,3
8,s008,127,216,3
8,s008,127,215,16
8,s008,127,214,10
8,s008,127,212,5
8,s008,127,211,6
8,s008,127,210,3
8,s008,127,207,6
8,s008,127,206,4
8,s008,127,205,3
8,s008,127,204,1
8,s008,127,202,1
8,s008,127,201,2
8,s008,127,200,1
8,s008,127,199,1
8,s008,127,198,1
8,s008,127,197,3
8,s008,127,195,1
8,s008,127,193,1
8,s008,127,192,1
8,s008,127,191,29
8,s008,127,190,12
8,s008,127,189,19
8,s008,127,188,10
8,s008,127,187,13
8,s008,127,186,7
8,s008,127,185,7
8,s008,127,184,2
8,s008,127,183,10
8,s008,127,182,6
8,s008,127,181,11
8,s008,127,180,3
8,s008,127,179,4
8,s008,127,178,8
8,s008,127,177,1
8,s008,127,175,6
8,s008,127,174,5
8,s008,127,173,5
8,s008,127,172,3
8,s008,127,171,5
8,s008,127,169,1
8,s008,127,168,2
8,s008,127,167,4
8,s008,127,165,3
8,s008,127,163,1
8,s008,127,159,8
8,s008,127,158,5
8,s008,127,157,3
8,s008,127,156,5
8,s008,127,155,5
8,s008,127,154,5
8,s008,127,153,3
8,s008,127,152,3
8,s008,127,151,1
8,s008,127,150,1
8,s008,127,147,4
8,s008,127,146,1
8,s008,127,145,1
8,s008,127,144,3
8,s008,127,143,2
8,s008,127,142,2
8,s008,127,141,4
8,s008,127,140,1
8,s008,127,139,1
8,s008,127,138,2
8,s008,127,137,2
8,s008,127,135,1
8,s008,127,134,1
8,s008,127,133,1
8,s008,127,131,1
8,s008,127,129,1
8,s009,175,175,238
8,s009,175,174,81
8,s009,175,173,80
8,s009,175,172,35
8,s009,175,171,69
8,s009,175,170,31
8,s009,175,169,24
8,s009,175,168,9
8,s009,175,167,72
8,s009,175,166,33
8,s009,175,165,25
8,s009,175,164,9
8,s009,175,163,30
8,s009,175,162,12
8,s009,175,161,10
8,s009,175,160,6
8,s009,175,191,45
8,s009,175,190,28
8,s009,175,189,19
8,s009,175,188,13
8,s009,175,187,19
8,s009,175,186,8
8,s009,175,185,10
8,s009,175,184,5
8,s009,175,183,18
8,s009,175,182,8
8,s009,175,181,8
8,s009,175,180,6
8,s009,175,179,4
8,s009,175,178,1
8,s009,175,177,2
8,s009,175,176,3
8,s009,175,143,76
8,s009,175,142,35
8,s009,175,141,37
8,s009,175,140,7
8,s009,175,139,36
8,s009,175,138,21
8,s009,175,137,10
8,s009,175,136,4
8,s009,175,135,24
8,s009,175,134,14
8,s009,175,133,13
8,s009,175,132,5
8,s009,175,131,14
8,s009,175,130,2
8,s009,175,129,5
8,s009,175,128,2
8,s009,175,159,27
8,s009,175,158,15
8,s009,175,157,13
8,s009,175,156,3
8,s009,175,155,5
8,s009,175,154,2
8,s009,175,153,2
8,s009,175,151,9
8,s009,175,150,7
8,s009,175,149,2
8,s009,175,148,1
8,s009,175,147,4
8,s009,175,144,1
8,s009,175,239,77
8,s009,175,238,38
8,s009,175,237,45
8,s009,175,236,12
8,s009,175,235,22
8,s009,175,234,12
8,s009,175,233,12
8,s009,175,232,9
8,s009,175,231,29
8,s009,175,230,19
8,s009,175,229,16
8,s009,175,228,6
8,s009,175,227,14
8,s009,175,226,5
8,s009,175,225,1
8,s009,175,224,5
8,s009,175,255,21
8,s009,175,254,11
8,s009,175,253,7
8,s009,175,252,7
8,s009,175,251,12
8,s009,175,250,1
8,s009,175,249,7
8,s009,175,248,5
8,s009,175,247,15
8,s009,175,246,2
8,s009,175,245,2
8,s009,175,244,3
8,s009,175,243,2
8,s009,175,241,1
8,s009,175,207,32
8,s009,175,206,16
8,s009,175,205,18
8,s009,175,204,7
8,s009,175,203,9
8,s009,175,202,7
8,s009,175,201,3
8,s009,175,200,3
8,s009,175,199,12
8,s009,175,198,5
8,s009,175,197,2
8,s009,175,196,2
8,s009,175,195,8
8,s009,175,194,1
8,s009,175,193,3
8,s009,175,192,1
8,s009,175,223,8
8,s009,175,222,4
8,s009,175,221,6
8,s009,175,220,2
8,s009,175,219,6
8,s009,175,218,2
8,s009,175,217,1
8,s009,175,216,2
8,s009,175,215,3
8,s009,175,214,3
8,s009,175,213,1
8,s009,175,212,3
8,s009,175,211,2
8,s009,175,209,1
8,s009,175,47,65
8,s009,175,46,37
8,s009,175,45,36
8,s009,175,44,14
8,s009,175,43,28
8,s009,175,42,16
8,s009,175,41,11
8,s009,175,40,11
8,s009,175,39,35
8,s009,175,38,13
8,s009,175,37,11
8,s009,175,36,10
8,s009,175,35,5
8,s009,175,34,6
8,s009,175,33,7
8,s009,175,32,3
8,s009,175,63,23
8,s009,175,62,9
8,s009,175,61,4
8,s009,175,60,5
8,s009,175,59,10
8,s009,175,58,5
8,s009,175,57,4
8,s009,175,56,3
8,s009,175,55,8
8,s009,175,54,4
8,s009,175,53,3
8,s009,175,52,2
8,s009,175,51,2
8,s009,175,50,1
8,s009,175,49,1
8,s009,175,48,2
8,s009,175,15,24
8,s009,175,14,24
8,s009,175,13,9
8,s009,175,12,9
8,s009,175,11,15
8,s009,175,10,4
8,s009,175,9,7
8,s009,175,8,7
8,s009,175,7,9
8,s009,175,6,2
8,s009,175,5,3
8,s009,175,4,4
8,s009,175,3,6
8,s009,175,2,1
8,s009,175,1,2
8,s009,175,31,6
8,s009,175,30,1
8,s009,175,28,2
8,s009,175,27,5
8,s009,175,26,4
8,s009,175,25,1
8,s009,175,24,1
8,s009,175,23,4
8,s009,175,22,1
8,s009,175,21,1
8,s009,175,19,4
8,s009,175,17,1
8,s009,175,111,25
8,s009,175,110,20
8,s009,175,109,11
8,s009,175,108,9
8,s009,175,107,6
8,s009,175,106,2
8,s009,175,105,6
8,s009,175,104,2
8,s009,175,103,10
8,s009,175,102,4
8,s009,175,101,7
8,s009,175,100,5
8,s009,175,99,1
8,s009,175,98,5
8,s009,175,97,2
8,s009,175,127,5
8,s009,175,126,3
8,s009,175,125,3
8,s009,175,124,1
8,s009,175,123,3
8,s009,175,122,3
8,s009,175,121,1
8,s009,175,119,1
8,s009,175,117,3
8,s009,175,116,1
8,s009,175,115,1
8,s009,175,114,2
8,s009,175,113,1
8,s009,175,79,9
8,s009,175,78,5
8,s009,175,77,7
8,s009,175,76,3
8,s009,175,75,3
8,s009,175,74,2
8,s009,175,73,3
8,s009,175,72,3
8,s009,175,71,7
8,s009,175,70,2
8,s009,175,69,5
8,s009,175,68,1
8,s009,175,95,3
8,s009,175,94,1
8,s009,175,93,1
8,s009,175,92,1
8,s009,175,91,2
8,s009,175,90,3
8,s009,175,81,1
8,s010,186,186,218
8,s010,186,187,85
8,s010,186,184,81
8,s010,186,185,36
8,s010,186,190,69
8,s010,186,191,22
8,s010,186,188,41
8,s010,186,189,9
8,s010,186,178,76
8,s010,186,179,34
8,s010,186,176,38
8,s010,186,177,13
8,s010,186,182,28
8,s010,186,183,14
8,s010,186,180,14
8,s010,186,181,3
8,s010,186,170,47
8,s010,186,171,19
8,s010,186,168,26
8,s010,186,169,12
8,s010,186,174,19
8,s010,186,175,10
8,s010,186,172,12
8,s010,186,173,3
8,s010,186,162,28
8,s010,186,163,10
8,s010,186,160,4
8,s010,186,161,3
8,s010,186,166,15
8,s010,186,164,2
8,s010,186,165,1
8,s010,186,154,70
8,s010,186,155,28
8,s010,186,152,31
8,s010,186,153,16
8,s010,186,158,22
8,s010,186,159,13
8,s010,186,156,9
8,s010,186,157,6
8,s010,186,146,28
8,s010,186,147,10
8,s010,186,144,15
8,s010,186,145,9
8,s010,186,150,12
8,s010,186,151,5
8,s010,186,148,8
8,s010,186,149,1
8,s010,186,138,21
8,s010,186,139,7
8,s010,186,136,5
8,s010,186,137,3
8,s010,186,142,10
8,s010,186,143,2
8,s010,186,140,5
8,s010,186,141,2
8,s010,186,130,5
8,s010,186,131,4
8,s010,186,128,3
8,s010,186,129,1
8,s010,186,134,4
8,s010,186,135,2
8,s010,186,132,3
8,s010,186,133,1
8,s010,186,250,97
8,s010,186,251,45
8,s010,186,248,41
8,s010,186,249,15
8,s010,186,254,24
8,s010,186,255,12
8,s010,186,252,14
8,s010,186,253,7
8,s010,186,242,23
8,s010,186,243,10
8,s010,186,240,17
8,s010,186,241,9
8,s010,186,246,3
8,s010,186,247,2
8,s010,186,244,9
8,s010,186,245,3
8,s010,186,234,18
8,s010,186,235,11
8,s010,186,232,11
8,s010,186,233,10
8,s010,186,238,13
8,s010,186,239,1
8,s010,186,236,8
8,s010,186,237,2
8,s010,186,226,12
8,s010,186,227,4
8,s010,186,224,2
8,s010,186,225,1
8,s010,186,230,2
8,s010,186,231,1
8,s010,186,218,22
8,s010,186,219,13
8,s010,186,216,19
8,s010,186,217,8
8,s010,186,222,9
8,s010,186,223,9
8,s010,186,220,6
8,s010,186,221,4
8,s010,186,210,17
8,s010,186,211,7
8,s010,186,208,9
8,s010,186,209,1
8,s010,186,214,10
8,s010,186,215,2
8,s010,186,212,3
8,s010,186,213,4
8,s010,186,202,8
8,s010,186,203,4
8,s010,186,200,2
8,s010,186,201,1
8,s010,186,206,13
8,s010,186,207,2
8,s010,186,204,2
8,s010,186,205,1
8,s010,186,194,2
8,s010,186,195,2
8,s010,186,192,3
8,s010,186,193,2
8,s010,186,199,1
8,s010,186,58,77
8,s010,186,59,41
8,s010,186,56,30
8,s010,186,57,20
8,s010,186,62,27
8,s010,186,63,13
8,s010,186,60,13
8,s010,186,61,9
8,s010,186,50,18
8,s010,186,51,8
8,s010,186,48,7
8,s010,186,49,7
8,s010,186,54,11
8,s010,186,55,4
8,s010,186,52,10
8,s010,186,53,4
8,s010,186,42,21
8,s010,186,43,11
8,s010,186,40,9
8,s010,186,41,5
8,s010,186,46,7
8,s010,186,47,3
8,s010,186,45,2
8,s010,186,34,13
8,s010,186,35,2
8,s010,186,32,5
8,s010,186,33,2
8,s010,186,38,3
8,s010,186,36,1
8,s010,186,26,27
8,s010,186,27,18
8,s010,186,24,11
8,s010,186,25,6
8,s010,186,30,9
8,s010,186,31,7
8,s010,186,28,4
8,s010,186,29,6
8,s010,186,18,11
8,s010,186,19,4
8,s010,186,16,2
8,s010,186,17,2
8,s010,186,22,5
8,s010,186,23,3
8,s010,186,20,2
8,s010,186,21,3
8,s010,186,10,7
8,s010,186,11,6
8,s010,186,8,1
8,s010,186,9,4
8,s010,186,14,2
8,s010,186,15,3
8,s010,186,12,1
8,s010,186,13,1
8,s010,186,2,4
8,s010,186,3,2
8,s010,186,0,3
8,s010,186,1,1
8,s010,186,6,1
8,s010,186,7,2
8,s010,186,4,2
8,s010,186,122,35
8,s010,186,123,13
8,s010,186,120,16
8,s010,186,121,10
8,s010,186,126,18
8,s010,186,127,9
8,s010,186,124,6
8,s010,186,125,2
8,s010,186,114,5
8,s010,186,115,4
8,s010,186,112,7
8,s010,186,113,4
8,s010,186,118,2
8,s010,186,119,1
8,s010,186,116,2
8,s010,186,106,4
8,s010,186,107,7
8,s010,186,104,4
8,s010,186,105,3
8,s010,186,110,4
8,s010,186,111,3
8,s010,186,108,1
8,s010,186,109,2
8,s010,186,98,1
8,s010,186,96,2
8,s010,186,97,3
8,s010,186,102,1
8,s010,186,103,1
8,s010,186,101,2
8,s010,186,90,10
8,s010,186,91,8
8,s010,186,88,7
8,s010,186,89,4
8,s010,186,94,5
8,s010,186,95,4
8,s010,186,92,1
8,s010,186,82,4
8,s010,186,83,4
8,s010,186,80,1
8,s010,186,86,1
8,s010,186,87,3
8,s010,186,85,1
8,s010,186,74,3
8,s010,186,75,2
8,s010,186,72,1
8,s010,186,73,1
8,s010,186,78,1
8,s010,186,79,1
8,s010,186,77,1
8,s010,186,66,1
8,s010,186,65,1
8,s010,186,70,2
8,s011,136,136,176
8,s011,136,137,82
8,s011,136,138,77
8,s011,136,139,35
8,s011,136,140,62
8,s011,136,141,30
8,s011,136,142,27
8,s011,136,143,16
8,s011,136,128,58
8,s011,136,129,40
8,s011,136,130,34
8,s011,136,131,13
8,s011,136,132,28
8,s011,136,133,12
8,s011,136,134,12
8,s011,136,135,7
8,s011,136,152,54
8,s011,136,153,18
8,s011,136,154,21
8,s011,136,155,7
8,s011,136,156,14
8,s011,136,157,4
8,s011,136,158,4
8,s011,136,159,4
8,s011,136,144,14
8,s011,136,145,6
8,s011,136,146,8
8,s011,136,147,1
8,s011,136,148,13
8,s011,136,149,4
8,s011,136,150,2
8,s011,136,151,1
8,s011,136,168,62
8,s011,136,169,32
8,s011,136,170,26
8,s011,136,171,15
8,s011,136,172,29
8,s011,136,173,18
8,s011,136,174,16
8,s011,136,175,8
8,s011,136,160,28
8,s011,136,161,9
8,s011,136,162,10
8,s011,136,163,5
8,s011,136,164,14
8,s011,136,165,4
8,s011,136,166,4
8,s011,136,167,1
8,s011,136,184,15
8,s011,136,185,11
8,s011,136,186,7
8,s011,136,187,4
8,s011,136,188,6
8,s011,136,189,3
8,s011,136,190,6
8,s011,136,191,1
8,s011,136,176,6
8,s011,136,177,4
8,s011,136,178,4
8,s011,136,179,2
8,s011,136,180,6
8,s011,136,183,1
8,s011,136,200,71
8,s011,136,201,31
8,s011,136,202,30
8,s011,136,203,17
8,s011,136,204,31
8,s011,136,205,8
8,s011,136,206,14
8,s011,136,207,6
8,s011,136,192,30
8,s011,136,193,16
8,s011,136,194,10
8,s011,136,195,9
8,s011,136,196,12
8,s011,136,197,6
8,s011,136,198,8
8,s011,136,199,2
8,s011,136,216,18
8,s011,136,217,8
8,s011,136,218,8
8,s011,136,219,1
8,s011,136,220,10
8,s011,136,221,6
8,s011,136,222,3
8,s011,136,223,2
8,s011,136,208,8
8,s011,136,209,2
8,s011,136,211,2
8,s011,136,213,2
8,s011,136,214,1
8,s011,136,215,1
8,s011,136,232,25
8,s011,136,233,8
8,s011,136,234,15
8,s011,136,235,9
8,s011,136,236,5
8,s011,136,237,6
8,s011,136,238,5
8,s011,136,239,1
8,s011,136,224,13
8,s011,136,225,8
8,s011,136,226,7
8,s011,136,227,2
8,s011,136,228,7
8,s011,136,229,4
8,s011,136,230,2
8,s011,136,231,2
8,s011,136,248,6
8,s011,136,249,4
8,s011,136,250,7
8,s011,136,251,4
8,s011,136,252,5
8,s011,136,253,2
8,s011,136,254,5
8,s011,136,255,2
8,s011,136,240,6
8,s011,136,242,4
8,s011,136,243,1
8,s011,136,244,1
8,s011,136,8,58
8,s011,136,9,53
8,s011,136,10,24
8,s011,136,11,24
8,s011,136,12,19
8,s011,136,13,12
8,s011,136,14,9
8,s011,136,15,11
8,s011,136,0,33
8,s011,136,1,24
8,s011,136,2,8
8,s011,136,3,6
8,s011,136,4,8
8,s011,136,5,9
8,s011,136,6,3
8,s011,136,7,5
8,s011,136,24,18
8,s011,136,25,10
8,s011,136,26,6
8,s011,136,27,3
8,s011,136,28,11
8,s011,136,29,5
8,s011,136,30,3
8,s011,136,31,2
8,s011,136,16,10
8,s011,136,17,8
8,s011,136,18,2
8,s011,136,19,5
8,s011,136,20,1
8,s011,136,21,3
8,s011,136,22,1
8,s011,136,23,1
8,s011,136,40,23
8,s011,136,41,15
8,s011,136,42,11
8,s011,136,43,4
8,s011,136,44,17
8,s011,136,45,5
8,s011,136,46,5
8,s011,136,47,2
8,s011,136,32,15
8,s011,136,33,7
8,s011,136,34,5
8,s011,136,35,3
8,s011,136,36,6
8,s011,136,37,5
8,s011,136,38,2
8,s011,136,39,4
8,s011,136,56,5
8,s011,136,57,4
8,s011,136,58,5
8,s011,136,60,3
8,s011,136,61,1
8,s011,136,62,3
8,s011,136,63,2
8,s011,136,48,1
8,s011,136,49,2
8,s011,136,52,2
8,s011,136,55,1
8,s011,136,72,22
8,s011,136,73,15
8,s011,136,74,15
8,s011,136,75,8
8,s011,136,76,9
8,s011,136,77,4
8,s011,136,78,7
8,s011,136,79,4
8,s011,136,64,14
8,s011,136,65,10
8,s011,136,66,8
8,s011,136,67,2
8,s011,136,68,8
8,s011,136,69,2
8,s011,136,70,2
8,s011,136,71,1
8,s011,136,88,10
8,s011,136,89,7
8,s011,136,90,6
8,s011,136,91,3
8,s011,136,92,4
8,s011,136,93,6
8,s011,136,95,2
8,s011,136,80,3
8,s011,136,82,1
8,s011,136,84,3
8,s011,136,85,2
8,s011,136,104,7
8,s011,136,105,8
8,s011,136,106,5
8,s011,136,107,3
8,s011,136,108,2
8,s011,136,109,3
8,s011,136,110,2
8,s011,136,111,1
8,s011,136,96,4
8,s011,136,97,4
8,s011,136,98,1
8,s011,136,99,2
8,s011,136,100,2
8,s011,136,120,3
8,s011,136,121,2
8,s011,136,122,1
8,s011,136,124,2
8,s011,136,125,2
8,s011,136,126,1
8,s011,136,127,2
8,s011,136,112,2
8,s011,136,118,1
8,s011,136,119,1
8,s012,101,101,192
8,s012,101,100,79
8,s012,101,103,72
8,s012,101,102,36
8,s012,101,97,81
8,s012,101,96,27
8,s012,101,99,28
8,s012,101,98,15
8,s012,101,109,73
8,s012,101,108,23
8,s012,101,111,32
8,s012,101,110,11
8,s012,101,105,33
8,s012,101,104,10
8,s012,101,107,5
8,s012,101,106,7
8,s012,101,117,42
8,s012,101,116,24
8,s012,101,119,25
8,s012,101,118,5
8,s012,101,113,16
8,s012,101,112,8
8,s012,101,115,5
8,s012,101,114,2
8,s012,101,125,17
8,s012,101,124,8
8,s012,101,127,6
8,s012,101,126,3
8,s012,101,121,8
8,s012,101,120,2
8,s012,101,123,2
8,s012,101,122,1
8,s012,101,69,74
8,s012,101,68,26
8,s012,101,71,17
8,s012,101,70,10
8,s012,101,65,23
8,s012,101,64,10
8,s012,101,67,6
8,s012,101,66,4
8,s012,101,77,14
8,s012,101,76,7
8,s012,101,79,11
8,s012,101,78,12
8,s012,101,73,7
8,s012,101,72,3
8,s012,101,75,6
8,s012,101,74,1
8,s012,101,85,22
8,s012,101,84,7
8,s012,101,87,5
8,s012,101,86,4
8,s012,101,81,13
8,s012,101,80,4
8,s012,101,83,2
8,s012,101,82,2
8,s012,101,93,8
8,s012,101,92,3
8,s012,101,94,1
8,s012,101,89,3
8,s012,101,88,2
8,s012,101,37,92
8,s012,101,36,29
8,s012,101,39,39
8,s012,101,38,14
8,s012,101,33,28
8,s012,101,32,4
8,s012,101,35,18
8,s012,101,34,6
8,s012,101,45,27
8,s012,101,44,12
8,s012,101,47,9
8,s012,101,46,2
8,s012,101,41,7
8,s012,101,40,7
8,s012,101,43,8
8,s012,101,42,8
8,s012,101,53,12
8,s012,101,52,9
8,s012,101,55,8
8,s012,101,54,6
8,s012,101,49,8
8,s012,101,48,3
8,s012,101,51,5
8,s012,101,61,4
8,s012,101,60,1
8,s012,101,63,3
8,s012,101,62,3
8,s012,101,57,3
8,s012,101,56,1
8,s012,101,59,1
8,s012,101,58,1
8,s012,101,5,22
8,s012,101,4,7
8,s012,101,7,16
8,s012,101,6,12
8,s012,101,1,12
8,s012,101,0,5
8,s012,101,3,12
8,s012,101,2,6
8,s012,101,13,12
8,s012,101,12,8
8,s012,101,15,6
8,s012,101,14,3
8,s012,101,9,6
8,s012,101,8,1
8,s012,101,11,4
8,s012,101,10,2
8,s012,101,21,7
8,s012,101,20,1
8,s012,101,23,3
8,s012,101,17,1
8,s012,101,16,2
8,s012,101,19,1
8,s012,101,18,2
8,s012,101,29,3
8,s012,101,31,1
8,s012,101,30,1
8,s012,101,25,2
8,s012,101,24,1
8,s012,101,229,87
8,s012,101,228,37
8,s012,101,231,29
8,s012,101,230,11
8,s012,101,225,22
8,s012,101,224,12
8,s012,101,227,7
8,s012,101,226,4
8,s012,101,237,33
8,s012,101,236,8
8,s012,101,239,10
8,s012,101,238,6
8,s012,101,233,13
8,s012,101,232,6
8,s012,101,235,3
8,s012,101,234,2
8,s012,101,245,20
8,s012,101,244,10
8,s012,101,247,4
8,s012,101,246,4
8,s012,101,241,6
8,s012,101,240,1
8,s012,101,243,2
8,s012,101,242,3
8,s012,101,253,5
8,s012,101,252,2
8,s012,101,255,5
8,s012,101,254,2
8,s012,101,249,4
8,s012,101,248,4
8,s012,101,251,3
8,s012,101,250,1
8,s012,101,197,24
8,s012,101,196,16
8,s012,101,199,14
8,s012,101,198,5
8,s012,101,193,11
8,s012,101,192,5
8,s012,101,195,6
8,s012,101,194,3
8,s012,101,205,9
8,s012,101,204,6
8,s012,101,207,4
8,s012,101,206,2
8,s012,101,201,5
8,s012,101,203,1
8,s012,101,202,1
8,s012,101,213,8
8,s012,101,212,8
8,s012,101,215,9
8,s012,101,214,4
8,s012,101,209,4
8,s012,101,208,2
8,s012,101,210,1
8,s012,101,221,1
8,s012,101,220,2
8,s012,101,222,1
8,s012,101,216,2
8,s012,101,165,28
8,s012,101,164,17
8,s012,101,167,15
8,s012,101,166,6
8,s012,101,161,8
8,s012,101,160,7
8,s012,101,163,5
8,s012,101,162,4
8,s012,101,173,13
8,s012,101,172,5
8,s012,101,174,2
8,s012,101,169,2
8,s012,101,168,2
8,s012,101,171,3
8,s012,101,170,4
8,s012,101,181,5
8,s012,101,180,6
8,s012,101,183,3
8,s012,101,182,3
8,s012,101,177,1
8,s012,101,176,1
8,s012,101,179,3
8,s012,101,189,3
8,s012,101,188,5
8,s012,101,191,4
8,s012,101,190,1
8,s012,101,185,4
8,s012,101,133,12
8,s012,101,132,10
8,s012,101,135,10
8,s012,101,134,2
8,s012,101,129,4
8,s012,101,128,2
8,s012,101,131,3
8,s012,101,130,2
8,s012,101,141,4
8,s012,101,140,3
8,s012,101,143,2
8,s012,101,137,1
8,s012,101,136,2
8,s012,101,139,1
8,s012,101,149,5
8,s012,101,148,2
8,s012,101,150,1
8,s012,101,145,1
8,s012,101,147,1
8,s012,101,159,3
8,s012,101,158,1
8,s012,101,152,1
8,s013,123,123,238
8,s013,123,122,84
8,s013,123,121,73
8,s013,123,120,33
8,s013,123,127,68
8,s013,123,126,31
8,s013,123,125,27
8,s013,123,124,13
8,s013,123,115,67
8,s013,123,114,40
8,s013,123,113,39
8,s013,123,112,5
8,s013,123,119,24
8,s013,123,118,8
8,s013,123,117,11
8,s013,123,116,2
8,s013,123,107,64
8,s013,123,106,15
8,s013,123,105,33
8,s013,123,104,5
8,s013,123,111,15
8,s013,123,110,7
8,s013,123,109,5
8,s013,123,108,2
8,s013,123,99,19
8,s013,123,98,12
8,s013,123,97,12
8,s013,123,96,3
8,s013,123,103,10
8,s013,123,102,6
8,s013,123,101,2
8,s013,123,100,1
8,s013,123,91,53
8,s013,123,90,37
8,s013,123,89,33
8,s013,123,88,12
8,s013,123,95,32
8,s013,123,94,14
8,s013,123,93,15
8,s013,123,92,3
8,s013,123,83,30
8,s013,123,82,13
8,s013,123,81,13
8,s013,123,80,5
8,s013,123,87,12
8,s013,123,86,7
8,s013,123,85,3
8,s013,123,84,1
8,s013,123,75,19
8,s013,123,74,8
8,s013,123,73,13
8,s013,123,72,6
8,s013,123,79,11
8,s013,123,78,3
8,s013,123,77,5
8,s013,123,76,3
8,s013,123,67,7
8,s013,123,66,2
8,s013,123,65,4
8,s013,123,64,1
8,s013,123,71,9
8,s013,123,70,1
8,s013,123,68,2
8,s013,123,59,67
8,s013,123,58,33
8,s013,123,57,42
8,s013,123,56,28
8,s013,123,63,24
8,s013,123,62,8
8,s013,123,61,16
8,s013,123,60,7
8,s013,123,51,28
8,s013,123,50,12
8,s013,123,49,16
8,s013,123,48,7
8,s013,123,55,11
8,s013,123,54,5
8,s013,123,53,3
8,s013,123,52,1
8,s013,123,43,21
8,s013,123,42,7
8,s013,123,41,12
8,s013,123,40,2
8,s013,123,47,5
8,s013,123,46,1
8,s013,123,45,2
8,s013,123,44,2
8,s013,123,35,12
8,s013,123,34,4
8,s013,123,33,1
8,s013,123,32,4
8,s013,123,39,3
8,s013,123,38,3
8,s013,123,37,3
8,s013,123,27,20
8,s013,123,26,8
8,s013,123,25,11
8,s013,123,24,4
8,s013,123,31,21
8,s013,123,30,6
8,s013,123,29,6
8,s013,123,28,3
8,s013,123,19,13
8,s013,123,18,3
8,s013,123,17,6
8,s013,123,16,6
8,s013,123,23,7
8,s013,123,22,1
8,s013,123,21,1
8,s013,123,20,1
8,s013,123,11,7
8,s013,123,10,3
8,s013,123,9,5
8,s013,123,8,2
8,s013,123,15,5
8,s013,123,14,1
8,s013,123,13,2
8,s013,123,12,1
8,s013,123,3,4
8,s013,123,2,2
8,s013,123,1,2
8,s013,123,0,1
8,s013,123,7,2
8,s013,123,5,1
8,s013,123,251,83
8,s013,123,250,30
8,s013,123,249,35
8,s013,123,248,20
8,s013,123,255,25
8,s013,123,254,16
8,s013,123,253,8
8,s013,123,252,1
8,s013,123,243,29
8,s013,123,242,10
8,s013,123,241,12
8,s013,123,240,9
8,s013,123,247,13
8,s013,123,246,6
8,s013,123,245,3
8,s013,123,244,2
8,s013,123,235,17
8,s013,123,234,10
8,s013,123,233,10
8,s013,123,232,3
8,s013,123,239,7
8,s013,123,238,5
8,s013,123,237,4
8,s013,123,236,2
8,s013,123,227,8
8,s013,123,226,2
8,s013,123,225,5
8,s013,123,224,1
8,s013,123,231,4
8,s013,123,229,2
8,s013,123,219,36
8,s013,123,218,21
8,s013,123,217,7
8,s013,123,216,10
8,s013,123,223,8
8,s013,123,222,10
8,s013,123,221,8
8,s013,123,220,3
8,s013,123,211,16
8,s013,123,210,6
8,s013,123,209,7
8,s013,123,208,6
8,s013,123,215,5
8,s013,123,214,4
8,s013,123,213,1
8,s013,123,212,1
8,s013,123,203,7
8,s013,123,202,5
8,s013,123,201,2
8,s013,123,200,4
8,s013,123,207,6
8,s013,123,206,1
8,s013,123,205,1
8,s013,123,195,5
8,s013,123,193,1
8,s013,123,192,1
8,s013,123,199,1
8,s013,123,198,1
8,s013,123,196,1
8,s013,123,187,37
8,s013,123,186,14
8,s013,123,185,23
8,s013,123,184,11
8,s013,123,191,12
8,s013,123,190,4
8,s013,123,189,6
8,s013,123,188,7
8,s013,123,179,6
8,s013,123,178,10
8,s013,123,177,5
8,s013,123,176,6
8,s013,123,183,3
8,s013,123,182,1
8,s013,123,181,2
8,s013,123,180,1
8,s013,123,171,7
8,s013,123,170,3
8,s013,123,169,4
8,s013,123,168,2
8,s013,123,175,3
8,s013,123,174,4
8,s013,123,173,2
8,s013,123,172,1
8,s013,123,163,1
8,s013,123,162,3
8,s013,123,160,1
8,s013,123,167,1
8,s013,123,166,1
8,s013,123,155,15
8,s013,123,154,8
8,s013,123,153,4
8,s013,123,152,4
8,s013,123,159,3
8,s013,123,158,2
8,s013,123,156,5
8,s013,123,147,3
8,s013,123,146,3
8,s013,123,145,2
8,s013,123,144,1
8,s013,123,151,2
8,s013,123,150,3
8,s013,123,139,1
8,s013,123,138,1
8,s013,123,136,1
8,s013,123,143,1
8,s013,123,142,1
8,s013,123,141,2
8,s013,123,131,1
8,s013,123,132,1
8,s014,235,235,198
8,s014,235,234,74
8,s014,235,233,64
8,s014,235,232,34
8,s014,235,239,81
8,s014,235,238,33
8,s014,235,237,33
8,s014,235,236,12
8,s014,235,227,69
8,s014,235,226,30
8,s014,235,225,20
8,s014,235,224,9
8,s014,235,231,23
8,s014,235,230,9
8,s014,235,229,10
8,s014,235,251,61
8,s014,235,250,23
8,s014,235,249,21
8,s014,235,248,8
8,s014,235,255,11
8,s014,235,254,8
8,s014,235,253,6
8,s014,235,252,2
8,s014,235,243,29
8,s014,235,242,8
8,s014,235,241,4
8,s014,235,240,9
8,s014,235,247,1
8,s014,235,246,3
8,s014,235,245,5
8,s014,235,203,66
8,s014,235,202,20
8,s014,235,201,35
8,s014,235,200,11
8,s014,235,207,32
8,s014,235,206,15
8,s014,235,205,16
8,s014,235,204,5
8,s014,235,195,29
8,s014,235,194,7
8,s014,235,193,9
8,s014,235,192,3
8,s014,235,199,12
8,s014,235,198,4
8,s014,235,197,4
8,s014,235,196,2
8,s014,235,219,19
8,s014,235,218,9
8,s014,235,217,9
8,s014,235,216,4
8,s014,235,223,12
8,s014,235,222,4
8,s014,235,221,4
8,s014,235,220,5
8,s014,235,211,8
8,s014,235,210,1
8,s014,235,209,5
8,s014,235,208,2
8,s014,235,215,3
8,s014,235,213,1
8,s014,235,171,76
8,s014,235,170,32
8,s014,235,169,39
8,s014,235,168,17
8,s014,235,175,27
8,s014,235,174,8
8,s014,235,173,10
8,s014,235,172,6
8,s014,235,163,34
8,s014,235,162,9
8,s014,235,161,18
8,s014,235,160,6
8,s014,235,167,12
8,s014,235,166,3
8,s014,235,165,6
8,s014,235,164,3
8,s014,235,187,25
8,s014,235,186,6
8,s014,235,185,8
8,s014,235,184,2
8,s014,235,191,6
8,s014,235,190,1
8,s014,235,189,4
8,s014,235,188,1
8,s014,235,179,5
8,s014,235,178,2
8,s014,235,177,6
8,s014,235,183,3
8,s014,235,181,1
8,s014,235,139,38
8,s014,235,138,14
8,s014,235,137,15
8,s014,235,136,3
8,s014,235,143,10
8,s014,235,142,6
8,s014,235,141,4
8,s014,235,140,4
8,s014,235,131,5
8,s014,235,130,2
8,s014,235,129,5
8,s014,235,128,2
8,s014,235,135,4
8,s014,235,134,2
8,s014,235,133,2
8,s014,235,155,11
8,s014,235,154,5
8,s014,235,153,11
8,s014,235,152,2
8,s014,235,159,5
8,s014,235,158,4
8,s014,235,157,1
8,s014,235,147,5
8,s014,235,146,3
8,s014,235,151,2
8,s014,235,150,1
8,s014,235,107,72
8,s014,235,106,35
8,s014,235,105,25
8,s014,235,104,23
8,s014,235,111,32
8,s014,235,110,12
8,s014,235,109,12
8,s014,235,108,5
8,s014,235,99,28
8,s014,235,98,15
8,s014,235,97,3
8,s014,235,96,6
8,s014,235,103,9
8,s014,235,102,5
8,s014,235,101,4
8,s014,235,100,7
8,s014,235,123,18
8,s014,235,122,8
8,s014,235,121,9
8,s014,235,120,5
8,s014,235,127,6
8,s014,235,126,1
8,s014,235,125,2
8,s014,235,124,2
8,s014,235,115,5
8,s014,235,114,3
8,s014,235,113,3
8,s014,235,112,1
8,s014,235,119,3
8,s014,235,118,1
8,s014,235,75,26
8,s014,235,74,15
8,s014,235,73,10
8,s014,235,72,10
8,s014,235,79,14
8,s014,235,78,8
8,s014,235,77,6
8,s014,235,76,1
8,s014,235,67,5
8,s014,235,66,8
8,s014,235,65,7
8,s014,235,64,5
8,s014,235,71,3
8,s014,235,70,3
8,s014,235,69,3
8,s014,235,68,2
8,s014,235,91,5
8,s014,235,90,3
8,s014,235,89,4
8,s014,235,88,3
8,s014,235,95,3
8,s014,235,94,3
8,s014,235,93,3
8,s014,235,83,5
8,s014,235,82,1
8,s014,235,81,4
8,s014,235,80,1
8,s014,235,87,2
8,s014,235,86,1
8,s014,235,84,1
8,s014,235,43,17
8,s014,235,42,16
8,s014,235,41,16
8,s014,235,40,6
8,s014,235,47,11
8,s014,235,46,3
8,s014,235,45,4
8,s014,235,44,3
8,s014,235,35,8
8,s014,235,34,10
8,s014,235,33,4
8,s014,235,32,4
8,s014,235,39,3
8,s014,235,38,2
8,s014,235,37,2
8,s014,235,36,1
8,s014,235,59,11
8,s014,235,58,2
8,s014,235,57,5
8,s014,235,56,1
8,s014,235,63,3
8,s014,235,62,2
8,s014,235,60,3
8,s014,235,51,1
8,s014,235,49,2
8,s014,235,48,1
8,s014,235,55,1
8,s014,235,54,1
8,s014,235,11,10
8,s014,235,10,12
8,s014,235,9,4
8,s014,235,8,5
8,s014,235,15,3
8,s014,235,14,2
8,s014,235,13,3
8,s014,235,12,4
8,s014,235,3,6
8,s014,235,2,2
8,s014,235,1,2
8,s014,235,0,5
8,s014,235,27,5
8,s014,235,26,1
8,s014,235,24,1
8,s014,235,31,1
8,s014,235,30,1
8,s014,235,29,1
8,s014,235,16,1
8,s014,235,20,1
8,s015,249,249,194
8,s015,249,248,73
8,s015,249,251,60
8,s015,249,250,32
8,s015,249,253,53
8,s015,249,252,22
8,s015,249,255,26
8,s015,249,254,10
8,s015,249,241,71
8,s015,249,240,30
8,s015,249,243,22
8,s015,249,242,11
8,s015,249,245,33
8,s015,249,244,10
8,s015,249,247,3
8,s015,249,246,9
8,s015,249,233,50
8,s015,249,232,18
8,s015,249,235,17
8,s015,249,234,8
8,s015,249,237,26
8,s015,249,236,7
8,s015,249,239,7
8,s015,249,238,2
8,s015,249,225,25
8,s015,249,224,13
8,s015,249,227,9
8,s015,249,226,3
8,s015,249,229,4
8,s015,249,228,4
8,s015,249,231,2
8,s015,249,230,3
8,s015,249,217,73
8,s015,249,216,27
8,s015,249,219,22
8,s015,249,218,10
8,s015,249,221,30
8,s015,249,220,11
8,s015,249,223,6
8,s015,249,222,8
8,s015,249,209,31
8,s015,249,208,14
8,s015,249,211,5
8,s015,249,210,10
8,s015,249,213,15
8,s015,249,212,6
8,s015,249,215,1
8,s015,249,214,2
8,s015,249,201,17
8,s015,249,200,12
8,s015,249,203,4
8,s015,249,202,2
8,s015,249,205,15
8,s015,249,204,7
8,s015,249,207,4
8,s015,249,206,3
8,s015,249,193,8
8,s015,249,192,5
8,s015,249,195,1
8,s015,249,197,2
8,s015,249,196,1
8,s015,249,199,1
8,s015,249,198,2
8,s015,249,185,66
8,s015,249,184,35
8,s015,249,187,43
8,s015,249,186,20
8,s015,249,189,32
8,s015,249,188,14
8,s015,249,191,15
8,s015,249,190,8
8,s015,249,177,26
8,s015,249,176,14
8,s015,249,179,10
8,s015,249,178,6
8,s015,249,181,11
8,s015,249,180,6
8,s015,249,183,9
8,s015,249,182,2
8,s015,249,169,23
8,s015,249,168,11
8,s015,249,171,6
8,s015,249,170,7
8,s015,249,173,6
8,s015,249,172,3
8,s015,249,175,3
8,s015,249,174,2
8,s015,249,161,11
8,s015,249,160,1
8,s015,249,163,3
8,s015,249,165,4
8,s015,249,167,8
8,s015,249,153,23
8,s015,249,152,10
8,s015,249,155,12
8,s015,249,154,8
8,s015,249,157,13
8,s015,249,156,1
8,s015,249,159,8
8,s015,249,158,2
8,s015,249,145,14
8,s015,249,144,3
8,s015,249,147,3
8,s015,249,146,7
8,s015,249,149,3
8,s015,249,148,2
8,s015,249,151,6
8,s015,249,137,11
8,s015,249,136,4
8,s015,249,139,5
8,s015,249,138,3
8,s015,249,141,3
8,s015,249,140,2
8,s015,249,143,4
8,s015,249,129,1
8,s015,249,128,1
8,s015,249,133,4
8,s015,249,121,77
8,s015,249,120,47
8,s015,249,123,20
8,s015,249,122,9
8,s015,249,125,35
8,s015,249,124,9
8,s015,249,127,11
8,s015,249,126,3
8,s015,249,113,27
8,s015,249,112,9
8,s015,249,115,10
8,s015,249,114,8
8,s015,249,117,10
8,s015,249,116,7
8,s015,249,119,3
8,s015,249,118,4
8,s015,249,105,30
8,s015,249,104,15
8,s015,249,107,6
8,s015,249,106,3
8,s015,249,109,9
8,s015,249,108,7
8,s015,249,111,1
8,s015,249,110,1
8,s015,249,97,9
8,s015,249,96,3
8,s015,249,99,2
8,s015,249,101,5
8,s015,249,100,2
8,s015,249,89,24
8,s015,249,88,20
8,s015,249,91,10
8,s015,249,90,5
8,s015,249,93,5
8,s015,249,92,9
8,s015,249,95,6
8,s015,249,94,3
8,s015,249,81,8
8,s015,249,80,7
8,s015,249,83,4
8,s015,249,82,2
8,s015,249,85,2
8,s015,249,84,3
8,s015,249,87,1
8,s015,249,86,3
8,s015,249,73,7
8,s015,249,72,7
8,s015,249,75,2
8,s015,249,74,1
8,s015,249,77,2
8,s015,249,76,1
8,s015,249,79,3
8,s015,249,78,1
8,s015,249,65,2
8,s015,249,66,1
8,s015,249,69,1
8,s015,249,68,2
8,s015,249,71,1
8,s015,249,57,30
8,s015,249,56,13
8,s015,249,59,14
8,s015,249,58,10
8,s015,249,61,11
8,s015,249,60,7
8,s015,249,63,7
8,s015,249,62,2
8,s015,249,49,13
8,s015,249,48,6
8,s015,249,51,5
8,s015,249,50,3
8,s015,249,53,4
8,s015,249,52,1
8,s015,249,55,3
8,s015,249,54,1
8,s015,249,41,8
8,s015,249,40,3
8,s015,249,43,4
8,s015,249,42,3
8,s015,249,45,7
8,s015,249,44,1
8,s015,249,47,1
8,s015,249,46,3
8,s015,249,33,3
8,s015,249,32,2
8,s015,249,34,2
8,s015,249,39,2
8,s015,249,25,7
8,s015,249,24,6
8,s015,249,27,5
8,s015,249,26,3
8,s015,249,28,3
8,s015,249,31,1
8,s015,249,30,2
8,s015,249,17,4
8,s015,249,16,5
8,s015,249,19,5
8,s015,249,18,1
8,s015,249,21,1
8,s015,249,9,2
8,s015,249,8,2
8,s015,249,11,3
8,s015,249,13,1
8,s015,249,1,4
8,s015,249,2,1
8,s016,121,121,205
8,s016,121,120,81
8,s016,121,123,86
8,s016,121,122,43
8,s016,121,125,74
8,s016,121,124,22
8,s016,121,127,35
8,s016,121,126,11
8,s016,121,113,72
8,s016,121,112,33
8,s016,121,115,30
8,s016,121,114,11
8,s016,121,117,23
8,s016,121,116,14
8,s016,121,119,10
8,s016,121,118,6
8,s016,121,105,63
8,s016,121,104,20
8,s016,121,107,25
8,s016,121,106,8
8,s016,121,109,22
8,s016,121,108,10
8,s016,121,111,8
8,s016,121,110,5
8,s016,121,97,22
8,s016,121,96,8
8,s016,121,99,5
8,s016,121,98,5
8,s016,121,101,4
8,s016,121,100,2
8,s016,121,103,4
8,s016,121,102,3
8,s016,121,89,83
8,s016,121,88,35
8,s016,121,91,28
8,s016,121,90,13
8,s016,121,93,21
8,s016,121,92,10
8,s016,121,95,17
8,s016,121,94,6
8,s016,121,81,27
8,s016,121,80,15
8,s016,121,83,4
8,s016,121,82,6
8,s016,121,85,16
8,s016,121,84,5
8,s016,121,87,2
8,s016,121,86,2
8,s016,121,73,19
8,s016,121,72,5
8,s016,121,75,10
8,s016,121,74,4
8,s016,121,77,11
8,s016,121,76,7
8,s016,121,79,2
8,s016,121,78,4
8,s016,121,65,8
8,s016,121,64,2
8,s016,121,67,2
8,s016,121,66,1
8,s016,121,69,4
8,s016,121,68,2
8,s016,121,71,3
8,s016,121,57,89
8,s016,121,56,37
8,s016,121,59,43
8,s016,121,58,14
8,s016,121,61,28
8,s016,121,60,18
8,s016,121,63,12
8,s016,121,62,12
8,s016,121,49,40
8,s016,121,48,9
8,s016,121,51,19
8,s016,121,50,4
8,s016,121,53,15
8,s016,121,52,5
8,s016,121,55,7
8,s016,121,54,3
8,s016,121,41,15
8,s016,121,40,8
8,s016,121,43,18
8,s016,121,42,4
8,s016,121,45,14
8,s016,121,47,6
8,s016,121,46,2
8,s016,121,33,5
8,s016,121,32,1
8,s016,121,35,5
8,s016,121,34,2
8,s016,121,37,3
8,s016,121,36,4
8,s016,121,25,23
8,s016,121,24,11
8,s016,121,27,13
8,s016,121,26,4
8,s016,121,29,8
8,s016,121,28,3
8,s016,121,31,2
8,s016,121,17,9
8,s016,121,16,6
8,s016,121,19,8
8,s016,121,18,2
8,s016,121,21,3
8,s016,121,23,1
8,s016,121,22,1
8,s016,121,9,12
8,s016,121,8,2
8,s016,121,11,2
8,s016,121,10,1
8,s016,121,13,3
8,s016,121,12,1
8,s016,121,15,1
8,s016,121,1,5
8,s016,121,0,1
8,s016,121,3,3
8,s016,121,4,1
8,s016,121,7,1
8,s016,121,249,54
8,s016,121,248,51
8,s016,121,251,35
8,s016,121,250,13
8,s016,121,253,30
8,s016,121,252,11
8,s016,121,255,8
8,s016,121,254,5
8,s016,121,241,26
8,s016,121,240,25
8,s016,121,243,8
8,s016,121,242,7
8,s016,121,245,9
8,s016,121,244,7
8,s016,121,247,4
8,s016,121,246,1
8,s016,121,233,24
8,s016,121,232,9
8,s016,121,235,9
8,s016,121,234,2
8,s016,121,237,8
8,s016,121,236,3
8,s016,121,239,3
8,s016,121,238,2
8,s016,121,225,7
8,s016,121,224,6
8,s016,121,227,5
8,s016,121,226,1
8,s016,121,229,3
8,s016,121,228,3
8,s016,121,231,1
8,s016,121,217,27
8,s016,121,216,20
8,s016,121,219,9
8,s016,121,218,7
8,s016,121,221,12
8,s016,121,220,5
8,s016,121,223,13
8,s016,121,222,3
8,s016,121,209,11
8,s016,121,208,4
8,s016,121,211,3
8,s016,121,210,2
8,s016,121,213,3
8,s016,121,212,1
8,s016,121,215,3
8,s016,121,201,6
8,s016,121,200,6
8,s016,121,203,2
8,s016,121,202,2
8,s016,121,205,3
8,s016,121,207,2
8,s016,121,206,1
8,s016,121,193,5
8,s016,121,195,2
8,s016,121,199,1
8,s016,121,198,1
8,s016,121,185,32
8,s016,121,184,12
8,s016,121,187,15
8,s016,121,186,15
8,s016,121,189,13
8,s016,121,188,8
8,s016,121,191,7
8,s016,121,190,5
8,s016,121,177,8
8,s016,121,176,6
8,s016,121,179,1
8,s016,121,178,5
8,s016,121,181,8
8,s016,121,180,3
8,s016,121,183,1
8,s016,121,182,3
8,s016,121,169,7
8,s016,121,168,4
8,s016,121,171,5
8,s016,121,170,3
8,s016,121,173,3
8,s016,121,175,1
8,s016,121,161,2
8,s016,121,160,2
8,s016,121,162,1
8,s016,121,165,2
8,s016,121,167,1
8,s016,121,153,15
8,s016,121,152,11
8,s016,121,155,7
8,s016,121,154,8
8,s016,121,157,1
8,s016,121,156,1
8,s016,121,159,4
8,s016,121,158,1
8,s016,121,145,6
8,s016,121,144,3
8,s016,121,147,1
8,s016,121,149,1
8,s016,121,148,1
8,s016,121,137,7
8,s016,121,136,6
8,s016,121,139,2
8,s016,121,141,4
8,s016,121,129,2
8,s016,121,128,2
8,s016,121,133,1
8,s016,121,134,1
8,s017,177,177,192
8,s017,177,176,89
8,s017,177,179,89
8,s017,177,178,31
8,s017,177,181,53
8,s017,177,180,24
8,s017,177,183,32
8,s017,177,182,17
8,s017,177,185,71
8,s017,177,184,31
8,s017,177,187,32
8,s017,177,186,9
8,s017,177,189,32
8,s017,177,188,8
8,s017,177,191,13
8,s017,177,190,5
8,s017,177,161,56
8,s017,177,160,17
8,s017,177,163,20
8,s017,177,162,8
8,s017,177,165,26
8,s017,177,164,5
8,s017,177,167,11
8,s017,177,169,22
8,s017,177,168,11
8,s017,177,171,7
8,s017,177,170,5
8,s017,177,173,2
8,s017,177,172,3
8,s017,177,175,5
8,s017,177,174,1
8,s017,177,145,77
8,s017,177,144,37
8,s017,177,147,29
8,s017,177,146,11
8,s017,177,149,21
8,s017,177,148,8
8,s017,177,151,18
8,s017,177,150,11
8,s017,177,153,26
8,s017,177,152,7
8,s017,177,155,14
8,s017,177,154,4
8,s017,177,157,13
8,s017,177,156,3
8,s017,177,159,3
8,s017,177,158,4
8,s017,177,129,26
8,s017,177,128,8
8,s017,177,131,7
8,s017,177,130,5
8,s017,177,133,8
8,s017,177,132,4
8,s017,177,135,6
8,s017,177,134,2
8,s017,177,137,2
8,s017,177,136,3
8,s017,177,139,2
8,s017,177,138,2
8,s017,177,140,3
8,s017,177,143,1
8,s017,177,142,1
8,s017,177,241,88
8,s017,177,240,34
8,s017,177,243,35
8,s017,177,242,14
8,s017,177,245,31
8,s017,177,244,18
8,s017,177,247,23
8,s017,177,246,7
8,s017,177,249,44
8,s017,177,248,11
8,s017,177,251,20
8,s017,177,250,5
8,s017,177,253,13
8,s017,177,252,3
8,s017,177,255,1
8,s017,177,254,3
8,s017,177,225,21
8,s017,177,224,8
8,s017,177,227,10
8,s017,177,226,4
8,s017,177,229,8
8,s017,177,228,4
8,s017,177,231,3
8,s017,177,233,7
8,s017,177,232,2
8,s017,177,235,9
8,s017,177,234,4
8,s017,177,237,3
8,s017,177,236,1
8,s017,177,239,1
8,s017,177,209,33
8,s017,177,208,9
8,s017,177,211,21
8,s017,177,210,7
8,s017,177,213,12
8,s017,177,212,9
8,s017,177,215,8
8,s017,177,214,2
8,s017,177,217,7
8,s017,177,216,2
8,s017,177,219,4
8,s017,177,218,2
8,s017,177,221,5
8,s017,177,220,3
8,s017,177,223,2
8,s017,177,222,2
8,s017,177,193,3
8,s017,177,192,5
8,s017,177,195,3
8,s017,177,194,5
8,s017,177,197,3
8,s017,177,196,3
8,s017,177,199,1
8,s017,177,198,2
8,s017,177,201,6
8,s017,177,202,2
8,s017,177,205,2
8,s017,177,49,64
8,s017,177,48,38
8,s017,177,51,27
8,s017,177,50,7
8,s017,177,53,22
8,s017,177,52,15
8,s017,177,55,13
8,s017,177,54,6
8,s017,177,57,38
8,s017,177,56,18
8,s017,177,59,12
8,s017,177,58,4
8,s017,177,61,8
8,s017,177,60,4
8,s017,177,63,2
8,s017,177,62,5
8,s017,177,33,17
8,s017,177,32,12
8,s017,177,35,7
8,s017,177,34,3
8,s017,177,37,5
8,s017,177,36,5
8,s017,177,38,1
8,s017,177,41,10
8,s017,177,40,4
8,s017,177,43,5
8,s017,177,42,2
8,s017,177,45,1
8,s017,177,44,3
8,s017,177,47,1
8,s017,177,17,25
8,s017,177,16,15
8,s017,177,19,14
8,s017,177,18,5
8,s017,177,21,17
8,s017,177,20,6
8,s017,177,23,7
8,s017,177,22,2
8,s017,177,25,5
8,s017,177,24,8
8,s017,177,27,8
8,s017,177,26,1
8,s017,177,29,3
8,s017,177,31,1
8,s017,177,30,1
8,s017,177,1,6
8,s017,177,0,7
8,s017,177,3,7
8,s017,177,2,2
8,s017,177,5,2
8,s017,177,7,2
8,s017,177,6,1
8,s017,177,10,1
8,s017,177,13,1
8,s017,177,113,37
8,s017,177,112,21
8,s017,177,115,17
8,s017,177,114,6
8,s017,177,117,6
8,s017,177,116,3
8,s017,177,119,4
8,s017,177,118,5
8,s017,177,121,5
8,s017,177,120,10
8,s017,177,123,5
8,s017,177,122,3
8,s017,177,125,4
8,s017,177,124,1
8,s017,177,127,1
8,s017,177,126,3
8,s017,177,97,10
8,s017,177,99,4
8,s017,177,98,2
8,s017,177,101,4
8,s017,177,100,2
8,s017,177,103,5
8,s017,177,105,3
8,s017,177,107,4
8,s017,177,106,2
8,s017,177,109,2
8,s017,177,108,1
8,s017,177,111,1
8,s017,177,81,19
8,s017,177,80,11
8,s017,177,83,6
8,s017,177,82,3
8,s017,177,85,4
8,s017,177,84,2
8,s017,177,87,2
8,s017,177,86,5
8,s017,177,89,4
8,s017,177,88,2
8,s017,177,91,1
8,s017,177,93,2
8,s017,177,92,2
8,s017,177,65,2
8,s017,177,67,1
8,s017,177,66,1
8,s017,177,69,1
8,s017,177,71,2
8,s017,177,73,2
8,s018,86,86,185
8,s018,86,87,81
8,s018,86,84,92
8,s018,86,85,18
8,s018,86,82,73
8,s018,86,83,32
8,s018,86,80,30
8,s018,86,81,12
8,s018,86,94,68
8,s018,86,95,24
8,s018,86,92,30
8,s018,86,93,16
8,s018,86,90,32
8,s018,86,91,9
8,s018,86,88,7
8,s018,86,89,7
8,s018,86,70,50
8,s018,86,71,16
8,s018,86,68,23
8,s018,86,69,10
8,s018,86,66,14
8,s018,86,67,8
8,s018,86,64,5
8,s018,86,65,5
8,s018,86,78,14
8,s018,86,79,9
8,s018,86,76,5
8,s018,86,77,2
8,s018,86,74,7
8,s018,86,75,3
8,s018,86,72,1
8,s018,86,73,3
8,s018,86,118,57
8,s018,86,119,28
8,s018,86,116,19
8,s018,86,117,12
8,s018,86,114,25
8,s018,86,115,13
8,s018,86,112,7
8,s018,86,113,4
8,s018,86,126,23
8,s018,86,127,9
8,s018,86,124,11
8,s018,86,125,6
8,s018,86,122,9
8,s018,86,123,10
8,s018,86,120,7
8,s018,86,121,3
8,s018,86,102,16
8,s018,86,103,8
8,s018,86,100,10
8,s018,86,101,5
8,s018,86,98,9
8,s018,86,99,7
8,s018,86,96,4
8,s018,86,97,1
8,s018,86,110,9
8,s018,86,111,3
8,s018,86,108,1
8,s018,86,109,1
8,s018,86,106,1
8,s018,86,22,74
8,s018,86,23,38
8,s018,86,20,37
8,s018,86,21,17
8,s018,86,18,37
8,s018,86,19,10
8,s018,86,16,12
8,s018,86,17,8
8,s018,86,30,28
8,s018,86,31,14
8,s018,86,28,22
8,s018,86,29,12
8,s018,86,26,16
8,s018,86,27,3
8,s018,86,24,8
8,s018,86,25,1
8,s018,86,6,24
8,s018,86,7,11
8,s018,86,4,6
8,s018,86,5,4
8,s018,86,2,9
8,s018,86,3,4
8,s018,86,0,3
8,s018,86,1,2
8,s018,86,14,4
8,s018,86,15,1
8,s018,86,12,2
8,s018,86,10,3
8,s018,86,11,2
8,s018,86,54,26
8,s018,86,55,10
8,s018,86,52,17
8,s018,86,53,9
8,s018,86,50,14
8,s018,86,51,3
8,s018,86,48,9
8,s018,86,49,3
8,s018,86,62,9
8,s018,86,63,6
8,s018,86,60,4
8,s018,86,61,5
8,s018,86,58,10
8,s018,86,59,3
8,s018,86,56,2
8,s018,86,38,4
8,s018,86,39,4
8,s018,86,36,5
8,s018,86,37,1
8,s018,86,34,5
8,s018,86,35,1
8,s018,86,32,1
8,s018,86,46,7
8,s018,86,47,2
8,s018,86,45,1
8,s018,86,42,2
8,s018,86,43,1
8,s018,86,41,1
8,s018,86,214,67
8,s018,86,215,30
8,s018,86,212,38
8,s018,86,213,21
8,s018,86,210,20
8,s018,86,211,18
8,s018,86,208,18
8,s018,86,209,4
8,s018,86,222,25
8,s018,86,223,10
8,s018,86,220,18
8,s018,86,221,4
8,s018,86,218,11
8,s018,86,219,3
8,s018,86,216,2
8,s018,86,217,3
8,s018,86,198,19
8,s018,86,199,9
8,s018,86,196,12
8,s018,86,197,7
8,s018,86,194,3
8,s018,86,195,6
8,s018,86,192,2
8,s018,86,193,2
8,s018,86,206,10
8,s018,86,207,5
8,s018,86,204,2
8,s018,86,205,2
8,s018,86,202,2
8,s018,86,203,1
8,s018,86,200,1
8,s018,86,246,25
8,s018,86,247,14
8,s018,86,244,6
8,s018,86,245,7
8,s018,86,242,9
8,s018,86,243,2
8,s018,86,240,2
8,s018,86,241,1
8,s018,86,254,8
8,s018,86,255,5
8,s018,86,252,3
8,s018,86,253,1
8,s018,86,250,3
8,s018,86,251,5
8,s018,86,248,4
8,s018,86,249,3
8,s018,86,230,7
8,s018,86,231,4
8,s018,86,229,1
8,s018,86,226,3
8,s018,86,227,1
8,s018,86,224,1
8,s018,86,238,5
8,s018,86,239,8
8,s018,86,236,1
8,s018,86,237,2
8,s018,86,235,1
8,s018,86,233,1
8,s018,86,150,33
8,s018,86,151,16
8,s018,86,148,13
8,s018,86,149,5
8,s018,86,146,9
8,s018,86,147,4
8,s018,86,144,5
8,s018,86,145,4
8,s018,86,158,10
8,s018,86,159,12
8,s018,86,156,8
8,s018,86,157,2
8,s018,86,154,3
8,s018,86,155,2
8,s018,86,152,3
8,s018,86,134,6
8,s018,86,135,1
8,s018,86,132,6
8,s018,86,133,3
8,s018,86,130,2
8,s018,86,142,4
8,s018,86,143,1
8,s018,86,138,1
8,s018,86,182,9
8,s018,86,183,10
8,s018,86,180,6
8,s018,86,181,3
8,s018,86,178,6
8,s018,86,179,8
8,s018,86,176,1
8,s018,86,177,3
8,s018,86,190,5
8,s018,86,191,1
8,s018,86,188,2
8,s018,86,189,1
8,s018,86,186,2
8,s018,86,185,1
8,s018,86,166,1
8,s018,86,167,1
8,s018,86,164,3
8,s018,86,165,2
8,s018,86,162,4
8,s018,86,160,1
8,s018,86,174,3
8,s018,86,175,1
8,s018,86,170,2
8,s019,175,175,208
8,s019,175,174,82
8,s019,175,173,77
8,s019,175,172,27
8,s019,175,171,57
8,s019,175,170,21
8,s019,175,169,22
8,s019,175,168,10
8,s019,175,167,77
8,s019,175,166,31
8,s019,175,165,24
8,s019,175,164,21
8,s019,175,163,19
8,s019,175,162,5
8,s019,175,161,11
8,s019,175,160,3
8,s019,175,191,50
8,s019,175,190,20
8,s019,175,189,13
8,s019,175,188,12
8,s019,175,187,12
8,s019,175,186,7
8,s019,175,185,8
8,s019,175,184,1
8,s019,175,183,23
8,s019,175,182,7
8,s019,175,181,10
8,s019,175,180,6
8,s019,175,179,8
8,s019,175,178,2
8,s019,175,177,2
8,s019,175,143,56
8,s019,175,142,39
8,s019,175,141,27
8,s019,175,140,16
8,s019,175,139,24
8,s019,175,138,16
8,s019,175,137,11
8,s019,175,136,7
8,s019,175,135,21
8,s019,175,134,13
8,s019,175,133,6
8,s019,175,132,5
8,s019,175,131,12
8,s019,175,130,6
8,s019,175,129,5
8,s019,175,128,3
8,s019,175,159,17
8,s019,175,158,12
8,s019,175,157,7
8,s019,175,156,4
8,s019,175,155,8
8,s019,175,154,2
8,s019,175,153,5
8,s019,175,152,1
8,s019,175,151,4
8,s019,175,150,3
8,s019,175,149,1
8,s019,175,147,2
8,s019,175,146,1
8,s019,175,239,84
8,s019,175,238,34
8,s019,175,237,54
8,s019,175,236,24
8,s019,175,235,29
8,s019,175,234,8
8,s019,175,233,13
8,s019,175,232,10
8,s019,175,231,32
8,s019,175,230,14
8,s019,175,229,7
8,s019,175,228,5
8,s019,175,227,15
8,s019,175,226,4
8,s019,175,225,8
8,s019,175,224,3
8,s019,175,255,21
8,s019,175,254,8
8,s019,175,253,9
8,s019,175,252,7
8,s019,175,251,6
8,s019,175,250,2
8,s019,175,249,7
8,s019,175,247,2
8,s019,175,246,2
8,s019,175,245,2
8,s019,175,244,5
8,s019,175,243,2
8,s019,175,242,2
8,s019,175,241,1
8,s019,175,240,1
8,s019,175,207,28
8,s019,175,206,15
8,s019,175,205,14
8,s019,175,204,6
8,s019,175,203,11
8,s019,175,202,2
8,s019,175,201,9
8,s019,175,200,3
8,s019,175,199,5
8,s019,175,198,5
8,s019,175,197,2
8,s019,175,196,4
8,s019,175,195,4
8,s019,175,194,4
8,s019,175,193,1
8,s019,175,192,2
8,s019,175,223,9
8,s019,175,222,3
8,s019,175,221,3
8,s019,175,220,4
8,s019,175,219,2
8,s019,175,217,1
8,s019,175,216,1
8,s019,175,215,2
8,s019,175,214,2
8,s019,175,213,1
8,s019,175,212,1
8,s019,175,211,1
8,s019,175,209,2
8,s019,175,208,1
8,s019,175,47,56
8,s019,175,46,44
8,s019,175,45,27
8,s019,175,44,20
8,s019,175,43,29
8,s019,175,42,18
8,s019,175,41,12
8,s019,175,40,5
8,s019,175,39,25
8,s019,175,38,11
8,s019,175,37,8
8,s019,175,36,7
8,s019,175,35,14
8,s019,175,34,1
8,s019,175,33,4
8,s019,175,32,3
8,s019,175,63,18
8,s019,175,62,11
8,s019,175,61,4
8,s019,175,60,4
8,s019,175,59,8
8,s019,175,58,4
8,s019,175,57,3
8,s019,175,56,2
8,s019,175,55,4
8,s019,175,54,4
8,s019,175,53,2
8,s019,175,52,1
8,s019,175,51,4
8,s019,175,50,4
8,s019,175,49,4
8,s019,175,15,23
8,s019,175,14,17
8,s019,175,13,2
8,s019,175,12,10
8,s019,175,11,16
8,s019,175,10,10
8,s019,175,9,4
8,s019,175,8,3
8,s019,175,7,12
8,s019,175,6,4
8,s019,175,5,5
8,s019,175,4,6
8,s019,175,3,4
8,s019,175,2,5
8,s019,175,0,1
8,s019,175,31,6
8,s019,175,30,5
8,s019,175,29,4
8,s019,175,28,2
8,s019,175,27,1
8,s019,175,26,2
8,s019,175,25,1
8,s019,175,23,2
8,s019,175,22,1
8,s019,175,20,1
8,s019,175,18,1
8,s019,175,17,3
8,s019,175,16,1
8,s019,175,111,35
8,s019,175,110,9
8,s019,175,109,11
8,s019,175,108,9
8,s019,175,107,13
8,s019,175,106,6
8,s019,175,105,6
8,s019,175,104,1
8,s019,175,103,9
8,s019,175,102,4
8,s019,175,101,5
8,s019,175,100,3
8,s019,175,99,1
8,s019,175,98,2
8,s019,175,97,2
8,s019,175,96,1
8,s019,175,127,5
8,s019,175,126,2
8,s019,175,125,10
8,s019,175,124,1
8,s019,175,123,4
8,s019,175,122,1
8,s019,175,120,2
8,s019,175,119,4
8,s019,175,118,5
8,s019,175,117,1
8,s019,175,116,1
8,s019,175,79,16
8,s019,175,78,7
8,s019,175,77,9
8,s019,175,76,2
8,s019,175,75,1
8,s019,175,74,6
8,s019,175,73,3
8,s019,175,72,1
8,s019,175,71,1
8,s019,175,70,2
8,s019,175,69,2
8,s019,175,67,3
8,s019,175,66,3
8,s019,175,64,1
8,s019,175,95,3
8,s019,175,94,1
8,s019,175,93,2
8,s019,175,91,2
8,s019,175,90,1
8,s019,175,84,1
8,s019,175,83,1
8,s020,241,241,203
8,s020,241,240,80
8,s020,241,243,90
8,s020,241,242,21
8,s020,241,245,75
8,s020,241,244,35
8,s020,241,247,33
8,s020,241,246,9
8,s020,241,249,59
8,s020,241,248,28
8,s020,241,251,32
8,s020,241,250,5
8,s020,241,253,26
8,s020,241,252,10
8,s020,241,255,13
8,s020,241,254,3
8,s020,241,225,41
8,s020,241,224,30
8,s020,241,227,18
8,s020,241,226,9
8,s020,241,229,11
8,s020,241,228,9
8,s020,241,231,10
8,s020,241,230,5
8,s020,241,233,14
8,s020,241,232,7
8,s020,241,235,2
8,s020,241,234,5
8,s020,241,237,7
8,s020,241,236,2
8,s020,241,239,3
8,s020,241,238,2
8,s020,241,209,66
8,s020,241,208,22
8,s020,241,211,25
8,s020,241,210,17
8,s020,241,213,24
8,s020,241,212,19
8,s020,241,215,15
8,s020,241,214,5
8,s020,241,217,20
8,s020,241,216,8
8,s020,241,219,9
8,s020,241,218,6
8,s020,241,221,16
8,s020,241,220,5
8,s020,241,223,2
8,s020,241,222,1
8,s020,241,193,10
8,s020,241,192,8
8,s020,241,195,13
8,s020,241,194,1
8,s020,241,197,7
8,s020,241,196,2
8,s020,241,199,4
8,s020,241,198,3
8,s020,241,201,11
8,s020,241,200,2
8,s020,241,203,3
8,s020,241,205,1
8,s020,241,204,1
8,s020,241,207,2
8,s020,241,206,1
8,s020,241,177,77
8,s020,241,176,27
8,s020,241,179,42
8,s020,241,178,13
8,s020,241,181,36
8,s020,241,180,10
8,s020,241,183,15
8,s020,241,182,5
8,s020,241,185,31
8,s020,241,184,14
8,s020,241,187,19
8,s020,241,186,6
8,s020,241,189,8
8,s020,241,188,6
8,s020,241,191,2
8,s020,241,190,1
8,s020,241,161,18
8,s020,241,160,8
8,s020,241,163,8
8,s020,241,162,2
8,s020,241,165,6
8,s020,241,164,4
8,s020,241,167,5
8,s020,241,166,1
8,s020,241,169,8
8,s020,241,168,6
8,s020,241,171,3
8,s020,241,170,1
8,s020,241,173,1
8,s020,241,172,1
8,s020,241,175,2
8,s020,241,174,2
8,s020,241,145,29
8,s020,241,144,19
8,s020,241,147,20
8,s020,241,146,3
8,s020,241,149,11
8,s020,241,148,6
8,s020,241,151,7
8,s020,241,150,1
8,s020,241,153,9
8,s020,241,152,3
8,s020,241,155,3
8,s020,241,154,2
8,s020,241,157,3
8,s020,241,156,1
8,s020,241,159,1
8,s020,241,158,1
8,s020,241,129,9
8,s020,241,128,2
8,s020,241,131,3
8,s020,241,130,2
8,s020,241,133,8
8,s020,241,132,1
8,s020,241,134,2
8,s020,241,137,3
8,s020,241,139,2
8,s020,241,138,1
8,s020,241,141,2
8,s020,241,140,1
8,s020,241,143,1
8,s020,241,113,74
8,s020,241,112,41
8,s020,241,115,35
8,s020,241,114,16
8,s020,241,117,29
8,s020,241,116,9
8,s020,241,119,7
8,s020,241,118,3
8,s020,241,121,24
8,s020,241,120,13
8,s020,241,123,9
8,s020,241,122,7
8,s020,241,125,11
8,s020,241,124,9
8,s020,241,127,1
8,s020,241,126,1
8,s020,241,97,17
8,s020,241,96,8
8,s020,241,99,13
8,s020,241,98,3
8,s020,241,101,8
8,s020,241,100,3
8,s020,241,103,2
8,s020,241,102,2
8,s020,241,105,1
8,s020,241,104,2
8,s020,241,107,2
8,s020,241,106,1
8,s020,241,109,4
8,s020,241,108,2
8,s020,241,111,1
8,s020,241,110,1
8,s020,241,81,17
8,s020,241,80,18
8,s020,241,83,10
8,s020,241,82,8
8,s020,241,85,12
8,s020,241,84,8
8,s020,241,87,3
8,s020,241,86,1
8,s020,241,89,14
8,s020,241,88,3
8,s020,241,91,5
8,s020,241,90,1
8,s020,241,93,4
8,s020,241,94,2
8,s020,241,65,8
8,s020,241,64,5
8,s020,241,67,2
8,s020,241,66,1
8,s020,241,71,2
8,s020,241,70,1
8,s020,241,73,1
8,s020,241,72,3
8,s020,241,75,1
8,s020,241,77,3
8,s020,241,76,2
8,s020,241,79,1
8,s020,241,49,31
8,s020,241,48,19
8,s020,241,51,19
8,s020,241,50,9
8,s020,241,53,16
8,s020,241,52,6
8,s020,241,55,5
8,s020,241,54,5
8,s020,241,57,7
8,s020,241,56,4
8,s020,241,59,3
8,s020,241,58,5
8,s020,241,61,4
8,s020,241,60,2
8,s020,241,63,3
8,s020,241,62,2
8,s020,241,33,11
8,s020,241,32,5
8,s020,241,35,5
8,s020,241,37,5
8,s020,241,36,1
8,s020,241,39,2
8,s020,241,38,1
8,s020,241,40,4
8,s020,241,43,2
8,s020,241,42,1
8,s020,241,45,1
8,s020,241,47,1
8,s020,241,17,11
8,s020,241,16,5
8,s020,241,19,2
8,s020,241,18,2
8,s020,241,21,8
8,s020,241,20,1
8,s020,241,23,2
8,s020,241,22,2
8,s020,241,25,3
8,s020,241,24,4
8,s020,241,27,2
8,s020,241,26,2
8,s020,241,29,1
8,s020,241,28,1
8,s020,241,31,1
8,s020,241,1,3
8,s020,241,0,3
8,s020,241,2,1
8,s020,241,5,1
8,s020,241,7,1
8,s020,241,6,2
8,s020,241,9,2
8,s020,241,8,1
8,s020,241,10,1
8,s021,47,47,178
8,s021,47,46,85
8,s021,47,45,90
8,s021,47,44,35
8,s021,47,43,65
8,s021,47,42,23
8,s021,47,41,25
8,s021,47,40,9
8,s021,47,39,70
8,s021,47,38,22
8,s021,47,37,33
8,s021,47,36,6
8,s021,47,35,22
8,s021,47,34,10
8,s021,47,33,9
8,s021,47,32,4
8,s021,47,63,48
8,s021,47,62,22
8,s021,47,61,20
8,s021,47,60,4
8,s021,47,59,14
8,s021,47,58,11
8,s021,47,57,11
8,s021,47,56,4
8,s021,47,55,21
8,s021,47,54,4
8,s021,47,53,10
8,s021,47,52,2
8,s021,47,51,2
8,s021,47,50,3
8,s021,47,49,4
8,s021,47,48,1
8,s021,47,15,62
8,s021,47,14,41
8,s021,47,13,26
8,s021,47,12,5
8,s021,47,11,29
8,s021,47,10,13
8,s021,47,9,7
8,s021,47,8,5
8,s021,47,7,28
8,s021,47,6,9
8,s021,47,5,12
8,s021,47,4,1
8,s021,47,3,3
8,s021,47,2,2
8,s021,47,1,5
8,s021,47,0,1
8,s021,47,31,17
8,s021,47,30,5
8,s021,47,29,6
8,s021,47,28,5
8,s021,47,27,8
8,s021,47,26,4
8,s021,47,25,1
8,s021,47,24,2
8,s021,47,23,4
8,s021,47,22,1
8,s021,47,21,2
8,s021,47,19,3
8,s021,47,18,5
8,s021,47,16,1
8,s021,47,111,81
8,s021,47,110,42
8,s021,47,109,45
8,s021,47,108,24
8,s021,47,107,26
8,s021,47,106,7
8,s021,47,105,11
8,s021,47,104,7
8,s021,47,103,19
8,s021,47,102,11
8,s021,47,101,8
8,s021,47,100,6
8,s021,47,99,11
8,s021,47,98,2
8,s021,47,97,4
8,s021,47,96,3
8,s021,47,127,16
8,s021,47,126,10
8,s021,47,125,6
8,s021,47,124,2
8,s021,47,123,7
8,s021,47,122,9
8,s021,47,121,8
8,s021,47,120,2
8,s021,47,119,7
8,s021,47,118,4
8,s021,47,117,3
8,s021,47,116,2
8,s021,47,114,1
8,s021,47,113,2
8,s021,47,79,26
8,s021,47,78,12
8,s021,47,77,16
8,s021,47,76,6
8,s021,47,75,20
8,s021,47,74,5
8,s021,47,73,2
8,s021,47,72,2
8,s021,47,71,7
8,s021,47,70,1
8,s021,47,69,5
8,s021,47,68,4
8,s021,47,67,3
8,s021,47,66,1
8,s021,47,95,5
8,s021,47,94,1
8,s021,47,93,5
8,s021,47,92,4
8,s021,47,91,1
8,s021,47,90,5
8,s021,47,89,1
8,s021,47,88,1
8,s021,47,87,1
8,s021,47,86,4
8,s021,47,85,4
8,s021,47,175,71
8,s021,47,174,32
8,s021,47,173,27
8,s021,47,172,23
8,s021,47,171,28
8,s021,47,170,13
8,s021,47,169,6
8,s021,47,168,6
8,s021,47,167,23
8,s021,47,166,24
8,s021,47,165,16
8,s021,47,164,5
8,s021,47,163,10
8,s021,47,162,9
8,s021,47,161,2
8,s021,47,160,4
8,s021,47,191,26
8,s021,47,190,11
8,s021,47,189,12
8,s021,47,188,6
8,s021,47,187,6
8,s021,47,186,5
8,s021,47,185,3
8,s021,47,184,1
8,s021,47,183,7
8,s021,47,182,6
8,s021,47,181,3
8,s021,47,180,1
8,s021,47,178,1
8,s021,47,177,1
8,s021,47,143,35
8,s021,47,142,16
8,s021,47,141,6
8,s021,47,140,12
8,s021,47,139,12
8,s021,47,138,7
8,s021,47,137,4
8,s021,47,136,1
8,s021,47,135,8
8,s021,47,134,3
8,s021,47,133,8
8,s021,47,132,4
8,s021,47,131,5
8,s021,47,130,3
8,s021,47,129,1
8,s021,47,128,1
8,s021,47,159,4
8,s021,47,158,7
8,s021,47,157,2
8,s021,47,156,2
8,s021,47,155,4
8,s021,47,154,1
8,s021,47,153,2
8,s021,47,151,1
8,s021,47,150,2
8,s021,47,149,3
8,s021,47,147,1
8,s021,47,239,28
8,s021,47,238,17
8,s021,47,237,8
8,s021,47,236,12
8,s021,47,235,8
8,s021,47,234,5
8,s021,47,233,8
8,s021,47,232,2
8,s021,47,231,8
8,s021,47,230,4
8,s021,47,229,7
8,s021,47,228,3
8,s021,47,227,6
8,s021,47,226,3
8,s021,47,225,1
8,s021,47,224,1
8,s021,47,255,8
8,s021,47,254,8
8,s021,47,253,4
8,s021,47,252,5
8,s021,47,251,3
8,s021,47,248,1
8,s021,47,247,4
8,s021,47,245,1
8,s021,47,243,2
8,s021,47,242,1
8,s021,47,240,2
8,s021,47,207,7
8,s021,47,206,1
8,s021,47,205,12
8,s021,47,204,6
8,s021,47,203,5
8,s021,47,202,2
8,s021,47,201,2
8,s021,47,200,2
8,s021,47,199,3
8,s021,47,198,3
8,s021,47,196,1
8,s021,47,195,1
8,s021,47,193,2
8,s021,47,192,1
8,s021,47,223,5
8,s021,47,222,1
8,s021,47,220,2
8,s021,47,217,2
8,s021,47,215,1
8,s021,47,211,2
8,s021,47,209,1
8,s022,101,101,198
8,s022,101,100,76
8,s022,101,103,86
8,s022,101,102,36
8,s022,101,97,79
8,s022,101,96,25
8,s022,101,99,36
8,s022,101,98,14
8,s022,101,109,57
8,s022,101,108,29
8,s022,101,111,21
8,s022,101,110,14
8,s022,101,105,36
8,s022,101,104,8
8,s022,101,107,17
8,s022,101,106,5
8,s022,101,117,56
8,s022,101,116,23
8,s022,101,119,19
8,s022,101,118,14
8,s022,101,113,15
8,s022,101,112,6
8,s022,101,115,7
8,s022,101,114,8
8,s022,101,125,28
8,s022,101,124,10
8,s022,101,127,3
8,s022,101,126,2
8,s022,101,121,6
8,s022,101,120,2
8,s022,101,123,2
8,s022,101,122,3
8,s022,101,69,78
8,s022,101,68,41
8,s022,101,71,28
8,s022,101,70,22
8,s022,101,65,24
8,s022,101,64,17
8,s022,101,67,9
8,s022,101,66,6
8,s022,101,77,22
8,s022,101,76,13
8,s022,101,79,8
8,s022,101,78,4
8,s022,101,73,11
8,s022,101,72,4
8,s022,101,75,3
8,s022,101,74,3
8,s022,101,85,18
8,s022,101,84,9
8,s022,101,87,9
8,s022,101,86,5
8,s022,101,81,9
8,s022,101,80,2
8,s022,101,83,4
8,s022,101,93,9
8,s022,101,95,2
8,s022,101,94,2
8,s022,101,89,4
8,s022,101,88,1
8,s022,101,37,96
8,s022,101,36,32
8,s022,101,39,47
8,s022,101,38,19
8,s022,101,33,47
8,s022,101,32,11
8,s022,101,35,10
8,s022,101,34,8
8,s022,101,45,29
8,s022,101,44,19
8,s022,101,47,16
8,s022,101,46,4
8,s022,101,41,6
8,s022,101,40,1
8,s022,101,43,5
8,s022,101,42,5
8,s022,101,53,20
8,s022,101,52,10
8,s022,101,55,14
8,s022,101,54,6
8,s022,101,49,10
8,s022,101,48,2
8,s022,101,51,2
8,s022,101,61,8
8,s022,101,63,5
8,s022,101,62,2
8,s022,101,57,1
8,s022,101,56,3
8,s022,101,59,1
8,s022,101,58,1
8,s022,101,5,32
8,s022,101,4,18
8,s022,101,7,15
8,s022,101,6,7
8,s022,101,1,15
8,s022,101,0,6
8,s022,101,3,7
8,s022,101,2,2
8,s022,101,13,7
8,s022,101,12,8
8,s022,101,15,6
8,s022,101,14,2
8,s022,101,9,4
8,s022,101,8,2
8,s022,101,11,1
8,s022,101,21,7
8,s022,101,20,5
8,s022,101,23,3
8,s022,101,22,2
8,s022,101,17,2
8,s022,101,19,2
8,s022,101,29,2
8,s022,101,28,2
8,s022,101,31,3
8,s022,101,27,1
8,s022,101,229,71
8,s022,101,228,44
8,s022,101,231,27
8,s022,101,230,24
8,s022,101,225,21
8,s022,101,224,9
8,s022,101,227,14
8,s022,101,226,3
8,s022,101,237,33
8,s022,101,236,16
8,s022,101,239,15
8,s022,101,238,7
8,s022,101,233,7
8,s022,101,232,6
8,s022,101,235,3
8,s022,101,234,1
8,s022,101,245,18
8,s022,101,244,11
8,s022,101,247,15
8,s022,101,246,9
8,s022,101,241,10
8,s022,101,240,3
8,s022,101,243,5
8,s022,101,242,2
8,s022,101,253,6
8,s022,101,252,6
8,s022,101,255,6
8,s022,101,254,4
8,s022,101,249,3
8,s022,101,251,2
8,s022,101,250,1
8,s022,101,197,24
8,s022,101,196,17
8,s022,101,199,11
8,s022,101,198,8
8,s022,101,193,10
8,s022,101,192,7
8,s022,101,195,2
8,s022,101,194,1
8,s022,101,205,7
8,s022,101,204,3
8,s022,101,207,3
8,s022,101,206,7
8,s022,101,201,1
8,s022,101,200,6
8,s022,101,203,1
8,s022,101,202,1
8,s022,101,213,6
8,s022,101,212,1
8,s022,101,215,1
8,s022,101,209,4
8,s022,101,208,1
8,s022,101,211,3
8,s022,101,210,1
8,s022,101,221,7
8,s022,101,217,1
8,s022,101,216,1
8,s022,101,165,36
8,s022,101,164,8
8,s022,101,167,15
8,s022,101,166,8
8,s022,101,161,8
8,s022,101,160,9
8,s022,101,163,3
8,s022,101,162,4
8,s022,101,173,9
8,s022,101,172,5
8,s022,101,175,5
8,s022,101,174,6
8,s022,101,169,6
8,s022,101,168,1
8,s022,101,171,2
8,s022,101,170,2
8,s022,101,181,15
8,s022,101,180,2
8,s022,101,183,1
8,s022,101,182,3
8,s022,101,177,4
8,s022,101,176,2
8,s022,101,179,2
8,s022,101,178,3
8,s022,101,189,1
8,s022,101,191,3
8,s022,101,190,1
8,s022,101,185,1
8,s022,101,184,1
8,s022,101,186,2
8,s022,101,133,12
8,s022,101,132,9
8,s022,101,135,10
8,s022,101,129,5
8,s022,101,128,3
8,s022,101,131,4
8,s022,101,130,2
8,s022,101,141,6
8,s022,101,140,2
8,s022,101,137,1
8,s022,101,136,1
8,s022,101,138,1
8,s022,101,149,3
8,s022,101,148,2
8,s022,101,151,3
8,s022,101,150,2
8,s022,101,156,1
8,s022,101,159,1
8,s022,101,152,1
8,s023,102,102,177
8,s023,102,103,67
8,s023,102,100,78
8,s023,102,101,44
8,s023,102,98,54
8,s023,102,99,21
8,s023,102,96,20
8,s023,102,97,9
8,s023,102,110,68
8,s023,102,111,29
8,s023,102,108,27
8,s023,102,109,12
8,s023,102,106,26
8,s023,102,107,15
8,s023,102,104,8
8,s023,102,105,4
8,s023,102,118,48
8,s023,102,119,15
8,s023,102,116,17
8,s023,102,117,11
8,s023,102,114,14
8,s023,102,115,5
8,s023,102,112,4
8,s023,102,113,2
8,s023,102,126,20
8,s023,102,127,16
8,s023,102,124,8
8,s023,102,125,2
8,s023,102,122,9
8,s023,102,123,2
8,s023,102,120,1
8,s023,102,121,1
8,s023,102,70,60
8,s023,102,71,28
8,s023,102,68,22
8,s023,102,69,20
8,s023,102,66,36
8,s023,102,67,12
8,s023,102,64,13
8,s023,102,65,7
8,s023,102,78,27
8,s023,102,79,8
8,s023,102,76,8
8,s023,102,77,5
8,s023,102,74,16
8,s023,102,75,8
8,s023,102,72,5
8,s023,102,73,2
8,s023,102,86,14
8,s023,102,87,15
8,s023,102,84,10
8,s023,102,85,6
8,s023,102,82,11
8,s023,102,83,7
8,s023,102,80,4
8,s023,102,81,1
8,s023,102,94,7
8,s023,102,95,3
8,s023,102,92,4
8,s023,102,93,1
8,s023,102,90,5
8,s023,102,91,2
8,s023,102,88,1
8,s023,102,89,1
8,s023,102,38,76
8,s023,102,39,25
8,s023,102,36,43
8,s023,102,37,25
8,s023,102,34,27
8,s023,102,35,10
8,s023,102,32,12
8,s023,102,33,3
8,s023,102,46,33
8,s023,102,47,8
8,s023,102,44,24
8,s023,102,45,8
8,s023,102,42,12
8,s023,102,43,5
8,s023,102,40,7
8,s023,102,41,3
8,s023,102,54,18
8,s023,102,55,9
8,s023,102,52,10
8,s023,102,53,9
8,s023,102,50,5
8,s023,102,51,3
8,s023,102,48,4
8,s023,102,49,1
8,s023,102,62,8
8,s023,102,63,6
8,s023,102,60,7
8,s023,102,61,1
8,s023,102,58,3
8,s023,102,56,3
8,s023,102,57,1
8,s023,102,6,31
8,s023,102,7,18
8,s023,102,4,11
8,s023,102,5,6
8,s023,102,2,7
8,s023,102,3,5
8,s023,102,0,7
8,s023,102,1,2
8,s023,102,14,14
8,s023,102,15,3
8,s023,102,12,5
8,s023,102,13,3
8,s023,102,10,6
8,s023,102,11,3
8,s023,102,8,2
8,s023,102,22,8
8,s023,102,23,3
8,s023,102,20,6
8,s023,102,19,1
8,s023,102,16,2
8,s023,102,17,1
8,s023,102,30,3
8,s023,102,31,1
8,s023,102,28,2
8,s023,102,29,1
8,s023,102,26,2
8,s023,102,24,1
8,s023,102,25,2
8,s023,102,230,68
8,s023,102,231,39
8,s023,102,228,29
8,s023,102,229,16
8,s023,102,226,30
8,s023,102,227,8
8,s023,102,224,7
8,s023,102,225,8
8,s023,102,238,25
8,s023,102,239,18
8,s023,102,236,6
8,s023,102,237,6
8,s023,102,234,7
8,s023,102,235,10
8,s023,102,232,3
8,s023,102,233,2
8,s023,102,246,13
8,s023,102,247,12
8,s023,102,244,10
8,s023,102,245,6
8,s023,102,242,9
8,s023,102,243,5
8,s023,102,240,2
8,s023,102,241,2
8,s023,102,254,4
8,s023,102,255,3
8,s023,102,252,4
8,s023,102,253,3
8,s023,102,250,2
8,s023,102,251,1
8,s023,102,198,33
8,s023,102,199,14
8,s023,102,196,16
8,s023,102,197,9
8,s023,102,194,14
8,s023,102,195,12
8,s023,102,192,7
8,s023,102,193,1
8,s023,102,206,9
8,s023,102,207,5
8,s023,102,204,3
8,s023,102,205,2
8,s023,102,202,4
8,s023,102,203,2
8,s023,102,200,3
8,s023,102,214,6
8,s023,102,215,7
8,s023,102,212,2
8,s023,102,213,3
8,s023,102,211,3
8,s023,102,209,2
8,s023,102,222,6
8,s023,102,223,2
8,s023,102,218,2
8,s023,102,217,1
8,s023,102,166,28
8,s023,102,167,18
8,s023,102,164,16
8,s023,102,165,9
8,s023,102,162,9
8,s023,102,163,6
8,s023,102,160,4
8,s023,102,161,3
8,s023,102,174,11
8,s023,102,175,8
8,s023,102,172,8
8,s023,102,173,4
8,s023,102,170,5
8,s023,102,171,1
8,s023,102,168,3
8,s023,102,169,1
8,s023,102,182,4
8,s023,102,183,9
8,s023,102,180,5
8,s023,102,181,2
8,s023,102,178,2
8,s023,102,179,1
8,s023,102,176,1
8,s023,102,177,1
8,s023,102,191,3
8,s023,102,186,1
8,s023,102,184,1
8,s023,102,134,10
8,s023,102,135,8
8,s023,102,132,8
8,s023,102,133,4
8,s023,102,130,3
8,s023,102,131,1
8,s023,102,128,4
8,s023,102,142,2
8,s023,102,143,4
8,s023,102,140,4
8,s023,102,141,1
8,s023,102,138,2
8,s023,102,139,1
8,s023,102,150,1
8,s023,102,151,3
8,s023,102,149,1
8,s023,102,146,1
8,s023,102,147,2
8,s023,102,158,4
8,s024,55,55,193
8,s024,55,54,78
8,s024,55,53,60
8,s024,55,52,42
8,s024,55,51,65
8,s024,55,50,24
8,s024,55,49,29
8,s024,55,48,11
8,s024,55,63,66
8,s024,55,62,27
8,s024,55,61,22
8,s024,55,60,15
8,s024,55,59,24
8,s024,55,58,7
8,s024,55,57,10
8,s024,55,56,3
8,s024,55,39,42
8,s024,55,38,22
8,s024,55,37,22
8,s024,55,36,3
8,s024,55,35,10
8,s024,55,34,4
8,s024,55,33,4
8,s024,55,32,4
8,s024,55,47,17
8,s024,55,46,7
8,s024,55,45,11
8,s024,55,44,3
8,s024,55,43,11
8,s024,55,42,3
8,s024,55,41,2
8,s024,55,40,3
8,s024,55,23,64
8,s024,55,22,37
8,s024,55,21,22
8,s024,55,20,15
8,s024,55,19,29
8,s024,55,18,16
8,s024,55,17,10
8,s024,55,16,4
8,s024,55,31,29
8,s024,55,30,13
8,s024,55,29,10
8,s024,55,28,5
8,s024,55,27,11
8,s024,55,26,3
8,s024,55,25,6
8,s024,55,24,3
8,s024,55,7,15
8,s024,55,6,5
8,s024,55,5,6
8,s024,55,4,1
8,s024,55,3,8
8,s024,55,2,3
8,s024,55,1,6
8,s024,55,0,1
8,s024,55,15,6
8,s024,55,14,6
8,s024,55,13,1
8,s024,55,12,2
8,s024,55,11,7
8,s024,55,10,1
8,s024,55,9,1
8,s024,55,119,79
8,s024,55,118,34
8,s024,55,117,48
8,s024,55,116,17
8,s024,55,115,32
8,s024,55,114,11
8,s024,55,113,12
8,s024,55,112,7
8,s024,55,127,27
8,s024,55,126,15
8,s024,55,125,19
8,s024,55,124,5
8,s024,55,123,10
8,s024,55,122,3
8,s024,55,121,5
8,s024,55,120,3
8,s024,55,103,18
8,s024,55,102,14
8,s024,55,101,14
8,s024,55,100,5
8,s024,55,99,11
8,s024,55,97,4
8,s024,55,111,2
8,s024,55,110,1
8,s024,55,109,8
8,s024,55,107,2
8,s024,55,106,1
8,s024,55,105,1
8,s024,55,87,19
8,s024,55,86,15
8,s024,55,85,28
8,s024,55,84,13
8,s024,55,83,14
8,s024,55,82,7
8,s024,55,81,4
8,s024,55,80,3
8,s024,55,95,11
8,s024,55,94,2
8,s024,55,93,4
8,s024,55,92,1
8,s024,55,91,9
8,s024,55,90,1
8,s024,55,88,4
8,s024,55,71,10
8,s024,55,70,2
8,s024,55,69,4
8,s024,55,68,2
8,s024,55,67,2
8,s024,55,65,6
8,s024,55,79,3
8,s024,55,78,2
8,s024,55,76,1
8,s024,55,75,1
8,s024,55,72,2
8,s024,55,183,75
8,s024,55,182,31
8,s024,55,181,33
8,s024,55,180,10
8,s024,55,179,28
8,s024,55,178,16
8,s024,55,177,8
8,s024,55,176,9
8,s024,55,191,19
8,s024,55,190,19
8,s024,55,189,13
8,s024,55,188,5
8,s024,55,187,9
8,s024,55,186,3
8,s024,55,185,3
8,s024,55,184,5
8,s024,55,167,17
8,s024,55,166,7
8,s024,55,165,8
8,s024,55,164,4
8,s024,55,163,5
8,s024,55,162,3
8,s024,55,161,4
8,s024,55,160,1
8,s024,55,175,5
8,s024,55,174,2
8,s024,55,173,1
8,s024,55,171,2
8,s024,55,170,1
8,s024,55,169,1
8,s024,55,168,1
8,s024,55,151,21
8,s024,55,150,15
8,s024,55,149,9
8,s024,55,148,4
8,s024,55,147,13
8,s024,55,146,3
8,s024,55,145,9
8,s024,55,159,10
8,s024,55,158,1
8,s024,55,157,3
8,s024,55,156,1
8,s024,55,155,4
8,s024,55,154,2
8,s024,55,153,3
8,s024,55,135,8
8,s024,55,134,6
8,s024,55,133,5
8,s024,55,132,3
8,s024,55,131,4
8,s024,55,130,2
8,s024,55,129,1
8,s024,55,128,2
8,s024,55,143,1
8,s024,55,142,2
8,s024,55,141,1
8,s024,55,136,1
8,s024,55,247,44
8,s024,55,246,14
8,s024,55,245,21
8,s024,55,244,16
8,s024,55,243,11
8,s024,55,242,5
8,s024,55,241,6
8,s024,55,240,2
8,s024,55,255,14
8,s024,55,254,3
8,s024,55,253,3
8,s024,55,252,3
8,s024,55,251,2
8,s024,55,250,1
8,s024,55,249,5
8,s024,55,248,1
8,s024,55,231,10
8,s024,55,230,4
8,s024,55,229,8
8,s024,55,228,3
8,s024,55,227,2
8,s024,55,226,1
8,s024,55,225,1
8,s024,55,238,3
8,s024,55,237,4
8,s024,55,235,2
8,s024,55,234,1
8,s024,55,215,11
8,s024,55,214,6
8,s024,55,213,2
8,s024,55,212,6
8,s024,55,211,3
8,s024,55,210,4
8,s024,55,209,1
8,s024,55,223,5
8,s024,55,222,5
8,s024,55,221,1
8,s024,55,220,4
8,s024,55,219,1
8,s024,55,218,1
8,s024,55,217,1
8,s024,55,216,1
8,s024,55,199,2
8,s024,55,198,1
8,s024,55,197,4
8,s024,55,195,1
8,s024,55,194,2
8,s024,55,192,1
8,s024,55,207,2
8,s024,55,205,2
8,s024,55,202,2
8,s025,229,229,208
8,s025,229,228,84
8,s025,229,231,88
8,s025,229,230,36
8,s025,229,225,67
8,s025,229,224,27
8,s025,229,227,35
8,s025,229,226,12
8,s025,229,237,81
8,s025,229,236,28
8,s025,229,239,25
8,s025,229,238,13
8,s025,229,233,24
8,s025,229,232,12
8,s025,229,235,7
8,s025,229,234,2
8,s025,229,245,47
8,s025,229,244,20
8,s025,229,247,20
8,s025,229,246,9
8,s025,229,241,22
8,s025,229,240,6
8,s025,229,243,6
8,s025,229,242,3
8,s025,229,253,20
8,s025,229,252,15
8,s025,229,255,5
8,s025,229,254,1
8,s025,229,249,8
8,s025,229,248,3
8,s025,229,251,3
8,s025,229,250,2
8,s025,229,197,78
8,s025,229,196,37
8,s025,229,199,21
8,s025,229,198,13
8,s025,229,193,24
8,s025,229,192,11
8,s025,229,195,14
8,s025,229,194,2
8,s025,229,205,32
8,s025,229,204,8
8,s025,229,207,6
8,s025,229,206,8
8,s025,229,201,13
8,s025,229,200,4
8,s025,229,203,2
8,s025,229,202,1
8,s025,229,213,19
8,s025,229,212,9
8,s025,229,215,7
8,s025,229,214,3
8,s025,229,209,9
8,s025,229,208,11
8,s025,229,211,2
8,s025,229,210,2
8,s025,229,221,7
8,s025,229,220,3
8,s025,229,223,1
8,s025,229,222,2
8,s025,229,217,2
8,s025,229,216,1
8,s025,229,219,1
8,s025,229,218,1
8,s025,229,165,111
8,s025,229,164,37
8,s025,229,167,43
8,s025,229,166,20
8,s025,229,161,45
8,s025,229,160,17
8,s025,229,163,17
8,s025,229,162,10
8,s025,229,173,27
8,s025,229,172,11
8,s025,229,175,21
8,s025,229,174,11
8,s025,229,169,9
8,s025,229,168,2
8,s025,229,170,4
8,s025,229,181,25
8,s025,229,180,11
8,s025,229,183,4
8,s025,229,182,6
8,s025,229,177,11
8,s025,229,176,5
8,s025,229,179,3
8,s025,229,178,1
8,s025,229,189,8
8,s025,229,188,3
8,s025,229,191,8
8,s025,229,190,1
8,s025,229,185,4
8,s025,229,184,1
8,s025,229,187,2
8,s025,229,186,1
8,s025,229,133,30
8,s025,229,132,13
8,s025,229,135,23
8,s025,229,134,7
8,s025,229,129,12
8,s025,229,128,3
8,s025,229,131,5
8,s025,229,130,3
8,s025,229,141,20
8,s025,229,140,4
8,s025,229,143,2
8,s025,229,142,2
8,s025,229,137,5
8,s025,229,136,2
8,s025,229,139,2
8,s025,229,138,2
8,s025,229,149,12
8,s025,229,148,4
8,s025,229,151,3
8,s025,229,150,1
8,s025,229,145,4
8,s025,229,144,2
8,s025,229,157,4
8,s025,229,156,3
8,s025,229,159,1
8,s025,229,158,4
8,s025,229,153,2
8,s025,229,152,2
8,s025,229,155,1
8,s025,229,154,1
8,s025,229,101,75
8,s025,229,100,46
8,s025,229,103,38
8,s025,229,102,20
8,s025,229,97,25
8,s025,229,96,21
8,s025,229,99,8
8,s025,229,98,9
8,s025,229,109,20
8,s025,229,108,10
8,s025,229,111,10
8,s025,229,110,4
8,s025,229,105,16
8,s025,229,104,7
8,s025,229,107,4
8,s025,229,106,3
8,s025,229,117,27
8,s025,229,116,16
8,s025,229,119,10
8,s025,229,118,5
8,s025,229,113,12
8,s025,229,112,4
8,s025,229,115,2
8,s025,229,114,2
8,s025,229,125,13
8,s025,229,124,7
8,s025,229,127,3
8,s025,229,126,1
8,s025,229,121,1
8,s025,229,120,3
8,s025,229,123,3
8,s025,229,69,21
8,s025,229,68,14
8,s025,229,71,5
8,s025,229,70,5
8,s025,229,65,12
8,s025,229,64,9
8,s025,229,67,8
8,s025,229,66,3
8,s025,229,77,12
8,s025,229,76,4
8,s025,229,79,4
8,s025,229,78,3
8,s025,229,73,3
8,s025,229,72,4
8,s025,229,75,5
8,s025,229,74,1
8,s025,229,85,5
8,s025,229,84,5
8,s025,229,87,2
8,s025,229,86,2
8,s025,229,81,2
8,s025,229,80,1
8,s025,229,83,3
8,s025,229,82,1
8,s025,229,93,3
8,s025,229,92,1
8,s025,229,94,1
8,s025,229,89,1
8,s025,229,88,2
8,s025,229,91,1
8,s025,229,90,1
8,s025,229,37,27
8,s025,229,36,16
8,s025,229,39,20
8,s025,229,38,7
8,s025,229,33,10
8,s025,229,32,8
8,s025,229,35,6
8,s025,229,34,1
8,s025,229,45,8
8,s025,229,44,8
8,s025,229,47,10
8,s025,229,46,4
8,s025,229,41,5
8,s025,229,40,2
8,s025,229,43,2
8,s025,229,42,1
8,s025,229,53,8
8,s025,229,52,4
8,s025,229,55,6
8,s025,229,49,4
8,s025,229,48,2
8,s025,229,51,2
8,s025,229,50,1
8,s025,229,61,1
8,s025,229,60,1
8,s025,229,63,2
8,s025,229,58,1
8,s025,229,5,9
8,s025,229,4,7
8,s025,229,7,1
8,s025,229,6,2
8,s025,229,1,3
8,s025,229,0,3
8,s025,229,3,4
8,s025,229,2,1
8,s025,229,13,3
8,s025,229,12,2
8,s025,229,15,1
8,s025,229,14,2
8,s025,229,9,2
8,s025,229,8,1
8,s025,229,11,1
8,s025,229,10,2
8,s025,229,21,1
8,s025,229,20,2
8,s025,229,23,1
8,s025,229,22,1
8,s025,229,17,1
8,s025,229,16,1
8,s025,229,19,1
8,s025,229,18,1
8,s025,229,28,1
8,s025,229,25,1
8,s026,15,15,210
8,s026,15,14,79
8,s026,15,13,102
8,s026,15,12,23
8,s026,15,11,68
8,s026,15,10,27
8,s026,15,9,25
8,s026,15,8,12
8,s026,15,7,76
8,s026,15,6,34
8,s026,15,5,22
8,s026,15,4,10
8,s026,15,3,26
8,s026,15,2,7
8,s026,15,1,15
8,s026,15,0,3
8,s026,15,31,65
8,s026,15,30,19
8,s026,15,29,17
8,s026,15,28,8
8,s026,15,27,22
8,s026,15,26,10
8,s026,15,25,13
8,s026,15,24,3
8,s026,15,23,14
8,s026,15,22,8
8,s026,15,21,6
8,s026,15,20,9
8,s026,15,19,10
8,s026,15,18,3
8,s026,15,17,1
8,s026,15,16,1
8,s026,15,47,53
8,s026,15,46,21
8,s026,15,45,32
8,s026,15,44,13
8,s026,15,43,30
8,s026,15,42,22
8,s026,15,41,15
8,s026,15,40,6
8,s026,15,39,19
8,s026,15,38,5
8,s026,15,37,11
8,s026,15,36,2
8,s026,15,35,7
8,s026,15,34,3
8,s026,15,33,2
8,s026,15,63,20
8,s026,15,62,7
8,s026,15,61,7
8,s026,15,60,7
8,s026,15,59,9
8,s026,15,58,4
8,s026,15,56,1
8,s026,15,55,4
8,s026,15,54,1
8,s026,15,53,3
8,s026,15,52,1
8,s026,15,51,3
8,s026,15,50,1
8,s026,15,48,1
8,s026,15,79,106
8,s026,15,78,33
8,s026,15,77,48
8,s026,15,76,12
8,s026,15,75,32
8,s026,15,74,8
8,s026,15,73,14
8,s026,15,72,7
8,s026,15,71,26
8,s026,15,70,15
8,s026,15,69,11
8,s026,15,68,12
8,s026,15,67,9
8,s026,15,66,8
8,s026,15,65,3
8,s026,15,64,1
8,s026,15,95,18
8,s026,15,94,9
8,s026,15,93,15
8,s026,15,92,4
8,s026,15,91,8
8,s026,15,90,2
8,s026,15,89,7
8,s026,15,88,4
8,s026,15,87,8
8,s026,15,86,3
8,s026,15,85,5
8,s026,15,84,2
8,s026,15,83,3
8,s026,15,82,1
8,s026,15,81,2
8,s026,15,111,37
8,s026,15,110,13
8,s026,15,109,18
8,s026,15,108,5
8,s026,15,107,19
8,s026,15,106,6
8,s026,15,105,7
8,s026,15,104,1
8,s026,15,103,9
8,s026,15,102,8
8,s026,15,101,4
8,s026,15,100,2
8,s026,15,99,7
8,s026,15,98,4
8,s026,15,97,3
8,s026,15,96,3
8,s026,15,127,9
8,s026,15,126,5
8,s026,15,125,1
8,s026,15,122,2
8,s026,15,119,2
8,s026,15,118,2
8,s026,15,117,1
8,s026,15,116,1
8,s026,15,115,1
8,s026,15,113,2
8,s026,15,112,1
8,s026,15,143,63
8,s026,15,142,43
8,s026,15,141,27
8,s026,15,140,15
8,s026,15,139,28
8,s026,15,138,19
8,s026,15,137,8
8,s026,15,136,1
8,s026,15,135,23
8,s026,15,134,15
8,s026,15,133,12
8,s026,15,132,8
8,s026,15,131,11
8,s026,15,130,7
8,s026,15,129,6
8,s026,15,128,3
8,s026,15,159,24
8,s026,15,158,13
8,s026,15,157,9
8,s026,15,156,2
8,s026,15,155,11
8,s026,15,154,5
8,s026,15,153,2
8,s026,15,152,2
8,s026,15,151,6
8,s026,15,150,1
8,s026,15,149,1
8,s026,15,148,1
8,s026,15,147,6
8,s026,15,146,2
8,s026,15,145,2
8,s026,15,175,24
8,s026,15,174,22
8,s026,15,173,11
8,s026,15,172,14
8,s026,15,171,15
8,s026,15,170,8
8,s026,15,169,6
8,s026,15,168,4
8,s026,15,167,5
8,s026,15,166,5
8,s026,15,165,8
8,s026,15,163,3
8,s026,15,162,5
8,s026,15,161,1
8,s026,15,191,9
8,s026,15,190,6
8,s026,15,189,2
8,s026,15,186,2
8,s026,15,185,1
8,s026,15,183,3
8,s026,15,181,1
8,s026,15,180,1
8,s026,15,178,2
8,s026,15,207,29
8,s026,15,206,17
8,s026,15,205,18
8,s026,15,204,4
8,s026,15,203,19
8,s026,15,202,10
8,s026,15,201,6
8,s026,15,200,4
8,s026,15,199,5
8,s026,15,198,4
8,s026,15,197,9
8,s026,15,196,4
8,s026,15,195,1
8,s026,15,194,4
8,s026,15,193,4
8,s026,15,192,2
8,s026,15,223,6
8,s026,15,222,5
8,s026,15,221,9
8,s026,15,219,1
8,s026,15,218,3
8,s026,15,217,3
8,s026,15,215,5
8,s026,15,214,4
8,s026,15,210,1
8,s026,15,239,7
8,s026,15,238,7
8,s026,15,237,3
8,s026,15,236,4
8,s026,15,235,4
8,s026,15,234,5
8,s026,15,233,2
8,s026,15,232,1
8,s026,15,231,2
8,s026,15,230,2
8,s026,15,229,2
8,s026,15,228,4
8,s026,15,227,1
8,s026,15,226,2
8,s026,15,225,1
8,s026,15,224,1
8,s026,15,255,3
8,s026,15,254,4
8,s026,15,253,2
8,s026,15,251,1
8,s026,15,250,2
8,s026,15,247,2
8,s026,15,246,1
8,s026,15,245,1
8,s027,190,190,204
8,s027,190,191,72
8,s027,190,188,79
8,s027,190,189,44
8,s027,190,186,64
8,s027,190,187,32
8,s027,190,184,19
8,s027,190,185,12
8,s027,190,182,78
8,s027,190,183,25
8,s027,190,180,28
8,s027,190,181,5
8,s027,190,178,25
8,s027,190,179,11
8,s027,190,176,10
8,s027,190,177,3
8,s027,190,174,44
8,s027,190,175,24
8,s027,190,172,22
8,s027,190,173,15
8,s027,190,170,17
8,s027,190,171,8
8,s027,190,168,6
8,s027,190,169,2
8,s027,190,166,22
8,s027,190,167,11
8,s027,190,164,4
8,s027,190,165,3
8,s027,190,162,8
8,s027,190,161,2
8,s027,190,158,75
8,s027,190,159,28
8,s027,190,156,29
8,s027,190,157,12
8,s027,190,154,21
8,s027,190,155,14
8,s027,190,152,11
8,s027,190,153,6
8,s027,190,150,24
8,s027,190,151,13
8,s027,190,148,9
8,s027,190,149,2
8,s027,190,146,8
8,s027,190,147,6
8,s027,190,144,1
8,s027,190,145,3
8,s027,190,142,16
8,s027,190,143,5
8,s027,190,140,10
8,s027,190,141,4
8,s027,190,138,5
8,s027,190,136,6
8,s027,190,137,1
8,s027,190,134,9
8,s027,190,135,2
8,s027,190,132,4
8,s027,190,133,1
8,s027,190,130,1
8,s027,190,131,1
8,s027,190,129,1
8,s027,190,254,84
8,s027,190,255,25
8,s027,190,252,46
8,s027,190,253,15
8,s027,190,250,26
8,s027,190,251,10
8,s027,190,248,10
8,s027,190,249,7
8,s027,190,246,30
8,s027,190,247,12
8,s027,190,244,15
8,s027,190,245,11
8,s027,190,242,19
8,s027,190,243,4
8,s027,190,240,2
8,s027,190,241,3
8,s027,190,238,21
8,s027,190,239,14
8,s027,190,236,11
8,s027,190,237,4
8,s027,190,234,6
8,s027,190,235,2
8,s027,190,232,5
8,s027,190,233,1
8,s027,190,230,9
8,s027,190,231,3
8,s027,190,228,3
8,s027,190,229,6
8,s027,190,226,4
8,s027,190,227,3
8,s027,190,224,2
8,s027,190,222,22
8,s027,190,223,16
8,s027,190,220,17
8,s027,190,221,8
8,s027,190,218,4
8,s027,190,219,5
8,s027,190,216,8
8,s027,190,217,7
8,s027,190,214,7
8,s027,190,215,4
8,s027,190,212,5
8,s027,190,213,4
8,s027,190,210,6
8,s027,190,211,4
8,s027,190,208,2
8,s027,190,209,2
8,s027,190,206,9
8,s027,190,207,4
8,s027,190,204,4
8,s027,190,205,1
8,s027,190,202,3
8,s027,190,203,1
8,s027,190,201,2
8,s027,190,198,2
8,s027,190,199,1
8,s027,190,196,2
8,s027,190,197,1
8,s027,190,192,1
8,s027,190,62,79
8,s027,190,63,29
8,s027,190,60,33
8,s027,190,61,15
8,s027,190,58,27
8,s027,190,59,19
8,s027,190,56,13
8,s027,190,57,8
8,s027,190,54,21
8,s027,190,55,19
8,s027,190,52,12
8,s027,190,53,5
8,s027,190,50,8
8,s027,190,51,7
8,s027,190,48,6
8,s027,190,49,7
8,s027,190,46,14
8,s027,190,47,7
8,s027,190,44,5
8,s027,190,45,2
8,s027,190,42,4
8,s027,190,43,4
8,s027,190,40,2
8,s027,190,41,2
8,s027,190,38,5
8,s027,190,39,2
8,s027,190,36,2
8,s027,190,37,3
8,s027,190,35,1
8,s027,190,30,28
8,s027,190,31,12
8,s027,190,28,8
8,s027,190,29,2
8,s027,190,26,17
8,s027,190,27,3
8,s027,190,24,4
8,s027,190,25,2
8,s027,190,22,17
8,s027,190,23,6
8,s027,190,20,3
8,s027,190,21,2
8,s027,190,18,3
8,s027,190,19,2
8,s027,190,16,2
8,s027,190,14,10
8,s027,190,15,2
8,s027,190,12,4
8,s027,190,10,5
8,s027,190,8,1
8,s027,190,9,1
8,s027,190,6,3
8,s027,190,7,3
8,s027,190,2,1
8,s027,190,3,1
8,s027,190,126,27
8,s027,190,127,15
8,s027,190,124,19
8,s027,190,125,8
8,s027,190,122,9
8,s027,190,123,9
8,s027,190,120,3
8,s027,190,121,6
8,s027,190,118,11
8,s027,190,119,1
8,s027,190,116,7
8,s027,190,117,3
8,s027,190,114,4
8,s027,190,115,4
8,s027,190,112,1
8,s027,190,113,3
8,s027,190,110,10
8,s027,190,111,6
8,s027,190,108,2
8,s027,190,109,1
8,s027,190,106,2
8,s027,190,107,2
8,s027,190,104,1
8,s027,190,105,1
8,s027,190,102,3
8,s027,190,103,1
8,s027,190,99,2
8,s027,190,94,5
8,s027,190,95,7
8,s027,190,92,3
8,s027,190,90,3
8,s027,190,91,1
8,s027,190,88,2
8,s027,190,89,1
8,s027,190,86,2
8,s027,190,87,3
8,s027,190,84,5
8,s027,190,82,2
8,s027,190,83,1
8,s027,190,80,1
8,s027,190,78,3
8,s027,190,79,2
8,s027,190,76,1
8,s027,190,77,2
8,s027,190,75,1
8,s027,190,72,1
8,s027,190,73,1
8,s027,190,66,1
8,s028,38,38,196
8,s028,38,39,91
8,s028,38,36,71
8,s028,38,37,29
8,s028,38,34,59
8,s028,38,35,33
8,s028,38,32,33
8,s028,38,33,14
8,s028,38,46,84
8,s028,38,47,25
8,s028,38,44,19
8,s028,38,45,8
8,s028,38,42,33
8,s028,38,43,8
8,s028,38,40,18
8,s028,38,41,4
8,s028,38,54,55
8,s028,38,55,28
8,s028,38,52,20
8,s028,38,53,7
8,s028,38,50,17
8,s028,38,51,7
8,s028,38,48,7
8,s028,38,49,1
8,s028,38,62,17
8,s028,38,63,8
8,s028,38,60,5
8,s028,38,61,1
8,s028,38,58,6
8,s028,38,59,7
8,s028,38,56,5
8,s028,38,57,1
8,s028,38,6,53
8,s028,38,7,30
8,s028,38,4,29
8,s028,38,5,11
8,s028,38,2,26
8,s028,38,3,15
8,s028,38,0,14
8,s028,38,1,4
8,s028,38,14,34
8,s028,38,15,16
8,s028,38,12,10
8,s028,38,13,3
8,s028,38,10,11
8,s028,38,11,6
8,s028,38,8,5
8,s028,38,22,22
8,s028,38,23,8
8,s028,38,20,6
8,s028,38,21,4
8,s028,38,18,11
8,s028,38,19,4
8,s028,38,16,4
8,s028,38,17,3
8,s028,38,30,8
8,s028,38,31,6
8,s028,38,28,2
8,s028,38,26,5
8,s028,38,27,1
8,s028,38,102,66
8,s028,38,103,41
8,s028,38,100,39
8,s028,38,101,15
8,s028,38,98,25
8,s028,38,99,10
8,s028,38,96,13
8,s028,38,97,7
8,s028,38,110,27
8,s028,38,111,7
8,s028,38,108,22
8,s028,38,109,4
8,s028,38,106,11
8,s028,38,107,8
8,s028,38,104,5
8,s028,38,105,2
8,s028,38,118,30
8,s028,38,119,8
8,s028,38,116,8
8,s028,38,117,3
8,s028,38,114,7
8,s028,38,115,3
8,s028,38,112,2
8,s028,38,113,2
8,s028,38,126,11
8,s028,38,127,3
8,s028,38,124,7
8,s028,38,123,2
8,s028,38,121,1
8,s028,38,70,30
8,s028,38,71,15
8,s028,38,68,17
8,s028,38,69,7
8,s028,38,66,14
8,s028,38,67,2
8,s028,38,64,1
8,s028,38,65,2
8,s028,38,78,12
8,s028,38,79,5
8,s028,38,76,1
8,s028,38,77,2
8,s028,38,74,10
8,s028,38,75,1
8,s028,38,72,2
8,s028,38,86,12
8,s028,38,87,5
8,s028,38,84,2
8,s028,38,85,2
8,s028,38,82,10
8,s028,38,80,1
8,s028,38,94,6
8,s028,38,95,1
8,s028,38,92,2
8,s028,38,90,1
8,s028,38,91,1
8,s028,38,89,2
8,s028,38,166,80
8,s028,38,167,36
8,s028,38,164,35
8,s028,38,165,14
8,s028,38,162,25
8,s028,38,163,19
8,s028,38,160,8
8,s028,38,161,4
8,s028,38,174,36
8,s028,38,175,15
8,s028,38,172,12
8,s028,38,173,13
8,s028,38,170,7
8,s028,38,171,7
8,s028,38,168,4
8,s028,38,169,1
8,s028,38,182,13
8,s028,38,183,9
8,s028,38,180,7
8,s028,38,181,6
8,s028,38,178,4
8,s028,38,179,2
8,s028,38,176,7
8,s028,38,177,2
8,s028,38,190,8
8,s028,38,191,5
8,s028,38,188,3
8,s028,38,189,1
8,s028,38,184,2
8,s028,38,185,1
8,s028,38,134,27
8,s028,38,135,23
8,s028,38,132,4
8,s028,38,133,9
8,s028,38,130,10
8,s028,38,131,6
8,s028,38,128,1
8,s028,38,129,3
8,s028,38,142,9
8,s028,38,143,5
8,s028,38,140,7
8,s028,38,141,1
8,s028,38,138,4
8,s028,38,139,2
8,s028,38,136,1
8,s028,38,150,8
8,s028,38,151,4
8,s028,38,148,5
8,s028,38,146,3
8,s028,38,147,2
8,s028,38,144,2
8,s028,38,158,2
8,s028,38,159,5
8,s028,38,156,1
8,s028,38,157,1
8,s028,38,154,1
8,s028,38,155,1
8,s028,38,230,38
8,s028,38,231,22
8,s028,38,228,21
8,s028,38,229,12
8,s028,38,226,11
8,s028,38,227,6
8,s028,38,224,10
8,s028,38,225,2
8,s028,38,238,13
8,s028,38,239,8
8,s028,38,236,8
8,s028,38,237,5
8,s028,38,234,1
8,s028,38,235,8
8,s028,38,232,3
8,s028,38,233,1
8,s028,38,246,5
8,s028,38,247,7
8,s028,38,244,3
8,s028,38,245,2
8,s028,38,242,4
8,s028,38,243,1
8,s028,38,240,2
8,s028,38,241,1
8,s028,38,254,2
8,s028,38,252,2
8,s028,38,253,1
8,s028,38,250,1
8,s028,38,249,1
8,s028,38,198,10
8,s028,38,199,5
8,s028,38,196,5
8,s028,38,197,3
8,s028,38,194,5
8,s028,38,195,2
8,s028,38,192,4
8,s028,38,193,1
8,s028,38,206,3
8,s028,38,207,1
8,s028,38,204,3
8,s028,38,202,1
8,s028,38,203,1
8,s028,38,200,3
8,s028,38,201,1
8,s028,38,214,5
8,s028,38,215,1
8,s028,38,212,3
8,s028,38,213,1
8,s028,38,210,1
8,s028,38,211,1
8,s028,38,208,1
8,s028,38,222,1
8,s028,38,223,3
8,s028,38,221,1
8,s028,38,219,1
8,s029,124,124,212
8,s029,124,125,82
8,s029,124,126,77
8,s029,124,127,33
8,s029,124,120,54
8,s029,124,121,29
8,s029,124,122,22
8,s029,124,123,12
8,s029,124,116,87
8,s029,124,117,28
8,s029,124,118,25
8,s029,124,119,8
8,s029,124,112,22
8,s029,124,113,12
8,s029,124,114,14
8,s029,124,115,3
8,s029,124,108,43
8,s029,124,109,21
8,s029,124,110,17
8,s029,124,111,9
8,s029,124,104,12
8,s029,124,105,6
8,s029,124,106,6
8,s029,124,107,5
8,s029,124,100,18
8,s029,124,101,10
8,s029,124,102,9
8,s029,124,103,6
8,s029,124,96,6
8,s029,124,97,2
8,s029,124,98,3
8,s029,124,99,1
8,s029,124,92,71
8,s029,124,93,26
8,s029,124,94,18
8,s029,124,95,13
8,s029,124,88,33
8,s029,124,89,10
8,s029,124,90,13
8,s029,124,91,5
8,s029,124,84,21
8,s029,124,85,7
8,s029,124,86,5
8,s029,124,87,6
8,s029,124,80,13
8,s029,124,81,4
8,s029,124,82,3
8,s029,124,76,22
8,s029,124,77,8
8,s029,124,78,9
8,s029,124,72,9
8,s029,124,73,3
8,s029,124,74,2
8,s029,124,75,1
8,s029,124,68,7
8,s029,124,69,5
8,s029,124,70,2
8,s029,124,64,4
8,s029,124,66,1
8,s029,124,60,81
8,s029,124,61,34
8,s029,124,62,48
8,s029,124,63,12
8,s029,124,56,22
8,s029,124,57,13
8,s029,124,58,17
8,s029,124,59,7
8,s029,124,52,30
8,s029,124,53,16
8,s029,124,54,17
8,s029,124,55,2
8,s029,124,48,6
8,s029,124,49,3
8,s029,124,50,4
8,s029,124,51,2
8,s029,124,44,16
8,s029,124,45,6
8,s029,124,46,14
8,s029,124,47,1
8,s029,124,40,7
8,s029,124,41,2
8,s029,124,42,5
8,s029,124,36,11
8,s029,124,37,6
8,s029,124,38,2
8,s029,124,39,1
8,s029,124,32,2
8,s029,124,28,26
8,s029,124,29,15
8,s029,124,30,14
8,s029,124,31,9
8,s029,124,24,11
8,s029,124,25,10
8,s029,124,26,6
8,s029,124,27,6
8,s029,124,20,6
8,s029,124,21,2
8,s029,124,22,5
8,s029,124,17,1
8,s029,124,18,4
8,s029,124,19,1
8,s029,124,12,6
8,s029,124,13,3
8,s029,124,14,3
8,s029,124,8,4
8,s029,124,9,2
8,s029,124,4,2
8,s029,124,5,1
8,s029,124,6,1
8,s029,124,0,2
8,s029,124,1,2
8,s029,124,252,72
8,s029,124,253,33
8,s029,124,254,34
8,s029,124,255,17
8,s029,124,248,30
8,s029,124,249,20
8,s029,124,250,7
8,s029,124,251,3
8,s029,124,244,28
8,s029,124,245,12
8,s029,124,246,18
8,s029,124,247,10
8,s029,124,240,14
8,s029,124,241,6
8,s029,124,242,3
8,s029,124,243,2
8,s029,124,236,16
8,s029,124,237,13
8,s029,124,238,3
8,s029,124,239,10
8,s029,124,232,8
8,s029,124,233,3
8,s029,124,234,5
8,s029,124,228,8
8,s029,124,229,4
8,s029,124,230,1
8,s029,124,231,1
8,s029,124,224,4
8,s029,124,227,1
8,s029,124,220,27
8,s029,124,221,22
8,s029,124,222,5
8,s029,124,223,4
8,s029,124,216,12
8,s029,124,217,7
8,s029,124,218,6
8,s029,124,219,3
8,s029,124,212,8
8,s029,124,213,6
8,s029,124,214,7
8,s029,124,215,5
8,s029,124,208,6
8,s029,124,209,2
8,s029,124,210,6
8,s029,124,211,5
8,s029,124,204,8
8,s029,124,205,3
8,s029,124,206,1
8,s029,124,207,1
8,s029,124,200,5
8,s029,124,201,2
8,s029,124,202,4
8,s029,124,196,1
8,s029,124,197,4
8,s029,124,198,1
8,s029,124,188,29
8,s029,124,189,25
8,s029,124,190,10
8,s029,124,191,9
8,s029,124,184,9
8,s029,124,185,5
8,s029,124,186,4
8,s029,124,187,3
8,s029,124,180,5
8,s029,124,181,9
8,s029,124,182,6
8,s029,124,183,4
8,s029,124,176,3
8,s029,124,177,2
8,s029,124,179,1
8,s029,124,172,10
8,s029,124,173,3
8,s029,124,174,6
8,s029,124,175,5
8,s029,124,168,2
8,s029,124,170,1
8,s029,124,164,2
8,s029,124,165,1
8,s029,124,166,4
8,s029,124,167,1
8,s029,124,160,2
8,s029,124,163,1
8,s029,124,156,9
8,s029,124,157,1
8,s029,124,158,3
8,s029,124,159,5
8,s029,124,152,6
8,s029,124,153,5
8,s029,124,154,2
8,s029,124,155,1
8,s029,124,148,4
8,s029,124,149,2
8,s029,124,150,2
8,s029,124,151,2
8,s029,124,144,2
8,s029,124,145,1
8,s029,124,146,3
8,s029,124,141,1
8,s029,124,142,1
8,s029,124,143,2
8,s029,124,136,1
8,s029,124,134,3
8,s030,169,169,200
8,s030,169,168,77
8,s030,169,171,84
8,s030,169,170,36
8,s030,169,173,68
8,s030,169,172,30
8,s030,169,175,23
8,s030,169,174,10
8,s030,169,161,57
8,s030,169,160,31
8,s030,169,163,24
8,s030,169,162,18
8,s030,169,165,35
8,s030,169,164,12
8,s030,169,167,8
8,s030,169,166,9
8,s030,169,185,47
8,s030,169,184,29
8,s030,169,187,22
8,s030,169,186,15
8,s030,169,189,24
8,s030,169,188,5
8,s030,169,191,9
8,s030,169,190,4
8,s030,169,177,26
8,s030,169,176,7
8,s030,169,179,7
8,s030,169,178,1
8,s030,169,181,10
8,s030,169,180,7
8,s030,169,183,2
8,s030,169,182,1
8,s030,169,137,71
8,s030,169,136,37
8,s030,169,139,32
8,s030,169,138,6
8,s030,169,141,29
8,s030,169,140,13
8,s030,169,143,15
8,s030,169,142,5
8,s030,169,129,20
8,s030,169,128,17
8,s030,169,131,9
8,s030,169,130,2
8,s030,169,133,12
8,s030,169,132,3
8,s030,169,135,5
8,s030,169,134,2
8,s030,169,153,14
8,s030,169,152,10
8,s030,169,155,7
8,s030,169,154,6
8,s030,169,157,12
8,s030,169,156,4
8,s030,169,159,6
8,s030,169,158,1
8,s030,169,145,8
8,s030,169,144,3
8,s030,169,146,2
8,s030,169,149,1
8,s030,169,148,1
8,s030,169,151,1
8,s030,169,150,1
8,s030,169,233,72
8,s030,169,232,36
8,s030,169,235,40
8,s030,169,234,31
8,s030,169,237,23
8,s030,169,236,11
8,s030,169,239,10
8,s030,169,238,4
8,s030,169,225,29
8,s030,169,224,19
8,s030,169,227,9
8,s030,169,226,5
8,s030,169,229,11
8,s030,169,228,5
8,s030,169,231,5
8,s030,169,249,17
8,s030,169,248,8
8,s030,169,251,10
8,s030,169,250,7
8,s030,169,253,11
8,s030,169,252,6
8,s030,169,255,4
8,s030,169,254,1
8,s030,169,241,6
8,s030,169,240,4
8,s030,169,243,5
8,s030,169,242,3
8,s030,169,245,2
8,s030,169,247,4
8,s030,169,246,1
8,s030,169,201,24
8,s030,169,200,18
8,s030,169,203,20
8,s030,169,202,12
8,s030,169,205,9
8,s030,169,204,2
8,s030,169,207,9
8,s030,169,206,8
8,s030,169,193,7
8,s030,169,192,8
8,s030,169,195,9
8,s030,169,194,2
8,s030,169,197,3
8,s030,169,196,1
8,s030,169,199,1
8,s030,169,217,6
8,s030,169,216,4
8,s030,169,219,5
8,s030,169,221,3
8,s030,169,220,2
8,s030,169,222,2
8,s030,169,209,1
8,s030,169,208,1
8,s030,169,210,1
8,s030,169,213,2
8,s030,169,212,3
8,s030,169,215,1
8,s030,169,41,83
8,s030,169,40,38
8,s030,169,43,34
8,s030,169,42,22
8,s030,169,45,29
8,s030,169,44,20
8,s030,169,47,14
8,s030,169,46,6
8,s030,169,33,26
8,s030,169,32,16
8,s030,169,35,9
8,s030,169,34,3
8,s030,169,37,12
8,s030,169,36,3
8,s030,169,39,4
8,s030,169,57,25
8,s030,169,56,11
8,s030,169,59,10
8,s030,169,58,4
8,s030,169,61,4
8,s030,169,60,2
8,s030,169,63,6
8,s030,169,62,3
8,s030,169,49,10
8,s030,169,48,7
8,s030,169,51,4
8,s030,169,50,1
8,s030,169,53,3
8,s030,169,52,1
8,s030,169,55,2
8,s030,169,54,1
8,s030,169,9,30
8,s030,169,8,16
8,s030,169,11,7
8,s030,169,10,5
8,s030,169,13,11
8,s030,169,12,9
8,s030,169,15,3
8,s030,169,14,2
8,s030,169,1,11
8,s030,169,0,10
8,s030,169,3,5
8,s030,169,2,4
8,s030,169,5,4
8,s030,169,4,2
8,s030,169,7,3
8,s030,169,25,10
8,s030,169,24,2
8,s030,169,27,2
8,s030,169,26,1
8,s030,169,29,6
8,s030,169,28,4
8,s030,169,31,2
8,s030,169,17,2
8,s030,169,16,1
8,s030,169,18,1
8,s030,169,105,30
8,s030,169,104,4
8,s030,169,107,11
8,s030,169,106,9
8,s030,169,109,11
8,s030,169,108,9
8,s030,169,111,7
8,s030,169,110,5
8,s030,169,97,8
8,s030,169,96,9
8,s030,169,99,5
8,s030,169,98,6
8,s030,169,101,9
8,s030,169,100,6
8,s030,169,103,2
8,s030,169,102,7
8,s030,169,121,3
8,s030,169,120,6
8,s030,169,123,5
8,s030,169,122,3
8,s030,169,125,3
8,s030,169,124,2
8,s030,169,127,1
8,s030,169,113,5
8,s030,169,112,1
8,s030,169,115,2
8,s030,169,117,1
8,s030,169,119,1
8,s030,169,118,1
8,s030,169,73,12
8,s030,169,72,5
8,s030,169,75,9
8,s030,169,74,5
8,s030,169,77,5
8,s030,169,76,1
8,s030,169,79,3
8,s030,169,78,1
8,s030,169,65,4
8,s030,169,64,4
8,s030,169,67,1
8,s030,169,66,1
8,s030,169,69,2
8,s030,169,68,1
8,s030,169,71,1
8,s030,169,89,5
8,s030,169,88,1
8,s030,169,91,2
8,s030,169,90,2
8,s030,169,92,2
8,s030,169,95,2
8,s030,169,80,1
8,s031,46,46,183
8,s031,46,47,74
8,s031,46,44,68
8,s031,46,45,30
8,s031,46,42,66
8,s031,46,43,35
8,s031,46,40,25
8,s031,46,41,11
8,s031,46,38,83
8,s031,46,39,27
8,s031,46,36,37
8,s031,46,37,15
8,s031,46,34,28
8,s031,46,35,14
8,s031,46,32,9
8,s031,46,33,5
8,s031,46,62,46
8,s031,46,63,20
8,s031,46,60,19
8,s031,46,61,10
8,s031,46,58,19
8,s031,46,59,1
8,s031,46,56,11
8,s031,46,57,3
8,s031,46,54,22
8,s031,46,55,5
8,s031,46,52,3
8,s031,46,53,4
8,s031,46,50,7
8,s031,46,51,1
8,s031,46,48,3
8,s031,46,49,1
8,s031,46,14,75
8,s031,46,15,33
8,s031,46,12,20
8,s031,46,13,13
8,s031,46,10,39
8,s031,46,11,18
8,s031,46,8,10
8,s031,46,9,9
8,s031,46,6,27
8,s031,46,7,16
8,s031,46,4,8
8,s031,46,5,7
8,s031,46,2,14
8,s031,46,3,4
8,s031,46,0,2
8,s031,46,1,1
8,s031,46,30,19
8,s031,46,31,6
8,s031,46,28,9
8,s031,46,29,4
8,s031,46,26,8
8,s031,46,27,5
8,s031,46,24,2
8,s031,46,25,5
8,s031,46,22,5
8,s031,46,23,3
8,s031,46,20,1
8,s031,46,18,1
8,s031,46,19,2
8,s031,46,110,93
8,s031,46,111,28
8,s031,46,108,41
8,s031,46,109,20
8,s031,46,106,21
8,s031,46,107,13
8,s031,46,104,17
8,s031,46,105,9
8,s031,46,102,28
8,s031,46,103,12
8,s031,46,100,11
8,s031,46,101,5
8,s031,46,98,13
8,s031,46,99,6
8,s031,46,96,2
8,s031,46,97,1
8,s031,46,126,23
8,s031,46,127,14
8,s031,46,124,13
8,s031,46,125,5
8,s031,46,122,10
8,s031,46,123,7
8,s031,46,120,4
8,s031,46,121,2
8,s031,46,118,8
8,s031,46,116,5
8,s031,46,117,1
8,s031,46,114,4
8,s031,46,115,3
8,s031,46,112,4
8,s031,46,113,1
8,s031,46,78,24
8,s031,46,79,12
8,s031,46,76,13
8,s031,46,77,10
8,s031,46,74,9
8,s031,46,75,4
8,s031,46,72,7
8,s031,46,73,2
8,s031,46,70,14
8,s031,46,71,2
8,s031,46,68,8
8,s031,46,66,1
8,s031,46,67,1
8,s031,46,64,6
8,s031,46,65,3
8,s031,46,94,8
8,s031,46,95,4
8,s031,46,92,1
8,s031,46,93,1
8,s031,46,90,2
8,s031,46,91,2
8,s031,46,88,3
8,s031,46,89,1
8,s031,46,86,4
8,s031,46,87,1
8,s031,46,84,3
8,s031,46,174,79
8,s031,46,175,41
8,s031,46,172,32
8,s031,46,173,13
8,s031,46,170,17
8,s031,46,171,12
8,s031,46,168,16
8,s031,46,169,6
8,s031,46,166,26
8,s031,46,167,18
8,s031,46,164,5
8,s031,46,165,8
8,s031,46,162,7
8,s031,46,163,7
8,s031,46,160,2
8,s031,46,161,2
8,s031,46,190,18
8,s031,46,191,15
8,s031,46,188,8
8,s031,46,189,3
8,s031,46,186,7
8,s031,46,187,4
8,s031,46,184,3
8,s031,46,185,3
8,s031,46,182,8
8,s031,46,183,2
8,s031,46,180,2
8,s031,46,178,1
8,s031,46,179,2
8,s031,46,142,33
8,s031,46,143,21
8,s031,46,140,12
8,s031,46,141,6
8,s031,46,138,9
8,s031,46,139,6
8,s031,46,136,2
8,s031,46,137,3
8,s031,46,134,11
8,s031,46,135,8
8,s031,46,132,4
8,s031,46,130,7
8,s031,46,131,5
8,s031,46,128,2
8,s031,46,129,1
8,s031,46,158,10
8,s031,46,159,4
8,s031,46,156,5
8,s031,46,154,5
8,s031,46,155,3
8,s031,46,152,1
8,s031,46,153,1
8,s031,46,150,2
8,s031,46,151,3
8,s031,46,148,1
8,s031,46,149,1
8,s031,46,238,37
8,s031,46,239,19
8,s031,46,236,20
8,s031,46,237,6
8,s031,46,234,14
8,s031,46,235,5
8,s031,46,232,5
8,s031,46,233,2
8,s031,46,230,11
8,s031,46,231,4
8,s031,46,228,3
8,s031,46,229,5
8,s031,46,226,4
8,s031,46,227,1
8,s031,46,224,1
8,s031,46,225,1
8,s031,46,254,3
8,s031,46,255,4
8,s031,46,252,7
8,s031,46,253,2
8,s031,46,250,3
8,s031,46,248,5
8,s031,46,246,4
8,s031,46,247,1
8,s031,46,244,1
8,s031,46,245,1
8,s031,46,242,2
8,s031,46,243,1
8,s031,46,241,1
8,s031,46,206,10
8,s031,46,207,9
8,s031,46,204,5
8,s031,46,205,2
8,s031,46,202,7
8,s031,46,203,2
8,s031,46,200,5
8,s031,46,201,1
8,s031,46,198,5
8,s031,46,199,1
8,s031,46,196,2
8,s031,46,197,1
8,s031,46,194,2
8,s031,46,192,1
8,s031,46,222,3
8,s031,46,223,1
8,s031,46,220,2
8,s031,46,218,1
8,s031,46,216,2
8,s031,46,217,1
8,s031,46,214,1
8,s032,39,39,175
8,s032,39,38,89
8,s032,39,37,57
8,s032,39,36,38
8,s032,39,35,60
8,s032,39,34,23
8,s032,39,33,26
8,s032,39,32,7
8,s032,39,47,62
8,s032,39,46,26
8,s032,39,45,23
8,s032,39,44,14
8,s032,39,43,33
8,s032,39,42,9
8,s032,39,41,9
8,s032,39,40,4
8,s032,39,55,49
8,s032,39,54,23
8,s032,39,53,22
8,s032,39,52,12
8,s032,39,51,23
8,s032,39,50,9
8,s032,39,49,11
8,s032,39,48,2
8,s032,39,63,23
8,s032,39,62,12
8,s032,39,61,4
8,s032,39,60,7
8,s032,39,59,9
8,s032,39,58,3
8,s032,39,57,3
8,s032,39,56,2
8,s032,39,7,59
8,s032,39,6,34
8,s032,39,5,24
8,s032,39,4,12
8,s032,39,3,29
8,s032,39,2,11
8,s032,39,1,15
8,s032,39,0,6
8,s032,39,15,22
8,s032,39,14,11
8,s032,39,13,8
8,s032,39,12,5
8,s032,39,11,9
8,s032,39,10,7
8,s032,39,9,5
8,s032,39,8,4
8,s032,39,23,17
8,s032,39,22,7
8,s032,39,21,12
8,s032,39,20,2
8,s032,39,19,9
8,s032,39,18,1
8,s032,39,17,3
8,s032,39,16,1
8,s032,39,31,6
8,s032,39,30,4
8,s032,39,29,1
8,s032,39,27,3
8,s032,39,26,1
8,s032,39,25,1
8,s032,39,24,1
8,s032,39,103,68
8,s032,39,102,34
8,s032,39,101,29
8,s032,39,100,19
8,s032,39,99,27
8,s032,39,98,14
8,s032,39,97,17
8,s032,39,96,9
8,s032,39,111,18
8,s032,39,110,9
8,s032,39,109,19
8,s032,39,108,12
8,s032,39,107,6
8,s032,39,106,2
8,s032,39,105,4
8,s032,39,104,1
8,s032,39,119,21
8,s032,39,118,11
8,s032,39,117,20
8,s032,39,116,6
8,s032,39,115,4
8,s032,39,114,2
8,s032,39,113,3
8,s032,39,112,1
8,s032,39,127,10
8,s032,39,126,2
8,s032,39,125,4
8,s032,39,122,1
8,s032,39,121,1
8,s032,39,120,1
8,s032,39,71,26
8,s032,39,70,13
8,s032,39,69,14
8,s032,39,68,7
8,s032,39,67,12
8,s032,39,66,9
8,s032,39,65,6
8,s032,39,64,2
8,s032,39,79,8
8,s032,39,78,5
8,s032,39,77,3
8,s032,39,76,1
8,s032,39,75,4
8,s032,39,74,3
8,s032,39,73,5
8,s032,39,87,10
8,s032,39,86,7
8,s032,39,85,3
8,s032,39,84,1
8,s032,39,83,4
8,s032,39,82,1
8,s032,39,81,2
8,s032,39,95,1
8,s032,39,94,2
8,s032,39,93,1
8,s032,39,92,2
8,s032,39,91,2
8,s032,39,88,1
8,s032,39,167,78
8,s032,39,166,47
8,s032,39,165,25
8,s032,39,164,11
8,s032,39,163,15
8,s032,39,162,17
8,s032,39,161,6
8,s032,39,160,5
8,s032,39,175,25
8,s032,39,174,14
8,s032,39,173,7
8,s032,39,172,5
8,s032,39,171,8
8,s032,39,170,8
8,s032,39,169,4
8,s032,39,168,1
8,s032,39,183,25
8,s032,39,182,11
8,s032,39,181,12
8,s032,39,180,3
8,s032,39,179,9
8,s032,39,178,1
8,s032,39,177,1
8,s032,39,176,3
8,s032,39,191,7
8,s032,39,190,3
8,s032,39,189,2
8,s032,39,188,3
8,s032,39,187,4
8,s032,39,186,2
8,s032,39,185,1
8,s032,39,184,1
8,s032,39,135,23
8,s032,39,134,8
8,s032,39,133,13
8,s032,39,132,8
8,s032,39,131,13
8,s032,39,130,7
8,s032,39,129,6
8,s032,39,128,6
8,s032,39,143,6
8,s032,39,142,1
8,s032,39,141,5
8,s032,39,140,1
8,s032,39,139,6
8,s032,39,138,3
8,s032,39,137,1
8,s032,39,136,1
8,s032,39,151,8
8,s032,39,150,5
8,s032,39,149,1
8,s032,39,148,2
8,s032,39,147,4
8,s032,39,146,1
8,s032,39,144,1
8,s032,39,159,1
8,s032,39,158,4
8,s032,39,157,1
8,s032,39,156,2
8,s032,39,155,1
8,s032,39,154,1
8,s032,39,231,22
8,s032,39,230,13
8,s032,39,229,22
8,s032,39,228,11
8,s032,39,227,4
8,s032,39,226,8
8,s032,39,225,6
8,s032,39,224,4
8,s032,39,239,10
8,s032,39,238,7
8,s032,39,237,8
8,s032,39,236,4
8,s032,39,235,3
8,s032,39,234,2
8,s032,39,233,2
8,s032,39,232,1
8,s032,39,247,7
8,s032,39,246,5
8,s032,39,245,3
8,s032,39,244,1
8,s032,39,243,2
8,s032,39,242,1
8,s032,39,241,1
8,s032,39,255,3
8,s032,39,251,1
8,s032,39,249,1
8,s032,39,199,13
8,s032,39,198,6
8,s032,39,197,4
8,s032,39,196,3
8,s032,39,195,3
8,s032,39,194,1
8,s032,39,192,1
8,s032,39,207,7
8,s032,39,206,4
8,s032,39,205,2
8,s032,39,203,2
8,s032,39,201,2
8,s032,39,215,6
8,s032,39,214,2
8,s032,39,213,3
8,s032,39,212,1
8,s032,39,211,1
8,s032,39,210,1
8,s032,39,209,1
8,s032,39,208,2
8,s032,39,223,1
8,s032,39,221,1
8,s032,39,220,1
8,s032,39,219,1
8,s032,39,218,1
8,s033,74,74,190
8,s033,74,75,85
8,s033,74,72,82
8,s033,74,73,32
8,s033,74,78,53
8,s033,74,79,35
8,s033,74,76,31
8,s033,74,77,8
8,s033,74,66,75
8,s033,74,67,25
8,s033,74,64,24
8,s033,74,65,12
8,s033,74,70,28
8,s033,74,71,12
8,s033,74,68,11
8,s033,74,69,4
8,s033,74,90,48
8,s033,74,91,22
8,s033,74,88,16
8,s033,74,89,9
8,s033,74,94,15
8,s033,74,95,8
8,s033,74,92,9
8,s033,74,93,1
8,s033,74,82,17
8,s033,74,83,5
8,s033,74,80,4
8,s033,74,81,4
8,s033,74,86,6
8,s033,74,87,1
8,s033,74,84,3
8,s033,74,85,1
8,s033,74,106,60
8,s033,74,107,33
8,s033,74,104,39
8,s033,74,105,8
8,s033,74,110,27
8,s033,74,111,21
8,s033,74,108,10
8,s033,74,109,5
8,s033,74,98,31
8,s033,74,99,11
8,s033,74,96,10
8,s033,74,97,5
8,s033,74,102,8
8,s033,74,100,3
8,s033,74,101,2
8,s033,74,122,15
8,s033,74,123,8
8,s033,74,120,3
8,s033,74,121,1
8,s033,74,126,13
8,s033,74,127,3
8,s033,74,124,1
8,s033,74,125,3
8,s033,74,114,6
8,s033,74,112,2
8,s033,74,113,4
8,s033,74,118,4
8,s033,74,116,1
8,s033,74,10,74
8,s033,74,11,38
8,s033,74,8,49
8,s033,74,9,15
8,s033,74,14,28
8,s033,74,15,13
8,s033,74,12,13
8,s033,74,13,7
8,s033,74,2,20
8,s033,74,3,10
8,s033,74,0,8
8,s033,74,1,7
8,s033,74,6,13
8,s033,74,7,4
8,s033,74,4,7
8,s033,74,5,2
8,s033,74,26,23
8,s033,74,27,8
8,s033,74,24,6
8,s033,74,25,2
8,s033,74,30,9
8,s033,74,31,1
8,s033,74,28,9
8,s033,74,29,3
8,s033,74,18,4
8,s033,74,19,3
8,s033,74,16,3
8,s033,74,22,3
8,s033,74,20,1
8,s033,74,21,1
8,s033,74,42,41
8,s033,74,43,12
8,s033,74,40,16
8,s033,74,41,6
8,s033,74,46,11
8,s033,74,47,4
8,s033,74,44,4
8,s033,74,45,4
8,s033,74,34,15
8,s033,74,35,2
8,s033,74,32,8
8,s033,74,33,2
8,s033,74,38,5
8,s033,74,39,2
8,s033,74,36,1
8,s033,74,37,1
8,s033,74,58,6
8,s033,74,56,1
8,s033,74,62,5
8,s033,74,63,3
8,s033,74,50,2
8,s033,74,51,4
8,s033,74,48,1
8,s033,74,49,1
8,s033,74,55,2
8,s033,74,202,69
8,s033,74,203,48
8,s033,74,200,28
8,s033,74,201,8
8,s033,74,206,21
8,s033,74,207,14
8,s033,74,204,10
8,s033,74,205,1
8,s033,74,194,22
8,s033,74,195,18
8,s033,74,192,11
8,s033,74,193,11
8,s033,74,198,11
8,s033,74,199,5
8,s033,74,196,4
8,s033,74,197,3
8,s033,74,218,23
8,s033,74,219,12
8,s033,74,216,8
8,s033,74,217,3
8,s033,74,222,11
8,s033,74,223,4
8,s033,74,221,1
8,s033,74,210,7
8,s033,74,211,6
8,s033,74,208,1
8,s033,74,209,2
8,s033,74,214,3
8,s033,74,215,1
8,s033,74,234,28
8,s033,74,235,17
8,s033,74,232,12
8,s033,74,233,6
8,s033,74,238,4
8,s033,74,239,6
8,s033,74,236,3
8,s033,74,226,11
8,s033,74,227,6
8,s033,74,224,4
8,s033,74,225,5
8,s033,74,230,2
8,s033,74,231,3
8,s033,74,228,1
8,s033,74,229,1
8,s033,74,250,6
8,s033,74,251,4
8,s033,74,248,2
8,s033,74,249,3
8,s033,74,254,2
8,s033,74,255,4
8,s033,74,252,1
8,s033,74,253,2
8,s033,74,242,1
8,s033,74,243,1
8,s033,74,240,1
8,s033,74,241,1
8,s033,74,245,1
8,s033,74,138,34
8,s033,74,139,15
8,s033,74,136,19
8,s033,74,137,13
8,s033,74,142,14
8,s033,74,143,5
8,s033,74,140,7
8,s033,74,141,3
8,s033,74,130,10
8,s033,74,131,9
8,s033,74,128,5
8,s033,74,129,3
8,s033,74,134,3
8,s033,74,135,4
8,s033,74,132,2
8,s033,74,154,8
8,s033,74,155,7
8,s033,74,152,6
8,s033,74,153,4
8,s033,74,158,2
8,s033,74,159,2
8,s033,74,156,2
8,s033,74,146,6
8,s033,74,147,1
8,s033,74,149,3
8,s033,74,170,10
8,s033,74,171,3
8,s033,74,168,3
8,s033,74,169,5
8,s033,74,174,5
8,s033,74,175,3
8,s033,74,172,1
8,s033,74,173,2
8,s033,74,162,4
8,s033,74,163,3
8,s033,74,160,4
8,s033,74,166,1
8,s033,74,167,1
8,s033,74,164,2
8,s033,74,186,6
8,s033,74,184,1
8,s033,74,188,1
8,s033,74,177,2
8,s033,74,182,2
8,s034,107,107,193
8,s034,107,106,82
8,s034,107,105,81
8,s034,107,104,24
8,s034,107,111,74
8,s034,107,110,30
8,s034,107,109,39
8,s034,107,108,10
8,s034,107,99,78
8,s034,107,98,40
8,s034,107,97,20
8,s034,107,96,12
8,s034,107,103,22
8,s034,107,102,9
8,s034,107,101,15
8,s034,107,100,6
8,s034,107,123,42
8,s034,107,122,15
8,s034,107,121,13
8,s034,107,120,8
8,s034,107,127,19
8,s034,107,126,8
8,s034,107,125,11
8,s034,107,124,1
8,s034,107,115,17
8,s034,107,114,14
8,s034,107,113,8
8,s034,107,112,3
8,s034,107,119,7
8,s034,107,118,4
8,s034,107,117,1
8,s034,107,116,2
8,s034,107,75,77
8,s034,107,74,40
8,s034,107,73,21
8,s034,107,72,17
8,s034,107,79,24
8,s034,107,78,11
8,s034,107,77,11
8,s034,107,76,4
8,s034,107,67,33
8,s034,107,66,5
8,s034,107,65,11
8,s034,107,64,6
8,s034,107,71,15
8,s034,107,70,6
8,s034,107,69,4
8,s034,107,68,3
8,s034,107,91,13
8,s034,107,90,10
8,s034,107,89,5
8,s034,107,88,4
8,s034,107,95,11
8,s034,107,94,3
8,s034,107,93,6
8,s034,107,92,4
8,s034,107,83,9
8,s034,107,82,4
8,s034,107,81,3
8,s034,107,80,1
8,s034,107,87,2
8,s034,107,86,2
8,s034,107,85,2
8,s034,107,84,1
8,s034,107,43,80
8,s034,107,42,46
8,s034,107,41,36
8,s034,107,40,16
8,s034,107,47,25
8,s034,107,46,11
8,s034,107,45,12
8,s034,107,44,3
8,s034,107,35,31
8,s034,107,34,13
8,s034,107,33,13
8,s034,107,32,5
8,s034,107,39,15
8,s034,107,38,3
8,s034,107,37,4
8,s034,107,36,3
8,s034,107,59,16
8,s034,107,58,11
8,s034,107,57,14
8,s034,107,56,8
8,s034,107,63,11
8,s034,107,62,2
8,s034,107,61,7
8,s034,107,60,1
8,s034,107,51,7
8,s034,107,50,2
8,s034,107,49,4
8,s034,107,48,3
8,s034,107,55,2
8,s034,107,54,2
8,s034,107,53,6
8,s034,107,11,21
8,s034,107,10,16
8,s034,107,9,13
8,s034,107,8,4
8,s034,107,15,14
8,s034,107,14,4
8,s034,107,13,9
8,s034,107,12,5
8,s034,107,3,9
8,s034,107,2,4
8,s034,107,1,1
8,s034,107,0,8
8,s034,107,7,4
8,s034,107,6,4
8,s034,107,5,2
8,s034,107,27,6
8,s034,107,26,4
8,s034,107,25,4
8,s034,107,24,2
8,s034,107,31,7
8,s034,107,29,1
8,s034,107,28,1
8,s034,107,19,3
8,s034,107,17,3
8,s034,107,23,3
8,s034,107,20,2
8,s034,107,235,77
8,s034,107,234,45
8,s034,107,233,27
8,s034,107,232,16
8,s034,107,239,31
8,s034,107,238,13
8,s034,107,237,13
8,s034,107,236,4
8,s034,107,227,35
8,s034,107,226,12
8,s034,107,225,9
8,s034,107,224,4
8,s034,107,231,6
8,s034,107,230,2
8,s034,107,229,1
8,s034,107,228,1
8,s034,107,251,21
8,s034,107,250,9
8,s034,107,249,7
8,s034,107,248,2
8,s034,107,255,1
8,s034,107,254,8
8,s034,107,253,5
8,s034,107,252,1
8,s034,107,243,8
8,s034,107,242,2
8,s034,107,241,4
8,s034,107,240,2
8,s034,107,247,6
8,s034,107,246,3
8,s034,107,245,1
8,s034,107,203,25
8,s034,107,202,20
8,s034,107,201,15
8,s034,107,200,3
8,s034,107,207,19
8,s034,107,206,5
8,s034,107,205,7
8,s034,107,204,3
8,s034,107,195,10
8,s034,107,194,6
8,s034,107,193,3
8,s034,107,192,1
8,s034,107,199,5
8,s034,107,198,1
8,s034,107,197,2
8,s034,107,196,2
8,s034,107,219,6
8,s034,107,218,10
8,s034,107,217,4
8,s034,107,223,6
8,s034,107,221,1
8,s034,107,211,3
8,s034,107,210,1
8,s034,107,208,1
8,s034,107,215,3
8,s034,107,171,23
8,s034,107,170,21
8,s034,107,169,18
8,s034,107,168,7
8,s034,107,175,9
8,s034,107,174,10
8,s034,107,173,6
8,s034,107,172,1
8,s034,107,163,9
8,s034,107,162,4
8,s034,107,161,5
8,s034,107,160,2
8,s034,107,167,4
8,s034,107,166,1
8,s034,107,164,1
8,s034,107,187,14
8,s034,107,186,8
8,s034,107,185,2
8,s034,107,184,1
8,s034,107,191,3
8,s034,107,190,3
8,s034,107,189,2
8,s034,107,179,1
8,s034,107,177,3
8,s034,107,176,1
8,s034,107,183,1
8,s034,107,182,2
8,s034,107,139,20
8,s034,107,138,3
8,s034,107,137,3
8,s034,107,136,3
8,s034,107,143,4
8,s034,107,142,4
8,s034,107,141,2
8,s034,107,140,2
8,s034,107,131,6
8,s034,107,130,3
8,s034,107,129,4
8,s034,107,135,3
8,s034,107,134,1
8,s034,107,155,2
8,s034,107,154,1
8,s034,107,153,4
8,s034,107,152,1
8,s034,107,159,1
8,s034,107,158,3
8,s034,107,156,1
8,s034,107,147,4
8,s034,107,144,1
8,s034,107,150,1
8,s034,107,149,1
8,s035,251,251,190
8,s035,251,250,83
8,s035,251,249,74
8,s035,251,248,38
8,s035,251,255,61
8,s035,251,254,26
8,s035,251,253,27
8,s035,251,252,13
8,s035,251,243,77
8,s035,251,242,34
8,s035,251,241,27
8,s035,251,240,9
8,s035,251,247,23
8,s035,251,246,11
8,s035,251,245,13
8,s035,251,244,6
8,s035,251,235,54
8,s035,251,234,20
8,s035,251,233,20
8,s035,251,232,10
8,s035,251,239,17
8,s035,251,238,10
8,s035,251,237,4
8,s035,251,236,2
8,s035,251,227,22
8,s035,251,226,15
8,s035,251,225,9
8,s035,251,224,4
8,s035,251,231,6
8,s035,251,230,3
8,s035,251,229,2
8,s035,251,228,2
8,s035,251,219,63
8,s035,251,218,27
8,s035,251,217,25
8,s035,251,216,11
8,s035,251,223,27
8,s035,251,222,12
8,s035,251,221,9
8,s035,251,220,2
8,s035,251,211,19
8,s035,251,210,19
8,s035,251,209,8
8,s035,251,208,2
8,s035,251,215,10
8,s035,251,214,4
8,s035,251,213,5
8,s035,251,212,2
8,s035,251,203,11
8,s035,251,202,10
8,s035,251,201,6
8,s035,251,200,5
8,s035,251,207,6
8,s035,251,206,3
8,s035,251,205,2
8,s035,251,204,2
8,s035,251,195,12
8,s035,251,194,4
8,s035,251,193,2
8,s035,251,192,3
8,s035,251,199,1
8,s035,251,198,2
8,s035,251,197,3
8,s035,251,187,94
8,s035,251,186,31
8,s035,251,185,43
8,s035,251,184,13
8,s035,251,191,31
8,s035,251,190,11
8,s035,251,189,11
8,s035,251,188,9
8,s035,251,179,22
8,s035,251,178,8
8,s035,251,177,19
8,s035,251,176,11
8,s035,251,183,11
8,s035,251,182,3
8,s035,251,181,8
8,s035,251,180,4
8,s035,251,171,17
8,s035,251,170,10
8,s035,251,169,6
8,s035,251,168,6
8,s035,251,175,12
8,s035,251,174,3
8,s035,251,173,1
8,s035,251,172,3
8,s035,251,163,11
8,s035,251,162,5
8,s035,251,161,3
8,s035,251,160,2
8,s035,251,167,7
8,s035,251,165,2
8,s035,251,155,29
8,s035,251,154,16
8,s035,251,153,22
8,s035,251,152,8
8,s035,251,159,16
8,s035,251,158,1
8,s035,251,157,7
8,s035,251,156,4
8,s035,251,147,4
8,s035,251,146,7
8,s035,251,145,6
8,s035,251,144,1
8,s035,251,151,2
8,s035,251,150,2
8,s035,251,149,2
8,s035,251,139,7
8,s035,251,138,6
8,s035,251,137,1
8,s035,251,136,1
8,s035,251,143,3
8,s035,251,142,1
8,s035,251,141,2
8,s035,251,140,1
8,s035,251,131,5
8,s035,251,129,1
8,s035,251,135,2
8,s035,251,133,1
8,s035,251,132,1
8,s035,251,123,81
8,s035,251,122,42
8,s035,251,121,22
8,s035,251,120,16
8,s035,251,127,32
8,s035,251,126,15
8,s035,251,125,11
8,s035,251,124,3
8,s035,251,115,26
8,s035,251,114,19
8,s035,251,113,10
8,s035,251,112,6
8,s035,251,119,11
8,s035,251,118,4
8,s035,251,117,1
8,s035,251,116,6
8,s035,251,107,21
8,s035,251,106,9
8,s035,251,105,6
8,s035,251,104,5
8,s035,251,111,10
8,s035,251,110,3
8,s035,251,109,2
8,s035,251,99,6
8,s035,251,98,3
8,s035,251,97,4
8,s035,251,96,1
8,s035,251,103,6
8,s035,251,102,1
8,s035,251,101,2
8,s035,251,91,20
8,s035,251,90,16
8,s035,251,89,11
8,s035,251,88,9
8,s035,251,95,11
8,s035,251,94,8
8,s035,251,93,2
8,s035,251,92,4
8,s035,251,83,7
8,s035,251,82,6
8,s035,251,81,1
8,s035,251,87,3
8,s035,251,86,1
8,s035,251,85,2
8,s035,251,84,2
8,s035,251,75,7
8,s035,251,74,3
8,s035,251,73,1
8,s035,251,72,2
8,s035,251,79,4
8,s035,251,78,2
8,s035,251,76,2
8,s035,251,67,4
8,s035,251,66,2
8,s035,251,65,2
8,s035,251,64,2
8,s035,251,70,1
8,s035,251,69,1
8,s035,251,59,32
8,s035,251,58,16
8,s035,251,57,5
8,s035,251,56,10
8,s035,251,63,9
8,s035,251,62,12
8,s035,251,61,7
8,s035,251,60,3
8,s035,251,51,4
8,s035,251,50,7
8,s035,251,49,6
8,s035,251,48,1
8,s035,251,55,3
8,s035,251,54,4
8,s035,251,53,3
8,s035,251,52,2
8,s035,251,43,12
8,s035,251,42,2
8,s035,251,41,1
8,s035,251,40,2
8,s035,251,47,2
8,s035,251,46,1
8,s035,251,45,2
8,s035,251,44,2
8,s035,251,35,1
8,s035,251,34,5
8,s035,251,33,1
8,s035,251,37,1
8,s035,251,27,10
8,s035,251,26,9
8,s035,251,25,8
8,s035,251,24,5
8,s035,251,31,7
8,s035,251,30,5
8,s035,251,29,5
8,s035,251,28,6
8,s035,251,19,2
8,s035,251,18,4
8,s035,251,17,4
8,s035,251,23,4
8,s035,251,22,1
8,s035,251,10,1
8,s035,251,9,1
8,s035,251,15,2
8,s035,251,14,1
8,s035,251,3,2
8,s035,251,2,1
8,s035,251,1,1
8,s035,251,0,1
8,s035,251,5,1
8,s036,125,125,199
8,s036,125,124,79
8,s036,125,127,79
8,s036,125,126,29
8,s036,125,121,85
8,s036,125,120,26
8,s036,125,123,19
8,s036,125,122,15
8,s036,125,117,64
8,s036,125,116,24
8,s036,125,119,27
8,s036,125,118,11
8,s036,125,113,30
8,s036,125,112,7
8,s036,125,115,11
8,s036,125,114,4
8,s036,125,109,44
8,s036,125,108,17
8,s036,125,111,22
8,s036,125,110,12
8,s036,125,105,21
8,s036,125,104,8
8,s036,125,107,8
8,s036,125,106,4
8,s036,125,101,23
8,s036,125,100,5
8,s036,125,103,7
8,s036,125,102,5
8,s036,125,97,5
8,s036,125,96,4
8,s036,125,99,3
8,s036,125,98,2
8,s036,125,93,74
8,s036,125,92,26
8,s036,125,95,20
8,s036,125,94,9
8,s036,125,89,27
8,s036,125,88,17
8,s036,125,91,11
8,s036,125,90,3
8,s036,125,85,23
8,s036,125,84,11
8,s036,125,87,9
8,s036,125,86,5
8,s036,125,81,7
8,s036,125,80,3
8,s036,125,82,3
8,s036,125,77,16
8,s036,125,76,5
8,s036,125,79,9
8,s036,125,78,5
8,s036,125,73,7
8,s036,125,72,5
8,s036,125,75,2
8,s036,125,74,1
8,s036,125,69,5
8,s036,125,68,3
8,s036,125,71,5
8,s036,125,65,8
8,s036,125,64,7
8,s036,125,67,1
8,s036,125,66,1
8,s036,125,61,71
8,s036,125,60,29
8,s036,125,63,48
8,s036,125,62,14
8,s036,125,57,32
8,s036,125,56,13
8,s036,125,59,16
8,s036,125,58,4
8,s036,125,53,36
8,s036,125,52,15
8,s036,125,55,13
8,s036,125,54,4
8,s036,125,49,10
8,s036,125,48,3
8,s036,125,51,3
8,s036,125,50,2
8,s036,125,45,17
8,s036,125,44,10
8,s036,125,47,7
8,s036,125,41,11
8,s036,125,40,1
8,s036,125,43,5
8,s036,125,42,2
8,s036,125,37,10
8,s036,125,33,6
8,s036,125,32,3
8,s036,125,35,4
8,s036,125,34,2
8,s036,125,29,27
8,s036,125,28,13
8,s036,125,31,9
8,s036,125,30,10
8,s036,125,25,10
8,s036,125,24,4
8,s036,125,27,13
8,s036,125,21,4
8,s036,125,20,4
8,s036,125,23,6
8,s036,125,22,2
8,s036,125,17,8
8,s036,125,16,4
8,s036,125,19,4
8,s036,125,18,1
8,s036,125,13,10
8,s036,125,12,4
8,s036,125,15,3
8,s036,125,14,2
8,s036,125,9,7
8,s036,125,8,2
8,s036,125,11,1
8,s036,125,5,3
8,s036,125,4,1
8,s036,125,1,1
8,s036,125,3,1
8,s036,125,253,55
8,s036,125,252,41
8,s036,125,255,33
8,s036,125,254,13
8,s036,125,249,30
8,s036,125,248,12
8,s036,125,251,8
8,s036,125,250,7
8,s036,125,245,20
8,s036,125,244,13
8,s036,125,247,12
8,s036,125,246,8
8,s036,125,241,8
8,s036,125,240,7
8,s036,125,243,2
8,s036,125,242,3
8,s036,125,237,8
8,s036,125,236,15
8,s036,125,239,16
8,s036,125,238,5
8,s036,125,233,9
8,s036,125,232,6
8,s036,125,235,3
8,s036,125,229,6
8,s036,125,228,5
8,s036,125,231,2
8,s036,125,230,1
8,s036,125,225,3
8,s036,125,224,6
8,s036,125,226,1
8,s036,125,221,21
8,s036,125,220,18
8,s036,125,223,13
8,s036,125,222,4
8,s036,125,217,13
8,s036,125,216,7
8,s036,125,219,7
8,s036,125,218,2
8,s036,125,213,12
8,s036,125,212,9
8,s036,125,215,4
8,s036,125,214,1
8,s036,125,209,5
8,s036,125,208,3
8,s036,125,211,1
8,s036,125,210,3
8,s036,125,205,5
8,s036,125,204,1
8,s036,125,207,4
8,s036,125,206,2
8,s036,125,201,3
8,s036,125,200,3
8,s036,125,203,2
8,s036,125,197,1
8,s036,125,196,2
8,s036,125,199,2
8,s036,125,198,1
8,s036,125,189,35
8,s036,125,188,22
8,s036,125,191,15
8,s036,125,190,10
8,s036,125,185,17
8,s036,125,184,4
8,s036,125,187,9
8,s036,125,186,3
8,s036,125,181,8
8,s036,125,180,7
8,s036,125,183,11
8,s036,125,182,2
8,s036,125,177,2
8,s036,125,179,4
8,s036,125,178,3
8,s036,125,173,5
8,s036,125,172,12
8,s036,125,175,1
8,s036,125,174,2
8,s036,125,171,1
8,s036,125,165,5
8,s036,125,167,4
8,s036,125,166,2
8,s036,125,157,9
8,s036,125,156,11
8,s036,125,159,5
8,s036,125,158,6
8,s036,125,153,4
8,s036,125,152,4
8,s036,125,155,5
8,s036,125,149,1
8,s036,125,148,4
8,s036,125,151,2
8,s036,125,144,2
8,s036,125,147,3
8,s036,125,141,5
8,s036,125,140,2
8,s036,125,143,4
8,s036,125,142,2
8,s036,125,137,1
8,s036,125,136,1
8,s036,125,133,1
8,s036,125,129,1
8,s036,125,130,1
8,s037,121,121,187
8,s037,121,120,77
8,s037,121,123,62
8,s037,121,122,39
8,s037,121,125,55
8,s037,121,124,25
8,s037,121,127,28
8,s037,121,126,13
8,s037,121,113,73
8,s037,121,112,35
8,s037,121,115,19
8,s037,121,114,16
8,s037,121,117,29
8,s037,121,116,8
8,s037,121,119,6
8,s037,121,118,3
8,s037,121,105,63
8,s037,121,104,24
8,s037,121,107,17
8,s037,121,106,5
8,s037,121,109,22
8,s037,121,108,5
8,s037,121,111,5
8,s037,121,110,3
8,s037,121,97,14
8,s037,121,96,10
8,s037,121,99,5
8,s037,121,98,2
8,s037,121,101,4
8,s037,121,100,3
8,s037,121,103,1
8,s037,121,102,2
8,s037,121,89,74
8,s037,121,88,27
8,s037,121,91,20
8,s037,121,90,14
8,s037,121,93,26
8,s037,121,92,10
8,s037,121,95,5
8,s037,121,94,7
8,s037,121,81,25
8,s037,121,80,6
8,s037,121,83,11
8,s037,121,82,3
8,s037,121,85,11
8,s037,121,84,5
8,s037,121,87,7
8,s037,121,86,5
8,s037,121,73,16
8,s037,121,72,13
8,s037,121,75,8
8,s037,121,74,6
8,s037,121,77,8
8,s037,121,76,4
8,s037,121,79,2
8,s037,121,78,1
8,s037,121,65,5
8,s037,121,64,5
8,s037,121,67,7
8,s037,121,66,2
8,s037,121,69,3
8,s037,121,68,3
8,s037,121,57,70
8,s037,121,56,26
8,s037,121,59,56
8,s037,121,58,12
8,s037,121,61,28
8,s037,121,60,8
8,s037,121,63,17
8,s037,121,62,10
8,s037,121,49,24
8,s037,121,48,14
8,s037,121,51,21
8,s037,121,50,5
8,s037,121,53,11
8,s037,121,52,5
8,s037,121,55,4
8,s037,121,54,1
8,s037,121,41,24
8,s037,121,40,6
8,s037,121,43,11
8,s037,121,42,3
8,s037,121,45,12
8,s037,121,44,4
8,s037,121,46,2
8,s037,121,33,9
8,s037,121,32,1
8,s037,121,35,2
8,s037,121,34,2
8,s037,121,37,3
8,s037,121,36,3
8,s037,121,39,1
8,s037,121,38,1
8,s037,121,25,29
8,s037,121,24,9
8,s037,121,27,19
8,s037,121,26,5
8,s037,121,29,13
8,s037,121,28,4
8,s037,121,31,5
8,s037,121,30,5
8,s037,121,17,12
8,s037,121,16,3
8,s037,121,19,7
8,s037,121,18,5
8,s037,121,21,6
8,s037,121,20,2
8,s037,121,23,2
8,s037,121,22,1
8,s037,121,9,8
8,s037,121,8,2
8,s037,121,11,5
8,s037,121,10,2
8,s037,121,13,6
8,s037,121,12,1
8,s037,121,15,2
8,s037,121,14,2
8,s037,121,3,2
8,s037,121,249,63
8,s037,121,248,48
8,s037,121,251,25
8,s037,121,250,24
8,s037,121,253,29
8,s037,121,252,19
8,s037,121,255,12
8,s037,121,254,5
8,s037,121,241,25
8,s037,121,240,21
8,s037,121,243,12
8,s037,121,242,3
8,s037,121,245,12
8,s037,121,244,4
8,s037,121,247,5
8,s037,121,246,3
8,s037,121,233,20
8,s037,121,232,18
8,s037,121,235,8
8,s037,121,234,3
8,s037,121,237,8
8,s037,121,236,6
8,s037,121,239,1
8,s037,121,238,3
8,s037,121,225,6
8,s037,121,224,2
8,s037,121,226,1
8,s037,121,228,4
8,s037,121,231,1
8,s037,121,230,1
8,s037,121,217,29
8,s037,121,216,18
8,s037,121,219,7
8,s037,121,218,4
8,s037,121,221,12
8,s037,121,220,6
8,s037,121,223,5
8,s037,121,222,1
8,s037,121,209,12
8,s037,121,208,9
8,s037,121,211,3
8,s037,121,210,1
8,s037,121,213,4
8,s037,121,212,6
8,s037,121,215,1
8,s037,121,214,2
8,s037,121,201,3
8,s037,121,200,6
8,s037,121,203,2
8,s037,121,202,2
8,s037,121,205,4
8,s037,121,204,1
8,s037,121,207,2
8,s037,121,193,2
8,s037,121,192,1
8,s037,121,197,2
8,s037,121,196,1
8,s037,121,199,1
8,s037,121,198,1
8,s037,121,185,22
8,s037,121,184,12
8,s037,121,187,11
8,s037,121,186,10
8,s037,121,189,5
8,s037,121,188,11
8,s037,121,191,5
8,s037,121,190,3
8,s037,121,177,6
8,s037,121,176,3
8,s037,121,179,2
8,s037,121,178,3
8,s037,121,181,4
8,s037,121,180,5
8,s037,121,183,1
8,s037,121,169,10
8,s037,121,168,12
8,s037,121,171,7
8,s037,121,170,2
8,s037,121,173,1
8,s037,121,172,2
8,s037,121,174,1
8,s037,121,161,2
8,s037,121,160,2
8,s037,121,162,1
8,s037,121,153,15
8,s037,121,152,5
8,s037,121,155,3
8,s037,121,154,1
8,s037,121,157,9
8,s037,121,156,4
8,s037,121,159,3
8,s037,121,145,5
8,s037,121,144,1
8,s037,121,147,1
8,s037,121,146,3
8,s037,121,149,1
8,s037,121,148,1
8,s037,121,151,2
8,s037,121,150,1
8,s037,121,137,3
8,s037,121,136,2
8,s037,121,139,2
8,s037,121,138,3
8,s037,121,141,1
8,s037,121,129,1
8,s037,121,131,2
8,s037,121,130,2
8,s037,121,135,1
8,s038,223,223,172
8,s038,223,222,73
8,s038,223,221,65
8,s038,223,220,25
8,s038,223,219,58
8,s038,223,218,21
8,s038,223,217,29
8,s038,223,216,11
8,s038,223,215,61
8,s038,223,214,23
8,s038,223,213,32
8,s038,223,212,8
8,s038,223,211,15
8,s038,223,210,7
8,s038,223,209,10
8,s038,223,208,3
8,s038,223,207,59
8,s038,223,206,23
8,s038,223,205,20
8,s038,223,204,13
8,s038,223,203,23
8,s038,223,202,10
8,s038,223,201,11
8,s038,223,200,5
8,s038,223,199,17
8,s038,223,198,5
8,s038,223,197,4
8,s038,223,196,3
8,s038,223,195,11
8,s038,223,255,80
8,s038,223,254,31
8,s038,223,253,21
8,s038,223,252,15
8,s038,223,251,26
8,s038,223,250,15
8,s038,223,249,20
8,s038,223,248,7
8,s038,223,247,27
8,s038,223,246,7
8,s038,223,245,17
8,s038,223,244,3
8,s038,223,243,14
8,s038,223,242,6
8,s038,223,241,2
8,s038,223,240,2
8,s038,223,239,19
8,s038,223,238,7
8,s038,223,237,9
8,s038,223,236,4
8,s038,223,235,6
8,s038,223,234,1
8,s038,223,233,1
8,s038,223,231,5
8,s038,223,230,1
8,s038,223,229,3
8,s038,223,228,2
8,s038,223,227,2
8,s038,223,224,2
8,s038,223,159,76
8,s038,223,158,37
8,s038,223,157,52
8,s038,223,156,22
8,s038,223,155,33
8,s038,223,154,13
8,s038,223,153,18
8,s038,223,152,5
8,s038,223,151,26
8,s038,223,150,8
8,s038,223,149,16
8,s038,223,148,4
8,s038,223,147,7
8,s038,223,146,3
8,s038,223,145,5
8,s038,223,144,3
8,s038,223,143,19
8,s038,223,142,7
8,s038,223,141,9
8,s038,223,140,7
8,s038,223,139,13
8,s038,223,138,2
8,s038,223,137,6
8,s038,223,136,1
8,s038,223,135,7
8,s038,223,134,5
8,s038,223,133,5
8,s038,223,132,2
8,s038,223,131,2
8,s038,223,191,20
8,s038,223,190,20
8,s038,223,189,17
8,s038,223,188,11
8,s038,223,187,8
8,s038,223,186,1
8,s038,223,185,3
8,s038,223,184,6
8,s038,223,183,6
8,s038,223,182,5
8,s038,223,181,3
8,s038,223,180,1
8,s038,223,179,5
8,s038,223,178,3
8,s038,223,177,1
8,s038,223,175,6
8,s038,223,174,2
8,s038,223,173,2
8,s038,223,172,2
8,s038,223,171,3
8,s038,223,169,2
8,s038,223,168,2
8,s038,223,167,1
8,s038,223,165,4
8,s038,223,163,1
8,s038,223,161,1
8,s038,223,95,70
8,s038,223,94,42
8,s038,223,93,29
8,s038,223,92,19
8,s038,223,91,31
8,s038,223,90,10
8,s038,223,89,9
8,s038,223,88,5
8,s038,223,87,31
8,s038,223,86,10
8,s038,223,85,9
8,s038,223,84,5
8,s038,223,83,7
8,s038,223,82,7
8,s038,223,81,4
8,s038,223,80,1
8,s038,223,79,20
8,s038,223,78,3
8,s038,223,77,4
8,s038,223,76,5
8,s038,223,75,4
8,s038,223,74,4
8,s038,223,73,3
8,s038,223,72,5
8,s038,223,71,8
8,s038,223,70,1
8,s038,223,69,6
8,s038,223,68,2
8,s038,223,67,4
8,s038,223,66,2
8,s038,223,65,1
8,s038,223,64,2
8,s038,223,127,27
8,s038,223,126,7
8,s038,223,125,8
8,s038,223,124,8
8,s038,223,123,9
8,s038,223,122,4
8,s038,223,121,8
8,s038,223,119,11
8,s038,223,118,8
8,s038,223,117,5
8,s038,223,116,3
8,s038,223,115,3
8,s038,223,114,1
8,s038,223,112,2
8,s038,223,111,5
8,s038,223,110,3
8,s038,223,109,3
8,s038,223,108,4
8,s038,223,107,1
8,s038,223,106,2
8,s038,223,105,2
8,s038,223,104,1
8,s038,223,103,1
8,s038,223,102,7
8,s038,223,101,1
8,s038,223,31,27
8,s038,223,30,18
8,s038,223,29,20
8,s038,223,28,7
8,s038,223,27,3
8,s038,223,26,6
8,s038,223,25,2
8,s038,223,24,6
8,s038,223,23,8
8,s038,223,22,6
8,s038,223,21,5
8,s038,223,20,3
8,s038,223,19,4
8,s038,223,18,2
8,s038,223,17,4
8,s038,223,16,1
8,s038,223,15,6
8,s038,223,14,4
8,s038,223,13,5
8,s038,223,12,3
8,s038,223,11,2
8,s038,223,10,2
8,s038,223,9,2
8,s038,223,8,1
8,s038,223,7,1
8,s038,223,6,1
8,s038,223,5,3
8,s038,223,2,3
8,s038,223,1,1
8,s038,223,63,14
8,s038,223,62,8
8,s038,223,61,6
8,s038,223,60,5
8,s038,223,59,5
8,s038,223,58,5
8,s038,223,57,3
8,s038,223,56,3
8,s038,223,55,5
8,s038,223,54,4
8,s038,223,53,4
8,s038,223,52,1
8,s038,223,51,1
8,s038,223,50,2
8,s038,223,49,2
8,s038,223,47,3
8,s038,223,46,1
8,s038,223,45,2
8,s038,223,44,2
8,s038,223,42,1
8,s038,223,41,1
8,s038,223,39,1
8,s039,51,51,196
8,s039,51,50,90
8,s039,51,49,80
8,s039,51,48,46
8,s039,51,55,57
8,s039,51,54,33
8,s039,51,53,35
8,s039,51,52,11
8,s039,51,59,63
8,s039,51,58,28
8,s039,51,57,30
8,s039,51,56,14
8,s039,51,63,24
8,s039,51,62,12
8,s039,51,61,11
8,s039,51,60,4
8,s039,51,35,56
8,s039,51,34,23
8,s039,51,33,20
8,s039,51,32,10
8,s039,51,39,24
8,s039,51,38,8
8,s039,51,37,8
8,s039,51,36,3
8,s039,51,43,11
8,s039,51,42,7
8,s039,51,41,4
8,s039,51,40,4
8,s039,51,47,8
8,s039,51,46,1
8,s039,51,45,6
8,s039,51,19,59
8,s039,51,18,31
8,s039,51,17,27
8,s039,51,16,14
8,s039,51,23,30
8,s039,51,22,16
8,s039,51,21,5
8,s039,51,20,1
8,s039,51,27,30
8,s039,51,26,12
8,s039,51,25,9
8,s039,51,24,8
8,s039,51,31,12
8,s039,51,30,8
8,s039,51,29,7
8,s039,51,28,1
8,s039,51,3,16
8,s039,51,2,8
8,s039,51,1,7
8,s039,51,0,4
8,s039,51,7,5
8,s039,51,6,4
8,s039,51,5,2
8,s039,51,4,2
8,s039,51,10,3
8,s039,51,9,6
8,s039,51,15,1
8,s039,51,115,86
8,s039,51,114,31
8,s039,51,113,35
8,s039,51,112,21
8,s039,51,119,18
8,s039,51,118,18
8,s039,51,117,11
8,s039,51,116,5
8,s039,51,123,43
8,s039,51,122,12
8,s039,51,121,13
8,s039,51,120,6
8,s039,51,127,10
8,s039,51,126,6
8,s039,51,125,7
8,s039,51,124,6
8,s039,51,99,30
8,s039,51,98,3
8,s039,51,97,12
8,s039,51,96,4
8,s039,51,103,9
8,s039,51,102,5
8,s039,51,101,2
8,s039,51,100,1
8,s039,51,107,9
8,s039,51,105,3
8,s039,51,111,5
8,s039,51,110,1
8,s039,51,83,31
8,s039,51,82,13
8,s039,51,81,14
8,s039,51,80,3
8,s039,51,87,10
8,s039,51,86,3
8,s039,51,85,11
8,s039,51,84,3
8,s039,51,91,8
8,s039,51,90,5
8,s039,51,89,4
8,s039,51,95,3
8,s039,51,94,2
8,s039,51,93,2
8,s039,51,67,9
8,s039,51,66,3
8,s039,51,65,3
8,s039,51,64,3
8,s039,51,71,2
8,s039,51,69,2
8,s039,51,75,3
8,s039,51,74,1
8,s039,51,73,2
8,s039,51,72,1
8,s039,51,79,1
8,s039,51,77,1
8,s039,51,179,71
8,s039,51,178,45
8,s039,51,177,29
8,s039,51,176,13
8,s039,51,183,27
8,s039,51,182,12
8,s039,51,181,9
8,s039,51,180,7
8,s039,51,187,34
8,s039,51,186,18
8,s039,51,185,15
8,s039,51,184,9
8,s039,51,191,9
8,s039,51,190,2
8,s039,51,189,4
8,s039,51,188,1
8,s039,51,163,18
8,s039,51,162,15
8,s039,51,161,9
8,s039,51,160,7
8,s039,51,167,10
8,s039,51,166,4
8,s039,51,165,3
8,s039,51,171,13
8,s039,51,170,4
8,s039,51,169,3
8,s039,51,168,1
8,s039,51,175,1
8,s039,51,173,2
8,s039,51,172,1
8,s039,51,147,23
8,s039,51,146,16
8,s039,51,145,5
8,s039,51,144,9
8,s039,51,151,17
8,s039,51,150,5
8,s039,51,149,3
8,s039,51,155,7
8,s039,51,154,4
8,s039,51,153,2
8,s039,51,152,2
8,s039,51,159,2
8,s039,51,158,1
8,s039,51,157,3
8,s039,51,156,1
8,s039,51,131,4
8,s039,51,130,8
8,s039,51,129,1
8,s039,51,128,3
8,s039,51,135,2
8,s039,51,134,2
8,s039,51,133,1
8,s039,51,132,2
8,s039,51,139,3
8,s039,51,138,1
8,s039,51,137,3
8,s039,51,136,1
8,s039,51,143,3
8,s039,51,142,2
8,s039,51,140,1
8,s039,51,243,29
8,s039,51,242,12
8,s039,51,241,10
8,s039,51,240,9
8,s039,51,247,17
8,s039,51,246,9
8,s039,51,245,4
8,s039,51,251,14
8,s039,51,250,7
8,s039,51,249,6
8,s039,51,248,1
8,s039,51,255,2
8,s039,51,254,1
8,s039,51,253,4
8,s039,51,252,3
8,s039,51,227,5
8,s039,51,226,5
8,s039,51,225,4
8,s039,51,224,5
8,s039,51,231,2
8,s039,51,230,2
8,s039,51,229,1
8,s039,51,228,2
8,s039,51,235,3
8,s039,51,234,1
8,s039,51,233,3
8,s039,51,232,2
8,s039,51,211,13
8,s039,51,210,8
8,s039,51,209,1
8,s039,51,208,3
8,s039,51,215,2
8,s039,51,214,1
8,s039,51,213,2
8,s039,51,219,3
8,s039,51,218,3
8,s039,51,217,1
8,s039,51,216,1
8,s039,51,222,1
8,s039,51,221,3
8,s039,51,194,3
8,s039,51,193,1
8,s039,51,198,1
8,s039,51,203,1
8,s039,51,201,2
8,s039,51,206,1
12,s000,177,177,90
12,s000,177,176,53
12,s000,177,179,56
12,s000,177,178,25
12,s000,177,181,56
12,s000,177,180,24
12,s000,177,183,29
12,s000,177,182,22
12,s000,177,185,47
12,s000,177,184,25
12,s000,177,187,21
12,s000,177,186,17
12,s000,177,189,22
12,s000,177,188,17
12,s000,177,191,11
12,s000,177,190,5
12,s000,177,161,36
12,s000,177,160,20
12,s000,177,163,21
12,s000,177,162,9
12,s000,177,165,16
12,s000,177,164,12
12,s000,177,167,9
12,s000,177,166,8
12,s000,177,169,22
12,s000,177,168,15
12,s000,177,171,4
12,s000,177,170,6
12,s000,177,173,7
12,s000,177,172,4
12,s000,177,175,7
12,s000,177,174,3
12,s000,177,145,44
12,s000,177,144,28
12,s000,177,147,24
12,s000,177,146,14
12,s000,177,149,15
12,s000,177,148,15
12,s000,177,151,16
12,s000,177,150,7
12,s000,177,153,27
12,s000,177,152,7
12,s000,177,155,10
12,s000,177,154,4
12,s000,177,157,16
12,s000,177,156,11
12,s000,177,159,5
12,s000,177,158,5
12,s000,177,129,14
12,s000,177,128,8
12,s000,177,131,8
12,s000,177,130,4
12,s000,177,133,9
12,s000,177,132,5
12,s000,177,135,5
12,s000,177,134,1
12,s000,177,137,11
12,s000,177,136,1
12,s000,177,139,2
12,s000,177,138,8
12,s000,177,141,7
12,s000,177,140,5
12,s000,177,143,6
12,s000,177,142,1
12,s000,177,241,60
12,s000,177,240,26
12,s000,177,243,30
12,s000,177,242,18
12,s000,177,245,22
12,s000,177,244,17
12,s000,177,247,15
12,s000,177,246,6
12,s000,177,249,20
12,s000,177,248,16
12,s000,177,251,21
12,s000,177,250,15
12,s000,177,253,11
12,s000,177,252,6
12,s000,177,255,8
12,s000,177,254,6
12,s000,177,225,22
12,s000,177,224,10
12,s000,177,227,10
12,s000,177,226,5
12,s000,177,229,16
12,s000,177,228,4
12,s000,177,231,6
12,s000,177,230,3
12,s000,177,233,11
12,s000,177,232,4
12,s000,177,235,2
12,s000,177,234,6
12,s000,177,237,5
12,s000,177,236,2
12,s000,177,239,1
12,s000,177,238,2
12,s000,177,209,20
12,s000,177,208,9
12,s000,177,211,17
12,s000,177,210,9
12,s000,177,213,13
12,s000,177,212,9
12,s000,177,215,5
12,s000,177,214,6
12,s000,177,217,8
12,s000,177,216,5
12,s000,177,219,5
12,s000,177,218,3
12,s000,177,221,9
12,s000,177,220,6
12,s000,177,223,1
12,s000,177,222,1
12,s000,177,193,9
12,s000,177,192,9
12,s000,177,195,4
12,s000,177,194,6
12,s000,177,197,3
12,s000,177,196,5
12,s000,177,199,3
12,s000,177,198,3
12,s000,177,201,5
12,s000,177,200,5
12,s000,177,203,5
12,s000,177,202,4
12,s000,177,205,2
12,s000,177,204,1
12,s000,177,207,1
12,s000,177,49,42
12,s000,177,48,34
12,s000,177,51,21
12,s000,177,50,18
12,s000,177,53,16
12,s000,177,52,16
12,s000,177,55,12
12,s000,177,54,4
12,s000,177,57,12
12,s000,177,56,11
12,s000,177,59,19
12,s000,177,58,13
12,s000,177,61,13
12,s000,177,60,10
12,s000,177,63,10
12,s000,177,62,1
12,s000,177,33,10
12,s000,177,32,19
12,s000,177,35,4
12,s000,177,34,6
12,s000,177,37,9
12,s000,177,36,8
12,s000,177,39,6
12,s000,177,38,1
12,s000,177,41,7
12,s000,177,40,7
12,s000,177,43,6
12,s000,177,45,3
12,s000,177,44,3
12,s000,177,47,4
12,s000,177,46,1
12,s000,177,17,21
12,s000,177,16,11
12,s000,177,19,16
12,s000,177,18,12
12,s000,177,21,14
12,s000,177,20,9
12,s000,177,23,4
12,s000,177,22,8
12,s000,177,25,12
12,s000,177,24,5
12,s000,177,27,8
12,s000,177,26,6
12,s000,177,29,7
12,s000,177,28,2
12,s000,177,31,4
12,s000,177,30,4
12,s000,177,1,8
12,s000,177,0,5
12,s000,177,3,9
12,s000,177,2,1
12,s000,177,5,7
12,s000,177,4,6
12,s000,177,7,2
12,s000,177,6,1
12,s000,177,9,2
12,s000,177,8,1
12,s000,177,11,2
12,s000,177,10,4
12,s000,177,13,1
12,s000,177,12,2
12,s000,177,15,2
12,s000,177,14,1
12,s000,177,113,23
12,s000,177,112,19
12,s000,177,115,11
12,s000,177,114,10
12,s000,177,117,10
12,s000,177,116,8
12,s000,177,119,11
12,s000,177,118,9
12,s000,177,121,14
12,s000,177,120,7
12,s000,177,123,9
12,s000,177,122,6
12,s000,177,125,12
12,s000,177,124,7
12,s000,177,127,4
12,s000,177,126,2
12,s000,177,97,15
12,s000,177,96,12
12,s000,177,99,5
12,s000,177,98,6
12,s000,177,101,8
12,s000,177,100,3
12,s000,177,103,5
12,s000,177,102,3
12,s000,177,105,5
12,s000,177,104,2
12,s000,177,106,5
12,s000,177,109,2
12,s000,177,108,2
12,s000,177,111,2
12,s000,177,110,1
12,s000,177,81,17
12,s000,177,80,11
12,s000,177,83,14
12,s000,177,82,4
12,s000,177,85,7
12,s000,177,84,2
12,s000,177,87,4
12,s000,177,86,2
12,s000,177,89,9
12,s000,177,88,6
12,s000,177,91,4
12,s000,177,90,2
12,s000,177,93,3
12,s000,177,92,2
12,s000,177,95,8
12,s000,177,94,4
12,s000,177,65,2
12,s000,177,64,1
12,s000,177,67,4
12,s000,177,66,3
12,s000,177,71,1
12,s000,177,73,1
12,s000,177,72,1
12,s000,177,75,1
12,s000,177,74,1
12,s000,177,77,3
12,s000,177,78,2
12,s001,126,126,80
12,s001,126,127,50
12,s001,126,124,59
12,s001,126,125,27
12,s001,126,122,43
12,s001,126,123,18
12,s001,126,120,23
12,s001,126,121,15
12,s001,126,118,31
12,s001,126,119,26
12,s001,126,116,20
12,s001,126,117,12
12,s001,126,114,20
12,s001,126,115,5
12,s001,126,112,13
12,s001,126,113,5
12,s001,126,110,24
12,s001,126,111,21
12,s001,126,108,18
12,s001,126,109,6
12,s001,126,106,19
12,s001,126,107,6
12,s001,126,104,6
12,s001,126,105,4
12,s001,126,102,18
12,s001,126,103,7
12,s001,126,100,11
12,s001,126,101,2
12,s001,126,98,5
12,s001,126,99,6
12,s001,126,96,9
12,s001,126,97,3
12,s001,126,94,39
12,s001,126,95,19
12,s001,126,92,18
12,s001,126,93,18
12,s001,126,90,28
12,s001,126,91,16
12,s001,126,88,8
12,s001,126,89,6
12,s001,126,86,21
12,s001,126,87,17
12,s001,126,84,17
12,s001,126,85,9
12,s001,126,82,21
12,s001,126,83,7
12,s001,126,80,5
12,s001,126,81,6
12,s001,126,78,26
12,s001,126,79,12
12,s001,126,76,9
12,s001,126,77,4
12,s001,126,74,11
12,s001,126,75,5
12,s001,126,72,4
12,s001,126,73,5
12,s001,126,70,9
12,s001,126,71,5
12,s001,126,68,3
12,s001,126,69,3
12,s001,126,66,2
12,s001,126,67,1
12,s001,126,64,1
12,s001,126,65,2
12,s001,126,62,46
12,s001,126,63,24
12,s001,126,60,28
12,s001,126,61,21
12,s001,126,58,26
12,s001,126,59,13
12,s001,126,56,16
12,s001,126,57,12
12,s001,126,54,23
12,s001,126,55,20
12,s001,126,52,17
12,s001,126,53,13
12,s001,126,50,13
12,s001,126,51,7
12,s001,126,48,10
12,s001,126,49,5
12,s001,126,46,11
12,s001,126,47,10
12,s001,126,44,14
12,s001,126,45,7
12,s001,126,42,9
12,s001,126,43,4
12,s001,126,40,4
12,s001,126,41,2
12,s001,126,38,12
12,s001,126,39,5
12,s001,126,36,7
12,s001,126,37,3
12,s001,126,34,2
12,s001,126,35,3
12,s001,126,32,4
12,s001,126,33,1
12,s001,126,30,24
12,s001,126,31,23
12,s001,126,28,18
12,s001,126,29,8
12,s001,126,26,16
12,s001,126,27,7
12,s001,126,24,9
12,s001,126,25,5
12,s001,126,22,11
12,s001,126,23,5
12,s001,126,20,8
12,s001,126,21,2
12,s001,126,18,9
12,s001,126,19,4
12,s001,126,16,1
12,s001,126,17,4
12,s001,126,14,14
12,s001,126,15,7
12,s001,126,12,5
12,s001,126,13,5
12,s001,126,10,4
12,s001,126,11,3
12,s001,126,8,4
12,s001,126,9,4
12,s001,126,6,3
12,s001,126,7,4
12,s001,126,4,2
12,s001,126,5,2
12,s001,126,2,4
12,s001,126,3,3
12,s001,126,0,3
12,s001,126,1,1
12,s001,126,254,38
12,s001,126,255,37
12,s001,126,252,25
12,s001,126,253,26
12,s001,126,250,26
12,s001,126,251,10
12,s001,126,248,6
12,s001,126,249,10
12,s001,126,246,15
12,s001,126,247,14
12,s001,126,244,16
12,s001,126,245,13
12,s001,126,242,14
12,s001,126,243,10
12,s001,126,240,6
12,s001,126,241,5
12,s001,126,238,16
12,s001,126,239,9
12,s001,126,236,10
12,s001,126,237,5
12,s001,126,234,8
12,s001,126,235,5
12,s001,126,232,8
12,s001,126,233,4
12,s001,126,230,15
12,s001,126,228,3
12,s001,126,229,4
12,s001,126,226,4
12,s001,126,227,2
12,s001,126,224,6
12,s001,126,225,3
12,s001,126,222,31
12,s001,126,223,15
12,s001,126,220,8
12,s001,126,221,9
12,s001,126,218,13
12,s001,126,219,13
12,s001,126,216,9
12,s001,126,217,6
12,s001,126,214,14
12,s001,126,215,9
12,s001,126,212,7
12,s001,126,213,5
12,s001,126,210,5
12,s001,126,211,5
12,s001,126,208,6
12,s001,126,209,2
12,s001,126,206,8
12,s001,126,207,9
12,s001,126,204,5
12,s001,126,205,2
12,s001,126,202,7
12,s001,126,203,3
12,s001,126,200,4
12,s001,126,201,2
12,s001,126,198,7
12,s001,126,199,4
12,s001,126,196,2
12,s001,126,197,3
12,s001,126,194,7
12,s001,126,195,2
12,s001,126,193,1
12,s001,126,190,27
12,s001,126,191,12
12,s001,126,188,14
12,s001,126,189,16
12,s001,126,186,4
12,s001,126,187,8
12,s001,126,184,11
12,s001,126,185,7
12,s001,126,182,20
12,s001,126,183,12
12,s001,126,180,8
12,s001,126,181,6
12,s001,126,178,4
12,s001,126,179,7
12,s001,126,176,2
12,s001,126,177,1
12,s001,126,174,8
12,s001,126,175,7
12,s001,126,172,6
12,s001,126,173,5
12,s001,126,170,10
12,s001,126,171,1
12,s001,126,168,3
12,s001,126,169,1
12,s001,126,166,1
12,s001,126,167,4
12,s001,126,164,2
12,s001,126,165,2
12,s001,126,162,6
12,s001,126,163,1
12,s001,126,161,1
12,s001,126,158,20
12,s001,126,159,14
12,s001,126,156,6
12,s001,126,157,5
12,s001,126,154,9
12,s001,126,155,8
12,s001,126,152,4
12,s001,126,153,4
12,s001,126,150,7
12,s001,126,151,1
12,s001,126,148,3
12,s001,126,149,3
12,s001,126,146,5
12,s001,126,147,3
12,s001,126,144,6
12,s001,126,145,6
12,s001,126,142,3
12,s001,126,143,5
12,s001,126,140,3
12,s001,126,141,1
12,s001,126,138,1
12,s001,126,139,4
12,s001,126,136,1
12,s001,126,137,2
12,s001,126,134,1
12,s001,126,135,3
12,s001,126,130,2
12,s002,178,178,90
12,s002,178,179,48
12,s002,178,176,45
12,s002,178,177,24
12,s002,178,182,45
12,s002,178,183,26
12,s002,178,180,20
12,s002,178,181,13
12,s002,178,186,43
12,s002,178,187,28
12,s002,178,184,20
12,s002,178,185,22
12,s002,178,190,15
12,s002,178,191,11
12,s002,178,188,15
12,s002,178,189,8
12,s002,178,162,29
12,s002,178,163,10
12,s002,178,160,20
12,s002,178,161,10
12,s002,178,166,15
12,s002,178,167,9
12,s002,178,164,5
12,s002,178,165,6
12,s002,178,170,14
12,s002,178,171,9
12,s002,178,168,8
12,s002,178,169,8
12,s002,178,174,10
12,s002,178,175,5
12,s002,178,172,5
12,s002,178,173,3
12,s002,178,146,42
12,s002,178,147,26
12,s002,178,144,18
12,s002,178,145,17
12,s002,178,150,30
12,s002,178,151,12
12,s002,178,148,10
12,s002,178,149,13
12,s002,178,154,27
12,s002,178,155,7
12,s002,178,152,13
12,s002,178,153,6
12,s002,178,158,16
12,s002,178,159,13
12,s002,178,156,5
12,s002,178,157,4
12,s002,178,130,18
12,s002,178,131,11
12,s002,178,128,5
12,s002,178,129,8
12,s002,178,134,14
12,s002,178,135,7
12,s002,178,132,4
12,s002,178,133,4
12,s002,178,138,12
12,s002,178,139,2
12,s002,178,136,7
12,s002,178,137,4
12,s002,178,142,4
12,s002,178,143,6
12,s002,178,140,1
12,s002,178,141,2
12,s002,178,242,51
12,s002,178,243,28
12,s002,178,240,32
12,s002,178,241,18
12,s002,178,246,23
12,s002,178,247,17
12,s002,178,244,13
12,s002,178,245,9
12,s002,178,250,26
12,s002,178,251,19
12,s002,178,248,15
12,s002,178,249,13
12,s002,178,254,12
12,s002,178,255,13
12,s002,178,252,7
12,s002,178,253,6
12,s002,178,226,16
12,s002,178,227,11
12,s002,178,224,5
12,s002,178,225,6
12,s002,178,230,12
12,s002,178,231,2
12,s002,178,228,6
12,s002,178,229,3
12,s002,178,234,8
12,s002,178,235,9
12,s002,178,232,9
12,s002,178,233,5
12,s002,178,238,6
12,s002,178,239,4
12,s002,178,236,2
12,s002,178,237,1
12,s002,178,210,27
12,s002,178,211,15
12,s002,178,208,26
12,s002,178,209,15
12,s002,178,214,18
12,s002,178,215,11
12,s002,178,212,4
12,s002,178,213,8
12,s002,178,218,15
12,s002,178,219,5
12,s002,178,216,10
12,s002,178,217,7
12,s002,178,222,5
12,s002,178,223,2
12,s002,178,220,3
12,s002,178,221,6
12,s002,178,194,5
12,s002,178,195,8
12,s002,178,192,3
12,s002,178,193,4
12,s002,178,198,9
12,s002,178,199,3
12,s002,178,196,5
12,s002,178,197,2
12,s002,178,202,5
12,s002,178,203,2
12,s002,178,200,5
12,s002,178,201,1
12,s002,178,206,4
12,s002,178,207,3
12,s002,178,204,1
12,s002,178,205,1
12,s002,178,50,52
12,s002,178,51,21
12,s002,178,48,32
12,s002,178,49,13
12,s002,178,54,34
12,s002,178,55,17
12,s002,178,52,18
12,s002,178,53,11
12,s002,178,58,19
12,s002,178,59,14
12,s002,178,56,9
12,s002,178,57,12
12,s002,178,62,11
12,s002,178,63,5
12,s002,178,60,16
12,s002,178,61,6
12,s002,178,34,17
12,s002,178,35,14
12,s002,178,32,5
12,s002,178,33,8
12,s002,178,38,6
12,s002,178,39,8
12,s002,178,36,5
12,s002,178,37,7
12,s002,178,42,9
12,s002,178,43,3
12,s002,178,40,1
12,s002,178,41,4
12,s002,178,46,3
12,s002,178,47,4
12,s002,178,44,2
12,s002,178,45,2
12,s002,178,18,28
12,s002,178,19,24
12,s002,178,16,13
12,s002,178,17,11
12,s002,178,22,17
12,s002,178,23,9
12,s002,178,20,9
12,s002,178,21,4
12,s002,178,26,10
12,s002,178,27,5
12,s002,178,24,2
12,s002,178,25,2
12,s002,178,30,11
12,s002,178,31,6
12,s002,178,28,5
12,s002,178,29,4
12,s002,178,2,7
12,s002,178,3,5
12,s002,178,0,5
12,s002,178,1,5
12,s002,178,6,8
12,s002,178,7,3
12,s002,178,4,3
12,s002,178,5,3
12,s002,178,10,8
12,s002,178,11,3
12,s002,178,8,3
12,s002,178,9,2
12,s002,178,14,6
12,s002,178,15,1
12,s002,178,12,2
12,s002,178,13,1
12,s002,178,114,22
12,s002,178,115,13
12,s002,178,112,15
12,s002,178,113,9
12,s002,178,118,19
12,s002,178,119,9
12,s002,178,116,7
12,s002,178,117,3
12,s002,178,122,12
12,s002,178,123,10
12,s002,178,120,9
12,s002,178,121,4
12,s002,178,126,10
12,s002,178,127,7
12,s002,178,124,5
12,s002,178,125,3
12,s002,178,98,6
12,s002,178,99,5
12,s002,178,96,5
12,s002,178,97,6
12,s002,178,102,3
12,s002,178,103,4
12,s002,178,100,4
12,s002,178,101,2
12,s002,178,106,4
12,s002,178,107,6
12,s002,178,104,6
12,s002,178,105,2
12,s002,178,110,7
12,s002,178,111,2
12,s002,178,108,2
12,s002,178,109,1
12,s002,178,82,11
12,s002,178,83,14
12,s002,178,80,8
12,s002,178,81,7
12,s002,178,86,4
12,s002,178,87,5
12,s002,178,84,4
12,s002,178,85,1
12,s002,178,90,11
12,s002,178,91,8
12,s002,178,88,3
12,s002,178,89,6
12,s002,178,94,5
12,s002,178,95,3
12,s002,178,92,3
12,s002,178,93,2
12,s002,178,66,6
12,s002,178,67,5
12,s002,178,64,6
12,s002,178,65,3
12,s002,178,70,2
12,s002,178,69,1
12,s002,178,74,3
12,s002,178,72,2
12,s002,178,73,1
12,s002,178,79,4
12,s002,178,77,1
12,s003,13,13,87
12,s003,13,12,43
12,s003,13,15,40
12,s003,13,14,27
12,s003,13,9,37
12,s003,13,8,25
12,s003,13,11,30
12,s003,13,10,11
12,s003,13,5,39
12,s003,13,4,26
12,s003,13,7,23
12,s003,13,6,21
12,s003,13,1,25
12,s003,13,0,17
12,s003,13,3,11
12,s003,13,2,9
12,s003,13,29,28
12,s003,13,28,15
12,s003,13,31,16
12,s003,13,30,14
12,s003,13,25,15
12,s003,13,24,7
12,s003,13,27,6
12,s003,13,26,6
12,s003,13,21,15
12,s003,13,20,8
12,s003,13,23,8
12,s003,13,22,9
12,s003,13,17,10
12,s003,13,16,9
12,s003,13,19,4
12,s003,13,18,3
12,s003,13,45,38
12,s003,13,44,19
12,s003,13,47,24
12,s003,13,46,24
12,s003,13,41,27
12,s003,13,40,11
12,s003,13,43,9
12,s003,13,42,13
12,s003,13,37,17
12,s003,13,36,13
12,s003,13,39,14
12,s003,13,38,5
12,s003,13,33,9
12,s003,13,32,8
12,s003,13,35,9
12,s003,13,34,7
12,s003,13,61,16
12,s003,13,60,15
12,s003,13,63,13
12,s003,13,62,6
12,s003,13,57,10
12,s003,13,56,6
12,s003,13,59,4
12,s003,13,58,1
12,s003,13,53,16
12,s003,13,52,5
12,s003,13,55,5
12,s003,13,54,3
12,s003,13,49,7
12,s003,13,48,3
12,s003,13,51,1
12,s003,13,77,51
12,s003,13,76,20
12,s003,13,79,31
12,s003,13,78,22
12,s003,13,73,24
12,s003,13,72,15
12,s003,13,75,16
12,s003,13,74,15
12,s003,13,69,17
12,s003,13,68,17
12,s003,13,71,20
12,s003,13,70,8
12,s003,13,65,16
12,s003,13,64,6
12,s003,13,67,5
12,s003,13,66,4
12,s003,13,93,16
12,s003,13,92,8
12,s003,13,95,17
12,s003,13,94,6
12,s003,13,89,7
12,s003,13,88,4
12,s003,13,91,8
12,s003,13,90,4
12,s003,13,85,6
12,s003,13,84,2
12,s003,13,87,8
12,s003,13,86,4
12,s003,13,81,5
12,s003,13,80,1
12,s003,13,83,6
12,s003,13,109,25
12,s003,13,108,20
12,s003,13,111,14
12,s003,13,110,12
12,s003,13,105,12
12,s003,13,104,9
12,s003,13,107,13
12,s003,13,106,7
12,s003,13,101,17
12,s003,13,100,10
12,s003,13,103,16
12,s003,13,102,4
12,s003,13,97,7
12,s003,13,96,7
12,s003,13,99,4
12,s003,13,125,13
12,s003,13,124,7
12,s003,13,127,2
12,s003,13,126,3
12,s003,13,121,2
12,s003,13,120,6
12,s003,13,123,3
12,s003,13,122,4
12,s003,13,117,3
12,s003,13,116,2
12,s003,13,119,4
12,s003,13,118,2
12,s003,13,112,3
12,s003,13,115,1
12,s003,13,114,1
12,s003,13,141,43
12,s003,13,140,31
12,s003,13,143,32
12,s003,13,142,21
12,s003,13,137,18
12,s003,13,136,21
12,s003,13,139,13
12,s003,13,138,10
12,s003,13,133,20
12,s003,13,132,23
12,s003,13,135,16
12,s003,13,134,10
12,s003,13,129,7
12,s003,13,128,14
12,s003,13,131,2
12,s003,13,130,6
12,s003,13,157,17
12,s003,13,156,13
12,s003,13,159,9
12,s003,13,158,11
12,s003,13,153,8
12,s003,13,152,4
12,s003,13,155,6
12,s003,13,154,1
12,s003,13,149,13
12,s003,13,148,3
12,s003,13,151,4
12,s003,13,150,5
12,s003,13,145,5
12,s003,13,144,1
12,s003,13,147,2
12,s003,13,146,2
12,s003,13,173,21
12,s003,13,172,8
12,s003,13,175,14
12,s003,13,174,8
12,s003,13,169,12
12,s003,13,168,6
12,s003,13,171,10
12,s003,13,170,3
12,s003,13,165,15
12,s003,13,164,11
12,s003,13,167,7
12,s003,13,166,3
12,s003,13,161,4
12,s003,13,160,6
12,s003,13,163,3
12,s003,13,162,5
12,s003,13,189,15
12,s003,13,188,6
12,s003,13,191,4
12,s003,13,190,7
12,s003,13,185,7
12,s003,13,184,2
12,s003,13,187,4
12,s003,13,181,6
12,s003,13,180,1
12,s003,13,183,4
12,s003,13,182,1
12,s003,13,177,3
12,s003,13,176,2
12,s003,13,179,1
12,s003,13,178,3
12,s003,13,205,19
12,s003,13,204,17
12,s003,13,207,14
12,s003,13,206,8
12,s003,13,201,11
12,s003,13,200,11
12,s003,13,203,3
12,s003,13,202,6
12,s003,13,197,12
12,s003,13,196,10
12,s003,13,199,12
12,s003,13,198,2
12,s003,13,193,10
12,s003,13,192,6
12,s003,13,195,4
12,s003,13,221,13
12,s003,13,220,11
12,s003,13,223,5
12,s003,13,222,4
12,s003,13,217,4
12,s003,13,216,6
12,s003,13,219,5
12,s003,13,218,1
12,s003,13,213,7
12,s003,13,212,4
12,s003,13,215,1
12,s003,13,214,1
12,s003,13,209,4
12,s003,13,208,4
12,s003,13,211,5
12,s003,13,210,4
12,s003,13,237,10
12,s003,13,236,11
12,s003,13,239,10
12,s003,13,238,8
12,s003,13,233,4
12,s003,13,232,4
12,s003,13,235,4
12,s003,13,234,4
12,s003,13,229,7
12,s003,13,228,4
12,s003,13,231,2
12,s003,13,230,4
12,s003,13,225,6
12,s003,13,224,3
12,s003,13,227,5
12,s003,13,226,3
12,s003,13,253,6
12,s003,13,252,1
12,s003,13,255,3
12,s003,13,254,3
12,s003,13,249,2
12,s003,13,248,2
12,s003,13,251,4
12,s003,13,250,1
12,s003,13,245,2
12,s003,13,244,1
12,s003,13,247,1
12,s003,13,241,1
12,s003,13,240,2
12,s004,64,64,103
12,s004,64,65,50
12,s004,64,66,61
12,s004,64,67,20
12,s004,64,68,49
12,s004,64,69,39
12,s004,64,70,23
12,s004,64,71,25
12,s004,64,72,45
12,s004,64,73,27
12,s004,64,74,20
12,s004,64,75,15
12,s004,64,76,26
12,s004,64,77,17
12,s004,64,78,14
12,s004,64,79,5
12,s004,64,80,40
12,s004,64,81,23
12,s004,64,82,14
12,s004,64,83,11
12,s004,64,84,11
12,s004,64,85,9
12,s004,64,86,12
12,s004,64,87,1
12,s004,64,88,19
12,s004,64,89,9
12,s004,64,90,8
12,s004,64,91,2
12,s004,64,92,8
12,s004,64,93,8
12,s004,64,94,7
12,s004,64,95,2
12,s004,64,96,46
12,s004,64,97,26
12,s004,64,98,33
12,s004,64,99,13
12,s004,64,100,26
12,s004,64,101,9
12,s004,64,102,11
12,s004,64,103,8
12,s004,64,104,26
12,s004,64,105,14
12,s004,64,106,17
12,s004,64,107,9
12,s004,64,108,9
12,s004,64,109,10
12,s004,64,110,6
12,s004,64,111,3
12,s004,64,112,21
12,s004,64,113,12
12,s004,64,114,9
12,s004,64,115,6
12,s004,64,116,13
12,s004,64,117,4
12,s004,64,118,2
12,s004,64,119,3
12,s004,64,120,7
12,s004,64,121,1
12,s004,64,122,10
12,s004,64,123,3
12,s004,64,124,6
12,s004,64,125,2
12,s004,64,126,2
12,s004,64,127,1
12,s004,64,0,39
12,s004,64,1,26
12,s004,64,2,35
12,s004,64,3,17
12,s004,64,4,22
12,s004,64,5,18
12,s004,64,6,19
12,s004,64,7,9
12,s004,64,8,31
12,s004,64,9,14
12,s004,64,10,16
12,s004,64,11,9
12,s004,64,12,19
12,s004,64,13,8
12,s004,64,14,5
12,s004,64,15,5
12,s004,64,16,19
12,s004,64,17,13
12,s004,64,18,9
12,s004,64,19,5
12,s004,64,20,9
12,s004,64,21,5
12,s004,64,22,7
12,s004,64,23,2
12,s004,64,24,11
12,s004,64,25,9
12,s004,64,26,8
12,s004,64,27,1
12,s004,64,28,2
12,s004,64,29,4
12,s004,64,30,2
12,s004,64,31,2
12,s004,64,32,21
12,s004,64,33,9
12,s004,64,34,15
12,s004,64,35,14
12,s004,64,36,17
12,s004,64,37,13
12,s004,64,38,9
12,s004,64,39,7
12,s004,64,40,12
12,s004,64,41,9
12,s004,64,42,7
12,s004,64,43,7
12,s004,64,44,6
12,s004,64,45,3
12,s004,64,46,8
12,s004,64,47,3
12,s004,64,48,8
12,s004,64,49,3
12,s004,64,50,7
12,s004,64,51,9
12,s004,64,52,5
12,s004,64,53,2
12,s004,64,54,8
12,s004,64,55,3
12,s004,64,56,1
12,s004,64,57,3
12,s004,64,58,3
12,s004,64,59,1
12,s004,64,60,2
12,s004,64,62,1
12,s004,64,192,48
12,s004,64,193,31
12,s004,64,194,26
12,s004,64,195,15
12,s004,64,196,18
12,s004,64,197,16
12,s004,64,198,18
12,s004,64,199,13
12,s004,64,200,30
12,s004,64,201,19
12,s004,64,202,10
12,s004,64,203,8
12,s004,64,204,12
12,s004,64,205,11
12,s004,64,206,8
12,s004,64,207,3
12,s004,64,208,19
12,s004,64,209,14
12,s004,64,210,5
12,s004,64,211,10
12,s004,64,212,7
12,s004,64,213,6
12,s004,64,214,6
12,s004,64,215,3
12,s004,64,216,11
12,s004,64,217,4
12,s004,64,218,4
12,s004,64,219,5
12,s004,64,220,4
12,s004,64,221,5
12,s004,64,222,1
12,s004,64,223,6
12,s004,64,224,33
12,s004,64,225,22
12,s004,64,226,10
12,s004,64,227,9
12,s004,64,228,11
12,s004,64,229,6
12,s004,64,230,10
12,s004,64,231,3
12,s004,64,232,8
12,s004,64,233,7
12,s004,64,234,10
12,s004,64,235,7
12,s004,64,236,6
12,s004,64,237,4
12,s004,64,238,6
12,s004,64,239,1
12,s004,64,240,8
12,s004,64,241,3
12,s004,64,242,2
12,s004,64,243,4
12,s004,64,244,2
12,s004,64,246,6
12,s004,64,247,1
12,s004,64,248,2
12,s004,64,249,5
12,s004,64,250,3
12,s004,64,251,3
12,s004,64,252,3
12,s004,64,253,4
12,s004,64,254,4
12,s004,64,255,2
12,s004,64,128,29
12,s004,64,129,18
12,s004,64,130,16
12,s004,64,131,9
12,s004,64,132,15
12,s004,64,133,6
12,s004,64,134,6
12,s004,64,135,6
12,s004,64,136,22
12,s004,64,137,12
12,s004,64,138,17
12,s004,64,139,9
12,s004,64,140,4
12,s004,64,141,5
12,s004,64,142,3
12,s004,64,143,5
12,s004,64,144,16
12,s004,64,145,5
12,s004,64,146,4
12,s004,64,147,2
12,s004,64,148,6
12,s004,64,149,6
12,s004,64,150,6
12,s004,64,151,3
12,s004,64,152,4
12,s004,64,153,3
12,s004,64,154,4
12,s004,64,155,5
12,s004,64,156,4
12,s004,64,159,1
12,s004,64,160,14
12,s004,64,161,10
12,s004,64,162,5
12,s004,64,163,9
12,s004,64,164,5
12,s004,64,165,5
12,s004,64,166,5
12,s004,64,167,5
12,s004,64,168,12
12,s004,64,169,4
12,s004,64,170,9
12,s004,64,171,4
12,s004,64,172,3
12,s004,64,173,2
12,s004,64,174,4
12,s004,64,175,1
12,s004,64,176,2
12,s004,64,177,2
12,s004,64,178,3
12,s004,64,180,4
12,s004,64,182,2
12,s004,64,183,1
12,s004,64,184,3
12,s004,64,186,6
12,s004,64,187,4
12,s004,64,188,3
12,s004,64,189,2
12,s004,64,190,3
12,s005,179,179,83
12,s005,179,178,47
12,s005,179,177,51
12,s005,179,176,30
12,s005,179,183,43
12,s005,179,182,32
12,s005,179,181,31
12,s005,179,180,20
12,s005,179,187,48
12,s005,179,186,27
12,s005,179,185,26
12,s005,179,184,14
12,s005,179,191,19
12,s005,179,190,14
12,s005,179,189,11
12,s005,179,188,8
12,s005,179,163,44
12,s005,179,162,26
12,s005,179,161,11
12,s005,179,160,13
12,s005,179,167,16
12,s005,179,166,8
12,s005,179,165,10
12,s005,179,164,3
12,s005,179,171,13
12,s005,179,170,13
12,s005,179,169,8
12,s005,179,168,8
12,s005,179,175,11
12,s005,179,174,3
12,s005,179,173,4
12,s005,179,172,2
12,s005,179,147,41
12,s005,179,146,32
12,s005,179,145,22
12,s005,179,144,11
12,s005,179,151,18
12,s005,179,150,23
12,s005,179,149,9
12,s005,179,148,8
12,s005,179,155,27
12,s005,179,154,17
12,s005,179,153,10
12,s005,179,152,10
12,s005,179,159,11
12,s005,179,158,7
12,s005,179,157,7
12,s005,179,156,9
12,s005,179,131,18
12,s005,179,130,12
12,s005,179,129,8
12,s005,179,128,5
12,s005,179,135,13
12,s005,179,134,4
12,s005,179,133,4
12,s005,179,132,4
12,s005,179,139,12
12,s005,179,138,4
12,s005,179,137,5
12,s005,179,136,3
12,s005,179,143,5
12,s005,179,142,4
12,s005,179,141,2
12,s005,179,243,48
12,s005,179,242,32
12,s005,179,241,35
12,s005,179,240,27
12,s005,179,247,17
12,s005,179,246,13
12,s005,179,245,13
12,s005,179,244,10
12,s005,179,251,31
12,s005,179,250,13
12,s005,179,249,13
12,s005,179,248,9
12,s005,179,255,10
12,s005,179,254,9
12,s005,179,253,4
12,s005,179,252,2
12,s005,179,227,18
12,s005,179,226,15
12,s005,179,225,11
12,s005,179,224,5
12,s005,179,231,10
12,s005,179,230,8
12,s005,179,229,3
12,s005,179,228,10
12,s005,179,235,10
12,s005,179,234,7
12,s005,179,233,5
12,s005,179,232,2
12,s005,179,239,3
12,s005,179,238,1
12,s005,179,237,2
12,s005,179,236,1
12,s005,179,211,25
12,s005,179,210,13
12,s005,179,209,17
12,s005,179,208,6
12,s005,179,215,17
12,s005,179,214,9
12,s005,179,213,9
12,s005,179,212,6
12,s005,179,219,16
12,s005,179,218,3
12,s005,179,217,4
12,s005,179,216,9
12,s005,179,223,7
12,s005,179,222,4
12,s005,179,221,5
12,s005,179,220,2
12,s005,179,195,8
12,s005,179,194,7
12,s005,179,193,5
12,s005,179,192,6
12,s005,179,199,6
12,s005,179,198,3
12,s005,179,197,3
12,s005,179,196,1
12,s005,179,203,9
12,s005,179,202,4
12,s005,179,201,2
12,s005,179,200,1
12,s005,179,207,1
12,s005,179,206,4
12,s005,179,205,1
12,s005,179,204,2
12,s005,179,51,59
12,s005,179,50,27
12,s005,179,49,29
12,s005,179,48,15
12,s005,179,55,13
12,s005,179,54,26
12,s005,179,53,13
12,s005,179,52,9
12,s005,179,59,21
12,s005,179,58,17
12,s005,179,57,15
12,s005,179,56,10
12,s005,179,63,6
12,s005,179,62,13
12,s005,179,61,4
12,s005,179,60,7
12,s005,179,35,19
12,s005,179,34,15
12,s005,179,33,4
12,s005,179,32,7
12,s005,179,39,14
12,s005,179,38,7
12,s005,179,37,7
12,s005,179,36,3
12,s005,179,43,10
12,s005,179,42,7
12,s005,179,41,6
12,s005,179,40,4
12,s005,179,47,7
12,s005,179,46,3
12,s005,179,45,3
12,s005,179,44,2
12,s005,179,19,23
12,s005,179,18,15
12,s005,179,17,9
12,s005,179,16,6
12,s005,179,23,11
12,s005,179,22,10
12,s005,179,21,5
12,s005,179,20,3
12,s005,179,27,16
12,s005,179,26,4
12,s005,179,25,5
12,s005,179,24,8
12,s005,179,31,6
12,s005,179,30,3
12,s005,179,29,2
12,s005,179,28,5
12,s005,179,3,8
12,s005,179,2,8
12,s005,179,1,5
12,s005,179,0,3
12,s005,179,7,2
12,s005,179,6,2
12,s005,179,5,3
12,s005,179,4,1
12,s005,179,11,6
12,s005,179,10,3
12,s005,179,9,2
12,s005,179,8,3
12,s005,179,15,3
12,s005,179,14,2
12,s005,179,13,1
12,s005,179,12,1
12,s005,179,115,21
12,s005,179,114,16
12,s005,179,113,18
12,s005,179,112,12
12,s005,179,119,13
12,s005,179,118,7
12,s005,179,117,16
12,s005,179,116,7
12,s005,179,123,15
12,s005,179,122,13
12,s005,179,121,3
12,s005,179,120,9
12,s005,179,127,2
12,s005,179,126,4
12,s005,179,125,4
12,s005,179,124,5
12,s005,179,99,10
12,s005,179,98,4
12,s005,179,97,9
12,s005,179,96,2
12,s005,179,103,2
12,s005,179,102,5
12,s005,179,101,4
12,s005,179,100,3
12,s005,179,107,4
12,s005,179,106,8
12,s005,179,105,6
12,s005,179,104,1
12,s005,179,111,3
12,s005,179,110,2
12,s005,179,109,3
12,s005,179,108,2
12,s005,179,83,14
12,s005,179,82,12
12,s005,179,81,14
12,s005,179,80,6
12,s005,179,87,10
12,s005,179,86,4
12,s005,179,85,5
12,s005,179,84,7
12,s005,179,91,11
12,s005,179,90,3
12,s005,179,89,6
12,s005,179,88,3
12,s005,179,94,2
12,s005,179,93,2
12,s005,179,92,1
12,s005,179,67,3
12,s005,179,66,5
12,s005,179,65,5
12,s005,179,64,5
12,s005,179,71,1
12,s005,179,70,6
12,s005,179,69,3
12,s005,179,75,2
12,s005,179,74,3
12,s005,179,73,1
12,s005,179,72,3
12,s005,179,79,3
12,s005,179,78,1
12,s005,179,77,1
12,s006,247,247,85
12,s006,247,246,51
12,s006,247,245,52
12,s006,247,244,34
12,s006,247,243,55
12,s006,247,242,27
12,s006,247,241,37
12,s006,247,240,26
12,s006,247,255,44
12,s006,247,254,30
12,s006,247,253,13
12,s006,247,252,14
12,s006,247,251,19
12,s006,247,250,14
12,s006,247,249,8
12,s006,247,248,5
12,s006,247,231,33
12,s006,247,230,14
12,s006,247,229,16
12,s006,247,228,14
12,s006,247,227,21
12,s006,247,226,12
12,s006,247,225,13
12,s006,247,224,2
12,s006,247,239,14
12,s006,247,238,11
12,s006,247,237,5
12,s006,247,236,11
12,s006,247,235,7
12,s006,247,234,6
12,s006,247,233,4
12,s006,247,232,1
12,s006,247,215,57
12,s006,247,214,26
12,s006,247,213,35
12,s006,247,212,15
12,s006,247,211,19
12,s006,247,210,15
12,s006,247,209,16
12,s006,247,208,11
12,s006,247,223,25
12,s006,247,222,17
12,s006,247,221,14
12,s006,247,220,7
12,s006,247,219,9
12,s006,247,218,8
12,s006,247,217,3
12,s006,247,216,7
12,s006,247,199,24
12,s006,247,198,9
12,s006,247,197,6
12,s006,247,196,5
12,s006,247,195,11
12,s006,247,194,5
12,s006,247,193,6
12,s006,247,192,3
12,s006,247,207,11
12,s006,247,206,2
12,s006,247,205,8
12,s006,247,203,7
12,s006,247,201,3
12,s006,247,200,2
12,s006,247,183,47
12,s006,247,182,30
12,s006,247,181,50
12,s006,247,180,16
12,s006,247,179,30
12,s006,247,178,13
12,s006,247,177,18
12,s006,247,176,9
12,s006,247,191,25
12,s006,247,190,15
12,s006,247,189,13
12,s006,247,188,9
12,s006,247,187,11
12,s006,247,186,5
12,s006,247,185,6
12,s006,247,184,3
12,s006,247,167,25
12,s006,247,166,20
12,s006,247,165,12
12,s006,247,164,7
12,s006,247,163,6
12,s006,247,162,6
12,s006,247,161,2
12,s006,247,160,6
12,s006,247,175,6
12,s006,247,174,6
12,s006,247,173,6
12,s006,247,172,4
12,s006,247,171,4
12,s006,247,170,5
12,s006,247,169,6
12,s006,247,168,2
12,s006,247,151,31
12,s006,247,150,20
12,s006,247,149,17
12,s006,247,148,10
12,s006,247,147,20
12,s006,247,146,14
12,s006,247,145,10
12,s006,247,144,6
12,s006,247,159,5
12,s006,247,158,16
12,s006,247,157,7
12,s006,247,156,6
12,s006,247,155,7
12,s006,247,154,6
12,s006,247,153,3
12,s006,247,152,1
12,s006,247,135,10
12,s006,247,134,1
12,s006,247,133,3
12,s006,247,132,4
12,s006,247,131,5
12,s006,247,130,2
12,s006,247,128,4
12,s006,247,143,4
12,s006,247,142,3
12,s006,247,141,3
12,s006,247,140,2
12,s006,247,139,1
12,s006,247,138,2
12,s006,247,137,2
12,s006,247,136,1
12,s006,247,119,50
12,s006,247,118,32
12,s006,247,117,26
12,s006,247,116,16
12,s006,247,115,18
12,s006,247,114,20
12,s006,247,113,11
12,s006,247,112,9
12,s006,247,127,22
12,s006,247,126,21
12,s006,247,125,9
12,s006,247,124,11
12,s006,247,123,11
12,s006,247,122,12
12,s006,247,121,4
12,s006,247,120,6
12,s006,247,103,20
12,s006,247,102,16
12,s006,247,101,12
12,s006,247,100,7
12,s006,247,99,8
12,s006,247,98,5
12,s006,247,97,5
12,s006,247,96,4
12,s006,247,111,6
12,s006,247,110,7
12,s006,247,109,8
12,s006,247,108,2
12,s006,247,107,3
12,s006,247,106,1
12,s006,247,105,7
12,s006,247,104,1
12,s006,247,87,25
12,s006,247,86,20
12,s006,247,85,14
12,s006,247,84,4
12,s006,247,83,10
12,s006,247,82,9
12,s006,247,81,7
12,s006,247,80,4
12,s006,247,95,12
12,s006,247,94,11
12,s006,247,93,8
12,s006,247,92,3
12,s006,247,91,5
12,s006,247,90,6
12,s006,247,89,3
12,s006,247,88,7
12,s006,247,71,8
12,s006,247,70,4
12,s006,247,69,4
12,s006,247,68,5
12,s006,247,67,3
12,s006,247,66,4
12,s006,247,65,2
12,s006,247,79,2
12,s006,247,78,4
12,s006,247,77,1
12,s006,247,76,4
12,s006,247,75,1
12,s006,247,74,1
12,s006,247,73,1
12,s006,247,72,2
12,s006,247,55,23
12,s006,247,54,28
12,s006,247,53,22
12,s006,247,52,7
12,s006,247,51,17
12,s006,247,50,13
12,s006,247,49,7
12,s006,247,48,1
12,s006,247,63,13
12,s006,247,62,6
12,s006,247,61,9
12,s006,247,60,11
12,s006,247,59,5
12,s006,247,58,4
12,s006,247,57,4
12,s006,247,56,5
12,s006,247,39,14
12,s006,247,38,6
12,s006,247,37,10
12,s006,247,36,9
12,s006,247,35,6
12,s006,247,34,3
12,s006,247,33,3
12,s006,247,32,3
12,s006,247,47,8
12,s006,247,46,5
12,s006,247,45,1
12,s006,247,44,4
12,s006,247,43,2
12,s006,247,42,3
12,s006,247,41,2
12,s006,247,40,2
12,s006,247,23,13
12,s006,247,22,14
12,s006,247,21,9
12,s006,247,20,6
12,s006,247,19,6
12,s006,247,18,5
12,s006,247,17,2
12,s006,247,16,5
12,s006,247,31,4
12,s006,247,30,7
12,s006,247,29,1
12,s006,247,28,6
12,s006,247,27,4
12,s006,247,26,3
12,s006,247,25,1
12,s006,247,7,4
12,s006,247,6,7
12,s006,247,5,4
12,s006,247,4,3
12,s006,247,3,1
12,s006,247,2,3
12,s006,247,1,1
12,s006,247,0,2
12,s006,247,15,2
12,s006,247,14,2
12,s006,247,12,1
12,s006,247,11,2
12,s006,247,10,1
12,s006,247,9,1
12,s007,6,6,89
12,s007,6,7,53
12,s007,6,4,50
12,s007,6,5,18
12,s007,6,2,44
12,s007,6,3,30
12,s007,6,0,22
12,s007,6,1,19
12,s007,6,14,34
12,s007,6,15,33
12,s007,6,12,27
12,s007,6,13,20
12,s007,6,10,22
12,s007,6,11,17
12,s007,6,8,12
12,s007,6,9,8
12,s007,6,22,33
12,s007,6,23,25
12,s007,6,20,24
12,s007,6,21,12
12,s007,6,18,20
12,s007,6,19,6
12,s007,6,16,12
12,s007,6,17,4
12,s007,6,30,13
12,s007,6,31,7
12,s007,6,28,13
12,s007,6,29,4
12,s007,6,26,10
12,s007,6,27,5
12,s007,6,24,1
12,s007,6,25,1
12,s007,6,38,52
12,s007,6,39,11
12,s007,6,36,22
12,s007,6,37,16
12,s007,6,34,19
12,s007,6,35,11
12,s007,6,32,14
12,s007,6,33,9
12,s007,6,46,22
12,s007,6,47,14
12,s007,6,44,12
12,s007,6,45,9
12,s007,6,42,14
12,s007,6,43,7
12,s007,6,40,11
12,s007,6,41,3
12,s007,6,54,8
12,s007,6,55,6
12,s007,6,52,15
12,s007,6,53,4
12,s007,6,50,10
12,s007,6,51,5
12,s007,6,48,8
12,s007,6,49,2
12,s007,6,62,11
12,s007,6,63,5
12,s007,6,60,2
12,s007,6,61,5
12,s007,6,58,5
12,s007,6,59,5
12,s007,6,56,3
12,s007,6,57,3
12,s007,6,70,43
12,s007,6,71,37
12,s007,6,68,39
12,s007,6,69,15
12,s007,6,66,28
12,s007,6,67,16
12,s007,6,64,17
12,s007,6,65,6
12,s007,6,78,27
12,s007,6,79,14
12,s007,6,76,16
12,s007,6,77,5
12,s007,6,74,19
12,s007,6,75,11
12,s007,6,72,6
12,s007,6,73,11
12,s007,6,86,14
12,s007,6,87,7
12,s007,6,84,14
12,s007,6,85,13
12,s007,6,82,5
12,s007,6,83,5
12,s007,6,80,4
12,s007,6,81,3
12,s007,6,94,12
12,s007,6,95,1
12,s007,6,92,4
12,s007,6,93,3
12,s007,6,90,3
12,s007,6,91,3
12,s007,6,88,3
12,s007,6,89,2
12,s007,6,102,27
12,s007,6,103,23
12,s007,6,100,11
12,s007,6,101,9
12,s007,6,98,14
12,s007,6,99,7
12,s007,6,96,7
12,s007,6,97,9
12,s007,6,110,10
12,s007,6,111,8
12,s007,6,108,9
12,s007,6,109,4
12,s007,6,106,11
12,s007,6,107,5
12,s007,6,104,3
12,s007,6,105,2
12,s007,6,118,9
12,s007,6,119,2
12,s007,6,116,5
12,s007,6,117,1
12,s007,6,114,5
12,s007,6,115,3
12,s007,6,112,1
12,s007,6,113,3
12,s007,6,126,1
12,s007,6,127,1
12,s007,6,124,2
12,s007,6,125,1
12,s007,6,122,4
12,s007,6,123,1
12,s007,6,120,4
12,s007,6,134,51
12,s007,6,135,23
12,s007,6,132,26
12,s007,6,133,19
12,s007,6,130,22
12,s007,6,131,19
12,s007,6,128,9
12,s007,6,129,13
12,s007,6,142,15
12,s007,6,143,13
12,s007,6,140,13
12,s007,6,141,11
12,s007,6,138,14
12,s007,6,139,3
12,s007,6,136,8
12,s007,6,137,5
12,s007,6,150,17
12,s007,6,151,14
12,s007,6,148,8
12,s007,6,149,10
12,s007,6,146,12
12,s007,6,147,6
12,s007,6,144,5
12,s007,6,145,2
12,s007,6,158,9
12,s007,6,159,4
12,s007,6,156,4
12,s007,6,157,3
12,s007,6,154,7
12,s007,6,155,4
12,s007,6,152,4
12,s007,6,153,3
12,s007,6,166,23
12,s007,6,167,19
12,s007,6,164,20
12,s007,6,165,15
12,s007,6,162,16
12,s007,6,163,5
12,s007,6,160,8
12,s007,6,161,9
12,s007,6,174,11
12,s007,6,175,6
12,s007,6,172,3
12,s007,6,173,4
12,s007,6,170,5
12,s007,6,171,2
12,s007,6,168,6
12,s007,6,182,8
12,s007,6,183,2
12,s007,6,180,9
12,s007,6,181,2
12,s007,6,178,2
12,s007,6,179,3
12,s007,6,176,3
12,s007,6,177,3
12,s007,6,190,3
12,s007,6,191,4
12,s007,6,188,1
12,s007,6,189,2
12,s007,6,186,1
12,s007,6,187,3
12,s007,6,184,2
12,s007,6,185,1
12,s007,6,198,31
12,s007,6,199,26
12,s007,6,196,15
12,s007,6,197,11
12,s007,6,194,17
12,s007,6,195,16
12,s007,6,192,12
12,s007,6,193,5
12,s007,6,206,14
12,s007,6,207,5
12,s007,6,204,8
12,s007,6,205,3
12,s007,6,202,2
12,s007,6,203,6
12,s007,6,200,3
12,s007,6,201,1
12,s007,6,214,8
12,s007,6,215,6
12,s007,6,212,5
12,s007,6,213,3
12,s007,6,210,6
12,s007,6,211,1
12,s007,6,208,2
12,s007,6,209,3
12,s007,6,222,10
12,s007,6,223,1
12,s007,6,220,4
12,s007,6,221,2
12,s007,6,218,2
12,s007,6,219,3
12,s007,6,216,2
12,s007,6,217,3
12,s007,6,230,16
12,s007,6,231,14
12,s007,6,228,11
12,s007,6,229,4
12,s007,6,226,7
12,s007,6,227,5
12,s007,6,224,6
12,s007,6,225,3
12,s007,6,238,4
12,s007,6,239,3
12,s007,6,236,9
12,s007,6,237,4
12,s007,6,234,4
12,s007,6,235,3
12,s007,6,232,1
12,s007,6,246,6
12,s007,6,247,3
12,s007,6,244,1
12,s007,6,245,2
12,s007,6,242,3
12,s007,6,240,5
12,s007,6,254,2
12,s007,6,255,1
12,s007,6,253,2
12,s007,6,250,1
12,s007,6,249,1
12,s008,177,177,87
12,s008,177,176,57
12,s008,177,179,57
12,s008,177,178,39
12,s008,177,181,45
12,s008,177,180,31
12,s008,177,183,37
12,s008,177,182,9
12,s008,177,185,45
12,s008,177,184,30
12,s008,177,187,20
12,s008,177,186,16
12,s008,177,189,23
12,s008,177,188,15
12,s008,177,191,12
12,s008,177,190,7
12,s008,177,161,30
12,s008,177,160,20
12,s008,177,163,19
12,s008,177,162,6
12,s008,177,165,25
12,s008,177,164,11
12,s008,177,167,7
12,s008,177,166,5
12,s008,177,169,19
12,s008,177,168,10
12,s008,177,171,11
12,s008,177,170,4
12,s008,177,173,7
12,s008,177,172,5
12,s008,177,175,7
12,s008,177,174,2
12,s008,177,145,39
12,s008,177,144,20
12,s008,177,147,17
12,s008,177,146,23
12,s008,177,149,22
12,s008,177,148,23
12,s008,177,151,9
12,s008,177,150,8
12,s008,177,153,26
12,s008,177,152,18
12,s008,177,155,18
12,s008,177,154,10
12,s008,177,157,13
12,s008,177,156,10
12,s008,177,159,15
12,s008,177,158,9
12,s008,177,129,18
12,s008,177,128,14
12,s008,177,131,6
12,s008,177,130,5
12,s008,177,133,10
12,s008,177,132,8
12,s008,177,135,6
12,s008,177,134,3
12,s008,177,137,8
12,s008,177,136,4
12,s008,177,139,11
12,s008,177,138,1
12,s008,177,141,7
12,s008,177,140,3
12,s008,177,143,1
12,s008,177,142,2
12,s008,177,241,47
12,s008,177,240,30
12,s008,177,243,38
12,s008,177,242,25
12,s008,177,245,30
12,s008,177,244,21
12,s008,177,247,18
12,s008,177,246,12
12,s008,177,249,23
12,s008,177,248,16
12,s008,177,251,16
12,s008,177,250,10
12,s008,177,253,11
12,s008,177,252,17
12,s008,177,255,12
12,s008,177,254,5
12,s008,177,225,20
12,s008,177,224,11
12,s008,177,227,10
12,s008,177,226,6
12,s008,177,229,14
12,s008,177,228,6
12,s008,177,231,7
12,s008,177,230,2
12,s008,177,233,9
12,s008,177,232,8
12,s008,177,235,9
12,s008,177,234,2
12,s008,177,237,1
12,s008,177,239,4
12,s008,177,238,5
12,s008,177,209,22
12,s008,177,208,11
12,s008,177,211,20
12,s008,177,210,5
12,s008,177,213,8
12,s008,177,212,5
12,s008,177,215,10
12,s008,177,214,5
12,s008,177,217,10
12,s008,177,216,7
12,s008,177,219,9
12,s008,177,218,3
12,s008,177,221,7
12,s008,177,220,4
12,s008,177,223,6
12,s008,177,222,2
12,s008,177,193,13
12,s008,177,192,10
12,s008,177,195,4
12,s008,177,194,7
12,s008,177,197,3
12,s008,177,196,2
12,s008,177,199,4
12,s008,177,201,4
12,s008,177,200,2
12,s008,177,203,2
12,s008,177,202,4
12,s008,177,205,2
12,s008,177,206,1
12,s008,177,49,51
12,s008,177,48,31
12,s008,177,51,26
12,s008,177,50,16
12,s008,177,53,29
12,s008,177,52,17
12,s008,177,55,12
12,s008,177,54,8
12,s008,177,57,34
12,s008,177,56,16
12,s008,177,59,16
12,s008,177,58,5
12,s008,177,61,12
12,s008,177,60,12
12,s008,177,63,7
12,s008,177,62,5
12,s008,177,33,19
12,s008,177,32,9
12,s008,177,35,7
12,s008,177,34,3
12,s008,177,37,9
12,s008,177,36,7
12,s008,177,39,4
12,s008,177,38,3
12,s008,177,41,7
12,s008,177,40,4
12,s008,177,43,3
12,s008,177,42,1
12,s008,177,45,6
12,s008,177,44,4
12,s008,177,47,4
12,s008,177,46,1
12,s008,177,17,29
12,s008,177,16,14
12,s008,177,19,16
12,s008,177,18,8
12,s008,177,21,14
12,s008,177,20,10
12,s008,177,23,8
12,s008,177,22,5
12,s008,177,25,12
12,s008,177,24,5
12,s008,177,27,6
12,s008,177,26,6
12,s008,177,29,7
12,s008,177,28,12
12,s008,177,31,5
12,s008,177,1,9
12,s008,177,0,8
12,s008,177,3,4
12,s008,177,2,4
12,s008,177,5,3
12,s008,177,4,7
12,s008,177,7,1
12,s008,177,9,2
12,s008,177,8,6
12,s008,177,11,3
12,s008,177,10,3
12,s008,177,13,1
12,s008,177,15,2
12,s008,177,113,19
12,s008,177,112,19
12,s008,177,115,18
12,s008,177,114,10
12,s008,177,117,9
12,s008,177,116,7
12,s008,177,119,9
12,s008,177,118,5
12,s008,177,121,18
12,s008,177,120,9
12,s008,177,123,14
12,s008,177,122,8
12,s008,177,125,6
12,s008,177,124,2
12,s008,177,127,5
12,s008,177,126,2
12,s008,177,97,7
12,s008,177,96,8
12,s008,177,99,12
12,s008,177,98,3
12,s008,177,101,1
12,s008,177,100,4
12,s008,177,103,3
12,s008,177,102,2
12,s008,177,105,2
12,s008,177,104,2
12,s008,177,107,4
12,s008,177,106,4
12,s008,177,109,1
12,s008,177,111,3
12,s008,177,110,1
12,s008,177,81,23
12,s008,177,80,3
12,s008,177,83,11
12,s008,177,82,11
12,s008,177,85,12
12,s008,177,84,4
12,s008,177,87,7
12,s008,177,86,5
12,s008,177,89,7
12,s008,177,88,5
12,s008,177,91,6
12,s008,177,93,6
12,s008,177,92,3
12,s008,177,95,3
12,s008,177,94,2
12,s008,177,65,7
12,s008,177,64,4
12,s008,177,67,3
12,s008,177,69,7
12,s008,177,68,4
12,s008,177,71,1
12,s008,177,70,2
12,s008,177,73,4
12,s008,177,75,1
12,s008,177,74,1
12,s008,177,77,1
12,s008,177,76,1
12,s008,177,79,2
12,s008,177,78,1
12,s009,202,202,89
12,s009,202,203,43
12,s009,202,200,40
12,s009,202,201,24
12,s009,202,206,44
12,s009,202,207,18
12,s009,202,204,16
12,s009,202,205,15
12,s009,202,194,47
12,s009,202,195,32
12,s009,202,192,22
12,s009,202,193,10
12,s009,202,198,20
12,s009,202,199,10
12,s009,202,196,8
12,s009,202,197,3
12,s009,202,218,39
12,s009,202,219,19
12,s009,202,216,18
12,s009,202,217,13
12,s009,202,222,15
12,s009,202,223,7
12,s009,202,220,11
12,s009,202,221,5
12,s009,202,210,19
12,s009,202,211,7
12,s009,202,208,9
12,s009,202,209,6
12,s009,202,214,7
12,s009,202,215,7
12,s009,202,212,1
12,s009,202,213,1
12,s009,202,234,48
12,s009,202,235,28
12,s009,202,232,37
12,s009,202,233,12
12,s009,202,238,22
12,s009,202,239,20
12,s009,202,236,16
12,s009,202,237,8
12,s009,202,226,22
12,s009,202,227,12
12,s009,202,224,13
12,s009,202,225,8
12,s009,202,230,15
12,s009,202,231,8
12,s009,202,228,6
12,s009,202,229,4
12,s009,202,250,16
12,s009,202,251,4
12,s009,202,248,7
12,s009,202,249,4
12,s009,202,254,19
12,s009,202,255,4
12,s009,202,252,7
12,s009,202,253,2
12,s009,202,242,7
12,s009,202,243,5
12,s009,202,240,2
12,s009,202,241,4
12,s009,202,246,4
12,s009,202,244,2
12,s009,202,245,1
12,s009,202,138,49
12,s009,202,139,26
12,s009,202,136,26
12,s009,202,137,16
12,s009,202,142,22
12,s009,202,143,13
12,s009,202,140,18
12,s009,202,141,11
12,s009,202,130,21
12,s009,202,131,14
12,s009,202,128,10
12,s009,202,129,8
12,s009,202,134,15
12,s009,202,135,2
12,s009,202,132,6
12,s009,202,133,6
12,s009,202,154,18
12,s009,202,155,9
12,s009,202,152,13
12,s009,202,153,5
12,s009,202,158,12
12,s009,202,159,4
12,s009,202,156,5
12,s009,202,157,3
12,s009,202,146,8
12,s009,202,147,10
12,s009,202,144,3
12,s009,202,145,3
12,s009,202,150,4
12,s009,202,151,2
12,s009,202,148,4
12,s009,202,149,3
12,s009,202,170,29
12,s009,202,171,14
12,s009,202,168,16
12,s009,202,169,12
12,s009,202,174,8
12,s009,202,175,11
12,s009,202,172,15
12,s009,202,173,7
12,s009,202,162,11
12,s009,202,163,8
12,s009,202,160,5
12,s009,202,161,4
12,s009,202,166,5
12,s009,202,167,9
12,s009,202,164,6
12,s009,202,165,1
12,s009,202,186,8
12,s009,202,187,5
12,s009,202,184,7
12,s009,202,185,4
12,s009,202,190,4
12,s009,202,191,2
12,s009,202,188,4
12,s009,202,189,2
12,s009,202,178,4
12,s009,202,179,5
12,s009,202,177,2
12,s009,202,182,2
12,s009,202,183,2
12,s009,202,180,1
12,s009,202,181,1
12,s009,202,74,40
12,s009,202,75,30
12,s009,202,72,21
12,s009,202,73,14
12,s009,202,78,22
12,s009,202,79,14
12,s009,202,76,9
12,s009,202,77,8
12,s009,202,66,20
12,s009,202,67,15
12,s009,202,64,10
12,s009,202,65,11
12,s009,202,70,14
12,s009,202,71,14
12,s009,202,68,5
12,s009,202,69,3
12,s009,202,90,27
12,s009,202,91,16
12,s009,202,88,12
12,s009,202,89,9
12,s009,202,94,5
12,s009,202,95,11
12,s009,202,92,1
12,s009,202,93,5
12,s009,202,82,6
12,s009,202,83,11
12,s009,202,80,7
12,s009,202,81,4
12,s009,202,86,6
12,s009,202,87,1
12,s009,202,84,3
12,s009,202,85,4
12,s009,202,106,23
12,s009,202,107,30
12,s009,202,104,12
12,s009,202,105,10
12,s009,202,110,14
12,s009,202,111,6
12,s009,202,108,8
12,s009,202,109,6
12,s009,202,98,10
12,s009,202,99,7
12,s009,202,96,2
12,s009,202,97,3
12,s009,202,102,3
12,s009,202,103,7
12,s009,202,100,7
12,s009,202,101,2
12,s009,202,122,8
12,s009,202,123,7
12,s009,202,120,5
12,s009,202,121,5
12,s009,202,126,4
12,s009,202,127,3
12,s009,202,124,4
12,s009,202,125,3
12,s009,202,114,6
12,s009,202,115,2
12,s009,202,112,1
12,s009,202,113,1
12,s009,202,118,3
12,s009,202,119,3
12,s009,202,116,2
12,s009,202,10,20
12,s009,202,11,21
12,s009,202,8,14
12,s009,202,9,12
12,s009,202,14,10
12,s009,202,15,7
12,s009,202,12,12
12,s009,202,13,11
12,s009,202,2,16
12,s009,202,3,12
12,s009,202,0,3
12,s009,202,1,5
12,s009,202,6,3
12,s009,202,7,6
12,s009,202,4,2
12,s009,202,5,6
12,s009,202,26,15
12,s009,202,27,8
12,s009,202,24,7
12,s009,202,25,2
12,s009,202,30,4
12,s009,202,31,2
12,s009,202,28,2
12,s009,202,29,3
12,s009,202,18,6
12,s009,202,19,1
12,s009,202,16,2
12,s009,202,17,2
12,s009,202,22,1
12,s009,202,23,4
12,s009,202,21,3
12,s009,202,42,16
12,s009,202,43,10
12,s009,202,40,17
12,s009,202,41,3
12,s009,202,46,6
12,s009,202,47,4
12,s009,202,44,8
12,s009,202,45,1
12,s009,202,34,8
12,s009,202,35,5
12,s009,202,32,6
12,s009,202,33,3
12,s009,202,38,6
12,s009,202,39,1
12,s009,202,36,2
12,s009,202,37,2
12,s009,202,58,11
12,s009,202,59,7
12,s009,202,56,2
12,s009,202,57,2
12,s009,202,62,1
12,s009,202,63,2
12,s009,202,60,3
12,s009,202,61,1
12,s009,202,50,1
12,s009,202,51,2
12,s009,202,48,1
12,s009,202,49,2
12,s009,202,54,1
12,s009,202,52,2
12,s009,202,53,2
12,s010,138,138,93
12,s010,138,139,54
12,s010,138,136,54
12,s010,138,137,29
12,s010,138,142,54
12,s010,138,143,29
12,s010,138,140,36
12,s010,138,141,14
12,s010,138,130,40
12,s010,138,131,35
12,s010,138,128,34
12,s010,138,129,11
12,s010,138,134,25
12,s010,138,135,10
12,s010,138,132,11
12,s010,138,133,5
12,s010,138,154,37
12,s010,138,155,23
12,s010,138,152,20
12,s010,138,153,8
12,s010,138,158,15
12,s010,138,159,8
12,s010,138,156,5
12,s010,138,157,5
12,s010,138,146,13
12,s010,138,147,11
12,s010,138,144,7
12,s010,138,145,5
12,s010,138,150,8
12,s010,138,151,5
12,s010,138,148,7
12,s010,138,149,1
12,s010,138,170,37
12,s010,138,171,31
12,s010,138,168,23
12,s010,138,169,18
12,s010,138,174,25
12,s010,138,175,13
12,s010,138,172,18
12,s010,138,173,14
12,s010,138,162,31
12,s010,138,163,21
12,s010,138,160,16
12,s010,138,161,11
12,s010,138,166,12
12,s010,138,167,5
12,s010,138,164,8
12,s010,138,165,3
12,s010,138,186,16
12,s010,138,187,8
12,s010,138,184,13
12,s010,138,185,6
12,s010,138,190,11
12,s010,138,191,7
12,s010,138,188,5
12,s010,138,189,2
12,s010,138,178,7
12,s010,138,179,2
12,s010,138,176,5
12,s010,138,177,4
12,s010,138,182,3
12,s010,138,183,7
12,s010,138,180,5
12,s010,138,202,46
12,s010,138,203,27
12,s010,138,200,37
12,s010,138,201,18
12,s010,138,206,26
12,s010,138,207,19
12,s010,138,204,14
12,s010,138,205,13
12,s010,138,194,29
12,s010,138,195,13
12,s010,138,192,15
12,s010,138,193,11
12,s010,138,198,13
12,s010,138,199,7
12,s010,138,196,13
12,s010,138,197,6
12,s010,138,218,22
12,s010,138,219,8
12,s010,138,216,9
12,s010,138,217,7
12,s010,138,222,7
12,s010,138,223,4
12,s010,138,220,9
12,s010,138,221,4
12,s010,138,210,4
12,s010,138,211,2
12,s010,138,208,11
12,s010,138,209,5
12,s010,138,214,7
12,s010,138,215,4
12,s010,138,212,4
12,s010,138,213,5
12,s010,138,234,32
12,s010,138,235,12
12,s010,138,232,18
12,s010,138,233,10
12,s010,138,238,16
12,s010,138,239,6
12,s010,138,236,7
12,s010,138,237,6
12,s010,138,226,13
12,s010,138,227,5
12,s010,138,224,7
12,s010,138,225,4
12,s010,138,230,9
12,s010,138,231,2
12,s010,138,228,7
12,s010,138,229,3
12,s010,138,250,7
12,s010,138,251,3
12,s010,138,248,6
12,s010,138,249,3
12,s010,138,254,6
12,s010,138,255,4
12,s010,138,253,3
12,s010,138,242,6
12,s010,138,243,4
12,s010,138,240,3
12,s010,138,241,3
12,s010,138,246,3
12,s010,138,247,1
12,s010,138,244,1
12,s010,138,245,1
12,s010,138,10,68
12,s010,138,11,30
12,s010,138,8,24
12,s010,138,9,24
12,s010,138,14,31
12,s010,138,15,15
12,s010,138,12,17
12,s010,138,13,8
12,s010,138,2,24
12,s010,138,3,11
12,s010,138,0,12
12,s010,138,1,5
12,s010,138,6,16
12,s010,138,7,7
12,s010,138,4,7
12,s010,138,5,6
12,s010,138,26,19
12,s010,138,27,9
12,s010,138,24,12
12,s010,138,25,8
12,s010,138,30,10
12,s010,138,31,9
12,s010,138,28,1
12,s010,138,29,4
12,s010,138,18,4
12,s010,138,19,3
12,s010,138,16,4
12,s010,138,17,7
12,s010,138,22,2
12,s010,138,23,4
12,s010,138,20,2
12,s010,138,21,3
12,s010,138,42,18
12,s010,138,43,18
12,s010,138,40,16
12,s010,138,41,9
12,s010,138,46,15
12,s010,138,47,7
12,s010,138,44,9
12,s010,138,45,5
12,s010,138,34,12
12,s010,138,35,12
12,s010,138,32,5
12,s010,138,33,4
12,s010,138,38,7
12,s010,138,39,7
12,s010,138,36,7
12,s010,138,37,4
12,s010,138,58,7
12,s010,138,59,2
12,s010,138,56,5
12,s010,138,57,4
12,s010,138,62,9
12,s010,138,63,4
12,s010,138,60,4
12,s010,138,61,2
12,s010,138,50,4
12,s010,138,48,8
12,s010,138,49,1
12,s010,138,54,5
12,s010,138,55,4
12,s010,138,52,1
12,s010,138,53,1
12,s010,138,74,20
12,s010,138,75,16
12,s010,138,72,23
12,s010,138,73,8
12,s010,138,78,8
12,s010,138,79,8
12,s010,138,76,8
12,s010,138,77,8
12,s010,138,66,16
12,s010,138,67,10
12,s010,138,64,9
12,s010,138,65,9
12,s010,138,70,7
12,s010,138,71,7
12,s010,138,68,8
12,s010,138,69,2
12,s010,138,90,11
12,s010,138,91,8
12,s010,138,88,5
12,s010,138,89,4
12,s010,138,94,5
12,s010,138,95,1
12,s010,138,92,5
12,s010,138,93,2
12,s010,138,82,4
12,s010,138,83,3
12,s010,138,80,4
12,s010,138,81,1
12,s010,138,86,1
12,s010,138,87,1
12,s010,138,84,2
12,s010,138,85,2
12,s010,138,106,16
12,s010,138,107,7
12,s010,138,104,9
12,s010,138,105,9
12,s010,138,110,8
12,s010,138,111,3
12,s010,138,108,6
12,s010,138,109,4
12,s010,138,98,6
12,s010,138,99,4
12,s010,138,96,6
12,s010,138,97,6
12,s010,138,102,4
12,s010,138,103,5
12,s010,138,100,4
12,s010,138,101,2
12,s010,138,122,5
12,s010,138,123,2
12,s010,138,120,2
12,s010,138,121,1
12,s010,138,126,5
12,s010,138,127,2
12,s010,138,124,5
12,s010,138,114,1
12,s010,138,115,4
12,s010,138,112,3
12,s010,138,113,1
12,s010,138,118,2
12,s010,138,119,3
12,s010,138,116,1
12,s010,138,117,1
12,s011,143,143,84
12,s011,143,142,44
12,s011,143,141,38
12,s011,143,140,38
12,s011,143,139,38
12,s011,143,138,24
12,s011,143,137,14
12,s011,143,136,16
12,s011,143,135,42
12,s011,143,134,34
12,s011,143,133,32
12,s011,143,132,17
12,s011,143,131,29
12,s011,143,130,8
12,s011,143,129,12
12,s011,143,128,3
12,s011,143,159,41
12,s011,143,158,13
12,s011,143,157,15
12,s011,143,156,7
12,s011,143,155,21
12,s011,143,154,3
12,s011,143,153,11
12,s011,143,152,8
12,s011,143,151,23
12,s011,143,150,5
12,s011,143,149,8
12,s011,143,148,5
12,s011,143,147,2
12,s011,143,146,8
12,s011,143,145,5
12,s011,143,144,1
12,s011,143,175,36
12,s011,143,174,30
12,s011,143,173,23
12,s011,143,172,14
12,s011,143,171,28
12,s011,143,170,15
12,s011,143,169,12
12,s011,143,168,9
12,s011,143,167,25
12,s011,143,166,16
12,s011,143,165,15
12,s011,143,164,5
12,s011,143,163,8
12,s011,143,162,8
12,s011,143,161,10
12,s011,143,160,6
12,s011,143,191,16
12,s011,143,190,3
12,s011,143,189,8
12,s011,143,188,4
12,s011,143,187,8
12,s011,143,186,9
12,s011,143,185,9
12,s011,143,184,2
12,s011,143,183,8
12,s011,143,182,2
12,s011,143,181,7
12,s011,143,180,3
12,s011,143,179,6
12,s011,143,178,8
12,s011,143,177,1
12,s011,143,176,4
12,s011,143,207,45
12,s011,143,206,26
12,s011,143,205,30
12,s011,143,204,21
12,s011,143,203,27
12,s011,143,202,7
12,s011,143,201,17
12,s011,143,200,10
12,s011,143,199,24
12,s011,143,198,14
12,s011,143,197,21
12,s011,143,196,8
12,s011,143,195,20
12,s011,143,194,3
12,s011,143,193,10
12,s011,143,192,4
12,s011,143,223,17
12,s011,143,222,4
12,s011,143,221,7
12,s011,143,220,8
12,s011,143,219,8
12,s011,143,218,9
12,s011,143,217,9
12,s011,143,216,4
12,s011,143,215,13
12,s011,143,214,4
12,s011,143,213,7
12,s011,143,212,4
12,s011,143,211,5
12,s011,143,210,1
12,s011,143,209,4
12,s011,143,208,2
12,s011,143,239,28
12,s011,143,238,15
12,s011,143,237,11
12,s011,143,236,14
12,s011,143,235,11
12,s011,143,234,6
12,s011,143,233,4
12,s011,143,232,7
12,s011,143,231,8
12,s011,143,230,6
12,s011,143,229,6
12,s011,143,228,2
12,s011,143,227,8
12,s011,143,226,6
12,s011,143,225,4
12,s011,143,224,1
12,s011,143,255,9
12,s011,143,254,2
12,s011,143,253,5
12,s011,143,252,2
12,s011,143,251,3
12,s011,143,250,6
12,s011,143,249,4
12,s011,143,248,2
12,s011,143,247,6
12,s011,143,246,4
12,s011,143,245,4
12,s011,143,244,1
12,s011,143,243,2
12,s011,143,241,1
12,s011,143,240,2
12,s011,143,15,40
12,s011,143,14,28
12,s011,143,13,30
12,s011,143,12,16
12,s011,143,11,28
12,s011,143,10,17
12,s011,143,9,15
12,s011,143,8,7
12,s011,143,7,14
12,s011,143,6,14
12,s011,143,5,18
12,s011,143,4,12
12,s011,143,3,14
12,s011,143,2,6
12,s011,143,1,5
12,s011,143,0,3
12,s011,143,31,12
12,s011,143,30,7
12,s011,143,29,11
12,s011,143,28,4
12,s011,143,27,5
12,s011,143,26,12
12,s011,143,25,5
12,s011,143,24,5
12,s011,143,23,10
12,s011,143,22,5
12,s011,143,21,7
12,s011,143,20,2
12,s011,143,19,4
12,s011,143,18,1
12,s011,143,17,1
12,s011,143,16,3
12,s011,143,47,29
12,s011,143,46,12
12,s011,143,45,6
12,s011,143,44,10
12,s011,143,43,16
12,s011,143,42,7
12,s011,143,41,3
12,s011,143,40,6
12,s011,143,39,11
12,s011,143,38,12
12,s011,143,37,6
12,s011,143,36,4
12,s011,143,35,13
12,s011,143,34,3
12,s011,143,33,3
12,s011,143,32,4
12,s011,143,63,10
12,s011,143,62,6
12,s011,143,61,5
12,s011,143,60,3
12,s011,143,59,10
12,s011,143,58,4
12,s011,143,57,3
12,s011,143,56,5
12,s011,143,55,8
12,s011,143,54,1
12,s011,143,53,3
12,s011,143,52,1
12,s011,143,51,6
12,s011,143,50,2
12,s011,143,49,4
12,s011,143,48,2
12,s011,143,79,28
12,s011,143,78,26
12,s011,143,77,19
12,s011,143,76,12
12,s011,143,75,16
12,s011,143,74,7
12,s011,143,73,12
12,s011,143,72,6
12,s011,143,71,15
12,s011,143,70,11
12,s011,143,69,5
12,s011,143,68,4
12,s011,143,67,8
12,s011,143,66,5
12,s011,143,65,1
12,s011,143,64,3
12,s011,143,95,12
12,s011,143,94,4
12,s011,143,93,3
12,s011,143,92,3
12,s011,143,91,9
12,s011,143,90,4
12,s011,143,89,2
12,s011,143,88,2
12,s011,143,87,4
12,s011,143,86,2
12,s011,143,85,1
12,s011,143,84,5
12,s011,143,81,2
12,s011,143,80,1
12,s011,143,111,13
12,s011,143,110,14
12,s011,143,109,6
12,s011,143,108,3
12,s011,143,107,2
12,s011,143,106,4
12,s011,143,105,2
12,s011,143,104,6
12,s011,143,103,10
12,s011,143,102,4
12,s011,143,101,5
12,s011,143,100,1
12,s011,143,99,4
12,s011,143,98,3
12,s011,143,97,3
12,s011,143,96,2
12,s011,143,127,4
12,s011,143,126,4
12,s011,143,125,2
12,s011,143,123,2
12,s011,143,122,1
12,s011,143,121,3
12,s011,143,119,3
12,s011,143,118,2
12,s011,143,117,2
12,s011,143,116,1
12,s011,143,115,3
12,s011,143,114,1
12,s011,143,113,1
12,s012,252,252,81
12,s012,252,253,64
12,s012,252,254,48
12,s012,252,255,24
12,s012,252,248,46
12,s012,252,249,30
12,s012,252,250,29
12,s012,252,251,16
12,s012,252,244,51
12,s012,252,245,23
12,s012,252,246,25
12,s012,252,247,16
12,s012,252,240,16
12,s012,252,241,14
12,s012,252,242,12
12,s012,252,243,6
12,s012,252,236,41
12,s012,252,237,24
12,s012,252,238,17
12,s012,252,239,8
12,s012,252,232,19
12,s012,252,233,10
12,s012,252,234,11
12,s012,252,235,3
12,s012,252,228,17
12,s012,252,229,13
12,s012,252,230,7
12,s012,252,231,4
12,s012,252,224,7
12,s012,252,225,2
12,s012,252,226,1
12,s012,252,227,5
12,s012,252,220,45
12,s012,252,221,36
12,s012,252,222,29
12,s012,252,223,12
12,s012,252,216,30
12,s012,252,217,15
12,s012,252,218,11
12,s012,252,219,2
12,s012,252,212,19
12,s012,252,213,13
12,s012,252,214,17
12,s012,252,215,7
12,s012,252,208,17
12,s012,252,209,6
12,s012,252,210,7
12,s012,252,211,7
12,s012,252,204,15
12,s012,252,205,17
12,s012,252,206,4
12,s012,252,207,5
12,s012,252,200,7
12,s012,252,201,10
12,s012,252,202,4
12,s012,252,203,3
12,s012,252,196,7
12,s012,252,197,4
12,s012,252,198,5
12,s012,252,199,3
12,s012,252,192,4
12,s012,252,193,4
12,s012,252,195,1
12,s012,252,188,38
12,s012,252,189,23
12,s012,252,190,33
12,s012,252,191,19
12,s012,252,184,21
12,s012,252,185,18
12,s012,252,186,16
12,s012,252,187,17
12,s012,252,180,19
12,s012,252,181,24
12,s012,252,182,18
12,s012,252,183,9
12,s012,252,176,14
12,s012,252,177,7
12,s012,252,178,9
12,s012,252,179,5
12,s012,252,172,20
12,s012,252,173,13
12,s012,252,174,12
12,s012,252,175,3
12,s012,252,168,7
12,s012,252,169,3
12,s012,252,170,6
12,s012,252,164,10
12,s012,252,165,2
12,s012,252,166,1
12,s012,252,167,9
12,s012,252,160,5
12,s012,252,162,6
12,s012,252,163,2
12,s012,252,156,27
12,s012,252,157,13
12,s012,252,158,10
12,s012,252,159,6
12,s012,252,152,22
12,s012,252,153,14
12,s012,252,154,10
12,s012,252,155,8
12,s012,252,148,18
12,s012,252,149,5
12,s012,252,150,9
12,s012,252,151,6
12,s012,252,144,8
12,s012,252,145,3
12,s012,252,146,6
12,s012,252,147,3
12,s012,252,140,7
12,s012,252,141,10
12,s012,252,142,8
12,s012,252,143,7
12,s012,252,136,5
12,s012,252,137,2
12,s012,252,138,4
12,s012,252,139,4
12,s012,252,132,10
12,s012,252,133,8
12,s012,252,134,3
12,s012,252,135,5
12,s012,252,128,1
12,s012,252,129,2
12,s012,252,130,3
12,s012,252,131,1
12,s012,252,124,52
12,s012,252,125,34
12,s012,252,126,28
12,s012,252,127,24
12,s012,252,120,20
12,s012,252,121,15
12,s012,252,122,18
12,s012,252,123,8
12,s012,252,116,15
12,s012,252,117,16
12,s012,252,118,21
12,s012,252,119,9
12,s012,252,112,10
12,s012,252,113,7
12,s012,252,114,4
12,s012,252,115,1
12,s012,252,108,18
12,s012,252,109,16
12,s012,252,110,16
12,s012,252,111,10
12,s012,252,104,8
12,s012,252,105,5
12,s012,252,106,4
12,s012,252,107,5
12,s012,252,100,7
12,s012,252,101,4
12,s012,252,102,5
12,s012,252,103,7
12,s012,252,96,4
12,s012,252,97,2
12,s012,252,98,4
12,s012,252,99,2
12,s012,252,92,29
12,s012,252,93,8
12,s012,252,94,7
12,s012,252,95,16
12,s012,252,88,11
12,s012,252,89,10
12,s012,252,90,8
12,s012,252,91,7
12,s012,252,84,12
12,s012,252,85,9
12,s012,252,86,5
12,s012,252,87,1
12,s012,252,80,5
12,s012,252,81,4
12,s012,252,82,6
12,s012,252,83,1
12,s012,252,76,7
12,s012,252,77,7
12,s012,252,78,4
12,s012,252,79,3
12,s012,252,72,2
12,s012,252,73,4
12,s012,252,74,5
12,s012,252,75,2
12,s012,252,68,4
12,s012,252,69,3
12,s012,252,70,2
12,s012,252,71,1
12,s012,252,64,4
12,s012,252,65,3
12,s012,252,66,2
12,s012,252,67,2
12,s012,252,60,24
12,s012,252,61,19
12,s012,252,62,19
12,s012,252,63,11
12,s012,252,56,13
12,s012,252,57,11
12,s012,252,58,4
12,s012,252,59,3
12,s012,252,52,12
12,s012,252,53,11
12,s012,252,54,11
12,s012,252,55,9
12,s012,252,48,7
12,s012,252,49,2
12,s012,252,50,6
12,s012,252,51,2
12,s012,252,44,8
12,s012,252,45,7
12,s012,252,46,7
12,s012,252,47,5
12,s012,252,40,3
12,s012,252,41,5
12,s012,252,42,2
12,s012,252,43,3
12,s012,252,36,4
12,s012,252,37,3
12,s012,252,38,2
12,s012,252,32,2
12,s012,252,34,1
12,s012,252,35,3
12,s012,252,28,11
12,s012,252,29,10
12,s012,252,30,14
12,s012,252,31,4
12,s012,252,24,3
12,s012,252,25,6
12,s012,252,26,3
12,s012,252,27,4
12,s012,252,20,5
12,s012,252,21,4
12,s012,252,22,7
12,s012,252,23,6
12,s012,252,16,10
12,s012,252,17,2
12,s012,252,18,3
12,s012,252,19,3
12,s012,252,12,7
12,s012,252,13,3
12,s012,252,14,3
12,s012,252,15,4
12,s012,252,8,2
12,s012,252,9,3
12,s012,252,10,2
12,s012,252,5,1
12,s012,252,6,3
12,s012,252,7,3
12,s012,252,0,3
12,s012,252,1,2
12,s012,252,2,1
12,s013,7,7,85
12,s013,7,6,47
12,s013,7,5,48
12,s013,7,4,25
12,s013,7,3,42
12,s013,7,2,19
12,s013,7,1,19
12,s013,7,0,16
12,s013,7,15,43
12,s013,7,14,20
12,s013,7,13,27
12,s013,7,12,19
12,s013,7,11,18
12,s013,7,10,8
12,s013,7,9,7
12,s013,7,8,3
12,s013,7,23,36
12,s013,7,22,20
12,s013,7,21,19
12,s013,7,20,10
12,s013,7,19,23
12,s013,7,18,7
12,s013,7,17,7
12,s013,7,16,9
12,s013,7,31,15
12,s013,7,30,7
12,s013,7,29,10
12,s013,7,28,4
12,s013,7,27,7
12,s013,7,26,4
12,s013,7,25,5
12,s013,7,24,6
12,s013,7,39,36
12,s013,7,38,21
12,s013,7,37,28
12,s013,7,36,20
12,s013,7,35,26
12,s013,7,34,15
12,s013,7,33,6
12,s013,7,32,8
12,s013,7,47,20
12,s013,7,46,12
12,s013,7,45,12
12,s013,7,44,5
12,s013,7,43,12
12,s013,7,42,8
12,s013,7,41,11
12,s013,7,40,1
12,s013,7,55,14
12,s013,7,54,9
12,s013,7,53,8
12,s013,7,52,9
12,s013,7,51,11
12,s013,7,50,5
12,s013,7,49,4
12,s013,7,48,4
12,s013,7,63,5
12,s013,7,62,4
12,s013,7,61,5
12,s013,7,60,3
12,s013,7,59,3
12,s013,7,58,3
12,s013,7,57,5
12,s013,7,56,2
12,s013,7,71,42
12,s013,7,70,23
12,s013,7,69,29
12,s013,7,68,11
12,s013,7,67,22
12,s013,7,66,15
12,s013,7,65,12
12,s013,7,64,5
12,s013,7,79,18
12,s013,7,78,16
12,s013,7,77,14
12,s013,7,76,6
12,s013,7,75,17
12,s013,7,74,6
12,s013,7,73,5
12,s013,7,72,7
12,s013,7,87,22
12,s013,7,86,16
12,s013,7,85,12
12,s013,7,84,11
12,s013,7,83,7
12,s013,7,82,5
12,s013,7,81,5
12,s013,7,80,6
12,s013,7,95,13
12,s013,7,94,5
12,s013,7,93,9
12,s013,7,92,3
12,s013,7,91,2
12,s013,7,90,5
12,s013,7,89,3
12,s013,7,103,28
12,s013,7,102,16
12,s013,7,101,11
12,s013,7,100,11
12,s013,7,99,16
12,s013,7,98,8
12,s013,7,97,6
12,s013,7,96,2
12,s013,7,111,8
12,s013,7,110,8
12,s013,7,109,7
12,s013,7,108,7
12,s013,7,107,10
12,s013,7,106,6
12,s013,7,105,3
12,s013,7,104,2
12,s013,7,119,5
12,s013,7,118,7
12,s013,7,117,7
12,s013,7,116,7
12,s013,7,115,6
12,s013,7,114,3
12,s013,7,113,5
12,s013,7,112,3
12,s013,7,127,7
12,s013,7,126,4
12,s013,7,125,5
12,s013,7,124,5
12,s013,7,123,1
12,s013,7,122,1
12,s013,7,121,1
12,s013,7,120,1
12,s013,7,135,51
12,s013,7,134,37
12,s013,7,133,21
12,s013,7,132,23
12,s013,7,131,20
12,s013,7,130,12
12,s013,7,129,13
12,s013,7,128,8
12,s013,7,143,21
12,s013,7,142,12
12,s013,7,141,10
12,s013,7,140,8
12,s013,7,139,8
12,s013,7,138,10
12,s013,7,137,3
12,s013,7,136,6
12,s013,7,151,17
12,s013,7,150,12
12,s013,7,149,4
12,s013,7,148,4
12,s013,7,147,9
12,s013,7,146,4
12,s013,7,145,2
12,s013,7,144,4
12,s013,7,159,8
12,s013,7,158,6
12,s013,7,157,8
12,s013,7,156,5
12,s013,7,155,4
12,s013,7,154,2
12,s013,7,153,3
12,s013,7,152,1
12,s013,7,167,26
12,s013,7,166,15
12,s013,7,165,10
12,s013,7,164,8
12,s013,7,163,14
12,s013,7,162,9
12,s013,7,161,7
12,s013,7,160,4
12,s013,7,175,7
12,s013,7,174,6
12,s013,7,173,8
12,s013,7,172,8
12,s013,7,171,7
12,s013,7,170,7
12,s013,7,169,4
12,s013,7,168,6
12,s013,7,183,11
12,s013,7,182,4
12,s013,7,181,5
12,s013,7,180,7
12,s013,7,179,5
12,s013,7,178,4
12,s013,7,177,5
12,s013,7,176,2
12,s013,7,191,6
12,s013,7,190,2
12,s013,7,189,3
12,s013,7,188,4
12,s013,7,187,2
12,s013,7,184,1
12,s013,7,199,24
12,s013,7,198,14
12,s013,7,197,15
12,s013,7,196,9
12,s013,7,195,19
12,s013,7,194,5
12,s013,7,193,10
12,s013,7,192,5
12,s013,7,207,28
12,s013,7,206,9
12,s013,7,205,7
12,s013,7,204,7
12,s013,7,203,5
12,s013,7,202,3
12,s013,7,201,6
12,s013,7,200,4
12,s013,7,215,10
12,s013,7,214,1
12,s013,7,213,6
12,s013,7,212,6
12,s013,7,211,8
12,s013,7,210,1
12,s013,7,209,3
12,s013,7,208,7
12,s013,7,223,4
12,s013,7,222,5
12,s013,7,221,4
12,s013,7,220,5
12,s013,7,219,3
12,s013,7,218,2
12,s013,7,216,3
12,s013,7,231,15
12,s013,7,230,5
12,s013,7,229,6
12,s013,7,228,4
12,s013,7,227,5
12,s013,7,226,5
12,s013,7,225,7
12,s013,7,224,5
12,s013,7,239,5
12,s013,7,238,2
12,s013,7,237,1
12,s013,7,236,2
12,s013,7,235,1
12,s013,7,234,2
12,s013,7,233,1
12,s013,7,232,1
12,s013,7,247,4
12,s013,7,246,4
12,s013,7,245,3
12,s013,7,244,2
12,s013,7,243,2
12,s013,7,242,2
12,s013,7,241,1
12,s013,7,255,4
12,s013,7,254,2
12,s013,7,253,4
12,s013,7,252,1
12,s013,7,251,2
12,s013,7,250,3
12,s013,7,249,1
12,s014,181,181,87
12,s014,181,180,53
12,s014,181,183,48
12,s014,181,182,22
12,s014,181,177,47
12,s014,181,176,29
12,s014,181,179,20
12,s014,181,178,18
12,s014,181,189,35
12,s014,181,188,21
12,s014,181,191,29
12,s014,181,190,18
12,s014,181,185,21
12,s014,181,184,11
12,s014,181,187,22
12,s014,181,186,7
12,s014,181,165,47
12,s014,181,164,18
12,s014,181,167,14
12,s014,181,166,8
12,s014,181,161,15
12,s014,181,160,12
12,s014,181,163,13
12,s014,181,162,6
12,s014,181,173,16
12,s014,181,172,5
12,s014,181,175,6
12,s014,181,174,3
12,s014,181,169,8
12,s014,181,168,2
12,s014,181,171,8
12,s014,181,170,4
12,s014,181,149,52
12,s014,181,148,24
12,s014,181,151,27
12,s014,181,150,14
12,s014,181,145,20
12,s014,181,144,14
12,s014,181,147,15
12,s014,181,146,12
12,s014,181,157,26
12,s014,181,156,15
12,s014,181,159,13
12,s014,181,158,15
12,s014,181,153,11
12,s014,181,152,6
12,s014,181,155,7
12,s014,181,154,5
12,s014,181,133,23
12,s014,181,132,9
12,s014,181,135,9
12,s014,181,134,6
12,s014,181,129,13
12,s014,181,128,2
12,s014,181,131,6
12,s014,181,130,4
12,s014,181,141,7
12,s014,181,140,5
12,s014,181,143,3
12,s014,181,142,2
12,s014,181,137,2
12,s014,181,136,1
12,s014,181,139,1
12,s014,181,245,50
12,s014,181,244,24
12,s014,181,247,44
12,s014,181,246,11
12,s014,181,241,19
12,s014,181,240,22
12,s014,181,243,17
12,s014,181,242,12
12,s014,181,253,29
12,s014,181,252,18
12,s014,181,255,12
12,s014,181,254,10
12,s014,181,249,14
12,s014,181,248,6
12,s014,181,251,8
12,s014,181,250,4
12,s014,181,229,16
12,s014,181,228,15
12,s014,181,231,11
12,s014,181,230,6
12,s014,181,225,12
12,s014,181,224,4
12,s014,181,227,8
12,s014,181,226,4
12,s014,181,237,10
12,s014,181,236,5
12,s014,181,239,4
12,s014,181,238,5
12,s014,181,233,9
12,s014,181,232,1
12,s014,181,235,3
12,s014,181,234,1
12,s014,181,213,24
12,s014,181,212,14
12,s014,181,215,23
12,s014,181,214,14
12,s014,181,209,11
12,s014,181,208,12
12,s014,181,211,11
12,s014,181,210,6
12,s014,181,221,18
12,s014,181,220,8
12,s014,181,223,5
12,s014,181,222,7
12,s014,181,217,6
12,s014,181,216,7
12,s014,181,219,4
12,s014,181,218,1
12,s014,181,197,11
12,s014,181,196,3
12,s014,181,199,7
12,s014,181,198,6
12,s014,181,193,9
12,s014,181,192,3
12,s014,181,195,7
12,s014,181,194,2
12,s014,181,205,7
12,s014,181,204,1
12,s014,181,207,1
12,s014,181,206,2
12,s014,181,201,4
12,s014,181,200,1
12,s014,181,203,1
12,s014,181,202,2
12,s014,181,53,45
12,s014,181,52,32
12,s014,181,55,33
12,s014,181,54,22
12,s014,181,49,25
12,s014,181,48,23
12,s014,181,51,12
12,s014,181,50,7
12,s014,181,61,18
12,s014,181,60,15
12,s014,181,63,10
12,s014,181,62,9
12,s014,181,57,8
12,s014,181,56,8
12,s014,181,59,4
12,s014,181,58,3
12,s014,181,37,15
12,s014,181,36,13
12,s014,181,39,14
12,s014,181,38,6
12,s014,181,33,7
12,s014,181,32,10
12,s014,181,34,1
12,s014,181,45,10
12,s014,181,44,3
12,s014,181,47,7
12,s014,181,46,2
12,s014,181,41,8
12,s014,181,40,4
12,s014,181,43,2
12,s014,181,42,4
12,s014,181,21,19
12,s014,181,20,18
12,s014,181,23,12
12,s014,181,22,12
12,s014,181,17,9
12,s014,181,16,9
12,s014,181,19,8
12,s014,181,18,3
12,s014,181,29,15
12,s014,181,28,5
12,s014,181,31,9
12,s014,181,30,3
12,s014,181,25,8
12,s014,181,24,8
12,s014,181,27,3
12,s014,181,26,3
12,s014,181,5,4
12,s014,181,4,4
12,s014,181,7,3
12,s014,181,6,5
12,s014,181,1,1
12,s014,181,0,5
12,s014,181,3,8
12,s014,181,2,5
12,s014,181,13,5
12,s014,181,12,6
12,s014,181,15,2
12,s014,181,14,2
12,s014,181,9,2
12,s014,181,8,1
12,s014,181,11,2
12,s014,181,10,1
12,s014,181,117,22
12,s014,181,116,20
12,s014,181,119,21
12,s014,181,118,16
12,s014,181,113,15
12,s014,181,112,15
12,s014,181,115,9
12,s014,181,114,4
12,s014,181,125,10
12,s014,181,124,15
12,s014,181,127,9
12,s014,181,126,2
12,s014,181,121,6
12,s014,181,120,6
12,s014,181,123,3
12,s014,181,101,8
12,s014,181,100,8
12,s014,181,103,6
12,s014,181,102,2
12,s014,181,97,3
12,s014,181,96,6
12,s014,181,99,2
12,s014,181,98,2
12,s014,181,109,6
12,s014,181,108,4
12,s014,181,111,3
12,s014,181,110,2
12,s014,181,105,3
12,s014,181,104,2
12,s014,181,107,2
12,s014,181,106,1
12,s014,181,85,10
12,s014,181,84,10
12,s014,181,87,9
12,s014,181,86,9
12,s014,181,81,6
12,s014,181,80,8
12,s014,181,83,8
12,s014,181,82,5
12,s014,181,93,7
12,s014,181,92,8
12,s014,181,95,5
12,s014,181,94,4
12,s014,181,89,6
12,s014,181,88,1
12,s014,181,91,4
12,s014,181,90,2
12,s014,181,69,5
12,s014,181,68,9
12,s014,181,71,3
12,s014,181,70,3
12,s014,181,65,5
12,s014,181,67,2
12,s014,181,66,1
12,s014,181,77,3
12,s014,181,76,1
12,s014,181,79,4
12,s014,181,73,2
12,s014,181,72,1
12,s014,181,75,1
12,s014,181,74,1
12,s015,110,110,86
12,s015,110,111,51
12,s015,110,108,58
12,s015,110,109,35
12,s015,110,106,49
12,s015,110,107,21
12,s015,110,104,26
12,s015,110,105,9
12,s015,110,102,53
12,s015,110,103,23
12,s015,110,100,25
12,s015,110,101,10
12,s015,110,98,28
12,s015,110,99,13
12,s015,110,96,15
12,s015,110,97,8
12,s015,110,126,26
12,s015,110,127,20
12,s015,110,124,22
12,s015,110,125,12
12,s015,110,122,15
12,s015,110,123,7
12,s015,110,120,10
12,s015,110,121,6
12,s015,110,118,14
12,s015,110,119,14
12,s015,110,116,6
12,s015,110,117,6
12,s015,110,114,9
12,s015,110,115,6
12,s015,110,112,3
12,s015,110,113,1
12,s015,110,78,35
12,s015,110,79,27
12,s015,110,76,26
12,s015,110,77,13
12,s015,110,74,24
12,s015,110,75,20
12,s015,110,72,25
12,s015,110,73,11
12,s015,110,70,20
12,s015,110,71,9
12,s015,110,68,9
12,s015,110,69,9
12,s015,110,66,5
12,s015,110,67,7
12,s015,110,64,6
12,s015,110,65,2
12,s015,110,94,15
12,s015,110,95,5
12,s015,110,92,7
12,s015,110,93,6
12,s015,110,90,5
12,s015,110,91,8
12,s015,110,88,9
12,s015,110,89,3
12,s015,110,86,9
12,s015,110,87,5
12,s015,110,84,6
12,s015,110,85,1
12,s015,110,82,6
12,s015,110,83,2
12,s015,110,80,3
12,s015,110,81,2
12,s015,110,46,58
12,s015,110,47,21
12,s015,110,44,27
12,s015,110,45,22
12,s015,110,42,30
12,s015,110,43,16
12,s015,110,40,25
12,s015,110,41,10
12,s015,110,38,26
12,s015,110,39,14
12,s015,110,36,15
12,s015,110,37,10
12,s015,110,34,12
12,s015,110,35,6
12,s015,110,32,10
12,s015,110,33,5
12,s015,110,62,22
12,s015,110,63,12
12,s015,110,60,13
12,s015,110,61,8
12,s015,110,58,9
12,s015,110,59,8
12,s015,110,56,8
12,s015,110,57,3
12,s015,110,54,11
12,s015,110,55,5
12,s015,110,52,7
12,s015,110,53,8
12,s015,110,50,6
12,s015,110,51,1
12,s015,110,48,2
12,s015,110,49,2
12,s015,110,14,20
12,s015,110,15,19
12,s015,110,12,13
12,s015,110,13,4
12,s015,110,10,9
12,s015,110,11,10
12,s015,110,8,9
12,s015,110,9,6
12,s015,110,6,15
12,s015,110,7,7
12,s015,110,4,9
12,s015,110,5,11
12,s015,110,2,7
12,s015,110,3,3
12,s015,110,0,1
12,s015,110,1,2
12,s015,110,30,10
12,s015,110,31,7
12,s015,110,28,7
12,s015,110,29,3
12,s015,110,26,3
12,s015,110,27,4
12,s015,110,24,4
12,s015,110,25,1
12,s015,110,22,5
12,s015,110,23,4
12,s015,110,20,4
12,s015,110,21,1
12,s015,110,18,2
12,s015,110,19,1
12,s015,110,16,2
12,s015,110,238,35
12,s015,110,239,30
12,s015,110,236,23
12,s015,110,237,18
12,s015,110,234,26
12,s015,110,235,21
12,s015,110,232,10
12,s015,110,233,10
12,s015,110,230,25
12,s015,110,231,15
12,s015,110,228,12
12,s015,110,229,13
12,s015,110,226,8
12,s015,110,227,8
12,s015,110,224,10
12,s015,110,225,4
12,s015,110,254,21
12,s015,110,255,10
12,s015,110,252,7
12,s015,110,253,7
12,s015,110,250,8
12,s015,110,251,7
12,s015,110,248,6
12,s015,110,249,2
12,s015,110,246,14
12,s015,110,247,4
12,s015,110,244,5
12,s015,110,245,5
12,s015,110,242,8
12,s015,110,243,3
12,s015,110,240,2
12,s015,110,241,6
12,s015,110,206,26
12,s015,110,207,18
12,s015,110,204,16
12,s015,110,205,7
12,s015,110,202,8
12,s015,110,203,10
12,s015,110,200,10
12,s015,110,201,3
12,s015,110,198,16
12,s015,110,199,13
12,s015,110,196,8
12,s015,110,197,6
12,s015,110,194,8
12,s015,110,195,7
12,s015,110,192,3
12,s015,110,193,3
12,s015,110,222,9
12,s015,110,223,7
12,s015,110,220,5
12,s015,110,221,5
12,s015,110,218,7
12,s015,110,219,5
12,s015,110,216,7
12,s015,110,217,1
12,s015,110,214,9
12,s015,110,215,3
12,s015,110,212,3
12,s015,110,210,2
12,s015,110,208,1
12,s015,110,209,1
12,s015,110,174,29
12,s015,110,175,11
12,s015,110,172,12
12,s015,110,173,11
12,s015,110,170,14
12,s015,110,171,7
12,s015,110,168,9
12,s015,110,169,5
12,s015,110,166,9
12,s015,110,167,7
12,s015,110,164,5
12,s015,110,165,5
12,s015,110,162,5
12,s015,110,163,7
12,s015,110,160,3
12,s015,110,161,3
12,s015,110,190,8
12,s015,110,191,7
12,s015,110,188,5
12,s015,110,189,2
12,s015,110,186,1
12,s015,110,187,1
12,s015,110,184,2
12,s015,110,185,2
12,s015,110,182,5
12,s015,110,183,3
12,s015,110,181,2
12,s015,110,178,2
12,s015,110,176,2
12,s015,110,177,2
12,s015,110,142,12
12,s015,110,143,6
12,s015,110,140,12
12,s015,110,141,6
12,s015,110,138,5
12,s015,110,139,7
12,s015,110,136,5
12,s015,110,137,8
12,s015,110,134,9
12,s015,110,135,6
12,s015,110,132,3
12,s015,110,133,4
12,s015,110,130,5
12,s015,110,131,2
12,s015,110,128,6
12,s015,110,129,3
12,s015,110,158,4
12,s015,110,159,3
12,s015,110,156,4
12,s015,110,157,3
12,s015,110,154,3
12,s015,110,153,1
12,s015,110,150,3
12,s015,110,151,1
12,s015,110,148,5
12,s016,210,210,89
12,s016,210,211,45
12,s016,210,208,53
12,s016,210,209,29
12,s016,210,214,47
12,s016,210,215,21
12,s016,210,212,16
12,s016,210,213,15
12,s016,210,218,39
12,s016,210,219,39
12,s016,210,216,31
12,s016,210,217,16
12,s016,210,222,24
12,s016,210,223,14
12,s016,210,220,11
12,s016,210,221,9
12,s016,210,194,39
12,s016,210,195,17
12,s016,210,192,18
12,s016,210,193,11
12,s016,210,198,16
12,s016,210,199,9
12,s016,210,196,11
12,s016,210,197,5
12,s016,210,202,16
12,s016,210,203,10
12,s016,210,200,17
12,s016,210,201,5
12,s016,210,206,15
12,s016,210,207,5
12,s016,210,204,4
12,s016,210,205,2
12,s016,210,242,40
12,s016,210,243,30
12,s016,210,240,29
12,s016,210,241,17
12,s016,210,246,26
12,s016,210,247,25
12,s016,210,244,10
12,s016,210,245,10
12,s016,210,250,22
12,s016,210,251,16
12,s016,210,248,17
12,s016,210,249,8
12,s016,210,254,16
12,s016,210,255,6
12,s016,210,252,9
12,s016,210,253,3
12,s016,210,226,21
12,s016,210,227,6
12,s016,210,224,10
12,s016,210,225,9
12,s016,210,230,15
12,s016,210,231,3
12,s016,210,228,6
12,s016,210,229,3
12,s016,210,234,10
12,s016,210,235,4
12,s016,210,232,3
12,s016,210,233,2
12,s016,210,238,4
12,s016,210,236,7
12,s016,210,237,2
12,s016,210,146,53
12,s016,210,147,26
12,s016,210,144,37
12,s016,210,145,17
12,s016,210,150,27
12,s016,210,151,19
12,s016,210,148,18
12,s016,210,149,14
12,s016,210,154,33
12,s016,210,155,25
12,s016,210,152,15
12,s016,210,153,13
12,s016,210,158,10
12,s016,210,159,11
12,s016,210,156,6
12,s016,210,157,5
12,s016,210,130,18
12,s016,210,131,18
12,s016,210,128,11
12,s016,210,129,8
12,s016,210,134,18
12,s016,210,135,8
12,s016,210,132,4
12,s016,210,133,2
12,s016,210,138,5
12,s016,210,139,6
12,s016,210,136,6
12,s016,210,137,4
12,s016,210,142,11
12,s016,210,143,5
12,s016,210,140,2
12,s016,210,141,1
12,s016,210,178,36
12,s016,210,179,14
12,s016,210,176,18
12,s016,210,177,12
12,s016,210,182,12
12,s016,210,183,9
12,s016,210,180,12
12,s016,210,181,5
12,s016,210,186,17
12,s016,210,187,11
12,s016,210,184,9
12,s016,210,185,10
12,s016,210,190,10
12,s016,210,191,3
12,s016,210,188,2
12,s016,210,189,1
12,s016,210,162,9
12,s016,210,163,5
12,s016,210,160,8
12,s016,210,161,5
12,s016,210,166,6
12,s016,210,167,2
12,s016,210,164,2
12,s016,210,165,2
12,s016,210,170,8
12,s016,210,171,3
12,s016,210,169,2
12,s016,210,174,6
12,s016,210,175,3
12,s016,210,172,1
12,s016,210,82,50
12,s016,210,83,34
12,s016,210,80,27
12,s016,210,81,16
12,s016,210,86,21
12,s016,210,87,15
12,s016,210,84,15
12,s016,210,85,10
12,s016,210,90,23
12,s016,210,91,14
12,s016,210,88,18
12,s016,210,89,10
12,s016,210,94,14
12,s016,210,95,5
12,s016,210,92,7
12,s016,210,93,7
12,s016,210,66,21
12,s016,210,67,21
12,s016,210,64,12
12,s016,210,65,9
12,s016,210,70,9
12,s016,210,71,5
12,s016,210,68,2
12,s016,210,69,2
12,s016,210,74,7
12,s016,210,75,12
12,s016,210,72,9
12,s016,210,73,4
12,s016,210,79,4
12,s016,210,76,3
12,s016,210,77,2
12,s016,210,114,27
12,s016,210,115,12
12,s016,210,112,10
12,s016,210,113,14
12,s016,210,118,10
12,s016,210,119,7
12,s016,210,116,6
12,s016,210,117,4
12,s016,210,122,8
12,s016,210,123,4
12,s016,210,120,13
12,s016,210,121,5
12,s016,210,126,9
12,s016,210,127,9
12,s016,210,124,5
12,s016,210,125,2
12,s016,210,98,15
12,s016,210,99,4
12,s016,210,96,1
12,s016,210,97,3
12,s016,210,102,2
12,s016,210,103,5
12,s016,210,100,1
12,s016,210,106,2
12,s016,210,107,4
12,s016,210,104,2
12,s016,210,105,2
12,s016,210,110,3
12,s016,210,111,1
12,s016,210,109,1
12,s016,210,18,28
12,s016,210,19,21
12,s016,210,16,13
12,s016,210,17,12
12,s016,210,22,13
12,s016,210,23,13
12,s016,210,20,6
12,s016,210,21,9
12,s016,210,26,9
12,s016,210,27,8
12,s016,210,24,9
12,s016,210,25,4
12,s016,210,30,3
12,s016,210,31,3
12,s016,210,28,1
12,s016,210,29,5
12,s016,210,2,15
12,s016,210,3,9
12,s016,210,0,5
12,s016,210,1,6
12,s016,210,6,8
12,s016,210,7,5
12,s016,210,4,1
12,s016,210,5,6
12,s016,210,10,5
12,s016,210,11,1
12,s016,210,8,2
12,s016,210,9,2
12,s016,210,14,5
12,s016,210,15,1
12,s016,210,12,1
12,s016,210,13,1
12,s016,210,50,14
12,s016,210,51,9
12,s016,210,48,11
12,s016,210,49,6
12,s016,210,54,6
12,s016,210,55,2
12,s016,210,52,3
12,s016,210,53,4
12,s016,210,58,6
12,s016,210,59,10
12,s016,210,56,6
12,s016,210,57,5
12,s016,210,62,4
12,s016,210,63,4
12,s016,210,60,4
12,s016,210,34,3
12,s016,210,35,5
12,s016,210,32,3
12,s016,210,33,2
12,s016,210,38,1
12,s016,210,39,3
12,s016,210,36,2
12,s016,210,37,1
12,s016,210,42,2
12,s016,210,43,4
12,s016,210,40,3
12,s016,210,46,2
12,s016,210,47,1
12,s016,210,44,1
12,s016,210,45,2
12,s017,153,153,101
12,s017,153,152,49
12,s017,153,155,42
12,s017,153,154,27
12,s017,153,157,43
12,s017,153,156,21
12,s017,153,159,22
12,s017,153,158,17
12,s017,153,145,46
12,s017,153,144,22
12,s017,153,147,27
12,s017,153,146,17
12,s017,153,149,22
12,s017,153,148,18
12,s017,153,151,10
12,s017,153,150,10
12,s017,153,137,37
12,s017,153,136,21
12,s017,153,139,19
12,s017,153,138,13
12,s017,153,141,16
12,s017,153,140,10
12,s017,153,143,10
12,s017,153,142,8
12,s017,153,129,12
12,s017,153,128,17
12,s017,153,131,8
12,s017,153,130,4
12,s017,153,133,7
12,s017,153,132,5
12,s017,153,135,5
12,s017,153,134,3
12,s017,153,185,36
12,s017,153,184,25
12,s017,153,187,22
12,s017,153,186,18
12,s017,153,189,25
12,s017,153,188,21
12,s017,153,191,16
12,s017,153,190,13
12,s017,153,177,24
12,s017,153,176,15
12,s017,153,179,11
12,s017,153,178,7
12,s017,153,181,12
12,s017,153,180,9
12,s017,153,183,8
12,s017,153,182,5
12,s017,153,169,11
12,s017,153,168,12
12,s017,153,171,11
12,s017,153,170,5
12,s017,153,173,15
12,s017,153,172,3
12,s017,153,175,4
12,s017,153,174,5
12,s017,153,161,7
12,s017,153,160,4
12,s017,153,163,6
12,s017,153,165,3
12,s017,153,164,2
12,s017,153,167,5
12,s017,153,166,1
12,s017,153,217,42
12,s017,153,216,29
12,s017,153,219,37
12,s017,153,218,16
12,s017,153,221,16
12,s017,153,220,10
12,s017,153,223,14
12,s017,153,222,14
12,s017,153,209,30
12,s017,153,208,15
12,s017,153,211,15
12,s017,153,210,11
12,s017,153,213,12
12,s017,153,212,6
12,s017,153,215,4
12,s017,153,214,7
12,s017,153,201,18
12,s017,153,200,13
12,s017,153,203,11
12,s017,153,202,9
12,s017,153,205,7
12,s017,153,204,4
12,s017,153,207,8
12,s017,153,206,9
12,s017,153,193,20
12,s017,153,192,9
12,s017,153,195,13
12,s017,153,194,3
12,s017,153,197,4
12,s017,153,196,4
12,s017,153,199,2
12,s017,153,198,4
12,s017,153,249,22
12,s017,153,248,15
12,s017,153,251,25
12,s017,153,250,9
12,s017,153,253,16
12,s017,153,252,10
12,s017,153,255,11
12,s017,153,254,2
12,s017,153,241,16
12,s017,153,240,14
12,s017,153,243,8
12,s017,153,242,5
12,s017,153,245,9
12,s017,153,244,3
12,s017,153,247,4
12,s017,153,246,1
12,s017,153,233,8
12,s017,153,232,6
12,s017,153,235,5
12,s017,153,234,4
12,s017,153,237,6
12,s017,153,236,3
12,s017,153,239,7
12,s017,153,238,2
12,s017,153,225,4
12,s017,153,224,2
12,s017,153,227,3
12,s017,153,226,4
12,s017,153,231,1
12,s017,153,230,3
12,s017,153,25,54
12,s017,153,24,27
12,s017,153,27,33
12,s017,153,26,24
12,s017,153,29,18
12,s017,153,28,27
12,s017,153,31,10
12,s017,153,30,7
12,s017,153,17,24
12,s017,153,16,21
12,s017,153,19,6
12,s017,153,18,7
12,s017,153,21,14
12,s017,153,20,7
12,s017,153,23,7
12,s017,153,22,5
12,s017,153,9,20
12,s017,153,8,11
12,s017,153,11,8
12,s017,153,10,8
12,s017,153,13,8
12,s017,153,12,8
12,s017,153,15,3
12,s017,153,14,2
12,s017,153,1,8
12,s017,153,0,4
12,s017,153,3,8
12,s017,153,2,8
12,s017,153,5,2
12,s017,153,4,3
12,s017,153,7,2
12,s017,153,6,1
12,s017,153,57,18
12,s017,153,56,12
12,s017,153,59,15
12,s017,153,58,10
12,s017,153,61,8
12,s017,153,60,8
12,s017,153,63,13
12,s017,153,62,5
12,s017,153,49,11
12,s017,153,48,11
12,s017,153,51,4
12,s017,153,50,8
12,s017,153,53,9
12,s017,153,52,5
12,s017,153,55,3
12,s017,153,54,2
12,s017,153,41,8
12,s017,153,40,7
12,s017,153,43,3
12,s017,153,42,2
12,s017,153,45,6
12,s017,153,44,6
12,s017,153,46,1
12,s017,153,33,4
12,s017,153,32,9
12,s017,153,35,3
12,s017,153,37,6
12,s017,153,36,1
12,s017,153,89,29
12,s017,153,88,21
12,s017,153,91,29
12,s017,153,90,17
12,s017,153,93,14
12,s017,153,92,14
12,s017,153,95,5
12,s017,153,94,8
12,s017,153,81,17
12,s017,153,80,10
12,s017,153,83,2
12,s017,153,82,5
12,s017,153,85,7
12,s017,153,84,2
12,s017,153,87,12
12,s017,153,86,2
12,s017,153,73,14
12,s017,153,72,14
12,s017,153,75,14
12,s017,153,74,7
12,s017,153,77,8
12,s017,153,76,2
12,s017,153,79,2
12,s017,153,78,2
12,s017,153,65,5
12,s017,153,64,7
12,s017,153,67,4
12,s017,153,66,1
12,s017,153,69,3
12,s017,153,68,3
12,s017,153,71,1
12,s017,153,121,16
12,s017,153,120,12
12,s017,153,123,11
12,s017,153,122,6
12,s017,153,125,7
12,s017,153,124,14
12,s017,153,127,4
12,s017,153,126,4
12,s017,153,113,6
12,s017,153,112,7
12,s017,153,115,3
12,s017,153,114,4
12,s017,153,117,5
12,s017,153,116,2
12,s017,153,119,4
12,s017,153,118,4
12,s017,153,105,9
12,s017,153,104,4
12,s017,153,107,2
12,s017,153,106,3
12,s017,153,109,6
12,s017,153,108,3
12,s017,153,110,2
12,s017,153,97,3
12,s017,153,96,2
12,s017,153,101,1
12,s017,153,100,2
12,s017,153,103,2
12,s018,144,144,81
12,s018,144,145,63
12,s018,144,146,50
12,s018,144,147,23
12,s018,144,148,36
12,s018,144,149,20
12,s018,144,150,26
12,s018,144,151,13
12,s018,144,152,46
12,s018,144,153,24
12,s018,144,154,24
12,s018,144,155,15
12,s018,144,156,18
12,s018,144,157,11
12,s018,144,158,3
12,s018,144,159,2
12,s018,144,128,35
12,s018,144,129,20
12,s018,144,130,13
12,s018,144,131,9
12,s018,144,132,20
12,s018,144,133,8
12,s018,144,134,6
12,s018,144,135,4
12,s018,144,136,17
12,s018,144,137,12
12,s018,144,138,12
12,s018,144,139,4
12,s018,144,140,13
12,s018,144,141,4
12,s018,144,143,3
12,s018,144,176,43
12,s018,144,177,23
12,s018,144,178,21
12,s018,144,179,15
12,s018,144,180,19
12,s018,144,181,15
12,s018,144,182,23
12,s018,144,183,9
12,s018,144,184,24
12,s018,144,185,12
12,s018,144,186,4
12,s018,144,187,15
12,s018,144,188,18
12,s018,144,189,7
12,s018,144,190,9
12,s018,144,191,5
12,s018,144,160,18
12,s018,144,161,9
12,s018,144,162,9
12,s018,144,163,6
12,s018,144,164,11
12,s018,144,165,7
12,s018,144,166,5
12,s018,144,167,1
12,s018,144,168,5
12,s018,144,169,5
12,s018,144,170,5
12,s018,144,171,7
12,s018,144,172,4
12,s018,144,173,3
12,s018,144,174,1
12,s018,144,175,2
12,s018,144,208,58
12,s018,144,209,31
12,s018,144,210,37
12,s018,144,211,13
12,s018,144,212,29
12,s018,144,213,11
12,s018,144,214,14
12,s018,144,215,12
12,s018,144,216,26
12,s018,144,217,25
12,s018,144,218,17
12,s018,144,219,14
12,s018,144,220,13
12,s018,144,221,7
12,s018,144,222,8
12,s018,144,223,5
12,s018,144,192,21
12,s018,144,193,15
12,s018,144,194,11
12,s018,144,195,14
12,s018,144,196,11
12,s018,144,197,3
12,s018,144,198,6
12,s018,144,199,4
12,s018,144,200,8
12,s018,144,201,1
12,s018,144,202,4
12,s018,144,203,10
12,s018,144,204,3
12,s018,144,205,1
12,s018,144,206,1
12,s018,144,207,1
12,s018,144,240,28
12,s018,144,241,20
12,s018,144,242,15
12,s018,144,243,11
12,s018,144,244,11
12,s018,144,245,14
12,s018,144,246,8
12,s018,144,247,6
12,s018,144,248,14
12,s018,144,249,7
12,s018,144,250,7
12,s018,144,251,6
12,s018,144,252,14
12,s018,144,253,11
12,s018,144,254,6
12,s018,144,255,5
12,s018,144,224,5
12,s018,144,225,5
12,s018,144,226,7
12,s018,144,227,5
12,s018,144,228,3
12,s018,144,229,1
12,s018,144,230,3
12,s018,144,231,2
12,s018,144,232,7
12,s018,144,233,4
12,s018,144,234,3
12,s018,144,236,5
12,s018,144,237,4
12,s018,144,238,1
12,s018,144,239,1
12,s018,144,16,63
12,s018,144,17,38
12,s018,144,18,23
12,s018,144,19,18
12,s018,144,20,17
12,s018,144,21,14
12,s018,144,22,10
12,s018,144,23,10
12,s018,144,24,33
12,s018,144,25,16
12,s018,144,26,15
12,s018,144,27,12
12,s018,144,28,5
12,s018,144,29,7
12,s018,144,30,7
12,s018,144,31,7
12,s018,144,0,20
12,s018,144,1,15
12,s018,144,2,9
12,s018,144,3,11
12,s018,144,4,8
12,s018,144,5,6
12,s018,144,6,3
12,s018,144,7,6
12,s018,144,8,8
12,s018,144,9,8
12,s018,144,10,8
12,s018,144,11,5
12,s018,144,12,3
12,s018,144,13,8
12,s018,144,14,2
12,s018,144,48,14
12,s018,144,49,20
12,s018,144,50,11
12,s018,144,51,4
12,s018,144,52,8
12,s018,144,53,10
12,s018,144,54,8
12,s018,144,55,3
12,s018,144,56,15
12,s018,144,57,17
12,s018,144,58,3
12,s018,144,59,11
12,s018,144,60,3
12,s018,144,61,4
12,s018,144,62,2
12,s018,144,63,3
12,s018,144,32,9
12,s018,144,33,8
12,s018,144,34,2
12,s018,144,35,6
12,s018,144,36,8
12,s018,144,38,6
12,s018,144,39,2
12,s018,144,40,3
12,s018,144,41,7
12,s018,144,42,3
12,s018,144,43,2
12,s018,144,45,3
12,s018,144,46,1
12,s018,144,80,27
12,s018,144,81,18
12,s018,144,82,19
12,s018,144,83,18
12,s018,144,84,15
12,s018,144,85,10
12,s018,144,86,6
12,s018,144,87,9
12,s018,144,88,16
12,s018,144,89,6
12,s018,144,90,10
12,s018,144,91,1
12,s018,144,92,10
12,s018,144,93,2
12,s018,144,94,3
12,s018,144,95,5
12,s018,144,64,8
12,s018,144,65,4
12,s018,144,66,7
12,s018,144,67,4
12,s018,144,68,10
12,s018,144,69,5
12,s018,144,70,2
12,s018,144,71,2
12,s018,144,72,5
12,s018,144,73,4
12,s018,144,74,4
12,s018,144,76,3
12,s018,144,77,3
12,s018,144,78,1
12,s018,144,79,2
12,s018,144,112,9
12,s018,144,113,11
12,s018,144,114,5
12,s018,144,115,5
12,s018,144,116,9
12,s018,144,117,7
12,s018,144,118,3
12,s018,144,119,5
12,s018,144,120,5
12,s018,144,121,13
12,s018,144,122,4
12,s018,144,123,2
12,s018,144,124,3
12,s018,144,125,1
12,s018,144,126,1
12,s018,144,96,4
12,s018,144,97,4
12,s018,144,98,4
12,s018,144,99,5
12,s018,144,100,2
12,s018,144,101,4
12,s018,144,102,1
12,s018,144,103,2
12,s018,144,105,4
12,s018,144,106,4
12,s018,144,107,1
12,s018,144,109,2
12,s018,144,110,1
12,s019,225,225,87
12,s019,225,224,61
12,s019,225,227,52
12,s019,225,226,26
12,s019,225,229,34
12,s019,225,228,24
12,s019,225,231,18
12,s019,225,230,14
12,s019,225,233,46
12,s019,225,232,34
12,s019,225,235,19
12,s019,225,234,13
12,s019,225,237,23
12,s019,225,236,11
12,s019,225,239,5
12,s019,225,238,5
12,s019,225,241,41
12,s019,225,240,21
12,s019,225,243,19
12,s019,225,242,9
12,s019,225,245,17
12,s019,225,244,12
12,s019,225,247,12
12,s019,225,246,7
12,s019,225,249,24
12,s019,225,248,7
12,s019,225,251,15
12,s019,225,250,4
12,s019,225,253,10
12,s019,225,252,7
12,s019,225,255,5
12,s019,225,254,1
12,s019,225,193,52
12,s019,225,192,23
12,s019,225,195,29
12,s019,225,194,12
12,s019,225,197,23
12,s019,225,196,10
12,s019,225,199,22
12,s019,225,198,7
12,s019,225,201,18
12,s019,225,200,16
12,s019,225,203,16
12,s019,225,202,8
12,s019,225,205,14
12,s019,225,204,12
12,s019,225,207,7
12,s019,225,206,1
12,s019,225,209,14
12,s019,225,208,10
12,s019,225,211,7
12,s019,225,210,6
12,s019,225,213,12
12,s019,225,212,3
12,s019,225,215,10
12,s019,225,214,1
12,s019,225,217,6
12,s019,225,216,6
12,s019,225,219,3
12,s019,225,218,4
12,s019,225,221,5
12,s019,225,220,2
12,s019,225,223,2
12,s019,225,222,1
12,s019,225,161,49
12,s019,225,160,41
12,s019,225,163,22
12,s019,225,162,20
12,s019,225,165,22
12,s019,225,164,13
12,s019,225,167,11
12,s019,225,166,12
12,s019,225,169,25
12,s019,225,168,14
12,s019,225,171,13
12,s019,225,170,7
12,s019,225,173,10
12,s019,225,172,4
12,s019,225,175,10
12,s019,225,174,7
12,s019,225,177,17
12,s019,225,176,12
12,s019,225,179,8
12,s019,225,178,11
12,s019,225,181,11
12,s019,225,180,4
12,s019,225,183,6
12,s019,225,182,5
12,s019,225,185,8
12,s019,225,184,4
12,s019,225,187,8
12,s019,225,186,6
12,s019,225,189,7
12,s019,225,188,1
12,s019,225,191,3
12,s019,225,190,4
12,s019,225,129,26
12,s019,225,128,14
12,s019,225,131,10
12,s019,225,130,7
12,s019,225,133,12
12,s019,225,132,9
12,s019,225,135,11
12,s019,225,134,5
12,s019,225,137,11
12,s019,225,136,11
12,s019,225,139,13
12,s019,225,138,4
12,s019,225,141,6
12,s019,225,140,1
12,s019,225,143,4
12,s019,225,142,1
12,s019,225,145,14
12,s019,225,144,3
12,s019,225,147,6
12,s019,225,146,2
12,s019,225,149,6
12,s019,225,148,4
12,s019,225,151,2
12,s019,225,150,3
12,s019,225,153,5
12,s019,225,152,7
12,s019,225,155,2
12,s019,225,154,1
12,s019,225,157,3
12,s019,225,156,1
12,s019,225,159,2
12,s019,225,97,54
12,s019,225,96,38
12,s019,225,99,28
12,s019,225,98,18
12,s019,225,101,17
12,s019,225,100,14
12,s019,225,103,19
12,s019,225,102,9
12,s019,225,105,26
12,s019,225,104,10
12,s019,225,107,17
12,s019,225,106,5
12,s019,225,109,7
12,s019,225,108,10
12,s019,225,111,6
12,s019,225,110,6
12,s019,225,113,22
12,s019,225,112,16
12,s019,225,115,10
12,s019,225,114,5
12,s019,225,117,5
12,s019,225,116,7
12,s019,225,119,11
12,s019,225,118,5
12,s019,225,121,4
12,s019,225,120,6
12,s019,225,123,3
12,s019,225,122,5
12,s019,225,125,6
12,s019,225,124,4
12,s019,225,127,4
12,s019,225,126,3
12,s019,225,65,27
12,s019,225,64,20
12,s019,225,67,8
12,s019,225,66,8
12,s019,225,69,11
12,s019,225,68,12
12,s019,225,71,14
12,s019,225,70,5
12,s019,225,73,12
12,s019,225,72,13
12,s019,225,75,10
12,s019,225,74,8
12,s019,225,77,7
12,s019,225,76,2
12,s019,225,79,6
12,s019,225,81,14
12,s019,225,80,9
12,s019,225,83,1
12,s019,225,82,3
12,s019,225,85,3
12,s019,225,84,3
12,s019,225,87,1
12,s019,225,86,1
12,s019,225,89,2
12,s019,225,88,4
12,s019,225,91,5
12,s019,225,90,1
12,s019,225,93,2
12,s019,225,92,1
12,s019,225,94,2
12,s019,225,33,33
12,s019,225,32,13
12,s019,225,35,16
12,s019,225,34,23
12,s019,225,37,12
12,s019,225,36,8
12,s019,225,39,4
12,s019,225,38,5
12,s019,225,41,19
12,s019,225,40,8
12,s019,225,43,7
12,s019,225,42,6
12,s019,225,45,5
12,s019,225,44,4
12,s019,225,47,4
12,s019,225,46,2
12,s019,225,49,9
12,s019,225,48,4
12,s019,225,51,7
12,s019,225,50,3
12,s019,225,53,4
12,s019,225,52,4
12,s019,225,55,2
12,s019,225,54,1
12,s019,225,57,4
12,s019,225,56,9
12,s019,225,59,5
12,s019,225,58,5
12,s019,225,61,2
12,s019,225,60,3
12,s019,225,63,3
12,s019,225,1,18
12,s019,225,0,13
12,s019,225,3,12
12,s019,225,2,3
12,s019,225,5,2
12,s019,225,4,6
12,s019,225,7,3
12,s019,225,6,5
12,s019,225,9,7
12,s019,225,8,6
12,s019,225,11,9
12,s019,225,10,6
12,s019,225,13,7
12,s019,225,12,8
12,s019,225,15,3
12,s019,225,14,4
12,s019,225,17,3
12,s019,225,16,2
12,s019,225,19,8
12,s019,225,18,3
12,s019,225,21,4
12,s019,225,20,3
12,s019,225,23,4
12,s019,225,25,2
12,s019,225,24,4
12,s019,225,26,1
12,s019,225,29,1
12,s019,225,28,3
12,s019,225,31,1
12,s020,242,242,92
12,s020,242,243,53
12,s020,242,240,43
12,s020,242,241,21
12,s020,242,246,45
12,s020,242,247,30
12,s020,242,244,18
12,s020,242,245,14
12,s020,242,250,38
12,s020,242,251,17
12,s020,242,248,25
12,s020,242,249,17
12,s020,242,254,28
12,s020,242,255,10
12,s020,242,252,14
12,s020,242,253,5
12,s020,242,226,27
12,s020,242,227,17
12,s020,242,224,17
12,s020,242,225,13
12,s020,242,230,19
12,s020,242,231,11
12,s020,242,228,8
12,s020,242,229,6
12,s020,242,234,11
12,s020,242,235,12
12,s020,242,232,12
12,s020,242,233,10
12,s020,242,238,15
12,s020,242,239,1
12,s020,242,236,9
12,s020,242,237,4
12,s020,242,210,46
12,s020,242,211,23
12,s020,242,208,26
12,s020,242,209,21
12,s020,242,214,27
12,s020,242,215,17
12,s020,242,212,13
12,s020,242,213,9
12,s020,242,218,24
12,s020,242,219,24
12,s020,242,216,14
12,s020,242,217,7
12,s020,242,222,13
12,s020,242,223,9
12,s020,242,220,5
12,s020,242,221,6
12,s020,242,194,20
12,s020,242,195,12
12,s020,242,192,3
12,s020,242,193,7
12,s020,242,198,8
12,s020,242,199,6
12,s020,242,196,10
12,s020,242,197,7
12,s020,242,202,7
12,s020,242,203,6
12,s020,242,200,5
12,s020,242,201,4
12,s020,242,206,1
12,s020,242,207,3
12,s020,242,204,1
12,s020,242,205,2
12,s020,242,178,66
12,s020,242,179,42
12,s020,242,176,36
12,s020,242,177,17
12,s020,242,182,37
12,s020,242,183,10
12,s020,242,180,11
12,s020,242,181,10
12,s020,242,186,27
12,s020,242,187,16
12,s020,242,184,22
12,s020,242,185,10
12,s020,242,190,17
12,s020,242,191,2
12,s020,242,188,13
12,s020,242,189,5
12,s020,242,162,20
12,s020,242,163,10
12,s020,242,160,11
12,s020,242,161,9
12,s020,242,166,8
12,s020,242,167,7
12,s020,242,164,7
12,s020,242,165,1
12,s020,242,170,10
12,s020,242,171,7
12,s020,242,168,4
12,s020,242,169,3
12,s020,242,174,4
12,s020,242,175,2
12,s020,242,172,2
12,s020,242,173,1
12,s020,242,146,29
12,s020,242,147,20
12,s020,242,144,18
12,s020,242,145,15
12,s020,242,150,17
12,s020,242,151,8
12,s020,242,148,8
12,s020,242,149,6
12,s020,242,154,15
12,s020,242,155,5
12,s020,242,152,11
12,s020,242,153,8
12,s020,242,158,3
12,s020,242,159,3
12,s020,242,156,4
12,s020,242,157,1
12,s020,242,130,10
12,s020,242,131,3
12,s020,242,128,4
12,s020,242,129,3
12,s020,242,134,3
12,s020,242,135,2
12,s020,242,132,4
12,s020,242,133,4
12,s020,242,138,4
12,s020,242,139,3
12,s020,242,136,2
12,s020,242,137,2
12,s020,242,142,2
12,s020,242,143,3
12,s020,242,140,2
12,s020,242,114,40
12,s020,242,115,35
12,s020,242,112,25
12,s020,242,113,17
12,s020,242,118,23
12,s020,242,119,13
12,s020,242,116,13
12,s020,242,117,7
12,s020,242,122,22
12,s020,242,123,20
12,s020,242,120,15
12,s020,242,121,9
12,s020,242,126,14
12,s020,242,127,4
12,s020,242,124,3
12,s020,242,125,4
12,s020,242,98,14
12,s020,242,99,19
12,s020,242,96,16
12,s020,242,97,7
12,s020,242,102,9
12,s020,242,103,8
12,s020,242,100,6
12,s020,242,101,2
12,s020,242,106,6
12,s020,242,107,8
12,s020,242,104,3
12,s020,242,105,7
12,s020,242,110,7
12,s020,242,111,3
12,s020,242,108,2
12,s020,242,109,2
12,s020,242,82,23
12,s020,242,83,12
12,s020,242,80,15
12,s020,242,81,13
12,s020,242,86,11
12,s020,242,87,13
12,s020,242,84,7
12,s020,242,85,6
12,s020,242,90,17
12,s020,242,91,11
12,s020,242,88,6
12,s020,242,89,4
12,s020,242,94,11
12,s020,242,95,8
12,s020,242,92,5
12,s020,242,93,2
12,s020,242,66,11
12,s020,242,67,5
12,s020,242,64,6
12,s020,242,65,3
12,s020,242,70,3
12,s020,242,71,4
12,s020,242,68,1
12,s020,242,69,1
12,s020,242,74,4
12,s020,242,75,2
12,s020,242,72,3
12,s020,242,73,1
12,s020,242,78,1
12,s020,242,79,1
12,s020,242,76,3
12,s020,242,50,27
12,s020,242,51,25
12,s020,242,48,14
12,s020,242,49,18
12,s020,242,54,18
12,s020,242,55,8
12,s020,242,52,7
12,s020,242,53,5
12,s020,242,58,14
12,s020,242,59,10
12,s020,242,56,6
12,s020,242,57,3
12,s020,242,62,4
12,s020,242,63,10
12,s020,242,60,4
12,s020,242,61,4
12,s020,242,34,7
12,s020,242,35,10
12,s020,242,32,4
12,s020,242,33,7
12,s020,242,38,2
12,s020,242,39,3
12,s020,242,36,2
12,s020,242,37,3
12,s020,242,42,5
12,s020,242,43,2
12,s020,242,40,3
12,s020,242,41,1
12,s020,242,46,3
12,s020,242,44,2
12,s020,242,45,1
12,s020,242,18,14
12,s020,242,19,10
12,s020,242,16,16
12,s020,242,17,10
12,s020,242,22,10
12,s020,242,20,9
12,s020,242,21,4
12,s020,242,26,3
12,s020,242,27,10
12,s020,242,24,4
12,s020,242,25,4
12,s020,242,30,4
12,s020,242,31,3
12,s020,242,28,1
12,s020,242,29,4
12,s020,242,2,4
12,s020,242,3,7
12,s020,242,0,4
12,s020,242,1,2
12,s020,242,6,2
12,s020,242,4,4
12,s020,242,5,1
12,s020,242,10,4
12,s020,242,11,2
12,s020,242,8,2
12,s020,242,14,1
12,s020,242,12,3
12,s021,138,138,87
12,s021,138,139,51
12,s021,138,136,53
12,s021,138,137,18
12,s021,138,142,42
12,s021,138,143,20
12,s021,138,140,19
12,s021,138,141,16
12,s021,138,130,40
12,s021,138,131,25
12,s021,138,128,23
12,s021,138,129,15
12,s021,138,134,20
12,s021,138,135,20
12,s021,138,132,14
12,s021,138,133,4
12,s021,138,154,30
12,s021,138,155,15
12,s021,138,152,19
12,s021,138,153,15
12,s021,138,158,20
12,s021,138,159,14
12,s021,138,156,12
12,s021,138,157,4
12,s021,138,146,12
12,s021,138,147,12
12,s021,138,144,4
12,s021,138,145,9
12,s021,138,150,8
12,s021,138,151,5
12,s021,138,148,4
12,s021,138,149,5
12,s021,138,170,47
12,s021,138,171,33
12,s021,138,168,24
12,s021,138,169,9
12,s021,138,174,27
12,s021,138,175,14
12,s021,138,172,13
12,s021,138,173,18
12,s021,138,162,20
12,s021,138,163,10
12,s021,138,160,14
12,s021,138,161,7
12,s021,138,166,10
12,s021,138,167,6
12,s021,138,164,9
12,s021,138,165,7
12,s021,138,186,19
12,s021,138,187,10
12,s021,138,184,9
12,s021,138,185,5
12,s021,138,190,12
12,s021,138,191,6
12,s021,138,188,2
12,s021,138,189,2
12,s021,138,178,6
12,s021,138,179,4
12,s021,138,176,4
12,s021,138,177,3
12,s021,138,182,6
12,s021,138,183,4
12,s021,138,180,1
12,s021,138,181,3
12,s021,138,202,49
12,s021,138,203,29
12,s021,138,200,29
12,s021,138,201,15
12,s021,138,206,20
12,s021,138,207,9
12,s021,138,204,22
12,s021,138,205,5
12,s021,138,194,23
12,s021,138,195,19
12,s021,138,192,17
12,s021,138,193,5
12,s021,138,198,10
12,s021,138,199,6
12,s021,138,196,8
12,s021,138,197,4
12,s021,138,218,17
12,s021,138,219,12
12,s021,138,216,12
12,s021,138,217,7
12,s021,138,222,9
12,s021,138,223,5
12,s021,138,220,4
12,s021,138,221,1
12,s021,138,210,16
12,s021,138,211,6
12,s021,138,208,9
12,s021,138,209,5
12,s021,138,214,1
12,s021,138,215,1
12,s021,138,212,6
12,s021,138,213,4
12,s021,138,234,21
12,s021,138,235,8
12,s021,138,232,14
12,s021,138,233,6
12,s021,138,238,14
12,s021,138,239,15
12,s021,138,236,5
12,s021,138,237,6
12,s021,138,226,16
12,s021,138,227,5
12,s021,138,224,6
12,s021,138,225,10
12,s021,138,230,2
12,s021,138,231,5
12,s021,138,228,3
12,s021,138,229,3
12,s021,138,250,15
12,s021,138,251,5
12,s021,138,248,3
12,s021,138,249,5
12,s021,138,254,5
12,s021,138,255,2
12,s021,138,252,4
12,s021,138,253,2
12,s021,138,242,5
12,s021,138,243,7
12,s021,138,240,7
12,s021,138,241,4
12,s021,138,246,4
12,s021,138,247,1
12,s021,138,244,1
12,s021,138,245,3
12,s021,138,10,36
12,s021,138,11,32
12,s021,138,8,19
12,s021,138,9,15
12,s021,138,14,23
12,s021,138,15,12
12,s021,138,12,7
12,s021,138,13,6
12,s021,138,2,14
12,s021,138,3,22
12,s021,138,0,8
12,s021,138,1,7
12,s021,138,6,6
12,s021,138,7,11
12,s021,138,4,5
12,s021,138,5,2
12,s021,138,26,16
12,s021,138,27,6
12,s021,138,24,6
12,s021,138,25,9
12,s021,138,30,7
12,s021,138,31,9
12,s021,138,28,3
12,s021,138,29,2
12,s021,138,18,9
12,s021,138,19,9
12,s021,138,16,1
12,s021,138,17,3
12,s021,138,22,4
12,s021,138,23,5
12,s021,138,20,4
12,s021,138,21,4
12,s021,138,42,29
12,s021,138,43,20
12,s021,138,40,16
12,s021,138,41,9
12,s021,138,46,9
12,s021,138,47,10
12,s021,138,44,8
12,s021,138,45,8
12,s021,138,34,12
12,s021,138,35,14
12,s021,138,32,6
12,s021,138,33,2
12,s021,138,38,6
12,s021,138,39,1
12,s021,138,36,7
12,s021,138,37,3
12,s021,138,58,14
12,s021,138,59,4
12,s021,138,56,4
12,s021,138,57,3
12,s021,138,62,7
12,s021,138,63,6
12,s021,138,61,1
12,s021,138,50,5
12,s021,138,51,1
12,s021,138,48,3
12,s021,138,49,1
12,s021,138,54,2
12,s021,138,55,2
12,s021,138,52,1
12,s021,138,53,1
12,s021,138,74,31
12,s021,138,75,9
12,s021,138,72,22
12,s021,138,73,13
12,s021,138,78,18
12,s021,138,79,12
12,s021,138,76,8
12,s021,138,77,9
12,s021,138,66,13
12,s021,138,67,11
12,s021,138,64,6
12,s021,138,65,4
12,s021,138,70,10
12,s021,138,71,5
12,s021,138,68,6
12,s021,138,69,3
12,s021,138,90,11
12,s021,138,91,9
12,s021,138,88,3
12,s021,138,89,4
12,s021,138,94,4
12,s021,138,95,5
12,s021,138,92,6
12,s021,138,93,1
12,s021,138,82,7
12,s021,138,83,3
12,s021,138,80,2
12,s021,138,81,2
12,s021,138,86,2
12,s021,138,87,4
12,s021,138,85,1
12,s021,138,106,18
12,s021,138,107,15
12,s021,138,104,5
12,s021,138,105,7
12,s021,138,110,9
12,s021,138,111,4
12,s021,138,108,7
12,s021,138,109,3
12,s021,138,98,9
12,s021,138,99,4
12,s021,138,96,7
12,s021,138,97,4
12,s021,138,102,7
12,s021,138,103,4
12,s021,138,101,1
12,s021,138,122,7
12,s021,138,123,3
12,s021,138,120,3
12,s021,138,126,3
12,s021,138,127,1
12,s021,138,124,2
12,s021,138,125,2
12,s021,138,114,1
12,s021,138,115,2
12,s021,138,112,2
12,s021,138,113,1
12,s021,138,118,1
12,s021,138,116,1
12,s022,7,7,103
12,s022,7,6,43
12,s022,7,5,52
12,s022,7,4,24
12,s022,7,3,55
12,s022,7,2,28
12,s022,7,1,23
12,s022,7,0,15
12,s022,7,15,45
12,s022,7,14,30
12,s022,7,13,29
12,s022,7,12,12
12,s022,7,11,25
12,s022,7,10,16
12,s022,7,9,13
12,s022,7,8,7
12,s022,7,23,26
12,s022,7,22,9
12,s022,7,21,14
12,s022,7,20,12
12,s022,7,19,22
12,s022,7,18,8
12,s022,7,17,6
12,s022,7,16,11
12,s022,7,31,22
12,s022,7,30,10
12,s022,7,29,15
12,s022,7,28,4
12,s022,7,27,8
12,s022,7,26,6
12,s022,7,25,4
12,s022,7,24,2
12,s022,7,39,36
12,s022,7,38,23
12,s022,7,37,25
12,s022,7,36,13
12,s022,7,35,22
12,s022,7,34,12
12,s022,7,33,13
12,s022,7,32,10
12,s022,7,47,32
12,s022,7,46,17
12,s022,7,45,9
12,s022,7,44,6
12,s022,7,43,8
12,s022,7,42,8
12,s022,7,41,11
12,s022,7,40,2
12,s022,7,55,15
12,s022,7,54,10
12,s022,7,53,5
12,s022,7,52,8
12,s022,7,51,6
12,s022,7,50,6
12,s022,7,49,4
12,s022,7,48,2
12,s022,7,63,7
12,s022,7,62,5
12,s022,7,61,5
12,s022,7,59,4
12,s022,7,58,8
12,s022,7,57,6
12,s022,7,56,1
12,s022,7,71,51
12,s022,7,70,28
12,s022,7,69,44
12,s022,7,68,28
12,s022,7,67,23
12,s022,7,66,13
12,s022,7,65,14
12,s022,7,64,14
12,s022,7,79,34
12,s022,7,78,12
12,s022,7,77,19
12,s022,7,76,11
12,s022,7,75,15
12,s022,7,74,4
12,s022,7,73,13
12,s022,7,87,15
12,s022,7,86,12
12,s022,7,85,14
12,s022,7,84,5
12,s022,7,83,10
12,s022,7,82,6
12,s022,7,81,9
12,s022,7,80,3
12,s022,7,95,13
12,s022,7,94,4
12,s022,7,93,7
12,s022,7,91,5
12,s022,7,90,2
12,s022,7,89,2
12,s022,7,88,2
12,s022,7,103,30
12,s022,7,102,12
12,s022,7,101,20
12,s022,7,100,13
12,s022,7,99,19
12,s022,7,98,7
12,s022,7,97,7
12,s022,7,96,3
12,s022,7,111,14
12,s022,7,110,10
12,s022,7,109,9
12,s022,7,108,5
12,s022,7,107,4
12,s022,7,106,2
12,s022,7,105,3
12,s022,7,104,3
12,s022,7,119,7
12,s022,7,118,2
12,s022,7,117,6
12,s022,7,116,4
12,s022,7,115,1
12,s022,7,114,4
12,s022,7,113,6
12,s022,7,112,4
12,s022,7,127,8
12,s022,7,126,2
12,s022,7,125,5
12,s022,7,124,4
12,s022,7,123,5
12,s022,7,122,1
12,s022,7,121,1
12,s022,7,135,39
12,s022,7,134,40
12,s022,7,133,26
12,s022,7,132,21
12,s022,7,131,25
12,s022,7,130,9
12,s022,7,129,17
12,s022,7,128,10
12,s022,7,143,28
12,s022,7,142,11
12,s022,7,141,12
12,s022,7,140,12
12,s022,7,139,16
12,s022,7,138,5
12,s022,7,137,8
12,s022,7,136,3
12,s022,7,151,20
12,s022,7,150,6
12,s022,7,149,5
12,s022,7,148,7
12,s022,7,147,2
12,s022,7,146,11
12,s022,7,145,3
12,s022,7,159,8
12,s022,7,158,6
12,s022,7,157,6
12,s022,7,156,5
12,s022,7,155,5
12,s022,7,154,4
12,s022,7,153,3
12,s022,7,152,1
12,s022,7,167,26
12,s022,7,166,23
12,s022,7,165,15
12,s022,7,164,18
12,s022,7,163,15
12,s022,7,162,6
12,s022,7,161,7
12,s022,7,160,4
12,s022,7,175,15
12,s022,7,174,13
12,s022,7,173,4
12,s022,7,172,1
12,s022,7,171,7
12,s022,7,170,6
12,s022,7,169,4
12,s022,7,168,2
12,s022,7,183,7
12,s022,7,182,4
12,s022,7,181,3
12,s022,7,180,3
12,s022,7,179,4
12,s022,7,178,4
12,s022,7,177,4
12,s022,7,176,2
12,s022,7,191,5
12,s022,7,190,5
12,s022,7,187,4
12,s022,7,186,3
12,s022,7,199,29
12,s022,7,198,18
12,s022,7,197,14
12,s022,7,196,12
12,s022,7,195,15
12,s022,7,194,8
12,s022,7,193,7
12,s022,7,192,2
12,s022,7,207,11
12,s022,7,206,11
12,s022,7,205,10
12,s022,7,204,4
12,s022,7,203,9
12,s022,7,202,7
12,s022,7,201,6
12,s022,7,200,2
12,s022,7,215,13
12,s022,7,214,8
12,s022,7,213,3
12,s022,7,212,5
12,s022,7,211,3
12,s022,7,210,6
12,s022,7,209,4
12,s022,7,208,5
12,s022,7,223,1
12,s022,7,222,1
12,s022,7,221,2
12,s022,7,220,4
12,s022,7,219,6
12,s022,7,218,1
12,s022,7,217,2
12,s022,7,216,1
12,s022,7,231,18
12,s022,7,230,13
12,s022,7,229,10
12,s022,7,228,9
12,s022,7,227,6
12,s022,7,226,4
12,s022,7,225,6
12,s022,7,224,2
12,s022,7,239,9
12,s022,7,238,3
12,s022,7,237,3
12,s022,7,236,1
12,s022,7,235,4
12,s022,7,234,1
12,s022,7,233,2
12,s022,7,232,2
12,s022,7,247,4
12,s022,7,246,4
12,s022,7,245,2
12,s022,7,244,3
12,s022,7,243,4
12,s022,7,242,1
12,s022,7,241,1
12,s022,7,255,3
12,s022,7,254,4
12,s022,7,253,1
12,s022,7,252,3
12,s022,7,251,1
12,s023,115,115,91
12,s023,115,114,47
12,s023,115,113,43
12,s023,115,112,25
12,s023,115,119,47
12,s023,115,118,23
12,s023,115,117,27
12,s023,115,116,12
12,s023,115,123,41
12,s023,115,122,32
12,s023,115,121,20
12,s023,115,120,18
12,s023,115,127,24
12,s023,115,126,16
12,s023,115,125,18
12,s023,115,124,14
12,s023,115,99,37
12,s023,115,98,27
12,s023,115,97,13
12,s023,115,96,11
12,s023,115,103,22
12,s023,115,102,12
12,s023,115,101,9
12,s023,115,100,4
12,s023,115,107,15
12,s023,115,106,5
12,s023,115,105,13
12,s023,115,104,6
12,s023,115,111,11
12,s023,115,110,2
12,s023,115,109,4
12,s023,115,108,2
12,s023,115,83,47
12,s023,115,82,27
12,s023,115,81,18
12,s023,115,80,16
12,s023,115,87,25
12,s023,115,86,20
12,s023,115,85,13
12,s023,115,84,7
12,s023,115,91,21
12,s023,115,90,13
12,s023,115,89,10
12,s023,115,88,10
12,s023,115,95,12
12,s023,115,94,8
12,s023,115,93,8
12,s023,115,92,6
12,s023,115,67,27
12,s023,115,66,13
12,s023,115,65,8
12,s023,115,64,6
12,s023,115,71,17
12,s023,115,70,7
12,s023,115,69,8
12,s023,115,68,5
12,s023,115,75,8
12,s023,115,74,4
12,s023,115,73,6
12,s023,115,72,1
12,s023,115,79,5
12,s023,115,78,2
12,s023,115,77,1
12,s023,115,51,50
12,s023,115,50,29
12,s023,115,49,31
12,s023,115,48,22
12,s023,115,55,26
12,s023,115,54,21
12,s023,115,53,21
12,s023,115,52,10
12,s023,115,59,21
12,s023,115,58,12
12,s023,115,57,13
12,s023,115,56,7
12,s023,115,63,21
12,s023,115,62,7
12,s023,115,61,9
12,s023,115,60,7
12,s023,115,35,22
12,s023,115,34,10
12,s023,115,33,10
12,s023,115,32,5
12,s023,115,39,11
12,s023,115,38,6
12,s023,115,37,6
12,s023,115,36,9
12,s023,115,43,10
12,s023,115,42,8
12,s023,115,41,4
12,s023,115,40,3
12,s023,115,47,1
12,s023,115,46,6
12,s023,115,45,4
12,s023,115,44,2
12,s023,115,19,26
12,s023,115,18,19
12,s023,115,17,24
12,s023,115,16,10
12,s023,115,23,11
12,s023,115,22,4
12,s023,115,21,10
12,s023,115,20,7
12,s023,115,27,12
12,s023,115,26,8
12,s023,115,25,12
12,s023,115,24,7
12,s023,115,31,10
12,s023,115,30,5
12,s023,115,29,8
12,s023,115,28,2
12,s023,115,3,11
12,s023,115,2,9
12,s023,115,1,4
12,s023,115,0,5
12,s023,115,7,7
12,s023,115,6,6
12,s023,115,5,5
12,s023,115,11,3
12,s023,115,10,2
12,s023,115,9,3
12,s023,115,8,2
12,s023,115,15,1
12,s023,115,14,3
12,s023,115,13,2
12,s023,115,243,51
12,s023,115,242,34
12,s023,115,241,33
12,s023,115,240,24
12,s023,115,247,28
12,s023,115,246,12
12,s023,115,245,13
12,s023,115,244,14
12,s023,115,251,31
12,s023,115,250,21
12,s023,115,249,6
12,s023,115,248,5
12,s023,115,255,14
12,s023,115,254,7
12,s023,115,253,2
12,s023,115,252,4
12,s023,115,227,21
12,s023,115,226,12
12,s023,115,225,15
12,s023,115,224,7
12,s023,115,231,10
12,s023,115,230,6
12,s023,115,229,6
12,s023,115,235,12
12,s023,115,234,3
12,s023,115,233,9
12,s023,115,232,3
12,s023,115,239,7
12,s023,115,238,4
12,s023,115,237,3
12,s023,115,236,4
12,s023,115,211,20
12,s023,115,210,15
12,s023,115,209,10
12,s023,115,208,6
12,s023,115,215,17
12,s023,115,214,7
12,s023,115,213,7
12,s023,115,212,8
12,s023,115,219,17
12,s023,115,218,11
12,s023,115,217,2
12,s023,115,216,4
12,s023,115,223,4
12,s023,115,222,6
12,s023,115,221,4
12,s023,115,220,3
12,s023,115,195,12
12,s023,115,194,5
12,s023,115,193,5
12,s023,115,192,4
12,s023,115,199,6
12,s023,115,198,3
12,s023,115,197,3
12,s023,115,196,2
12,s023,115,203,4
12,s023,115,202,3
12,s023,115,201,6
12,s023,115,200,3
12,s023,115,207,3
12,s023,115,205,3
12,s023,115,179,26
12,s023,115,178,28
12,s023,115,177,26
12,s023,115,176,9
12,s023,115,183,16
12,s023,115,182,5
12,s023,115,181,4
12,s023,115,180,6
12,s023,115,187,21
12,s023,115,186,10
12,s023,115,185,4
12,s023,115,184,10
12,s023,115,191,10
12,s023,115,190,8
12,s023,115,189,3
12,s023,115,188,6
12,s023,115,163,12
12,s023,115,162,7
12,s023,115,161,5
12,s023,115,160,5
12,s023,115,167,4
12,s023,115,166,4
12,s023,115,165,2
12,s023,115,164,2
12,s023,115,171,3
12,s023,115,170,4
12,s023,115,169,2
12,s023,115,175,4
12,s023,115,174,1
12,s023,115,173,3
12,s023,115,172,1
12,s023,115,147,7
12,s023,115,146,4
12,s023,115,145,10
12,s023,115,144,5
12,s023,115,151,8
12,s023,115,150,6
12,s023,115,149,7
12,s023,115,148,5
12,s023,115,155,6
12,s023,115,154,4
12,s023,115,153,4
12,s023,115,152,2
12,s023,115,159,5
12,s023,115,158,1
12,s023,115,157,7
12,s023,115,156,3
12,s023,115,131,5
12,s023,115,130,3
12,s023,115,129,5
12,s023,115,128,4
12,s023,115,135,4
12,s023,115,134,4
12,s023,115,133,5
12,s023,115,132,1
12,s023,115,139,4
12,s023,115,138,1
12,s023,115,142,1
12,s024,149,149,108
12,s024,149,148,52
12,s024,149,151,61
12,s024,149,150,27
12,s024,149,145,41
12,s024,149,144,33
12,s024,149,147,26
12,s024,149,146,13
12,s024,149,157,46
12,s024,149,156,25
12,s024,149,159,27
12,s024,149,158,12
12,s024,149,153,29
12,s024,149,152,15
12,s024,149,155,16
12,s024,149,154,9
12,s024,149,133,33
12,s024,149,132,18
12,s024,149,135,18
12,s024,149,134,11
12,s024,149,129,18
12,s024,149,128,8
12,s024,149,131,7
12,s024,149,130,7
12,s024,149,141,21
12,s024,149,140,10
12,s024,149,143,10
12,s024,149,142,6
12,s024,149,137,6
12,s024,149,136,6
12,s024,149,139,5
12,s024,149,138,4
12,s024,149,181,61
12,s024,149,180,28
12,s024,149,183,27
12,s024,149,182,12
12,s024,149,177,26
12,s024,149,176,13
12,s024,149,179,8
12,s024,149,178,4
12,s024,149,189,30
12,s024,149,188,7
12,s024,149,191,14
12,s024,149,190,3
12,s024,149,185,14
12,s024,149,184,5
12,s024,149,187,7
12,s024,149,165,21
12,s024,149,164,8
12,s024,149,167,5
12,s024,149,166,3
12,s024,149,161,12
12,s024,149,160,5
12,s024,149,163,6
12,s024,149,162,6
12,s024,149,173,5
12,s024,149,172,2
12,s024,149,175,4
12,s024,149,174,5
12,s024,149,169,10
12,s024,149,168,2
12,s024,149,171,3
12,s024,149,170,2
12,s024,149,213,53
12,s024,149,212,24
12,s024,149,215,34
12,s024,149,214,15
12,s024,149,209,20
12,s024,149,208,12
12,s024,149,211,11
12,s024,149,210,12
12,s024,149,221,25
12,s024,149,220,9
12,s024,149,223,15
12,s024,149,222,9
12,s024,149,217,24
12,s024,149,216,4
12,s024,149,219,8
12,s024,149,218,4
12,s024,149,197,14
12,s024,149,196,6
12,s024,149,199,17
12,s024,149,198,3
12,s024,149,193,11
12,s024,149,192,5
12,s024,149,195,15
12,s024,149,194,4
12,s024,149,205,7
12,s024,149,204,8
12,s024,149,207,4
12,s024,149,206,8
12,s024,149,201,4
12,s024,149,200,6
12,s024,149,203,6
12,s024,149,202,2
12,s024,149,245,20
12,s024,149,244,17
12,s024,149,247,19
12,s024,149,246,9
12,s024,149,241,20
12,s024,149,240,7
12,s024,149,243,16
12,s024,149,242,3
12,s024,149,253,19
12,s024,149,252,10
12,s024,149,255,7
12,s024,149,254,6
12,s024,149,249,9
12,s024,149,248,10
12,s024,149,251,2
12,s024,149,250,6
12,s024,149,229,9
12,s024,149,228,6
12,s024,149,231,9
12,s024,149,230,6
12,s024,149,225,5
12,s024,149,224,3
12,s024,149,227,6
12,s024,149,226,1
12,s024,149,237,6
12,s024,149,236,1
12,s024,149,239,3
12,s024,149,238,1
12,s024,149,233,3
12,s024,149,234,3
12,s024,149,21,51
12,s024,149,20,37
12,s024,149,23,28
12,s024,149,22,27
12,s024,149,17,24
12,s024,149,16,14
12,s024,149,19,14
12,s024,149,18,13
12,s024,149,29,24
12,s024,149,28,25
12,s024,149,31,15
12,s024,149,30,7
12,s024,149,25,9
12,s024,149,24,9
12,s024,149,27,3
12,s024,149,26,4
12,s024,149,5,17
12,s024,149,4,15
12,s024,149,7,9
12,s024,149,6,6
12,s024,149,1,10
12,s024,149,0,6
12,s024,149,3,6
12,s024,149,2,1
12,s024,149,13,10
12,s024,149,12,4
12,s024,149,15,9
12,s024,149,14,2
12,s024,149,9,3
12,s024,149,8,4
12,s024,149,11,1
12,s024,149,53,22
12,s024,149,52,19
12,s024,149,55,15
12,s024,149,54,14
12,s024,149,49,10
12,s024,149,48,14
12,s024,149,51,7
12,s024,149,50,7
12,s024,149,61,16
12,s024,149,60,6
12,s024,149,63,4
12,s024,149,62,5
12,s024,149,57,7
12,s024,149,56,5
12,s024,149,59,5
12,s024,149,58,3
12,s024,149,37,6
12,s024,149,36,10
12,s024,149,39,3
12,s024,149,38,3
12,s024,149,33,5
12,s024,149,32,6
12,s024,149,35,2
12,s024,149,34,2
12,s024,149,45,4
12,s024,149,44,3
12,s024,149,47,2
12,s024,149,46,2
12,s024,149,41,3
12,s024,149,40,5
12,s024,149,43,2
12,s024,149,85,33
12,s024,149,84,17
12,s024,149,87,15
12,s024,149,86,14
12,s024,149,81,9
12,s024,149,80,9
12,s024,149,83,7
12,s024,149,82,2
12,s024,149,93,12
12,s024,149,92,8
12,s024,149,95,10
12,s024,149,94,8
12,s024,149,89,5
12,s024,149,88,6
12,s024,149,91,4
12,s024,149,90,6
12,s024,149,69,8
12,s024,149,68,8
12,s024,149,71,6
12,s024,149,70,4
12,s024,149,65,3
12,s024,149,64,6
12,s024,149,67,3
12,s024,149,66,3
12,s024,149,77,2
12,s024,149,76,3
12,s024,149,79,4
12,s024,149,73,3
12,s024,149,72,2
12,s024,149,75,1
12,s024,149,74,1
12,s024,149,117,18
12,s024,149,116,12
12,s024,149,119,12
12,s024,149,118,8
12,s024,149,113,12
12,s024,149,112,6
12,s024,149,115,5
12,s024,149,114,2
12,s024,149,125,4
12,s024,149,124,4
12,s024,149,127,4
12,s024,149,126,6
12,s024,149,121,5
12,s024,149,120,3
12,s024,149,123,2
12,s024,149,101,2
12,s024,149,100,3
12,s024,149,103,4
12,s024,149,102,2
12,s024,149,97,4
12,s024,149,96,1
12,s024,149,99,2
12,s024,149,98,1
12,s024,149,109,1
12,s024,149,108,3
12,s024,149,111,1
12,s024,149,110,2
12,s024,149,105,3
12,s024,149,104,2
12,s024,149,107,1
12,s024,149,106,1
12,s025,196,196,89
12,s025,196,197,46
12,s025,196,198,53
12,s025,196,199,34
12,s025,196,192,43
12,s025,196,193,16
12,s025,196,194,33
12,s025,196,195,11
12,s025,196,204,54
12,s025,196,205,28
12,s025,196,206,28
12,s025,196,207,17
12,s025,196,200,17
12,s025,196,201,16
12,s025,196,202,19
12,s025,196,203,9
12,s025,196,212,33
12,s025,196,213,24
12,s025,196,214,28
12,s025,196,215,13
12,s025,196,208,24
12,s025,196,209,5
12,s025,196,210,9
12,s025,196,211,7
12,s025,196,220,13
12,s025,196,221,14
12,s025,196,222,13
12,s025,196,223,9
12,s025,196,216,7
12,s025,196,217,2
12,s025,196,218,5
12,s025,196,219,6
12,s025,196,228,47
12,s025,196,229,22
12,s025,196,230,25
12,s025,196,231,16
12,s025,196,224,25
12,s025,196,225,13
12,s025,196,226,13
12,s025,196,227,6
12,s025,196,236,20
12,s025,196,237,11
12,s025,196,238,10
12,s025,196,239,11
12,s025,196,232,9
12,s025,196,233,7
12,s025,196,234,17
12,s025,196,235,3
12,s025,196,244,15
12,s025,196,245,8
12,s025,196,246,13
12,s025,196,247,7
12,s025,196,240,7
12,s025,196,241,8
12,s025,196,242,2
12,s025,196,243,4
12,s025,196,252,8
12,s025,196,253,5
12,s025,196,254,4
12,s025,196,255,3
12,s025,196,248,4
12,s025,196,249,4
12,s025,196,250,4
12,s025,196,132,55
12,s025,196,133,25
12,s025,196,134,41
12,s025,196,135,27
12,s025,196,128,28
12,s025,196,129,12
12,s025,196,130,15
12,s025,196,131,10
12,s025,196,140,30
12,s025,196,141,14
12,s025,196,142,13
12,s025,196,143,11
12,s025,196,136,12
12,s025,196,137,4
12,s025,196,138,4
12,s025,196,139,8
12,s025,196,148,23
12,s025,196,149,18
12,s025,196,150,11
12,s025,196,151,13
12,s025,196,144,16
12,s025,196,145,10
12,s025,196,146,6
12,s025,196,147,4
12,s025,196,156,10
12,s025,196,157,7
12,s025,196,158,5
12,s025,196,159,3
12,s025,196,152,6
12,s025,196,153,4
12,s025,196,154,1
12,s025,196,155,2
12,s025,196,164,17
12,s025,196,165,16
12,s025,196,166,15
12,s025,196,167,8
12,s025,196,160,13
12,s025,196,161,6
12,s025,196,162,8
12,s025,196,163,6
12,s025,196,172,6
12,s025,196,173,9
12,s025,196,174,4
12,s025,196,175,4
12,s025,196,168,10
12,s025,196,169,8
12,s025,196,180,7
12,s025,196,181,6
12,s025,196,182,9
12,s025,196,183,3
12,s025,196,176,5
12,s025,196,177,2
12,s025,196,178,5
12,s025,196,179,1
12,s025,196,188,2
12,s025,196,189,4
12,s025,196,190,2
12,s025,196,191,3
12,s025,196,184,4
12,s025,196,185,2
12,s025,196,186,2
12,s025,196,68,40
12,s025,196,69,33
12,s025,196,70,35
12,s025,196,71,17
12,s025,196,64,27
12,s025,196,65,17
12,s025,196,66,12
12,s025,196,67,6
12,s025,196,76,26
12,s025,196,77,16
12,s025,196,78,18
12,s025,196,79,12
12,s025,196,72,13
12,s025,196,73,14
12,s025,196,74,5
12,s025,196,75,3
12,s025,196,84,15
12,s025,196,85,13
12,s025,196,86,13
12,s025,196,87,5
12,s025,196,80,6
12,s025,196,81,3
12,s025,196,82,7
12,s025,196,83,6
12,s025,196,92,14
12,s025,196,93,6
12,s025,196,94,5
12,s025,196,95,5
12,s025,196,88,3
12,s025,196,89,3
12,s025,196,90,2
12,s025,196,91,1
12,s025,196,100,42
12,s025,196,101,16
12,s025,196,102,11
12,s025,196,103,11
12,s025,196,96,7
12,s025,196,97,8
12,s025,196,98,9
12,s025,196,99,6
12,s025,196,108,10
12,s025,196,109,5
12,s025,196,110,8
12,s025,196,111,9
12,s025,196,104,5
12,s025,196,105,1
12,s025,196,106,7
12,s025,196,107,5
12,s025,196,116,9
12,s025,196,117,7
12,s025,196,118,2
12,s025,196,119,3
12,s025,196,112,6
12,s025,196,113,4
12,s025,196,114,3
12,s025,196,115,1
12,s025,196,124,8
12,s025,196,125,3
12,s025,196,126,1
12,s025,196,127,4
12,s025,196,120,1
12,s025,196,122,2
12,s025,196,123,2
12,s025,196,4,37
12,s025,196,5,21
12,s025,196,6,14
12,s025,196,7,18
12,s025,196,0,18
12,s025,196,1,13
12,s025,196,2,9
12,s025,196,3,7
12,s025,196,12,11
12,s025,196,13,11
12,s025,196,14,9
12,s025,196,15,11
12,s025,196,8,4
12,s025,196,9,4
12,s025,196,10,4
12,s025,196,11,1
12,s025,196,20,12
12,s025,196,21,9
12,s025,196,22,8
12,s025,196,23,6
12,s025,196,16,13
12,s025,196,17,2
12,s025,196,18,6
12,s025,196,19,2
12,s025,196,28,5
12,s025,196,29,2
12,s025,196,30,2
12,s025,196,31,2
12,s025,196,24,3
12,s025,196,25,1
12,s025,196,26,2
12,s025,196,36,16
12,s025,196,37,7
12,s025,196,38,5
12,s025,196,39,5
12,s025,196,32,10
12,s025,196,33,7
12,s025,196,34,4
12,s025,196,35,7
12,s025,196,44,7
12,s025,196,45,4
12,s025,196,46,5
12,s025,196,47,4
12,s025,196,40,3
12,s025,196,41,3
12,s025,196,42,1
12,s025,196,43,1
12,s025,196,52,6
12,s025,196,53,4
12,s025,196,54,2
12,s025,196,55,5
12,s025,196,48,3
12,s025,196,49,1
12,s025,196,50,2
12,s025,196,51,1
12,s025,196,60,2
12,s025,196,61,1
12,s025,196,62,3
12,s025,196,63,2
12,s025,196,57,2
12,s025,196,59,1
12,s026,178,178,83
12,s026,178,179,47
12,s026,178,176,46
12,s026,178,177,28
12,s026,178,182,40
12,s026,178,183,24
12,s026,178,180,29
12,s026,178,181,17
12,s026,178,186,53
12,s026,178,187,26
12,s026,178,184,30
12,s026,178,185,20
12,s026,178,190,22
12,s026,178,191,13
12,s026,178,188,13
12,s026,178,189,5
12,s026,178,162,26
12,s026,178,163,17
12,s026,178,160,14
12,s026,178,161,9
12,s026,178,166,17
12,s026,178,167,9
12,s026,178,164,9
12,s026,178,165,6
12,s026,178,170,22
12,s026,178,171,9
12,s026,178,168,8
12,s026,178,169,6
12,s026,178,174,4
12,s026,178,175,4
12,s026,178,172,4
12,s026,178,146,47
12,s026,178,147,22
12,s026,178,144,24
12,s026,178,145,17
12,s026,178,150,16
12,s026,178,151,15
12,s026,178,148,11
12,s026,178,149,4
12,s026,178,154,19
12,s026,178,155,19
12,s026,178,152,9
12,s026,178,153,3
12,s026,178,158,10
12,s026,178,159,10
12,s026,178,156,6
12,s026,178,157,5
12,s026,178,130,13
12,s026,178,131,11
12,s026,178,128,5
12,s026,178,129,4
12,s026,178,134,6
12,s026,178,135,2
12,s026,178,132,6
12,s026,178,133,2
12,s026,178,138,7
12,s026,178,139,7
12,s026,178,136,5
12,s026,178,137,3
12,s026,178,142,2
12,s026,178,143,2
12,s026,178,140,3
12,s026,178,141,2
12,s026,178,242,57
12,s026,178,243,24
12,s026,178,240,31
12,s026,178,241,14
12,s026,178,246,26
12,s026,178,247,15
12,s026,178,244,17
12,s026,178,245,10
12,s026,178,250,25
12,s026,178,251,12
12,s026,178,248,15
12,s026,178,249,7
12,s026,178,254,6
12,s026,178,255,6
12,s026,178,252,5
12,s026,178,253,6
12,s026,178,226,24
12,s026,178,227,10
12,s026,178,224,11
12,s026,178,225,7
12,s026,178,230,10
12,s026,178,231,3
12,s026,178,228,8
12,s026,178,229,4
12,s026,178,234,8
12,s026,178,235,10
12,s026,178,232,7
12,s026,178,233,6
12,s026,178,238,6
12,s026,178,239,3
12,s026,178,236,4
12,s026,178,210,19
12,s026,178,211,14
12,s026,178,208,13
12,s026,178,209,9
12,s026,178,214,11
12,s026,178,215,7
12,s026,178,212,8
12,s026,178,213,6
12,s026,178,218,9
12,s026,178,219,10
12,s026,178,216,3
12,s026,178,217,7
12,s026,178,222,9
12,s026,178,223,5
12,s026,178,220,3
12,s026,178,221,2
12,s026,178,194,8
12,s026,178,195,5
12,s026,178,192,5
12,s026,178,193,3
12,s026,178,198,5
12,s026,178,199,3
12,s026,178,196,3
12,s026,178,197,4
12,s026,178,202,3
12,s026,178,203,3
12,s026,178,200,5
12,s026,178,201,1
12,s026,178,206,5
12,s026,178,207,2
12,s026,178,204,1
12,s026,178,205,2
12,s026,178,50,55
12,s026,178,51,33
12,s026,178,48,31
12,s026,178,49,15
12,s026,178,54,18
12,s026,178,55,19
12,s026,178,52,16
12,s026,178,53,8
12,s026,178,58,23
12,s026,178,59,19
12,s026,178,56,13
12,s026,178,57,7
12,s026,178,62,13
12,s026,178,63,12
12,s026,178,60,11
12,s026,178,61,6
12,s026,178,34,5
12,s026,178,35,12
12,s026,178,32,8
12,s026,178,33,4
12,s026,178,38,10
12,s026,178,39,3
12,s026,178,36,6
12,s026,178,42,10
12,s026,178,43,5
12,s026,178,40,6
12,s026,178,41,3
12,s026,178,46,2
12,s026,178,47,5
12,s026,178,44,5
12,s026,178,45,2
12,s026,178,18,17
12,s026,178,19,20
12,s026,178,16,13
12,s026,178,17,10
12,s026,178,22,9
12,s026,178,23,4
12,s026,178,20,5
12,s026,178,21,6
12,s026,178,26,12
12,s026,178,27,12
12,s026,178,24,7
12,s026,178,25,5
12,s026,178,30,9
12,s026,178,31,2
12,s026,178,28,2
12,s026,178,29,5
12,s026,178,2,9
12,s026,178,3,7
12,s026,178,0,4
12,s026,178,1,4
12,s026,178,6,4
12,s026,178,7,5
12,s026,178,4,5
12,s026,178,5,1
12,s026,178,10,4
12,s026,178,11,5
12,s026,178,8,1
12,s026,178,14,4
12,s026,178,15,1
12,s026,178,12,2
12,s026,178,114,27
12,s026,178,115,15
12,s026,178,112,13
12,s026,178,113,6
12,s026,178,118,13
12,s026,178,119,7
12,s026,178,116,13
12,s026,178,117,7
12,s026,178,122,10
12,s026,178,123,19
12,s026,178,120,5
12,s026,178,121,2
12,s026,178,126,8
12,s026,178,127,3
12,s026,178,124,5
12,s026,178,125,1
12,s026,178,98,12
12,s026,178,99,8
12,s026,178,96,5
12,s026,178,97,4
12,s026,178,102,4
12,s026,178,103,1
12,s026,178,101,6
12,s026,178,106,12
12,s026,178,107,2
12,s026,178,104,3
12,s026,178,105,1
12,s026,178,110,4
12,s026,178,111,3
12,s026,178,108,4
12,s026,178,109,1
12,s026,178,82,12
12,s026,178,83,5
12,s026,178,80,10
12,s026,178,81,4
12,s026,178,86,7
12,s026,178,87,7
12,s026,178,84,4
12,s026,178,85,8
12,s026,178,90,6
12,s026,178,91,1
12,s026,178,88,5
12,s026,178,89,6
12,s026,178,94,7
12,s026,178,95,2
12,s026,178,92,1
12,s026,178,93,3
12,s026,178,66,6
12,s026,178,67,3
12,s026,178,64,2
12,s026,178,65,1
12,s026,178,70,1
12,s026,178,71,2
12,s026,178,69,2
12,s026,178,74,4
12,s026,178,75,1
12,s026,178,72,1
12,s026,178,73,2
12,s026,178,78,1
12,s027,227,227,102
12,s027,227,226,48
12,s027,227,225,46
12,s027,227,224,28
12,s027,227,231,53
12,s027,227,230,23
12,s027,227,229,33
12,s027,227,228,11
12,s027,227,235,52
12,s027,227,234,26
12,s027,227,233,28
12,s027,227,232,17
12,s027,227,239,20
12,s027,227,238,14
12,s027,227,237,14
12,s027,227,236,9
12,s027,227,243,25
12,s027,227,242,16
12,s027,227,241,18
12,s027,227,240,13
12,s027,227,247,18
12,s027,227,246,11
12,s027,227,245,13
12,s027,227,244,5
12,s027,227,251,18
12,s027,227,250,8
12,s027,227,249,9
12,s027,227,248,5
12,s027,227,255,7
12,s027,227,254,6
12,s027,227,253,5
12,s027,227,252,4
12,s027,227,195,50
12,s027,227,194,30
12,s027,227,193,26
12,s027,227,192,17
12,s027,227,199,25
12,s027,227,198,10
12,s027,227,197,7
12,s027,227,196,9
12,s027,227,203,24
12,s027,227,202,11
12,s027,227,201,12
12,s027,227,200,9
12,s027,227,207,13
12,s027,227,206,11
12,s027,227,205,6
12,s027,227,204,2
12,s027,227,211,11
12,s027,227,210,11
12,s027,227,209,13
12,s027,227,208,11
12,s027,227,215,8
12,s027,227,214,8
12,s027,227,213,5
12,s027,227,212,2
12,s027,227,219,7
12,s027,227,218,10
12,s027,227,217,11
12,s027,227,216,6
12,s027,227,223,2
12,s027,227,222,3
12,s027,227,221,4
12,s027,227,220,1
12,s027,227,163,61
12,s027,227,162,27
12,s027,227,161,28
12,s027,227,160,30
12,s027,227,167,29
12,s027,227,166,13
12,s027,227,165,12
12,s027,227,164,10
12,s027,227,171,24
12,s027,227,170,14
12,s027,227,169,18
12,s027,227,168,6
12,s027,227,175,9
12,s027,227,174,16
12,s027,227,173,5
12,s027,227,172,7
12,s027,227,179,25
12,s027,227,178,9
12,s027,227,177,15
12,s027,227,176,4
12,s027,227,183,14
12,s027,227,182,2
12,s027,227,181,9
12,s027,227,180,3
12,s027,227,187,13
12,s027,227,186,9
12,s027,227,185,11
12,s027,227,184,7
12,s027,227,191,3
12,s027,227,189,7
12,s027,227,188,1
12,s027,227,131,28
12,s027,227,130,19
12,s027,227,129,19
12,s027,227,128,16
12,s027,227,135,14
12,s027,227,134,6
12,s027,227,133,6
12,s027,227,132,7
12,s027,227,139,15
12,s027,227,138,4
12,s027,227,137,9
12,s027,227,136,6
12,s027,227,143,7
12,s027,227,142,5
12,s027,227,141,5
12,s027,227,140,4
12,s027,227,147,6
12,s027,227,146,6
12,s027,227,145,2
12,s027,227,144,4
12,s027,227,151,9
12,s027,227,150,4
12,s027,227,149,4
12,s027,227,148,3
12,s027,227,155,4
12,s027,227,154,7
12,s027,227,153,3
12,s027,227,152,2
12,s027,227,159,6
12,s027,227,158,2
12,s027,227,99,46
12,s027,227,98,36
12,s027,227,97,26
12,s027,227,96,22
12,s027,227,103,21
12,s027,227,102,14
12,s027,227,101,19
12,s027,227,100,5
12,s027,227,107,25
12,s027,227,106,14
12,s027,227,105,17
12,s027,227,104,15
12,s027,227,111,15
12,s027,227,110,8
12,s027,227,109,7
12,s027,227,108,5
12,s027,227,115,25
12,s027,227,114,14
12,s027,227,113,8
12,s027,227,112,9
12,s027,227,119,6
12,s027,227,118,6
12,s027,227,117,1
12,s027,227,116,3
12,s027,227,123,12
12,s027,227,122,7
12,s027,227,121,2
12,s027,227,120,6
12,s027,227,127,6
12,s027,227,126,3
12,s027,227,125,1
12,s027,227,124,2
12,s027,227,67,28
12,s027,227,66,14
12,s027,227,65,11
12,s027,227,64,15
12,s027,227,71,9
12,s027,227,70,12
12,s027,227,69,8
12,s027,227,68,12
12,s027,227,75,13
12,s027,227,74,8
12,s027,227,73,4
12,s027,227,72,10
12,s027,227,79,9
12,s027,227,78,5
12,s027,227,77,6
12,s027,227,76,3
12,s027,227,83,8
12,s027,227,82,4
12,s027,227,81,3
12,s027,227,80,1
12,s027,227,87,5
12,s027,227,86,2
12,s027,227,85,4
12,s027,227,91,3
12,s027,227,90,3
12,s027,227,89,4
12,s027,227,88,4
12,s027,227,95,3
12,s027,227,94,2
12,s027,227,93,1
12,s027,227,92,1
12,s027,227,35,34
12,s027,227,34,17
12,s027,227,33,22
12,s027,227,32,9
12,s027,227,39,9
12,s027,227,38,12
12,s027,227,37,8
12,s027,227,36,8
12,s027,227,43,17
12,s027,227,42,9
12,s027,227,41,8
12,s027,227,40,2
12,s027,227,47,7
12,s027,227,46,2
12,s027,227,45,4
12,s027,227,44,4
12,s027,227,51,10
12,s027,227,50,11
12,s027,227,49,8
12,s027,227,48,5
12,s027,227,55,7
12,s027,227,54,4
12,s027,227,53,2
12,s027,227,52,3
12,s027,227,59,8
12,s027,227,58,4
12,s027,227,57,2
12,s027,227,56,3
12,s027,227,63,2
12,s027,227,62,1
12,s027,227,61,5
12,s027,227,60,1
12,s027,227,3,14
12,s027,227,2,5
12,s027,227,1,9
12,s027,227,0,8
12,s027,227,7,9
12,s027,227,6,3
12,s027,227,5,5
12,s027,227,4,6
12,s027,227,11,5
12,s027,227,10,4
12,s027,227,9,5
12,s027,227,8,3
12,s027,227,15,4
12,s027,227,14,3
12,s027,227,13,2
12,s027,227,12,1
12,s027,227,19,5
12,s027,227,18,5
12,s027,227,17,9
12,s027,227,16,2
12,s027,227,23,7
12,s027,227,22,1
12,s027,227,21,1
12,s027,227,27,1
12,s027,227,26,2
12,s027,227,25,3
12,s027,227,24,1
12,s027,227,29,1
12,s028,193,193,86
12,s028,193,192,61
12,s028,193,195,53
12,s028,193,194,22
12,s028,193,197,47
12,s028,193,196,29
12,s028,193,199,30
12,s028,193,198,11
12,s028,193,201,47
12,s028,193,200,27
12,s028,193,203,24
12,s028,193,202,15
12,s028,193,205,19
12,s028,193,204,10
12,s028,193,207,14
12,s028,193,206,8
12,s028,193,209,50
12,s028,193,208,14
12,s028,193,211,18
12,s028,193,210,7
12,s028,193,213,17
12,s028,193,212,10
12,s028,193,215,4
12,s028,193,214,6
12,s028,193,217,18
12,s028,193,216,8
12,s028,193,219,10
12,s028,193,218,4
12,s028,193,221,7
12,s028,193,220,5
12,s028,193,223,6
12,s028,193,222,2
12,s028,193,225,39
12,s028,193,224,27
12,s028,193,227,29
12,s028,193,226,14
12,s028,193,229,20
12,s028,193,228,14
12,s028,193,231,20
12,s028,193,230,4
12,s028,193,233,22
12,s028,193,232,13
12,s028,193,235,12
12,s028,193,234,6
12,s028,193,237,9
12,s028,193,236,6
12,s028,193,239,4
12,s028,193,238,7
12,s028,193,241,16
12,s028,193,240,7
12,s028,193,243,9
12,s028,193,242,6
12,s028,193,245,15
12,s028,193,244,5
12,s028,193,247,4
12,s028,193,246,2
12,s028,193,249,7
12,s028,193,248,2
12,s028,193,251,4
12,s028,193,250,2
12,s028,193,253,4
12,s028,193,252,3
12,s028,193,255,4
12,s028,193,254,5
12,s028,193,129,44
12,s028,193,128,28
12,s028,193,131,26
12,s028,193,130,19
12,s028,193,133,22
12,s028,193,132,8
12,s028,193,135,21
12,s028,193,134,7
12,s028,193,137,21
12,s028,193,136,14
12,s028,193,139,14
12,s028,193,138,6
12,s028,193,141,17
12,s028,193,140,10
12,s028,193,143,9
12,s028,193,142,8
12,s028,193,145,15
12,s028,193,144,12
12,s028,193,147,13
12,s028,193,146,8
12,s028,193,149,13
12,s028,193,148,9
12,s028,193,151,7
12,s028,193,150,5
12,s028,193,153,9
12,s028,193,152,4
12,s028,193,155,6
12,s028,193,154,6
12,s028,193,157,7
12,s028,193,156,2
12,s028,193,159,2
12,s028,193,158,2
12,s028,193,161,27
12,s028,193,160,8
12,s028,193,163,16
12,s028,193,162,16
12,s028,193,165,15
12,s028,193,164,8
12,s028,193,167,14
12,s028,193,166,6
12,s028,193,169,13
12,s028,193,168,6
12,s028,193,171,8
12,s028,193,170,8
12,s028,193,173,7
12,s028,193,172,2
12,s028,193,175,2
12,s028,193,174,4
12,s028,193,177,10
12,s028,193,176,9
12,s028,193,179,8
12,s028,193,178,7
12,s028,193,181,4
12,s028,193,180,4
12,s028,193,183,1
12,s028,193,185,5
12,s028,193,184,5
12,s028,193,187,1
12,s028,193,186,1
12,s028,193,189,7
12,s028,193,188,1
12,s028,193,190,3
12,s028,193,65,42
12,s028,193,64,34
12,s028,193,67,19
12,s028,193,66,24
12,s028,193,69,20
12,s028,193,68,16
12,s028,193,71,16
12,s028,193,70,9
12,s028,193,73,26
12,s028,193,72,16
12,s028,193,75,15
12,s028,193,74,4
12,s028,193,77,9
12,s028,193,76,6
12,s028,193,79,9
12,s028,193,78,7
12,s028,193,81,17
12,s028,193,80,9
12,s028,193,83,12
12,s028,193,82,3
12,s028,193,85,9
12,s028,193,84,8
12,s028,193,87,4
12,s028,193,86,6
12,s028,193,89,8
12,s028,193,88,9
12,s028,193,91,7
12,s028,193,90,6
12,s028,193,93,5
12,s028,193,92,2
12,s028,193,95,1
12,s028,193,94,1
12,s028,193,97,22
12,s028,193,96,11
12,s028,193,99,20
12,s028,193,98,9
12,s028,193,101,13
12,s028,193,100,14
12,s028,193,103,4
12,s028,193,102,3
12,s028,193,105,13
12,s028,193,104,10
12,s028,193,107,6
12,s028,193,106,8
12,s028,193,109,2
12,s028,193,108,5
12,s028,193,111,3
12,s028,193,110,5
12,s028,193,113,12
12,s028,193,112,7
12,s028,193,115,5
12,s028,193,114,3
12,s028,193,117,7
12,s028,193,116,2
12,s028,193,119,5
12,s028,193,118,4
12,s028,193,121,10
12,s028,193,120,4
12,s028,193,123,8
12,s028,193,122,5
12,s028,193,125,5
12,s028,193,124,2
12,s028,193,127,4
12,s028,193,126,1
12,s028,193,1,30
12,s028,193,0,14
12,s028,193,3,19
12,s028,193,2,5
12,s028,193,5,12
12,s028,193,4,10
12,s028,193,7,9
12,s028,193,6,8
12,s028,193,9,14
12,s028,193,8,12
12,s028,193,11,9
12,s028,193,10,4
12,s028,193,13,5
12,s028,193,12,6
12,s028,193,15,5
12,s028,193,14,4
12,s028,193,17,10
12,s028,193,16,9
12,s028,193,19,3
12,s028,193,18,5
12,s028,193,21,7
12,s028,193,20,4
12,s028,193,23,4
12,s028,193,22,2
12,s028,193,25,6
12,s028,193,24,5
12,s028,193,27,2
12,s028,193,26,3
12,s028,193,29,3
12,s028,193,28,1
12,s028,193,31,2
12,s028,193,30,1
12,s028,193,33,20
12,s028,193,32,8
12,s028,193,35,11
12,s028,193,34,11
12,s028,193,37,7
12,s028,193,36,6
12,s028,193,39,6
12,s028,193,38,4
12,s028,193,41,5
12,s028,193,40,5
12,s028,193,43,8
12,s028,193,42,2
12,s028,193,45,2
12,s028,193,44,4
12,s028,193,47,2
12,s028,193,46,1
12,s028,193,49,5
12,s028,193,48,4
12,s028,193,51,5
12,s028,193,50,8
12,s028,193,53,3
12,s028,193,52,3
12,s028,193,55,4
12,s028,193,54,4
12,s028,193,56,4
12,s028,193,59,3
12,s028,193,61,1
12,s028,193,63,2
12,s029,112,112,89
12,s029,112,113,51
12,s029,112,114,48
12,s029,112,115,27
12,s029,112,116,47
12,s029,112,117,24
12,s029,112,118,29
12,s029,112,119,16
12,s029,112,120,44
12,s029,112,121,21
12,s029,112,122,16
12,s029,112,123,14
12,s029,112,124,21
12,s029,112,125,15
12,s029,112,126,13
12,s029,112,127,5
12,s029,112,96,40
12,s029,112,97,12
12,s029,112,98,15
12,s029,112,99,10
12,s029,112,100,13
12,s029,112,101,7
12,s029,112,102,5
12,s029,112,103,5
12,s029,112,104,12
12,s029,112,105,9
12,s029,112,106,8
12,s029,112,107,5
12,s029,112,108,11
12,s029,112,109,4
12,s029,112,110,4
12,s029,112,111,5
12,s029,112,80,36
12,s029,112,81,26
12,s029,112,82,19
12,s029,112,83,7
12,s029,112,84,19
12,s029,112,85,14
12,s029,112,86,14
12,s029,112,87,8
12,s029,112,88,27
12,s029,112,89,11
12,s029,112,90,14
12,s029,112,91,2
12,s029,112,92,14
12,s029,112,93,11
12,s029,112,94,6
12,s029,112,95,10
12,s029,112,64,15
12,s029,112,65,8
12,s029,112,66,11
12,s029,112,67,8
12,s029,112,68,6
12,s029,112,69,4
12,s029,112,70,1
12,s029,112,71,3
12,s029,112,72,5
12,s029,112,73,5
12,s029,112,74,9
12,s029,112,75,1
12,s029,112,76,6
12,s029,112,77,1
12,s029,112,78,1
12,s029,112,48,44
12,s029,112,49,30
12,s029,112,50,30
12,s029,112,51,23
12,s029,112,52,30
12,s029,112,53,9
12,s029,112,54,14
12,s029,112,55,10
12,s029,112,56,19
12,s029,112,57,16
12,s029,112,58,11
12,s029,112,59,8
12,s029,112,60,9
12,s029,112,61,6
12,s029,112,62,11
12,s029,112,63,2
12,s029,112,32,23
12,s029,112,33,10
12,s029,112,34,10
12,s029,112,35,7
12,s029,112,36,5
12,s029,112,37,6
12,s029,112,38,4
12,s029,112,39,2
12,s029,112,40,8
12,s029,112,41,5
12,s029,112,42,2
12,s029,112,43,3
12,s029,112,44,2
12,s029,112,45,1
12,s029,112,46,2
12,s029,112,47,1
12,s029,112,16,25
12,s029,112,17,18
12,s029,112,18,26
12,s029,112,19,8
12,s029,112,20,12
12,s029,112,21,10
12,s029,112,22,8
12,s029,112,23,8
12,s029,112,24,13
12,s029,112,25,4
12,s029,112,26,5
12,s029,112,27,7
12,s029,112,28,9
12,s029,112,29,1
12,s029,112,30,7
12,s029,112,31,1
12,s029,112,0,14
12,s029,112,1,8
12,s029,112,2,5
12,s029,112,3,3
12,s029,112,4,3
12,s029,112,5,2
12,s029,112,6,4
12,s029,112,7,3
12,s029,112,9,3
12,s029,112,10,4
12,s029,112,14,1
12,s029,112,15,1
12,s029,112,240,51
12,s029,112,241,26
12,s029,112,242,26
12,s029,112,243,18
12,s029,112,244,20
12,s029,112,245,12
12,s029,112,246,15
12,s029,112,247,6
12,s029,112,248,18
12,s029,112,249,19
12,s029,112,250,14
12,s029,112,251,15
12,s029,112,252,10
12,s029,112,253,8
12,s029,112,254,6
12,s029,112,255,2
12,s029,112,224,18
12,s029,112,225,9
12,s029,112,226,14
12,s029,112,227,9
12,s029,112,228,10
12,s029,112,229,9
12,s029,112,230,3
12,s029,112,231,3
12,s029,112,232,9
12,s029,112,233,8
12,s029,112,234,5
12,s029,112,235,3
12,s029,112,236,3
12,s029,112,237,3
12,s029,112,238,3
12,s029,112,239,5
12,s029,112,208,20
12,s029,112,209,13
12,s029,112,210,9
12,s029,112,211,6
12,s029,112,212,17
12,s029,112,213,8
12,s029,112,214,8
12,s029,112,215,7
12,s029,112,216,17
12,s029,112,217,6
12,s029,112,218,6
12,s029,112,219,4
12,s029,112,220,6
12,s029,112,221,3
12,s029,112,222,6
12,s029,112,223,2
12,s029,112,192,7
12,s029,112,193,3
12,s029,112,194,12
12,s029,112,195,1
12,s029,112,196,7
12,s029,112,197,3
12,s029,112,198,6
12,s029,112,199,1
12,s029,112,200,3
12,s029,112,202,2
12,s029,112,203,2
12,s029,112,204,3
12,s029,112,205,3
12,s029,112,206,2
12,s029,112,207,1
12,s029,112,176,34
12,s029,112,177,27
12,s029,112,178,16
12,s029,112,179,6
12,s029,112,180,12
12,s029,112,181,11
12,s029,112,182,9
12,s029,112,183,4
12,s029,112,184,15
12,s029,112,185,7
12,s029,112,186,7
12,s029,112,187,8
12,s029,112,188,4
12,s029,112,189,1
12,s029,112,190,5
12,s029,112,191,7
12,s029,112,160,8
12,s029,112,161,5
12,s029,112,162,5
12,s029,112,163,6
12,s029,112,164,4
12,s029,112,165,4
12,s029,112,166,4
12,s029,112,168,8
12,s029,112,169,4
12,s029,112,170,2
12,s029,112,171,5
12,s029,112,172,6
12,s029,112,173,3
12,s029,112,174,1
12,s029,112,175,3
12,s029,112,144,13
12,s029,112,145,8
12,s029,112,146,14
12,s029,112,147,4
12,s029,112,148,8
12,s029,112,149,4
12,s029,112,150,6
12,s029,112,151,4
12,s029,112,152,11
12,s029,112,153,6
12,s029,112,154,1
12,s029,112,155,2
12,s029,112,156,4
12,s029,112,157,5
12,s029,112,158,1
12,s029,112,159,3
12,s029,112,128,3
12,s029,112,129,1
12,s029,112,131,4
12,s029,112,132,1
12,s029,112,133,3
12,s029,112,134,2
12,s029,112,135,1
12,s029,112,136,3
12,s029,112,137,4
12,s029,112,138,3
12,s029,112,140,2
12,s029,112,141,1
12,s029,112,143,1
12,s030,109,109,96
12,s030,109,108,38
12,s030,109,111,47
12,s030,109,110,27
12,s030,109,105,44
12,s030,109,104,23
12,s030,109,107,21
12,s030,109,106,17
12,s030,109,101,51
12,s030,109,100,27
12,s030,109,103,25
12,s030,109,102,18
12,s030,109,97,16
12,s030,109,96,17
12,s030,109,99,9
12,s030,109,98,6
12,s030,109,125,35
12,s030,109,124,12
12,s030,109,127,22
12,s030,109,126,14
12,s030,109,121,15
12,s030,109,120,11
12,s030,109,123,14
12,s030,109,122,5
12,s030,109,117,11
12,s030,109,116,10
12,s030,109,119,15
12,s030,109,118,7
12,s030,109,113,6
12,s030,109,112,7
12,s030,109,115,3
12,s030,109,114,2
12,s030,109,77,44
12,s030,109,76,26
12,s030,109,79,20
12,s030,109,78,16
12,s030,109,73,20
12,s030,109,72,12
12,s030,109,75,11
12,s030,109,74,7
12,s030,109,69,24
12,s030,109,68,12
12,s030,109,71,10
12,s030,109,70,10
12,s030,109,65,10
12,s030,109,64,6
12,s030,109,67,10
12,s030,109,66,9
12,s030,109,93,18
12,s030,109,92,17
12,s030,109,95,14
12,s030,109,94,3
12,s030,109,89,9
12,s030,109,88,8
12,s030,109,91,4
12,s030,109,90,7
12,s030,109,85,6
12,s030,109,84,2
12,s030,109,87,3
12,s030,109,86,2
12,s030,109,81,3
12,s030,109,80,3
12,s030,109,83,4
12,s030,109,45,49
12,s030,109,44,31
12,s030,109,47,23
12,s030,109,46,18
12,s030,109,41,31
12,s030,109,40,16
12,s030,109,43,18
12,s030,109,42,8
12,s030,109,37,29
12,s030,109,36,12
12,s030,109,39,12
12,s030,109,38,7
12,s030,109,33,9
12,s030,109,32,5
12,s030,109,35,6
12,s030,109,34,6
12,s030,109,61,15
12,s030,109,60,11
12,s030,109,63,13
12,s030,109,62,4
12,s030,109,57,10
12,s030,109,56,8
12,s030,109,59,5
12,s030,109,58,4
12,s030,109,53,7
12,s030,109,52,4
12,s030,109,55,8
12,s030,109,54,4
12,s030,109,49,4
12,s030,109,48,4
12,s030,109,51,3
12,s030,109,50,2
12,s030,109,13,21
12,s030,109,12,14
12,s030,109,15,20
12,s030,109,14,10
12,s030,109,9,10
12,s030,109,8,6
12,s030,109,11,9
12,s030,109,10,1
12,s030,109,5,9
12,s030,109,4,7
12,s030,109,7,8
12,s030,109,6,5
12,s030,109,1,10
12,s030,109,0,4
12,s030,109,3,2
12,s030,109,2,2
12,s030,109,29,17
12,s030,109,28,7
12,s030,109,31,13
12,s030,109,30,3
12,s030,109,25,8
12,s030,109,24,2
12,s030,109,27,2
12,s030,109,26,2
12,s030,109,21,5
12,s030,109,20,3
12,s030,109,23,5
12,s030,109,22,4
12,s030,109,17,3
12,s030,109,16,2
12,s030,109,19,3
12,s030,109,18,1
12,s030,109,237,42
12,s030,109,236,27
12,s030,109,239,19
12,s030,109,238,22
12,s030,109,233,23
12,s030,109,232,13
12,s030,109,235,10
12,s030,109,234,7
12,s030,109,229,26
12,s030,109,228,15
12,s030,109,231,9
12,s030,109,230,9
12,s030,109,225,10
12,s030,109,224,13
12,s030,109,227,5
12,s030,109,226,4
12,s030,109,253,14
12,s030,109,252,12
12,s030,109,255,7
12,s030,109,254,5
12,s030,109,249,11
12,s030,109,248,6
12,s030,109,251,10
12,s030,109,250,1
12,s030,109,245,8
12,s030,109,244,4
12,s030,109,247,2
12,s030,109,246,4
12,s030,109,241,2
12,s030,109,240,4
12,s030,109,243,3
12,s030,109,242,3
12,s030,109,205,35
12,s030,109,204,15
12,s030,109,207,11
12,s030,109,206,5
12,s030,109,201,11
12,s030,109,200,5
12,s030,109,203,12
12,s030,109,202,3
12,s030,109,197,16
12,s030,109,196,13
12,s030,109,199,6
12,s030,109,198,6
12,s030,109,193,11
12,s030,109,192,5
12,s030,109,195,1
12,s030,109,194,1
12,s030,109,221,7
12,s030,109,220,10
12,s030,109,223,7
12,s030,109,217,8
12,s030,109,216,5
12,s030,109,219,1
12,s030,109,218,1
12,s030,109,213,5
12,s030,109,212,2
12,s030,109,215,1
12,s030,109,214,3
12,s030,109,209,5
12,s030,109,208,3
12,s030,109,173,21
12,s030,109,172,20
12,s030,109,175,14
12,s030,109,174,19
12,s030,109,169,13
12,s030,109,168,19
12,s030,109,171,11
12,s030,109,170,5
12,s030,109,165,15
12,s030,109,164,6
12,s030,109,167,8
12,s030,109,166,8
12,s030,109,161,7
12,s030,109,160,1
12,s030,109,163,6
12,s030,109,162,2
12,s030,109,189,15
12,s030,109,188,6
12,s030,109,191,8
12,s030,109,190,5
12,s030,109,185,4
12,s030,109,184,10
12,s030,109,187,5
12,s030,109,186,2
12,s030,109,181,8
12,s030,109,180,5
12,s030,109,183,2
12,s030,109,182,2
12,s030,109,179,1
12,s030,109,178,1
12,s030,109,141,20
12,s030,109,140,6
12,s030,109,143,10
12,s030,109,142,9
12,s030,109,137,6
12,s030,109,136,3
12,s030,109,139,4
12,s030,109,138,3
12,s030,109,133,4
12,s030,109,132,7
12,s030,109,135,6
12,s030,109,134,2
12,s030,109,129,1
12,s030,109,128,3
12,s030,109,131,1
12,s030,109,130,1
12,s030,109,157,4
12,s030,109,156,1
12,s030,109,159,2
12,s030,109,158,2
12,s030,109,152,4
12,s030,109,154,1
12,s030,109,149,3
12,s030,109,148,3
12,s030,109,151,2
12,s030,109,145,1
12,s030,109,144,1
12,s030,109,146,1
12,s031,22,22,83
12,s031,22,23,51
12,s031,22,20,44
12,s031,22,21,25
12,s031,22,18,32
12,s031,22,19,22
12,s031,22,16,21
12,s031,22,17,9
12,s031,22,30,25
12,s031,22,31,19
12,s031,22,28,26
12,s031,22,29,14
12,s031,22,26,19
12,s031,22,27,12
12,s031,22,24,10
12,s031,22,25,9
12,s031,22,6,28
12,s031,22,7,22
12,s031,22,4,18
12,s031,22,5,11
12,s031,22,2,21
12,s031,22,3,6
12,s031,22,0,13
12,s031,22,1,6
12,s031,22,14,17
12,s031,22,15,13
12,s031,22,12,7
12,s031,22,13,4
12,s031,22,10,11
12,s031,22,11,3
12,s031,22,8,5
12,s031,22,54,37
12,s031,22,55,25
12,s031,22,52,20
12,s031,22,53,11
12,s031,22,50,24
12,s031,22,51,16
12,s031,22,48,13
12,s031,22,49,8
12,s031,22,62,19
12,s031,22,63,17
12,s031,22,60,13
12,s031,22,61,7
12,s031,22,58,11
12,s031,22,59,14
12,s031,22,56,3
12,s031,22,57,6
12,s031,22,38,12
12,s031,22,39,7
12,s031,22,36,9
12,s031,22,37,5
12,s031,22,34,5
12,s031,22,35,3
12,s031,22,32,10
12,s031,22,33,2
12,s031,22,46,9
12,s031,22,47,3
12,s031,22,44,7
12,s031,22,45,2
12,s031,22,42,7
12,s031,22,43,3
12,s031,22,40,5
12,s031,22,41,2
12,s031,22,86,44
12,s031,22,87,43
12,s031,22,84,35
12,s031,22,85,25
12,s031,22,82,21
12,s031,22,83,15
12,s031,22,80,12
12,s031,22,81,10
12,s031,22,94,43
12,s031,22,95,15
12,s031,22,92,11
12,s031,22,93,10
12,s031,22,90,9
12,s031,22,91,8
12,s031,22,88,9
12,s031,22,89,3
12,s031,22,70,7
12,s031,22,71,10
12,s031,22,68,9
12,s031,22,69,10
12,s031,22,66,6
12,s031,22,67,9
12,s031,22,64,6
12,s031,22,65,5
12,s031,22,78,10
12,s031,22,79,11
12,s031,22,76,2
12,s031,22,77,5
12,s031,22,74,7
12,s031,22,75,3
12,s031,22,72,2
12,s031,22,73,3
12,s031,22,118,25
12,s031,22,119,14
12,s031,22,116,18
12,s031,22,117,4
12,s031,22,114,15
12,s031,22,115,12
12,s031,22,112,11
12,s031,22,113,7
12,s031,22,126,9
12,s031,22,127,4
12,s031,22,124,6
12,s031,22,125,5
12,s031,22,122,11
12,s031,22,123,4
12,s031,22,120,4
12,s031,22,121,2
12,s031,22,102,4
12,s031,22,103,2
12,s031,22,100,7
12,s031,22,101,5
12,s031,22,98,3
12,s031,22,99,4
12,s031,22,96,2
12,s031,22,97,3
12,s031,22,110,4
12,s031,22,111,2
12,s031,22,108,5
12,s031,22,109,2
12,s031,22,106,4
12,s031,22,107,1
12,s031,22,104,2
12,s031,22,105,2
12,s031,22,150,53
12,s031,22,151,23
12,s031,22,148,31
12,s031,22,149,19
12,s031,22,146,24
12,s031,22,147,18
12,s031,22,144,10
12,s031,22,145,7
12,s031,22,158,22
12,s031,22,159,16
12,s031,22,156,8
12,s031,22,157,8
12,s031,22,154,13
12,s031,22,155,7
12,s031,22,152,10
12,s031,22,153,3
12,s031,22,134,21
12,s031,22,135,11
12,s031,22,132,9
12,s031,22,133,7
12,s031,22,130,9
12,s031,22,131,8
12,s031,22,128,8
12,s031,22,129,3
12,s031,22,142,7
12,s031,22,143,4
12,s031,22,140,3
12,s031,22,141,2
12,s031,22,138,3
12,s031,22,139,7
12,s031,22,136,1
12,s031,22,137,4
12,s031,22,182,21
12,s031,22,183,28
12,s031,22,180,18
12,s031,22,181,9
12,s031,22,178,15
12,s031,22,179,12
12,s031,22,176,1
12,s031,22,177,6
12,s031,22,190,12
12,s031,22,191,5
12,s031,22,188,11
12,s031,22,189,6
12,s031,22,186,3
12,s031,22,187,8
12,s031,22,184,6
12,s031,22,185,6
12,s031,22,166,5
12,s031,22,167,8
12,s031,22,164,2
12,s031,22,165,2
12,s031,22,162,6
12,s031,22,163,4
12,s031,22,160,2
12,s031,22,161,6
12,s031,22,174,7
12,s031,22,175,3
12,s031,22,172,1
12,s031,22,173,3
12,s031,22,170,5
12,s031,22,171,4
12,s031,22,168,1
12,s031,22,169,2
12,s031,22,214,27
12,s031,22,215,19
12,s031,22,212,17
12,s031,22,213,6
12,s031,22,210,13
12,s031,22,211,8
12,s031,22,208,7
12,s031,22,209,5
12,s031,22,222,14
12,s031,22,223,9
12,s031,22,220,5
12,s031,22,221,4
12,s031,22,218,6
12,s031,22,219,3
12,s031,22,216,3
12,s031,22,217,4
12,s031,22,198,7
12,s031,22,199,5
12,s031,22,196,9
12,s031,22,197,3
12,s031,22,194,4
12,s031,22,195,1
12,s031,22,192,1
12,s031,22,193,3
12,s031,22,206,6
12,s031,22,207,3
12,s031,22,202,2
12,s031,22,203,1
12,s031,22,200,2
12,s031,22,201,1
12,s031,22,246,13
12,s031,22,247,5
12,s031,22,244,9
12,s031,22,245,6
12,s031,22,242,10
12,s031,22,243,4
12,s031,22,240,6
12,s031,22,241,2
12,s031,22,254,2
12,s031,22,252,5
12,s031,22,253,6
12,s031,22,250,6
12,s031,22,248,5
12,s031,22,230,4
12,s031,22,231,4
12,s031,22,228,5
12,s031,22,229,1
12,s031,22,226,3
12,s031,22,227,1
12,s031,22,224,1
12,s031,22,225,1
12,s031,22,238,1
12,s031,22,239,2
12,s031,22,236,3
12,s031,22,237,2
12,s031,22,234,1
12,s031,22,235,2
12,s032,57,57,106
12,s032,57,56,60
12,s032,57,59,67
12,s032,57,58,36
12,s032,57,61,44
12,s032,57,60,27
12,s032,57,63,25
12,s032,57,62,22
12,s032,57,49,47
12,s032,57,48,17
12,s032,57,51,39
12,s032,57,50,16
12,s032,57,53,29
12,s032,57,52,11
12,s032,57,55,20
12,s032,57,54,9
12,s032,57,41,32
12,s032,57,40,15
12,s032,57,43,23
12,s032,57,42,7
12,s032,57,45,20
12,s032,57,44,9
12,s032,57,47,11
12,s032,57,46,5
12,s032,57,33,22
12,s032,57,32,10
12,s032,57,35,8
12,s032,57,34,18
12,s032,57,37,5
12,s032,57,36,7
12,s032,57,39,3
12,s032,57,38,4
12,s032,57,25,38
12,s032,57,24,32
12,s032,57,27,30
12,s032,57,26,21
12,s032,57,29,23
12,s032,57,28,8
12,s032,57,31,19
12,s032,57,30,3
12,s032,57,17,29
12,s032,57,16,13
12,s032,57,19,15
12,s032,57,18,8
12,s032,57,21,21
12,s032,57,20,6
12,s032,57,23,3
12,s032,57,22,3
12,s032,57,9,15
12,s032,57,8,16
12,s032,57,11,9
12,s032,57,10,6
12,s032,57,13,5
12,s032,57,12,5
12,s032,57,15,2
12,s032,57,14,2
12,s032,57,1,4
12,s032,57,0,8
12,s032,57,3,2
12,s032,57,2,1
12,s032,57,5,4
12,s032,57,4,5
12,s032,57,7,4
12,s032,57,121,53
12,s032,57,120,27
12,s032,57,123,29
12,s032,57,122,14
12,s032,57,125,13
12,s032,57,124,17
12,s032,57,127,12
12,s032,57,126,9
12,s032,57,113,20
12,s032,57,112,17
12,s032,57,115,16
12,s032,57,114,9
12,s032,57,117,15
12,s032,57,116,10
12,s032,57,119,10
12,s032,57,118,4
12,s032,57,105,21
12,s032,57,104,8
12,s032,57,107,11
12,s032,57,106,4
12,s032,57,109,13
12,s032,57,108,7
12,s032,57,111,7
12,s032,57,110,2
12,s032,57,97,20
12,s032,57,96,5
12,s032,57,99,4
12,s032,57,98,6
12,s032,57,101,4
12,s032,57,100,2
12,s032,57,103,2
12,s032,57,102,1
12,s032,57,89,27
12,s032,57,88,17
12,s032,57,91,15
12,s032,57,90,12
12,s032,57,93,15
12,s032,57,92,11
12,s032,57,95,14
12,s032,57,94,5
12,s032,57,81,16
12,s032,57,80,7
12,s032,57,83,5
12,s032,57,82,4
12,s032,57,85,6
12,s032,57,84,8
12,s032,57,87,7
12,s032,57,86,5
12,s032,57,73,10
12,s032,57,72,7
12,s032,57,75,1
12,s032,57,74,4
12,s032,57,77,4
12,s032,57,76,3
12,s032,57,79,2
12,s032,57,65,4
12,s032,57,64,4
12,s032,57,67,5
12,s032,57,66,6
12,s032,57,69,1
12,s032,57,68,1
12,s032,57,71,2
12,s032,57,70,2
12,s032,57,185,32
12,s032,57,184,22
12,s032,57,187,32
12,s032,57,186,13
12,s032,57,189,24
12,s032,57,188,15
12,s032,57,191,7
12,s032,57,190,11
12,s032,57,177,28
12,s032,57,176,23
12,s032,57,179,9
12,s032,57,178,13
12,s032,57,181,18
12,s032,57,180,8
12,s032,57,183,7
12,s032,57,182,5
12,s032,57,169,19
12,s032,57,168,11
12,s032,57,171,13
12,s032,57,170,6
12,s032,57,173,9
12,s032,57,172,6
12,s032,57,175,5
12,s032,57,174,1
12,s032,57,161,8
12,s032,57,160,7
12,s032,57,163,5
12,s032,57,162,4
12,s032,57,165,7
12,s032,57,164,3
12,s032,57,167,5
12,s032,57,166,2
12,s032,57,153,24
12,s032,57,152,14
12,s032,57,155,18
12,s032,57,154,7
12,s032,57,157,18
12,s032,57,156,9
12,s032,57,159,10
12,s032,57,158,4
12,s032,57,145,16
12,s032,57,144,7
12,s032,57,147,8
12,s032,57,146,4
12,s032,57,149,7
12,s032,57,148,8
12,s032,57,151,3
12,s032,57,150,1
12,s032,57,137,18
12,s032,57,136,4
12,s032,57,139,4
12,s032,57,141,1
12,s032,57,140,3
12,s032,57,143,5
12,s032,57,142,1
12,s032,57,129,4
12,s032,57,128,7
12,s032,57,131,5
12,s032,57,130,2
12,s032,57,132,1
12,s032,57,134,1
12,s032,57,249,25
12,s032,57,248,23
12,s032,57,251,17
12,s032,57,250,12
12,s032,57,253,9
12,s032,57,252,12
12,s032,57,255,4
12,s032,57,254,4
12,s032,57,241,11
12,s032,57,240,3
12,s032,57,243,11
12,s032,57,242,11
12,s032,57,245,3
12,s032,57,244,5
12,s032,57,247,7
12,s032,57,246,5
12,s032,57,233,13
12,s032,57,232,6
12,s032,57,235,8
12,s032,57,234,5
12,s032,57,237,4
12,s032,57,236,4
12,s032,57,239,3
12,s032,57,238,4
12,s032,57,225,6
12,s032,57,224,4
12,s032,57,227,2
12,s032,57,226,2
12,s032,57,229,3
12,s032,57,231,2
12,s032,57,230,2
12,s032,57,217,20
12,s032,57,216,10
12,s032,57,219,10
12,s032,57,218,8
12,s032,57,221,15
12,s032,57,220,6
12,s032,57,223,4
12,s032,57,222,1
12,s032,57,209,7
12,s032,57,208,11
12,s032,57,211,9
12,s032,57,210,2
12,s032,57,213,13
12,s032,57,212,5
12,s032,57,215,2
12,s032,57,214,4
12,s032,57,201,7
12,s032,57,200,8
12,s032,57,203,1
12,s032,57,205,3
12,s032,57,204,3
12,s032,57,207,2
12,s032,57,206,2
12,s032,57,193,4
12,s032,57,192,5
12,s032,57,195,2
12,s032,57,194,1
12,s032,57,197,3
12,s032,57,196,1
12,s032,57,198,1
12,s033,23,23,74
12,s033,23,22,35
12,s033,23,21,45
12,s033,23,20,22
12,s033,23,19,35
12,s033,23,18,22
12,s033,23,17,28
12,s033,23,16,20
12,s033,23,31,49
12,s033,23,30,23
12,s033,23,29,22
12,s033,23,28,18
12,s033,23,27,23
12,s033,23,26,14
12,s033,23,25,10
12,s033,23,24,14
12,s033,23,7,29
12,s033,23,6,16
12,s033,23,5,13
12,s033,23,4,12
12,s033,23,3,15
12,s033,23,2,11
12,s033,23,1,9
12,s033,23,0,4
12,s033,23,15,16
12,s033,23,14,9
12,s033,23,13,10
12,s033,23,12,10
12,s033,23,11,7
12,s033,23,10,3
12,s033,23,9,2
12,s033,23,55,35
12,s033,23,54,22
12,s033,23,53,26
12,s033,23,52,14
12,s033,23,51,26
12,s033,23,50,18
12,s033,23,49,7
12,s033,23,48,5
12,s033,23,63,20
12,s033,23,62,8
12,s033,23,61,11
12,s033,23,60,3
12,s033,23,59,13
12,s033,23,58,6
12,s033,23,57,6
12,s033,23,56,5
12,s033,23,39,14
12,s033,23,38,11
12,s033,23,37,9
12,s033,23,36,7
12,s033,23,35,9
12,s033,23,34,7
12,s033,23,33,5
12,s033,23,32,2
12,s033,23,47,6
12,s033,23,46,4
12,s033,23,45,3
12,s033,23,44,6
12,s033,23,43,7
12,s033,23,42,3
12,s033,23,41,1
12,s033,23,87,43
12,s033,23,86,30
12,s033,23,85,31
12,s033,23,84,13
12,s033,23,83,23
12,s033,23,82,12
12,s033,23,81,13
12,s033,23,80,3
12,s033,23,95,32
12,s033,23,94,16
12,s033,23,93,16
12,s033,23,92,9
12,s033,23,91,5
12,s033,23,90,5
12,s033,23,89,8
12,s033,23,88,6
12,s033,23,71,12
12,s033,23,70,10
12,s033,23,69,11
12,s033,23,68,7
12,s033,23,67,7
12,s033,23,66,8
12,s033,23,65,8
12,s033,23,64,3
12,s033,23,79,11
12,s033,23,78,3
12,s033,23,77,4
12,s033,23,76,3
12,s033,23,75,2
12,s033,23,74,2
12,s033,23,73,2
12,s033,23,72,2
12,s033,23,119,36
12,s033,23,118,11
12,s033,23,117,13
12,s033,23,116,4
12,s033,23,115,10
12,s033,23,114,11
12,s033,23,113,9
12,s033,23,112,5
12,s033,23,127,14
12,s033,23,126,7
12,s033,23,125,12
12,s033,23,124,8
12,s033,23,123,10
12,s033,23,122,4
12,s033,23,121,3
12,s033,23,120,4
12,s033,23,103,9
12,s033,23,102,2
12,s033,23,101,6
12,s033,23,100,5
12,s033,23,99,9
12,s033,23,98,2
12,s033,23,97,3
12,s033,23,111,7
12,s033,23,110,1
12,s033,23,109,3
12,s033,23,108,2
12,s033,23,107,3
12,s033,23,106,2
12,s033,23,105,2
12,s033,23,104,2
12,s033,23,151,58
12,s033,23,150,38
12,s033,23,149,30
12,s033,23,148,14
12,s033,23,147,11
12,s033,23,146,11
12,s033,23,145,17
12,s033,23,144,6
12,s033,23,159,21
12,s033,23,158,23
12,s033,23,157,6
12,s033,23,156,10
12,s033,23,154,7
12,s033,23,153,9
12,s033,23,152,3
12,s033,23,135,17
12,s033,23,134,18
12,s033,23,133,10
12,s033,23,132,8
12,s033,23,131,6
12,s033,23,130,6
12,s033,23,129,5
12,s033,23,128,1
12,s033,23,143,14
12,s033,23,142,9
12,s033,23,141,8
12,s033,23,140,6
12,s033,23,139,6
12,s033,23,138,1
12,s033,23,183,19
12,s033,23,182,12
12,s033,23,181,14
12,s033,23,180,13
12,s033,23,179,11
12,s033,23,178,10
12,s033,23,177,8
12,s033,23,176,2
12,s033,23,191,9
12,s033,23,190,6
12,s033,23,189,14
12,s033,23,188,10
12,s033,23,187,6
12,s033,23,186,5
12,s033,23,185,5
12,s033,23,184,1
12,s033,23,167,7
12,s033,23,166,8
12,s033,23,165,3
12,s033,23,164,3
12,s033,23,163,3
12,s033,23,162,3
12,s033,23,161,1
12,s033,23,160,2
12,s033,23,175,9
12,s033,23,173,3
12,s033,23,172,1
12,s033,23,171,4
12,s033,23,170,2
12,s033,23,169,1
12,s033,23,168,2
12,s033,23,215,28
12,s033,23,214,12
12,s033,23,213,15
12,s033,23,212,12
12,s033,23,211,18
12,s033,23,210,14
12,s033,23,209,16
12,s033,23,208,5
12,s033,23,223,9
12,s033,23,222,9
12,s033,23,221,6
12,s033,23,220,14
12,s033,23,219,7
12,s033,23,218,4
12,s033,23,217,7
12,s033,23,216,1
12,s033,23,199,9
12,s033,23,198,10
12,s033,23,197,7
12,s033,23,196,6
12,s033,23,195,2
12,s033,23,194,5
12,s033,23,193,3
12,s033,23,192,2
12,s033,23,207,6
12,s033,23,205,4
12,s033,23,204,3
12,s033,23,203,3
12,s033,23,202,2
12,s033,23,201,1
12,s033,23,200,1
12,s033,23,247,11
12,s033,23,246,8
12,s033,23,245,12
12,s033,23,244,6
12,s033,23,243,2
12,s033,23,242,11
12,s033,23,241,6
12,s033,23,240,7
12,s033,23,255,7
12,s033,23,254,8
12,s033,23,253,6
12,s033,23,252,1
12,s033,23,251,1
12,s033,23,250,2
12,s033,23,249,1
12,s033,23,248,1
12,s033,23,231,9
12,s033,23,230,3
12,s033,23,229,1
12,s033,23,228,4
12,s033,23,227,3
12,s033,23,226,2
12,s033,23,225,1
12,s033,23,224,1
12,s033,23,239,4
12,s033,23,238,1
12,s033,23,237,3
12,s033,23,236,3
12,s033,23,235,3
12,s033,23,234,4
12,s033,23,233,1
12,s033,23,232,2
12,s034,2,2,71
12,s034,2,3,32
12,s034,2,0,54
12,s034,2,1,35
12,s034,2,6,46
12,s034,2,7,33
12,s034,2,4,25
12,s034,2,5,17
12,s034,2,10,44
12,s034,2,11,31
12,s034,2,8,25
12,s034,2,9,14
12,s034,2,14,24
12,s034,2,15,18
12,s034,2,12,11
12,s034,2,13,1
12,s034,2,18,28
12,s034,2,19,24
12,s034,2,16,13
12,s034,2,17,13
12,s034,2,22,16
12,s034,2,23,8
12,s034,2,20,8
12,s034,2,21,7
12,s034,2,26,15
12,s034,2,27,8
12,s034,2,24,13
12,s034,2,25,3
12,s034,2,30,7
12,s034,2,31,7
12,s034,2,28,5
12,s034,2,29,6
12,s034,2,34,39
12,s034,2,35,32
12,s034,2,32,27
12,s034,2,33,13
12,s034,2,38,26
12,s034,2,39,16
12,s034,2,36,12
12,s034,2,37,10
12,s034,2,42,20
12,s034,2,43,8
12,s034,2,40,13
12,s034,2,41,7
12,s034,2,46,20
12,s034,2,47,12
12,s034,2,44,10
12,s034,2,45,3
12,s034,2,50,14
12,s034,2,51,9
12,s034,2,48,13
12,s034,2,49,4
12,s034,2,54,6
12,s034,2,55,9
12,s034,2,52,4
12,s034,2,53,4
12,s034,2,58,6
12,s034,2,59,11
12,s034,2,56,6
12,s034,2,57,3
12,s034,2,62,5
12,s034,2,63,2
12,s034,2,60,4
12,s034,2,66,41
12,s034,2,67,36
12,s034,2,64,32
12,s034,2,65,15
12,s034,2,70,36
12,s034,2,71,20
12,s034,2,68,18
12,s034,2,69,13
12,s034,2,74,29
12,s034,2,75,12
12,s034,2,72,21
12,s034,2,73,9
12,s034,2,78,12
12,s034,2,79,4
12,s034,2,76,10
12,s034,2,77,5
12,s034,2,82,21
12,s034,2,83,12
12,s034,2,80,18
12,s034,2,81,6
12,s034,2,86,11
12,s034,2,87,3
12,s034,2,84,8
12,s034,2,85,7
12,s034,2,90,16
12,s034,2,91,5
12,s034,2,88,2
12,s034,2,89,4
12,s034,2,94,2
12,s034,2,95,3
12,s034,2,92,3
12,s034,2,93,2
12,s034,2,98,22
12,s034,2,99,14
12,s034,2,96,14
12,s034,2,97,12
12,s034,2,102,11
12,s034,2,103,9
12,s034,2,100,8
12,s034,2,101,3
12,s034,2,106,9
12,s034,2,107,8
12,s034,2,104,10
12,s034,2,105,5
12,s034,2,110,11
12,s034,2,111,4
12,s034,2,108,3
12,s034,2,109,1
12,s034,2,114,5
12,s034,2,115,10
12,s034,2,112,9
12,s034,2,113,5
12,s034,2,118,4
12,s034,2,119,3
12,s034,2,116,7
12,s034,2,117,2
12,s034,2,122,3
12,s034,2,123,2
12,s034,2,120,5
12,s034,2,121,2
12,s034,2,126,1
12,s034,2,127,1
12,s034,2,124,2
12,s034,2,125,1
12,s034,2,130,46
12,s034,2,131,32
12,s034,2,128,27
12,s034,2,129,17
12,s034,2,134,18
12,s034,2,135,18
12,s034,2,132,19
12,s034,2,133,12
12,s034,2,138,24
12,s034,2,139,16
12,s034,2,136,16
12,s034,2,137,7
12,s034,2,142,9
12,s034,2,143,8
12,s034,2,140,8
12,s034,2,141,4
12,s034,2,146,24
12,s034,2,147,17
12,s034,2,144,8
12,s034,2,145,4
12,s034,2,150,9
12,s034,2,151,5
12,s034,2,148,8
12,s034,2,149,2
12,s034,2,154,12
12,s034,2,155,6
12,s034,2,152,8
12,s034,2,153,6
12,s034,2,158,3
12,s034,2,159,8
12,s034,2,156,2
12,s034,2,157,3
12,s034,2,162,27
12,s034,2,163,11
12,s034,2,160,18
12,s034,2,161,9
12,s034,2,166,11
12,s034,2,167,9
12,s034,2,164,10
12,s034,2,165,5
12,s034,2,170,11
12,s034,2,171,11
12,s034,2,168,6
12,s034,2,169,5
12,s034,2,174,7
12,s034,2,175,7
12,s034,2,172,2
12,s034,2,173,4
12,s034,2,178,8
12,s034,2,179,7
12,s034,2,176,4
12,s034,2,177,2
12,s034,2,182,3
12,s034,2,183,3
12,s034,2,180,3
12,s034,2,186,5
12,s034,2,187,3
12,s034,2,184,2
12,s034,2,185,3
12,s034,2,190,2
12,s034,2,191,1
12,s034,2,188,2
12,s034,2,189,3
12,s034,2,194,26
12,s034,2,195,25
12,s034,2,192,17
12,s034,2,193,8
12,s034,2,198,10
12,s034,2,199,7
12,s034,2,196,7
12,s034,2,197,10
12,s034,2,202,19
12,s034,2,203,9
12,s034,2,200,10
12,s034,2,201,7
12,s034,2,206,4
12,s034,2,207,9
12,s034,2,204,5
12,s034,2,205,3
12,s034,2,210,14
12,s034,2,211,7
12,s034,2,208,7
12,s034,2,209,6
12,s034,2,214,2
12,s034,2,215,1
12,s034,2,212,3
12,s034,2,213,2
12,s034,2,218,7
12,s034,2,219,4
12,s034,2,216,1
12,s034,2,217,2
12,s034,2,222,3
12,s034,2,221,1
12,s034,2,226,11
12,s034,2,227,12
12,s034,2,224,15
12,s034,2,225,3
12,s034,2,230,7
12,s034,2,231,5
12,s034,2,228,3
12,s034,2,229,2
12,s034,2,234,8
12,s034,2,235,5
12,s034,2,232,3
12,s034,2,233,1
12,s034,2,238,7
12,s034,2,239,5
12,s034,2,236,2
12,s034,2,237,3
12,s034,2,242,6
12,s034,2,243,2
12,s034,2,240,1
12,s034,2,241,3
12,s034,2,246,1
12,s034,2,247,1
12,s034,2,244,2
12,s034,2,245,2
12,s034,2,250,5
12,s034,2,251,2
12,s034,2,248,1
12,s034,2,249,2
12,s034,2,254,4
12,s034,2,255,2
12,s034,2,252,3
12,s035,154,154,98
12,s035,154,155,39
12,s035,154,152,49
12,s035,154,153,25
12,s035,154,158,38
12,s035,154,159,20
12,s035,154,156,18
12,s035,154,157,10
12,s035,154,146,42
12,s035,154,147,34
12,s035,154,144,22
12,s035,154,145,13
12,s035,154,150,30
12,s035,154,151,14
12,s035,154,148,14
12,s035,154,149,6
12,s035,154,138,32
12,s035,154,139,19
12,s035,154,136,19
12,s035,154,137,11
12,s035,154,142,17
12,s035,154,143,8
12,s035,154,140,11
12,s035,154,141,4
12,s035,154,130,22
12,s035,154,131,8
12,s035,154,128,15
12,s035,154,129,9
12,s035,154,134,3
12,s035,154,135,2
12,s035,154,132,2
12,s035,154,133,2
12,s035,154,186,37
12,s035,154,187,26
12,s035,154,184,30
12,s035,154,185,17
12,s035,154,190,22
12,s035,154,191,16
12,s035,154,188,7
12,s035,154,189,6
12,s035,154,178,18
12,s035,154,179,17
12,s035,154,176,22
12,s035,154,177,8
12,s035,154,182,9
12,s035,154,183,3
12,s035,154,180,7
12,s035,154,181,2
12,s035,154,170,15
12,s035,154,171,14
12,s035,154,168,12
12,s035,154,169,5
12,s035,154,174,16
12,s035,154,175,6
12,s035,154,172,3
12,s035,154,162,5
12,s035,154,163,1
12,s035,154,160,4
12,s035,154,161,3
12,s035,154,166,6
12,s035,154,167,3
12,s035,154,164,7
12,s035,154,165,1
12,s035,154,218,56
12,s035,154,219,28
12,s035,154,216,38
12,s035,154,217,22
12,s035,154,222,25
12,s035,154,223,19
12,s035,154,220,14
12,s035,154,221,8
12,s035,154,210,26
12,s035,154,211,11
12,s035,154,208,13
12,s035,154,209,7
12,s035,154,214,13
12,s035,154,215,4
12,s035,154,212,11
12,s035,154,213,5
12,s035,154,202,19
12,s035,154,203,10
12,s035,154,200,15
12,s035,154,201,6
12,s035,154,206,6
12,s035,154,207,8
12,s035,154,204,5
12,s035,154,205,5
12,s035,154,194,7
12,s035,154,195,4
12,s035,154,192,6
12,s035,154,193,4
12,s035,154,198,3
12,s035,154,199,2
12,s035,154,196,6
12,s035,154,197,2
12,s035,154,250,22
12,s035,154,251,17
12,s035,154,248,7
12,s035,154,249,15
12,s035,154,254,12
12,s035,154,255,7
12,s035,154,252,6
12,s035,154,253,6
12,s035,154,242,9
12,s035,154,243,7
12,s035,154,240,10
12,s035,154,241,3
12,s035,154,246,9
12,s035,154,247,4
12,s035,154,244,4
12,s035,154,245,8
12,s035,154,234,13
12,s035,154,235,2
12,s035,154,232,7
12,s035,154,233,5
12,s035,154,238,4
12,s035,154,239,4
12,s035,154,236,6
12,s035,154,237,1
12,s035,154,226,6
12,s035,154,227,2
12,s035,154,224,2
12,s035,154,225,2
12,s035,154,230,5
12,s035,154,231,1
12,s035,154,228,1
12,s035,154,229,3
12,s035,154,26,46
12,s035,154,27,28
12,s035,154,24,27
12,s035,154,25,15
12,s035,154,30,16
12,s035,154,31,15
12,s035,154,28,14
12,s035,154,29,20
12,s035,154,18,16
12,s035,154,19,18
12,s035,154,16,16
12,s035,154,17,8
12,s035,154,22,8
12,s035,154,23,9
12,s035,154,20,4
12,s035,154,21,3
12,s035,154,10,17
12,s035,154,11,9
12,s035,154,8,13
12,s035,154,9,9
12,s035,154,14,9
12,s035,154,15,7
12,s035,154,12,3
12,s035,154,13,1
12,s035,154,2,10
12,s035,154,3,4
12,s035,154,0,1
12,s035,154,1,3
12,s035,154,6,8
12,s035,154,7,3
12,s035,154,4,4
12,s035,154,5,1
12,s035,154,58,15
12,s035,154,59,22
12,s035,154,56,15
12,s035,154,57,7
12,s035,154,62,14
12,s035,154,63,10
12,s035,154,60,13
12,s035,154,61,7
12,s035,154,50,15
12,s035,154,51,14
12,s035,154,48,4
12,s035,154,49,5
12,s035,154,54,1
12,s035,154,55,4
12,s035,154,52,2
12,s035,154,53,3
12,s035,154,42,7
12,s035,154,43,2
12,s035,154,40,5
12,s035,154,41,4
12,s035,154,46,4
12,s035,154,47,3
12,s035,154,44,2
12,s035,154,45,2
12,s035,154,34,4
12,s035,154,35,3
12,s035,154,32,3
12,s035,154,33,4
12,s035,154,39,2
12,s035,154,36,2
12,s035,154,37,2
12,s035,154,90,20
12,s035,154,91,18
12,s035,154,88,19
12,s035,154,89,14
12,s035,154,94,11
12,s035,154,95,9
12,s035,154,92,10
12,s035,154,93,6
12,s035,154,82,19
12,s035,154,83,11
12,s035,154,80,12
12,s035,154,81,7
12,s035,154,86,14
12,s035,154,87,5
12,s035,154,84,3
12,s035,154,85,10
12,s035,154,74,6
12,s035,154,75,2
12,s035,154,72,5
12,s035,154,73,5
12,s035,154,78,2
12,s035,154,79,5
12,s035,154,76,3
12,s035,154,66,3
12,s035,154,67,6
12,s035,154,64,7
12,s035,154,65,1
12,s035,154,70,6
12,s035,154,71,3
12,s035,154,69,1
12,s035,154,122,11
12,s035,154,123,5
12,s035,154,120,7
12,s035,154,121,2
12,s035,154,126,8
12,s035,154,127,8
12,s035,154,124,5
12,s035,154,125,4
12,s035,154,114,3
12,s035,154,115,10
12,s035,154,112,8
12,s035,154,113,5
12,s035,154,118,3
12,s035,154,119,2
12,s035,154,116,4
12,s035,154,117,2
12,s035,154,106,2
12,s035,154,107,10
12,s035,154,104,6
12,s035,154,110,2
12,s035,154,111,1
12,s035,154,98,4
12,s035,154,96,3
12,s035,154,97,3
12,s035,154,102,4
12,s035,154,103,1
12,s035,154,100,3
12,s036,154,154,89
12,s036,154,155,42
12,s036,154,152,56
12,s036,154,153,15
12,s036,154,158,52
12,s036,154,159,22
12,s036,154,156,22
12,s036,154,157,15
12,s036,154,146,50
12,s036,154,147,27
12,s036,154,144,20
12,s036,154,145,10
12,s036,154,150,27
12,s036,154,151,24
12,s036,154,148,13
12,s036,154,149,9
12,s036,154,138,37
12,s036,154,139,15
12,s036,154,136,17
12,s036,154,137,15
12,s036,154,142,16
12,s036,154,143,13
12,s036,154,140,15
12,s036,154,141,5
12,s036,154,130,20
12,s036,154,131,12
12,s036,154,128,12
12,s036,154,129,8
12,s036,154,134,4
12,s036,154,135,2
12,s036,154,132,7
12,s036,154,133,2
12,s036,154,186,45
12,s036,154,187,38
12,s036,154,184,21
12,s036,154,185,13
12,s036,154,190,28
12,s036,154,191,11
12,s036,154,188,14
12,s036,154,189,9
12,s036,154,178,17
12,s036,154,179,19
12,s036,154,176,20
12,s036,154,177,8
12,s036,154,182,14
12,s036,154,183,5
12,s036,154,180,10
12,s036,154,181,6
12,s036,154,170,13
12,s036,154,171,11
12,s036,154,168,10
12,s036,154,169,6
12,s036,154,174,8
12,s036,154,175,7
12,s036,154,172,4
12,s036,154,173,3
12,s036,154,162,12
12,s036,154,163,5
12,s036,154,160,8
12,s036,154,161,3
12,s036,154,166,3
12,s036,154,167,3
12,s036,154,164,5
12,s036,154,165,2
12,s036,154,218,45
12,s036,154,219,30
12,s036,154,216,30
12,s036,154,217,24
12,s036,154,222,22
12,s036,154,223,11
12,s036,154,220,11
12,s036,154,221,9
12,s036,154,210,19
12,s036,154,211,22
12,s036,154,208,19
12,s036,154,209,18
12,s036,154,214,14
12,s036,154,215,10
12,s036,154,212,9
12,s036,154,213,3
12,s036,154,202,24
12,s036,154,203,10
12,s036,154,200,17
12,s036,154,201,6
12,s036,154,206,9
12,s036,154,204,3
12,s036,154,205,6
12,s036,154,194,10
12,s036,154,195,11
12,s036,154,192,7
12,s036,154,193,7
12,s036,154,198,4
12,s036,154,199,2
12,s036,154,196,5
12,s036,154,197,1
12,s036,154,250,25
12,s036,154,251,17
12,s036,154,248,15
12,s036,154,249,9
12,s036,154,254,11
12,s036,154,255,7
12,s036,154,252,6
12,s036,154,253,6
12,s036,154,242,17
12,s036,154,243,8
12,s036,154,240,5
12,s036,154,241,5
12,s036,154,246,5
12,s036,154,247,4
12,s036,154,244,7
12,s036,154,245,2
12,s036,154,234,13
12,s036,154,235,7
12,s036,154,232,4
12,s036,154,233,4
12,s036,154,238,11
12,s036,154,239,7
12,s036,154,236,5
12,s036,154,237,2
12,s036,154,226,1
12,s036,154,227,3
12,s036,154,224,3
12,s036,154,225,1
12,s036,154,230,2
12,s036,154,231,4
12,s036,154,228,3
12,s036,154,229,2
12,s036,154,26,47
12,s036,154,27,28
12,s036,154,24,25
12,s036,154,25,19
12,s036,154,30,22
12,s036,154,31,17
12,s036,154,28,13
12,s036,154,29,8
12,s036,154,18,26
12,s036,154,19,16
12,s036,154,16,16
12,s036,154,17,8
12,s036,154,22,5
12,s036,154,23,9
12,s036,154,20,10
12,s036,154,21,6
12,s036,154,10,21
12,s036,154,11,16
12,s036,154,8,10
12,s036,154,9,6
12,s036,154,14,7
12,s036,154,15,9
12,s036,154,12,2
12,s036,154,13,1
12,s036,154,2,6
12,s036,154,3,5
12,s036,154,0,5
12,s036,154,1,4
12,s036,154,6,5
12,s036,154,7,3
12,s036,154,4,4
12,s036,154,5,2
12,s036,154,58,24
12,s036,154,59,16
12,s036,154,56,11
12,s036,154,57,9
12,s036,154,62,10
12,s036,154,63,6
12,s036,154,60,10
12,s036,154,61,5
12,s036,154,50,10
12,s036,154,51,7
12,s036,154,48,6
12,s036,154,49,6
12,s036,154,54,3
12,s036,154,55,4
12,s036,154,52,9
12,s036,154,53,4
12,s036,154,42,11
12,s036,154,43,10
12,s036,154,40,4
12,s036,154,41,2
12,s036,154,46,5
12,s036,154,47,4
12,s036,154,44,6
12,s036,154,45,5
12,s036,154,34,6
12,s036,154,32,5
12,s036,154,38,1
12,s036,154,39,3
12,s036,154,37,2
12,s036,154,90,28
12,s036,154,91,15
12,s036,154,88,18
12,s036,154,89,15
12,s036,154,94,5
12,s036,154,95,9
12,s036,154,92,4
12,s036,154,93,7
12,s036,154,82,14
12,s036,154,83,8
12,s036,154,80,7
12,s036,154,81,3
12,s036,154,86,12
12,s036,154,87,3
12,s036,154,84,5
12,s036,154,85,3
12,s036,154,74,15
12,s036,154,75,9
12,s036,154,72,2
12,s036,154,73,3
12,s036,154,78,6
12,s036,154,79,2
12,s036,154,77,2
12,s036,154,66,5
12,s036,154,67,2
12,s036,154,64,2
12,s036,154,65,2
12,s036,154,71,3
12,s036,154,68,2
12,s036,154,122,9
12,s036,154,123,6
12,s036,154,120,10
12,s036,154,121,7
12,s036,154,126,7
12,s036,154,127,8
12,s036,154,124,6
12,s036,154,125,4
12,s036,154,114,6
12,s036,154,115,5
12,s036,154,112,5
12,s036,154,113,2
12,s036,154,118,3
12,s036,154,119,5
12,s036,154,116,4
12,s036,154,117,2
12,s036,154,106,4
12,s036,154,107,4
12,s036,154,104,5
12,s036,154,105,3
12,s036,154,110,2
12,s036,154,109,3
12,s036,154,98,1
12,s036,154,99,3
12,s036,154,96,1
12,s036,154,97,1
12,s036,154,102,1
12,s036,154,103,1
12,s036,154,101,2
12,s037,168,168,89
12,s037,168,169,52
12,s037,168,170,51
12,s037,168,171,32
12,s037,168,172,48
12,s037,168,173,24
12,s037,168,174,22
12,s037,168,175,14
12,s037,168,160,44
12,s037,168,161,26
12,s037,168,162,34
12,s037,168,163,15
12,s037,168,164,33
12,s037,168,165,16
12,s037,168,166,14
12,s037,168,167,5
12,s037,168,184,38
12,s037,168,185,25
12,s037,168,186,11
12,s037,168,187,7
12,s037,168,188,19
12,s037,168,189,12
12,s037,168,190,9
12,s037,168,191,7
12,s037,168,176,11
12,s037,168,177,13
12,s037,168,178,7
12,s037,168,179,4
12,s037,168,180,8
12,s037,168,181,5
12,s037,168,182,6
12,s037,168,183,2
12,s037,168,136,50
12,s037,168,137,21
12,s037,168,138,24
12,s037,168,139,14
12,s037,168,140,31
12,s037,168,141,12
12,s037,168,142,16
12,s037,168,143,10
12,s037,168,128,27
12,s037,168,129,19
12,s037,168,130,11
12,s037,168,131,8
12,s037,168,132,5
12,s037,168,133,10
12,s037,168,134,11
12,s037,168,135,5
12,s037,168,152,14
12,s037,168,153,9
12,s037,168,154,8
12,s037,168,155,8
12,s037,168,156,12
12,s037,168,157,3
12,s037,168,158,9
12,s037,168,159,3
12,s037,168,144,10
12,s037,168,145,6
12,s037,168,146,6
12,s037,168,147,1
12,s037,168,148,2
12,s037,168,149,1
12,s037,168,151,1
12,s037,168,232,55
12,s037,168,233,24
12,s037,168,234,32
12,s037,168,235,24
12,s037,168,236,17
12,s037,168,237,15
12,s037,168,238,17
12,s037,168,239,14
12,s037,168,224,24
12,s037,168,225,18
12,s037,168,226,16
12,s037,168,227,9
12,s037,168,228,11
12,s037,168,229,7
12,s037,168,230,12
12,s037,168,231,5
12,s037,168,248,20
12,s037,168,249,6
12,s037,168,250,7
12,s037,168,251,10
12,s037,168,252,9
12,s037,168,253,6
12,s037,168,254,6
12,s037,168,255,5
12,s037,168,240,8
12,s037,168,241,5
12,s037,168,242,7
12,s037,168,243,5
12,s037,168,244,5
12,s037,168,245,5
12,s037,168,246,2
12,s037,168,247,2
12,s037,168,200,31
12,s037,168,201,14
12,s037,168,202,18
12,s037,168,203,12
12,s037,168,204,13
12,s037,168,205,6
12,s037,168,206,10
12,s037,168,207,6
12,s037,168,192,17
12,s037,168,193,10
12,s037,168,194,12
12,s037,168,195,5
12,s037,168,196,8
12,s037,168,197,8
12,s037,168,198,6
12,s037,168,199,4
12,s037,168,216,11
12,s037,168,217,4
12,s037,168,218,3
12,s037,168,219,4
12,s037,168,220,9
12,s037,168,221,4
12,s037,168,222,2
12,s037,168,223,1
12,s037,168,208,1
12,s037,168,209,8
12,s037,168,210,3
12,s037,168,211,2
12,s037,168,212,1
12,s037,168,213,3
12,s037,168,214,1
12,s037,168,40,38
12,s037,168,41,45
12,s037,168,42,22
12,s037,168,43,16
12,s037,168,44,26
12,s037,168,45,14
12,s037,168,46,7
12,s037,168,47,6
12,s037,168,32,26
12,s037,168,33,16
12,s037,168,34,13
12,s037,168,35,10
12,s037,168,36,8
12,s037,168,37,11
12,s037,168,38,7
12,s037,168,39,3
12,s037,168,56,16
12,s037,168,57,10
12,s037,168,58,14
12,s037,168,59,3
12,s037,168,60,10
12,s037,168,61,6
12,s037,168,62,7
12,s037,168,63,6
12,s037,168,48,10
12,s037,168,49,9
12,s037,168,50,4
12,s037,168,51,6
12,s037,168,52,2
12,s037,168,53,3
12,s037,168,54,5
12,s037,168,55,2
12,s037,168,8,28
12,s037,168,9,16
12,s037,168,10,11
12,s037,168,11,8
12,s037,168,12,17
12,s037,168,13,6
12,s037,168,14,11
12,s037,168,15,4
12,s037,168,0,12
12,s037,168,1,6
12,s037,168,2,7
12,s037,168,3,6
12,s037,168,4,6
12,s037,168,5,9
12,s037,168,6,3
12,s037,168,7,5
12,s037,168,24,11
12,s037,168,25,5
12,s037,168,26,6
12,s037,168,27,2
12,s037,168,28,8
12,s037,168,29,3
12,s037,168,30,2
12,s037,168,31,1
12,s037,168,16,5
12,s037,168,17,5
12,s037,168,18,4
12,s037,168,19,2
12,s037,168,20,2
12,s037,168,21,1
12,s037,168,22,2
12,s037,168,104,28
12,s037,168,105,15
12,s037,168,106,18
12,s037,168,107,7
12,s037,168,108,12
12,s037,168,109,14
12,s037,168,110,8
12,s037,168,111,6
12,s037,168,96,16
12,s037,168,97,9
12,s037,168,98,7
12,s037,168,99,4
12,s037,168,100,8
12,s037,168,101,8
12,s037,168,102,6
12,s037,168,103,5
12,s037,168,120,9
12,s037,168,121,7
12,s037,168,122,5
12,s037,168,123,5
12,s037,168,124,7
12,s037,168,125,6
12,s037,168,126,4
12,s037,168,127,2
12,s037,168,112,6
12,s037,168,113,2
12,s037,168,114,5
12,s037,168,115,2
12,s037,168,116,5
12,s037,168,117,1
12,s037,168,119,1
12,s037,168,72,10
12,s037,168,73,8
12,s037,168,74,11
12,s037,168,75,4
12,s037,168,76,6
12,s037,168,77,6
12,s037,168,78,5
12,s037,168,79,5
12,s037,168,64,9
12,s037,168,65,3
12,s037,168,66,3
12,s037,168,67,4
12,s037,168,68,2
12,s037,168,69,4
12,s037,168,70,1
12,s037,168,71,2
12,s037,168,88,5
12,s037,168,89,8
12,s037,168,90,4
12,s037,168,91,5
12,s037,168,92,2
12,s037,168,94,6
12,s037,168,95,2
12,s037,168,80,1
12,s037,168,81,3
12,s037,168,82,1
12,s037,168,84,3
12,s037,168,85,3
12,s037,168,87,2
12,s038,214,214,95
12,s038,214,215,62
12,s038,214,212,41
12,s038,214,213,28
12,s038,214,210,45
12,s038,214,211,24
12,s038,214,208,26
12,s038,214,209,21
12,s038,214,222,41
12,s038,214,223,34
12,s038,214,220,12
12,s038,214,221,26
12,s038,214,218,23
12,s038,214,219,13
12,s038,214,216,16
12,s038,214,217,10
12,s038,214,198,41
12,s038,214,199,17
12,s038,214,196,18
12,s038,214,197,12
12,s038,214,194,22
12,s038,214,195,10
12,s038,214,192,5
12,s038,214,193,7
12,s038,214,206,19
12,s038,214,207,12
12,s038,214,204,3
12,s038,214,205,6
12,s038,214,202,7
12,s038,214,203,6
12,s038,214,200,6
12,s038,214,201,2
12,s038,214,246,48
12,s038,214,247,34
12,s038,214,244,29
12,s038,214,245,14
12,s038,214,242,25
12,s038,214,243,17
12,s038,214,240,11
12,s038,214,241,12
12,s038,214,254,19
12,s038,214,255,15
12,s038,214,252,14
12,s038,214,253,10
12,s038,214,250,9
12,s038,214,251,4
12,s038,214,248,5
12,s038,214,249,9
12,s038,214,230,15
12,s038,214,231,15
12,s038,214,228,10
12,s038,214,229,4
12,s038,214,226,5
12,s038,214,227,7
12,s038,214,224,7
12,s038,214,225,1
12,s038,214,238,7
12,s038,214,239,2
12,s038,214,236,7
12,s038,214,237,6
12,s038,214,234,6
12,s038,214,235,5
12,s038,214,232,3
12,s038,214,233,6
12,s038,214,150,49
12,s038,214,151,25
12,s038,214,148,27
12,s038,214,149,24
12,s038,214,146,28
12,s038,214,147,22
12,s038,214,144,15
12,s038,214,145,10
12,s038,214,158,33
12,s038,214,159,14
12,s038,214,156,19
12,s038,214,157,13
12,s038,214,154,8
12,s038,214,155,6
12,s038,214,152,4
12,s038,214,153,3
12,s038,214,134,22
12,s038,214,135,9
12,s038,214,132,13
12,s038,214,133,7
12,s038,214,130,9
12,s038,214,131,1
12,s038,214,128,9
12,s038,214,129,3
12,s038,214,142,9
12,s038,214,143,6
12,s038,214,140,11
12,s038,214,141,2
12,s038,214,138,3
12,s038,214,139,1
12,s038,214,136,3
12,s038,214,137,5
12,s038,214,182,28
12,s038,214,183,12
12,s038,214,180,14
12,s038,214,181,13
12,s038,214,178,12
12,s038,214,179,19
12,s038,214,176,13
12,s038,214,177,8
12,s038,214,190,8
12,s038,214,191,9
12,s038,214,188,9
12,s038,214,189,7
12,s038,214,186,4
12,s038,214,187,6
12,s038,214,184,4
12,s038,214,185,2
12,s038,214,166,11
12,s038,214,167,3
12,s038,214,164,4
12,s038,214,165,2
12,s038,214,162,5
12,s038,214,163,5
12,s038,214,160,3
12,s038,214,161,1
12,s038,214,174,9
12,s038,214,175,4
12,s038,214,172,7
12,s038,214,173,3
12,s038,214,170,2
12,s038,214,171,4
12,s038,214,168,1
12,s038,214,169,1
12,s038,214,86,50
12,s038,214,87,23
12,s038,214,84,20
12,s038,214,85,21
12,s038,214,82,33
12,s038,214,83,24
12,s038,214,80,20
12,s038,214,81,12
12,s038,214,94,35
12,s038,214,95,21
12,s038,214,92,19
12,s038,214,93,9
12,s038,214,90,10
12,s038,214,91,8
12,s038,214,88,5
12,s038,214,89,5
12,s038,214,70,11
12,s038,214,71,15
12,s038,214,68,10
12,s038,214,69,9
12,s038,214,66,8
12,s038,214,67,9
12,s038,214,64,5
12,s038,214,78,7
12,s038,214,79,6
12,s038,214,76,2
12,s038,214,74,7
12,s038,214,75,5
12,s038,214,72,1
12,s038,214,73,1
12,s038,214,118,29
12,s038,214,119,14
12,s038,214,116,18
12,s038,214,117,6
12,s038,214,114,13
12,s038,214,115,11
12,s038,214,112,13
12,s038,214,113,4
12,s038,214,126,10
12,s038,214,127,14
12,s038,214,124,6
12,s038,214,125,6
12,s038,214,122,8
12,s038,214,123,6
12,s038,214,120,8
12,s038,214,121,5
12,s038,214,102,6
12,s038,214,103,9
12,s038,214,100,3
12,s038,214,101,2
12,s038,214,98,4
12,s038,214,99,10
12,s038,214,96,2
12,s038,214,97,3
12,s038,214,110,9
12,s038,214,111,3
12,s038,214,108,6
12,s038,214,106,4
12,s038,214,107,1
12,s038,214,104,1
12,s038,214,22,24
12,s038,214,23,22
12,s038,214,20,19
12,s038,214,21,17
12,s038,214,18,10
12,s038,214,19,12
12,s038,214,16,8
12,s038,214,17,10
12,s038,214,30,11
12,s038,214,31,6
12,s038,214,28,4
12,s038,214,29,7
12,s038,214,26,5
12,s038,214,27,3
12,s038,214,24,3
12,s038,214,25,3
12,s038,214,6,6
12,s038,214,7,5
12,s038,214,4,6
12,s038,214,5,5
12,s038,214,2,2
12,s038,214,3,3
12,s038,214,0,5
12,s038,214,1,4
12,s038,214,14,5
12,s038,214,15,2
12,s038,214,12,1
12,s038,214,13,1
12,s038,214,10,2
12,s038,214,11,1
12,s038,214,8,2
12,s038,214,9,3
12,s038,214,54,13
12,s038,214,55,12
12,s038,214,52,9
12,s038,214,53,11
12,s038,214,50,11
12,s038,214,51,10
12,s038,214,48,3
12,s038,214,49,1
12,s038,214,62,13
12,s038,214,63,2
12,s038,214,60,2
12,s038,214,61,1
12,s038,214,58,6
12,s038,214,59,8
12,s038,214,56,4
12,s038,214,57,2
12,s038,214,38,5
12,s038,214,39,3
12,s038,214,36,3
12,s038,214,37,6
12,s038,214,34,3
12,s038,214,32,1
12,s038,214,46,6
12,s038,214,44,3
12,s038,214,45,2
12,s038,214,42,1
12,s038,214,43,1
12,s038,214,41,2
12,s039,37,37,94
12,s039,37,36,46
12,s039,37,39,42
12,s039,37,38,29
12,s039,37,33,56
12,s039,37,32,28
12,s039,37,35,27
12,s039,37,34,13
12,s039,37,45,54
12,s039,37,44,24
12,s039,37,47,27
12,s039,37,46,12
12,s039,37,41,31
12,s039,37,40,14
12,s039,37,43,15
12,s039,37,42,9
12,s039,37,53,37
12,s039,37,52,20
12,s039,37,55,18
12,s039,37,54,14
12,s039,37,49,26
12,s039,37,48,13
12,s039,37,51,13
12,s039,37,50,1
12,s039,37,61,19
12,s039,37,60,16
12,s039,37,63,7
12,s039,37,62,7
12,s039,37,57,11
12,s039,37,56,3
12,s039,37,59,5
12,s039,37,58,2
12,s039,37,5,46
12,s039,37,4,28
12,s039,37,7,23
12,s039,37,6,21
12,s039,37,1,26
12,s039,37,0,9
12,s039,37,3,12
12,s039,37,2,9
12,s039,37,13,15
12,s039,37,12,13
12,s039,37,15,9
12,s039,37,14,5
12,s039,37,9,13
12,s039,37,8,4
12,s039,37,11,6
12,s039,37,10,7
12,s039,37,21,17
12,s039,37,20,10
12,s039,37,23,9
12,s039,37,22,4
12,s039,37,17,8
12,s039,37,16,3
12,s039,37,19,7
12,s039,37,18,3
12,s039,37,29,12
12,s039,37,28,8
12,s039,37,31,5
12,s039,37,30,2
12,s039,37,25,6
12,s039,37,24,4
12,s039,37,27,3
12,s039,37,101,51
12,s039,37,100,37
12,s039,37,103,35
12,s039,37,102,18
12,s039,37,97,34
12,s039,37,96,9
12,s039,37,99,21
12,s039,37,98,9
12,s039,37,109,34
12,s039,37,108,18
12,s039,37,111,13
12,s039,37,110,12
12,s039,37,105,18
12,s039,37,104,8
12,s039,37,107,12
12,s039,37,106,3
12,s039,37,117,27
12,s039,37,116,11
12,s039,37,119,11
12,s039,37,118,4
12,s039,37,113,13
12,s039,37,112,6
12,s039,37,115,4
12,s039,37,114,3
12,s039,37,125,8
12,s039,37,124,4
12,s039,37,127,9
12,s039,37,126,5
12,s039,37,121,2
12,s039,37,120,3
12,s039,37,123,2
12,s039,37,122,1
12,s039,37,69,33
12,s039,37,68,18
12,s039,37,71,18
12,s039,37,70,5
12,s039,37,65,16
12,s039,37,64,7
12,s039,37,67,15
12,s039,37,66,4
12,s039,37,77,19
12,s039,37,76,7
12,s039,37,79,8
12,s039,37,78,5
12,s039,37,73,9
12,s039,37,72,5
12,s039,37,75,4
12,s039,37,74,3
12,s039,37,85,9
12,s039,37,84,11
12,s039,37,87,3
12,s039,37,86,4
12,s039,37,81,5
12,s039,37,80,9
12,s039,37,83,4
12,s039,37,82,5
12,s039,37,93,4
12,s039,37,92,1
12,s039,37,95,2
12,s039,37,89,5
12,s039,37,88,1
12,s039,37,91,4
12,s039,37,90,3
12,s039,37,165,48
12,s039,37,164,40
12,s039,37,167,27
12,s039,37,166,14
12,s039,37,161,24
12,s039,37,160,19
12,s039,37,163,16
12,s039,37,162,13
12,s039,37,173,36
12,s039,37,172,14
12,s039,37,175,10
12,s039,37,174,4
12,s039,37,169,13
12,s039,37,168,6
12,s039,37,171,11
12,s039,37,170,8
12,s039,37,181,20
12,s039,37,180,9
12,s039,37,183,13
12,s039,37,182,8
12,s039,37,177,11
12,s039,37,176,4
12,s039,37,179,6
12,s039,37,178,6
12,s039,37,189,4
12,s039,37,188,5
12,s039,37,191,2
12,s039,37,190,9
12,s039,37,185,4
12,s039,37,184,4
12,s039,37,187,2
12,s039,37,186,4
12,s039,37,133,28
12,s039,37,132,12
12,s039,37,135,10
12,s039,37,134,12
12,s039,37,129,20
12,s039,37,128,7
12,s039,37,131,8
12,s039,37,130,5
12,s039,37,141,14
12,s039,37,140,5
12,s039,37,143,1
12,s039,37,142,9
12,s039,37,137,3
12,s039,37,136,2
12,s039,37,139,6
12,s039,37,138,2
12,s039,37,149,11
12,s039,37,148,6
12,s039,37,151,3
12,s039,37,150,2
12,s039,37,145,4
12,s039,37,144,2
12,s039,37,147,2
12,s039,37,146,1
12,s039,37,157,8
12,s039,37,156,6
12,s039,37,159,3
12,s039,37,158,2
12,s039,37,153,3
12,s039,37,152,2
12,s039,37,229,27
12,s039,37,228,15
12,s039,37,231,18
12,s039,37,230,16
12,s039,37,225,15
12,s039,37,224,10
12,s039,37,227,16
12,s039,37,226,6
12,s039,37,237,15
12,s039,37,236,15
12,s039,37,239,4
12,s039,37,238,11
12,s039,37,233,2
12,s039,37,232,8
12,s039,37,235,3
12,s039,37,234,4
12,s039,37,245,6
12,s039,37,244,5
12,s039,37,247,6
12,s039,37,246,5
12,s039,37,241,7
12,s039,37,240,4
12,s039,37,243,6
12,s039,37,242,1
12,s039,37,253,3
12,s039,37,252,3
12,s039,37,255,8
12,s039,37,254,2
12,s039,37,249,1
12,s039,37,248,2
12,s039,37,251,2
12,s039,37,197,12
12,s039,37,196,7
12,s039,37,199,10
12,s039,37,198,4
12,s039,37,193,10
12,s039,37,192,4
12,s039,37,195,4
12,s039,37,194,3
12,s039,37,205,8
12,s039,37,204,3
12,s039,37,207,4
12,s039,37,206,1
12,s039,37,201,3
12,s039,37,200,3
12,s039,37,203,3
12,s039,37,202,1
12,s039,37,213,4
12,s039,37,212,3
12,s039,37,215,2
12,s039,37,214,1
12,s039,37,209,2
12,s039,37,211,2
12,s039,37,210,4
12,s039,37,221,1
12,s039,37,220,4
12,s039,37,223,2
12,s039,37,222,1
12,s039,37,217,2
12,s039,37,216,1
12,s039,37,219,2
16,s000,213,213,42
16,s000,213,212,30
16,s000,213,215,31
16,s000,213,214,19
16,s000,213,209,39
16,s000,213,208,19
16,s000,213,211,23
16,s000,213,210,9
16,s000,213,221,20
16,s000,213,220,24
16,s000,213,223,17
16,s000,213,222,20
16,s000,213,217,20
16,s000,213,216,12
16,s000,213,219,7
16,s000,213,218,10
16,s000,213,197,16
16,s000,213,196,18
16,s000,213,199,17
16,s000,213,198,13
16,s000,213,193,17
16,s000,213,192,9
16,s000,213,195,12
16,s000,213,194,8
16,s000,213,205,16
16,s000,213,204,7
16,s000,213,207,8
16,s000,213,206,9
16,s000,213,201,6
16,s000,213,200,3
16,s000,213,203,8
16,s000,213,202,4
16,s000,213,245,23
16,s000,213,244,22
16,s000,213,247,20
16,s000,213,246,21
16,s000,213,241,14
16,s000,213,240,21
16,s000,213,243,4
16,s000,213,242,10
16,s000,213,253,21
16,s000,213,252,12
16,s000,213,255,15
16,s000,213,254,12
16,s000,213,249,14
16,s000,213,248,11
16,s000,213,251,14
16,s000,213,250,5
16,s000,213,229,10
16,s000,213,228,8
16,s000,213,231,9
16,s000,213,230,9
16,s000,213,225,8
16,s000,213,224,6
16,s000,213,227,10
16,s000,213,226,6
16,s000,213,237,10
16,s000,213,236,6
16,s000,213,239,3
16,s000,213,238,4
16,s000,213,233,9
16,s000,213,232,6
16,s000,213,235,8
16,s000,213,234,2
16,s000,213,149,40
16,s000,213,148,25
16,s000,213,151,17
16,s000,213,150,15
16,s000,213,145,13
16,s000,213,144,10
16,s000,213,147,7
16,s000,213,146,7
16,s000,213,157,16
16,s000,213,156,9
16,s000,213,159,18
16,s000,213,158,8
16,s000,213,153,17
16,s000,213,152,7
16,s000,213,155,13
16,s000,213,154,5
16,s000,213,133,10
16,s000,213,132,12
16,s000,213,135,10
16,s000,213,134,9
16,s000,213,129,5
16,s000,213,128,12
16,s000,213,131,6
16,s000,213,130,9
16,s000,213,141,11
16,s000,213,140,7
16,s000,213,143,4
16,s000,213,142,6
16,s000,213,137,4
16,s000,213,136,2
16,s000,213,139,5
16,s000,213,138,2
16,s000,213,181,22
16,s000,213,180,13
16,s000,213,183,12
16,s000,213,182,5
16,s000,213,177,15
16,s000,213,176,4
16,s000,213,179,8
16,s000,213,178,8
16,s000,213,189,7
16,s000,213,188,12
16,s000,213,191,8
16,s000,213,190,4
16,s000,213,185,7
16,s000,213,184,5
16,s000,213,187,7
16,s000,213,186,2
16,s000,213,165,10
16,s000,213,164,5
16,s000,213,167,6
16,s000,213,166,6
16,s000,213,161,5
16,s000,213,160,7
16,s000,213,163,6
16,s000,213,162,3
16,s000,213,173,6
16,s000,213,172,12
16,s000,213,175,1
16,s000,213,174,4
16,s000,213,169,3
16,s000,213,168,5
16,s000,213,171,4
16,s000,213,170,2
16,s000,213,85,25
16,s000,213,84,29
16,s000,213,87,22
16,s000,213,86,18
16,s000,213,81,19
16,s000,213,80,23
16,s000,213,83,13
16,s000,213,82,10
16,s000,213,93,19
16,s000,213,92,14
16,s000,213,95,11
16,s000,213,94,10
16,s000,213,89,15
16,s000,213,88,4
16,s000,213,91,1
16,s000,213,90,3
16,s000,213,69,19
16,s000,213,68,9
16,s000,213,71,6
16,s000,213,70,6
16,s000,213,65,8
16,s000,213,64,8
16,s000,213,67,10
16,s000,213,66,8
16,s000,213,77,6
16,s000,213,76,3
16,s000,213,79,6
16,s000,213,78,4
16,s000,213,73,5
16,s000,213,72,4
16,s000,213,75,5
16,s000,213,74,5
16,s000,213,117,21
16,s000,213,116,20
16,s000,213,119,17
16,s000,213,118,11
16,s000,213,113,15
16,s000,213,112,9
16,s000,213,115,10
16,s000,213,114,7
16,s000,213,125,13
16,s000,213,124,11
16,s000,213,127,4
16,s000,213,126,8
16,s000,213,121,12
16,s000,213,120,7
16,s000,213,123,7
16,s000,213,122,5
16,s000,213,101,7
16,s000,213,100,6
16,s000,213,103,7
16,s000,213,102,6
16,s000,213,97,8
16,s000,213,96,7
16,s000,213,99,5
16,s000,213,98,1
16,s000,213,109,2
16,s000,213,108,5
16,s000,213,111,3
16,s000,213,110,3
16,s000,213,105,1
16,s000,213,104,1
16,s000,213,107,6
16,s000,213,106,2
16,s000,213,21,21
16,s000,213,20,26
16,s000,213,23,13
16,s000,213,22,13
16,s000,213,17,11
16,s000,213,16,10
16,s000,213,19,9
16,s000,213,18,10
16,s000,213,29,11
16,s000,213,28,11
16,s000,213,31,10
16,s000,213,30,10
16,s000,213,25,11
16,s000,213,24,5
16,s000,213,27,9
16,s000,213,26,2
16,s000,213,5,10
16,s000,213,4,7
16,s000,213,7,7
16,s000,213,6,5
16,s000,213,1,6
16,s000,213,0,4
16,s000,213,3,2
16,s000,213,2,5
16,s000,213,13,1
16,s000,213,12,6
16,s000,213,15,2
16,s000,213,14,4
16,s000,213,9,6
16,s000,213,8,4
16,s000,213,10,7
16,s000,213,53,21
16,s000,213,52,9
16,s000,213,55,19
16,s000,213,54,10
16,s000,213,49,8
16,s000,213,48,7
16,s000,213,51,8
16,s000,213,50,4
16,s000,213,61,9
16,s000,213,60,7
16,s000,213,63,12
16,s000,213,62,6
16,s000,213,57,6
16,s000,213,56,5
16,s000,213,59,6
16,s000,213,58,2
16,s000,213,37,6
16,s000,213,36,6
16,s000,213,39,5
16,s000,213,38,4
16,s000,213,33,3
16,s000,213,32,6
16,s000,213,35,4
16,s000,213,34,2
16,s000,213,45,3
16,s000,213,44,1
16,s000,213,47,4
16,s000,213,46,6
16,s000,213,40,3
16,s000,213,43,2
16,s000,213,42,3
16,s001,246,246,43
16,s001,246,247,42
16,s001,246,244,27
16,s001,246,245,26
16,s001,246,242,28
16,s001,246,243,19
16,s001,246,240,26
16,s001,246,241,16
16,s001,246,254,24
16,s001,246,255,28
16,s001,246,252,18
16,s001,246,253,19
16,s001,246,250,13
16,s001,246,251,6
16,s001,246,248,14
16,s001,246,249,7
16,s001,246,230,14
16,s001,246,231,16
16,s001,246,228,8
16,s001,246,229,10
16,s001,246,226,8
16,s001,246,227,10
16,s001,246,224,10
16,s001,246,225,4
16,s001,246,238,10
16,s001,246,239,7
16,s001,246,236,8
16,s001,246,237,6
16,s001,246,234,9
16,s001,246,235,10
16,s001,246,232,9
16,s001,246,233,4
16,s001,246,214,21
16,s001,246,215,13
16,s001,246,212,17
16,s001,246,213,14
16,s001,246,210,17
16,s001,246,211,12
16,s001,246,208,9
16,s001,246,209,8
16,s001,246,222,16
16,s001,246,223,14
16,s001,246,220,9
16,s001,246,221,9
16,s001,246,218,20
16,s001,246,219,7
16,s001,246,216,5
16,s001,246,217,8
16,s001,246,198,15
16,s001,246,199,7
16,s001,246,196,5
16,s001,246,197,8
16,s001,246,194,8
16,s001,246,195,4
16,s001,246,192,7
16,s001,246,193,6
16,s001,246,206,11
16,s001,246,207,4
16,s001,246,204,4
16,s001,246,205,3
16,s001,246,202,12
16,s001,246,203,1
16,s001,246,200,3
16,s001,246,201,2
16,s001,246,182,19
16,s001,246,183,30
16,s001,246,180,32
16,s001,246,181,11
16,s001,246,178,13
16,s001,246,179,22
16,s001,246,176,16
16,s001,246,177,7
16,s001,246,190,22
16,s001,246,191,9
16,s001,246,188,13
16,s001,246,189,9
16,s001,246,186,12
16,s001,246,187,9
16,s001,246,184,14
16,s001,246,185,4
16,s001,246,166,16
16,s001,246,167,15
16,s001,246,164,12
16,s001,246,165,8
16,s001,246,162,10
16,s001,246,163,7
16,s001,246,160,10
16,s001,246,161,9
16,s001,246,174,5
16,s001,246,175,9
16,s001,246,172,8
16,s001,246,173,1
16,s001,246,170,4
16,s001,246,171,4
16,s001,246,168,7
16,s001,246,169,2
16,s001,246,150,15
16,s001,246,151,18
16,s001,246,148,14
16,s001,246,149,15
16,s001,246,146,20
16,s001,246,147,8
16,s001,246,144,12
16,s001,246,145,8
16,s001,246,158,11
16,s001,246,159,11
16,s001,246,156,15
16,s001,246,157,5
16,s001,246,154,9
16,s001,246,155,14
16,s001,246,152,12
16,s001,246,153,5
16,s001,246,134,12
16,s001,246,135,9
16,s001,246,132,10
16,s001,246,133,7
16,s001,246,130,10
16,s001,246,131,6
16,s001,246,128,2
16,s001,246,129,4
16,s001,246,142,4
16,s001,246,143,7
16,s001,246,140,10
16,s001,246,141,4
16,s001,246,138,4
16,s001,246,139,2
16,s001,246,136,3
16,s001,246,137,3
16,s001,246,118,28
16,s001,246,119,22
16,s001,246,116,24
16,s001,246,117,19
16,s001,246,114,19
16,s001,246,115,9
16,s001,246,112,15
16,s001,246,113,8
16,s001,246,126,16
16,s001,246,127,16
16,s001,246,124,14
16,s001,246,125,9
16,s001,246,122,9
16,s001,246,123,12
16,s001,246,120,12
16,s001,246,121,7
16,s001,246,102,16
16,s001,246,103,11
16,s001,246,100,11
16,s001,246,101,13
16,s001,246,98,7
16,s001,246,99,7
16,s001,246,96,6
16,s001,246,97,7
16,s001,246,110,9
16,s001,246,111,8
16,s001,246,108,4
16,s001,246,109,3
16,s001,246,106,5
16,s001,246,107,5
16,s001,246,104,5
16,s001,246,105,6
16,s001,246,86,21
16,s001,246,87,20
16,s001,246,84,14
16,s001,246,85,10
16,s001,246,82,13
16,s001,246,83,7
16,s001,246,80,5
16,s001,246,81,7
16,s001,246,94,14
16,s001,246,95,14
16,s001,246,92,13
16,s001,246,93,9
16,s001,246,90,12
16,s001,246,91,5
16,s001,246,88,7
16,s001,246,89,3
16,s001,246,70,8
16,s001,246,71,6
16,s001,246,68,4
16,s001,246,69,10
16,s001,246,66,8
16,s001,246,67,13
16,s001,246,64,5
16,s001,246,65,3
16,s001,246,78,4
16,s001,246,79,7
16,s001,246,76,3
16,s001,246,74,7
16,s001,246,75,3
16,s001,246,72,2
16,s001,246,73,2
16,s001,246,54,22
16,s001,246,55,25
16,s001,246,52,15
16,s001,246,53,14
16,s001,246,50,11
16,s001,246,51,7
16,s001,246,48,13
16,s001,246,49,10
16,s001,246,62,19
16,s001,246,63,12
16,s001,246,60,8
16,s001,246,61,9
16,s001,246,58,11
16,s001,246,59,6
16,s001,246,56,3
16,s001,246,57,5
16,s001,246,38,9
16,s001,246,39,3
16,s001,246,36,15
16,s001,246,37,8
16,s001,246,34,4
16,s001,246,35,4
16,s001,246,32,3
16,s001,246,33,4
16,s001,246,46,7
16,s001,246,47,6
16,s001,246,44,7
16,s001,246,45,3
16,s001,246,42,8
16,s001,246,43,4
16,s001,246,40,1
16,s001,246,41,1
16,s001,246,22,26
16,s001,246,23,18
16,s001,246,20,8
16,s001,246,21,9
16,s001,246,18,13
16,s001,246,19,7
16,s001,246,16,5
16,s001,246,17,4
16,s001,246,30,7
16,s001,246,31,9
16,s001,246,28,7
16,s001,246,29,8
16,s001,246,26,4
16,s001,246,27,4
16,s001,246,24,5
16,s001,246,25,3
16,s001,246,6,4
16,s001,246,7,7
16,s001,246,4,6
16,s001,246,5,5
16,s001,246,2,6
16,s001,246,3,3
16,s001,246,0,2
16,s001,246,1,4
16,s001,246,14,4
16,s001,246,15,2
16,s001,246,12,2
16,s001,246,13,6
16,s001,246,10,4
16,s001,246,8,2
16,s001,246,9,3
16,s002,62,62,44
16,s002,62,63,25
16,s002,62,60,33
16,s002,62,61,23
16,s002,62,58,37
16,s002,62,59,24
16,s002,62,56,19
16,s002,62,57,14
16,s002,62,54,28
16,s002,62,55,16
16,s002,62,52,27
16,s002,62,53,19
16,s002,62,50,15
16,s002,62,51,13
16,s002,62,48,13
16,s002,62,49,11
16,s002,62,46,23
16,s002,62,47,10
16,s002,62,44,17
16,s002,62,45,10
16,s002,62,42,19
16,s002,62,43,11
16,s002,62,40,7
16,s002,62,41,6
16,s002,62,38,14
16,s002,62,39,16
16,s002,62,36,11
16,s002,62,37,10
16,s002,62,34,11
16,s002,62,35,9
16,s002,62,32,8
16,s002,62,33,7
16,s002,62,30,21
16,s002,62,31,20
16,s002,62,28,17
16,s002,62,29,24
16,s002,62,26,28
16,s002,62,27,15
16,s002,62,24,13
16,s002,62,25,10
16,s002,62,22,18
16,s002,62,23,20
16,s002,62,20,14
16,s002,62,21,12
16,s002,62,18,6
16,s002,62,19,5
16,s002,62,16,9
16,s002,62,17,5
16,s002,62,14,14
16,s002,62,15,12
16,s002,62,12,16
16,s002,62,13,8
16,s002,62,10,10
16,s002,62,11,7
16,s002,62,8,5
16,s002,62,9,5
16,s002,62,6,15
16,s002,62,7,6
16,s002,62,4,5
16,s002,62,5,5
16,s002,62,2,4
16,s002,62,3,4
16,s002,62,0,8
16,s002,62,1,5
16,s002,62,126,38
16,s002,62,127,21
16,s002,62,124,39
16,s002,62,125,18
16,s002,62,122,33
16,s002,62,123,12
16,s002,62,120,16
16,s002,62,121,12
16,s002,62,118,22
16,s002,62,119,11
16,s002,62,116,21
16,s002,62,117,12
16,s002,62,114,9
16,s002,62,115,8
16,s002,62,112,7
16,s002,62,110,17
16,s002,62,111,7
16,s002,62,108,7
16,s002,62,109,7
16,s002,62,106,11
16,s002,62,107,3
16,s002,62,104,9
16,s002,62,105,4
16,s002,62,102,8
16,s002,62,103,5
16,s002,62,100,11
16,s002,62,101,3
16,s002,62,98,8
16,s002,62,99,5
16,s002,62,96,4
16,s002,62,97,1
16,s002,62,94,24
16,s002,62,95,19
16,s002,62,92,12
16,s002,62,93,16
16,s002,62,90,16
16,s002,62,91,8
16,s002,62,88,8
16,s002,62,89,6
16,s002,62,86,11
16,s002,62,87,9
16,s002,62,84,13
16,s002,62,85,6
16,s002,62,82,9
16,s002,62,83,8
16,s002,62,80,4
16,s002,62,81,3
16,s002,62,78,9
16,s002,62,79,5
16,s002,62,76,4
16,s002,62,77,5
16,s002,62,74,8
16,s002,62,75,2
16,s002,62,72,3
16,s002,62,73,3
16,s002,62,70,6
16,s002,62,71,8
16,s002,62,68,7
16,s002,62,69,1
16,s002,62,66,4
16,s002,62,67,2
16,s002,62,64,4
16,s002,62,65,1
16,s002,62,190,25
16,s002,62,191,30
16,s002,62,188,24
16,s002,62,189,22
16,s002,62,186,20
16,s002,62,187,10
16,s002,62,184,17
16,s002,62,185,11
16,s002,62,182,13
16,s002,62,183,14
16,s002,62,180,17
16,s002,62,181,13
16,s002,62,178,14
16,s002,62,179,5
16,s002,62,176,9
16,s002,62,177,10
16,s002,62,174,11
16,s002,62,175,11
16,s002,62,172,8
16,s002,62,173,6
16,s002,62,170,8
16,s002,62,171,8
16,s002,62,168,6
16,s002,62,169,8
16,s002,62,166,8
16,s002,62,167,3
16,s002,62,164,6
16,s002,62,165,1
16,s002,62,162,4
16,s002,62,163,5
16,s002,62,160,1
16,s002,62,161,1
16,s002,62,158,24
16,s002,62,159,19
16,s002,62,156,10
16,s002,62,157,9
16,s002,62,154,11
16,s002,62,155,20
16,s002,62,152,8
16,s002,62,153,7
16,s002,62,150,13
16,s002,62,151,12
16,s002,62,148,11
16,s002,62,149,7
16,s002,62,146,10
16,s002,62,147,6
16,s002,62,144,7
16,s002,62,145,3
16,s002,62,142,10
16,s002,62,143,1
16,s002,62,140,8
16,s002,62,141,8
16,s002,62,138,9
16,s002,62,139,7
16,s002,62,136,5
16,s002,62,137,7
16,s002,62,134,13
16,s002,62,135,3
16,s002,62,132,3
16,s002,62,133,3
16,s002,62,130,5
16,s002,62,131,3
16,s002,62,128,5
16,s002,62,129,2
16,s002,62,254,24
16,s002,62,255,22
16,s002,62,252,14
16,s002,62,253,13
16,s002,62,250,10
16,s002,62,251,9
16,s002,62,248,10
16,s002,62,249,10
16,s002,62,246,17
16,s002,62,247,9
16,s002,62,244,15
16,s002,62,245,12
16,s002,62,242,11
16,s002,62,243,12
16,s002,62,240,4
16,s002,62,241,5
16,s002,62,238,19
16,s002,62,239,8
16,s002,62,236,11
16,s002,62,237,5
16,s002,62,234,6
16,s002,62,235,6
16,s002,62,232,4
16,s002,62,233,6
16,s002,62,230,5
16,s002,62,231,6
16,s002,62,228,4
16,s002,62,229,4
16,s002,62,226,4
16,s002,62,227,2
16,s002,62,224,9
16,s002,62,225,1
16,s002,62,222,15
16,s002,62,223,13
16,s002,62,220,12
16,s002,62,221,4
16,s002,62,218,8
16,s002,62,219,11
16,s002,62,216,9
16,s002,62,217,8
16,s002,62,214,4
16,s002,62,215,12
16,s002,62,212,10
16,s002,62,213,9
16,s002,62,210,5
16,s002,62,211,3
16,s002,62,208,3
16,s002,62,209,2
16,s002,62,206,7
16,s002,62,207,2
16,s002,62,204,8
16,s002,62,205,7
16,s002,62,202,4
16,s002,62,203,3
16,s002,62,200,3
16,s002,62,201,1
16,s002,62,198,5
16,s002,62,199,5
16,s002,62,196,4
16,s002,62,197,2
16,s002,62,193,2
16,s003,167,167,49
16,s003,167,166,33
16,s003,167,165,29
16,s003,167,164,29
16,s003,167,163,39
16,s003,167,162,29
16,s003,167,161,15
16,s003,167,160,24
16,s003,167,175,33
16,s003,167,174,22
16,s003,167,173,17
16,s003,167,172,16
16,s003,167,171,17
16,s003,167,170,9
16,s003,167,169,20
16,s003,167,168,8
16,s003,167,183,19
16,s003,167,182,14
16,s003,167,181,11
16,s003,167,180,10
16,s003,167,179,10
16,s003,167,178,13
16,s003,167,177,11
16,s003,167,176,8
16,s003,167,191,18
16,s003,167,190,13
16,s003,167,189,8
16,s003,167,188,8
16,s003,167,187,8
16,s003,167,186,8
16,s003,167,185,8
16,s003,167,184,3
16,s003,167,135,25
16,s003,167,134,23
16,s003,167,133,20
16,s003,167,132,17
16,s003,167,131,23
16,s003,167,130,17
16,s003,167,129,6
16,s003,167,128,12
16,s003,167,143,18
16,s003,167,142,19
16,s003,167,141,19
16,s003,167,140,12
16,s003,167,139,12
16,s003,167,138,8
16,s003,167,137,11
16,s003,167,136,15
16,s003,167,151,14
16,s003,167,150,12
16,s003,167,149,16
16,s003,167,148,6
16,s003,167,147,10
16,s003,167,146,9
16,s003,167,145,6
16,s003,167,144,3
16,s003,167,159,8
16,s003,167,158,4
16,s003,167,157,2
16,s003,167,155,4
16,s003,167,154,6
16,s003,167,153,6
16,s003,167,152,3
16,s003,167,231,30
16,s003,167,230,25
16,s003,167,229,23
16,s003,167,228,17
16,s003,167,227,26
16,s003,167,226,14
16,s003,167,225,18
16,s003,167,224,20
16,s003,167,239,24
16,s003,167,238,13
16,s003,167,237,15
16,s003,167,236,11
16,s003,167,235,9
16,s003,167,234,11
16,s003,167,233,12
16,s003,167,232,11
16,s003,167,247,21
16,s003,167,246,6
16,s003,167,245,13
16,s003,167,244,10
16,s003,167,243,3
16,s003,167,242,8
16,s003,167,241,10
16,s003,167,240,5
16,s003,167,255,9
16,s003,167,254,7
16,s003,167,253,3
16,s003,167,252,10
16,s003,167,251,4
16,s003,167,250,4
16,s003,167,249,3
16,s003,167,248,3
16,s003,167,199,18
16,s003,167,198,17
16,s003,167,197,16
16,s003,167,196,12
16,s003,167,195,11
16,s003,167,194,12
16,s003,167,193,8
16,s003,167,192,5
16,s003,167,207,14
16,s003,167,206,12
16,s003,167,205,10
16,s003,167,204,7
16,s003,167,203,8
16,s003,167,202,7
16,s003,167,201,4
16,s003,167,200,9
16,s003,167,215,15
16,s003,167,214,8
16,s003,167,213,8
16,s003,167,212,1
16,s003,167,211,10
16,s003,167,210,6
16,s003,167,209,3
16,s003,167,208,5
16,s003,167,223,8
16,s003,167,222,2
16,s003,167,221,6
16,s003,167,220,3
16,s003,167,219,7
16,s003,167,218,3
16,s003,167,217,1
16,s003,167,216,1
16,s003,167,39,39
16,s003,167,38,21
16,s003,167,37,28
16,s003,167,36,19
16,s003,167,35,14
16,s003,167,34,11
16,s003,167,33,28
16,s003,167,32,14
16,s003,167,47,16
16,s003,167,46,24
16,s003,167,45,16
16,s003,167,44,14
16,s003,167,43,7
16,s003,167,42,7
16,s003,167,41,14
16,s003,167,40,9
16,s003,167,55,23
16,s003,167,54,18
16,s003,167,53,13
16,s003,167,52,6
16,s003,167,51,6
16,s003,167,50,4
16,s003,167,49,5
16,s003,167,48,3
16,s003,167,63,6
16,s003,167,62,2
16,s003,167,61,6
16,s003,167,60,3
16,s003,167,59,8
16,s003,167,58,2
16,s003,167,57,5
16,s003,167,56,2
16,s003,167,7,21
16,s003,167,6,18
16,s003,167,5,21
16,s003,167,4,11
16,s003,167,3,17
16,s003,167,2,12
16,s003,167,1,13
16,s003,167,0,4
16,s003,167,15,12
16,s003,167,14,20
16,s003,167,13,4
16,s003,167,12,3
16,s003,167,11,3
16,s003,167,10,7
16,s003,167,9,7
16,s003,167,8,3
16,s003,167,23,7
16,s003,167,22,5
16,s003,167,21,5
16,s003,167,20,3
16,s003,167,19,6
16,s003,167,18,3
16,s003,167,17,4
16,s003,167,16,4
16,s003,167,31,7
16,s003,167,30,8
16,s003,167,27,4
16,s003,167,26,3
16,s003,167,25,1
16,s003,167,24,2
16,s003,167,103,26
16,s003,167,102,14
16,s003,167,101,17
16,s003,167,100,12
16,s003,167,99,14
16,s003,167,98,8
16,s003,167,97,12
16,s003,167,96,15
16,s003,167,111,17
16,s003,167,110,14
16,s003,167,109,11
16,s003,167,108,10
16,s003,167,107,8
16,s003,167,106,4
16,s003,167,105,6
16,s003,167,104,4
16,s003,167,119,8
16,s003,167,118,14
16,s003,167,117,7
16,s003,167,116,4
16,s003,167,115,9
16,s003,167,114,8
16,s003,167,112,3
16,s003,167,127,4
16,s003,167,126,4
16,s003,167,125,4
16,s003,167,124,3
16,s003,167,123,2
16,s003,167,122,2
16,s003,167,121,2
16,s003,167,120,3
16,s003,167,71,9
16,s003,167,70,13
16,s003,167,69,20
16,s003,167,68,8
16,s003,167,67,11
16,s003,167,66,11
16,s003,167,65,7
16,s003,167,64,7
16,s003,167,79,6
16,s003,167,78,11
16,s003,167,77,5
16,s003,167,76,9
16,s003,167,75,2
16,s003,167,74,3
16,s003,167,73,6
16,s003,167,72,4
16,s003,167,87,3
16,s003,167,86,11
16,s003,167,85,6
16,s003,167,84,6
16,s003,167,83,7
16,s003,167,82,5
16,s003,167,81,2
16,s003,167,80,3
16,s003,167,95,4
16,s003,167,94,6
16,s003,167,93,3
16,s003,167,92,3
16,s003,167,90,3
16,s003,167,88,2
16,s004,239,239,49
16,s004,239,238,28
16,s004,239,237,32
16,s004,239,236,17
16,s004,239,235,33
16,s004,239,234,26
16,s004,239,233,23
16,s004,239,232,20
16,s004,239,231,32
16,s004,239,230,19
16,s004,239,229,22
16,s004,239,228,14
16,s004,239,227,13
16,s004,239,226,15
16,s004,239,225,15
16,s004,239,224,18
16,s004,239,255,19
16,s004,239,254,18
16,s004,239,253,13
16,s004,239,252,16
16,s004,239,251,13
16,s004,239,250,10
16,s004,239,249,8
16,s004,239,248,4
16,s004,239,247,10
16,s004,239,246,10
16,s004,239,245,9
16,s004,239,244,5
16,s004,239,243,12
16,s004,239,242,11
16,s004,239,241,6
16,s004,239,240,5
16,s004,239,207,27
16,s004,239,206,13
16,s004,239,205,19
16,s004,239,204,13
16,s004,239,203,18
16,s004,239,202,12
16,s004,239,201,18
16,s004,239,200,13
16,s004,239,199,17
16,s004,239,198,9
16,s004,239,197,10
16,s004,239,196,10
16,s004,239,195,7
16,s004,239,194,12
16,s004,239,193,9
16,s004,239,192,4
16,s004,239,223,12
16,s004,239,222,15
16,s004,239,221,7
16,s004,239,220,4
16,s004,239,219,9
16,s004,239,218,4
16,s004,239,217,13
16,s004,239,216,4
16,s004,239,215,10
16,s004,239,214,9
16,s004,239,213,12
16,s004,239,212,4
16,s004,239,211,1
16,s004,239,210,2
16,s004,239,209,5
16,s004,239,208,5
16,s004,239,175,27
16,s004,239,174,15
16,s004,239,173,19
16,s004,239,172,16
16,s004,239,171,20
16,s004,239,170,15
16,s004,239,169,20
16,s004,239,168,9
16,s004,239,167,28
16,s004,239,166,16
16,s004,239,165,10
16,s004,239,164,6
16,s004,239,163,9
16,s004,239,162,5
16,s004,239,161,10
16,s004,239,160,8
16,s004,239,191,7
16,s004,239,190,5
16,s004,239,189,8
16,s004,239,188,14
16,s004,239,187,9
16,s004,239,186,6
16,s004,239,185,8
16,s004,239,184,6
16,s004,239,183,11
16,s004,239,182,5
16,s004,239,181,7
16,s004,239,180,3
16,s004,239,179,5
16,s004,239,178,4
16,s004,239,177,8
16,s004,239,176,4
16,s004,239,143,14
16,s004,239,142,10
16,s004,239,141,13
16,s004,239,140,15
16,s004,239,139,13
16,s004,239,138,8
16,s004,239,137,9
16,s004,239,136,6
16,s004,239,135,14
16,s004,239,134,5
16,s004,239,133,16
16,s004,239,132,3
16,s004,239,131,15
16,s004,239,130,8
16,s004,239,129,4
16,s004,239,128,9
16,s004,239,159,11
16,s004,239,158,10
16,s004,239,157,9
16,s004,239,156,5
16,s004,239,155,5
16,s004,239,154,7
16,s004,239,153,2
16,s004,239,152,9
16,s004,239,151,5
16,s004,239,150,6
16,s004,239,149,6
16,s004,239,148,6
16,s004,239,147,5
16,s004,239,146,2
16,s004,239,145,4
16,s004,239,144,3
16,s004,239,111,33
16,s004,239,110,22
16,s004,239,109,20
16,s004,239,108,19
16,s004,239,107,19
16,s004,239,106,11
16,s004,239,105,15
16,s004,239,104,11
16,s004,239,103,22
16,s004,239,102,16
16,s004,239,101,15
16,s004,239,100,15
16,s004,239,99,13
16,s004,239,98,10
16,s004,239,97,13
16,s004,239,96,11
16,s004,239,127,22
16,s004,239,126,7
16,s004,239,125,10
16,s004,239,124,5
16,s004,239,123,8
16,s004,239,122,8
16,s004,239,121,7
16,s004,239,120,3
16,s004,239,119,7
16,s004,239,118,8
16,s004,239,117,7
16,s004,239,116,7
16,s004,239,115,4
16,s004,239,114,7
16,s004,239,113,8
16,s004,239,112,5
16,s004,239,79,24
16,s004,239,78,21
16,s004,239,77,14
16,s004,239,76,8
16,s004,239,75,14
16,s004,239,74,8
16,s004,239,73,6
16,s004,239,72,6
16,s004,239,71,6
16,s004,239,70,12
16,s004,239,69,10
16,s004,239,68,8
16,s004,239,67,9
16,s004,239,66,4
16,s004,239,65,5
16,s004,239,64,5
16,s004,239,95,9
16,s004,239,94,4
16,s004,239,93,7
16,s004,239,92,6
16,s004,239,91,8
16,s004,239,90,5
16,s004,239,89,3
16,s004,239,88,2
16,s004,239,87,4
16,s004,239,86,5
16,s004,239,85,6
16,s004,239,84,2
16,s004,239,83,3
16,s004,239,82,3
16,s004,239,80,3
16,s004,239,47,17
16,s004,239,46,8
16,s004,239,45,18
16,s004,239,44,13
16,s004,239,43,10
16,s004,239,42,8
16,s004,239,41,14
16,s004,239,40,7
16,s004,239,39,15
16,s004,239,38,10
16,s004,239,37,10
16,s004,239,36,7
16,s004,239,35,15
16,s004,239,34,10
16,s004,239,33,6
16,s004,239,32,5
16,s004,239,63,13
16,s004,239,62,6
16,s004,239,61,9
16,s004,239,60,3
16,s004,239,59,6
16,s004,239,58,7
16,s004,239,57,5
16,s004,239,56,7
16,s004,239,55,11
16,s004,239,54,5
16,s004,239,53,10
16,s004,239,52,4
16,s004,239,51,5
16,s004,239,50,3
16,s004,239,49,3
16,s004,239,48,1
16,s004,239,15,10
16,s004,239,14,6
16,s004,239,13,12
16,s004,239,12,10
16,s004,239,11,2
16,s004,239,10,8
16,s004,239,9,5
16,s004,239,8,3
16,s004,239,7,6
16,s004,239,6,6
16,s004,239,5,6
16,s004,239,4,1
16,s004,239,3,7
16,s004,239,2,14
16,s004,239,1,3
16,s004,239,0,2
16,s004,239,31,4
16,s004,239,30,10
16,s004,239,29,5
16,s004,239,28,5
16,s004,239,27,1
16,s004,239,26,2
16,s004,239,25,3
16,s004,239,24,2
16,s004,239,23,3
16,s004,239,22,3
16,s004,239,21,2
16,s004,239,19,3
16,s004,239,18,3
16,s004,239,17,3
16,s004,239,16,4
16,s005,0,0,49
16,s005,0,1,33
16,s005,0,2,33
16,s005,0,3,29
16,s005,0,4,30
16,s005,0,5,21
16,s005,0,6,19
16,s005,0,7,14
16,s005,0,8,27
16,s005,0,9,22
16,s005,0,10,22
16,s005,0,11,22
16,s005,0,12,29
16,s005,0,13,16
16,s005,0,14,12
16,s005,0,15,19
16,s005,0,16,27
16,s005,0,17,16
16,s005,0,18,22
16,s005,0,19,9
16,s005,0,20,11
16,s005,0,21,6
16,s005,0,22,8
16,s005,0,23,6
16,s005,0,24,20
16,s005,0,25,4
16,s005,0,26,12
16,s005,0,27,3
16,s005,0,28,8
16,s005,0,29,14
16,s005,0,30,6
16,s005,0,31,4
16,s005,0,32,32
16,s005,0,33,20
16,s005,0,34,18
16,s005,0,35,14
16,s005,0,36,28
16,s005,0,37,15
16,s005,0,38,26
16,s005,0,39,11
16,s005,0,40,18
16,s005,0,41,9
16,s005,0,42,13
16,s005,0,43,6
16,s005,0,44,17
16,s005,0,45,13
16,s005,0,46,6
16,s005,0,47,12
16,s005,0,48,15
16,s005,0,49,7
16,s005,0,50,11
16,s005,0,51,6
16,s005,0,52,10
16,s005,0,53,9
16,s005,0,54,12
16,s005,0,55,2
16,s005,0,56,8
16,s005,0,57,11
16,s005,0,58,8
16,s005,0,59,2
16,s005,0,60,6
16,s005,0,61,7
16,s005,0,62,4
16,s005,0,63,4
16,s005,0,64,34
16,s005,0,65,25
16,s005,0,66,34
16,s005,0,67,15
16,s005,0,68,18
16,s005,0,69,9
16,s005,0,70,17
16,s005,0,71,14
16,s005,0,72,19
16,s005,0,73,15
16,s005,0,74,21
16,s005,0,75,15
16,s005,0,76,9
16,s005,0,77,12
16,s005,0,78,13
16,s005,0,79,12
16,s005,0,80,11
16,s005,0,81,6
16,s005,0,82,11
16,s005,0,83,6
16,s005,0,84,7
16,s005,0,85,5
16,s005,0,86,7
16,s005,0,87,8
16,s005,0,88,10
16,s005,0,89,12
16,s005,0,90,3
16,s005,0,91,4
16,s005,0,92,5
16,s005,0,93,5
16,s005,0,94,6
16,s005,0,95,2
16,s005,0,96,19
16,s005,0,97,8
16,s005,0,98,13
16,s005,0,99,5
16,s005,0,100,21
16,s005,0,101,7
16,s005,0,102,11
16,s005,0,103,3
16,s005,0,104,14
16,s005,0,105,17
16,s005,0,106,13
16,s005,0,107,10
16,s005,0,108,5
16,s005,0,109,3
16,s005,0,110,6
16,s005,0,111,5
16,s005,0,112,7
16,s005,0,113,14
16,s005,0,114,4
16,s005,0,115,6
16,s005,0,116,8
16,s005,0,117,5
16,s005,0,118,9
16,s005,0,120,11
16,s005,0,121,3
16,s005,0,122,1
16,s005,0,123,2
16,s005,0,124,3
16,s005,0,125,3
16,s005,0,126,9
16,s005,0,127,4
16,s005,0,128,28
16,s005,0,129,22
16,s005,0,130,23
16,s005,0,131,17
16,s005,0,132,11
16,s005,0,133,15
16,s005,0,134,8
16,s005,0,135,15
16,s005,0,136,14
16,s005,0,137,20
16,s005,0,138,15
16,s005,0,139,12
16,s005,0,140,9
16,s005,0,141,10
16,s005,0,142,11
16,s005,0,143,3
16,s005,0,144,18
16,s005,0,145,7
16,s005,0,146,9
16,s005,0,147,7
16,s005,0,148,9
16,s005,0,149,8
16,s005,0,150,7
16,s005,0,151,7
16,s005,0,152,13
16,s005,0,153,7
16,s005,0,154,9
16,s005,0,155,6
16,s005,0,156,5
16,s005,0,157,3
16,s005,0,158,6
16,s005,0,159,2
16,s005,0,160,18
16,s005,0,161,15
16,s005,0,162,13
16,s005,0,163,9
16,s005,0,164,14
16,s005,0,165,9
16,s005,0,166,11
16,s005,0,167,12
16,s005,0,168,13
16,s005,0,169,19
16,s005,0,170,10
16,s005,0,171,6
16,s005,0,172,7
16,s005,0,173,8
16,s005,0,174,6
16,s005,0,175,2
16,s005,0,176,9
16,s005,0,177,9
16,s005,0,178,11
16,s005,0,179,9
16,s005,0,180,7
16,s005,0,181,6
16,s005,0,182,2
16,s005,0,183,2
16,s005,0,184,5
16,s005,0,185,1
16,s005,0,186,7
16,s005,0,187,7
16,s005,0,188,6
16,s005,0,189,1
16,s005,0,190,3
16,s005,0,191,2
16,s005,0,192,24
16,s005,0,193,18
16,s005,0,194,14
16,s005,0,195,16
16,s005,0,196,5
16,s005,0,197,12
16,s005,0,198,11
16,s005,0,199,10
16,s005,0,200,22
16,s005,0,201,8
16,s005,0,202,5
16,s005,0,203,6
16,s005,0,204,5
16,s005,0,205,8
16,s005,0,206,10
16,s005,0,207,6
16,s005,0,208,10
16,s005,0,209,8
16,s005,0,210,7
16,s005,0,211,6
16,s005,0,212,6
16,s005,0,213,7
16,s005,0,214,4
16,s005,0,215,6
16,s005,0,216,5
16,s005,0,217,4
16,s005,0,218,10
16,s005,0,219,1
16,s005,0,220,5
16,s005,0,221,2
16,s005,0,222,1
16,s005,0,223,2
16,s005,0,224,11
16,s005,0,225,17
16,s005,0,226,13
16,s005,0,227,9
16,s005,0,228,13
16,s005,0,229,5
16,s005,0,230,4
16,s005,0,231,14
16,s005,0,232,6
16,s005,0,233,4
16,s005,0,234,3
16,s005,0,235,4
16,s005,0,236,4
16,s005,0,237,2
16,s005,0,238,7
16,s005,0,239,4
16,s005,0,240,5
16,s005,0,241,4
16,s005,0,242,4
16,s005,0,243,4
16,s005,0,244,8
16,s005,0,245,2
16,s005,0,246,4
16,s005,0,247,4
16,s005,0,248,4
16,s005,0,249,5
16,s005,0,250,5
16,s005,0,251,3
16,s005,0,252,6
16,s005,0,253,4
16,s005,0,254,1
16,s005,0,255,1
16,s006,182,182,52
16,s006,182,183,38
16,s006,182,180,40
16,s006,182,181,26
16,s006,182,178,26
16,s006,182,179,30
16,s006,182,176,25
16,s006,182,177,12
16,s006,182,190,28
16,s006,182,191,25
16,s006,182,188,25
16,s006,182,189,20
16,s006,182,186,21
16,s006,182,187,18
16,s006,182,184,12
16,s006,182,185,12
16,s006,182,166,28
16,s006,182,167,19
16,s006,182,164,19
16,s006,182,165,11
16,s006,182,162,12
16,s006,182,163,7
16,s006,182,160,9
16,s006,182,161,5
16,s006,182,174,12
16,s006,182,175,11
16,s006,182,172,4
16,s006,182,173,10
16,s006,182,170,7
16,s006,182,171,6
16,s006,182,168,9
16,s006,182,169,5
16,s006,182,150,23
16,s006,182,151,19
16,s006,182,148,13
16,s006,182,149,18
16,s006,182,146,16
16,s006,182,147,11
16,s006,182,144,17
16,s006,182,145,6
16,s006,182,158,20
16,s006,182,159,13
16,s006,182,156,8
16,s006,182,157,11
16,s006,182,154,12
16,s006,182,155,5
16,s006,182,152,8
16,s006,182,153,1
16,s006,182,134,12
16,s006,182,135,11
16,s006,182,132,10
16,s006,182,133,6
16,s006,182,130,9
16,s006,182,131,6
16,s006,182,128,7
16,s006,182,129,7
16,s006,182,142,5
16,s006,182,143,6
16,s006,182,140,6
16,s006,182,141,5
16,s006,182,138,3
16,s006,182,139,2
16,s006,182,136,3
16,s006,182,137,7
16,s006,182,246,36
16,s006,182,247,22
16,s006,182,244,26
16,s006,182,245,18
16,s006,182,242,23
16,s006,182,243,13
16,s006,182,240,15
16,s006,182,241,11
16,s006,182,254,18
16,s006,182,255,11
16,s006,182,252,13
16,s006,182,253,13
16,s006,182,250,14
16,s006,182,251,8
16,s006,182,248,19
16,s006,182,249,8
16,s006,182,230,14
16,s006,182,231,12
16,s006,182,228,18
16,s006,182,229,7
16,s006,182,226,10
16,s006,182,227,7
16,s006,182,224,8
16,s006,182,225,5
16,s006,182,238,9
16,s006,182,239,5
16,s006,182,236,15
16,s006,182,237,8
16,s006,182,234,8
16,s006,182,235,5
16,s006,182,232,6
16,s006,182,233,4
16,s006,182,214,14
16,s006,182,215,13
16,s006,182,212,17
16,s006,182,213,7
16,s006,182,210,18
16,s006,182,211,7
16,s006,182,208,13
16,s006,182,209,7
16,s006,182,222,10
16,s006,182,223,10
16,s006,182,220,9
16,s006,182,221,10
16,s006,182,218,8
16,s006,182,219,5
16,s006,182,216,7
16,s006,182,217,11
16,s006,182,198,14
16,s006,182,199,8
16,s006,182,196,7
16,s006,182,197,4
16,s006,182,194,4
16,s006,182,195,6
16,s006,182,192,2
16,s006,182,206,2
16,s006,182,204,4
16,s006,182,205,5
16,s006,182,202,3
16,s006,182,203,1
16,s006,182,200,2
16,s006,182,201,1
16,s006,182,54,40
16,s006,182,55,22
16,s006,182,52,20
16,s006,182,53,16
16,s006,182,50,20
16,s006,182,51,14
16,s006,182,48,10
16,s006,182,49,13
16,s006,182,62,15
16,s006,182,63,15
16,s006,182,60,16
16,s006,182,61,6
16,s006,182,58,13
16,s006,182,59,9
16,s006,182,56,11
16,s006,182,57,7
16,s006,182,38,12
16,s006,182,39,6
16,s006,182,36,10
16,s006,182,37,11
16,s006,182,34,6
16,s006,182,35,6
16,s006,182,32,7
16,s006,182,33,5
16,s006,182,46,5
16,s006,182,47,6
16,s006,182,44,12
16,s006,182,45,4
16,s006,182,42,9
16,s006,182,43,5
16,s006,182,40,3
16,s006,182,41,3
16,s006,182,22,13
16,s006,182,23,12
16,s006,182,20,9
16,s006,182,21,8
16,s006,182,18,16
16,s006,182,19,17
16,s006,182,16,6
16,s006,182,17,4
16,s006,182,30,17
16,s006,182,31,11
16,s006,182,28,9
16,s006,182,29,3
16,s006,182,26,9
16,s006,182,27,6
16,s006,182,24,7
16,s006,182,25,8
16,s006,182,6,9
16,s006,182,7,9
16,s006,182,4,6
16,s006,182,5,5
16,s006,182,2,6
16,s006,182,3,6
16,s006,182,0,6
16,s006,182,1,3
16,s006,182,14,13
16,s006,182,15,6
16,s006,182,12,6
16,s006,182,13,4
16,s006,182,10,4
16,s006,182,11,3
16,s006,182,8,6
16,s006,182,9,2
16,s006,182,118,17
16,s006,182,119,17
16,s006,182,116,30
16,s006,182,117,11
16,s006,182,114,12
16,s006,182,115,6
16,s006,182,112,7
16,s006,182,113,10
16,s006,182,126,15
16,s006,182,127,12
16,s006,182,124,12
16,s006,182,125,6
16,s006,182,122,9
16,s006,182,123,5
16,s006,182,120,8
16,s006,182,121,5
16,s006,182,102,9
16,s006,182,103,12
16,s006,182,100,3
16,s006,182,101,5
16,s006,182,98,5
16,s006,182,99,6
16,s006,182,96,2
16,s006,182,97,3
16,s006,182,110,6
16,s006,182,111,5
16,s006,182,108,10
16,s006,182,109,5
16,s006,182,106,6
16,s006,182,107,3
16,s006,182,104,2
16,s006,182,105,1
16,s006,182,86,22
16,s006,182,87,20
16,s006,182,84,15
16,s006,182,85,8
16,s006,182,82,7
16,s006,182,83,7
16,s006,182,80,11
16,s006,182,81,2
16,s006,182,94,5
16,s006,182,95,6
16,s006,182,92,6
16,s006,182,93,3
16,s006,182,90,5
16,s006,182,91,7
16,s006,182,88,8
16,s006,182,89,3
16,s006,182,70,5
16,s006,182,71,4
16,s006,182,68,1
16,s006,182,69,5
16,s006,182,66,7
16,s006,182,67,3
16,s006,182,64,2
16,s006,182,65,1
16,s006,182,78,6
16,s006,182,76,6
16,s006,182,77,4
16,s006,182,74,3
16,s006,182,75,1
16,s006,182,72,3
16,s006,182,73,2
16,s007,203,203,48
16,s007,203,202,45
16,s007,203,201,32
16,s007,203,200,28
16,s007,203,207,29
16,s007,203,206,22
16,s007,203,205,16
16,s007,203,204,11
16,s007,203,195,42
16,s007,203,194,13
16,s007,203,193,20
16,s007,203,192,25
16,s007,203,199,21
16,s007,203,198,10
16,s007,203,197,19
16,s007,203,196,6
16,s007,203,219,25
16,s007,203,218,14
16,s007,203,217,24
16,s007,203,216,12
16,s007,203,223,14
16,s007,203,222,19
16,s007,203,221,8
16,s007,203,220,6
16,s007,203,211,10
16,s007,203,210,11
16,s007,203,209,6
16,s007,203,208,7
16,s007,203,215,8
16,s007,203,214,3
16,s007,203,213,10
16,s007,203,235,31
16,s007,203,234,23
16,s007,203,233,23
16,s007,203,232,7
16,s007,203,239,22
16,s007,203,238,9
16,s007,203,237,13
16,s007,203,236,10
16,s007,203,227,20
16,s007,203,226,11
16,s007,203,225,9
16,s007,203,224,10
16,s007,203,231,11
16,s007,203,230,8
16,s007,203,229,4
16,s007,203,228,4
16,s007,203,251,11
16,s007,203,250,18
16,s007,203,249,13
16,s007,203,248,9
16,s007,203,255,4
16,s007,203,254,3
16,s007,203,253,8
16,s007,203,252,3
16,s007,203,243,9
16,s007,203,242,5
16,s007,203,241,9
16,s007,203,240,2
16,s007,203,247,2
16,s007,203,246,4
16,s007,203,245,3
16,s007,203,244,2
16,s007,203,139,34
16,s007,203,138,20
16,s007,203,137,23
16,s007,203,136,12
16,s007,203,143,15
16,s007,203,142,9
16,s007,203,141,19
16,s007,203,140,10
16,s007,203,131,14
16,s007,203,130,14
16,s007,203,129,14
16,s007,203,128,10
16,s007,203,135,13
16,s007,203,134,11
16,s007,203,133,13
16,s007,203,132,6
16,s007,203,155,19
16,s007,203,154,13
16,s007,203,153,14
16,s007,203,152,12
16,s007,203,159,10
16,s007,203,158,2
16,s007,203,157,6
16,s007,203,156,7
16,s007,203,147,10
16,s007,203,146,8
16,s007,203,145,6
16,s007,203,144,4
16,s007,203,151,4
16,s007,203,150,6
16,s007,203,149,2
16,s007,203,148,3
16,s007,203,171,17
16,s007,203,170,9
16,s007,203,169,13
16,s007,203,168,19
16,s007,203,175,9
16,s007,203,174,10
16,s007,203,173,14
16,s007,203,172,6
16,s007,203,163,11
16,s007,203,162,7
16,s007,203,161,13
16,s007,203,160,6
16,s007,203,167,14
16,s007,203,166,4
16,s007,203,165,4
16,s007,203,164,4
16,s007,203,187,7
16,s007,203,186,7
16,s007,203,185,5
16,s007,203,184,8
16,s007,203,191,5
16,s007,203,190,6
16,s007,203,189,1
16,s007,203,188,9
16,s007,203,179,6
16,s007,203,178,4
16,s007,203,177,6
16,s007,203,176,5
16,s007,203,183,7
16,s007,203,182,2
16,s007,203,181,1
16,s007,203,180,3
16,s007,203,75,34
16,s007,203,74,23
16,s007,203,73,19
16,s007,203,72,13
16,s007,203,79,17
16,s007,203,78,15
16,s007,203,77,14
16,s007,203,76,11
16,s007,203,67,14
16,s007,203,66,13
16,s007,203,65,11
16,s007,203,64,13
16,s007,203,71,15
16,s007,203,70,7
16,s007,203,69,7
16,s007,203,68,5
16,s007,203,91,12
16,s007,203,90,8
16,s007,203,89,11
16,s007,203,88,3
16,s007,203,95,10
16,s007,203,94,6
16,s007,203,93,7
16,s007,203,92,9
16,s007,203,83,11
16,s007,203,82,9
16,s007,203,81,2
16,s007,203,80,3
16,s007,203,87,4
16,s007,203,86,7
16,s007,203,85,5
16,s007,203,84,4
16,s007,203,107,22
16,s007,203,106,16
16,s007,203,105,11
16,s007,203,104,7
16,s007,203,111,10
16,s007,203,110,15
16,s007,203,109,12
16,s007,203,108,3
16,s007,203,99,14
16,s007,203,98,11
16,s007,203,97,9
16,s007,203,96,8
16,s007,203,103,8
16,s007,203,102,8
16,s007,203,101,4
16,s007,203,100,7
16,s007,203,123,9
16,s007,203,122,5
16,s007,203,121,7
16,s007,203,120,4
16,s007,203,127,6
16,s007,203,126,5
16,s007,203,125,10
16,s007,203,124,1
16,s007,203,115,5
16,s007,203,114,6
16,s007,203,113,1
16,s007,203,112,4
16,s007,203,119,2
16,s007,203,118,4
16,s007,203,117,2
16,s007,203,116,1
16,s007,203,11,23
16,s007,203,10,16
16,s007,203,9,17
16,s007,203,8,18
16,s007,203,15,16
16,s007,203,14,10
16,s007,203,13,9
16,s007,203,12,11
16,s007,203,3,16
16,s007,203,2,11
16,s007,203,1,14
16,s007,203,0,9
16,s007,203,7,7
16,s007,203,6,4
16,s007,203,5,6
16,s007,203,4,7
16,s007,203,27,9
16,s007,203,26,5
16,s007,203,25,4
16,s007,203,24,9
16,s007,203,31,4
16,s007,203,30,4
16,s007,203,29,5
16,s007,203,28,5
16,s007,203,19,4
16,s007,203,18,3
16,s007,203,17,2
16,s007,203,16,2
16,s007,203,23,8
16,s007,203,22,2
16,s007,203,21,2
16,s007,203,43,12
16,s007,203,42,10
16,s007,203,41,12
16,s007,203,40,4
16,s007,203,47,9
16,s007,203,46,8
16,s007,203,45,4
16,s007,203,44,4
16,s007,203,35,12
16,s007,203,34,10
16,s007,203,33,10
16,s007,203,32,3
16,s007,203,39,7
16,s007,203,38,3
16,s007,203,37,5
16,s007,203,59,6
16,s007,203,58,4
16,s007,203,57,9
16,s007,203,56,4
16,s007,203,63,3
16,s007,203,62,6
16,s007,203,61,3
16,s007,203,60,1
16,s007,203,51,7
16,s007,203,50,2
16,s007,203,49,2
16,s007,203,48,2
16,s007,203,55,1
16,s007,203,54,4
16,s007,203,53,2
16,s007,203,52,1
16,s008,164,164,47
16,s008,164,165,27
16,s008,164,166,28
16,s008,164,167,28
16,s008,164,160,31
16,s008,164,161,21
16,s008,164,162,21
16,s008,164,163,18
16,s008,164,172,25
16,s008,164,173,24
16,s008,164,174,22
16,s008,164,175,14
16,s008,164,168,16
16,s008,164,169,10
16,s008,164,170,8
16,s008,164,171,6
16,s008,164,180,20
16,s008,164,181,10
16,s008,164,182,8
16,s008,164,183,12
16,s008,164,176,11
16,s008,164,177,14
16,s008,164,178,8
16,s008,164,179,6
16,s008,164,188,13
16,s008,164,189,13
16,s008,164,190,6
16,s008,164,191,6
16,s008,164,184,5
16,s008,164,185,9
16,s008,164,186,6
16,s008,164,187,2
16,s008,164,132,23
16,s008,164,133,25
16,s008,164,134,18
16,s008,164,135,12
16,s008,164,128,23
16,s008,164,129,25
16,s008,164,130,16
16,s008,164,131,10
16,s008,164,140,16
16,s008,164,141,7
16,s008,164,142,14
16,s008,164,143,9
16,s008,164,136,11
16,s008,164,137,7
16,s008,164,138,2
16,s008,164,139,4
16,s008,164,148,11
16,s008,164,149,2
16,s008,164,150,11
16,s008,164,151,6
16,s008,164,144,4
16,s008,164,145,10
16,s008,164,146,8
16,s008,164,147,7
16,s008,164,156,13
16,s008,164,157,4
16,s008,164,158,7
16,s008,164,159,3
16,s008,164,152,6
16,s008,164,153,5
16,s008,164,154,2
16,s008,164,155,2
16,s008,164,228,36
16,s008,164,229,28
16,s008,164,230,29
16,s008,164,231,19
16,s008,164,224,14
16,s008,164,225,11
16,s008,164,226,13
16,s008,164,227,16
16,s008,164,236,15
16,s008,164,237,19
16,s008,164,238,12
16,s008,164,239,16
16,s008,164,232,19
16,s008,164,233,9
16,s008,164,234,6
16,s008,164,235,8
16,s008,164,244,10
16,s008,164,245,11
16,s008,164,246,12
16,s008,164,247,6
16,s008,164,240,8
16,s008,164,241,5
16,s008,164,242,2
16,s008,164,243,2
16,s008,164,252,9
16,s008,164,253,7
16,s008,164,254,3
16,s008,164,255,4
16,s008,164,248,4
16,s008,164,249,4
16,s008,164,250,5
16,s008,164,251,8
16,s008,164,196,19
16,s008,164,197,12
16,s008,164,198,15
16,s008,164,199,9
16,s008,164,192,14
16,s008,164,193,7
16,s008,164,194,6
16,s008,164,195,4
16,s008,164,204,14
16,s008,164,205,9
16,s008,164,206,11
16,s008,164,207,12
16,s008,164,200,15
16,s008,164,201,11
16,s008,164,202,4
16,s008,164,203,8
16,s008,164,212,8
16,s008,164,213,7
16,s008,164,214,4
16,s008,164,215,7
16,s008,164,208,2
16,s008,164,209,4
16,s008,164,210,6
16,s008,164,211,2
16,s008,164,220,5
16,s008,164,221,2
16,s008,164,222,5
16,s008,164,223,5
16,s008,164,217,4
16,s008,164,218,4
16,s008,164,219,3
16,s008,164,36,30
16,s008,164,37,20
16,s008,164,38,14
16,s008,164,39,15
16,s008,164,32,24
16,s008,164,33,15
16,s008,164,34,12
16,s008,164,35,17
16,s008,164,44,16
16,s008,164,45,17
16,s008,164,46,10
16,s008,164,47,9
16,s008,164,40,14
16,s008,164,41,6
16,s008,164,42,8
16,s008,164,43,7
16,s008,164,52,12
16,s008,164,53,12
16,s008,164,54,7
16,s008,164,55,7
16,s008,164,48,10
16,s008,164,49,2
16,s008,164,50,5
16,s008,164,51,4
16,s008,164,60,14
16,s008,164,61,10
16,s008,164,62,8
16,s008,164,63,4
16,s008,164,56,5
16,s008,164,57,3
16,s008,164,58,8
16,s008,164,59,3
16,s008,164,4,26
16,s008,164,5,16
16,s008,164,6,12
16,s008,164,7,7
16,s008,164,0,17
16,s008,164,1,12
16,s008,164,2,6
16,s008,164,3,10
16,s008,164,12,8
16,s008,164,13,10
16,s008,164,14,12
16,s008,164,15,5
16,s008,164,8,9
16,s008,164,9,9
16,s008,164,10,4
16,s008,164,11,2
16,s008,164,20,8
16,s008,164,21,7
16,s008,164,22,6
16,s008,164,23,4
16,s008,164,16,4
16,s008,164,17,5
16,s008,164,18,4
16,s008,164,19,4
16,s008,164,28,5
16,s008,164,29,9
16,s008,164,30,4
16,s008,164,31,8
16,s008,164,24,3
16,s008,164,25,1
16,s008,164,26,3
16,s008,164,27,2
16,s008,164,100,18
16,s008,164,101,22
16,s008,164,102,13
16,s008,164,103,8
16,s008,164,96,18
16,s008,164,97,17
16,s008,164,98,8
16,s008,164,99,8
16,s008,164,108,14
16,s008,164,109,12
16,s008,164,110,12
16,s008,164,111,9
16,s008,164,104,7
16,s008,164,105,10
16,s008,164,106,4
16,s008,164,107,7
16,s008,164,116,7
16,s008,164,117,6
16,s008,164,118,5
16,s008,164,119,8
16,s008,164,112,5
16,s008,164,113,5
16,s008,164,114,9
16,s008,164,115,4
16,s008,164,124,8
16,s008,164,125,6
16,s008,164,126,1
16,s008,164,127,3
16,s008,164,120,2
16,s008,164,121,6
16,s008,164,122,2
16,s008,164,123,3
16,s008,164,68,18
16,s008,164,69,10
16,s008,164,70,12
16,s008,164,71,8
16,s008,164,64,9
16,s008,164,65,10
16,s008,164,66,6
16,s008,164,67,8
16,s008,164,76,5
16,s008,164,77,8
16,s008,164,78,6
16,s008,164,79,7
16,s008,164,72,5
16,s008,164,73,8
16,s008,164,74,2
16,s008,164,75,6
16,s008,164,84,7
16,s008,164,85,7
16,s008,164,86,6
16,s008,164,87,2
16,s008,164,80,11
16,s008,164,81,2
16,s008,164,82,1
16,s008,164,83,2
16,s008,164,92,7
16,s008,164,93,6
16,s008,164,94,3
16,s008,164,95,3
16,s008,164,88,4
16,s008,164,89,3
16,s008,164,90,2
16,s008,164,91,4
16,s009,195,195,41
16,s009,195,194,29
16,s009,195,193,29
16,s009,195,192,30
16,s009,195,199,30
16,s009,195,198,18
16,s009,195,197,22
16,s009,195,196,15
16,s009,195,203,32
16,s009,195,202,20
16,s009,195,201,28
16,s009,195,200,20
16,s009,195,207,20
16,s009,195,206,8
16,s009,195,205,16
16,s009,195,204,10
16,s009,195,211,22
16,s009,195,210,19
16,s009,195,209,23
16,s009,195,208,9
16,s009,195,215,16
16,s009,195,214,14
16,s009,195,213,8
16,s009,195,212,9
16,s009,195,219,6
16,s009,195,218,6
16,s009,195,217,8
16,s009,195,216,4
16,s009,195,223,8
16,s009,195,222,4
16,s009,195,221,6
16,s009,195,220,1
16,s009,195,227,38
16,s009,195,226,19
16,s009,195,225,18
16,s009,195,224,12
16,s009,195,231,21
16,s009,195,230,10
16,s009,195,229,18
16,s009,195,228,11
16,s009,195,235,20
16,s009,195,234,12
16,s009,195,233,15
16,s009,195,232,10
16,s009,195,239,10
16,s009,195,238,9
16,s009,195,237,6
16,s009,195,236,4
16,s009,195,243,10
16,s009,195,242,11
16,s009,195,241,8
16,s009,195,240,6
16,s009,195,247,6
16,s009,195,246,8
16,s009,195,245,7
16,s009,195,244,3
16,s009,195,251,13
16,s009,195,250,4
16,s009,195,249,11
16,s009,195,248,2
16,s009,195,255,8
16,s009,195,254,5
16,s009,195,253,2
16,s009,195,252,3
16,s009,195,131,28
16,s009,195,130,33
16,s009,195,129,27
16,s009,195,128,14
16,s009,195,135,16
16,s009,195,134,20
16,s009,195,133,20
16,s009,195,132,11
16,s009,195,139,21
16,s009,195,138,18
16,s009,195,137,13
16,s009,195,136,12
16,s009,195,143,18
16,s009,195,142,7
16,s009,195,141,9
16,s009,195,140,5
16,s009,195,147,12
16,s009,195,146,12
16,s009,195,145,11
16,s009,195,144,7
16,s009,195,151,13
16,s009,195,150,6
16,s009,195,149,7
16,s009,195,148,5
16,s009,195,155,18
16,s009,195,154,7
16,s009,195,153,3
16,s009,195,152,9
16,s009,195,159,6
16,s009,195,158,3
16,s009,195,157,6
16,s009,195,156,2
16,s009,195,163,20
16,s009,195,162,14
16,s009,195,161,14
16,s009,195,160,14
16,s009,195,167,12
16,s009,195,166,10
16,s009,195,165,7
16,s009,195,164,8
16,s009,195,171,12
16,s009,195,170,5
16,s009,195,169,14
16,s009,195,168,9
16,s009,195,175,6
16,s009,195,174,6
16,s009,195,173,10
16,s009,195,172,8
16,s009,195,179,4
16,s009,195,178,4
16,s009,195,177,6
16,s009,195,176,6
16,s009,195,183,3
16,s009,195,182,8
16,s009,195,181,4
16,s009,195,180,3
16,s009,195,187,5
16,s009,195,186,5
16,s009,195,185,3
16,s009,195,184,2
16,s009,195,191,2
16,s009,195,190,3
16,s009,195,189,4
16,s009,195,188,3
16,s009,195,67,31
16,s009,195,66,27
16,s009,195,65,27
16,s009,195,64,17
16,s009,195,71,18
16,s009,195,70,14
16,s009,195,69,13
16,s009,195,68,12
16,s009,195,75,25
16,s009,195,74,20
16,s009,195,73,18
16,s009,195,72,3
16,s009,195,79,13
16,s009,195,78,10
16,s009,195,77,13
16,s009,195,76,6
16,s009,195,83,20
16,s009,195,82,14
16,s009,195,81,11
16,s009,195,80,7
16,s009,195,87,7
16,s009,195,86,12
16,s009,195,85,5
16,s009,195,84,6
16,s009,195,91,8
16,s009,195,90,5
16,s009,195,89,6
16,s009,195,88,2
16,s009,195,95,6
16,s009,195,94,3
16,s009,195,93,4
16,s009,195,92,1
16,s009,195,99,19
16,s009,195,98,14
16,s009,195,97,9
16,s009,195,96,5
16,s009,195,103,20
16,s009,195,102,9
16,s009,195,101,14
16,s009,195,100,10
16,s009,195,107,14
16,s009,195,106,12
16,s009,195,105,8
16,s009,195,104,5
16,s009,195,111,5
16,s009,195,110,9
16,s009,195,109,5
16,s009,195,108,2
16,s009,195,115,5
16,s009,195,114,10
16,s009,195,113,9
16,s009,195,112,4
16,s009,195,119,6
16,s009,195,118,6
16,s009,195,117,2
16,s009,195,116,4
16,s009,195,123,4
16,s009,195,122,2
16,s009,195,121,7
16,s009,195,120,1
16,s009,195,127,6
16,s009,195,126,2
16,s009,195,125,6
16,s009,195,124,3
16,s009,195,3,21
16,s009,195,2,12
16,s009,195,1,16
16,s009,195,0,16
16,s009,195,7,7
16,s009,195,6,9
16,s009,195,5,12
16,s009,195,4,9
16,s009,195,11,13
16,s009,195,10,10
16,s009,195,9,8
16,s009,195,8,13
16,s009,195,15,8
16,s009,195,14,1
16,s009,195,13,3
16,s009,195,12,6
16,s009,195,19,15
16,s009,195,18,11
16,s009,195,17,8
16,s009,195,16,7
16,s009,195,23,7
16,s009,195,22,5
16,s009,195,21,3
16,s009,195,20,6
16,s009,195,27,9
16,s009,195,26,1
16,s009,195,25,8
16,s009,195,24,4
16,s009,195,31,1
16,s009,195,30,5
16,s009,195,29,3
16,s009,195,28,2
16,s009,195,35,17
16,s009,195,34,11
16,s009,195,33,8
16,s009,195,32,8
16,s009,195,39,8
16,s009,195,38,5
16,s009,195,37,6
16,s009,195,36,6
16,s009,195,43,10
16,s009,195,42,4
16,s009,195,41,2
16,s009,195,40,5
16,s009,195,47,9
16,s009,195,46,7
16,s009,195,45,7
16,s009,195,44,5
16,s009,195,51,7
16,s009,195,50,3
16,s009,195,49,3
16,s009,195,48,4
16,s009,195,55,1
16,s009,195,54,5
16,s009,195,53,2
16,s009,195,52,3
16,s009,195,59,5
16,s009,195,58,2
16,s009,195,57,4
16,s009,195,56,6
16,s009,195,63,3
16,s009,195,62,5
16,s009,195,61,1
16,s010,4,4,50
16,s010,4,5,42
16,s010,4,6,33
16,s010,4,7,26
16,s010,4,0,34
16,s010,4,1,28
16,s010,4,2,25
16,s010,4,3,7
16,s010,4,12,37
16,s010,4,13,21
16,s010,4,14,16
16,s010,4,15,13
16,s010,4,8,16
16,s010,4,9,8
16,s010,4,10,11
16,s010,4,11,10
16,s010,4,20,24
16,s010,4,21,33
16,s010,4,22,17
16,s010,4,23,13
16,s010,4,16,13
16,s010,4,17,6
16,s010,4,18,13
16,s010,4,19,7
16,s010,4,28,17
16,s010,4,29,9
16,s010,4,30,8
16,s010,4,31,6
16,s010,4,24,12
16,s010,4,25,5
16,s010,4,26,14
16,s010,4,27,7
16,s010,4,36,32
16,s010,4,37,28
16,s010,4,38,16
16,s010,4,39,23
16,s010,4,32,15
16,s010,4,33,14
16,s010,4,34,19
16,s010,4,35,16
16,s010,4,44,15
16,s010,4,45,16
16,s010,4,46,10
16,s010,4,47,8
16,s010,4,40,10
16,s010,4,41,10
16,s010,4,42,5
16,s010,4,43,10
16,s010,4,52,9
16,s010,4,53,8
16,s010,4,54,15
16,s010,4,55,4
16,s010,4,48,6
16,s010,4,49,7
16,s010,4,50,10
16,s010,4,51,1
16,s010,4,60,8
16,s010,4,61,3
16,s010,4,62,14
16,s010,4,63,8
16,s010,4,56,8
16,s010,4,57,6
16,s010,4,58,4
16,s010,4,68,32
16,s010,4,69,30
16,s010,4,70,22
16,s010,4,71,21
16,s010,4,64,19
16,s010,4,65,15
16,s010,4,66,20
16,s010,4,67,12
16,s010,4,76,25
16,s010,4,77,12
16,s010,4,78,11
16,s010,4,79,15
16,s010,4,72,17
16,s010,4,73,11
16,s010,4,74,13
16,s010,4,75,13
16,s010,4,84,16
16,s010,4,85,13
16,s010,4,86,10
16,s010,4,87,11
16,s010,4,80,10
16,s010,4,81,5
16,s010,4,82,11
16,s010,4,83,4
16,s010,4,92,9
16,s010,4,93,8
16,s010,4,94,12
16,s010,4,95,4
16,s010,4,88,5
16,s010,4,89,3
16,s010,4,90,2
16,s010,4,91,3
16,s010,4,100,23
16,s010,4,101,16
16,s010,4,102,11
16,s010,4,103,6
16,s010,4,96,6
16,s010,4,97,13
16,s010,4,98,11
16,s010,4,99,9
16,s010,4,108,11
16,s010,4,109,11
16,s010,4,110,14
16,s010,4,111,6
16,s010,4,104,11
16,s010,4,105,4
16,s010,4,106,10
16,s010,4,107,3
16,s010,4,116,9
16,s010,4,117,4
16,s010,4,118,3
16,s010,4,119,4
16,s010,4,112,3
16,s010,4,113,4
16,s010,4,114,1
16,s010,4,115,3
16,s010,4,124,5
16,s010,4,125,10
16,s010,4,126,4
16,s010,4,127,3
16,s010,4,120,5
16,s010,4,121,4
16,s010,4,122,2
16,s010,4,123,2
16,s010,4,132,33
16,s010,4,133,22
16,s010,4,134,24
16,s010,4,135,19
16,s010,4,128,19
16,s010,4,129,20
16,s010,4,130,17
16,s010,4,131,13
16,s010,4,140,18
16,s010,4,141,16
16,s010,4,142,16
16,s010,4,143,11
16,s010,4,136,8
16,s010,4,137,13
16,s010,4,138,10
16,s010,4,139,12
16,s010,4,148,18
16,s010,4,149,10
16,s010,4,150,6
16,s010,4,151,4
16,s010,4,144,13
16,s010,4,145,10
16,s010,4,146,6
16,s010,4,147,5
16,s010,4,156,11
16,s010,4,157,6
16,s010,4,158,8
16,s010,4,159,4
16,s010,4,152,9
16,s010,4,153,4
16,s010,4,154,6
16,s010,4,155,4
16,s010,4,164,15
16,s010,4,165,20
16,s010,4,166,8
16,s010,4,167,12
16,s010,4,160,11
16,s010,4,161,13
16,s010,4,162,8
16,s010,4,163,10
16,s010,4,172,20
16,s010,4,173,6
16,s010,4,174,15
16,s010,4,175,8
16,s010,4,168,11
16,s010,4,169,6
16,s010,4,170,3
16,s010,4,171,5
16,s010,4,180,9
16,s010,4,181,12
16,s010,4,182,10
16,s010,4,183,6
16,s010,4,176,7
16,s010,4,177,4
16,s010,4,178,7
16,s010,4,179,5
16,s010,4,188,6
16,s010,4,189,10
16,s010,4,190,8
16,s010,4,191,6
16,s010,4,184,2
16,s010,4,185,2
16,s010,4,186,7
16,s010,4,187,2
16,s010,4,196,22
16,s010,4,197,14
16,s010,4,198,21
16,s010,4,199,12
16,s010,4,192,15
16,s010,4,193,9
16,s010,4,194,6
16,s010,4,195,10
16,s010,4,204,3
16,s010,4,205,16
16,s010,4,206,7
16,s010,4,207,5
16,s010,4,200,11
16,s010,4,201,4
16,s010,4,202,8
16,s010,4,203,4
16,s010,4,212,17
16,s010,4,213,4
16,s010,4,214,3
16,s010,4,215,3
16,s010,4,208,12
16,s010,4,209,7
16,s010,4,210,3
16,s010,4,211,7
16,s010,4,220,8
16,s010,4,221,7
16,s010,4,222,5
16,s010,4,216,4
16,s010,4,217,6
16,s010,4,218,3
16,s010,4,228,9
16,s010,4,229,15
16,s010,4,230,16
16,s010,4,231,11
16,s010,4,224,10
16,s010,4,225,10
16,s010,4,226,6
16,s010,4,227,7
16,s010,4,236,6
16,s010,4,237,8
16,s010,4,238,3
16,s010,4,239,9
16,s010,4,232,9
16,s010,4,233,6
16,s010,4,234,5
16,s010,4,235,2
16,s010,4,244,9
16,s010,4,245,9
16,s010,4,246,8
16,s010,4,247,7
16,s010,4,240,1
16,s010,4,241,5
16,s010,4,242,5
16,s010,4,243,1
16,s010,4,252,9
16,s010,4,253,3
16,s010,4,254,1
16,s010,4,255,4
16,s010,4,248,1
16,s010,4,250,3
16,s010,4,251,4
16,s011,108,108,43
16,s011,108,109,26
16,s011,108,110,42
16,s011,108,111,30
16,s011,108,104,28
16,s011,108,105,14
16,s011,108,106,22
16,s011,108,107,11
16,s011,108,100,28
16,s011,108,101,18
16,s011,108,102,21
16,s011,108,103,8
16,s011,108,96,23
16,s011,108,97,16
16,s011,108,98,14
16,s011,108,99,11
16,s011,108,124,17
16,s011,108,125,22
16,s011,108,126,19
16,s011,108,127,12
16,s011,108,120,11
16,s011,108,121,7
16,s011,108,122,6
16,s011,108,123,3
16,s011,108,116,21
16,s011,108,117,10
16,s011,108,118,6
16,s011,108,119,7
16,s011,108,112,6
16,s011,108,113,10
16,s011,108,114,9
16,s011,108,115,4
16,s011,108,76,33
16,s011,108,77,28
16,s011,108,78,19
16,s011,108,79,23
16,s011,108,72,25
16,s011,108,73,13
16,s011,108,74,15
16,s011,108,75,15
16,s011,108,68,21
16,s011,108,69,10
16,s011,108,70,14
16,s011,108,71,11
16,s011,108,64,17
16,s011,108,65,11
16,s011,108,66,9
16,s011,108,67,6
16,s011,108,92,12
16,s011,108,93,17
16,s011,108,94,10
16,s011,108,95,9
16,s011,108,88,16
16,s011,108,89,10
16,s011,108,90,5
16,s011,108,91,4
16,s011,108,84,5
16,s011,108,85,9
16,s011,108,86,6
16,s011,108,87,5
16,s011,108,80,4
16,s011,108,81,3
16,s011,108,82,5
16,s011,108,83,2
16,s011,108,44,32
16,s011,108,45,23
16,s011,108,46,26
16,s011,108,47,23
16,s011,108,40,13
16,s011,108,41,18
16,s011,108,42,18
16,s011,108,43,9
16,s011,108,36,22
16,s011,108,37,18
16,s011,108,38,13
16,s011,108,39,8
16,s011,108,32,15
16,s011,108,33,11
16,s011,108,34,10
16,s011,108,35,10
16,s011,108,60,18
16,s011,108,61,10
16,s011,108,62,14
16,s011,108,63,10
16,s011,108,56,9
16,s011,108,57,12
16,s011,108,58,2
16,s011,108,59,5
16,s011,108,52,12
16,s011,108,53,7
16,s011,108,54,10
16,s011,108,55,4
16,s011,108,48,4
16,s011,108,49,6
16,s011,108,50,7
16,s011,108,51,1
16,s011,108,12,27
16,s011,108,13,10
16,s011,108,14,8
16,s011,108,15,6
16,s011,108,8,15
16,s011,108,9,11
16,s011,108,10,9
16,s011,108,11,3
16,s011,108,4,24
16,s011,108,5,8
16,s011,108,6,11
16,s011,108,7,9
16,s011,108,0,7
16,s011,108,1,8
16,s011,108,2,8
16,s011,108,3,4
16,s011,108,28,12
16,s011,108,29,6
16,s011,108,30,6
16,s011,108,31,6
16,s011,108,24,5
16,s011,108,25,11
16,s011,108,26,5
16,s011,108,27,8
16,s011,108,20,9
16,s011,108,21,6
16,s011,108,22,4
16,s011,108,17,3
16,s011,108,18,3
16,s011,108,19,2
16,s011,108,236,40
16,s011,108,237,26
16,s011,108,238,23
16,s011,108,239,13
16,s011,108,232,13
16,s011,108,233,21
16,s011,108,234,11
16,s011,108,235,14
16,s011,108,228,22
16,s011,108,229,17
16,s011,108,230,28
16,s011,108,231,13
16,s011,108,224,7
16,s011,108,225,6
16,s011,108,226,9
16,s011,108,227,5
16,s011,108,252,14
16,s011,108,253,14
16,s011,108,254,13
16,s011,108,255,11
16,s011,108,248,6
16,s011,108,249,5
16,s011,108,250,9
16,s011,108,251,7
16,s011,108,244,8
16,s011,108,245,12
16,s011,108,246,5
16,s011,108,247,4
16,s011,108,240,9
16,s011,108,241,6
16,s011,108,242,7
16,s011,108,243,9
16,s011,108,204,13
16,s011,108,205,23
16,s011,108,206,22
16,s011,108,207,16
16,s011,108,200,14
16,s011,108,201,15
16,s011,108,202,9
16,s011,108,203,12
16,s011,108,196,9
16,s011,108,197,10
16,s011,108,198,12
16,s011,108,199,7
16,s011,108,192,9
16,s011,108,193,9
16,s011,108,194,4
16,s011,108,195,7
16,s011,108,220,4
16,s011,108,221,7
16,s011,108,222,7
16,s011,108,223,8
16,s011,108,216,8
16,s011,108,217,4
16,s011,108,218,3
16,s011,108,219,3
16,s011,108,212,6
16,s011,108,213,9
16,s011,108,214,4
16,s011,108,215,4
16,s011,108,208,6
16,s011,108,209,5
16,s011,108,210,4
16,s011,108,211,2
16,s011,108,172,16
16,s011,108,173,18
16,s011,108,174,21
16,s011,108,175,13
16,s011,108,168,13
16,s011,108,169,13
16,s011,108,170,12
16,s011,108,171,10
16,s011,108,164,15
16,s011,108,165,7
16,s011,108,166,18
16,s011,108,167,4
16,s011,108,160,9
16,s011,108,161,9
16,s011,108,162,12
16,s011,108,163,4
16,s011,108,188,19
16,s011,108,189,11
16,s011,108,190,7
16,s011,108,191,8
16,s011,108,184,8
16,s011,108,185,3
16,s011,108,186,9
16,s011,108,187,4
16,s011,108,180,7
16,s011,108,181,4
16,s011,108,182,4
16,s011,108,183,5
16,s011,108,176,4
16,s011,108,177,3
16,s011,108,178,2
16,s011,108,179,2
16,s011,108,140,12
16,s011,108,141,15
16,s011,108,142,15
16,s011,108,143,10
16,s011,108,136,5
16,s011,108,137,4
16,s011,108,138,7
16,s011,108,139,5
16,s011,108,132,11
16,s011,108,133,13
16,s011,108,134,9
16,s011,108,135,5
16,s011,108,128,8
16,s011,108,129,4
16,s011,108,130,2
16,s011,108,131,4
16,s011,108,156,8
16,s011,108,157,8
16,s011,108,158,5
16,s011,108,159,10
16,s011,108,152,9
16,s011,108,153,1
16,s011,108,154,8
16,s011,108,155,1
16,s011,108,148,2
16,s011,108,149,3
16,s011,108,150,4
16,s011,108,151,2
16,s011,108,144,3
16,s011,108,146,1
16,s011,108,147,2
16,s012,14,14,48
16,s012,14,15,46
16,s012,14,12,35
16,s012,14,13,20
16,s012,14,10,24
16,s012,14,11,23
16,s012,14,8,20
16,s012,14,9,12
16,s012,14,6,21
16,s012,14,7,22
16,s012,14,4,31
16,s012,14,5,20
16,s012,14,2,21
16,s012,14,3,17
16,s012,14,0,12
16,s012,14,1,10
16,s012,14,30,26
16,s012,14,31,15
16,s012,14,28,20
16,s012,14,29,14
16,s012,14,26,20
16,s012,14,27,8
16,s012,14,24,9
16,s012,14,25,6
16,s012,14,22,11
16,s012,14,23,15
16,s012,14,20,8
16,s012,14,21,11
16,s012,14,18,6
16,s012,14,19,5
16,s012,14,16,7
16,s012,14,17,2
16,s012,14,46,36
16,s012,14,47,16
16,s012,14,44,17
16,s012,14,45,22
16,s012,14,42,16
16,s012,14,43,11
16,s012,14,40,9
16,s012,14,41,9
16,s012,14,38,11
16,s012,14,39,13
16,s012,14,36,17
16,s012,14,37,10
16,s012,14,34,9
16,s012,14,35,6
16,s012,14,32,5
16,s012,14,33,7
16,s012,14,62,12
16,s012,14,63,12
16,s012,14,60,7
16,s012,14,61,10
16,s012,14,58,12
16,s012,14,59,11
16,s012,14,56,9
16,s012,14,57,4
16,s012,14,54,9
16,s012,14,55,7
16,s012,14,52,7
16,s012,14,53,6
16,s012,14,50,8
16,s012,14,51,6
16,s012,14,48,2
16,s012,14,49,5
16,s012,14,78,32
16,s012,14,79,16
16,s012,14,76,23
16,s012,14,77,19
16,s012,14,74,23
16,s012,14,75,9
16,s012,14,72,19
16,s012,14,73,18
16,s012,14,70,20
16,s012,14,71,11
16,s012,14,68,21
16,s012,14,69,11
16,s012,14,66,18
16,s012,14,67,9
16,s012,14,64,11
16,s012,14,65,9
16,s012,14,94,20
16,s012,14,95,14
16,s012,14,92,7
16,s012,14,93,8
16,s012,14,90,9
16,s012,14,91,9
16,s012,14,88,8
16,s012,14,89,9
16,s012,14,86,8
16,s012,14,87,8
16,s012,14,84,8
16,s012,14,85,5
16,s012,14,82,3
16,s012,14,83,7
16,s012,14,80,6
16,s012,14,81,3
16,s012,14,110,21
16,s012,14,111,10
16,s012,14,108,21
16,s012,14,109,16
16,s012,14,106,12
16,s012,14,107,8
16,s012,14,104,9
16,s012,14,105,7
16,s012,14,102,14
16,s012,14,103,16
16,s012,14,100,11
16,s012,14,101,5
16,s012,14,98,10
16,s012,14,99,6
16,s012,14,96,2
16,s012,14,97,3
16,s012,14,126,13
16,s012,14,127,9
16,s012,14,124,2
16,s012,14,125,7
16,s012,14,122,5
16,s012,14,123,6
16,s012,14,120,6
16,s012,14,121,8
16,s012,14,118,3
16,s012,14,119,6
16,s012,14,116,7
16,s012,14,117,3
16,s012,14,114,5
16,s012,14,115,3
16,s012,14,112,6
16,s012,14,113,1
16,s012,14,142,27
16,s012,14,143,28
16,s012,14,140,23
16,s012,14,141,17
16,s012,14,138,18
16,s012,14,139,9
16,s012,14,136,13
16,s012,14,137,4
16,s012,14,134,15
16,s012,14,135,10
16,s012,14,132,13
16,s012,14,133,11
16,s012,14,130,12
16,s012,14,131,16
16,s012,14,128,11
16,s012,14,129,8
16,s012,14,158,20
16,s012,14,159,12
16,s012,14,156,12
16,s012,14,157,8
16,s012,14,154,5
16,s012,14,155,9
16,s012,14,152,7
16,s012,14,153,6
16,s012,14,150,9
16,s012,14,151,6
16,s012,14,148,5
16,s012,14,149,7
16,s012,14,146,3
16,s012,14,147,5
16,s012,14,144,2
16,s012,14,145,5
16,s012,14,174,16
16,s012,14,175,19
16,s012,14,172,13
16,s012,14,173,11
16,s012,14,170,12
16,s012,14,171,5
16,s012,14,168,11
16,s012,14,169,7
16,s012,14,166,19
16,s012,14,167,5
16,s012,14,164,17
16,s012,14,165,7
16,s012,14,162,6
16,s012,14,163,6
16,s012,14,160,5
16,s012,14,161,3
16,s012,14,190,12
16,s012,14,191,2
16,s012,14,188,7
16,s012,14,189,6
16,s012,14,186,2
16,s012,14,187,6
16,s012,14,184,5
16,s012,14,185,2
16,s012,14,182,8
16,s012,14,183,7
16,s012,14,180,4
16,s012,14,181,3
16,s012,14,178,3
16,s012,14,179,7
16,s012,14,176,3
16,s012,14,177,1
16,s012,14,206,18
16,s012,14,207,24
16,s012,14,204,18
16,s012,14,205,12
16,s012,14,202,15
16,s012,14,203,20
16,s012,14,200,13
16,s012,14,201,8
16,s012,14,198,19
16,s012,14,199,8
16,s012,14,196,9
16,s012,14,197,7
16,s012,14,194,7
16,s012,14,195,4
16,s012,14,192,5
16,s012,14,193,5
16,s012,14,222,17
16,s012,14,223,6
16,s012,14,220,11
16,s012,14,221,8
16,s012,14,218,7
16,s012,14,219,8
16,s012,14,216,7
16,s012,14,217,2
16,s012,14,214,5
16,s012,14,215,6
16,s012,14,212,8
16,s012,14,213,7
16,s012,14,210,2
16,s012,14,211,2
16,s012,14,208,6
16,s012,14,209,3
16,s012,14,238,19
16,s012,14,239,7
16,s012,14,236,10
16,s012,14,237,6
16,s012,14,234,13
16,s012,14,235,5
16,s012,14,232,1
16,s012,14,233,6
16,s012,14,230,12
16,s012,14,231,12
16,s012,14,228,6
16,s012,14,229,9
16,s012,14,226,7
16,s012,14,227,4
16,s012,14,224,4
16,s012,14,225,2
16,s012,14,254,9
16,s012,14,255,4
16,s012,14,252,9
16,s012,14,253,4
16,s012,14,250,3
16,s012,14,251,5
16,s012,14,248,5
16,s012,14,249,2
16,s012,14,246,7
16,s012,14,247,2
16,s012,14,244,5
16,s012,14,245,2
16,s012,14,242,1
16,s012,14,240,1
16,s012,14,241,3
16,s013,218,218,47
16,s013,218,219,30
16,s013,218,216,36
16,s013,218,217,30
16,s013,218,222,29
16,s013,218,223,16
16,s013,218,220,21
16,s013,218,221,14
16,s013,218,210,28
16,s013,218,211,16
16,s013,218,208,25
16,s013,218,209,13
16,s013,218,214,12
16,s013,218,215,17
16,s013,218,212,13
16,s013,218,213,6
16,s013,218,202,30
16,s013,218,203,22
16,s013,218,200,11
16,s013,218,201,8
16,s013,218,206,17
16,s013,218,207,5
16,s013,218,204,7
16,s013,218,205,6
16,s013,218,194,15
16,s013,218,195,3
16,s013,218,192,9
16,s013,218,193,13
16,s013,218,198,6
16,s013,218,199,8
16,s013,218,196,3
16,s013,218,197,6
16,s013,218,250,27
16,s013,218,251,24
16,s013,218,248,21
16,s013,218,249,20
16,s013,218,254,14
16,s013,218,255,16
16,s013,218,252,12
16,s013,218,253,6
16,s013,218,242,15
16,s013,218,243,13
16,s013,218,240,14
16,s013,218,241,9
16,s013,218,246,12
16,s013,218,247,4
16,s013,218,244,6
16,s013,218,245,6
16,s013,218,234,14
16,s013,218,235,14
16,s013,218,232,6
16,s013,218,233,3
16,s013,218,238,13
16,s013,218,239,7
16,s013,218,236,9
16,s013,218,237,7
16,s013,218,226,5
16,s013,218,227,7
16,s013,218,224,3
16,s013,218,225,4
16,s013,218,230,5
16,s013,218,231,6
16,s013,218,228,5
16,s013,218,229,2
16,s013,218,154,27
16,s013,218,155,19
16,s013,218,152,22
16,s013,218,153,15
16,s013,218,158,10
16,s013,218,159,15
16,s013,218,156,24
16,s013,218,157,9
16,s013,218,146,25
16,s013,218,147,10
16,s013,218,144,17
16,s013,218,145,16
16,s013,218,150,14
16,s013,218,151,9
16,s013,218,148,8
16,s013,218,149,4
16,s013,218,138,9
16,s013,218,139,8
16,s013,218,136,9
16,s013,218,137,7
16,s013,218,142,3
16,s013,218,143,6
16,s013,218,140,10
16,s013,218,141,2
16,s013,218,130,9
16,s013,218,131,5
16,s013,218,128,4
16,s013,218,129,6
16,s013,218,134,2
16,s013,218,132,4
16,s013,218,133,2
16,s013,218,186,23
16,s013,218,187,15
16,s013,218,184,13
16,s013,218,185,13
16,s013,218,190,15
16,s013,218,191,9
16,s013,218,188,11
16,s013,218,189,8
16,s013,218,178,13
16,s013,218,179,4
16,s013,218,176,10
16,s013,218,177,4
16,s013,218,182,4
16,s013,218,183,3
16,s013,218,180,6
16,s013,218,181,9
16,s013,218,170,8
16,s013,218,171,10
16,s013,218,168,9
16,s013,218,169,6
16,s013,218,174,3
16,s013,218,175,6
16,s013,218,172,4
16,s013,218,173,4
16,s013,218,162,7
16,s013,218,163,5
16,s013,218,160,7
16,s013,218,161,3
16,s013,218,166,3
16,s013,218,167,1
16,s013,218,164,6
16,s013,218,165,4
16,s013,218,90,31
16,s013,218,91,20
16,s013,218,88,27
16,s013,218,89,16
16,s013,218,94,23
16,s013,218,95,12
16,s013,218,92,10
16,s013,218,93,12
16,s013,218,82,11
16,s013,218,83,10
16,s013,218,80,12
16,s013,218,81,12
16,s013,218,86,12
16,s013,218,87,12
16,s013,218,84,9
16,s013,218,85,9
16,s013,218,74,13
16,s013,218,75,11
16,s013,218,72,11
16,s013,218,73,5
16,s013,218,78,10
16,s013,218,79,7
16,s013,218,76,5
16,s013,218,77,3
16,s013,218,66,11
16,s013,218,67,5
16,s013,218,64,2
16,s013,218,65,5
16,s013,218,70,9
16,s013,218,71,9
16,s013,218,68,5
16,s013,218,69,3
16,s013,218,122,17
16,s013,218,123,13
16,s013,218,120,13
16,s013,218,121,12
16,s013,218,126,9
16,s013,218,127,9
16,s013,218,124,6
16,s013,218,125,8
16,s013,218,114,9
16,s013,218,115,11
16,s013,218,112,8
16,s013,218,113,7
16,s013,218,118,9
16,s013,218,119,7
16,s013,218,116,6
16,s013,218,117,7
16,s013,218,106,9
16,s013,218,107,4
16,s013,218,104,8
16,s013,218,105,2
16,s013,218,110,8
16,s013,218,111,3
16,s013,218,108,3
16,s013,218,109,5
16,s013,218,98,5
16,s013,218,99,6
16,s013,218,96,5
16,s013,218,97,5
16,s013,218,102,1
16,s013,218,103,5
16,s013,218,101,2
16,s013,218,26,31
16,s013,218,27,16
16,s013,218,24,11
16,s013,218,25,15
16,s013,218,30,20
16,s013,218,31,12
16,s013,218,28,10
16,s013,218,29,6
16,s013,218,18,12
16,s013,218,19,9
16,s013,218,16,10
16,s013,218,17,16
16,s013,218,22,5
16,s013,218,23,9
16,s013,218,20,13
16,s013,218,21,5
16,s013,218,10,13
16,s013,218,11,11
16,s013,218,8,10
16,s013,218,9,6
16,s013,218,14,6
16,s013,218,15,4
16,s013,218,12,5
16,s013,218,13,2
16,s013,218,2,6
16,s013,218,3,6
16,s013,218,0,5
16,s013,218,1,5
16,s013,218,6,6
16,s013,218,7,3
16,s013,218,4,2
16,s013,218,5,2
16,s013,218,58,10
16,s013,218,59,13
16,s013,218,56,18
16,s013,218,57,5
16,s013,218,62,10
16,s013,218,63,6
16,s013,218,60,6
16,s013,218,61,7
16,s013,218,50,9
16,s013,218,51,10
16,s013,218,48,2
16,s013,218,49,7
16,s013,218,54,2
16,s013,218,55,4
16,s013,218,52,6
16,s013,218,53,2
16,s013,218,42,7
16,s013,218,43,9
16,s013,218,40,7
16,s013,218,41,7
16,s013,218,46,3
16,s013,218,47,4
16,s013,218,44,5
16,s013,218,45,3
16,s013,218,34,2
16,s013,218,35,2
16,s013,218,32,1
16,s013,218,33,5
16,s013,218,38,2
16,s013,218,39,4
16,s013,218,36,3
16,s013,218,37,2
16,s014,188,188,44
16,s014,188,189,35
16,s014,188,190,37
16,s014,188,191,25
16,s014,188,184,18
16,s014,188,185,26
16,s014,188,186,21
16,s014,188,187,15
16,s014,188,180,30
16,s014,188,181,21
16,s014,188,182,23
16,s014,188,183,13
16,s014,188,176,19
16,s014,188,177,22
16,s014,188,178,23
16,s014,188,179,6
16,s014,188,172,33
16,s014,188,173,19
16,s014,188,174,17
16,s014,188,175,9
16,s014,188,168,16
16,s014,188,169,5
16,s014,188,170,8
16,s014,188,171,6
16,s014,188,164,12
16,s014,188,165,8
16,s014,188,166,11
16,s014,188,167,5
16,s014,188,160,8
16,s014,188,161,7
16,s014,188,162,6
16,s014,188,163,6
16,s014,188,156,28
16,s014,188,157,25
16,s014,188,158,20
16,s014,188,159,15
16,s014,188,152,18
16,s014,188,153,21
16,s014,188,154,13
16,s014,188,155,14
16,s014,188,148,23
16,s014,188,149,7
16,s014,188,150,13
16,s014,188,151,8
16,s014,188,144,14
16,s014,188,145,12
16,s014,188,146,10
16,s014,188,147,10
16,s014,188,140,8
16,s014,188,141,11
16,s014,188,142,11
16,s014,188,143,4
16,s014,188,136,9
16,s014,188,137,8
16,s014,188,138,6
16,s014,188,139,5
16,s014,188,132,9
16,s014,188,133,11
16,s014,188,134,9
16,s014,188,135,5
16,s014,188,128,4
16,s014,188,129,4
16,s014,188,130,5
16,s014,188,131,3
16,s014,188,252,44
16,s014,188,253,27
16,s014,188,254,24
16,s014,188,255,10
16,s014,188,248,25
16,s014,188,249,12
16,s014,188,250,21
16,s014,188,251,10
16,s014,188,244,21
16,s014,188,245,18
16,s014,188,246,19
16,s014,188,247,10
16,s014,188,240,19
16,s014,188,241,4
16,s014,188,242,10
16,s014,188,243,7
16,s014,188,236,18
16,s014,188,237,14
16,s014,188,238,17
16,s014,188,239,13
16,s014,188,232,11
16,s014,188,233,4
16,s014,188,234,11
16,s014,188,235,10
16,s014,188,228,8
16,s014,188,229,4
16,s014,188,230,6
16,s014,188,231,2
16,s014,188,224,10
16,s014,188,225,4
16,s014,188,226,2
16,s014,188,227,5
16,s014,188,220,20
16,s014,188,221,19
16,s014,188,222,19
16,s014,188,223,11
16,s014,188,216,22
16,s014,188,217,9
16,s014,188,218,8
16,s014,188,219,13
16,s014,188,212,11
16,s014,188,213,13
16,s014,188,214,8
16,s014,188,215,8
16,s014,188,208,10
16,s014,188,209,8
16,s014,188,210,6
16,s014,188,211,5
16,s014,188,204,12
16,s014,188,205,5
16,s014,188,206,5
16,s014,188,207,5
16,s014,188,200,8
16,s014,188,201,3
16,s014,188,202,6
16,s014,188,203,4
16,s014,188,196,3
16,s014,188,197,7
16,s014,188,198,5
16,s014,188,199,2
16,s014,188,192,7
16,s014,188,193,2
16,s014,188,194,3
16,s014,188,195,7
16,s014,188,60,40
16,s014,188,61,34
16,s014,188,62,17
16,s014,188,63,20
16,s014,188,56,19
16,s014,188,57,13
16,s014,188,58,17
16,s014,188,59,14
16,s014,188,52,17
16,s014,188,53,14
16,s014,188,54,16
16,s014,188,55,11
16,s014,188,48,16
16,s014,188,49,11
16,s014,188,50,8
16,s014,188,51,5
16,s014,188,44,12
16,s014,188,45,8
16,s014,188,46,13
16,s014,188,47,10
16,s014,188,40,16
16,s014,188,41,7
16,s014,188,42,2
16,s014,188,43,5
16,s014,188,36,10
16,s014,188,37,8
16,s014,188,38,11
16,s014,188,39,6
16,s014,188,32,9
16,s014,188,33,3
16,s014,188,34,4
16,s014,188,35,5
16,s014,188,28,24
16,s014,188,29,12
16,s014,188,30,20
16,s014,188,31,13
16,s014,188,24,12
16,s014,188,25,9
16,s014,188,26,6
16,s014,188,27,7
16,s014,188,20,16
16,s014,188,21,14
16,s014,188,22,11
16,s014,188,23,11
16,s014,188,16,9
16,s014,188,17,4
16,s014,188,18,7
16,s014,188,19,7
16,s014,188,12,9
16,s014,188,13,7
16,s014,188,14,7
16,s014,188,8,8
16,s014,188,9,8
16,s014,188,10,4
16,s014,188,11,4
16,s014,188,4,9
16,s014,188,5,4
16,s014,188,6,4
16,s014,188,7,4
16,s014,188,0,4
16,s014,188,1,1
16,s014,188,2,4
16,s014,188,3,6
16,s014,188,124,29
16,s014,188,125,20
16,s014,188,126,18
16,s014,188,127,13
16,s014,188,120,15
16,s014,188,121,16
16,s014,188,122,11
16,s014,188,123,5
16,s014,188,116,17
16,s014,188,117,11
16,s014,188,118,10
16,s014,188,119,8
16,s014,188,112,9
16,s014,188,113,5
16,s014,188,114,6
16,s014,188,115,6
16,s014,188,108,6
16,s014,188,109,6
16,s014,188,110,6
16,s014,188,111,8
16,s014,188,105,6
16,s014,188,106,6
16,s014,188,107,3
16,s014,188,100,6
16,s014,188,101,4
16,s014,188,102,7
16,s014,188,103,5
16,s014,188,96,5
16,s014,188,97,6
16,s014,188,98,4
16,s014,188,99,3
16,s014,188,92,11
16,s014,188,93,7
16,s014,188,94,13
16,s014,188,95,8
16,s014,188,88,10
16,s014,188,89,8
16,s014,188,90,12
16,s014,188,91,3
16,s014,188,84,6
16,s014,188,85,9
16,s014,188,86,7
16,s014,188,87,8
16,s014,188,80,5
16,s014,188,81,3
16,s014,188,82,3
16,s014,188,83,2
16,s014,188,76,4
16,s014,188,77,7
16,s014,188,78,6
16,s014,188,79,6
16,s014,188,72,5
16,s014,188,73,5
16,s014,188,74,2
16,s014,188,75,3
16,s014,188,68,5
16,s014,188,69,2
16,s014,188,70,5
16,s014,188,71,2
16,s014,188,64,2
16,s014,188,65,2
16,s014,188,66,3
16,s014,188,67,3
16,s015,245,245,53
16,s015,245,244,36
16,s015,245,247,35
16,s015,245,246,26
16,s015,245,241,33
16,s015,245,240,19
16,s015,245,243,14
16,s015,245,242,9
16,s015,245,253,32
16,s015,245,252,19
16,s015,245,255,18
16,s015,245,254,9
16,s015,245,249,19
16,s015,245,248,19
16,s015,245,251,15
16,s015,245,250,10
16,s015,245,229,32
16,s015,245,228,14
16,s015,245,231,12
16,s015,245,230,9
16,s015,245,225,7
16,s015,245,224,10
16,s015,245,227,10
16,s015,245,226,2
16,s015,245,237,14
16,s015,245,236,10
16,s015,245,239,4
16,s015,245,238,4
16,s015,245,233,11
16,s015,245,232,9
16,s015,245,235,3
16,s015,245,234,4
16,s015,245,213,36
16,s015,245,212,23
16,s015,245,215,17
16,s015,245,214,15
16,s015,245,209,18
16,s015,245,208,12
16,s015,245,211,9
16,s015,245,210,10
16,s015,245,221,19
16,s015,245,220,13
16,s015,245,223,15
16,s015,245,222,8
16,s015,245,217,6
16,s015,245,216,10
16,s015,245,219,7
16,s015,245,218,4
16,s015,245,197,15
16,s015,245,196,11
16,s015,245,199,12
16,s015,245,198,7
16,s015,245,193,7
16,s015,245,192,10
16,s015,245,195,4
16,s015,245,194,4
16,s015,245,205,7
16,s015,245,204,9
16,s015,245,207,2
16,s015,245,206,1
16,s015,245,201,4
16,s015,245,200,3
16,s015,245,203,2
16,s015,245,202,2
16,s015,245,181,35
16,s015,245,180,20
16,s015,245,183,25
16,s015,245,182,17
16,s015,245,177,14
16,s015,245,176,21
16,s015,245,179,9
16,s015,245,178,10
16,s015,245,189,20
16,s015,245,188,10
16,s015,245,191,12
16,s015,245,190,9
16,s015,245,185,13
16,s015,245,184,5
16,s015,245,187,9
16,s015,245,186,5
16,s015,245,165,11
16,s015,245,164,10
16,s015,245,167,6
16,s015,245,166,8
16,s015,245,161,6
16,s015,245,160,12
16,s015,245,163,7
16,s015,245,162,2
16,s015,245,173,11
16,s015,245,172,4
16,s015,245,175,5
16,s015,245,174,4
16,s015,245,169,7
16,s015,245,168,4
16,s015,245,170,7
16,s015,245,149,20
16,s015,245,148,14
16,s015,245,151,11
16,s015,245,150,16
16,s015,245,145,15
16,s015,245,144,9
16,s015,245,147,5
16,s015,245,146,7
16,s015,245,157,8
16,s015,245,156,4
16,s015,245,159,11
16,s015,245,158,5
16,s015,245,153,12
16,s015,245,152,7
16,s015,245,155,5
16,s015,245,154,3
16,s015,245,133,8
16,s015,245,132,3
16,s015,245,135,9
16,s015,245,134,5
16,s015,245,129,7
16,s015,245,128,3
16,s015,245,131,5
16,s015,245,130,8
16,s015,245,141,5
16,s015,245,140,5
16,s015,245,143,8
16,s015,245,137,4
16,s015,245,136,4
16,s015,245,139,2
16,s015,245,138,4
16,s015,245,117,37
16,s015,245,116,24
16,s015,245,119,12
16,s015,245,118,16
16,s015,245,113,24
16,s015,245,112,15
16,s015,245,115,11
16,s015,245,114,11
16,s015,245,125,18
16,s015,245,124,21
16,s015,245,127,8
16,s015,245,126,13
16,s015,245,121,8
16,s015,245,120,11
16,s015,245,123,7
16,s015,245,122,1
16,s015,245,101,17
16,s015,245,100,17
16,s015,245,103,13
16,s015,245,102,7
16,s015,245,97,11
16,s015,245,96,11
16,s015,245,99,3
16,s015,245,98,5
16,s015,245,109,9
16,s015,245,108,8
16,s015,245,111,10
16,s015,245,110,5
16,s015,245,105,8
16,s015,245,104,5
16,s015,245,107,6
16,s015,245,106,2
16,s015,245,85,16
16,s015,245,84,18
16,s015,245,87,20
16,s015,245,86,16
16,s015,245,81,6
16,s015,245,80,10
16,s015,245,83,10
16,s015,245,82,7
16,s015,245,93,7
16,s015,245,92,7
16,s015,245,95,8
16,s015,245,94,7
16,s015,245,89,6
16,s015,245,88,7
16,s015,245,91,8
16,s015,245,90,6
16,s015,245,69,11
16,s015,245,68,4
16,s015,245,71,10
16,s015,245,70,6
16,s015,245,65,6
16,s015,245,64,10
16,s015,245,67,4
16,s015,245,66,4
16,s015,245,77,8
16,s015,245,76,4
16,s015,245,79,3
16,s015,245,78,3
16,s015,245,73,5
16,s015,245,74,5
16,s015,245,53,15
16,s015,245,52,14
16,s015,245,55,15
16,s015,245,54,14
16,s015,245,49,13
16,s015,245,48,13
16,s015,245,51,8
16,s015,245,50,4
16,s015,245,61,11
16,s015,245,60,7
16,s015,245,63,7
16,s015,245,62,11
16,s015,245,57,8
16,s015,245,56,13
16,s015,245,59,5
16,s015,245,58,6
16,s015,245,37,10
16,s015,245,36,11
16,s015,245,39,5
16,s015,245,38,7
16,s015,245,33,7
16,s015,245,32,6
16,s015,245,35,2
16,s015,245,34,2
16,s015,245,45,8
16,s015,245,44,7
16,s015,245,47,8
16,s015,245,46,4
16,s015,245,41,4
16,s015,245,40,7
16,s015,245,43,2
16,s015,245,42,3
16,s015,245,21,12
16,s015,245,20,6
16,s015,245,23,14
16,s015,245,22,5
16,s015,245,17,12
16,s015,245,16,12
16,s015,245,19,8
16,s015,245,18,5
16,s015,245,29,10
16,s015,245,28,6
16,s015,245,31,5
16,s015,245,30,7
16,s015,245,25,5
16,s015,245,24,2
16,s015,245,27,4
16,s015,245,26,3
16,s015,245,5,10
16,s015,245,4,6
16,s015,245,7,8
16,s015,245,6,9
16,s015,245,1,1
16,s015,245,0,2
16,s015,245,3,4
16,s015,245,2,3
16,s015,245,13,1
16,s015,245,12,3
16,s015,245,15,3
16,s015,245,14,4
16,s015,245,9,6
16,s015,245,8,2
16,s015,245,11,3
16,s015,245,10,3
16,s016,160,160,45
16,s016,160,161,37
16,s016,160,162,35
16,s016,160,163,27
16,s016,160,164,21
16,s016,160,165,28
16,s016,160,166,24
16,s016,160,167,13
16,s016,160,168,26
16,s016,160,169,22
16,s016,160,170,18
16,s016,160,171,19
16,s016,160,172,15
16,s016,160,173,17
16,s016,160,174,10
16,s016,160,175,13
16,s016,160,176,29
16,s016,160,177,21
16,s016,160,178,20
16,s016,160,179,10
16,s016,160,180,11
16,s016,160,181,9
16,s016,160,182,10
16,s016,160,183,7
16,s016,160,184,19
16,s016,160,185,14
16,s016,160,186,10
16,s016,160,187,5
16,s016,160,188,10
16,s016,160,189,7
16,s016,160,190,8
16,s016,160,191,7
16,s016,160,128,27
16,s016,160,129,17
16,s016,160,130,13
16,s016,160,131,16
16,s016,160,132,26
16,s016,160,133,17
16,s016,160,134,17
16,s016,160,135,12
16,s016,160,136,15
16,s016,160,137,23
16,s016,160,138,9
16,s016,160,139,9
16,s016,160,140,11
16,s016,160,141,5
16,s016,160,142,10
16,s016,160,143,4
16,s016,160,144,17
16,s016,160,145,6
16,s016,160,146,10
16,s016,160,147,12
16,s016,160,148,8
16,s016,160,149,4
16,s016,160,150,5
16,s016,160,151,9
16,s016,160,152,13
16,s016,160,153,9
16,s016,160,154,7
16,s016,160,155,3
16,s016,160,156,6
16,s016,160,157,4
16,s016,160,158,5
16,s016,160,159,5
16,s016,160,224,37
16,s016,160,225,24
16,s016,160,226,27
16,s016,160,227,18
16,s016,160,228,20
16,s016,160,229,19
16,s016,160,230,15
16,s016,160,231,11
16,s016,160,232,19
16,s016,160,233,13
16,s016,160,234,16
16,s016,160,235,14
16,s016,160,236,18
16,s016,160,237,4
16,s016,160,238,6
16,s016,160,239,10
16,s016,160,240,16
16,s016,160,241,10
16,s016,160,242,15
16,s016,160,243,9
16,s016,160,244,8
16,s016,160,245,13
16,s016,160,246,9
16,s016,160,247,5
16,s016,160,248,8
16,s016,160,249,8
16,s016,160,250,8
16,s016,160,251,7
16,s016,160,252,8
16,s016,160,253,6
16,s016,160,254,3
16,s016,160,255,2
16,s016,160,192,20
16,s016,160,193,11
16,s016,160,194,18
16,s016,160,195,9
16,s016,160,196,12
16,s016,160,197,10
16,s016,160,198,9
16,s016,160,199,8
16,s016,160,200,13
16,s016,160,201,6
16,s016,160,202,10
16,s016,160,203,5
16,s016,160,204,9
16,s016,160,205,11
16,s016,160,206,3
16,s016,160,207,4
16,s016,160,208,12
16,s016,160,209,9
16,s016,160,210,6
16,s016,160,211,3
16,s016,160,212,6
16,s016,160,213,4
16,s016,160,214,4
16,s016,160,215,8
16,s016,160,216,5
16,s016,160,217,5
16,s016,160,218,4
16,s016,160,219,5
16,s016,160,220,6
16,s016,160,221,3
16,s016,160,222,8
16,s016,160,223,1
16,s016,160,32,40
16,s016,160,33,29
16,s016,160,34,26
16,s016,160,35,15
16,s016,160,36,26
16,s016,160,37,12
16,s016,160,38,12
16,s016,160,39,15
16,s016,160,40,25
16,s016,160,41,25
16,s016,160,42,13
16,s016,160,43,11
16,s016,160,44,11
16,s016,160,45,11
16,s016,160,46,11
16,s016,160,47,7
16,s016,160,48,12
16,s016,160,49,7
16,s016,160,50,11
16,s016,160,51,9
16,s016,160,52,15
16,s016,160,53,15
16,s016,160,54,6
16,s016,160,55,8
16,s016,160,56,13
16,s016,160,57,10
16,s016,160,58,7
16,s016,160,59,10
16,s016,160,60,9
16,s016,160,61,3
16,s016,160,62,1
16,s016,160,63,2
16,s016,160,0,14
16,s016,160,1,6
16,s016,160,2,13
16,s016,160,3,9
16,s016,160,4,12
16,s016,160,5,18
16,s016,160,6,7
16,s016,160,7,10
16,s016,160,8,13
16,s016,160,9,11
16,s016,160,10,19
16,s016,160,11,4
16,s016,160,12,8
16,s016,160,13,7
16,s016,160,14,6
16,s016,160,15,6
16,s016,160,16,5
16,s016,160,17,3
16,s016,160,18,5
16,s016,160,19,9
16,s016,160,20,10
16,s016,160,21,8
16,s016,160,22,5
16,s016,160,23,3
16,s016,160,24,10
16,s016,160,25,6
16,s016,160,26,8
16,s016,160,27,3
16,s016,160,28,2
16,s016,160,29,5
16,s016,160,30,3
16,s016,160,31,2
16,s016,160,96,21
16,s016,160,97,14
16,s016,160,98,16
16,s016,160,99,12
16,s016,160,100,13
16,s016,160,101,10
16,s016,160,102,11
16,s016,160,103,8
16,s016,160,104,18
16,s016,160,105,13
16,s016,160,106,10
16,s016,160,107,9
16,s016,160,108,10
16,s016,160,109,6
16,s016,160,110,10
16,s016,160,112,8
16,s016,160,113,11
16,s016,160,114,8
16,s016,160,115,9
16,s016,160,116,5
16,s016,160,117,3
16,s016,160,118,7
16,s016,160,119,3
16,s016,160,120,7
16,s016,160,121,5
16,s016,160,122,3
16,s016,160,123,3
16,s016,160,124,3
16,s016,160,125,6
16,s016,160,126,4
16,s016,160,127,2
16,s016,160,64,13
16,s016,160,65,14
16,s016,160,66,9
16,s016,160,67,7
16,s016,160,68,7
16,s016,160,69,10
16,s016,160,70,11
16,s016,160,71,13
16,s016,160,72,6
16,s016,160,73,9
16,s016,160,74,8
16,s016,160,75,4
16,s016,160,76,6
16,s016,160,77,5
16,s016,160,78,4
16,s016,160,79,5
16,s016,160,80,12
16,s016,160,81,8
16,s016,160,82,7
16,s016,160,83,5
16,s016,160,84,4
16,s016,160,85,5
16,s016,160,87,6
16,s016,160,88,5
16,s016,160,89,4
16,s016,160,90,4
16,s016,160,91,6
16,s016,160,92,3
16,s016,160,93,2
16,s016,160,94,4
16,s016,160,95,2
16,s017,51,51,57
16,s017,51,50,33
16,s017,51,49,36
16,s017,51,48,24
16,s017,51,55,39
16,s017,51,54,17
16,s017,51,53,21
16,s017,51,52,11
16,s017,51,59,34
16,s017,51,58,18
16,s017,51,57,18
16,s017,51,56,14
16,s017,51,63,23
16,s017,51,62,16
16,s017,51,61,10
16,s017,51,60,10
16,s017,51,35,17
16,s017,51,34,15
16,s017,51,33,21
16,s017,51,32,13
16,s017,51,39,10
16,s017,51,38,7
16,s017,51,37,12
16,s017,51,36,10
16,s017,51,43,16
16,s017,51,42,12
16,s017,51,41,10
16,s017,51,40,2
16,s017,51,47,6
16,s017,51,46,7
16,s017,51,45,7
16,s017,51,44,10
16,s017,51,19,33
16,s017,51,18,20
16,s017,51,17,15
16,s017,51,16,11
16,s017,51,23,20
16,s017,51,22,16
16,s017,51,21,13
16,s017,51,20,12
16,s017,51,27,32
16,s017,51,26,18
16,s017,51,25,9
16,s017,51,24,11
16,s017,51,31,6
16,s017,51,30,8
16,s017,51,29,13
16,s017,51,28,6
16,s017,51,3,10
16,s017,51,2,8
16,s017,51,1,12
16,s017,51,0,5
16,s017,51,7,12
16,s017,51,6,6
16,s017,51,5,8
16,s017,51,4,3
16,s017,51,11,5
16,s017,51,10,9
16,s017,51,9,8
16,s017,51,8,3
16,s017,51,15,6
16,s017,51,14,12
16,s017,51,13,4
16,s017,51,12,4
16,s017,51,115,35
16,s017,51,114,30
16,s017,51,113,24
16,s017,51,112,16
16,s017,51,119,19
16,s017,51,118,18
16,s017,51,117,16
16,s017,51,116,15
16,s017,51,123,17
16,s017,51,122,22
16,s017,51,121,12
16,s017,51,120,9
16,s017,51,127,12
16,s017,51,126,15
16,s017,51,125,9
16,s017,51,124,9
16,s017,51,99,22
16,s017,51,98,11
16,s017,51,97,9
16,s017,51,96,9
16,s017,51,103,7
16,s017,51,102,6
16,s017,51,101,10
16,s017,51,100,7
16,s017,51,107,14
16,s017,51,106,6
16,s017,51,105,13
16,s017,51,104,6
16,s017,51,111,9
16,s017,51,110,2
16,s017,51,109,2
16,s017,51,108,4
16,s017,51,83,18
16,s017,51,82,15
16,s017,51,81,20
16,s017,51,80,13
16,s017,51,87,15
16,s017,51,86,8
16,s017,51,85,12
16,s017,51,84,4
16,s017,51,91,16
16,s017,51,90,9
16,s017,51,89,6
16,s017,51,88,11
16,s017,51,95,9
16,s017,51,94,8
16,s017,51,93,4
16,s017,51,92,4
16,s017,51,67,12
16,s017,51,66,9
16,s017,51,65,10
16,s017,51,64,7
16,s017,51,71,4
16,s017,51,70,7
16,s017,51,69,7
16,s017,51,68,4
16,s017,51,75,5
16,s017,51,74,5
16,s017,51,73,9
16,s017,51,72,2
16,s017,51,79,5
16,s017,51,78,7
16,s017,51,77,4
16,s017,51,76,2
16,s017,51,179,32
16,s017,51,178,29
16,s017,51,177,22
16,s017,51,176,21
16,s017,51,183,16
16,s017,51,182,14
16,s017,51,181,13
16,s017,51,180,16
16,s017,51,187,23
16,s017,51,186,11
16,s017,51,185,7
16,s017,51,184,12
16,s017,51,191,11
16,s017,51,190,10
16,s017,51,189,9
16,s017,51,188,7
16,s017,51,163,13
16,s017,51,162,22
16,s017,51,161,11
16,s017,51,160,7
16,s017,51,167,9
16,s017,51,166,8
16,s017,51,165,2
16,s017,51,164,6
16,s017,51,171,10
16,s017,51,170,8
16,s017,51,169,6
16,s017,51,168,5
16,s017,51,175,10
16,s017,51,174,2
16,s017,51,173,4
16,s017,51,172,3
16,s017,51,147,16
16,s017,51,146,20
16,s017,51,145,11
16,s017,51,144,13
16,s017,51,151,15
16,s017,51,150,15
16,s017,51,149,9
16,s017,51,148,6
16,s017,51,155,12
16,s017,51,154,10
16,s017,51,153,5
16,s017,51,152,2
16,s017,51,159,10
16,s017,51,158,9
16,s017,51,157,7
16,s017,51,156,8
16,s017,51,131,9
16,s017,51,130,1
16,s017,51,129,2
16,s017,51,128,6
16,s017,51,135,2
16,s017,51,134,6
16,s017,51,133,3
16,s017,51,132,2
16,s017,51,139,5
16,s017,51,138,7
16,s017,51,136,7
16,s017,51,143,6
16,s017,51,142,1
16,s017,51,140,1
16,s017,51,243,23
16,s017,51,242,10
16,s017,51,241,18
16,s017,51,240,10
16,s017,51,247,8
16,s017,51,246,5
16,s017,51,245,12
16,s017,51,244,5
16,s017,51,251,16
16,s017,51,250,11
16,s017,51,249,8
16,s017,51,248,18
16,s017,51,255,6
16,s017,51,254,1
16,s017,51,253,10
16,s017,51,252,11
16,s017,51,227,12
16,s017,51,226,14
16,s017,51,225,9
16,s017,51,224,5
16,s017,51,231,4
16,s017,51,230,6
16,s017,51,229,4
16,s017,51,228,4
16,s017,51,235,10
16,s017,51,234,1
16,s017,51,233,3
16,s017,51,232,6
16,s017,51,239,8
16,s017,51,238,5
16,s017,51,237,2
16,s017,51,236,2
16,s017,51,211,13
16,s017,51,210,13
16,s017,51,209,8
16,s017,51,208,7
16,s017,51,215,10
16,s017,51,214,7
16,s017,51,213,7
16,s017,51,212,5
16,s017,51,219,9
16,s017,51,218,7
16,s017,51,217,11
16,s017,51,216,11
16,s017,51,223,8
16,s017,51,222,5
16,s017,51,221,4
16,s017,51,220,7
16,s017,51,195,7
16,s017,51,194,4
16,s017,51,193,6
16,s017,51,192,3
16,s017,51,199,8
16,s017,51,198,8
16,s017,51,197,2
16,s017,51,196,3
16,s017,51,203,6
16,s017,51,202,4
16,s017,51,200,3
16,s017,51,207,4
16,s017,51,206,1
16,s017,51,205,1
16,s017,51,204,4
16,s018,105,105,36
16,s018,105,104,36
16,s018,105,107,33
16,s018,105,106,20
16,s018,105,109,23
16,s018,105,108,12
16,s018,105,111,23
16,s018,105,110,11
16,s018,105,97,24
16,s018,105,96,23
16,s018,105,99,30
16,s018,105,98,8
16,s018,105,101,24
16,s018,105,100,14
16,s018,105,103,15
16,s018,105,102,12
16,s018,105,121,23
16,s018,105,120,13
16,s018,105,123,20
16,s018,105,122,12
16,s018,105,125,10
16,s018,105,124,10
16,s018,105,127,6
16,s018,105,126,6
16,s018,105,113,13
16,s018,105,112,12
16,s018,105,115,12
16,s018,105,114,7
16,s018,105,117,9
16,s018,105,116,6
16,s018,105,119,3
16,s018,105,118,4
16,s018,105,73,27
16,s018,105,72,28
16,s018,105,75,19
16,s018,105,74,17
16,s018,105,77,15
16,s018,105,76,12
16,s018,105,79,12
16,s018,105,78,15
16,s018,105,65,20
16,s018,105,64,7
16,s018,105,67,23
16,s018,105,66,7
16,s018,105,69,13
16,s018,105,68,3
16,s018,105,71,10
16,s018,105,70,5
16,s018,105,89,13
16,s018,105,88,14
16,s018,105,91,11
16,s018,105,90,8
16,s018,105,93,15
16,s018,105,92,2
16,s018,105,95,6
16,s018,105,94,5
16,s018,105,81,13
16,s018,105,80,4
16,s018,105,83,3
16,s018,105,82,4
16,s018,105,85,4
16,s018,105,84,3
16,s018,105,87,4
16,s018,105,86,3
16,s018,105,41,29
16,s018,105,40,31
16,s018,105,43,16
16,s018,105,42,15
16,s018,105,45,24
16,s018,105,44,14
16,s018,105,47,10
16,s018,105,46,11
16,s018,105,33,27
16,s018,105,32,14
16,s018,105,35,14
16,s018,105,34,10
16,s018,105,37,16
16,s018,105,36,14
16,s018,105,39,7
16,s018,105,38,7
16,s018,105,57,10
16,s018,105,56,8
16,s018,105,59,12
16,s018,105,58,8
16,s018,105,61,6
16,s018,105,60,5
16,s018,105,63,9
16,s018,105,62,8
16,s018,105,49,12
16,s018,105,48,6
16,s018,105,51,5
16,s018,105,50,4
16,s018,105,53,7
16,s018,105,52,5
16,s018,105,55,4
16,s018,105,54,2
16,s018,105,9,23
16,s018,105,8,22
16,s018,105,11,14
16,s018,105,10,9
16,s018,105,13,14
16,s018,105,12,10
16,s018,105,15,8
16,s018,105,14,10
16,s018,105,1,10
16,s018,105,0,12
16,s018,105,3,8
16,s018,105,2,11
16,s018,105,5,11
16,s018,105,4,6
16,s018,105,7,5
16,s018,105,6,6
16,s018,105,25,14
16,s018,105,24,6
16,s018,105,27,5
16,s018,105,26,7
16,s018,105,29,3
16,s018,105,28,3
16,s018,105,31,4
16,s018,105,30,1
16,s018,105,17,8
16,s018,105,16,1
16,s018,105,19,9
16,s018,105,18,4
16,s018,105,21,2
16,s018,105,20,3
16,s018,105,23,2
16,s018,105,233,28
16,s018,105,232,21
16,s018,105,235,27
16,s018,105,234,14
16,s018,105,237,10
16,s018,105,236,15
16,s018,105,239,18
16,s018,105,238,13
16,s018,105,225,26
16,s018,105,224,15
16,s018,105,227,13
16,s018,105,226,8
16,s018,105,229,14
16,s018,105,228,9
16,s018,105,231,11
16,s018,105,230,8
16,s018,105,249,13
16,s018,105,248,15
16,s018,105,251,7
16,s018,105,250,10
16,s018,105,253,16
16,s018,105,252,12
16,s018,105,255,6
16,s018,105,254,3
16,s018,105,241,13
16,s018,105,240,9
16,s018,105,243,6
16,s018,105,242,13
16,s018,105,245,4
16,s018,105,244,3
16,s018,105,247,2
16,s018,105,246,3
16,s018,105,201,15
16,s018,105,200,15
16,s018,105,203,17
16,s018,105,202,13
16,s018,105,205,10
16,s018,105,204,14
16,s018,105,207,13
16,s018,105,206,5
16,s018,105,193,15
16,s018,105,192,15
16,s018,105,195,8
16,s018,105,194,13
16,s018,105,197,3
16,s018,105,196,6
16,s018,105,199,7
16,s018,105,198,4
16,s018,105,217,9
16,s018,105,216,7
16,s018,105,219,4
16,s018,105,218,5
16,s018,105,221,8
16,s018,105,220,7
16,s018,105,223,5
16,s018,105,222,6
16,s018,105,209,10
16,s018,105,208,3
16,s018,105,211,5
16,s018,105,210,6
16,s018,105,213,4
16,s018,105,212,5
16,s018,105,215,2
16,s018,105,214,5
16,s018,105,169,13
16,s018,105,168,15
16,s018,105,171,14
16,s018,105,170,19
16,s018,105,173,19
16,s018,105,172,7
16,s018,105,175,12
16,s018,105,174,4
16,s018,105,161,14
16,s018,105,160,13
16,s018,105,163,16
16,s018,105,162,3
16,s018,105,165,10
16,s018,105,164,9
16,s018,105,167,5
16,s018,105,166,5
16,s018,105,185,11
16,s018,105,184,5
16,s018,105,187,12
16,s018,105,186,7
16,s018,105,189,3
16,s018,105,188,7
16,s018,105,191,2
16,s018,105,190,4
16,s018,105,177,5
16,s018,105,176,9
16,s018,105,179,6
16,s018,105,178,2
16,s018,105,181,4
16,s018,105,180,3
16,s018,105,183,3
16,s018,105,182,3
16,s018,105,137,14
16,s018,105,136,9
16,s018,105,139,14
16,s018,105,138,7
16,s018,105,141,8
16,s018,105,140,6
16,s018,105,143,6
16,s018,105,142,5
16,s018,105,129,7
16,s018,105,128,6
16,s018,105,131,9
16,s018,105,130,4
16,s018,105,133,8
16,s018,105,132,2
16,s018,105,135,5
16,s018,105,134,1
16,s018,105,153,9
16,s018,105,152,5
16,s018,105,155,11
16,s018,105,154,8
16,s018,105,157,3
16,s018,105,156,3
16,s018,105,159,3
16,s018,105,158,2
16,s018,105,145,2
16,s018,105,144,7
16,s018,105,147,4
16,s018,105,146,5
16,s018,105,149,2
16,s018,105,148,4
16,s018,105,151,5
16,s018,105,150,2
16,s019,33,33,49
16,s019,33,32,32
16,s019,33,35,32
16,s019,33,34,24
16,s019,33,37,32
16,s019,33,36,14
16,s019,33,39,15
16,s019,33,38,13
16,s019,33,41,29
16,s019,33,40,21
16,s019,33,43,20
16,s019,33,42,20
16,s019,33,45,27
16,s019,33,44,6
16,s019,33,47,10
16,s019,33,46,11
16,s019,33,49,21
16,s019,33,48,15
16,s019,33,51,12
16,s019,33,50,10
16,s019,33,53,12
16,s019,33,52,9
16,s019,33,55,13
16,s019,33,54,5
16,s019,33,57,14
16,s019,33,56,11
16,s019,33,59,6
16,s019,33,58,9
16,s019,33,61,11
16,s019,33,60,11
16,s019,33,63,4
16,s019,33,62,5
16,s019,33,1,36
16,s019,33,0,20
16,s019,33,3,25
16,s019,33,2,18
16,s019,33,5,12
16,s019,33,4,16
16,s019,33,7,15
16,s019,33,6,11
16,s019,33,9,17
16,s019,33,8,13
16,s019,33,11,14
16,s019,33,10,6
16,s019,33,13,11
16,s019,33,12,4
16,s019,33,15,3
16,s019,33,14,5
16,s019,33,17,15
16,s019,33,16,9
16,s019,33,19,13
16,s019,33,18,6
16,s019,33,21,9
16,s019,33,20,5
16,s019,33,23,10
16,s019,33,22,4
16,s019,33,25,4
16,s019,33,24,7
16,s019,33,27,9
16,s019,33,26,6
16,s019,33,29,7
16,s019,33,28,6
16,s019,33,31,2
16,s019,33,30,1
16,s019,33,97,24
16,s019,33,96,21
16,s019,33,99,12
16,s019,33,98,16
16,s019,33,101,25
16,s019,33,100,23
16,s019,33,103,14
16,s019,33,102,12
16,s019,33,105,20
16,s019,33,104,14
16,s019,33,107,16
16,s019,33,106,8
16,s019,33,109,10
16,s019,33,108,7
16,s019,33,111,9
16,s019,33,110,4
16,s019,33,113,12
16,s019,33,112,12
16,s019,33,115,8
16,s019,33,114,12
16,s019,33,117,12
16,s019,33,116,4
16,s019,33,119,10
16,s019,33,118,11
16,s019,33,121,11
16,s019,33,120,6
16,s019,33,123,4
16,s019,33,122,7
16,s019,33,125,8
16,s019,33,124,3
16,s019,33,127,7
16,s019,33,126,3
16,s019,33,65,23
16,s019,33,64,13
16,s019,33,67,15
16,s019,33,66,12
16,s019,33,69,11
16,s019,33,68,3
16,s019,33,71,11
16,s019,33,70,6
16,s019,33,73,14
16,s019,33,72,8
16,s019,33,75,10
16,s019,33,74,6
16,s019,33,77,10
16,s019,33,76,7
16,s019,33,79,6
16,s019,33,78,5
16,s019,33,81,8
16,s019,33,80,10
16,s019,33,83,10
16,s019,33,82,9
16,s019,33,85,4
16,s019,33,84,5
16,s019,33,87,7
16,s019,33,86,3
16,s019,33,89,8
16,s019,33,88,4
16,s019,33,91,2
16,s019,33,90,3
16,s019,33,93,6
16,s019,33,92,4
16,s019,33,95,4
16,s019,33,94,6
16,s019,33,161,30
16,s019,33,160,30
16,s019,33,163,21
16,s019,33,162,18
16,s019,33,165,21
16,s019,33,164,13
16,s019,33,167,9
16,s019,33,166,9
16,s019,33,169,18
16,s019,33,168,16
16,s019,33,171,15
16,s019,33,170,6
16,s019,33,173,13
16,s019,33,172,4
16,s019,33,175,8
16,s019,33,174,8
16,s019,33,177,14
16,s019,33,176,11
16,s019,33,179,14
16,s019,33,178,12
16,s019,33,181,7
16,s019,33,180,8
16,s019,33,183,6
16,s019,33,182,8
16,s019,33,185,4
16,s019,33,184,12
16,s019,33,187,9
16,s019,33,186,7
16,s019,33,189,6
16,s019,33,188,5
16,s019,33,191,4
16,s019,33,190,1
16,s019,33,129,22
16,s019,33,128,19
16,s019,33,131,16
16,s019,33,130,13
16,s019,33,133,13
16,s019,33,132,9
16,s019,33,135,6
16,s019,33,134,4
16,s019,33,137,12
16,s019,33,136,7
16,s019,33,139,3
16,s019,33,138,7
16,s019,33,141,10
16,s019,33,140,9
16,s019,33,143,14
16,s019,33,142,10
16,s019,33,145,14
16,s019,33,144,7
16,s019,33,147,10
16,s019,33,146,7
16,s019,33,149,12
16,s019,33,148,7
16,s019,33,151,5
16,s019,33,150,4
16,s019,33,153,5
16,s019,33,152,7
16,s019,33,155,2
16,s019,33,154,5
16,s019,33,157,4
16,s019,33,156,3
16,s019,33,159,4
16,s019,33,158,6
16,s019,33,225,14
16,s019,33,224,18
16,s019,33,227,15
16,s019,33,226,14
16,s019,33,229,16
16,s019,33,228,12
16,s019,33,231,16
16,s019,33,230,7
16,s019,33,233,19
16,s019,33,232,10
16,s019,33,235,12
16,s019,33,234,12
16,s019,33,237,9
16,s019,33,236,5
16,s019,33,239,8
16,s019,33,238,5
16,s019,33,241,8
16,s019,33,240,6
16,s019,33,243,4
16,s019,33,242,6
16,s019,33,245,10
16,s019,33,244,7
16,s019,33,247,6
16,s019,33,246,5
16,s019,33,249,7
16,s019,33,248,5
16,s019,33,251,8
16,s019,33,250,6
16,s019,33,253,8
16,s019,33,252,5
16,s019,33,255,5
16,s019,33,254,3
16,s019,33,193,23
16,s019,33,192,10
16,s019,33,195,4
16,s019,33,194,11
16,s019,33,197,10
16,s019,33,196,5
16,s019,33,199,6
16,s019,33,198,3
16,s019,33,201,11
16,s019,33,200,7
16,s019,33,203,5
16,s019,33,202,5
16,s019,33,205,5
16,s019,33,204,4
16,s019,33,207,4
16,s019,33,206,6
16,s019,33,209,9
16,s019,33,208,3
16,s019,33,211,6
16,s019,33,210,8
16,s019,33,213,4
16,s019,33,212,2
16,s019,33,215,2
16,s019,33,214,2
16,s019,33,217,6
16,s019,33,216,4
16,s019,33,219,5
16,s019,33,218,5
16,s019,33,221,2
16,s019,33,220,9
16,s019,33,223,4
16,s019,33,222,5
16,s020,73,73,47
16,s020,73,72,32
16,s020,73,75,32
16,s020,73,74,28
16,s020,73,77,31
16,s020,73,76,33
16,s020,73,79,14
16,s020,73,78,13
16,s020,73,65,37
16,s020,73,64,26
16,s020,73,67,20
16,s020,73,66,11
16,s020,73,69,11
16,s020,73,68,14
16,s020,73,71,13
16,s020,73,70,10
16,s020,73,89,23
16,s020,73,88,15
16,s020,73,91,10
16,s020,73,90,12
16,s020,73,93,9
16,s020,73,92,7
16,s020,73,95,6
16,s020,73,94,5
16,s020,73,81,13
16,s020,73,80,13
16,s020,73,83,11
16,s020,73,82,9
16,s020,73,85,5
16,s020,73,84,6
16,s020,73,87,8
16,s020,73,86,6
16,s020,73,105,30
16,s020,73,104,18
16,s020,73,107,19
16,s020,73,106,14
16,s020,73,109,19
16,s020,73,108,14
16,s020,73,111,11
16,s020,73,110,11
16,s020,73,97,12
16,s020,73,96,19
16,s020,73,99,9
16,s020,73,98,11
16,s020,73,101,12
16,s020,73,100,9
16,s020,73,103,12
16,s020,73,102,5
16,s020,73,121,17
16,s020,73,120,9
16,s020,73,123,13
16,s020,73,122,5
16,s020,73,125,10
16,s020,73,124,4
16,s020,73,127,5
16,s020,73,126,3
16,s020,73,113,10
16,s020,73,112,9
16,s020,73,115,4
16,s020,73,114,2
16,s020,73,117,9
16,s020,73,116,1
16,s020,73,119,6
16,s020,73,118,4
16,s020,73,9,35
16,s020,73,8,18
16,s020,73,11,28
16,s020,73,10,15
16,s020,73,13,23
16,s020,73,12,13
16,s020,73,15,15
16,s020,73,14,12
16,s020,73,1,25
16,s020,73,0,10
16,s020,73,3,17
16,s020,73,2,9
16,s020,73,5,9
16,s020,73,4,8
16,s020,73,7,12
16,s020,73,6,8
16,s020,73,25,14
16,s020,73,24,10
16,s020,73,27,17
16,s020,73,26,6
16,s020,73,29,9
16,s020,73,28,3
16,s020,73,31,10
16,s020,73,30,5
16,s020,73,17,12
16,s020,73,16,9
16,s020,73,19,4
16,s020,73,18,12
16,s020,73,21,4
16,s020,73,20,4
16,s020,73,23,5
16,s020,73,22,4
16,s020,73,41,12
16,s020,73,40,16
16,s020,73,43,14
16,s020,73,42,14
16,s020,73,45,11
16,s020,73,44,13
16,s020,73,47,10
16,s020,73,46,8
16,s020,73,33,13
16,s020,73,32,10
16,s020,73,35,11
16,s020,73,34,14
16,s020,73,37,6
16,s020,73,36,6
16,s020,73,39,3
16,s020,73,38,9
16,s020,73,57,15
16,s020,73,56,7
16,s020,73,59,6
16,s020,73,58,10
16,s020,73,61,6
16,s020,73,60,2
16,s020,73,63,3
16,s020,73,62,3
16,s020,73,49,5
16,s020,73,48,4
16,s020,73,51,2
16,s020,73,50,1
16,s020,73,53,3
16,s020,73,52,6
16,s020,73,55,1
16,s020,73,54,4
16,s020,73,201,36
16,s020,73,200,19
16,s020,73,203,18
16,s020,73,202,15
16,s020,73,205,24
16,s020,73,204,13
16,s020,73,207,12
16,s020,73,206,13
16,s020,73,193,14
16,s020,73,192,22
16,s020,73,195,17
16,s020,73,194,8
16,s020,73,197,18
16,s020,73,196,13
16,s020,73,199,14
16,s020,73,198,8
16,s020,73,217,14
16,s020,73,216,11
16,s020,73,219,7
16,s020,73,218,10
16,s020,73,221,8
16,s020,73,220,6
16,s020,73,223,3
16,s020,73,222,3
16,s020,73,209,9
16,s020,73,208,9
16,s020,73,211,10
16,s020,73,210,3
16,s020,73,213,3
16,s020,73,212,4
16,s020,73,215,1
16,s020,73,214,3
16,s020,73,233,18
16,s020,73,232,17
16,s020,73,235,17
16,s020,73,234,9
16,s020,73,237,13
16,s020,73,236,17
16,s020,73,239,10
16,s020,73,238,7
16,s020,73,225,12
16,s020,73,224,11
16,s020,73,227,12
16,s020,73,226,7
16,s020,73,229,12
16,s020,73,228,4
16,s020,73,231,3
16,s020,73,230,3
16,s020,73,249,11
16,s020,73,248,9
16,s020,73,251,10
16,s020,73,250,2
16,s020,73,253,7
16,s020,73,252,3
16,s020,73,255,6
16,s020,73,254,2
16,s020,73,241,10
16,s020,73,240,4
16,s020,73,243,4
16,s020,73,242,2
16,s020,73,245,3
16,s020,73,244,4
16,s020,73,247,2
16,s020,73,246,4
16,s020,73,137,27
16,s020,73,136,17
16,s020,73,139,12
16,s020,73,138,15
16,s020,73,141,8
16,s020,73,140,12
16,s020,73,143,10
16,s020,73,142,5
16,s020,73,129,13
16,s020,73,128,18
16,s020,73,131,12
16,s020,73,130,8
16,s020,73,133,5
16,s020,73,132,9
16,s020,73,135,4
16,s020,73,134,3
16,s020,73,153,9
16,s020,73,152,10
16,s020,73,155,8
16,s020,73,154,6
16,s020,73,157,5
16,s020,73,156,3
16,s020,73,159,1
16,s020,73,158,5
16,s020,73,145,6
16,s020,73,144,4
16,s020,73,147,6
16,s020,73,146,8
16,s020,73,149,8
16,s020,73,148,2
16,s020,73,151,5
16,s020,73,150,1
16,s020,73,169,23
16,s020,73,168,13
16,s020,73,171,16
16,s020,73,170,9
16,s020,73,173,10
16,s020,73,172,6
16,s020,73,175,9
16,s020,73,174,5
16,s020,73,161,11
16,s020,73,160,5
16,s020,73,163,4
16,s020,73,162,2
16,s020,73,165,7
16,s020,73,164,1
16,s020,73,167,5
16,s020,73,166,3
16,s020,73,185,7
16,s020,73,184,3
16,s020,73,187,4
16,s020,73,186,7
16,s020,73,189,6
16,s020,73,188,2
16,s020,73,191,5
16,s020,73,190,3
16,s020,73,177,7
16,s020,73,179,4
16,s020,73,181,4
16,s020,73,180,1
16,s020,73,183,1
16,s020,73,182,2
16,s021,239,239,50
16,s021,239,238,27
16,s021,239,237,39
16,s021,239,236,23
16,s021,239,235,22
16,s021,239,234,19
16,s021,239,233,21
16,s021,239,232,17
16,s021,239,231,27
16,s021,239,230,15
16,s021,239,229,26
16,s021,239,228,19
16,s021,239,227,17
16,s021,239,226,10
16,s021,239,225,16
16,s021,239,224,14
16,s021,239,255,27
16,s021,239,254,16
16,s021,239,253,17
16,s021,239,252,9
16,s021,239,251,16
16,s021,239,250,12
16,s021,239,249,11
16,s021,239,248,10
16,s021,239,247,12
16,s021,239,246,11
16,s021,239,245,13
16,s021,239,244,2
16,s021,239,243,5
16,s021,239,242,6
16,s021,239,241,3
16,s021,239,240,3
16,s021,239,207,32
16,s021,239,206,17
16,s021,239,205,21
16,s021,239,204,17
16,s021,239,203,23
16,s021,239,202,22
16,s021,239,201,10
16,s021,239,200,9
16,s021,239,199,15
16,s021,239,198,17
16,s021,239,197,13
16,s021,239,196,10
16,s021,239,195,20
16,s021,239,194,10
16,s021,239,193,16
16,s021,239,192,1
16,s021,239,223,13
16,s021,239,222,8
16,s021,239,221,9
16,s021,239,220,3
16,s021,239,219,7
16,s021,239,218,4
16,s021,239,217,5
16,s021,239,216,5
16,s021,239,215,15
16,s021,239,214,11
16,s021,239,213,7
16,s021,239,212,8
16,s021,239,211,6
16,s021,239,210,8
16,s021,239,209,2
16,s021,239,208,4
16,s021,239,175,33
16,s021,239,174,21
16,s021,239,173,19
16,s021,239,172,14
16,s021,239,171,17
16,s021,239,170,14
16,s021,239,169,14
16,s021,239,168,8
16,s021,239,167,27
16,s021,239,166,15
16,s021,239,165,14
16,s021,239,164,12
16,s021,239,163,7
16,s021,239,162,7
16,s021,239,161,13
16,s021,239,160,6
16,s021,239,191,14
16,s021,239,190,8
16,s021,239,189,13
16,s021,239,188,8
16,s021,239,187,14
16,s021,239,186,4
16,s021,239,185,6
16,s021,239,184,6
16,s021,239,183,9
16,s021,239,182,11
16,s021,239,181,7
16,s021,239,180,3
16,s021,239,179,10
16,s021,239,178,3
16,s021,239,177,4
16,s021,239,176,6
16,s021,239,143,11
16,s021,239,142,6
16,s021,239,141,16
16,s021,239,140,9
16,s021,239,139,19
16,s021,239,138,5
16,s021,239,137,8
16,s021,239,136,7
16,s021,239,135,10
16,s021,239,134,4
16,s021,239,133,3
16,s021,239,132,6
16,s021,239,131,7
16,s021,239,130,6
16,s021,239,129,7
16,s021,239,128,2
16,s021,239,159,11
16,s021,239,158,13
16,s021,239,157,6
16,s021,239,156,4
16,s021,239,155,2
16,s021,239,154,7
16,s021,239,153,4
16,s021,239,152,4
16,s021,239,151,7
16,s021,239,150,5
16,s021,239,149,4
16,s021,239,148,2
16,s021,239,147,1
16,s021,239,146,6
16,s021,239,145,1
16,s021,239,144,1
16,s021,239,111,31
16,s021,239,110,23
16,s021,239,109,14
16,s021,239,108,21
16,s021,239,107,22
16,s021,239,106,16
16,s021,239,105,18
16,s021,239,104,5
16,s021,239,103,14
16,s021,239,102,16
16,s021,239,101,11
16,s021,239,100,7
16,s021,239,99,16
16,s021,239,98,10
16,s021,239,97,12
16,s021,239,96,6
16,s021,239,127,12
16,s021,239,126,11
16,s021,239,125,8
16,s021,239,124,9
16,s021,239,123,7
16,s021,239,122,10
16,s021,239,121,8
16,s021,239,120,2
16,s021,239,119,11
16,s021,239,118,5
16,s021,239,117,6
16,s021,239,116,4
16,s021,239,115,8
16,s021,239,114,3
16,s021,239,113,2
16,s021,239,112,2
16,s021,239,79,25
16,s021,239,78,16
16,s021,239,77,9
16,s021,239,76,7
16,s021,239,75,13
16,s021,239,74,8
16,s021,239,73,10
16,s021,239,72,4
16,s021,239,71,11
16,s021,239,70,5
16,s021,239,69,9
16,s021,239,68,9
16,s021,239,67,12
16,s021,239,66,7
16,s021,239,65,4
16,s021,239,64,4
16,s021,239,95,20
16,s021,239,94,7
16,s021,239,93,6
16,s021,239,92,6
16,s021,239,91,9
16,s021,239,90,6
16,s021,239,89,3
16,s021,239,88,2
16,s021,239,87,5
16,s021,239,86,4
16,s021,239,85,4
16,s021,239,84,3
16,s021,239,83,6
16,s021,239,82,7
16,s021,239,81,2
16,s021,239,80,4
16,s021,239,47,13
16,s021,239,46,12
16,s021,239,45,19
16,s021,239,44,13
16,s021,239,43,6
16,s021,239,42,9
16,s021,239,41,12
16,s021,239,40,7
16,s021,239,39,15
16,s021,239,38,16
16,s021,239,37,16
16,s021,239,36,10
16,s021,239,35,12
16,s021,239,34,3
16,s021,239,33,6
16,s021,239,32,7
16,s021,239,63,11
16,s021,239,62,9
16,s021,239,61,3
16,s021,239,60,8
16,s021,239,59,7
16,s021,239,58,9
16,s021,239,57,3
16,s021,239,55,8
16,s021,239,54,3
16,s021,239,53,1
16,s021,239,52,6
16,s021,239,51,6
16,s021,239,49,2
16,s021,239,48,2
16,s021,239,15,12
16,s021,239,14,9
16,s021,239,13,14
16,s021,239,12,8
16,s021,239,11,6
16,s021,239,10,4
16,s021,239,9,8
16,s021,239,8,4
16,s021,239,7,11
16,s021,239,6,9
16,s021,239,5,9
16,s021,239,4,5
16,s021,239,3,6
16,s021,239,2,5
16,s021,239,1,5
16,s021,239,0,4
16,s021,239,31,7
16,s021,239,30,4
16,s021,239,29,5
16,s021,239,28,1
16,s021,239,27,2
16,s021,239,26,1
16,s021,239,25,4
16,s021,239,24,2
16,s021,239,23,3
16,s021,239,22,4
16,s021,239,21,1
16,s021,239,19,2
16,s021,239,18,3
16,s021,239,17,1
16,s021,239,16,1
16,s022,174,174,48
16,s022,174,175,42
16,s022,174,172,31
16,s022,174,173,23
16,s022,174,170,30
16,s022,174,171,19
16,s022,174,168,23
16,s022,174,169,13
16,s022,174,166,24
16,s022,174,167,24
16,s022,174,164,27
16,s022,174,165,20
16,s022,174,162,15
16,s022,174,163,15
16,s022,174,160,14
16,s022,174,161,9
16,s022,174,190,24
16,s022,174,191,16
16,s022,174,188,16
16,s022,174,189,11
16,s022,174,186,11
16,s022,174,187,12
16,s022,174,184,12
16,s022,174,185,5
16,s022,174,182,15
16,s022,174,183,11
16,s022,174,180,11
16,s022,174,181,7
16,s022,174,178,7
16,s022,174,179,10
16,s022,174,176,6
16,s022,174,177,6
16,s022,174,142,30
16,s022,174,143,30
16,s022,174,140,22
16,s022,174,141,10
16,s022,174,138,20
16,s022,174,139,18
16,s022,174,136,11
16,s022,174,137,12
16,s022,174,134,25
16,s022,174,135,14
16,s022,174,132,12
16,s022,174,133,6
16,s022,174,130,11
16,s022,174,131,12
16,s022,174,128,6
16,s022,174,129,6
16,s022,174,158,17
16,s022,174,159,10
16,s022,174,156,5
16,s022,174,157,8
16,s022,174,154,9
16,s022,174,155,7
16,s022,174,152,5
16,s022,174,153,6
16,s022,174,150,6
16,s022,174,151,9
16,s022,174,148,6
16,s022,174,149,7
16,s022,174,146,8
16,s022,174,147,8
16,s022,174,144,3
16,s022,174,145,1
16,s022,174,238,25
16,s022,174,239,29
16,s022,174,236,25
16,s022,174,237,15
16,s022,174,234,17
16,s022,174,235,18
16,s022,174,232,13
16,s022,174,233,6
16,s022,174,230,26
16,s022,174,231,10
16,s022,174,228,9
16,s022,174,229,14
16,s022,174,226,14
16,s022,174,227,9
16,s022,174,224,7
16,s022,174,225,6
16,s022,174,254,14
16,s022,174,255,11
16,s022,174,252,8
16,s022,174,253,14
16,s022,174,250,10
16,s022,174,251,7
16,s022,174,248,6
16,s022,174,249,11
16,s022,174,246,7
16,s022,174,247,8
16,s022,174,244,6
16,s022,174,245,7
16,s022,174,242,6
16,s022,174,243,6
16,s022,174,240,7
16,s022,174,241,5
16,s022,174,206,27
16,s022,174,207,20
16,s022,174,204,11
16,s022,174,205,16
16,s022,174,202,18
16,s022,174,203,9
16,s022,174,200,8
16,s022,174,201,3
16,s022,174,198,10
16,s022,174,199,12
16,s022,174,196,9
16,s022,174,197,8
16,s022,174,194,9
16,s022,174,195,4
16,s022,174,192,4
16,s022,174,193,5
16,s022,174,222,14
16,s022,174,223,11
16,s022,174,220,7
16,s022,174,221,4
16,s022,174,218,6
16,s022,174,219,7
16,s022,174,216,7
16,s022,174,217,4
16,s022,174,214,5
16,s022,174,215,8
16,s022,174,212,5
16,s022,174,213,10
16,s022,174,210,5
16,s022,174,211,1
16,s022,174,208,4
16,s022,174,209,3
16,s022,174,46,33
16,s022,174,47,21
16,s022,174,44,23
16,s022,174,45,15
16,s022,174,42,8
16,s022,174,43,18
16,s022,174,40,18
16,s022,174,41,9
16,s022,174,38,26
16,s022,174,39,18
16,s022,174,36,6
16,s022,174,37,16
16,s022,174,34,13
16,s022,174,35,12
16,s022,174,32,10
16,s022,174,33,8
16,s022,174,62,19
16,s022,174,63,5
16,s022,174,60,7
16,s022,174,61,4
16,s022,174,58,7
16,s022,174,59,6
16,s022,174,56,10
16,s022,174,57,6
16,s022,174,54,9
16,s022,174,55,2
16,s022,174,52,6
16,s022,174,53,3
16,s022,174,50,7
16,s022,174,51,4
16,s022,174,48,4
16,s022,174,49,4
16,s022,174,14,15
16,s022,174,15,16
16,s022,174,12,14
16,s022,174,13,11
16,s022,174,10,11
16,s022,174,11,12
16,s022,174,8,8
16,s022,174,9,10
16,s022,174,6,14
16,s022,174,7,16
16,s022,174,4,11
16,s022,174,5,2
16,s022,174,2,10
16,s022,174,3,5
16,s022,174,0,6
16,s022,174,1,2
16,s022,174,30,7
16,s022,174,31,9
16,s022,174,28,7
16,s022,174,29,3
16,s022,174,26,6
16,s022,174,27,5
16,s022,174,24,8
16,s022,174,25,4
16,s022,174,22,4
16,s022,174,23,2
16,s022,174,20,9
16,s022,174,21,4
16,s022,174,18,5
16,s022,174,19,2
16,s022,174,16,3
16,s022,174,17,1
16,s022,174,110,27
16,s022,174,111,15
16,s022,174,108,19
16,s022,174,109,9
16,s022,174,106,9
16,s022,174,107,12
16,s022,174,104,16
16,s022,174,105,7
16,s022,174,102,15
16,s022,174,103,15
16,s022,174,100,12
16,s022,174,101,5
16,s022,174,98,9
16,s022,174,99,5
16,s022,174,96,8
16,s022,174,97,7
16,s022,174,126,13
16,s022,174,127,12
16,s022,174,124,7
16,s022,174,125,14
16,s022,174,122,4
16,s022,174,120,6
16,s022,174,121,4
16,s022,174,118,7
16,s022,174,119,5
16,s022,174,116,5
16,s022,174,117,6
16,s022,174,114,5
16,s022,174,115,8
16,s022,174,112,3
16,s022,174,113,2
16,s022,174,78,15
16,s022,174,79,12
16,s022,174,76,8
16,s022,174,77,5
16,s022,174,74,5
16,s022,174,75,6
16,s022,174,72,8
16,s022,174,73,3
16,s022,174,70,10
16,s022,174,71,7
16,s022,174,68,10
16,s022,174,69,9
16,s022,174,66,4
16,s022,174,67,2
16,s022,174,64,5
16,s022,174,65,5
16,s022,174,94,9
16,s022,174,95,8
16,s022,174,92,9
16,s022,174,93,3
16,s022,174,90,7
16,s022,174,91,3
16,s022,174,88,3
16,s022,174,89,3
16,s022,174,86,4
16,s022,174,87,3
16,s022,174,84,4
16,s022,174,82,1
16,s022,174,83,4
16,s022,174,80,3
16,s022,174,81,2
16,s023,221,221,62
16,s023,221,220,21
16,s023,221,223,28
16,s023,221,222,26
16,s023,221,217,30
16,s023,221,216,20
16,s023,221,219,25
16,s023,221,218,15
16,s023,221,213,32
16,s023,221,212,26
16,s023,221,215,19
16,s023,221,214,11
16,s023,221,209,23
16,s023,221,208,16
16,s023,221,211,15
16,s023,221,210,11
16,s023,221,205,14
16,s023,221,204,22
16,s023,221,207,17
16,s023,221,206,8
16,s023,221,201,5
16,s023,221,200,8
16,s023,221,203,6
16,s023,221,202,5
16,s023,221,197,10
16,s023,221,196,8
16,s023,221,199,13
16,s023,221,198,6
16,s023,221,193,3
16,s023,221,192,10
16,s023,221,195,9
16,s023,221,194,4
16,s023,221,253,34
16,s023,221,252,20
16,s023,221,255,19
16,s023,221,254,9
16,s023,221,249,25
16,s023,221,248,11
16,s023,221,251,12
16,s023,221,250,7
16,s023,221,245,12
16,s023,221,244,7
16,s023,221,247,18
16,s023,221,246,11
16,s023,221,241,7
16,s023,221,240,13
16,s023,221,243,8
16,s023,221,242,5
16,s023,221,237,13
16,s023,221,236,14
16,s023,221,239,13
16,s023,221,238,11
16,s023,221,233,10
16,s023,221,232,11
16,s023,221,235,5
16,s023,221,234,7
16,s023,221,229,12
16,s023,221,228,7
16,s023,221,231,7
16,s023,221,230,3
16,s023,221,225,6
16,s023,221,224,3
16,s023,221,227,2
16,s023,221,226,4
16,s023,221,157,22
16,s023,221,156,18
16,s023,221,159,22
16,s023,221,158,16
16,s023,221,153,14
16,s023,221,152,14
16,s023,221,155,19
16,s023,221,154,14
16,s023,221,149,23
16,s023,221,148,16
16,s023,221,151,16
16,s023,221,150,10
16,s023,221,145,13
16,s023,221,144,8
16,s023,221,147,13
16,s023,221,146,4
16,s023,221,141,15
16,s023,221,140,16
16,s023,221,143,14
16,s023,221,142,5
16,s023,221,137,6
16,s023,221,136,4
16,s023,221,139,10
16,s023,221,138,4
16,s023,221,133,9
16,s023,221,132,3
16,s023,221,135,10
16,s023,221,134,3
16,s023,221,129,8
16,s023,221,128,12
16,s023,221,131,4
16,s023,221,189,24
16,s023,221,188,10
16,s023,221,191,10
16,s023,221,190,15
16,s023,221,185,9
16,s023,221,184,15
16,s023,221,187,9
16,s023,221,186,15
16,s023,221,181,16
16,s023,221,180,9
16,s023,221,183,14
16,s023,221,182,5
16,s023,221,177,8
16,s023,221,176,3
16,s023,221,179,6
16,s023,221,178,6
16,s023,221,173,11
16,s023,221,172,8
16,s023,221,175,7
16,s023,221,174,6
16,s023,221,169,9
16,s023,221,168,7
16,s023,221,171,2
16,s023,221,170,2
16,s023,221,165,2
16,s023,221,164,2
16,s023,221,167,5
16,s023,221,166,3
16,s023,221,161,4
16,s023,221,160,2
16,s023,221,163,4
16,s023,221,162,3
16,s023,221,93,33
16,s023,221,92,24
16,s023,221,95,23
16,s023,221,94,11
16,s023,221,89,12
16,s023,221,88,12
16,s023,221,91,8
16,s023,221,90,11
16,s023,221,85,20
16,s023,221,84,20
16,s023,221,87,18
16,s023,221,86,14
16,s023,221,81,7
16,s023,221,80,15
16,s023,221,83,11
16,s023,221,82,7
16,s023,221,77,18
16,s023,221,76,7
16,s023,221,79,13
16,s023,221,78,9
16,s023,221,73,11
16,s023,221,72,9
16,s023,221,75,4
16,s023,221,74,3
16,s023,221,69,13
16,s023,221,68,10
16,s023,221,71,9
16,s023,221,70,5
16,s023,221,65,5
16,s023,221,64,1
16,s023,221,67,2
16,s023,221,66,4
16,s023,221,125,16
16,s023,221,124,15
16,s023,221,127,10
16,s023,221,126,13
16,s023,221,121,8
16,s023,221,120,9
16,s023,221,123,8
16,s023,221,122,3
16,s023,221,117,16
16,s023,221,116,8
16,s023,221,119,5
16,s023,221,118,8
16,s023,221,113,11
16,s023,221,112,13
16,s023,221,115,8
16,s023,221,114,6
16,s023,221,109,12
16,s023,221,108,10
16,s023,221,111,5
16,s023,221,110,5
16,s023,221,105,6
16,s023,221,104,1
16,s023,221,107,3
16,s023,221,106,3
16,s023,221,101,2
16,s023,221,100,3
16,s023,221,103,4
16,s023,221,102,4
16,s023,221,97,2
16,s023,221,96,3
16,s023,221,99,2
16,s023,221,98,3
16,s023,221,29,15
16,s023,221,28,19
16,s023,221,31,6
16,s023,221,30,15
16,s023,221,25,12
16,s023,221,24,10
16,s023,221,27,12
16,s023,221,26,8
16,s023,221,21,15
16,s023,221,20,11
16,s023,221,23,10
16,s023,221,22,8
16,s023,221,17,4
16,s023,221,16,5
16,s023,221,19,6
16,s023,221,18,4
16,s023,221,13,10
16,s023,221,12,7
16,s023,221,15,5
16,s023,221,14,5
16,s023,221,9,6
16,s023,221,8,9
16,s023,221,11,5
16,s023,221,10,3
16,s023,221,5,5
16,s023,221,4,3
16,s023,221,7,5
16,s023,221,6,5
16,s023,221,1,6
16,s023,221,0,2
16,s023,221,3,1
16,s023,221,2,6
16,s023,221,61,12
16,s023,221,60,14
16,s023,221,63,6
16,s023,221,62,9
16,s023,221,57,11
16,s023,221,56,8
16,s023,221,59,5
16,s023,221,58,5
16,s023,221,53,8
16,s023,221,52,9
16,s023,221,55,6
16,s023,221,54,7
16,s023,221,49,3
16,s023,221,48,5
16,s023,221,51,7
16,s023,221,50,3
16,s023,221,45,7
16,s023,221,44,8
16,s023,221,47,7
16,s023,221,46,1
16,s023,221,41,6
16,s023,221,40,4
16,s023,221,43,4
16,s023,221,42,2
16,s023,221,37,8
16,s023,221,36,3
16,s023,221,39,4
16,s023,221,38,6
16,s023,221,33,2
16,s023,221,32,2
16,s023,221,35,4
16,s023,221,34,6
16,s024,233,233,47
16,s024,233,232,36
16,s024,233,235,36
16,s024,233,234,23
16,s024,233,237,31
16,s024,233,236,24
16,s024,233,239,18
16,s024,233,238,16
16,s024,233,225,33
16,s024,233,224,19
16,s024,233,227,27
16,s024,233,226,17
16,s024,233,229,19
16,s024,233,228,16
16,s024,233,231,17
16,s024,233,230,20
16,s024,233,249,14
16,s024,233,248,17
16,s024,233,251,18
16,s024,233,250,12
16,s024,233,253,15
16,s024,233,252,11
16,s024,233,255,11
16,s024,233,254,9
16,s024,233,241,16
16,s024,233,240,9
16,s024,233,243,4
16,s024,233,242,11
16,s024,233,245,10
16,s024,233,244,9
16,s024,233,247,1
16,s024,233,246,5
16,s024,233,201,29
16,s024,233,200,17
16,s024,233,203,13
16,s024,233,202,15
16,s024,233,205,29
16,s024,233,204,12
16,s024,233,207,17
16,s024,233,206,16
16,s024,233,193,13
16,s024,233,192,14
16,s024,233,195,18
16,s024,233,194,10
16,s024,233,197,11
16,s024,233,196,6
16,s024,233,199,2
16,s024,233,198,9
16,s024,233,217,14
16,s024,233,216,12
16,s024,233,219,13
16,s024,233,218,3
16,s024,233,221,12
16,s024,233,220,3
16,s024,233,223,3
16,s024,233,222,4
16,s024,233,209,8
16,s024,233,208,8
16,s024,233,211,8
16,s024,233,210,4
16,s024,233,213,8
16,s024,233,212,3
16,s024,233,215,6
16,s024,233,214,3
16,s024,233,169,38
16,s024,233,168,31
16,s024,233,171,30
16,s024,233,170,18
16,s024,233,173,19
16,s024,233,172,15
16,s024,233,175,17
16,s024,233,174,18
16,s024,233,161,21
16,s024,233,160,17
16,s024,233,163,10
16,s024,233,162,14
16,s024,233,165,12
16,s024,233,164,7
16,s024,233,167,10
16,s024,233,166,6
16,s024,233,185,17
16,s024,233,184,12
16,s024,233,187,11
16,s024,233,186,13
16,s024,233,189,5
16,s024,233,188,13
16,s024,233,191,10
16,s024,233,190,3
16,s024,233,177,7
16,s024,233,176,9
16,s024,233,179,7
16,s024,233,178,7
16,s024,233,181,4
16,s024,233,180,6
16,s024,233,183,5
16,s024,233,182,3
16,s024,233,137,18
16,s024,233,136,16
16,s024,233,139,15
16,s024,233,138,9
16,s024,233,141,13
16,s024,233,140,5
16,s024,233,143,7
16,s024,233,142,4
16,s024,233,129,12
16,s024,233,128,12
16,s024,233,131,19
16,s024,233,130,5
16,s024,233,133,10
16,s024,233,132,7
16,s024,233,135,11
16,s024,233,134,7
16,s024,233,153,6
16,s024,233,152,6
16,s024,233,155,11
16,s024,233,154,6
16,s024,233,157,7
16,s024,233,156,3
16,s024,233,159,6
16,s024,233,158,5
16,s024,233,145,7
16,s024,233,144,8
16,s024,233,147,5
16,s024,233,146,2
16,s024,233,149,4
16,s024,233,148,5
16,s024,233,151,5
16,s024,233,150,3
16,s024,233,105,32
16,s024,233,104,33
16,s024,233,107,17
16,s024,233,106,17
16,s024,233,109,24
16,s024,233,108,14
16,s024,233,111,21
16,s024,233,110,12
16,s024,233,97,24
16,s024,233,96,11
16,s024,233,99,12
16,s024,233,98,11
16,s024,233,101,8
16,s024,233,100,10
16,s024,233,103,6
16,s024,233,102,5
16,s024,233,121,25
16,s024,233,120,16
16,s024,233,123,12
16,s024,233,122,7
16,s024,233,125,6
16,s024,233,124,5
16,s024,233,127,2
16,s024,233,126,6
16,s024,233,113,13
16,s024,233,112,6
16,s024,233,115,4
16,s024,233,114,6
16,s024,233,117,12
16,s024,233,116,4
16,s024,233,119,6
16,s024,233,118,4
16,s024,233,73,22
16,s024,233,72,15
16,s024,233,75,19
16,s024,233,74,14
16,s024,233,77,12
16,s024,233,76,6
16,s024,233,79,8
16,s024,233,78,6
16,s024,233,65,13
16,s024,233,64,12
16,s024,233,67,9
16,s024,233,66,14
16,s024,233,69,10
16,s024,233,68,7
16,s024,233,71,6
16,s024,233,70,6
16,s024,233,89,4
16,s024,233,88,14
16,s024,233,91,9
16,s024,233,90,4
16,s024,233,93,9
16,s024,233,92,4
16,s024,233,95,4
16,s024,233,94,3
16,s024,233,81,9
16,s024,233,80,2
16,s024,233,83,3
16,s024,233,82,8
16,s024,233,85,7
16,s024,233,84,4
16,s024,233,87,2
16,s024,233,86,3
16,s024,233,41,17
16,s024,233,40,15
16,s024,233,43,21
16,s024,233,42,10
16,s024,233,45,13
16,s024,233,44,16
16,s024,233,47,11
16,s024,233,46,11
16,s024,233,33,14
16,s024,233,32,10
16,s024,233,35,2
16,s024,233,34,6
16,s024,233,37,10
16,s024,233,36,11
16,s024,233,39,7
16,s024,233,38,7
16,s024,233,57,7
16,s024,233,56,8
16,s024,233,59,14
16,s024,233,58,4
16,s024,233,61,8
16,s024,233,60,1
16,s024,233,63,3
16,s024,233,62,3
16,s024,233,49,4
16,s024,233,48,7
16,s024,233,51,3
16,s024,233,50,4
16,s024,233,53,5
16,s024,233,52,3
16,s024,233,55,5
16,s024,233,54,3
16,s024,233,9,21
16,s024,233,8,11
16,s024,233,11,10
16,s024,233,10,15
16,s024,233,13,10
16,s024,233,12,6
16,s024,233,15,7
16,s024,233,14,6
16,s024,233,1,5
16,s024,233,0,8
16,s024,233,3,7
16,s024,233,2,3
16,s024,233,5,3
16,s024,233,4,3
16,s024,233,7,4
16,s024,233,6,4
16,s024,233,25,5
16,s024,233,24,3
16,s024,233,27,5
16,s024,233,26,1
16,s024,233,29,9
16,s024,233,28,3
16,s024,233,31,3
16,s024,233,30,2
16,s024,233,17,2
16,s024,233,16,6
16,s024,233,19,2
16,s024,233,18,5
16,s024,233,21,3
16,s024,233,20,2
16,s024,233,23,3
16,s024,233,22,2
16,s025,218,218,41
16,s025,218,219,36
16,s025,218,216,34
16,s025,218,217,19
16,s025,218,222,21
16,s025,218,223,22
16,s025,218,220,31
16,s025,218,221,15
16,s025,218,210,36
16,s025,218,211,20
16,s025,218,208,13
16,s025,218,209,15
16,s025,218,214,23
16,s025,218,215,8
16,s025,218,212,15
16,s025,218,213,8
16,s025,218,202,27
16,s025,218,203,11
16,s025,218,200,15
16,s025,218,201,9
16,s025,218,206,10
16,s025,218,207,10
16,s025,218,204,12
16,s025,218,205,5
16,s025,218,194,9
16,s025,218,195,9
16,s025,218,192,12
16,s025,218,193,5
16,s025,218,198,8
16,s025,218,199,7
16,s025,218,196,3
16,s025,218,197,5
16,s025,218,250,34
16,s025,218,251,21
16,s025,218,248,20
16,s025,218,249,18
16,s025,218,254,14
16,s025,218,255,12
16,s025,218,252,20
16,s025,218,253,7
16,s025,218,242,21
16,s025,218,243,16
16,s025,218,240,12
16,s025,218,241,10
16,s025,218,246,10
16,s025,218,247,13
16,s025,218,244,5
16,s025,218,245,4
16,s025,218,234,15
16,s025,218,235,13
16,s025,218,232,15
16,s025,218,233,9
16,s025,218,238,12
16,s025,218,239,7
16,s025,218,236,6
16,s025,218,237,2
16,s025,218,226,9
16,s025,218,227,7
16,s025,218,224,6
16,s025,218,225,4
16,s025,218,230,5
16,s025,218,231,6
16,s025,218,228,4
16,s025,218,229,2
16,s025,218,154,42
16,s025,218,155,29
16,s025,218,152,26
16,s025,218,153,12
16,s025,218,158,20
16,s025,218,159,13
16,s025,218,156,15
16,s025,218,157,16
16,s025,218,146,24
16,s025,218,147,21
16,s025,218,144,14
16,s025,218,145,13
16,s025,218,150,10
16,s025,218,151,13
16,s025,218,148,10
16,s025,218,149,5
16,s025,218,138,16
16,s025,218,139,13
16,s025,218,136,17
16,s025,218,137,8
16,s025,218,142,15
16,s025,218,143,5
16,s025,218,140,8
16,s025,218,141,13
16,s025,218,130,12
16,s025,218,131,4
16,s025,218,128,8
16,s025,218,129,5
16,s025,218,134,4
16,s025,218,135,7
16,s025,218,132,2
16,s025,218,133,4
16,s025,218,186,22
16,s025,218,187,14
16,s025,218,184,17
16,s025,218,185,12
16,s025,218,190,16
16,s025,218,191,14
16,s025,218,188,11
16,s025,218,189,7
16,s025,218,178,13
16,s025,218,179,17
16,s025,218,176,6
16,s025,218,177,6
16,s025,218,182,16
16,s025,218,183,9
16,s025,218,180,5
16,s025,218,181,1
16,s025,218,170,12
16,s025,218,171,7
16,s025,218,168,8
16,s025,218,169,3
16,s025,218,174,6
16,s025,218,175,3
16,s025,218,172,10
16,s025,218,173,5
16,s025,218,162,8
16,s025,218,163,8
16,s025,218,160,3
16,s025,218,161,2
16,s025,218,166,4
16,s025,218,167,4
16,s025,218,164,1
16,s025,218,165,3
16,s025,218,90,37
16,s025,218,91,23
16,s025,218,88,23
16,s025,218,89,23
16,s025,218,94,21
16,s025,218,95,22
16,s025,218,92,11
16,s025,218,93,15
16,s025,218,82,20
16,s025,218,83,19
16,s025,218,80,13
16,s025,218,81,10
16,s025,218,86,11
16,s025,218,87,8
16,s025,218,84,15
16,s025,218,85,6
16,s025,218,74,10
16,s025,218,75,16
16,s025,218,72,15
16,s025,218,73,7
16,s025,218,78,11
16,s025,218,79,9
16,s025,218,76,7
16,s025,218,77,3
16,s025,218,66,13
16,s025,218,67,6
16,s025,218,64,8
16,s025,218,65,10
16,s025,218,70,7
16,s025,218,71,6
16,s025,218,68,5
16,s025,218,69,6
16,s025,218,122,24
16,s025,218,123,31
16,s025,218,120,18
16,s025,218,121,13
16,s025,218,126,10
16,s025,218,127,12
16,s025,218,124,4
16,s025,218,125,4
16,s025,218,114,14
16,s025,218,115,5
16,s025,218,112,13
16,s025,218,113,4
16,s025,218,118,9
16,s025,218,119,7
16,s025,218,116,5
16,s025,218,117,10
16,s025,218,106,1
16,s025,218,107,9
16,s025,218,104,6
16,s025,218,105,9
16,s025,218,110,11
16,s025,218,111,4
16,s025,218,108,2
16,s025,218,109,3
16,s025,218,98,2
16,s025,218,99,7
16,s025,218,96,3
16,s025,218,97,3
16,s025,218,102,6
16,s025,218,103,5
16,s025,218,100,2
16,s025,218,101,2
16,s025,218,26,17
16,s025,218,27,22
16,s025,218,24,16
16,s025,218,25,10
16,s025,218,30,13
16,s025,218,31,6
16,s025,218,28,16
16,s025,218,29,6
16,s025,218,18,20
16,s025,218,19,11
16,s025,218,16,13
16,s025,218,17,9
16,s025,218,22,9
16,s025,218,23,14
16,s025,218,20,11
16,s025,218,21,9
16,s025,218,10,13
16,s025,218,11,7
16,s025,218,8,5
16,s025,218,9,6
16,s025,218,14,6
16,s025,218,15,1
16,s025,218,12,3
16,s025,218,13,4
16,s025,218,2,3
16,s025,218,3,6
16,s025,218,0,4
16,s025,218,1,5
16,s025,218,6,3
16,s025,218,7,2
16,s025,218,4,2
16,s025,218,5,3
16,s025,218,58,8
16,s025,218,59,8
16,s025,218,56,11
16,s025,218,57,11
16,s025,218,62,15
16,s025,218,63,7
16,s025,218,60,7
16,s025,218,61,5
16,s025,218,50,6
16,s025,218,51,8
16,s025,218,48,8
16,s025,218,49,5
16,s025,218,54,7
16,s025,218,55,3
16,s025,218,52,2
16,s025,218,53,5
16,s025,218,42,3
16,s025,218,43,5
16,s025,218,40,5
16,s025,218,41,9
16,s025,218,46,5
16,s025,218,47,5
16,s025,218,44,1
16,s025,218,45,3
16,s025,218,34,9
16,s025,218,35,5
16,s025,218,32,2
16,s025,218,33,1
16,s025,218,39,2
16,s025,218,36,1
16,s025,218,37,2
16,s026,131,131,49
16,s026,131,130,35
16,s026,131,129,34
16,s026,131,128,19
16,s026,131,135,29
16,s026,131,134,18
16,s026,131,133,19
16,s026,131,132,10
16,s026,131,139,33
16,s026,131,138,18
16,s026,131,137,25
16,s026,131,136,14
16,s026,131,143,19
16,s026,131,142,12
16,s026,131,141,18
16,s026,131,140,6
16,s026,131,147,25
16,s026,131,146,16
16,s026,131,145,22
16,s026,131,144,7
16,s026,131,151,13
16,s026,131,150,8
16,s026,131,149,12
16,s026,131,148,7
16,s026,131,155,10
16,s026,131,154,5
16,s026,131,153,8
16,s026,131,152,9
16,s026,131,159,10
16,s026,131,158,5
16,s026,131,157,3
16,s026,131,156,6
16,s026,131,163,18
16,s026,131,162,21
16,s026,131,161,20
16,s026,131,160,9
16,s026,131,167,27
16,s026,131,166,16
16,s026,131,165,11
16,s026,131,164,12
16,s026,131,171,13
16,s026,131,170,15
16,s026,131,169,14
16,s026,131,168,13
16,s026,131,175,16
16,s026,131,174,7
16,s026,131,173,9
16,s026,131,172,6
16,s026,131,179,14
16,s026,131,178,12
16,s026,131,177,8
16,s026,131,176,5
16,s026,131,183,7
16,s026,131,182,6
16,s026,131,181,7
16,s026,131,180,3
16,s026,131,187,5
16,s026,131,186,6
16,s026,131,185,9
16,s026,131,184,5
16,s026,131,191,5
16,s026,131,190,6
16,s026,131,189,3
16,s026,131,188,3
16,s026,131,195,34
16,s026,131,194,19
16,s026,131,193,17
16,s026,131,192,14
16,s026,131,199,15
16,s026,131,198,12
16,s026,131,197,16
16,s026,131,196,9
16,s026,131,203,15
16,s026,131,202,14
16,s026,131,201,14
16,s026,131,200,10
16,s026,131,207,16
16,s026,131,206,5
16,s026,131,205,13
16,s026,131,204,7
16,s026,131,211,15
16,s026,131,210,13
16,s026,131,209,9
16,s026,131,208,10
16,s026,131,215,13
16,s026,131,214,10
16,s026,131,213,8
16,s026,131,212,4
16,s026,131,219,10
16,s026,131,218,4
16,s026,131,217,3
16,s026,131,216,4
16,s026,131,223,10
16,s026,131,222,5
16,s026,131,221,1
16,s026,131,227,22
16,s026,131,226,19
16,s026,131,225,15
16,s026,131,224,12
16,s026,131,231,18
16,s026,131,230,7
16,s026,131,229,5
16,s026,131,228,3
16,s026,131,235,7
16,s026,131,234,9
16,s026,131,233,6
16,s026,131,232,10
16,s026,131,239,7
16,s026,131,238,9
16,s026,131,237,10
16,s026,131,236,2
16,s026,131,243,11
16,s026,131,242,7
16,s026,131,241,9
16,s026,131,240,4
16,s026,131,247,5
16,s026,131,246,2
16,s026,131,245,5
16,s026,131,244,7
16,s026,131,251,7
16,s026,131,250,1
16,s026,131,249,9
16,s026,131,248,3
16,s026,131,255,4
16,s026,131,253,7
16,s026,131,252,2
16,s026,131,3,31
16,s026,131,2,24
16,s026,131,1,16
16,s026,131,0,18
16,s026,131,7,20
16,s026,131,6,10
16,s026,131,5,14
16,s026,131,4,9
16,s026,131,11,24
16,s026,131,10,16
16,s026,131,9,16
16,s026,131,8,11
16,s026,131,15,13
16,s026,131,14,9
16,s026,131,13,6
16,s026,131,12,11
16,s026,131,19,12
16,s026,131,18,19
16,s026,131,17,9
16,s026,131,16,3
16,s026,131,23,7
16,s026,131,22,10
16,s026,131,21,7
16,s026,131,20,7
16,s026,131,27,18
16,s026,131,26,6
16,s026,131,25,9
16,s026,131,24,5
16,s026,131,31,7
16,s026,131,30,6
16,s026,131,29,3
16,s026,131,28,1
16,s026,131,35,19
16,s026,131,34,19
16,s026,131,33,12
16,s026,131,32,15
16,s026,131,39,8
16,s026,131,38,10
16,s026,131,37,2
16,s026,131,36,8
16,s026,131,43,12
16,s026,131,42,5
16,s026,131,41,5
16,s026,131,40,13
16,s026,131,47,14
16,s026,131,46,5
16,s026,131,45,5
16,s026,131,44,8
16,s026,131,51,8
16,s026,131,50,5
16,s026,131,49,9
16,s026,131,48,1
16,s026,131,55,5
16,s026,131,54,5
16,s026,131,53,3
16,s026,131,52,5
16,s026,131,59,7
16,s026,131,58,5
16,s026,131,57,2
16,s026,131,56,4
16,s026,131,63,5
16,s026,131,62,5
16,s026,131,61,2
16,s026,131,60,1
16,s026,131,67,25
16,s026,131,66,17
16,s026,131,65,16
16,s026,131,64,15
16,s026,131,71,16
16,s026,131,70,8
16,s026,131,69,12
16,s026,131,68,14
16,s026,131,75,13
16,s026,131,74,10
16,s026,131,73,14
16,s026,131,72,10
16,s026,131,79,6
16,s026,131,78,10
16,s026,131,77,6
16,s026,131,76,9
16,s026,131,83,9
16,s026,131,82,6
16,s026,131,81,5
16,s026,131,80,7
16,s026,131,87,7
16,s026,131,86,7
16,s026,131,85,6
16,s026,131,84,6
16,s026,131,91,7
16,s026,131,90,6
16,s026,131,89,5
16,s026,131,88,5
16,s026,131,95,3
16,s026,131,94,4
16,s026,131,93,4
16,s026,131,92,1
16,s026,131,99,16
16,s026,131,98,11
16,s026,131,97,12
16,s026,131,96,7
16,s026,131,103,6
16,s026,131,102,10
16,s026,131,101,7
16,s026,131,100,5
16,s026,131,107,18
16,s026,131,106,4
16,s026,131,105,11
16,s026,131,104,9
16,s026,131,111,6
16,s026,131,110,3
16,s026,131,109,9
16,s026,131,108,5
16,s026,131,115,6
16,s026,131,114,6
16,s026,131,113,6
16,s026,131,112,4
16,s026,131,119,5
16,s026,131,118,2
16,s026,131,117,1
16,s026,131,116,2
16,s026,131,123,5
16,s026,131,122,3
16,s026,131,121,7
16,s026,131,120,4
16,s026,131,127,6
16,s026,131,126,1
16,s026,131,125,2
16,s026,131,124,1
16,s027,105,105,48
16,s027,105,104,36
16,s027,105,107,32
16,s027,105,106,26
16,s027,105,109,27
16,s027,105,108,20
16,s027,105,111,23
16,s027,105,110,20
16,s027,105,97,26
16,s027,105,96,29
16,s027,105,99,23
16,s027,105,98,17
16,s027,105,101,21
16,s027,105,100,11
16,s027,105,103,8
16,s027,105,102,10
16,s027,105,121,26
16,s027,105,120,15
16,s027,105,123,12
16,s027,105,122,11
16,s027,105,125,9
16,s027,105,124,10
16,s027,105,127,6
16,s027,105,126,10
16,s027,105,113,14
16,s027,105,112,9
16,s027,105,115,9
16,s027,105,114,8
16,s027,105,117,9
16,s027,105,116,12
16,s027,105,119,5
16,s027,105,118,8
16,s027,105,73,28
16,s027,105,72,17
16,s027,105,75,21
16,s027,105,74,9
16,s027,105,77,18
16,s027,105,76,16
16,s027,105,79,15
16,s027,105,78,9
16,s027,105,65,22
16,s027,105,64,17
16,s027,105,67,12
16,s027,105,66,7
16,s027,105,69,15
16,s027,105,68,10
16,s027,105,71,9
16,s027,105,70,3
16,s027,105,89,10
16,s027,105,88,10
16,s027,105,91,8
16,s027,105,90,5
16,s027,105,93,9
16,s027,105,92,5
16,s027,105,95,12
16,s027,105,94,6
16,s027,105,81,16
16,s027,105,80,6
16,s027,105,83,8
16,s027,105,82,5
16,s027,105,85,7
16,s027,105,84,4
16,s027,105,87,2
16,s027,105,86,6
16,s027,105,41,29
16,s027,105,40,18
16,s027,105,43,22
16,s027,105,42,14
16,s027,105,45,14
16,s027,105,44,14
16,s027,105,47,13
16,s027,105,46,15
16,s027,105,33,23
16,s027,105,32,20
16,s027,105,35,18
16,s027,105,34,10
16,s027,105,37,11
16,s027,105,36,15
16,s027,105,39,14
16,s027,105,38,10
16,s027,105,57,18
16,s027,105,56,14
16,s027,105,59,9
16,s027,105,58,4
16,s027,105,61,6
16,s027,105,60,5
16,s027,105,63,3
16,s027,105,62,2
16,s027,105,49,15
16,s027,105,48,6
16,s027,105,51,5
16,s027,105,50,9
16,s027,105,53,2
16,s027,105,52,1
16,s027,105,55,3
16,s027,105,54,4
16,s027,105,9,21
16,s027,105,8,15
16,s027,105,11,20
16,s027,105,10,11
16,s027,105,13,11
16,s027,105,12,12
16,s027,105,15,9
16,s027,105,14,1
16,s027,105,1,18
16,s027,105,0,14
16,s027,105,3,9
16,s027,105,2,9
16,s027,105,5,8
16,s027,105,4,6
16,s027,105,7,6
16,s027,105,6,6
16,s027,105,25,10
16,s027,105,24,9
16,s027,105,27,8
16,s027,105,26,5
16,s027,105,29,3
16,s027,105,28,7
16,s027,105,31,7
16,s027,105,30,6
16,s027,105,17,5
16,s027,105,16,4
16,s027,105,19,4
16,s027,105,18,2
16,s027,105,21,8
16,s027,105,20,3
16,s027,105,23,4
16,s027,105,22,3
16,s027,105,233,30
16,s027,105,232,25
16,s027,105,235,24
16,s027,105,234,14
16,s027,105,237,25
16,s027,105,236,22
16,s027,105,239,13
16,s027,105,238,12
16,s027,105,225,22
16,s027,105,224,11
16,s027,105,227,16
16,s027,105,226,10
16,s027,105,229,12
16,s027,105,228,11
16,s027,105,231,7
16,s027,105,230,11
16,s027,105,249,21
16,s027,105,248,7
16,s027,105,251,10
16,s027,105,250,9
16,s027,105,253,12
16,s027,105,252,8
16,s027,105,255,2
16,s027,105,254,3
16,s027,105,241,13
16,s027,105,240,3
16,s027,105,243,4
16,s027,105,242,5
16,s027,105,245,3
16,s027,105,244,7
16,s027,105,247,3
16,s027,105,246,3
16,s027,105,201,21
16,s027,105,200,18
16,s027,105,203,11
16,s027,105,202,6
16,s027,105,205,18
16,s027,105,204,15
16,s027,105,207,4
16,s027,105,206,6
16,s027,105,193,8
16,s027,105,192,11
16,s027,105,195,8
16,s027,105,194,8
16,s027,105,197,8
16,s027,105,196,6
16,s027,105,199,3
16,s027,105,198,3
16,s027,105,217,6
16,s027,105,216,7
16,s027,105,219,3
16,s027,105,218,5
16,s027,105,221,7
16,s027,105,220,3
16,s027,105,223,4
16,s027,105,222,4
16,s027,105,209,6
16,s027,105,208,5
16,s027,105,211,5
16,s027,105,210,4
16,s027,105,213,7
16,s027,105,212,5
16,s027,105,215,7
16,s027,105,214,3
16,s027,105,169,22
16,s027,105,168,21
16,s027,105,171,20
16,s027,105,170,15
16,s027,105,173,23
16,s027,105,172,14
16,s027,105,175,8
16,s027,105,174,6
16,s027,105,161,17
16,s027,105,160,15
16,s027,105,163,13
16,s027,105,162,7
16,s027,105,165,13
16,s027,105,164,14
16,s027,105,167,4
16,s027,105,166,6
16,s027,105,185,13
16,s027,105,184,7
16,s027,105,187,3
16,s027,105,186,7
16,s027,105,189,7
16,s027,105,188,3
16,s027,105,191,1
16,s027,105,190,6
16,s027,105,177,3
16,s027,105,176,8
16,s027,105,179,3
16,s027,105,178,2
16,s027,105,181,5
16,s027,105,180,1
16,s027,105,183,5
16,s027,105,182,2
16,s027,105,137,20
16,s027,105,136,15
16,s027,105,139,10
16,s027,105,138,8
16,s027,105,141,9
16,s027,105,140,3
16,s027,105,143,8
16,s027,105,142,6
16,s027,105,129,10
16,s027,105,128,7
16,s027,105,131,6
16,s027,105,130,4
16,s027,105,133,3
16,s027,105,132,6
16,s027,105,135,2
16,s027,105,134,2
16,s027,105,153,6
16,s027,105,152,7
16,s027,105,155,5
16,s027,105,154,6
16,s027,105,157,5
16,s027,105,156,4
16,s027,105,159,3
16,s027,105,158,5
16,s027,105,145,7
16,s027,105,144,3
16,s027,105,147,1
16,s027,105,146,4
16,s027,105,149,4
16,s027,105,148,4
16,s027,105,151,1
16,s027,105,150,2
16,s028,39,39,48
16,s028,39,38,29
16,s028,39,37,33
16,s028,39,36,27
16,s028,39,35,25
16,s028,39,34,16
16,s028,39,33,13
16,s028,39,32,15
16,s028,39,47,41
16,s028,39,46,31
16,s028,39,45,20
16,s028,39,44,12
16,s028,39,43,17
16,s028,39,42,15
16,s028,39,41,11
16,s028,39,40,11
16,s028,39,55,28
16,s028,39,54,12
16,s028,39,53,19
16,s028,39,52,19
16,s028,39,51,9
16,s028,39,50,9
16,s028,39,49,10
16,s028,39,48,8
16,s028,39,63,20
16,s028,39,62,14
16,s028,39,61,13
16,s028,39,60,7
16,s028,39,59,15
16,s028,39,58,5
16,s028,39,57,9
16,s028,39,56,5
16,s028,39,7,29
16,s028,39,6,26
16,s028,39,5,19
16,s028,39,4,10
16,s028,39,3,21
16,s028,39,2,10
16,s028,39,1,11
16,s028,39,0,8
16,s028,39,15,23
16,s028,39,14,15
16,s028,39,13,22
16,s028,39,12,13
16,s028,39,11,12
16,s028,39,10,10
16,s028,39,9,13
16,s028,39,8,6
16,s028,39,23,13
16,s028,39,22,12
16,s028,39,21,3
16,s028,39,20,4
16,s028,39,19,8
16,s028,39,18,10
16,s028,39,17,10
16,s028,39,16,3
16,s028,39,31,5
16,s028,39,30,5
16,s028,39,29,6
16,s028,39,28,1
16,s028,39,27,5
16,s028,39,26,6
16,s028,39,25,5
16,s028,39,24,4
16,s028,39,103,41
16,s028,39,102,32
16,s028,39,101,33
16,s028,39,100,19
16,s028,39,99,18
16,s028,39,98,9
16,s028,39,97,20
16,s028,39,96,10
16,s028,39,111,21
16,s028,39,110,16
16,s028,39,109,21
16,s028,39,108,15
16,s028,39,107,21
16,s028,39,106,6
16,s028,39,105,14
16,s028,39,104,3
16,s028,39,119,10
16,s028,39,118,15
16,s028,39,117,15
16,s028,39,116,2
16,s028,39,115,9
16,s028,39,114,9
16,s028,39,113,10
16,s028,39,112,8
16,s028,39,127,10
16,s028,39,126,8
16,s028,39,125,7
16,s028,39,124,6
16,s028,39,123,5
16,s028,39,122,2
16,s028,39,121,7
16,s028,39,120,1
16,s028,39,71,19
16,s028,39,70,19
16,s028,39,69,15
16,s028,39,68,7
16,s028,39,67,13
16,s028,39,66,8
16,s028,39,65,11
16,s028,39,64,10
16,s028,39,79,12
16,s028,39,78,12
16,s028,39,77,11
16,s028,39,76,7
16,s028,39,75,13
16,s028,39,74,2
16,s028,39,73,2
16,s028,39,72,4
16,s028,39,87,12
16,s028,39,86,7
16,s028,39,85,10
16,s028,39,84,3
16,s028,39,83,5
16,s028,39,82,6
16,s028,39,81,4
16,s028,39,80,3
16,s028,39,95,7
16,s028,39,94,7
16,s028,39,93,7
16,s028,39,92,1
16,s028,39,91,2
16,s028,39,90,2
16,s028,39,89,3
16,s028,39,88,2
16,s028,39,167,30
16,s028,39,166,22
16,s028,39,165,23
16,s028,39,164,13
16,s028,39,163,22
16,s028,39,162,14
16,s028,39,161,16
16,s028,39,160,10
16,s028,39,175,13
16,s028,39,174,16
16,s028,39,173,19
16,s028,39,172,8
16,s028,39,171,13
16,s028,39,170,10
16,s028,39,169,8
16,s028,39,168,7
16,s028,39,183,19
16,s028,39,182,12
16,s028,39,181,9
16,s028,39,180,8
16,s028,39,179,9
16,s028,39,178,11
16,s028,39,177,10
16,s028,39,176,6
16,s028,39,191,11
16,s028,39,190,10
16,s028,39,189,10
16,s028,39,188,6
16,s028,39,187,8
16,s028,39,186,2
16,s028,39,185,7
16,s028,39,184,6
16,s028,39,135,16
16,s028,39,134,17
16,s028,39,133,16
16,s028,39,132,9
16,s028,39,131,12
16,s028,39,130,18
16,s028,39,129,11
16,s028,39,128,5
16,s028,39,143,11
16,s028,39,142,13
16,s028,39,141,7
16,s028,39,140,9
16,s028,39,139,7
16,s028,39,138,7
16,s028,39,137,10
16,s028,39,136,3
16,s028,39,151,10
16,s028,39,150,9
16,s028,39,149,5
16,s028,39,148,4
16,s028,39,147,5
16,s028,39,146,8
16,s028,39,145,3
16,s028,39,144,7
16,s028,39,159,6
16,s028,39,158,10
16,s028,39,157,5
16,s028,39,156,4
16,s028,39,155,2
16,s028,39,154,5
16,s028,39,153,5
16,s028,39,152,1
16,s028,39,231,18
16,s028,39,230,21
16,s028,39,229,18
16,s028,39,228,14
16,s028,39,227,14
16,s028,39,226,14
16,s028,39,225,9
16,s028,39,224,10
16,s028,39,239,23
16,s028,39,238,14
16,s028,39,237,11
16,s028,39,236,13
16,s028,39,235,13
16,s028,39,234,9
16,s028,39,233,8
16,s028,39,232,5
16,s028,39,247,6
16,s028,39,246,11
16,s028,39,245,6
16,s028,39,244,7
16,s028,39,243,9
16,s028,39,242,4
16,s028,39,241,3
16,s028,39,240,5
16,s028,39,255,6
16,s028,39,254,5
16,s028,39,253,6
16,s028,39,252,4
16,s028,39,251,6
16,s028,39,250,1
16,s028,39,249,2
16,s028,39,248,1
16,s028,39,199,12
16,s028,39,198,16
16,s028,39,197,8
16,s028,39,196,10
16,s028,39,195,9
16,s028,39,194,13
16,s028,39,193,6
16,s028,39,192,9
16,s028,39,207,8
16,s028,39,206,5
16,s028,39,205,6
16,s028,39,204,7
16,s028,39,203,6
16,s028,39,202,6
16,s028,39,201,6
16,s028,39,200,7
16,s028,39,215,7
16,s028,39,214,3
16,s028,39,213,5
16,s028,39,212,4
16,s028,39,211,4
16,s028,39,210,1
16,s028,39,209,8
16,s028,39,208,2
16,s028,39,223,6
16,s028,39,222,2
16,s028,39,221,3
16,s028,39,220,4
16,s028,39,219,7
16,s028,39,218,1
16,s028,39,217,2
16,s028,39,216,1
16,s029,222,222,52
16,s029,222,223,34
16,s029,222,220,40
16,s029,222,221,23
16,s029,222,218,31
16,s029,222,219,17
16,s029,222,216,25
16,s029,222,217,18
16,s029,222,214,28
16,s029,222,215,26
16,s029,222,212,21
16,s029,222,213,21
16,s029,222,210,16
16,s029,222,211,12
16,s029,222,208,10
16,s029,222,209,12
16,s029,222,206,22
16,s029,222,207,13
16,s029,222,204,14
16,s029,222,205,13
16,s029,222,202,16
16,s029,222,203,14
16,s029,222,200,9
16,s029,222,201,7
16,s029,222,198,9
16,s029,222,199,5
16,s029,222,196,13
16,s029,222,197,7
16,s029,222,194,6
16,s029,222,195,7
16,s029,222,192,8
16,s029,222,193,9
16,s029,222,254,38
16,s029,222,255,24
16,s029,222,252,22
16,s029,222,253,17
16,s029,222,250,13
16,s029,222,251,9
16,s029,222,248,13
16,s029,222,249,12
16,s029,222,246,20
16,s029,222,247,13
16,s029,222,244,11
16,s029,222,245,5
16,s029,222,242,16
16,s029,222,243,16
16,s029,222,240,7
16,s029,222,241,11
16,s029,222,238,11
16,s029,222,239,6
16,s029,222,236,15
16,s029,222,237,7
16,s029,222,234,12
16,s029,222,235,8
16,s029,222,232,1
16,s029,222,233,4
16,s029,222,230,6
16,s029,222,231,6
16,s029,222,228,7
16,s029,222,229,9
16,s029,222,226,9
16,s029,222,227,10
16,s029,222,224,5
16,s029,222,225,4
16,s029,222,158,31
16,s029,222,159,21
16,s029,222,156,25
16,s029,222,157,29
16,s029,222,154,21
16,s029,222,155,15
16,s029,222,152,19
16,s029,222,153,10
16,s029,222,150,23
16,s029,222,151,10
16,s029,222,148,15
16,s029,222,149,17
16,s029,222,146,14
16,s029,222,147,12
16,s029,222,144,9
16,s029,222,145,5
16,s029,222,142,19
16,s029,222,143,16
16,s029,222,140,11
16,s029,222,141,6
16,s029,222,138,5
16,s029,222,139,8
16,s029,222,136,6
16,s029,222,137,8
16,s029,222,134,10
16,s029,222,135,6
16,s029,222,132,9
16,s029,222,133,3
16,s029,222,130,1
16,s029,222,131,5
16,s029,222,128,5
16,s029,222,129,4
16,s029,222,190,19
16,s029,222,191,22
16,s029,222,188,15
16,s029,222,189,9
16,s029,222,186,8
16,s029,222,187,10
16,s029,222,184,10
16,s029,222,185,11
16,s029,222,182,15
16,s029,222,183,9
16,s029,222,180,12
16,s029,222,181,10
16,s029,222,178,9
16,s029,222,179,5
16,s029,222,176,5
16,s029,222,177,3
16,s029,222,174,11
16,s029,222,175,7
16,s029,222,172,6
16,s029,222,173,8
16,s029,222,170,10
16,s029,222,171,7
16,s029,222,168,6
16,s029,222,169,7
16,s029,222,166,4
16,s029,222,167,5
16,s029,222,164,5
16,s029,222,165,4
16,s029,222,162,4
16,s029,222,163,5
16,s029,222,160,6
16,s029,222,161,2
16,s029,222,94,31
16,s029,222,95,17
16,s029,222,92,18
16,s029,222,93,16
16,s029,222,90,23
16,s029,222,91,14
16,s029,222,88,13
16,s029,222,89,10
16,s029,222,86,23
16,s029,222,87,17
16,s029,222,84,18
16,s029,222,85,5
16,s029,222,82,14
16,s029,222,83,6
16,s029,222,80,13
16,s029,222,81,7
16,s029,222,78,11
16,s029,222,79,16
16,s029,222,76,7
16,s029,222,77,8
16,s029,222,74,4
16,s029,222,75,5
16,s029,222,72,3
16,s029,222,73,2
16,s029,222,70,7
16,s029,222,71,12
16,s029,222,68,4
16,s029,222,69,8
16,s029,222,66,6
16,s029,222,67,2
16,s029,222,64,3
16,s029,222,65,8
16,s029,222,126,19
16,s029,222,127,20
16,s029,222,124,15
16,s029,222,125,15
16,s029,222,122,11
16,s029,222,123,14
16,s029,222,120,10
16,s029,222,121,4
16,s029,222,118,14
16,s029,222,119,14
16,s029,222,116,9
16,s029,222,117,5
16,s029,222,114,10
16,s029,222,115,3
16,s029,222,112,8
16,s029,222,113,3
16,s029,222,110,10
16,s029,222,111,8
16,s029,222,108,7
16,s029,222,109,8
16,s029,222,106,5
16,s029,222,107,5
16,s029,222,104,2
16,s029,222,105,5
16,s029,222,102,4
16,s029,222,103,8
16,s029,222,100,5
16,s029,222,101,5
16,s029,222,98,4
16,s029,222,99,2
16,s029,222,96,2
16,s029,222,97,3
16,s029,222,30,24
16,s029,222,31,14
16,s029,222,28,12
16,s029,222,29,9
16,s029,222,26,13
16,s029,222,27,15
16,s029,222,24,9
16,s029,222,25,7
16,s029,222,22,19
16,s029,222,23,13
16,s029,222,20,9
16,s029,222,21,2
16,s029,222,18,7
16,s029,222,19,7
16,s029,222,16,4
16,s029,222,17,4
16,s029,222,14,14
16,s029,222,15,8
16,s029,222,12,10
16,s029,222,13,9
16,s029,222,10,7
16,s029,222,11,7
16,s029,222,8,4
16,s029,222,9,5
16,s029,222,6,3
16,s029,222,7,2
16,s029,222,4,9
16,s029,222,5,5
16,s029,222,2,5
16,s029,222,3,1
16,s029,222,0,3
16,s029,222,1,6
16,s029,222,62,18
16,s029,222,63,9
16,s029,222,60,10
16,s029,222,61,14
16,s029,222,58,5
16,s029,222,59,12
16,s029,222,56,8
16,s029,222,57,4
16,s029,222,54,14
16,s029,222,55,10
16,s029,222,52,14
16,s029,222,53,7
16,s029,222,50,8
16,s029,222,51,6
16,s029,222,48,7
16,s029,222,49,3
16,s029,222,46,4
16,s029,222,47,11
16,s029,222,44,9
16,s029,222,45,2
16,s029,222,42,2
16,s029,222,43,4
16,s029,222,40,3
16,s029,222,41,8
16,s029,222,38,3
16,s029,222,39,4
16,s029,222,36,2
16,s029,222,37,5
16,s029,222,35,3
16,s029,222,32,4
16,s029,222,33,2
16,s030,196,196,42
16,s030,196,197,42
16,s030,196,198,38
16,s030,196,199,20
16,s030,196,192,25
16,s030,196,193,24
16,s030,196,194,26
16,s030,196,195,15
16,s030,196,204,28
16,s030,196,205,15
16,s030,196,206,21
16,s030,196,207,13
16,s030,196,200,22
16,s030,196,201,13
16,s030,196,202,12
16,s030,196,203,13
16,s030,196,212,18
16,s030,196,213,18
16,s030,196,214,12
16,s030,196,215,12
16,s030,196,208,19
16,s030,196,209,7
16,s030,196,210,9
16,s030,196,211,9
16,s030,196,220,14
16,s030,196,221,8
16,s030,196,222,7
16,s030,196,223,8
16,s030,196,216,6
16,s030,196,217,9
16,s030,196,218,8
16,s030,196,219,4
16,s030,196,228,30
16,s030,196,229,28
16,s030,196,230,16
16,s030,196,231,16
16,s030,196,224,21
16,s030,196,225,19
16,s030,196,226,18
16,s030,196,227,11
16,s030,196,236,21
16,s030,196,237,13
16,s030,196,238,15
16,s030,196,239,7
16,s030,196,232,13
16,s030,196,233,6
16,s030,196,234,8
16,s030,196,235,7
16,s030,196,244,21
16,s030,196,245,10
16,s030,196,246,12
16,s030,196,247,7
16,s030,196,240,8
16,s030,196,241,9
16,s030,196,242,4
16,s030,196,243,7
16,s030,196,252,8
16,s030,196,253,4
16,s030,196,254,6
16,s030,196,255,2
16,s030,196,248,9
16,s030,196,249,2
16,s030,196,250,4
16,s030,196,251,4
16,s030,196,132,31
16,s030,196,133,22
16,s030,196,134,19
16,s030,196,135,20
16,s030,196,128,18
16,s030,196,129,16
16,s030,196,130,12
16,s030,196,131,17
16,s030,196,140,27
16,s030,196,141,7
16,s030,196,142,18
16,s030,196,143,11
16,s030,196,136,14
16,s030,196,137,8
16,s030,196,138,11
16,s030,196,139,7
16,s030,196,148,14
16,s030,196,149,9
16,s030,196,150,12
16,s030,196,151,11
16,s030,196,144,8
16,s030,196,145,8
16,s030,196,146,7
16,s030,196,147,4
16,s030,196,156,14
16,s030,196,157,8
16,s030,196,158,4
16,s030,196,159,6
16,s030,196,152,9
16,s030,196,153,7
16,s030,196,154,9
16,s030,196,155,3
16,s030,196,164,26
16,s030,196,165,14
16,s030,196,166,22
16,s030,196,167,10
16,s030,196,160,22
16,s030,196,161,9
16,s030,196,162,7
16,s030,196,163,7
16,s030,196,172,7
16,s030,196,173,10
16,s030,196,174,19
16,s030,196,175,9
16,s030,196,168,10
16,s030,196,169,7
16,s030,196,170,6
16,s030,196,171,3
16,s030,196,180,10
16,s030,196,181,7
16,s030,196,182,10
16,s030,196,183,6
16,s030,196,176,6
16,s030,196,177,5
16,s030,196,178,7
16,s030,196,179,3
16,s030,196,188,4
16,s030,196,189,8
16,s030,196,190,4
16,s030,196,191,5
16,s030,196,184,6
16,s030,196,185,1
16,s030,196,186,2
16,s030,196,187,4
16,s030,196,68,42
16,s030,196,69,26
16,s030,196,70,23
16,s030,196,71,22
16,s030,196,64,20
16,s030,196,65,22
16,s030,196,66,11
16,s030,196,67,9
16,s030,196,76,27
16,s030,196,77,18
16,s030,196,78,9
16,s030,196,79,12
16,s030,196,72,11
16,s030,196,73,5
16,s030,196,74,10
16,s030,196,75,4
16,s030,196,84,19
16,s030,196,85,22
16,s030,196,86,9
16,s030,196,87,15
16,s030,196,80,9
16,s030,196,81,9
16,s030,196,82,4
16,s030,196,83,6
16,s030,196,92,12
16,s030,196,93,8
16,s030,196,94,1
16,s030,196,95,5
16,s030,196,88,9
16,s030,196,89,2
16,s030,196,90,10
16,s030,196,91,1
16,s030,196,100,23
16,s030,196,101,21
16,s030,196,102,16
16,s030,196,103,10
16,s030,196,96,13
16,s030,196,97,11
16,s030,196,98,6
16,s030,196,99,11
16,s030,196,108,8
16,s030,196,109,8
16,s030,196,110,11
16,s030,196,111,16
16,s030,196,104,6
16,s030,196,105,8
16,s030,196,106,6
16,s030,196,107,5
16,s030,196,116,6
16,s030,196,117,9
16,s030,196,118,14
16,s030,196,119,6
16,s030,196,112,7
16,s030,196,113,5
16,s030,196,114,7
16,s030,196,115,5
16,s030,196,124,4
16,s030,196,125,2
16,s030,196,126,1
16,s030,196,127,5
16,s030,196,120,5
16,s030,196,121,2
16,s030,196,122,5
16,s030,196,123,4
16,s030,196,4,20
16,s030,196,5,23
16,s030,196,6,25
16,s030,196,7,11
16,s030,196,0,11
16,s030,196,1,10
16,s030,196,2,8
16,s030,196,3,7
16,s030,196,12,19
16,s030,196,13,9
16,s030,196,14,16
16,s030,196,15,9
16,s030,196,8,8
16,s030,196,9,4
16,s030,196,10,5
16,s030,196,11,3
16,s030,196,20,10
16,s030,196,21,7
16,s030,196,22,9
16,s030,196,23,8
16,s030,196,16,5
16,s030,196,17,6
16,s030,196,18,2
16,s030,196,19,5
16,s030,196,28,8
16,s030,196,29,4
16,s030,196,30,3
16,s030,196,31,4
16,s030,196,24,1
16,s030,196,25,4
16,s030,196,26,5
16,s030,196,27,3
16,s030,196,36,13
16,s030,196,37,10
16,s030,196,38,14
16,s030,196,39,7
16,s030,196,32,12
16,s030,196,33,5
16,s030,196,34,8
16,s030,196,35,10
16,s030,196,44,5
16,s030,196,45,14
16,s030,196,46,9
16,s030,196,47,5
16,s030,196,40,12
16,s030,196,41,7
16,s030,196,42,4
16,s030,196,43,7
16,s030,196,52,5
16,s030,196,53,6
16,s030,196,54,6
16,s030,196,55,10
16,s030,196,48,5
16,s030,196,49,3
16,s030,196,50,3
16,s030,196,51,3
16,s030,196,60,5
16,s030,196,61,3
16,s030,196,62,5
16,s030,196,63,4
16,s030,196,56,4
16,s030,196,57,5
16,s030,196,59,1
16,s031,164,164,56
16,s031,164,165,39
16,s031,164,166,42
16,s031,164,167,24
16,s031,164,160,32
16,s031,164,161,21
16,s031,164,162,21
16,s031,164,163,13
16,s031,164,172,28
16,s031,164,173,22
16,s031,164,174,17
16,s031,164,175,17
16,s031,164,168,28
16,s031,164,169,11
16,s031,164,170,12
16,s031,164,171,9
16,s031,164,180,14
16,s031,164,181,13
16,s031,164,182,16
16,s031,164,183,5
16,s031,164,176,18
16,s031,164,177,13
16,s031,164,178,9
16,s031,164,179,7
16,s031,164,188,13
16,s031,164,189,11
16,s031,164,190,16
16,s031,164,191,5
16,s031,164,184,9
16,s031,164,185,10
16,s031,164,186,5
16,s031,164,187,5
16,s031,164,132,22
16,s031,164,133,18
16,s031,164,134,19
16,s031,164,135,14
16,s031,164,128,17
16,s031,164,129,15
16,s031,164,130,15
16,s031,164,131,12
16,s031,164,140,19
16,s031,164,141,11
16,s031,164,142,10
16,s031,164,143,8
16,s031,164,136,18
16,s031,164,137,5
16,s031,164,138,8
16,s031,164,139,7
16,s031,164,148,15
16,s031,164,149,10
16,s031,164,150,9
16,s031,164,151,10
16,s031,164,144,14
16,s031,164,145,12
16,s031,164,146,5
16,s031,164,147,7
16,s031,164,156,6
16,s031,164,157,10
16,s031,164,158,8
16,s031,164,159,6
16,s031,164,152,4
16,s031,164,153,5
16,s031,164,154,10
16,s031,164,155,1
16,s031,164,228,33
16,s031,164,229,22
16,s031,164,230,28
16,s031,164,231,14
16,s031,164,224,23
16,s031,164,225,27
16,s031,164,226,14
16,s031,164,227,13
16,s031,164,236,26
16,s031,164,237,14
16,s031,164,238,20
16,s031,164,239,11
16,s031,164,232,13
16,s031,164,233,11
16,s031,164,234,13
16,s031,164,235,10
16,s031,164,244,14
16,s031,164,245,14
16,s031,164,246,14
16,s031,164,247,13
16,s031,164,240,11
16,s031,164,241,6
16,s031,164,242,7
16,s031,164,243,6
16,s031,164,252,12
16,s031,164,253,12
16,s031,164,254,7
16,s031,164,255,6
16,s031,164,248,4
16,s031,164,249,5
16,s031,164,250,5
16,s031,164,251,2
16,s031,164,196,25
16,s031,164,197,11
16,s031,164,198,15
16,s031,164,199,11
16,s031,164,192,16
16,s031,164,193,8
16,s031,164,194,9
16,s031,164,195,5
16,s031,164,204,15
16,s031,164,205,12
16,s031,164,206,14
16,s031,164,207,7
16,s031,164,200,7
16,s031,164,201,10
16,s031,164,202,15
16,s031,164,203,6
16,s031,164,212,13
16,s031,164,213,7
16,s031,164,214,9
16,s031,164,215,4
16,s031,164,208,4
16,s031,164,209,4
16,s031,164,210,6
16,s031,164,211,4
16,s031,164,220,9
16,s031,164,221,6
16,s031,164,222,6
16,s031,164,223,4
16,s031,164,216,8
16,s031,164,217,4
16,s031,164,218,5
16,s031,164,219,3
16,s031,164,36,29
16,s031,164,37,26
16,s031,164,38,24
16,s031,164,39,14
16,s031,164,32,15
16,s031,164,33,12
16,s031,164,34,12
16,s031,164,35,11
16,s031,164,44,20
16,s031,164,45,18
16,s031,164,46,18
16,s031,164,47,10
16,s031,164,40,13
16,s031,164,41,16
16,s031,164,42,7
16,s031,164,43,9
16,s031,164,52,15
16,s031,164,53,9
16,s031,164,54,4
16,s031,164,55,10
16,s031,164,48,8
16,s031,164,49,9
16,s031,164,50,6
16,s031,164,51,3
16,s031,164,60,12
16,s031,164,61,6
16,s031,164,62,4
16,s031,164,63,5
16,s031,164,56,9
16,s031,164,57,3
16,s031,164,58,5
16,s031,164,59,7
16,s031,164,4,18
16,s031,164,5,14
16,s031,164,6,9
16,s031,164,7,14
16,s031,164,0,8
16,s031,164,1,14
16,s031,164,2,9
16,s031,164,3,9
16,s031,164,12,8
16,s031,164,13,8
16,s031,164,14,8
16,s031,164,15,9
16,s031,164,8,6
16,s031,164,9,9
16,s031,164,10,10
16,s031,164,11,3
16,s031,164,20,8
16,s031,164,21,9
16,s031,164,22,7
16,s031,164,23,10
16,s031,164,16,9
16,s031,164,17,4
16,s031,164,18,4
16,s031,164,19,6
16,s031,164,28,2
16,s031,164,29,4
16,s031,164,30,4
16,s031,164,31,2
16,s031,164,24,3
16,s031,164,25,1
16,s031,164,26,2
16,s031,164,27,5
16,s031,164,100,19
16,s031,164,101,16
16,s031,164,102,18
16,s031,164,103,17
16,s031,164,96,8
16,s031,164,97,9
16,s031,164,98,9
16,s031,164,99,8
16,s031,164,108,15
16,s031,164,109,14
16,s031,164,110,17
16,s031,164,111,11
16,s031,164,104,7
16,s031,164,105,8
16,s031,164,106,14
16,s031,164,107,9
16,s031,164,116,8
16,s031,164,117,11
16,s031,164,118,9
16,s031,164,119,7
16,s031,164,112,7
16,s031,164,113,9
16,s031,164,114,3
16,s031,164,115,2
16,s031,164,124,6
16,s031,164,125,8
16,s031,164,126,3
16,s031,164,127,5
16,s031,164,120,2
16,s031,164,121,3
16,s031,164,122,4
16,s031,164,123,1
16,s031,164,68,17
16,s031,164,69,13
16,s031,164,70,8
16,s031,164,71,6
16,s031,164,64,10
16,s031,164,65,4
16,s031,164,66,6
16,s031,164,67,7
16,s031,164,76,10
16,s031,164,77,10
16,s031,164,78,7
16,s031,164,79,3
16,s031,164,72,2
16,s031,164,73,5
16,s031,164,74,6
16,s031,164,75,6
16,s031,164,84,7
16,s031,164,85,5
16,s031,164,86,4
16,s031,164,87,2
16,s031,164,80,4
16,s031,164,81,3
16,s031,164,82,4
16,s031,164,83,3
16,s031,164,92,3
16,s031,164,93,1
16,s031,164,94,2
16,s031,164,88,2
16,s031,164,89,5
16,s031,164,90,3
16,s031,164,91,1
16,s032,142,142,45
16,s032,142,143,35
16,s032,142,140,38
16,s032,142,141,24
16,s032,142,138,22
16,s032,142,139,33
16,s032,142,136,20
16,s032,142,137,13
16,s032,142,134,37
16,s032,142,135,21
16,s032,142,132,20
16,s032,142,133,27
16,s032,142,130,20
16,s032,142,131,13
16,s032,142,128,11
16,s032,142,129,6
16,s032,142,158,25
16,s032,142,159,16
16,s032,142,156,14
16,s032,142,157,16
16,s032,142,154,20
16,s032,142,155,10
16,s032,142,152,5
16,s032,142,153,13
16,s032,142,150,14
16,s032,142,151,11
16,s032,142,148,9
16,s032,142,149,2
16,s032,142,146,11
16,s032,142,147,10
16,s032,142,144,4
16,s032,142,145,5
16,s032,142,174,37
16,s032,142,175,25
16,s032,142,172,25
16,s032,142,173,7
16,s032,142,170,21
16,s032,142,171,13
16,s032,142,168,14
16,s032,142,169,14
16,s032,142,166,15
16,s032,142,167,12
16,s032,142,164,8
16,s032,142,165,7
16,s032,142,162,8
16,s032,142,163,14
16,s032,142,160,12
16,s032,142,161,12
16,s032,142,190,17
16,s032,142,191,12
16,s032,142,188,9
16,s032,142,189,3
16,s032,142,186,5
16,s032,142,187,4
16,s032,142,184,5
16,s032,142,185,8
16,s032,142,182,12
16,s032,142,183,6
16,s032,142,180,9
16,s032,142,181,5
16,s032,142,178,8
16,s032,142,179,3
16,s032,142,176,5
16,s032,142,177,1
16,s032,142,206,33
16,s032,142,207,29
16,s032,142,204,29
16,s032,142,205,23
16,s032,142,202,26
16,s032,142,203,13
16,s032,142,200,20
16,s032,142,201,13
16,s032,142,198,24
16,s032,142,199,24
16,s032,142,196,18
16,s032,142,197,13
16,s032,142,194,13
16,s032,142,195,11
16,s032,142,192,10
16,s032,142,193,6
16,s032,142,222,16
16,s032,142,223,15
16,s032,142,220,10
16,s032,142,221,7
16,s032,142,218,6
16,s032,142,219,11
16,s032,142,216,8
16,s032,142,217,3
16,s032,142,214,9
16,s032,142,215,5
16,s032,142,212,7
16,s032,142,213,11
16,s032,142,210,5
16,s032,142,211,4
16,s032,142,208,8
16,s032,142,209,1
16,s032,142,238,24
16,s032,142,239,17
16,s032,142,236,11
16,s032,142,237,8
16,s032,142,234,12
16,s032,142,235,13
16,s032,142,232,7
16,s032,142,233,7
16,s032,142,230,16
16,s032,142,231,12
16,s032,142,228,11
16,s032,142,229,7
16,s032,142,226,8
16,s032,142,227,4
16,s032,142,224,7
16,s032,142,225,6
16,s032,142,254,15
16,s032,142,255,8
16,s032,142,252,4
16,s032,142,253,7
16,s032,142,250,4
16,s032,142,251,9
16,s032,142,248,7
16,s032,142,249,3
16,s032,142,246,7
16,s032,142,247,5
16,s032,142,244,4
16,s032,142,245,5
16,s032,142,242,3
16,s032,142,243,1
16,s032,142,240,6
16,s032,142,14,46
16,s032,142,15,21
16,s032,142,12,28
16,s032,142,13,22
16,s032,142,10,24
16,s032,142,11,16
16,s032,142,8,15
16,s032,142,9,14
16,s032,142,6,20
16,s032,142,7,13
16,s032,142,4,16
16,s032,142,5,8
16,s032,142,2,12
16,s032,142,3,7
16,s032,142,0,4
16,s032,142,1,6
16,s032,142,30,23
16,s032,142,31,10
16,s032,142,28,15
16,s032,142,29,10
16,s032,142,26,8
16,s032,142,27,12
16,s032,142,24,7
16,s032,142,25,5
16,s032,142,22,8
16,s032,142,23,8
16,s032,142,20,7
16,s032,142,21,4
16,s032,142,18,7
16,s032,142,19,3
16,s032,142,16,5
16,s032,142,17,1
16,s032,142,46,18
16,s032,142,47,15
16,s032,142,44,20
16,s032,142,45,13
16,s032,142,42,14
16,s032,142,43,12
16,s032,142,40,6
16,s032,142,41,5
16,s032,142,38,11
16,s032,142,39,15
16,s032,142,36,6
16,s032,142,37,7
16,s032,142,34,10
16,s032,142,35,8
16,s032,142,32,9
16,s032,142,33,3
16,s032,142,62,9
16,s032,142,63,8
16,s032,142,60,3
16,s032,142,61,4
16,s032,142,58,8
16,s032,142,59,8
16,s032,142,56,2
16,s032,142,57,2
16,s032,142,54,9
16,s032,142,55,8
16,s032,142,52,4
16,s032,142,50,1
16,s032,142,51,5
16,s032,142,48,1
16,s032,142,49,3
16,s032,142,78,23
16,s032,142,79,16
16,s032,142,76,18
16,s032,142,77,12
16,s032,142,74,17
16,s032,142,75,19
16,s032,142,72,9
16,s032,142,73,8
16,s032,142,70,19
16,s032,142,71,11
16,s032,142,68,9
16,s032,142,69,11
16,s032,142,66,7
16,s032,142,67,7
16,s032,142,64,7
16,s032,142,65,10
16,s032,142,94,4
16,s032,142,95,9
16,s032,142,92,9
16,s032,142,93,6
16,s032,142,90,7
16,s032,142,91,5
16,s032,142,88,6
16,s032,142,89,2
16,s032,142,86,11
16,s032,142,87,4
16,s032,142,84,6
16,s032,142,85,3
16,s032,142,82,6
16,s032,142,83,4
16,s032,142,80,3
16,s032,142,81,1
16,s032,142,110,9
16,s032,142,111,13
16,s032,142,108,9
16,s032,142,109,10
16,s032,142,106,5
16,s032,142,107,7
16,s032,142,104,12
16,s032,142,105,9
16,s032,142,102,7
16,s032,142,103,9
16,s032,142,100,9
16,s032,142,101,1
16,s032,142,98,8
16,s032,142,99,6
16,s032,142,96,7
16,s032,142,97,4
16,s032,142,126,6
16,s032,142,127,3
16,s032,142,124,6
16,s032,142,125,4
16,s032,142,122,6
16,s032,142,123,4
16,s032,142,120,3
16,s032,142,121,2
16,s032,142,118,1
16,s032,142,119,2
16,s032,142,116,3
16,s032,142,117,3
16,s032,142,114,1
16,s032,142,115,3
16,s032,142,112,1
16,s032,142,113,2
16,s033,243,243,41
16,s033,243,242,31
16,s033,243,241,49
16,s033,243,240,28
16,s033,243,247,40
16,s033,243,246,24
16,s033,243,245,16
16,s033,243,244,13
16,s033,243,251,26
16,s033,243,250,28
16,s033,243,249,21
16,s033,243,248,18
16,s033,243,255,18
16,s033,243,254,10
16,s033,243,253,15
16,s033,243,252,8
16,s033,243,227,36
16,s033,243,226,23
16,s033,243,225,19
16,s033,243,224,11
16,s033,243,231,15
16,s033,243,230,9
16,s033,243,229,14
16,s033,243,228,11
16,s033,243,235,12
16,s033,243,234,10
16,s033,243,233,13
16,s033,243,232,5
16,s033,243,239,2
16,s033,243,238,4
16,s033,243,237,5
16,s033,243,236,5
16,s033,243,211,28
16,s033,243,210,22
16,s033,243,209,22
16,s033,243,208,16
16,s033,243,215,18
16,s033,243,214,10
16,s033,243,213,8
16,s033,243,212,6
16,s033,243,219,13
16,s033,243,218,12
16,s033,243,217,14
16,s033,243,216,12
16,s033,243,223,10
16,s033,243,222,13
16,s033,243,221,11
16,s033,243,220,12
16,s033,243,195,12
16,s033,243,194,14
16,s033,243,193,9
16,s033,243,192,8
16,s033,243,199,6
16,s033,243,198,7
16,s033,243,197,8
16,s033,243,196,9
16,s033,243,203,8
16,s033,243,202,5
16,s033,243,201,8
16,s033,243,200,6
16,s033,243,207,6
16,s033,243,206,4
16,s033,243,205,2
16,s033,243,204,3
16,s033,243,179,44
16,s033,243,178,28
16,s033,243,177,23
16,s033,243,176,19
16,s033,243,183,22
16,s033,243,182,19
16,s033,243,181,15
16,s033,243,180,13
16,s033,243,187,22
16,s033,243,186,16
16,s033,243,185,17
16,s033,243,184,10
16,s033,243,191,10
16,s033,243,190,14
16,s033,243,189,11
16,s033,243,188,8
16,s033,243,163,10
16,s033,243,162,6
16,s033,243,161,14
16,s033,243,160,12
16,s033,243,167,11
16,s033,243,166,4
16,s033,243,164,3
16,s033,243,171,9
16,s033,243,170,6
16,s033,243,169,6
16,s033,243,168,3
16,s033,243,175,6
16,s033,243,174,3
16,s033,243,173,4
16,s033,243,172,4
16,s033,243,147,14
16,s033,243,146,18
16,s033,243,145,10
16,s033,243,144,15
16,s033,243,151,18
16,s033,243,150,15
16,s033,243,149,10
16,s033,243,148,9
16,s033,243,155,15
16,s033,243,154,11
16,s033,243,153,8
16,s033,243,152,5
16,s033,243,159,5
16,s033,243,158,5
16,s033,243,157,10
16,s033,243,156,2
16,s033,243,131,13
16,s033,243,130,8
16,s033,243,129,10
16,s033,243,128,6
16,s033,243,135,5
16,s033,243,134,5
16,s033,243,133,5
16,s033,243,132,4
16,s033,243,139,6
16,s033,243,138,6
16,s033,243,137,5
16,s033,243,136,2
16,s033,243,143,5
16,s033,243,142,4
16,s033,243,141,2
16,s033,243,140,2
16,s033,243,115,26
16,s033,243,114,20
16,s033,243,113,25
16,s033,243,112,14
16,s033,243,119,18
16,s033,243,118,19
16,s033,243,117,12
16,s033,243,116,7
16,s033,243,123,31
16,s033,243,122,22
16,s033,243,121,11
16,s033,243,120,11
16,s033,243,127,16
16,s033,243,126,11
16,s033,243,125,7
16,s033,243,124,10
16,s033,243,99,15
16,s033,243,98,6
16,s033,243,97,8
16,s033,243,96,9
16,s033,243,103,7
16,s033,243,102,5
16,s033,243,101,5
16,s033,243,100,4
16,s033,243,107,9
16,s033,243,106,11
16,s033,243,105,4
16,s033,243,104,7
16,s033,243,111,7
16,s033,243,110,6
16,s033,243,109,4
16,s033,243,108,2
16,s033,243,83,22
16,s033,243,82,14
16,s033,243,81,12
16,s033,243,80,9
16,s033,243,87,12
16,s033,243,86,16
16,s033,243,85,4
16,s033,243,84,5
16,s033,243,91,14
16,s033,243,90,17
16,s033,243,89,7
16,s033,243,88,5
16,s033,243,95,8
16,s033,243,94,6
16,s033,243,93,6
16,s033,243,92,3
16,s033,243,67,9
16,s033,243,66,8
16,s033,243,65,6
16,s033,243,64,11
16,s033,243,71,7
16,s033,243,70,2
16,s033,243,69,4
16,s033,243,68,4
16,s033,243,75,5
16,s033,243,74,9
16,s033,243,73,1
16,s033,243,72,3
16,s033,243,79,4
16,s033,243,78,3
16,s033,243,77,1
16,s033,243,51,20
16,s033,243,50,16
16,s033,243,49,16
16,s033,243,48,12
16,s033,243,55,14
16,s033,243,54,14
16,s033,243,53,11
16,s033,243,52,9
16,s033,243,59,20
16,s033,243,58,12
16,s033,243,57,10
16,s033,243,56,5
16,s033,243,63,7
16,s033,243,62,10
16,s033,243,61,7
16,s033,243,60,3
16,s033,243,35,13
16,s033,243,34,7
16,s033,243,33,9
16,s033,243,32,6
16,s033,243,39,6
16,s033,243,38,5
16,s033,243,37,5
16,s033,243,36,5
16,s033,243,43,5
16,s033,243,42,2
16,s033,243,41,4
16,s033,243,40,8
16,s033,243,47,4
16,s033,243,46,5
16,s033,243,45,4
16,s033,243,44,2
16,s033,243,19,16
16,s033,243,18,9
16,s033,243,17,9
16,s033,243,16,11
16,s033,243,23,12
16,s033,243,22,1
16,s033,243,21,2
16,s033,243,20,5
16,s033,243,27,11
16,s033,243,26,6
16,s033,243,25,3
16,s033,243,24,5
16,s033,243,31,6
16,s033,243,30,5
16,s033,243,29,4
16,s033,243,28,2
16,s033,243,3,7
16,s033,243,2,3
16,s033,243,1,3
16,s033,243,0,6
16,s033,243,7,10
16,s033,243,6,7
16,s033,243,5,5
16,s033,243,4,1
16,s033,243,11,6
16,s033,243,10,3
16,s033,243,9,2
16,s033,243,8,3
16,s033,243,15,7
16,s033,243,13,4
16,s033,243,12,1
16,s034,153,153,67
16,s034,153,152,34
16,s034,153,155,31
16,s034,153,154,26
16,s034,153,157,24
16,s034,153,156,19
16,s034,153,159,16
16,s034,153,158,16
16,s034,153,145,30
16,s034,153,144,25
16,s034,153,147,17
16,s034,153,146,20
16,s034,153,149,15
16,s034,153,148,15
16,s034,153,151,10
16,s034,153,150,10
16,s034,153,137,28
16,s034,153,136,17
16,s034,153,139,26
16,s034,153,138,12
16,s034,153,141,17
16,s034,153,140,14
16,s034,153,143,11
16,s034,153,142,5
16,s034,153,129,15
16,s034,153,128,14
16,s034,153,131,11
16,s034,153,130,7
16,s034,153,133,12
16,s034,153,132,10
16,s034,153,135,2
16,s034,153,134,5
16,s034,153,185,29
16,s034,153,184,27
16,s034,153,187,14
16,s034,153,186,14
16,s034,153,189,20
16,s034,153,188,13
16,s034,153,191,17
16,s034,153,190,9
16,s034,153,177,8
16,s034,153,176,16
16,s034,153,179,18
16,s034,153,178,7
16,s034,153,181,4
16,s034,153,180,8
16,s034,153,183,11
16,s034,153,182,3
16,s034,153,169,9
16,s034,153,168,9
16,s034,153,171,9
16,s034,153,170,10
16,s034,153,173,8
16,s034,153,172,5
16,s034,153,175,8
16,s034,153,174,4
16,s034,153,161,8
16,s034,153,160,7
16,s034,153,163,10
16,s034,153,162,4
16,s034,153,165,7
16,s034,153,164,6
16,s034,153,167,6
16,s034,153,166,7
16,s034,153,217,36
16,s034,153,216,25
16,s034,153,219,19
16,s034,153,218,22
16,s034,153,221,21
16,s034,153,220,12
16,s034,153,223,7
16,s034,153,222,12
16,s034,153,209,14
16,s034,153,208,15
16,s034,153,211,11
16,s034,153,210,8
16,s034,153,213,12
16,s034,153,212,16
16,s034,153,215,17
16,s034,153,214,9
16,s034,153,201,15
16,s034,153,200,13
16,s034,153,203,11
16,s034,153,202,4
16,s034,153,205,5
16,s034,153,204,8
16,s034,153,207,9
16,s034,153,206,9
16,s034,153,193,5
16,s034,153,192,8
16,s034,153,195,6
16,s034,153,194,8
16,s034,153,197,4
16,s034,153,196,4
16,s034,153,199,5
16,s034,153,198,2
16,s034,153,249,14
16,s034,153,248,21
16,s034,153,251,19
16,s034,153,250,12
16,s034,153,253,11
16,s034,153,252,8
16,s034,153,255,16
16,s034,153,254,6
16,s034,153,241,14
16,s034,153,240,13
16,s034,153,243,12
16,s034,153,242,6
16,s034,153,245,13
16,s034,153,244,2
16,s034,153,247,10
16,s034,153,246,4
16,s034,153,233,12
16,s034,153,232,6
16,s034,153,235,8
16,s034,153,234,8
16,s034,153,237,5
16,s034,153,236,6
16,s034,153,239,5
16,s034,153,238,4
16,s034,153,225,4
16,s034,153,224,4
16,s034,153,227,3
16,s034,153,229,1
16,s034,153,228,4
16,s034,153,231,3
16,s034,153,230,4
16,s034,153,25,35
16,s034,153,24,28
16,s034,153,27,19
16,s034,153,26,13
16,s034,153,29,26
16,s034,153,28,9
16,s034,153,31,13
16,s034,153,30,8
16,s034,153,17,27
16,s034,153,16,9
16,s034,153,19,16
16,s034,153,18,11
16,s034,153,21,17
16,s034,153,20,11
16,s034,153,23,3
16,s034,153,22,9
16,s034,153,9,18
16,s034,153,8,8
16,s034,153,11,7
16,s034,153,10,11
16,s034,153,13,12
16,s034,153,12,6
16,s034,153,15,10
16,s034,153,14,4
16,s034,153,1,11
16,s034,153,0,5
16,s034,153,3,6
16,s034,153,2,4
16,s034,153,5,6
16,s034,153,4,3
16,s034,153,7,6
16,s034,153,6,2
16,s034,153,57,15
16,s034,153,56,15
16,s034,153,59,11
16,s034,153,58,9
16,s034,153,61,9
16,s034,153,60,16
16,s034,153,63,9
16,s034,153,62,9
16,s034,153,49,17
16,s034,153,48,11
16,s034,153,51,6
16,s034,153,50,15
16,s034,153,53,7
16,s034,153,52,8
16,s034,153,55,6
16,s034,153,54,12
16,s034,153,41,8
16,s034,153,40,6
16,s034,153,43,4
16,s034,153,42,2
16,s034,153,45,3
16,s034,153,44,7
16,s034,153,47,4
16,s034,153,46,3
16,s034,153,33,8
16,s034,153,32,1
16,s034,153,35,3
16,s034,153,34,9
16,s034,153,37,6
16,s034,153,36,5
16,s034,153,39,2
16,s034,153,38,2
16,s034,153,89,18
16,s034,153,88,20
16,s034,153,91,20
16,s034,153,90,19
16,s034,153,93,22
16,s034,153,92,11
16,s034,153,95,12
16,s034,153,94,10
16,s034,153,81,12
16,s034,153,80,6
16,s034,153,83,11
16,s034,153,82,8
16,s034,153,85,6
16,s034,153,84,10
16,s034,153,87,8
16,s034,153,86,5
16,s034,153,73,9
16,s034,153,72,8
16,s034,153,75,8
16,s034,153,74,6
16,s034,153,77,10
16,s034,153,76,3
16,s034,153,79,2
16,s034,153,78,5
16,s034,153,65,9
16,s034,153,64,5
16,s034,153,67,4
16,s034,153,66,2
16,s034,153,69,2
16,s034,153,68,5
16,s034,153,71,2
16,s034,153,70,2
16,s034,153,121,14
16,s034,153,120,12
16,s034,153,123,10
16,s034,153,122,3
16,s034,153,125,8
16,s034,153,124,7
16,s034,153,127,4
16,s034,153,126,4
16,s034,153,113,12
16,s034,153,112,6
16,s034,153,115,3
16,s034,153,114,2
16,s034,153,117,6
16,s034,153,116,5
16,s034,153,119,8
16,s034,153,118,4
16,s034,153,105,5
16,s034,153,104,3
16,s034,153,107,7
16,s034,153,106,5
16,s034,153,109,5
16,s034,153,108,3
16,s034,153,111,7
16,s034,153,110,3
16,s034,153,97,2
16,s034,153,96,7
16,s034,153,99,3
16,s034,153,98,4
16,s034,153,101,3
16,s034,153,100,2
16,s034,153,103,2
16,s034,153,102,2
16,s035,247,247,53
16,s035,247,246,35
16,s035,247,245,24
16,s035,247,244,20
16,s035,247,243,26
16,s035,247,242,19
16,s035,247,241,16
16,s035,247,240,17
16,s035,247,255,23
16,s035,247,254,23
16,s035,247,253,24
16,s035,247,252,12
16,s035,247,251,20
16,s035,247,250,16
16,s035,247,249,9
16,s035,247,248,11
16,s035,247,231,22
16,s035,247,230,23
16,s035,247,229,22
16,s035,247,228,6
16,s035,247,227,12
16,s035,247,226,5
16,s035,247,225,8
16,s035,247,224,5
16,s035,247,239,11
16,s035,247,238,12
16,s035,247,237,12
16,s035,247,236,7
16,s035,247,235,9
16,s035,247,234,2
16,s035,247,233,12
16,s035,247,232,3
16,s035,247,215,31
16,s035,247,214,23
16,s035,247,213,21
16,s035,247,212,13
16,s035,247,211,11
16,s035,247,210,15
16,s035,247,209,11
16,s035,247,208,6
16,s035,247,223,11
16,s035,247,222,20
16,s035,247,221,20
16,s035,247,220,10
16,s035,247,219,11
16,s035,247,218,9
16,s035,247,217,10
16,s035,247,216,5
16,s035,247,199,17
16,s035,247,198,6
16,s035,247,197,10
16,s035,247,196,5
16,s035,247,195,9
16,s035,247,194,2
16,s035,247,193,6
16,s035,247,192,6
16,s035,247,207,8
16,s035,247,206,6
16,s035,247,205,6
16,s035,247,204,4
16,s035,247,203,5
16,s035,247,202,3
16,s035,247,201,7
16,s035,247,200,6
16,s035,247,183,33
16,s035,247,182,21
16,s035,247,181,25
16,s035,247,180,14
16,s035,247,179,17
16,s035,247,178,19
16,s035,247,177,10
16,s035,247,176,17
16,s035,247,191,38
16,s035,247,190,15
16,s035,247,189,18
16,s035,247,188,12
16,s035,247,187,9
16,s035,247,186,15
16,s035,247,185,11
16,s035,247,184,2
16,s035,247,167,13
16,s035,247,166,16
16,s035,247,165,11
16,s035,247,164,7
16,s035,247,163,7
16,s035,247,162,8
16,s035,247,161,9
16,s035,247,160,3
16,s035,247,175,11
16,s035,247,174,8
16,s035,247,173,6
16,s035,247,172,7
16,s035,247,171,10
16,s035,247,170,7
16,s035,247,169,3
16,s035,247,168,3
16,s035,247,151,20
16,s035,247,150,11
16,s035,247,149,20
16,s035,247,148,6
16,s035,247,147,10
16,s035,247,146,12
16,s035,247,145,8
16,s035,247,144,7
16,s035,247,159,8
16,s035,247,158,13
16,s035,247,157,10
16,s035,247,156,4
16,s035,247,155,9
16,s035,247,154,5
16,s035,247,153,9
16,s035,247,152,3
16,s035,247,135,12
16,s035,247,134,5
16,s035,247,133,4
16,s035,247,132,10
16,s035,247,131,9
16,s035,247,130,5
16,s035,247,129,1
16,s035,247,128,4
16,s035,247,143,3
16,s035,247,142,6
16,s035,247,141,11
16,s035,247,140,2
16,s035,247,139,6
16,s035,247,138,4
16,s035,247,137,5
16,s035,247,136,3
16,s035,247,119,27
16,s035,247,118,15
16,s035,247,117,22
16,s035,247,116,14
16,s035,247,115,21
16,s035,247,114,20
16,s035,247,113,26
16,s035,247,112,8
16,s035,247,127,22
16,s035,247,126,23
16,s035,247,125,16
16,s035,247,124,8
16,s035,247,123,9
16,s035,247,122,9
16,s035,247,121,5
16,s035,247,120,11
16,s035,247,103,21
16,s035,247,102,7
16,s035,247,101,12
16,s035,247,100,11
16,s035,247,99,11
16,s035,247,98,5
16,s035,247,97,3
16,s035,247,96,3
16,s035,247,111,10
16,s035,247,110,10
16,s035,247,109,6
16,s035,247,108,5
16,s035,247,107,9
16,s035,247,106,4
16,s035,247,105,7
16,s035,247,104,6
16,s035,247,87,19
16,s035,247,86,18
16,s035,247,85,7
16,s035,247,84,13
16,s035,247,83,8
16,s035,247,82,12
16,s035,247,81,9
16,s035,247,80,11
16,s035,247,95,11
16,s035,247,94,11
16,s035,247,93,11
16,s035,247,92,4
16,s035,247,91,3
16,s035,247,90,10
16,s035,247,89,8
16,s035,247,88,6
16,s035,247,71,4
16,s035,247,70,7
16,s035,247,69,3
16,s035,247,68,3
16,s035,247,67,12
16,s035,247,66,7
16,s035,247,65,3
16,s035,247,64,3
16,s035,247,79,4
16,s035,247,78,4
16,s035,247,77,4
16,s035,247,75,2
16,s035,247,74,2
16,s035,247,73,2
16,s035,247,72,2
16,s035,247,55,21
16,s035,247,54,13
16,s035,247,53,15
16,s035,247,52,12
16,s035,247,51,11
16,s035,247,50,10
16,s035,247,49,6
16,s035,247,48,6
16,s035,247,63,20
16,s035,247,62,12
16,s035,247,61,13
16,s035,247,60,5
16,s035,247,59,10
16,s035,247,58,7
16,s035,247,57,3
16,s035,247,56,8
16,s035,247,39,6
16,s035,247,38,10
16,s035,247,37,9
16,s035,247,36,5
16,s035,247,35,9
16,s035,247,34,4
16,s035,247,33,5
16,s035,247,32,5
16,s035,247,47,9
16,s035,247,46,8
16,s035,247,45,5
16,s035,247,44,4
16,s035,247,43,1
16,s035,247,42,5
16,s035,247,41,3
16,s035,247,40,3
16,s035,247,23,14
16,s035,247,22,7
16,s035,247,21,9
16,s035,247,20,8
16,s035,247,19,11
16,s035,247,18,6
16,s035,247,17,8
16,s035,247,16,6
16,s035,247,31,13
16,s035,247,30,9
16,s035,247,29,4
16,s035,247,28,6
16,s035,247,27,1
16,s035,247,26,9
16,s035,247,25,10
16,s035,247,24,3
16,s035,247,7,10
16,s035,247,6,2
16,s035,247,5,8
16,s035,247,4,4
16,s035,247,3,7
16,s035,247,2,2
16,s035,247,1,1
16,s035,247,0,2
16,s035,247,15,9
16,s035,247,14,1
16,s035,247,13,2
16,s035,247,12,2
16,s035,247,11,1
16,s035,247,10,2
16,s035,247,9,1
16,s035,247,8,3
16,s036,140,140,48
16,s036,140,141,32
16,s036,140,142,36
16,s036,140,143,27
16,s036,140,136,25
16,s036,140,137,14
16,s036,140,138,22
16,s036,140,139,14
16,s036,140,132,34
16,s036,140,133,19
16,s036,140,134,30
16,s036,140,135,14
16,s036,140,128,21
16,s036,140,129,18
16,s036,140,130,17
16,s036,140,131,5
16,s036,140,156,32
16,s036,140,157,17
16,s036,140,158,14
16,s036,140,159,6
16,s036,140,152,13
16,s036,140,153,11
16,s036,140,154,11
16,s036,140,155,6
16,s036,140,148,15
16,s036,140,149,11
16,s036,140,150,12
16,s036,140,151,9
16,s036,140,144,7
16,s036,140,145,3
16,s036,140,146,2
16,s036,140,147,7
16,s036,140,172,21
16,s036,140,173,22
16,s036,140,174,12
16,s036,140,175,13
16,s036,140,168,18
16,s036,140,169,18
16,s036,140,170,19
16,s036,140,171,11
16,s036,140,164,12
16,s036,140,165,13
16,s036,140,166,18
16,s036,140,167,9
16,s036,140,160,16
16,s036,140,161,10
16,s036,140,162,15
16,s036,140,163,13
16,s036,140,188,13
16,s036,140,189,11
16,s036,140,190,10
16,s036,140,191,6
16,s036,140,184,9
16,s036,140,185,6
16,s036,140,186,4
16,s036,140,187,5
16,s036,140,180,6
16,s036,140,181,9
16,s036,140,182,7
16,s036,140,183,1
16,s036,140,176,4
16,s036,140,177,5
16,s036,140,178,7
16,s036,140,179,2
16,s036,140,204,35
16,s036,140,205,17
16,s036,140,206,25
16,s036,140,207,18
16,s036,140,200,26
16,s036,140,201,18
16,s036,140,202,12
16,s036,140,203,15
16,s036,140,196,14
16,s036,140,197,7
16,s036,140,198,14
16,s036,140,199,7
16,s036,140,192,16
16,s036,140,193,7
16,s036,140,194,6
16,s036,140,195,8
16,s036,140,220,13
16,s036,140,221,10
16,s036,140,222,11
16,s036,140,223,16
16,s036,140,216,2
16,s036,140,217,3
16,s036,140,218,5
16,s036,140,219,4
16,s036,140,212,11
16,s036,140,213,10
16,s036,140,214,6
16,s036,140,215,3
16,s036,140,208,4
16,s036,140,209,2
16,s036,140,210,7
16,s036,140,211,2
16,s036,140,236,20
16,s036,140,237,15
16,s036,140,238,23
16,s036,140,239,11
16,s036,140,232,13
16,s036,140,233,12
16,s036,140,234,14
16,s036,140,235,11
16,s036,140,228,9
16,s036,140,229,9
16,s036,140,230,8
16,s036,140,231,9
16,s036,140,224,9
16,s036,140,225,5
16,s036,140,226,5
16,s036,140,227,3
16,s036,140,252,12
16,s036,140,253,7
16,s036,140,254,5
16,s036,140,255,8
16,s036,140,248,7
16,s036,140,249,5
16,s036,140,250,12
16,s036,140,251,3
16,s036,140,244,6
16,s036,140,245,2
16,s036,140,246,3
16,s036,140,247,3
16,s036,140,240,3
16,s036,140,241,2
16,s036,140,242,2
16,s036,140,243,3
16,s036,140,12,41
16,s036,140,13,30
16,s036,140,14,17
16,s036,140,15,14
16,s036,140,8,26
16,s036,140,9,14
16,s036,140,10,17
16,s036,140,11,18
16,s036,140,4,19
16,s036,140,5,16
16,s036,140,6,15
16,s036,140,7,8
16,s036,140,0,14
16,s036,140,1,6
16,s036,140,2,16
16,s036,140,3,8
16,s036,140,28,17
16,s036,140,29,22
16,s036,140,30,3
16,s036,140,31,8
16,s036,140,24,9
16,s036,140,25,4
16,s036,140,26,4
16,s036,140,27,5
16,s036,140,20,15
16,s036,140,21,6
16,s036,140,22,3
16,s036,140,23,5
16,s036,140,16,6
16,s036,140,17,5
16,s036,140,18,7
16,s036,140,19,4
16,s036,140,44,28
16,s036,140,45,14
16,s036,140,46,7
16,s036,140,47,23
16,s036,140,40,12
16,s036,140,41,12
16,s036,140,42,15
16,s036,140,43,5
16,s036,140,36,11
16,s036,140,37,10
16,s036,140,38,7
16,s036,140,39,8
16,s036,140,32,8
16,s036,140,33,6
16,s036,140,34,5
16,s036,140,35,3
16,s036,140,60,10
16,s036,140,61,12
16,s036,140,62,6
16,s036,140,63,2
16,s036,140,56,5
16,s036,140,57,8
16,s036,140,58,1
16,s036,140,59,2
16,s036,140,52,7
16,s036,140,53,7
16,s036,140,54,3
16,s036,140,55,7
16,s036,140,48,5
16,s036,140,49,4
16,s036,140,50,3
16,s036,140,51,5
16,s036,140,76,18
16,s036,140,77,22
16,s036,140,78,12
16,s036,140,79,19
16,s036,140,72,14
16,s036,140,73,11
16,s036,140,74,17
16,s036,140,75,10
16,s036,140,68,10
16,s036,140,69,15
16,s036,140,70,17
16,s036,140,71,12
16,s036,140,64,5
16,s036,140,65,6
16,s036,140,66,11
16,s036,140,67,9
16,s036,140,92,14
16,s036,140,93,11
16,s036,140,94,7
16,s036,140,95,5
16,s036,140,88,5
16,s036,140,89,7
16,s036,140,90,4
16,s036,140,91,4
16,s036,140,84,10
16,s036,140,85,8
16,s036,140,86,3
16,s036,140,87,4
16,s036,140,80,2
16,s036,140,81,3
16,s036,140,82,2
16,s036,140,83,2
16,s036,140,108,14
16,s036,140,109,13
16,s036,140,110,12
16,s036,140,111,8
16,s036,140,104,11
16,s036,140,105,2
16,s036,140,106,6
16,s036,140,107,4
16,s036,140,100,7
16,s036,140,101,6
16,s036,140,102,6
16,s036,140,103,5
16,s036,140,96,5
16,s036,140,97,3
16,s036,140,98,3
16,s036,140,99,6
16,s036,140,124,4
16,s036,140,125,3
16,s036,140,126,1
16,s036,140,127,1
16,s036,140,120,3
16,s036,140,121,3
16,s036,140,122,2
16,s036,140,123,1
16,s036,140,116,4
16,s036,140,117,5
16,s036,140,118,1
16,s036,140,119,3
16,s036,140,112,3
16,s036,140,113,2
16,s036,140,114,1
16,s037,144,144,35
16,s037,144,145,33
16,s037,144,146,33
16,s037,144,147,19
16,s037,144,148,25
16,s037,144,149,14
16,s037,144,150,24
16,s037,144,151,14
16,s037,144,152,31
16,s037,144,153,24
16,s037,144,154,13
16,s037,144,155,15
16,s037,144,156,15
16,s037,144,157,13
16,s037,144,158,23
16,s037,144,159,8
16,s037,144,128,11
16,s037,144,129,18
16,s037,144,130,16
16,s037,144,131,7
16,s037,144,132,17
16,s037,144,133,13
16,s037,144,134,7
16,s037,144,135,7
16,s037,144,136,10
16,s037,144,137,11
16,s037,144,138,11
16,s037,144,139,5
16,s037,144,140,6
16,s037,144,141,2
16,s037,144,142,8
16,s037,144,143,4
16,s037,144,176,36
16,s037,144,177,17
16,s037,144,178,23
16,s037,144,179,20
16,s037,144,180,17
16,s037,144,181,10
16,s037,144,182,15
16,s037,144,183,12
16,s037,144,184,22
16,s037,144,185,19
16,s037,144,186,16
16,s037,144,187,9
16,s037,144,188,10
16,s037,144,189,6
16,s037,144,190,7
16,s037,144,191,6
16,s037,144,160,17
16,s037,144,161,11
16,s037,144,162,6
16,s037,144,163,6
16,s037,144,164,10
16,s037,144,165,7
16,s037,144,166,2
16,s037,144,167,2
16,s037,144,168,11
16,s037,144,169,6
16,s037,144,170,7
16,s037,144,171,3
16,s037,144,172,6
16,s037,144,173,4
16,s037,144,174,2
16,s037,144,175,1
16,s037,144,208,32
16,s037,144,209,28
16,s037,144,210,21
16,s037,144,211,13
16,s037,144,212,29
16,s037,144,213,13
16,s037,144,214,11
16,s037,144,215,14
16,s037,144,216,15
16,s037,144,217,20
16,s037,144,218,13
16,s037,144,219,14
16,s037,144,220,16
16,s037,144,221,8
16,s037,144,222,10
16,s037,144,223,11
16,s037,144,192,13
16,s037,144,193,9
16,s037,144,194,15
16,s037,144,195,4
16,s037,144,196,7
16,s037,144,197,7
16,s037,144,198,8
16,s037,144,199,7
16,s037,144,200,18
16,s037,144,201,6
16,s037,144,202,8
16,s037,144,203,4
16,s037,144,204,7
16,s037,144,205,2
16,s037,144,206,8
16,s037,144,207,1
16,s037,144,240,12
16,s037,144,241,19
16,s037,144,242,12
16,s037,144,243,12
16,s037,144,244,16
16,s037,144,245,7
16,s037,144,246,13
16,s037,144,247,2
16,s037,144,248,14
16,s037,144,249,12
16,s037,144,250,9
16,s037,144,251,6
16,s037,144,252,6
16,s037,144,253,6
16,s037,144,254,11
16,s037,144,255,3
16,s037,144,224,6
16,s037,144,225,6
16,s037,144,226,3
16,s037,144,227,8
16,s037,144,229,6
16,s037,144,230,7
16,s037,144,231,3
16,s037,144,232,6
16,s037,144,233,5
16,s037,144,234,4
16,s037,144,235,3
16,s037,144,236,7
16,s037,144,237,3
16,s037,144,238,2
16,s037,144,239,2
16,s037,144,16,31
16,s037,144,17,16
16,s037,144,18,21
16,s037,144,19,19
16,s037,144,20,18
16,s037,144,21,17
16,s037,144,22,15
16,s037,144,23,11
16,s037,144,24,19
16,s037,144,25,14
16,s037,144,26,13
16,s037,144,27,14
16,s037,144,28,10
16,s037,144,29,8
16,s037,144,30,12
16,s037,144,31,7
16,s037,144,0,13
16,s037,144,1,7
16,s037,144,2,11
16,s037,144,3,4
16,s037,144,4,9
16,s037,144,5,12
16,s037,144,6,11
16,s037,144,7,5
16,s037,144,8,6
16,s037,144,9,8
16,s037,144,10,3
16,s037,144,11,6
16,s037,144,12,3
16,s037,144,13,4
16,s037,144,14,3
16,s037,144,15,5
16,s037,144,48,11
16,s037,144,49,23
16,s037,144,50,12
16,s037,144,51,7
16,s037,144,52,16
16,s037,144,53,8
16,s037,144,54,7
16,s037,144,55,6
16,s037,144,56,13
16,s037,144,57,12
16,s037,144,58,9
16,s037,144,59,6
16,s037,144,60,9
16,s037,144,61,6
16,s037,144,62,9
16,s037,144,63,2
16,s037,144,32,4
16,s037,144,33,7
16,s037,144,34,11
16,s037,144,35,9
16,s037,144,36,7
16,s037,144,37,4
16,s037,144,38,5
16,s037,144,39,3
16,s037,144,40,5
16,s037,144,41,1
16,s037,144,42,3
16,s037,144,43,1
16,s037,144,44,3
16,s037,144,45,5
16,s037,144,46,1
16,s037,144,47,3
16,s037,144,80,13
16,s037,144,81,10
16,s037,144,82,9
16,s037,144,83,11
16,s037,144,84,11
16,s037,144,85,6
16,s037,144,86,9
16,s037,144,87,8
16,s037,144,88,13
16,s037,144,89,10
16,s037,144,90,11
16,s037,144,91,10
16,s037,144,92,7
16,s037,144,93,2
16,s037,144,94,3
16,s037,144,95,6
16,s037,144,64,10
16,s037,144,65,12
16,s037,144,66,6
16,s037,144,67,8
16,s037,144,68,8
16,s037,144,69,4
16,s037,144,70,6
16,s037,144,71,3
16,s037,144,72,6
16,s037,144,73,9
16,s037,144,74,6
16,s037,144,75,2
16,s037,144,76,2
16,s037,144,77,3
16,s037,144,78,2
16,s037,144,79,1
16,s037,144,112,6
16,s037,144,113,14
16,s037,144,114,12
16,s037,144,115,16
16,s037,144,116,7
16,s037,144,117,6
16,s037,144,118,11
16,s037,144,119,6
16,s037,144,120,8
16,s037,144,121,6
16,s037,144,122,4
16,s037,144,123,2
16,s037,144,124,7
16,s037,144,125,5
16,s037,144,126,8
16,s037,144,127,3
16,s037,144,96,6
16,s037,144,97,2
16,s037,144,98,7
16,s037,144,99,2
16,s037,144,100,8
16,s037,144,101,1
16,s037,144,102,3
16,s037,144,103,2
16,s037,144,104,5
16,s037,144,105,2
16,s037,144,106,9
16,s037,144,107,4
16,s037,144,108,3
16,s037,144,109,3
16,s037,144,110,6
16,s037,144,111,1
16,s038,184,184,52
16,s038,184,185,28
16,s038,184,186,33
16,s038,184,187,25
16,s038,184,188,31
16,s038,184,189,17
16,s038,184,190,36
16,s038,184,191,11
16,s038,184,176,19
16,s038,184,177,30
16,s038,184,178,18
16,s038,184,179,13
16,s038,184,180,14
16,s038,184,181,14
16,s038,184,182,20
16,s038,184,183,12
16,s038,184,168,25
16,s038,184,169,19
16,s038,184,170,16
16,s038,184,171,20
16,s038,184,172,16
16,s038,184,173,8
16,s038,184,174,7
16,s038,184,175,13
16,s038,184,160,12
16,s038,184,161,7
16,s038,184,162,8
16,s038,184,163,7
16,s038,184,164,5
16,s038,184,165,9
16,s038,184,166,9
16,s038,184,167,6
16,s038,184,152,25
16,s038,184,153,14
16,s038,184,154,20
16,s038,184,155,15
16,s038,184,156,18
16,s038,184,157,12
16,s038,184,158,13
16,s038,184,159,7
16,s038,184,144,20
16,s038,184,145,13
16,s038,184,146,17
16,s038,184,147,12
16,s038,184,148,9
16,s038,184,149,12
16,s038,184,150,7
16,s038,184,151,8
16,s038,184,136,14
16,s038,184,137,11
16,s038,184,138,10
16,s038,184,139,10
16,s038,184,140,7
16,s038,184,141,7
16,s038,184,142,7
16,s038,184,143,3
16,s038,184,128,15
16,s038,184,129,4
16,s038,184,130,5
16,s038,184,131,3
16,s038,184,132,9
16,s038,184,133,7
16,s038,184,134,4
16,s038,184,135,3
16,s038,184,248,21
16,s038,184,249,19
16,s038,184,250,25
16,s038,184,251,16
16,s038,184,252,19
16,s038,184,253,20
16,s038,184,254,13
16,s038,184,255,21
16,s038,184,240,22
16,s038,184,241,18
16,s038,184,242,20
16,s038,184,243,6
16,s038,184,244,16
16,s038,184,245,8
16,s038,184,246,9
16,s038,184,247,7
16,s038,184,232,9
16,s038,184,233,15
16,s038,184,234,8
16,s038,184,235,11
16,s038,184,236,13
16,s038,184,237,8
16,s038,184,238,12
16,s038,184,239,4
16,s038,184,224,12
16,s038,184,225,10
16,s038,184,226,5
16,s038,184,227,6
16,s038,184,228,5
16,s038,184,229,8
16,s038,184,230,2
16,s038,184,231,6
16,s038,184,216,13
16,s038,184,217,12
16,s038,184,218,15
16,s038,184,219,23
16,s038,184,220,21
16,s038,184,221,10
16,s038,184,222,12
16,s038,184,223,10
16,s038,184,208,12
16,s038,184,209,14
16,s038,184,210,14
16,s038,184,211,3
16,s038,184,212,11
16,s038,184,213,8
16,s038,184,214,8
16,s038,184,215,2
16,s038,184,200,9
16,s038,184,201,8
16,s038,184,202,8
16,s038,184,203,4
16,s038,184,204,9
16,s038,184,205,5
16,s038,184,206,9
16,s038,184,207,3
16,s038,184,192,4
16,s038,184,193,3
16,s038,184,194,4
16,s038,184,195,4
16,s038,184,196,5
16,s038,184,197,4
16,s038,184,198,5
16,s038,184,56,42
16,s038,184,57,22
16,s038,184,58,19
16,s038,184,59,19
16,s038,184,60,20
16,s038,184,61,18
16,s038,184,62,16
16,s038,184,63,7
16,s038,184,48,17
16,s038,184,49,17
16,s038,184,50,14
16,s038,184,51,3
16,s038,184,52,7
16,s038,184,53,12
16,s038,184,54,7
16,s038,184,55,5
16,s038,184,40,8
16,s038,184,41,14
16,s038,184,42,8
16,s038,184,43,13
16,s038,184,44,13
16,s038,184,45,4
16,s038,184,46,10
16,s038,184,47,3
16,s038,184,32,7
16,s038,184,33,9
16,s038,184,34,8
16,s038,184,35,4
16,s038,184,36,8
16,s038,184,37,4
16,s038,184,38,2
16,s038,184,39,4
16,s038,184,24,14
16,s038,184,25,15
16,s038,184,26,12
16,s038,184,27,10
16,s038,184,28,15
16,s038,184,29,19
16,s038,184,30,14
16,s038,184,31,8
16,s038,184,16,16
16,s038,184,17,4
16,s038,184,18,5
16,s038,184,19,6
16,s038,184,20,13
16,s038,184,21,5
16,s038,184,22,3
16,s038,184,23,6
16,s038,184,8,9
16,s038,184,9,8
16,s038,184,10,7
16,s038,184,11,5
16,s038,184,12,3
16,s038,184,13,4
16,s038,184,14,4
16,s038,184,15,2
16,s038,184,0,6
16,s038,184,1,6
16,s038,184,2,1
16,s038,184,3,3
16,s038,184,4,4
16,s038,184,5,3
16,s038,184,6,1
16,s038,184,7,3
16,s038,184,120,12
16,s038,184,121,19
16,s038,184,122,18
16,s038,184,123,16
16,s038,184,124,11
16,s038,184,125,9
16,s038,184,126,11
16,s038,184,127,4
16,s038,184,112,13
16,s038,184,113,8
16,s038,184,114,14
16,s038,184,115,10
16,s038,184,116,13
16,s038,184,117,8
16,s038,184,118,5
16,s038,184,119,7
16,s038,184,104,11
16,s038,184,105,13
16,s038,184,106,9
16,s038,184,107,6
16,s038,184,108,3
16,s038,184,109,4
16,s038,184,110,1
16,s038,184,111,5
16,s038,184,96,7
16,s038,184,97,2
16,s038,184,98,5
16,s038,184,99,5
16,s038,184,100,1
16,s038,184,101,5
16,s038,184,102,2
16,s038,184,103,5
16,s038,184,88,14
16,s038,184,89,12
16,s038,184,90,5
16,s038,184,91,10
16,s038,184,92,9
16,s038,184,93,10
16,s038,184,94,6
16,s038,184,95,8
16,s038,184,80,12
16,s038,184,81,8
16,s038,184,82,6
16,s038,184,83,9
16,s038,184,84,8
16,s038,184,85,6
16,s038,184,86,7
16,s038,184,87,6
16,s038,184,72,7
16,s038,184,73,3
16,s038,184,74,2
16,s038,184,75,3
16,s038,184,76,4
16,s038,184,77,3
16,s038,184,78,6
16,s038,184,79,1
16,s038,184,64,3
16,s038,184,65,5
16,s038,184,66,3
16,s038,184,67,4
16,s038,184,68,1
16,s038,184,70,3
16,s038,184,71,3
16,s039,120,120,43
16,s039,120,121,30
16,s039,120,122,41
16,s039,120,123,22
16,s039,120,124,30
16,s039,120,125,26
16,s039,120,126,18
16,s039,120,127,8
16,s039,120,112,22
16,s039,120,113,22
16,s039,120,114,19
16,s039,120,115,12
16,s039,120,116,14
16,s039,120,117,12
16,s039,120,118,12
16,s039,120,119,12
16,s039,120,104,28
16,s039,120,105,23
16,s039,120,106,14
16,s039,120,107,10
16,s039,120,108,10
16,s039,120,109,13
16,s039,120,110,6
16,s039,120,111,7
16,s039,120,96,15
16,s039,120,97,6
16,s039,120,98,10
16,s039,120,99,7
16,s039,120,100,11
16,s039,120,101,3
16,s039,120,102,6
16,s039,120,103,5
16,s039,120,88,36
16,s039,120,89,23
16,s039,120,90,22
16,s039,120,91,12
16,s039,120,92,19
16,s039,120,93,19
16,s039,120,94,11
16,s039,120,95,14
16,s039,120,80,15
16,s039,120,81,15
16,s039,120,82,8
16,s039,120,83,9
16,s039,120,84,14
16,s039,120,85,8
16,s039,120,86,9
16,s039,120,87,5
16,s039,120,72,7
16,s039,120,73,15
16,s039,120,74,12
16,s039,120,75,9
16,s039,120,76,8
16,s039,120,77,4
16,s039,120,78,3
16,s039,120,79,3
16,s039,120,64,11
16,s039,120,65,7
16,s039,120,66,5
16,s039,120,67,4
16,s039,120,68,4
16,s039,120,69,4
16,s039,120,70,4
16,s039,120,71,3
16,s039,120,56,26
16,s039,120,57,26
16,s039,120,58,25
16,s039,120,59,16
16,s039,120,60,18
16,s039,120,61,20
16,s039,120,62,14
16,s039,120,63,11
16,s039,120,48,20
16,s039,120,49,18
16,s039,120,50,14
16,s039,120,51,11
16,s039,120,52,6
16,s039,120,53,12
16,s039,120,54,12
16,s039,120,55,5
16,s039,120,40,18
16,s039,120,41,13
16,s039,120,42,10
16,s039,120,43,9
16,s039,120,44,10
16,s039,120,45,4
16,s039,120,46,8
16,s039,120,47,4
16,s039,120,32,14
16,s039,120,33,7
16,s039,120,34,3
16,s039,120,35,4
16,s039,120,36,3
16,s039,120,37,3
16,s039,120,38,6
16,s039,120,39,2
16,s039,120,24,20
16,s039,120,25,10
16,s039,120,26,14
16,s039,120,27,17
16,s039,120,28,7
16,s039,120,29,10
16,s039,120,30,9
16,s039,120,31,9
16,s039,120,16,14
16,s039,120,17,9
16,s039,120,18,10
16,s039,120,19,6
16,s039,120,20,9
16,s039,120,21,8
16,s039,120,22,5
16,s039,120,23,4
16,s039,120,8,7
16,s039,120,9,5
16,s039,120,10,6
16,s039,120,11,9
16,s039,120,12,7
16,s039,120,13,4
16,s039,120,14,8
16,s039,120,15,1
16,s039,120,0,5
16,s039,120,1,3
16,s039,120,2,5
16,s039,120,3,3
16,s039,120,4,7
16,s039,120,5,4
16,s039,120,6,3
16,s039,120,7,4
16,s039,120,248,23
16,s039,120,249,29
16,s039,120,250,14
16,s039,120,251,18
16,s039,120,252,21
16,s039,120,253,18
16,s039,120,254,10
16,s039,120,255,10
16,s039,120,240,17
16,s039,120,241,11
16,s039,120,242,17
16,s039,120,243,10
16,s039,120,244,11
16,s039,120,245,8
16,s039,120,246,12
16,s039,120,247,10
16,s039,120,232,9
16,s039,120,233,9
16,s039,120,234,8
16,s039,120,235,7
16,s039,120,236,6
16,s039,120,237,8
16,s039,120,238,1
16,s039,120,239,2
16,s039,120,224,7
16,s039,120,225,9
16,s039,120,226,12
16,s039,120,227,3
16,s039,120,228,3
16,s039,120,229,6
16,s039,120,230,2
16,s039,120,231,5
16,s039,120,216,13
16,s039,120,217,14
16,s039,120,218,10
16,s039,120,219,14
16,s039,120,220,15
16,s039,120,221,14
16,s039,120,222,7
16,s039,120,223,2
16,s039,120,208,18
16,s039,120,209,8
16,s039,120,210,7
16,s039,120,211,6
16,s039,120,212,5
16,s039,120,213,3
16,s039,120,214,10
16,s039,120,215,7
16,s039,120,200,9
16,s039,120,201,7
16,s039,120,202,7
16,s039,120,203,1
16,s039,120,204,2
16,s039,120,205,5
16,s039,120,206,6
16,s039,120,207,5
16,s039,120,192,2
16,s039,120,193,4
16,s039,120,194,3
16,s039,120,195,3
16,s039,120,196,5
16,s039,120,197,8
16,s039,120,198,4
16,s039,120,199,1
16,s039,120,184,25
16,s039,120,185,22
16,s039,120,186,12
16,s039,120,187,14
16,s039,120,188,16
16,s039,120,189,9
16,s039,120,190,10
16,s039,120,191,9
16,s039,120,176,13
16,s039,120,177,7
16,s039,120,178,11
16,s039,120,179,13
16,s039,120,180,6
16,s039,120,181,5
16,s039,120,182,7
16,s039,120,183,4
16,s039,120,168,16
16,s039,120,169,7
16,s039,120,170,9
16,s039,120,171,8
16,s039,120,172,6
16,s039,120,173,5
16,s039,120,174,4
16,s039,120,175,4
16,s039,120,160,7
16,s039,120,161,8
16,s039,120,162,8
16,s039,120,163,6
16,s039,120,164,2
16,s039,120,165,5
16,s039,120,166,1
16,s039,120,167,1
16,s039,120,152,12
16,s039,120,153,5
16,s039,120,154,10
16,s039,120,155,3
16,s039,120,156,14
16,s039,120,157,5
16,s039,120,158,6
16,s039,120,159,9
16,s039,120,144,9
16,s039,120,145,7
16,s039,120,146,5
16,s039,120,147,6
16,s039,120,148,5
16,s039,120,149,3
16,s039,120,150,2
16,s039,120,151,1
16,s039,120,136,4
16,s039,120,137,8
16,s039,120,138,3
16,s039,120,139,2
16,s039,120,140,4
16,s039,120,142,4
16,s039,120,143,2
16,s039,120,128,5
16,s039,120,129,4
16,s039,120,130,4
16,s039,120,131,3
16,s039,120,132,5
16,s039,120,133,6
16,s039,120,134,3
16,s039,120,135,1
