packet_id,realization_id,size,control,target,e_min,e_max,shift_energy,keep_count,eigen_offset,eigen_count
p000000,r0023,12,4.0999999999999996,0.78000000000000003,-63.923352336600274,74.689109717610307,-32.978610684673953,40,0,45
p000001,r0000,26,3.0499999999999998,0.78000000000000003,-61.483183818444637,64.966170665116408,-34.114325832061212,38,45,45
p000002,r0024,18,2.3500000000000001,0.5,-59.770703619995274,60.131850349864791,-0.26942663506524128,28,90,45
p000003,r0002,18,4.0999999999999996,0.22,-80.885280037703197,66.694221421262839,33.776731100290306,40,135,45
p000004,r0002,26,3.0499999999999998,0.5,-59.730103057920424,59.930135866103221,-0.34998359590860134,38,180,45
p000005,r0012,26,3.0499999999999998,0.5,-60.005135166447189,59.427117690884614,0.16099126221871246,38,225,45
p000006,r0014,8,3.0499999999999998,0.5,-60.478467555924183,60.313748323910474,-0.53235961600685466,35,270,45
p000007,r0020,8,2,0.78000000000000003,-59.991117764736202,59.828386160452794,-33.180826901194621,29,315,45
p000008,r0016,18,2,0.22,-60.000426191840106,59.531568276392051,33.684529493380978,27,360,45
p000009,r0026,26,3.0499999999999998,0.78000000000000003,-59.944673918127755,60.306572305348801,-33.039399748962914,38,405,45
p000010,r0011,12,2.3500000000000001,0.5,-60.023460152273834,59.880494292706906,0.37851707021653597,29,450,45
p000011,r0001,18,2.3500000000000001,0.5,-60.140225132399706,59.813698473919459,-0.61326332924012372,27,495,45
p000012,r0026,18,1.6499999999999999,0.22,-60.4419007812172,60.463117624366319,33.414013575137943,26,540,45
p000013,r0026,18,3.3999999999999999,0.22,-65.551029079445428,61.700203223596802,33.254932116927506,40,585,45
p000014,r0024,8,3.3999999999999999,0.22,-60.171228290948264,59.64309926972193,32.833947206374489,38,630,45
p000015,r0006,18,3.75,0.22,-59.928398422625889,60.005928439168386,33.170376529573645,40,675,45
p000016,r0013,12,2,0.78000000000000003,-60.481582530330542,60.039598522267596,-33.516922698758947,27,720,45
p000017,r0023,8,3.3999999999999999,0.5,-60.44658550009926,59.437399646491599,-0.05459292680383071,38,765,45
p000018,r0008,12,1.3,0.22,-59.769482482924573,60.11108928683749,34.187363497489841,26,810,45
p000019,r0000,8,2.3500000000000001,0.5,-61.083040053765103,59.700465014556158,-1.1412875196044723,30,855,45
p000020,r0002,26,1.3,0.78000000000000003,-60.154270210925965,60.585294261837007,-33.141566026918113,26,900,45
p000021,r0007,8,3.75,0.22,-98.105890783385206,70.512799998566337,33.866688026536998,38,945,45
p000022,r0000,8,3.0499999999999998,0.22,-59.128148920415661,60.695003201873718,33.883909734970054,36,990,45
p000023,r0001,8,1.6499999999999999,0.22,-64.126739860048772,60.550213762497691,32.671283965537469,27,1035,45
p000024,r0021,26,3.75,0.22,-59.708039453844435,60.595056806189632,34.578375628982144,40,1080,45
p000025,r0008,8,3.75,0.78000000000000003,-61.013805755172115,60.323836184394338,-34.7695245284675,38,1125,45
p000026,r0021,18,3.75,0.5,-59.111911909691877,60.332075391249596,1.0600817407788596,40,1170,45
p000027,r0009,26,4.0999999999999996,0.22,-59.629074989654825,59.81313028038403,33.085845120975478,40,1215,45
p000028,r0002,8,1.6499999999999999,0.78000000000000003,-62.364695294154572,67.423248293398359,-33.361347704892935,27,1260,45
p000029,r0001,18,1.6499999999999999,0.78000000000000003,-59.748446174403632,59.649221598239336,-33.930959264422185,26,1305,45
p000030,r0006,8,3.3999999999999999,0.78000000000000003,-60.64431794661823,60.102139457559097,-33.630097317699217,37,1350,45
p000031,r0019,18,2.3500000000000001,0.78000000000000003,-63.490142497496862,74.068262791956528,-32.777293333817113,28,1395,45
p000032,r0012,8,2.3500000000000001,0.5,-59.60748987125816,60.343055120238496,0.81778262449016803,30,1440,45
p000033,r0006,8,4.0999999999999996,0.5,-60.497551585895323,60.384253680763834,0.39335104743425547,39,1485,45
p000034,r0020,26,3.75,0.22,-60.407413848701182,60.178256838040866,34.099409286957624,40,1530,45
p000035,r0012,8,1.6499999999999999,0.22,-60.212373636361193,60.256175723152509,33.303094864059489,27,1575,45
p000036,r0016,26,1.6499999999999999,0.78000000000000003,-60.377028001611329,60.038374556300781,-34.335639438870672,26,1620,45
p000037,r0026,8,2.3500000000000001,0.78000000000000003,-59.856013077777568,60.080774625264887,-33.919919783108234,30,1665,45
p000038,r0004,8,1.6499999999999999,0.5,-60.009583168885257,60.148436106351369,0.51942646873305587,28,1710,45
p000039,r0002,8,2,0.22,-69.057105692886296,62.765703481741454,34.214685463323349,28,1755,45
p000040,r0009,12,1.3,0.78000000000000003,-59.44156722213593,60.394041543999755,-33.527733293586088,26,1800,45
p000041,r0012,8,3.3999999999999999,0.78000000000000003,-60.01649968222835,60.126940546670603,-33.134942831870582,36,1845,45
p000042,r0025,26,2.3500000000000001,0.5,-60.296704515193959,61.126708068170196,-0.034998223511881588,27,1890,45
p000043,r0010,26,1.6499999999999999,0.22,-59.60781760167869,60.11933825374058,33.329363965548339,26,1935,45
p000044,r0015,18,3.75,0.5,-60.704695240565783,60.260172322758692,0.22773854109645414,40,1980,45
p000045,r0022,8,2.7000000000000002,0.78000000000000003,-59.764945021654782,60.605445708575523,-33.733459061004119,32,2025,45
p000046,r0016,18,1.3,0.5,-59.696896612696555,60.057546552553227,0.63032496992833553,26,2070,45
p000047,r0004,8,3.0499999999999998,0.22,-60.122949666838373,60.340285104023494,33.388373454433875,34,2115,45
p000048,r0024,26,3.75,0.22,-59.717046329139933,59.864787547836954,33.106784094902039,40,2160,45
p000049,r0017,8,1.6499999999999999,0.22,-65.946299059437735,62.181048339245606,34.443031911535272,28,2205,45
p000050,r0025,8,2.7000000000000002,0.22,-59.811408025483956,59.587450422602132,32.869701564023188,32,2250,45
p000051,r0014,8,3.0499999999999998,0.78000000000000003,-60.415006852012091,60.049190216333756,-34.362883496976011,34,2295,45
p000052,r0013,8,1.6499999999999999,0.22,-59.674976210699874,59.690999342480865,32.980484720781099,27,2340,45
p000053,r0023,26,3.75,0.5,-60.311547528091367,59.689737242022076,0.13909485696535456,40,2385,45
p000054,r0010,8,2.7000000000000002,0.5,-60.357929405824024,59.851385659143361,-0.70327187334033137,32,2430,45
p000055,r0027,26,3.75,0.78000000000000003,-60.575662111276387,59.910881015852688,-34.518622623307998,40,2475,45
p000056,r0001,12,2.3500000000000001,0.22,-60.023017989848171,59.762252641634674,32.95949310270845,30,2520,45
p000057,r0018,18,1.3,0.5,-59.614541137527517,59.99829098721181,-0.25812507515785371,26,2565,45
p000058,r0022,26,2.7000000000000002,0.5,-60.12863999328912,59.871982484050015,-0.57832875461955235,30,2610,45
p000059,r0027,26,3.3999999999999999,0.78000000000000003,-59.387298946488855,59.948989909223954,-33.583315398232045,40,2655,45
p000060,r0024,8,2,0.5,-59.56772575091663,59.819027467277714,-0.32434914181945801,29,2700,45
p000061,r0007,26,4.0999999999999996,0.78000000000000003,-59.938979842074801,60.582874215349804,-33.87417194944139,40,2745,45
p000062,r0004,8,2.7000000000000002,0.5,-60.439958913707677,59.732180392701643,0.096110739496982955,32,2790,45
p000063,r0005,12,3.0499999999999998,0.5,-60.920693927742732,59.962078100036948,-0.92930791385289235,35,2835,45
p000064,r0016,8,2.7000000000000002,0.5,-60.043788073459012,60.192330751550287,0.52427133904563727,31,2880,45
p000065,r0023,18,3.3999999999999999,0.5,-60.696872513009652,59.736080365832322,-0.030396073588664752,40,2925,45
p000066,r0018,18,2.3500000000000001,0.5,-60.832099697167074,59.925385874859067,-0.003356911154003217,28,2970,45
p000067,r0006,18,2,0.22,-60.038520656663422,59.54038346605374,33.683024559055966,27,3015,45
p000068,r0005,18,1.3,0.78000000000000003,-59.895961882440609,60.186221413078215,-33.027881557426468,26,3060,45
p000069,r0025,18,2.7000000000000002,0.78000000000000003,-60.241278019892988,60.578996927146441,-34.110817531544321,31,3105,45
p000070,r0015,8,1.6499999999999999,0.5,-60.514615282740372,59.964605346505955,-0.7250049681172086,27,3150,45
p000071,r0003,12,2,0.78000000000000003,-64.540543862602306,76.977397784421754,-32.956596700257009,27,3195,45
p000072,r0022,26,1.6499999999999999,0.78000000000000003,-60.039039564031995,60.160791535511855,-33.145076722132337,26,3240,45
p000073,r0027,12,2,0.22,-59.985098204529834,60.654714222672432,33.663955488687932,28,3285,45
p000074,r0023,12,1.6499999999999999,0.22,-60.011028463169723,59.867593667776617,33.044296798968418,27,3330,45
p000075,r0009,8,4.0999999999999996,0.22,-59.976115111870186,60.181168520306919,34.19656612122796,39,3375,45
p000076,r0009,12,3.3999999999999999,0.78000000000000003,-59.64126073835871,59.60039565547784,-33.858096331714677,38,3420,45
p000077,r0016,12,2,0.78000000000000003,-60.041332271828551,59.973786195334128,-33.188006209052759,27,3465,45
p000078,r0024,12,2.3500000000000001,0.5,-59.839550373764574,60.764082483381891,0.91226605480865852,28,3510,45
p000079,r0020,12,1.6499999999999999,0.78000000000000003,-60.508292126520345,60.056882443634883,-34.433953721086191,27,3555,45
p000080,r0020,8,1.3,0.5,-59.930937259425455,59.78072791659725,0.37489532858589741,27,3600,45
p000081,r0022,12,3.0499999999999998,0.78000000000000003,-60.371024130164216,60.130654978282799,-34.310654726305877,35,3645,45
p000082,r0009,8,3.0499999999999998,0.5,-60.330628839189046,60.434192923841465,0.50178204232620938,36,3690,45
p000083,r0007,26,3.3999999999999999,0.22,-62.193817417762112,60.47802772126056,33.040221790675567,40,3735,45
p000084,r0026,8,1.6499999999999999,0.22,-59.80046043913417,60.044099047554909,33.228295960483308,28,3780,45
p000085,r0027,12,1.3,0.78000000000000003,-68.586538932626866,89.630752300508846,-33.328734861337011,26,3825,45
p000086,r0026,26,2,0.22,-86.673391122302178,67.673016504979103,34.166806826977222,26,3870,45
p000087,r0006,8,3.3999999999999999,0.22,-108.30737698690038,73.725674321915193,34.128403033975772,37,3915,45
p000088,r0019,26,3.75,0.78000000000000003,-62.539918438479745,67.950458229011033,-33.382035571631775,40,3960,45
p000089,r0003,18,2.3500000000000001,0.5,-59.642420192743757,60.057115706456742,-0.24265224314350747,28,4005,45
p000090,r0008,8,3.3999999999999999,0.5,-60.152218134539382,59.599040020160956,0.17341094281078712,37,4050,45
p000091,r0013,18,3.3999999999999999,0.78000000000000003,-60.190041116931191,60.582156285879201,-34.070157688312911,39,4095,45
p000092,r0006,26,3.3999999999999999,0.22,-64.207721011751772,61.300210273974685,33.238465391114858,40,4140,45
p000093,r0012,26,2,0.22,-60.311902585055634,59.818833335790046,33.840071433204002,26,4185,45
p000094,r0021,18,1.3,0.78000000000000003,-60.860734448366799,64.24850420776302,-33.786701944018247,26,4230,45
p000095,r0010,8,1.3,0.78000000000000003,-60.174014615898486,60.269606850611915,-33.226417893266195,27,4275,45
p000096,r0002,26,4.0999999999999996,0.78000000000000003,-59.506331563105576,60.174836219405883,-33.626474650953064,40,4320,45
p000097,r0024,18,2.7000000000000002,0.22,-60.009592464918633,60.365451210991999,33.432941602291656,35,4365,45
p000098,r0017,26,3.0499999999999998,0.5,-59.877277817497564,60.265496820503621,-0.25589049849697149,38,4410,45
p000099,r0009,12,1.6499999999999999,0.22,-59.798992027569497,60.039030318294252,34.124665402204229,27,4455,45
p000100,r0017,12,1.3,0.22,-63.759620813781623,61.646026519740232,34.50678410636543,26,4500,45
p000101,r0019,18,2.3500000000000001,0.5,-60.093399224362742,60.129794419441367,-0.43180240246068707,28,4545,45
p000102,r0008,26,3.75,0.22,-91.790135114003391,68.95518166426416,33.141211973045294,40,4590,45
p000103,r0012,12,4.0999999999999996,0.22,-60.379165254808157,60.043802980312904,34.000749968586277,40,4635,45
p000104,r0009,8,3.0499999999999998,0.78000000000000003,-60.269388048873289,60.246852576347315,-34.20581511132476,34,4680,45
p000105,r0009,12,2,0.22,-60.211428309779919,59.588374295469805,32.782417722314861,27,4725,45
p000106,r0023,12,3.0499999999999998,0.22,-60.024482108677176,59.894848961655867,33.062596126182598,37,4770,45
p000107,r0018,8,3.75,0.5,-59.695956325143591,59.915400704877634,0.55972218986702127,38,4815,45
p000108,r0016,8,3.3999999999999999,0.5,-59.692517857276236,59.331471063884912,-0.63052339669566204,37,4860,45
p000109,r0022,18,4.0999999999999996,0.22,-59.394648383666464,59.885739668842945,34.094054297290882,40,4905,45
p000110,r0005,8,3.0499999999999998,0.22,-59.850496254427554,59.764852626797229,33.899475872927781,36,4950,45
p000111,r0027,12,3.75,0.22,-59.606107925904695,59.979900185099467,34.120978400678553,40,4995,45
p000112,r0024,18,3.75,0.22,-60.001996334101513,59.907810432151244,33.077652943575636,40,5040,45
p000113,r0016,26,1.3,0.22,-89.187442572765846,68.350025415277898,33.241782457908272,26,5085,45
p000114,r0005,8,4.0999999999999996,0.78000000000000003,-60.109501641318261,60.298826226572189,-33.169669510382363,39,5130,45
p000115,r0002,26,1.3,0.5,-59.626138199437392,60.012534979791496,-0.25680160982294781,26,5175,45
p000116,r0007,12,2,0.22,-59.931530874044441,59.627788484620353,33.774738225714103,28,5220,45
p000117,r0007,26,2,0.22,-60.021594429918515,59.509488166978485,32.762649995661143,26,5265,45
p000118,r0013,12,3.3999999999999999,0.78000000000000003,-60.255405529738724,60.221570634690735,-34.200470773564248,38,5310,45
p000119,r0027,18,2,0.22,-59.55470515034969,60.221380758481459,33.420641858538602,26,5355,45
p000120,r0006,12,4.0999999999999996,0.78000000000000003,-61.024611157748723,65.667688194266759,-32.702305300305312,39,5400,45
p000121,r0018,18,4.0999999999999996,0.22,-59.890913145858185,60.340559346405051,34.339635398107141,40,5445,45
p000122,r0019,12,4.0999999999999996,0.22,-59.860072832955609,60.711687260781488,33.735900040159322,40,5490,45
p000123,r0000,18,1.3,0.5,-59.028201125545401,59.875485089859033,0.87364198215681621,26,5535,45
p000124,r0009,26,2,0.5,-59.656600016830886,60.394759375466116,0.81907967931761472,26,5580,45
p000125,r0004,26,2,0.5,-60.883205788161966,59.942997392855069,-0.92010419765344831,26,5625,45
p000126,r0004,8,2.3500000000000001,0.22,-60.131829904550898,59.735458830856651,33.814655309066993,31,5670,45
p000127,r0016,18,3.75,0.22,-59.892792455446283,60.752392046113123,34.660451455770058,40,5715,45
p000128,r0027,8,3.0499999999999998,0.78000000000000003,-60.944951463617599,63.939584984279534,-33.920353445080238,35,5760,45
p000129,r0003,8,2,0.5,-60.277861680481273,60.328398405513461,-0.42473163748390591,29,5805,45
p000130,r0022,18,2,0.78000000000000003,-59.642960477354187,59.67432445089824,-32.943157793138653,27,5850,45
p000131,r0017,18,3.3999999999999999,0.5,-60.271056315082213,60.418168898929686,-0.37644370807626332,39,5895,45
p000132,r0020,18,1.3,0.5,-60.503684883574529,59.801956695871858,-0.80086409385133517,26,5940,45
p000133,r0010,18,4.0999999999999996,0.78000000000000003,-59.630040818875095,59.839044051249651,-33.796842147447656,40,5985,45
p000134,r0023,12,2.7000000000000002,0.78000000000000003,-60.087928511765803,60.043873026451671,-34.108932173357964,31,6030,45
p000135,r0018,8,2.3500000000000001,0.5,-59.766412202530461,59.965729657276881,0.54965872737321031,30,6075,45
p000136,r0026,8,3.75,0.5,-59.807290751246001,60.061638625387729,0.5771739370708644,38,6120,45
p000137,r0015,12,4.0999999999999996,0.78000000000000003,-61.085982759153602,63.396119173340161,-33.249920334004976,40,6165,45
p000138,r0001,26,2,0.78000000000000003,-59.723410473435216,60.317452082943248,-33.76442071103196,26,6210,45
p000139,r0020,18,2,0.22,-60.154737660318929,59.695199888490052,33.778213627752081,26,6255,45
p000140,r0013,12,1.3,0.22,-60.087376368260522,60.052565452034756,34.071778251569796,26,6300,45
p000141,r0004,12,2.7000000000000002,0.5,-59.364064136760433,59.97839943587897,0.7571676495592683,32,6345,45
p000142,r0007,26,1.6499999999999999,0.78000000000000003,-61.88444742413342,66.417141298403294,-33.208097905175336,26,6390,45
p000143,r0008,12,4.0999999999999996,0.22,-60.20452679375925,60.092824329282791,34.077407082213547,40,6435,45
p000144,r0000,26,3.75,0.22,-93.445953888209459,69.172328476537302,33.84630635629302,40,6480,45
p000145,r0015,26,3.0499999999999998,0.22,-59.774396128626009,59.674288941656457,32.945578226194314,40,6525,45
p000146,r0007,12,3.75,0.5,-59.925521418257176,59.743573518342359,-0.54097394995740866,39,6570,45
p000147,r0023,18,4.0999999999999996,0.22,-89.040083015742709,68.969677443810326,33.757530142708653,40,6615,45
p000148,r0017,8,2.7000000000000002,0.22,-59.676857658781159,59.872064931659828,33.121301961762811,34,6660,45
p000149,r0004,26,2.7000000000000002,0.5,-61.21025520113681,59.83451282913223,-0.23787118600229035,31,6705,45
p000150,r0011,18,2.3500000000000001,0.5,-60.377800847150752,59.720251004814926,0.12122507883208727,28,6750,45
p000151,r0011,26,3.3999999999999999,0.78000000000000003,-59.564667161163122,59.650161247764132,-33.787404911199133,40,6795,45
p000152,r0022,26,2,0.5,-60.649741906360795,59.611442450229468,-0.96914972806566335,26,6840,45
p000153,r0001,26,2.7000000000000002,0.78000000000000003,-62.641209422779554,67.236757394317749,-34.518056723018148,31,6885,45
p000154,r0011,26,2.3500000000000001,0.78000000000000003,-61.162142190779704,62.354331113087802,-34.438518063928861,27,6930,45
p000155,r0015,18,3.75,0.22,-60.53668125653742,59.546704206500507,33.578359404632167,40,6975,45
p000156,r0023,26,2,0.5,-60.332077285283781,59.857448315936786,0.21268551532650265,26,7020,45
p000157,r0022,26,4.0999999999999996,0.22,-60.021058623954559,59.871042508374181,33.944780259261861,40,7065,45
p000158,r0024,8,3.0499999999999998,0.22,-60.18031237682348,60.503942406795943,34.403406354399678,36,7110,45
p000159,r0018,26,4.0999999999999996,0.5,-60.105821187650086,59.764730794432872,0.27945480339139267,40,7155,45
p000160,r0001,26,3.75,0.78000000000000003,-62.748031725688122,67.382988088398832,-33.669207366588992,40,7200,45
p000161,r0027,26,2.7000000000000002,0.78000000000000003,-59.880391753565938,59.64752465651312,-33.134250143348545,30,7245,45
p000162,r0002,18,2,0.78000000000000003,-59.972516345634581,59.611784591707405,-33.213970139419345,26,7290,45
p000163,r0015,8,3.75,0.78000000000000003,-61.201608060315841,59.830799682923235,-35.02447835680325,38,7335,45
p000164,r0002,26,3.75,0.78000000000000003,-59.644448294037545,59.593531307303579,-33.862092781742504,40,7380,45
p000165,r0007,12,2.3500000000000001,0.5,-59.508515454259388,60.117212107006289,-0.1456516736265499,30,7425,45
p000166,r0027,12,3.3999999999999999,0.5,-60.893732163288185,59.658894133857437,-0.16741901471537374,38,7470,45
p000167,r0009,12,3.75,0.78000000000000003,-60.023716093041557,59.688007492273265,-33.237136904272297,39,7515,45
p000168,r0021,8,1.6499999999999999,0.22,-59.385423715532141,59.756944172767398,33.095623237341499,27,7560,45
p000169,r0007,12,1.6499999999999999,0.22,-59.993196969581554,59.762428379865227,32.966190802986929,27,7605,45
p000170,r0002,18,1.6499999999999999,0.78000000000000003,-66.113561613565423,81.469572077206863,-34.09527220159552,26,7650,45
p000171,r0027,18,3.75,0.5,-60.109793494159348,60.090788695043841,0.44049760044224656,40,7695,45
p000172,r0012,8,2,0.5,-59.879436490956252,58.964223186373957,-0.90760665229114745,28,7740,45
p000173,r0021,8,1.6499999999999999,0.78000000000000003,-60.058895170001833,60.091559507684337,-33.175795140910878,27,7785,45
p000174,r0006,12,3.0499999999999998,0.22,-60.1663148298897,59.437137787728858,33.574378211852775,37,7830,45
p000175,r0021,26,2.7000000000000002,0.78000000000000003,-59.82566246311751,60.45364481836959,-32.914214861190338,30,7875,45
p000176,r0025,8,1.6499999999999999,0.22,-60.181570544720294,60.066494517937578,34.061920204152848,28,7920,45
p000177,r0012,18,1.6499999999999999,0.22,-92.018079573784178,68.412040039170336,33.567413724320346,26,7965,45
p000178,r0012,12,3.75,0.22,-59.755771729086412,59.657373182236988,32.936481301745836,40,8010,45
p000179,r0000,26,2.7000000000000002,0.22,-111.12559325623985,74.49518925976048,33.208617106240403,37,8055,45
p000180,r0010,18,3.75,0.78000000000000003,-60.231681200058944,59.369176394809905,-34.369492529187802,40,8100,45
p000181,r0014,26,1.6499999999999999,0.5,-59.715725494299157,60.069149142683678,0.62671182419226024,26,8145,45
p000182,r0026,8,2.3500000000000001,0.5,-59.937324294686796,60.168017783266684,0.56534674428994403,30,8190,45
p000183,r0025,18,2,0.5,-59.915706340246359,59.287598080937997,-0.76405412965418118,27,8235,45
p000184,r0005,12,3.3999999999999999,0.5,-59.90516514399296,59.858263324323218,0.42654909016512904,38,8280,45
p000185,r0010,8,3.75,0.5,-59.9543149248885,59.986588980030582,0.46613702757104108,39,8325,45
p000186,r0026,12,3.3999999999999999,0.22,-79.567532993699857,65.636977536434074,33.241985219804604,39,8370,45
p000187,r0019,26,4.0999999999999996,0.5,-59.28421947666105,59.251717554141194,-0.46625096125992799,40,8415,45
p000188,r0008,12,2.7000000000000002,0.22,-59.459948000089625,60.264141010752354,33.474841428367114,35,8460,45
p000189,r0010,8,4.0999999999999996,0.22,-68.41867772779095,62.990520075164987,33.630496558514679,39,8505,45
p000190,r0021,18,1.3,0.5,-60.092200523573368,60.389251428435003,-0.30147454756918252,26,8550,45
p000191,r0019,18,2,0.5,-60.055875067608248,59.811007187612454,0.3275660600021027,26,8595,45
p000192,r0019,8,2,0.5,-59.721622960454511,60.383871467875764,-0.11887574628937331,28,8640,45
p000193,r0014,26,2.7000000000000002,0.78000000000000003,-59.874665567174851,60.173212510771663,-33.914132390026623,32,8685,45
p000194,r0000,18,2,0.22,-60.491207521926846,59.981146334440176,33.027228486039427,27,8730,45
p000195,r0023,8,3.0499999999999998,0.78000000000000003,-60.795534256599453,62.609361589258214,-33.196457170510769,35,8775,45
p000196,r0006,18,1.3,0.78000000000000003,-64.864042173497467,79.640068438700325,-33.523137838813966,26,8820,45
p000197,r0004,12,1.6499999999999999,0.5,-60.143085420390264,59.722101737448952,-0.66049184147065598,26,8865,45
p000198,r0003,8,3.3999999999999999,0.78000000000000003,-60.444750595522009,60.649090041300234,-34.254105655421121,36,8910,45
p000199,r0024,12,3.0499999999999998,0.5,-59.938715560652348,60.171678434953158,-0.33351856284959497,37,8955,45
p000200,r0024,12,1.6499999999999999,0.5,-59.669159306558612,60.145692844117491,-0.21173323122056048,27,9000,45
p000201,r0010,26,4.0999999999999996,0.5,-59.673013230729282,60.04459028743517,-0.26421147164705588,40,9045,45
p000202,r0011,8,3.0499999999999998,0.22,-71.281074625069579,63.346569437017521,34.17848774335836,35,9090,45
p000203,r0008,26,2,0.5,-59.756877569029662,59.978533696771798,0.56082806387106809,26,9135,45
p000204,r0000,26,3.3999999999999999,0.5,-59.33314037485561,60.47635221973443,0.1216059224394101,40,9180,45
p000205,r0018,8,2.7000000000000002,0.5,-60.216868000751198,59.975843033360455,-0.57051248369537144,32,9225,45
p000206,r0004,18,2.7000000000000002,0.5,-59.647810451390498,59.960802471310316,0.60649600995990904,32,9270,45
p000207,r0020,26,3.0499999999999998,0.5,-60.582659396770012,60.013338201946496,-0.73466059741175793,38,9315,45
p000208,r0011,8,3.0499999999999998,0.5,-60.272215712719806,60.432973707973467,-0.36962100237316947,35,9360,45
p000209,r0020,12,3.3999999999999999,0.78000000000000003,-59.602504195017644,60.388399509455596,-33.654505380033541,38,9405,45
p000210,r0010,18,2,0.5,-60.270880260880119,59.809912078257668,-0.68048409131122578,26,9450,45
p000211,r0016,26,3.0499999999999998,0.78000000000000003,-67.024698137088421,86.125599268930387,-32.881632707764282,38,9495,45
p000212,r0023,26,3.3999999999999999,0.5,-59.711589878485448,59.598331487630254,-0.50662919542759677,40,9540,45
p000213,r0014,8,4.0999999999999996,0.78000000000000003,-64.073288176591447,75.037855289782684,-33.918836613989143,39,9585,45
p000214,r0009,18,2.7000000000000002,0.5,-59.664690968749291,59.915100876540741,-0.32479504610427484,32,9630,45
p000215,r0022,26,3.3999999999999999,0.5,-59.963224315937453,60.356413943391914,-0.25340518627276937,40,9675,45
p000216,r0009,18,3.75,0.22,-59.776848910993138,59.633022175888982,32.912850536774911,40,9720,45
p000217,r0015,18,3.75,0.78000000000000003,-59.479593285586645,60.431707712287704,-33.54910706605429,40,9765,45
p000218,r0024,26,1.3,0.78000000000000003,-59.708421121080121,59.232973660808312,-33.091314269064668,26,9810,45
p000219,r0023,26,3.0499999999999998,0.22,-59.504813863684831,60.072088083415011,33.31516965505304,39,9855,45
p000220,r0012,26,3.0499999999999998,0.78000000000000003,-60.030139053344811,60.131898516534868,-33.144490787971286,38,9900,45
p000221,r0000,8,4.0999999999999996,0.22,-59.549078176442173,60.213290652744334,33.415569510323301,39,9945,45
p000222,r0010,26,3.3999999999999999,0.22,-60.231800179200093,59.962306154002526,33.969602760697953,40,9990,45
p000223,r0019,12,1.6499999999999999,0.78000000000000003,-67.08275598795359,84.822265181663354,-33.213651330637859,26,10035,45
p000224,r0014,18,1.6499999999999999,0.22,-59.522543234895579,60.307067384418708,33.494553048169564,26,10080,45
p000225,r0008,12,1.6499999999999999,0.22,-62.419774576183251,60.925016331646972,34.239162331924319,27,10125,45
p000226,r0025,26,2.3500000000000001,0.22,-60.433534716409255,59.336544390075346,33.437126986648735,28,10170,45
p000227,r0010,12,2.3500000000000001,0.5,-59.679480257297818,59.875300306327581,0.54791002451488136,29,10215,45
p000228,r0011,12,2,0.5,-60.19600696247273,60.011490151640054,0.357741594583662,27,10260,45
p000229,r0024,8,1.3,0.5,-60.205412011680536,60.423196192720795,-0.34110790947987085,27,10305,45
p000230,r0018,26,1.6499999999999999,0.5,-60.341639356059048,59.786686840478254,0.17252374220960293,26,10350,45
p000231,r0004,8,2.3500000000000001,0.78000000000000003,-60.39059547326822,60.506813221530088,-34.243165560412599,30,10395,45
p000232,r0013,8,2,0.5,-59.798467615271946,59.76653455865619,0.43403347169212197,28,10440,45
p000233,r0003,8,2.3500000000000001,0.22,-60.07780603512785,60.24759693768911,34.226008283669387,31,10485,45
p000234,r0020,8,2.3500000000000001,0.5,-60.255597768442442,59.820580275640822,0.23249125359918993,30,10530,45
p000235,r0007,18,3.3999999999999999,0.5,-59.666021298429712,60.234666943126598,0.73432282234844304,39,10575,45
p000236,r0014,12,3.3999999999999999,0.78000000000000003,-69.112881585938482,92.438379379542127,-34.021604173532751,38,10620,45
p000237,r0026,18,3.75,0.22,-60.10706230212395,60.056233081900245,33.170308097414917,40,10665,45
p000238,r0026,12,1.6499999999999999,0.5,-59.516372569602879,59.307931524363397,-0.55422052261974097,26,10710,45
p000239,r0012,18,1.3,0.5,-60.214642455719684,59.521680205371581,-0.79648112517405134,26,10755,45
p000240,r0009,8,1.3,0.22,-66.790749529276539,61.69260626242847,33.876267988253375,27,10800,45
p000241,r0021,8,3.3999999999999999,0.5,-60.399260179187841,60.305077205478632,0.40290851314539539,35,10845,45
p000242,r0002,18,1.3,0.22,-60.143013737958782,59.543775523956036,32.762681886334775,26,10890,45
p000243,r0017,26,1.6499999999999999,0.22,-60.063026089275866,59.875166558905349,33.938764176305483,26,10935,45
p000244,r0022,8,3.0499999999999998,0.22,-59.712208841682639,59.886493638965575,34.024779093222975,36,10980,45
p000245,r0027,8,1.6499999999999999,0.5,-59.985044661805667,59.849999537771147,0.38247743798274031,27,11025,45
p000246,r0010,26,1.3,0.22,-59.863819037016796,59.709960396937035,33.853728921467194,26,11070,45
p000247,r0019,12,2.3500000000000001,0.78000000000000003,-60.206162173680582,59.447886413427476,-34.332271484516816,29,11115,45
p000248,r0024,26,4.0999999999999996,0.5,-60.141528173126261,59.578751776350543,0.16861180161214123,40,11160,45
p000249,r0025,8,2,0.5,-59.844894870587439,60.142560925961732,0.59883302768714652,28,11205,45
p000250,r0012,8,3.3999999999999999,0.5,-59.681747206275411,60.420494283817455,0.81937353877102193,36,11250,45
p000251,r0001,12,1.3,0.5,-59.441081146814653,59.94228464660462,0.70060174989498303,26,11295,45
p000252,r0013,26,1.6499999999999999,0.78000000000000003,-60.115193047599362,60.618667579821228,-33.103743709566835,26,11340,45
p000253,r0007,18,1.6499999999999999,0.78000000000000003,-60.16848120272833,59.926056602043488,-34.197682885678532,26,11385,45
p000254,r0014,8,2.3500000000000001,0.78000000000000003,-60.339010088268097,59.553762934242052,-33.512600023315862,30,11430,45
p000255,r0010,26,3.0499999999999998,0.5,-60.212651366617145,59.9321099536511,0.30972929351697759,38,11475,45
p000256,r0009,18,3.3999999999999999,0.5,-59.857651802424307,59.38538601222151,0.21386710489860122,39,11520,45
p000257,r0022,8,2.3500000000000001,0.78000000000000003,-60.233448348442437,62.824663899468632,-32.710663653902003,30,11565,45
p000258,r0008,26,2.7000000000000002,0.78000000000000003,-60.142304995026024,60.325520272167431,-34.089383436243473,30,11610,45
p000259,r0014,12,2.3500000000000001,0.5,-59.354201622426416,59.634029802743953,0.5899140901587685,29,11655,45
p000260,r0021,26,3.0499999999999998,0.22,-61.022247808307682,60.73768378082903,34.400498831218954,40,11700,45
p000261,r0017,12,1.3,0.5,-59.832181744268453,60.283600488481923,-0.22429062789326509,26,11745,45
p000262,r0015,12,1.6499999999999999,0.78000000000000003,-61.885624392848023,67.198761501174005,-33.937059496163187,27,11790,45
p000263,r0024,12,2,0.22,-60.072112006678843,60.27247813938255,34.246668307249045,28,11835,45
p000264,r0005,26,4.0999999999999996,0.78000000000000003,-59.697276262126749,60.281240311782199,-32.85200261586678,40,11880,45
p000265,r0015,18,2.3500000000000001,0.22,-59.379318464675109,59.795081413055712,33.126713439954926,29,11925,45
p000266,r0012,8,3.75,0.78000000000000003,-60.306517261487265,60.196073191266187,-33.345947361881507,38,11970,45
p000267,r0008,8,1.3,0.22,-60.253708677893911,59.79613932311365,32.93517276289198,27,12015,45
p000268,r0026,18,2.7000000000000002,0.78000000000000003,-59.816406422531713,60.105092770943344,-32.983676599967197,32,12060,45
p000269,r0012,18,3.3999999999999999,0.5,-60.098392133932265,60.054786211777838,0.42819703892278654,40,12105,45
p000270,r0016,26,3.3999999999999999,0.78000000000000003,-60.241940718943177,59.728782961029246,-34.298381509349248,40,12150,45
p000271,r0004,12,3.3999999999999999,0.78000000000000003,-60.126012685798266,60.179513076082756,-33.208797018184441,37,12195,45
p000272,r0024,8,2,0.22,-59.746060783107325,59.903703086878991,34.030755035482002,28,12240,45
p000273,r0008,8,2.7000000000000002,0.5,-59.435283944201551,60.047850321064722,0.75628318843158548,33,12285,45
p000274,r0007,12,4.0999999999999996,0.22,-59.565380182576945,59.793284389793961,33.984378183872366,40,12330,45
p000275,r0014,12,2,0.78000000000000003,-60.374920343589409,59.97923770589064,-33.447005572703802,27,12375,45
p000276,r0005,18,1.3,0.22,-87.650518072891785,68.144777734263045,33.419812656688975,26,12420,45
p000277,r0000,18,2.7000000000000002,0.5,-60.345351292429605,59.636454723798231,0.095551715684312921,30,12465,45
p000278,r0015,18,2,0.5,-60.096079487667062,59.513499930768369,-0.74128977844934663,26,12510,45
p000279,r0009,8,2.3500000000000001,0.22,-59.427230930278938,59.583547308999812,33.851176096358486,31,12555,45
p000280,r0020,26,1.3,0.22,-60.182973480931707,60.001580427157421,34.010978567377819,26,12600,45
p000281,r0019,8,3.0499999999999998,0.78000000000000003,-60.290319005452361,60.502401979822388,-34.165920388691923,35,12645,45
p000282,r0026,12,2.7000000000000002,0.78000000000000003,-60.013625009509624,60.306994001376104,-33.993088827114782,32,12690,45
p000283,r0025,18,3.75,0.22,-60.04659201257266,59.629545972328316,32.8507956156501,40,12735,45
p000284,r0015,26,3.75,0.5,-59.811132614642254,59.921163529406094,-0.39498454261808008,40,12780,45
p000285,r0005,12,3.0499999999999998,0.78000000000000003,-60.592720114515018,59.493008405828746,-34.623859840039401,36,12825,45
p000286,r0016,12,2,0.5,-59.672765093685832,60.270982926475959,-0.15089108360493669,27,12870,45
p000287,r0019,8,3.0499999999999998,0.5,-60.695899015397536,59.808223043079614,-0.89383798615896093,34,12915,45
p000288,r0018,26,1.3,0.78000000000000003,-62.438636667156686,67.68948362234957,-33.360450203465305,26,12960,45
p000289,r0017,8,1.3,0.78000000000000003,-67.179104897413993,83.298500463261519,-33.624031718065382,27,13005,45
p000290,r0007,18,3.75,0.78000000000000003,-67.800769841097008,89.858893466205359,-33.56564391349049,40,13050,45
p000291,r0014,18,3.0499999999999998,0.5,-59.956569235636685,59.88415540530773,0.41379308483552252,37,13095,45
p000292,r0006,8,1.3,0.78000000000000003,-59.796508387481587,59.951042128423566,-33.902047273982461,27,13140,45
p000293,r0013,8,4.0999999999999996,0.22,-60.046249028520663,60.243455919131748,34.229720830648219,39,13185,45
p000294,r0023,8,1.3,0.22,-58.92712008282983,59.383063330204408,32.904822979336871,27,13230,45
p000295,r0024,18,2.7000000000000002,0.5,-60.255177883299801,59.892916049620986,-0.63113091683940747,32,13275,45
p000296,r0020,12,1.6499999999999999,0.22,-66.548020756246046,61.606629223779095,32.962606228173556,26,13320,45
p000297,r0021,26,2,0.22,-60.074500166812676,59.659477376070321,33.768002316636064,26,13365,45
p000298,r0009,8,1.6499999999999999,0.5,-59.816996960995496,59.41366076304115,-0.65166809897717282,27,13410,45
p000299,r0013,26,3.3999999999999999,0.22,-99.435492775282555,71.137636375806068,34.061547962566578,40,13455,45
p000300,r0010,12,1.3,0.22,-60.613930277219339,59.597113401051104,32.700683791831608,26,13500,45
p000301,r0018,26,3.3999999999999999,0.22,-59.427651977861778,60.548464211029746,34.603718649473613,40,13545,45
p000302,r0025,18,4.0999999999999996,0.78000000000000003,-61.848854211627554,66.56688407914362,-33.147391787657895,40,13590,45
p000303,r0005,26,2,0.22,-59.943410785872118,59.854872863543306,33.949250460671919,26,13635,45
p000304,r0002,18,3.75,0.22,-59.981077403733607,59.337531889741499,32.637437845176976,40,13680,45
p000305,r0005,18,3.75,0.5,-59.539848210854942,60.077092175528364,-0.18137801766328893,40,13725,45
p000306,r0021,12,3.0499999999999998,0.78000000000000003,-60.52803256455546,59.772423599447151,-34.511932208474889,35,13770,45
p000307,r0002,12,1.3,0.5,-60.233433969788756,60.024193761936807,0.34537989607402581,26,13815,45
p000308,r0022,12,3.75,0.78000000000000003,-62.085741594381602,68.004224390515049,-33.015949077704335,39,13860,45
p000309,r0022,18,2.7000000000000002,0.22,-60.010517997248037,59.825973045913138,33.911945016417683,36,13905,45
p000310,r0021,18,3.0499999999999998,0.78000000000000003,-60.233044617403053,59.334978261251436,-33.478079584099063,36,13950,45
p000311,r0006,8,1.3,0.5,-59.876184980055278,59.957499963465871,0.49065749170529643,26,13995,45
p000312,r0003,8,3.0499999999999998,0.22,-59.853082195619976,59.93403248121021,33.130867252307567,37,14040,45
p000313,r0023,8,4.0999999999999996,0.5,-60.267579582662727,59.763442420714888,0.19793141902608086,39,14085,45
p000314,r0007,18,3.0499999999999998,0.22,-60.062090080137409,59.903537488953887,33.061099423753802,38,14130,45
p000315,r0020,26,2.7000000000000002,0.5,-59.795057165024694,60.132156863061915,-0.28145015098138942,32,14175,45
p000316,r0016,8,1.6499999999999999,0.78000000000000003,-60.03209174430495,60.433636355221203,-33.979631562409203,27,14220,45
p000317,r0027,18,3.3999999999999999,0.78000000000000003,-59.922148655857498,59.580256836432845,-34.081619447553628,39,14265,45
p000318,r0005,26,2.7000000000000002,0.22,-59.746009196364497,60.4316881297582,34.442594718011208,35,14310,45
p000319,r0011,12,3.0499999999999998,0.78000000000000003,-60.898457687580816,63.609882405009067,-33.056622867211054,34,14355,45
p000320,r0013,18,4.0999999999999996,0.5,-60.155580065391227,59.851339138210939,0.29787953640985593,40,14400,45
p000321,r0020,18,2.7000000000000002,0.78000000000000003,-59.639514541375071,60.674737851584347,-32.720379014923999,31,14445,45
p000322,r0002,18,1.6499999999999999,0.22,-59.93918490674443,60.132035103772694,33.266366701458921,26,14490,45
p000323,r0004,12,3.3999999999999999,0.22,-97.796698629410884,69.75064269014905,32.440227599845862,39,14535,45
p000324,r0006,8,2.3500000000000001,0.22,-59.761188572889125,59.581872007800428,33.776398680048729,31,14580,45
p000325,r0025,12,3.3999999999999999,0.78000000000000003,-60.242065932783312,59.915717082945164,-34.257353669323052,38,14625,45
p000326,r0012,18,4.0999999999999996,0.22,-75.861474293102106,64.783627513877974,34.291705116342357,40,14670,45
p000327,r0000,12,1.6499999999999999,0.22,-62.976177018565181,61.203225912501566,34.333757267666883,27,14715,45
p000328,r0009,18,3.0499999999999998,0.22,-61.47415115537521,60.278812461269695,33.043160465607812,38,14760,45
p000329,r0017,18,1.3,0.78000000000000003,-59.990126849971951,59.966561035559913,-34.049655515154946,26,14805,45
p000330,r0022,18,4.0999999999999996,0.78000000000000003,-60.484654181784379,60.132270651821365,-34.398930718391121,40,14850,45
p000331,r0024,12,3.3999999999999999,0.22,-60.103120525400769,59.603979643063425,33.71841760600131,39,14895,45
p000332,r0021,8,1.3,0.5,-59.761099147192162,59.662762902179061,-0.49916812250655057,27,14940,45
p000333,r0022,12,4.0999999999999996,0.22,-59.513035340140831,60.047223349248824,33.293966437583094,40,14985,45
p000334,r0013,8,2.3500000000000001,0.5,-59.622358183624215,60.117357617199758,-0.20250028321222829,30,15030,45
p000335,r0025,18,3.3999999999999999,0.78000000000000003,-59.572234211787816,60.374285112946438,-33.633999960346287,39,15075,45
p000336,r0021,26,1.6499999999999999,0.5,-60.207260887853373,59.836579179085639,0.26465914561613318,26,15120,45
p000337,r0027,18,3.0499999999999998,0.78000000000000003,-66.748145722661874,84.52096404749706,-33.018941573226911,38,15165,45
p000338,r0019,12,2.3500000000000001,0.5,-60.157018315279259,59.454788022313693,-0.80111514648278326,29,15210,45
p000339,r0008,12,3.3999999999999999,0.78000000000000003,-60.354016705530327,60.191439148677333,-34.284016417604647,38,15255,45
p000340,r0007,12,3.0499999999999998,0.78000000000000003,-60.167023985466592,59.880262000479746,-34.206621068558405,37,15300,45
p000341,r0027,26,3.3999999999999999,0.22,-59.828322813312425,60.117867209240018,33.279705404278474,40,15345,45
p000342,r0009,12,2,0.78000000000000003,-65.775172006107141,79.228629987716587,-34.324335567465937,28,15390,45
p000343,r0001,26,1.3,0.5,-60.436085500904504,60.143445624850052,0.30368006197277425,26,15435,45
p000344,r0027,12,4.0999999999999996,0.22,-62.402612446634848,60.762886673057871,34.116476866725478,40,15480,45
p000345,r0024,18,3.0499999999999998,0.22,-59.570652904978679,59.995165300495628,34.140685295291284,39,15525,45
p000346,r0018,18,3.0499999999999998,0.78000000000000003,-62.559810649515249,67.698410778238141,-34.353001935409509,37,15570,45
p000347,r0000,26,2,0.78000000000000003,-65.962930444843892,81.082665155217825,-34.062899412830319,26,15615,45
p000348,r0007,26,2.7000000000000002,0.22,-59.793929645926724,60.383158405582847,34.394199034250747,36,15660,45
p000349,r0022,8,2.3500000000000001,0.5,-60.034602870805045,60.382644343531837,-0.27597926363660436,30,15705,45
p000350,r0014,12,3.0499999999999998,0.78000000000000003,-60.275170735752781,59.663100224082612,-34.338751124588995,35,15750,45
p000351,r0024,26,2.7000000000000002,0.78000000000000003,-59.904741232673516,60.240890750121089,-33.022702196458702,32,15795,45
p000352,r0026,12,1.6499999999999999,0.78000000000000003,-60.043973036905172,60.507291476023035,-33.972694844060975,27,15840,45
p000353,r0005,26,2,0.5,-59.749935433362886,59.758241047639579,-0.44584719286165325,26,15885,45
p000354,r0016,12,3.75,0.22,-59.898221645541931,60.439633802063696,34.415305603590461,40,15930,45
p000355,r0002,26,3.75,0.22,-59.770549170584104,59.88253996408055,34.008860354454328,40,15975,45
p000356,r0022,26,3.75,0.22,-60.055160917845548,60.079830374156302,33.200132289915892,40,16020,45
p000357,r0010,12,3.0499999999999998,0.5,-60.185277120545216,59.998917996523595,-0.54317956201081041,35,16065,45
p000358,r0006,12,2.7000000000000002,0.5,-60.045900431115385,60.153095497250959,0.5035975330677871,32,16110,45
p000359,r0006,18,1.6499999999999999,0.5,-60.063074834006642,59.899285256798237,-0.53189478860420247,26,16155,45
p000360,r0014,26,3.75,0.22,-59.568913082764553,60.345764372219421,33.514535332122946,40,16200,45
p000361,r0015,8,4.0999999999999996,0.5,-60.61693156237591,59.176531782368428,-0.27019989000374095,39,16245,45
p000362,r0019,18,2.7000000000000002,0.22,-60.033420558204526,59.983380234540903,33.12968406013691,36,16290,45
p000363,r0009,18,3.75,0.5,-59.954394419183764,60.000892982420133,0.47324928161818464,40,16335,45
p000364,r0017,26,2.7000000000000002,0.78000000000000003,-60.108236051408277,59.79597818401114,-34.179308919616012,31,16380,45
p000365,r0011,26,3.75,0.78000000000000003,-64.171072733012736,75.251268783602484,-33.948157599357401,40,16425,45
p000366,r0001,26,2.7000000000000002,0.22,-60.186714284291391,59.237514776063158,33.414184382785159,36,16470,45
p000367,r0015,26,2.3500000000000001,0.78000000000000003,-59.4417134460071,59.777863182241006,-32.763406587792517,27,16515,45
p000368,r0019,8,1.6499999999999999,0.5,-60.035438618032117,60.055852693022558,0.46020703749522057,27,16560,45
p000369,r0001,18,3.75,0.22,-60.486373087693849,59.729851955749339,32.83228244619184,40,16605,45
p000370,r0012,12,3.0499999999999998,0.78000000000000003,-68.855171901023425,90.121932501267707,-33.430208932519378,35,16650,45
p000371,r0007,8,2.7000000000000002,0.78000000000000003,-60.149374916985607,60.019089170140902,-34.162312817817778,33,16695,45
p000372,r0001,26,3.3999999999999999,0.22,-60.158528846110741,60.199545446791461,34.170769102352978,40,16740,45
p000373,r0011,8,2.3500000000000001,0.22,-59.955813212467909,60.457706761007266,33.516732366842724,31,16785,45
p000374,r0017,12,3.0499999999999998,0.22,-59.967824995137967,60.144022222212499,33.269415834395396,38,16830,45
p000375,r0027,18,3.0499999999999998,0.22,-59.825803764114774,60.264293862804116,33.394472384881958,39,16875,45
p000376,r0001,12,4.0999999999999996,0.5,-59.983976391853169,59.619675808211035,-0.63215029182106686,40,16920,45
p000377,r0024,12,3.75,0.78000000000000003,-59.772066811898995,59.990534167563943,-32.97429459641716,39,16965,45
p000378,r0004,8,3.75,0.22,-59.992057406361681,59.837508138522253,33.925003718647787,39,17010,45
p000379,r0000,8,3.75,0.22,-59.979712791414102,60.755111978030996,33.743450528753073,39,17055,45
p000380,r0016,18,2,0.78000000000000003,-60.974212387475134,64.348701398041243,-32.953171354661535,27,17100,45
p000381,r0004,26,1.6499999999999999,0.5,-59.05983830950624,60.424613318170834,1.1323875043322971,26,17145,45
p000382,r0009,12,4.0999999999999996,0.5,-59.622277742853576,59.883664552369218,0.58069340475782094,40,17190,45
p000383,r0004,18,3.75,0.22,-70.482356782714987,62.984968131656437,33.172156650494721,40,17235,45
p000384,r0024,26,1.6499999999999999,0.22,-60.131258801953713,60.044468837058268,33.155808756475629,26,17280,45
p000385,r0019,26,1.3,0.5,-60.070742764655016,60.329702937412698,0.57948008637884096,26,17325,45
p000386,r0010,26,3.3999999999999999,0.5,-60.221691596589139,59.660843567733352,0.16957598557210646,40,17370,45
p000387,r0021,26,3.75,0.78000000000000003,-63.222112764622224,71.132566446599469,-34.114083338153463,40,17415,45
p000388,r0013,12,4.0999999999999996,0.78000000000000003,-60.460939182755624,59.555044870263174,-33.607422691091486,39,17460,45
p000389,r0009,12,3.0499999999999998,0.78000000000000003,-60.097162156852406,59.730779699329666,-33.285014948492339,35,17505,45
p000390,r0014,26,1.6499999999999999,0.78000000000000003,-62.299658127123735,70.95185514639229,-33.43432520695022,26,17550,45
p000391,r0027,12,3.0499999999999998,0.22,-73.401043628286018,63.28547822362809,33.664443416206993,38,17595,45
p000392,r0025,8,3.3999999999999999,0.5,-59.926086235368253,60.060385911970506,0.51714983830112682,35,17640,45
p000393,r0008,18,1.6499999999999999,0.78000000000000003,-59.92529785806088,59.827460577612811,-33.129691002212667,26,17685,45
p000394,r0021,18,1.6499999999999999,0.78000000000000003,-63.032022268262061,67.861455693810186,-33.785457116606167,26,17730,45
p000395,r0016,18,2.7000000000000002,0.22,-59.476220822763835,60.019984623657976,34.180819425445179,35,17775,45
p000396,r0008,8,3.75,0.5,-60.054965344214942,60.464467703710532,-0.24524882025220479,38,17820,45
p000397,r0008,12,2.3500000000000001,0.78000000000000003,-59.816782288219173,59.969126998045191,-33.013882245241014,29,17865,45
p000398,r0023,26,4.0999999999999996,0.5,-59.80034105963275,60.196991919479707,-0.25167457007652133,40,17910,45
p000399,r0011,12,4.0999999999999996,0.78000000000000003,-65.420430252619752,79.221722077846806,-33.149156739917117,40,17955,45
p000400,r0025,8,4.0999999999999996,0.78000000000000003,-82.161481519690867,136.96047607122904,-34.404650849688508,39,18000,45
p000401,r0002,12,4.0999999999999996,0.5,-60.305005215175804,60.373824315074621,0.48440954994940882,40,18045,45
p000402,r0003,26,2.3500000000000001,0.5,-59.980614130898388,59.62711714316913,0.27325150613537091,27,18090,45
p000403,r0026,18,3.0499999999999998,0.5,-60.291186980010238,59.907811127701464,-0.64168792615438686,37,18135,45
p000404,r0006,8,4.0999999999999996,0.22,-60.068510859512443,60.123442776403557,34.131212976502042,39,18180,45
p000405,r0004,26,3.3999999999999999,0.22,-59.596136784801693,59.503003509706595,32.851192644914768,40,18225,45
p000406,r0013,8,3.75,0.22,-71.293184556422375,63.378815488244676,34.200975478417931,39,18270,45
p000407,r0019,26,1.6499999999999999,0.22,-59.85235372575606,60.12278962456476,33.27825808749418,26,18315,45
p000408,r0014,18,3.75,0.5,-60.315746822665247,60.434498192044103,0.50937568468942795,40,18360,45
p000409,r0011,8,2.3500000000000001,0.5,-60.487807554941639,59.829961375738108,0.12107691039823437,31,18405,45
p000410,r0013,26,1.3,0.22,-60.078662845688079,58.942190112025806,32.307602461328749,26,18450,45
p000411,r0018,12,3.0499999999999998,0.78000000000000003,-60.206788435399773,59.667042907313004,-33.384545540002961,35,18495,45
p000412,r0023,18,2.3500000000000001,0.22,-65.284437519131728,61.74356858552153,33.347407242497809,29,18540,45
p000413,r0019,18,1.6499999999999999,0.22,-60.404534039563181,59.985562264209783,33.049741077379728,26,18585,45
p000414,r0025,26,1.6499999999999999,0.22,-59.843196777490803,60.685173898671081,33.718932349915463,26,18630,45
p000415,r0001,26,2,0.22,-59.709490740552951,59.655051539097457,33.844852237574372,26,18675,45
p000416,r0027,26,1.6499999999999999,0.5,-59.905451556363971,60.934595007508079,0.064571725572054095,26,18720,45
p000417,r0005,18,3.0499999999999998,0.22,-102.03861081363854,71.664825671895784,33.000069645078227,39,18765,45
p000418,r0009,18,1.6499999999999999,0.5,-60.664751726514979,59.546886481153294,-0.10893262268084242,26,18810,45
p000419,r0026,8,1.6499999999999999,0.5,-60.100296003381914,60.059131135705982,-0.47058243383796566,27,18855,45
p000420,r0015,12,2.7000000000000002,0.22,-62.450752828491744,60.744643199738967,34.091656073528213,34,18900,45
p000421,r0015,18,3.3999999999999999,0.5,-59.942503205769071,60.132400483969235,-0.35505136089991823,39,18945,45
p000422,r0017,26,1.3,0.78000000000000003,-59.778898552004705,59.768831118279657,-33.028398024542135,26,18990,45
p000423,r0001,12,3.3999999999999999,0.22,-59.33422998779065,60.531183014633783,33.710792154100403,39,19035,45
p000424,r0000,26,2.3500000000000001,0.22,-60.132907152163511,59.742286990659622,33.819744279238535,28,19080,45
p000425,r0003,12,2,0.5,-60.323419043063204,59.875845545730478,0.22621325133363684,27,19125,45
p000426,r0016,12,1.3,0.22,-67.915404487600085,62.518706119456752,33.373201785904243,26,19170,45
p000427,r0003,18,2.7000000000000002,0.78000000000000003,-59.865912858160371,60.168563882517908,-33.908327975211158,31,19215,45
p000428,r0024,18,1.3,0.22,-60.019482940417817,60.076614819807958,33.205473312558283,26,19260,45
p000429,r0013,12,2.7000000000000002,0.78000000000000003,-60.167972716201746,60.538246684423292,-34.062604448064242,32,19305,45
p000430,r0001,8,3.3999999999999999,0.22,-60.026011639819835,60.524482343847652,34.453373667440808,38,19350,45
p000431,r0010,8,3.0499999999999998,0.78000000000000003,-60.221162579866231,60.231278465265675,-33.271625549937212,34,19395,45
p000432,r0002,12,3.75,0.5,-60.064350028472788,60.42009631905627,-0.27212685470825876,39,19440,45
p000433,r0022,12,1.3,0.5,-59.663328086889329,59.830379312333854,0.53352561272226207,26,19485,45
p000434,r0020,12,3.0499999999999998,0.5,-60.263761011213766,59.470643605347369,0.053441297066801507,36,19530,45
p000435,r0001,12,1.3,0.22,-60.209352219487144,60.139195594576108,34.112515075482193,26,19575,45
p000436,r0005,26,1.6499999999999999,0.78000000000000003,-60.049489698358045,60.09697455847548,-34.067267561854678,26,19620,45
p000437,r0026,12,2.7000000000000002,0.22,-59.690808683651539,59.988523976129841,34.109070790977938,34,19665,45
p000438,r0000,8,2,0.78000000000000003,-59.797308951390427,60.136873292629296,-33.861788857706095,29,19710,45
p000439,r0026,26,2.7000000000000002,0.22,-60.664113956091619,59.96471529321051,32.976372858364037,35,19755,45
p000440,r0004,12,1.3,0.78000000000000003,-65.074433383467408,78.350842961781055,-33.070872587512739,26,19800,45
p000441,r0022,18,1.6499999999999999,0.78000000000000003,-59.43129435240192,59.892683489277978,-33.630019227232346,26,19845,45
p000442,r0004,12,3.75,0.78000000000000003,-61.900769388993425,67.686802085989015,-33.841503664497296,39,19890,45
p000443,r0016,8,1.3,0.22,-60.798934079111177,59.57881392005595,33.545709360239186,27,19935,45
p000444,r0025,26,3.75,0.78000000000000003,-60.207229759983164,59.851543108260941,-34.244299728969466,40,19980,45
p000445,r0018,18,4.0999999999999996,0.5,-60.191540443519514,59.272983943348308,-0.90927825008560315,40,20025,45
p000446,r0019,12,3.75,0.22,-59.375219490310286,59.792454246327026,33.125566024266817,40,20070,45
p000447,r0024,12,1.3,0.78000000000000003,-61.832787200310733,66.440055017404887,-34.062761912413293,26,20115,45
p000448,r0012,8,1.3,0.78000000000000003,-59.606193817725142,60.341309418246688,-32.767743105811341,27,20160,45
p000449,r0025,12,3.3999999999999999,0.22,-60.127152462950406,60.087154858715607,34.090007247949089,39,20205,45
p000450,r0009,8,1.3,0.5,-59.478870325788435,60.582487815887347,1.0018087450494562,27,20250,45
p000451,r0019,18,1.6499999999999999,0.5,-60.197107526364377,60.09438238582436,-0.50136257027000819,26,20295,45
p000452,r0001,12,3.75,0.22,-58.71934685747317,60.001847547740809,34.333184778593733,40,20340,45
p000453,r0001,12,2,0.78000000000000003,-60.811426559555876,59.937143902005865,-34.6967410580123,27,20385,45
p000454,r0024,18,4.0999999999999996,0.78000000000000003,-60.736572427421756,60.493888354399687,-34.515871055421044,40,20430,45
p000455,r0004,8,1.6499999999999999,0.78000000000000003,-67.415380554898377,87.478400168929753,-32.888748795656184,28,20475,45
p000456,r0001,12,2.7000000000000002,0.5,-60.111403127028609,59.321470477422508,0.055033675196949627,32,20520,45
p000457,r0025,18,3.3999999999999999,0.5,-60.807800915381435,60.344202664296532,0.21820087445754838,39,20565,45
p000458,r0006,8,1.3,0.22,-59.626933182251236,59.659927392178929,33.866818065804296,27,20610,45
p000459,r0001,18,2,0.22,-60.500153515617995,59.457464948107827,32.616788886088145,27,20655,45
p000460,r0006,8,3.3999999999999999,0.5,-60.12303557073065,60.625874307734762,-0.19858063149794419,37,20700,45
p000461,r0020,26,3.0499999999999998,0.78000000000000003,-60.186061006435224,59.832875264336295,-34.231895026865502,38,20745,45
p000462,r0004,8,3.3999999999999999,0.22,-60.362776634136523,59.54036788953875,33.611676094330193,38,20790,45
p000463,r0001,26,3.0499999999999998,0.5,-59.687990126504765,59.893414787977427,0.55271233073633108,38,20835,45
p000464,r0014,8,1.3,0.22,-59.445167052909056,59.795724757892373,34.012728559516063,27,20880,45
p000465,r0018,18,4.0999999999999996,0.78000000000000003,-59.406174872786337,59.652025493624606,-33.66337079217594,40,20925,45
p000466,r0003,18,2.3500000000000001,0.22,-68.398619965600219,62.785193058224039,34.374754192982707,28,20970,45
p000467,r0009,8,2.7000000000000002,0.5,-60.282506581880234,59.230213740026521,-0.076146420926856695,32,21015,45
p000468,r0012,18,4.0999999999999996,0.5,-59.566175518235411,59.940147186687867,-0.2630141657737724,40,21060,45
p000469,r0005,26,3.0499999999999998,0.22,-59.920683295073459,59.704813413042899,32.937204137257297,40,21105,45
p000470,r0026,26,1.3,0.22,-65.070671006303243,61.531118688146009,34.128724955367176,26,21150,45
p000471,r0012,18,2.7000000000000002,0.22,-59.947729372831432,60.297266096880065,33.393367093543532,35,21195,45
p000472,r0025,12,1.6499999999999999,0.22,-60.40866217548286,60.251661887448677,33.25639059360374,27,21240,45
p000473,r0013,26,3.3999999999999999,0.78000000000000003,-62.757481742167613,69.829511049981761,-34.038343327894751,40,21285,45
p000474,r0026,18,2,0.78000000000000003,-59.601968881834068,60.158043488296052,-33.704766160405448,27,21330,45
p000475,r0001,8,2.7000000000000002,0.22,-66.121127147020445,61.785019354497749,33.195667124163748,34,21375,45
p000476,r0014,12,3.75,0.5,-60.048931658385058,60.326583250073,0.58882579584397088,39,21420,45
p000477,r0023,8,2.7000000000000002,0.5,-60.071088251510794,59.823914700126799,-0.57358677569199723,33,21465,45
p000478,r0024,18,1.6499999999999999,0.22,-59.910010859597762,59.699363343819854,33.835301019067984,26,21510,45
p000479,r0015,26,3.0499999999999998,0.5,-60.124239817480159,59.659081762937504,-0.68257902727132769,37,21555,45
p000480,r0008,26,2.3500000000000001,0.78000000000000003,-59.61227408417237,60.080046092686537,-33.729963645263418,27,21600,45
p000481,r0022,8,1.6499999999999999,0.5,-59.923411078389144,59.712300172014714,0.3444445468127853,28,21645,45
p000482,r0012,18,2,0.5,-59.843402763606299,60.348045831054229,0.70232153372396477,26,21690,45
p000483,r0012,18,2.7000000000000002,0.5,-59.363385216487693,59.818044923810398,-0.22267014633864762,30,21735,45
p000484,r0025,26,3.3999999999999999,0.78000000000000003,-61.500271584209472,64.943337583920169,-34.132677567220952,40,21780,45
p000485,r0004,26,3.75,0.5,-60.064404953310017,60.185410969131908,-0.38949699208905458,40,21825,45
p000486,r0005,12,4.0999999999999996,0.5,-59.908612326328843,60.002836737157402,-0.40288779458572038,40,21870,45
p000487,r0000,26,2.7000000000000002,0.5,-60.103823619547114,59.626492287923043,0.21133433418796416,31,21915,45
p000488,r0018,12,3.0499999999999998,0.5,-60.223564514941927,59.630710945952558,-0.74642678449468458,36,21960,45
p000489,r0018,18,1.6499999999999999,0.5,-59.933575184424015,60.070602374962448,-0.3814864047307836,26,22005,45
p000490,r0015,12,1.3,0.5,-59.787995850835912,59.900205067349717,-0.3938953917430979,26,22050,45
p000491,r0005,26,2.7000000000000002,0.5,-60.640874815124171,59.990034257806464,0.12457972134114642,31,22095,45
p000492,r0010,18,2.3500000000000001,0.78000000000000003,-63.503360721824592,72.272844652553374,-34.082595539461451,28,22140,45
p000493,r0015,8,3.3999999999999999,0.78000000000000003,-63.570641011724334,74.849078334284513,-33.568302755602389,37,22185,45
p000494,r0003,12,3.75,0.22,-59.910293621640236,59.997097836446954,34.067471715667779,40,22230,45
p000495,r0011,8,2,0.5,-60.251065118599307,60.620953959675809,0.63494442053825106,28,22275,45
p000496,r0016,18,1.6499999999999999,0.22,-59.297110213480536,59.76451365631867,33.12095640496284,26,22320,45
p000497,r0019,26,3.75,0.22,-65.876684970244781,61.384008321145934,33.836655797039981,40,22365,45
p000498,r0002,12,1.6499999999999999,0.22,-59.43855582705136,60.466668112597247,34.537518845874558,27,22410,45
p000499,r0017,26,4.0999999999999996,0.78000000000000003,-66.624828503950567,82.684165618391461,-34.226849797035328,40,22455,45
p000500,r0025,18,3.75,0.78000000000000003,-65.175615300366744,78.707753455776569,-33.971274174015221,40,22500,45
p000501,r0013,18,2,0.22,-60.190150547567555,59.657203975739222,33.740785980611733,26,22545,45
p000502,r0006,26,3.0499999999999998,0.22,-59.555987479856753,59.640635922920744,32.967378774309694,39,22590,45
p000503,r0023,12,2,0.5,-59.8462860646816,60.294270580237857,-0.22600774222187142,27,22635,45
p000504,r0012,12,1.6499999999999999,0.5,-59.287314353023824,60.431518290649187,0.12210196881268159,26,22680,45
p000505,r0013,8,2.3500000000000001,0.22,-60.043748624288625,59.802704142690956,32.986484533955448,31,22725,45
p000506,r0023,12,2.3500000000000001,0.22,-59.695195896563035,60.32670397279233,33.471886001534145,30,22770,45
p000507,r0000,8,1.6499999999999999,0.22,-61.971498039427985,60.584756744798,33.172380692268277,28,22815,45
p000508,r0016,12,1.6499999999999999,0.78000000000000003,-59.543187218997545,60.077231806867971,-33.676695033307141,26,22860,45
p000509,r0000,26,2,0.22,-58.89395782006784,59.968251707007525,33.36856561105094,26,22905,45
p000510,r0014,8,3.3999999999999999,0.22,-60.508178508747051,59.637247506682797,33.655253783288231,38,22950,45
p000511,r0001,18,2.3500000000000001,0.78000000000000003,-60.216189710514271,60.629831171630002,-34.08006511644254,28,22995,45
p000512,r0010,18,3.3999999999999999,0.78000000000000003,-61.751114607771726,64.951522410985859,-33.426534463645055,39,23040,45
p000513,r0014,26,3.75,0.5,-60.311952699048774,60.196098863387647,0.39207308216943632,40,23085,45
p000514,r0012,18,2.3500000000000001,0.22,-60.115902476979144,60.871509146882303,34.704278589632793,29,23130,45
p000515,r0016,18,2,0.5,-59.927058705180031,60.067830014592914,-0.37961434529355814,26,23175,45
p000516,r0026,12,1.6499999999999999,0.22,-59.968210172044145,60.1091250611696,33.242111309862572,26,23220,45
p000517,r0026,12,3.0499999999999998,0.5,-60.013082940052094,59.933484858720085,0.41020095933399575,35,23265,45
p000518,r0009,26,3.75,0.5,-60.569898449980528,60.013338798407148,-0.72827982578669004,40,23310,45
p000519,r0013,26,2,0.5,-60.334507193650481,59.919351707681258,0.24242225701538872,26,23355,45
p000520,r0010,8,3.3999999999999999,0.22,-72.029118277105397,63.505852265203913,34.138158745895865,38,23400,45
p000521,r0025,12,2.7000000000000002,0.22,-60.160540689459793,60.136170932475046,34.120894375649385,34,23445,45
p000522,r0012,8,1.6499999999999999,0.5,-60.085246375351637,60.595998893571796,-0.19462374088992079,27,23490,45
p000523,r0001,26,2.3500000000000001,0.22,-59.386639326349382,59.67883764699949,33.934432712862744,28,23535,45
p000524,r0015,18,2.3500000000000001,0.5,-60.268507572608577,59.864014707728735,0.2477535675600791,28,23580,45
p000525,r0003,12,3.3999999999999999,0.78000000000000003,-70.299199813090553,93.898599000887828,-33.725684074015319,38,23625,45
p000526,r0015,12,3.3999999999999999,0.22,-86.240518081142042,67.796001764737071,34.357967398643666,39,23670,45
p000527,r0011,26,3.0499999999999998,0.5,-60.337323185366841,59.701617481967375,0.1321471483002668,38,23715,45
p000528,r0012,8,2.7000000000000002,0.5,-59.979779187311124,59.580663317462637,-0.6495579349242433,32,23760,45
p000529,r0006,26,3.75,0.22,-60.12462219751302,60.058070161453969,34.067877842481238,40,23805,45
p000530,r0011,12,3.3999999999999999,0.22,-59.999070801599487,59.971648813771722,34.028090498390057,39,23850,45
p000531,r0017,12,3.75,0.5,-60.241631725666842,60.0424976526024,0.3504329634677788,39,23895,45
p000532,r0005,12,3.75,0.5,-60.103202329225198,60.222348066714758,0.50957286874478025,40,23940,45
p000533,r0015,12,2.7000000000000002,0.78000000000000003,-67.08090962405214,86.398802186664327,-33.765373025694529,32,23985,45
p000534,r0003,8,2.7000000000000002,0.5,-60.620245393733967,60.054684828967879,-0.73278028238304382,31,24030,45
p000535,r0014,8,2.7000000000000002,0.78000000000000003,-60.27788022248042,60.149647075698638,-33.333824216881027,32,24075,45
p000536,r0023,12,1.6499999999999999,0.78000000000000003,-60.452469162331269,60.220283322887042,-33.454463615583236,27,24120,45
p000537,r0017,26,2.3500000000000001,0.22,-60.906813361210354,60.346764022027315,34.120976997715033,27,24165,45
p000538,r0007,18,1.6499999999999999,0.5,-59.840190635284159,60.009749971178081,0.53477966794696097,26,24210,45
p000539,r0006,26,3.75,0.5,-59.666450488830776,60.464743824576189,0.84914666787270643,40,24255,45
p000540,r0001,26,3.0499999999999998,0.78000000000000003,-60.560112507090309,60.454699508703726,-34.386853863615627,37,24300,45
p000541,r0004,18,2.3500000000000001,0.78000000000000003,-59.952273565524202,60.192122408999829,-33.970506451128919,28,24345,45
p000542,r0024,8,1.6499999999999999,0.78000000000000003,-65.561796180380853,78.860985046053301,-34.23878431056535,28,24390,45
p000543,r0020,18,4.0999999999999996,0.5,-59.81238815285959,60.347269250561062,0.71744054885073605,40,24435,45
p000544,r0010,26,2.7000000000000002,0.78000000000000003,-59.977873180660552,59.59127970071205,-33.222659546758578,31,24480,45
p000545,r0015,8,2.3500000000000001,0.78000000000000003,-60.137691165161229,60.388336462217652,-34.071965087137883,30,24525,45
p000546,r0013,8,4.0999999999999996,0.78000000000000003,-66.841680361786501,83.53274074673044,-33.309307717912773,39,24570,45
p000547,r0023,18,1.6499999999999999,0.5,-60.415827054771107,60.551397014499663,0.51778497986427818,26,24615,45
p000548,r0003,26,3.75,0.5,-60.4105903138678,59.898721843344035,0.19406576473811726,40,24660,45
p000549,r0025,8,1.6499999999999999,0.78000000000000003,-60.517818031509861,59.939073868352999,-34.46730181354004,27,24705,45
p000550,r0013,18,2.7000000000000002,0.22,-59.99474783379253,60.043071695219723,34.084751398837028,34,24750,45
p000551,r0010,26,2,0.22,-59.927068818503869,59.485504485805521,32.764738358857457,26,24795,45
p000552,r0026,8,4.0999999999999996,0.22,-65.120344074657424,60.885245590777672,33.614015864381955,40,24840,45
p000553,r0014,12,2.3500000000000001,0.78000000000000003,-62.250804694036674,66.873047845458046,-34.293557135347839,29,24885,45
p000554,r0026,26,2.7000000000000002,0.5,-59.06226504493133,59.61269699616043,0.7252159756145502,31,24930,45
p000555,r0017,8,4.0999999999999996,0.5,-60.525083575648971,59.494195065746645,-0.06544425495116285,39,24975,45
p000556,r0026,18,3.3999999999999999,0.5,-60.354420616659382,59.989521277814418,0.26755033057751804,40,25020,45
p000557,r0010,18,2,0.22,-60.430336688283887,59.612421756897255,32.753014898957403,27,25065,45
p000558,r0016,26,1.3,0.5,-59.964027849179224,60.22827759187097,-0.31787512865412709,26,25110,45
p000559,r0002,8,2.7000000000000002,0.78000000000000003,-60.427282556349297,59.839354136441528,-34.418622483935323,33,25155,45
p000560,r0006,26,1.6499999999999999,0.22,-95.729681530535004,69.835068388801091,32.960823406547149,26,25200,45
p000561,r0021,18,1.6499999999999999,0.22,-60.040707752991239,59.943095331997796,33.09665865330021,26,25245,45
p000562,r0004,12,1.6499999999999999,0.22,-65.080882620632764,61.451206205864793,34.064146664035334,27,25290,45
p000563,r0025,12,1.3,0.22,-59.726847128082944,59.970298345158618,33.186926341045471,26,25335,45
p000564,r0018,8,2.7000000000000002,0.22,-59.874101086172502,59.918371242563367,33.11402733024147,35,25380,45
p000565,r0017,8,3.75,0.78000000000000003,-60.056234353177075,60.176548018700821,-34.055022231363957,38,25425,45
p000566,r0010,8,2.3500000000000001,0.78000000000000003,-60.075251627557456,60.019114638437955,-34.104491049038472,30,25470,45
p000567,r0025,18,3.0499999999999998,0.5,-60.175851313987643,59.876500820778567,-0.59967524660453786,37,25515,45
p000568,r0004,8,3.0499999999999998,0.78000000000000003,-60.254143499645643,59.276662283425814,-34.407366227369927,35,25560,45
p000569,r0006,8,3.75,0.78000000000000003,-60.026058567283656,60.482860194646129,-33.064096439659103,38,25605,45
p000570,r0012,26,1.3,0.78000000000000003,-61.519838053341189,67.940999504583758,-32.588453790597697,26,25650,45
p000571,r0016,26,2.3500000000000001,0.22,-60.350397285928807,59.326545360339232,32.547617978160261,28,25695,45
p000572,r0024,18,3.0499999999999998,0.78000000000000003,-83.007065171547396,142.27790029337271,-33.89437276926499,37,25740,45
p000573,r0006,12,3.75,0.78000000000000003,-59.856077141725549,60.659361878486685,-33.792680557278864,39,25785,45
p000574,r0021,26,3.0499999999999998,0.5,-59.455373163531519,59.460103914822383,0.45236537564543228,38,25830,45
p000575,r0022,12,4.0999999999999996,0.5,-59.923758876245792,59.897245802646289,0.43674346320024854,40,25875,45
p000576,r0018,18,3.3999999999999999,0.22,-59.518988559419483,59.923554874636515,34.096195319144201,40,25920,45
p000577,r0003,18,1.6499999999999999,0.78000000000000003,-64.577036930633454,75.53164185786855,-33.303127597163012,26,25965,45
p000578,r0024,8,3.75,0.5,-60.045696530939452,60.263966258564324,-0.34086513618756414,38,26010,45
p000579,r0017,12,1.6499999999999999,0.5,-59.184704350738819,60.369505212378932,1.0424004308200565,26,26055,45
p000580,r0022,8,4.0999999999999996,0.5,-60.650592730835726,59.476503173511432,-0.13704477866214687,39,26100,45
p000581,r0020,8,3.0499999999999998,0.5,-60.120333945268825,59.404560464798195,0.092113259764684596,33,26145,45
p000582,r0022,8,2,0.22,-59.415106330354163,60.260041645626913,33.481509090911075,29,26190,45
p000583,r0009,18,3.3999999999999999,0.22,-60.354329201253364,59.869317434376953,32.970115174538279,40,26235,45
p000584,r0019,18,1.3,0.5,-59.971499679845337,60.080386899505854,-0.3955563901697417,26,26280,45
p000585,r0026,12,2.3500000000000001,0.78000000000000003,-60.018843226173971,59.414425778348118,-34.193524045179117,29,26325,45
p000586,r0023,12,1.3,0.5,-60.303554635992299,60.192389315923876,-0.50558266003421148,26,26370,45
p000587,r0025,8,1.6499999999999999,0.5,-59.903473277118863,60.143527237257629,0.57002698006938313,27,26415,45
p000588,r0021,12,3.3999999999999999,0.22,-78.726359260269547,65.817375572848576,33.567753909562583,39,26460,45
p000589,r0000,18,1.6499999999999999,0.22,-59.951100292507277,59.913258514331048,33.093099576826617,26,26505,45
p000590,r0019,18,2.7000000000000002,0.5,-60.313995335557642,60.546564712809221,0.56628468862578951,32,26550,45
p000591,r0010,18,3.3999999999999999,0.22,-60.204476399988209,60.576357281065327,34.454573871233549,40,26595,45
p000592,r0011,8,3.75,0.22,-75.507831662324406,64.677196090055759,33.386489984532119,39,26640,45
p000593,r0027,8,1.6499999999999999,0.78000000000000003,-62.287738557414258,67.078457657889203,-34.277175390047503,27,26685,45
p000594,r0020,8,2.7000000000000002,0.22,-60.132224559464277,60.755830604018257,33.710458468052096,34,26730,45
p000595,r0006,12,3.0499999999999998,0.78000000000000003,-67.176707175081006,87.482192859212446,-33.601749167536454,36,26775,45
p000596,r0008,18,3.3999999999999999,0.5,-59.776775267109812,59.78754312928767,0.45538393108892877,39,26820,45
p000597,r0013,8,2,0.22,-59.572443618897779,59.772131514553166,33.066324985193958,29,26865,45
p000598,r0015,18,3.3999999999999999,0.78000000000000003,-60.419623440472918,60.006713612339276,-34.375829288854241,39,26910,45
p000599,r0018,12,3.75,0.5,-59.946983059564324,59.387331064983307,-0.72982599729050857,39,26955,45
p000600,r0014,26,2,0.22,-59.36233319401758,59.977718359151297,34.17290701745415,26,27000,45
p000601,r0023,26,2.7000000000000002,0.78000000000000003,-60.320335672990268,60.155821823669491,-33.36558102372512,31,27045,45
p000602,r0008,26,1.6499999999999999,0.78000000000000003,-64.612502626728372,76.303710821984851,-34.060935668011467,26,27090,45
p000603,r0001,8,2,0.5,-60.02060407691026,60.646866601794088,-0.13686873755808621,28,27135,45
p000604,r0005,8,3.3999999999999999,0.78000000000000003,-63.58193117703577,71.922238281922787,-34.221013896064889,36,27180,45
p000605,r0026,26,2.7000000000000002,0.78000000000000003,-60.059736190953231,59.945522198235622,-33.208579345331685,31,27225,45
p000606,r0015,8,3.3999999999999999,0.5,-59.56270075435804,60.596306142685187,0.06680269416357304,37,27270,45
p000607,r0015,8,2.7000000000000002,0.5,-59.884258586324037,59.454236252692766,-0.66501116681563555,31,27315,45
p000608,r0009,26,2.3500000000000001,0.5,-59.617377098541681,60.065557682153354,0.67409029180583668,27,27360,45
p000609,r0013,18,1.3,0.5,-60.345510508951556,59.431481322925414,-0.90701459301307064,26,27405,45
p000610,r0001,18,4.0999999999999996,0.5,-60.133359520792126,60.377565762198529,-0.32789687929679873,40,27450,45
p000611,r0025,8,3.3999999999999999,0.22,-74.083888567429852,64.381824982517443,33.469368001529034,37,27495,45
p000612,r0004,26,1.3,0.5,-60.266869918985925,59.852578585438344,0.24285433322620947,26,27540,45
p000613,r0014,26,2.3500000000000001,0.5,-60.034401062035613,60.383993741488638,-0.27520366027348758,27,27585,45
p000614,r0010,18,2,0.78000000000000003,-69.547675221560269,94.547605854166392,-32.996713384900403,26,27630,45
p000615,r0012,18,3.0499999999999998,0.78000000000000003,-61.828606007370993,68.325411496799987,-33.644722156453383,37,27675,45
p000616,r0025,26,2,0.22,-59.775585090539593,59.746478129552109,33.901624221131939,26,27720,45
p000617,r0020,8,4.0999999999999996,0.22,-92.671296914193618,68.824063046475004,33.745083855127909,39,27765,45
p000618,r0002,18,2,0.22,-59.806366933471381,60.764460223131962,33.788878248679225,27,27810,45
p000619,r0007,18,4.0999999999999996,0.5,-59.48622202808572,59.326779961100911,-0.52972103349240451,40,27855,45
p000620,r0004,8,2.7000000000000002,0.78000000000000003,-59.737371053480118,60.108828313771873,-32.921207192684669,30,27900,45
p000621,r0005,8,4.0999999999999996,0.5,-59.885728190376092,60.201930753009997,0.60810128131695218,39,27945,45
p000622,r0008,8,1.3,0.5,-60.048611718962547,60.31491458862061,0.5831514348290312,27,27990,45
p000623,r0004,26,4.0999999999999996,0.22,-61.517843603982257,60.640668659148091,34.215795961259417,40,28035,45
p000624,r0026,26,1.6499999999999999,0.22,-60.615746396311351,60.27475434562588,33.228844182399683,26,28080,45
p000625,r0022,12,2,0.22,-59.989204363005868,60.250845834297635,33.348034790890864,27,28125,45
p000626,r0006,18,3.0499999999999998,0.5,-59.469263601210088,59.358917650917135,0.39482702485352378,36,28170,45
p000627,r0010,8,3.75,0.22,-59.999358376126338,59.98382157827443,34.037521988306267,39,28215,45
p000628,r0024,8,3.3999999999999999,0.78000000000000003,-59.814209905858661,59.710531182516014,-33.968766866416239,37,28260,45
p000629,r0014,8,3.75,0.5,-60.153459764184824,60.24934664651277,-0.40205655883602703,38,28305,45
p000630,r0027,18,2,0.78000000000000003,-59.247560987973451,60.168469101755491,-32.526034368233084,26,28350,45
p000631,r0013,18,3.0499999999999998,0.78000000000000003,-61.489671218873667,64.904825375841881,-33.232881968036253,36,28395,45
p000632,r0001,12,1.6499999999999999,0.5,-60.182305138111708,59.740577971714096,0.22913641680119384,26,28440,45
p000633,r0021,26,4.0999999999999996,0.5,-59.597694711154631,59.341482227511861,-0.57810624182138493,40,28485,45
p000634,r0007,18,2.3500000000000001,0.78000000000000003,-60.309124399883487,59.27967266802731,-33.549589044943112,28,28530,45
p000635,r0014,26,3.0499999999999998,0.78000000000000003,-60.044361783100541,59.829356985895643,-33.222143653921378,38,28575,45
p000636,r0020,26,3.3999999999999999,0.5,-59.917669659650066,60.116130435265866,0.5492303878078999,40,28620,45
p000637,r0008,18,2.3500000000000001,0.5,-60.083818687918793,60.058063388894354,0.43712235048778042,28,28665,45
p000638,r0020,8,1.6499999999999999,0.22,-59.895942886144439,59.600255549206409,32.861091893429219,28,28710,45
p000639,r0018,8,3.0499999999999998,0.22,-60.396474422381843,60.653512369945695,34.47251527563364,36,28755,45
p000640,r0021,12,3.3999999999999999,0.5,-59.852304277960521,60.281423774674344,0.66455974835691189,38,28800,45
p000641,r0018,18,3.0499999999999998,0.5,-59.939455147049465,60.046512963667119,0.50352890830882724,36,28845,45
p000642,r0014,8,1.6499999999999999,0.5,-59.716389330015808,59.869277384144617,0.52644402706440441,27,28890,45
p000643,r0000,26,1.6499999999999999,0.22,-60.039274434464097,60.768169354494539,33.740531720923634,26,28935,45
p000644,r0013,18,3.0499999999999998,0.5,-59.824982901350204,60.245651201833347,0.6603341502415716,37,28980,45
p000645,r0016,18,3.75,0.78000000000000003,-60.575547306732318,59.609137227498579,-33.684916709201516,40,29025,45
p000646,r0012,18,3.75,0.78000000000000003,-60.030650873095496,60.386048140961329,-33.088977090003006,40,29070,45
p000647,r0011,26,2,0.22,-92.105650853746837,68.810754599149277,33.85914539951213,26,29115,45
p000648,r0010,8,2,0.5,-59.746506537413957,60.641446568417656,-0.0025299844981503949,28,29160,45
p000649,r0004,12,4.0999999999999996,0.22,-59.904146316519103,59.806527935797106,33.92017960028754,40,29205,45
p000650,r0026,12,3.75,0.22,-60.423317621117903,60.786429771899996,33.670285345436056,40,29250,45
p000651,r0021,8,3.3999999999999999,0.22,-59.785918578632888,59.900667021365933,34.019618189366199,38,29295,45
p000652,r0011,26,1.3,0.5,-59.665473425441846,59.749874906539716,-0.40779925945106471,26,29340,45
p000653,r0002,18,2.7000000000000002,0.5,-59.133966214946113,60.190504937113204,0.97826936108354512,32,29385,45
p000654,r0023,8,2.3500000000000001,0.78000000000000003,-62.128060591965891,67.05332719121833,-33.25815527966536,29,29430,45
p000655,r0013,8,3.75,0.5,-59.543640834082431,60.653121048970853,1.0047401074442106,38,29475,45
p000656,r0001,12,2,0.5,-60.038888478983537,59.746268561857889,-0.5963099585628242,27,29520,45
p000657,r0005,18,2,0.22,-59.48134434326397,59.975091792988792,33.244675843013184,27,29565,45
p000658,r0022,26,2.7000000000000002,0.78000000000000003,-59.6435453228409,60.49758231181665,-33.662497243216244,32,29610,45
p000659,r0027,8,1.6499999999999999,0.22,-60.209557062061037,60.452905879744776,34.357164032547502,28,29655,45
p000660,r0003,8,4.0999999999999996,0.5,-60.15273016897914,59.870496940455773,0.30888338573831647,39,29700,45
p000661,r0018,26,2.7000000000000002,0.22,-64.105415566857559,60.925207380513577,32.968470332091925,34,29745,45
p000662,r0012,8,3.75,0.22,-60.535502472732475,59.756994231939657,33.742644956911789,39,29790,45
p000663,r0010,12,4.0999999999999996,0.22,-60.72486170440304,59.537625555199725,33.529878358087117,40,29835,45
p000664,r0006,26,1.6499999999999999,0.78000000000000003,-60.442924268882663,59.408328601548632,-33.625648637387783,26,29880,45
p000665,r0019,8,4.0999999999999996,0.22,-59.826103859975653,60.609441444617588,33.663621477607073,39,29925,45
p000666,r0002,8,2.3500000000000001,0.78000000000000003,-63.222766324898508,69.208259672743054,-33.63794060541737,30,29970,45
p000667,r0008,26,2,0.22,-85.051854703706908,67.027501247274998,34.020042938058985,26,30015,45
p000668,r0024,8,4.0999999999999996,0.5,-59.580054929368039,60.364861246039773,0.84240315833586688,39,30060,45
p000669,r0015,18,2,0.78000000000000003,-60.144740385949376,59.833866273935222,-34.199446920774783,27,30105,45
p000670,r0019,26,3.3999999999999999,0.78000000000000003,-60.000611691853592,60.205653505953208,-33.1052333483361,40,30150,45
p000671,r0000,18,3.75,0.5,-60.289299703655324,60.146183913961998,-0.52155789484666282,40,30195,45
p000672,r0021,12,2.7000000000000002,0.22,-59.378789066545323,59.946686482616926,33.245081861801225,34,30240,45
p000673,r0024,18,1.6499999999999999,0.78000000000000003,-59.635451170070183,59.960464879637385,-32.874349639134522,26,30285,45
p000674,r0017,18,4.0999999999999996,0.78000000000000003,-61.13307495960462,65.415764104226128,-33.742330365561855,40,30330,45
p000675,r0008,18,4.0999999999999996,0.5,-59.446913935714583,60.057022494843345,-0.14494572043561932,40,30375,45
p000676,r0014,26,3.3999999999999999,0.22,-59.362328345625386,60.363430861793574,33.573763836161405,40,30420,45
p000677,r0017,12,2,0.22,-60.089036502274872,60.740967313305894,34.608366473878128,28,30465,45
p000678,r0023,12,1.3,0.22,-60.152326237647991,60.151672636483887,33.234792884174873,26,30510,45
p000679,r0001,8,1.3,0.78000000000000003,-60.961502396608807,64.176159278704262,-33.881216828039939,26,30555,45
p000680,r0012,8,4.0999999999999996,0.78000000000000003,-64.849332646708561,77.638061457961541,-33.952105943681147,39,30600,45
p000681,r0026,8,1.3,0.22,-59.484062751736744,60.394237280303315,34.471011273254504,27,30645,45
p000682,r0006,8,1.6499999999999999,0.5,-59.543199322259824,60.084380091840558,-0.179409615209633,27,30690,45
p000683,r0005,26,2.3500000000000001,0.78000000000000003,-59.779851830117877,60.347621364248319,-33.801807727357321,27,30735,45
p000684,r0009,8,1.6499999999999999,0.78000000000000003,-61.322339700842967,65.485071940769799,-33.874709139688164,27,30780,45
p000685,r0006,18,2.7000000000000002,0.22,-59.791260825490063,59.497353310960477,32.803858200941349,35,30825,45
p000686,r0015,12,1.6499999999999999,0.5,-59.844881115575483,59.574245137903681,0.31468201116409916,26,30870,45
p000687,r0027,26,1.3,0.78000000000000003,-63.255036084832341,72.443534327472349,-32.951350594125316,26,30915,45
p000688,r0002,26,1.6499999999999999,0.22,-60.057027528566024,59.825475166053081,33.001324573236872,26,30960,45
p000689,r0027,26,1.6499999999999999,0.78000000000000003,-60.196384733373847,60.427220225649315,-34.109191642388758,26,31005,45
p000690,r0007,26,3.75,0.5,-60.399911149120193,59.847545506065323,-0.72618282152743485,40,31050,45
p000691,r0005,18,1.6499999999999999,0.78000000000000003,-60.40630969014525,60.423201018959354,-33.373817334142238,26,31095,45
p000692,r0007,18,2.7000000000000002,0.78000000000000003,-61.709566469862565,66.04547997735429,-34.05345625147487,31,31140,45
p000693,r0007,8,3.75,0.5,-60.194656642572781,59.609712066968697,-0.74247228780204177,38,31185,45
p000694,r0013,8,2.3500000000000001,0.78000000000000003,-59.74967546785539,60.543858901367031,-32.835097906626459,30,31230,45
p000695,r0015,8,1.3,0.22,-60.283905510596682,59.858548358899782,32.977208507610555,27,31275,45
p000696,r0022,18,3.3999999999999999,0.78000000000000003,-59.649036102098492,59.650217624539053,-32.953200282238228,39,31320,45
p000697,r0027,18,1.3,0.78000000000000003,-60.318780330712656,60.406595426197136,-34.209197664192509,26,31365,45
p000698,r0027,26,3.0499999999999998,0.78000000000000003,-60.241536534432022,59.654898088081126,-33.414320917479131,36,31410,45
p000699,r0000,8,3.3999999999999999,0.22,-81.746724861448328,65.819288318310541,33.804765418763594,37,31455,45
p000700,r0024,18,2.7000000000000002,0.78000000000000003,-60.152606238990529,59.771502381675489,-34.21930234244401,32,31500,45
p000701,r0018,8,3.75,0.78000000000000003,-60.443552697946025,59.770310881198604,-33.546502710534206,37,31545,45
p000702,r0015,12,3.3999999999999999,0.78000000000000003,-59.425471370490548,60.224056637192682,-32.652575208800236,38,31590,45
p000703,r0012,12,3.75,0.5,-60.114991842601519,60.22894946998975,0.50697881369411557,39,31635,45
p000704,r0026,18,2.7000000000000002,0.22,-60.181447935770755,59.954940913732585,33.974935366841855,33,31680,45
p000705,r0015,8,1.6499999999999999,0.78000000000000003,-62.950550492823453,68.59705893958963,-33.560076417692571,28,31725,45
p000706,r0014,12,1.3,0.22,-75.919255513350564,63.903591214942637,33.592564934718141,26,31770,45
p000707,r0023,26,2,0.78000000000000003,-59.386787851500671,60.315733677477986,-33.502233115125371,26,31815,45
p000708,r0009,26,2.7000000000000002,0.5,-61.086235644858355,59.97221514749905,-1.0070102486796528,30,31860,45
p000709,r0006,8,2.7000000000000002,0.78000000000000003,-64.822358662609645,78.247696320570299,-33.796946566310069,32,31905,45
p000710,r0022,26,2,0.78000000000000003,-60.084383200950327,60.160990787793992,-33.180400923426575,26,31950,45
p000711,r0022,8,1.6499999999999999,0.22,-62.01106723152666,60.397792967655093,33.917843723835105,27,31995,45
p000712,r0014,8,1.3,0.5,-59.797159383671087,60.171164511753702,0.63700256404130751,27,32040,45
p000713,r0022,26,1.6499999999999999,0.5,-59.800040791057981,59.945754702692369,-0.37714304418280592,26,32085,45
p000714,r0000,18,2.3500000000000001,0.22,-60.277612082590537,60.621572754626314,34.473752090438609,29,32130,45
p000715,r0017,12,1.6499999999999999,0.22,-60.308481390558569,59.72959731805728,32.871220002161792,26,32175,45
p000716,r0027,8,3.3999999999999999,0.5,-59.446561238274676,60.43507906671163,0.94425891421847719,37,32220,45
p000717,r0026,26,1.6499999999999999,0.5,-59.781151749458708,60.344126869326026,-0.1685124400663412,26,32265,45
p000718,r0002,18,3.0499999999999998,0.22,-59.9661348924053,59.936805522210399,33.108158630994943,39,32310,45
p000719,r0001,8,2.7000000000000002,0.78000000000000003,-59.614204663664665,59.721355108671261,-32.910381513750764,32,32355,45
p000720,r0025,18,2,0.22,-60.004293971194727,60.354460406894901,33.425534443715179,27,32400,45
p000721,r0008,26,3.3999999999999999,0.22,-105.70402538442545,73.184047017150931,34.278671088804131,40,32445,45
p000722,r0001,18,2.7000000000000002,0.22,-66.615122229593311,62.260911425155342,33.45818402111064,34,32490,45
p000723,r0013,18,1.6499999999999999,0.78000000000000003,-62.935967152853458,69.602837313446685,-33.327430170267434,26,32535,45
p000724,r0021,8,4.0999999999999996,0.5,-60.382971693455914,60.26326825224794,0.39014827939601276,39,32580,45
p000725,r0023,12,3.75,0.78000000000000003,-59.695508164621955,60.05782977649752,-32.899773817575671,39,32625,45
p000726,r0015,12,3.3999999999999999,0.5,-60.284976913723533,60.04502344138303,-0.56997673617025124,38,32670,45
p000727,r0000,26,1.6499999999999999,0.5,-59.601308206460807,59.807894406535659,0.55329310003742616,26,32715,45
p000728,r0015,8,1.3,0.5,-60.154634658820285,60.662007744013962,-0.19631345740316136,27,32760,45
p000729,r0023,8,2,0.78000000000000003,-60.020350710942097,59.881110194197731,-33.192029311811339,29,32805,45
p000730,r0008,8,2,0.5,-59.596349617881522,60.073855140124699,-0.21124723887841129,28,32850,45
p000731,r0007,8,2.7000000000000002,0.22,-60.188544946845887,60.557568151648681,33.543423269979876,34,32895,45
p000732,r0021,26,2.3500000000000001,0.78000000000000003,-60.767212029106545,60.360763728183926,-34.569057362502647,27,32940,45
p000733,r0026,12,4.0999999999999996,0.78000000000000003,-59.522056473379564,60.065262057663666,-33.662846396550059,40,32985,45
p000734,r0012,12,3.3999999999999999,0.22,-60.106502753626941,60.537636825565983,33.545926118143541,39,33030,45
p000735,r0007,26,3.75,0.22,-60.268890118249992,59.436340609998567,33.551189849783889,40,33075,45
p000736,r0027,26,3.3999999999999999,0.5,-59.789598693699801,59.60070195662901,-0.5444483685353958,40,33120,45
p000737,r0002,18,4.0999999999999996,0.78000000000000003,-60.511950367284257,59.675787517851823,-33.620648032554321,40,33165,45
p000738,r0022,8,4.0999999999999996,0.78000000000000003,-60.616712184823655,59.687504276418196,-34.599784563350454,39,33210,45
p000739,r0022,8,1.3,0.78000000000000003,-60.618764109925237,59.329920307321522,-33.78005353813095,27,33255,45
p000740,r0005,12,2.7000000000000002,0.5,-59.990142125163018,59.539936462727596,-0.6751028312177112,33,33300,45
p000741,r0022,8,2.7000000000000002,0.22,-59.909128519326181,59.364003530515483,33.573914479550318,34,33345,45
p000742,r0019,8,2,0.22,-60.857633549270346,60.265232409457994,34.068201898537765,29,33390,45
p000743,r0006,12,2.3500000000000001,0.22,-71.848310526286014,63.07171045239329,32.939305837083836,30,33435,45
p000744,r0019,18,1.3,0.22,-67.801714564660443,62.258449220629643,33.195213187865818,26,33480,45
p000745,r0019,8,4.0999999999999996,0.78000000000000003,-60.388912419804726,59.767831375092371,-34.404428784927376,39,33525,45
p000746,r0006,18,2.7000000000000002,0.5,-59.897337936939614,60.056275850063152,0.52946895656176873,30,33570,45
p000747,r0002,12,3.0499999999999998,0.22,-59.567517181532658,59.432674890597696,32.802632634729015,37,33615,45
p000748,r0018,26,3.0499999999999998,0.22,-60.109055893026081,59.918378533454089,33.962342959628458,40,33660,45
p000749,r0025,8,3.75,0.5,-60.203663840253604,60.003666708607874,-0.54999856582286522,38,33705,45
p000750,r0001,26,2,0.5,-59.689959398900875,59.849770158624516,0.52990537986182029,26,33750,45
p000751,r0018,18,2,0.5,-60.404720543434728,59.25037313437803,-1.0271737045283487,26,33795,45
p000752,r0022,12,2.3500000000000001,0.22,-59.849077325489688,59.841309236630956,33.95942419296442,31,33840,45
p000753,r0018,12,2.3500000000000001,0.22,-76.97190222151302,64.876070130823209,33.219516213309234,30,33885,45
p000754,r0009,8,3.3999999999999999,0.5,-59.493482431798647,60.374222638360983,-0.0096298967188317985,36,33930,45
p000755,r0012,12,2.3500000000000001,0.5,-59.910742077449562,60.117530676409153,0.55339429947979535,29,33975,45
p000756,r0018,8,2.3500000000000001,0.22,-61.175642650915201,60.070248542957195,33.846152480305271,31,34020,45
p000757,r0013,12,3.0499999999999998,0.22,-66.646660999563096,61.482712196040467,32.84425009300768,37,34065,45
p000758,r0025,12,3.0499999999999998,0.5,-59.914889893773584,59.700695524479151,-0.55709718464721614,35,34110,45
p000759,r0003,12,1.3,0.78000000000000003,-60.192104237587841,60.085496868323702,-34.181031994287309,26,34155,45
p000760,r0012,26,1.3,0.5,-59.690903233419291,59.3712297911825,-0.60983672111839549,26,34200,45
p000761,r0008,26,3.0499999999999998,0.22,-60.462097156185266,60.512394021676634,33.448005962547015,40,34245,45
p000762,r0019,26,1.6499999999999999,0.78000000000000003,-61.123093784616692,64.062260365489678,-34.032315871593298,26,34290,45
p000763,r0016,8,4.0999999999999996,0.78000000000000003,-60.492680172097394,60.307316333710666,-34.366680940819627,39,34335,45
p000764,r0026,8,4.0999999999999996,0.5,-59.611451483674742,60.235421042759413,-0.13801522045766462,39,34380,45
p000765,r0010,12,3.0499999999999998,0.22,-59.761258793950326,60.081140656612561,34.165812777488732,38,34425,45
p000766,r0023,12,4.0999999999999996,0.22,-59.651459443758355,60.14118180310421,34.236800728794449,40,34470,45
p000767,r0020,12,2.3500000000000001,0.78000000000000003,-61.627282813406822,67.097734641040461,-32.857778973428424,29,34515,45
p000768,r0027,8,3.75,0.78000000000000003,-59.798045812638321,60.064203869924206,-32.978350882474565,38,34560,45
p000769,r0015,12,2,0.78000000000000003,-59.569951168873047,60.448626423220709,-33.615864098612427,27,34605,45
p000770,r0013,8,3.0499999999999998,0.78000000000000003,-60.241085444442426,59.896460810805856,-33.360825268287805,35,34650,45
p000771,r0012,8,3.0499999999999998,0.5,-60.162001498057521,60.060833983614714,0.39941624277859661,35,34695,45
p000772,r0008,8,1.6499999999999999,0.78000000000000003,-59.489696029867716,59.954004318345866,-32.762081953260733,28,34740,45
p000773,r0016,18,3.0499999999999998,0.78000000000000003,-59.025721802710677,60.215974841527654,-33.242548540978248,36,34785,45
p000774,r0008,8,2.3500000000000001,0.22,-59.479176010691404,60.074330327075977,34.222558932767157,30,34830,45
p000775,r0021,12,1.3,0.5,-59.99554007080485,59.516854684978853,-0.68934269291299866,26,34875,45
p000776,r0022,26,1.3,0.5,-60.458437516187473,60.052799552830948,-0.6528189816782628,26,34920,45
p000777,r0010,12,2,0.78000000000000003,-60.610145896330323,60.155111068846445,-34.491789363991451,27,34965,45
p000778,r0010,12,2.3500000000000001,0.22,-59.920625495106187,59.778707109777045,32.994853936702725,30,35010,45
p000779,r0009,26,3.0499999999999998,0.5,-59.823640540344456,59.675956679829881,0.3761580697427121,38,35055,45
p000780,r0008,12,2,0.78000000000000003,-59.934405580583785,59.898743317499054,-33.121112823005561,27,35100,45
p000781,r0009,18,1.6499999999999999,0.22,-60.207873955806711,59.93261695004837,33.951708950760256,26,35145,45
p000782,r0024,26,3.3999999999999999,0.22,-120.68593377945429,76.839920509348772,32.934232565812096,40,35190,45
p000783,r0004,12,1.6499999999999999,0.78000000000000003,-61.375643680139461,64.514987974127237,-34.129704716200791,27,35235,45
p000784,r0022,26,2,0.22,-60.017858335244796,60.21389175605632,34.21290673597008,26,35280,45
p000785,r0021,12,4.0999999999999996,0.22,-78.596255286581055,65.418772661941347,33.285466513266414,40,35325,45
p000786,r0014,8,2.7000000000000002,0.22,-60.292827849496256,60.270983292485909,34.196944841249831,33,35370,45
p000787,r0017,12,3.0499999999999998,0.5,-59.784453988644977,60.423969989362995,0.76975800035900899,36,35415,45
p000788,r0016,26,3.0499999999999998,0.5,-60.195789014736697,59.377438416358409,0.040824700810856041,38,35460,45
p000789,r0000,12,3.75,0.5,-60.062902015909209,59.282878200696949,0.059988092393869874,39,35505,45
p000790,r0001,26,4.0999999999999996,0.78000000000000003,-59.9383137287669,59.977161539078395,-34.006909169840938,40,35550,45
p000791,r0013,12,3.75,0.22,-60.147281373295968,60.165266518574697,33.246505982363146,40,35595,45
p000792,r0016,26,3.75,0.5,-60.574883048149836,59.228595076570208,-1.1231439857898138,40,35640,45
p000793,r0004,18,3.75,0.78000000000000003,-59.923177652302499,60.824555251763982,-33.808676413407881,40,35685,45
p000794,r0002,12,3.75,0.22,-59.784591107390057,59.876541497912413,33.101092324745863,40,35730,45
p000795,r0017,12,2.3500000000000001,0.78000000000000003,-59.879068296567709,59.632529685347109,-33.136516740546455,30,35775,45
p000796,r0001,8,3.75,0.78000000000000003,-59.819501871200188,60.523492641742983,-33.794043078352693,37,35820,45
p000797,r0009,8,1.6499999999999999,0.22,-91.781580070298446,68.701799283810061,33.845455825906193,28,35865,45
p000798,r0015,8,4.0999999999999996,0.78000000000000003,-60.13573720689017,60.269974847668372,-34.096480554887286,39,35910,45
p000799,r0008,8,3.0499999999999998,0.78000000000000003,-61.476208636542992,64.869718564630134,-33.230104652284908,34,35955,45
p000800,r0027,18,1.6499999999999999,0.78000000000000003,-59.771180737340039,60.225538538289854,-32.921902496701463,26,36000,45
p000801,r0011,8,2,0.78000000000000003,-60.045614137327377,59.699533144808768,-33.251681735257421,29,36045,45
p000802,r0021,18,2.3500000000000001,0.78000000000000003,-60.844476527238662,59.769075161005318,-34.759495155824993,28,36090,45
p000803,r0026,12,3.0499999999999998,0.78000000000000003,-63.927166494148096,74.540588444351286,-33.914260407678242,36,36135,45
p000804,r0023,8,1.6499999999999999,0.22,-59.571153869158195,60.439962318959374,33.587516757573511,27,36180,45
p000805,r0021,12,2,0.22,-60.345931429017838,60.069704268733531,33.12826441522823,27,36225,45
p000806,r0017,12,2.3500000000000001,0.5,-59.757521130294641,60.347349733659776,0.74491430168256723,29,36270,45
p000807,r0005,12,1.3,0.5,-59.676915964641879,60.111570236357096,-0.23267286414239124,26,36315,45
p000808,r0020,12,4.0999999999999996,0.22,-59.429440883490855,59.920501216151777,33.213513954230393,40,36360,45
p000809,r0003,12,1.6499999999999999,0.78000000000000003,-68.03262365285471,86.960864344974283,-34.384056293332335,26,36405,45
p000810,r0024,8,1.6499999999999999,0.5,-59.751068014794164,59.986537375037422,0.56773468012162875,27,36450,45
p000811,r0026,26,4.0999999999999996,0.22,-74.960397786605924,64.45242902390612,33.331607125593465,40,36495,45
p000812,r0025,26,3.0499999999999998,0.5,-59.914321678749303,59.787978563077047,-0.513171557836128,38,36540,45
p000813,r0006,8,2.7000000000000002,0.5,-59.798111897212458,59.566619771870585,0.33425393732906344,32,36585,45
p000814,r0005,12,2.3500000000000001,0.22,-59.946327960330635,59.536019446851967,32.799903017271788,30,36630,45
p000815,r0022,12,1.6499999999999999,0.22,-60.209425485316018,59.522297590221484,33.631318513603233,26,36675,45
p000816,r0026,26,3.3999999999999999,0.78000000000000003,-60.062156589366779,59.719372950326914,-34.160220090634169,40,36720,45
p000817,r0000,26,3.3999999999999999,0.78000000000000003,-59.659254212182795,59.928675750130012,-33.799909620473983,40,36765,45
p000818,r0008,26,3.75,0.78000000000000003,-61.328431404490679,62.065826711623529,-33.731694618945554,40,36810,45
p000819,r0005,18,2.3500000000000001,0.78000000000000003,-59.865674281822649,60.613510934616677,-33.810253534206005,27,36855,45
p000820,r0017,12,2.7000000000000002,0.22,-66.378878293842092,62.402807307230546,33.620836474994562,33,36900,45
p000821,r0018,12,2.7000000000000002,0.78000000000000003,-59.62755159825096,60.112124033265175,-33.734822959317412,31,36945,45
p000822,r0008,12,2,0.22,-59.460293410668825,60.3195590188853,33.517991484383387,28,36990,45
p000823,r0008,26,3.3999999999999999,0.5,-60.245968000477873,60.036625814892872,-0.55467109279250049,40,37035,45
p000824,r0022,12,3.0499999999999998,0.22,-60.010491709707168,59.819386197389072,33.906813057827904,37,37080,45
p000825,r0015,8,2,0.5,-59.758625124073468,60.250926529843277,0.6961507028849041,29,37125,45
p000826,r0005,8,2.3500000000000001,0.5,-59.993527226789517,59.698171614734342,-0.59767780602758758,29,37170,45
p000827,r0020,18,1.3,0.78000000000000003,-66.081904744177677,83.040186619146937,-33.725044644246267,26,37215,45
p000828,r0023,18,1.3,0.78000000000000003,-60.707861098833682,63.056250435392251,-33.029756561303977,26,37260,45
p000829,r0026,26,4.0999999999999996,0.78000000000000003,-60.312791604684051,60.306797816231033,-33.326481932082721,40,37305,45
p000830,r0002,18,3.3999999999999999,0.78000000000000003,-60.295230553803364,60.234209486575359,-33.328753744920043,39,37350,45
p000831,r0025,8,3.0499999999999998,0.5,-60.066722352022879,60.121702639282375,0.47749014362974834,34,37395,45
p000832,r0020,26,1.6499999999999999,0.5,-59.677943655069939,60.471387365707656,0.84672185531885868,26,37440,45
p000833,r0012,18,1.3,0.22,-59.584140473160275,59.986460687154221,34.130928431885039,26,37485,45
p000834,r0023,12,3.0499999999999998,0.5,-59.923921436612893,60.057898929080231,-0.38301125376633111,35,37530,45
p000835,r0011,18,2.3500000000000001,0.78000000000000003,-68.070782859679468,88.053818640543369,-34.173370529630446,27,37575,45
p000836,r0008,12,3.3999999999999999,0.22,-59.647722217221983,59.791639417650813,33.964979857978804,39,37620,45
p000837,r0012,26,3.75,0.78000000000000003,-59.979388115619159,59.580368479547118,-34.126241664682581,40,37665,45
p000838,r0016,18,2.3500000000000001,0.5,-59.675515480677539,59.752098969393224,0.48829174435784212,28,37710,45
p000839,r0021,12,2.3500000000000001,0.5,-60.069777052761168,59.947294655836288,0.38875880153755987,29,37755,45
p000840,r0008,12,3.0499999999999998,0.78000000000000003,-60.263273751675186,60.178984282027983,-34.215976984260493,35,37800,45
p000841,r0002,12,2.3500000000000001,0.78000000000000003,-67.8761618255879,87.000647563835784,-34.253263759914688,29,37845,45
p000842,r0019,26,2,0.5,-59.725786864158117,60.196614617132489,-0.21458612351281375,26,37890,45
p000843,r0017,18,3.3999999999999999,0.22,-61.746078676633047,60.348068427547645,33.037356064627886,40,37935,45
p000844,r0014,26,3.3999999999999999,0.78000000000000003,-64.192657813002995,75.497182903062708,-33.010892855468541,40,37980,45
p000845,r0016,26,4.0999999999999996,0.5,-60.192429016336249,60.395741201553051,-0.34834390739159887,40,38025,45
p000846,r0025,12,3.0499999999999998,0.22,-60.288187315589752,59.681122535409457,32.837874368189631,37,38070,45
p000847,r0004,18,4.0999999999999996,0.22,-60.450860140259429,60.464274127965815,33.412944588956258,40,38115,45
p000848,r0026,18,2.3500000000000001,0.5,-59.934385539393787,59.593009049191835,0.27931175489902388,28,38160,45
p000849,r0016,26,2,0.78000000000000003,-59.685504381164918,60.284287740579622,-33.742150114381126,26,38205,45
p000850,r0020,26,1.6499999999999999,0.78000000000000003,-60.338524931712378,60.392449313248264,-34.227710597821044,26,38250,45
p000851,r0015,12,2,0.22,-59.632350632853573,59.868831528752075,33.12857145319883,27,38295,45
p000852,r0004,18,3.0499999999999998,0.5,-59.626621381331475,60.500647570744007,-0.012986905293733753,36,38340,45
p000853,r0020,18,1.6499999999999999,0.22,-59.628769883065004,59.86847853467485,34.029083882772085,26,38385,45
p000854,r0023,8,4.0999999999999996,0.78000000000000003,-60.011782784780607,60.039622128245028,-34.050473703914975,39,38430,45
p000855,r0004,8,2,0.5,-59.438652568319689,60.349162917867524,0.0052551747739172927,28,38475,45
p000856,r0012,26,3.75,0.22,-60.262965604575477,60.226336059836747,33.268689693666055,40,38520,45
p000857,r0007,8,3.75,0.78000000000000003,-60.347015235727753,60.444933786867487,-34.222786450756807,39,38565,45
p000858,r0015,26,3.75,0.78000000000000003,-59.973473960344158,59.400605264403076,-33.261176530899768,40,38610,45
p000859,r0027,8,2.7000000000000002,0.78000000000000003,-66.634349236789163,83.202114526666875,-34.12032720882884,33,38655,45
p000860,r0025,26,4.0999999999999996,0.78000000000000003,-59.514364519903509,60.857685670363921,-32.582513478044675,40,38700,45
p000861,r0024,12,2,0.5,-60.767168489592301,60.630582868758047,0.38170718958287325,27,38745,45
p000862,r0015,26,2.3500000000000001,0.5,-60.54391124189241,59.603892971188081,-0.92000913535216422,27,38790,45
p000863,r0020,26,2.7000000000000002,0.22,-59.909428114414844,60.277844297593411,33.386644366951593,36,38835,45
p000864,r0004,8,2.3500000000000001,0.5,-60.703063241225045,59.789973178934936,-0.0065450311450547249,30,38880,45
p000865,r0016,8,3.75,0.22,-69.615108913562338,62.634008765232622,33.989202875897732,39,38925,45
p000866,r0009,26,1.3,0.5,-60.016350142092485,59.592783340116419,-0.66178340098803257,26,38970,45
p000867,r0004,12,2,0.5,-60.006290529552807,59.825724324509999,-0.5402831025214041,28,39015,45
p000868,r0005,12,2.3500000000000001,0.78000000000000003,-67.18531521643591,84.883499060571864,-33.280176075494211,29,39060,45
p000869,r0024,26,3.75,0.5,-60.3301586358618,60.352531376886255,-0.43881362948777253,40,39105,45
p000870,r0011,12,2.3500000000000001,0.78000000000000003,-65.729805675740351,80.80037401313254,-33.043166144188319,30,39150,45
p000871,r0014,8,3.0499999999999998,0.22,-66.045543896015175,62.200345055081335,33.536249485840102,36,39195,45
p000872,r0002,8,3.75,0.22,-64.344259318481505,60.857378790022274,33.763018406151446,39,39240,45
p000873,r0005,8,1.6499999999999999,0.22,-79.812065974353345,65.62336654260622,34.077571388875114,28,39285,45
p000874,r0006,8,3.75,0.22,-96.123145230768273,70.058944445505745,33.04888471672546,38,39330,45
p000875,r0022,12,1.3,0.22,-75.418226214439869,64.393853704782032,33.185196122553208,26,39375,45
p000876,r0003,18,1.3,0.78000000000000003,-61.292897776157794,64.165472205500691,-34.142056380192926,26,39420,45
p000877,r0016,8,2.3500000000000001,0.22,-60.105793441845314,60.467255141777642,34.391184453380596,31,39465,45
p000878,r0006,18,3.0499999999999998,0.78000000000000003,-60.211239035039895,59.687967830703599,-34.283413524576332,36,39510,45
p000879,r0014,18,2.7000000000000002,0.22,-59.824349505787247,60.257428444289495,33.389437295272607,33,39555,45
p000880,r0022,26,3.0499999999999998,0.78000000000000003,-60.071774276572143,60.358205520420938,-33.127178721233662,37,39600,45
p000881,r0015,18,2.7000000000000002,0.22,-60.643896349461954,59.527305779863426,33.539641311411842,35,39645,45
p000882,r0000,8,1.6499999999999999,0.5,-59.997675413749867,59.97817208495065,-0.45975166439960874,27,39690,45
p000883,r0010,26,4.0999999999999996,0.22,-65.882060342008629,61.803145428337345,34.162400158861232,40,39735,45
p000884,r0017,18,3.0499999999999998,0.22,-59.603044513990326,59.719066195210573,33.918201839186381,39,39780,45
p000885,r0021,8,2.3500000000000001,0.5,-59.929565339568562,60.01806255110052,-0.40575139423402079,30,39825,45
p000886,r0027,12,2.7000000000000002,0.78000000000000003,-61.51532725299991,65.553627457397354,-33.110157216712508,32,39870,45
p000887,r0027,12,2.3500000000000001,0.78000000000000003,-61.458456077029254,64.695299787951399,-33.254629786733517,29,39915,45
p000888,r0019,12,4.0999999999999996,0.78000000000000003,-60.070199917868251,60.329175429913562,-33.132337341356248,40,39960,45
p000889,r0008,12,3.0499999999999998,0.5,-60.266808630702194,59.908890215205993,0.27104079225189964,36,40005,45
p000890,r0008,26,3.0499999999999998,0.5,-59.844481222384694,59.419032500543558,-0.66272436092056775,38,40050,45
p000891,r0007,26,3.75,0.78000000000000003,-76.436854562832167,117.37594687981404,-34.248038245450033,40,40095,45
p000892,r0004,12,2.3500000000000001,0.5,-60.162008872682279,60.035238508362156,0.38661481783993851,29,40140,45
p000893,r0000,26,4.0999999999999996,0.5,-59.75560460106712,60.543940736886086,-0.055831932090517011,40,40185,45
p000894,r0004,26,2,0.78000000000000003,-60.112486455241147,59.962360142293768,-33.246020203783466,26,40230,45
p000895,r0013,26,3.75,0.5,-59.879649790984018,59.812471834529774,-0.48358897822712238,40,40275,45
p000896,r0008,8,3.75,0.22,-60.000834006887906,60.467498311188571,33.514465201211742,38,40320,45
p000897,r0011,12,2,0.22,-59.826161689479719,59.603529147447382,32.878997163323419,28,40365,45
p000898,r0012,18,1.3,0.78000000000000003,-60.10425832279617,62.08782095147324,-33.672000882456906,26,40410,45
p000899,r0023,12,2.3500000000000001,0.78000000000000003,-59.96662025891262,59.942249044910646,-34.036669012071506,29,40455,45
p000900,r0016,12,4.0999999999999996,0.78000000000000003,-60.189607915288718,60.38269975554612,-33.213700227705054,40,40500,45
p000901,r0001,26,2.7000000000000002,0.5,-59.636007163979315,60.381490972414809,0.82274190421774729,31,40545,45
p000902,r0011,12,3.3999999999999999,0.5,-59.528931613020589,60.052111085992891,-0.18841026351384899,39,40590,45
p000903,r0019,12,1.6499999999999999,0.5,-60.342225630111464,59.687551407872697,-0.77733711111938386,26,40635,45
p000904,r0002,18,2.3500000000000001,0.78000000000000003,-60.058528645634979,60.092323495126507,-33.175341174667452,28,40680,45
p000905,r0022,18,3.0499999999999998,0.22,-60.134138272685369,59.761638957528561,32.934567966881495,38,40725,45
p000906,r0016,12,2.3500000000000001,0.22,-69.812848507856046,62.416250065265615,32.875848379178848,30,40770,45
p000907,r0015,26,2.7000000000000002,0.22,-60.172981322659311,60.396265941795193,34.321031543615206,35,40815,45
p000908,r0001,26,1.3,0.78000000000000003,-59.911260501855615,60.339930630442247,-33.90599845275009,26,40860,45
p000909,r0016,18,1.6499999999999999,0.5,-59.748065340485368,59.610628168034523,0.38128141377457753,26,40905,45
p000910,r0008,8,4.0999999999999996,0.78000000000000003,-59.711909103859043,59.950184970082709,-33.83624840759186,39,40950,45
p000911,r0026,8,2.7000000000000002,0.22,-102.56816159268956,71.572516394987147,32.811567237698263,33,40995,45
p000912,r0025,18,1.6499999999999999,0.22,-60.073414205799594,60.246175856714473,34.225866042961385,26,41040,45
p000913,r0026,26,3.75,0.78000000000000003,-60.687293403799579,60.151848027943494,-33.652682288816102,40,41085,45
p000914,r0019,12,1.3,0.5,-59.677705420048191,60.001811813530431,-0.28794680325888039,26,41130,45
p000915,r0004,12,3.75,0.5,-59.743594536308287,60.466100979994401,0.81125322184305726,39,41175,45
p000916,r0000,12,2.7000000000000002,0.22,-60.115225412653075,60.015419550672306,34.036677658740729,33,41220,45
p000917,r0015,18,3.3999999999999999,0.22,-60.237889108182259,59.782451926588635,33.827976898939042,40,41265,45
p000918,r0011,8,2.7000000000000002,0.5,-59.432534203225927,60.077238592423228,-0.12764780540134951,31,41310,45
p000919,r0000,12,4.0999999999999996,0.5,-59.764134722902433,60.262412172084346,0.69913872459095638,40,41355,45
p000920,r0022,18,3.3999999999999999,0.22,-60.202053404530474,59.95799024995857,33.972780645970985,40,41400,45
p000921,r0010,26,3.0499999999999998,0.22,-84.660917440744655,66.989723274369027,34.076582317044014,40,41445,45
p000922,r0022,18,2,0.22,-59.845516898241293,60.373060577598501,34.374973532913749,26,41490,45
p000923,r0000,8,2,0.5,-59.825528900131197,60.293865331686526,0.68416821577766451,29,41535,45
p000924,r0000,26,1.3,0.5,-60.214087867881766,60.472616097962096,0.57926411504016495,26,41580,45
p000925,r0021,26,2.7000000000000002,0.22,-70.907845030241091,62.647431351204474,32.815270547286445,36,41625,45
p000926,r0000,8,1.6499999999999999,0.78000000000000003,-59.22526530934794,59.858847174624842,-32.576760562873929,28,41670,45
p000927,r0006,12,3.75,0.5,-60.61273563768934,59.683233712435268,-0.91475096262703626,39,41715,45
p000928,r0027,26,2,0.78000000000000003,-60.142304763889015,59.528336809938409,-34.264763617646992,26,41760,45
p000929,r0008,12,1.3,0.78000000000000003,-60.175050746641176,59.499477769275849,-33.396654473139428,26,41805,45
p000930,r0005,26,3.0499999999999998,0.5,-60.043337435055157,60.492455636914592,0.67455910092971716,38,41850,45
p000931,r0005,12,2.7000000000000002,0.22,-60.308762815294521,60.262839882611402,34.187087289072103,34,41895,45
p000932,r0016,26,2.7000000000000002,0.78000000000000003,-59.761222196331943,59.823767368405079,-33.902524492089803,32,41940,45
p000933,r0026,12,3.0499999999999998,0.22,-58.989237888194459,60.106212763390232,33.455213620041597,36,41985,45
p000934,r0000,26,1.6499999999999999,0.78000000000000003,-60.088252694128144,59.412956779854163,-33.347986609852036,26,42030,45
p000935,r0025,18,3.0499999999999998,0.22,-59.724743536664874,60.038938794468748,34.140928681619357,39,42075,45
p000936,r0002,18,4.0999999999999996,0.5,-59.890410540950306,59.662100915047525,0.33584518704860927,40,42120,45
p000937,r0017,26,2.7000000000000002,0.22,-59.922042475017555,60.540295674264407,34.488581281422377,35,42165,45
p000938,r0017,12,4.0999999999999996,0.78000000000000003,-64.080170787706933,73.615959816755606,-34.237022054725188,40,42210,45
p000939,r0015,18,3.0499999999999998,0.5,-59.469370541892552,60.017180854803932,0.7239051564556902,37,42255,45
p000940,r0021,18,3.75,0.22,-60.181431997659928,60.737105192591059,34.585027010735843,40,42300,45
p000941,r0011,18,1.6499999999999999,0.5,-59.322026152510887,59.814694551719441,0.69633419960427712,26,42345,45
p000942,r0011,18,4.0999999999999996,0.22,-59.759332403419918,59.476992144010268,32.795000743575628,40,42390,45
p000943,r0023,8,2,0.5,-60.608323894692518,59.553676875182248,-0.97732350975513493,28,42435,45
p000944,r0012,12,4.0999999999999996,0.78000000000000003,-61.760977718313633,67.422292155524218,-33.790658346069307,40,42480,45
p000945,r0010,12,3.0499999999999998,0.78000000000000003,-60.078492281826499,59.918366954088718,-34.12918324992517,35,42525,45
p000946,r0000,26,3.3999999999999999,0.22,-116.44438340263318,75.969504999316229,34.088449550887361,40,42570,45
p000947,r0007,12,2.7000000000000002,0.5,-60.191918187021415,60.060456412972854,0.38426911297571992,30,42615,45
p000948,r0011,12,2,0.78000000000000003,-60.089840437692146,59.923940487527908,-33.236808634143735,27,42660,45
p000949,r0019,18,3.0499999999999998,0.5,-60.295164998793851,59.702875079282293,-0.74614495975577877,37,42705,45
p000950,r0006,18,2,0.5,-60.261440596030937,60.440940668267345,0.53975003611820394,26,42750,45
p000951,r0001,26,3.3999999999999999,0.5,-59.996435363719961,60.112770885648352,0.50816776096419569,40,42795,45
p000952,r0011,18,3.75,0.78000000000000003,-59.414448293745075,59.701543830538796,-32.758930026402624,40,42840,45
p000953,r0016,18,3.3999999999999999,0.78000000000000003,-60.450539510970557,60.071864682214155,-33.485610588469925,39,42885,45
p000954,r0001,18,3.3999999999999999,0.22,-60.620272127316973,60.40586788723477,34.230117084033388,40,42930,45
p000955,r0009,18,2.7000000000000002,0.22,-59.891074732642281,59.449729204824663,32.744752338581932,36,42975,45
p000956,r0006,12,3.0499999999999998,0.5,-59.133313416285191,59.758405883022206,0.7625462333685078,35,43020,45
p000957,r0013,12,2.7000000000000002,0.5,-59.624745569378128,59.87626559432632,-0.32423998752590394,31,43065,45
p000958,r0002,8,3.3999999999999999,0.22,-60.401238684220914,60.19031843290913,34.110175867140526,38,43110,45
p000959,r0021,18,1.3,0.22,-82.78469677825754,66.08060916746885,32.88024185940904,26,43155,45
p000960,r0011,18,3.3999999999999999,0.22,-64.136545890200978,60.856132612757136,33.807743342106349,40,43200,45
p000961,r0002,12,3.0499999999999998,0.5,-60.389532429524245,59.209214302888491,-0.14015906331787703,36,43245,45
p000962,r0026,8,2.7000000000000002,0.78000000000000003,-59.701092085509202,59.733875254408979,-33.875399270727208,33,43290,45
p000963,r0004,18,1.6499999999999999,0.22,-69.312081447822152,62.748233707320232,33.244964373188907,26,43335,45
p000964,r0012,12,3.0499999999999998,0.22,-59.65023400292371,60.113546915244797,33.315515113247727,38,43380,45
p000965,r0009,8,2.3500000000000001,0.5,-60.352892488503159,59.928703080963402,0.23790529623012163,30,43425,45
p000966,r0023,12,3.75,0.5,-59.927886017541852,60.656012321975766,-0.085936847783042947,39,43470,45
p000967,r0019,12,2.7000000000000002,0.22,-77.339602703430302,64.766805903341805,33.953396009851943,34,43515,45
p000968,r0023,12,3.3999999999999999,0.78000000000000003,-59.744436403083569,60.128220938172831,-32.922451788007166,37,43560,45
p000969,r0010,18,1.3,0.78000000000000003,-59.640326789071111,59.986279465205399,-32.87247341313028,26,43605,45
p000970,r0011,8,1.3,0.22,-60.078700538409194,60.350478266243101,34.306058929219603,27,43650,45
p000971,r0016,26,3.0499999999999998,0.22,-132.44538715200423,79.968823914791315,32.787697480096298,40,43695,45
p000972,r0023,12,2.7000000000000002,0.5,-59.650433994899892,59.902394773912896,0.57598038950650188,31,43740,45
p000973,r0012,18,1.6499999999999999,0.78000000000000003,-72.946044390488197,106.16004274821853,-33.092705219972729,26,43785,45
p000974,r0013,12,2.3500000000000001,0.78000000000000003,-60.163990269794041,60.511556776626364,-33.165369919581551,29,43830,45
p000975,r0009,8,3.0499999999999998,0.22,-60.141214156197101,59.447178781681302,32.687732335348045,36,43875,45
p000976,r0024,18,3.75,0.5,-60.688152909511658,60.215058745197382,-0.68654708215713778,40,43920,45
p000977,r0027,8,3.0499999999999998,0.5,-59.742186469567571,60.037965578808326,0.59788955462037729,35,43965,45
p000978,r0027,26,3.75,0.5,-60.609092802558322,60.122200061413906,0.20655362942779193,40,44010,45
p000979,r0008,18,3.75,0.5,-60.614250007076251,60.073274948376465,0.17951247065010706,40,44055,45
p000980,r0008,8,4.0999999999999996,0.22,-60.571748490162044,60.156930495018798,34.04662111827902,39,44100,45
p000981,r0009,8,3.3999999999999999,0.22,-60.375786482237658,60.32075475099581,33.317515679684448,39,44145,45
p000982,r0020,18,2.3500000000000001,0.5,-60.501205829717442,60.272540718215701,-0.56433255575087027,28,44190,45
p000983,r0026,8,3.0499999999999998,0.78000000000000003,-60.250655667930289,59.811173726818396,-34.287053201085584,34,44235,45
p000984,r0003,8,2.3500000000000001,0.5,-60.163244837392547,60.18746197197077,0.46210856728911126,30,44280,45
p000985,r0024,12,4.0999999999999996,0.78000000000000003,-60.607629974909031,60.407292484875462,-34.434347033756445,40,44325,45
p000986,r0026,26,3.3999999999999999,0.22,-60.177302145002656,59.974303156439774,33.090949990122439,40,44370,45
p000987,r0018,8,3.0499999999999998,0.78000000000000003,-60.084834467556519,59.286069728439173,-34.273235544437469,34,44415,45
p000988,r0018,12,3.3999999999999999,0.78000000000000003,-63.25968663636651,71.386562251272053,-34.08751188108603,38,44460,45
p000989,r0018,12,3.3999999999999999,0.5,-60.863567962097207,60.792250243778568,0.41434114084068058,39,44505,45
p000990,r0024,12,3.75,0.22,-60.169308343820198,60.33484412134392,34.273930579007818,40,44550,45
p000991,r0006,26,2,0.5,-60.574718100375023,60.706180201416785,-0.38426894947911877,26,44595,45
p000992,r0016,12,3.75,0.5,-60.052836717586672,60.266133023824764,0.55664815311904614,40,44640,45
p000993,r0014,8,4.0999999999999996,0.5,-60.056237912314394,60.18808750122556,-0.38407520554441704,39,44685,45
p000994,r0007,18,4.0999999999999996,0.22,-60.053937519606386,60.064958464093095,34.088801347679215,40,44730,45
p000995,r0004,8,1.3,0.5,-60.282053929737906,60.078140147225334,0.34804310874371397,27,44775,45
p000996,r0002,8,3.0499999999999998,0.22,-60.26818454440523,60.017083721155473,33.104324702732114,35,44820,45
p000997,r0006,26,1.3,0.22,-60.452650613662236,59.649162875995252,33.676763908270608,26,44865,45
p000998,r0004,26,1.6499999999999999,0.22,-59.954853441411629,60.475156042286692,33.53055395587306,26,44910,45
p000999,r0023,26,3.75,0.22,-59.518074755395702,60.325573737541191,33.509971069095073,40,44955,45
p001000,r0019,12,1.3,0.78000000000000003,-65.882074206008809,80.857831434210624,-33.149294965160536,26,45000,45
p001001,r0009,12,4.0999999999999996,0.22,-59.495955934076534,60.007549410953288,33.266778235046729,40,45045,45
p001002,r0012,8,2,0.22,-66.650175998863148,62.164257793436924,33.375082359130907,29,45090,45
p001003,r0025,26,4.0999999999999996,0.5,-59.832121274348815,60.004669555884,0.53627414076759261,40,45135,45
p001004,r0004,8,2.7000000000000002,0.22,-59.566545611406823,59.609050819616542,33.840419604791407,34,45180,45
p001005,r0018,18,3.75,0.22,-59.641573115494765,60.120237162518293,33.322638901355418,40,45225,45
p001006,r0005,18,2.7000000000000002,0.22,-59.378767649145544,60.190125575117136,33.434969065779342,35,45270,45
p001007,r0027,12,3.0499999999999998,0.5,-60.144557981343816,59.953576893082591,0.35450945586938759,35,45315,45
p001008,r0012,26,2.7000000000000002,0.78000000000000003,-59.957521244758176,60.315654366320061,-33.94742261032097,31,45360,45
p001009,r0026,12,4.0999999999999996,0.22,-60.100488532104421,60.580145517775051,34.480406026801575,40,45405,45
p001010,r0000,26,4.0999999999999996,0.78000000000000003,-63.471691244761324,68.398763184219831,-34.910191270385482,40,45450,45
p001011,r0027,26,4.0999999999999996,0.22,-81.348749826454025,65.692430122473723,33.79337053370962,40,45495,45
p001012,r0005,18,3.75,0.78000000000000003,-63.078610714718558,72.484341981925965,-32.804761121456764,40,45540,45
p001013,r0009,12,2.3500000000000001,0.5,-60.334345401222919,60.238582922985699,0.40211876088139037,29,45585,45
p001014,r0013,8,3.3999999999999999,0.5,-59.848459243446364,59.882921697262425,-0.43276877309196921,36,45630,45
p001015,r0005,18,2,0.5,-59.961281625991866,59.904300629607185,0.42150950180765961,26,45675,45
p001016,r0027,8,3.3999999999999999,0.78000000000000003,-59.702779861140542,60.192005704055674,-33.775927036797384,36,45720,45
p001017,r0017,18,1.3,0.5,-60.161689422304498,59.429883599412612,0.08409708855405712,26,45765,45
p001018,r0017,8,1.3,0.22,-60.785120221286448,60.288403218552119,33.202228061787636,27,45810,45
p001019,r0006,8,3.0499999999999998,0.5,-60.085792608674275,59.850576135546568,-0.56760823656385351,34,45855,45
p001020,r0023,26,1.6499999999999999,0.78000000000000003,-59.767867247930717,59.720887419627836,-33.030341221067836,26,45900,45
p001021,r0025,12,2.7000000000000002,0.78000000000000003,-63.419661134416287,72.16175897470373,-33.141748710409885,31,45945,45
p001022,r0003,26,3.0499999999999998,0.5,-59.194183988387422,59.814112466079038,-0.14003576115419208,38,45990,45
p001023,r0016,12,2.7000000000000002,0.5,-59.772442859888436,60.238196734303777,-0.21712306279232935,32,46035,45
p001024,r0004,26,3.75,0.78000000000000003,-60.137422743689683,60.053229806161802,-33.245479182722356,40,46080,45
p001025,r0000,18,1.3,0.22,-59.726764279883852,59.823167627190529,33.072182607634161,26,46125,45
p001026,r0019,26,2.7000000000000002,0.5,-60.365472999935854,59.542741874848467,-0.86136556254369334,32,46170,45
p001027,r0013,26,1.6499999999999999,0.5,-60.328127627628113,59.894359104981497,-0.66688426132330814,26,46215,45
p001028,r0020,8,4.0999999999999996,0.5,-59.970217481843193,59.843246192177602,0.38651435516720484,39,46260,45
p001029,r0006,26,3.0499999999999998,0.5,-59.582450713453596,59.762775140535609,-0.3598377864589935,38,46305,45
p001030,r0013,8,2.7000000000000002,0.78000000000000003,-61.280505057483552,64.567291769391474,-33.143989755571042,32,46350,45
p001031,r0003,26,3.0499999999999998,0.78000000000000003,-60.111725712663237,59.728091435733994,-34.196965940015851,38,46395,45
p001032,r0014,12,2.7000000000000002,0.22,-60.196361752757852,60.038262939748236,34.036645507396898,33,46440,45
p001033,r0007,18,2,0.5,-60.133560511345195,60.233000314057534,-0.40028009864383024,26,46485,45
p001034,r0017,8,2.3500000000000001,0.22,-60.148664473406143,59.619564637355637,33.72055423298805,31,46530,45
p001035,r0009,8,2.7000000000000002,0.78000000000000003,-59.526924331140805,59.322045801146004,-32.93015090203771,33,46575,45
p001036,r0002,18,2.3500000000000001,0.22,-59.33145338834251,59.927581599958813,33.240593902532524,28,46620,45
p001037,r0011,8,2.7000000000000002,0.22,-59.692128287951633,60.095738357310239,34.192407695352628,34,46665,45
p001038,r0016,26,4.0999999999999996,0.22,-59.882896363387729,59.8335738016062,33.945950365307539,40,46710,45
p001039,r0023,8,1.6499999999999999,0.5,-59.909950498199201,59.873471167892156,-0.46823966515352283,27,46755,45
p001040,r0015,12,3.75,0.5,-60.081176945446693,59.606474555659041,0.21264880510617418,39,46800,45
p001041,r0019,18,4.0999999999999996,0.5,-59.897856343847124,59.777025751094058,-0.51041529637653293,40,46845,45
p001042,r0005,26,3.3999999999999999,0.5,-60.032484193946736,60.819847470315544,0.84368163818440389,40,46890,45
p001043,r0003,18,2.7000000000000002,0.5,-60.080405993374875,60.401066515621331,0.61033026112322797,33,46935,45
p001044,r0003,26,4.0999999999999996,0.78000000000000003,-59.89999054496846,60.094096836481633,-33.951291321049446,40,46980,45
p001045,r0009,18,1.3,0.5,-59.593893415244878,59.927250155727563,-0.28332162975865743,26,47025,45
p001046,r0002,12,1.6499999999999999,0.5,-58.771449344153979,59.779538904355505,0.054044780100763024,26,47070,45
p001047,r0004,18,1.6499999999999999,0.5,-60.21663037360284,60.458513310007362,-0.32905853179773886,26,47115,45
p001048,r0009,18,2.7000000000000002,0.78000000000000003,-60.736287002067883,62.130494060810648,-34.155595168234612,32,47160,45
p001049,r0015,12,3.75,0.78000000000000003,-59.951320983567896,60.26315939833426,-33.054135299549422,39,47205,45
p001050,r0022,8,3.75,0.78000000000000003,-60.062787204098512,59.738898778184051,-33.256416287996345,38,47250,45
p001051,r0013,18,2,0.5,-59.401259783945939,60.373438899247468,0.9360895576507644,26,47295,45
p001052,r0004,26,1.3,0.22,-60.381381096091289,59.936254556758037,33.016374713131185,26,47340,45
p001053,r0000,18,1.6499999999999999,0.5,-60.384357149676262,59.880638733933196,-0.70185920787153289,26,47385,45
p001054,r0019,12,4.0999999999999996,0.5,-60.20383577887268,59.808878005134325,0.25252111313082254,40,47430,45
p001055,r0005,8,3.75,0.22,-72.698982768963887,63.86628361058316,34.271925007082814,38,47475,45
p001056,r0002,26,2.3500000000000001,0.22,-59.956843395573927,60.107106193977941,34.143037284276531,28,47520,45
p001057,r0013,8,1.3,0.5,-59.83295176902103,59.915401012414527,0.49122462169674891,27,47565,45
p001058,r0007,18,2.7000000000000002,0.22,-60.050258262001307,59.869779174000868,33.037370938080386,35,47610,45
p001059,r0006,12,4.0999999999999996,0.22,-59.508670924715588,60.130455438931918,33.359847638929466,40,47655,45
p001060,r0006,18,2,0.78000000000000003,-60.273460010712085,60.140241314399226,-34.232445719187602,26,47700,45
p001061,r0013,12,3.0499999999999998,0.5,-59.374063759180906,60.22298547524084,0.87446085802996687,35,47745,45
p001062,r0026,26,2,0.5,-60.238455271279101,60.472210319333605,-0.33312247597274763,26,47790,45
p001063,r0017,12,3.75,0.22,-70.822330893535437,63.18797891455835,34.155710756777722,40,47835,45
p001064,r0012,12,1.3,0.5,-60.179176767408933,59.808533369430563,0.26467830101081519,26,47880,45
p001065,r0019,26,2.7000000000000002,0.78000000000000003,-65.536282162452892,78.267398277887338,-33.44947246557804,30,47925,45
p001066,r0023,12,3.3999999999999999,0.5,-59.439187881665802,59.728264769818253,0.59453844407622536,38,47970,45
p001067,r0022,12,1.6499999999999999,0.78000000000000003,-59.800345683251706,60.461926807546895,-33.792645735276032,26,48015,45
p001068,r0011,26,3.75,0.5,-59.749578243741432,60.423488441557389,0.78695509890797832,40,48060,45
p001069,r0024,12,2.3500000000000001,0.78000000000000003,-59.912649010452853,60.568156031021267,-33.856871901328553,28,48105,45
p001070,r0014,18,2.7000000000000002,0.78000000000000003,-59.716265226789702,60.42920670804601,-33.734261401125849,32,48150,45
p001071,r0011,18,2,0.22,-60.019122173716077,60.290241694627845,34.272181643592184,26,48195,45
p001072,r0013,12,2.7000000000000002,0.22,-60.361502531725648,59.569532225749057,32.734704579104616,35,48240,45
p001073,r0027,12,1.6499999999999999,0.78000000000000003,-59.505316330451201,60.15193757875933,-33.63072047042489,26,48285,45
p001074,r0013,8,2,0.78000000000000003,-60.028017916356681,61.283659450832843,-32.889448895574986,29,48330,45
p001075,r0026,8,1.6499999999999999,0.78000000000000003,-59.767392051009871,60.553387314839789,-32.846820590522945,27,48375,45
p001076,r0007,12,3.3999999999999999,0.5,-60.107440127876806,60.109879327195138,-0.44878040034083427,37,48420,45
p001077,r0013,26,2.3500000000000001,0.78000000000000003,-59.642897685810901,59.944164622661511,-32.88374397794697,27,48465,45
p001078,r0025,18,3.75,0.5,-59.840572903850422,60.730836673256867,-0.0048681152967773866,40,48510,45
p001079,r0021,12,2.7000000000000002,0.78000000000000003,-59.650190334166744,60.670322021375242,-33.629677615947514,32,48555,45
p001080,r0003,8,1.3,0.78000000000000003,-59.852476346691169,60.340877708862735,-32.959938454469309,27,48600,45
p001081,r0008,18,1.6499999999999999,0.5,-60.228668317396341,60.298154486522236,-0.41525691543705251,26,48645,45
p001082,r0001,12,3.0499999999999998,0.5,-60.244402256004392,59.133655945351009,-0.10537315532669139,35,48690,45
p001083,r0021,18,2.3500000000000001,0.22,-70.462181255837834,62.700397268527574,32.954629993167181,28,48735,45
p001084,r0020,8,3.75,0.22,-59.929233011644236,60.017802083196457,34.079454362331511,39,48780,45
p001085,r0027,18,4.0999999999999996,0.5,-59.840666587657068,59.451101216296863,-0.64478268568010288,40,48825,45
p001086,r0010,12,3.75,0.22,-60.100577003732752,60.676769459648824,34.555753237704877,40,48870,45
p001087,r0017,12,2,0.78000000000000003,-59.887363610400044,59.790225811427241,-33.108293937598042,27,48915,45
p001088,r0015,26,2.3500000000000001,0.22,-60.758847160475696,60.048995745547515,33.921270306222411,28,48960,45
p001089,r0025,8,2.7000000000000002,0.5,-60.25458705036089,60.070421994732961,0.35791747218603548,32,49005,45
p001090,r0017,26,2,0.5,-60.420973691433083,59.951215435054173,-0.68487912818945484,26,49050,45
p001091,r0000,12,2,0.78000000000000003,-65.665320830589565,80.39670193273173,-33.981675822658886,27,49095,45
p001092,r0020,18,1.6499999999999999,0.78000000000000003,-59.734684051365136,59.820265905488071,-32.982595060857435,26,49140,45
p001093,r0012,26,2.7000000000000002,0.22,-59.815932838789735,60.033099276831734,34.116312211395012,35,49185,45
p001094,r0019,26,2.3500000000000001,0.22,-106.72339536297915,72.781746744052413,33.740615480505475,28,49230,45
p001095,r0014,26,1.3,0.78000000000000003,-59.658639656926958,59.783539231271106,-33.831360301523389,26,49275,45
p001096,r0010,26,2,0.78000000000000003,-64.359403524625804,75.039292213711732,-33.241690462191556,26,49320,45
p001097,r0024,8,3.0499999999999998,0.78000000000000003,-61.140362704215434,63.297938265989082,-33.313936490770452,35,49365,45
p001098,r0012,26,1.6499999999999999,0.78000000000000003,-60.062286928942228,59.893317868951584,-33.222053873405585,26,49410,45
p001099,r0003,18,4.0999999999999996,0.5,-60.419707172539539,59.52421634410674,0.002254585783600771,40,49455,45
p001100,r0015,26,1.6499999999999999,0.22,-72.389835617072478,63.11385277491496,32.853041328677719,26,49500,45
p001101,r0019,8,3.0499999999999998,0.22,-60.255043389190192,59.853012259795278,33.879240017018475,36,49545,45
p001102,r0020,12,4.0999999999999996,0.5,-60.004402043184008,59.551182410671707,-0.67660981625615046,40,49590,45
p001103,r0021,26,4.0999999999999996,0.22,-89.377806756071095,68.22901267241113,34.005512398145044,40,49635,45
p001104,r0001,12,1.6499999999999999,0.22,-59.960778736640989,60.235878022642268,33.342613535599952,27,49680,45
p001105,r0020,8,1.6499999999999999,0.5,-60.135338969710794,59.561375577690178,-0.73698169601030794,28,49725,45
p001106,r0010,18,2.7000000000000002,0.5,-60.154148661212616,60.48910471351536,-0.28252197384862826,32,49770,45
p001107,r0001,8,2.3500000000000001,0.22,-70.803723827203569,63.292487236105487,34.241320802177498,31,49815,45
p001108,r0014,26,1.3,0.22,-59.949661409573849,59.70726523773746,32.932741375328973,26,49860,45
p001109,r0017,12,3.3999999999999999,0.78000000000000003,-60.291778139517859,59.999003891504437,-34.277806092692963,37,49905,45
p001110,r0020,26,2.3500000000000001,0.78000000000000003,-59.937478140854992,60.177503626208207,-33.962182152101093,27,49950,45
p001111,r0024,8,3.0499999999999998,0.5,-60.492599048195494,59.892318664416202,-0.7501401918896462,35,49995,45
p001112,r0021,26,2.3500000000000001,0.5,-60.467803161246358,60.041055419656736,0.23662612920518883,27,50040,45
p001113,r0021,18,3.0499999999999998,0.5,-60.316053749805299,59.947808478087687,0.26587736414119406,37,50085,45
p001114,r0021,26,4.0999999999999996,0.78000000000000003,-60.41533477436414,59.899622629270588,-33.496044145564504,40,50130,45
p001115,r0016,12,2,0.22,-60.160194467109193,60.183250126199795,34.157692315671824,28,50175,45
p001116,r0013,12,3.0499999999999998,0.78000000000000003,-59.765588811987854,60.351193558410763,-33.789896690500164,35,50220,45
p001117,r0005,8,3.0499999999999998,0.78000000000000003,-60.140788822558193,59.909427032506947,-33.279741334443862,34,50265,45
p001118,r0022,12,3.75,0.22,-91.871503036613689,69.08294579895562,34.122967055130374,40,50310,45
p001119,r0001,18,3.0499999999999998,0.22,-64.71352302757299,60.844578494598622,32.771796159720864,39,50355,45
p001120,r0013,8,1.3,0.78000000000000003,-60.08792959266723,59.47601814233218,-33.33386109096736,27,50400,45
p001121,r0013,18,2.3500000000000001,0.22,-60.080240381014008,60.204059563271827,34.191513575528944,29,50445,45
p001122,r0002,12,4.0999999999999996,0.22,-59.45828294617062,60.444702825660009,34.516045955857273,40,50490,45
p001123,r0013,12,4.0999999999999996,0.5,-60.353265334216218,59.880291781254812,0.21351322351929697,40,50535,45
p001124,r0002,18,2.7000000000000002,0.22,-59.655155130269449,60.261308624467816,33.429686598425619,35,50580,45
p001125,r0006,18,4.0999999999999996,0.78000000000000003,-63.909113931349253,73.348612543550956,-34.162414106871211,40,50625,45
p001126,r0021,8,3.3999999999999999,0.78000000000000003,-60.002466678462817,60.097578198286769,-33.130456805577907,36,50670,45
p001127,r0021,12,1.6499999999999999,0.22,-59.923212613070909,60.345692685971542,33.436533520182202,27,50715,45
p001128,r0004,12,4.0999999999999996,0.78000000000000003,-59.81441341347201,59.839789031405552,-33.940488875598952,40,50760,45
p001129,r0026,26,1.3,0.5,-60.22473242825162,59.520443786297143,0.097855679022761433,26,50805,45
p001130,r0015,18,3.0499999999999998,0.78000000000000003,-60.298856453467081,61.490422311717644,-33.955215125126436,37,50850,45
p001131,r0025,8,4.0999999999999996,0.5,-59.726052702864052,59.861919656208642,-0.38206652332770547,39,50895,45
p001132,r0003,12,3.0499999999999998,0.22,-67.373258685346983,61.698080128281696,33.752385589283392,37,50940,45
p001133,r0000,18,3.0499999999999998,0.22,-59.701928490477201,60.58628103862916,33.672874942225761,39,50985,45
p001134,r0010,26,2.7000000000000002,0.5,-60.172503819566671,59.292173917469043,0.0098350489511858652,32,51030,45
p001135,r0000,12,2.7000000000000002,0.78000000000000003,-59.669597397606786,60.064995418202649,-32.87798697812871,32,51075,45
p001136,r0005,18,3.0499999999999998,0.78000000000000003,-65.902513354361218,81.950530889655909,-32.92484362067745,37,51120,45
p001137,r0013,26,4.0999999999999996,0.5,-59.998857612709436,60.01939960682693,-0.43972900294125311,40,51165,45
p001138,r0011,18,3.0499999999999998,0.78000000000000003,-60.676121489785928,59.658864710245453,-33.75242452577902,36,51210,45
p001139,r0006,26,2.3500000000000001,0.5,-59.482901825586616,60.359397015765971,0.88824759508967754,27,51255,45
p001140,r0024,26,3.3999999999999999,0.5,-60.283132367802374,59.755804655782789,-0.7136638560097921,40,51300,45
p001141,r0010,26,3.75,0.5,-60.004629460237048,60.117085256519779,-0.39377210185863448,40,51345,45
p001142,r0015,12,4.0999999999999996,0.5,-59.225989084483821,59.598058721171647,0.63603481834391284,40,51390,45
p001143,r0022,8,2,0.5,-59.807707791802578,59.517033121364399,-0.59533733521908938,28,51435,45
p001144,r0022,12,3.3999999999999999,0.5,-59.241444008102398,60.382986780298133,1.0207713860978671,38,51480,45
p001145,r0010,26,1.3,0.78000000000000003,-59.783638168513107,59.763294919815586,-33.933312889080803,26,51525,45
p001146,r0008,8,2.3500000000000001,0.5,-59.619609598528108,59.932911332174406,-0.2933491331768508,30,51570,45
p001147,r0021,26,3.75,0.5,-60.204409045485527,59.870731008288011,-0.61683901859875756,40,51615,45
p001148,r0027,12,4.0999999999999996,0.78000000000000003,-64.830416667207587,77.688203693275682,-33.026320187901277,40,51660,45
p001149,r0003,18,3.0499999999999998,0.22,-72.92264262834081,63.354678358491583,33.823667741388462,39,51705,45
p001150,r0011,8,1.6499999999999999,0.78000000000000003,-60.164709011317257,60.230998239994491,-33.227653416028673,28,51750,45
p001151,r0012,18,3.0499999999999998,0.22,-59.802381622721036,59.590824497643318,32.874319151163157,39,51795,45
p001152,r0006,18,3.3999999999999999,0.78000000000000003,-59.417599412144533,59.581903555261945,-33.687708759315115,39,51840,45
p001153,r0005,26,1.3,0.22,-73.445278452171493,63.642100028486723,33.932876762741913,26,51885,45
p001154,r0003,26,3.3999999999999999,0.22,-59.611560350620138,60.257542027712233,34.336339504479113,40,51930,45
p001155,r0002,12,2.7000000000000002,0.5,-59.960507368750484,59.854845853283138,-0.50283075773367325,32,51975,45
p001156,r0007,12,3.3999999999999999,0.78000000000000003,-59.836135287404545,59.838840559044293,-33.957640601185808,38,52020,45
p001157,r0007,8,3.0499999999999998,0.78000000000000003,-59.716550611759402,60.104690639028412,-32.905877536586082,34,52065,45
p001158,r0002,8,1.3,0.5,-59.470691657473282,60.389539988438145,0.009424165482431579,27,52110,45
p001159,r0018,12,2.7000000000000002,0.5,-59.589016903444623,60.021839865879478,-0.23358851878257242,31,52155,45
p001160,r0013,12,2,0.5,-59.677396482016285,60.013485949469334,-0.28195526627347506,27,52200,45
p001161,r0005,8,2,0.22,-61.754112480037819,60.527178035307756,34.075294121931734,29,52245,45
p001162,r0016,18,2.7000000000000002,0.78000000000000003,-60.273515846419052,60.370805746891783,-33.28176509589067,31,52290,45
p001163,r0000,18,2,0.78000000000000003,-59.150182075725823,60.228793039915367,-32.436807550284762,26,52335,45
p001164,r0013,26,4.0999999999999996,0.78000000000000003,-60.580735489532742,59.907618299497841,-34.523297655946024,40,52380,45
p001165,r0004,18,3.75,0.5,-60.333703640841222,59.947409667720265,0.25685301343952177,40,52425,45
p001166,r0023,26,2.3500000000000001,0.5,-59.566944507797842,59.791310945754702,0.56218321897842993,27,52470,45
p001167,r0018,18,2,0.22,-81.742289152885576,65.975865142353058,33.027871197400557,26,52515,45
p001168,r0007,26,2.3500000000000001,0.22,-81.767662467554771,65.668611791441322,32.782631454462177,28,52560,45
p001169,r0000,8,2,0.22,-60.333632698325445,60.079057021420581,33.13826528307645,30,52605,45
p001170,r0003,12,2.3500000000000001,0.5,-59.765544718537221,59.933126268764319,-0.36620922488645108,30,52650,45
p001171,r0015,18,1.3,0.22,-59.935312233206126,59.164119928299911,32.512244852768582,26,52695,45
p001172,r0003,26,3.3999999999999999,0.78000000000000003,-59.811929450585055,59.975182272548253,-33.008764871495728,40,52740,45
p001173,r0005,26,3.3999999999999999,0.78000000000000003,-60.310711439168472,60.378593920583349,-34.209064260023077,40,52785,45
p001174,r0014,18,2.3500000000000001,0.5,-60.429048408426816,59.950502890619809,0.21072724109649671,27,52830,45
p001175,r0008,12,2.3500000000000001,0.5,-59.672164350707696,60.407988894425934,0.81791227185911874,28,52875,45
p001176,r0011,12,3.75,0.78000000000000003,-59.282174179006631,60.062123121125296,-33.476428772977613,39,52920,45
p001177,r0007,8,2,0.5,-60.311685147135918,59.552060185820963,-0.82981248065747759,29,52965,45
p001178,r0014,12,3.0499999999999998,0.22,-68.453728656839331,62.065366459348112,33.801165533786886,37,53010,45
p001179,r0011,12,1.6499999999999999,0.22,-60.295404717485752,60.523477550493205,34.393323451537839,27,53055,45
p001180,r0010,8,3.0499999999999998,0.5,-59.773200823692093,60.261940454133224,-0.20563018477943446,35,53100,45
p001181,r0019,8,2.7000000000000002,0.78000000000000003,-60.308233428541484,60.174452088180765,-33.35204261486259,32,53145,45
p001182,r0023,26,1.6499999999999999,0.5,-60.520071338971988,60.996322604795282,-0.21187436708835322,26,53190,45
p001183,r0024,26,3.0499999999999998,0.5,-60.116725755962342,60.280604355004662,0.53193929952116004,38,53235,45
p001184,r0002,12,2.3500000000000001,0.22,-59.751911023265706,59.350712869745635,33.598135613283148,30,53280,45
p001185,r0019,8,1.6499999999999999,0.78000000000000003,-59.442354001583595,59.937608858040754,-33.628762172466246,27,53325,45
p001186,r0021,8,2.3500000000000001,0.22,-59.554345713353626,60.012368913542957,34.157691695625715,30,53370,45
p001187,r0011,26,4.0999999999999996,0.22,-59.951832435467054,60.120796485951431,34.154818123239366,40,53415,45
p001188,r0027,8,3.75,0.22,-60.004082800072325,60.123024688331761,34.145061040882865,39,53460,45
p001189,r0017,26,2.3500000000000001,0.78000000000000003,-67.720090637199775,86.548932679381949,-34.230905507551796,27,53505,45
p001190,r0015,26,1.6499999999999999,0.5,-59.865825858506007,59.88159530755653,0.4578847245252618,26,53550,45
p001191,r0002,26,2.3500000000000001,0.5,-60.029600120001852,59.788265048413685,-0.5706675357940838,26,53595,45
p001192,r0016,18,2.7000000000000002,0.5,-59.930361229606383,59.961534497209094,0.46558663380135529,31,53640,45
p001193,r0013,18,2.3500000000000001,0.5,-59.937933658909543,60.359697581290121,-0.23911803880971122,28,53685,45
p001194,r0008,18,2,0.5,-60.021897772466168,60.76939443528547,0.82374833140965076,26,53730,45
p001195,r0023,18,3.3999999999999999,0.78000000000000003,-60.286256049685377,59.987890312543314,-34.275943849995073,39,53775,45
p001196,r0026,26,1.3,0.78000000000000003,-59.60318692500779,59.645608682890476,-32.918451891270173,26,53820,45
p001197,r0019,12,2.7000000000000002,0.5,-59.436112267287022,59.641390218050283,-0.34736102461836965,30,53865,45
p001198,r0022,18,3.75,0.5,-59.240099742668285,59.790721567827426,-0.17468908742042971,40,53910,45
p001199,r0020,8,3.75,0.78000000000000003,-66.786797105990402,82.139972739866707,-33.572907739901837,38,53955,45
p001200,r0020,8,3.0499999999999998,0.22,-60.037230182835685,59.460022156823015,32.720626642098097,35,54000,45
p001201,r0018,18,3.0499999999999998,0.22,-67.901838880037701,62.319697394261489,34.120959413915671,39,54045,45
p001202,r0013,8,3.0499999999999998,0.22,-59.643163541056985,60.378339837481555,33.523609094203074,37,54090,45
p001203,r0017,26,3.75,0.5,-59.891609063083287,60.283471777702992,-0.25406864269014734,40,54135,45
p001204,r0021,26,3.3999999999999999,0.22,-60.124352504969067,60.162662419182112,33.249519135868852,40,54180,45
p001205,r0000,18,3.3999999999999999,0.78000000000000003,-60.125062847504687,60.100293904934894,-34.125484361967985,39,54225,45
p001206,r0000,26,3.0499999999999998,0.22,-59.979885889181958,60.149626283433946,33.271133605458445,40,54270,45
p001207,r0012,18,2.3500000000000001,0.78000000000000003,-68.77508830794261,91.193950350857932,-34.031899803006496,28,54315,45
p001208,r0019,8,2.7000000000000002,0.5,-59.769387357176399,59.520573096886991,-0.57440713014470357,33,54360,45
p001209,r0021,8,3.0499999999999998,0.22,-60.341069520655125,59.995113476734915,33.971153217309109,36,54405,45
p001210,r0022,18,3.0499999999999998,0.5,-59.936430515331004,59.961498805712246,0.46253414519062092,36,54450,45
p001211,r0016,8,2.3500000000000001,0.5,-59.996895850845142,59.994599660598006,-0.45114809512356829,29,54495,45
p001212,r0023,18,3.3999999999999999,0.22,-81.045530392917982,65.986624871539817,34.089550713359102,40,54540,45
p001213,r0005,12,3.75,0.78000000000000003,-60.247242879660838,59.807323356100767,-34.285238307793293,39,54585,45
p001214,r0018,8,4.0999999999999996,0.22,-59.835487186696241,60.300854327149437,34.320859194103392,39,54630,45
p001215,r0007,26,2.3500000000000001,0.5,-59.296815685463756,59.815876110689189,-0.19046978738728343,27,54675,45
p001216,r0018,26,3.75,0.78000000000000003,-62.267536074551515,68.553744610648067,-33.036854323807603,40,54720,45
p001217,r0019,12,2,0.5,-59.716095485531,60.096501350769486,0.64020293261924333,27,54765,45
p001218,r0005,12,2.3500000000000001,0.5,-60.232968394733646,60.681933274165047,-0.22551756028429965,29,54810,45
p001219,r0000,26,3.0499999999999998,0.5,-59.702331573292646,60.44899629158872,0.82333235914803704,38,54855,45
p001220,r0014,8,3.3999999999999999,0.78000000000000003,-60.13932003222196,59.761604788287876,-34.211116571709802,35,54900,45
p001221,r0000,12,3.0499999999999998,0.5,-59.992792422930528,59.865977544927013,0.38659256099824263,36,54945,45
p001222,r0021,12,2.7000000000000002,0.5,-60.378327471277608,60.351956808980383,0.43681466885138748,32,54990,45
p001223,r0016,12,1.6499999999999999,0.5,-60.186889885917886,60.029417005350432,0.37126355971627306,26,55035,45
p001224,r0020,18,3.0499999999999998,0.78000000000000003,-60.504918099220745,60.099315096515262,-34.421986796158841,36,55080,45
p001225,r0007,8,2.3500000000000001,0.78000000000000003,-66.651182041380338,83.19618269305667,-33.234761799804204,31,55125,45
p001226,r0018,18,1.6499999999999999,0.78000000000000003,-60.331111376800337,59.938004142454005,-33.421905962564381,26,55170,45
p001227,r0024,8,4.0999999999999996,0.22,-79.446559248635594,66.543836053782968,33.975949087250882,40,55215,45
p001228,r0009,8,1.3,0.78000000000000003,-60.032088573506222,59.665143316556147,-33.248697557692502,27,55260,45
p001229,r0018,12,3.75,0.78000000000000003,-59.747473563997083,59.750922249795735,-33.907826484962669,39,55305,45
p001230,r0014,12,2.3500000000000001,0.22,-59.650065641059442,59.958346811565335,33.194496071987885,30,55350,45
p001231,r0001,8,2,0.22,-59.798759670449542,59.824649283626954,33.057499313730119,29,55395,45
p001232,r0019,8,2.3500000000000001,0.22,-60.048451426970729,59.741241720917643,33.837509228382203,32,55440,45
p001233,r0012,8,3.0499999999999998,0.78000000000000003,-59.926690925242021,59.497252688211489,-33.203423330282249,34,55485,45
p001234,r0003,18,2,0.78000000000000003,-60.663247270259916,61.199609159323217,-33.403418855751625,26,55530,45
p001235,r0008,8,4.0999999999999996,0.5,-59.406109984514671,59.656082936932961,-0.32501352379085519,39,55575,45
p001236,r0004,8,3.75,0.78000000000000003,-60.511136698836125,60.269485041959584,-33.489399915861071,38,55620,45
p001237,r0003,8,2,0.22,-71.982940640656636,63.263884726994462,33.059583146111223,28,55665,45
p001238,r0008,18,4.0999999999999996,0.22,-66.14434873655037,61.874191671033742,34.160112781365243,40,55710,45
p001239,r0023,18,1.6499999999999999,0.78000000000000003,-68.440997697408847,92.027985754729485,-32.687821337938416,26,55755,45
p001240,r0013,18,1.6499999999999999,0.22,-63.834769240081343,60.448251549928983,33.555986976126718,26,55800,45
p001241,r0026,26,2,0.78000000000000003,-60.479203084491992,60.316863754420311,-33.454068379931286,26,55845,45
p001242,r0003,12,3.75,0.5,-59.600717612298894,60.041190597799925,0.67023649275051578,39,55890,45
p001243,r0016,26,2.7000000000000002,0.22,-60.409197980426228,59.9347212080867,33.009058986613852,35,55935,45
p001244,r0009,18,3.0499999999999998,0.5,-59.778847169351991,59.687367080206016,-0.49574004457298743,37,55980,45
p001245,r0007,12,1.3,0.22,-59.227865013036009,60.68526502337,33.854376415360676,26,56025,45
p001246,r0001,8,1.6499999999999999,0.5,-59.724853419403217,59.871338886654101,0.52324273362544171,27,56070,45
p001247,r0018,8,3.75,0.22,-60.125412013933257,60.286503707388334,34.245882248697583,39,56115,45
p001248,r0023,8,3.75,0.78000000000000003,-63.931294095201082,73.012124707531484,-34.253741958599917,37,56160,45
p001249,r0000,12,4.0999999999999996,0.78000000000000003,-64.516535863783403,76.628624294881931,-33.914600628877039,40,56205,45
p001250,r0001,26,1.6499999999999999,0.5,-59.986203302061561,60.002054068045219,-0.44207461700817136,26,56250,45
p001251,r0008,26,3.0499999999999998,0.78000000000000003,-60.315188961906756,60.875657232451324,-33.203202799147967,38,56295,45
p001252,r0015,12,3.0499999999999998,0.22,-69.070073718574605,62.233481573802479,32.89669940947951,37,56340,45
p001253,r0017,8,3.3999999999999999,0.78000000000000003,-60.054103278386705,59.901540504248999,-34.113861646206857,37,56385,45
p001254,r0013,12,3.3999999999999999,0.5,-60.275196703072986,60.099025540981309,0.36191441895416149,38,56430,45
p001255,r0014,12,1.6499999999999999,0.78000000000000003,-61.881712520833148,66.683330807500099,-34.047402988599842,27,56475,45
p001256,r0010,12,3.3999999999999999,0.22,-60.199680673517214,59.556397354584895,33.660060188402433,39,56520,45
p001257,r0001,12,2.3500000000000001,0.78000000000000003,-60.052957128048646,59.743653290385865,-34.147702835993059,29,56565,45
p001258,r0027,18,2.7000000000000002,0.22,-59.904842942269752,60.243233661950448,33.360656809022004,35,56610,45
p001259,r0019,8,1.3,0.22,-60.537003950769602,60.405981219700081,33.348524482196751,27,56655,45
p001260,r0015,26,3.3999999999999999,0.22,-60.157894071326659,59.509314463038763,33.632528585478376,40,56700,45
p001261,r0024,18,3.3999999999999999,0.22,-62.733189393410555,60.344720643396506,33.717580435298956,40,56745,45
p001262,r0011,26,1.3,0.22,-85.586228436155736,67.93717237679104,33.712024197942746,26,56790,45
p001263,r0004,8,3.3999999999999999,0.78000000000000003,-60.295006674790166,59.833142710067364,-34.316813810121516,37,56835,45
p001264,r0007,18,1.3,0.5,-60.017415365758517,59.527151852847375,-0.69513175645557079,26,56880,45
p001265,r0002,18,3.0499999999999998,0.5,-59.849181837978115,59.793879456759832,0.42234880939085856,37,56925,45
p001266,r0005,8,2.3500000000000001,0.22,-59.669667804313249,59.77182439736815,33.044696112998238,31,56970,45
p001267,r0004,12,4.0999999999999996,0.5,-60.007706895700927,59.759265198944171,-0.57422084837837839,40,57015,45
p001268,r0006,18,1.3,0.22,-59.701537870992645,60.14192153896564,33.326360468774816,26,57060,45
p001269,r0020,8,2.7000000000000002,0.5,-59.994871925422295,60.395719669620924,-0.24957612790068567,32,57105,45
p001270,r0027,26,2,0.22,-59.974795878800286,60.659563999481577,33.670004826259564,26,57150,45
p001271,r0025,18,2.7000000000000002,0.22,-66.49484206319714,61.265831975327188,33.608483686851841,35,57195,45
p001272,r0003,12,2,0.22,-62.707297654287373,60.587550760174608,33.012684108992971,27,57240,45
p001273,r0000,12,2.3500000000000001,0.5,-59.7428884474173,60.679154696996946,0.91813312478982279,29,57285,45
p001274,r0003,12,2.3500000000000001,0.22,-68.888041564818693,62.345262188302677,33.923935362615978,30,57330,45
p001275,r0014,12,2.7000000000000002,0.5,-59.7893830334855,59.787078662658708,0.448847814586604,33,57375,45
p001276,r0015,18,1.6499999999999999,0.5,-60.125149749898348,59.781680296216727,0.27826527315918953,26,57420,45
p001277,r0009,12,1.3,0.5,-59.570776068398857,60.820033113136049,0.17462852236859588,26,57465,45
p001278,r0027,12,1.3,0.5,-60.167786891251467,60.09720378909897,0.41470844892375142,26,57510,45
p001279,r0024,26,3.75,0.78000000000000003,-60.214410776344813,59.803549557893568,-33.360459502812368,40,57555,45
p001280,r0016,18,4.0999999999999996,0.22,-63.171194908546042,61.278030958534124,34.349201267776493,40,57600,45
p001281,r0013,12,2,0.22,-69.233964025968291,62.664275117916773,34.096662506262064,27,57645,45
p001282,r0014,26,4.0999999999999996,0.78000000000000003,-59.725055097828047,60.231672060532119,-32.884575122988807,40,57690,45
p001283,r0007,12,3.75,0.22,-59.782909860926523,59.563187368208716,32.857045977798961,40,57735,45
p001284,r0003,12,3.3999999999999999,0.5,-59.746020724667133,60.251591806641414,0.70278554098714063,38,57780,45
p001285,r0021,18,3.3999999999999999,0.5,-60.438467571986415,60.499161891819206,0.48034715991639559,39,57825,45
p001286,r0024,8,2.3500000000000001,0.22,-59.901474253930431,59.98693050115692,34.061481455037708,32,57870,45
p001287,r0008,26,2.7000000000000002,0.5,-60.326512215404897,59.673042667037173,-0.77673477418386194,30,57915,45
p001288,r0025,12,3.3999999999999999,0.5,-60.266150861651283,59.984364705566065,0.30910692195739103,39,57960,45
p001289,r0006,18,3.3999999999999999,0.5,-59.762585337180973,60.420167561764607,0.77879111229181741,39,58005,45
p001290,r0015,12,4.0999999999999996,0.22,-60.242159861787428,60.266062988587642,33.304253961505125,40,58050,45
p001291,r0011,8,4.0999999999999996,0.5,-60.37652897483315,59.731364148421434,-0.77258241320585763,39,58095,45
p001292,r0023,26,2.3500000000000001,0.22,-83.904031202411844,65.564423419420805,33.131363402617623,28,58140,45
p001293,r0023,8,2.3500000000000001,0.5,-60.136438034869606,60.290830144342102,0.5271960547362482,29,58185,45
p001294,r0022,12,4.0999999999999996,0.78000000000000003,-62.944780555930393,69.561221061159401,-34.243460200170645,40,58230,45
p001295,r0011,26,2.3500000000000001,0.22,-59.829330895033117,59.856829465673442,33.075874186317996,28,58275,45
p001296,r0019,26,2.3500000000000001,0.5,-60.021513712788803,60.641258919499805,0.759872603355501,27,58320,45
p001297,r0011,18,1.3,0.22,-60.476065404518536,59.307014473799043,32.504736900569171,26,58365,45
p001298,r0015,8,2,0.22,-73.161546591923695,64.119391906528818,33.467585436869264,29,58410,45
p001299,r0007,26,3.3999999999999999,0.5,-60.024860345259675,59.883359844349236,0.37924974954478047,40,58455,45
p001300,r0005,12,1.3,0.22,-60.150902145796643,60.185877881857621,33.26178627577368,26,58500,45
p001301,r0017,18,1.6499999999999999,0.5,-59.714965413989368,60.036749857721581,0.61089222186610637,26,58545,45
p001302,r0012,12,3.3999999999999999,0.5,-60.120576802670399,60.672588464012392,0.72600583067099644,38,58590,45
p001303,r0022,18,3.75,0.22,-59.866600108531017,60.176875278706589,34.217310693514321,40,58635,45
p001304,r0004,26,3.75,0.22,-60.372552788474998,59.983358165102231,33.055057755315239,40,58680,45
p001305,r0010,12,3.3999999999999999,0.5,-59.977330528803101,60.321830878096414,0.62225017464665622,38,58725,45
p001306,r0017,8,1.6499999999999999,0.78000000000000003,-59.335888237065987,59.979104110314019,-33.536589920642392,27,58770,45
p001307,r0006,26,3.0499999999999998,0.78000000000000003,-60.162715317009656,60.308977433431238,-33.208942911912658,38,58815,45
p001308,r0007,12,1.3,0.78000000000000003,-60.957343346594499,62.611090819908185,-34.222287829963918,26,58860,45
p001309,r0016,26,2.3500000000000001,0.78000000000000003,-59.513213376196219,59.764921110644842,-32.822023789091183,26,58905,45
p001310,r0006,26,2.7000000000000002,0.78000000000000003,-59.917707214911538,60.158643313165243,-33.950910098734653,32,58950,45
p001311,r0005,12,4.0999999999999996,0.22,-59.702879295390609,60.670773372692899,33.738569785714525,40,58995,45
p001312,r0018,12,2,0.78000000000000003,-59.852422726714821,59.953663066696095,-33.94508385216443,28,59040,45
p001313,r0019,18,1.3,0.78000000000000003,-60.06161187651314,60.404070114567645,-34.009161838475379,26,59085,45
p001314,r0004,18,3.3999999999999999,0.5,-59.872646077656114,60.562986709098723,-0.10482968427869538,39,59130,45
p001315,r0007,12,4.0999999999999996,0.78000000000000003,-59.67410333876348,60.072538836278881,-32.879842060254163,40,59175,45
p001316,r0027,26,4.0999999999999996,0.78000000000000003,-65.040991629842239,77.585296943104396,-34.113208143793983,40,59220,45
p001317,r0007,8,1.3,0.78000000000000003,-60.325349255509813,60.027639917666221,-33.397691637411086,27,59265,45
p001318,r0010,8,1.3,0.5,-59.944209401336749,60.32485856686047,0.64032458276186044,27,59310,45
p001319,r0023,26,3.0499999999999998,0.78000000000000003,-60.823934556275361,59.750237272421259,-33.8476167539621,38,59355,45
p001320,r0018,8,2.7000000000000002,0.78000000000000003,-59.764795494696358,60.31726867354039,-33.796741377684278,32,59400,45
p001321,r0001,8,2.7000000000000002,0.5,-60.034347642465832,60.298345765973068,0.58199906175361771,33,59445,45
p001322,r0024,26,2,0.22,-87.987669614723643,68.41436691390976,33.555918877610409,26,59490,45
p001323,r0016,8,2.7000000000000002,0.78000000000000003,-60.66631501421891,62.067545894087814,-33.214865614391428,32,59535,45
p001324,r0021,26,1.3,0.5,-59.625906956043565,59.887277344108838,0.58068519403263674,26,59580,45
p001325,r0014,12,1.6499999999999999,0.22,-60.573988473876412,59.89473559714348,32.941616301519105,27,59625,45
p001326,r0018,26,2,0.78000000000000003,-59.261073632322443,60.479225372799505,-33.368207851195621,26,59670,45
p001327,r0016,8,3.3999999999999999,0.78000000000000003,-60.023286991787501,60.039149259768365,-34.059551016445212,36,59715,45
p001328,r0025,12,2,0.78000000000000003,-62.410454905952086,70.653893125728899,-33.586298338982274,27,59760,45
p001329,r0003,8,2.3500000000000001,0.78000000000000003,-59.954521181800772,59.716031073061778,-34.076999685731018,31,59805,45
p001330,r0006,26,1.3,0.5,-60.134959080359131,59.960121181509926,0.36258105057539752,26,59850,45
p001331,r0010,8,4.0999999999999996,0.5,-60.002741203864971,59.553408031996412,0.22533341406572022,39,59895,45
p001332,r0006,12,2.7000000000000002,0.78000000000000003,-59.31035090479822,60.440709819035924,-33.415117545554715,32,59940,45
p001333,r0025,26,3.75,0.22,-65.792062100172714,61.529412199711615,33.06868785373706,40,59985,45
p001334,r0016,8,4.0999999999999996,0.22,-60.787782749319469,60.137887754801596,33.084240243894961,39,60030,45
p001335,r0001,26,3.75,0.22,-59.965536037102893,59.705972562654289,33.828240670707714,40,60075,45
p001336,r0009,12,2,0.5,-60.034148931761656,59.883506178469183,0.3746786233537634,27,60120,45
p001337,r0019,18,2,0.22,-71.303571011438123,63.096636456282241,33.078590813383762,27,60165,45
p001338,r0011,26,3.0499999999999998,0.22,-76.889149368080226,64.98636739197083,33.323753704759596,39,60210,45
p001339,r0005,18,2.7000000000000002,0.78000000000000003,-63.164361434579462,71.16567507516902,-34.061753402434803,31,60255,45
p001340,r0017,18,3.75,0.78000000000000003,-62.311735924627285,69.399108162310995,-32.885350225500858,40,60300,45
p001341,r0015,26,2.7000000000000002,0.5,-60.804604371703341,60.608677703102835,-0.54796333430025324,33,60345,45
p001342,r0000,12,4.0999999999999996,0.22,-59.916584044246264,60.354409525197042,33.444790939919514,40,60390,45
p001343,r0022,26,3.0499999999999998,0.22,-60.435204256859464,59.865705187664986,32.949505109869605,40,60435,45
p001344,r0015,26,1.3,0.78000000000000003,-59.908522272963964,60.026260679408395,-33.972870023442056,26,60480,45
p001345,r0004,8,3.75,0.5,-60.167579178154085,60.040666506068746,-0.5134563360426696,38,60525,45
p001346,r0001,26,1.6499999999999999,0.78000000000000003,-61.655368556291876,64.43004957952769,-34.366576566411581,26,60570,45
p001347,r0005,8,1.6499999999999999,0.78000000000000003,-59.565794044885827,60.539087220346445,-32.692720166534727,27,60615,45
p001348,r0007,18,3.75,0.22,-59.67911096939671,60.076660195271053,34.180390539044147,40,60660,45
p001349,r0024,18,3.0499999999999998,0.5,-60.17515197618431,59.458062868323964,-0.80854455393017299,37,60705,45
p001350,r0023,18,1.6499999999999999,0.22,-69.913708961051242,62.948010260336133,34.168432031630914,26,60750,45
p001351,r0014,18,4.0999999999999996,0.78000000000000003,-60.403574619021029,59.75257858926836,-34.419220913197371,40,60795,45
p001352,r0014,26,3.75,0.78000000000000003,-59.568610849248749,59.58376659620987,-33.805087811247859,40,60840,45
p001353,r0022,12,3.0499999999999998,0.5,-60.072516891538633,59.878121931843147,0.35280252015225672,35,60885,45
p001354,r0024,8,3.75,0.22,-75.857608963415458,64.409898925433424,34.001047189886677,39,60930,45
p001355,r0021,18,4.0999999999999996,0.78000000000000003,-72.227678787720947,104.33911804272992,-32.932983485021751,40,60975,45
p001356,r0022,18,2,0.5,-60.403320921683616,60.502315582943766,-0.40050266936992501,26,61020,45
p001357,r0003,8,4.0999999999999996,0.78000000000000003,-59.788143974049717,60.266002635234322,-32.92623172000723,39,61065,45
p001358,r0022,12,2.7000000000000002,0.5,-59.743418113254691,60.04859496256266,0.60258842465398454,31,61110,45
p001359,r0023,12,3.75,0.22,-60.572166581364044,59.837918864478993,33.797700066393531,40,61155,45
p001360,r0006,8,1.6499999999999999,0.78000000000000003,-66.861386982409584,83.871744908050204,-33.250097966508434,28,61200,45
p001361,r0003,8,3.0499999999999998,0.5,-60.482346733725265,59.779803114730569,-0.80127180949734789,35,61245,45
p001362,r0012,8,2.3500000000000001,0.78000000000000003,-59.666924552033315,59.7407609474118,-32.94723374215539,30,61290,45
p001363,r0008,12,2.3500000000000001,0.22,-59.386265254247135,60.017296580266184,34.198512976673257,31,61335,45
p001364,r0001,18,3.0499999999999998,0.5,-59.899801766331144,59.876952477899259,-0.4614246442159427,36,61380,45
p001365,r0000,18,3.3999999999999999,0.5,-60.937057874761116,60.309251219291134,0.13609667226500904,39,61425,45
p001366,r0022,12,3.75,0.5,-59.747011951110565,59.877178417351686,0.51508323312056059,39,61470,45
p001367,r0000,18,2,0.5,-59.778511165569832,60.319956456388887,0.72072264540952768,26,61515,45
p001368,r0012,26,1.6499999999999999,0.5,-60.145263965112981,60.245946549978747,-0.39965870756711724,26,61560,45
p001369,r0021,18,3.3999999999999999,0.22,-76.771026449452975,64.580177071659804,33.932912297014994,40,61605,45
p001370,r0026,26,3.75,0.5,-60.223189089040048,60.007630234889703,-0.55777942707517236,40,61650,45
p001371,r0005,8,2.3500000000000001,0.78000000000000003,-60.005290217126287,60.219035244379867,-33.105938615594937,30,61695,45
p001372,r0005,18,4.0999999999999996,0.5,-59.670568727007634,60.180983194331617,0.70520723366199145,40,61740,45
p001373,r0006,12,3.75,0.22,-60.090513934615288,59.421026988887448,33.578487985716848,40,61785,45
p001374,r0018,26,1.3,0.22,-59.807104655757982,60.030220072818807,34.116008632531916,26,61830,45
p001375,r0019,12,2,0.78000000000000003,-59.922561160351819,59.824364439909601,-33.128237528294306,27,61875,45
p001376,r0005,26,3.75,0.22,-82.139889878406848,66.678620598162553,33.48854829331728,40,61920,45
p001377,r0011,12,1.3,0.22,-72.345363482140158,63.904881200361658,34.37982737021126,26,61965,45
p001378,r0007,8,2,0.78000000000000003,-64.58027642133942,75.413862425543783,-34.231565875025126,29,62010,45
p001379,r0013,8,4.0999999999999996,0.5,-59.898438831217895,59.478989628994064,0.24027539888808463,39,62055,45
p001380,r0022,12,3.3999999999999999,0.78000000000000003,-60.799227110288072,64.79791040757064,-32.717856856359163,38,62100,45
p001381,r0026,8,3.0499999999999998,0.5,-60.272804495627383,60.348357669999132,-0.41222341281412583,35,62145,45
p001382,r0005,26,2.7000000000000002,0.78000000000000003,-60.070976055847503,59.75728809794014,-34.158757942014226,30,62190,45
p001383,r0011,18,3.75,0.22,-60.230151595438919,59.850537399424354,33.882785820554439,40,62235,45
p001384,r0011,18,3.3999999999999999,0.5,-59.857979625052799,59.810741111910083,-0.473619256571358,39,62280,45
p001385,r0022,26,3.75,0.5,-60.443707520898656,59.614624842043028,0.035458660572186329,40,62325,45
p001386,r0015,8,3.0499999999999998,0.22,-69.106162157028422,62.886372302933893,34.298014721742192,35,62370,45
p001387,r0017,18,3.75,0.22,-60.905622508848403,60.354128336572764,33.226983150580104,40,62415,45
p001388,r0018,26,2,0.22,-60.024632147682986,60.459734227186082,34.403173624714888,26,62460,45
p001389,r0004,8,4.0999999999999996,0.5,-60.444247955048731,60.418023615596702,-0.46311216972601416,39,62505,45
p001390,r0010,26,3.75,0.22,-60.033237374005907,61.002465439105251,34.824610820220798,40,62550,45
p001391,r0004,26,3.3999999999999999,0.78000000000000003,-60.046269570348905,60.315864444403779,-33.116600087103315,40,62595,45
p001392,r0007,8,1.6499999999999999,0.5,-59.71427289986071,59.891162433228196,0.53844476668374308,27,62640,45
p001393,r0000,18,1.6499999999999999,0.78000000000000003,-61.790582010209377,66.025413231144341,-33.221063057111564,26,62685,45
p001394,r0008,12,4.0999999999999996,0.5,-60.40618157370357,60.222324166199861,-0.54192870375185431,40,62730,45
p001395,r0011,18,1.3,0.78000000000000003,-64.560138858205889,74.720575262775853,-34.368381751589908,26,62775,45
p001396,r0006,8,2,0.22,-60.187324136200672,59.888438677493184,33.021770858480537,29,62820,45
p001397,r0002,8,1.6499999999999999,0.22,-60.490602510779212,60.353478076045079,33.317780346943735,28,62865,45
p001398,r0018,26,3.0499999999999998,0.5,-59.936471837494871,60.137102594159082,0.55031537833210531,39,62910,45
p001399,r0005,26,1.3,0.5,-59.833775116801192,59.879009371162198,0.47261712718050292,26,62955,45
p001400,r0004,8,4.0999999999999996,0.78000000000000003,-60.043784646090927,60.619012389578501,-33.047969298243657,39,63000,45
p001401,r0016,8,1.6499999999999999,0.22,-60.178470340143797,59.572037317745142,32.776925633009576,27,63045,45
p001402,r0013,26,2,0.78000000000000003,-59.571908836363093,60.330361646913857,-32.743409330042169,26,63090,45
p001403,r0014,18,4.0999999999999996,0.5,-59.919381001576085,59.60332930892082,-0.60802584632763224,40,63135,45
p001404,r0019,12,3.3999999999999999,0.22,-59.684879000785074,60.138232421691242,34.22714790874646,39,63180,45
p001405,r0004,12,3.0499999999999998,0.22,-74.235352996211233,64.033177944186292,34.064101137298842,37,63225,45
p001406,r0023,18,2.7000000000000002,0.78000000000000003,-59.883537656893104,60.203150714186059,-33.014466215255688,32,63270,45
p001407,r0011,26,4.0999999999999996,0.78000000000000003,-60.13375857150605,60.072037681425137,-33.238483395861188,40,63315,45
p001408,r0003,26,3.75,0.22,-59.595541162858503,59.987381596415538,34.129138589375252,40,63360,45
p001409,r0020,8,3.3999999999999999,0.22,-59.978297704002344,60.34747602912875,34.325805807839913,38,63405,45
p001410,r0008,8,1.6499999999999999,0.22,-59.613284392599311,60.501469357153454,34.526223532207851,28,63450,45
p001411,r0001,8,3.0499999999999998,0.78000000000000003,-59.51129682879926,60.231928097999599,-32.717787344903513,35,63495,45
p001412,r0012,8,4.0999999999999996,0.22,-59.868703030457738,59.701878295640434,33.846350403898839,40,63540,45
p001413,r0013,26,1.3,0.78000000000000003,-63.252329802952033,71.155428396371207,-34.132622999100931,26,63585,45
p001414,r0026,18,2.3500000000000001,0.22,-73.125689928642544,63.463755718712918,32.964077676294714,28,63630,45
p001415,r0005,26,3.75,0.5,-60.398225172328594,60.198544192706592,-0.54984048981100098,40,63675,45
p001416,r0008,26,4.0999999999999996,0.78000000000000003,-70.792880781182291,97.828688800413872,-34.146135473231141,40,63720,45
p001417,r0013,12,1.3,0.5,-60.166149685674888,59.614073697642404,-0.72603799401624225,26,63765,45
p001418,r0003,18,3.3999999999999999,0.78000000000000003,-60.640873234174336,60.274219761382291,-33.58955277515188,39,63810,45
p001419,r0015,26,4.0999999999999996,0.78000000000000003,-59.411774579764533,59.14701243689013,-33.778841436100514,40,63855,45
p001420,r0015,18,4.0999999999999996,0.78000000000000003,-63.278059999891006,71.199578796334933,-33.242979464721301,40,63900,45
p001421,r0024,8,2.3500000000000001,0.78000000000000003,-60.543914676845759,60.268398859384511,-33.5152056988751,31,63945,45
p001422,r0005,18,4.0999999999999996,0.78000000000000003,-70.439409904033596,97.917780908420468,-33.8508279252937,40,63990,45
p001423,r0018,12,2.3500000000000001,0.5,-60.106030799750293,59.971632543202766,-0.51719912827376358,30,64035,45
p001424,r0000,26,1.3,0.22,-60.219590627088408,60.156968193433485,34.124125252918674,26,64080,45
p001425,r0012,26,3.3999999999999999,0.5,-59.719190254538077,60.056533992436741,-0.28132813105066817,40,64125,45
p001426,r0027,18,2.3500000000000001,0.78000000000000003,-59.756414040078916,60.029393886087114,-33.853536296322396,28,64170,45
p001427,r0020,26,3.75,0.78000000000000003,-71.310070278083742,99.979593067703036,-34.076344342010671,40,64215,45
p001428,r0012,12,2.7000000000000002,0.78000000000000003,-59.798327217790536,60.026717946276619,-32.986817281695764,31,64260,45
p001429,r0027,26,2.7000000000000002,0.22,-59.772498555818004,60.364750395750349,33.48455562640531,35,64305,45
p001430,r0014,18,1.3,0.5,-59.777920919237609,59.738755829405271,0.43041745508383117,26,64350,45
p001431,r0004,12,3.0499999999999998,0.78000000000000003,-63.019009229380075,73.511847211743515,-32.532220812332895,36,64395,45
p001432,r0025,26,2,0.78000000000000003,-60.898891953680838,64.69910213130558,-32.817333254983836,26,64440,45
p001433,r0006,18,4.0999999999999996,0.22,-60.009419430077955,60.388903103722342,34.351272146286277,40,64485,45
p001434,r0010,26,3.3999999999999999,0.78000000000000003,-60.444401410655779,59.834803387769043,-33.532976355002319,40,64530,45
p001435,r0017,8,2,0.78000000000000003,-60.369288851592046,60.170902789866766,-33.400446690471107,28,64575,45
p001436,r0002,12,2.3500000000000001,0.5,-59.835177573899159,60.044755518172892,-0.34521102786313379,30,64620,45
p001437,r0014,8,1.3,0.78000000000000003,-59.908755287110679,60.271303586747642,-33.919142334861853,27,64665,45
p001438,r0002,12,4.0999999999999996,0.78000000000000003,-59.7164683068996,60.394411856538461,-32.842074670943227,39,64710,45
p001439,r0013,18,1.3,0.22,-64.747948723402743,60.826780540962041,32.750340102801786,26,64755,45
p001440,r0006,12,2,0.5,-59.675173558672611,59.844956543999345,-0.36510850733663319,27,64800,45
p001441,r0016,8,3.3999999999999999,0.22,-59.522182241773002,59.956168740606216,33.220931524482779,37,64845,45
p001442,r0002,12,2,0.22,-59.411510912673229,59.738416723042128,33.075432643184747,28,64890,45
p001443,r0022,26,3.3999999999999999,0.22,-59.748280742282716,60.042628744224842,34.138628657193181,40,64935,45
p001444,r0027,26,1.6499999999999999,0.22,-59.998149810702856,60.164174038683335,33.27846279181837,26,64980,45
p001445,r0016,8,3.75,0.78000000000000003,-60.547073608588605,59.745621255764789,-34.532680738430869,38,65025,45
p001446,r0008,12,2.7000000000000002,0.5,-59.691545203236856,60.152273416792951,0.68036410677804748,34,65070,45
p001447,r0004,26,3.0499999999999998,0.5,-59.315083933999105,60.198320904582474,-0.0083815147083157737,38,65115,45
p001448,r0007,8,1.3,0.5,-60.155896868921111,60.204272472512365,-0.42581219820437327,27,65160,45
p001449,r0006,12,1.3,0.5,-60.4541407331023,59.977604177110344,0.21173172200402207,26,65205,45
p001450,r0009,8,2.7000000000000002,0.22,-60.192279530569891,60.290755856768754,33.334488071554247,35,65250,45
p001451,r0015,8,3.3999999999999999,0.22,-59.590622366866796,60.48650852180868,33.619539726300076,38,65295,45
p001452,r0012,12,2,0.78000000000000003,-59.643795743476765,60.037241313712556,-33.76396759089512,27,65340,45
p001453,r0012,8,3.75,0.5,-60.185804902956164,60.306042595285561,0.51011884616469838,38,65385,45
p001454,r0023,8,3.0499999999999998,0.5,-59.8714013407116,59.581894620374243,-0.59475336016867852,36,65430,45
p001455,r0001,18,1.6499999999999999,0.22,-64.646420589350754,61.777312733703546,33.514091402631593,26,65475,45
p001456,r0002,8,2.3500000000000001,0.22,-62.281750045716905,60.144514853180844,32.760736575423337,32,65520,45
p001457,r0024,12,3.3999999999999999,0.5,-60.418455076575476,59.829614043760749,0.15557948359263635,38,65565,45
p001458,r0006,18,2.3500000000000001,0.22,-59.503606969797737,59.944999238528411,33.216305872696658,28,65610,45
p001459,r0016,18,4.0999999999999996,0.5,-60.342101532349304,60.088775117724879,0.32333679268778753,40,65655,45
p001460,r0021,8,3.0499999999999998,0.5,-60.579538158884212,60.366757235665609,0.3436095383906988,36,65700,45
p001461,r0027,18,2.3500000000000001,0.5,-60.180881934899162,60.337811876267011,0.52846497068392462,28,65745,45
p001462,r0005,18,3.3999999999999999,0.5,-59.562568913106638,60.026350875605495,0.68189098124942826,39,65790,45
p001463,r0020,18,1.6499999999999999,0.5,-59.83091798794797,60.02295493589078,0.54601847397140513,26,65835,45
p001464,r0002,26,3.3999999999999999,0.78000000000000003,-60.377762062023379,65.125586462633208,-33.217025386598934,40,65880,45
p001465,r0004,12,2.3500000000000001,0.78000000000000003,-60.802930427784176,63.627448042815239,-32.978247164252302,29,65925,45
p001466,r0026,8,3.75,0.22,-66.326993542333454,61.855918704545488,34.105678010232126,39,65970,45
p001467,r0025,26,4.0999999999999996,0.22,-59.807975322695768,60.182563046056515,34.23464460493102,40,66015,45
p001468,r0019,8,3.3999999999999999,0.5,-59.941490585966292,60.229804468527291,-0.30584305871950052,36,66060,45
p001469,r0003,26,4.0999999999999996,0.22,-59.997182872096644,59.941534929295656,33.10501701298935,40,66105,45
p001470,r0004,26,2.3500000000000001,0.5,-59.9069583895878,60.269407165164878,0.63122438778853929,27,66150,45
p001471,r0016,18,3.3999999999999999,0.5,-60.059980399090996,59.941183453093565,-0.50939847299871555,39,66195,45
p001472,r0020,12,3.3999999999999999,0.5,-59.531277145271879,59.858239898819328,-0.2865186232262758,38,66240,45
p001473,r0027,18,3.3999999999999999,0.22,-74.098639914067263,63.865642221366954,33.963500151571431,40,66285,45
p001474,r0025,12,2.3500000000000001,0.5,-59.885667108931209,60.097981532466385,0.55615721176758792,28,66330,45
p001475,r0018,8,2.3500000000000001,0.78000000000000003,-63.767248641307802,73.807168294621974,-33.950876915403256,30,66375,45
p001476,r0022,8,4.0999999999999996,0.22,-71.746843312828418,63.11477770708229,32.995221082701931,39,66420,45
p001477,r0013,12,3.75,0.78000000000000003,-59.760856766689145,60.381123690257418,-32.879621066160901,39,66465,45
p001478,r0003,18,1.6499999999999999,0.5,-60.637323562818437,59.694578119452004,-0.92137272168321682,26,66510,45
p001479,r0001,12,4.0999999999999996,0.78000000000000003,-61.800342689574229,68.102047917425637,-33.671816756034261,40,66555,45
p001480,r0014,18,2,0.5,-59.983726456406558,60.306859449246289,0.61156649641986571,26,66600,45
p001481,r0011,26,2.7000000000000002,0.78000000000000003,-64.825193806419577,75.226093187742805,-33.563910667703851,30,66645,45
p001482,r0024,26,1.3,0.5,-60.048457786695593,59.971384305998228,-0.4885367403486825,26,66690,45
p001483,r0003,8,1.3,0.22,-60.265502769079376,60.007245585115541,33.09724094719266,27,66735,45
p001484,r0010,8,3.75,0.78000000000000003,-61.140761611483157,63.533749426730189,-33.262369183076224,38,66780,45
p001485,r0014,12,2.7000000000000002,0.78000000000000003,-60.242221785741314,60.529042281929151,-33.222543690853811,31,66825,45
p001486,r0002,18,3.75,0.5,-59.382653378578389,60.385680577298508,0.95151359936005941,40,66870,45
p001487,r0023,26,2.7000000000000002,0.22,-60.256666688057052,60.185737582292134,33.238408642815315,36,66915,45
p001488,r0002,18,2.3500000000000001,0.5,-59.840646161862892,60.935381825318885,0.99736783172799615,27,66960,45
p001489,r0005,12,3.0499999999999998,0.22,-60.695598152274613,59.611635719108108,33.594044267403916,37,67005,45
p001490,r0020,8,2.3500000000000001,0.78000000000000003,-60.064945567658647,60.424433689923845,-34.007282130990504,31,67050,45
p001491,r0011,26,2.7000000000000002,0.5,-60.199588014297959,60.282802724815141,0.49160735525859139,30,67095,45
p001492,r0013,26,3.0499999999999998,0.5,-59.713670524287167,59.503332024310964,0.34483075001189861,38,67140,45
p001493,r0004,8,2,0.78000000000000003,-60.658710903354077,61.234175586757559,-34.292275875529526,29,67185,45
p001494,r0004,12,3.3999999999999999,0.5,-59.597405930779445,60.198127130786432,0.75036060000349347,38,67230,45
p001495,r0012,26,2,0.5,-60.037888284882037,60.285686847466387,0.57389928129217505,26,67275,45
p001496,r0023,8,3.75,0.5,-59.956008200003083,60.087674834546505,0.51583331727171067,39,67320,45
p001497,r0009,26,3.0499999999999998,0.22,-59.765888148469315,60.288733694366755,34.326716888942826,40,67365,45
p001498,r0021,12,3.75,0.22,-99.536326703927159,70.421965419894747,33.481141152653933,40,67410,45
p001499,r0002,8,4.0999999999999996,0.78000000000000003,-66.19012018590567,83.63107140290839,-32.779458036366577,39,67455,45
p001500,r0018,18,3.3999999999999999,0.78000000000000003,-65.856501864865507,79.422802542936836,-34.345054895148991,39,67500,45
p001501,r0022,8,3.0499999999999998,0.5,-59.436424126065667,60.030182849915668,0.74687936192500071,34,67545,45
p001502,r0021,26,2,0.78000000000000003,-59.848144990405977,59.283287201042739,-34.089229908287265,26,67590,45
p001503,r0027,26,2.3500000000000001,0.5,-59.589767526643627,59.576437986119615,-0.45666477026200597,27,67635,45
p001504,r0014,26,3.0499999999999998,0.22,-60.062884552651298,60.074710190364584,34.094439346901098,40,67680,45
p001505,r0023,12,2.3500000000000001,0.5,-59.571918914248101,60.032938511593315,-0.21949020132739322,29,67725,45
p001506,r0022,8,2.3500000000000001,0.22,-72.109492127966561,63.386447064491321,34.027340442150589,32,67770,45
p001507,r0023,18,2.7000000000000002,0.5,-60.200040380474476,60.251502561516915,-0.42426890947878065,32,67815,45
p001508,r0003,26,1.3,0.78000000000000003,-60.107401934605925,60.070253804029825,-33.21831767210606,26,67860,45
p001509,r0018,18,2.3500000000000001,0.22,-59.648474524169345,60.426432854408624,33.559953231121469,30,67905,45
p001510,r0014,18,3.0499999999999998,0.22,-60.121366846105815,60.310659017839789,34.26561332777176,39,67950,45
p001511,r0015,8,2.3500000000000001,0.22,-93.655697211616854,69.735053995590704,33.339088730005038,31,67995,45
p001512,r0027,8,1.3,0.5,-59.596037913805553,60.170946308641824,-0.16254580258186452,27,68040,45
p001513,r0024,18,2.3500000000000001,0.22,-59.988518575680359,60.288325642103828,33.377419914191307,30,68085,45
p001514,r0006,18,1.6499999999999999,0.78000000000000003,-62.080172146307447,68.728126850773251,-33.752346366949695,26,68130,45
p001515,r0017,8,1.3,0.5,-60.028523041855919,59.998271645146559,0.43487430164531987,27,68175,45
p001516,r0009,12,1.6499999999999999,0.78000000000000003,-68.813595951132001,89.19116605260453,-33.602548310309956,27,68220,45
p001517,r0010,18,3.75,0.22,-65.055996615521593,61.820031096769526,33.457305000065475,40,68265,45
p001518,r0024,12,4.0999999999999996,0.22,-59.81467750103112,58.865078904196857,33.205532495046704,40,68310,45
p001519,r0007,8,3.3999999999999999,0.78000000000000003,-59.903849794821916,60.259619177965867,-33.017886620808603,38,68355,45
p001520,r0010,26,3.75,0.78000000000000003,-66.523879389574503,81.477943515854307,-33.513478350380169,40,68400,45
p001521,r0000,8,1.3,0.5,-60.018794226194601,59.782899383204651,0.33205257850502506,27,68445,45
p001522,r0025,8,1.3,0.5,-60.175512847050932,60.707049509935537,0.71576833144230245,27,68490,45
p001523,r0015,12,3.75,0.22,-59.507491091601082,60.371984387545666,34.448499782133382,40,68535,45
p001524,r0012,26,2.7000000000000002,0.5,-60.137538003982741,59.996489674093496,0.3794758350553778,31,68580,45
p001525,r0008,18,3.0499999999999998,0.78000000000000003,-59.77485596401003,60.38577329938947,-33.789517526062141,36,68625,45
p001526,r0019,26,2.3500000000000001,0.78000000000000003,-59.997950819794141,59.978161483689355,-33.153206113027771,27,68670,45
p001527,r0007,26,1.3,0.78000000000000003,-59.836456817155636,61.620268916271193,-33.56597715580174,26,68715,45
p001528,r0011,26,3.3999999999999999,0.22,-60.283212848763711,59.959332149449182,33.955972249842347,40,68760,45
p001529,r0012,26,2,0.78000000000000003,-64.182446093590414,72.721983066212317,-33.613471678433811,26,68805,45
p001530,r0009,12,3.0499999999999998,0.22,-60.061807005936089,60.329054137433801,33.393064685892426,37,68850,45
p001531,r0015,8,3.75,0.5,-60.020395713013848,60.67782327809379,-0.12128621746002893,38,68895,45
p001532,r0026,18,1.6499999999999999,0.78000000000000003,-61.883064559463548,67.805232739107964,-33.801639153777828,26,68940,45
p001533,r0021,12,2.3500000000000001,0.78000000000000003,-62.743140580162361,69.695695193726635,-33.156596709906779,28,68985,45
p001534,r0017,18,2.3500000000000001,0.78000000000000003,-59.796943110845675,60.698648250650038,-33.737913011316621,28,69030,45
p001535,r0009,8,3.75,0.22,-60.334135953109126,59.660196339059645,32.811443234782516,39,69075,45
p001536,r0011,26,2,0.78000000000000003,-60.139727874294636,60.24161146562605,-34.105833219512093,26,69120,45
p001537,r0021,8,2.7000000000000002,0.22,-60.120393726636507,59.685467691708894,33.778178179672906,34,69165,45
p001538,r0012,18,2.7000000000000002,0.78000000000000003,-59.722151070439644,61.002788114774987,-33.612664449692431,32,69210,45
p001539,r0019,8,2.3500000000000001,0.5,-59.873001476699464,59.623306795840939,0.32515265957073752,30,69255,45
p001540,r0011,18,2,0.5,-60.102228766970242,59.886657181181207,-0.5577857928945178,26,69300,45
p001541,r0008,18,1.3,0.78000000000000003,-66.160688776444871,79.152490796035693,-33.741789270499154,26,69345,45
p001542,r0018,12,1.3,0.5,-59.887630169493399,59.788347767954356,0.40035879923047873,26,69390,45
p001543,r0019,12,3.3999999999999999,0.78000000000000003,-59.873407726145729,60.298488492950469,-32.985590557944562,37,69435,45
p001544,r0017,18,3.75,0.5,-59.235589191984694,60.246875681115519,0.95564324456541239,40,69480,45
p001545,r0018,26,4.0999999999999996,0.22,-59.795971374588461,60.572148762174905,34.541162332086969,40,69525,45
p001546,r0004,12,3.0499999999999998,0.5,-59.794695417407574,59.693066590160335,-0.50081441362361967,35,69570,45
p001547,r0007,26,3.3999999999999999,0.78000000000000003,-60.354438900737151,60.57103004642989,-34.20083573236041,40,69615,45
p001548,r0005,18,2.3500000000000001,0.5,-59.637295204948863,58.960713727393504,0.11170926122232033,28,69660,45
p001549,r0014,18,1.6499999999999999,0.78000000000000003,-59.679709389209009,59.797231212307452,-33.844782456875393,26,69705,45
p001550,r0021,18,2.7000000000000002,0.5,-60.463584726894908,60.234590086116938,0.33550267961101526,32,69750,45
p001551,r0015,26,1.3,0.5,-59.748865905429497,59.555529146356307,0.35333162046340477,26,69795,45
p001552,r0009,8,2.3500000000000001,0.78000000000000003,-59.383762997629617,59.782160601871006,-32.717259805739481,31,69840,45
p001553,r0010,18,3.0499999999999998,0.22,-59.64030303074923,59.957624924635368,33.196080774450756,39,69885,45
p001554,r0005,26,1.6499999999999999,0.22,-59.664787128080988,59.929997201961228,33.169144649351935,26,69930,45
p001555,r0003,26,1.6499999999999999,0.22,-59.785401514744734,61.083141761318586,34.942062240584661,26,69975,45
p001556,r0000,12,3.3999999999999999,0.22,-60.073436930993381,59.860472172642531,33.925012169842631,39,70020,45
p001557,r0011,8,1.3,0.78000000000000003,-59.994349847260565,59.917538452111394,-33.163734421398736,27,70065,45
p001558,r0027,8,2.3500000000000001,0.22,-59.735677858508907,59.543431884217902,33.752027740818008,31,70110,45
p001559,r0024,8,4.0999999999999996,0.78000000000000003,-59.031368978676966,60.067224026574692,-32.379678517521597,39,70155,45
p001560,r0009,26,3.3999999999999999,0.22,-59.945272906873228,59.990246192014425,34.054431990259147,40,70200,45
p001561,r0019,8,1.3,0.78000000000000003,-59.343249737254972,59.74768752400869,-32.693243539776965,27,70245,45
p001562,r0013,26,1.6499999999999999,0.22,-60.110667079676773,60.465652726187542,33.488862368897387,26,70290,45
p001563,r0015,8,1.3,0.78000000000000003,-74.529268439542221,110.19959018444916,-34.338919542264122,27,70335,45
p001564,r0004,12,1.3,0.22,-60.335805078160959,59.322337413083844,33.447546065009988,26,70380,45
p001565,r0018,8,1.3,0.78000000000000003,-59.666937409777987,59.566242935733221,-33.885637733765527,27,70425,45
p001566,r0008,8,3.3999999999999999,0.78000000000000003,-59.989680430583718,60.363946531209741,-33.061882498989156,37,70470,45
p001567,r0011,26,2.3500000000000001,0.5,-60.015324976668978,60.947014300003872,0.015844661667446747,27,70515,45
p001568,r0010,18,3.0499999999999998,0.78000000000000003,-62.624220337201763,68.550693878482264,-33.315739209751271,36,70560,45
p001569,r0000,26,2.7000000000000002,0.78000000000000003,-59.730709240941351,60.28658331156069,-33.776904879390912,32,70605,45
p001570,r0021,18,2,0.78000000000000003,-59.743691601636556,59.97187082922521,-33.856267866846977,26,70650,45
p001571,r0021,8,3.0499999999999998,0.78000000000000003,-59.861885873907426,59.733756580356975,-34.000844533969264,34,70695,45
p001572,r0017,12,3.0499999999999998,0.78000000000000003,-60.088928438274777,59.689162517707388,-34.187748427958709,34,70740,45
p001573,r0009,12,3.3999999999999999,0.22,-84.333939444841832,66.605007213325592,33.848438948528759,39,70785,45
p001574,r0026,8,4.0999999999999996,0.78000000000000003,-59.970069798924868,60.555447660730742,-33.904455957800643,39,70830,45
p001575,r0006,18,4.0999999999999996,0.5,-60.686061278794782,59.924991192556092,-0.83053504311934456,40,70875,45
p001576,r0009,18,1.6499999999999999,0.78000000000000003,-59.303179524444907,59.815225235832429,-33.547130477183899,26,70920,45
p001577,r0023,26,3.75,0.78000000000000003,-66.901767662625446,84.613707131014309,-33.118363208024704,40,70965,45
p001578,r0010,12,2.7000000000000002,0.5,-59.861069264072803,59.411016534949518,-0.67502636456164278,33,71010,45
p001579,r0019,18,3.75,0.78000000000000003,-60.212378432247732,59.943332773178113,-33.328121967054045,40,71055,45
p001580,r0005,12,2,0.78000000000000003,-59.908482144114686,60.319539253084912,-33.008317436730778,27,71100,45
p001581,r0012,18,3.75,0.22,-60.047203329023944,59.624332470850199,32.846594594877885,40,71145,45
p001582,r0021,18,4.0999999999999996,0.22,-76.841234604716917,65.763147220163646,33.940183218689924,40,71190,45
p001583,r0017,8,2.7000000000000002,0.5,-59.918447643691387,59.836604821744295,0.40907858902645416,31,71235,45
p001584,r0000,12,1.6499999999999999,0.78000000000000003,-60.060268907436367,60.406782670542746,-34.007517560280967,27,71280,45
p001585,r0007,26,4.0999999999999996,0.22,-105.7233601377656,72.525659264615797,32.860874996091887,40,71325,45
p001586,r0000,8,2.3500000000000001,0.78000000000000003,-59.54769223536622,59.915670122879092,-33.715752516552257,30,71370,45
p001587,r0023,18,2,0.5,-59.698307035378697,59.856373305010656,-0.37096686518402039,27,71415,45
p001588,r0003,26,3.3999999999999999,0.5,-59.975072695162737,60.516416642233082,0.72067197353517254,40,71460,45
p001589,r0027,12,3.3999999999999999,0.78000000000000003,-70.975786143043166,99.036327786691771,-33.123121078501484,38,71505,45
p001590,r0004,18,2.7000000000000002,0.78000000000000003,-68.120613060492218,91.716668778981145,-33.406411055808078,32,71550,45
p001591,r0017,26,4.0999999999999996,0.5,-60.178507746770443,59.441814846815809,-0.81834644997731654,40,71595,45
p001592,r0004,18,3.3999999999999999,0.78000000000000003,-60.224087795694331,59.318776964819584,-33.474657548381266,39,71640,45
p001593,r0004,26,1.3,0.78000000000000003,-59.948601613700497,59.900863621325222,-34.031719261994844,26,71685,45
p001594,r0008,18,1.3,0.22,-59.650036348553954,60.283532331461998,33.448147221858491,26,71730,45
p001595,r0001,26,4.0999999999999996,0.22,-59.967044990131654,60.051553534208239,33.197461858853458,40,71775,45
p001596,r0011,26,3.0499999999999998,0.78000000000000003,-60.152553334466987,60.994763908014249,-33.950143541121122,37,71820,45
p001597,r0007,12,2,0.78000000000000003,-60.412797523390907,60.308194309717095,-33.404179320107147,27,71865,45
p001598,r0018,8,3.0499999999999998,0.5,-60.451771088922136,59.971362462175414,0.20979568662663867,34,71910,45
p001599,r0002,26,1.6499999999999999,0.78000000000000003,-60.128923694567547,59.968903524833856,-34.157401706299247,26,71955,45
p001600,r0010,12,4.0999999999999996,0.78000000000000003,-65.029217815893546,77.158172109467216,-33.297992032314184,40,72000,45
p001601,r0003,12,4.0999999999999996,0.5,-60.213903550987197,60.330296471996093,0.50819646050444756,40,72045,45
p001602,r0019,18,2,0.78000000000000003,-60.891659837548602,59.968208946657867,-34.752488705023183,26,72090,45
p001603,r0017,8,3.3999999999999999,0.22,-59.826939455972379,59.599208869995373,33.775456238282473,38,72135,45
p001604,r0005,8,2.7000000000000002,0.22,-60.749770663812726,60.103920612101803,33.966108531400607,32,72180,45
p001605,r0003,18,2.3500000000000001,0.78000000000000003,-67.787441870970412,86.481809776738601,-34.298206508474436,28,72225,45
p001606,r0022,8,1.6499999999999999,0.78000000000000003,-60.328175334828487,60.453692351865875,-33.306164443755726,28,72270,45
p001607,r0026,26,2.3500000000000001,0.78000000000000003,-60.567602803277069,60.636561283623323,-33.452686704158978,27,72315,45
p001608,r0027,18,3.0499999999999998,0.5,-59.909522654644128,60.279361585905995,0.6349194656309336,37,72360,45
p001609,r0018,18,2.3500000000000001,0.78000000000000003,-67.699972693306051,88.777184064936876,-32.824998206492609,28,72405,45
p001610,r0023,18,3.75,0.78000000000000003,-60.500894236665005,60.096426951968084,-34.419483575165728,40,72450,45
p001611,r0023,12,3.0499999999999998,0.78000000000000003,-59.568281753511428,60.314181177786089,-33.644139908625981,35,72495,45
p001612,r0007,18,3.3999999999999999,0.22,-59.898441834920249,60.39747300401109,34.382371739446199,40,72540,45
p001613,r0017,18,4.0999999999999996,0.5,-59.5702360825168,60.153928024028218,-0.15815402924429095,40,72585,45
p001614,r0001,18,4.0999999999999996,0.78000000000000003,-60.188855347664443,59.229014716956037,-33.466923933447937,40,72630,45
p001615,r0021,18,3.0499999999999998,0.22,-83.162004621129725,67.033335965217276,33.540361036220929,39,72675,45
p001616,r0007,12,2.3500000000000001,0.78000000000000003,-59.695084768338049,60.003988485788817,-32.911288652430137,29,72720,45
p001617,r0018,18,2.7000000000000002,0.5,-60.244597565756678,59.718208726499384,-0.71319441962864683,31,72765,45
p001618,r0006,26,2.7000000000000002,0.5,-59.852603353149178,59.802934976742634,-0.47483418820327189,33,72810,45
p001619,r0005,8,3.75,0.5,-59.954946174863856,60.071135295761259,0.50809456044870127,38,72855,45
p001620,r0020,12,2,0.78000000000000003,-59.925369747454596,60.164029470491037,-33.055701919506568,27,72900,45
p001621,r0011,26,1.6499999999999999,0.22,-70.966753094662906,63.128677374593956,33.177682671357445,26,72945,45
p001622,r0021,18,3.3999999999999999,0.78000000000000003,-64.812481484921534,74.548751779870059,-34.603010166667389,39,72990,45
p001623,r0002,18,1.6499999999999999,0.5,-59.785132781252806,60.088524281104945,0.60169574992606978,26,73035,45
p001624,r0018,8,2,0.78000000000000003,-60.031507033444655,59.606467675738529,-34.161152597424362,29,73080,45
p001625,r0006,8,2.7000000000000002,0.22,-90.328277924946761,69.192424840183634,34.547870231854944,33,73125,45
p001626,r0000,26,2.3500000000000001,0.5,-60.150042351643286,60.21131929241195,-0.41936152961566792,27,73170,45
p001627,r0020,12,1.3,0.22,-59.757197895267325,60.188770798581004,34.250657685934371,26,73215,45
p001628,r0007,18,2.3500000000000001,0.22,-77.279857191515774,64.942570324042947,33.203636270620024,30,73260,45
p001629,r0003,26,2,0.22,-60.045584080804268,60.240822532558049,34.227813077618343,26,73305,45
p001630,r0009,26,3.75,0.22,-60.036159518257634,60.140071104208076,34.15130036726562,40,73350,45
p001631,r0023,26,2.3500000000000001,0.78000000000000003,-63.041897582647557,70.656441381186198,-34.078263010604132,27,73395,45
p001632,r0018,26,2,0.5,-60.40533963840678,59.962073868514985,0.22836711505410251,26,73440,45
p001633,r0012,26,4.0999999999999996,0.78000000000000003,-59.028352566280482,59.729543271953347,-33.351615481869047,40,73485,45
p001634,r0017,18,1.3,0.22,-80.471137087807961,65.696479013481905,33.989603471198137,26,73530,45
p001635,r0018,12,4.0999999999999996,0.22,-59.866487427840291,59.53315190244799,33.715231249784573,40,73575,45
p001636,r0010,18,2.7000000000000002,0.22,-60.761286085512978,60.39848763379635,33.293337415548294,35,73620,45
p001637,r0015,26,3.75,0.22,-73.200990452631402,63.678828523457952,34.015268348718294,40,73665,45
p001638,r0006,18,3.3999999999999999,0.22,-60.261479449377276,60.432359452353865,34.329714893973019,40,73710,45
p001639,r0017,18,2.7000000000000002,0.22,-65.793617142970007,61.621546903415698,34.040210813210848,35,73755,45
p001640,r0002,12,2.7000000000000002,0.78000000000000003,-59.691422745523262,60.477266746478669,-32.804311057282838,33,73800,45
p001641,r0026,12,3.75,0.78000000000000003,-60.19404608636998,60.048570707853628,-34.190670391640793,39,73845,45
p001642,r0023,8,1.3,0.5,-59.503723417646974,60.377060469522085,-0.013331474062444226,27,73890,45
p001643,r0002,26,2,0.5,-59.867504280734046,59.725493787233852,0.37899475324990278,26,73935,45
p001644,r0010,12,2.7000000000000002,0.22,-59.857256460881686,60.342620667520904,33.448647699272328,35,73980,45
p001645,r0011,18,1.3,0.5,-59.322493498552411,60.206812269946361,0.89215938569697495,26,74025,45
p001646,r0016,18,1.3,0.78000000000000003,-59.945965584742694,59.774169758674951,-33.157535809190811,26,74070,45
p001647,r0002,12,1.6499999999999999,0.78000000000000003,-59.979643425917367,60.327233629090273,-33.062130473815685,27,74115,45
p001648,r0021,8,2.7000000000000002,0.78000000000000003,-61.393094618167609,63.826634961391086,-34.294754110664705,33,74160,45
p001649,r0015,18,1.6499999999999999,0.78000000000000003,-59.555563996386567,59.654356883074584,-32.879381402905111,26,74205,45
p001650,r0027,26,3.0499999999999998,0.5,-59.999685696335916,60.122423098587547,-0.38863129887418496,39,74250,45
p001651,r0027,8,2.3500000000000001,0.5,-60.175048433047039,59.899140966920669,0.3120462669368152,29,74295,45
p001652,r0025,8,2,0.78000000000000003,-64.370059287087415,74.34637488221955,-34.302443769839897,28,74340,45
p001653,r0008,26,1.3,0.22,-60.335170255466728,59.70784552625792,33.748382054278501,26,74385,45
p001654,r0010,8,1.6499999999999999,0.22,-59.948819125848715,59.681818090820059,33.81307790315293,28,74430,45
p001655,r0019,18,1.6499999999999999,0.78000000000000003,-59.764506035446075,60.13912383689582,-32.935707463530861,26,74475,45
p001656,r0002,18,3.3999999999999999,0.5,-59.329969627409895,59.957618826500237,-0.13617540045482884,39,74520,45
p001657,r0003,8,3.3999999999999999,0.22,-60.692177450412252,60.413342312376997,34.220127964563368,37,74565,45
p001658,r0005,12,1.6499999999999999,0.78000000000000003,-60.057544622960677,60.126348406753401,-34.067088156423587,27,74610,45
p001659,r0008,12,2.7000000000000002,0.78000000000000003,-60.858025439790829,59.802229764455191,-34.76276929485671,31,74655,45
p001660,r0014,8,1.6499999999999999,0.78000000000000003,-59.876812181015694,60.480173765294538,-32.948275272827445,27,74700,45
p001661,r0019,18,4.0999999999999996,0.22,-59.862871886365205,59.369855063528981,33.588655134552262,40,74745,45
p001662,r0020,8,1.6499999999999999,0.78000000000000003,-60.638810348254793,60.012751029677929,-33.645466845109596,27,74790,45
p001663,r0022,18,2.3500000000000001,0.78000000000000003,-60.218438915811227,59.833984638071854,-34.256905733956955,28,74835,45
p001664,r0014,26,2,0.5,-60.140737138089953,59.861934526813265,0.31059869436165571,26,74880,45
p001665,r0016,18,3.0499999999999998,0.22,-60.185511674256617,59.284378867346319,33.451002948193675,39,74925,45
p001666,r0026,18,3.0499999999999998,0.78000000000000003,-59.696991217089909,59.625457340202217,-32.996052534485642,37,74970,45
p001667,r0001,12,3.0499999999999998,0.22,-59.191351077715531,60.61361797268659,33.806524781598121,38,75015,45
p001668,r0016,12,3.0499999999999998,0.78000000000000003,-69.481896148425491,94.109537257674347,-33.041780799083526,35,75060,45
p001669,r0022,18,1.3,0.5,-60.47229625107915,59.943301775411236,-0.71449723783395735,26,75105,45
p001670,r0011,26,1.6499999999999999,0.5,-60.293080526536926,60.175588883003343,0.39125417823320846,26,75150,45
p001671,r0011,26,2,0.5,-59.235407017246466,60.187595953975041,0.026094468364287582,26,75195,45
p001672,r0027,18,2,0.5,-59.754274024205976,59.694119967066548,0.41992297143028595,26,75240,45
p001673,r0024,12,1.6499999999999999,0.78000000000000003,-60.008193951589206,59.298742999956893,-34.210667822249071,26,75285,45
p001674,r0001,18,3.75,0.5,-60.120946784309567,60.00140579993932,0.39022950781487681,40,75330,45
p001675,r0017,18,3.0499999999999998,0.5,-59.27609336469493,60.340381530789045,0.9821440830470578,37,75375,45
p001676,r0003,26,1.3,0.5,-60.204349723420528,59.568005638469735,-0.76817204247539617,26,75420,45
p001677,r0021,12,1.6499999999999999,0.5,-59.860791710824984,59.879611143556176,-0.44059028363440406,26,75465,45
p001678,r0013,26,3.0499999999999998,0.22,-63.496649159608644,61.023486305117302,34.079056502877599,40,75510,45
p001679,r0026,26,2.3500000000000001,0.22,-65.526094382025065,61.23401721673919,33.796792665011054,28,75555,45
p001680,r0023,18,2,0.22,-69.097436054841111,62.965271964137017,34.361476199961828,27,75600,45
p001681,r0022,26,2.3500000000000001,0.78000000000000003,-60.9169383795305,62.363977686385944,-34.245136845028888,27,75645,45
p001682,r0009,8,4.0999999999999996,0.5,-59.629847777181439,59.749286319197353,0.50971927100795678,39,75690,45
p001683,r0007,18,1.3,0.78000000000000003,-60.419722289115001,60.602758035977153,-33.344776617594725,26,75735,45
p001684,r0011,12,3.75,0.5,-59.911324858467061,59.82420732137728,0.40644123145510919,39,75780,45
p001685,r0005,12,2,0.5,-59.681507265631588,59.72978035792152,0.47413654614496609,27,75825,45
p001686,r0012,18,2.3500000000000001,0.5,-60.133423681494641,60.269195298621092,0.51788580856322564,28,75870,45
p001687,r0018,8,2,0.22,-60.548068107337542,59.734348202065959,33.72221661399719,29,75915,45
p001688,r0007,8,2.3500000000000001,0.22,-60.212018557393961,60.256014432437823,34.203047174674836,31,75960,45
p001689,r0014,26,2.7000000000000002,0.22,-60.300910617973571,60.380212370561708,33.380365313083942,36,76005,45
p001690,r0027,18,4.0999999999999996,0.22,-60.836062299983197,59.932388146709812,33.813329048437353,40,76050,45
p001691,r0006,12,4.0999999999999996,0.5,-59.587140303534618,60.284277052164562,-0.10143162568502789,40,76095,45
p001692,r0011,18,3.3999999999999999,0.78000000000000003,-59.919532066353227,60.686943179192916,-32.936107512333074,39,76140,45
p001693,r0019,12,3.3999999999999999,0.5,-59.865172622926139,59.456958873919632,0.24589312549674675,38,76185,45
p001694,r0008,12,1.6499999999999999,0.5,-60.290851132808079,60.441088332553825,0.5251185998728729,26,76230,45
p001695,r0023,8,4.0999999999999996,0.22,-59.936736416093545,60.008522197475394,33.170565302490225,40,76275,45
p001696,r0010,12,2,0.5,-60.17179712293899,60.170788227925676,0.44949555249334311,28,76320,45
p001697,r0012,12,4.0999999999999996,0.5,-60.112082231617798,60.004985214792633,0.3964514915874176,40,76365,45
p001698,r0004,12,3.75,0.22,-59.648482823347685,59.929486311201849,34.072333101600954,40,76410,45
p001699,r0003,8,4.0999999999999996,0.22,-59.846766838917922,59.809609940761895,33.035207049232334,40,76455,45
p001700,r0007,26,2,0.78000000000000003,-59.833094670781151,59.724113938411634,-33.080508776758734,26,76500,45
p001701,r0015,18,2,0.22,-60.375939482689702,59.817923850514887,33.825273917209884,27,76545,45
p001702,r0027,8,3.3999999999999999,0.22,-94.147508786115225,69.590418821774392,33.118074748038673,37,76590,45
p001703,r0004,12,2.3500000000000001,0.22,-59.669610280378421,59.806082547469813,33.071430125343198,30,76635,45
p001704,r0003,18,3.0499999999999998,0.78000000000000003,-60.178491766893202,59.990701192370288,-34.19126931585523,37,76680,45
p001705,r0019,18,3.3999999999999999,0.5,-60.311500499556686,60.02594725949703,-0.59277662002982789,39,76725,45
p001706,r0003,8,1.6499999999999999,0.22,-60.082309031834903,61.109858776760163,34.897581858869252,27,76770,45
p001707,r0020,18,3.0499999999999998,0.22,-59.949579960968421,59.773976672614282,33.884794213226087,39,76815,45
p001708,r0000,18,4.0999999999999996,0.22,-125.89741603957502,78.594923085158371,33.156608477717022,40,76860,45
p001709,r0015,26,3.3999999999999999,0.78000000000000003,-59.307572064228133,60.106222543652919,-32.586537250494302,40,76905,45
p001710,r0001,8,2,0.78000000000000003,-59.903203795563982,60.106225492757048,-33.051129352133358,28,76950,45
p001711,r0000,18,2.7000000000000002,0.22,-67.847111242655302,62.182698061755993,34.026140014785511,35,76995,45
p001712,r0004,26,2.3500000000000001,0.78000000000000003,-59.605336799242437,59.629657471853875,-33.823638059601251,27,77040,45
p001713,r0016,8,1.3,0.5,-59.463440420728254,60.371688583152157,0.004124081211951125,26,77085,45
p001714,r0017,8,4.0999999999999996,0.78000000000000003,-70.929986834365309,97.299013347761232,-34.369606794297454,38,77130,45
p001715,r0012,8,1.3,0.5,-60.745501414957403,59.715185448229846,-0.96515798336377823,26,77175,45
p001716,r0022,26,4.0999999999999996,0.78000000000000003,-59.719703469321047,60.291440741402205,-32.867251742961933,40,77220,45
p001717,r0010,12,1.3,0.78000000000000003,-59.514709056833453,59.737443461598112,-32.829235502778509,26,77265,45
p001718,r0008,12,3.75,0.22,-81.609686619282016,66.513015529251518,33.47602105657414,40,77310,45
p001719,r0007,26,4.0999999999999996,0.5,-60.423434071110862,59.883642784504232,-0.71989564330331457,40,77355,45
p001720,r0003,26,2.7000000000000002,0.22,-61.752345203643507,60.674674426947419,33.29073010821741,35,77400,45
p001721,r0026,8,3.3999999999999999,0.5,-60.134467057044922,59.511708685765406,0.13862081436024171,36,77445,45
p001722,r0021,12,4.0999999999999996,0.78000000000000003,-59.780701531380302,60.267272219952012,-33.8201473060872,40,77490,45
p001723,r0001,12,3.75,0.78000000000000003,-61.067797404732474,64.202172015379659,-33.958404132307805,39,77535,45
p001724,r0008,26,3.3999999999999999,0.78000000000000003,-59.523345852485363,59.819931159567609,-33.717824909833716,40,77580,45
p001725,r0009,26,1.6499999999999999,0.5,-59.760349946893619,59.974977526930608,0.55731379001849457,26,77625,45
p001726,r0025,26,1.3,0.22,-60.598038879072917,60.38599132265135,33.319504678272011,26,77670,45
p001727,r0003,12,2.3500000000000001,0.78000000000000003,-60.372879881598983,59.929422996019575,-34.356373248522907,29,77715,45
p001728,r0027,8,2.3500000000000001,0.78000000000000003,-77.324756529111596,120.94575305024968,-34.1552444216521,30,77760,45
p001729,r0021,26,2,0.5,-59.705174959204072,60.257384549488194,-0.17389520485793925,26,77805,45
p001730,r0007,18,3.0499999999999998,0.5,-60.420821110903745,60.227879664916742,0.35352927700649844,38,77850,45
p001731,r0009,26,2.3500000000000001,0.78000000000000003,-63.227885314756705,73.290687638407434,-33.643799265060608,26,77895,45
p001732,r0027,26,2.3500000000000001,0.22,-60.089837311295909,59.987492877174418,34.020480235710949,28,77940,45
p001733,r0003,18,2,0.5,-60.202601815326332,59.518145047315301,0.1077716159944842,26,77985,45
p001734,r0019,12,1.6499999999999999,0.22,-77.657923418966391,65.082786862356016,34.129830600465091,27,78030,45
p001735,r0013,12,2.3500000000000001,0.5,-59.874252746012779,60.040624326474209,-0.36681420976928508,29,78075,45
p001736,r0009,18,3.3999999999999999,0.78000000000000003,-60.447992043713157,60.279471076018751,-34.337950157372148,39,78120,45
p001737,r0011,12,1.3,0.78000000000000003,-60.001800601435022,60.304144364729858,-33.984492708878754,26,78165,45
p001738,r0007,8,3.0499999999999998,0.5,-60.657148664763994,59.692894527500883,-0.032127068631555733,35,78210,45
p001739,r0005,12,3.3999999999999999,0.22,-59.64169058332476,59.937777413207982,33.180294453970774,39,78255,45
p001740,r0010,8,2,0.78000000000000003,-60.175352158291219,59.870764651832836,-33.315206460063926,28,78300,45
p001741,r0009,26,2,0.78000000000000003,-60.075798441924519,60.503858984334443,-33.098273808147553,26,78345,45
p001742,r0017,18,3.3999999999999999,0.78000000000000003,-60.022272038775789,59.520426767192909,-33.272878301462676,39,78390,45
p001743,r0025,8,3.75,0.22,-61.832927704328867,60.672376329397309,33.271209441977547,39,78435,45
p001744,r0008,12,2,0.5,-59.161379934015635,59.96453583341647,-0.04842205029958252,27,78480,45
p001745,r0019,26,1.6499999999999999,0.5,-59.935416594136832,60.027589690135351,-0.40391345200074086,26,78525,45
p001746,r0017,26,4.0999999999999996,0.22,-59.810565733080622,60.265908800812774,34.299084403356233,40,78570,45
p001747,r0014,8,2.3500000000000001,0.22,-59.746873000286413,60.058090511337191,34.150998538780001,31,78615,45
p001748,r0025,12,1.3,0.5,-60.536030020987205,60.659979029807339,-0.38802549558993321,26,78660,45
p001749,r0018,12,1.3,0.78000000000000003,-63.782291848157328,71.649810138016292,-33.537229411199135,26,78705,45
p001750,r0003,18,1.3,0.5,-59.745876179788624,59.814995262478945,-0.41544045865483953,26,78750,45
p001751,r0007,26,1.3,0.22,-60.089006954734401,59.653315910808217,32.860004880388843,26,78795,45
p001752,r0012,12,2,0.5,-60.421524607853726,60.00976178225261,0.24411858719944207,27,78840,45
p001753,r0026,18,3.75,0.5,-60.181582467360549,60.811899592815656,0.76515856272755367,40,78885,45
p001754,r0002,18,3.3999999999999999,0.22,-66.557796949647781,61.449533041439821,32.837920443400549,40,78930,45
p001755,r0012,26,2.3500000000000001,0.22,-60.572210405407915,59.674088320939347,32.769902601142945,28,78975,45
p001756,r0021,12,1.3,0.22,-78.611656308954224,65.595237680927255,33.419721003153327,26,79020,45
p001757,r0017,8,1.6499999999999999,0.5,-60.193903731910353,59.798015002805357,0.25205563544750192,28,79065,45
p001758,r0022,18,1.3,0.22,-60.027310589400884,60.036317724469491,33.172319495418009,26,79110,45
p001759,r0000,8,3.0499999999999998,0.5,-59.158928356933217,60.563327415718589,1.1521995293926863,35,79155,45
p001760,r0017,12,1.6499999999999999,0.78000000000000003,-60.603896416538568,60.756916391233943,-34.354517598828622,26,79200,45
p001761,r0016,26,1.3,0.78000000000000003,-60.314019096759168,59.638167810556581,-34.374537977149714,26,79245,45
p001762,r0012,12,3.0499999999999998,0.5,-59.649621350579721,60.432886980659418,0.84163281503984844,35,79290,45
p001763,r0019,8,2,0.78000000000000003,-59.984275835710932,59.912854310535536,-33.156907203536704,28,79335,45
p001764,r0007,18,4.0999999999999996,0.78000000000000003,-60.453042448732845,59.902025072189126,-33.524927594130013,40,79380,45
p001765,r0016,8,4.0999999999999996,0.5,-60.107351247875435,60.342160765950389,0.56740475903747689,39,79425,45
p001766,r0026,12,1.3,0.5,-60.006815446378809,60.148882838808717,0.52103369621495399,26,79470,45
p001767,r0014,26,1.3,0.5,-59.788510483735678,60.125333610184853,-0.28158843677541229,26,79515,45
p001768,r0002,8,3.0499999999999998,0.5,-59.860180880345482,59.840805795170454,-0.45968754258751404,35,79560,45
p001769,r0000,26,3.75,0.5,-60.232402913088208,60.358585445841399,-0.38690873362340455,40,79605,45
p001770,r0016,26,3.3999999999999999,0.5,-59.904413057007126,59.688357342855433,0.3419721429241534,40,79650,45
p001771,r0026,26,1.6499999999999999,0.78000000000000003,-60.637740087668263,59.91090732289905,-34.567037657343462,26,79695,45
p001772,r0003,18,1.3,0.22,-60.025092333513086,60.861218738786988,33.816230302880967,26,79740,45
p001773,r0003,26,1.6499999999999999,0.78000000000000003,-59.814664162736506,60.11024303942952,-33.88118457825999,26,79785,45
p001774,r0008,8,2.7000000000000002,0.22,-59.839919578143075,59.962883172218753,33.156266567139149,33,79830,45
p001775,r0011,12,3.3999999999999999,0.78000000000000003,-60.607043164056549,59.951370908953848,-33.634192067994263,37,79875,45
p001776,r0023,26,1.3,0.78000000000000003,-59.963074601010582,59.326875010595053,-33.269285686457344,26,79920,45
p001777,r0020,12,2,0.22,-60.19751291640565,59.570999056160765,33.671926422196158,28,79965,45
p001778,r0017,8,2.3500000000000001,0.5,-60.723814804600437,60.437516363261039,-0.59314922066969866,30,80010,45
p001779,r0026,26,2.3500000000000001,0.5,-60.133386271563069,60.454316047840734,0.61046488813883282,27,80055,45
p001780,r0003,26,2,0.78000000000000003,-61.546741963378636,66.498787650039148,-33.826725448426728,26,80100,45
p001781,r0016,12,4.0999999999999996,0.5,-59.674990863612123,59.270513061780946,0.2477610990844113,40,80145,45
p001782,r0004,26,2.3500000000000001,0.22,-59.784715379319763,59.90659093821715,33.12450354835903,27,80190,45
p001783,r0009,12,1.3,0.22,-59.685358230996556,60.198406126290472,33.373977967687324,26,80235,45
p001784,r0014,8,2,0.78000000000000003,-59.82989216748193,60.046053373433146,-33.007184148480611,28,80280,45
p001785,r0009,8,3.3999999999999999,0.78000000000000003,-62.174005583243463,67.345798867111156,-33.229648604165448,36,80325,45
p001786,r0002,12,1.3,0.22,-59.856012797926923,59.653613593496502,32.911495787383345,26,80370,45
p001787,r0000,8,2.3500000000000001,0.22,-59.956400989510584,60.603787479463811,33.630546016289443,32,80415,45
p001788,r0005,8,1.3,0.5,-59.939776465632157,59.855833317766177,0.40802842606700979,26,80460,45
p001789,r0016,18,2.3500000000000001,0.22,-62.412160683659124,61.182776597000405,33.541890395255308,30,80505,45
p001790,r0012,18,3.75,0.5,-59.948102144515239,60.013794188648184,0.48284602206647237,40,80550,45
p001791,r0007,12,3.75,0.78000000000000003,-61.304259414462855,65.640507416841132,-33.826410711575974,39,80595,45
p001792,r0001,8,1.3,0.5,-59.414828921081408,60.709747924743738,1.0974595018311646,27,80640,45
p001793,r0015,8,3.0499999999999998,0.78000000000000003,-61.523669849630764,65.51103661999187,-33.12603442631378,35,80685,45
p001794,r0006,12,1.6499999999999999,0.22,-59.655438880593302,59.946260015822531,33.183886258611047,27,80730,45
p001795,r0002,18,2.7000000000000002,0.78000000000000003,-60.095153614192611,59.716374076840424,-34.186617522165349,31,80775,45
p001796,r0008,26,2,0.78000000000000003,-66.225268703419658,79.220757297746474,-33.777142983163117,26,80820,45
p001797,r0005,26,2.3500000000000001,0.22,-59.661599614938574,60.110265317591846,34.210455032435156,28,80865,45
p001798,r0003,18,2.7000000000000002,0.22,-63.666245065263062,60.426628698467702,32.676196470446932,35,80910,45
p001799,r0026,26,3.3999999999999999,0.5,-60.116263817425356,60.464952400648961,0.62434429161180272,40,80955,45
p001800,r0013,18,4.0999999999999996,0.22,-81.996123496078326,66.060551506559648,33.938083005979294,40,81000,45
p001801,r0021,8,3.75,0.78000000000000003,-60.012151998417501,59.92007200349741,-33.177062717996222,38,81045,45
p001802,r0022,18,1.6499999999999999,0.22,-59.366110390128711,59.648270452095232,33.915106666805968,26,81090,45
p001803,r0007,12,1.3,0.5,-60.170925911709823,59.950562582569709,-0.56018166457005658,26,81135,45
p001804,r0000,18,4.0999999999999996,0.5,-59.522873754299582,60.32747499925182,0.85230062247611893,40,81180,45
p001805,r0003,8,1.3,0.5,-59.304141496501998,60.101171250548347,-0.051485122976825448,27,81225,45
p001806,r0001,18,1.3,0.78000000000000003,-59.834988066105694,60.084644304425126,-33.902668944588925,26,81270,45
p001807,r0020,26,1.3,0.78000000000000003,-62.049178696349117,66.969548817698126,-33.215058643258729,26,81315,45
p001808,r0005,26,3.3999999999999999,0.22,-59.718053128128631,59.648406822764883,32.937785633568311,40,81360,45
p001809,r0007,26,1.3,0.5,-59.637384000219747,59.843784334066335,-0.34679983307670598,26,81405,45
p001810,r0025,26,1.3,0.5,-60.002717382678583,60.401369357714202,0.64932598751780968,26,81450,45
p001811,r0008,12,3.75,0.5,-59.840592554471726,59.736355899986748,0.3978816727575108,39,81495,45
p001812,r0002,26,3.0499999999999998,0.78000000000000003,-59.933005717488726,59.169058183294965,-33.280551659316316,38,81540,45
p001813,r0011,12,2.7000000000000002,0.22,-60.140866347433132,60.316917450805647,34.266205015193123,35,81585,45
p001814,r0013,8,3.3999999999999999,0.78000000000000003,-63.572632916851319,72.373219113646712,-34.114545470141763,37,81630,45
p001815,r0026,18,1.3,0.78000000000000003,-59.930305978572804,60.294194988317692,-33.030915765856896,26,81675,45
p001816,r0012,12,1.6499999999999999,0.22,-76.400567034453076,64.777860418953026,33.268606379203682,27,81720,45
p001817,r0009,8,4.0999999999999996,0.78000000000000003,-59.529459335306043,60.034829884097924,-32.775315707037173,39,81765,45
p001818,r0027,8,3.0499999999999998,0.22,-59.916911553428108,60.017664716510936,33.182057937124341,36,81810,45
p001819,r0003,12,4.0999999999999996,0.78000000000000003,-60.050337211939741,59.599594899721808,-33.277352147374202,40,81855,45
p001820,r0018,18,1.6499999999999999,0.22,-65.182477698771521,61.505995291537943,33.184531233669858,26,81900,45
p001821,r0024,18,2.3500000000000001,0.78000000000000003,-61.677190090310845,67.656893748840005,-33.673691645697659,28,81945,45
p001822,r0009,18,2.3500000000000001,0.22,-59.976469253049416,60.55341359455511,34.486839368082116,29,81990,45
p001823,r0013,12,2.3500000000000001,0.22,-60.17997659601096,59.6884381304925,33.76738689066174,30,82035,45
p001824,r0020,12,3.75,0.22,-60.114880328730777,59.728044030661707,33.812600671595362,40,82080,45
p001825,r0015,12,1.3,0.22,-59.548414802190052,59.01695197886815,33.382571287035347,26,82125,45
p001826,r0016,8,1.6499999999999999,0.5,-59.827032733915637,59.978515747178314,0.52574150663133845,27,82170,45
p001827,r0016,18,1.3,0.22,-63.417615183589575,60.490429610901778,33.680659756113684,26,82215,45
p001828,r0004,18,3.0499999999999998,0.22,-59.658028223012053,59.834827983289813,33.996399617903407,38,82260,45
p001829,r0005,8,3.3999999999999999,0.5,-59.999531613023755,60.538759598376963,-0.18038600732339632,37,82305,45
p001830,r0023,18,3.0499999999999998,0.22,-60.437457879343,60.16697390982371,33.183998916207031,38,82350,45
p001831,r0011,8,3.3999999999999999,0.5,-59.578712236776447,60.092871050487624,-0.19292059314441162,36,82395,45
p001832,r0023,12,1.6499999999999999,0.5,-59.602669899368436,59.741694929548444,-0.38048748490999601,26,82440,45
p001833,r0018,26,2.3500000000000001,0.5,-59.513034731233702,59.920745419343532,0.65385534405491508,27,82485,45
p001834,r0003,8,3.75,0.22,-63.934152676356078,61.488224290422778,33.445301357731424,39,82530,45
p001835,r0016,18,2.3500000000000001,0.78000000000000003,-60.005896780747058,61.432152499868913,-33.73952593901155,28,82575,45
p001836,r0007,18,2.7000000000000002,0.5,-59.802650381079673,59.230709139840542,-0.73597062061956531,32,82620,45
p001837,r0018,26,3.75,0.22,-59.382120280199644,60.102922597790297,34.266213164632518,40,82665,45
p001838,r0005,8,1.3,0.78000000000000003,-59.904826994011415,59.423652724085542,-34.102561456030088,27,82710,45
p001839,r0018,8,1.6499999999999999,0.78000000000000003,-59.251145248598853,60.523499839120603,-32.450723329300573,28,82755,45
p001840,r0026,18,4.0999999999999996,0.5,-59.754956425493731,59.851673001704484,-0.40164171189462367,40,82800,45
p001841,r0001,8,3.3999999999999999,0.5,-59.756393731441925,60.509446585691741,0.82652642712490798,36,82845,45
p001842,r0010,8,3.0499999999999998,0.22,-59.699892326149538,59.948079904171578,33.175526013500928,36,82890,45
p001843,r0005,18,2.7000000000000002,0.5,-60.341828614559539,59.529037270526437,0.04360432798344932,32,82935,45
p001844,r0021,12,2,0.78000000000000003,-61.232851853954202,61.989674918436982,-33.673895964028141,27,82980,45
p001845,r0014,26,2.7000000000000002,0.5,-59.833901321708737,59.013003744587621,0.039551211439442124,32,83025,45
p001846,r0014,12,1.3,0.5,-60.009443220379296,60.088126532533423,0.4893416560770632,26,83070,45
p001847,r0022,8,2,0.78000000000000003,-59.351630630565793,59.870139932995173,-32.672841106582382,29,83115,45
p001848,r0003,8,1.6499999999999999,0.5,-59.975004585353936,60.28415427067177,0.60457484265891703,27,83160,45
p001849,r0019,26,2,0.78000000000000003,-60.39130621877991,59.987786162407524,-34.35790589491868,26,83205,45
p001850,r0009,26,1.6499999999999999,0.22,-59.717282031578264,59.764342592067543,33.028385174865463,26,83250,45
p001851,r0006,26,3.3999999999999999,0.78000000000000003,-60.143173853881223,60.192717828360458,-34.119277683788056,40,83295,45
p001852,r0016,8,2,0.22,-66.752627115719775,62.290963324856342,33.451373427929596,29,83340,45
p001853,r0024,12,2.7000000000000002,0.5,-60.218915607835491,60.111334333942757,-0.50379063694636694,32,83385,45
p001854,r0021,26,1.6499999999999999,0.78000000000000003,-66.047413365335643,82.017047463409369,-33.923231983011746,26,83430,45
p001855,r0010,8,1.6499999999999999,0.78000000000000003,-63.091874306756281,70.400713351969642,-34.17350502183659,27,83475,45
p001856,r0008,18,2.7000000000000002,0.22,-60.36137037137955,59.544017069971886,33.614831832874572,32,83520,45
p001857,r0015,8,2.3500000000000001,0.5,-60.480526615657574,61.008233252501491,0.71385331842195821,29,83565,45
p001858,r0001,12,2.7000000000000002,0.78000000000000003,-59.922904247259595,60.545478814936743,-32.969859973576405,33,83610,45
p001859,r0017,8,3.75,0.5,-60.11858617761451,59.914901757121932,-0.55184221024628921,39,83655,45
p001860,r0008,26,1.3,0.5,-59.914912637215167,60.230953476847873,-0.29197958018364717,26,83700,45
p001861,r0008,26,1.6499999999999999,0.22,-59.270575922449268,59.754875681319191,33.11927632849013,26,83745,45
p001862,r0009,12,2.3500000000000001,0.78000000000000003,-59.702166174633547,61.0315034175402,-33.59075886435533,28,83790,45
p001863,r0023,26,3.3999999999999999,0.22,-60.005177014050304,60.263458831318786,33.35435894533758,40,83835,45
p001864,r0015,12,2,0.5,-60.439046228235121,59.585901646537486,-0.87657229084881716,28,83880,45
p001865,r0023,26,4.0999999999999996,0.78000000000000003,-60.169155608515297,59.754203205889219,-33.3360166693463,40,83925,45
p001866,r0009,18,2,0.22,-59.964593342542464,60.234496972879434,33.340697103486612,26,83970,45
p001867,r0019,8,3.75,0.5,-60.169281689179343,59.293112262573445,-0.88808471330294902,38,84015,45
p001868,r0008,18,4.0999999999999996,0.78000000000000003,-60.337484965952768,60.24665723362066,-34.258973682046609,40,84060,45
p001869,r0003,26,2.3500000000000001,0.22,-59.981356834181064,59.723117045689925,32.938132792118303,28,84105,45
p001870,r0023,8,3.3999999999999999,0.78000000000000003,-63.310280321787104,72.839047792865273,-33.807428136563587,36,84150,45
p001871,r0020,8,1.3,0.22,-67.435780358663223,61.848484495786025,32.955946227807189,27,84195,45
p001872,r0015,18,1.3,0.78000000000000003,-59.9595996420625,59.937784485847907,-33.13217513392221,26,84240,45
p001873,r0022,26,4.0999999999999996,0.5,-59.657964966190896,60.011186092014377,-0.27338943708825952,40,84285,45
p001874,r0003,8,2.7000000000000002,0.78000000000000003,-59.543118655875489,60.015550778880218,-33.690211380229236,31,84330,45
p001875,r0026,12,3.75,0.5,-59.870562041148652,60.054903476745658,0.54217071779850268,39,84375,45
p001876,r0020,12,2.7000000000000002,0.78000000000000003,-59.913794641907771,60.26350364858277,-33.924789017999856,33,84420,45
p001877,r0006,12,2,0.22,-60.89478807310303,60.140965916522511,33.06310003880489,27,84465,45
p001878,r0017,8,2.7000000000000002,0.78000000000000003,-60.338307993677709,60.035991759913806,-33.405962047887577,32,84510,45
p001879,r0016,18,3.0499999999999998,0.5,-59.941322218220208,59.476898280100087,-0.6822119690600601,38,84555,45
p001880,r0024,12,1.6499999999999999,0.22,-59.944840351303057,60.301909245956423,33.397624334559339,27,84600,45
p001881,r0017,26,3.0499999999999998,0.22,-77.694570811450944,65.040008986796209,34.088401431181836,40,84645,45
p001882,r0025,8,2.3500000000000001,0.5,-60.250455105001251,60.402754005402898,0.52614945020082327,30,84690,45
p001883,r0005,18,2,0.78000000000000003,-59.899617638912829,59.801356617028162,-34.015403302605819,26,84735,45
p001884,r0006,12,3.3999999999999999,0.78000000000000003,-60.215195075055107,59.969796822897202,-34.224496857505606,38,84780,45
p001885,r0008,26,3.75,0.5,-60.061182784765215,59.912745473253885,0.37578134424433501,40,84825,45
p001886,r0000,12,3.3999999999999999,0.78000000000000003,-59.596726510683183,59.788870801224121,-32.881895102063581,38,84870,45
p001887,r0008,26,4.0999999999999996,0.5,-60.431232693097336,59.431214689843081,-0.050009001627127236,40,84915,45
p001888,r0010,26,1.6499999999999999,0.78000000000000003,-60.638047866521788,60.322630426216342,-34.476698642119395,26,84960,45
p001889,r0024,26,1.3,0.22,-73.078691542512217,63.777561462487512,33.219185801387567,26,85005,45
p001890,r0013,12,4.0999999999999996,0.22,-59.625056488812831,60.366204100776173,34.418126771066596,40,85050,45
p001891,r0025,26,1.6499999999999999,0.78000000000000003,-60.184217048636825,60.562163814944924,-34.070013258648842,26,85095,45
p001892,r0003,18,3.75,0.5,-60.010027134564133,59.565468742841254,-0.67227919586143936,40,85140,45
p001893,r0008,8,1.6499999999999999,0.5,-60.018112574093472,59.978002261403979,-0.47005515634474621,27,85185,45
p001894,r0027,18,3.75,0.78000000000000003,-59.466699136349511,60.249743166474417,-33.579081829728253,40,85230,45
p001895,r0001,12,1.6499999999999999,0.78000000000000003,-59.876999949676836,60.190671425405682,-33.012112247158683,26,85275,45
p001896,r0000,8,3.3999999999999999,0.78000000000000003,-60.30805225298046,62.458831440543022,-33.749337840405303,36,85320,45
p001897,r0019,8,4.0999999999999996,0.5,-59.947286316512589,59.587156023265564,-0.63006514662351232,39,85365,45
p001898,r0017,8,3.75,0.22,-59.461325643275046,60.516949139993443,33.671728687674374,39,85410,45
p001899,r0004,18,1.3,0.78000000000000003,-65.904057369262304,79.122715555320141,-34.448167325854172,26,85455,45
p001900,r0015,8,2,0.78000000000000003,-61.678019405880079,65.42692930729612,-34.164930688981315,28,85500,45
p001901,r0021,12,3.75,0.5,-60.01352682090414,60.456620081356739,-0.2284533697737004,39,85545,45
p001902,r0021,18,2,0.22,-59.979178517673425,60.168483227373351,34.185997643463061,27,85590,45
p001903,r0025,18,2,0.78000000000000003,-60.068768469795643,60.446930569705124,-34.005314681105482,27,85635,45
p001904,r0026,26,4.0999999999999996,0.5,-60.722696716690685,60.200934687197751,-0.71088101474646659,40,85680,45
p001905,r0027,8,2.7000000000000002,0.22,-59.846433544672614,60.423344926122439,34.413993662547533,33,85725,45
p001906,r0012,26,4.0999999999999996,0.5,-59.802987371036266,59.958651786377004,-0.37216779232963121,40,85770,45
p001907,r0016,26,2,0.22,-60.102445138315133,59.989855019592468,33.119548984852798,26,85815,45
p001908,r0027,26,3.75,0.22,-60.462772585156884,60.616630898668681,33.529162132227057,40,85860,45
p001909,r0003,18,3.3999999999999999,0.22,-59.719405097114645,59.699740900596069,33.877528781099713,40,85905,45
p001910,r0010,26,2.7000000000000002,0.22,-82.744168383338135,66.589172820861307,34.185837755937435,35,85950,45
p001911,r0015,8,3.0499999999999998,0.5,-60.33825691805248,60.015184031466404,0.28846355670696228,34,85995,45
p001912,r0000,18,3.0499999999999998,0.5,-60.201378123573711,60.32550269718049,0.51206228680338906,37,86040,45
p001913,r0027,18,3.3999999999999999,0.5,-60.099770495872562,59.551719304330206,-0.72402559577117809,39,86085,45
p001914,r0015,26,3.3999999999999999,0.5,-59.670561413123828,59.912415528543939,0.57092705771005536,40,86130,45
p001915,r0017,18,1.6499999999999999,0.22,-85.839550514695219,67.832722654806787,34.474822557516347,26,86175,45
p001916,r0019,8,1.3,0.5,-60.500560533246315,59.88118905811244,0.14031426243306272,27,86220,45
p001917,r0010,18,3.3999999999999999,0.5,-60.284889753681654,60.095101511352254,-0.5448941211646996,39,86265,45
p001918,r0019,8,3.75,0.78000000000000003,-61.343725703200704,65.367966098264077,-33.017153506878458,38,86310,45
p001919,r0020,12,1.3,0.78000000000000003,-59.543804445200763,59.473010865225397,-32.910105076907008,26,86355,45
p001920,r0014,12,4.0999999999999996,0.22,-59.853317375508951,59.899493845332344,34.00387537674726,40,86400,45
p001921,r0010,18,3.75,0.5,-59.891067591587372,60.039921944459095,-0.37557282356413851,40,86445,45
p001922,r0008,8,2.7000000000000002,0.78000000000000003,-64.187048838879377,72.851159428436802,-34.48864302006983,33,86490,45
p001923,r0026,18,2,0.22,-65.375878245779717,60.969902262562741,33.623830550727405,27,86535,45
p001924,r0026,8,3.0499999999999998,0.22,-60.310314756606985,59.580225842623122,32.754306910792494,35,86580,45
p001925,r0022,18,1.3,0.78000000000000003,-64.291947951476857,75.57931187138314,-33.970270790447671,26,86625,45
p001926,r0000,12,2,0.5,-59.519309463896263,60.196466073067256,0.78857830458549638,27,86670,45
p001927,r0019,18,2.7000000000000002,0.78000000000000003,-62.403491410862415,69.773691775233459,-33.774511109921335,31,86715,45
p001928,r0020,18,3.0499999999999998,0.5,-59.519159887696503,59.803626555221939,-0.30776666623728205,37,86760,45
p001929,r0022,26,3.3999999999999999,0.78000000000000003,-68.539622768193496,87.97595220873059,-34.556196273270203,40,86805,45
p001930,r0027,26,2.7000000000000002,0.5,-59.708907080689031,60.318780942686871,0.75493693099892023,32,86850,45
p001931,r0016,12,3.3999999999999999,0.22,-60.308032104064054,60.490267895870332,34.364641895884773,39,86895,45
p001932,r0017,8,2.3500000000000001,0.78000000000000003,-59.822542039611946,60.009290059742561,-33.009538977753955,31,86940,45
p001933,r0003,26,1.3,0.22,-60.786354794887146,60.260398554598687,34.080112817711807,26,86985,45
p001934,r0022,18,1.6499999999999999,0.5,-60.721702353282751,60.010206989511218,0.094252318114233458,26,87030,45
p001935,r0026,8,1.3,0.78000000000000003,-59.94034989513402,59.808368966980268,-34.045631745468881,27,87075,45
p001936,r0018,8,2,0.5,-60.171736381658484,59.839079467880886,0.28367154311120119,28,87120,45
p001937,r0007,26,2.7000000000000002,0.5,-59.874730500666793,59.479152743315971,-0.64778887867541068,31,87165,45
p001938,r0027,12,4.0999999999999996,0.5,-60.144793988753115,59.535193018945627,0.145199515096256,40,87210,45
p001939,r0025,18,3.3999999999999999,0.22,-65.782332249559914,61.84038940014689,33.313390637211391,40,87255,45
p001940,r0025,8,4.0999999999999996,0.22,-69.486762929258276,62.340962631260574,33.788863007946432,40,87300,45
p001941,r0017,12,2.3500000000000001,0.22,-75.730011796241371,64.50310090398122,34.101816109932258,30,87345,45
p001942,r0023,8,2.3500000000000001,0.22,-59.922862245996257,60.027255721339813,33.188229768525872,31,87390,45
p001943,r0003,26,1.6499999999999999,0.5,-60.479688527283081,60.022125259264747,0.22121836599083339,26,87435,45
p001944,r0010,8,1.6499999999999999,0.5,-59.534299149559757,60.208137421515517,0.78691913597787955,27,87480,45
p001945,r0023,8,1.6499999999999999,0.78000000000000003,-59.910671853204015,59.938281505637597,-33.993902114258866,28,87525,45
p001946,r0011,26,3.3999999999999999,0.5,-59.907414602321246,60.21009869909971,-0.29865795161076819,40,87570,45
p001947,r0011,12,1.6499999999999999,0.5,-60.32876090856783,60.414313647814495,-0.40722363037666726,26,87615,45
p001948,r0021,26,3.0499999999999998,0.78000000000000003,-59.842496018837238,59.90770795394382,-33.947451144825415,37,87660,45
p001949,r0022,12,2.7000000000000002,0.22,-59.555724583191498,59.782461615631384,33.078060651890347,35,87705,45
p001950,r0023,8,3.3999999999999999,0.22,-60.90837476212927,59.651273855654594,33.578151159742148,38,87750,45
p001951,r0027,26,1.3,0.5,-60.01203834160092,60.621194292448742,0.75457797542391059,26,87795,45
p001952,r0019,18,3.75,0.5,-59.758342281214546,60.071158610020994,-0.29359183559677576,40,87840,45
p001953,r0012,12,1.6499999999999999,0.78000000000000003,-64.152831987252881,73.516130999496895,-33.415660130167922,26,87885,45
p001954,r0001,12,3.75,0.5,-59.638304006114318,60.513568926881014,0.88763246038334809,39,87930,45
p001955,r0024,18,4.0999999999999996,0.5,-59.744335006685482,59.848724156658612,0.50219457498656506,40,87975,45
p001956,r0027,18,1.6499999999999999,0.5,-59.506546624791348,59.887730076790753,0.64059172599970249,26,88020,45
p001957,r0016,12,3.75,0.78000000000000003,-68.931405137518155,87.368880588303739,-34.095342277837332,39,88065,45
p001958,r0019,12,3.75,0.5,-60.228812582435381,59.827962522532545,-0.65042502995141827,39,88110,45
p001959,r0019,18,3.3999999999999999,0.22,-59.656163197076857,60.179924228185712,33.365984994627944,40,88155,45
p001960,r0017,18,2.3500000000000001,0.22,-61.531543712452596,59.851578864146809,32.697291897294939,29,88200,45
p001961,r0027,8,2,0.22,-89.363182312083737,68.77615511964747,33.535500884666604,29,88245,45
p001962,r0001,18,3.3999999999999999,0.5,-60.146819856193432,59.783506587060501,0.2683433654335346,39,88290,45
p001963,r0020,18,3.3999999999999999,0.5,-60.125574834187475,60.223388145285512,-0.40109334445098171,39,88335,45
p001964,r0022,18,2.7000000000000002,0.5,-59.838286892233008,60.412091853069647,0.73690248041831974,32,88380,45
p001965,r0008,26,2.3500000000000001,0.22,-60.276795902851859,60.64691713329961,34.493700265346291,28,88425,45
p001966,r0025,8,2.3500000000000001,0.22,-73.657435639135173,63.530300672471903,32.898998683918343,30,88470,45
p001967,r0008,12,3.3999999999999999,0.5,-59.384389837802168,60.493159372243518,1.0043847672206752,39,88515,45
p001968,r0024,26,1.6499999999999999,0.78000000000000003,-59.669412593029094,60.302801852534593,-33.725525415005087,26,88560,45
p001969,r0020,18,2.3500000000000001,0.22,-59.985160093999724,59.623398135031437,33.759515324644582,30,88605,45
p001970,r0006,26,3.3999999999999999,0.5,-59.616684759547056,59.763663764090623,-0.37651049772821638,40,88650,45
p001971,r0017,26,3.3999999999999999,0.78000000000000003,-62.586670339826213,69.731785619881975,-33.926610028690419,40,88695,45
p001972,r0009,18,4.0999999999999996,0.5,-59.487464703098233,59.515416251762382,0.46397577433207432,40,88740,45
p001973,r0020,18,2.7000000000000002,0.22,-60.42947326739025,60.429498452844967,33.39052467439322,35,88785,45
p001974,r0005,18,1.6499999999999999,0.5,-59.703804476578128,59.66294359424127,-0.47043044116842908,26,88830,45
p001975,r0021,26,2.3500000000000001,0.22,-60.555450391759507,60.312101937522364,34.171240425080356,28,88875,45
p001976,r0026,18,2.3500000000000001,0.78000000000000003,-59.505143566808279,59.833840658365169,-33.700567037270126,27,88920,45
p001977,r0022,8,3.0499999999999998,0.78000000000000003,-60.00340754696694,59.698378631940713,-34.119014587607268,34,88965,45
p001978,r0021,12,3.3999999999999999,0.78000000000000003,-59.807969892123069,59.83170223353585,-33.037242024478104,38,89010,45
p001979,r0008,12,1.3,0.5,-59.590612845063959,60.076422620508168,0.6929048877221049,26,89055,45
p001980,r0005,26,1.6499999999999999,0.5,-60.017237849454148,60.2429624533614,0.5628623019536263,26,89100,45
p001981,r0001,8,4.0999999999999996,0.78000000000000003,-61.306838716741439,64.638601165423125,-33.148841942665229,39,89145,45
p001982,r0024,26,2.7000000000000002,0.5,-59.668933605136182,59.624069906239207,-0.47243184944848765,31,89190,45
p001983,r0027,18,3.75,0.22,-59.600233014490314,60.218827706890522,33.408634348186737,40,89235,45
p001984,r0022,8,2.7000000000000002,0.5,-59.951351685596038,59.762419309433241,0.35553381191860184,32,89280,45
p001985,r0000,26,2.3500000000000001,0.78000000000000003,-60.044152966543614,60.616408974075952,-33.048829339607309,27,89325,45
p001986,r0007,18,1.6499999999999999,0.22,-60.182263711788949,60.146683625814461,33.224315211541708,26,89370,45
p001987,r0027,12,3.75,0.5,-60.029462487132093,60.247839793964886,-0.34081134658360385,39,89415,45
p001988,r0002,8,3.0499999999999998,0.78000000000000003,-60.183157507162292,59.680900930435172,-33.363064650890848,35,89460,45
p001989,r0000,8,2.7000000000000002,0.78000000000000003,-59.940895785450785,59.966891460148027,-34.01118259141905,31,89505,45
p001990,r0011,18,3.75,0.5,-60.043540025687939,59.778968011882803,0.31771399309743203,40,89550,45
p001991,r0021,8,3.75,0.5,-59.335496919937469,59.780376406155014,0.6724397431087723,38,89595,45
p001992,r0018,8,1.6499999999999999,0.5,-59.953794422783922,60.285924802552721,-0.28393481011560057,27,89640,45
p001993,r0023,18,3.0499999999999998,0.5,-60.454731893090816,60.226984951166962,0.33612652903807289,36,89685,45
p001994,r0013,18,3.75,0.5,-59.425322125934144,59.786073916598852,0.63037589533235372,40,89730,45
p001995,r0022,18,2.7000000000000002,0.78000000000000003,-64.306587944517474,78.054987473578535,-32.537041352536349,32,89775,45
p001996,r0014,18,2.7000000000000002,0.5,-60.057310676069804,59.964936393737261,0.40381285883372869,30,89820,45
p001997,r0000,8,3.75,0.5,-59.97368974583334,60.618947627392444,0.77262894077955191,38,89865,45
p001998,r0003,26,3.0499999999999998,0.22,-59.82333212530898,59.982722528062652,34.075390504320893,40,89910,45
p001999,r0001,18,2.7000000000000002,0.5,-60.060339556436823,60.407794937278929,0.62372769042105314,32,89955,45
p002000,r0020,26,3.3999999999999999,0.78000000000000003,-64.276601648733575,76.246656406194234,-33.811484876649459,40,90000,45
p002001,r0008,8,2,0.78000000000000003,-60.069739968847998,60.218630700478833,-34.056298421596104,28,90045,45
p002002,r0025,18,2.3500000000000001,0.5,-60.064482560488273,59.963458077173726,0.39948775834272682,28,90090,45
p002003,r0022,8,3.3999999999999999,0.5,-59.511144331559798,59.710439445227841,0.54964755683402156,37,90135,45
p002004,r0005,26,4.0999999999999996,0.5,-60.115124981305598,59.982043928758927,0.38345947372666417,40,90180,45
p002005,r0019,8,3.75,0.22,-60.366570547058615,59.468546912924126,32.654821071727923,39,90225,45
p002006,r0003,12,3.0499999999999998,0.5,-60.302832321542439,60.023365419633876,-0.58973345095428154,36,90270,45
p002007,r0023,26,4.0999999999999996,0.22,-66.590641564527189,62.257877460219468,33.461203274775201,40,90315,45
p002008,r0021,8,3.75,0.22,-59.923082951611306,60.04509544350401,33.202096196578637,39,90360,45
p002009,r0014,26,4.0999999999999996,0.5,-60.008819753965547,60.173692122385823,0.53243618421013816,40,90405,45
p002010,r0002,8,1.3,0.78000000000000003,-68.17485336483719,87.0500201111237,-34.475381200125796,27,90450,45
p002011,r0020,18,3.75,0.22,-60.133399822402311,58.87848300570063,32.245868783517977,40,90495,45
p002012,r0009,18,2.3500000000000001,0.5,-59.865387494350585,59.99014335023449,0.51237792794195225,28,90540,45
p002013,r0009,18,2,0.5,-59.905239613763626,59.538570165871022,0.26666527605369766,26,90585,45
p002014,r0007,8,1.6499999999999999,0.22,-97.065734346098111,70.286681765326847,33.919150220813357,28,90630,45
p002015,r0014,12,1.3,0.78000000000000003,-60.2620521869664,60.049156325377474,-34.243586314250756,26,90675,45
p002016,r0005,18,1.3,0.5,-59.639955058989237,60.435091039833232,0.84756799042199726,26,90720,45
p002017,r0024,18,2,0.22,-60.047226084326496,59.977543193299311,34.022093952221638,27,90765,45
p002018,r0027,8,1.3,0.78000000000000003,-59.702662972563544,60.044193922254358,-33.808354455703615,27,90810,45
p002019,r0004,18,1.6499999999999999,0.78000000000000003,-60.109855192305531,60.067412785738703,-34.120856237135804,26,90855,45
p002020,r0003,12,3.3999999999999999,0.22,-59.858223642239963,59.834883780082315,33.952400147171417,39,90900,45
p002021,r0020,8,2.7000000000000002,0.78000000000000003,-60.664963121387288,61.633216959294984,-34.209363503637192,32,90945,45
p002022,r0010,8,4.0999999999999996,0.78000000000000003,-64.096497526389101,73.084759677735491,-34.366620941481699,39,90990,45
p002023,r0010,12,3.3999999999999999,0.78000000000000003,-59.728949781626234,60.373375667076537,-33.75643818291163,37,91035,45
p002024,r0018,18,3.75,0.78000000000000003,-59.776569789467182,60.305183215042746,-32.908584128474999,40,91080,45
p002025,r0013,8,2.7000000000000002,0.22,-59.992823608509099,60.267692257767699,33.360378767186802,34,91125,45
p002026,r0018,26,3.3999999999999999,0.78000000000000003,-59.848091288074002,59.589671908797548,-33.12178338476226,40,91170,45
p002027,r0019,12,3.0499999999999998,0.22,-59.781975511855407,59.573636406749799,32.865401784656655,37,91215,45
p002028,r0002,26,4.0999999999999996,0.5,-60.376320264167987,59.977830227002585,-0.64924501858270101,40,91260,45
p002029,r0022,26,2.3500000000000001,0.22,-96.341209184138251,70.340842928713727,33.220791463886286,28,91305,45
p002030,r0004,12,2.7000000000000002,0.22,-59.863214363672199,59.978657199008182,33.163445455218493,34,91350,45
p002031,r0026,18,1.6499999999999999,0.5,-60.154411394740016,60.020130678667179,0.38285964196358152,26,91395,45
p002032,r0013,26,2,0.22,-59.766189710284294,60.04575254561513,34.137125249317265,26,91440,45
p002033,r0012,8,1.3,0.22,-59.794716158093358,60.143752537903723,34.207289424784371,27,91485,45
p002034,r0014,8,3.75,0.78000000000000003,-60.251772058151509,60.187878617656153,-33.305048909473825,38,91530,45
p002035,r0023,26,2,0.22,-60.238246566949194,59.66898348129088,33.73939287067806,26,91575,45
p002036,r0009,26,4.0999999999999996,0.5,-60.099481618127271,59.780484659424658,-0.6094984793513063,40,91620,45
p002037,r0000,12,1.3,0.5,-60.298704452953899,59.612443756420674,0.10686965173338764,26,91665,45
p002038,r0016,12,2.7000000000000002,0.78000000000000003,-59.850388550568319,59.88401930994079,-33.958818821256322,33,91710,45
p002039,r0024,8,2.7000000000000002,0.22,-60.145605891448156,59.812078832839951,32.971388193496566,33,91755,45
p002040,r0007,18,3.0499999999999998,0.78000000000000003,-59.922401506439783,59.572876893355534,-33.183440258484815,37,91800,45
p002041,r0008,12,4.0999999999999996,0.78000000000000003,-60.562188667775864,59.778591808014689,-33.637216963101942,40,91845,45
p002042,r0003,12,1.3,0.5,-60.360233877804433,60.094359261894184,-0.58293730795512455,26,91890,45
p002043,r0020,26,2,0.78000000000000003,-62.890774213183491,70.91152391569743,-33.004268624829692,26,91935,45
p002044,r0004,18,2,0.78000000000000003,-59.520234565391377,59.377499849660687,-33.81273299407993,27,91980,45
p002045,r0007,12,2.7000000000000002,0.22,-71.359813398212594,63.249017556520478,34.085074746479208,33,92025,45
p002046,r0002,26,3.3999999999999999,0.5,-59.260545546156322,60.619836981257023,0.22964571755035051,40,92070,45
p002047,r0016,26,3.75,0.78000000000000003,-59.945594937003804,60.366141126304385,-33.027013003076007,40,92115,45
p002048,r0025,26,2,0.5,-60.028894935714838,60.43219387781452,0.65164947104984061,26,92160,45
p002049,r0017,26,1.3,0.22,-87.996118534249348,67.315854282134211,32.697220262529825,26,92205,45
p002050,r0009,12,3.75,0.5,-60.055963824842067,60.662470185667246,0.75325318041258948,39,92250,45
p002051,r0003,18,3.75,0.78000000000000003,-64.377910689555961,74.14259161559707,-33.4534001824223,40,92295,45
p002052,r0015,12,2.3500000000000001,0.22,-59.777518251423551,59.985823259574119,34.087888127154635,31,92340,45
p002053,r0006,26,2.3500000000000001,0.22,-86.958520366547432,67.638425686276946,34.077097554655587,28,92385,45
p002054,r0025,12,1.6499999999999999,0.5,-60.219645001219952,59.872724680972006,0.27653983987602687,26,92430,45
p002055,r0004,12,1.3,0.5,-60.685799699658688,60.227767283201885,-0.67901620822840125,26,92475,45
p002056,r0020,18,4.0999999999999996,0.78000000000000003,-60.521090005678673,61.912530400114164,-34.035693516404251,40,92520,45
p002057,r0022,8,1.3,0.22,-59.959803990471407,60.488657246084344,34.439995774042082,27,92565,45
p002058,r0014,18,3.75,0.22,-59.440014860724531,60.040676982264543,34.204924776806948,40,92610,45
p002059,r0006,26,2.7000000000000002,0.22,-60.159546352210072,60.195109978317745,34.167085585601626,34,92655,45
p002060,r0021,18,1.6499999999999999,0.5,-60.158263797537685,59.40357713268574,0.072656667574027278,26,92700,45
p002061,r0020,26,3.3999999999999999,0.22,-72.953868214342648,63.823469928478772,34.182455537058061,40,92745,45
p002062,r0025,18,4.0999999999999996,0.5,-60.10136532667363,60.380305931125832,0.58947030222610119,40,92790,45
p002063,r0026,8,3.3999999999999999,0.78000000000000003,-60.628199339906338,60.191883830365924,-34.497781042446448,36,92835,45
p002064,r0023,12,3.3999999999999999,0.22,-59.940197978019384,60.21365041865171,33.329803771384064,39,92880,45
p002065,r0026,12,2.3500000000000001,0.5,-60.084278339788632,60.134349062525807,0.47503536136858743,29,92925,45
p002066,r0010,8,1.3,0.22,-59.613349313549023,59.847493280677455,34.016107909947635,27,92970,45
p002067,r0009,18,4.0999999999999996,0.22,-60.121083788468475,59.595989894810877,32.808233684489416,40,93015,45
p002068,r0007,8,1.3,0.22,-59.791962333616084,59.734977851160721,32.989051010509826,27,93060,45
p002069,r0014,18,3.3999999999999999,0.22,-66.600401749586439,61.569999953409166,33.822511578750138,40,93105,45
p002070,r0021,26,3.3999999999999999,0.5,-60.20743165795799,59.922745720554438,-0.59234296870177583,40,93150,45
p002071,r0000,12,2.7000000000000002,0.5,-60.298127907151496,59.906589092840491,0.2542305928444975,32,93195,45
p002072,r0006,26,2.3500000000000001,0.78000000000000003,-59.167048397738021,60.103544949524661,-33.377517861340237,27,93240,45
p002073,r0022,8,3.3999999999999999,0.22,-59.7683508719524,60.230569954618645,34.280807372773019,38,93285,45
p002074,r0023,18,3.75,0.22,-60.029140589504415,60.226240608188299,33.320056744695897,40,93330,45
p002075,r0006,18,1.6499999999999999,0.22,-60.052277163711267,60.407152129649717,33.456077685110301,26,93375,45
p002076,r0014,26,4.0999999999999996,0.22,-60.178193635214214,59.89586258681534,33.929570217968845,40,93420,45
p002077,r0018,26,3.3999999999999999,0.5,-60.085504474571962,60.646850176988494,0.73067285120826564,40,93465,45
p002078,r0012,12,1.3,0.22,-59.814307441990834,59.95142012789681,34.052960062521535,26,93510,45
p002079,r0024,12,2.7000000000000002,0.22,-103.26707953218039,71.919016177305053,32.928075121218249,34,93555,45
p002080,r0009,12,3.3999999999999999,0.5,-59.60362674951574,60.039336249884727,-0.23214524981550683,39,93600,45
p002081,r0000,18,3.75,0.22,-59.88702021496087,60.172271012273796,33.309226942282166,40,93645,45
p002082,r0020,12,3.75,0.5,-59.70700657290265,60.192331924678918,-0.20733732411186595,39,93690,45
p002083,r0014,12,4.0999999999999996,0.78000000000000003,-60.278886878004755,60.239834514826363,-34.214768171581916,40,93735,45
p002084,r0018,12,4.0999999999999996,0.78000000000000003,-60.250855069633666,59.541030278515429,-34.346640293040871,40,93780,45
p002085,r0025,12,4.0999999999999996,0.5,-59.971741337784188,60.20279661015207,-0.33447236381605877,40,93825,45
p002086,r0016,12,4.0999999999999996,0.22,-59.992755463838769,60.181708608208446,33.293326512358057,40,93870,45
p002087,r0024,26,2.7000000000000002,0.22,-60.083198659191723,60.161300677035442,34.157510823065465,36,93915,45
p002088,r0021,12,3.0499999999999998,0.22,-59.859218660935753,59.923749364019372,34.021496398529251,37,93960,45
p002089,r0025,18,1.6499999999999999,0.78000000000000003,-61.571118776767747,66.869900124961447,-33.764094618387333,26,94005,45
p002090,r0018,18,2.7000000000000002,0.78000000000000003,-60.656037487153711,59.889239740181473,-33.686076497139972,31,94050,45
p002091,r0012,26,3.3999999999999999,0.22,-60.141353244526549,60.489448162531673,33.500671852978861,40,94095,45
p002092,r0012,8,2.7000000000000002,0.22,-60.013235523142875,59.95996710794558,34.015862529106123,33,94140,45
p002093,r0000,12,3.0499999999999998,0.22,-60.467762922232225,59.738118218811096,32.84282436778156,37,94185,45
p002094,r0022,12,1.3,0.78000000000000003,-62.553412194614594,69.197731003880023,-34.018160690945791,26,94230,45
p002095,r0018,8,3.3999999999999999,0.5,-60.07870638494466,60.346622314599522,0.5839579648274309,37,94275,45
p002096,r0008,26,1.6499999999999999,0.5,-60.551165637761194,60.016703237526364,-0.71723120011741481,26,94320,45
p002097,r0001,12,4.0999999999999996,0.22,-60.296877585643784,59.714238984175211,32.861793338815033,40,94365,45
p002098,r0016,8,3.0499999999999998,0.22,-59.878743753441952,60.273154864815524,33.389737168798874,37,94410,45
p002099,r0017,12,2,0.5,-59.892354834463504,60.246999546286091,0.62732235591129348,27,94455,45
p002100,r0025,26,2.7000000000000002,0.5,-60.448567692103531,59.504941880159883,-0.92181290597182364,32,94500,45
p002101,r0022,26,3.75,0.78000000000000003,-59.977240440333858,60.679954115327938,-32.982657638088263,40,94545,45
p002102,r0017,18,2.7000000000000002,0.5,-60.34305956318503,60.709137344746999,0.63303889078098474,33,94590,45
p002103,r0018,18,1.3,0.78000000000000003,-63.745411061878343,72.64288985419995,-33.289984860341121,26,94635,45
p002104,r0014,8,3.75,0.22,-59.937270433549344,60.435349062824898,33.503372773622559,39,94680,45
p002105,r0000,12,1.3,0.22,-60.517753578731273,60.521810314319595,34.343106257848405,26,94725,45
p002106,r0011,12,3.0499999999999998,0.22,-60.261196985494699,59.419242272042865,33.539545635384606,38,94770,45
p002107,r0018,8,3.3999999999999999,0.22,-59.365204787400458,60.174241441092818,34.325563270824304,39,94815,45
p002108,r0011,12,2.3500000000000001,0.22,-78.492573367403921,65.325749801919656,34.135718704668477,30,94860,45
p002109,r0004,26,2.7000000000000002,0.22,-60.163550458154774,59.552490086195959,32.764961166438795,37,94905,45
p002110,r0020,18,2.3500000000000001,0.78000000000000003,-59.866268766049046,59.831858101916147,-33.98268085509671,28,94950,45
p002111,r0000,8,2.7000000000000002,0.5,-60.079012576373096,59.413933213477058,0.11746031855198141,32,94995,45
p002112,r0011,26,4.0999999999999996,0.5,-60.226102932436177,60.349953593790062,0.51192533067694224,40,95040,45
p002113,r0027,12,1.6499999999999999,0.22,-59.518379161473277,60.625474251102098,34.643826500335521,26,95085,45
p002114,r0024,12,3.3999999999999999,0.78000000000000003,-60.092040367325417,60.067691219715996,-33.206899418176306,38,95130,45
p002115,r0010,26,3.0499999999999998,0.78000000000000003,-60.33762657433185,59.434064500258103,-34.437854537922064,37,95175,45
p002116,r0000,18,3.3999999999999999,0.22,-59.782593023973874,60.041505247029683,34.130203627408903,40,95220,45
p002117,r0007,18,3.75,0.5,-60.203738512873606,59.782240628712593,0.23925105791949336,40,95265,45
p002118,r0011,12,3.75,0.22,-109.75986483140048,73.917396685817707,33.0583991520297,40,95310,45
p002119,r0026,26,3.0499999999999998,0.5,-59.627010337428743,59.663880035440727,-0.43156515099400822,37,95355,45
p002120,r0018,8,4.0999999999999996,0.5,-60.151932938451779,60.309402979394548,0.52873502047138454,39,95400,45
p002121,r0005,12,1.6499999999999999,0.5,-59.982424846700241,60.20618691627881,0.56188103478928464,26,95445,45
p002122,r0010,18,1.6499999999999999,0.78000000000000003,-59.98165415995522,59.886309936136307,-33.160702058815083,26,95490,45
p002123,r0001,18,1.3,0.5,-59.537571434022496,60.519823397727777,0.041125981852640325,26,95535,45
p002124,r0018,26,3.75,0.5,-59.917063913616659,59.987773300034803,-0.41464530679092776,40,95580,45
p002125,r0017,8,3.0499999999999998,0.78000000000000003,-60.04372416883426,59.87905245378591,-33.210713311857823,35,95625,45
p002126,r0025,8,3.0499999999999998,0.22,-60.35293034571211,59.166063714206018,32.421885021024025,35,95670,45
p002127,r0009,8,3.75,0.5,-59.714533248224122,60.081178807354824,0.63332277956535132,38,95715,45
p002128,r0011,18,2.7000000000000002,0.5,-59.700548726984586,59.667803829811014,0.43362755141321402,33,95760,45
p002129,r0026,8,2,0.78000000000000003,-59.596688573907471,59.958107704231317,-32.844633392716936,29,95805,45
p002130,r0014,12,1.6499999999999999,0.5,-59.882615085837486,60.468295742215545,0.74284032818902967,26,95850,45
p002131,r0020,12,3.3999999999999999,0.22,-60.668387370322279,59.806817205182824,32.852272198571697,39,95895,45
p002132,r0016,26,1.6499999999999999,0.22,-77.883941430270426,65.043340118659188,34.049338177894676,26,95940,45
p002133,r0026,8,2.7000000000000002,0.5,-59.605693838171952,59.54974286764557,-0.47797548526319106,32,95985,45
p002134,r0002,18,2,0.5,-60.530773148828224,59.689425605912071,-0.87067377145807678,26,96030,45
p002135,r0007,26,3.0499999999999998,0.5,-59.829318571254007,60.120244214059468,-0.30453717859726909,38,96075,45
p002136,r0002,12,3.3999999999999999,0.5,-60.134681131861996,59.891887292142144,0.32860308014007417,38,96120,45
p002137,r0000,8,3.75,0.78000000000000003,-70.785774193072513,98.500030838459111,-33.092897086135551,38,96165,45
p002138,r0009,18,1.3,0.78000000000000003,-60.198854422976289,60.165233396622007,-33.268755102664663,26,96210,45
p002139,r0019,12,3.0499999999999998,0.5,-60.287005020343948,59.822783293700759,0.21788913667840576,35,96255,45
p002140,r0008,18,2.7000000000000002,0.5,-59.633020023383288,60.029353433223584,-0.25183329507985236,33,96300,45
p002141,r0001,26,2.3500000000000001,0.78000000000000003,-60.797230643449296,60.611789896626966,-33.637246124632519,27,96345,45
p002142,r0017,12,3.3999999999999999,0.22,-59.949985374158246,59.893233259949426,33.077725160445738,39,96390,45
p002143,r0011,18,1.6499999999999999,0.22,-59.71735122893179,60.649187161598149,33.718548715681564,26,96435,45
p002144,r0020,12,2.7000000000000002,0.5,-60.183153659335119,59.991780881257966,-0.54568638903857614,34,96480,45
p002145,r0027,8,4.0999999999999996,0.78000000000000003,-60.111332066850117,59.952717917007163,-33.247241070401515,39,96525,45
p002146,r0024,18,3.75,0.78000000000000003,-59.813086808301676,59.911169102000031,-33.923750508035312,40,96570,45
p002147,r0003,8,3.75,0.5,-59.458709467045772,60.220769464896641,-0.068970001074565357,38,96615,45
p002148,r0015,18,2.7000000000000002,0.78000000000000003,-60.494021894369723,60.034242903394272,-33.527803638861641,31,96660,45
p002149,r0011,12,3.0499999999999998,0.5,-59.978712393014824,59.756936836794743,0.33911222188995965,36,96705,45
p002150,r0020,12,2.7000000000000002,0.22,-61.65477825163363,60.97834541254997,33.549058206429578,33,96750,45
p002151,r0011,26,3.75,0.22,-64.712849969283681,60.929157575916662,32.837915915972587,40,96795,45
p002152,r0001,26,4.0999999999999996,0.5,-60.142735447797769,60.474107124195264,0.61568583819874756,40,96840,45
p002153,r0025,18,1.3,0.78000000000000003,-64.560834833325515,77.08165723738162,-33.849486577769952,26,96885,45
p002154,r0019,8,2.3500000000000001,0.78000000000000003,-60.060261086714981,60.026102881463487,-34.091261013715723,29,96930,45
p002155,r0005,26,2.3500000000000001,0.5,-59.936290341123126,59.995423302916706,-0.42043351910321008,27,96975,45
p002156,r0022,12,2.7000000000000002,0.78000000000000003,-60.565141356492731,61.747177451038802,-34.106431218835802,32,97020,45
p002157,r0014,12,4.0999999999999996,0.5,-59.45871186013332,59.613562506800662,-0.37257467666632921,40,97065,45
p002158,r0014,12,3.75,0.22,-59.680788629754971,60.216795137617481,34.289326708795542,40,97110,45
p002159,r0010,12,1.6499999999999999,0.5,-59.673726828636916,59.924850469665586,-0.32443817948566506,27,97155,45
p002160,r0009,26,4.0999999999999996,0.78000000000000003,-59.873143951183216,59.979627118345164,-33.955534315886979,40,97200,45
p002161,r0003,26,2,0.5,-59.856069343222394,60.23848458717783,0.64120762197771763,26,97245,45
p002162,r0003,12,3.0499999999999998,0.78000000000000003,-59.983997367695409,59.507284005623447,-34.145915465565267,34,97290,45
p002163,r0008,8,3.3999999999999999,0.22,-59.833150714330671,60.302385638363631,34.322567640770885,38,97335,45
p002164,r0026,18,3.3999999999999999,0.78000000000000003,-59.225078117029511,59.90646928017091,-33.466137689645421,39,97380,45
p002165,r0002,8,2.3500000000000001,0.5,-60.303530186808835,59.988422916275631,-0.607553635266602,30,97425,45
p002166,r0013,26,3.0499999999999998,0.78000000000000003,-60.008270117817361,59.904789145432829,-33.17739707990232,38,97470,45
p002167,r0024,26,3.3999999999999999,0.78000000000000003,-60.695187715539475,61.057664108702916,-34.359560314206156,40,97515,45
p002168,r0007,18,2,0.78000000000000003,-59.949323645030361,60.120648130954734,-33.983929854313644,26,97560,45
p002169,r0013,12,1.3,0.78000000000000003,-60.489986852199245,59.788332942524796,-33.578756497359954,26,97605,45
p002170,r0018,12,3.0499999999999998,0.22,-60.562265358646457,60.289872559597981,34.152402217584211,37,97650,45
p002171,r0003,18,2,0.22,-60.387553809108951,59.671815995991629,32.808754638869502,27,97695,45
p002172,r0000,18,2.3500000000000001,0.78000000000000003,-65.694463215254743,79.98157117865027,-34.09573564859565,28,97740,45
p002173,r0009,8,2,0.5,-59.860411475299678,59.162833756208251,0.10121114045428642,28,97785,45
p002174,r0019,18,3.0499999999999998,0.78000000000000003,-60.242244610528573,59.615975553797725,-34.323436174376795,36,97830,45
p002175,r0019,12,2,0.22,-69.745603775835889,62.489461440212295,32.947747092681695,28,97875,45
p002176,r0004,12,2,0.22,-59.97708038369889,60.353470673848207,33.430749441187842,28,97920,45
p002177,r0013,26,3.75,0.78000000000000003,-59.807979983178065,60.042422948579194,-32.990891338191467,40,97965,45
p002178,r0012,18,1.6499999999999999,0.5,-60.095610568761721,59.558761518064365,0.18157547465132212,26,98010,45
p002179,r0018,26,1.6499999999999999,0.78000000000000003,-59.929438904802225,59.751174327898248,-34.049703993608126,26,98055,45
p002180,r0024,12,3.75,0.5,-60.752849718237016,60.438904298827623,-0.60697270970469641,39,98100,45
p002181,r0006,18,1.3,0.5,-59.854270624752168,60.4803030705148,-0.13698377711868376,26,98145,45
p002182,r0027,8,1.3,0.22,-59.542578694364096,59.036949356148256,32.499453185035534,27,98190,45
p002183,r0004,18,2.3500000000000001,0.5,-59.96120758508966,60.874711225265365,0.90675182008785238,27,98235,45
p002184,r0011,26,1.6499999999999999,0.78000000000000003,-61.382768710275521,64.096895082270294,-33.327242675915443,26,98280,45
p002185,r0002,12,3.3999999999999999,0.22,-59.842918686812453,60.143287708381251,33.296322301438636,39,98325,45
p002186,r0010,26,2.3500000000000001,0.22,-60.380216865069997,60.114933968818704,34.056000785363196,27,98370,45
p002187,r0019,26,2,0.22,-59.84330628010423,59.888979692288444,33.997876778362055,26,98415,45
p002188,r0015,18,4.0999999999999996,0.5,-59.811538897028989,60.365235416678537,-0.17315174017522567,40,98460,45
p002189,r0015,12,2.7000000000000002,0.5,-59.398066142226348,59.984583477824721,0.74325866779918637,32,98505,45
p002190,r0010,12,2.7000000000000002,0.78000000000000003,-60.961847558441917,63.800484145189088,-33.964134583643101,33,98550,45
p002191,r0014,12,2,0.22,-60.333384780040419,59.500218943443933,32.686826124277374,29,98595,45
p002192,r0015,8,1.6499999999999999,0.22,-73.175128778276601,63.513192334872613,33.891761689979788,27,98640,45
p002193,r0021,18,2,0.5,-60.388364155563245,60.662824164473911,0.58723000445533269,26,98685,45
p002194,r0009,26,3.75,0.78000000000000003,-67.577313859136211,85.86346616932353,-34.270342252875082,40,98730,45
p002195,r0023,18,1.3,0.5,-59.817928009081868,60.079704248509003,-0.31911188028643239,26,98775,45
p002196,r0005,8,2.7000000000000002,0.78000000000000003,-60.155630251332667,61.111641991343596,-33.926830357943892,32,98820,45
p002197,r0013,8,1.6499999999999999,0.5,-59.330794460183881,60.08245229529237,0.82582891755424437,27,98865,45
p002198,r0011,8,2.3500000000000001,0.78000000000000003,-60.734765163797817,63.916235703252198,-32.861544973046819,30,98910,45
p002199,r0019,26,3.0499999999999998,0.78000000000000003,-60.216677766668965,60.208413502442227,-33.273157687464504,37,98955,45
p002200,r0020,26,2.3500000000000001,0.5,-59.562906392427024,59.475782227909008,0.40643791774099186,27,99000,45
p002201,r0007,8,2.7000000000000002,0.5,-59.675003720464936,59.79924525263359,0.51212076608432677,32,99045,45
p002202,r0018,26,4.0999999999999996,0.78000000000000003,-59.660027804572458,60.533387299632743,-33.66747648164732,40,99090,45
p002203,r0001,26,3.75,0.5,-59.861301351176508,60.471942687512637,-0.1446793318319351,40,99135,45
p002204,r0023,18,2,0.78000000000000003,-60.35671105287129,60.219455627665539,-33.379954383153191,26,99180,45
p002205,r0001,18,3.75,0.78000000000000003,-60.242398550659445,60.256744036136929,-33.282587181564246,40,99225,45
p002206,r0014,26,1.6499999999999999,0.22,-60.351636675922123,59.862042520542786,32.9650330973205,26,99270,45
p002207,r0002,26,2.7000000000000002,0.78000000000000003,-60.215042147110836,59.927814302099399,-33.333613728284583,30,99315,45
p002208,r0014,18,3.0499999999999998,0.78000000000000003,-59.835732844668414,59.956711747999201,-33.031395034281537,36,99360,45
p002209,r0002,8,3.75,0.5,-60.28537508154897,60.210925748788263,0.4127753336196463,39,99405,45
p002210,r0021,8,4.0999999999999996,0.22,-59.26211050525221,59.770628886075414,34.03342621998334,39,99450,45
p002211,r0024,18,1.3,0.78000000000000003,-60.161163464888865,61.413190796025404,-33.864805527487732,26,99495,45
p002212,r0007,26,3.0499999999999998,0.22,-60.420380205433474,59.186750505148467,33.323181748820446,40,99540,45
p002213,r0003,18,3.75,0.22,-74.333909816880208,63.668613261391449,33.758058184171688,40,99585,45
p002214,r0012,8,4.0999999999999996,0.5,-59.689615273175512,60.03703887157841,-0.27628820079855104,39,99630,45
p002215,r0008,18,3.0499999999999998,0.5,-60.046660011447813,59.938166253660427,-0.50424687889369291,37,99675,45
p002216,r0012,12,2.3500000000000001,0.78000000000000003,-60.011468282347813,59.681493146026462,-33.229016768105474,29,99720,45
p002217,r0020,18,2.7000000000000002,0.5,-60.159206929376445,59.380500077113375,-0.83935342613153519,34,99765,45
p002218,r0008,26,4.0999999999999996,0.22,-66.256623353101844,61.319154011622473,33.702482991383121,40,99810,45
p002219,r0015,26,2,0.5,-59.66460910600901,59.829156627193441,0.53227376059221565,26,99855,45
p002220,r0011,18,2.7000000000000002,0.22,-60.084480303262218,60.044075469737081,34.065793199677238,35,99900,45
p002221,r0023,12,2,0.22,-74.904387707344,63.825885134269512,33.755225109114548,27,99945,45
p002222,r0027,18,1.3,0.22,-60.812476831219975,60.174588435217103,34.007434076600951,26,99990,45
p002223,r0007,8,3.3999999999999999,0.5,-60.256718167548527,59.710826967449833,0.17705439995065292,36,100035,45
p002224,r0010,8,3.3999999999999999,0.5,-59.968693625541142,60.18020828246329,0.55575732846107395,36,100080,45
p002225,r0002,26,3.75,0.5,-60.487827326236925,60.468838118306238,-0.45949460396534364,40,100125,45
p002226,r0013,18,1.6499999999999999,0.5,-59.767569945855477,60.16693029136281,-0.25031982724633367,26,100170,45
p002227,r0019,18,2.3500000000000001,0.22,-59.988326344827627,60.510070792886921,33.550423422589716,29,100215,45
p002228,r0008,18,3.3999999999999999,0.22,-59.600156650656643,59.286399750431727,33.581357342192291,40,100260,45
p002229,r0021,26,2.7000000000000002,0.5,-60.052977164619385,59.55196245336348,-0.70050735562795263,32,100305,45
p002230,r0012,18,3.3999999999999999,0.78000000000000003,-59.832465893646699,59.972905995784934,-33.02528407797174,39,100350,45
p002231,r0004,18,4.0999999999999996,0.5,-59.894954167002538,59.838105536433915,0.42157568471568824,40,100395,45
p002232,r0018,12,2.3500000000000001,0.78000000000000003,-60.054321150889052,59.408592712136567,-33.322480101023416,29,100440,45
p002233,r0024,12,2.7000000000000002,0.78000000000000003,-63.305557382600732,71.393856784069484,-34.121686265933292,31,100485,45
p002234,r0000,8,2.7000000000000002,0.22,-60.182913421873877,59.869276162605928,33.00779445402037,33,100530,45
p002235,r0006,12,2,0.78000000000000003,-59.615568384342708,59.703833656274313,-33.815299935406969,27,100575,45
p002236,r0025,8,2.7000000000000002,0.78000000000000003,-60.035515424041037,60.007799762108661,-34.075986083088111,33,100620,45
p002237,r0014,18,4.0999999999999996,0.22,-60.599147522794823,59.682339306278578,32.770412203882429,40,100665,45
p002238,r0003,12,2.7000000000000002,0.78000000000000003,-60.255014457843558,59.904712809086803,-34.269874459118881,31,100710,45
p002239,r0006,8,2,0.78000000000000003,-62.363236179708544,68.810679089664632,-33.054974820446446,28,100755,45
p002240,r0015,18,1.3,0.5,-59.921190993296833,59.742832356149123,-0.53917931857385493,26,100800,45
p002241,r0008,8,2,0.22,-60.403366345405459,59.586862625321039,33.639012251761216,30,100845,45
p002242,r0015,26,1.6499999999999999,0.78000000000000003,-59.65781733723086,59.540049532479884,-33.884286625894504,26,100890,45
p002243,r0026,12,3.3999999999999999,0.5,-60.255254622387326,59.713984457410746,0.17936491751170963,39,100935,45
p002244,r0014,26,2,0.78000000000000003,-59.916602394906498,59.450535477136306,-34.105832063057086,26,100980,45
p002245,r0023,26,3.0499999999999998,0.5,-60.139683790951104,60.357185144767861,-0.3412493230916212,38,101025,45
p002246,r0021,12,3.75,0.78000000000000003,-62.592497588499498,69.024068863059881,-33.186852969156433,39,101070,45
p002247,r0006,18,2.3500000000000001,0.5,-60.037559841365351,59.554355989388881,-0.69160192598823467,28,101115,45
p002248,r0008,8,3.0499999999999998,0.5,-59.958692919543061,60.22598384443959,0.5836454624482641,35,101160,45
p002249,r0018,8,3.3999999999999999,0.78000000000000003,-63.748551986684674,72.799006711505285,-33.258089073082886,36,101205,45
p002250,r0019,12,2.7000000000000002,0.78000000000000003,-59.624542621150951,59.462515279281867,-32.975389883055733,31,101250,45
p002251,r0025,12,4.0999999999999996,0.78000000000000003,-59.532489123946306,59.953342429622523,-32.795606182161166,40,101295,45
p002252,r0020,12,3.0499999999999998,0.22,-60.544037518815145,60.1310150801161,33.13250350835122,38,101340,45
p002253,r0025,18,1.3,0.5,-60.051178627214512,60.859953380167127,0.85438737647630769,26,101385,45
p002254,r0026,18,4.0999999999999996,0.78000000000000003,-60.365685922094087,60.292814419678507,-33.370815846904122,40,101430,45
p002255,r0013,18,3.75,0.22,-61.321664845202235,60.758189563842194,33.450621593852418,40,101475,45
p002256,r0023,26,1.6499999999999999,0.22,-74.138167396831435,64.05159923792921,34.099850578281874,26,101520,45
p002257,r0025,26,3.3999999999999999,0.22,-59.911244388367948,60.169520159179768,33.301751958719265,40,101565,45
p002258,r0016,26,4.0999999999999996,0.78000000000000003,-60.03016279183565,59.526526395674843,-33.277691170583346,40,101610,45
p002259,r0010,8,2.7000000000000002,0.22,-93.426576391715969,69.781209316392761,34.325496460608846,35,101655,45
p002260,r0017,18,2,0.22,-60.553793653113928,59.919514796175669,32.965386937331957,27,101700,45
p002261,r0018,12,2.7000000000000002,0.22,-60.35900431301625,59.910359979686547,33.901099835291937,34,101745,45
p002262,r0009,18,2,0.78000000000000003,-63.471505191459045,71.54103423913125,-34.218746516729183,27,101790,45
p002263,r0024,18,1.3,0.5,-59.367129650038706,59.506571303757724,0.51972082685950904,26,101835,45
p002264,r0017,26,3.0499999999999998,0.78000000000000003,-60.415553749326889,60.037178633505178,-33.465952625103839,38,101880,45
p002265,r0011,8,3.3999999999999999,0.22,-61.857255636809832,60.713048924496661,34.197581921009231,37,101925,45
p002266,r0027,26,2,0.5,-59.905897977828843,59.577017335361489,0.2855596787663231,26,101970,45
p002267,r0002,26,2,0.78000000000000003,-59.463646919216089,60.242224612461591,-32.678355182246996,26,102015,45
p002268,r0025,8,1.3,0.78000000000000003,-60.464976188705833,60.041859064006047,-33.503472433109224,27,102060,45
p002269,r0016,12,2.3500000000000001,0.78000000000000003,-59.473276979824533,59.506907660816381,-32.847636358883534,29,102105,45
p002270,r0021,12,1.6499999999999999,0.78000000000000003,-62.073140794918473,67.330336457054898,-34.054375799484333,27,102150,45
p002271,r0024,26,1.6499999999999999,0.5,-59.490826952932537,59.679021905397434,-0.35590252376755133,26,102195,45
p002272,r0015,18,1.6499999999999999,0.22,-93.376568524209631,69.624649940913002,34.214381878586025,26,102240,45
p002273,r0027,12,3.3999999999999999,0.22,-109.46557435332467,74.230497249538629,34.267361496908705,39,102285,45
p002274,r0002,8,1.3,0.22,-60.014173028681896,60.035455989285808,33.174537605332915,27,102330,45
p002275,r0000,8,4.0999999999999996,0.5,-60.194458062528255,59.726910786191041,0.21622636183139293,39,102375,45
p002276,r0014,26,2.3500000000000001,0.78000000000000003,-64.492707068223552,76.777430619088761,-32.96327677701484,27,102420,45
p002277,r0013,26,2.7000000000000002,0.22,-74.361378960672013,63.94215806837493,33.965379921984606,37,102465,45
p002278,r0006,18,2.3500000000000001,0.78000000000000003,-63.016879346712145,71.075595549555032,-33.066534869533356,27,102510,45
p002279,r0003,8,2,0.78000000000000003,-60.385312774646543,61.281844330626285,-34.068538211486526,28,102555,45
p002280,r0001,26,1.3,0.22,-71.92928989078969,63.109219692670138,32.950747584308971,26,102600,45
p002281,r0022,8,3.75,0.22,-59.859500845862065,60.431540054384996,34.417511056330646,39,102645,45
p002282,r0004,18,2,0.22,-59.984224762718561,60.243338395727953,34.243274500869724,27,102690,45
p002283,r0020,8,1.3,0.78000000000000003,-60.089268329420634,60.854520481565224,-33.031634791003746,27,102735,45
p002284,r0011,12,4.0999999999999996,0.22,-59.225701380062674,60.325128997720213,33.57394631460798,40,102780,45
p002285,r0027,18,1.6499999999999999,0.22,-59.858825875655405,59.575825263549447,32.850202012924377,26,102825,45
p002286,r0016,26,1.6499999999999999,0.5,-59.619021801524632,60.253890515407711,-0.13256564305846014,26,102870,45
p002287,r0016,26,2.3500000000000001,0.5,-60.241324260019489,59.281420075985075,-0.02995209201720711,27,102915,45
p002288,r0013,18,3.3999999999999999,0.5,-59.998799921710514,60.350582948897042,0.62589151359326389,39,102960,45
p002289,r0014,8,2.7000000000000002,0.5,-60.032429583441207,60.181261206721096,-0.3755841883600553,33,103005,45
p002290,r0007,12,3.0499999999999998,0.5,-59.83341072399557,60.313752992784771,0.69017113439460043,36,103050,45
p002291,r0003,26,4.0999999999999996,0.5,-60.031053268407184,60.702416501673589,-0.11431838336679762,40,103095,45
p002292,r0011,26,2.7000000000000002,0.22,-59.890114053436037,60.234779633304896,33.357303022221885,35,103140,45
p002293,r0021,8,4.0999999999999996,0.78000000000000003,-59.987095572350441,59.898982202382832,-34.062158461909128,39,103185,45
p002294,r0022,26,3.0499999999999998,0.5,-60.51669476412625,59.593693749115708,-0.011500507505270707,38,103230,45
p002295,r0007,18,1.3,0.22,-59.836749635850978,59.963426963481751,34.057388111628555,26,103275,45
p002296,r0011,18,2.7000000000000002,0.78000000000000003,-59.91216914550445,60.451171271339462,-32.982234253798794,32,103320,45
p002297,r0011,8,2,0.22,-60.247315229108665,59.850743446155406,32.979170537597312,29,103365,45
p002298,r0008,18,3.75,0.78000000000000003,-59.838599254740174,61.387925797413608,-32.718763743266344,40,103410,45
p002299,r0010,26,4.0999999999999996,0.78000000000000003,-70.309940492060406,93.624129392468092,-34.694445117464142,40,103455,45
p002300,r0027,18,4.0999999999999996,0.78000000000000003,-60.497563100181779,59.394570065550049,-33.671293803720765,40,103500,45
p002301,r0006,12,2.3500000000000001,0.78000000000000003,-63.286219562921232,73.415216725922136,-32.761903579375684,29,103545,45
p002302,r0023,18,2.3500000000000001,0.78000000000000003,-60.986875628240227,63.207122488785828,-33.214196042494493,28,103590,45
p002303,r0012,26,3.3999999999999999,0.78000000000000003,-61.65696787117038,67.481911020797639,-33.69641451493743,40,103635,45
p002304,r0008,26,2.7000000000000002,0.22,-66.095457088281279,62.040834931609119,33.40085068723323,35,103680,45
p002305,r0018,26,2.3500000000000001,0.78000000000000003,-62.413002039957412,67.916906498471334,-33.290422161503088,27,103725,45
p002306,r0007,26,2,0.5,-59.732410672276039,59.755999398502361,0.46179436311316097,26,103770,45
p002307,r0004,8,4.0999999999999996,0.22,-60.807509902221312,60.327334044529032,34.12766837624396,40,103815,45
p002308,r0015,26,3.0499999999999998,0.78000000000000003,-60.587142905159176,59.457739552427675,-34.627268764490076,38,103860,45
p002309,r0012,12,2.3500000000000001,0.22,-60.604226073933035,60.127271106994911,33.116341727190758,31,103905,45
p002310,r0007,26,1.6499999999999999,0.22,-76.438626337949543,64.443052596778713,32.999083231138499,26,103950,45
p002311,r0002,8,3.75,0.78000000000000003,-59.82141497109604,60.118101358267921,-32.984721378635967,37,103995,45
p002312,r0027,12,2.7000000000000002,0.5,-59.639732280061295,60.021846352113087,-0.25894296397410416,32,104040,45
p002313,r0000,12,3.75,0.78000000000000003,-60.243444096186593,60.181289893545731,-33.300002618445482,39,104085,45
p002314,r0007,12,1.6499999999999999,0.5,-60.079873397134357,59.370357807960595,-0.8047577945868809,26,104130,45
p002315,r0016,26,3.3999999999999999,0.22,-60.851993711670531,60.069297248163849,33.016613237000286,40,104175,45
p002316,r0012,26,1.6499999999999999,0.22,-59.748953543775102,60.382998615092944,33.503969140141976,26,104220,45
p002317,r0016,8,2.3500000000000001,0.78000000000000003,-59.884812025246951,60.190697641439748,-33.918199898575885,30,104265,45
p002318,r0023,26,1.3,0.22,-60.729793987552256,60.227055451606418,33.166548574991509,26,104310,45
p002319,r0022,18,2.3500000000000001,0.22,-58.974635457456827,59.960721829125745,33.344943226077575,28,104355,45
p002320,r0021,18,2.3500000000000001,0.5,-60.14831288946926,59.973772111660075,-0.53727038890459222,27,104400,45
p002321,r0025,26,3.3999999999999999,0.5,-59.697792820399137,59.993354422546567,-0.30221919892628507,40,104445,45
p002322,r0009,18,3.75,0.78000000000000003,-77.307269369094143,122.72966050434268,-32.849144796938049,40,104490,45
p002323,r0012,8,1.6499999999999999,0.78000000000000003,-60.380695132095823,59.859321361331261,-34.377891503541868,28,104535,45
p002324,r0003,8,3.0499999999999998,0.78000000000000003,-63.905933049173868,74.006534496610882,-33.115190189101227,32,104580,45
p002325,r0024,8,3.75,0.78000000000000003,-60.319249472999573,60.594349617543848,-34.168257673080028,37,104625,45
p002326,r0007,26,1.6499999999999999,0.5,-59.858859494077947,60.043380143376581,-0.35773967535068324,26,104670,45
p002327,r0009,26,3.0499999999999998,0.78000000000000003,-66.496635354939002,83.041941432739037,-33.148148461649839,38,104715,45
p002328,r0024,26,2.3500000000000001,0.78000000000000003,-59.374751081657855,59.986975961915945,-32.66517113207162,27,104760,45
p002329,r0005,8,1.3,0.22,-60.382146181375667,60.016705046131996,33.078957776080308,27,104805,45
p002330,r0016,26,3.75,0.22,-70.597114796994887,62.748925237509951,33.862796429918887,40,104850,45
p002331,r0023,18,1.3,0.22,-73.123719489765008,64.215954394175839,34.451226139708851,26,104895,45
p002332,r0026,18,4.0999999999999996,0.22,-60.112365269344295,60.111892859943559,34.112556071500236,40,104940,45
p002333,r0018,12,3.75,0.22,-59.885029106383698,60.290462919845041,33.401854674074713,40,104985,45
p002334,r0018,8,4.0999999999999996,0.78000000000000003,-74.352121558980656,111.40864162600255,-33.93475365828435,38,105030,45
p002335,r0005,12,2,0.22,-60.539641236566091,60.606109313539079,34.404044192515947,28,105075,45
p002336,r0024,26,4.0999999999999996,0.22,-60.102533975096179,60.390650045359308,33.432149560859102,40,105120,45
p002337,r0012,8,2.3500000000000001,0.22,-60.209957898642813,59.713135482346459,33.780054938528821,30,105165,45
p002338,r0004,18,3.0499999999999998,0.78000000000000003,-59.62555207857779,60.041556458286991,-33.748788200467544,36,105210,45
p002339,r0008,26,2.3500000000000001,0.5,-60.92024830825023,59.697238827459039,-1.0615047403955955,27,105255,45
p002340,r0008,26,1.3,0.78000000000000003,-59.174432429913651,59.80184075980376,-33.449652328175823,26,105300,45
p002341,r0007,8,4.0999999999999996,0.78000000000000003,-60.155290530654725,59.960021737123526,-34.179921831743513,39,105345,45
p002342,r0001,8,3.75,0.22,-60.496934452789063,60.587873009927719,34.399215368130029,39,105390,45
p002343,r0020,26,3.0499999999999998,0.22,-60.473271215097469,59.978479568159699,33.029094395843117,40,105435,45
p002344,r0010,18,1.3,0.5,-60.230972209661822,60.062158951011803,0.36559337067499059,26,105480,45
p002345,r0010,8,2,0.22,-74.288738179652242,63.595517030724452,33.710980884441582,29,105525,45
p002346,r0027,26,4.0999999999999996,0.5,-58.85211054796148,59.90861859094516,0.97825402149183982,40,105570,45
p002347,r0017,8,2,0.22,-81.376338197055816,66.151143225298341,33.245097312380423,29,105615,45
p002348,r0012,18,4.0999999999999996,0.78000000000000003,-67.84670692110906,90.298306318894475,-33.504804008308298,40,105660,45
p002349,r0010,26,1.6499999999999999,0.5,-60.575359772780587,60.146510091118856,-0.6644248408308655,26,105705,45
p002350,r0023,8,3.75,0.22,-60.083777961215787,60.105297404182068,33.213700823794539,39,105750,45
p002351,r0017,18,1.6499999999999999,0.78000000000000003,-60.771701369968106,59.527892717723731,-34.755790670675907,26,105795,45
p002352,r0025,12,3.75,0.5,-59.803772335100518,59.535372163908676,0.31579991440407867,39,105840,45
p002353,r0006,26,4.0999999999999996,0.22,-60.476917317855801,60.192721708284353,34.095401122533524,40,105885,45
p002354,r0002,8,2.7000000000000002,0.5,-60.27136050676544,59.923822982703108,0.27623123796883392,33,105930,45
p002355,r0026,12,2.3500000000000001,0.22,-60.417288823686661,60.399320389963805,34.269666362960706,31,105975,45
p002356,r0024,26,3.0499999999999998,0.78000000000000003,-60.055583090389106,59.698252799847999,-34.159739194536947,37,106020,45
p002357,r0009,12,2.7000000000000002,0.22,-60.169197686545786,60.191212917349119,33.26192258449224,35,106065,45
p002358,r0013,18,2.7000000000000002,0.5,-60.679777201434199,60.259898302077026,0.24006055032141377,31,106110,45
p002359,r0013,26,4.0999999999999996,0.22,-59.735380185766658,59.783116546905489,33.939047265717619,40,106155,45
p002360,r0005,8,3.3999999999999999,0.22,-59.976243737444619,59.646020744910345,32.879122558792247,38,106200,45
p002361,r0004,26,1.6499999999999999,0.78000000000000003,-60.374349217287339,63.393549901956675,-33.595411411053661,26,106245,45
p002362,r0020,8,3.75,0.5,-59.405747604734849,59.572532519463884,0.53339245736451768,37,106290,45
p002363,r0026,8,2.3500000000000001,0.22,-59.824200220927665,59.865180769116861,33.983516951307067,31,106335,45
p002364,r0018,12,2,0.5,-60.180454546359883,59.868776391309282,-0.6058390775253002,27,106380,45
p002365,r0001,18,1.6499999999999999,0.5,-59.617600583665606,60.07835189640403,-0.21962434363078814,26,106425,45
p002366,r0006,8,2.3500000000000001,0.78000000000000003,-60.303036262979091,59.939909474266663,-33.399588200785026,30,106470,45
p002367,r0020,26,2,0.22,-75.666223343344171,64.526204353532961,34.133870260219993,26,106515,45
p002368,r0001,12,3.3999999999999999,0.5,-59.979143382834671,59.535370520255377,0.22811356871035288,38,106560,45
p002369,r0002,26,2.7000000000000002,0.22,-67.328682640935824,61.469918920163096,32.684226576721329,36,106605,45
p002370,r0023,18,4.0999999999999996,0.78000000000000003,-60.257530125071156,60.528806782504176,-34.134536005404584,40,106650,45
p002371,r0009,26,3.3999999999999999,0.78000000000000003,-69.547346114946237,94.823439440778216,-32.935773292686861,40,106695,45
p002372,r0009,12,2.3500000000000001,0.22,-69.576322535719214,61.950587801182763,33.464667527064336,30,106740,45
p002373,r0020,26,2,0.5,-60.244554199857035,60.593504964117244,-0.27552461786989541,26,106785,45
p002374,r0015,8,2.7000000000000002,0.78000000000000003,-64.017437966074667,72.745193426194774,-33.479659059775386,32,106830,45
p002375,r0026,8,2,0.5,-58.995364184221899,59.72090996810195,-0.087227108059974523,28,106875,45
p002376,r0012,18,2,0.78000000000000003,-59.927791756384664,59.998855245200126,-33.093929416036012,26,106920,45
p002377,r0003,12,4.0999999999999996,0.22,-68.566071362387049,62.401267812278348,33.138453193851959,40,106965,45
p002378,r0008,18,2.3500000000000001,0.78000000000000003,-60.154822579493455,59.526761221794466,-33.374874143210114,27,107010,45
p002379,r0008,18,2.3500000000000001,0.22,-59.90603817622241,59.976713691884171,33.152508280900719,30,107055,45
p002380,r0024,12,3.0499999999999998,0.78000000000000003,-60.323142886791373,60.282366283435579,-34.23993086934145,36,107100,45
p002381,r0005,12,1.6499999999999999,0.22,-59.56813318214629,59.69264657960499,33.905275032019709,26,107145,45
p002382,r0010,18,2.7000000000000002,0.78000000000000003,-59.767614438544946,59.648124769735055,-33.94615181272335,31,107190,45
p002383,r0014,26,3.0499999999999998,0.5,-59.800485286963635,60.088485399197623,0.5940000561169938,38,107235,45
p002384,r0020,8,2.3500000000000001,0.22,-64.650651529166254,61.812353601044848,34.440492472398404,31,107280,45
p002385,r0026,8,2,0.22,-74.322096401546588,64.326226509523096,33.373595469087761,29,107325,45
p002386,r0017,12,3.75,0.78000000000000003,-66.112983645955211,81.034237778468764,-34.190594932581945,39,107370,45
p002387,r0000,18,4.0999999999999996,0.78000000000000003,-62.702040993758331,69.464923207176852,-34.0753088695526,40,107415,45
p002388,r0000,12,3.0499999999999998,0.78000000000000003,-59.49636579641242,59.557224288890254,-33.754575977645842,35,107460,45
p002389,r0025,26,3.75,0.5,-60.132194010557107,59.99176994457391,0.37978796700840151,40,107505,45
p002390,r0006,26,4.0999999999999996,0.5,-59.621484604280539,60.147629719866018,-0.18692744220726071,40,107550,45
p002391,r0027,26,2.3500000000000001,0.78000000000000003,-60.18685315365795,60.213179044416052,-34.148846070081674,27,107595,45
p002392,r0021,8,2.3500000000000001,0.78000000000000003,-59.999888143293482,60.091237790905396,-33.12984043776973,29,107640,45
p002393,r0021,12,3.0499999999999998,0.5,-59.882721914493963,60.062233175785927,-0.3602443693540181,36,107685,45
p002394,r0006,26,1.3,0.78000000000000003,-60.383171584004238,59.269750529177507,-34.50952871910426,26,107730,45
p002395,r0007,26,2.3500000000000001,0.78000000000000003,-59.873843457075822,60.002249770815069,-33.951102946939827,27,107775,45
p002396,r0018,8,1.3,0.5,-59.382013666949049,60.156352812999032,0.83716957302499106,27,107820,45
p002397,r0022,12,2,0.5,-60.010844226791711,60.030358685807691,0.45975722950798997,27,107865,45
p002398,r0016,8,1.3,0.78000000000000003,-60.56960945000472,60.833480206304586,-34.310929725616674,27,107910,45
p002399,r0016,8,2.7000000000000002,0.22,-60.565501623208249,59.735585681076756,33.719346474134056,35,107955,45
p002400,r0009,12,2.7000000000000002,0.5,-59.345578991100268,60.243617262893935,0.89901913589683313,32,108000,45
p002401,r0027,8,2,0.78000000000000003,-59.677840446103005,60.089355641417519,-33.779057306848493,29,108045,45
p002402,r0009,8,2,0.22,-66.156086093805044,61.758615747105452,33.167381342105145,30,108090,45
p002403,r0023,8,2.7000000000000002,0.78000000000000003,-59.67201175640416,60.473586924002824,-32.789980046714625,34,108135,45
p002404,r0022,12,2.3500000000000001,0.78000000000000003,-62.767029684838789,67.557116797285943,-33.645717458771344,28,108180,45
p002405,r0026,8,3.3999999999999999,0.22,-59.695802592113225,59.327676965960606,32.69251146318436,38,108225,45
p002406,r0016,12,3.0499999999999998,0.5,-59.858841661993857,59.335509236636703,-0.71166621267857688,36,108270,45
p002407,r0006,26,1.6499999999999999,0.5,-60.057737659640054,60.143236640066476,0.49274949021321107,26,108315,45
p002408,r0021,8,2,0.22,-70.714121155558772,63.373937537202238,34.324564624794817,29,108360,45
p002409,r0026,26,3.75,0.22,-59.775630933030783,60.412710203583458,34.421275153528327,40,108405,45
p002410,r0001,8,3.0499999999999998,0.22,-64.077609267632539,60.30317966799727,33.389406102158716,35,108450,45
p002411,r0005,8,2,0.78000000000000003,-59.714703423731535,60.705502685091254,-33.672258079790517,29,108495,45
p002412,r0006,12,2.3500000000000001,0.5,-60.362956041166697,59.823665187854502,0.18035457334390231,29,108540,45
p002413,r0022,8,1.3,0.5,-60.150676348069666,60.518051072416327,-0.26631263782666964,27,108585,45
p002414,r0016,18,1.6499999999999999,0.78000000000000003,-60.292121368868706,60.197741937546724,-34.234351441457321,26,108630,45
p002415,r0018,8,1.6499999999999999,0.22,-64.816441023973823,61.896978510970612,34.470026213282836,28,108675,45
p002416,r0003,12,1.6499999999999999,0.5,-59.575168802423811,59.829472647476088,-0.32284807747386141,26,108720,45
p002417,r0000,12,2.3500000000000001,0.22,-60.099678191847104,59.666802195530366,32.868176510307322,30,108765,45
p002418,r0022,18,4.0999999999999996,0.5,-60.602147132171886,59.583223992142855,-0.95946157001451549,40,108810,45
p002419,r0010,8,3.3999999999999999,0.78000000000000003,-60.329602372193072,60.477337855595444,-33.302075522079598,37,108855,45
p002420,r0012,18,3.3999999999999999,0.22,-60.400263880522175,60.212981545440016,34.128067551728336,40,108900,45
p002421,r0000,12,1.3,0.78000000000000003,-60.439451321157676,59.782397058721877,-33.540644677584176,26,108945,45
p002422,r0003,18,1.6499999999999999,0.22,-68.53116084253007,62.100764315118582,32.911740780435878,26,108990,45
p002423,r0027,12,3.0499999999999998,0.78000000000000003,-59.731940936722978,59.991958621118314,-32.942683033997895,35,109035,45
p002424,r0024,12,3.0499999999999998,0.22,-59.997372615943966,59.778651264899892,32.977926011114235,37,109080,45
p002425,r0022,12,2.3500000000000001,0.5,-59.885494068576584,60.496886946046409,0.75569643873491255,30,109125,45
p002426,r0005,26,2,0.78000000000000003,-60.463048271047512,63.912052397966406,-33.550526123864458,26,109170,45
p002427,r0020,18,2,0.5,-60.319724961967289,60.649527504402378,0.61490127121754479,26,109215,45
p002428,r0020,8,2,0.22,-72.078284790855292,63.847319180833409,34.393686307061898,29,109260,45
p002429,r0027,8,3.75,0.5,-59.784151531172512,59.996186149304378,-0.34398269093406669,38,109305,45
p002430,r0002,12,2,0.5,-59.70771425602836,59.851396675922167,-0.37815879005309655,27,109350,45
p002431,r0007,12,2.3500000000000001,0.22,-60.66340407639597,59.688416017952896,33.661015597196148,29,109395,45
p002432,r0025,18,3.0499999999999998,0.78000000000000003,-61.750388516207437,67.456362568590151,-33.774903277551971,35,109440,45
p002433,r0003,18,3.0499999999999998,0.5,-60.250594028638801,60.423061637602416,-0.36376619551819261,36,109485,45
p002434,r0004,8,3.3999999999999999,0.5,-59.158559718429096,60.288225354671475,1.0148328181211894,37,109530,45
p002435,r0009,26,3.3999999999999999,0.5,-59.526079829107879,59.243574181280557,-0.59125282391366052,40,109575,45
p002436,r0022,8,3.3999999999999999,0.78000000000000003,-59.616096893432442,59.630741188098796,-33.831792515495579,37,109620,45
p002437,r0008,18,3.3999999999999999,0.78000000000000003,-60.091822676808313,59.85021800753583,-33.254573726252602,39,109665,45
p002438,r0002,12,3.3999999999999999,0.78000000000000003,-59.597606310383057,60.647658577907258,-33.593648034959195,37,109710,45
p002439,r0005,18,4.0999999999999996,0.22,-94.728540532588966,69.803763650955787,34.056656730575945,40,109755,45
p002440,r0004,18,1.3,0.22,-60.053403484788774,60.27059558598684,34.249315790416205,26,109800,45
p002441,r0011,12,1.6499999999999999,0.78000000000000003,-60.362577067283574,60.482281574207107,-33.326708166155626,26,109845,45
p002442,r0027,18,1.3,0.5,-60.579224202279562,59.840534275930452,0.080655036825444892,26,109890,45
p002443,r0017,26,2,0.22,-83.559872487180627,66.898066840550399,33.347320188449572,26,109935,45
p002444,r0020,8,3.3999999999999999,0.78000000000000003,-60.918631803308699,59.79993509035895,-34.810547086701824,37,109980,45
p002445,r0011,18,3.0499999999999998,0.22,-59.616056495684916,60.300491928620922,33.468851275273636,39,110025,45
p002446,r0001,26,2.3500000000000001,0.5,-59.367802650206471,60.404174165916757,0.06818575785514297,26,110070,45
p002447,r0015,8,2.7000000000000002,0.22,-60.23587557805493,59.883067929731851,33.90690035801876,34,110115,45
p002448,r0010,18,4.0999999999999996,0.5,-60.194896170718955,59.584400942709657,0.14475238599535062,40,110160,45
p002449,r0015,18,4.0999999999999996,0.22,-59.980799291978741,60.61289102244082,34.532279153268519,40,110205,45
p002450,r0002,18,3.75,0.78000000000000003,-65.697414759157425,79.385760319998866,-33.329116241743037,40,110250,45
p002451,r0001,26,1.6499999999999999,0.22,-59.943027036317353,59.398264264224167,33.593180178105037,26,110295,45
p002452,r0020,12,2,0.5,-60.078974721139559,60.284213958115629,0.55261961848803476,27,110340,45
p002453,r0000,18,2.7000000000000002,0.78000000000000003,-68.591176409751469,89.921074908953472,-34.168481119636397,31,110385,45
p002454,r0010,8,2.7000000000000002,0.78000000000000003,-59.783946207441588,59.494851360397874,-33.092610742516911,32,110430,45
p002455,r0005,26,1.3,0.78000000000000003,-62.561287533930077,70.041519067724806,-33.838670081566008,26,110475,45
p002456,r0015,12,3.0499999999999998,0.78000000000000003,-59.928619763285113,59.481404986275024,-34.10841431838189,35,110520,45
p002457,r0013,26,2.3500000000000001,0.22,-60.294370361361629,60.105664050241941,33.167656479689157,28,110565,45
p002458,r0025,8,3.0499999999999998,0.78000000000000003,-59.87918471577882,59.490558517576616,-33.16784120444062,35,110610,45
p002459,r0000,18,3.75,0.78000000000000003,-59.828674715741641,59.516603144653281,-33.122713586454758,40,110655,45
p002460,r0003,26,2.7000000000000002,0.78000000000000003,-62.069332946615702,66.408792270708886,-33.354145398804292,31,110700,45
p002461,r0007,8,4.0999999999999996,0.22,-59.536161914869666,60.599001748098573,33.719265742245554,39,110745,45
p002462,r0017,26,2.7000000000000002,0.5,-60.724084489984534,59.77545283277918,-0.92431582860267691,31,110790,45
p002463,r0013,18,3.3999999999999999,0.22,-59.948240128167186,60.121166828043869,34.155897297677441,40,110835,45
p002464,r0020,26,4.0999999999999996,0.78000000000000003,-59.867034625970589,59.751907552661152,-33.100867346671606,40,110880,45
p002465,r0027,12,2.3500000000000001,0.22,-59.972593113987372,60.050033407947453,33.195055573121792,30,110925,45
p002466,r0010,12,2,0.22,-61.645761954270249,60.634110385051798,34.182538470400949,28,110970,45
p002467,r0004,26,2.7000000000000002,0.78000000000000003,-72.440795913644536,104.90898294831536,-32.973844564013362,32,111015,45
p002468,r0022,18,3.3999999999999999,0.5,-60.148353379405641,59.755439272208186,0.25354294640127223,39,111060,45
p002469,r0018,18,3.75,0.5,-60.417877492608696,59.731763289636163,-0.7930571014862664,40,111105,45
p002470,r0003,12,1.3,0.22,-59.99272755029952,60.184493281981261,33.295504698879483,26,111150,45
p002471,r0017,26,1.3,0.5,-60.168186735666815,60.770297107605877,0.75105518596953114,26,111195,45
p002472,r0017,8,3.0499999999999998,0.22,-59.859407487413534,59.468576625720722,33.666420120831191,36,111240,45
p002473,r0022,12,1.6499999999999999,0.5,-60.587311039000056,60.31395879297763,0.31332387698878678,26,111285,45
p002474,r0025,8,2.3500000000000001,0.78000000000000003,-60.303029917300954,59.557558633826723,-34.38370043605287,30,111330,45
p002475,r0005,26,4.0999999999999996,0.22,-60.306342979615053,59.780162185264814,32.911131048991237,40,111375,45
p002476,r0023,12,2,0.78000000000000003,-60.390717752892783,60.085557526512623,-34.335937191423589,27,111420,45
p002477,r0014,26,2.3500000000000001,0.22,-60.270435515263074,60.497070196650824,33.478218940029763,28,111465,45
p002478,r0010,12,1.6499999999999999,0.78000000000000003,-59.669353452442664,59.769750229601847,-33.842750642392879,27,111510,45
p002479,r0003,12,2.7000000000000002,0.22,-62.870277811996672,60.877906292973684,33.203305789880204,33,111555,45
p002480,r0017,8,3.0499999999999998,0.5,-60.024000453590759,59.800990256866626,-0.56150509836206619,36,111600,45
p002481,r0013,26,2.3500000000000001,0.5,-60.232268722230621,60.066751007678825,0.36724114272410163,27,111645,45
p002482,r0021,8,1.3,0.78000000000000003,-60.422452768606746,59.751420104331586,-33.534200736560308,27,111690,45
p002483,r0021,18,3.75,0.78000000000000003,-59.81733261865331,60.012017855365684,-33.004875514369132,40,111735,45
p002484,r0013,18,2,0.78000000000000003,-59.630505735601304,60.54628670024919,-33.641611399714201,26,111780,45
p002485,r0002,18,3.0499999999999998,0.78000000000000003,-60.046680678795823,60.705784025121098,-33.93113844393411,37,111825,45
p002486,r0006,8,2,0.5,-59.941270195213669,60.766638220103538,0.86268401244493442,29,111870,45
p002487,r0006,26,3.75,0.78000000000000003,-59.282519039168982,60.178687521082587,-32.551053595913636,40,111915,45
p002488,r0016,8,2,0.78000000000000003,-63.371101139263587,72.200632099786418,-33.995319826672585,29,111960,45
p002489,r0004,18,2.7000000000000002,0.22,-60.291356621801896,60.119655122972716,34.079232539122302,36,112005,45
p002490,r0019,8,2.7000000000000002,0.22,-59.547916633356152,60.429585709530798,33.584535194095665,33,112050,45
p002491,r0024,12,1.3,0.5,-60.441691737728817,59.952688952303632,0.20549860728740726,26,112095,45
p002492,r0013,12,3.75,0.5,-59.9655606169622,59.80899948270126,-0.52828056713047,39,112140,45
p002493,r0001,8,3.75,0.5,-59.933171128720481,60.138589040872183,-0.34729104392414883,39,112185,45
p002494,r0020,26,4.0999999999999996,0.22,-60.04017637782804,60.337424103683972,34.304351997751326,40,112230,45
p002495,r0015,12,1.3,0.78000000000000003,-59.96628496772486,59.964733242213988,-34.031460961538322,26,112275,45
p002496,r0000,12,2.3500000000000001,0.78000000000000003,-59.611369680467206,59.726169160797959,-32.907111135388881,28,112320,45
p002497,r0009,8,3.75,0.78000000000000003,-63.42173055678326,71.303098027103829,-33.332268268328093,38,112365,45
p002498,r0003,18,4.0999999999999996,0.78000000000000003,-59.912486537075409,59.884050147531639,-33.107248466461854,40,112410,45
p002499,r0009,18,3.0499999999999998,0.78000000000000003,-59.904652494940194,60.085931384439242,-33.05672404147672,36,112455,45
p002500,r0004,18,2.3500000000000001,0.22,-59.873495351245502,60.205894608191365,33.338428817115251,28,112500,45
p002501,r0022,26,2.3500000000000001,0.5,-60.229575602681415,59.69907305273923,-0.7152512749710922,26,112545,45
p002502,r0017,26,2.3500000000000001,0.5,-59.942853789326286,59.610565724471222,-0.6161440324275318,27,112590,45
p002503,r0017,8,3.3999999999999999,0.5,-60.399249921013343,60.054544576228686,-0.6223526723923285,38,112635,45
p002504,r0005,12,3.3999999999999999,0.78000000000000003,-60.38339488313386,59.234003020913981,-33.617567344243334,38,112680,45
p002505,r0006,18,3.0499999999999998,0.22,-59.815676226481713,59.427945367521801,33.644348616841029,38,112725,45
p002506,r0011,12,2.7000000000000002,0.78000000000000003,-59.995282253176477,59.837200777353267,-34.082135986459939,33,112770,45
p002507,r0008,18,1.6499999999999999,0.22,-60.166376110337509,60.224512926136313,33.288517338112072,26,112815,45
p002508,r0019,8,3.3999999999999999,0.78000000000000003,-60.047128963824775,59.754813458318857,-33.240701630953176,37,112860,45
p002509,r0006,8,3.0499999999999998,0.78000000000000003,-59.644646752535458,60.068871825055105,-33.757672665465542,34,112905,45
p002510,r0020,8,3.3999999999999999,0.5,-59.83729576837694,59.567847378449876,-0.58472419496353178,37,112950,45
p002511,r0025,26,3.0499999999999998,0.22,-60.167466374590127,59.073511356666856,33.290496255790323,40,112995,45
p002512,r0008,18,2,0.78000000000000003,-60.43528743826456,59.534001697778919,-33.592043828334994,26,113040,45
p002513,r0013,8,1.3,0.22,-59.854525648532913,59.901498929650572,34.005173522450207,27,113085,45
p002514,r0003,12,1.6499999999999999,0.22,-59.12729862403652,60.44430682784153,34.588553628428365,26,113130,45
p002515,r0014,18,1.6499999999999999,0.5,-59.781157966744018,59.98867579252132,0.55375891288865087,26,113175,45
p002516,r0006,12,3.3999999999999999,0.5,-60.269322580121475,59.789860019378985,-0.6897312803712452,39,113220,45
p002517,r0007,8,2,0.22,-59.861782402284675,60.574730038048415,34.528697301175143,29,113265,45
p002518,r0008,8,1.3,0.78000000000000003,-60.137182955757559,59.806253380573096,-33.299626961764815,27,113310,45
p002519,r0002,8,2,0.78000000000000003,-59.989969469013758,59.98122130454481,-33.146307498830872,28,113355,45
p002520,r0016,26,2,0.5,-60.379012755434822,59.447526404511301,-0.015743175461760461,26,113400,45
p002521,r0018,12,3.3999999999999999,0.22,-60.338558338283079,59.736589576792198,33.770057035475645,39,113445,45
p002522,r0016,18,3.75,0.5,-59.790661633896377,59.851158590593855,0.48024847834873868,40,113490,45
p002523,r0011,8,3.0499999999999998,0.78000000000000003,-60.21610492158765,59.676505876402729,-34.289730546029773,36,113535,45
p002524,r0023,26,1.3,0.5,-60.011776926796514,60.494757976482489,0.69149052484298745,26,113580,45
p002525,r0000,8,1.3,0.22,-82.629988092672278,65.728776697337679,33.53984844353549,27,113625,45
p002526,r0005,12,3.75,0.22,-59.866087927368071,60.044868528435828,34.114458108158971,40,113670,45
p002527,r0012,26,2.3500000000000001,0.78000000000000003,-61.592429726222406,65.003926483383182,-33.29123136010918,27,113715,45
p002528,r0007,12,3.0499999999999998,0.22,-60.319865381173742,59.982373301547057,33.965880791348482,37,113760,45
p002529,r0022,26,1.3,0.78000000000000003,-59.73560034332035,59.909245174718734,-33.863734329351757,26,113805,45
p002530,r0011,8,3.75,0.5,-60.082623427048887,59.987487975643816,0.4024322742974647,38,113850,45
p002531,r0000,8,4.0999999999999996,0.78000000000000003,-59.817946318194686,60.374348070204505,-32.925641552746868,38,113895,45
p002532,r0016,12,1.3,0.78000000000000003,-64.538857538559398,76.530155109915484,-33.953674755894937,26,113940,45
p002533,r0010,12,2.3500000000000001,0.78000000000000003,-64.985901206460085,78.567128215427346,-32.954234733644853,31,113985,45
p002534,r0002,8,3.3999999999999999,0.5,-59.231403951683077,61.023246973156347,0.44592151073663472,38,114030,45
p002535,r0016,26,2.7000000000000002,0.5,-59.802016153067271,59.793627610410326,0.4458057286715274,31,114075,45
p002536,r0005,26,3.0499999999999998,0.78000000000000003,-59.477369516208142,60.538955100446806,-33.523778100544057,38,114120,45
p002537,r0024,8,1.3,0.22,-90.489959191129458,68.881449979488707,34.269739961952716,27,114165,45
p002538,r0009,26,2,0.22,-59.76483528070419,60.239110978107178,34.288242801168678,26,114210,45
p002539,r0009,18,1.3,0.22,-73.680708988606042,63.945273457352066,33.21755731924128,26,114255,45
p002540,r0010,26,2,0.5,-60.566395543840471,60.422497386387988,-0.52194907872624152,26,114300,45
p002541,r0026,12,1.3,0.22,-59.730440819162268,59.785903785140604,33.942307972193973,26,114345,45
p002542,r0012,12,2,0.22,-65.683028129633584,61.423399204408639,33.909985190919357,28,114390,45
p002543,r0007,8,1.6499999999999999,0.78000000000000003,-59.191971568959517,59.996486057993913,-33.420510891029771,27,114435,45
p002544,r0002,26,1.3,0.22,-60.332791776575732,59.871098074999743,32.976242307653138,26,114480,45
p002545,r0001,8,3.3999999999999999,0.78000000000000003,-65.505800819481379,79.047931114943353,-33.253979793907931,36,114525,45
p002546,r0014,12,3.3999999999999999,0.5,-59.708845513884121,59.956505370311866,0.57382992821387258,39,114570,45
p002547,r0013,18,1.3,0.78000000000000003,-64.254130941518866,75.039058468086125,-34.059629271405768,26,114615,45
p002548,r0024,12,4.0999999999999996,0.5,-59.97658888045509,60.280640258296792,-0.2979743110791489,40,114660,45
p002549,r0001,18,3.3999999999999999,0.78000000000000003,-60.460561086818913,60.286638874725931,-33.446177095279047,39,114705,45
p002550,r0002,26,3.0499999999999998,0.22,-95.910782954718229,69.644530074464114,32.772361208043996,40,114750,45
p002551,r0017,18,2,0.78000000000000003,-65.881992248664943,80.460377834311913,-34.13667083041004,26,114795,45
p002552,r0004,8,3.0499999999999998,0.5,-59.922003408961878,60.273760529844616,-0.27412143955863116,35,114840,45
p002553,r0009,18,4.0999999999999996,0.78000000000000003,-60.348882026274772,60.61951520766133,-33.285834634808829,40,114885,45
p002554,r0004,18,2,0.5,-60.009159702423133,59.722413057567891,0.30662667757237899,26,114930,45
p002555,r0011,18,2.3500000000000001,0.22,-60.106338950804783,59.424358797323393,33.5776052927352,30,114975,45
p002556,r0001,8,4.0999999999999996,0.5,-59.797378175199725,60.282628226534484,0.6926250256673796,39,115020,45
p002557,r0017,26,3.75,0.22,-59.76690523725091,59.771664371779494,33.023179057792802,40,115065,45
p002558,r0024,8,1.3,0.78000000000000003,-59.853551983775475,59.889144352123481,-33.96015878987771,27,115110,45
p002559,r0009,12,3.75,0.22,-59.840870301337659,60.527714723612768,34.496626018123678,40,115155,45
p002560,r0007,12,2,0.5,-59.912674096389807,60.170043302305103,-0.32131539704235196,27,115200,45
p002561,r0009,26,2.3500000000000001,0.22,-59.792899589744735,60.224647676157751,34.27078727765921,28,115245,45
p002562,r0000,26,1.3,0.78000000000000003,-60.185933303352854,60.200132161362653,-34.15099890111545,26,115290,45
p002563,r0005,12,2.7000000000000002,0.78000000000000003,-60.495445763974274,59.507298601746719,-34.544842003515662,31,115335,45
p002564,r0005,18,3.3999999999999999,0.78000000000000003,-59.447367174843819,59.916902279849502,-33.637227894811296,39,115380,45
p002565,r0016,18,3.3999999999999999,0.22,-88.033363062094409,68.040156320909631,33.253982056648738,40,115425,45
p002566,r0020,26,4.0999999999999996,0.5,-59.970816930037785,60.063957866816196,0.49657046838920565,40,115470,45
p002567,r0021,12,2.3500000000000001,0.22,-60.820564584549032,59.710082829791673,32.743340398636718,30,115515,45
p002568,r0005,18,3.75,0.22,-60.434801480558136,60.17957780234731,34.094414360108118,40,115560,45
p002569,r0008,12,1.6499999999999999,0.78000000000000003,-59.775907371490632,60.383806347225118,-32.890770353373171,26,115605,45
p002570,r0002,8,2,0.5,-59.770660678047321,59.700165621057081,-0.48524752849511971,28,115650,45
p002571,r0026,12,4.0999999999999996,0.5,-60.31588034064837,60.694388256701181,-0.26074604197359436,40,115695,45
p002572,r0027,12,2,0.78000000000000003,-63.815977533808912,74.311965622937862,-33.877830039324621,28,115740,45
p002573,r0015,8,3.75,0.22,-60.126245900386117,60.445556128998973,33.469759682534253,39,115785,45
p002574,r0025,12,3.75,0.78000000000000003,-60.051147842096455,60.046444376595801,-33.179677553984163,39,115830,45
p002575,r0020,26,3.75,0.5,-59.969270845801852,59.839388440763393,0.38505879748077093,40,115875,45
p002576,r0024,26,4.0999999999999996,0.78000000000000003,-60.164629297168375,60.257434395083855,-33.221775284872884,40,115920,45
p002577,r0026,12,2.7000000000000002,0.5,-59.320081856291992,60.551783999922151,1.0658510718150793,33,115965,45
p002578,r0019,8,3.3999999999999999,0.22,-59.701777907245642,60.300940840040496,34.350342715637552,38,116010,45
p002579,r0019,26,4.0999999999999996,0.78000000000000003,-60.250269349345857,59.62677109165643,-34.32732045232536,40,116055,45
p002580,r0016,8,3.75,0.5,-60.225886104538588,60.019095132328403,-0.55339548610509293,38,116100,45
p002581,r0002,26,2.3500000000000001,0.78000000000000003,-60.821712398314659,62.843056028631061,-34.065463344386608,27,116145,45
p002582,r0007,26,2.7000000000000002,0.78000000000000003,-60.652071548958546,59.29462085044748,-33.813799221089219,31,116190,45
p002583,r0024,8,2.3500000000000001,0.5,-59.911891624453176,60.426877898954558,0.70749313725069096,30,116235,45
p002584,r0006,12,1.3,0.22,-60.074729815215804,58.857930265464105,33.142745047714527,26,116280,45
p002585,r0020,26,1.6499999999999999,0.22,-66.392239765012164,61.975448871772365,34.184557371679773,26,116325,45
p002586,r0022,26,1.6499999999999999,0.22,-60.451947708570543,59.318601395779652,32.519080592822604,26,116370,45
p002587,r0026,8,1.3,0.5,-60.549090979602092,59.849141524814392,-0.79997472739384956,27,116415,45
p002588,r0024,8,3.3999999999999999,0.5,-59.754382430048899,59.905253178127886,-0.37456462596050671,37,116460,45
p002589,r0019,12,2.3500000000000001,0.22,-65.155986239423427,61.213577167131703,32.962273217689571,31,116505,45
p002590,r0002,8,1.6499999999999999,0.5,-59.868760843971472,60.146964446607157,0.5891018013178424,27,116550,45
p002591,r0012,26,1.3,0.22,-74.400841627618718,63.348919932673709,33.493972389409379,26,116595,45
p002592,r0020,18,3.3999999999999999,0.22,-74.888712796725073,64.256156896349594,33.194285563873166,40,116640,45
p002593,r0007,12,4.0999999999999996,0.5,-59.866503233880088,59.85731275634371,-0.45459523876818936,40,116685,45
p002594,r0022,18,2.3500000000000001,0.5,-59.485535342966962,60.623585497025765,0.1190250770294014,27,116730,45
p002595,r0020,18,2,0.78000000000000003,-59.933392189507259,60.053175174490129,-33.086347369427834,26,116775,45
p002596,r0010,26,2.3500000000000001,0.78000000000000003,-59.332043747232689,59.828831635565734,-33.566651163017042,27,116820,45
p002597,r0026,18,2.7000000000000002,0.5,-59.678195242798687,60.62504846329157,0.92342661024644168,32,116865,45
p002598,r0001,26,3.0499999999999998,0.22,-60.207210388539067,60.098932884020719,34.08158136405757,40,116910,45
p002599,r0012,12,2.7000000000000002,0.5,-59.813227013753547,60.592710380218506,-0.060258316767520637,32,116955,45
p002600,r0018,12,1.6499999999999999,0.22,-59.750369198471816,60.063329509789526,34.154315793972032,27,117000,45
p002601,r0004,26,3.0499999999999998,0.22,-60.442529118895628,60.128423951875959,33.152814276306202,40,117045,45
p002602,r0023,12,1.3,0.78000000000000003,-60.342564415399444,60.654116283933952,-33.273294661546096,26,117090,45
p002603,r0025,8,1.3,0.22,-60.028076467845992,60.304545474176464,33.38136864693152,27,117135,45
p002604,r0013,8,3.0499999999999998,0.5,-59.970485252527951,59.497973280944464,0.21374401420825678,34,117180,45
p002605,r0000,12,3.75,0.22,-64.274769843288212,60.97481957629121,33.869909903983739,40,117225,45
p002606,r0024,8,1.6499999999999999,0.22,-59.68868276769463,60.770965062931666,34.719842540193881,28,117270,45
p002607,r0012,26,3.75,0.5,-60.032813020525808,60.121380330307062,0.49428365489062714,40,117315,45
p002608,r0018,12,1.6499999999999999,0.5,-60.27105510784412,60.198730555973256,0.41383772406456815,26,117360,45
p002609,r0020,18,1.3,0.22,-72.663117714377975,64.155115053227618,33.605103844354389,26,117405,45
p002610,r0001,12,3.0499999999999998,0.78000000000000003,-59.593179119470534,59.79777875494274,-32.877168387099616,35,117450,45
p002611,r0027,12,1.6499999999999999,0.5,-60.597741879854404,60.193456828605697,0.24785747437564681,26,117495,45
p002612,r0018,26,2.3500000000000001,0.22,-60.40095744599644,59.709454582573258,32.835163936287927,28,117540,45
p002613,r0001,18,4.0999999999999996,0.22,-59.170143250075697,59.313594470057112,33.697172171627898,40,117585,45
p002614,r0015,12,2.3500000000000001,0.5,-59.85885691788458,60.186682589511278,0.61391283581334899,29,117630,45
p002615,r0027,26,3.0499999999999998,0.22,-60.176138384092695,59.864648897570248,33.005675695604396,40,117675,45
p002616,r0014,8,2,0.5,-59.559076976806622,60.155858737689059,-0.15160911955878192,29,117720,45
p002617,r0015,26,2.7000000000000002,0.78000000000000003,-59.874737689384276,60.08921565127465,-33.932667954439317,30,117765,45
p002618,r0000,26,3.75,0.78000000000000003,-59.896589229576705,60.427482627373486,-32.97529342104766,40,117810,45
p002619,r0014,18,2.3500000000000001,0.78000000000000003,-60.255749185550457,59.753283082666357,-33.403762086542756,28,117855,45
p002620,r0020,12,1.3,0.5,-60.409529366527245,59.96756623834758,0.2290184359101673,26,117900,45
p002621,r0008,18,2.7000000000000002,0.78000000000000003,-61.896294814205334,65.384444579912483,-33.444532147499416,31,117945,45
p002622,r0005,12,4.0999999999999996,0.78000000000000003,-59.74609502406777,60.290731565310409,-32.887993174404571,40,117990,45
p002623,r0024,8,2.7000000000000002,0.78000000000000003,-65.736917652083861,82.306944119256372,-33.617268062389016,32,118035,45
p002624,r0001,8,1.3,0.22,-59.533590460129254,59.69694555826662,33.016227634219526,27,118080,45
p002625,r0017,18,4.0999999999999996,0.22,-59.87840855169253,59.817535652574293,33.934427927635596,40,118125,45
p002626,r0018,26,2.7000000000000002,0.78000000000000003,-59.98908618622702,60.403145788290139,-33.95279515183325,30,118170,45
p002627,r0014,8,1.6499999999999999,0.22,-60.159105829309674,59.533123634545078,32.75083315249703,27,118215,45
p002628,r0007,8,3.3999999999999999,0.22,-60.287720772793605,59.709313207830363,33.759965732093093,38,118260,45
p002629,r0008,8,2.3500000000000001,0.78000000000000003,-59.764512588989064,60.205645967318681,-32.921077706601359,30,118305,45
p002630,r0006,18,3.75,0.5,-59.638509010468454,60.109786568609763,-0.21436122092934512,40,118350,45
p002631,r0013,12,3.3999999999999999,0.22,-59.798181091863491,59.68003918220429,32.944830721909376,39,118395,45
p002632,r0013,18,4.0999999999999996,0.78000000000000003,-60.194590859511692,59.924881054551555,-33.318307038417778,40,118440,45
p002633,r0020,18,4.0999999999999996,0.22,-86.092050489792754,67.372190540841729,34.060057514102148,40,118485,45
p002634,r0014,12,2,0.5,-59.552285494712223,60.014206208531178,0.68096035690947754,27,118530,45
p002635,r0014,8,2.3500000000000001,0.5,-60.253528317553183,59.764803057591003,0.20563737001890986,29,118575,45
p002636,r0021,8,1.6499999999999999,0.5,-60.216658846192352,59.346104880744555,0.014723017276101313,28,118620,45
p002637,r0024,18,3.3999999999999999,0.78000000000000003,-59.477194878711614,60.050888897237279,-32.731016448002855,39,118665,45
p002638,r0015,26,1.3,0.22,-86.00825335106245,67.51135270574386,33.287039373246472,26,118710,45
p002639,r0017,12,2.7000000000000002,0.5,-59.995092941153203,60.590799041910216,-0.15214694962149339,33,118755,45
p002640,r0014,18,2,0.22,-63.270539830943733,59.947991299512992,32.389914450812512,27,118800,45
p002641,r0021,12,4.0999999999999996,0.5,-59.833351050935875,60.249667230336144,0.65815808970013445,40,118845,45
p002642,r0006,26,4.0999999999999996,0.78000000000000003,-65.61794535200589,78.784043813828887,-33.399507735522235,40,118890,45
p002643,r0005,26,3.75,0.78000000000000003,-66.535043009961299,84.074681311795615,-33.85090365917479,40,118935,45
p002644,r0008,12,3.75,0.78000000000000003,-79.227038050449181,128.34038504457735,-34.012204969543362,39,118980,45
p002645,r0022,18,3.0499999999999998,0.78000000000000003,-60.265938462150601,59.743965281287572,-34.313759638594206,36,119025,45
p002646,r0014,18,2,0.78000000000000003,-60.102062201350861,60.166649942274113,-34.092945529753372,26,119070,45
p002647,r0020,12,3.0499999999999998,0.78000000000000003,-60.072889794725903,59.202148008332401,-33.382381478053077,35,119115,45
p002648,r0005,18,3.0499999999999998,0.5,-59.863403740390716,60.01420375137581,0.52540000549254695,37,119160,45
p002649,r0008,18,3.0499999999999998,0.22,-59.575062205001878,59.662453535160203,33.880200072324548,38,119205,45
p002650,r0006,8,3.75,0.5,-59.3166436624727,59.441223182505667,-0.38771023998351667,38,119250,45
p002651,r0006,18,3.75,0.78000000000000003,-60.051248170112942,59.950349575322512,-34.100896666117144,40,119295,45
p002652,r0025,26,2.7000000000000002,0.22,-59.203482937570428,59.448729982892658,33.795243140390781,35,119340,45
p002653,r0025,18,2.3500000000000001,0.22,-86.634936294320966,67.488450830202993,33.131305662807719,29,119385,45
p002654,r0007,26,3.0499999999999998,0.78000000000000003,-60.021084182526707,60.08914999981495,-34.046832662411546,38,119430,45
p002655,r0025,12,3.0499999999999998,0.78000000000000003,-61.773976788659041,63.980006387953168,-34.55810048980436,35,119475,45
p002656,r0008,12,3.0499999999999998,0.22,-60.009618160921477,59.019281662756455,33.282923701547318,37,119520,45
p002657,r0025,26,1.3,0.78000000000000003,-60.214149079692007,59.958236892764823,-33.326224165751505,26,119565,45
p002658,r0025,12,2.3500000000000001,0.22,-75.48786318149881,64.860623708413627,34.433956592632896,29,119610,45
p002659,r0007,18,3.3999999999999999,0.78000000000000003,-61.097294988484862,59.774103959304966,-34.055587219971102,39,119655,45
p002660,r0016,12,3.3999999999999999,0.5,-61.012336711462758,60.020174983145374,-0.046080864158692225,38,119700,45
p002661,r0010,8,2.3500000000000001,0.22,-61.421678012010858,59.791916506400256,32.674925712349804,31,119745,45
p002662,r0026,12,2,0.22,-59.52770544528849,59.669724277684878,32.996289738630736,27,119790,45
p002663,r0013,12,1.6499999999999999,0.5,-60.55431862411902,59.796725002256963,0.071203189068971551,26,119835,45
p002664,r0016,18,4.0999999999999996,0.78000000000000003,-60.261124709482118,59.975194166842265,-33.359134556690755,40,119880,45
p002665,r0027,8,2.7000000000000002,0.5,-59.425353352982647,59.911119971255012,0.69288330913618235,31,119925,45
p002666,r0012,12,3.75,0.78000000000000003,-60.079563671103188,60.583866618380711,-33.983609007416732,39,119970,45
p002667,r0019,18,3.3999999999999999,0.78000000000000003,-62.932789777011848,69.684874511560153,-34.206903633526011,39,120015,45
p002668,r0003,12,2.7000000000000002,0.5,-59.741041251690135,59.712359725047435,-0.46434076332134994,32,120060,45
p002669,r0020,8,3.0499999999999998,0.78000000000000003,-60.056130776751246,60.012656272822284,-33.190997625845071,35,120105,45
p002670,r0002,12,3.0499999999999998,0.78000000000000003,-62.906044046463428,70.199296643750003,-34.072869094616479,35,120150,45
p002671,r0011,8,4.0999999999999996,0.78000000000000003,-60.046379063528903,59.494252866922146,-34.197440038829676,39,120195,45
p002672,r0021,26,3.3999999999999999,0.78000000000000003,-60.287542507224046,59.903626270127049,-34.295485376206813,40,120240,45
p002673,r0011,18,2,0.78000000000000003,-59.942611286385777,59.374511818797572,-33.24284420324544,26,120285,45
p002674,r0012,18,3.0499999999999998,0.5,-59.314240743753572,59.476330028348457,-0.36895535770255777,37,120330,45
p002675,r0000,8,3.0499999999999998,0.78000000000000003,-60.53372328009506,59.736223556087864,-34.524334976134824,36,120375,45
p002676,r0019,18,4.0999999999999996,0.78000000000000003,-60.79753796522737,59.901943489037208,-33.793652045289164,40,120420,45
p002677,r0018,18,2.7000000000000002,0.22,-60.251172754636009,60.528992150883909,34.40735587166953,33,120465,45
p002678,r0020,12,3.75,0.78000000000000003,-60.395589599375498,62.097382076293108,-33.897135830728409,39,120510,45
p002679,r0024,26,2,0.5,-60.141319537608204,59.466696520276606,-0.78731150866579891,26,120555,45
p002680,r0004,8,1.3,0.78000000000000003,-61.955411743496661,69.119147778981556,-32.669008648551454,27,120600,45
p002681,r0016,12,3.0499999999999998,0.22,-60.347405705636177,60.196900526709669,34.127153155593589,37,120645,45
p002682,r0008,8,3.0499999999999998,0.22,-59.989098855679266,60.223211708350611,34.226503384264042,37,120690,45
p002683,r0015,26,4.0999999999999996,0.5,-60.028735682310455,59.397089764142876,-0.76582295908378906,40,120735,45
p002684,r0022,26,1.3,0.22,-75.037338277712877,63.485519294710777,32.560490628777572,26,120780,45
p002685,r0024,12,2.3500000000000001,0.22,-84.794553741825823,67.130056635905603,33.25664235280469,29,120825,45
p002686,r0025,12,2.7000000000000002,0.5,-60.142369712579544,59.815143199191972,-0.61361325669378597,33,120870,45
p002687,r0001,18,2,0.5,-59.823644342060895,59.768205465114683,0.42228056152689392,26,120915,45
p002688,r0004,8,1.6499999999999999,0.22,-60.659781170730497,60.142192226032257,33.115758078744449,28,120960,45
p002689,r0004,26,4.0999999999999996,0.78000000000000003,-59.954395778389006,60.160577781228902,-33.979101595273072,40,121005,45
p002690,r0018,26,1.3,0.5,-59.91328304086003,59.352902317702821,-0.73019036157860451,26,121050,45
p002691,r0026,12,3.3999999999999999,0.78000000000000003,-65.128278125309166,80.689744080838224,-32.598313239956738,38,121095,45
p002692,r0002,8,4.0999999999999996,0.5,-59.801700528746196,60.158770541764554,-0.27146499349082093,39,121140,45
p002693,r0017,12,4.0999999999999996,0.5,-60.086345674553129,59.889131109688734,-0.54860728243219792,40,121185,45
p002694,r0000,12,3.3999999999999999,0.5,-60.167397262396648,60.452411856858689,0.59250729723102036,38,121230,45
p002695,r0027,8,4.0999999999999996,0.22,-59.961392329013592,59.730637451238891,33.84839089958335,39,121275,45
p002696,r0020,18,3.75,0.5,-60.212173269901569,59.962913736943932,0.32537023352118127,40,121320,45
p002697,r0003,26,2.3500000000000001,0.78000000000000003,-60.43103727119793,59.506049953797067,-33.594878081699029,27,121365,45
p002698,r0004,18,1.3,0.5,-59.865059495258521,60.107483085221361,-0.32878820501858003,26,121410,45
p002699,r0013,12,1.6499999999999999,0.22,-60.368926040242748,59.968119165877013,33.943969220530668,27,121455,45
p002700,r0011,26,1.3,0.78000000000000003,-60.635215689305483,59.805910116773759,-34.588168011968051,26,121500,45
p002701,r0024,18,1.6499999999999999,0.5,-59.540328980491331,60.185245609135229,-0.12754168567805096,26,121545,45
p002702,r0027,8,4.0999999999999996,0.5,-60.054912102966995,59.667863332508375,-0.64352438522930977,39,121590,45
p002703,r0000,18,1.3,0.78000000000000003,-59.625778242073942,59.535241739950003,-32.960353846028674,26,121635,45
p002704,r0023,12,2.7000000000000002,0.22,-60.053395990774504,59.750973364569134,33.844012106393535,34,121680,45
p002705,r0010,12,1.3,0.5,-59.842016434830768,59.938452741694178,0.498218153431705,26,121725,45
p002706,r0021,18,4.0999999999999996,0.5,-60.154205369334086,59.947301482482708,-0.55345194342568926,40,121770,45
p002707,r0023,12,4.0999999999999996,0.5,-60.070227483172502,59.772925966251123,-0.59865075846068971,40,121815,45
p002708,r0027,18,2.7000000000000002,0.5,-60.11130802069539,59.958520382236358,-0.52639381922951567,32,121860,45
p002709,r0019,26,3.0499999999999998,0.5,-59.666493797449213,60.419762211180121,-0.07336579313454622,39,121905,45
p002710,r0011,8,1.6499999999999999,0.22,-60.316141129701592,60.337291143818206,33.343536043643851,28,121950,45
p002711,r0005,8,2.7000000000000002,0.5,-59.843768208513609,59.440866463151607,0.24854912731899931,33,121995,45
p002712,r0016,8,3.0499999999999998,0.5,-60.420269661119306,60.223973036459228,-0.54814831233003924,36,122040,45
p002713,r0006,26,2,0.78000000000000003,-60.246104192582216,60.015412091812038,-34.238570610015486,26,122085,45
p002714,r0023,26,2.7000000000000002,0.5,-60.185365850101888,60.145758475212375,0.43019631255524332,32,122130,45
p002715,r0013,26,2.7000000000000002,0.78000000000000003,-61.46232875871241,63.056073051333918,-33.618280360502219,31,122175,45
p002716,r0026,18,1.3,0.5,-59.667671485700055,59.555384348268177,-0.5061435687159388,26,122220,45
p002717,r0010,18,3.0499999999999998,0.5,-60.150975263299095,59.517971303541621,0.13349802012126305,38,122265,45
p002718,r0023,18,2.7000000000000002,0.22,-60.2037084648858,60.390808251246149,33.410014573697119,35,122310,45
p002719,r0016,12,1.6499999999999999,0.22,-60.151163391907311,60.283459187302341,33.337842219876215,26,122355,45
p002720,r0006,8,3.0499999999999998,0.22,-88.998379785635819,67.806950270984714,32.859777658528195,36,122400,45
p002721,r0020,18,3.75,0.78000000000000003,-63.442015725032832,70.722729126226369,-33.475771857755802,40,122445,45
p002722,r0017,26,1.6499999999999999,0.5,-60.254420458786413,60.491654088269271,0.56861681474142922,26,122490,45
p002723,r0011,18,4.0999999999999996,0.78000000000000003,-64.566902521638269,77.054778263829064,-33.860132748835468,40,122535,45
p002724,r0015,26,4.0999999999999996,0.22,-60.622675108404586,60.376875314727457,33.306974221638406,40,122580,45
p002725,r0012,26,4.0999999999999996,0.22,-59.915108461640394,59.349111784670413,33.560983330482038,40,122625,45
p002726,r0009,26,2.7000000000000002,0.22,-59.51376669073845,60.179193911566571,33.396742579059463,35,122670,45
p002727,r0026,18,2,0.5,-59.99156060455293,59.949523637161974,0.42898151630452191,26,122715,45
p002728,r0014,8,3.3999999999999999,0.5,-59.662056723032826,59.88771664157381,-0.33717004072950801,37,122760,45
p002729,r0005,12,1.3,0.78000000000000003,-64.809882731111884,76.971019439655208,-33.168084253543128,26,122805,45
p002730,r0015,18,2.3500000000000001,0.78000000000000003,-59.421910768789779,60.668470748762275,-33.452026834928333,28,122850,45
p002731,r0017,8,2,0.5,-59.58168695153271,59.950449944502061,-0.26561850351532429,29,122895,45
p002732,r0014,18,1.3,0.78000000000000003,-60.394911912719692,59.85914923212502,-34.389018460853862,26,122940,45
p002733,r0012,8,2,0.78000000000000003,-59.813007427419336,60.399923886515644,-32.916162538353639,28,122985,45
p002734,r0014,18,3.75,0.78000000000000003,-62.256134886936337,67.583314164067644,-33.241456095715463,40,123030,45
p002735,r0016,12,3.3999999999999999,0.78000000000000003,-59.479791482199687,59.684946125147711,-32.813549208583261,37,123075,45
p002736,r0027,12,2.7000000000000002,0.22,-60.009825025117095,59.692192175501148,32.907748391365132,34,123120,45
p002737,r0010,26,2.3500000000000001,0.5,-60.115746842850726,60.317749913403858,0.55100153527656626,27,123165,45
p002738,r0024,12,2,0.78000000000000003,-59.545092809177305,59.813143129973483,-33.736280902564133,27,123210,45
p002739,r0013,18,2.7000000000000002,0.78000000000000003,-59.994160387230878,59.833976334338217,-34.08197030848568,33,123255,45
p002740,r0000,18,2.3500000000000001,0.5,-59.781568861696257,61.010284169893623,0.1643576540986828,27,123300,45
p002741,r0025,18,2.3500000000000001,0.78000000000000003,-60.236059208496471,59.720260616305062,-33.395668847040135,28,123345,45
p002742,r0009,12,3.0499999999999998,0.5,-59.637641374086961,59.861639836165871,0.56199923103945504,37,123390,45
p002743,r0026,12,1.3,0.78000000000000003,-60.462894003611758,59.664666777638928,-33.584830631736608,26,123435,45
p002744,r0017,26,3.3999999999999999,0.22,-60.010367974953084,60.279999881069102,33.366118952744216,40,123480,45
p002745,r0002,26,4.0999999999999996,0.22,-59.70293606480292,60.150945694970744,33.333091707820536,40,123525,45
p002746,r0009,12,1.6499999999999999,0.5,-59.888488678591507,60.019507796446881,-0.38449044107231317,26,123570,45
p002747,r0020,26,2.3500000000000001,0.22,-85.916034986331411,67.637385875419554,33.405633285834341,28,123615,45
p002748,r0015,12,3.0499999999999998,0.5,-59.991033008189923,60.443311920202738,0.67613945600640757,37,123660,45
p002749,r0023,18,3.0499999999999998,0.78000000000000003,-63.229839129105471,73.665885376782285,-33.562779737810175,37,123705,45
p002750,r0014,18,3.3999999999999999,0.78000000000000003,-63.313932500861512,70.447766321182229,-34.33635876001189,39,123750,45
p002751,r0002,12,3.75,0.78000000000000003,-60.470111145014144,59.939259119354091,-34.430049686853138,39,123795,45
p002752,r0010,12,1.6499999999999999,0.22,-59.182846143277757,59.653525561138366,33.059523786166821,27,123840,45
p002753,r0025,8,3.3999999999999999,0.78000000000000003,-59.830803087121183,59.683076340157946,-33.087749613119776,36,123885,45
p002754,r0018,26,3.0499999999999998,0.78000000000000003,-71.110897777013605,97.139780435469447,-34.545748570267349,37,123930,45
p002755,r0017,8,4.0999999999999996,0.22,-60.339390779096675,60.001221137576984,33.076286515908777,39,123975,45
p002756,r0004,18,4.0999999999999996,0.78000000000000003,-59.716479727959623,60.243610883351394,-32.875259793471201,40,124020,45
p002757,r0025,8,2,0.22,-60.924232926460533,60.367846201444024,34.133588793305023,30,124065,45
p002758,r0027,18,2.7000000000000002,0.78000000000000003,-59.894440446725852,61.095568073184765,-33.726638572345522,32,124110,45
p002759,r0023,8,2,0.22,-65.610360719769858,61.396922034405435,33.905319828486874,31,124155,45
p002760,r0002,26,2,0.22,-59.719552702440758,60.15317304293395,34.231173378951517,26,124200,45
p002761,r0005,8,3.75,0.78000000000000003,-59.976600077853064,60.129107623628727,-34.003344383527079,38,124245,45
p002762,r0011,8,1.3,0.5,-60.393173644650709,60.193293529186384,-0.54994005773216226,27,124290,45
p002763,r0013,18,3.0499999999999998,0.22,-59.872888242148292,60.283754266234382,33.399292914390188,39,124335,45
p002764,r0009,26,1.3,0.22,-60.338573261118867,59.960334247487935,33.04457459559444,26,124380,45
p002765,r0003,8,1.6499999999999999,0.78000000000000003,-60.025941604265412,60.250127589404727,-34.01520638165799,27,124425,45
p002766,r0001,18,2.3500000000000001,0.22,-59.853980119403609,59.71240480699511,32.95780012318739,29,124470,45
p002767,r0025,12,1.3,0.78000000000000003,-60.087658414713118,60.331834707054796,-34.045369927924185,26,124515,45
p002768,r0019,26,3.0499999999999998,0.22,-59.800278257474389,59.909046336993612,33.122994926210652,40,124560,45
p002769,r0010,12,3.75,0.5,-59.907704535689298,59.578382969422812,0.28533921686675684,39,124605,45
p002770,r0001,12,2.3500000000000001,0.5,-59.826139805402462,59.56951354062295,-0.57831313238975635,30,124650,45
p002771,r0019,26,1.3,0.22,-59.961804582916045,59.280151598446849,32.596921238547012,26,124695,45
p002772,r0003,26,2.7000000000000002,0.5,-60.002606483777605,59.535926823496119,-0.68333983014074273,31,124740,45
p002773,r0025,26,3.0499999999999998,0.78000000000000003,-60.169962229931038,59.773049107462441,-34.232499735704479,38,124785,45
p002774,r0019,18,3.0499999999999998,0.22,-76.498019666873915,64.383539418615271,33.839596419807648,39,124830,45
p002775,r0001,18,1.3,0.22,-60.467101742906209,59.986366682894584,33.036603629218405,26,124875,45
p002776,r0002,12,2.7000000000000002,0.22,-59.872439776791055,59.457639024506534,33.655021688221069,34,124920,45
p002777,r0000,12,2,0.22,-59.651794792182123,59.33035133055462,32.704279183552536,28,124965,45
p002778,r0002,12,2,0.78000000000000003,-60.583133701328791,59.60861261119328,-34.590949512573943,27,125010,45
p002779,r0025,26,2.3500000000000001,0.78000000000000003,-59.846955204791954,59.259015867143013,-33.19364156896625,27,125055,45
p002780,r0009,18,2.3500000000000001,0.78000000000000003,-61.723089588241898,67.149237034302189,-33.821177731282205,28,125100,45
p002781,r0013,18,2.3500000000000001,0.78000000000000003,-59.356105424967843,60.057836114989669,-32.635038286177192,27,125145,45
p002782,r0006,12,1.6499999999999999,0.5,-59.786807018146291,59.587070254790532,-0.54986838167787933,26,125190,45
p002783,r0009,26,2.7000000000000002,0.78000000000000003,-60.426262047165039,59.960212098027057,-33.491237735222782,31,125235,45
p002784,r0018,26,2.7000000000000002,0.5,-60.009966775571385,60.190687832038137,0.54036052823337566,33,125280,45
p002785,r0015,12,2.3500000000000001,0.78000000000000003,-59.919351531756234,60.100888960557178,-33.064898623447284,29,125325,45
p002786,r0002,12,1.3,0.78000000000000003,-60.135582982827742,59.525075963734245,-33.360238014584105,26,125370,45
p002787,r0017,18,2.3500000000000001,0.5,-60.295851392129194,59.815640952524632,-0.69010521980228101,28,125415,45
p002788,r0010,12,3.75,0.78000000000000003,-63.920381443955797,75.028159679417399,-33.801702396813695,39,125460,45
p002789,r0013,26,3.75,0.22,-59.665347152776519,59.999559008668378,34.123279653150504,40,125505,45
p002790,r0014,18,3.3999999999999999,0.5,-59.373002211537184,59.751375942200028,0.63918686533142188,39,125550,45
p002791,r0014,8,2,0.22,-59.882076490060108,60.814210330902633,33.811027230290826,29,125595,45
p002792,r0026,18,3.0499999999999998,0.22,-69.911201945080023,62.622468646397422,33.915061116272383,39,125640,45
p002793,r0017,26,1.6499999999999999,0.78000000000000003,-60.405710532452574,60.000621572301426,-34.366317469406695,26,125685,45
p002794,r0003,26,3.75,0.78000000000000003,-60.18926407770779,59.718039814267797,-33.359657221473157,40,125730,45
p002795,r0005,8,4.0999999999999996,0.22,-90.766399038580715,68.189247168113141,32.769005002640483,39,125775,45
p002796,r0026,8,3.75,0.78000000000000003,-60.370642068748893,59.966946687993811,-33.446372542265493,38,125820,45
p002797,r0026,18,3.75,0.78000000000000003,-64.625941519212461,75.456137367732296,-33.357884164084624,40,125865,45
p002798,r0011,8,3.75,0.78000000000000003,-60.093098937553506,60.014657685523005,-34.119392480476677,37,125910,45
p002799,r0019,26,3.75,0.5,-60.116865106660306,60.547543955148917,-0.23466057575569438,40,125955,45
p002800,r0010,18,1.3,0.22,-76.462665160401059,64.336723631463528,33.810858097253316,26,126000,45
p002801,r0001,18,2,0.78000000000000003,-60.816811880268773,60.144788328500688,-34.655259834339496,26,126045,45
p002802,r0021,18,2.7000000000000002,0.22,-59.837792161939568,59.903931357417612,34.010752183159035,36,126090,45
p002803,r0025,26,2.7000000000000002,0.78000000000000003,-60.180611285417726,59.92692274797151,-34.206953798072099,32,126135,45
p002804,r0004,26,2,0.22,-59.742566357870032,59.86626977156746,33.102325823091206,26,126180,45
p002805,r0002,8,2.7000000000000002,0.22,-59.755188075905664,60.295431951450496,34.334295545432141,33,126225,45
p002806,r0000,26,2,0.5,-59.700245084367239,59.832738797017527,0.51624685632514367,26,126270,45
p002807,r0019,26,3.3999999999999999,0.22,-63.249528811370695,60.959529421056367,34.083536609922419,40,126315,45
p002808,r0025,18,1.6499999999999999,0.5,-60.195500474445986,59.805929758824711,-0.6447853578106375,26,126360,45
p002809,r0010,18,4.0999999999999996,0.22,-69.263519170891186,62.310765260708536,33.814422685756597,40,126405,45
p002810,r0013,26,3.3999999999999999,0.5,-60.328534985723365,60.39131737435838,-0.41860880568249287,40,126450,45
p002811,r0010,18,1.6499999999999999,0.5,-60.28803029095873,60.393642980184509,-0.39719365538711032,26,126495,45
p002812,r0024,8,2,0.78000000000000003,-59.966019845206006,60.185819585675311,-33.982615170412124,28,126540,45
p002813,r0018,26,1.6499999999999999,0.22,-60.17562457351687,60.390661813174106,34.316078808102091,26,126585,45
p002814,r0005,18,1.6499999999999999,0.22,-60.224749607694093,60.4596111141027,33.459051755307399,26,126630,45
p002815,r0017,12,3.3999999999999999,0.5,-60.421315126766238,59.634906739518392,0.056795806376077007,38,126675,45
p002816,r0009,12,4.0999999999999996,0.78000000000000003,-60.417637372361121,60.722799181500811,-34.216741330511503,40,126720,45
p002817,r0015,18,3.0499999999999998,0.22,-63.85220298338713,60.938490548382042,33.934537971392828,39,126765,45
p002818,r0002,8,4.0999999999999996,0.22,-59.959943420566916,60.431111993127928,33.495079802115058,39,126810,45
p002819,r0004,26,4.0999999999999996,0.5,-60.440395984099432,60.593840722675957,-0.37327763071173764,40,126855,45
p002820,r0018,8,1.3,0.22,-60.265414981306918,60.342931737570417,34.259095459417409,27,126900,45
p002821,r0013,8,3.3999999999999999,0.22,-59.644841567896762,60.235919065002776,34.312151725764878,38,126945,45
p002822,r0016,12,1.3,0.5,-59.78294451279465,60.561840699112331,-0.060551906841159575,26,126990,45
p002823,r0010,18,2.3500000000000001,0.5,-59.987045703925816,59.660709039295114,-0.61316833231535095,28,127035,45
p002824,r0009,26,1.6499999999999999,0.78000000000000003,-60.355447987652632,60.121463613042977,-34.300527435499603,26,127080,45
p002825,r0000,26,4.0999999999999996,0.22,-59.754656425266603,59.920620306513172,34.042059425521629,40,127125,45
p002826,r0022,12,2,0.78000000000000003,-60.345294249853502,59.919317502725626,-34.337079664286101,28,127170,45
p002827,r0021,8,2,0.5,-59.588571292695747,59.664297369676817,0.48786303849053497,28,127215,45
p002828,r0011,8,4.0999999999999996,0.22,-60.234934731132356,60.259297838758854,34.200566673382795,39,127260,45
p002829,r0007,12,3.3999999999999999,0.22,-59.787350803182974,59.865226532422426,33.991659518589245,39,127305,45
p002830,r0015,12,1.6499999999999999,0.22,-59.536459849626603,59.999776455617464,34.151804468463766,27,127350,45
p002831,r0010,8,2.3500000000000001,0.5,-59.502526907622737,59.734063438631054,-0.3342317344958417,30,127395,45
p002832,r0003,18,3.3999999999999999,0.5,-59.244694284725377,60.15350287033845,0.90440429280653656,39,127440,45
p002833,r0001,18,3.0499999999999998,0.78000000000000003,-64.049577960099256,74.804705039921714,-33.05163570009465,37,127485,45
p002834,r0023,18,3.75,0.5,-60.064591580158719,59.999262274493049,-0.48266465283283538,40,127530,45
p002835,r0003,8,3.75,0.78000000000000003,-59.783632974483879,60.016402957333156,-33.877625069484139,38,127575,45
p002836,r0011,8,2.7000000000000002,0.78000000000000003,-60.371665699100049,59.912049548103688,-33.459248344715228,34,127620,45
p002837,r0025,12,2,0.5,-59.714064089726683,59.974632500656448,-0.31971579453511795,27,127665,45
p002838,r0024,18,2,0.78000000000000003,-61.69301991462342,67.78974273139292,-32.756812132499832,26,127710,45
p002839,r0012,12,1.3,0.78000000000000003,-64.591728530246002,76.698148494025048,-33.957955584906372,26,127755,45
p002840,r0024,18,2,0.5,-60.065670009753134,60.761737581618277,0.79803378593257146,26,127800,45
p002841,r0022,18,3.75,0.78000000000000003,-62.668722133384321,70.98121439634383,-32.815736096844134,40,127845,45
p002842,r0017,12,4.0999999999999996,0.22,-59.870117646067726,60.952039073640627,34.821164595304793,40,127890,45
p002843,r0002,26,1.6499999999999999,0.5,-59.886587646694977,59.601998336687444,0.30770534499623353,26,127935,45
p002844,r0024,26,2.3500000000000001,0.22,-74.167841227860421,63.800217187895456,32.997244336429162,28,127980,45
p002845,r0002,8,3.3999999999999999,0.78000000000000003,-59.942365967727895,59.827715041478577,-34.042948145702489,37,128025,45
p002846,r0004,26,3.0499999999999998,0.78000000000000003,-62.152454755548803,68.344410866421072,-32.993144318715437,37,128070,45
p002847,r0023,8,2.7000000000000002,0.22,-59.60031141629905,59.829889589339999,34.005245368099409,34,128115,45
p002848,r0004,8,2,0.22,-86.521527802959582,66.937857557105048,32.726792777890829,29,128160,45
p002849,r0023,8,1.3,0.78000000000000003,-66.575002378526307,82.760440809365065,-33.2712048771902,26,128205,45
p002850,r0003,8,3.3999999999999999,0.5,-59.851933786543519,59.944678156234893,0.49637218484568707,37,128250,45
p002851,r0019,8,1.6499999999999999,0.22,-60.269852045061668,60.365305547292309,33.375570876974436,28,128295,45
p002852,r0015,8,4.0999999999999996,0.22,-59.953592802543319,60.103982846516665,33.241316203723464,39,128340,45
p002853,r0023,18,4.0999999999999996,0.5,-60.130564194688922,59.967869502887403,0.36865265409924036,40,128385,45
p002854,r0027,12,2,0.5,-60.238509368398176,59.659215299754628,0.16035296567822571,27,128430,45
p002855,r0002,18,1.3,0.78000000000000003,-59.976488146062167,60.048270455160853,-33.121041253793102,26,128475,45
p002856,r0006,8,1.6499999999999999,0.22,-60.056648751928059,60.061166102565203,33.185246834576681,28,128520,45
p002857,r0027,8,2,0.5,-59.930269896288159,60.331420719839635,0.65057541177573763,29,128565,45
p002858,r0001,26,3.3999999999999999,0.78000000000000003,-59.945404644930449,60.57491443049264,-33.880934448337371,40,128610,45
p002859,r0000,18,3.0499999999999998,0.78000000000000003,-59.562037027368696,59.332167194479744,-32.95531209856204,35,128655,45
p002860,r0012,12,2.7000000000000002,0.22,-60.196657573078674,59.512010002190017,33.626103135630906,33,128700,45
p002861,r0011,12,2.7000000000000002,0.5,-59.876163481430055,59.418385901285717,-0.67888879007216896,34,128745,45
p002862,r0026,12,2,0.5,-59.770974153738386,60.307880003723845,0.71845292499272939,27,128790,45
p002863,r0024,18,3.3999999999999999,0.5,-59.750510084862142,60.125086592307909,-0.26271174627711674,39,128835,45
p002864,r0007,12,1.6499999999999999,0.78000000000000003,-60.259935811967679,60.174931354390836,-34.214265035368811,26,128880,45
p002865,r0009,12,2.7000000000000002,0.78000000000000003,-61.858702643983733,65.325497203143399,-33.428178677615762,31,128925,45
p002866,r0001,8,3.0499999999999998,0.5,-59.778034004782462,60.090070750900814,-0.29398162694082403,34,128970,45
p002867,r0025,18,2.7000000000000002,0.5,-59.838903059115225,60.015978533874502,-0.36146226262036124,32,129015,45
p002868,r0007,18,2.3500000000000001,0.5,-59.872228620596992,60.088900763726222,0.55833607156461507,27,129060,45
p002869,r0013,8,3.75,0.78000000000000003,-60.395285664873867,59.656991803238704,-34.43378462188911,38,129105,45
p002870,r0001,8,1.6499999999999999,0.78000000000000003,-63.221217979122358,72.496439122704999,-32.913333416720334,28,129150,45
p002871,r0025,8,3.75,0.78000000000000003,-60.244855277581138,59.761518863642301,-34.293452966511985,38,129195,45
p002872,r0021,18,2.7000000000000002,0.78000000000000003,-60.065733678405081,60.056066855731636,-34.088937560895012,32,129240,45
p002873,r0017,26,2,0.78000000000000003,-60.407592008275309,60.121316403940462,-33.441232157587841,26,129285,45
p002874,r0020,12,4.0999999999999996,0.78000000000000003,-60.414279440100174,60.375400659934542,-33.390549818092538,40,129330,45
p002875,r0019,26,2.7000000000000002,0.22,-59.905601426299128,59.836393817827982,33.943154864120018,35,129375,45
p002876,r0014,12,3.3999999999999999,0.22,-67.4163606787655,61.767392959475707,32.89696715906264,39,129420,45
p002877,r0017,26,3.3999999999999999,0.5,-60.083015917184085,59.171433485685398,-0.0057912157493433258,40,129465,45
p002878,r0026,12,2,0.78000000000000003,-61.098788381258046,63.739118717109278,-34.084448819617236,27,129510,45
p002879,r0001,12,3.3999999999999999,0.78000000000000003,-72.886522820853173,104.52571976734276,-33.40582945145006,37,129555,45
p002880,r0023,8,3.0499999999999998,0.22,-60.671379591013419,59.543432859949576,33.546174120737717,36,129600,45
p002881,r0011,18,4.0999999999999996,0.5,-59.661080905845289,59.915298065301336,0.57710857972802354,40,129645,45
p002882,r0005,8,2,0.5,-59.825036401878585,59.153463889286236,-0.78578625629617416,28,129690,45
p002883,r0020,12,2.3500000000000001,0.5,-60.23781780511451,59.836915440276748,0.24954881758111896,29,129735,45
p002884,r0011,18,1.6499999999999999,0.78000000000000003,-61.565113856833278,68.237340360660284,-33.458573928984706,26,129780,45
p002885,r0024,26,3.0499999999999998,0.22,-73.68552342180692,63.143971081953367,32.591482291126098,40,129825,45
p002886,r0015,18,2.7000000000000002,0.5,-59.765152038778204,59.431320579207203,0.28308427021449917,33,129870,45
p002887,r0006,8,4.0999999999999996,0.78000000000000003,-60.489244614421636,60.003286638883026,-34.430887738694622,39,129915,45
p002888,r0021,8,1.3,0.22,-92.083728423766146,68.787022808891265,33.845457537706636,27,129960,45
p002889,r0019,18,3.75,0.22,-60.108513511503304,59.954353092845565,33.990522439888821,40,130005,45
p002890,r0012,8,2.7000000000000002,0.78000000000000003,-60.242302567404522,60.461674542189463,-34.137427603293851,31,130050,45
p002891,r0027,26,1.3,0.22,-60.209415089584049,60.38576421591997,33.404824768709084,26,130095,45
p002892,r0009,26,1.3,0.78000000000000003,-59.69867170895013,59.619234615623689,-32.99873231754389,26,130140,45
p002893,r0024,12,1.3,0.22,-73.145869285680718,63.479492939588866,32.971913250029559,26,130185,45
p002894,r0016,12,2.7000000000000002,0.22,-59.819172254380142,60.00829099390392,34.096249079281428,36,130230,45
p002895,r0021,26,1.3,0.22,-79.349830074952109,66.180528618490342,34.613849705933006,26,130275,45
p002896,r0006,12,2.7000000000000002,0.22,-59.554506347230287,60.341239419398363,33.514175350740061,35,130320,45
p002897,r0025,12,3.75,0.22,-69.522500412800142,62.895448157407415,33.313499471961748,40,130365,45
p002898,r0021,8,2,0.78000000000000003,-60.71291015539741,60.488528564067856,-33.598593637115052,28,130410,45
p002899,r0001,8,2.3500000000000001,0.5,-59.393173567642428,60.480573080230023,0.99369975629379748,30,130455,45
p002900,r0015,26,2,0.78000000000000003,-60.163243547444182,59.537980330311626,-33.378974294337908,26,130500,45
p002901,r0007,18,2,0.22,-66.113057563165256,61.70854522988212,33.137792615411698,27,130545,45
p002902,r0017,18,2,0.5,-59.890280670743486,60.272099372486544,0.64090935087152867,26,130590,45
p002903,r0002,18,1.3,0.5,-59.32975480401258,60.43462385282092,1.0024345244041697,26,130635,45
p002904,r0027,12,2.3500000000000001,0.5,-59.543989335287989,59.782516151588652,-0.33073659184966858,29,130680,45
p002905,r0011,8,3.3999999999999999,0.78000000000000003,-59.859909377283387,60.334573420817989,-33.867123161701087,36,130725,45
p002906,r0019,26,3.3999999999999999,0.5,-59.992353643354562,59.733768974848232,-0.57929233425316506,40,130770,45
p002907,r0024,8,2.7000000000000002,0.5,-59.884435652823854,59.704938387922667,0.36025136754940662,32,130815,45
p002908,r0027,12,1.3,0.22,-60.232384292238734,59.746402927506743,32.901069739162736,26,130860,45
p002909,r0013,12,1.6499999999999999,0.78000000000000003,-60.421895793302511,59.760114500922334,-34.43185352857305,26,130905,45
p002910,r0016,8,3.0499999999999998,0.78000000000000003,-59.834941287402089,60.797619143898402,-32.845777992515977,35,130950,45
p002911,r0006,8,2.3500000000000001,0.5,-60.346394426564004,60.139402790431262,0.34650418193362925,30,130995,45
p002912,r0013,8,1.6499999999999999,0.78000000000000003,-62.925895028680053,70.129277372146987,-34.103757100498115,27,131040,45
p002913,r0001,18,2.7000000000000002,0.78000000000000003,-71.521861702632378,99.56131163997388,-34.333563567259006,32,131085,45
p002914,r0025,12,2.3500000000000001,0.78000000000000003,-69.646429460748493,95.464123706882816,-32.872107763869607,29,131130,45
p002915,r0006,26,2,0.22,-60.274875109416215,60.345991594835212,33.359400919899898,26,131175,45
p002916,r0013,8,2.7000000000000002,0.5,-60.22125868455597,60.231569998073788,-0.44484434324109118,33,131220,45
p002917,r0021,26,1.3,0.78000000000000003,-60.027521418237725,59.767419949296297,-33.222634317380241,26,131265,45
p002918,r0018,12,4.0999999999999996,0.5,-59.968129161477904,59.905323212326678,-0.48140297457561304,40,131310,45
p002919,r0009,8,2,0.78000000000000003,-60.209417677699477,60.701934255193308,-34.058920252463068,28,131355,45
p002920,r0024,18,4.0999999999999996,0.22,-60.132513348436675,59.145030011259891,32.453970472126642,40,131400,45
p002921,r0024,26,2.3500000000000001,0.5,-59.978919348589997,60.372011207832813,0.64654592962140778,27,131445,45
p002922,r0025,18,4.0999999999999996,0.22,-60.049699868266885,60.346273055621168,34.309159012365797,40,131490,45
p002923,r0008,18,3.75,0.22,-60.408057568681059,60.456339242562372,34.316171944088822,40,131535,45
p002924,r0025,18,1.3,0.22,-60.012424859518561,60.101577236925991,34.126496775708191,26,131580,45
p002925,r0022,26,2.7000000000000002,0.22,-60.178976553104278,59.770062952674877,32.931274261403459,38,131625,45
p002926,r0004,12,2.7000000000000002,0.78000000000000003,-59.935752645971561,60.642333024852647,-33.858573798390239,32,131670,45
p002927,r0005,18,2.3500000000000001,0.22,-59.661367108996643,59.431697467841872,32.781223260937395,29,131715,45
p002928,r0025,12,2,0.22,-60.258430994075439,59.946872891035838,33.051706036311359,28,131760,45
p002929,r0022,8,3.75,0.5,-58.991902532654578,59.827022492545879,0.86755997994565059,39,131805,45
p002930,r0021,12,1.3,0.78000000000000003,-70.99709540540664,97.424593926073214,-34.394323752481071,26,131850,45
p002931,r0018,18,2,0.78000000000000003,-60.55467973678001,59.810726727456753,-34.524290314647928,26,131895,45
p002932,r0011,8,1.6499999999999999,0.5,-60.411438114455862,59.590903139664633,0.039732512604385317,28,131940,45
p002933,r0014,12,3.75,0.78000000000000003,-60.610453406756079,60.197513536244116,-34.482700679296045,39,131985,45
p002934,r0016,12,2.3500000000000001,0.5,-59.503218522101825,59.996031032246641,-0.20359374492759202,30,132030,45
p002935,r0017,26,3.75,0.78000000000000003,-59.538430764890954,60.594138732366822,-32.659265475494244,40,132075,45
p002936,r0020,8,4.0999999999999996,0.78000000000000003,-59.709431270830422,60.261582504875449,-32.865808240175127,39,132120,45
p002937,r0020,26,1.3,0.5,-59.204610356342783,59.775575572360083,-0.16451739199135035,26,132165,45
p002938,r0027,18,2.3500000000000001,0.22,-60.365251959529282,59.766358467014008,33.787404173174487,28,132210,45
p002939,r0012,8,3.0499999999999998,0.22,-59.775772453984587,59.730920001715035,33.889447661461119,36,132255,45
p002940,r0007,8,4.0999999999999996,0.5,-60.085924023569483,60.453460921181637,0.6337684488060773,39,132300,45
p002941,r0007,8,3.0499999999999998,0.22,-68.169622027480358,61.361444522903838,32.414609881819317,36,132345,45
p002942,r0018,18,1.3,0.22,-67.023313524052853,61.872041247913657,33.06506319808102,26,132390,45
p002943,r0008,18,1.3,0.5,-59.830226709756282,60.009751569501994,-0.36023757012714414,26,132435,45
p002944,r0010,18,2.3500000000000001,0.22,-59.962733620781151,59.968075570402561,33.133297548342142,28,132480,45
p002945,r0018,12,2,0.22,-59.696858700950919,60.202204596343243,33.374410670938524,28,132525,45
p002946,r0014,8,4.0999999999999996,0.22,-60.892032273992754,60.448633985655263,33.303687408532696,40,132570,45
p002947,r0001,8,4.0999999999999996,0.22,-66.435965629214451,61.948639976871902,33.254026743532904,39,132615,45
p002948,r0018,18,3.3999999999999999,0.5,-60.251324880391948,59.986342876716591,-0.58249100183767832,39,132660,45
p002949,r0006,12,3.3999999999999999,0.22,-85.549123942637834,66.922040138798479,33.82838404088249,39,132705,45
p002950,r0000,8,3.3999999999999999,0.5,-60.484220877057162,59.962248058804427,-0.71098640912636735,37,132750,45
p002951,r0019,12,1.3,0.22,-59.915281162758973,59.815466582330018,33.024702078410442,26,132795,45
p002952,r0017,12,2.7000000000000002,0.78000000000000003,-59.373425408684071,60.39171618500167,-32.575094258073207,32,132840,45
p002953,r0021,26,1.6499999999999999,0.22,-59.95193733725651,60.544399491140013,33.585205388892774,26,132885,45
p002954,r0019,12,3.0499999999999998,0.78000000000000003,-60.546881747314117,59.415553971776099,-34.605145889114276,36,132930,45
p002955,r0019,26,1.3,0.78000000000000003,-60.098849282479549,60.061114422576068,-34.113657267367316,26,132975,45
p002956,r0005,8,1.6499999999999999,0.5,-60.180642803148174,60.301368326916062,0.51036276188394392,27,133020,45
p002957,r0010,12,4.0999999999999996,0.5,-59.5531593082206,60.017457693472764,0.68214919262608187,40,133065,45
p002958,r0018,12,1.3,0.22,-59.628327900074751,59.84949130073862,34.014371076559684,26,133110,45
p002959,r0016,8,2,0.5,-59.557277625699875,60.107337738088923,-0.1749699438054762,28,133155,45
p002960,r0012,26,3.0499999999999998,0.22,-60.563768067461126,60.05462439512381,33.968578053355131,40,133200,45
p002961,r0012,18,2,0.22,-73.519668418955206,63.582712011491566,33.870188316793275,26,133245,45
p002962,r0004,12,2,0.78000000000000003,-59.678491173450951,60.175034980100932,-32.860715419669532,28,133290,45
p002963,r0007,12,2.7000000000000002,0.78000000000000003,-60.160636971381706,60.222377760521596,-33.22637373036298,33,133335,45
p002964,r0017,12,1.3,0.78000000000000003,-60.114810160022714,60.55931162047311,-34.016503368313636,26,133380,45
p002965,r0011,18,3.0499999999999998,0.5,-60.463457322161595,59.852625181322161,-0.75541607041971726,37,133425,45
p002966,r0020,12,2.3500000000000001,0.22,-62.217211663155105,60.484945021801344,33.940470551110927,31,133470,45
p002967,r0008,18,2,0.22,-59.410619622254522,59.645943445563262,33.903499570643348,27,133515,45
p002968,r0012,26,2.3500000000000001,0.5,-59.938239506517121,59.815540878939586,-0.51134931378876725,27,133560,45
p002969,r0014,18,1.3,0.22,-60.076749396212833,59.979331588102866,33.11699377155341,26,133605,45
p002970,r0019,26,4.0999999999999996,0.22,-59.951915997105139,60.160653110057382,34.185887906481625,40,133650,45
p002971,r0004,26,3.3999999999999999,0.5,-59.793570539204289,59.549434917722287,0.32793218925899909,40,133695,45
p002972,r0010,26,1.3,0.5,-59.764526427353836,60.056271989927446,0.59587278128680476,26,133740,45
p002973,r0025,12,4.0999999999999996,0.22,-72.68257261676942,63.869529569563284,34.27806708857009,40,133785,45
p002974,r0001,12,1.3,0.78000000000000003,-63.909358210796626,73.810848153666939,-34.060912810614653,26,133830,45
p002975,r0007,8,2.3500000000000001,0.5,-60.488747306156753,60.240640228382389,0.32594646111281805,31,133875,45
p002976,r0021,12,2,0.5,-59.621852410759821,59.847376138614727,0.56276186392745298,27,133920,45
p002977,r0002,26,3.3999999999999999,0.22,-59.340319184884521,59.601807062628055,33.88453928817529,40,133965,45
p002978,r0021,8,2.7000000000000002,0.5,-60.392656501804773,60.143869445265203,-0.57439352826978474,34,134010,45
p002979,r0010,18,1.6499999999999999,0.22,-64.260597593063721,61.310323257040963,34.134720670017934,26,134055,45
p002980,r0018,12,1.6499999999999999,0.78000000000000003,-59.699845986424606,59.578187810169041,-33.908678551174006,26,134100,45
p002981,r0003,18,4.0999999999999996,0.22,-59.945638236295743,59.915270369522503,33.095870476242482,40,134145,45
p002982,r0003,8,2.7000000000000002,0.22,-59.599938573742826,60.125279870517069,33.335731812779891,33,134190,45
p002983,r0019,12,3.75,0.78000000000000003,-62.778954227804569,70.040036209115414,-33.108776331682179,39,134235,45
p002984,r0014,12,3.0499999999999998,0.5,-60.068865743353641,60.076965971479083,-0.44594988593727863,36,134280,45
p002985,r0020,18,3.3999999999999999,0.78000000000000003,-59.834884833479876,59.801251697130184,-33.964934796745666,39,134325,45
p002986,r0015,26,2,0.22,-59.692253017030438,59.933198342551819,33.16559904344372,26,134370,45
p002987,r0025,12,1.6499999999999999,0.78000000000000003,-60.415019758886253,59.881256593043375,-34.399838961461739,26,134415,45
p002988,r0000,12,1.6499999999999999,0.5,-60.063984205738976,59.975445279340093,-0.49426946319944137,26,134460,45
p002989,r0020,26,2.7000000000000002,0.78000000000000003,-59.722554413566002,59.876568136352212,-32.960747452583995,32,134505,45
p002990,r0025,26,1.6499999999999999,0.5,-60.235270534812031,59.602987051690548,-0.76614174156074166,26,134550,45
p002991,r0012,8,3.3999999999999999,0.22,-71.552272030343858,63.477655258879082,33.321071255250033,37,134595,45
p002992,r0006,12,1.6499999999999999,0.78000000000000003,-60.029386533151538,60.454822320499538,-33.072860585348302,26,134640,45
p002993,r0023,18,2.3500000000000001,0.5,-60.143033114495566,60.01950599106506,-0.51176356171525295,27,134685,45
p002994,r0024,26,2,0.78000000000000003,-59.907891222395804,60.197124521393185,-33.034787758762228,26,134730,45
p002995,r0004,18,3.3999999999999999,0.22,-96.693607911634885,70.613821839173127,34.256187293995367,40,134775,45
p002996,r0013,26,2.7000000000000002,0.5,-60.382050263325397,59.559923629992824,-0.86106331666628644,31,134820,45
p002997,r0017,18,3.0499999999999998,0.78000000000000003,-59.774702261824416,59.787280083996656,-33.021066145743781,37,134865,45
p002998,r0020,12,1.6499999999999999,0.5,-59.863633338395275,59.838150749301192,0.43725870545295892,26,134910,45
p002999,r0022,12,3.3999999999999999,0.22,-59.842869617938476,60.378319818368944,34.379658142381317,39,134955,45
p003000,r0005,8,3.0499999999999998,0.5,-59.372354277500662,59.780954184059922,0.65429995327963009,34,135000,45
p003001,r0006,12,1.3,0.78000000000000003,-62.282495658734504,69.713054436937824,-33.693474637686606,26,135045,45
p003002,r0011,12,4.0999999999999996,0.5,-60.117013620165224,60.146035177189773,-0.43548922148772534,40,135090,45
p003003,r0014,26,3.3999999999999999,0.5,-59.307714714523527,60.389482746272009,0.09088401587424072,40,135135,45
p003004,r0002,26,2.7000000000000002,0.5,-60.089403702196407,60.93571964124375,-0.026842030476328216,31,135180,45
p003005,r0017,18,2.7000000000000002,0.78000000000000003,-59.90637998884371,60.337114009385282,-33.902811309233336,32,135225,45
p003006,r0013,18,3.75,0.78000000000000003,-60.244539306014673,60.070256513528044,-34.225284225715292,40,135270,45
p003007,r0006,18,2.7000000000000002,0.78000000000000003,-59.746184863566469,60.133735405412096,-33.822602404391191,31,135315,45
p003008,r0020,8,2,0.5,-59.915715586542596,59.712650536357707,-0.55153252509244477,29,135360,45
p003009,r0023,26,3.3999999999999999,0.78000000000000003,-60.512922598926536,59.548099415389281,-34.549497755777075,40,135405,45
p003010,r0005,18,3.3999999999999999,0.22,-59.692540065091009,60.243638777117411,33.407679431831554,40,135450,45
p003011,r0013,26,1.3,0.5,-60.149333772050831,59.785732898166053,-0.63180043694238885,26,135495,45
p003012,r0011,12,1.3,0.5,-60.571414484026164,59.499580217336799,-0.085917133344682373,26,135540,45
p003013,r0004,8,1.3,0.22,-59.931462524379825,60.499810639022513,34.454930543073999,27,135585,45
p003014,r0003,12,3.75,0.78000000000000003,-59.482494998304006,60.201925551220093,-33.601922477408714,39,135630,45
p003015,r0012,12,3.3999999999999999,0.78000000000000003,-62.943000927862627,69.080834596373322,-34.347757112530729,37,135675,45
p003016,r0001,12,2.7000000000000002,0.22,-75.168785785997329,64.032285687741364,33.858049963518852,34,135720,45
p003017,r0000,8,1.3,0.78000000000000003,-59.811570526404942,59.616065711861133,-33.987490553986412,27,135765,45
p003018,r0026,26,3.0499999999999998,0.22,-59.096026372363767,59.87379890947895,33.25043734747355,39,135810,45
p003019,r0026,18,1.3,0.22,-60.142665943010321,60.160652343460917,34.143922320437248,26,135855,45
p003020,r0014,18,2.3500000000000001,0.22,-59.836828629888785,60.238912590208159,34.272249521786833,29,135900,45
p003021,r0001,12,2,0.22,-71.816862660242435,63.632701696617971,34.283797538108686,28,135945,45
p003022,r0027,12,3.75,0.78000000000000003,-60.079846322736017,59.827293789832261,-34.150275497971002,39,135990,45
p003023,r0001,8,2.3500000000000001,0.78000000000000003,-66.648128829558686,84.827026102724858,-33.773594744456318,29,136035,45
