length,sequence_id,target_mask,observed_mask,count
0,s000,5,5,2242
0,s000,5,4,75
0,s000,5,7,21
0,s000,5,6,1
0,s000,5,1,61
0,s000,5,0,1
0,s000,5,13,24
0,s000,5,9,1
0,s000,5,21,57
0,s000,5,20,3
0,s000,5,29,1
0,s000,5,37,50
0,s000,5,36,2
0,s000,5,33,2
0,s000,5,32,1
0,s000,5,53,2
0,s001,36,36,2129
0,s001,36,37,74
0,s001,36,38,26
0,s001,36,32,52
0,s001,36,33,3
0,s001,36,44,19
0,s001,36,52,42
0,s001,36,53,1
0,s001,36,48,1
0,s001,36,4,55
0,s001,36,5,1
0,s001,36,0,2
0,s001,36,20,1
0,s002,20,20,2295
0,s002,20,21,70
0,s002,20,22,27
0,s002,20,16,51
0,s002,20,17,3
0,s002,20,18,2
0,s002,20,28,16
0,s002,20,30,1
0,s002,20,4,56
0,s002,20,5,1
0,s002,20,0,1
0,s002,20,52,52
0,s002,20,53,2
0,s002,20,54,2
0,s002,20,60,1
0,s002,20,36,1
0,s003,9,9,2176
0,s003,9,8,75
0,s003,9,11,31
0,s003,9,13,51
0,s003,9,12,1
0,s003,9,15,1
0,s003,9,1,25
0,s003,9,0,2
0,s003,9,5,1
0,s003,9,25,46
0,s003,9,24,3
0,s003,9,29,2
0,s003,9,41,31
0,s003,9,40,1
0,s003,9,43,1
0,s004,53,53,2165
0,s004,53,52,67
0,s004,53,55,25
0,s004,53,54,1
0,s004,53,49,47
0,s004,53,48,5
0,s004,53,51,1
0,s004,53,61,18
0,s004,53,60,1
0,s004,53,37,62
0,s004,53,36,3
0,s004,53,21,44
0,s004,53,20,1
0,s004,53,17,2
0,s004,53,25,1
0,s005,16,16,2329
0,s005,16,17,89
0,s005,16,18,26
0,s005,16,20,58
0,s005,16,21,2
0,s005,16,24,27
0,s005,16,25,1
0,s005,16,0,49
0,s005,16,1,3
0,s005,16,2,1
0,s005,16,4,4
0,s005,16,48,49
0,s005,16,49,2
0,s005,16,50,2
0,s005,16,52,2
0,s005,16,32,1
0,s006,9,9,2188
0,s006,9,8,89
0,s006,9,11,27
0,s006,9,10,2
0,s006,9,13,49
0,s006,9,12,2
0,s006,9,15,1
0,s006,9,1,24
0,s006,9,0,1
0,s006,9,25,59
0,s006,9,24,1
0,s006,9,27,1
0,s006,9,41,39
0,s006,9,40,1
0,s006,9,43,1
0,s007,56,56,2320
0,s007,56,57,76
0,s007,56,58,29
0,s007,56,59,1
0,s007,56,60,57
0,s007,56,61,1
0,s007,56,48,31
0,s007,56,49,1
0,s007,56,52,1
0,s007,56,40,46
0,s007,56,41,3
0,s007,56,42,1
0,s007,56,44,1
0,s007,56,24,57
0,s007,56,28,1
0,s007,56,16,1
0,s007,56,20,1
0,s007,56,12,1
0,s008,61,61,2143
0,s008,61,60,89
0,s008,61,63,34
0,s008,61,57,45
0,s008,61,56,1
0,s008,61,53,26
0,s008,61,52,1
0,s008,61,49,1
0,s008,61,45,51
0,s008,61,44,4
0,s008,61,47,2
0,s008,61,41,2
0,s008,61,29,48
0,s008,61,28,1
0,s008,61,31,1
0,s009,4,4,2222
0,s009,4,5,77
0,s009,4,6,33
0,s009,4,0,62
0,s009,4,12,25
0,s009,4,8,1
0,s009,4,20,52
0,s009,4,21,2
0,s009,4,22,5
0,s009,4,16,3
0,s009,4,36,47
0,s009,4,37,1
0,s010,26,26,2101
0,s010,26,27,84
0,s010,26,24,21
0,s010,26,25,3
0,s010,26,30,58
0,s010,26,28,1
0,s010,26,18,20
0,s010,26,10,44
0,s010,26,11,3
0,s010,26,9,1
0,s010,26,14,3
0,s010,26,58,55
0,s010,26,59,1
0,s010,26,62,1
0,s010,26,50,2
0,s010,26,51,1
0,s010,26,42,1
0,s011,51,51,2180
0,s011,51,50,84
0,s011,51,49,30
0,s011,51,48,2
0,s011,51,55,46
0,s011,51,53,1
0,s011,51,59,23
0,s011,51,63,2
0,s011,51,35,41
0,s011,51,34,2
0,s011,51,39,3
0,s011,51,43,1
0,s011,51,19,57
0,s011,51,18,1
0,s011,51,23,1
0,s012,53,53,2179
0,s012,53,52,75
0,s012,53,55,27
0,s012,53,49,37
0,s012,53,48,1
0,s012,53,51,1
0,s012,53,61,11
0,s012,53,57,1
0,s012,53,59,1
0,s012,53,37,57
0,s012,53,36,3
0,s012,53,39,1
0,s012,53,33,1
0,s012,53,21,49
0,s012,53,17,1
0,s012,53,29,1
0,s012,53,5,2
0,s013,42,42,2141
0,s013,42,43,74
0,s013,42,40,36
0,s013,42,46,50
0,s013,42,47,1
0,s013,42,44,1
0,s013,42,34,18
0,s013,42,35,1
0,s013,42,33,1
0,s013,42,58,40
0,s013,42,62,1
0,s013,42,10,33
0,s013,42,11,3
0,s013,42,2,1
0,s013,42,26,1
0,s014,32,32,2282
0,s014,32,33,73
0,s014,32,34,34
0,s014,32,35,2
0,s014,32,36,51
0,s014,32,37,1
0,s014,32,40,17
0,s014,32,48,57
0,s014,32,49,3
0,s014,32,52,2
0,s014,32,0,53
0,s014,32,4,2
0,s014,32,8,3
0,s014,32,9,1
0,s014,32,12,1
0,s014,32,16,1
0,s015,62,62,2190
0,s015,62,63,68
0,s015,62,60,32
0,s015,62,58,47
0,s015,62,59,1
0,s015,62,56,1
0,s015,62,54,29
0,s015,62,55,1
0,s015,62,52,2
0,s015,62,46,46
0,s015,62,44,1
0,s015,62,38,1
0,s015,62,30,37
0,s015,62,31,3
0,s015,62,26,2
0,s016,18,18,2230
0,s016,18,19,83
0,s016,18,16,27
0,s016,18,22,50
0,s016,18,23,5
0,s016,18,20,2
0,s016,18,26,28
0,s016,18,27,1
0,s016,18,24,1
0,s016,18,2,52
0,s016,18,3,2
0,s016,18,6,3
0,s016,18,50,42
0,s016,18,51,1
0,s016,18,54,3
0,s017,21,21,2137
0,s017,21,20,52
0,s017,21,23,18
0,s017,21,22,1
0,s017,21,17,36
0,s017,21,16,1
0,s017,21,29,20
0,s017,21,28,1
0,s017,21,31,1
0,s017,21,5,41
0,s017,21,7,1
0,s017,21,1,1
0,s017,21,13,2
0,s017,21,53,46
0,s017,21,52,1
0,s017,21,49,2
0,s017,21,61,2
0,s018,6,6,2196
0,s018,6,7,70
0,s018,6,4,25
0,s018,6,5,1
0,s018,6,2,44
0,s018,6,3,3
0,s018,6,14,18
0,s018,6,15,1
0,s018,6,12,1
0,s018,6,22,43
0,s018,6,20,1
0,s018,6,18,2
0,s018,6,30,1
0,s018,6,38,39
0,s018,6,39,4
0,s018,6,54,1
0,s019,59,59,2083
0,s019,59,58,77
0,s019,59,57,16
0,s019,59,56,1
0,s019,59,63,53
0,s019,59,62,2
0,s019,59,61,3
0,s019,59,51,16
0,s019,59,50,1
0,s019,59,49,1
0,s019,59,55,1
0,s019,59,43,41
0,s019,59,42,3
0,s019,59,41,1
0,s019,59,47,4
0,s019,59,27,46
0,s019,59,26,2
0,s019,59,24,1
0,s019,59,31,2
0,s019,59,19,1
0,s019,59,11,1
0,s020,42,42,2148
0,s020,42,43,80
0,s020,42,40,34
0,s020,42,41,1
0,s020,42,46,58
0,s020,42,47,2
0,s020,42,44,1
0,s020,42,34,29
0,s020,42,32,1
0,s020,42,58,48
0,s020,42,56,1
0,s020,42,62,2
0,s020,42,10,56
0,s020,42,11,3
0,s020,42,8,1
0,s020,42,26,1
0,s021,52,52,2242
0,s021,52,53,55
0,s021,52,54,23
0,s021,52,48,53
0,s021,52,49,2
0,s021,52,50,1
0,s021,52,60,24
0,s021,52,61,3
0,s021,52,36,44
0,s021,52,37,1
0,s021,52,32,2
0,s021,52,20,48
0,s021,52,21,1
0,s021,52,4,1
0,s022,12,12,2060
0,s022,12,13,72
0,s022,12,14,30
0,s022,12,8,55
0,s022,12,9,2
0,s022,12,10,2
0,s022,12,4,24
0,s022,12,5,1
0,s022,12,6,2
0,s022,12,28,48
0,s022,12,29,1
0,s022,12,24,2
0,s022,12,44,51
0,s023,52,52,2090
0,s023,52,53,78
0,s023,52,54,23
0,s023,52,48,54
0,s023,52,49,2
0,s023,52,50,1
0,s023,52,60,21
0,s023,52,61,1
0,s023,52,56,1
0,s023,52,36,38
0,s023,52,37,1
0,s023,52,38,2
0,s023,52,32,1
0,s023,52,20,44
0,s023,52,21,2
0,s023,52,16,1
0,s023,52,29,1
0,s023,52,4,1
0,s024,63,63,2260
0,s024,63,62,79
0,s024,63,61,25
0,s024,63,59,54
0,s024,63,58,3
0,s024,63,57,1
0,s024,63,55,27
0,s024,63,53,1
0,s024,63,47,50
0,s024,63,46,1
0,s024,63,45,1
0,s024,63,43,1
0,s024,63,31,49
0,s024,63,30,1
0,s024,63,27,1
0,s025,53,53,2217
0,s025,53,52,61
0,s025,53,55,23
0,s025,53,54,1
0,s025,53,49,48
0,s025,53,48,1
0,s025,53,51,1
0,s025,53,61,31
0,s025,53,57,1
0,s025,53,37,47
0,s025,53,36,2
0,s025,53,33,1
0,s025,53,45,1
0,s025,53,21,65
0,s025,53,17,1
0,s025,53,29,1
0,s026,23,23,2110
0,s026,23,22,78
0,s026,23,21,28
0,s026,23,19,62
0,s026,23,18,1
0,s026,23,17,1
0,s026,23,31,21
0,s026,23,30,2
0,s026,23,27,1
0,s026,23,7,30
0,s026,23,6,1
0,s026,23,5,2
0,s026,23,3,1
0,s026,23,55,41
0,s026,23,54,1
0,s026,23,51,2
0,s026,23,39,3
0,s027,61,61,2194
0,s027,61,60,72
0,s027,61,63,24
0,s027,61,62,1
0,s027,61,57,41
0,s027,61,56,1
0,s027,61,59,1
0,s027,61,53,26
0,s027,61,49,1
0,s027,61,45,35
0,s027,61,47,1
0,s027,61,29,55
0,s027,61,28,1
0,s027,61,31,1
0,s027,61,25,1
0,s027,61,13,3
0,s028,43,43,2347
0,s028,43,42,78
0,s028,43,41,20
0,s028,43,47,49
0,s028,43,45,1
0,s028,43,35,23
0,s028,43,34,1
0,s028,43,59,38
0,s028,43,58,4
0,s028,43,63,1
0,s028,43,11,48
0,s028,43,10,2
0,s028,43,9,1
0,s028,43,3,2
0,s028,43,2,1
0,s029,37,37,2294
0,s029,37,36,77
0,s029,37,39,22
0,s029,37,33,66
0,s029,37,32,2
0,s029,37,45,20
0,s029,37,53,51
0,s029,37,52,3
0,s029,37,61,1
0,s029,37,5,39
0,s029,37,4,2
0,s029,37,1,3
0,s030,41,41,2145
0,s030,41,40,81
0,s030,41,43,25
0,s030,41,45,49
0,s030,41,44,1
0,s030,41,47,1
0,s030,41,33,24
0,s030,41,57,49
0,s030,41,56,1
0,s030,41,61,2
0,s030,41,49,1
0,s030,41,9,46
0,s030,41,8,1
0,s030,41,11,2
0,s030,41,13,1
0,s030,41,25,2
0,s030,41,29,1
0,s031,16,16,2190
0,s031,16,17,70
0,s031,16,18,32
0,s031,16,19,2
0,s031,16,20,52
0,s031,16,21,2
0,s031,16,24,21
0,s031,16,25,1
0,s031,16,0,50
0,s031,16,1,1
0,s031,16,2,2
0,s031,16,4,1
0,s031,16,8,1
0,s031,16,48,37
0,s031,16,49,2
0,s031,16,50,1
0,s031,16,52,1
0,s031,16,56,1
0,s032,37,37,2153
0,s032,37,36,87
0,s032,37,39,22
0,s032,37,38,1
0,s032,37,33,54
0,s032,37,32,2
0,s032,37,45,24
0,s032,37,44,1
0,s032,37,47,1
0,s032,37,41,1
0,s032,37,53,41
0,s032,37,55,1
0,s032,37,49,2
0,s032,37,61,1
0,s032,37,5,44
0,s032,37,4,1
0,s032,37,21,1
0,s033,40,40,2168
0,s033,40,41,68
0,s033,40,42,36
0,s033,40,44,46
0,s033,40,45,1
0,s033,40,32,28
0,s033,40,36,2
0,s033,40,56,45
0,s033,40,57,1
0,s033,40,8,30
0,s033,40,9,2
0,s033,40,10,1
0,s033,40,12,2
0,s033,40,0,1
0,s033,40,24,1
0,s034,57,57,2217
0,s034,57,56,78
0,s034,57,59,39
0,s034,57,58,1
0,s034,57,61,51
0,s034,57,60,4
0,s034,57,63,1
0,s034,57,49,21
0,s034,57,41,44
0,s034,57,40,1
0,s034,57,45,2
0,s034,57,33,1
0,s034,57,25,50
0,s034,57,27,1
0,s034,57,29,1
0,s034,57,9,2
0,s035,0,0,2150
0,s035,0,1,76
0,s035,0,2,24
0,s035,0,3,2
0,s035,0,4,48
0,s035,0,6,1
0,s035,0,8,20
0,s035,0,9,1
0,s035,0,12,1
0,s035,0,16,39
0,s035,0,17,5
0,s035,0,32,51
0,s035,0,36,1
0,s035,0,40,1
0,s035,0,48,3
0,s036,25,25,2112
0,s036,25,24,68
0,s036,25,27,23
0,s036,25,26,1
0,s036,25,29,49
0,s036,25,28,2
0,s036,25,31,1
0,s036,25,17,23
0,s036,25,21,1
0,s036,25,9,36
0,s036,25,8,1
0,s036,25,13,1
0,s036,25,57,55
0,s036,25,56,2
0,s037,10,10,2137
0,s037,10,11,70
0,s037,10,8,30
0,s037,10,9,1
0,s037,10,14,60
0,s037,10,15,2
0,s037,10,2,30
0,s037,10,3,1
0,s037,10,26,47
0,s037,10,27,1
0,s037,10,30,2
0,s037,10,18,1
0,s037,10,42,47
0,s037,10,43,1
0,s037,10,40,1
0,s037,10,46,2
0,s037,10,58,2
1,s000,63,63,1608
1,s000,63,62,118
1,s000,63,61,58
1,s000,63,60,6
1,s000,63,59,106
1,s000,63,58,9
1,s000,63,57,7
1,s000,63,56,3
1,s000,63,55,82
1,s000,63,54,10
1,s000,63,53,3
1,s000,63,52,1
1,s000,63,51,8
1,s000,63,49,1
1,s000,63,47,112
1,s000,63,46,7
1,s000,63,45,12
1,s000,63,44,2
1,s000,63,43,7
1,s000,63,42,1
1,s000,63,39,7
1,s000,63,37,2
1,s000,63,36,1
1,s000,63,35,1
1,s000,63,31,122
1,s000,63,30,28
1,s000,63,29,8
1,s000,63,28,1
1,s000,63,27,4
1,s000,63,26,3
1,s000,63,25,1
1,s000,63,23,10
1,s000,63,22,3
1,s000,63,19,1
1,s000,63,15,13
1,s000,63,14,1
1,s000,63,11,1
1,s001,38,38,1793
1,s001,38,39,146
1,s001,38,36,95
1,s001,38,37,5
1,s001,38,34,140
1,s001,38,35,9
1,s001,38,32,6
1,s001,38,46,79
1,s001,38,47,12
1,s001,38,44,2
1,s001,38,42,8
1,s001,38,54,124
1,s001,38,55,6
1,s001,38,52,7
1,s001,38,53,1
1,s001,38,50,6
1,s001,38,51,1
1,s001,38,48,1
1,s001,38,49,1
1,s001,38,62,6
1,s001,38,63,1
1,s001,38,6,128
1,s001,38,7,20
1,s001,38,4,6
1,s001,38,5,1
1,s001,38,2,7
1,s001,38,3,1
1,s001,38,14,8
1,s001,38,15,3
1,s001,38,10,1
1,s001,38,22,13
1,s001,38,23,2
1,s001,38,20,2
1,s001,38,18,3
1,s001,38,29,1
1,s002,14,14,1579
1,s002,14,15,130
1,s002,14,12,100
1,s002,14,13,4
1,s002,14,10,118
1,s002,14,11,9
1,s002,14,8,9
1,s002,14,9,1
1,s002,14,6,80
1,s002,14,7,14
1,s002,14,4,3
1,s002,14,5,1
1,s002,14,2,8
1,s002,14,30,126
1,s002,14,31,12
1,s002,14,28,16
1,s002,14,29,2
1,s002,14,26,7
1,s002,14,27,3
1,s002,14,24,2
1,s002,14,25,1
1,s002,14,22,4
1,s002,14,20,1
1,s002,14,46,125
1,s002,14,47,23
1,s002,14,44,6
1,s002,14,45,1
1,s002,14,42,10
1,s002,14,43,1
1,s002,14,38,5
1,s002,14,39,2
1,s002,14,62,10
1,s002,14,60,1
1,s002,14,61,1
1,s002,14,58,2
1,s002,14,54,1
1,s002,14,52,1
1,s003,32,32,1694
1,s003,32,33,120
1,s003,32,34,81
1,s003,32,35,7
1,s003,32,36,132
1,s003,32,37,15
1,s003,32,38,5
1,s003,32,39,1
1,s003,32,40,92
1,s003,32,41,14
1,s003,32,42,8
1,s003,32,44,7
1,s003,32,45,1
1,s003,32,48,107
1,s003,32,49,7
1,s003,32,50,12
1,s003,32,51,1
1,s003,32,52,12
1,s003,32,54,1
1,s003,32,56,7
1,s003,32,60,1
1,s003,32,62,1
1,s003,32,0,133
1,s003,32,1,13
1,s003,32,2,8
1,s003,32,4,8
1,s003,32,5,1
1,s003,32,8,9
1,s003,32,9,2
1,s003,32,13,1
1,s003,32,16,8
1,s003,32,17,1
1,s003,32,18,3
1,s003,32,19,1
1,s003,32,20,1
1,s003,32,21,1
1,s004,20,20,1785
1,s004,20,21,137
1,s004,20,22,88
1,s004,20,23,6
1,s004,20,16,134
1,s004,20,17,11
1,s004,20,18,13
1,s004,20,19,1
1,s004,20,28,94
1,s004,20,29,11
1,s004,20,30,8
1,s004,20,31,4
1,s004,20,24,3
1,s004,20,26,1
1,s004,20,4,119
1,s004,20,5,10
1,s004,20,6,16
1,s004,20,7,2
1,s004,20,0,5
1,s004,20,2,1
1,s004,20,12,2
1,s004,20,8,1
1,s004,20,52,132
1,s004,20,53,13
1,s004,20,54,2
1,s004,20,55,1
1,s004,20,48,8
1,s004,20,49,1
1,s004,20,50,2
1,s004,20,60,5
1,s004,20,61,6
1,s004,20,36,10
1,s004,20,38,5
1,s004,20,33,1
1,s004,20,45,1
1,s005,49,49,1656
1,s005,49,48,116
1,s005,49,51,89
1,s005,49,50,6
1,s005,49,53,106
1,s005,49,52,8
1,s005,49,55,6
1,s005,49,54,2
1,s005,49,57,70
1,s005,49,56,11
1,s005,49,59,1
1,s005,49,61,7
1,s005,49,33,144
1,s005,49,32,7
1,s005,49,35,12
1,s005,49,34,2
1,s005,49,37,7
1,s005,49,39,2
1,s005,49,41,5
1,s005,49,40,2
1,s005,49,43,2
1,s005,49,42,1
1,s005,49,17,125
1,s005,49,16,23
1,s005,49,19,7
1,s005,49,21,9
1,s005,49,23,1
1,s005,49,22,1
1,s005,49,25,8
1,s005,49,24,4
1,s005,49,27,1
1,s005,49,29,2
1,s005,49,1,15
1,s005,49,0,2
1,s005,49,3,2
1,s005,49,5,1
1,s005,49,4,1
1,s005,49,13,1
1,s006,49,49,1643
1,s006,49,48,94
1,s006,49,51,82
1,s006,49,50,4
1,s006,49,53,114
1,s006,49,52,9
1,s006,49,55,5
1,s006,49,57,86
1,s006,49,56,8
1,s006,49,59,5
1,s006,49,58,1
1,s006,49,61,4
1,s006,49,33,113
1,s006,49,32,10
1,s006,49,35,17
1,s006,49,34,1
1,s006,49,37,11
1,s006,49,36,1
1,s006,49,39,1
1,s006,49,38,1
1,s006,49,41,9
1,s006,49,43,1
1,s006,49,42,1
1,s006,49,45,1
1,s006,49,17,112
1,s006,49,16,18
1,s006,49,19,3
1,s006,49,21,12
1,s006,49,20,1
1,s006,49,25,2
1,s006,49,24,1
1,s006,49,1,7
1,s006,49,0,2
1,s006,49,5,1
1,s007,6,6,1687
1,s007,6,7,121
1,s007,6,4,82
1,s007,6,5,4
1,s007,6,2,125
1,s007,6,3,10
1,s007,6,0,5
1,s007,6,1,1
1,s007,6,14,72
1,s007,6,15,15
1,s007,6,12,3
1,s007,6,13,1
1,s007,6,10,1
1,s007,6,8,2
1,s007,6,22,106
1,s007,6,23,5
1,s007,6,20,16
1,s007,6,21,1
1,s007,6,18,12
1,s007,6,16,1
1,s007,6,30,7
1,s007,6,31,1
1,s007,6,28,1
1,s007,6,26,1
1,s007,6,38,107
1,s007,6,39,19
1,s007,6,36,7
1,s007,6,37,2
1,s007,6,34,6
1,s007,6,35,1
1,s007,6,32,1
1,s007,6,46,9
1,s007,6,47,1
1,s007,6,42,1
1,s007,6,54,7
1,s007,6,55,2
1,s007,6,52,1
1,s007,6,50,3
1,s007,6,51,1
1,s008,36,36,1665
1,s008,36,37,119
1,s008,36,38,84
1,s008,36,39,12
1,s008,36,32,115
1,s008,36,33,8
1,s008,36,34,11
1,s008,36,35,2
1,s008,36,44,85
1,s008,36,45,5
1,s008,36,46,4
1,s008,36,47,1
1,s008,36,40,5
1,s008,36,41,1
1,s008,36,52,129
1,s008,36,53,7
1,s008,36,54,13
1,s008,36,55,3
1,s008,36,48,8
1,s008,36,60,6
1,s008,36,4,107
1,s008,36,5,16
1,s008,36,6,3
1,s008,36,7,1
1,s008,36,0,11
1,s008,36,1,1
1,s008,36,12,6
1,s008,36,13,2
1,s008,36,15,1
1,s008,36,20,14
1,s008,36,22,1
1,s009,40,40,1804
1,s009,40,41,116
1,s009,40,42,90
1,s009,40,43,8
1,s009,40,44,141
1,s009,40,45,5
1,s009,40,46,11
1,s009,40,32,92
1,s009,40,33,11
1,s009,40,34,4
1,s009,40,35,1
1,s009,40,36,4
1,s009,40,56,114
1,s009,40,57,10
1,s009,40,58,14
1,s009,40,59,1
1,s009,40,60,5
1,s009,40,62,3
1,s009,40,48,4
1,s009,40,50,2
1,s009,40,8,115
1,s009,40,9,20
1,s009,40,10,4
1,s009,40,11,2
1,s009,40,12,10
1,s009,40,13,2
1,s009,40,14,1
1,s009,40,0,5
1,s009,40,1,2
1,s009,40,4,1
1,s009,40,24,9
1,s009,40,25,2
1,s009,40,26,1
1,s009,40,28,4
1,s009,40,29,1
1,s009,40,18,1
1,s010,50,50,1782
1,s010,50,51,126
1,s010,50,48,73
1,s010,50,49,3
1,s010,50,54,138
1,s010,50,55,4
1,s010,50,52,10
1,s010,50,53,2
1,s010,50,58,85
1,s010,50,59,13
1,s010,50,56,5
1,s010,50,57,2
1,s010,50,62,4
1,s010,50,60,1
1,s010,50,34,129
1,s010,50,35,11
1,s010,50,32,17
1,s010,50,38,6
1,s010,50,39,2
1,s010,50,36,3
1,s010,50,42,8
1,s010,50,40,2
1,s010,50,18,126
1,s010,50,19,23
1,s010,50,16,4
1,s010,50,17,3
1,s010,50,22,11
1,s010,50,23,2
1,s010,50,26,6
1,s010,50,27,2
1,s010,50,30,1
1,s010,50,2,14
1,s010,50,3,1
1,s010,50,6,1
1,s010,50,10,3
1,s011,6,6,1692
1,s011,6,7,115
1,s011,6,4,81
1,s011,6,5,3
1,s011,6,2,128
1,s011,6,3,9
1,s011,6,0,9
1,s011,6,14,96
1,s011,6,15,15
1,s011,6,12,4
1,s011,6,13,1
1,s011,6,10,7
1,s011,6,11,2
1,s011,6,8,1
1,s011,6,22,132
1,s011,6,23,11
1,s011,6,20,22
1,s011,6,21,4
1,s011,6,18,4
1,s011,6,19,1
1,s011,6,17,1
1,s011,6,30,7
1,s011,6,38,112
1,s011,6,39,22
1,s011,6,36,8
1,s011,6,34,9
1,s011,6,35,1
1,s011,6,32,1
1,s011,6,46,4
1,s011,6,47,2
1,s011,6,44,1
1,s011,6,42,1
1,s011,6,54,15
1,s011,6,55,2
1,s011,6,52,2
1,s011,6,50,1
1,s012,55,55,1814
1,s012,55,54,111
1,s012,55,53,72
1,s012,55,52,10
1,s012,55,51,129
1,s012,55,50,13
1,s012,55,49,5
1,s012,55,48,1
1,s012,55,63,86
1,s012,55,62,10
1,s012,55,61,3
1,s012,55,59,7
1,s012,55,57,1
1,s012,55,39,126
1,s012,55,38,11
1,s012,55,37,17
1,s012,55,35,10
1,s012,55,33,2
1,s012,55,47,3
1,s012,55,46,1
1,s012,55,45,2
1,s012,55,44,1
1,s012,55,23,126
1,s012,55,22,21
1,s012,55,21,3
1,s012,55,20,1
1,s012,55,19,12
1,s012,55,18,2
1,s012,55,31,3
1,s012,55,30,1
1,s012,55,7,9
1,s012,55,6,1
1,s012,55,5,2
1,s012,55,4,1
1,s012,55,3,2
1,s012,55,15,1
1,s013,4,4,1752
1,s013,4,5,119
1,s013,4,6,70
1,s013,4,7,5
1,s013,4,0,125
1,s013,4,1,10
1,s013,4,2,2
1,s013,4,3,1
1,s013,4,12,84
1,s013,4,13,12
1,s013,4,14,6
1,s013,4,8,8
1,s013,4,9,2
1,s013,4,10,1
1,s013,4,20,133
1,s013,4,21,8
1,s013,4,22,15
1,s013,4,16,7
1,s013,4,17,3
1,s013,4,18,1
1,s013,4,28,9
1,s013,4,29,2
1,s013,4,36,154
1,s013,4,37,24
1,s013,4,38,7
1,s013,4,39,1
1,s013,4,32,14
1,s013,4,33,1
1,s013,4,44,11
1,s013,4,45,3
1,s013,4,46,2
1,s013,4,40,1
1,s013,4,52,11
1,s013,4,53,2
1,s013,4,54,1
1,s013,4,48,1
1,s013,4,60,1
1,s013,4,61,1
1,s013,4,56,1
1,s014,39,39,1732
1,s014,39,38,128
1,s014,39,37,81
1,s014,39,36,9
1,s014,39,35,133
1,s014,39,34,1
1,s014,39,33,7
1,s014,39,32,1
1,s014,39,47,100
1,s014,39,46,10
1,s014,39,45,2
1,s014,39,43,8
1,s014,39,42,1
1,s014,39,55,127
1,s014,39,54,10
1,s014,39,53,12
1,s014,39,52,3
1,s014,39,51,14
1,s014,39,49,3
1,s014,39,63,5
1,s014,39,61,1
1,s014,39,7,127
1,s014,39,6,20
1,s014,39,5,5
1,s014,39,4,2
1,s014,39,3,12
1,s014,39,1,1
1,s014,39,15,7
1,s014,39,14,2
1,s014,39,13,2
1,s014,39,23,15
1,s014,39,22,2
1,s014,39,21,1
1,s014,39,30,1
1,s015,6,6,1741
1,s015,6,7,125
1,s015,6,4,85
1,s015,6,5,5
1,s015,6,2,141
1,s015,6,3,15
1,s015,6,0,11
1,s015,6,1,2
1,s015,6,14,81
1,s015,6,15,5
1,s015,6,12,5
1,s015,6,13,1
1,s015,6,10,5
1,s015,6,11,2
1,s015,6,22,146
1,s015,6,23,11
1,s015,6,20,14
1,s015,6,21,2
1,s015,6,18,11
1,s015,6,30,6
1,s015,6,31,1
1,s015,6,38,105
1,s015,6,39,15
1,s015,6,36,6
1,s015,6,37,1
1,s015,6,34,7
1,s015,6,35,2
1,s015,6,32,2
1,s015,6,46,11
1,s015,6,47,2
1,s015,6,44,1
1,s015,6,42,1
1,s015,6,54,13
1,s015,6,55,2
1,s015,6,52,1
1,s015,6,50,2
1,s016,62,62,1757
1,s016,62,63,119
1,s016,62,60,90
1,s016,62,61,4
1,s016,62,58,125
1,s016,62,59,11
1,s016,62,56,4
1,s016,62,54,103
1,s016,62,55,7
1,s016,62,52,4
1,s016,62,53,1
1,s016,62,50,9
1,s016,62,48,2
1,s016,62,46,128
1,s016,62,47,9
1,s016,62,44,11
1,s016,62,45,2
1,s016,62,42,12
1,s016,62,40,1
1,s016,62,38,4
1,s016,62,39,1
1,s016,62,36,3
1,s016,62,30,134
1,s016,62,31,24
1,s016,62,28,7
1,s016,62,29,4
1,s016,62,26,7
1,s016,62,27,3
1,s016,62,24,1
1,s016,62,22,3
1,s016,62,23,5
1,s016,62,14,7
1,s016,62,15,1
1,s016,62,12,1
1,s017,52,52,1744
1,s017,52,53,110
1,s017,52,54,92
1,s017,52,55,11
1,s017,52,48,113
1,s017,52,49,12
1,s017,52,50,8
1,s017,52,51,1
1,s017,52,60,84
1,s017,52,61,7
1,s017,52,62,2
1,s017,52,56,2
1,s017,52,57,1
1,s017,52,58,1
1,s017,52,36,122
1,s017,52,37,7
1,s017,52,38,20
1,s017,52,39,4
1,s017,52,32,7
1,s017,52,33,1
1,s017,52,34,1
1,s017,52,44,9
1,s017,52,46,1
1,s017,52,40,1
1,s017,52,43,1
1,s017,52,20,125
1,s017,52,21,17
1,s017,52,22,6
1,s017,52,23,2
1,s017,52,16,11
1,s017,52,18,1
1,s017,52,19,2
1,s017,52,28,5
1,s017,52,29,4
1,s017,52,30,1
1,s017,52,4,7
1,s017,52,5,2
1,s017,52,6,2
1,s017,52,2,1
1,s018,23,23,1781
1,s018,23,22,133
1,s018,23,21,72
1,s018,23,20,10
1,s018,23,19,131
1,s018,23,18,5
1,s018,23,17,6
1,s018,23,31,80
1,s018,23,30,14
1,s018,23,29,3
1,s018,23,27,6
1,s018,23,7,119
1,s018,23,6,10
1,s018,23,5,9
1,s018,23,4,2
1,s018,23,3,6
1,s018,23,2,2
1,s018,23,1,1
1,s018,23,15,5
1,s018,23,13,2
1,s018,23,55,123
1,s018,23,54,24
1,s018,23,53,10
1,s018,23,52,1
1,s018,23,51,11
1,s018,23,50,2
1,s018,23,63,5
1,s018,23,62,1
1,s018,23,61,1
1,s018,23,60,1
1,s018,23,58,1
1,s018,23,39,7
1,s018,23,38,3
1,s018,23,37,1
1,s018,23,35,1
1,s018,23,47,1
1,s019,51,51,1630
1,s019,51,50,126
1,s019,51,49,83
1,s019,51,48,7
1,s019,51,55,119
1,s019,51,54,10
1,s019,51,53,9
1,s019,51,52,2
1,s019,51,59,79
1,s019,51,58,9
1,s019,51,57,5
1,s019,51,56,1
1,s019,51,63,8
1,s019,51,35,107
1,s019,51,34,6
1,s019,51,33,12
1,s019,51,39,13
1,s019,51,37,3
1,s019,51,43,3
1,s019,51,41,1
1,s019,51,19,118
1,s019,51,18,28
1,s019,51,17,2
1,s019,51,16,2
1,s019,51,23,13
1,s019,51,22,2
1,s019,51,27,3
1,s019,51,26,1
1,s019,51,31,1
1,s019,51,3,13
1,s019,51,1,1
1,s019,51,7,3
1,s019,51,10,1
1,s020,31,31,1659
1,s020,31,30,116
1,s020,31,29,62
1,s020,31,28,7
1,s020,31,27,114
1,s020,31,26,10
1,s020,31,25,7
1,s020,31,23,80
1,s020,31,22,9
1,s020,31,21,4
1,s020,31,19,7
1,s020,31,18,1
1,s020,31,15,117
1,s020,31,14,8
1,s020,31,13,12
1,s020,31,12,1
1,s020,31,11,2
1,s020,31,10,1
1,s020,31,9,1
1,s020,31,7,3
1,s020,31,5,1
1,s020,31,63,112
1,s020,31,62,14
1,s020,31,61,4
1,s020,31,59,8
1,s020,31,58,2
1,s020,31,55,7
1,s020,31,50,1
1,s020,31,47,4
1,s020,31,46,1
1,s020,31,45,2
1,s020,31,43,1
1,s020,31,39,1
1,s020,31,38,1
1,s021,52,52,1717
1,s021,52,53,134
1,s021,52,54,81
1,s021,52,55,6
1,s021,52,48,133
1,s021,52,49,11
1,s021,52,50,7
1,s021,52,60,84
1,s021,52,61,9
1,s021,52,56,3
1,s021,52,57,1
1,s021,52,36,119
1,s021,52,37,7
1,s021,52,38,17
1,s021,52,32,13
1,s021,52,33,1
1,s021,52,34,1
1,s021,52,44,7
1,s021,52,45,1
1,s021,52,46,1
1,s021,52,20,120
1,s021,52,21,19
1,s021,52,22,4
1,s021,52,23,1
1,s021,52,16,12
1,s021,52,17,6
1,s021,52,18,1
1,s021,52,28,6
1,s021,52,29,5
1,s021,52,24,1
1,s021,52,4,10
1,s021,52,6,1
1,s021,52,12,1
1,s021,52,8,1
1,s022,31,31,1759
1,s022,31,30,110
1,s022,31,29,89
1,s022,31,28,8
1,s022,31,27,141
1,s022,31,26,10
1,s022,31,25,14
1,s022,31,23,79
1,s022,31,22,8
1,s022,31,21,6
1,s022,31,19,4
1,s022,31,18,1
1,s022,31,15,116
1,s022,31,14,7
1,s022,31,13,12
1,s022,31,12,2
1,s022,31,11,9
1,s022,31,9,1
1,s022,31,7,9
1,s022,31,5,2
1,s022,31,63,131
1,s022,31,62,20
1,s022,31,61,4
1,s022,31,60,1
1,s022,31,59,9
1,s022,31,58,4
1,s022,31,55,5
1,s022,31,52,1
1,s022,31,51,1
1,s022,31,47,12
1,s022,31,45,3
1,s022,31,44,1
1,s022,31,41,1
1,s022,31,39,2
1,s023,27,27,1758
1,s023,27,26,127
1,s023,27,25,85
1,s023,27,24,6
1,s023,27,31,114
1,s023,27,30,8
1,s023,27,29,9
1,s023,27,28,2
1,s023,27,19,88
1,s023,27,18,16
1,s023,27,17,7
1,s023,27,16,1
1,s023,27,23,9
1,s023,27,11,125
1,s023,27,10,5
1,s023,27,9,18
1,s023,27,8,1
1,s023,27,15,7
1,s023,27,13,3
1,s023,27,3,5
1,s023,27,2,1
1,s023,27,7,1
1,s023,27,59,142
1,s023,27,58,22
1,s023,27,57,3
1,s023,27,56,2
1,s023,27,63,12
1,s023,27,51,12
1,s023,27,50,2
1,s023,27,54,1
1,s023,27,43,11
1,s023,27,42,1
1,s023,27,41,2
1,s023,27,40,1
1,s023,27,47,2
1,s023,27,46,1
1,s023,27,35,1
1,s023,27,32,1
1,s024,20,20,1719
1,s024,20,21,110
1,s024,20,22,72
1,s024,20,23,8
1,s024,20,16,114
1,s024,20,17,6
1,s024,20,18,11
1,s024,20,28,74
1,s024,20,29,6
1,s024,20,30,3
1,s024,20,24,5
1,s024,20,4,99
1,s024,20,5,6
1,s024,20,6,10
1,s024,20,7,2
1,s024,20,0,7
1,s024,20,2,2
1,s024,20,12,6
1,s024,20,14,3
1,s024,20,8,1
1,s024,20,52,121
1,s024,20,53,20
1,s024,20,54,6
1,s024,20,48,10
1,s024,20,50,1
1,s024,20,60,4
1,s024,20,61,2
1,s024,20,63,1
1,s024,20,36,15
1,s024,20,37,1
1,s024,20,34,1
1,s024,20,35,1
1,s024,20,46,1
1,s024,20,47,1
1,s025,5,5,1721
1,s025,5,4,147
1,s025,5,7,89
1,s025,5,6,11
1,s025,5,1,126
1,s025,5,0,7
1,s025,5,3,11
1,s025,5,13,96
1,s025,5,12,16
1,s025,5,15,3
1,s025,5,9,5
1,s025,5,11,2
1,s025,5,21,119
1,s025,5,20,8
1,s025,5,23,15
1,s025,5,22,2
1,s025,5,17,3
1,s025,5,19,2
1,s025,5,29,4
1,s025,5,28,1
1,s025,5,25,1
1,s025,5,37,116
1,s025,5,36,20
1,s025,5,39,3
1,s025,5,38,2
1,s025,5,33,6
1,s025,5,32,2
1,s025,5,35,1
1,s025,5,45,7
1,s025,5,44,7
1,s025,5,47,1
1,s025,5,53,14
1,s025,5,52,1
1,s025,5,55,3
1,s025,5,61,1
1,s025,5,60,2
1,s026,18,18,1676
1,s026,18,19,115
1,s026,18,16,93
1,s026,18,17,8
1,s026,18,22,100
1,s026,18,23,13
1,s026,18,20,9
1,s026,18,21,1
1,s026,18,26,75
1,s026,18,27,14
1,s026,18,24,2
1,s026,18,25,1
1,s026,18,30,3
1,s026,18,31,1
1,s026,18,2,126
1,s026,18,3,7
1,s026,18,0,10
1,s026,18,1,2
1,s026,18,6,10
1,s026,18,7,1
1,s026,18,4,1
1,s026,18,10,7
1,s026,18,11,1
1,s026,18,8,1
1,s026,18,50,121
1,s026,18,51,20
1,s026,18,48,6
1,s026,18,54,9
1,s026,18,52,1
1,s026,18,58,5
1,s026,18,59,3
1,s026,18,34,11
1,s026,18,35,6
1,s026,18,32,1
1,s026,18,42,1
1,s026,18,43,1
1,s027,59,59,1635
1,s027,59,58,122
1,s027,59,57,78
1,s027,59,56,10
1,s027,59,63,102
1,s027,59,62,7
1,s027,59,61,4
1,s027,59,60,2
1,s027,59,51,77
1,s027,59,50,12
1,s027,59,49,5
1,s027,59,48,1
1,s027,59,55,5
1,s027,59,54,1
1,s027,59,52,1
1,s027,59,43,122
1,s027,59,42,6
1,s027,59,41,15
1,s027,59,40,1
1,s027,59,47,6
1,s027,59,46,1
1,s027,59,45,1
1,s027,59,35,6
1,s027,59,34,3
1,s027,59,27,120
1,s027,59,26,18
1,s027,59,25,2
1,s027,59,24,3
1,s027,59,31,11
1,s027,59,30,2
1,s027,59,19,3
1,s027,59,18,4
1,s027,59,16,1
1,s027,59,11,9
1,s027,59,9,3
1,s027,59,15,1
1,s028,50,50,1744
1,s028,50,51,114
1,s028,50,48,79
1,s028,50,49,8
1,s028,50,54,137
1,s028,50,55,11
1,s028,50,52,1
1,s028,50,58,78
1,s028,50,59,8
1,s028,50,56,8
1,s028,50,57,1
1,s028,50,62,7
1,s028,50,63,1
1,s028,50,34,129
1,s028,50,35,7
1,s028,50,32,13
1,s028,50,33,1
1,s028,50,38,12
1,s028,50,39,1
1,s028,50,36,1
1,s028,50,42,6
1,s028,50,43,1
1,s028,50,40,1
1,s028,50,18,138
1,s028,50,19,27
1,s028,50,16,5
1,s028,50,17,3
1,s028,50,22,7
1,s028,50,23,2
1,s028,50,21,1
1,s028,50,26,10
1,s028,50,27,3
1,s028,50,30,2
1,s028,50,2,15
1,s028,50,3,1
1,s028,50,0,1
1,s028,50,6,1
1,s029,59,59,1753
1,s029,59,58,115
1,s029,59,57,79
1,s029,59,56,5
1,s029,59,63,121
1,s029,59,62,11
1,s029,59,61,10
1,s029,59,51,103
1,s029,59,50,8
1,s029,59,49,1
1,s029,59,55,6
1,s029,59,54,1
1,s029,59,43,123
1,s029,59,42,12
1,s029,59,41,15
1,s029,59,47,10
1,s029,59,46,2
1,s029,59,45,1
1,s029,59,35,9
1,s029,59,33,1
1,s029,59,32,1
1,s029,59,27,123
1,s029,59,26,26
1,s029,59,25,6
1,s029,59,24,1
1,s029,59,31,7
1,s029,59,29,1
1,s029,59,19,7
1,s029,59,18,1
1,s029,59,11,13
1,s029,59,10,6
1,s029,59,9,1
1,s029,59,8,1
1,s029,59,13,1
1,s029,59,3,2
1,s030,51,51,1599
1,s030,51,50,130
1,s030,51,49,72
1,s030,51,48,7
1,s030,51,55,113
1,s030,51,54,14
1,s030,51,53,9
1,s030,51,52,2
1,s030,51,59,92
1,s030,51,58,13
1,s030,51,57,4
1,s030,51,56,1
1,s030,51,63,5
1,s030,51,62,2
1,s030,51,61,1
1,s030,51,35,117
1,s030,51,34,6
1,s030,51,33,12
1,s030,51,32,1
1,s030,51,39,13
1,s030,51,37,3
1,s030,51,43,6
1,s030,51,41,1
1,s030,51,19,107
1,s030,51,18,14
1,s030,51,17,3
1,s030,51,23,10
1,s030,51,22,1
1,s030,51,21,2
1,s030,51,27,7
1,s030,51,26,4
1,s030,51,3,9
1,s030,51,2,3
1,s030,51,1,4
1,s030,51,6,1
1,s031,47,47,1769
1,s031,47,46,138
1,s031,47,45,87
1,s031,47,44,3
1,s031,47,43,114
1,s031,47,42,8
1,s031,47,41,9
1,s031,47,39,82
1,s031,47,38,12
1,s031,47,37,7
1,s031,47,36,1
1,s031,47,35,6
1,s031,47,34,2
1,s031,47,63,107
1,s031,47,62,5
1,s031,47,61,16
1,s031,47,60,3
1,s031,47,59,8
1,s031,47,55,6
1,s031,47,54,1
1,s031,47,53,3
1,s031,47,51,1
1,s031,47,15,137
1,s031,47,14,19
1,s031,47,13,2
1,s031,47,12,2
1,s031,47,11,14
1,s031,47,7,13
1,s031,47,6,3
1,s031,47,31,13
1,s031,47,30,2
1,s031,47,29,1
1,s031,47,28,2
1,s031,47,27,1
1,s032,8,8,1625
1,s032,8,9,115
1,s032,8,10,82
1,s032,8,11,10
1,s032,8,12,136
1,s032,8,13,6
1,s032,8,14,9
1,s032,8,0,74
1,s032,8,1,8
1,s032,8,2,4
1,s032,8,4,7
1,s032,8,24,100
1,s032,8,25,11
1,s032,8,26,14
1,s032,8,28,9
1,s032,8,29,2
1,s032,8,30,2
1,s032,8,16,4
1,s032,8,17,1
1,s032,8,19,1
1,s032,8,20,1
1,s032,8,40,132
1,s032,8,41,27
1,s032,8,42,7
1,s032,8,43,2
1,s032,8,44,10
1,s032,8,45,4
1,s032,8,46,1
1,s032,8,32,8
1,s032,8,36,1
1,s032,8,56,11
1,s032,8,58,1
1,s032,8,60,1
1,s033,44,44,1654
1,s033,44,45,128
1,s033,44,46,85
1,s033,44,47,3
1,s033,44,40,109
1,s033,44,41,7
1,s033,44,42,8
1,s033,44,36,76
1,s033,44,37,6
1,s033,44,38,1
1,s033,44,32,9
1,s033,44,33,1
1,s033,44,34,1
1,s033,44,60,102
1,s033,44,61,10
1,s033,44,62,10
1,s033,44,63,2
1,s033,44,56,11
1,s033,44,58,3
1,s033,44,52,2
1,s033,44,54,3
1,s033,44,48,1
1,s033,44,12,126
1,s033,44,13,14
1,s033,44,14,4
1,s033,44,15,1
1,s033,44,8,11
1,s033,44,9,6
1,s033,44,10,1
1,s033,44,4,9
1,s033,44,5,2
1,s033,44,7,1
1,s033,44,3,1
1,s033,44,28,4
1,s033,44,29,1
1,s033,44,22,1
1,s034,50,50,1713
1,s034,50,51,105
1,s034,50,48,86
1,s034,50,49,7
1,s034,50,54,115
1,s034,50,55,8
1,s034,50,52,4
1,s034,50,58,93
1,s034,50,59,7
1,s034,50,56,4
1,s034,50,62,4
1,s034,50,63,2
1,s034,50,60,2
1,s034,50,34,132
1,s034,50,35,5
1,s034,50,32,16
1,s034,50,33,1
1,s034,50,38,8
1,s034,50,36,2
1,s034,50,42,6
1,s034,50,40,1
1,s034,50,18,147
1,s034,50,19,25
1,s034,50,16,10
1,s034,50,17,1
1,s034,50,22,13
1,s034,50,23,3
1,s034,50,20,1
1,s034,50,26,6
1,s034,50,27,3
1,s034,50,2,3
1,s034,50,3,2
1,s034,50,0,1
1,s034,50,1,1
1,s034,50,6,1
1,s034,50,10,3
1,s035,23,23,1700
1,s035,23,22,124
1,s035,23,21,99
1,s035,23,20,4
1,s035,23,19,108
1,s035,23,18,10
1,s035,23,17,10
1,s035,23,16,1
1,s035,23,31,89
1,s035,23,30,8
1,s035,23,29,3
1,s035,23,27,6
1,s035,23,7,128
1,s035,23,6,8
1,s035,23,5,11
1,s035,23,4,4
1,s035,23,3,8
1,s035,23,2,1
1,s035,23,1,1
1,s035,23,15,4
1,s035,23,55,124
1,s035,23,54,25
1,s035,23,53,5
1,s035,23,52,1
1,s035,23,51,7
1,s035,23,50,3
1,s035,23,49,1
1,s035,23,63,7
1,s035,23,62,3
1,s035,23,39,14
1,s035,23,38,3
1,s035,23,37,2
1,s035,23,36,1
1,s035,23,35,2
1,s036,26,26,1628
1,s036,26,27,123
1,s036,26,24,77
1,s036,26,25,4
1,s036,26,30,117
1,s036,26,31,3
1,s036,26,28,7
1,s036,26,18,91
1,s036,26,19,7
1,s036,26,16,4
1,s036,26,17,1
1,s036,26,22,6
1,s036,26,10,125
1,s036,26,11,14
1,s036,26,8,13
1,s036,26,14,8
1,s036,26,15,2
1,s036,26,2,10
1,s036,26,3,3
1,s036,26,0,2
1,s036,26,4,1
1,s036,26,58,126
1,s036,26,59,18
1,s036,26,56,6
1,s036,26,57,3
1,s036,26,62,7
1,s036,26,63,3
1,s036,26,50,12
1,s036,26,51,2
1,s036,26,54,1
1,s036,26,42,13
1,s036,26,43,3
1,s036,26,40,1
1,s036,26,41,1
1,s036,26,44,1
1,s036,26,34,1
1,s037,56,56,1725
1,s037,56,57,113
1,s037,56,58,71
1,s037,56,59,4
1,s037,56,60,125
1,s037,56,61,9
1,s037,56,62,7
1,s037,56,48,82
1,s037,56,49,11
1,s037,56,50,5
1,s037,56,52,7
1,s037,56,40,114
1,s037,56,41,8
1,s037,56,42,10
1,s037,56,43,2
1,s037,56,44,14
1,s037,56,46,2
1,s037,56,32,2
1,s037,56,33,2
1,s037,56,35,1
1,s037,56,24,146
1,s037,56,25,16
1,s037,56,26,8
1,s037,56,28,10
1,s037,56,29,1
1,s037,56,16,5
1,s037,56,17,3
1,s037,56,20,1
1,s037,56,8,9
1,s037,56,9,3
1,s037,56,10,3
1,s037,56,12,1
2,s000,55,55,1300
2,s000,55,54,150
2,s000,55,53,118
2,s000,55,52,12
2,s000,55,51,172
2,s000,55,50,13
2,s000,55,49,16
2,s000,55,48,2
2,s000,55,63,105
2,s000,55,62,14
2,s000,55,61,9
2,s000,55,60,2
2,s000,55,59,18
2,s000,55,57,2
2,s000,55,39,165
2,s000,55,38,19
2,s000,55,37,16
2,s000,55,36,6
2,s000,55,35,20
2,s000,55,34,2
2,s000,55,33,9
2,s000,55,32,2
2,s000,55,47,14
2,s000,55,46,1
2,s000,55,45,1
2,s000,55,23,150
2,s000,55,22,31
2,s000,55,21,13
2,s000,55,20,1
2,s000,55,19,20
2,s000,55,18,6
2,s000,55,17,5
2,s000,55,16,2
2,s000,55,31,11
2,s000,55,30,2
2,s000,55,27,1
2,s000,55,26,1
2,s000,55,25,1
2,s000,55,7,20
2,s000,55,6,7
2,s000,55,5,1
2,s000,55,3,1
2,s000,55,2,2
2,s000,55,1,1
2,s000,55,15,4
2,s000,55,13,2
2,s000,55,11,1
2,s001,35,35,1246
2,s001,35,34,117
2,s001,35,33,107
2,s001,35,32,11
2,s001,35,39,155
2,s001,35,38,16
2,s001,35,37,20
2,s001,35,36,1
2,s001,35,43,123
2,s001,35,42,24
2,s001,35,41,12
2,s001,35,40,1
2,s001,35,47,16
2,s001,35,46,2
2,s001,35,45,1
2,s001,35,51,144
2,s001,35,50,19
2,s001,35,49,33
2,s001,35,48,2
2,s001,35,55,14
2,s001,35,54,4
2,s001,35,53,4
2,s001,35,59,14
2,s001,35,57,3
2,s001,35,63,1
2,s001,35,3,145
2,s001,35,2,29
2,s001,35,1,6
2,s001,35,0,3
2,s001,35,7,23
2,s001,35,6,1
2,s001,35,4,1
2,s001,35,11,20
2,s001,35,10,7
2,s001,35,15,2
2,s001,35,14,1
2,s001,35,19,25
2,s001,35,18,4
2,s001,35,17,2
2,s001,35,23,3
2,s001,35,22,1
2,s001,35,21,1
2,s001,35,27,1
2,s001,35,26,1
2,s001,35,25,1
2,s001,35,30,1
2,s002,0,0,1273
2,s002,0,1,117
2,s002,0,2,108
2,s002,0,3,18
2,s002,0,4,131
2,s002,0,5,17
2,s002,0,6,11
2,s002,0,7,1
2,s002,0,8,120
2,s002,0,9,19
2,s002,0,10,10
2,s002,0,11,1
2,s002,0,12,15
2,s002,0,13,2
2,s002,0,16,145
2,s002,0,17,14
2,s002,0,18,27
2,s002,0,19,3
2,s002,0,20,21
2,s002,0,21,1
2,s002,0,22,1
2,s002,0,23,1
2,s002,0,24,11
2,s002,0,25,1
2,s002,0,26,1
2,s002,0,28,2
2,s002,0,32,146
2,s002,0,33,37
2,s002,0,34,5
2,s002,0,35,2
2,s002,0,36,19
2,s002,0,37,7
2,s002,0,38,1
2,s002,0,39,1
2,s002,0,40,14
2,s002,0,41,3
2,s002,0,42,1
2,s002,0,43,1
2,s002,0,44,3
2,s002,0,45,1
2,s002,0,48,21
2,s002,0,49,6
2,s002,0,50,2
2,s002,0,52,2
2,s002,0,56,3
2,s002,0,57,3
2,s002,0,61,1
2,s003,62,62,1226
2,s003,62,63,136
2,s003,62,60,98
2,s003,62,61,16
2,s003,62,58,163
2,s003,62,59,17
2,s003,62,56,16
2,s003,62,54,99
2,s003,62,55,22
2,s003,62,52,18
2,s003,62,53,1
2,s003,62,50,15
2,s003,62,51,5
2,s003,62,48,2
2,s003,62,46,147
2,s003,62,47,16
2,s003,62,44,25
2,s003,62,45,4
2,s003,62,42,21
2,s003,62,43,4
2,s003,62,40,3
2,s003,62,38,14
2,s003,62,39,4
2,s003,62,36,5
2,s003,62,37,1
2,s003,62,34,2
2,s003,62,32,1
2,s003,62,30,141
2,s003,62,31,32
2,s003,62,28,19
2,s003,62,29,5
2,s003,62,26,12
2,s003,62,27,4
2,s003,62,24,3
2,s003,62,22,14
2,s003,62,23,6
2,s003,62,20,3
2,s003,62,21,1
2,s003,62,18,3
2,s003,62,19,2
2,s003,62,14,25
2,s003,62,15,7
2,s003,62,12,8
2,s003,62,10,5
2,s003,62,11,1
2,s003,62,9,1
2,s004,58,58,1267
2,s004,58,59,171
2,s004,58,56,128
2,s004,58,57,9
2,s004,58,62,140
2,s004,58,63,12
2,s004,58,60,16
2,s004,58,61,1
2,s004,58,50,104
2,s004,58,51,26
2,s004,58,48,15
2,s004,58,54,10
2,s004,58,55,4
2,s004,58,53,1
2,s004,58,42,152
2,s004,58,43,20
2,s004,58,40,19
2,s004,58,41,2
2,s004,58,46,23
2,s004,58,47,1
2,s004,58,44,6
2,s004,58,34,19
2,s004,58,35,1
2,s004,58,33,1
2,s004,58,38,1
2,s004,58,36,2
2,s004,58,26,170
2,s004,58,27,27
2,s004,58,24,14
2,s004,58,25,3
2,s004,58,30,21
2,s004,58,31,3
2,s004,58,28,2
2,s004,58,29,1
2,s004,58,18,22
2,s004,58,19,3
2,s004,58,16,2
2,s004,58,17,1
2,s004,58,20,1
2,s004,58,10,28
2,s004,58,11,6
2,s004,58,8,7
2,s004,58,9,2
2,s004,58,14,4
2,s004,58,15,2
2,s004,58,3,1
2,s005,54,54,1347
2,s005,54,55,141
2,s005,54,52,124
2,s005,54,53,17
2,s005,54,50,167
2,s005,54,51,15
2,s005,54,48,15
2,s005,54,49,3
2,s005,54,62,129
2,s005,54,63,23
2,s005,54,60,12
2,s005,54,61,2
2,s005,54,58,15
2,s005,54,59,3
2,s005,54,56,2
2,s005,54,38,142
2,s005,54,39,18
2,s005,54,36,31
2,s005,54,37,5
2,s005,54,34,16
2,s005,54,35,1
2,s005,54,32,2
2,s005,54,46,10
2,s005,54,47,3
2,s005,54,44,4
2,s005,54,45,1
2,s005,54,42,2
2,s005,54,22,184
2,s005,54,23,35
2,s005,54,20,18
2,s005,54,21,9
2,s005,54,18,15
2,s005,54,19,4
2,s005,54,16,3
2,s005,54,30,21
2,s005,54,31,4
2,s005,54,29,2
2,s005,54,26,1
2,s005,54,6,17
2,s005,54,7,4
2,s005,54,4,3
2,s005,54,5,1
2,s005,54,2,4
2,s005,54,0,1
2,s005,54,14,2
2,s006,31,31,1302
2,s006,31,30,130
2,s006,31,29,90
2,s006,31,28,13
2,s006,31,27,144
2,s006,31,26,18
2,s006,31,25,10
2,s006,31,23,93
2,s006,31,22,14
2,s006,31,21,8
2,s006,31,20,3
2,s006,31,19,12
2,s006,31,18,2
2,s006,31,17,3
2,s006,31,15,128
2,s006,31,14,16
2,s006,31,13,24
2,s006,31,12,2
2,s006,31,11,22
2,s006,31,10,2
2,s006,31,9,4
2,s006,31,8,1
2,s006,31,7,11
2,s006,31,6,3
2,s006,31,5,5
2,s006,31,3,1
2,s006,31,1,1
2,s006,31,63,162
2,s006,31,62,40
2,s006,31,61,14
2,s006,31,60,6
2,s006,31,59,21
2,s006,31,58,2
2,s006,31,57,5
2,s006,31,55,13
2,s006,31,54,4
2,s006,31,52,1
2,s006,31,51,1
2,s006,31,50,2
2,s006,31,49,1
2,s006,31,47,20
2,s006,31,46,4
2,s006,31,45,5
2,s006,31,41,1
2,s006,31,39,1
2,s006,31,37,1
2,s007,37,37,1265
2,s007,37,36,143
2,s007,37,39,103
2,s007,37,38,16
2,s007,37,33,169
2,s007,37,32,22
2,s007,37,35,8
2,s007,37,34,4
2,s007,37,45,112
2,s007,37,44,20
2,s007,37,47,6
2,s007,37,46,2
2,s007,37,41,17
2,s007,37,43,2
2,s007,37,53,171
2,s007,37,52,27
2,s007,37,55,23
2,s007,37,54,4
2,s007,37,49,10
2,s007,37,48,2
2,s007,37,51,2
2,s007,37,61,12
2,s007,37,60,2
2,s007,37,63,4
2,s007,37,57,2
2,s007,37,56,2
2,s007,37,5,146
2,s007,37,4,40
2,s007,37,7,14
2,s007,37,6,4
2,s007,37,1,15
2,s007,37,0,3
2,s007,37,3,1
2,s007,37,13,11
2,s007,37,12,1
2,s007,37,15,2
2,s007,37,8,1
2,s007,37,21,21
2,s007,37,20,8
2,s007,37,23,3
2,s007,37,22,2
2,s007,37,17,3
2,s007,37,29,1
2,s007,37,28,2
2,s007,37,31,1
2,s008,0,0,1258
2,s008,0,1,122
2,s008,0,2,105
2,s008,0,3,17
2,s008,0,4,142
2,s008,0,5,24
2,s008,0,6,11
2,s008,0,8,106
2,s008,0,9,10
2,s008,0,10,14
2,s008,0,11,1
2,s008,0,12,11
2,s008,0,13,3
2,s008,0,16,157
2,s008,0,17,26
2,s008,0,18,28
2,s008,0,19,1
2,s008,0,20,17
2,s008,0,21,2
2,s008,0,22,2
2,s008,0,23,1
2,s008,0,24,12
2,s008,0,25,3
2,s008,0,26,5
2,s008,0,27,1
2,s008,0,28,2
2,s008,0,30,1
2,s008,0,32,162
2,s008,0,33,43
2,s008,0,34,13
2,s008,0,35,4
2,s008,0,36,27
2,s008,0,37,7
2,s008,0,38,3
2,s008,0,40,18
2,s008,0,41,5
2,s008,0,42,2
2,s008,0,43,1
2,s008,0,44,1
2,s008,0,46,1
2,s008,0,48,17
2,s008,0,49,7
2,s008,0,50,5
2,s008,0,52,3
2,s008,0,54,1
2,s008,0,57,1
2,s008,0,60,1
2,s009,48,48,1278
2,s009,48,49,143
2,s009,48,50,103
2,s009,48,51,12
2,s009,48,52,156
2,s009,48,53,19
2,s009,48,54,24
2,s009,48,55,6
2,s009,48,56,125
2,s009,48,57,15
2,s009,48,58,3
2,s009,48,60,17
2,s009,48,61,5
2,s009,48,62,2
2,s009,48,32,158
2,s009,48,33,7
2,s009,48,34,36
2,s009,48,35,3
2,s009,48,36,12
2,s009,48,37,1
2,s009,48,38,5
2,s009,48,40,11
2,s009,48,41,3
2,s009,48,42,4
2,s009,48,44,3
2,s009,48,45,1
2,s009,48,16,181
2,s009,48,17,31
2,s009,48,18,11
2,s009,48,19,4
2,s009,48,20,31
2,s009,48,21,7
2,s009,48,22,2
2,s009,48,24,19
2,s009,48,25,5
2,s009,48,26,2
2,s009,48,28,2
2,s009,48,0,20
2,s009,48,1,4
2,s009,48,2,2
2,s009,48,3,1
2,s009,48,4,2
2,s009,48,5,2
2,s009,48,8,3
2,s009,48,10,1
2,s010,59,59,1332
2,s010,59,58,145
2,s010,59,57,105
2,s010,59,56,14
2,s010,59,63,170
2,s010,59,62,17
2,s010,59,61,19
2,s010,59,60,4
2,s010,59,51,130
2,s010,59,50,20
2,s010,59,49,6
2,s010,59,48,1
2,s010,59,55,9
2,s010,59,54,3
2,s010,59,43,154
2,s010,59,42,17
2,s010,59,41,21
2,s010,59,40,6
2,s010,59,47,25
2,s010,59,45,5
2,s010,59,44,3
2,s010,59,35,15
2,s010,59,34,1
2,s010,59,33,2
2,s010,59,39,1
2,s010,59,38,1
2,s010,59,27,190
2,s010,59,26,26
2,s010,59,25,11
2,s010,59,24,4
2,s010,59,31,20
2,s010,59,30,10
2,s010,59,29,1
2,s010,59,19,8
2,s010,59,18,5
2,s010,59,17,2
2,s010,59,23,4
2,s010,59,22,1
2,s010,59,11,17
2,s010,59,10,4
2,s010,59,9,2
2,s010,59,8,1
2,s010,59,15,6
2,s010,59,3,3
2,s010,59,7,1
2,s011,63,63,1365
2,s011,63,62,131
2,s011,63,61,98
2,s011,63,60,6
2,s011,63,59,187
2,s011,63,58,15
2,s011,63,57,14
2,s011,63,56,2
2,s011,63,55,109
2,s011,63,54,25
2,s011,63,53,11
2,s011,63,51,13
2,s011,63,50,2
2,s011,63,49,2
2,s011,63,48,1
2,s011,63,47,153
2,s011,63,46,22
2,s011,63,45,27
2,s011,63,44,1
2,s011,63,43,12
2,s011,63,42,5
2,s011,63,41,6
2,s011,63,40,1
2,s011,63,39,17
2,s011,63,38,2
2,s011,63,37,3
2,s011,63,36,1
2,s011,63,31,159
2,s011,63,30,34
2,s011,63,29,9
2,s011,63,28,3
2,s011,63,27,19
2,s011,63,26,3
2,s011,63,25,2
2,s011,63,23,18
2,s011,63,22,6
2,s011,63,21,3
2,s011,63,20,2
2,s011,63,19,2
2,s011,63,18,1
2,s011,63,15,20
2,s011,63,14,6
2,s011,63,13,2
2,s011,63,11,2
2,s011,63,7,2
2,s011,63,6,1
2,s011,63,5,1
2,s012,0,0,1283
2,s012,0,1,116
2,s012,0,2,122
2,s012,0,3,7
2,s012,0,4,169
2,s012,0,5,16
2,s012,0,6,15
2,s012,0,7,5
2,s012,0,8,107
2,s012,0,9,16
2,s012,0,10,9
2,s012,0,11,2
2,s012,0,12,9
2,s012,0,13,5
2,s012,0,14,5
2,s012,0,16,148
2,s012,0,17,16
2,s012,0,18,28
2,s012,0,19,3
2,s012,0,20,19
2,s012,0,21,1
2,s012,0,22,4
2,s012,0,24,9
2,s012,0,25,3
2,s012,0,26,3
2,s012,0,27,2
2,s012,0,28,1
2,s012,0,32,138
2,s012,0,33,37
2,s012,0,34,13
2,s012,0,35,3
2,s012,0,36,13
2,s012,0,37,4
2,s012,0,39,1
2,s012,0,40,14
2,s012,0,41,7
2,s012,0,42,4
2,s012,0,43,1
2,s012,0,46,1
2,s012,0,48,26
2,s012,0,49,3
2,s012,0,50,1
2,s012,0,51,1
2,s012,0,52,3
2,s012,0,54,1
2,s012,0,56,3
2,s012,0,61,1
2,s013,58,58,1317
2,s013,58,59,149
2,s013,58,56,121
2,s013,58,57,14
2,s013,58,62,165
2,s013,58,63,12
2,s013,58,60,19
2,s013,58,61,2
2,s013,58,50,114
2,s013,58,51,19
2,s013,58,48,10
2,s013,58,49,3
2,s013,58,54,15
2,s013,58,55,2
2,s013,58,52,2
2,s013,58,42,141
2,s013,58,43,20
2,s013,58,40,19
2,s013,58,41,6
2,s013,58,46,22
2,s013,58,47,2
2,s013,58,44,5
2,s013,58,34,15
2,s013,58,35,3
2,s013,58,32,1
2,s013,58,38,1
2,s013,58,36,1
2,s013,58,26,177
2,s013,58,27,40
2,s013,58,24,11
2,s013,58,25,6
2,s013,58,30,25
2,s013,58,31,2
2,s013,58,18,18
2,s013,58,19,6
2,s013,58,17,2
2,s013,58,22,2
2,s013,58,23,1
2,s013,58,10,21
2,s013,58,11,5
2,s013,58,8,5
2,s013,58,9,3
2,s013,58,14,2
2,s013,58,2,2
2,s013,58,3,2
2,s013,58,0,2
2,s013,58,1,1
2,s014,22,22,1356
2,s014,22,23,154
2,s014,22,20,127
2,s014,22,21,14
2,s014,22,18,161
2,s014,22,19,14
2,s014,22,16,19
2,s014,22,17,1
2,s014,22,30,136
2,s014,22,31,19
2,s014,22,28,12
2,s014,22,29,2
2,s014,22,26,13
2,s014,22,27,2
2,s014,22,24,3
2,s014,22,6,181
2,s014,22,7,14
2,s014,22,4,22
2,s014,22,5,2
2,s014,22,2,19
2,s014,22,3,4
2,s014,22,0,1
2,s014,22,1,1
2,s014,22,14,13
2,s014,22,15,4
2,s014,22,12,1
2,s014,22,13,1
2,s014,22,10,3
2,s014,22,54,186
2,s014,22,55,30
2,s014,22,52,13
2,s014,22,53,5
2,s014,22,50,20
2,s014,22,51,3
2,s014,22,48,2
2,s014,22,62,14
2,s014,22,63,8
2,s014,22,61,1
2,s014,22,58,1
2,s014,22,59,1
2,s014,22,56,1
2,s014,22,38,28
2,s014,22,39,6
2,s014,22,36,3
2,s014,22,37,2
2,s014,22,34,1
2,s014,22,32,1
2,s014,22,47,1
2,s015,63,63,1330
2,s015,63,62,133
2,s015,63,61,127
2,s015,63,60,27
2,s015,63,59,179
2,s015,63,58,16
2,s015,63,57,15
2,s015,63,56,2
2,s015,63,55,113
2,s015,63,54,14
2,s015,63,53,4
2,s015,63,52,3
2,s015,63,51,23
2,s015,63,50,2
2,s015,63,48,1
2,s015,63,47,162
2,s015,63,46,24
2,s015,63,45,22
2,s015,63,44,6
2,s015,63,43,21
2,s015,63,42,4
2,s015,63,41,5
2,s015,63,39,6
2,s015,63,38,2
2,s015,63,37,1
2,s015,63,35,2
2,s015,63,31,171
2,s015,63,30,35
2,s015,63,29,21
2,s015,63,28,4
2,s015,63,27,22
2,s015,63,26,2
2,s015,63,25,2
2,s015,63,23,11
2,s015,63,22,5
2,s015,63,21,3
2,s015,63,20,2
2,s015,63,19,1
2,s015,63,18,1
2,s015,63,15,23
2,s015,63,14,6
2,s015,63,13,5
2,s015,63,12,2
2,s015,63,11,3
2,s015,63,7,2
2,s015,63,4,2
2,s016,17,17,1409
2,s016,17,16,160
2,s016,17,19,109
2,s016,17,18,8
2,s016,17,21,175
2,s016,17,20,20
2,s016,17,23,9
2,s016,17,22,3
2,s016,17,25,117
2,s016,17,24,26
2,s016,17,27,14
2,s016,17,26,1
2,s016,17,29,15
2,s016,17,28,3
2,s016,17,31,1
2,s016,17,30,1
2,s016,17,1,172
2,s016,17,0,20
2,s016,17,3,30
2,s016,17,2,4
2,s016,17,5,11
2,s016,17,4,3
2,s016,17,7,6
2,s016,17,9,12
2,s016,17,8,1
2,s016,17,11,1
2,s016,17,10,4
2,s016,17,13,2
2,s016,17,15,1
2,s016,17,49,167
2,s016,17,48,37
2,s016,17,51,14
2,s016,17,50,1
2,s016,17,53,21
2,s016,17,52,5
2,s016,17,55,1
2,s016,17,57,19
2,s016,17,56,5
2,s016,17,60,1
2,s016,17,63,1
2,s016,17,33,19
2,s016,17,32,5
2,s016,17,35,2
2,s016,17,34,1
2,s016,17,37,2
2,s016,17,38,2
2,s016,17,41,1
2,s016,17,40,3
2,s016,17,45,1
2,s017,21,21,1334
2,s017,21,20,150
2,s017,21,23,108
2,s017,21,22,13
2,s017,21,17,167
2,s017,21,16,15
2,s017,21,19,10
2,s017,21,18,2
2,s017,21,29,102
2,s017,21,28,11
2,s017,21,31,9
2,s017,21,30,2
2,s017,21,25,16
2,s017,21,24,4
2,s017,21,27,4
2,s017,21,5,155
2,s017,21,4,17
2,s017,21,7,21
2,s017,21,6,5
2,s017,21,1,19
2,s017,21,0,2
2,s017,21,13,9
2,s017,21,12,1
2,s017,21,9,1
2,s017,21,8,1
2,s017,21,11,1
2,s017,21,53,164
2,s017,21,52,31
2,s017,21,55,11
2,s017,21,54,2
2,s017,21,49,26
2,s017,21,48,7
2,s017,21,51,2
2,s017,21,61,10
2,s017,21,60,5
2,s017,21,63,1
2,s017,21,57,3
2,s017,21,37,22
2,s017,21,36,3
2,s017,21,39,3
2,s017,21,33,4
2,s017,21,35,1
2,s017,21,45,1
2,s017,21,44,1
2,s017,21,47,1
2,s017,21,46,1
2,s017,21,41,1
2,s018,29,29,1291
2,s018,29,28,156
2,s018,29,31,105
2,s018,29,30,11
2,s018,29,25,159
2,s018,29,24,17
2,s018,29,27,20
2,s018,29,26,2
2,s018,29,21,114
2,s018,29,20,16
2,s018,29,23,13
2,s018,29,17,7
2,s018,29,16,3
2,s018,29,19,2
2,s018,29,18,1
2,s018,29,13,149
2,s018,29,12,17
2,s018,29,15,26
2,s018,29,14,2
2,s018,29,9,26
2,s018,29,8,5
2,s018,29,11,3
2,s018,29,10,1
2,s018,29,5,15
2,s018,29,4,5
2,s018,29,7,1
2,s018,29,1,1
2,s018,29,3,1
2,s018,29,61,165
2,s018,29,60,32
2,s018,29,63,10
2,s018,29,62,3
2,s018,29,57,22
2,s018,29,56,1
2,s018,29,59,3
2,s018,29,53,12
2,s018,29,52,5
2,s018,29,55,1
2,s018,29,54,1
2,s018,29,49,3
2,s018,29,45,21
2,s018,29,44,5
2,s018,29,47,3
2,s018,29,41,1
2,s018,29,40,2
2,s018,29,37,4
2,s018,29,36,1
2,s019,10,10,1220
2,s019,10,11,131
2,s019,10,8,120
2,s019,10,9,10
2,s019,10,14,171
2,s019,10,15,15
2,s019,10,12,16
2,s019,10,2,90
2,s019,10,3,16
2,s019,10,0,13
2,s019,10,1,2
2,s019,10,6,14
2,s019,10,7,4
2,s019,10,26,145
2,s019,10,27,13
2,s019,10,24,24
2,s019,10,25,4
2,s019,10,30,21
2,s019,10,31,4
2,s019,10,28,5
2,s019,10,18,18
2,s019,10,19,3
2,s019,10,16,1
2,s019,10,22,3
2,s019,10,23,2
2,s019,10,42,151
2,s019,10,43,36
2,s019,10,40,9
2,s019,10,41,6
2,s019,10,46,27
2,s019,10,47,7
2,s019,10,44,2
2,s019,10,34,11
2,s019,10,35,5
2,s019,10,38,4
2,s019,10,58,18
2,s019,10,59,1
2,s019,10,56,2
2,s019,10,62,4
2,s019,10,63,1
2,s019,10,50,3
2,s019,10,51,2
2,s020,4,4,1349
2,s020,4,5,147
2,s020,4,6,113
2,s020,4,7,22
2,s020,4,0,153
2,s020,4,1,23
2,s020,4,2,23
2,s020,4,3,5
2,s020,4,12,118
2,s020,4,13,20
2,s020,4,14,10
2,s020,4,15,2
2,s020,4,8,14
2,s020,4,9,3
2,s020,4,10,1
2,s020,4,20,167
2,s020,4,21,15
2,s020,4,22,45
2,s020,4,23,3
2,s020,4,16,19
2,s020,4,17,5
2,s020,4,18,3
2,s020,4,28,7
2,s020,4,29,3
2,s020,4,30,4
2,s020,4,36,163
2,s020,4,37,35
2,s020,4,38,21
2,s020,4,39,3
2,s020,4,32,25
2,s020,4,33,2
2,s020,4,34,3
2,s020,4,44,17
2,s020,4,45,4
2,s020,4,46,1
2,s020,4,40,4
2,s020,4,42,1
2,s020,4,52,17
2,s020,4,53,3
2,s020,4,54,4
2,s020,4,55,2
2,s020,4,50,1
2,s020,4,51,1
2,s020,4,62,1
2,s021,23,23,1281
2,s021,23,22,144
2,s021,23,21,114
2,s021,23,20,12
2,s021,23,19,132
2,s021,23,18,20
2,s021,23,17,20
2,s021,23,16,3
2,s021,23,31,119
2,s021,23,30,12
2,s021,23,29,11
2,s021,23,28,2
2,s021,23,27,10
2,s021,23,26,1
2,s021,23,7,138
2,s021,23,6,10
2,s021,23,5,19
2,s021,23,4,3
2,s021,23,3,12
2,s021,23,2,1
2,s021,23,1,3
2,s021,23,15,9
2,s021,23,14,2
2,s021,23,13,6
2,s021,23,11,2
2,s021,23,55,156
2,s021,23,54,37
2,s021,23,53,8
2,s021,23,52,8
2,s021,23,51,25
2,s021,23,50,4
2,s021,23,49,6
2,s021,23,48,1
2,s021,23,63,12
2,s021,23,62,9
2,s021,23,58,1
2,s021,23,39,17
2,s021,23,38,5
2,s021,23,37,3
2,s021,23,35,3
2,s021,23,34,3
2,s021,23,46,2
2,s021,23,43,1
2,s022,44,44,1300
2,s022,44,45,129
2,s022,44,46,116
2,s022,44,47,20
2,s022,44,40,174
2,s022,44,41,15
2,s022,44,42,20
2,s022,44,36,116
2,s022,44,37,21
2,s022,44,38,11
2,s022,44,39,4
2,s022,44,32,21
2,s022,44,33,3
2,s022,44,34,1
2,s022,44,35,1
2,s022,44,60,159
2,s022,44,61,13
2,s022,44,62,24
2,s022,44,63,1
2,s022,44,56,20
2,s022,44,58,4
2,s022,44,59,1
2,s022,44,52,22
2,s022,44,53,3
2,s022,44,54,1
2,s022,44,50,2
2,s022,44,12,157
2,s022,44,13,37
2,s022,44,14,15
2,s022,44,15,2
2,s022,44,8,20
2,s022,44,9,4
2,s022,44,10,2
2,s022,44,4,20
2,s022,44,5,12
2,s022,44,6,4
2,s022,44,0,2
2,s022,44,28,23
2,s022,44,29,2
2,s022,44,30,3
2,s022,44,31,2
2,s022,44,24,2
2,s022,44,26,1
2,s022,44,20,5
2,s022,44,21,1
2,s022,44,17,1
2,s023,30,30,1310
2,s023,30,31,144
2,s023,30,28,115
2,s023,30,29,10
2,s023,30,26,191
2,s023,30,27,14
2,s023,30,24,18
2,s023,30,25,4
2,s023,30,22,118
2,s023,30,23,23
2,s023,30,20,19
2,s023,30,18,12
2,s023,30,19,2
2,s023,30,16,2
2,s023,30,14,168
2,s023,30,15,21
2,s023,30,12,34
2,s023,30,13,10
2,s023,30,10,25
2,s023,30,11,1
2,s023,30,8,3
2,s023,30,6,11
2,s023,30,7,5
2,s023,30,4,2
2,s023,30,2,2
2,s023,30,0,1
2,s023,30,62,157
2,s023,30,63,52
2,s023,30,60,12
2,s023,30,61,3
2,s023,30,58,16
2,s023,30,59,5
2,s023,30,56,1
2,s023,30,54,11
2,s023,30,55,3
2,s023,30,50,2
2,s023,30,51,1
2,s023,30,48,1
2,s023,30,46,17
2,s023,30,47,3
2,s023,30,44,1
2,s023,30,45,2
2,s023,30,42,4
2,s023,30,43,2
2,s023,30,38,1
2,s023,30,34,2
2,s024,53,53,1404
2,s024,53,52,168
2,s024,53,55,118
2,s024,53,54,17
2,s024,53,49,181
2,s024,53,48,17
2,s024,53,51,11
2,s024,53,50,2
2,s024,53,61,117
2,s024,53,60,24
2,s024,53,63,20
2,s024,53,57,11
2,s024,53,56,5
2,s024,53,59,1
2,s024,53,37,163
2,s024,53,36,18
2,s024,53,39,26
2,s024,53,33,16
2,s024,53,32,2
2,s024,53,35,5
2,s024,53,45,17
2,s024,53,44,3
2,s024,53,47,2
2,s024,53,41,3
2,s024,53,21,162
2,s024,53,20,31
2,s024,53,23,24
2,s024,53,22,1
2,s024,53,17,16
2,s024,53,16,2
2,s024,53,19,3
2,s024,53,29,8
2,s024,53,28,3
2,s024,53,31,1
2,s024,53,25,1
2,s024,53,24,1
2,s024,53,5,19
2,s024,53,4,4
2,s024,53,7,1
2,s024,53,6,1
2,s024,53,1,4
2,s024,53,3,1
2,s024,53,13,2
2,s025,11,11,1349
2,s025,11,10,153
2,s025,11,9,100
2,s025,11,8,13
2,s025,11,15,165
2,s025,11,14,11
2,s025,11,13,18
2,s025,11,12,5
2,s025,11,3,128
2,s025,11,2,15
2,s025,11,1,8
2,s025,11,0,2
2,s025,11,7,10
2,s025,11,4,1
2,s025,11,27,162
2,s025,11,26,26
2,s025,11,25,23
2,s025,11,24,6
2,s025,11,31,16
2,s025,11,30,2
2,s025,11,29,3
2,s025,11,28,1
2,s025,11,19,18
2,s025,11,18,1
2,s025,11,17,3
2,s025,11,16,2
2,s025,11,23,1
2,s025,11,22,1
2,s025,11,21,1
2,s025,11,43,187
2,s025,11,42,44
2,s025,11,41,15
2,s025,11,40,6
2,s025,11,47,12
2,s025,11,46,2
2,s025,11,45,4
2,s025,11,35,14
2,s025,11,34,5
2,s025,11,33,2
2,s025,11,39,2
2,s025,11,37,1
2,s025,11,59,21
2,s025,11,58,4
2,s025,11,57,7
2,s025,11,56,1
2,s025,11,63,4
2,s025,11,51,5
2,s025,11,50,2
2,s025,11,55,1
2,s026,44,44,1257
2,s026,44,45,121
2,s026,44,46,85
2,s026,44,47,7
2,s026,44,40,134
2,s026,44,41,14
2,s026,44,42,12
2,s026,44,43,2
2,s026,44,36,104
2,s026,44,37,21
2,s026,44,38,13
2,s026,44,39,2
2,s026,44,32,22
2,s026,44,33,4
2,s026,44,34,2
2,s026,44,60,175
2,s026,44,61,14
2,s026,44,62,35
2,s026,44,63,4
2,s026,44,56,17
2,s026,44,57,1
2,s026,44,58,6
2,s026,44,59,1
2,s026,44,52,14
2,s026,44,53,7
2,s026,44,54,4
2,s026,44,48,2
2,s026,44,50,1
2,s026,44,12,154
2,s026,44,13,35
2,s026,44,14,13
2,s026,44,15,2
2,s026,44,8,26
2,s026,44,9,4
2,s026,44,10,1
2,s026,44,4,19
2,s026,44,5,3
2,s026,44,6,1
2,s026,44,7,2
2,s026,44,0,2
2,s026,44,1,1
2,s026,44,28,18
2,s026,44,29,2
2,s026,44,30,5
2,s026,44,31,3
2,s026,44,25,1
2,s026,44,26,3
2,s026,44,20,3
2,s027,49,49,1414
2,s027,49,48,139
2,s027,49,51,118
2,s027,49,50,7
2,s027,49,53,158
2,s027,49,52,10
2,s027,49,55,18
2,s027,49,54,2
2,s027,49,57,132
2,s027,49,56,17
2,s027,49,59,8
2,s027,49,58,4
2,s027,49,61,19
2,s027,49,60,1
2,s027,49,63,2
2,s027,49,62,1
2,s027,49,33,184
2,s027,49,32,11
2,s027,49,35,18
2,s027,49,34,5
2,s027,49,37,19
2,s027,49,36,1
2,s027,49,39,2
2,s027,49,41,16
2,s027,49,43,3
2,s027,49,42,1
2,s027,49,45,1
2,s027,49,47,1
2,s027,49,17,159
2,s027,49,16,52
2,s027,49,19,19
2,s027,49,18,4
2,s027,49,21,18
2,s027,49,20,5
2,s027,49,23,1
2,s027,49,22,2
2,s027,49,25,21
2,s027,49,24,4
2,s027,49,27,3
2,s027,49,29,1
2,s027,49,28,2
2,s027,49,1,16
2,s027,49,0,8
2,s027,49,3,5
2,s027,49,2,2
2,s027,49,5,3
2,s027,49,9,1
2,s027,49,8,1
2,s027,49,11,2
2,s028,13,13,1377
2,s028,13,12,125
2,s028,13,15,111
2,s028,13,14,11
2,s028,13,9,171
2,s028,13,8,20
2,s028,13,11,15
2,s028,13,10,3
2,s028,13,5,131
2,s028,13,4,12
2,s028,13,7,10
2,s028,13,6,1
2,s028,13,1,25
2,s028,13,0,4
2,s028,13,29,129
2,s028,13,28,15
2,s028,13,31,22
2,s028,13,30,8
2,s028,13,25,22
2,s028,13,27,4
2,s028,13,21,12
2,s028,13,20,2
2,s028,13,23,2
2,s028,13,17,2
2,s028,13,16,1
2,s028,13,45,171
2,s028,13,44,33
2,s028,13,47,10
2,s028,13,46,1
2,s028,13,41,24
2,s028,13,40,3
2,s028,13,43,4
2,s028,13,42,2
2,s028,13,37,21
2,s028,13,36,6
2,s028,13,33,2
2,s028,13,34,2
2,s028,13,61,21
2,s028,13,60,4
2,s028,13,63,2
2,s028,13,62,1
2,s028,13,57,3
2,s028,13,59,1
2,s028,13,53,1
2,s028,13,52,1
2,s028,13,49,2
2,s028,13,51,1
2,s028,13,50,1
2,s029,32,32,1291
2,s029,32,33,150
2,s029,32,34,104
2,s029,32,35,9
2,s029,32,36,155
2,s029,32,37,18
2,s029,32,38,14
2,s029,32,39,1
2,s029,32,40,101
2,s029,32,41,24
2,s029,32,42,8
2,s029,32,43,1
2,s029,32,44,20
2,s029,32,45,1
2,s029,32,47,1
2,s029,32,48,151
2,s029,32,49,19
2,s029,32,50,22
2,s029,32,51,2
2,s029,32,52,10
2,s029,32,53,4
2,s029,32,54,1
2,s029,32,56,7
2,s029,32,57,3
2,s029,32,58,3
2,s029,32,60,1
2,s029,32,63,1
2,s029,32,0,163
2,s029,32,1,37
2,s029,32,2,11
2,s029,32,3,3
2,s029,32,4,15
2,s029,32,5,9
2,s029,32,8,10
2,s029,32,9,2
2,s029,32,10,1
2,s029,32,12,4
2,s029,32,13,1
2,s029,32,16,24
2,s029,32,17,6
2,s029,32,18,4
2,s029,32,20,2
2,s029,32,24,2
2,s029,32,25,1
2,s029,32,26,1
2,s030,0,0,1314
2,s030,0,1,163
2,s030,0,2,97
2,s030,0,3,21
2,s030,0,4,177
2,s030,0,5,27
2,s030,0,6,19
2,s030,0,7,2
2,s030,0,8,108
2,s030,0,9,20
2,s030,0,10,8
2,s030,0,11,1
2,s030,0,12,14
2,s030,0,13,3
2,s030,0,14,3
2,s030,0,16,168
2,s030,0,17,15
2,s030,0,18,17
2,s030,0,19,4
2,s030,0,20,24
2,s030,0,21,4
2,s030,0,22,6
2,s030,0,24,10
2,s030,0,25,2
2,s030,0,26,2
2,s030,0,28,3
2,s030,0,30,2
2,s030,0,32,182
2,s030,0,33,33
2,s030,0,34,14
2,s030,0,35,6
2,s030,0,36,32
2,s030,0,37,5
2,s030,0,38,2
2,s030,0,39,1
2,s030,0,40,13
2,s030,0,41,4
2,s030,0,42,2
2,s030,0,43,1
2,s030,0,44,5
2,s030,0,48,20
2,s030,0,49,8
2,s030,0,50,6
2,s030,0,51,1
2,s030,0,52,5
2,s030,0,56,3
2,s030,0,57,1
2,s030,0,60,2
2,s031,51,51,1258
2,s031,51,50,125
2,s031,51,49,116
2,s031,51,48,12
2,s031,51,55,143
2,s031,51,54,9
2,s031,51,53,18
2,s031,51,52,6
2,s031,51,59,114
2,s031,51,58,18
2,s031,51,57,10
2,s031,51,56,1
2,s031,51,63,10
2,s031,51,62,4
2,s031,51,61,2
2,s031,51,35,169
2,s031,51,34,13
2,s031,51,33,29
2,s031,51,32,2
2,s031,51,39,18
2,s031,51,38,4
2,s031,51,37,2
2,s031,51,36,1
2,s031,51,43,15
2,s031,51,41,2
2,s031,51,40,1
2,s031,51,45,1
2,s031,51,19,127
2,s031,51,18,49
2,s031,51,17,14
2,s031,51,16,4
2,s031,51,23,18
2,s031,51,22,8
2,s031,51,21,1
2,s031,51,27,9
2,s031,51,26,6
2,s031,51,25,1
2,s031,51,31,2
2,s031,51,30,1
2,s031,51,29,1
2,s031,51,3,15
2,s031,51,2,7
2,s031,51,1,5
2,s031,51,7,2
2,s031,51,11,1
2,s032,1,1,1371
2,s032,1,0,147
2,s032,1,3,120
2,s032,1,2,20
2,s032,1,5,155
2,s032,1,4,19
2,s032,1,7,23
2,s032,1,6,1
2,s032,1,9,113
2,s032,1,8,20
2,s032,1,11,12
2,s032,1,10,2
2,s032,1,13,17
2,s032,1,12,4
2,s032,1,15,2
2,s032,1,14,1
2,s032,1,17,172
2,s032,1,16,19
2,s032,1,19,26
2,s032,1,18,3
2,s032,1,21,20
2,s032,1,20,4
2,s032,1,23,4
2,s032,1,22,1
2,s032,1,25,13
2,s032,1,24,4
2,s032,1,27,1
2,s032,1,26,1
2,s032,1,29,1
2,s032,1,33,167
2,s032,1,32,39
2,s032,1,35,17
2,s032,1,34,4
2,s032,1,37,25
2,s032,1,36,6
2,s032,1,41,8
2,s032,1,40,4
2,s032,1,43,2
2,s032,1,42,1
2,s032,1,44,1
2,s032,1,49,20
2,s032,1,48,5
2,s032,1,51,1
2,s032,1,50,1
2,s032,1,53,1
2,s032,1,55,1
2,s032,1,57,1
2,s032,1,56,2
2,s032,1,58,1
2,s032,1,60,1
2,s033,3,3,1291
2,s033,3,2,158
2,s033,3,1,86
2,s033,3,0,11
2,s033,3,7,152
2,s033,3,6,25
2,s033,3,5,14
2,s033,3,4,1
2,s033,3,11,120
2,s033,3,10,17
2,s033,3,9,10
2,s033,3,8,3
2,s033,3,15,13
2,s033,3,14,3
2,s033,3,19,161
2,s033,3,18,18
2,s033,3,17,29
2,s033,3,16,2
2,s033,3,23,23
2,s033,3,22,2
2,s033,3,21,3
2,s033,3,20,1
2,s033,3,27,15
2,s033,3,26,3
2,s033,3,25,1
2,s033,3,35,187
2,s033,3,34,42
2,s033,3,33,12
2,s033,3,32,3
2,s033,3,39,28
2,s033,3,38,6
2,s033,3,37,2
2,s033,3,36,2
2,s033,3,43,13
2,s033,3,42,6
2,s033,3,47,2
2,s033,3,44,1
2,s033,3,51,22
2,s033,3,50,6
2,s033,3,49,7
2,s033,3,55,2
2,s033,3,53,1
2,s033,3,59,1
2,s033,3,58,1
2,s033,3,61,1
2,s034,33,33,1273
2,s034,33,32,129
2,s034,33,35,97
2,s034,33,34,10
2,s034,33,37,177
2,s034,33,36,16
2,s034,33,39,18
2,s034,33,38,2
2,s034,33,41,117
2,s034,33,40,25
2,s034,33,43,10
2,s034,33,42,2
2,s034,33,45,13
2,s034,33,44,1
2,s034,33,47,2
2,s034,33,49,173
2,s034,33,48,21
2,s034,33,51,15
2,s034,33,50,5
2,s034,33,53,19
2,s034,33,52,4
2,s034,33,55,2
2,s034,33,57,11
2,s034,33,56,1
2,s034,33,59,1
2,s034,33,58,1
2,s034,33,61,1
2,s034,33,60,1
2,s034,33,1,148
2,s034,33,0,34
2,s034,33,3,11
2,s034,33,2,3
2,s034,33,5,17
2,s034,33,4,2
2,s034,33,7,3
2,s034,33,6,1
2,s034,33,9,15
2,s034,33,8,2
2,s034,33,11,1
2,s034,33,10,2
2,s034,33,17,24
2,s034,33,16,5
2,s034,33,19,6
2,s034,33,18,1
2,s034,33,21,3
2,s034,33,22,1
2,s034,33,25,2
2,s034,33,29,1
2,s035,54,54,1221
2,s035,54,55,148
2,s035,54,52,121
2,s035,54,53,16
2,s035,54,50,185
2,s035,54,51,19
2,s035,54,48,17
2,s035,54,49,3
2,s035,54,62,96
2,s035,54,63,17
2,s035,54,60,12
2,s035,54,61,3
2,s035,54,58,17
2,s035,54,38,153
2,s035,54,39,20
2,s035,54,36,18
2,s035,54,37,4
2,s035,54,34,19
2,s035,54,35,2
2,s035,54,32,1
2,s035,54,46,10
2,s035,54,47,2
2,s035,54,44,1
2,s035,54,45,2
2,s035,54,43,1
2,s035,54,40,1
2,s035,54,22,168
2,s035,54,23,37
2,s035,54,20,14
2,s035,54,21,3
2,s035,54,18,16
2,s035,54,19,2
2,s035,54,30,15
2,s035,54,31,6
2,s035,54,26,1
2,s035,54,6,21
2,s035,54,7,6
2,s035,54,4,2
2,s035,54,5,1
2,s035,54,2,1
2,s035,54,3,1
2,s035,54,14,4
2,s035,54,12,1
2,s036,60,60,1380
2,s036,60,61,144
2,s036,60,62,110
2,s036,60,63,12
2,s036,60,56,161
2,s036,60,57,17
2,s036,60,58,15
2,s036,60,59,1
2,s036,60,52,110
2,s036,60,53,22
2,s036,60,54,11
2,s036,60,48,8
2,s036,60,49,5
2,s036,60,51,2
2,s036,60,44,167
2,s036,60,45,21
2,s036,60,46,27
2,s036,60,47,2
2,s036,60,40,21
2,s036,60,41,2
2,s036,60,42,6
2,s036,60,36,14
2,s036,60,37,5
2,s036,60,32,3
2,s036,60,28,165
2,s036,60,29,37
2,s036,60,30,17
2,s036,60,31,1
2,s036,60,24,19
2,s036,60,25,4
2,s036,60,26,4
2,s036,60,20,19
2,s036,60,21,3
2,s036,60,22,3
2,s036,60,16,2
2,s036,60,12,18
2,s036,60,13,5
2,s036,60,14,5
2,s036,60,8,1
2,s036,60,9,1
2,s036,60,10,1
2,s036,60,4,1
2,s036,60,0,1
2,s037,10,10,1383
2,s037,10,11,139
2,s037,10,8,127
2,s037,10,9,13
2,s037,10,14,161
2,s037,10,15,10
2,s037,10,12,16
2,s037,10,13,2
2,s037,10,2,135
2,s037,10,3,18
2,s037,10,0,9
2,s037,10,1,3
2,s037,10,6,12
2,s037,10,7,6
2,s037,10,4,2
2,s037,10,26,172
2,s037,10,27,21
2,s037,10,24,28
2,s037,10,25,5
2,s037,10,30,21
2,s037,10,31,2
2,s037,10,28,4
2,s037,10,18,15
2,s037,10,19,7
2,s037,10,16,2
2,s037,10,22,2
2,s037,10,20,1
2,s037,10,42,157
2,s037,10,43,35
2,s037,10,40,15
2,s037,10,41,5
2,s037,10,46,22
2,s037,10,47,3
2,s037,10,44,1
2,s037,10,45,2
2,s037,10,34,13
2,s037,10,35,7
2,s037,10,32,1
2,s037,10,33,1
2,s037,10,38,1
2,s037,10,58,22
2,s037,10,59,9
2,s037,10,56,4
2,s037,10,62,2
2,s037,10,50,3
2,s037,10,51,2
2,s037,10,48,1
2,s037,10,54,1
4,s000,28,28,818
4,s000,28,29,145
4,s000,28,30,130
4,s000,28,31,26
4,s000,28,24,174
4,s000,28,25,45
4,s000,28,26,36
4,s000,28,27,9
4,s000,28,20,146
4,s000,28,21,32
4,s000,28,22,23
4,s000,28,23,4
4,s000,28,16,35
4,s000,28,17,9
4,s000,28,18,3
4,s000,28,19,1
4,s000,28,12,190
4,s000,28,13,34
4,s000,28,14,44
4,s000,28,15,10
4,s000,28,8,47
4,s000,28,9,9
4,s000,28,10,10
4,s000,28,11,2
4,s000,28,4,25
4,s000,28,5,8
4,s000,28,6,8
4,s000,28,7,3
4,s000,28,0,5
4,s000,28,1,2
4,s000,28,60,181
4,s000,28,61,51
4,s000,28,62,35
4,s000,28,63,8
4,s000,28,56,40
4,s000,28,57,16
4,s000,28,58,7
4,s000,28,59,2
4,s000,28,52,37
4,s000,28,53,12
4,s000,28,54,5
4,s000,28,55,2
4,s000,28,48,12
4,s000,28,49,3
4,s000,28,50,2
4,s000,28,44,53
4,s000,28,45,18
4,s000,28,46,15
4,s000,28,47,6
4,s000,28,40,13
4,s000,28,41,4
4,s000,28,42,2
4,s000,28,36,8
4,s000,28,37,2
4,s000,28,38,2
4,s000,28,32,1
4,s000,28,33,1
4,s001,48,48,868
4,s001,48,49,160
4,s001,48,50,137
4,s001,48,51,20
4,s001,48,52,201
4,s001,48,53,34
4,s001,48,54,37
4,s001,48,55,8
4,s001,48,56,151
4,s001,48,57,21
4,s001,48,58,21
4,s001,48,59,5
4,s001,48,60,27
4,s001,48,61,7
4,s001,48,62,6
4,s001,48,63,2
4,s001,48,32,161
4,s001,48,33,41
4,s001,48,34,45
4,s001,48,35,8
4,s001,48,36,39
4,s001,48,37,8
4,s001,48,38,18
4,s001,48,39,3
4,s001,48,40,22
4,s001,48,41,10
4,s001,48,42,5
4,s001,48,44,9
4,s001,48,45,3
4,s001,48,46,1
4,s001,48,47,1
4,s001,48,16,194
4,s001,48,17,50
4,s001,48,18,36
4,s001,48,19,13
4,s001,48,20,46
4,s001,48,21,15
4,s001,48,22,10
4,s001,48,23,1
4,s001,48,24,46
4,s001,48,25,13
4,s001,48,26,5
4,s001,48,27,3
4,s001,48,28,8
4,s001,48,30,2
4,s001,48,0,52
4,s001,48,1,19
4,s001,48,2,11
4,s001,48,3,2
4,s001,48,4,13
4,s001,48,5,7
4,s001,48,6,2
4,s001,48,8,8
4,s001,48,9,4
4,s001,48,10,2
4,s001,48,13,2
4,s001,48,14,1
4,s002,45,45,808
4,s002,45,44,141
4,s002,45,47,154
4,s002,45,46,26
4,s002,45,41,188
4,s002,45,40,43
4,s002,45,43,36
4,s002,45,42,2
4,s002,45,37,151
4,s002,45,36,37
4,s002,45,39,28
4,s002,45,38,5
4,s002,45,33,32
4,s002,45,32,10
4,s002,45,35,4
4,s002,45,34,2
4,s002,45,61,176
4,s002,45,60,36
4,s002,45,63,41
4,s002,45,62,10
4,s002,45,57,43
4,s002,45,56,7
4,s002,45,59,11
4,s002,45,58,1
4,s002,45,53,28
4,s002,45,52,1
4,s002,45,55,10
4,s002,45,54,2
4,s002,45,49,10
4,s002,45,48,2
4,s002,45,13,199
4,s002,45,12,57
4,s002,45,15,29
4,s002,45,14,8
4,s002,45,9,44
4,s002,45,8,14
4,s002,45,11,6
4,s002,45,10,4
4,s002,45,5,40
4,s002,45,4,10
4,s002,45,7,7
4,s002,45,6,4
4,s002,45,1,12
4,s002,45,0,1
4,s002,45,3,2
4,s002,45,29,47
4,s002,45,28,12
4,s002,45,31,13
4,s002,45,30,3
4,s002,45,25,9
4,s002,45,24,6
4,s002,45,27,2
4,s002,45,21,12
4,s002,45,20,6
4,s002,45,23,2
4,s002,45,22,1
4,s002,45,17,1
4,s002,45,19,1
4,s003,56,56,787
4,s003,56,57,134
4,s003,56,58,144
4,s003,56,59,23
4,s003,56,60,185
4,s003,56,61,33
4,s003,56,62,30
4,s003,56,63,7
4,s003,56,48,137
4,s003,56,49,38
4,s003,56,50,22
4,s003,56,51,8
4,s003,56,52,29
4,s003,56,53,3
4,s003,56,54,6
4,s003,56,55,1
4,s003,56,40,171
4,s003,56,41,31
4,s003,56,42,45
4,s003,56,43,10
4,s003,56,44,43
4,s003,56,45,10
4,s003,56,46,7
4,s003,56,47,2
4,s003,56,32,29
4,s003,56,33,6
4,s003,56,34,11
4,s003,56,36,8
4,s003,56,37,2
4,s003,56,24,178
4,s003,56,25,63
4,s003,56,26,30
4,s003,56,27,14
4,s003,56,28,49
4,s003,56,29,8
4,s003,56,30,9
4,s003,56,31,4
4,s003,56,16,34
4,s003,56,17,19
4,s003,56,18,5
4,s003,56,20,7
4,s003,56,21,5
4,s003,56,22,3
4,s003,56,8,46
4,s003,56,9,19
4,s003,56,10,14
4,s003,56,11,5
4,s003,56,12,11
4,s003,56,13,1
4,s003,56,14,5
4,s003,56,15,1
4,s003,56,0,5
4,s003,56,1,3
4,s003,56,3,1
4,s003,56,4,3
4,s003,56,6,1
4,s003,56,7,1
4,s004,7,7,848
4,s004,7,6,147
4,s004,7,5,143
4,s004,7,4,28
4,s004,7,3,184
4,s004,7,2,49
4,s004,7,1,33
4,s004,7,0,5
4,s004,7,15,155
4,s004,7,14,47
4,s004,7,13,21
4,s004,7,12,7
4,s004,7,11,38
4,s004,7,10,6
4,s004,7,9,9
4,s004,7,23,199
4,s004,7,22,31
4,s004,7,21,45
4,s004,7,20,6
4,s004,7,19,41
4,s004,7,18,6
4,s004,7,17,10
4,s004,7,31,28
4,s004,7,30,9
4,s004,7,29,7
4,s004,7,28,4
4,s004,7,27,5
4,s004,7,26,4
4,s004,7,25,1
4,s004,7,39,181
4,s004,7,38,50
4,s004,7,37,21
4,s004,7,36,7
4,s004,7,35,37
4,s004,7,34,8
4,s004,7,33,5
4,s004,7,32,6
4,s004,7,47,30
4,s004,7,46,5
4,s004,7,45,5
4,s004,7,44,3
4,s004,7,43,7
4,s004,7,42,1
4,s004,7,41,1
4,s004,7,55,39
4,s004,7,54,17
4,s004,7,53,3
4,s004,7,52,2
4,s004,7,51,13
4,s004,7,50,1
4,s004,7,49,3
4,s004,7,63,6
4,s004,7,62,4
4,s004,7,61,2
4,s004,7,59,1
4,s004,7,58,1
4,s004,7,57,1
4,s005,29,29,822
4,s005,29,28,175
4,s005,29,31,131
4,s005,29,30,25
4,s005,29,25,185
4,s005,29,24,36
4,s005,29,27,25
4,s005,29,26,8
4,s005,29,21,140
4,s005,29,20,46
4,s005,29,23,20
4,s005,29,22,6
4,s005,29,17,23
4,s005,29,16,7
4,s005,29,19,1
4,s005,29,13,200
4,s005,29,12,32
4,s005,29,15,47
4,s005,29,14,12
4,s005,29,9,36
4,s005,29,8,6
4,s005,29,11,10
4,s005,29,5,30
4,s005,29,4,12
4,s005,29,7,9
4,s005,29,1,7
4,s005,29,0,2
4,s005,29,3,1
4,s005,29,2,1
4,s005,29,61,189
4,s005,29,60,67
4,s005,29,63,36
4,s005,29,62,16
4,s005,29,57,41
4,s005,29,56,13
4,s005,29,59,2
4,s005,29,58,4
4,s005,29,53,33
4,s005,29,52,17
4,s005,29,55,3
4,s005,29,54,2
4,s005,29,49,7
4,s005,29,51,1
4,s005,29,50,1
4,s005,29,45,52
4,s005,29,44,7
4,s005,29,47,15
4,s005,29,41,5
4,s005,29,40,4
4,s005,29,43,3
4,s005,29,37,19
4,s005,29,36,4
4,s005,29,39,7
4,s005,29,33,2
4,s005,29,32,1
4,s005,29,35,1
4,s006,60,60,839
4,s006,60,61,141
4,s006,60,62,118
4,s006,60,63,25
4,s006,60,56,168
4,s006,60,57,24
4,s006,60,58,31
4,s006,60,59,10
4,s006,60,52,120
4,s006,60,53,32
4,s006,60,54,17
4,s006,60,55,8
4,s006,60,48,20
4,s006,60,49,13
4,s006,60,50,7
4,s006,60,51,1
4,s006,60,44,161
4,s006,60,45,37
4,s006,60,46,40
4,s006,60,47,6
4,s006,60,40,31
4,s006,60,41,4
4,s006,60,42,12
4,s006,60,43,3
4,s006,60,36,32
4,s006,60,37,7
4,s006,60,38,11
4,s006,60,39,4
4,s006,60,32,9
4,s006,60,33,1
4,s006,60,35,1
4,s006,60,28,153
4,s006,60,29,48
4,s006,60,30,30
4,s006,60,31,12
4,s006,60,24,51
4,s006,60,25,10
4,s006,60,26,6
4,s006,60,27,3
4,s006,60,20,24
4,s006,60,21,18
4,s006,60,22,4
4,s006,60,23,3
4,s006,60,16,5
4,s006,60,17,1
4,s006,60,18,2
4,s006,60,12,47
4,s006,60,13,11
4,s006,60,14,10
4,s006,60,15,1
4,s006,60,8,10
4,s006,60,9,4
4,s006,60,10,3
4,s006,60,4,8
4,s006,60,5,5
4,s006,60,6,1
4,s006,60,7,1
4,s006,60,1,1
4,s007,17,17,832
4,s007,17,16,169
4,s007,17,19,119
4,s007,17,18,24
4,s007,17,21,170
4,s007,17,20,28
4,s007,17,23,26
4,s007,17,22,6
4,s007,17,25,154
4,s007,17,24,36
4,s007,17,27,23
4,s007,17,26,6
4,s007,17,29,29
4,s007,17,28,8
4,s007,17,31,8
4,s007,17,30,3
4,s007,17,1,206
4,s007,17,0,48
4,s007,17,3,40
4,s007,17,2,15
4,s007,17,5,40
4,s007,17,4,10
4,s007,17,7,12
4,s007,17,6,3
4,s007,17,9,41
4,s007,17,8,6
4,s007,17,11,8
4,s007,17,13,9
4,s007,17,12,2
4,s007,17,15,2
4,s007,17,49,182
4,s007,17,48,67
4,s007,17,51,40
4,s007,17,50,4
4,s007,17,53,38
4,s007,17,52,13
4,s007,17,55,11
4,s007,17,54,2
4,s007,17,57,35
4,s007,17,56,16
4,s007,17,59,11
4,s007,17,58,3
4,s007,17,61,7
4,s007,17,60,6
4,s007,17,63,4
4,s007,17,62,1
4,s007,17,33,55
4,s007,17,32,14
4,s007,17,35,8
4,s007,17,34,5
4,s007,17,37,10
4,s007,17,36,4
4,s007,17,39,1
4,s007,17,38,2
4,s007,17,41,5
4,s007,17,40,5
4,s007,17,43,4
4,s007,17,42,1
4,s007,17,45,1
4,s008,43,43,789
4,s008,43,42,141
4,s008,43,41,126
4,s008,43,40,19
4,s008,43,47,158
4,s008,43,46,28
4,s008,43,45,30
4,s008,43,44,6
4,s008,43,35,135
4,s008,43,34,29
4,s008,43,33,15
4,s008,43,32,6
4,s008,43,39,36
4,s008,43,38,7
4,s008,43,37,5
4,s008,43,36,1
4,s008,43,59,132
4,s008,43,58,36
4,s008,43,57,49
4,s008,43,56,12
4,s008,43,63,37
4,s008,43,62,10
4,s008,43,61,10
4,s008,43,60,2
4,s008,43,51,29
4,s008,43,50,10
4,s008,43,49,6
4,s008,43,48,1
4,s008,43,55,9
4,s008,43,53,1
4,s008,43,11,207
4,s008,43,10,61
4,s008,43,9,32
4,s008,43,8,8
4,s008,43,15,35
4,s008,43,14,15
4,s008,43,13,3
4,s008,43,12,3
4,s008,43,3,37
4,s008,43,2,13
4,s008,43,1,9
4,s008,43,0,2
4,s008,43,7,9
4,s008,43,6,3
4,s008,43,5,1
4,s008,43,27,40
4,s008,43,26,10
4,s008,43,25,9
4,s008,43,24,4
4,s008,43,31,9
4,s008,43,30,2
4,s008,43,29,2
4,s008,43,19,4
4,s008,43,18,6
4,s008,43,17,2
4,s008,43,16,1
4,s008,43,23,1
4,s008,43,22,2
4,s009,33,33,811
4,s009,33,32,146
4,s009,33,35,129
4,s009,33,34,34
4,s009,33,37,176
4,s009,33,36,37
4,s009,33,39,36
4,s009,33,38,7
4,s009,33,41,143
4,s009,33,40,30
4,s009,33,43,16
4,s009,33,42,8
4,s009,33,45,29
4,s009,33,44,4
4,s009,33,47,3
4,s009,33,46,1
4,s009,33,49,180
4,s009,33,48,32
4,s009,33,51,37
4,s009,33,50,5
4,s009,33,53,32
4,s009,33,52,10
4,s009,33,55,13
4,s009,33,54,1
4,s009,33,57,27
4,s009,33,56,13
4,s009,33,59,12
4,s009,33,58,2
4,s009,33,61,7
4,s009,33,60,4
4,s009,33,63,2
4,s009,33,1,195
4,s009,33,0,66
4,s009,33,3,25
4,s009,33,2,12
4,s009,33,5,34
4,s009,33,4,15
4,s009,33,7,11
4,s009,33,6,4
4,s009,33,9,48
4,s009,33,8,13
4,s009,33,11,7
4,s009,33,10,1
4,s009,33,13,8
4,s009,33,12,1
4,s009,33,15,2
4,s009,33,17,43
4,s009,33,16,19
4,s009,33,19,10
4,s009,33,18,4
4,s009,33,21,10
4,s009,33,20,1
4,s009,33,23,3
4,s009,33,22,3
4,s009,33,25,4
4,s009,33,24,3
4,s009,33,26,2
4,s009,33,29,2
4,s009,33,28,1
4,s009,33,31,1
4,s010,0,0,792
4,s010,0,1,153
4,s010,0,2,90
4,s010,0,3,32
4,s010,0,4,180
4,s010,0,5,36
4,s010,0,6,27
4,s010,0,7,2
4,s010,0,8,140
4,s010,0,9,33
4,s010,0,10,27
4,s010,0,11,6
4,s010,0,12,28
4,s010,0,13,7
4,s010,0,14,6
4,s010,0,15,1
4,s010,0,16,176
4,s010,0,17,35
4,s010,0,18,37
4,s010,0,19,8
4,s010,0,20,28
4,s010,0,21,12
4,s010,0,22,10
4,s010,0,23,1
4,s010,0,24,29
4,s010,0,25,3
4,s010,0,26,9
4,s010,0,27,2
4,s010,0,28,7
4,s010,0,29,1
4,s010,0,30,1
4,s010,0,32,176
4,s010,0,33,53
4,s010,0,34,26
4,s010,0,35,7
4,s010,0,36,42
4,s010,0,37,15
4,s010,0,38,6
4,s010,0,39,1
4,s010,0,40,30
4,s010,0,41,9
4,s010,0,42,7
4,s010,0,43,3
4,s010,0,44,9
4,s010,0,45,6
4,s010,0,46,1
4,s010,0,47,1
4,s010,0,48,40
4,s010,0,49,11
4,s010,0,50,9
4,s010,0,51,1
4,s010,0,52,8
4,s010,0,54,1
4,s010,0,56,10
4,s010,0,57,2
4,s010,0,58,4
4,s010,0,60,2
4,s011,29,29,847
4,s011,29,28,129
4,s011,29,31,135
4,s011,29,30,27
4,s011,29,25,169
4,s011,29,24,33
4,s011,29,27,36
4,s011,29,26,7
4,s011,29,21,158
4,s011,29,20,17
4,s011,29,23,21
4,s011,29,22,4
4,s011,29,17,32
4,s011,29,16,6
4,s011,29,19,3
4,s011,29,18,2
4,s011,29,13,184
4,s011,29,12,43
4,s011,29,15,40
4,s011,29,14,13
4,s011,29,9,34
4,s011,29,8,9
4,s011,29,11,6
4,s011,29,10,3
4,s011,29,5,37
4,s011,29,4,10
4,s011,29,7,12
4,s011,29,6,2
4,s011,29,1,6
4,s011,29,0,2
4,s011,29,3,3
4,s011,29,61,208
4,s011,29,60,62
4,s011,29,63,32
4,s011,29,62,8
4,s011,29,57,57
4,s011,29,56,7
4,s011,29,59,11
4,s011,29,58,6
4,s011,29,53,33
4,s011,29,52,18
4,s011,29,55,12
4,s011,29,54,2
4,s011,29,49,4
4,s011,29,48,4
4,s011,29,51,2
4,s011,29,50,1
4,s011,29,45,39
4,s011,29,44,11
4,s011,29,47,14
4,s011,29,46,2
4,s011,29,41,10
4,s011,29,40,1
4,s011,29,43,2
4,s011,29,42,2
4,s011,29,37,3
4,s011,29,36,3
4,s011,29,39,1
4,s011,29,38,3
4,s011,29,33,1
4,s012,4,4,880
4,s012,4,5,153
4,s012,4,6,149
4,s012,4,7,35
4,s012,4,0,176
4,s012,4,1,36
4,s012,4,2,35
4,s012,4,3,7
4,s012,4,12,136
4,s012,4,13,38
4,s012,4,14,25
4,s012,4,15,4
4,s012,4,8,28
4,s012,4,9,7
4,s012,4,10,6
4,s012,4,11,5
4,s012,4,20,183
4,s012,4,21,40
4,s012,4,22,31
4,s012,4,23,14
4,s012,4,16,48
4,s012,4,17,9
4,s012,4,18,17
4,s012,4,19,3
4,s012,4,28,34
4,s012,4,29,7
4,s012,4,30,5
4,s012,4,31,1
4,s012,4,24,7
4,s012,4,25,2
4,s012,4,27,1
4,s012,4,36,181
4,s012,4,37,59
4,s012,4,38,27
4,s012,4,39,12
4,s012,4,32,37
4,s012,4,33,18
4,s012,4,34,9
4,s012,4,35,1
4,s012,4,44,37
4,s012,4,45,12
4,s012,4,46,10
4,s012,4,40,8
4,s012,4,41,4
4,s012,4,52,39
4,s012,4,53,10
4,s012,4,54,8
4,s012,4,55,7
4,s012,4,48,9
4,s012,4,49,5
4,s012,4,50,2
4,s012,4,51,2
4,s012,4,60,10
4,s012,4,61,4
4,s012,4,62,1
4,s013,57,57,819
4,s013,57,56,150
4,s013,57,59,124
4,s013,57,58,26
4,s013,57,61,207
4,s013,57,60,24
4,s013,57,63,26
4,s013,57,62,4
4,s013,57,49,151
4,s013,57,48,44
4,s013,57,51,25
4,s013,57,50,4
4,s013,57,53,28
4,s013,57,52,12
4,s013,57,55,8
4,s013,57,54,1
4,s013,57,41,204
4,s013,57,40,40
4,s013,57,43,44
4,s013,57,42,10
4,s013,57,45,45
4,s013,57,44,6
4,s013,57,47,10
4,s013,57,46,2
4,s013,57,33,24
4,s013,57,32,10
4,s013,57,35,6
4,s013,57,37,4
4,s013,57,36,2
4,s013,57,39,4
4,s013,57,38,1
4,s013,57,25,197
4,s013,57,24,56
4,s013,57,27,37
4,s013,57,26,11
4,s013,57,29,38
4,s013,57,28,17
4,s013,57,31,5
4,s013,57,17,37
4,s013,57,16,12
4,s013,57,19,8
4,s013,57,18,3
4,s013,57,21,8
4,s013,57,20,3
4,s013,57,23,2
4,s013,57,22,1
4,s013,57,9,42
4,s013,57,8,14
4,s013,57,11,10
4,s013,57,10,4
4,s013,57,13,7
4,s013,57,12,5
4,s013,57,15,1
4,s013,57,14,1
4,s013,57,1,6
4,s013,57,0,2
4,s013,57,3,3
4,s013,57,5,2
4,s013,57,4,1
4,s014,23,23,806
4,s014,23,22,140
4,s014,23,21,133
4,s014,23,20,18
4,s014,23,19,168
4,s014,23,18,44
4,s014,23,17,27
4,s014,23,16,8
4,s014,23,31,124
4,s014,23,30,34
4,s014,23,29,17
4,s014,23,28,8
4,s014,23,27,25
4,s014,23,26,7
4,s014,23,25,3
4,s014,23,24,1
4,s014,23,7,171
4,s014,23,6,25
4,s014,23,5,42
4,s014,23,4,12
4,s014,23,3,35
4,s014,23,2,8
4,s014,23,1,9
4,s014,23,0,2
4,s014,23,15,26
4,s014,23,14,10
4,s014,23,13,6
4,s014,23,12,3
4,s014,23,11,5
4,s014,23,9,3
4,s014,23,55,180
4,s014,23,54,55
4,s014,23,53,41
4,s014,23,52,8
4,s014,23,51,38
4,s014,23,50,12
4,s014,23,49,4
4,s014,23,63,34
4,s014,23,62,18
4,s014,23,61,3
4,s014,23,60,2
4,s014,23,59,8
4,s014,23,58,1
4,s014,23,57,3
4,s014,23,56,1
4,s014,23,39,44
4,s014,23,38,9
4,s014,23,37,6
4,s014,23,36,2
4,s014,23,35,8
4,s014,23,33,3
4,s014,23,47,5
4,s014,23,46,4
4,s014,23,45,1
4,s014,23,41,1
4,s015,4,4,808
4,s015,4,5,129
4,s015,4,6,132
4,s015,4,7,23
4,s015,4,0,190
4,s015,4,1,22
4,s015,4,2,27
4,s015,4,3,2
4,s015,4,12,133
4,s015,4,13,21
4,s015,4,14,16
4,s015,4,15,7
4,s015,4,8,27
4,s015,4,9,7
4,s015,4,10,3
4,s015,4,20,174
4,s015,4,21,35
4,s015,4,22,39
4,s015,4,23,10
4,s015,4,16,39
4,s015,4,17,5
4,s015,4,18,17
4,s015,4,19,4
4,s015,4,28,30
4,s015,4,29,5
4,s015,4,30,6
4,s015,4,31,1
4,s015,4,24,7
4,s015,4,26,2
4,s015,4,36,155
4,s015,4,37,51
4,s015,4,38,21
4,s015,4,39,12
4,s015,4,32,39
4,s015,4,33,13
4,s015,4,34,5
4,s015,4,35,2
4,s015,4,44,28
4,s015,4,45,16
4,s015,4,46,5
4,s015,4,47,1
4,s015,4,40,8
4,s015,4,42,2
4,s015,4,52,40
4,s015,4,53,8
4,s015,4,54,9
4,s015,4,55,1
4,s015,4,48,5
4,s015,4,49,6
4,s015,4,50,5
4,s015,4,51,1
4,s015,4,60,8
4,s015,4,61,7
4,s015,4,62,2
4,s015,4,63,1
4,s015,4,56,3
4,s016,7,7,851
4,s016,7,6,146
4,s016,7,5,129
4,s016,7,4,22
4,s016,7,3,197
4,s016,7,2,39
4,s016,7,1,24
4,s016,7,0,2
4,s016,7,15,124
4,s016,7,14,37
4,s016,7,13,22
4,s016,7,12,4
4,s016,7,11,27
4,s016,7,10,4
4,s016,7,9,5
4,s016,7,8,1
4,s016,7,23,191
4,s016,7,22,35
4,s016,7,21,53
4,s016,7,20,5
4,s016,7,19,53
4,s016,7,18,11
4,s016,7,17,8
4,s016,7,16,3
4,s016,7,31,40
4,s016,7,30,4
4,s016,7,29,7
4,s016,7,28,1
4,s016,7,27,10
4,s016,7,26,1
4,s016,7,25,2
4,s016,7,24,1
4,s016,7,39,173
4,s016,7,38,49
4,s016,7,37,26
4,s016,7,36,11
4,s016,7,35,44
4,s016,7,34,10
4,s016,7,33,5
4,s016,7,32,4
4,s016,7,47,27
4,s016,7,46,13
4,s016,7,45,5
4,s016,7,44,3
4,s016,7,43,9
4,s016,7,42,2
4,s016,7,41,1
4,s016,7,55,48
4,s016,7,54,15
4,s016,7,53,11
4,s016,7,52,8
4,s016,7,51,4
4,s016,7,50,2
4,s016,7,49,1
4,s016,7,63,3
4,s016,7,62,5
4,s016,7,61,2
4,s016,7,60,1
4,s017,36,36,847
4,s017,36,37,160
4,s017,36,38,121
4,s017,36,39,28
4,s017,36,32,192
4,s017,36,33,38
4,s017,36,34,36
4,s017,36,35,10
4,s017,36,44,139
4,s017,36,45,36
4,s017,36,46,24
4,s017,36,47,5
4,s017,36,40,30
4,s017,36,41,7
4,s017,36,42,3
4,s017,36,52,197
4,s017,36,53,38
4,s017,36,54,38
4,s017,36,55,8
4,s017,36,48,38
4,s017,36,49,10
4,s017,36,50,14
4,s017,36,51,1
4,s017,36,60,38
4,s017,36,61,6
4,s017,36,62,11
4,s017,36,63,1
4,s017,36,56,6
4,s017,36,57,1
4,s017,36,58,1
4,s017,36,4,168
4,s017,36,5,56
4,s017,36,6,33
4,s017,36,7,10
4,s017,36,0,44
4,s017,36,1,17
4,s017,36,2,7
4,s017,36,3,5
4,s017,36,12,42
4,s017,36,13,12
4,s017,36,14,8
4,s017,36,8,10
4,s017,36,9,6
4,s017,36,10,2
4,s017,36,11,1
4,s017,36,20,47
4,s017,36,21,14
4,s017,36,22,6
4,s017,36,23,6
4,s017,36,16,12
4,s017,36,17,4
4,s017,36,18,3
4,s017,36,28,11
4,s017,36,29,3
4,s017,36,25,3
4,s018,60,60,795
4,s018,60,61,147
4,s018,60,62,126
4,s018,60,63,25
4,s018,60,56,193
4,s018,60,57,30
4,s018,60,58,28
4,s018,60,59,8
4,s018,60,52,130
4,s018,60,53,33
4,s018,60,54,26
4,s018,60,55,2
4,s018,60,48,29
4,s018,60,49,6
4,s018,60,50,7
4,s018,60,44,170
4,s018,60,45,28
4,s018,60,46,40
4,s018,60,47,10
4,s018,60,40,40
4,s018,60,41,7
4,s018,60,42,7
4,s018,60,36,28
4,s018,60,37,8
4,s018,60,38,8
4,s018,60,39,2
4,s018,60,32,11
4,s018,60,33,6
4,s018,60,34,1
4,s018,60,28,183
4,s018,60,29,58
4,s018,60,30,34
4,s018,60,31,7
4,s018,60,24,35
4,s018,60,25,10
4,s018,60,26,3
4,s018,60,27,1
4,s018,60,20,25
4,s018,60,21,12
4,s018,60,22,2
4,s018,60,23,2
4,s018,60,16,3
4,s018,60,17,5
4,s018,60,18,2
4,s018,60,19,1
4,s018,60,12,45
4,s018,60,13,6
4,s018,60,14,6
4,s018,60,15,3
4,s018,60,8,13
4,s018,60,9,1
4,s018,60,10,1
4,s018,60,4,6
4,s018,60,5,6
4,s018,60,6,2
4,s018,60,7,1
4,s018,60,0,3
4,s018,60,1,1
4,s018,60,2,1
4,s018,60,3,1
4,s019,1,1,856
4,s019,1,0,130
4,s019,1,3,145
4,s019,1,2,22
4,s019,1,5,173
4,s019,1,4,43
4,s019,1,7,39
4,s019,1,6,6
4,s019,1,9,121
4,s019,1,8,39
4,s019,1,11,20
4,s019,1,10,9
4,s019,1,13,28
4,s019,1,12,8
4,s019,1,15,8
4,s019,1,14,1
4,s019,1,17,193
4,s019,1,16,29
4,s019,1,19,44
4,s019,1,18,5
4,s019,1,21,38
4,s019,1,20,7
4,s019,1,23,8
4,s019,1,22,1
4,s019,1,25,35
4,s019,1,24,13
4,s019,1,27,2
4,s019,1,29,8
4,s019,1,28,5
4,s019,1,31,3
4,s019,1,30,1
4,s019,1,33,194
4,s019,1,32,65
4,s019,1,35,29
4,s019,1,34,10
4,s019,1,37,43
4,s019,1,36,11
4,s019,1,39,8
4,s019,1,38,2
4,s019,1,41,31
4,s019,1,40,7
4,s019,1,43,6
4,s019,1,42,1
4,s019,1,45,11
4,s019,1,44,2
4,s019,1,47,2
4,s019,1,46,3
4,s019,1,49,49
4,s019,1,48,15
4,s019,1,51,14
4,s019,1,50,1
4,s019,1,53,9
4,s019,1,52,1
4,s019,1,55,1
4,s019,1,54,1
4,s019,1,57,9
4,s019,1,56,1
4,s019,1,59,1
4,s019,1,61,1
4,s020,58,58,812
4,s020,58,59,155
4,s020,58,56,132
4,s020,58,57,28
4,s020,58,62,172
4,s020,58,63,34
4,s020,58,60,40
4,s020,58,61,5
4,s020,58,50,130
4,s020,58,51,36
4,s020,58,48,21
4,s020,58,49,3
4,s020,58,54,29
4,s020,58,55,5
4,s020,58,52,7
4,s020,58,53,2
4,s020,58,42,178
4,s020,58,43,29
4,s020,58,40,39
4,s020,58,41,13
4,s020,58,46,56
4,s020,58,47,7
4,s020,58,44,9
4,s020,58,34,30
4,s020,58,35,5
4,s020,58,32,3
4,s020,58,33,4
4,s020,58,38,9
4,s020,58,39,1
4,s020,58,36,2
4,s020,58,37,2
4,s020,58,26,203
4,s020,58,27,40
4,s020,58,24,28
4,s020,58,25,8
4,s020,58,30,46
4,s020,58,31,11
4,s020,58,28,5
4,s020,58,29,2
4,s020,58,18,38
4,s020,58,19,12
4,s020,58,16,5
4,s020,58,17,2
4,s020,58,22,10
4,s020,58,23,4
4,s020,58,20,2
4,s020,58,21,2
4,s020,58,10,39
4,s020,58,11,10
4,s020,58,8,10
4,s020,58,9,5
4,s020,58,14,8
4,s020,58,15,2
4,s020,58,12,4
4,s020,58,13,1
4,s020,58,2,13
4,s020,58,3,4
4,s020,58,0,3
4,s020,58,1,1
4,s020,58,6,3
4,s021,58,58,805
4,s021,58,59,164
4,s021,58,56,126
4,s021,58,57,35
4,s021,58,62,192
4,s021,58,63,40
4,s021,58,60,27
4,s021,58,61,9
4,s021,58,50,146
4,s021,58,51,42
4,s021,58,48,22
4,s021,58,49,3
4,s021,58,54,33
4,s021,58,55,10
4,s021,58,52,4
4,s021,58,42,190
4,s021,58,43,30
4,s021,58,40,47
4,s021,58,41,7
4,s021,58,46,49
4,s021,58,47,11
4,s021,58,44,6
4,s021,58,34,32
4,s021,58,35,2
4,s021,58,32,3
4,s021,58,33,2
4,s021,58,38,2
4,s021,58,39,2
4,s021,58,36,2
4,s021,58,37,1
4,s021,58,26,180
4,s021,58,27,65
4,s021,58,24,32
4,s021,58,25,18
4,s021,58,30,35
4,s021,58,31,14
4,s021,58,28,6
4,s021,58,18,38
4,s021,58,19,9
4,s021,58,16,3
4,s021,58,17,1
4,s021,58,22,5
4,s021,58,23,5
4,s021,58,10,52
4,s021,58,11,12
4,s021,58,8,11
4,s021,58,9,3
4,s021,58,14,14
4,s021,58,15,4
4,s021,58,12,1
4,s021,58,13,2
4,s021,58,2,8
4,s021,58,3,5
4,s022,41,41,792
4,s022,41,40,148
4,s022,41,43,107
4,s022,41,42,19
4,s022,41,45,190
4,s022,41,44,33
4,s022,41,47,23
4,s022,41,46,5
4,s022,41,33,138
4,s022,41,32,29
4,s022,41,35,30
4,s022,41,34,2
4,s022,41,37,31
4,s022,41,36,6
4,s022,41,39,8
4,s022,41,38,1
4,s022,41,57,185
4,s022,41,56,36
4,s022,41,59,48
4,s022,41,58,8
4,s022,41,61,33
4,s022,41,60,5
4,s022,41,63,8
4,s022,41,62,4
4,s022,41,49,31
4,s022,41,48,3
4,s022,41,51,5
4,s022,41,50,3
4,s022,41,53,8
4,s022,41,52,2
4,s022,41,9,184
4,s022,41,8,51
4,s022,41,11,23
4,s022,41,10,6
4,s022,41,13,47
4,s022,41,12,21
4,s022,41,15,6
4,s022,41,14,4
4,s022,41,1,32
4,s022,41,0,8
4,s022,41,3,3
4,s022,41,5,6
4,s022,41,4,2
4,s022,41,7,2
4,s022,41,25,45
4,s022,41,24,17
4,s022,41,27,12
4,s022,41,26,7
4,s022,41,29,4
4,s022,41,28,3
4,s022,41,31,2
4,s022,41,17,8
4,s022,41,16,4
4,s022,41,19,1
4,s022,41,21,3
4,s022,41,20,1
4,s023,62,62,792
4,s023,62,63,166
4,s023,62,60,119
4,s023,62,61,28
4,s023,62,58,178
4,s023,62,59,36
4,s023,62,56,28
4,s023,62,57,2
4,s023,62,54,116
4,s023,62,55,39
4,s023,62,52,14
4,s023,62,53,8
4,s023,62,50,28
4,s023,62,51,6
4,s023,62,48,5
4,s023,62,46,159
4,s023,62,47,42
4,s023,62,44,34
4,s023,62,45,11
4,s023,62,42,32
4,s023,62,43,7
4,s023,62,40,10
4,s023,62,38,28
4,s023,62,39,11
4,s023,62,36,8
4,s023,62,37,4
4,s023,62,34,5
4,s023,62,35,1
4,s023,62,30,167
4,s023,62,31,57
4,s023,62,28,39
4,s023,62,29,11
4,s023,62,26,35
4,s023,62,27,16
4,s023,62,24,3
4,s023,62,25,8
4,s023,62,22,35
4,s023,62,23,14
4,s023,62,20,2
4,s023,62,21,1
4,s023,62,18,3
4,s023,62,19,2
4,s023,62,16,4
4,s023,62,17,1
4,s023,62,14,47
4,s023,62,15,15
4,s023,62,12,15
4,s023,62,13,5
4,s023,62,10,9
4,s023,62,11,3
4,s023,62,8,3
4,s023,62,6,9
4,s023,62,7,5
4,s023,62,4,1
4,s023,62,2,1
4,s023,62,3,1
4,s024,61,61,809
4,s024,61,60,149
4,s024,61,63,122
4,s024,61,62,25
4,s024,61,57,194
4,s024,61,56,28
4,s024,61,59,27
4,s024,61,58,6
4,s024,61,53,127
4,s024,61,52,23
4,s024,61,55,37
4,s024,61,54,7
4,s024,61,49,30
4,s024,61,48,11
4,s024,61,51,3
4,s024,61,50,3
4,s024,61,45,159
4,s024,61,44,43
4,s024,61,47,32
4,s024,61,46,9
4,s024,61,41,42
4,s024,61,40,5
4,s024,61,43,13
4,s024,61,42,2
4,s024,61,37,32
4,s024,61,36,8
4,s024,61,39,6
4,s024,61,33,7
4,s024,61,35,2
4,s024,61,34,1
4,s024,61,29,203
4,s024,61,28,44
4,s024,61,31,26
4,s024,61,30,4
4,s024,61,25,37
4,s024,61,24,14
4,s024,61,27,8
4,s024,61,26,1
4,s024,61,21,26
4,s024,61,20,16
4,s024,61,23,5
4,s024,61,22,6
4,s024,61,17,6
4,s024,61,16,1
4,s024,61,19,2
4,s024,61,18,3
4,s024,61,13,31
4,s024,61,12,17
4,s024,61,15,7
4,s024,61,14,3
4,s024,61,9,17
4,s024,61,8,3
4,s024,61,11,5
4,s024,61,5,4
4,s024,61,1,1
4,s024,61,3,1
4,s024,61,2,1
4,s025,45,45,834
4,s025,45,44,121
4,s025,45,47,153
4,s025,45,46,23
4,s025,45,41,170
4,s025,45,40,26
4,s025,45,43,35
4,s025,45,42,14
4,s025,45,37,138
4,s025,45,36,33
4,s025,45,39,20
4,s025,45,38,2
4,s025,45,33,29
4,s025,45,32,10
4,s025,45,35,6
4,s025,45,34,1
4,s025,45,61,180
4,s025,45,60,32
4,s025,45,63,47
4,s025,45,62,12
4,s025,45,57,48
4,s025,45,56,5
4,s025,45,59,10
4,s025,45,58,4
4,s025,45,53,20
4,s025,45,52,11
4,s025,45,55,7
4,s025,45,54,1
4,s025,45,49,9
4,s025,45,48,1
4,s025,45,51,2
4,s025,45,50,1
4,s025,45,13,187
4,s025,45,12,46
4,s025,45,15,26
4,s025,45,14,7
4,s025,45,9,51
4,s025,45,8,14
4,s025,45,11,7
4,s025,45,10,2
4,s025,45,5,30
4,s025,45,4,8
4,s025,45,7,7
4,s025,45,6,3
4,s025,45,1,5
4,s025,45,0,2
4,s025,45,29,32
4,s025,45,28,15
4,s025,45,31,8
4,s025,45,30,3
4,s025,45,25,9
4,s025,45,24,3
4,s025,45,27,7
4,s025,45,21,9
4,s025,45,20,5
4,s025,45,17,3
4,s025,45,16,1
4,s025,45,19,2
4,s026,10,10,736
4,s026,10,11,149
4,s026,10,8,121
4,s026,10,9,21
4,s026,10,14,193
4,s026,10,15,37
4,s026,10,12,26
4,s026,10,13,4
4,s026,10,2,148
4,s026,10,3,30
4,s026,10,0,17
4,s026,10,1,11
4,s026,10,6,23
4,s026,10,7,5
4,s026,10,4,5
4,s026,10,5,2
4,s026,10,26,171
4,s026,10,27,28
4,s026,10,24,39
4,s026,10,25,3
4,s026,10,30,37
4,s026,10,31,2
4,s026,10,28,7
4,s026,10,18,33
4,s026,10,19,6
4,s026,10,16,8
4,s026,10,17,2
4,s026,10,22,6
4,s026,10,23,1
4,s026,10,20,4
4,s026,10,42,171
4,s026,10,43,50
4,s026,10,40,28
4,s026,10,41,9
4,s026,10,46,41
4,s026,10,47,15
4,s026,10,44,6
4,s026,10,45,4
4,s026,10,34,26
4,s026,10,35,11
4,s026,10,32,7
4,s026,10,33,2
4,s026,10,38,10
4,s026,10,39,4
4,s026,10,36,2
4,s026,10,58,37
4,s026,10,59,9
4,s026,10,56,8
4,s026,10,57,6
4,s026,10,62,15
4,s026,10,63,2
4,s026,10,60,3
4,s026,10,61,1
4,s026,10,50,6
4,s026,10,51,1
4,s026,10,48,3
4,s026,10,49,2
4,s026,10,52,1
4,s027,11,11,738
4,s027,11,10,161
4,s027,11,9,124
4,s027,11,8,35
4,s027,11,15,198
4,s027,11,14,26
4,s027,11,13,31
4,s027,11,12,3
4,s027,11,3,152
4,s027,11,2,38
4,s027,11,1,18
4,s027,11,0,7
4,s027,11,7,23
4,s027,11,6,7
4,s027,11,5,4
4,s027,11,27,169
4,s027,11,26,31
4,s027,11,25,47
4,s027,11,24,6
4,s027,11,31,37
4,s027,11,30,9
4,s027,11,29,8
4,s027,11,28,2
4,s027,11,19,28
4,s027,11,18,12
4,s027,11,17,9
4,s027,11,16,2
4,s027,11,23,7
4,s027,11,22,1
4,s027,11,21,4
4,s027,11,43,186
4,s027,11,42,74
4,s027,11,41,30
4,s027,11,40,15
4,s027,11,47,33
4,s027,11,46,13
4,s027,11,45,6
4,s027,11,44,3
4,s027,11,35,26
4,s027,11,34,13
4,s027,11,33,9
4,s027,11,32,2
4,s027,11,39,7
4,s027,11,38,3
4,s027,11,37,1
4,s027,11,36,3
4,s027,11,59,30
4,s027,11,58,11
4,s027,11,57,10
4,s027,11,56,2
4,s027,11,63,6
4,s027,11,62,2
4,s027,11,61,3
4,s027,11,60,1
4,s027,11,51,6
4,s027,11,50,2
4,s027,11,49,4
4,s027,11,52,1
4,s028,28,28,803
4,s028,28,29,154
4,s028,28,30,148
4,s028,28,31,28
4,s028,28,24,158
4,s028,28,25,31
4,s028,28,26,43
4,s028,28,27,5
4,s028,28,20,145
4,s028,28,21,39
4,s028,28,22,18
4,s028,28,23,7
4,s028,28,16,21
4,s028,28,17,11
4,s028,28,18,7
4,s028,28,12,189
4,s028,28,13,38
4,s028,28,14,39
4,s028,28,15,6
4,s028,28,8,45
4,s028,28,9,3
4,s028,28,10,14
4,s028,28,4,34
4,s028,28,5,11
4,s028,28,6,10
4,s028,28,7,4
4,s028,28,0,6
4,s028,28,1,1
4,s028,28,2,2
4,s028,28,60,190
4,s028,28,61,46
4,s028,28,62,24
4,s028,28,63,11
4,s028,28,56,32
4,s028,28,57,10
4,s028,28,58,3
4,s028,28,59,1
4,s028,28,52,28
4,s028,28,53,14
4,s028,28,54,5
4,s028,28,55,3
4,s028,28,48,13
4,s028,28,49,5
4,s028,28,50,2
4,s028,28,51,1
4,s028,28,44,51
4,s028,28,45,21
4,s028,28,46,10
4,s028,28,47,4
4,s028,28,40,12
4,s028,28,41,3
4,s028,28,42,1
4,s028,28,43,1
4,s028,28,36,13
4,s028,28,37,6
4,s028,28,38,1
4,s028,28,39,2
4,s028,28,32,1
4,s029,22,22,849
4,s029,22,23,126
4,s029,22,20,122
4,s029,22,21,18
4,s029,22,18,190
4,s029,22,19,24
4,s029,22,16,26
4,s029,22,17,2
4,s029,22,30,118
4,s029,22,31,37
4,s029,22,28,15
4,s029,22,29,6
4,s029,22,26,23
4,s029,22,27,8
4,s029,22,24,2
4,s029,22,25,1
4,s029,22,6,179
4,s029,22,7,36
4,s029,22,4,36
4,s029,22,5,11
4,s029,22,2,36
4,s029,22,3,6
4,s029,22,0,13
4,s029,22,1,2
4,s029,22,14,21
4,s029,22,15,14
4,s029,22,12,8
4,s029,22,13,5
4,s029,22,10,6
4,s029,22,11,3
4,s029,22,8,2
4,s029,22,9,1
4,s029,22,54,189
4,s029,22,55,54
4,s029,22,52,30
4,s029,22,53,11
4,s029,22,50,34
4,s029,22,51,13
4,s029,22,48,9
4,s029,22,49,1
4,s029,22,62,36
4,s029,22,63,17
4,s029,22,60,4
4,s029,22,61,1
4,s029,22,58,6
4,s029,22,59,3
4,s029,22,57,1
4,s029,22,38,38
4,s029,22,39,11
4,s029,22,36,7
4,s029,22,37,2
4,s029,22,34,9
4,s029,22,35,1
4,s029,22,32,2
4,s029,22,33,2
4,s029,22,46,5
4,s029,22,47,5
4,s029,22,44,2
4,s029,22,45,2
4,s029,22,42,2
4,s029,22,43,2
4,s030,26,26,781
4,s030,26,27,151
4,s030,26,24,140
4,s030,26,25,18
4,s030,26,30,187
4,s030,26,31,34
4,s030,26,28,29
4,s030,26,29,9
4,s030,26,18,135
4,s030,26,19,24
4,s030,26,16,13
4,s030,26,17,5
4,s030,26,22,25
4,s030,26,23,8
4,s030,26,20,3
4,s030,26,21,1
4,s030,26,10,167
4,s030,26,11,39
4,s030,26,8,29
4,s030,26,9,11
4,s030,26,14,41
4,s030,26,15,7
4,s030,26,12,8
4,s030,26,13,2
4,s030,26,2,30
4,s030,26,3,10
4,s030,26,0,6
4,s030,26,1,3
4,s030,26,6,8
4,s030,26,4,3
4,s030,26,58,173
4,s030,26,59,50
4,s030,26,56,23
4,s030,26,57,17
4,s030,26,62,35
4,s030,26,63,7
4,s030,26,60,7
4,s030,26,61,2
4,s030,26,50,36
4,s030,26,51,14
4,s030,26,48,6
4,s030,26,49,2
4,s030,26,54,9
4,s030,26,55,2
4,s030,26,52,3
4,s030,26,53,3
4,s030,26,42,43
4,s030,26,43,13
4,s030,26,40,12
4,s030,26,41,3
4,s030,26,46,11
4,s030,26,47,4
4,s030,26,44,4
4,s030,26,45,1
4,s030,26,34,8
4,s030,26,35,2
4,s030,26,32,2
4,s030,26,38,3
4,s031,13,13,871
4,s031,13,12,151
4,s031,13,15,139
4,s031,13,14,27
4,s031,13,9,183
4,s031,13,8,35
4,s031,13,11,36
4,s031,13,10,9
4,s031,13,5,136
4,s031,13,4,33
4,s031,13,7,17
4,s031,13,6,4
4,s031,13,1,29
4,s031,13,0,10
4,s031,13,3,8
4,s031,13,2,2
4,s031,13,29,188
4,s031,13,28,38
4,s031,13,31,45
4,s031,13,30,7
4,s031,13,25,48
4,s031,13,24,6
4,s031,13,27,10
4,s031,13,21,28
4,s031,13,20,1
4,s031,13,23,12
4,s031,13,22,4
4,s031,13,17,6
4,s031,13,16,3
4,s031,13,19,2
4,s031,13,45,182
4,s031,13,44,47
4,s031,13,47,39
4,s031,13,46,5
4,s031,13,41,50
4,s031,13,40,7
4,s031,13,43,5
4,s031,13,42,2
4,s031,13,37,41
4,s031,13,36,19
4,s031,13,39,5
4,s031,13,38,2
4,s031,13,33,5
4,s031,13,32,1
4,s031,13,35,1
4,s031,13,61,43
4,s031,13,60,18
4,s031,13,63,16
4,s031,13,62,3
4,s031,13,57,15
4,s031,13,56,8
4,s031,13,59,4
4,s031,13,53,8
4,s031,13,52,2
4,s031,13,55,1
4,s031,13,54,1
4,s031,13,51,1
4,s032,6,6,820
4,s032,6,7,125
4,s032,6,4,126
4,s032,6,5,29
4,s032,6,2,175
4,s032,6,3,38
4,s032,6,0,24
4,s032,6,1,4
4,s032,6,14,140
4,s032,6,15,28
4,s032,6,12,12
4,s032,6,13,6
4,s032,6,10,23
4,s032,6,11,11
4,s032,6,8,3
4,s032,6,9,2
4,s032,6,22,193
4,s032,6,23,28
4,s032,6,20,38
4,s032,6,21,5
4,s032,6,18,39
4,s032,6,19,3
4,s032,6,16,10
4,s032,6,17,3
4,s032,6,30,27
4,s032,6,31,2
4,s032,6,28,11
4,s032,6,29,2
4,s032,6,26,5
4,s032,6,24,4
4,s032,6,38,177
4,s032,6,39,46
4,s032,6,36,30
4,s032,6,37,9
4,s032,6,34,26
4,s032,6,35,9
4,s032,6,32,5
4,s032,6,33,1
4,s032,6,46,25
4,s032,6,47,20
4,s032,6,44,4
4,s032,6,45,3
4,s032,6,42,7
4,s032,6,43,3
4,s032,6,54,47
4,s032,6,55,13
4,s032,6,52,15
4,s032,6,53,3
4,s032,6,50,12
4,s032,6,51,4
4,s032,6,48,1
4,s032,6,62,7
4,s032,6,60,1
4,s033,41,41,829
4,s033,41,40,137
4,s033,41,43,125
4,s033,41,42,29
4,s033,41,45,199
4,s033,41,44,36
4,s033,41,47,25
4,s033,41,46,7
4,s033,41,33,153
4,s033,41,32,36
4,s033,41,35,19
4,s033,41,34,4
4,s033,41,37,32
4,s033,41,36,7
4,s033,41,39,8
4,s033,41,38,3
4,s033,41,57,202
4,s033,41,56,35
4,s033,41,59,43
4,s033,41,58,5
4,s033,41,61,38
4,s033,41,60,8
4,s033,41,63,7
4,s033,41,62,2
4,s033,41,49,35
4,s033,41,48,7
4,s033,41,51,7
4,s033,41,50,2
4,s033,41,53,9
4,s033,41,52,2
4,s033,41,55,4
4,s033,41,54,2
4,s033,41,9,213
4,s033,41,8,66
4,s033,41,11,31
4,s033,41,10,10
4,s033,41,13,49
4,s033,41,12,9
4,s033,41,15,6
4,s033,41,14,4
4,s033,41,1,27
4,s033,41,0,14
4,s033,41,3,3
4,s033,41,5,9
4,s033,41,4,4
4,s033,41,7,2
4,s033,41,6,1
4,s033,41,25,33
4,s033,41,24,6
4,s033,41,27,16
4,s033,41,26,4
4,s033,41,29,14
4,s033,41,28,5
4,s033,41,31,3
4,s033,41,17,4
4,s033,41,16,6
4,s033,41,19,4
4,s033,41,18,2
4,s033,41,21,5
4,s034,32,32,775
4,s034,32,33,143
4,s034,32,34,135
4,s034,32,35,27
4,s034,32,36,184
4,s034,32,37,41
4,s034,32,38,38
4,s034,32,39,4
4,s034,32,40,125
4,s034,32,41,29
4,s034,32,42,18
4,s034,32,43,6
4,s034,32,44,30
4,s034,32,45,6
4,s034,32,46,5
4,s034,32,47,1
4,s034,32,48,191
4,s034,32,49,22
4,s034,32,50,42
4,s034,32,51,8
4,s034,32,52,27
4,s034,32,53,7
4,s034,32,54,11
4,s034,32,55,3
4,s034,32,56,30
4,s034,32,57,11
4,s034,32,58,5
4,s034,32,59,5
4,s034,32,60,12
4,s034,32,61,4
4,s034,32,62,2
4,s034,32,63,1
4,s034,32,0,165
4,s034,32,1,47
4,s034,32,2,28
4,s034,32,3,7
4,s034,32,4,41
4,s034,32,5,14
4,s034,32,6,5
4,s034,32,7,4
4,s034,32,8,37
4,s034,32,9,10
4,s034,32,10,10
4,s034,32,11,3
4,s034,32,12,6
4,s034,32,13,1
4,s034,32,14,1
4,s034,32,16,39
4,s034,32,17,16
4,s034,32,18,8
4,s034,32,19,1
4,s034,32,20,8
4,s034,32,21,2
4,s034,32,22,1
4,s034,32,24,6
4,s034,32,25,7
4,s034,32,26,2
4,s034,32,27,1
4,s034,32,28,2
4,s034,32,30,1
4,s035,50,50,808
4,s035,50,51,127
4,s035,50,48,123
4,s035,50,49,26
4,s035,50,54,192
4,s035,50,55,32
4,s035,50,52,31
4,s035,50,53,9
4,s035,50,58,134
4,s035,50,59,38
4,s035,50,56,23
4,s035,50,57,7
4,s035,50,62,35
4,s035,50,63,9
4,s035,50,60,6
4,s035,50,34,177
4,s035,50,35,27
4,s035,50,32,31
4,s035,50,33,11
4,s035,50,38,34
4,s035,50,39,6
4,s035,50,36,9
4,s035,50,37,4
4,s035,50,42,40
4,s035,50,43,8
4,s035,50,40,6
4,s035,50,41,3
4,s035,50,46,1
4,s035,50,44,2
4,s035,50,18,181
4,s035,50,19,61
4,s035,50,16,37
4,s035,50,17,10
4,s035,50,22,42
4,s035,50,23,9
4,s035,50,20,4
4,s035,50,21,5
4,s035,50,26,36
4,s035,50,27,12
4,s035,50,24,6
4,s035,50,25,3
4,s035,50,30,6
4,s035,50,31,6
4,s035,50,28,3
4,s035,50,2,42
4,s035,50,3,16
4,s035,50,0,11
4,s035,50,1,3
4,s035,50,6,12
4,s035,50,7,4
4,s035,50,4,4
4,s035,50,10,6
4,s035,50,11,4
4,s035,50,8,3
4,s035,50,14,3
4,s036,3,3,757
4,s036,3,2,132
4,s036,3,1,113
4,s036,3,0,34
4,s036,3,7,202
4,s036,3,6,25
4,s036,3,5,31
4,s036,3,4,9
4,s036,3,11,117
4,s036,3,10,23
4,s036,3,9,21
4,s036,3,8,12
4,s036,3,15,32
4,s036,3,14,10
4,s036,3,13,6
4,s036,3,12,3
4,s036,3,19,178
4,s036,3,18,35
4,s036,3,17,45
4,s036,3,16,11
4,s036,3,23,40
4,s036,3,22,3
4,s036,3,21,13
4,s036,3,20,3
4,s036,3,27,28
4,s036,3,26,5
4,s036,3,25,4
4,s036,3,24,1
4,s036,3,31,8
4,s036,3,30,2
4,s036,3,29,2
4,s036,3,28,1
4,s036,3,35,168
4,s036,3,34,47
4,s036,3,33,26
4,s036,3,32,9
4,s036,3,39,48
4,s036,3,38,11
4,s036,3,37,10
4,s036,3,36,2
4,s036,3,43,31
4,s036,3,42,16
4,s036,3,41,4
4,s036,3,40,1
4,s036,3,47,7
4,s036,3,46,4
4,s036,3,45,3
4,s036,3,51,47
4,s036,3,50,11
4,s036,3,49,11
4,s036,3,48,3
4,s036,3,55,10
4,s036,3,54,4
4,s036,3,53,3
4,s036,3,59,7
4,s036,3,58,5
4,s036,3,57,4
4,s036,3,63,2
4,s036,3,62,1
4,s036,3,60,1
4,s037,47,47,783
4,s037,47,46,175
4,s037,47,45,116
4,s037,47,44,31
4,s037,47,43,190
4,s037,47,42,28
4,s037,47,41,30
4,s037,47,40,4
4,s037,47,39,132
4,s037,47,38,37
4,s037,47,37,21
4,s037,47,36,10
4,s037,47,35,25
4,s037,47,34,8
4,s037,47,33,4
4,s037,47,32,2
4,s037,47,63,173
4,s037,47,62,30
4,s037,47,61,48
4,s037,47,60,10
4,s037,47,59,42
4,s037,47,58,13
4,s037,47,57,11
4,s037,47,56,2
4,s037,47,55,32
4,s037,47,54,7
4,s037,47,53,3
4,s037,47,52,3
4,s037,47,51,12
4,s037,47,49,2
4,s037,47,48,1
4,s037,47,15,182
4,s037,47,14,66
4,s037,47,13,25
4,s037,47,12,7
4,s037,47,11,56
4,s037,47,10,10
4,s037,47,9,5
4,s037,47,8,1
4,s037,47,7,32
4,s037,47,6,12
4,s037,47,5,5
4,s037,47,4,4
4,s037,47,3,6
4,s037,47,2,6
4,s037,47,1,1
4,s037,47,0,1
4,s037,47,31,51
4,s037,47,30,16
4,s037,47,29,9
4,s037,47,28,5
4,s037,47,27,8
4,s037,47,26,1
4,s037,47,25,7
4,s037,47,24,1
4,s037,47,23,8
4,s037,47,22,2
4,s037,47,21,1
4,s037,47,20,1
4,s037,47,19,1
4,s037,47,16,1
7,s000,53,53,455
7,s000,53,52,142
7,s000,53,55,109
7,s000,53,54,34
7,s000,53,49,165
7,s000,53,48,47
7,s000,53,51,46
7,s000,53,50,11
7,s000,53,61,127
7,s000,53,60,51
7,s000,53,63,35
7,s000,53,62,18
7,s000,53,57,55
7,s000,53,56,12
7,s000,53,59,15
7,s000,53,58,7
7,s000,53,37,160
7,s000,53,36,35
7,s000,53,39,63
7,s000,53,38,11
7,s000,53,33,66
7,s000,53,32,17
7,s000,53,35,18
7,s000,53,34,13
7,s000,53,45,34
7,s000,53,44,24
7,s000,53,47,19
7,s000,53,46,9
7,s000,53,41,17
7,s000,53,40,3
7,s000,53,43,6
7,s000,53,42,2
7,s000,53,21,176
7,s000,53,20,76
7,s000,53,23,46
7,s000,53,22,14
7,s000,53,17,66
7,s000,53,16,28
7,s000,53,19,10
7,s000,53,18,9
7,s000,53,29,53
7,s000,53,28,25
7,s000,53,31,10
7,s000,53,30,5
7,s000,53,25,14
7,s000,53,24,6
7,s000,53,27,2
7,s000,53,26,2
7,s000,53,5,59
7,s000,53,4,28
7,s000,53,7,27
7,s000,53,6,16
7,s000,53,1,18
7,s000,53,0,7
7,s000,53,3,8
7,s000,53,2,2
7,s000,53,13,13
7,s000,53,12,14
7,s000,53,15,5
7,s000,53,14,4
7,s000,53,9,7
7,s000,53,8,1
7,s000,53,11,2
7,s000,53,10,2
7,s001,35,35,435
7,s001,35,34,132
7,s001,35,33,136
7,s001,35,32,28
7,s001,35,39,145
7,s001,35,38,48
7,s001,35,37,46
7,s001,35,36,19
7,s001,35,43,125
7,s001,35,42,45
7,s001,35,41,38
7,s001,35,40,17
7,s001,35,47,59
7,s001,35,46,18
7,s001,35,45,10
7,s001,35,44,4
7,s001,35,51,167
7,s001,35,50,41
7,s001,35,49,55
7,s001,35,48,18
7,s001,35,55,47
7,s001,35,54,18
7,s001,35,53,16
7,s001,35,52,8
7,s001,35,59,40
7,s001,35,58,13
7,s001,35,57,17
7,s001,35,56,7
7,s001,35,63,14
7,s001,35,62,3
7,s001,35,61,3
7,s001,35,60,1
7,s001,35,3,173
7,s001,35,2,66
7,s001,35,1,48
7,s001,35,0,14
7,s001,35,7,60
7,s001,35,6,21
7,s001,35,5,19
7,s001,35,4,7
7,s001,35,11,58
7,s001,35,10,19
7,s001,35,9,21
7,s001,35,8,11
7,s001,35,15,15
7,s001,35,14,11
7,s001,35,13,4
7,s001,35,12,1
7,s001,35,19,62
7,s001,35,18,24
7,s001,35,17,22
7,s001,35,16,9
7,s001,35,23,21
7,s001,35,22,10
7,s001,35,21,18
7,s001,35,20,3
7,s001,35,27,19
7,s001,35,26,9
7,s001,35,25,9
7,s001,35,24,6
7,s001,35,31,3
7,s001,35,30,2
7,s001,35,29,2
7,s001,35,28,2
7,s002,24,24,436
7,s002,24,25,141
7,s002,24,26,111
7,s002,24,27,47
7,s002,24,28,179
7,s002,24,29,47
7,s002,24,30,30
7,s002,24,31,9
7,s002,24,16,136
7,s002,24,17,54
7,s002,24,18,30
7,s002,24,19,13
7,s002,24,20,48
7,s002,24,21,21
7,s002,24,22,12
7,s002,24,23,5
7,s002,24,8,141
7,s002,24,9,44
7,s002,24,10,51
7,s002,24,11,19
7,s002,24,12,64
7,s002,24,13,15
7,s002,24,14,20
7,s002,24,15,5
7,s002,24,0,49
7,s002,24,1,18
7,s002,24,2,12
7,s002,24,3,11
7,s002,24,4,22
7,s002,24,5,9
7,s002,24,6,10
7,s002,24,7,1
7,s002,24,56,174
7,s002,24,57,58
7,s002,24,58,44
7,s002,24,59,19
7,s002,24,60,42
7,s002,24,61,24
7,s002,24,62,17
7,s002,24,63,9
7,s002,24,48,57
7,s002,24,49,23
7,s002,24,50,20
7,s002,24,51,9
7,s002,24,52,12
7,s002,24,53,5
7,s002,24,54,3
7,s002,24,55,3
7,s002,24,40,51
7,s002,24,41,14
7,s002,24,42,26
7,s002,24,43,4
7,s002,24,44,27
7,s002,24,45,9
7,s002,24,46,10
7,s002,24,47,4
7,s002,24,32,18
7,s002,24,33,11
7,s002,24,34,5
7,s002,24,35,4
7,s002,24,36,5
7,s002,24,37,3
7,s002,24,38,3
7,s002,24,39,1
7,s003,5,5,408
7,s003,5,4,125
7,s003,5,7,97
7,s003,5,6,45
7,s003,5,1,165
7,s003,5,0,37
7,s003,5,3,46
7,s003,5,2,11
7,s003,5,13,112
7,s003,5,12,41
7,s003,5,15,25
7,s003,5,14,12
7,s003,5,9,59
7,s003,5,8,13
7,s003,5,11,13
7,s003,5,10,4
7,s003,5,21,175
7,s003,5,20,39
7,s003,5,23,60
7,s003,5,22,19
7,s003,5,17,63
7,s003,5,16,19
7,s003,5,19,21
7,s003,5,18,6
7,s003,5,29,54
7,s003,5,28,16
7,s003,5,31,11
7,s003,5,30,7
7,s003,5,25,13
7,s003,5,24,4
7,s003,5,27,3
7,s003,5,26,3
7,s003,5,37,159
7,s003,5,36,76
7,s003,5,39,43
7,s003,5,38,21
7,s003,5,33,62
7,s003,5,32,28
7,s003,5,35,19
7,s003,5,34,6
7,s003,5,45,47
7,s003,5,44,27
7,s003,5,47,12
7,s003,5,46,6
7,s003,5,41,22
7,s003,5,40,7
7,s003,5,43,2
7,s003,5,42,5
7,s003,5,53,61
7,s003,5,52,29
7,s003,5,55,15
7,s003,5,54,6
7,s003,5,49,29
7,s003,5,48,8
7,s003,5,51,10
7,s003,5,50,4
7,s003,5,61,20
7,s003,5,60,8
7,s003,5,63,5
7,s003,5,62,2
7,s003,5,57,6
7,s003,5,56,3
7,s003,5,59,6
7,s003,5,58,3
7,s004,27,27,425
7,s004,27,26,138
7,s004,27,25,127
7,s004,27,24,39
7,s004,27,31,150
7,s004,27,30,46
7,s004,27,29,48
7,s004,27,28,16
7,s004,27,19,119
7,s004,27,18,31
7,s004,27,17,29
7,s004,27,16,7
7,s004,27,23,38
7,s004,27,22,16
7,s004,27,21,11
7,s004,27,20,8
7,s004,27,11,138
7,s004,27,10,43
7,s004,27,9,53
7,s004,27,8,12
7,s004,27,15,43
7,s004,27,14,15
7,s004,27,13,19
7,s004,27,12,5
7,s004,27,3,52
7,s004,27,2,19
7,s004,27,1,19
7,s004,27,0,2
7,s004,27,7,19
7,s004,27,6,5
7,s004,27,5,5
7,s004,27,4,3
7,s004,27,59,143
7,s004,27,58,82
7,s004,27,57,31
7,s004,27,56,18
7,s004,27,63,52
7,s004,27,62,31
7,s004,27,61,19
7,s004,27,60,6
7,s004,27,51,49
7,s004,27,50,17
7,s004,27,49,12
7,s004,27,48,2
7,s004,27,55,12
7,s004,27,54,15
7,s004,27,53,6
7,s004,27,52,2
7,s004,27,43,51
7,s004,27,42,24
7,s004,27,41,17
7,s004,27,40,15
7,s004,27,47,19
7,s004,27,46,11
7,s004,27,45,8
7,s004,27,44,4
7,s004,27,35,12
7,s004,27,34,8
7,s004,27,33,1
7,s004,27,32,5
7,s004,27,39,7
7,s004,27,38,4
7,s004,27,37,1
7,s004,27,36,1
7,s005,20,20,464
7,s005,20,21,149
7,s005,20,22,127
7,s005,20,23,38
7,s005,20,16,193
7,s005,20,17,56
7,s005,20,18,50
7,s005,20,19,9
7,s005,20,28,129
7,s005,20,29,48
7,s005,20,30,33
7,s005,20,31,14
7,s005,20,24,54
7,s005,20,25,18
7,s005,20,26,7
7,s005,20,27,2
7,s005,20,4,150
7,s005,20,5,46
7,s005,20,6,54
7,s005,20,7,22
7,s005,20,0,56
7,s005,20,1,14
7,s005,20,2,24
7,s005,20,3,6
7,s005,20,12,55
7,s005,20,13,17
7,s005,20,14,19
7,s005,20,15,5
7,s005,20,8,14
7,s005,20,9,4
7,s005,20,10,11
7,s005,20,11,3
7,s005,20,52,175
7,s005,20,53,68
7,s005,20,54,28
7,s005,20,55,22
7,s005,20,48,62
7,s005,20,49,26
7,s005,20,50,15
7,s005,20,51,4
7,s005,20,60,49
7,s005,20,61,23
7,s005,20,62,6
7,s005,20,63,7
7,s005,20,56,23
7,s005,20,57,7
7,s005,20,58,4
7,s005,20,59,2
7,s005,20,36,69
7,s005,20,37,14
7,s005,20,38,21
7,s005,20,39,10
7,s005,20,32,28
7,s005,20,33,6
7,s005,20,34,6
7,s005,20,35,4
7,s005,20,44,17
7,s005,20,45,8
7,s005,20,46,6
7,s005,20,47,5
7,s005,20,40,12
7,s005,20,41,4
7,s005,20,42,2
7,s005,20,43,1
7,s006,17,17,406
7,s006,17,16,116
7,s006,17,19,123
7,s006,17,18,29
7,s006,17,21,146
7,s006,17,20,58
7,s006,17,23,51
7,s006,17,22,13
7,s006,17,25,113
7,s006,17,24,52
7,s006,17,27,32
7,s006,17,26,13
7,s006,17,29,39
7,s006,17,28,19
7,s006,17,31,10
7,s006,17,30,5
7,s006,17,1,142
7,s006,17,0,37
7,s006,17,3,55
7,s006,17,2,21
7,s006,17,5,58
7,s006,17,4,23
7,s006,17,7,19
7,s006,17,6,8
7,s006,17,9,47
7,s006,17,8,21
7,s006,17,11,12
7,s006,17,10,7
7,s006,17,13,20
7,s006,17,12,6
7,s006,17,15,6
7,s006,17,14,1
7,s006,17,49,161
7,s006,17,48,72
7,s006,17,51,46
7,s006,17,50,25
7,s006,17,53,65
7,s006,17,52,16
7,s006,17,55,14
7,s006,17,54,4
7,s006,17,57,56
7,s006,17,56,17
7,s006,17,59,10
7,s006,17,58,5
7,s006,17,61,10
7,s006,17,60,7
7,s006,17,63,2
7,s006,17,62,3
7,s006,17,33,73
7,s006,17,32,26
7,s006,17,35,23
7,s006,17,34,10
7,s006,17,37,26
7,s006,17,36,12
7,s006,17,39,9
7,s006,17,38,7
7,s006,17,41,16
7,s006,17,40,8
7,s006,17,43,7
7,s006,17,42,3
7,s006,17,45,3
7,s006,17,44,4
7,s006,17,47,3
7,s007,22,22,445
7,s007,22,23,135
7,s007,22,20,111
7,s007,22,21,40
7,s007,22,18,130
7,s007,22,19,50
7,s007,22,16,39
7,s007,22,17,14
7,s007,22,30,119
7,s007,22,31,33
7,s007,22,28,29
7,s007,22,29,10
7,s007,22,26,46
7,s007,22,27,12
7,s007,22,24,8
7,s007,22,25,4
7,s007,22,6,149
7,s007,22,7,52
7,s007,22,4,51
7,s007,22,5,16
7,s007,22,2,53
7,s007,22,3,21
7,s007,22,0,22
7,s007,22,1,11
7,s007,22,14,40
7,s007,22,15,12
7,s007,22,12,21
7,s007,22,13,10
7,s007,22,10,16
7,s007,22,11,8
7,s007,22,8,3
7,s007,22,9,4
7,s007,22,54,165
7,s007,22,55,66
7,s007,22,52,41
7,s007,22,53,20
7,s007,22,50,50
7,s007,22,51,18
7,s007,22,48,19
7,s007,22,49,8
7,s007,22,62,57
7,s007,22,63,12
7,s007,22,60,20
7,s007,22,61,9
7,s007,22,58,6
7,s007,22,59,5
7,s007,22,56,2
7,s007,22,38,58
7,s007,22,39,16
7,s007,22,36,27
7,s007,22,37,7
7,s007,22,34,24
7,s007,22,35,12
7,s007,22,32,11
7,s007,22,33,4
7,s007,22,46,10
7,s007,22,47,9
7,s007,22,44,6
7,s007,22,45,5
7,s007,22,42,7
7,s007,22,43,3
7,s007,22,40,2
7,s008,24,24,406
7,s008,24,25,147
7,s008,24,26,124
7,s008,24,27,37
7,s008,24,28,153
7,s008,24,29,47
7,s008,24,30,25
7,s008,24,31,16
7,s008,24,16,90
7,s008,24,17,54
7,s008,24,18,36
7,s008,24,19,15
7,s008,24,20,43
7,s008,24,21,19
7,s008,24,22,10
7,s008,24,23,8
7,s008,24,8,141
7,s008,24,9,45
7,s008,24,10,51
7,s008,24,11,15
7,s008,24,12,52
7,s008,24,13,13
7,s008,24,14,17
7,s008,24,15,7
7,s008,24,0,49
7,s008,24,1,11
7,s008,24,2,19
7,s008,24,3,6
7,s008,24,4,11
7,s008,24,5,4
7,s008,24,6,4
7,s008,24,7,6
7,s008,24,56,160
7,s008,24,57,58
7,s008,24,58,52
7,s008,24,59,27
7,s008,24,60,68
7,s008,24,61,28
7,s008,24,62,18
7,s008,24,63,6
7,s008,24,48,47
7,s008,24,49,24
7,s008,24,50,16
7,s008,24,51,6
7,s008,24,52,24
7,s008,24,53,7
7,s008,24,54,3
7,s008,24,55,3
7,s008,24,40,55
7,s008,24,41,25
7,s008,24,42,23
7,s008,24,43,9
7,s008,24,44,23
7,s008,24,45,11
7,s008,24,46,8
7,s008,24,47,5
7,s008,24,32,23
7,s008,24,33,9
7,s008,24,34,10
7,s008,24,35,6
7,s008,24,36,10
7,s008,24,37,3
7,s008,24,39,7
7,s009,28,28,398
7,s009,28,29,134
7,s009,28,30,105
7,s009,28,31,41
7,s009,28,24,164
7,s009,28,25,46
7,s009,28,26,44
7,s009,28,27,8
7,s009,28,20,112
7,s009,28,21,45
7,s009,28,22,41
7,s009,28,23,12
7,s009,28,16,42
7,s009,28,17,15
7,s009,28,18,11
7,s009,28,19,5
7,s009,28,12,154
7,s009,28,13,40
7,s009,28,14,60
7,s009,28,15,26
7,s009,28,8,61
7,s009,28,9,13
7,s009,28,10,22
7,s009,28,11,8
7,s009,28,4,51
7,s009,28,5,12
7,s009,28,6,17
7,s009,28,7,6
7,s009,28,0,15
7,s009,28,1,3
7,s009,28,2,5
7,s009,28,3,2
7,s009,28,60,194
7,s009,28,61,70
7,s009,28,62,51
7,s009,28,63,21
7,s009,28,56,52
7,s009,28,57,22
7,s009,28,58,14
7,s009,28,59,9
7,s009,28,52,54
7,s009,28,53,33
7,s009,28,54,9
7,s009,28,55,6
7,s009,28,48,10
7,s009,28,49,9
7,s009,28,50,4
7,s009,28,51,3
7,s009,28,44,66
7,s009,28,45,31
7,s009,28,46,26
7,s009,28,47,12
7,s009,28,40,23
7,s009,28,41,7
7,s009,28,42,10
7,s009,28,43,2
7,s009,28,36,17
7,s009,28,37,8
7,s009,28,38,11
7,s009,28,39,4
7,s009,28,32,3
7,s009,28,33,2
7,s009,28,34,3
7,s009,28,35,2
7,s010,17,17,444
7,s010,17,16,115
7,s010,17,19,108
7,s010,17,18,30
7,s010,17,21,148
7,s010,17,20,44
7,s010,17,23,42
7,s010,17,22,12
7,s010,17,25,113
7,s010,17,24,35
7,s010,17,27,30
7,s010,17,26,11
7,s010,17,29,46
7,s010,17,28,15
7,s010,17,31,13
7,s010,17,30,6
7,s010,17,1,143
7,s010,17,0,59
7,s010,17,3,50
7,s010,17,2,14
7,s010,17,5,66
7,s010,17,4,19
7,s010,17,7,21
7,s010,17,6,9
7,s010,17,9,36
7,s010,17,8,15
7,s010,17,11,14
7,s010,17,10,3
7,s010,17,13,17
7,s010,17,12,11
7,s010,17,15,5
7,s010,17,49,150
7,s010,17,48,74
7,s010,17,51,48
7,s010,17,50,14
7,s010,17,53,65
7,s010,17,52,21
7,s010,17,55,15
7,s010,17,54,8
7,s010,17,57,45
7,s010,17,56,28
7,s010,17,59,8
7,s010,17,58,2
7,s010,17,61,19
7,s010,17,60,10
7,s010,17,63,7
7,s010,17,62,6
7,s010,17,33,60
7,s010,17,32,29
7,s010,17,35,15
7,s010,17,34,6
7,s010,17,37,20
7,s010,17,36,11
7,s010,17,39,4
7,s010,17,38,1
7,s010,17,41,11
7,s010,17,40,14
7,s010,17,43,6
7,s010,17,42,2
7,s010,17,45,4
7,s010,17,44,5
7,s010,17,47,5
7,s010,17,46,1
7,s011,27,27,432
7,s011,27,26,130
7,s011,27,25,96
7,s011,27,24,35
7,s011,27,31,160
7,s011,27,30,46
7,s011,27,29,46
7,s011,27,28,14
7,s011,27,19,127
7,s011,27,18,46
7,s011,27,17,22
7,s011,27,16,15
7,s011,27,23,53
7,s011,27,22,13
7,s011,27,21,8
7,s011,27,20,5
7,s011,27,11,151
7,s011,27,10,38
7,s011,27,9,34
7,s011,27,8,12
7,s011,27,15,40
7,s011,27,14,19
7,s011,27,13,13
7,s011,27,12,13
7,s011,27,3,43
7,s011,27,2,9
7,s011,27,1,11
7,s011,27,0,5
7,s011,27,7,11
7,s011,27,6,11
7,s011,27,5,4
7,s011,27,4,4
7,s011,27,59,140
7,s011,27,58,61
7,s011,27,57,44
7,s011,27,56,29
7,s011,27,63,47
7,s011,27,62,32
7,s011,27,61,27
7,s011,27,60,8
7,s011,27,51,40
7,s011,27,50,20
7,s011,27,49,17
7,s011,27,48,9
7,s011,27,55,14
7,s011,27,54,5
7,s011,27,53,4
7,s011,27,52,4
7,s011,27,43,64
7,s011,27,42,40
7,s011,27,41,27
7,s011,27,40,6
7,s011,27,47,15
7,s011,27,46,15
7,s011,27,45,7
7,s011,27,44,1
7,s011,27,35,22
7,s011,27,34,8
7,s011,27,33,6
7,s011,27,32,1
7,s011,27,39,12
7,s011,27,38,1
7,s011,27,37,1
7,s011,27,36,2
7,s012,50,50,428
7,s012,50,51,130
7,s012,50,48,131
7,s012,50,49,44
7,s012,50,54,152
7,s012,50,55,48
7,s012,50,52,42
7,s012,50,53,21
7,s012,50,58,138
7,s012,50,59,40
7,s012,50,56,39
7,s012,50,57,10
7,s012,50,62,46
7,s012,50,63,18
7,s012,50,60,15
7,s012,50,61,6
7,s012,50,34,172
7,s012,50,35,51
7,s012,50,32,61
7,s012,50,33,20
7,s012,50,38,47
7,s012,50,39,10
7,s012,50,36,15
7,s012,50,37,4
7,s012,50,42,41
7,s012,50,43,12
7,s012,50,40,14
7,s012,50,41,14
7,s012,50,46,24
7,s012,50,47,8
7,s012,50,44,4
7,s012,50,45,2
7,s012,50,18,166
7,s012,50,19,67
7,s012,50,16,39
7,s012,50,17,15
7,s012,50,22,52
7,s012,50,23,24
7,s012,50,20,13
7,s012,50,21,8
7,s012,50,26,40
7,s012,50,27,20
7,s012,50,24,12
7,s012,50,25,8
7,s012,50,30,28
7,s012,50,31,5
7,s012,50,28,6
7,s012,50,29,1
7,s012,50,2,67
7,s012,50,3,28
7,s012,50,0,32
7,s012,50,1,6
7,s012,50,6,16
7,s012,50,7,7
7,s012,50,4,9
7,s012,50,5,3
7,s012,50,10,12
7,s012,50,11,17
7,s012,50,8,4
7,s012,50,9,6
7,s012,50,14,7
7,s012,50,15,3
7,s012,50,12,2
7,s012,50,13,1
7,s013,42,42,405
7,s013,42,43,141
7,s013,42,40,116
7,s013,42,41,20
7,s013,42,46,146
7,s013,42,47,55
7,s013,42,44,36
7,s013,42,45,8
7,s013,42,34,115
7,s013,42,35,48
7,s013,42,32,23
7,s013,42,33,15
7,s013,42,38,45
7,s013,42,39,18
7,s013,42,36,9
7,s013,42,37,6
7,s013,42,58,147
7,s013,42,59,35
7,s013,42,56,46
7,s013,42,57,22
7,s013,42,62,54
7,s013,42,63,12
7,s013,42,60,22
7,s013,42,61,7
7,s013,42,50,41
7,s013,42,51,20
7,s013,42,48,24
7,s013,42,49,2
7,s013,42,54,18
7,s013,42,55,3
7,s013,42,52,7
7,s013,42,53,1
7,s013,42,10,165
7,s013,42,11,68
7,s013,42,8,52
7,s013,42,9,21
7,s013,42,14,58
7,s013,42,15,17
7,s013,42,12,21
7,s013,42,13,6
7,s013,42,2,44
7,s013,42,3,23
7,s013,42,0,16
7,s013,42,1,7
7,s013,42,6,26
7,s013,42,7,9
7,s013,42,4,5
7,s013,42,5,2
7,s013,42,26,45
7,s013,42,27,15
7,s013,42,24,18
7,s013,42,25,8
7,s013,42,30,15
7,s013,42,31,7
7,s013,42,28,7
7,s013,42,29,1
7,s013,42,18,20
7,s013,42,19,6
7,s013,42,16,5
7,s013,42,17,7
7,s013,42,22,5
7,s013,42,23,3
7,s013,42,20,2
7,s014,7,7,453
7,s014,7,6,140
7,s014,7,5,119
7,s014,7,4,41
7,s014,7,3,150
7,s014,7,2,47
7,s014,7,1,38
7,s014,7,0,10
7,s014,7,15,134
7,s014,7,14,46
7,s014,7,13,33
7,s014,7,12,10
7,s014,7,11,47
7,s014,7,10,14
7,s014,7,9,16
7,s014,7,8,4
7,s014,7,23,160
7,s014,7,22,37
7,s014,7,21,65
7,s014,7,20,8
7,s014,7,19,55
7,s014,7,18,15
7,s014,7,17,28
7,s014,7,16,6
7,s014,7,31,47
7,s014,7,30,15
7,s014,7,29,18
7,s014,7,28,5
7,s014,7,27,16
7,s014,7,26,3
7,s014,7,25,4
7,s014,7,24,1
7,s014,7,39,163
7,s014,7,38,63
7,s014,7,37,55
7,s014,7,36,15
7,s014,7,35,58
7,s014,7,34,13
7,s014,7,33,14
7,s014,7,32,5
7,s014,7,47,52
7,s014,7,46,25
7,s014,7,45,14
7,s014,7,44,11
7,s014,7,43,19
7,s014,7,42,11
7,s014,7,41,3
7,s014,7,40,3
7,s014,7,55,56
7,s014,7,54,15
7,s014,7,53,27
7,s014,7,52,10
7,s014,7,51,20
7,s014,7,50,10
7,s014,7,49,6
7,s014,7,48,2
7,s014,7,63,15
7,s014,7,62,11
7,s014,7,61,7
7,s014,7,60,4
7,s014,7,59,7
7,s014,7,57,1
7,s014,7,56,3
7,s015,43,43,405
7,s015,43,42,110
7,s015,43,41,94
7,s015,43,40,36
7,s015,43,47,154
7,s015,43,46,38
7,s015,43,45,47
7,s015,43,44,14
7,s015,43,35,113
7,s015,43,34,35
7,s015,43,33,46
7,s015,43,32,10
7,s015,43,39,37
7,s015,43,38,10
7,s015,43,37,10
7,s015,43,36,6
7,s015,43,59,153
7,s015,43,58,44
7,s015,43,57,50
7,s015,43,56,22
7,s015,43,63,61
7,s015,43,62,6
7,s015,43,61,13
7,s015,43,60,10
7,s015,43,51,45
7,s015,43,50,17
7,s015,43,49,16
7,s015,43,48,6
7,s015,43,55,17
7,s015,43,54,7
7,s015,43,53,5
7,s015,43,52,1
7,s015,43,11,165
7,s015,43,10,63
7,s015,43,9,54
7,s015,43,8,28
7,s015,43,15,56
7,s015,43,14,24
7,s015,43,13,15
7,s015,43,12,3
7,s015,43,3,34
7,s015,43,2,20
7,s015,43,1,15
7,s015,43,0,6
7,s015,43,7,25
7,s015,43,6,10
7,s015,43,5,3
7,s015,43,4,2
7,s015,43,27,62
7,s015,43,26,25
7,s015,43,25,21
7,s015,43,24,7
7,s015,43,31,19
7,s015,43,30,6
7,s015,43,29,4
7,s015,43,28,5
7,s015,43,19,19
7,s015,43,18,8
7,s015,43,17,4
7,s015,43,16,4
7,s015,43,23,3
7,s015,43,22,6
7,s016,33,33,405
7,s016,33,32,128
7,s016,33,35,118
7,s016,33,34,40
7,s016,33,37,157
7,s016,33,36,47
7,s016,33,39,47
7,s016,33,38,12
7,s016,33,41,111
7,s016,33,40,43
7,s016,33,43,32
7,s016,33,42,16
7,s016,33,45,38
7,s016,33,44,16
7,s016,33,47,18
7,s016,33,46,3
7,s016,33,49,156
7,s016,33,48,42
7,s016,33,51,46
7,s016,33,50,10
7,s016,33,53,60
7,s016,33,52,14
7,s016,33,55,20
7,s016,33,54,7
7,s016,33,57,51
7,s016,33,56,12
7,s016,33,59,11
7,s016,33,58,6
7,s016,33,61,13
7,s016,33,60,4
7,s016,33,63,3
7,s016,33,62,1
7,s016,33,1,158
7,s016,33,0,56
7,s016,33,3,31
7,s016,33,2,14
7,s016,33,5,53
7,s016,33,4,28
7,s016,33,7,11
7,s016,33,6,6
7,s016,33,9,47
7,s016,33,8,16
7,s016,33,11,19
7,s016,33,10,8
7,s016,33,13,15
7,s016,33,12,6
7,s016,33,15,10
7,s016,33,14,2
7,s016,33,17,59
7,s016,33,16,23
7,s016,33,19,20
7,s016,33,18,10
7,s016,33,21,19
7,s016,33,20,8
7,s016,33,23,6
7,s016,33,22,2
7,s016,33,25,13
7,s016,33,24,9
7,s016,33,27,4
7,s016,33,26,1
7,s016,33,29,6
7,s016,33,28,2
7,s016,33,31,2
7,s016,33,30,1
7,s017,35,35,432
7,s017,35,34,140
7,s017,35,33,120
7,s017,35,32,51
7,s017,35,39,169
7,s017,35,38,65
7,s017,35,37,45
7,s017,35,36,17
7,s017,35,43,141
7,s017,35,42,39
7,s017,35,41,31
7,s017,35,40,17
7,s017,35,47,61
7,s017,35,46,18
7,s017,35,45,12
7,s017,35,44,6
7,s017,35,51,155
7,s017,35,50,47
7,s017,35,49,61
7,s017,35,48,15
7,s017,35,55,78
7,s017,35,54,14
7,s017,35,53,30
7,s017,35,52,9
7,s017,35,59,35
7,s017,35,58,15
7,s017,35,57,11
7,s017,35,56,4
7,s017,35,63,17
7,s017,35,62,5
7,s017,35,61,7
7,s017,35,60,3
7,s017,35,3,177
7,s017,35,2,69
7,s017,35,1,48
7,s017,35,0,23
7,s017,35,7,82
7,s017,35,6,34
7,s017,35,5,11
7,s017,35,4,9
7,s017,35,11,45
7,s017,35,10,17
7,s017,35,9,17
7,s017,35,8,3
7,s017,35,15,15
7,s017,35,14,12
7,s017,35,13,4
7,s017,35,12,1
7,s017,35,19,46
7,s017,35,18,25
7,s017,35,17,26
7,s017,35,16,9
7,s017,35,23,19
7,s017,35,22,11
7,s017,35,21,15
7,s017,35,20,4
7,s017,35,27,17
7,s017,35,26,6
7,s017,35,25,6
7,s017,35,24,3
7,s017,35,31,6
7,s017,35,30,2
7,s017,35,29,3
7,s018,46,46,445
7,s018,46,47,125
7,s018,46,44,140
7,s018,46,45,30
7,s018,46,42,171
7,s018,46,43,43
7,s018,46,40,47
7,s018,46,41,14
7,s018,46,38,126
7,s018,46,39,45
7,s018,46,36,30
7,s018,46,37,19
7,s018,46,34,44
7,s018,46,35,14
7,s018,46,32,8
7,s018,46,33,6
7,s018,46,62,147
7,s018,46,63,46
7,s018,46,60,59
7,s018,46,61,24
7,s018,46,58,44
7,s018,46,59,16
7,s018,46,56,28
7,s018,46,57,6
7,s018,46,54,46
7,s018,46,55,17
7,s018,46,52,19
7,s018,46,53,2
7,s018,46,50,19
7,s018,46,51,5
7,s018,46,48,5
7,s018,46,49,2
7,s018,46,14,167
7,s018,46,15,54
7,s018,46,12,51
7,s018,46,13,27
7,s018,46,10,57
7,s018,46,11,17
7,s018,46,8,14
7,s018,46,9,5
7,s018,46,6,48
7,s018,46,7,17
7,s018,46,4,15
7,s018,46,5,9
7,s018,46,2,20
7,s018,46,3,7
7,s018,46,0,5
7,s018,46,1,3
7,s018,46,30,72
7,s018,46,31,26
7,s018,46,28,21
7,s018,46,29,14
7,s018,46,26,27
7,s018,46,27,7
7,s018,46,24,9
7,s018,46,25,2
7,s018,46,22,16
7,s018,46,23,9
7,s018,46,20,4
7,s018,46,18,4
7,s018,46,19,3
7,s018,46,16,5
7,s018,46,17,2
7,s019,63,63,439
7,s019,63,62,149
7,s019,63,61,104
7,s019,63,60,38
7,s019,63,59,165
7,s019,63,58,42
7,s019,63,57,31
7,s019,63,56,20
7,s019,63,55,114
7,s019,63,54,46
7,s019,63,53,31
7,s019,63,52,11
7,s019,63,51,47
7,s019,63,50,20
7,s019,63,49,20
7,s019,63,48,8
7,s019,63,47,146
7,s019,63,46,51
7,s019,63,45,45
7,s019,63,44,24
7,s019,63,43,63
7,s019,63,42,16
7,s019,63,41,22
7,s019,63,40,6
7,s019,63,39,41
7,s019,63,38,9
7,s019,63,37,16
7,s019,63,36,8
7,s019,63,35,14
7,s019,63,34,4
7,s019,63,33,4
7,s019,63,32,2
7,s019,63,31,170
7,s019,63,30,86
7,s019,63,29,42
7,s019,63,28,25
7,s019,63,27,56
7,s019,63,26,17
7,s019,63,25,18
7,s019,63,24,8
7,s019,63,23,50
7,s019,63,22,27
7,s019,63,21,12
7,s019,63,20,3
7,s019,63,19,12
7,s019,63,18,5
7,s019,63,17,2
7,s019,63,16,8
7,s019,63,15,71
7,s019,63,14,23
7,s019,63,13,21
7,s019,63,12,5
7,s019,63,11,24
7,s019,63,10,10
7,s019,63,9,7
7,s019,63,8,1
7,s019,63,7,9
7,s019,63,6,7
7,s019,63,5,5
7,s019,63,4,6
7,s019,63,3,8
7,s019,63,2,4
7,s019,63,1,2
7,s020,34,34,454
7,s020,34,35,130
7,s020,34,32,133
7,s020,34,33,40
7,s020,34,38,169
7,s020,34,39,50
7,s020,34,36,34
7,s020,34,37,17
7,s020,34,42,132
7,s020,34,43,34
7,s020,34,40,33
7,s020,34,41,19
7,s020,34,46,39
7,s020,34,47,19
7,s020,34,44,13
7,s020,34,45,3
7,s020,34,50,148
7,s020,34,51,44
7,s020,34,48,48
7,s020,34,49,25
7,s020,34,54,58
7,s020,34,55,15
7,s020,34,52,13
7,s020,34,53,7
7,s020,34,58,55
7,s020,34,59,18
7,s020,34,56,16
7,s020,34,57,9
7,s020,34,62,10
7,s020,34,63,8
7,s020,34,60,5
7,s020,34,61,2
7,s020,34,2,156
7,s020,34,3,66
7,s020,34,0,38
7,s020,34,1,15
7,s020,34,6,62
7,s020,34,7,29
7,s020,34,4,22
7,s020,34,5,11
7,s020,34,10,53
7,s020,34,11,22
7,s020,34,8,11
7,s020,34,9,8
7,s020,34,14,18
7,s020,34,15,9
7,s020,34,12,5
7,s020,34,13,1
7,s020,34,18,73
7,s020,34,19,25
7,s020,34,16,18
7,s020,34,17,4
7,s020,34,22,23
7,s020,34,23,12
7,s020,34,20,6
7,s020,34,21,5
7,s020,34,26,17
7,s020,34,27,8
7,s020,34,24,7
7,s020,34,25,3
7,s020,34,30,5
7,s020,34,31,2
7,s020,34,28,4
7,s020,34,29,4
7,s021,42,42,475
7,s021,42,43,140
7,s021,42,40,114
7,s021,42,41,43
7,s021,42,46,143
7,s021,42,47,41
7,s021,42,44,47
7,s021,42,45,11
7,s021,42,34,120
7,s021,42,35,38
7,s021,42,32,31
7,s021,42,33,12
7,s021,42,38,47
7,s021,42,39,19
7,s021,42,36,14
7,s021,42,37,3
7,s021,42,58,164
7,s021,42,59,43
7,s021,42,56,50
7,s021,42,57,14
7,s021,42,62,55
7,s021,42,63,26
7,s021,42,60,16
7,s021,42,61,3
7,s021,42,50,48
7,s021,42,51,16
7,s021,42,48,13
7,s021,42,49,4
7,s021,42,54,24
7,s021,42,55,6
7,s021,42,52,7
7,s021,42,53,1
7,s021,42,10,156
7,s021,42,11,74
7,s021,42,8,53
7,s021,42,9,14
7,s021,42,14,65
7,s021,42,15,26
7,s021,42,12,12
7,s021,42,13,2
7,s021,42,2,51
7,s021,42,3,20
7,s021,42,0,10
7,s021,42,1,6
7,s021,42,6,14
7,s021,42,7,10
7,s021,42,4,7
7,s021,42,5,1
7,s021,42,26,68
7,s021,42,27,19
7,s021,42,24,19
7,s021,42,25,4
7,s021,42,30,16
7,s021,42,31,10
7,s021,42,28,15
7,s021,42,29,7
7,s021,42,18,20
7,s021,42,19,8
7,s021,42,16,3
7,s021,42,17,3
7,s021,42,22,8
7,s021,42,23,2
7,s021,42,20,4
7,s022,30,30,410
7,s022,30,31,123
7,s022,30,28,117
7,s022,30,29,23
7,s022,30,26,133
7,s022,30,27,35
7,s022,30,24,29
7,s022,30,25,11
7,s022,30,22,126
7,s022,30,23,35
7,s022,30,20,31
7,s022,30,21,16
7,s022,30,18,55
7,s022,30,19,19
7,s022,30,16,12
7,s022,30,17,10
7,s022,30,14,144
7,s022,30,15,45
7,s022,30,12,48
7,s022,30,13,15
7,s022,30,10,52
7,s022,30,11,12
7,s022,30,8,20
7,s022,30,9,7
7,s022,30,6,32
7,s022,30,7,14
7,s022,30,4,19
7,s022,30,5,2
7,s022,30,2,22
7,s022,30,3,7
7,s022,30,0,6
7,s022,30,1,2
7,s022,30,62,164
7,s022,30,63,74
7,s022,30,60,43
7,s022,30,61,25
7,s022,30,58,63
7,s022,30,59,18
7,s022,30,56,22
7,s022,30,57,9
7,s022,30,54,47
7,s022,30,55,24
7,s022,30,52,7
7,s022,30,53,6
7,s022,30,50,12
7,s022,30,51,9
7,s022,30,48,4
7,s022,30,49,1
7,s022,30,46,55
7,s022,30,47,27
7,s022,30,44,17
7,s022,30,45,4
7,s022,30,42,22
7,s022,30,43,7
7,s022,30,40,8
7,s022,30,41,7
7,s022,30,38,13
7,s022,30,39,11
7,s022,30,36,7
7,s022,30,37,4
7,s022,30,34,9
7,s022,30,35,4
7,s022,30,32,2
7,s022,30,33,1
7,s023,62,62,437
7,s023,62,63,127
7,s023,62,60,109
7,s023,62,61,45
7,s023,62,58,154
7,s023,62,59,54
7,s023,62,56,54
7,s023,62,57,13
7,s023,62,54,120
7,s023,62,55,38
7,s023,62,52,20
7,s023,62,53,12
7,s023,62,50,38
7,s023,62,51,19
7,s023,62,48,11
7,s023,62,49,3
7,s023,62,46,165
7,s023,62,47,52
7,s023,62,44,60
7,s023,62,45,29
7,s023,62,42,53
7,s023,62,43,16
7,s023,62,40,26
7,s023,62,41,5
7,s023,62,38,62
7,s023,62,39,15
7,s023,62,36,17
7,s023,62,37,5
7,s023,62,34,11
7,s023,62,35,7
7,s023,62,32,7
7,s023,62,30,162
7,s023,62,31,75
7,s023,62,28,34
7,s023,62,29,23
7,s023,62,26,57
7,s023,62,27,16
7,s023,62,24,14
7,s023,62,25,6
7,s023,62,22,48
7,s023,62,23,23
7,s023,62,20,13
7,s023,62,21,7
7,s023,62,18,14
7,s023,62,19,11
7,s023,62,16,8
7,s023,62,17,1
7,s023,62,14,46
7,s023,62,15,26
7,s023,62,12,19
7,s023,62,13,13
7,s023,62,10,21
7,s023,62,11,13
7,s023,62,8,5
7,s023,62,9,3
7,s023,62,6,25
7,s023,62,7,10
7,s023,62,4,9
7,s023,62,5,4
7,s023,62,2,12
7,s023,62,3,3
7,s023,62,0,1
7,s023,62,1,1
7,s024,11,11,438
7,s024,11,10,131
7,s024,11,9,104
7,s024,11,8,27
7,s024,11,15,148
7,s024,11,14,44
7,s024,11,13,41
7,s024,11,12,16
7,s024,11,3,129
7,s024,11,2,34
7,s024,11,1,33
7,s024,11,0,13
7,s024,11,7,44
7,s024,11,6,18
7,s024,11,5,13
7,s024,11,4,3
7,s024,11,27,158
7,s024,11,26,43
7,s024,11,25,65
7,s024,11,24,12
7,s024,11,31,68
7,s024,11,30,14
7,s024,11,29,29
7,s024,11,28,4
7,s024,11,19,47
7,s024,11,18,19
7,s024,11,17,18
7,s024,11,16,6
7,s024,11,23,19
7,s024,11,22,6
7,s024,11,21,8
7,s024,11,20,2
7,s024,11,43,176
7,s024,11,42,67
7,s024,11,41,54
7,s024,11,40,21
7,s024,11,47,53
7,s024,11,46,16
7,s024,11,45,19
7,s024,11,44,5
7,s024,11,35,45
7,s024,11,34,17
7,s024,11,33,15
7,s024,11,32,8
7,s024,11,39,11
7,s024,11,38,12
7,s024,11,37,5
7,s024,11,36,6
7,s024,11,59,67
7,s024,11,58,26
7,s024,11,57,16
7,s024,11,56,13
7,s024,11,63,24
7,s024,11,62,5
7,s024,11,61,8
7,s024,11,60,3
7,s024,11,51,16
7,s024,11,50,15
7,s024,11,49,3
7,s024,11,48,4
7,s024,11,55,7
7,s024,11,54,2
7,s024,11,53,4
7,s024,11,52,1
7,s025,11,11,381
7,s025,11,10,116
7,s025,11,9,123
7,s025,11,8,39
7,s025,11,15,138
7,s025,11,14,47
7,s025,11,13,43
7,s025,11,12,16
7,s025,11,3,115
7,s025,11,2,44
7,s025,11,1,37
7,s025,11,0,14
7,s025,11,7,38
7,s025,11,6,16
7,s025,11,5,17
7,s025,11,27,169
7,s025,11,26,57
7,s025,11,25,49
7,s025,11,24,6
7,s025,11,31,46
7,s025,11,30,21
7,s025,11,29,19
7,s025,11,28,3
7,s025,11,19,45
7,s025,11,18,11
7,s025,11,17,25
7,s025,11,16,7
7,s025,11,23,8
7,s025,11,22,5
7,s025,11,21,6
7,s025,11,43,145
7,s025,11,42,71
7,s025,11,41,41
7,s025,11,40,20
7,s025,11,47,54
7,s025,11,46,14
7,s025,11,45,17
7,s025,11,44,5
7,s025,11,35,48
7,s025,11,34,25
7,s025,11,33,8
7,s025,11,32,9
7,s025,11,39,16
7,s025,11,38,7
7,s025,11,37,10
7,s025,11,36,1
7,s025,11,59,59
7,s025,11,58,25
7,s025,11,57,17
7,s025,11,56,10
7,s025,11,63,12
7,s025,11,62,7
7,s025,11,61,9
7,s025,11,60,4
7,s025,11,51,15
7,s025,11,50,15
7,s025,11,49,12
7,s025,11,48,5
7,s025,11,55,5
7,s025,11,54,4
7,s025,11,53,1
7,s025,11,52,2
7,s026,59,59,450
7,s026,59,58,141
7,s026,59,57,110
7,s026,59,56,39
7,s026,59,63,173
7,s026,59,62,59
7,s026,59,61,43
7,s026,59,60,25
7,s026,59,51,101
7,s026,59,50,50
7,s026,59,49,32
7,s026,59,48,13
7,s026,59,55,44
7,s026,59,54,29
7,s026,59,53,12
7,s026,59,52,7
7,s026,59,43,166
7,s026,59,42,51
7,s026,59,41,59
7,s026,59,40,14
7,s026,59,47,64
7,s026,59,46,29
7,s026,59,45,17
7,s026,59,44,9
7,s026,59,35,40
7,s026,59,34,13
7,s026,59,33,13
7,s026,59,32,2
7,s026,59,39,16
7,s026,59,38,8
7,s026,59,37,4
7,s026,59,36,5
7,s026,59,27,171
7,s026,59,26,58
7,s026,59,25,36
7,s026,59,24,24
7,s026,59,31,62
7,s026,59,30,28
7,s026,59,29,17
7,s026,59,28,4
7,s026,59,19,33
7,s026,59,18,30
7,s026,59,17,16
7,s026,59,16,8
7,s026,59,23,14
7,s026,59,22,11
7,s026,59,21,2
7,s026,59,20,6
7,s026,59,11,50
7,s026,59,10,26
7,s026,59,9,31
7,s026,59,8,13
7,s026,59,15,24
7,s026,59,14,9
7,s026,59,13,6
7,s026,59,12,2
7,s026,59,3,20
7,s026,59,2,12
7,s026,59,1,4
7,s026,59,0,2
7,s026,59,7,6
7,s026,59,6,4
7,s026,59,4,1
7,s027,2,2,386
7,s027,2,3,123
7,s027,2,0,123
7,s027,2,1,44
7,s027,2,6,163
7,s027,2,7,37
7,s027,2,4,49
7,s027,2,5,16
7,s027,2,10,130
7,s027,2,11,37
7,s027,2,8,26
7,s027,2,9,11
7,s027,2,14,42
7,s027,2,15,10
7,s027,2,12,9
7,s027,2,13,4
7,s027,2,18,160
7,s027,2,19,53
7,s027,2,16,57
7,s027,2,17,14
7,s027,2,22,48
7,s027,2,23,11
7,s027,2,20,24
7,s027,2,21,8
7,s027,2,26,37
7,s027,2,27,21
7,s027,2,24,16
7,s027,2,25,11
7,s027,2,30,14
7,s027,2,31,5
7,s027,2,28,6
7,s027,2,29,5
7,s027,2,34,170
7,s027,2,35,60
7,s027,2,32,32
7,s027,2,33,13
7,s027,2,38,62
7,s027,2,39,22
7,s027,2,36,18
7,s027,2,37,8
7,s027,2,42,36
7,s027,2,43,23
7,s027,2,40,9
7,s027,2,41,5
7,s027,2,46,23
7,s027,2,47,10
7,s027,2,44,2
7,s027,2,45,3
7,s027,2,50,58
7,s027,2,51,25
7,s027,2,48,23
7,s027,2,49,14
7,s027,2,54,19
7,s027,2,55,12
7,s027,2,52,3
7,s027,2,53,2
7,s027,2,58,19
7,s027,2,59,6
7,s027,2,56,7
7,s027,2,57,3
7,s027,2,62,4
7,s027,2,63,2
7,s027,2,61,1
7,s028,55,55,418
7,s028,55,54,117
7,s028,55,53,122
7,s028,55,52,32
7,s028,55,51,144
7,s028,55,50,63
7,s028,55,49,36
7,s028,55,48,14
7,s028,55,63,133
7,s028,55,62,41
7,s028,55,61,25
7,s028,55,60,14
7,s028,55,59,36
7,s028,55,58,15
7,s028,55,57,12
7,s028,55,56,6
7,s028,55,39,158
7,s028,55,38,54
7,s028,55,37,42
7,s028,55,36,14
7,s028,55,35,59
7,s028,55,34,12
7,s028,55,33,26
7,s028,55,32,2
7,s028,55,47,50
7,s028,55,46,18
7,s028,55,45,11
7,s028,55,44,7
7,s028,55,43,16
7,s028,55,42,10
7,s028,55,41,4
7,s028,55,40,2
7,s028,55,23,151
7,s028,55,22,61
7,s028,55,21,37
7,s028,55,20,20
7,s028,55,19,52
7,s028,55,18,29
7,s028,55,17,18
7,s028,55,16,11
7,s028,55,31,36
7,s028,55,30,20
7,s028,55,29,12
7,s028,55,28,7
7,s028,55,27,10
7,s028,55,26,11
7,s028,55,25,6
7,s028,55,24,3
7,s028,55,7,71
7,s028,55,6,24
7,s028,55,5,23
7,s028,55,4,7
7,s028,55,3,20
7,s028,55,2,4
7,s028,55,1,15
7,s028,55,0,3
7,s028,55,15,15
7,s028,55,14,13
7,s028,55,13,5
7,s028,55,12,2
7,s028,55,11,5
7,s028,55,10,6
7,s028,55,9,3
7,s028,55,8,3
7,s029,47,47,413
7,s029,47,46,112
7,s029,47,45,126
7,s029,47,44,39
7,s029,47,43,139
7,s029,47,42,41
7,s029,47,41,48
7,s029,47,40,21
7,s029,47,39,101
7,s029,47,38,44
7,s029,47,37,27
7,s029,47,36,11
7,s029,47,35,51
7,s029,47,34,18
7,s029,47,33,10
7,s029,47,32,7
7,s029,47,63,144
7,s029,47,62,41
7,s029,47,61,50
7,s029,47,60,19
7,s029,47,59,44
7,s029,47,58,22
7,s029,47,57,19
7,s029,47,56,3
7,s029,47,55,43
7,s029,47,54,16
7,s029,47,53,19
7,s029,47,52,4
7,s029,47,51,6
7,s029,47,50,8
7,s029,47,49,6
7,s029,47,48,4
7,s029,47,15,163
7,s029,47,14,69
7,s029,47,13,44
7,s029,47,12,25
7,s029,47,11,57
7,s029,47,10,27
7,s029,47,9,25
7,s029,47,8,13
7,s029,47,7,58
7,s029,47,6,20
7,s029,47,5,10
7,s029,47,4,10
7,s029,47,3,15
7,s029,47,2,6
7,s029,47,1,8
7,s029,47,0,3
7,s029,47,31,47
7,s029,47,30,27
7,s029,47,29,24
7,s029,47,28,9
7,s029,47,27,24
7,s029,47,26,11
7,s029,47,25,6
7,s029,47,24,4
7,s029,47,23,16
7,s029,47,22,10
7,s029,47,21,6
7,s029,47,20,3
7,s029,47,19,7
7,s029,47,18,1
7,s029,47,17,4
7,s030,32,32,411
7,s030,32,33,121
7,s030,32,34,106
7,s030,32,35,39
7,s030,32,36,153
7,s030,32,37,47
7,s030,32,38,49
7,s030,32,39,11
7,s030,32,40,123
7,s030,32,41,30
7,s030,32,42,31
7,s030,32,43,15
7,s030,32,44,39
7,s030,32,45,12
7,s030,32,46,10
7,s030,32,47,4
7,s030,32,48,159
7,s030,32,49,58
7,s030,32,50,45
7,s030,32,51,14
7,s030,32,52,54
7,s030,32,53,14
7,s030,32,54,15
7,s030,32,55,6
7,s030,32,56,33
7,s030,32,57,17
7,s030,32,58,15
7,s030,32,59,3
7,s030,32,60,16
7,s030,32,61,6
7,s030,32,62,7
7,s030,32,0,172
7,s030,32,1,69
7,s030,32,2,53
7,s030,32,3,14
7,s030,32,4,48
7,s030,32,5,28
7,s030,32,6,11
7,s030,32,7,8
7,s030,32,8,40
7,s030,32,9,26
7,s030,32,10,9
7,s030,32,11,5
7,s030,32,12,11
7,s030,32,13,11
7,s030,32,14,8
7,s030,32,15,3
7,s030,32,16,60
7,s030,32,17,31
7,s030,32,18,22
7,s030,32,19,7
7,s030,32,20,16
7,s030,32,21,13
7,s030,32,22,11
7,s030,32,23,5
7,s030,32,24,18
7,s030,32,25,3
7,s030,32,26,5
7,s030,32,27,2
7,s030,32,28,9
7,s030,32,29,2
7,s030,32,30,3
7,s031,38,38,494
7,s031,38,39,147
7,s031,38,36,111
7,s031,38,37,42
7,s031,38,34,162
7,s031,38,35,42
7,s031,38,32,38
7,s031,38,33,5
7,s031,38,46,147
7,s031,38,47,43
7,s031,38,44,32
7,s031,38,45,9
7,s031,38,42,36
7,s031,38,43,21
7,s031,38,40,19
7,s031,38,41,7
7,s031,38,54,157
7,s031,38,55,56
7,s031,38,52,51
7,s031,38,53,16
7,s031,38,50,66
7,s031,38,51,18
7,s031,38,48,24
7,s031,38,49,6
7,s031,38,62,38
7,s031,38,63,18
7,s031,38,60,21
7,s031,38,61,3
7,s031,38,58,17
7,s031,38,59,7
7,s031,38,56,4
7,s031,38,57,5
7,s031,38,6,165
7,s031,38,7,75
7,s031,38,4,36
7,s031,38,5,19
7,s031,38,2,50
7,s031,38,3,22
7,s031,38,0,22
7,s031,38,1,7
7,s031,38,14,54
7,s031,38,15,31
7,s031,38,12,20
7,s031,38,13,3
7,s031,38,10,18
7,s031,38,11,8
7,s031,38,8,5
7,s031,38,9,6
7,s031,38,22,65
7,s031,38,23,23
7,s031,38,20,27
7,s031,38,21,14
7,s031,38,18,25
7,s031,38,19,7
7,s031,38,16,7
7,s031,38,17,2
7,s031,38,30,20
7,s031,38,31,6
7,s031,38,28,11
7,s031,38,29,2
7,s031,38,26,7
7,s031,38,27,7
7,s031,38,24,3
7,s031,38,25,1
7,s032,36,36,423
7,s032,36,37,129
7,s032,36,38,123
7,s032,36,39,39
7,s032,36,32,137
7,s032,36,33,54
7,s032,36,34,31
7,s032,36,35,18
7,s032,36,44,107
7,s032,36,45,39
7,s032,36,46,36
7,s032,36,47,12
7,s032,36,40,38
7,s032,36,41,14
7,s032,36,42,14
7,s032,36,43,3
7,s032,36,52,152
7,s032,36,53,46
7,s032,36,54,50
7,s032,36,55,11
7,s032,36,48,50
7,s032,36,49,19
7,s032,36,50,15
7,s032,36,51,5
7,s032,36,60,45
7,s032,36,61,14
7,s032,36,62,15
7,s032,36,63,7
7,s032,36,56,16
7,s032,36,57,4
7,s032,36,58,4
7,s032,36,59,1
7,s032,36,4,143
7,s032,36,5,65
7,s032,36,6,46
7,s032,36,7,12
7,s032,36,0,45
7,s032,36,1,21
7,s032,36,2,12
7,s032,36,3,9
7,s032,36,12,49
7,s032,36,13,23
7,s032,36,14,11
7,s032,36,15,4
7,s032,36,8,14
7,s032,36,9,9
7,s032,36,10,4
7,s032,36,11,3
7,s032,36,20,57
7,s032,36,21,16
7,s032,36,22,26
7,s032,36,23,13
7,s032,36,16,27
7,s032,36,17,8
7,s032,36,18,9
7,s032,36,19,5
7,s032,36,28,21
7,s032,36,29,8
7,s032,36,30,5
7,s032,36,31,5
7,s032,36,24,8
7,s032,36,25,3
7,s032,36,26,3
7,s032,36,27,1
7,s033,4,4,426
7,s033,4,5,127
7,s033,4,6,119
7,s033,4,7,35
7,s033,4,0,159
7,s033,4,1,50
7,s033,4,2,43
7,s033,4,3,13
7,s033,4,12,139
7,s033,4,13,42
7,s033,4,14,31
7,s033,4,15,5
7,s033,4,8,37
7,s033,4,9,17
7,s033,4,10,18
7,s033,4,11,3
7,s033,4,20,150
7,s033,4,21,43
7,s033,4,22,51
7,s033,4,23,20
7,s033,4,16,55
7,s033,4,17,15
7,s033,4,18,26
7,s033,4,19,9
7,s033,4,28,34
7,s033,4,29,13
7,s033,4,30,19
7,s033,4,31,7
7,s033,4,24,9
7,s033,4,25,7
7,s033,4,26,5
7,s033,4,27,1
7,s033,4,36,149
7,s033,4,37,45
7,s033,4,38,32
7,s033,4,39,16
7,s033,4,32,59
7,s033,4,33,26
7,s033,4,34,17
7,s033,4,35,8
7,s033,4,44,49
7,s033,4,45,26
7,s033,4,46,16
7,s033,4,47,4
7,s033,4,40,17
7,s033,4,41,9
7,s033,4,42,2
7,s033,4,43,2
7,s033,4,52,43
7,s033,4,53,18
7,s033,4,54,24
7,s033,4,55,12
7,s033,4,48,18
7,s033,4,49,10
7,s033,4,50,9
7,s033,4,51,3
7,s033,4,60,20
7,s033,4,61,9
7,s033,4,62,7
7,s033,4,56,8
7,s033,4,57,2
7,s033,4,58,2
7,s033,4,59,2
7,s034,8,8,431
7,s034,8,9,123
7,s034,8,10,117
7,s034,8,11,45
7,s034,8,12,161
7,s034,8,13,38
7,s034,8,14,48
7,s034,8,15,9
7,s034,8,0,111
7,s034,8,1,48
7,s034,8,2,46
7,s034,8,3,10
7,s034,8,4,42
7,s034,8,5,8
7,s034,8,6,10
7,s034,8,7,5
7,s034,8,24,153
7,s034,8,25,54
7,s034,8,26,69
7,s034,8,27,22
7,s034,8,28,49
7,s034,8,29,17
7,s034,8,30,20
7,s034,8,31,8
7,s034,8,16,44
7,s034,8,17,20
7,s034,8,18,22
7,s034,8,19,11
7,s034,8,20,13
7,s034,8,21,5
7,s034,8,22,8
7,s034,8,23,1
7,s034,8,40,167
7,s034,8,41,75
7,s034,8,42,36
7,s034,8,43,20
7,s034,8,44,55
7,s034,8,45,20
7,s034,8,46,22
7,s034,8,47,4
7,s034,8,32,51
7,s034,8,33,27
7,s034,8,34,13
7,s034,8,35,5
7,s034,8,36,18
7,s034,8,37,12
7,s034,8,38,7
7,s034,8,39,4
7,s034,8,56,69
7,s034,8,57,20
7,s034,8,58,22
7,s034,8,59,13
7,s034,8,60,31
7,s034,8,61,7
7,s034,8,62,4
7,s034,8,63,4
7,s034,8,48,19
7,s034,8,49,8
7,s034,8,50,6
7,s034,8,51,7
7,s034,8,52,3
7,s034,8,53,5
7,s034,8,55,2
7,s035,20,20,429
7,s035,20,21,163
7,s035,20,22,116
7,s035,20,23,42
7,s035,20,16,172
7,s035,20,17,52
7,s035,20,18,51
7,s035,20,19,16
7,s035,20,28,127
7,s035,20,29,48
7,s035,20,30,31
7,s035,20,31,14
7,s035,20,24,44
7,s035,20,25,15
7,s035,20,26,18
7,s035,20,27,7
7,s035,20,4,176
7,s035,20,5,55
7,s035,20,6,51
7,s035,20,7,19
7,s035,20,0,57
7,s035,20,1,17
7,s035,20,2,18
7,s035,20,3,5
7,s035,20,12,43
7,s035,20,13,16
7,s035,20,14,11
7,s035,20,15,8
7,s035,20,8,19
7,s035,20,9,4
7,s035,20,10,5
7,s035,20,11,2
7,s035,20,52,157
7,s035,20,53,63
7,s035,20,54,44
7,s035,20,55,20
7,s035,20,48,61
7,s035,20,49,17
7,s035,20,50,20
7,s035,20,51,7
7,s035,20,60,53
7,s035,20,61,26
7,s035,20,62,9
7,s035,20,63,9
7,s035,20,56,8
7,s035,20,57,10
7,s035,20,58,4
7,s035,20,59,2
7,s035,20,36,65
7,s035,20,37,27
7,s035,20,38,25
7,s035,20,39,8
7,s035,20,32,27
7,s035,20,33,20
7,s035,20,34,9
7,s035,20,35,3
7,s035,20,44,23
7,s035,20,45,7
7,s035,20,46,7
7,s035,20,47,5
7,s035,20,40,9
7,s035,20,41,4
7,s035,20,42,3
7,s035,20,43,3
7,s036,36,36,458
7,s036,36,37,115
7,s036,36,38,113
7,s036,36,39,34
7,s036,36,32,162
7,s036,36,33,39
7,s036,36,34,37
7,s036,36,35,14
7,s036,36,44,110
7,s036,36,45,41
7,s036,36,46,31
7,s036,36,47,9
7,s036,36,40,46
7,s036,36,41,18
7,s036,36,42,14
7,s036,36,43,3
7,s036,36,52,130
7,s036,36,53,52
7,s036,36,54,57
7,s036,36,55,15
7,s036,36,48,49
7,s036,36,49,16
7,s036,36,50,25
7,s036,36,51,5
7,s036,36,60,50
7,s036,36,61,23
7,s036,36,62,16
7,s036,36,63,6
7,s036,36,56,12
7,s036,36,57,8
7,s036,36,58,4
7,s036,36,59,1
7,s036,36,4,175
7,s036,36,5,59
7,s036,36,6,33
7,s036,36,7,23
7,s036,36,0,57
7,s036,36,1,17
7,s036,36,2,14
7,s036,36,3,7
7,s036,36,12,42
7,s036,36,13,24
7,s036,36,14,14
7,s036,36,15,5
7,s036,36,8,20
7,s036,36,9,7
7,s036,36,10,5
7,s036,36,11,1
7,s036,36,20,42
7,s036,36,21,24
7,s036,36,22,19
7,s036,36,23,12
7,s036,36,16,18
7,s036,36,17,14
7,s036,36,18,13
7,s036,36,19,3
7,s036,36,28,10
7,s036,36,29,13
7,s036,36,30,4
7,s036,36,31,1
7,s036,36,24,3
7,s036,36,25,3
7,s036,36,26,3
7,s036,36,27,5
7,s037,15,15,449
7,s037,15,14,110
7,s037,15,13,103
7,s037,15,12,34
7,s037,15,11,140
7,s037,15,10,42
7,s037,15,9,50
7,s037,15,8,13
7,s037,15,7,107
7,s037,15,6,45
7,s037,15,5,29
7,s037,15,4,9
7,s037,15,3,41
7,s037,15,2,22
7,s037,15,1,10
7,s037,15,0,4
7,s037,15,31,154
7,s037,15,30,45
7,s037,15,29,71
7,s037,15,28,13
7,s037,15,27,57
7,s037,15,26,21
7,s037,15,25,23
7,s037,15,24,11
7,s037,15,23,44
7,s037,15,22,16
7,s037,15,21,23
7,s037,15,20,7
7,s037,15,19,13
7,s037,15,18,6
7,s037,15,17,3
7,s037,15,16,1
7,s037,15,47,188
7,s037,15,46,61
7,s037,15,45,41
7,s037,15,44,27
7,s037,15,43,52
7,s037,15,42,20
7,s037,15,41,19
7,s037,15,40,7
7,s037,15,39,45
7,s037,15,38,20
7,s037,15,37,12
7,s037,15,36,8
7,s037,15,35,16
7,s037,15,34,6
7,s037,15,33,2
7,s037,15,32,4
7,s037,15,63,54
7,s037,15,62,28
7,s037,15,61,17
7,s037,15,60,8
7,s037,15,59,21
7,s037,15,58,5
7,s037,15,57,10
7,s037,15,56,2
7,s037,15,55,13
7,s037,15,54,8
7,s037,15,53,6
7,s037,15,52,5
7,s037,15,51,4
7,s037,15,49,3
7,s037,15,48,1
11,s000,21,21,212
11,s000,21,20,112
11,s000,21,23,96
11,s000,21,22,40
11,s000,21,17,121
11,s000,21,16,53
11,s000,21,19,49
11,s000,21,18,20
11,s000,21,29,99
11,s000,21,28,50
11,s000,21,31,39
11,s000,21,30,15
11,s000,21,25,39
11,s000,21,24,23
11,s000,21,27,20
11,s000,21,26,12
11,s000,21,5,122
11,s000,21,4,50
11,s000,21,7,58
11,s000,21,6,12
11,s000,21,1,83
11,s000,21,0,40
11,s000,21,3,35
11,s000,21,2,9
11,s000,21,13,40
11,s000,21,12,27
11,s000,21,15,28
11,s000,21,14,12
11,s000,21,9,25
11,s000,21,8,14
11,s000,21,11,8
11,s000,21,10,7
11,s000,21,53,123
11,s000,21,52,68
11,s000,21,55,43
11,s000,21,54,30
11,s000,21,49,71
11,s000,21,48,36
11,s000,21,51,33
11,s000,21,50,12
11,s000,21,61,58
11,s000,21,60,33
11,s000,21,63,25
11,s000,21,62,10
11,s000,21,57,17
11,s000,21,56,14
11,s000,21,59,10
11,s000,21,58,8
11,s000,21,37,69
11,s000,21,36,37
11,s000,21,39,30
11,s000,21,38,10
11,s000,21,33,38
11,s000,21,32,13
11,s000,21,35,17
11,s000,21,34,12
11,s000,21,45,27
11,s000,21,44,10
11,s000,21,47,13
11,s000,21,46,10
11,s000,21,41,16
11,s000,21,40,9
11,s000,21,43,6
11,s000,21,42,5
11,s001,3,3,222
11,s001,3,2,88
11,s001,3,1,114
11,s001,3,0,50
11,s001,3,7,137
11,s001,3,6,50
11,s001,3,5,48
11,s001,3,4,23
11,s001,3,11,83
11,s001,3,10,45
11,s001,3,9,38
11,s001,3,8,22
11,s001,3,15,52
11,s001,3,14,28
11,s001,3,13,16
11,s001,3,12,11
11,s001,3,19,133
11,s001,3,18,58
11,s001,3,17,46
11,s001,3,16,26
11,s001,3,23,76
11,s001,3,22,21
11,s001,3,21,33
11,s001,3,20,15
11,s001,3,27,54
11,s001,3,26,36
11,s001,3,25,23
11,s001,3,24,9
11,s001,3,31,22
11,s001,3,30,6
11,s001,3,29,11
11,s001,3,28,7
11,s001,3,35,111
11,s001,3,34,58
11,s001,3,33,65
11,s001,3,32,30
11,s001,3,39,72
11,s001,3,38,42
11,s001,3,37,20
11,s001,3,36,19
11,s001,3,43,43
11,s001,3,42,30
11,s001,3,41,15
11,s001,3,40,13
11,s001,3,47,45
11,s001,3,46,14
11,s001,3,45,10
11,s001,3,44,10
11,s001,3,51,71
11,s001,3,50,40
11,s001,3,49,30
11,s001,3,48,14
11,s001,3,55,39
11,s001,3,54,36
11,s001,3,53,20
11,s001,3,52,11
11,s001,3,59,16
11,s001,3,58,16
11,s001,3,57,17
11,s001,3,56,10
11,s001,3,63,14
11,s001,3,62,7
11,s001,3,61,9
11,s001,3,60,4
11,s002,45,45,253
11,s002,45,44,112
11,s002,45,47,93
11,s002,45,46,43
11,s002,45,41,117
11,s002,45,40,56
11,s002,45,43,51
11,s002,45,42,26
11,s002,45,37,104
11,s002,45,36,58
11,s002,45,39,37
11,s002,45,38,16
11,s002,45,33,45
11,s002,45,32,33
11,s002,45,35,28
11,s002,45,34,14
11,s002,45,61,119
11,s002,45,60,49
11,s002,45,63,51
11,s002,45,62,27
11,s002,45,57,76
11,s002,45,56,29
11,s002,45,59,34
11,s002,45,58,8
11,s002,45,53,49
11,s002,45,52,38
11,s002,45,55,24
11,s002,45,54,9
11,s002,45,49,22
11,s002,45,48,10
11,s002,45,51,14
11,s002,45,50,8
11,s002,45,13,130
11,s002,45,12,70
11,s002,45,15,40
11,s002,45,14,22
11,s002,45,9,66
11,s002,45,8,29
11,s002,45,11,41
11,s002,45,10,15
11,s002,45,5,48
11,s002,45,4,25
11,s002,45,7,22
11,s002,45,6,16
11,s002,45,1,21
11,s002,45,0,9
11,s002,45,3,9
11,s002,45,2,7
11,s002,45,29,78
11,s002,45,28,35
11,s002,45,31,36
11,s002,45,30,21
11,s002,45,25,28
11,s002,45,24,28
11,s002,45,27,11
11,s002,45,26,11
11,s002,45,21,28
11,s002,45,20,19
11,s002,45,23,19
11,s002,45,22,12
11,s002,45,17,14
11,s002,45,16,8
11,s002,45,19,8
11,s002,45,18,5
11,s003,49,49,215
11,s003,49,48,115
11,s003,49,51,79
11,s003,49,50,48
11,s003,49,53,110
11,s003,49,52,53
11,s003,49,55,45
11,s003,49,54,21
11,s003,49,57,87
11,s003,49,56,51
11,s003,49,59,28
11,s003,49,58,14
11,s003,49,61,44
11,s003,49,60,29
11,s003,49,63,28
11,s003,49,62,13
11,s003,49,33,112
11,s003,49,32,56
11,s003,49,35,44
11,s003,49,34,17
11,s003,49,37,55
11,s003,49,36,32
11,s003,49,39,32
11,s003,49,38,12
11,s003,49,41,41
11,s003,49,40,30
11,s003,49,43,21
11,s003,49,42,13
11,s003,49,45,32
11,s003,49,44,10
11,s003,49,47,15
11,s003,49,46,5
11,s003,49,17,119
11,s003,49,16,53
11,s003,49,19,43
11,s003,49,18,20
11,s003,49,21,54
11,s003,49,20,37
11,s003,49,23,31
11,s003,49,22,15
11,s003,49,25,42
11,s003,49,24,31
11,s003,49,27,27
11,s003,49,26,13
11,s003,49,29,22
11,s003,49,28,15
11,s003,49,31,9
11,s003,49,30,9
11,s003,49,1,75
11,s003,49,0,33
11,s003,49,3,26
11,s003,49,2,21
11,s003,49,5,33
11,s003,49,4,22
11,s003,49,7,19
11,s003,49,6,8
11,s003,49,9,25
11,s003,49,8,15
11,s003,49,11,6
11,s003,49,10,10
11,s003,49,13,18
11,s003,49,12,5
11,s003,49,15,8
11,s003,49,14,9
11,s004,9,9,214
11,s004,9,8,91
11,s004,9,11,114
11,s004,9,10,36
11,s004,9,13,111
11,s004,9,12,60
11,s004,9,15,52
11,s004,9,14,20
11,s004,9,1,104
11,s004,9,0,44
11,s004,9,3,46
11,s004,9,2,11
11,s004,9,5,57
11,s004,9,4,29
11,s004,9,7,26
11,s004,9,6,11
11,s004,9,25,130
11,s004,9,24,60
11,s004,9,27,77
11,s004,9,26,31
11,s004,9,29,56
11,s004,9,28,23
11,s004,9,31,29
11,s004,9,30,9
11,s004,9,17,48
11,s004,9,16,27
11,s004,9,19,20
11,s004,9,18,16
11,s004,9,21,34
11,s004,9,20,12
11,s004,9,23,12
11,s004,9,22,5
11,s004,9,41,116
11,s004,9,40,66
11,s004,9,43,48
11,s004,9,42,24
11,s004,9,45,54
11,s004,9,44,34
11,s004,9,47,25
11,s004,9,46,12
11,s004,9,33,65
11,s004,9,32,25
11,s004,9,35,21
11,s004,9,34,15
11,s004,9,37,26
11,s004,9,36,12
11,s004,9,39,9
11,s004,9,38,3
11,s004,9,57,60
11,s004,9,56,33
11,s004,9,59,31
11,s004,9,58,21
11,s004,9,61,23
11,s004,9,60,14
11,s004,9,63,17
11,s004,9,62,5
11,s004,9,49,31
11,s004,9,48,20
11,s004,9,51,9
11,s004,9,50,9
11,s004,9,53,15
11,s004,9,52,11
11,s004,9,55,8
11,s004,9,54,4
11,s005,46,46,252
11,s005,46,47,80
11,s005,46,44,79
11,s005,46,45,33
11,s005,46,42,129
11,s005,46,43,64
11,s005,46,40,52
11,s005,46,41,16
11,s005,46,38,86
11,s005,46,39,45
11,s005,46,36,37
11,s005,46,37,12
11,s005,46,34,58
11,s005,46,35,25
11,s005,46,32,22
11,s005,46,33,12
11,s005,46,62,112
11,s005,46,63,47
11,s005,46,60,60
11,s005,46,61,35
11,s005,46,58,63
11,s005,46,59,34
11,s005,46,56,33
11,s005,46,57,11
11,s005,46,54,58
11,s005,46,55,31
11,s005,46,52,21
11,s005,46,53,9
11,s005,46,50,22
11,s005,46,51,8
11,s005,46,48,17
11,s005,46,49,4
11,s005,46,14,119
11,s005,46,15,63
11,s005,46,12,47
11,s005,46,13,35
11,s005,46,10,84
11,s005,46,11,27
11,s005,46,8,29
11,s005,46,9,17
11,s005,46,6,47
11,s005,46,7,30
11,s005,46,4,34
11,s005,46,5,12
11,s005,46,2,18
11,s005,46,3,15
11,s005,46,0,13
11,s005,46,1,6
11,s005,46,30,68
11,s005,46,31,39
11,s005,46,28,33
11,s005,46,29,18
11,s005,46,26,28
11,s005,46,27,16
11,s005,46,24,16
11,s005,46,25,10
11,s005,46,22,28
11,s005,46,23,20
11,s005,46,20,8
11,s005,46,21,6
11,s005,46,18,18
11,s005,46,19,12
11,s005,46,16,10
11,s005,46,17,2
11,s006,12,12,202
11,s006,12,13,75
11,s006,12,14,87
11,s006,12,15,50
11,s006,12,8,129
11,s006,12,9,46
11,s006,12,10,44
11,s006,12,11,34
11,s006,12,4,71
11,s006,12,5,50
11,s006,12,6,39
11,s006,12,7,30
11,s006,12,0,58
11,s006,12,1,18
11,s006,12,2,17
11,s006,12,3,11
11,s006,12,28,100
11,s006,12,29,46
11,s006,12,30,44
11,s006,12,31,27
11,s006,12,24,57
11,s006,12,25,20
11,s006,12,26,29
11,s006,12,27,2
11,s006,12,20,42
11,s006,12,21,21
11,s006,12,22,23
11,s006,12,23,13
11,s006,12,16,34
11,s006,12,17,15
11,s006,12,18,14
11,s006,12,19,11
11,s006,12,44,130
11,s006,12,45,67
11,s006,12,46,49
11,s006,12,47,30
11,s006,12,40,77
11,s006,12,41,33
11,s006,12,42,28
11,s006,12,43,21
11,s006,12,36,46
11,s006,12,37,28
11,s006,12,38,16
11,s006,12,39,15
11,s006,12,32,27
11,s006,12,33,18
11,s006,12,34,10
11,s006,12,35,7
11,s006,12,60,67
11,s006,12,61,35
11,s006,12,62,26
11,s006,12,63,24
11,s006,12,56,35
11,s006,12,57,14
11,s006,12,58,17
11,s006,12,59,7
11,s006,12,52,32
11,s006,12,53,22
11,s006,12,54,13
11,s006,12,55,9
11,s006,12,48,20
11,s006,12,49,7
11,s006,12,50,2
11,s006,12,51,7
11,s007,18,18,244
11,s007,18,19,113
11,s007,18,16,106
11,s007,18,17,53
11,s007,18,22,129
11,s007,18,23,50
11,s007,18,20,42
11,s007,18,21,23
11,s007,18,26,96
11,s007,18,27,48
11,s007,18,24,43
11,s007,18,25,15
11,s007,18,30,50
11,s007,18,31,23
11,s007,18,28,20
11,s007,18,29,7
11,s007,18,2,111
11,s007,18,3,51
11,s007,18,0,59
11,s007,18,1,35
11,s007,18,6,67
11,s007,18,7,26
11,s007,18,4,26
11,s007,18,5,10
11,s007,18,10,50
11,s007,18,11,21
11,s007,18,8,20
11,s007,18,9,12
11,s007,18,14,31
11,s007,18,15,12
11,s007,18,12,10
11,s007,18,13,2
11,s007,18,50,120
11,s007,18,51,82
11,s007,18,48,63
11,s007,18,49,30
11,s007,18,54,75
11,s007,18,55,45
11,s007,18,52,36
11,s007,18,53,12
11,s007,18,58,65
11,s007,18,59,28
11,s007,18,56,24
11,s007,18,57,13
11,s007,18,62,36
11,s007,18,63,22
11,s007,18,60,14
11,s007,18,61,12
11,s007,18,34,73
11,s007,18,35,37
11,s007,18,32,37
11,s007,18,33,18
11,s007,18,38,37
11,s007,18,39,25
11,s007,18,36,23
11,s007,18,37,10
11,s007,18,42,31
11,s007,18,43,19
11,s007,18,40,17
11,s007,18,41,3
11,s007,18,46,14
11,s007,18,47,12
11,s007,18,44,7
11,s007,18,45,4
11,s008,23,23,223
11,s008,23,22,94
11,s008,23,21,74
11,s008,23,20,38
11,s008,23,19,112
11,s008,23,18,47
11,s008,23,17,54
11,s008,23,16,22
11,s008,23,31,76
11,s008,23,30,50
11,s008,23,29,46
11,s008,23,28,14
11,s008,23,27,45
11,s008,23,26,18
11,s008,23,25,27
11,s008,23,24,12
11,s008,23,7,117
11,s008,23,6,59
11,s008,23,5,60
11,s008,23,4,29
11,s008,23,3,53
11,s008,23,2,39
11,s008,23,1,30
11,s008,23,0,11
11,s008,23,15,50
11,s008,23,14,22
11,s008,23,13,25
11,s008,23,12,9
11,s008,23,11,30
11,s008,23,10,20
11,s008,23,9,8
11,s008,23,8,5
11,s008,23,55,131
11,s008,23,54,71
11,s008,23,53,44
11,s008,23,52,33
11,s008,23,51,57
11,s008,23,50,22
11,s008,23,49,32
11,s008,23,48,13
11,s008,23,63,60
11,s008,23,62,30
11,s008,23,61,29
11,s008,23,60,12
11,s008,23,59,18
11,s008,23,58,24
11,s008,23,57,10
11,s008,23,56,6
11,s008,23,39,53
11,s008,23,38,41
11,s008,23,37,45
11,s008,23,36,22
11,s008,23,35,44
11,s008,23,34,17
11,s008,23,33,22
11,s008,23,32,7
11,s008,23,47,25
11,s008,23,46,20
11,s008,23,45,15
11,s008,23,44,10
11,s008,23,43,18
11,s008,23,42,8
11,s008,23,41,9
11,s008,23,40,2
11,s009,36,36,232
11,s009,36,37,102
11,s009,36,38,81
11,s009,36,39,41
11,s009,36,32,117
11,s009,36,33,58
11,s009,36,34,39
11,s009,36,35,25
11,s009,36,44,98
11,s009,36,45,40
11,s009,36,46,38
11,s009,36,47,23
11,s009,36,40,52
11,s009,36,41,22
11,s009,36,42,20
11,s009,36,43,10
11,s009,36,52,132
11,s009,36,53,53
11,s009,36,54,52
11,s009,36,55,33
11,s009,36,48,71
11,s009,36,49,34
11,s009,36,50,30
11,s009,36,51,13
11,s009,36,60,39
11,s009,36,61,30
11,s009,36,62,22
11,s009,36,63,15
11,s009,36,56,35
11,s009,36,57,17
11,s009,36,58,17
11,s009,36,59,6
11,s009,36,4,136
11,s009,36,5,63
11,s009,36,6,47
11,s009,36,7,22
11,s009,36,0,60
11,s009,36,1,30
11,s009,36,2,29
11,s009,36,3,13
11,s009,36,12,54
11,s009,36,13,32
11,s009,36,14,27
11,s009,36,15,14
11,s009,36,8,36
11,s009,36,9,13
11,s009,36,10,9
11,s009,36,11,10
11,s009,36,20,63
11,s009,36,21,31
11,s009,36,22,31
11,s009,36,23,20
11,s009,36,16,41
11,s009,36,17,21
11,s009,36,18,18
11,s009,36,19,7
11,s009,36,28,30
11,s009,36,29,25
11,s009,36,30,18
11,s009,36,31,10
11,s009,36,24,14
11,s009,36,25,2
11,s009,36,26,8
11,s009,36,27,2
11,s010,41,41,223
11,s010,41,40,97
11,s010,41,43,83
11,s010,41,42,44
11,s010,41,45,127
11,s010,41,44,56
11,s010,41,47,45
11,s010,41,46,17
11,s010,41,33,111
11,s010,41,32,40
11,s010,41,35,41
11,s010,41,34,27
11,s010,41,37,45
11,s010,41,36,26
11,s010,41,39,25
11,s010,41,38,5
11,s010,41,57,131
11,s010,41,56,63
11,s010,41,59,58
11,s010,41,58,22
11,s010,41,61,71
11,s010,41,60,23
11,s010,41,63,33
11,s010,41,62,8
11,s010,41,49,55
11,s010,41,48,29
11,s010,41,51,26
11,s010,41,50,11
11,s010,41,53,19
11,s010,41,52,12
11,s010,41,55,11
11,s010,41,54,4
11,s010,41,9,114
11,s010,41,8,64
11,s010,41,11,50
11,s010,41,10,35
11,s010,41,13,61
11,s010,41,12,43
11,s010,41,15,44
11,s010,41,14,15
11,s010,41,1,52
11,s010,41,0,29
11,s010,41,3,20
11,s010,41,2,9
11,s010,41,5,20
11,s010,41,4,14
11,s010,41,7,15
11,s010,41,6,8
11,s010,41,25,71
11,s010,41,24,44
11,s010,41,27,41
11,s010,41,26,25
11,s010,41,29,32
11,s010,41,28,20
11,s010,41,31,16
11,s010,41,30,8
11,s010,41,17,30
11,s010,41,16,20
11,s010,41,19,17
11,s010,41,18,6
11,s010,41,21,16
11,s010,41,20,9
11,s010,41,23,8
11,s010,41,22,1
11,s011,20,20,215
11,s011,20,21,100
11,s011,20,22,103
11,s011,20,23,37
11,s011,20,16,118
11,s011,20,17,57
11,s011,20,18,42
11,s011,20,19,28
11,s011,20,28,94
11,s011,20,29,42
11,s011,20,30,43
11,s011,20,31,21
11,s011,20,24,57
11,s011,20,25,23
11,s011,20,26,22
11,s011,20,27,13
11,s011,20,4,108
11,s011,20,5,53
11,s011,20,6,53
11,s011,20,7,23
11,s011,20,0,56
11,s011,20,1,29
11,s011,20,2,22
11,s011,20,3,12
11,s011,20,12,47
11,s011,20,13,18
11,s011,20,14,34
11,s011,20,15,8
11,s011,20,8,23
11,s011,20,9,18
11,s011,20,10,11
11,s011,20,11,5
11,s011,20,52,121
11,s011,20,53,65
11,s011,20,54,44
11,s011,20,55,31
11,s011,20,48,64
11,s011,20,49,25
11,s011,20,50,20
11,s011,20,51,20
11,s011,20,60,53
11,s011,20,61,37
11,s011,20,62,22
11,s011,20,63,17
11,s011,20,56,25
11,s011,20,57,8
11,s011,20,58,11
11,s011,20,59,8
11,s011,20,36,66
11,s011,20,37,45
11,s011,20,38,27
11,s011,20,39,23
11,s011,20,32,43
11,s011,20,33,16
11,s011,20,34,15
11,s011,20,35,15
11,s011,20,44,36
11,s011,20,45,17
11,s011,20,46,9
11,s011,20,47,10
11,s011,20,40,13
11,s011,20,41,10
11,s011,20,42,6
11,s011,20,43,2
11,s012,20,20,218
11,s012,20,21,103
11,s012,20,22,91
11,s012,20,23,44
11,s012,20,16,124
11,s012,20,17,41
11,s012,20,18,65
11,s012,20,19,19
11,s012,20,28,92
11,s012,20,29,34
11,s012,20,30,40
11,s012,20,31,24
11,s012,20,24,40
11,s012,20,25,28
11,s012,20,26,28
11,s012,20,27,9
11,s012,20,4,101
11,s012,20,5,50
11,s012,20,6,56
11,s012,20,7,25
11,s012,20,0,64
11,s012,20,1,23
11,s012,20,2,24
11,s012,20,3,17
11,s012,20,12,55
11,s012,20,13,26
11,s012,20,14,20
11,s012,20,15,16
11,s012,20,8,30
11,s012,20,9,11
11,s012,20,10,10
11,s012,20,11,7
11,s012,20,52,115
11,s012,20,53,55
11,s012,20,54,50
11,s012,20,55,28
11,s012,20,48,65
11,s012,20,49,37
11,s012,20,50,21
11,s012,20,51,12
11,s012,20,60,52
11,s012,20,61,38
11,s012,20,62,17
11,s012,20,63,12
11,s012,20,56,26
11,s012,20,57,23
11,s012,20,58,10
11,s012,20,59,2
11,s012,20,36,61
11,s012,20,37,32
11,s012,20,38,34
11,s012,20,39,22
11,s012,20,32,36
11,s012,20,33,26
11,s012,20,34,17
11,s012,20,35,12
11,s012,20,44,31
11,s012,20,45,16
11,s012,20,46,13
11,s012,20,47,5
11,s012,20,40,14
11,s012,20,41,9
11,s012,20,42,8
11,s012,20,43,8
11,s013,49,49,224
11,s013,49,48,105
11,s013,49,51,91
11,s013,49,50,43
11,s013,49,53,126
11,s013,49,52,58
11,s013,49,55,44
11,s013,49,54,23
11,s013,49,57,88
11,s013,49,56,48
11,s013,49,59,44
11,s013,49,58,19
11,s013,49,61,53
11,s013,49,60,25
11,s013,49,63,22
11,s013,49,62,10
11,s013,49,33,125
11,s013,49,32,59
11,s013,49,35,61
11,s013,49,34,35
11,s013,49,37,72
11,s013,49,36,32
11,s013,49,39,33
11,s013,49,38,10
11,s013,49,41,53
11,s013,49,40,21
11,s013,49,43,25
11,s013,49,42,17
11,s013,49,45,27
11,s013,49,44,16
11,s013,49,47,8
11,s013,49,46,9
11,s013,49,17,123
11,s013,49,16,76
11,s013,49,19,58
11,s013,49,18,37
11,s013,49,21,74
11,s013,49,20,40
11,s013,49,23,27
11,s013,49,22,15
11,s013,49,25,43
11,s013,49,24,31
11,s013,49,27,21
11,s013,49,26,10
11,s013,49,29,32
11,s013,49,28,17
11,s013,49,31,15
11,s013,49,30,10
11,s013,49,1,70
11,s013,49,0,35
11,s013,49,3,31
11,s013,49,2,16
11,s013,49,5,25
11,s013,49,4,19
11,s013,49,7,14
11,s013,49,6,7
11,s013,49,9,32
11,s013,49,8,17
11,s013,49,11,16
11,s013,49,10,8
11,s013,49,13,18
11,s013,49,12,11
11,s013,49,15,5
11,s013,49,14,4
11,s014,57,57,225
11,s014,57,56,102
11,s014,57,59,83
11,s014,57,58,39
11,s014,57,61,112
11,s014,57,60,50
11,s014,57,63,51
11,s014,57,62,31
11,s014,57,49,111
11,s014,57,48,48
11,s014,57,51,45
11,s014,57,50,12
11,s014,57,53,61
11,s014,57,52,18
11,s014,57,55,22
11,s014,57,54,8
11,s014,57,41,109
11,s014,57,40,50
11,s014,57,43,50
11,s014,57,42,27
11,s014,57,45,52
11,s014,57,44,18
11,s014,57,47,25
11,s014,57,46,15
11,s014,57,33,50
11,s014,57,32,21
11,s014,57,35,25
11,s014,57,34,14
11,s014,57,37,21
11,s014,57,36,16
11,s014,57,39,16
11,s014,57,38,6
11,s014,57,25,135
11,s014,57,24,62
11,s014,57,27,52
11,s014,57,26,37
11,s014,57,29,71
11,s014,57,28,38
11,s014,57,31,23
11,s014,57,30,18
11,s014,57,17,59
11,s014,57,16,34
11,s014,57,19,32
11,s014,57,18,14
11,s014,57,21,27
11,s014,57,20,17
11,s014,57,23,14
11,s014,57,22,6
11,s014,57,9,59
11,s014,57,8,42
11,s014,57,11,36
11,s014,57,10,22
11,s014,57,13,37
11,s014,57,12,25
11,s014,57,15,14
11,s014,57,14,10
11,s014,57,1,30
11,s014,57,0,20
11,s014,57,3,11
11,s014,57,2,7
11,s014,57,5,14
11,s014,57,4,4
11,s014,57,7,10
11,s014,57,6,2
11,s015,2,2,230
11,s015,2,3,112
11,s015,2,0,93
11,s015,2,1,44
11,s015,2,6,129
11,s015,2,7,50
11,s015,2,4,51
11,s015,2,5,23
11,s015,2,10,95
11,s015,2,11,46
11,s015,2,8,37
11,s015,2,9,20
11,s015,2,14,61
11,s015,2,15,28
11,s015,2,12,12
11,s015,2,13,12
11,s015,2,18,133
11,s015,2,19,52
11,s015,2,16,65
11,s015,2,17,22
11,s015,2,22,57
11,s015,2,23,29
11,s015,2,20,30
11,s015,2,21,17
11,s015,2,26,61
11,s015,2,27,23
11,s015,2,24,32
11,s015,2,25,15
11,s015,2,30,27
11,s015,2,31,14
11,s015,2,28,12
11,s015,2,29,8
11,s015,2,34,117
11,s015,2,35,76
11,s015,2,32,47
11,s015,2,33,29
11,s015,2,38,65
11,s015,2,39,38
11,s015,2,36,27
11,s015,2,37,15
11,s015,2,42,60
11,s015,2,43,32
11,s015,2,40,21
11,s015,2,41,11
11,s015,2,46,24
11,s015,2,47,10
11,s015,2,44,8
11,s015,2,45,7
11,s015,2,50,59
11,s015,2,51,27
11,s015,2,48,37
11,s015,2,49,18
11,s015,2,54,26
11,s015,2,55,25
11,s015,2,52,14
11,s015,2,53,11
11,s015,2,58,31
11,s015,2,59,16
11,s015,2,56,18
11,s015,2,57,10
11,s015,2,62,15
11,s015,2,63,8
11,s015,2,60,11
11,s015,2,61,10
11,s016,38,38,255
11,s016,38,39,102
11,s016,38,36,86
11,s016,38,37,50
11,s016,38,34,108
11,s016,38,35,59
11,s016,38,32,44
11,s016,38,33,21
11,s016,38,46,90
11,s016,38,47,38
11,s016,38,44,37
11,s016,38,45,15
11,s016,38,42,58
11,s016,38,43,23
11,s016,38,40,28
11,s016,38,41,7
11,s016,38,54,130
11,s016,38,55,61
11,s016,38,52,56
11,s016,38,53,24
11,s016,38,50,59
11,s016,38,51,28
11,s016,38,48,26
11,s016,38,49,22
11,s016,38,62,57
11,s016,38,63,19
11,s016,38,60,20
11,s016,38,61,13
11,s016,38,58,24
11,s016,38,59,8
11,s016,38,56,13
11,s016,38,57,4
11,s016,38,6,115
11,s016,38,7,60
11,s016,38,4,45
11,s016,38,5,32
11,s016,38,2,51
11,s016,38,3,37
11,s016,38,0,25
11,s016,38,1,7
11,s016,38,14,60
11,s016,38,15,31
11,s016,38,12,31
11,s016,38,13,23
11,s016,38,10,27
11,s016,38,11,11
11,s016,38,8,7
11,s016,38,9,6
11,s016,38,22,61
11,s016,38,23,33
11,s016,38,20,25
11,s016,38,21,19
11,s016,38,18,33
11,s016,38,19,23
11,s016,38,16,19
11,s016,38,17,9
11,s016,38,30,27
11,s016,38,31,15
11,s016,38,28,14
11,s016,38,29,10
11,s016,38,26,18
11,s016,38,27,9
11,s016,38,24,6
11,s016,38,25,8
11,s017,62,62,222
11,s017,62,63,106
11,s017,62,60,82
11,s017,62,61,45
11,s017,62,58,109
11,s017,62,59,43
11,s017,62,56,42
11,s017,62,57,28
11,s017,62,54,89
11,s017,62,55,66
11,s017,62,52,27
11,s017,62,53,26
11,s017,62,50,53
11,s017,62,51,24
11,s017,62,48,19
11,s017,62,49,7
11,s017,62,46,103
11,s017,62,47,59
11,s017,62,44,61
11,s017,62,45,32
11,s017,62,42,57
11,s017,62,43,26
11,s017,62,40,35
11,s017,62,41,18
11,s017,62,38,54
11,s017,62,39,33
11,s017,62,36,20
11,s017,62,37,11
11,s017,62,34,24
11,s017,62,35,17
11,s017,62,32,9
11,s017,62,33,5
11,s017,62,30,159
11,s017,62,31,51
11,s017,62,28,52
11,s017,62,29,29
11,s017,62,26,59
11,s017,62,27,49
11,s017,62,24,31
11,s017,62,25,15
11,s017,62,22,45
11,s017,62,23,24
11,s017,62,20,26
11,s017,62,21,17
11,s017,62,18,28
11,s017,62,19,17
11,s017,62,16,13
11,s017,62,17,3
11,s017,62,14,75
11,s017,62,15,31
11,s017,62,12,31
11,s017,62,13,11
11,s017,62,10,43
11,s017,62,11,18
11,s017,62,8,15
11,s017,62,9,10
11,s017,62,6,31
11,s017,62,7,18
11,s017,62,4,14
11,s017,62,5,9
11,s017,62,2,25
11,s017,62,3,11
11,s017,62,0,12
11,s017,62,1,5
11,s018,30,30,213
11,s018,30,31,103
11,s018,30,28,98
11,s018,30,29,29
11,s018,30,26,120
11,s018,30,27,41
11,s018,30,24,41
11,s018,30,25,23
11,s018,30,22,105
11,s018,30,23,54
11,s018,30,20,29
11,s018,30,21,27
11,s018,30,18,40
11,s018,30,19,38
11,s018,30,16,17
11,s018,30,17,13
11,s018,30,14,125
11,s018,30,15,48
11,s018,30,12,71
11,s018,30,13,35
11,s018,30,10,58
11,s018,30,11,34
11,s018,30,8,35
11,s018,30,9,14
11,s018,30,6,47
11,s018,30,7,24
11,s018,30,4,27
11,s018,30,5,7
11,s018,30,2,35
11,s018,30,3,13
11,s018,30,0,17
11,s018,30,1,9
11,s018,30,62,132
11,s018,30,63,77
11,s018,30,60,58
11,s018,30,61,36
11,s018,30,58,57
11,s018,30,59,26
11,s018,30,56,28
11,s018,30,57,15
11,s018,30,54,55
11,s018,30,55,45
11,s018,30,52,21
11,s018,30,53,13
11,s018,30,50,39
11,s018,30,51,19
11,s018,30,48,9
11,s018,30,49,8
11,s018,30,46,79
11,s018,30,47,38
11,s018,30,44,28
11,s018,30,45,25
11,s018,30,42,37
11,s018,30,43,20
11,s018,30,40,18
11,s018,30,41,9
11,s018,30,38,32
11,s018,30,39,15
11,s018,30,36,13
11,s018,30,37,5
11,s018,30,34,16
11,s018,30,35,7
11,s018,30,32,11
11,s018,30,33,6
11,s019,26,26,197
11,s019,26,27,115
11,s019,26,24,83
11,s019,26,25,38
11,s019,26,30,116
11,s019,26,31,52
11,s019,26,28,45
11,s019,26,29,17
11,s019,26,18,100
11,s019,26,19,35
11,s019,26,16,31
11,s019,26,17,18
11,s019,26,22,42
11,s019,26,23,24
11,s019,26,20,24
11,s019,26,21,16
11,s019,26,10,108
11,s019,26,11,56
11,s019,26,8,58
11,s019,26,9,26
11,s019,26,14,54
11,s019,26,15,26
11,s019,26,12,36
11,s019,26,13,11
11,s019,26,2,49
11,s019,26,3,27
11,s019,26,0,26
11,s019,26,1,14
11,s019,26,6,24
11,s019,26,7,11
11,s019,26,4,9
11,s019,26,5,8
11,s019,26,58,117
11,s019,26,59,65
11,s019,26,56,51
11,s019,26,57,30
11,s019,26,62,58
11,s019,26,63,29
11,s019,26,60,22
11,s019,26,61,16
11,s019,26,50,58
11,s019,26,51,38
11,s019,26,48,19
11,s019,26,49,9
11,s019,26,54,26
11,s019,26,55,14
11,s019,26,52,11
11,s019,26,53,6
11,s019,26,42,64
11,s019,26,43,44
11,s019,26,40,29
11,s019,26,41,27
11,s019,26,46,38
11,s019,26,47,21
11,s019,26,44,18
11,s019,26,45,13
11,s019,26,34,23
11,s019,26,35,20
11,s019,26,32,20
11,s019,26,33,8
11,s019,26,38,13
11,s019,26,39,8
11,s019,26,36,3
11,s019,26,37,2
11,s020,34,34,207
11,s020,34,35,120
11,s020,34,32,96
11,s020,34,33,26
11,s020,34,38,119
11,s020,34,39,52
11,s020,34,36,63
11,s020,34,37,23
11,s020,34,42,111
11,s020,34,43,57
11,s020,34,40,38
11,s020,34,41,18
11,s020,34,46,56
11,s020,34,47,21
11,s020,34,44,21
11,s020,34,45,7
11,s020,34,50,136
11,s020,34,51,77
11,s020,34,48,62
11,s020,34,49,24
11,s020,34,54,66
11,s020,34,55,40
11,s020,34,52,40
11,s020,34,53,18
11,s020,34,58,44
11,s020,34,59,27
11,s020,34,56,34
11,s020,34,57,12
11,s020,34,62,29
11,s020,34,63,20
11,s020,34,60,8
11,s020,34,61,9
11,s020,34,2,110
11,s020,34,3,68
11,s020,34,0,48
11,s020,34,1,27
11,s020,34,6,61
11,s020,34,7,33
11,s020,34,4,30
11,s020,34,5,13
11,s020,34,10,52
11,s020,34,11,29
11,s020,34,8,21
11,s020,34,9,8
11,s020,34,14,39
11,s020,34,15,12
11,s020,34,12,22
11,s020,34,13,6
11,s020,34,18,62
11,s020,34,19,28
11,s020,34,16,29
11,s020,34,17,23
11,s020,34,22,38
11,s020,34,23,18
11,s020,34,20,21
11,s020,34,21,10
11,s020,34,26,27
11,s020,34,27,12
11,s020,34,24,12
11,s020,34,25,9
11,s020,34,30,13
11,s020,34,31,13
11,s020,34,28,14
11,s020,34,29,3
11,s021,44,44,234
11,s021,44,45,87
11,s021,44,46,109
11,s021,44,47,39
11,s021,44,40,115
11,s021,44,41,45
11,s021,44,42,61
11,s021,44,43,27
11,s021,44,36,85
11,s021,44,37,44
11,s021,44,38,38
11,s021,44,39,18
11,s021,44,32,42
11,s021,44,33,39
11,s021,44,34,17
11,s021,44,35,15
11,s021,44,60,116
11,s021,44,61,54
11,s021,44,62,55
11,s021,44,63,23
11,s021,44,56,55
11,s021,44,57,12
11,s021,44,58,27
11,s021,44,59,11
11,s021,44,52,46
11,s021,44,53,23
11,s021,44,54,25
11,s021,44,55,10
11,s021,44,48,23
11,s021,44,49,19
11,s021,44,50,7
11,s021,44,51,4
11,s021,44,12,121
11,s021,44,13,78
11,s021,44,14,54
11,s021,44,15,25
11,s021,44,8,35
11,s021,44,9,38
11,s021,44,10,18
11,s021,44,11,16
11,s021,44,4,63
11,s021,44,5,28
11,s021,44,6,26
11,s021,44,7,19
11,s021,44,0,27
11,s021,44,1,23
11,s021,44,2,12
11,s021,44,3,6
11,s021,44,28,66
11,s021,44,29,35
11,s021,44,30,33
11,s021,44,31,18
11,s021,44,24,34
11,s021,44,25,15
11,s021,44,26,17
11,s021,44,27,5
11,s021,44,20,24
11,s021,44,21,19
11,s021,44,22,12
11,s021,44,23,6
11,s021,44,16,9
11,s021,44,17,15
11,s021,44,18,10
11,s021,44,19,5
11,s022,23,23,222
11,s022,23,22,115
11,s022,23,21,109
11,s022,23,20,22
11,s022,23,19,119
11,s022,23,18,52
11,s022,23,17,49
11,s022,23,16,21
11,s022,23,31,92
11,s022,23,30,56
11,s022,23,29,38
11,s022,23,28,19
11,s022,23,27,49
11,s022,23,26,24
11,s022,23,25,22
11,s022,23,24,11
11,s022,23,7,136
11,s022,23,6,59
11,s022,23,5,52
11,s022,23,4,23
11,s022,23,3,55
11,s022,23,2,33
11,s022,23,1,22
11,s022,23,0,12
11,s022,23,15,55
11,s022,23,14,27
11,s022,23,13,20
11,s022,23,12,13
11,s022,23,11,35
11,s022,23,10,11
11,s022,23,9,7
11,s022,23,8,10
11,s022,23,55,136
11,s022,23,54,69
11,s022,23,53,54
11,s022,23,52,36
11,s022,23,51,51
11,s022,23,50,37
11,s022,23,49,34
11,s022,23,48,17
11,s022,23,63,52
11,s022,23,62,22
11,s022,23,61,21
11,s022,23,60,13
11,s022,23,59,27
11,s022,23,58,23
11,s022,23,57,18
11,s022,23,56,9
11,s022,23,39,72
11,s022,23,38,40
11,s022,23,37,39
11,s022,23,36,28
11,s022,23,35,27
11,s022,23,34,13
11,s022,23,33,17
11,s022,23,32,4
11,s022,23,47,37
11,s022,23,46,21
11,s022,23,45,12
11,s022,23,44,8
11,s022,23,43,12
11,s022,23,42,9
11,s022,23,41,10
11,s022,23,40,7
11,s023,40,40,221
11,s023,40,41,92
11,s023,40,42,94
11,s023,40,43,33
11,s023,40,44,99
11,s023,40,45,50
11,s023,40,46,45
11,s023,40,47,17
11,s023,40,32,84
11,s023,40,33,53
11,s023,40,34,22
11,s023,40,35,16
11,s023,40,36,48
11,s023,40,37,30
11,s023,40,38,21
11,s023,40,39,7
11,s023,40,56,125
11,s023,40,57,55
11,s023,40,58,53
11,s023,40,59,31
11,s023,40,60,61
11,s023,40,61,30
11,s023,40,62,27
11,s023,40,63,12
11,s023,40,48,50
11,s023,40,49,22
11,s023,40,50,18
11,s023,40,51,11
11,s023,40,52,21
11,s023,40,53,14
11,s023,40,54,14
11,s023,40,55,7
11,s023,40,8,108
11,s023,40,9,64
11,s023,40,10,42
11,s023,40,11,30
11,s023,40,12,65
11,s023,40,13,24
11,s023,40,14,22
11,s023,40,15,17
11,s023,40,0,69
11,s023,40,1,30
11,s023,40,2,17
11,s023,40,3,22
11,s023,40,4,29
11,s023,40,5,17
11,s023,40,6,11
11,s023,40,7,8
11,s023,40,24,54
11,s023,40,25,42
11,s023,40,26,25
11,s023,40,27,20
11,s023,40,28,38
11,s023,40,29,14
11,s023,40,30,9
11,s023,40,31,8
11,s023,40,16,24
11,s023,40,17,14
11,s023,40,18,18
11,s023,40,19,9
11,s023,40,20,20
11,s023,40,21,7
11,s023,40,22,7
11,s023,40,23,2
11,s024,13,13,200
11,s024,13,12,90
11,s024,13,15,100
11,s024,13,14,34
11,s024,13,9,131
11,s024,13,8,48
11,s024,13,11,41
11,s024,13,10,19
11,s024,13,5,101
11,s024,13,4,57
11,s024,13,7,38
11,s024,13,6,25
11,s024,13,1,43
11,s024,13,0,25
11,s024,13,3,22
11,s024,13,2,10
11,s024,13,29,115
11,s024,13,28,61
11,s024,13,31,61
11,s024,13,30,34
11,s024,13,25,57
11,s024,13,24,23
11,s024,13,27,37
11,s024,13,26,18
11,s024,13,21,51
11,s024,13,20,23
11,s024,13,23,25
11,s024,13,22,13
11,s024,13,17,20
11,s024,13,16,14
11,s024,13,19,10
11,s024,13,18,7
11,s024,13,45,125
11,s024,13,44,56
11,s024,13,47,48
11,s024,13,46,25
11,s024,13,41,47
11,s024,13,40,29
11,s024,13,43,25
11,s024,13,42,13
11,s024,13,37,65
11,s024,13,36,34
11,s024,13,39,22
11,s024,13,38,7
11,s024,13,33,34
11,s024,13,32,12
11,s024,13,35,14
11,s024,13,34,9
11,s024,13,61,55
11,s024,13,60,36
11,s024,13,63,21
11,s024,13,62,13
11,s024,13,57,37
11,s024,13,56,19
11,s024,13,59,20
11,s024,13,58,8
11,s024,13,53,22
11,s024,13,52,19
11,s024,13,55,11
11,s024,13,54,8
11,s024,13,49,12
11,s024,13,48,7
11,s024,13,51,7
11,s024,13,50,7
11,s025,15,15,226
11,s025,15,14,127
11,s025,15,13,89
11,s025,15,12,38
11,s025,15,11,127
11,s025,15,10,60
11,s025,15,9,63
11,s025,15,8,20
11,s025,15,7,115
11,s025,15,6,46
11,s025,15,5,55
11,s025,15,4,15
11,s025,15,3,47
11,s025,15,2,28
11,s025,15,1,23
11,s025,15,0,9
11,s025,15,31,106
11,s025,15,30,56
11,s025,15,29,64
11,s025,15,28,29
11,s025,15,27,63
11,s025,15,26,21
11,s025,15,25,34
11,s025,15,24,15
11,s025,15,23,59
11,s025,15,22,27
11,s025,15,21,26
11,s025,15,20,12
11,s025,15,19,27
11,s025,15,18,8
11,s025,15,17,8
11,s025,15,16,10
11,s025,15,47,93
11,s025,15,46,66
11,s025,15,45,64
11,s025,15,44,36
11,s025,15,43,66
11,s025,15,42,37
11,s025,15,41,30
11,s025,15,40,15
11,s025,15,39,63
11,s025,15,38,30
11,s025,15,37,17
11,s025,15,36,16
11,s025,15,35,29
11,s025,15,34,12
11,s025,15,33,12
11,s025,15,32,6
11,s025,15,63,75
11,s025,15,62,41
11,s025,15,61,28
11,s025,15,60,16
11,s025,15,59,31
11,s025,15,58,19
11,s025,15,57,18
11,s025,15,56,3
11,s025,15,55,25
11,s025,15,54,22
11,s025,15,53,17
11,s025,15,52,6
11,s025,15,51,20
11,s025,15,50,8
11,s025,15,49,9
11,s025,15,48,2
11,s026,35,35,236
11,s026,35,34,117
11,s026,35,33,94
11,s026,35,32,51
11,s026,35,39,107
11,s026,35,38,56
11,s026,35,37,60
11,s026,35,36,26
11,s026,35,43,95
11,s026,35,42,53
11,s026,35,41,42
11,s026,35,40,16
11,s026,35,47,52
11,s026,35,46,30
11,s026,35,45,19
11,s026,35,44,7
11,s026,35,51,128
11,s026,35,50,66
11,s026,35,49,54
11,s026,35,48,28
11,s026,35,55,56
11,s026,35,54,42
11,s026,35,53,32
11,s026,35,52,12
11,s026,35,59,38
11,s026,35,58,15
11,s026,35,57,23
11,s026,35,56,13
11,s026,35,63,32
11,s026,35,62,11
11,s026,35,61,19
11,s026,35,60,5
11,s026,35,3,111
11,s026,35,2,72
11,s026,35,1,47
11,s026,35,0,27
11,s026,35,7,74
11,s026,35,6,35
11,s026,35,5,33
11,s026,35,4,18
11,s026,35,11,54
11,s026,35,10,26
11,s026,35,9,27
11,s026,35,8,20
11,s026,35,15,36
11,s026,35,14,15
11,s026,35,13,12
11,s026,35,12,8
11,s026,35,19,60
11,s026,35,18,40
11,s026,35,17,37
11,s026,35,16,18
11,s026,35,23,33
11,s026,35,22,23
11,s026,35,21,14
11,s026,35,20,12
11,s026,35,27,26
11,s026,35,26,16
11,s026,35,25,11
11,s026,35,24,10
11,s026,35,31,15
11,s026,35,30,14
11,s026,35,29,14
11,s026,35,28,4
11,s027,31,31,195
11,s027,31,30,111
11,s027,31,29,88
11,s027,31,28,50
11,s027,31,27,101
11,s027,31,26,50
11,s027,31,25,41
11,s027,31,24,27
11,s027,31,23,94
11,s027,31,22,48
11,s027,31,21,42
11,s027,31,20,30
11,s027,31,19,51
11,s027,31,18,27
11,s027,31,17,26
11,s027,31,16,7
11,s027,31,15,116
11,s027,31,14,60
11,s027,31,13,49
11,s027,31,12,28
11,s027,31,11,57
11,s027,31,10,29
11,s027,31,9,29
11,s027,31,8,8
11,s027,31,7,50
11,s027,31,6,21
11,s027,31,5,25
11,s027,31,4,17
11,s027,31,3,24
11,s027,31,2,11
11,s027,31,1,18
11,s027,31,0,5
11,s027,31,63,118
11,s027,31,62,67
11,s027,31,61,48
11,s027,31,60,22
11,s027,31,59,71
11,s027,31,58,28
11,s027,31,57,26
11,s027,31,56,16
11,s027,31,55,54
11,s027,31,54,27
11,s027,31,53,24
11,s027,31,52,29
11,s027,31,51,38
11,s027,31,50,14
11,s027,31,49,11
11,s027,31,48,5
11,s027,31,47,55
11,s027,31,46,36
11,s027,31,45,38
11,s027,31,44,17
11,s027,31,43,35
11,s027,31,42,15
11,s027,31,41,19
11,s027,31,40,8
11,s027,31,39,32
11,s027,31,38,16
11,s027,31,37,16
11,s027,31,36,6
11,s027,31,35,21
11,s027,31,34,10
11,s027,31,33,12
11,s027,31,32,5
11,s028,59,59,209
11,s028,59,58,112
11,s028,59,57,81
11,s028,59,56,29
11,s028,59,63,102
11,s028,59,62,52
11,s028,59,61,52
11,s028,59,60,15
11,s028,59,51,98
11,s028,59,50,48
11,s028,59,49,30
11,s028,59,48,18
11,s028,59,55,39
11,s028,59,54,31
11,s028,59,53,19
11,s028,59,52,8
11,s028,59,43,100
11,s028,59,42,58
11,s028,59,41,48
11,s028,59,40,20
11,s028,59,47,54
11,s028,59,46,25
11,s028,59,45,32
11,s028,59,44,17
11,s028,59,35,57
11,s028,59,34,29
11,s028,59,33,24
11,s028,59,32,12
11,s028,59,39,29
11,s028,59,38,10
11,s028,59,37,14
11,s028,59,36,7
11,s028,59,27,134
11,s028,59,26,65
11,s028,59,25,43
11,s028,59,24,23
11,s028,59,31,66
11,s028,59,30,45
11,s028,59,29,22
11,s028,59,28,12
11,s028,59,19,48
11,s028,59,18,33
11,s028,59,17,14
11,s028,59,16,18
11,s028,59,23,25
11,s028,59,22,21
11,s028,59,21,9
11,s028,59,20,7
11,s028,59,11,62
11,s028,59,10,39
11,s028,59,9,19
11,s028,59,8,15
11,s028,59,15,35
11,s028,59,14,16
11,s028,59,13,11
11,s028,59,12,7
11,s028,59,3,29
11,s028,59,2,11
11,s028,59,1,15
11,s028,59,0,3
11,s028,59,7,11
11,s028,59,6,7
11,s028,59,5,5
11,s028,59,4,10
11,s029,57,57,211
11,s029,57,56,113
11,s029,57,59,90
11,s029,57,58,45
11,s029,57,61,104
11,s029,57,60,46
11,s029,57,63,40
11,s029,57,62,28
11,s029,57,49,83
11,s029,57,48,60
11,s029,57,51,40
11,s029,57,50,24
11,s029,57,53,39
11,s029,57,52,23
11,s029,57,55,14
11,s029,57,54,14
11,s029,57,41,116
11,s029,57,40,49
11,s029,57,43,58
11,s029,57,42,22
11,s029,57,45,46
11,s029,57,44,27
11,s029,57,47,32
11,s029,57,46,16
11,s029,57,33,53
11,s029,57,32,41
11,s029,57,35,31
11,s029,57,34,14
11,s029,57,37,28
11,s029,57,36,18
11,s029,57,39,16
11,s029,57,38,7
11,s029,57,25,121
11,s029,57,24,65
11,s029,57,27,38
11,s029,57,26,34
11,s029,57,29,62
11,s029,57,28,35
11,s029,57,31,27
11,s029,57,30,14
11,s029,57,17,52
11,s029,57,16,30
11,s029,57,19,17
11,s029,57,18,11
11,s029,57,21,18
11,s029,57,20,10
11,s029,57,23,9
11,s029,57,22,13
11,s029,57,9,65
11,s029,57,8,40
11,s029,57,11,20
11,s029,57,10,22
11,s029,57,13,51
11,s029,57,12,18
11,s029,57,15,14
11,s029,57,14,10
11,s029,57,1,33
11,s029,57,0,11
11,s029,57,3,14
11,s029,57,2,6
11,s029,57,5,19
11,s029,57,4,8
11,s029,57,7,6
11,s029,57,6,5
11,s030,4,4,229
11,s030,4,5,96
11,s030,4,6,87
11,s030,4,7,44
11,s030,4,0,138
11,s030,4,1,61
11,s030,4,2,58
11,s030,4,3,20
11,s030,4,12,101
11,s030,4,13,41
11,s030,4,14,26
11,s030,4,15,20
11,s030,4,8,55
11,s030,4,9,31
11,s030,4,10,24
11,s030,4,11,9
11,s030,4,20,140
11,s030,4,21,56
11,s030,4,22,73
11,s030,4,23,36
11,s030,4,16,60
11,s030,4,17,14
11,s030,4,18,27
11,s030,4,19,14
11,s030,4,28,51
11,s030,4,29,33
11,s030,4,30,24
11,s030,4,31,14
11,s030,4,24,23
11,s030,4,25,6
11,s030,4,26,12
11,s030,4,27,10
11,s030,4,36,132
11,s030,4,37,66
11,s030,4,38,65
11,s030,4,39,36
11,s030,4,32,66
11,s030,4,33,31
11,s030,4,34,35
11,s030,4,35,13
11,s030,4,44,53
11,s030,4,45,35
11,s030,4,46,20
11,s030,4,47,16
11,s030,4,40,34
11,s030,4,41,10
11,s030,4,42,17
11,s030,4,43,5
11,s030,4,52,55
11,s030,4,53,33
11,s030,4,54,23
11,s030,4,55,17
11,s030,4,48,37
11,s030,4,49,24
11,s030,4,50,17
11,s030,4,51,7
11,s030,4,60,26
11,s030,4,61,9
11,s030,4,62,17
11,s030,4,63,11
11,s030,4,56,14
11,s030,4,57,8
11,s030,4,58,5
11,s030,4,59,6
11,s031,23,23,224
11,s031,23,22,103
11,s031,23,21,91
11,s031,23,20,58
11,s031,23,19,110
11,s031,23,18,53
11,s031,23,17,57
11,s031,23,16,40
11,s031,23,31,92
11,s031,23,30,53
11,s031,23,29,44
11,s031,23,28,26
11,s031,23,27,58
11,s031,23,26,27
11,s031,23,25,27
11,s031,23,24,10
11,s031,23,7,117
11,s031,23,6,61
11,s031,23,5,58
11,s031,23,4,24
11,s031,23,3,59
11,s031,23,2,32
11,s031,23,1,33
11,s031,23,0,17
11,s031,23,15,41
11,s031,23,14,30
11,s031,23,13,16
11,s031,23,12,23
11,s031,23,11,30
11,s031,23,10,19
11,s031,23,9,9
11,s031,23,8,7
11,s031,23,55,149
11,s031,23,54,85
11,s031,23,53,51
11,s031,23,52,24
11,s031,23,51,62
11,s031,23,50,27
11,s031,23,49,29
11,s031,23,48,13
11,s031,23,63,52
11,s031,23,62,34
11,s031,23,61,28
11,s031,23,60,23
11,s031,23,59,34
11,s031,23,58,13
11,s031,23,57,15
11,s031,23,56,6
11,s031,23,39,69
11,s031,23,38,38
11,s031,23,37,39
11,s031,23,36,18
11,s031,23,35,33
11,s031,23,34,19
11,s031,23,33,13
11,s031,23,32,13
11,s031,23,47,35
11,s031,23,46,15
11,s031,23,45,14
11,s031,23,44,6
11,s031,23,43,15
11,s031,23,42,14
11,s031,23,41,8
11,s031,23,40,4
11,s032,8,8,251
11,s032,8,9,111
11,s032,8,10,79
11,s032,8,11,43
11,s032,8,12,124
11,s032,8,13,61
11,s032,8,14,70
11,s032,8,15,25
11,s032,8,0,91
11,s032,8,1,38
11,s032,8,2,41
11,s032,8,3,26
11,s032,8,4,53
11,s032,8,5,15
11,s032,8,6,16
11,s032,8,7,9
11,s032,8,24,115
11,s032,8,25,50
11,s032,8,26,65
11,s032,8,27,26
11,s032,8,28,66
11,s032,8,29,22
11,s032,8,30,32
11,s032,8,31,12
11,s032,8,16,50
11,s032,8,17,24
11,s032,8,18,23
11,s032,8,19,18
11,s032,8,20,27
11,s032,8,21,10
11,s032,8,22,20
11,s032,8,23,8
11,s032,8,40,119
11,s032,8,41,76
11,s032,8,42,55
11,s032,8,43,28
11,s032,8,44,62
11,s032,8,45,27
11,s032,8,46,32
11,s032,8,47,14
11,s032,8,32,51
11,s032,8,33,30
11,s032,8,34,19
11,s032,8,35,20
11,s032,8,36,31
11,s032,8,37,15
11,s032,8,38,12
11,s032,8,39,9
11,s032,8,56,56
11,s032,8,57,40
11,s032,8,58,37
11,s032,8,59,15
11,s032,8,60,38
11,s032,8,61,23
11,s032,8,62,17
11,s032,8,63,8
11,s032,8,48,30
11,s032,8,49,17
11,s032,8,50,13
11,s032,8,51,3
11,s032,8,52,16
11,s032,8,53,5
11,s032,8,54,7
11,s032,8,55,2
11,s033,13,13,220
11,s033,13,12,119
11,s033,13,15,85
11,s033,13,14,38
11,s033,13,9,117
11,s033,13,8,48
11,s033,13,11,61
11,s033,13,10,23
11,s033,13,5,90
11,s033,13,4,45
11,s033,13,7,41
11,s033,13,6,12
11,s033,13,1,57
11,s033,13,0,20
11,s033,13,3,23
11,s033,13,2,10
11,s033,13,29,121
11,s033,13,28,65
11,s033,13,31,52
11,s033,13,30,21
11,s033,13,25,60
11,s033,13,24,23
11,s033,13,27,39
11,s033,13,26,13
11,s033,13,21,47
11,s033,13,20,12
11,s033,13,23,27
11,s033,13,22,15
11,s033,13,17,26
11,s033,13,16,13
11,s033,13,19,18
11,s033,13,18,4
11,s033,13,45,146
11,s033,13,44,58
11,s033,13,47,60
11,s033,13,46,28
11,s033,13,41,66
11,s033,13,40,39
11,s033,13,43,32
11,s033,13,42,19
11,s033,13,37,52
11,s033,13,36,29
11,s033,13,39,23
11,s033,13,38,11
11,s033,13,33,33
11,s033,13,32,15
11,s033,13,35,13
11,s033,13,34,6
11,s033,13,61,60
11,s033,13,60,36
11,s033,13,63,30
11,s033,13,62,22
11,s033,13,57,33
11,s033,13,56,20
11,s033,13,59,13
11,s033,13,58,13
11,s033,13,53,28
11,s033,13,52,19
11,s033,13,55,20
11,s033,13,54,7
11,s033,13,49,14
11,s033,13,48,17
11,s033,13,51,5
11,s033,13,50,5
11,s034,23,23,219
11,s034,23,22,104
11,s034,23,21,83
11,s034,23,20,44
11,s034,23,19,113
11,s034,23,18,48
11,s034,23,17,57
11,s034,23,16,24
11,s034,23,31,96
11,s034,23,30,53
11,s034,23,29,34
11,s034,23,28,31
11,s034,23,27,46
11,s034,23,26,28
11,s034,23,25,20
11,s034,23,24,7
11,s034,23,7,108
11,s034,23,6,62
11,s034,23,5,66
11,s034,23,4,23
11,s034,23,3,64
11,s034,23,2,21
11,s034,23,1,28
11,s034,23,0,10
11,s034,23,15,59
11,s034,23,14,22
11,s034,23,13,29
11,s034,23,12,16
11,s034,23,11,26
11,s034,23,10,22
11,s034,23,9,16
11,s034,23,8,8
11,s034,23,55,121
11,s034,23,54,84
11,s034,23,53,62
11,s034,23,52,27
11,s034,23,51,68
11,s034,23,50,30
11,s034,23,49,25
11,s034,23,48,12
11,s034,23,63,54
11,s034,23,62,27
11,s034,23,61,27
11,s034,23,60,8
11,s034,23,59,33
11,s034,23,58,18
11,s034,23,57,8
11,s034,23,56,7
11,s034,23,39,57
11,s034,23,38,45
11,s034,23,37,21
11,s034,23,36,17
11,s034,23,35,29
11,s034,23,34,12
11,s034,23,33,21
11,s034,23,32,11
11,s034,23,47,32
11,s034,23,46,20
11,s034,23,45,14
11,s034,23,44,9
11,s034,23,43,8
11,s034,23,42,7
11,s034,23,41,5
11,s034,23,40,3
11,s035,44,44,199
11,s035,44,45,87
11,s035,44,46,84
11,s035,44,47,38
11,s035,44,40,101
11,s035,44,41,48
11,s035,44,42,48
11,s035,44,43,22
11,s035,44,36,99
11,s035,44,37,44
11,s035,44,38,32
11,s035,44,39,14
11,s035,44,32,44
11,s035,44,33,26
11,s035,44,34,20
11,s035,44,35,12
11,s035,44,60,115
11,s035,44,61,47
11,s035,44,62,54
11,s035,44,63,20
11,s035,44,56,53
11,s035,44,57,21
11,s035,44,58,24
11,s035,44,59,14
11,s035,44,52,50
11,s035,44,53,24
11,s035,44,54,22
11,s035,44,55,10
11,s035,44,48,29
11,s035,44,49,14
11,s035,44,50,15
11,s035,44,51,8
11,s035,44,12,109
11,s035,44,13,68
11,s035,44,14,54
11,s035,44,15,18
11,s035,44,8,76
11,s035,44,9,36
11,s035,44,10,23
11,s035,44,11,17
11,s035,44,4,47
11,s035,44,5,29
11,s035,44,6,24
11,s035,44,7,7
11,s035,44,0,28
11,s035,44,1,20
11,s035,44,2,11
11,s035,44,3,4
11,s035,44,28,76
11,s035,44,29,44
11,s035,44,30,28
11,s035,44,31,19
11,s035,44,24,30
11,s035,44,25,24
11,s035,44,26,15
11,s035,44,27,9
11,s035,44,20,27
11,s035,44,21,14
11,s035,44,22,13
11,s035,44,23,5
11,s035,44,16,17
11,s035,44,17,15
11,s035,44,18,6
11,s035,44,19,3
11,s036,37,37,207
11,s036,37,36,89
11,s036,37,39,95
11,s036,37,38,38
11,s036,37,33,115
11,s036,37,32,48
11,s036,37,35,57
11,s036,37,34,19
11,s036,37,45,84
11,s036,37,44,51
11,s036,37,47,42
11,s036,37,46,17
11,s036,37,41,47
11,s036,37,40,18
11,s036,37,43,17
11,s036,37,42,12
11,s036,37,53,105
11,s036,37,52,59
11,s036,37,55,64
11,s036,37,54,22
11,s036,37,49,71
11,s036,37,48,25
11,s036,37,51,27
11,s036,37,50,16
11,s036,37,61,53
11,s036,37,60,23
11,s036,37,63,16
11,s036,37,62,17
11,s036,37,57,24
11,s036,37,56,3
11,s036,37,59,12
11,s036,37,58,4
11,s036,37,5,141
11,s036,37,4,88
11,s036,37,7,51
11,s036,37,6,34
11,s036,37,1,59
11,s036,37,0,35
11,s036,37,3,30
11,s036,37,2,13
11,s036,37,13,67
11,s036,37,12,38
11,s036,37,15,25
11,s036,37,14,9
11,s036,37,9,22
11,s036,37,8,18
11,s036,37,11,11
11,s036,37,10,5
11,s036,37,21,55
11,s036,37,20,36
11,s036,37,23,26
11,s036,37,22,17
11,s036,37,17,36
11,s036,37,16,20
11,s036,37,19,17
11,s036,37,18,6
11,s036,37,29,38
11,s036,37,28,15
11,s036,37,31,22
11,s036,37,30,6
11,s036,37,25,11
11,s036,37,24,3
11,s036,37,27,9
11,s036,37,26,6
11,s037,34,34,233
11,s037,34,35,104
11,s037,34,32,96
11,s037,34,33,55
11,s037,34,38,123
11,s037,34,39,50
11,s037,34,36,50
11,s037,34,37,14
11,s037,34,42,89
11,s037,34,43,51
11,s037,34,40,31
11,s037,34,41,31
11,s037,34,46,45
11,s037,34,47,26
11,s037,34,44,24
11,s037,34,45,8
11,s037,34,50,117
11,s037,34,51,65
11,s037,34,48,58
11,s037,34,49,27
11,s037,34,54,61
11,s037,34,55,31
11,s037,34,52,32
11,s037,34,53,16
11,s037,34,58,47
11,s037,34,59,26
11,s037,34,56,20
11,s037,34,57,13
11,s037,34,62,27
11,s037,34,63,14
11,s037,34,60,18
11,s037,34,61,6
11,s037,34,2,149
11,s037,34,3,71
11,s037,34,0,53
11,s037,34,1,26
11,s037,34,6,51
11,s037,34,7,37
11,s037,34,4,44
11,s037,34,5,12
11,s037,34,10,51
11,s037,34,11,38
11,s037,34,8,21
11,s037,34,9,11
11,s037,34,14,51
11,s037,34,15,19
11,s037,34,12,18
11,s037,34,13,4
11,s037,34,18,53
11,s037,34,19,45
11,s037,34,16,33
11,s037,34,17,21
11,s037,34,22,47
11,s037,34,23,21
11,s037,34,20,17
11,s037,34,21,14
11,s037,34,26,42
11,s037,34,27,14
11,s037,34,24,13
11,s037,34,25,13
11,s037,34,30,14
11,s037,34,31,18
11,s037,34,28,8
11,s037,34,29,8
15,s000,3,3,121
15,s000,3,2,91
15,s000,3,1,71
15,s000,3,0,47
15,s000,3,7,91
15,s000,3,6,40
15,s000,3,5,49
15,s000,3,4,23
15,s000,3,11,58
15,s000,3,10,44
15,s000,3,9,35
15,s000,3,8,27
15,s000,3,15,42
15,s000,3,14,27
15,s000,3,13,39
15,s000,3,12,12
15,s000,3,19,85
15,s000,3,18,53
15,s000,3,17,48
15,s000,3,16,42
15,s000,3,23,59
15,s000,3,22,37
15,s000,3,21,30
15,s000,3,20,26
15,s000,3,27,55
15,s000,3,26,50
15,s000,3,25,31
15,s000,3,24,16
15,s000,3,31,40
15,s000,3,30,12
15,s000,3,29,20
15,s000,3,28,13
15,s000,3,35,92
15,s000,3,34,54
15,s000,3,33,45
15,s000,3,32,38
15,s000,3,39,65
15,s000,3,38,29
15,s000,3,37,38
15,s000,3,36,20
15,s000,3,43,58
15,s000,3,42,45
15,s000,3,41,22
15,s000,3,40,16
15,s000,3,47,38
15,s000,3,46,26
15,s000,3,45,14
15,s000,3,44,17
15,s000,3,51,65
15,s000,3,50,45
15,s000,3,49,41
15,s000,3,48,25
15,s000,3,55,38
15,s000,3,54,39
15,s000,3,53,28
15,s000,3,52,23
15,s000,3,59,32
15,s000,3,58,21
15,s000,3,57,22
15,s000,3,56,17
15,s000,3,63,20
15,s000,3,62,20
15,s000,3,61,21
15,s000,3,60,6
15,s001,33,33,135
15,s001,33,32,61
15,s001,33,35,89
15,s001,33,34,52
15,s001,33,37,89
15,s001,33,36,51
15,s001,33,39,47
15,s001,33,38,35
15,s001,33,41,76
15,s001,33,40,43
15,s001,33,43,39
15,s001,33,42,26
15,s001,33,45,47
15,s001,33,44,33
15,s001,33,47,28
15,s001,33,46,13
15,s001,33,49,98
15,s001,33,48,61
15,s001,33,51,52
15,s001,33,50,33
15,s001,33,53,63
15,s001,33,52,30
15,s001,33,55,42
15,s001,33,54,15
15,s001,33,57,50
15,s001,33,56,30
15,s001,33,59,26
15,s001,33,58,20
15,s001,33,61,34
15,s001,33,60,20
15,s001,33,63,15
15,s001,33,62,10
15,s001,33,1,82
15,s001,33,0,54
15,s001,33,3,50
15,s001,33,2,26
15,s001,33,5,76
15,s001,33,4,42
15,s001,33,7,39
15,s001,33,6,29
15,s001,33,9,59
15,s001,33,8,31
15,s001,33,11,31
15,s001,33,10,22
15,s001,33,13,35
15,s001,33,12,24
15,s001,33,15,17
15,s001,33,14,11
15,s001,33,17,67
15,s001,33,16,46
15,s001,33,19,33
15,s001,33,18,28
15,s001,33,21,41
15,s001,33,20,29
15,s001,33,23,29
15,s001,33,22,10
15,s001,33,25,38
15,s001,33,24,17
15,s001,33,27,27
15,s001,33,26,17
15,s001,33,29,18
15,s001,33,28,12
15,s001,33,31,11
15,s001,33,30,10
15,s002,37,37,133
15,s002,37,36,91
15,s002,37,39,60
15,s002,37,38,45
15,s002,37,33,82
15,s002,37,32,52
15,s002,37,35,44
15,s002,37,34,28
15,s002,37,45,64
15,s002,37,44,59
15,s002,37,47,35
15,s002,37,46,26
15,s002,37,41,51
15,s002,37,40,20
15,s002,37,43,31
15,s002,37,42,20
15,s002,37,53,68
15,s002,37,52,51
15,s002,37,55,46
15,s002,37,54,29
15,s002,37,49,61
15,s002,37,48,27
15,s002,37,51,40
15,s002,37,50,28
15,s002,37,61,51
15,s002,37,60,33
15,s002,37,63,14
15,s002,37,62,27
15,s002,37,57,30
15,s002,37,56,20
15,s002,37,59,17
15,s002,37,58,10
15,s002,37,5,78
15,s002,37,4,59
15,s002,37,7,49
15,s002,37,6,25
15,s002,37,1,56
15,s002,37,0,38
15,s002,37,3,31
15,s002,37,2,22
15,s002,37,13,61
15,s002,37,12,30
15,s002,37,15,34
15,s002,37,14,15
15,s002,37,9,31
15,s002,37,8,18
15,s002,37,11,13
15,s002,37,10,22
15,s002,37,21,64
15,s002,37,20,37
15,s002,37,23,33
15,s002,37,22,22
15,s002,37,17,41
15,s002,37,16,19
15,s002,37,19,24
15,s002,37,18,12
15,s002,37,29,34
15,s002,37,28,12
15,s002,37,31,22
15,s002,37,30,18
15,s002,37,25,19
15,s002,37,24,11
15,s002,37,27,10
15,s002,37,26,7
15,s003,42,42,138
15,s003,42,43,73
15,s003,42,40,56
15,s003,42,41,48
15,s003,42,46,79
15,s003,42,47,56
15,s003,42,44,57
15,s003,42,45,20
15,s003,42,34,63
15,s003,42,35,36
15,s003,42,32,39
15,s003,42,33,26
15,s003,42,38,40
15,s003,42,39,29
15,s003,42,36,27
15,s003,42,37,15
15,s003,42,58,80
15,s003,42,59,50
15,s003,42,56,47
15,s003,42,57,32
15,s003,42,62,60
15,s003,42,63,31
15,s003,42,60,37
15,s003,42,61,19
15,s003,42,50,58
15,s003,42,51,31
15,s003,42,48,28
15,s003,42,49,18
15,s003,42,54,33
15,s003,42,55,17
15,s003,42,52,15
15,s003,42,53,12
15,s003,42,10,98
15,s003,42,11,55
15,s003,42,8,41
15,s003,42,9,28
15,s003,42,14,61
15,s003,42,15,46
15,s003,42,12,32
15,s003,42,13,26
15,s003,42,2,48
15,s003,42,3,41
15,s003,42,0,28
15,s003,42,1,13
15,s003,42,6,24
15,s003,42,7,22
15,s003,42,4,20
15,s003,42,5,10
15,s003,42,26,63
15,s003,42,27,45
15,s003,42,24,40
15,s003,42,25,25
15,s003,42,30,39
15,s003,42,31,21
15,s003,42,28,17
15,s003,42,29,15
15,s003,42,18,31
15,s003,42,19,13
15,s003,42,16,16
15,s003,42,17,12
15,s003,42,22,28
15,s003,42,23,15
15,s003,42,20,13
15,s003,42,21,10
15,s004,3,3,130
15,s004,3,2,73
15,s004,3,1,90
15,s004,3,0,40
15,s004,3,7,95
15,s004,3,6,50
15,s004,3,5,45
15,s004,3,4,29
15,s004,3,11,74
15,s004,3,10,52
15,s004,3,9,40
15,s004,3,8,23
15,s004,3,15,39
15,s004,3,14,29
15,s004,3,13,18
15,s004,3,12,19
15,s004,3,19,97
15,s004,3,18,49
15,s004,3,17,45
15,s004,3,16,22
15,s004,3,23,69
15,s004,3,22,35
15,s004,3,21,33
15,s004,3,20,16
15,s004,3,27,61
15,s004,3,26,31
15,s004,3,25,23
15,s004,3,24,28
15,s004,3,31,23
15,s004,3,30,19
15,s004,3,29,15
15,s004,3,28,9
15,s004,3,35,102
15,s004,3,34,61
15,s004,3,33,47
15,s004,3,32,37
15,s004,3,39,65
15,s004,3,38,37
15,s004,3,37,21
15,s004,3,36,20
15,s004,3,43,60
15,s004,3,42,35
15,s004,3,41,27
15,s004,3,40,30
15,s004,3,47,30
15,s004,3,46,28
15,s004,3,45,18
15,s004,3,44,11
15,s004,3,51,57
15,s004,3,50,38
15,s004,3,49,48
15,s004,3,48,26
15,s004,3,55,48
15,s004,3,54,33
15,s004,3,53,20
15,s004,3,52,25
15,s004,3,59,40
15,s004,3,58,25
15,s004,3,57,21
15,s004,3,56,11
15,s004,3,63,16
15,s004,3,62,6
15,s004,3,61,10
15,s004,3,60,16
15,s005,43,43,147
15,s005,43,42,93
15,s005,43,41,62
15,s005,43,40,42
15,s005,43,47,86
15,s005,43,46,55
15,s005,43,45,50
15,s005,43,44,30
15,s005,43,35,96
15,s005,43,34,48
15,s005,43,33,37
15,s005,43,32,25
15,s005,43,39,48
15,s005,43,38,28
15,s005,43,37,26
15,s005,43,36,19
15,s005,43,59,88
15,s005,43,58,59
15,s005,43,57,59
15,s005,43,56,29
15,s005,43,63,63
15,s005,43,62,45
15,s005,43,61,43
15,s005,43,60,20
15,s005,43,51,54
15,s005,43,50,27
15,s005,43,49,31
15,s005,43,48,20
15,s005,43,55,33
15,s005,43,54,29
15,s005,43,53,18
15,s005,43,52,9
15,s005,43,11,116
15,s005,43,10,61
15,s005,43,9,55
15,s005,43,8,33
15,s005,43,15,56
15,s005,43,14,38
15,s005,43,13,32
15,s005,43,12,25
15,s005,43,3,54
15,s005,43,2,48
15,s005,43,1,27
15,s005,43,0,23
15,s005,43,7,34
15,s005,43,6,28
15,s005,43,5,19
15,s005,43,4,10
15,s005,43,27,60
15,s005,43,26,32
15,s005,43,25,27
15,s005,43,24,34
15,s005,43,31,43
15,s005,43,30,21
15,s005,43,29,19
15,s005,43,28,14
15,s005,43,19,43
15,s005,43,18,25
15,s005,43,17,20
15,s005,43,16,18
15,s005,43,23,22
15,s005,43,22,18
15,s005,43,21,9
15,s005,43,20,10
15,s006,50,50,138
15,s006,50,51,85
15,s006,50,48,54
15,s006,50,49,46
15,s006,50,54,93
15,s006,50,55,47
15,s006,50,52,56
15,s006,50,53,27
15,s006,50,58,93
15,s006,50,59,51
15,s006,50,56,46
15,s006,50,57,20
15,s006,50,62,40
15,s006,50,63,34
15,s006,50,60,29
15,s006,50,61,20
15,s006,50,34,99
15,s006,50,35,60
15,s006,50,32,64
15,s006,50,33,29
15,s006,50,38,51
15,s006,50,39,32
15,s006,50,36,37
15,s006,50,37,11
15,s006,50,42,45
15,s006,50,43,28
15,s006,50,40,28
15,s006,50,41,18
15,s006,50,46,39
15,s006,50,47,16
15,s006,50,44,19
15,s006,50,45,17
15,s006,50,18,82
15,s006,50,19,54
15,s006,50,16,50
15,s006,50,17,46
15,s006,50,22,66
15,s006,50,23,42
15,s006,50,20,35
15,s006,50,21,23
15,s006,50,26,47
15,s006,50,27,44
15,s006,50,24,29
15,s006,50,25,30
15,s006,50,30,33
15,s006,50,31,29
15,s006,50,28,16
15,s006,50,29,16
15,s006,50,2,72
15,s006,50,3,47
15,s006,50,0,37
15,s006,50,1,24
15,s006,50,6,38
15,s006,50,7,26
15,s006,50,4,33
15,s006,50,5,16
15,s006,50,10,31
15,s006,50,11,21
15,s006,50,8,18
15,s006,50,9,13
15,s006,50,14,23
15,s006,50,15,22
15,s006,50,12,21
15,s006,50,13,12
15,s007,51,51,141
15,s007,51,50,75
15,s007,51,49,85
15,s007,51,48,44
15,s007,51,55,85
15,s007,51,54,41
15,s007,51,53,48
15,s007,51,52,21
15,s007,51,59,54
15,s007,51,58,44
15,s007,51,57,34
15,s007,51,56,27
15,s007,51,63,50
15,s007,51,62,23
15,s007,51,61,30
15,s007,51,60,16
15,s007,51,35,88
15,s007,51,34,53
15,s007,51,33,60
15,s007,51,32,36
15,s007,51,39,47
15,s007,51,38,24
15,s007,51,37,32
15,s007,51,36,19
15,s007,51,43,52
15,s007,51,42,29
15,s007,51,41,37
15,s007,51,40,21
15,s007,51,47,29
15,s007,51,46,26
15,s007,51,45,22
15,s007,51,44,8
15,s007,51,19,91
15,s007,51,18,49
15,s007,51,17,46
15,s007,51,16,21
15,s007,51,23,62
15,s007,51,22,41
15,s007,51,21,37
15,s007,51,20,16
15,s007,51,27,52
15,s007,51,26,36
15,s007,51,25,33
15,s007,51,24,15
15,s007,51,31,30
15,s007,51,30,24
15,s007,51,29,21
15,s007,51,28,9
15,s007,51,3,70
15,s007,51,2,41
15,s007,51,1,39
15,s007,51,0,37
15,s007,51,7,37
15,s007,51,6,30
15,s007,51,5,18
15,s007,51,4,15
15,s007,51,11,26
15,s007,51,10,15
15,s007,51,9,17
15,s007,51,8,14
15,s007,51,15,28
15,s007,51,14,12
15,s007,51,13,17
15,s007,51,12,1
15,s008,51,51,154
15,s008,51,50,64
15,s008,51,49,77
15,s008,51,48,46
15,s008,51,55,95
15,s008,51,54,56
15,s008,51,53,52
15,s008,51,52,29
15,s008,51,59,89
15,s008,51,58,49
15,s008,51,57,34
15,s008,51,56,24
15,s008,51,63,49
15,s008,51,62,31
15,s008,51,61,35
15,s008,51,60,16
15,s008,51,35,102
15,s008,51,34,66
15,s008,51,33,65
15,s008,51,32,26
15,s008,51,39,77
15,s008,51,38,32
15,s008,51,37,31
15,s008,51,36,18
15,s008,51,43,56
15,s008,51,42,34
15,s008,51,41,28
15,s008,51,40,17
15,s008,51,47,29
15,s008,51,46,20
15,s008,51,45,24
15,s008,51,44,14
15,s008,51,19,96
15,s008,51,18,61
15,s008,51,17,45
15,s008,51,16,33
15,s008,51,23,66
15,s008,51,22,49
15,s008,51,21,46
15,s008,51,20,24
15,s008,51,27,52
15,s008,51,26,39
15,s008,51,25,31
15,s008,51,24,10
15,s008,51,31,33
15,s008,51,30,28
15,s008,51,29,22
15,s008,51,28,17
15,s008,51,3,69
15,s008,51,2,28
15,s008,51,1,25
15,s008,51,0,17
15,s008,51,7,40
15,s008,51,6,27
15,s008,51,5,20
15,s008,51,4,15
15,s008,51,11,41
15,s008,51,10,26
15,s008,51,9,27
15,s008,51,8,14
15,s008,51,15,24
15,s008,51,14,17
15,s008,51,13,12
15,s008,51,12,10
15,s009,45,45,137
15,s009,45,44,86
15,s009,45,47,70
15,s009,45,46,44
15,s009,45,41,91
15,s009,45,40,55
15,s009,45,43,52
15,s009,45,42,36
15,s009,45,37,76
15,s009,45,36,45
15,s009,45,39,43
15,s009,45,38,30
15,s009,45,33,54
15,s009,45,32,35
15,s009,45,35,29
15,s009,45,34,16
15,s009,45,61,85
15,s009,45,60,52
15,s009,45,63,44
15,s009,45,62,39
15,s009,45,57,61
15,s009,45,56,24
15,s009,45,59,36
15,s009,45,58,19
15,s009,45,53,55
15,s009,45,52,30
15,s009,45,55,24
15,s009,45,54,17
15,s009,45,49,41
15,s009,45,48,26
15,s009,45,51,22
15,s009,45,50,7
15,s009,45,13,83
15,s009,45,12,72
15,s009,45,15,55
15,s009,45,14,28
15,s009,45,9,63
15,s009,45,8,45
15,s009,45,11,36
15,s009,45,10,27
15,s009,45,5,40
15,s009,45,4,26
15,s009,45,7,26
15,s009,45,6,15
15,s009,45,1,38
15,s009,45,0,23
15,s009,45,3,20
15,s009,45,2,13
15,s009,45,29,68
15,s009,45,28,41
15,s009,45,31,38
15,s009,45,30,14
15,s009,45,25,27
15,s009,45,24,30
15,s009,45,27,31
15,s009,45,26,14
15,s009,45,21,35
15,s009,45,20,25
15,s009,45,23,18
15,s009,45,22,10
15,s009,45,17,25
15,s009,45,16,20
15,s009,45,19,22
15,s009,45,18,12
15,s010,31,31,122
15,s010,31,30,75
15,s010,31,29,70
15,s010,31,28,34
15,s010,31,27,88
15,s010,31,26,61
15,s010,31,25,51
15,s010,31,24,34
15,s010,31,23,69
15,s010,31,22,50
15,s010,31,21,44
15,s010,31,20,24
15,s010,31,19,47
15,s010,31,18,21
15,s010,31,17,29
15,s010,31,16,23
15,s010,31,15,98
15,s010,31,14,67
15,s010,31,13,42
15,s010,31,12,35
15,s010,31,11,52
15,s010,31,10,25
15,s010,31,9,32
15,s010,31,8,24
15,s010,31,7,59
15,s010,31,6,25
15,s010,31,5,30
15,s010,31,4,24
15,s010,31,3,32
15,s010,31,2,26
15,s010,31,1,20
15,s010,31,0,8
15,s010,31,63,97
15,s010,31,62,59
15,s010,31,61,57
15,s010,31,60,35
15,s010,31,59,61
15,s010,31,58,28
15,s010,31,57,47
15,s010,31,56,29
15,s010,31,55,47
15,s010,31,54,39
15,s010,31,53,32
15,s010,31,52,13
15,s010,31,51,40
15,s010,31,50,18
15,s010,31,49,15
15,s010,31,48,17
15,s010,31,47,60
15,s010,31,46,41
15,s010,31,45,40
15,s010,31,44,20
15,s010,31,43,40
15,s010,31,42,24
15,s010,31,41,25
15,s010,31,40,14
15,s010,31,39,38
15,s010,31,38,29
15,s010,31,37,19
15,s010,31,36,21
15,s010,31,35,17
15,s010,31,34,15
15,s010,31,33,17
15,s010,31,32,10
15,s011,21,21,145
15,s011,21,20,70
15,s011,21,23,69
15,s011,21,22,35
15,s011,21,17,89
15,s011,21,16,52
15,s011,21,19,41
15,s011,21,18,34
15,s011,21,29,64
15,s011,21,28,42
15,s011,21,31,35
15,s011,21,30,25
15,s011,21,25,59
15,s011,21,24,30
15,s011,21,27,32
15,s011,21,26,9
15,s011,21,5,78
15,s011,21,4,59
15,s011,21,7,48
15,s011,21,6,29
15,s011,21,1,48
15,s011,21,0,30
15,s011,21,3,29
15,s011,21,2,15
15,s011,21,13,56
15,s011,21,12,30
15,s011,21,15,34
15,s011,21,14,17
15,s011,21,9,24
15,s011,21,8,31
15,s011,21,11,25
15,s011,21,10,6
15,s011,21,53,77
15,s011,21,52,68
15,s011,21,55,64
15,s011,21,54,29
15,s011,21,49,61
15,s011,21,48,42
15,s011,21,51,33
15,s011,21,50,27
15,s011,21,61,54
15,s011,21,60,31
15,s011,21,63,28
15,s011,21,62,16
15,s011,21,57,34
15,s011,21,56,20
15,s011,21,59,13
15,s011,21,58,9
15,s011,21,37,53
15,s011,21,36,36
15,s011,21,39,40
15,s011,21,38,29
15,s011,21,33,44
15,s011,21,32,15
15,s011,21,35,20
15,s011,21,34,11
15,s011,21,45,31
15,s011,21,44,25
15,s011,21,47,18
15,s011,21,46,11
15,s011,21,41,21
15,s011,21,40,15
15,s011,21,43,16
15,s011,21,42,13
15,s012,12,12,132
15,s012,12,13,72
15,s012,12,14,64
15,s012,12,15,59
15,s012,12,8,94
15,s012,12,9,59
15,s012,12,10,61
15,s012,12,11,33
15,s012,12,4,71
15,s012,12,5,49
15,s012,12,6,33
15,s012,12,7,27
15,s012,12,0,46
15,s012,12,1,20
15,s012,12,2,22
15,s012,12,3,12
15,s012,12,28,86
15,s012,12,29,43
15,s012,12,30,53
15,s012,12,31,34
15,s012,12,24,51
15,s012,12,25,39
15,s012,12,26,32
15,s012,12,27,16
15,s012,12,20,39
15,s012,12,21,21
15,s012,12,22,35
15,s012,12,23,19
15,s012,12,16,22
15,s012,12,17,22
15,s012,12,18,20
15,s012,12,19,17
15,s012,12,44,83
15,s012,12,45,44
15,s012,12,46,33
15,s012,12,47,30
15,s012,12,40,57
15,s012,12,41,36
15,s012,12,42,30
15,s012,12,43,23
15,s012,12,36,53
15,s012,12,37,28
15,s012,12,38,33
15,s012,12,39,28
15,s012,12,32,39
15,s012,12,33,22
15,s012,12,34,15
15,s012,12,35,12
15,s012,12,60,46
15,s012,12,61,40
15,s012,12,62,29
15,s012,12,63,23
15,s012,12,56,42
15,s012,12,57,9
15,s012,12,58,21
15,s012,12,59,17
15,s012,12,52,44
15,s012,12,53,26
15,s012,12,54,17
15,s012,12,55,21
15,s012,12,48,19
15,s012,12,49,10
15,s012,12,50,14
15,s012,12,51,9
15,s013,42,42,108
15,s013,42,43,76
15,s013,42,40,70
15,s013,42,41,30
15,s013,42,46,83
15,s013,42,47,53
15,s013,42,44,58
15,s013,42,45,19
15,s013,42,34,75
15,s013,42,35,51
15,s013,42,32,46
15,s013,42,33,24
15,s013,42,38,58
15,s013,42,39,29
15,s013,42,36,27
15,s013,42,37,20
15,s013,42,58,99
15,s013,42,59,50
15,s013,42,56,44
15,s013,42,57,30
15,s013,42,62,51
15,s013,42,63,37
15,s013,42,60,35
15,s013,42,61,19
15,s013,42,50,40
15,s013,42,51,43
15,s013,42,48,28
15,s013,42,49,17
15,s013,42,54,35
15,s013,42,55,13
15,s013,42,52,22
15,s013,42,53,11
15,s013,42,10,79
15,s013,42,11,52
15,s013,42,8,47
15,s013,42,9,28
15,s013,42,14,61
15,s013,42,15,46
15,s013,42,12,32
15,s013,42,13,31
15,s013,42,2,50
15,s013,42,3,33
15,s013,42,0,23
15,s013,42,1,21
15,s013,42,6,34
15,s013,42,7,18
15,s013,42,4,19
15,s013,42,5,10
15,s013,42,26,50
15,s013,42,27,38
15,s013,42,24,23
15,s013,42,25,27
15,s013,42,30,40
15,s013,42,31,21
15,s013,42,28,22
15,s013,42,29,14
15,s013,42,18,36
15,s013,42,19,26
15,s013,42,16,21
15,s013,42,17,16
15,s013,42,22,19
15,s013,42,23,15
15,s013,42,20,9
15,s013,42,21,10
15,s014,61,61,148
15,s014,61,60,77
15,s014,61,63,60
15,s014,61,62,48
15,s014,61,57,89
15,s014,61,56,57
15,s014,61,59,45
15,s014,61,58,27
15,s014,61,53,71
15,s014,61,52,47
15,s014,61,55,50
15,s014,61,54,29
15,s014,61,49,37
15,s014,61,48,30
15,s014,61,51,32
15,s014,61,50,15
15,s014,61,45,103
15,s014,61,44,53
15,s014,61,47,70
15,s014,61,46,36
15,s014,61,41,65
15,s014,61,40,43
15,s014,61,43,44
15,s014,61,42,19
15,s014,61,37,44
15,s014,61,36,24
15,s014,61,39,35
15,s014,61,38,11
15,s014,61,33,38
15,s014,61,32,29
15,s014,61,35,24
15,s014,61,34,16
15,s014,61,29,92
15,s014,61,28,71
15,s014,61,31,54
15,s014,61,30,38
15,s014,61,25,68
15,s014,61,24,34
15,s014,61,27,37
15,s014,61,26,27
15,s014,61,21,62
15,s014,61,20,33
15,s014,61,23,32
15,s014,61,22,18
15,s014,61,17,30
15,s014,61,16,27
15,s014,61,19,25
15,s014,61,18,19
15,s014,61,13,56
15,s014,61,12,38
15,s014,61,15,45
15,s014,61,14,21
15,s014,61,9,50
15,s014,61,8,28
15,s014,61,11,33
15,s014,61,10,15
15,s014,61,5,35
15,s014,61,4,21
15,s014,61,7,30
15,s014,61,6,14
15,s014,61,1,18
15,s014,61,0,13
15,s014,61,3,20
15,s014,61,2,11
15,s015,5,5,120
15,s015,5,4,90
15,s015,5,7,75
15,s015,5,6,42
15,s015,5,1,76
15,s015,5,0,35
15,s015,5,3,53
15,s015,5,2,24
15,s015,5,13,65
15,s015,5,12,44
15,s015,5,15,37
15,s015,5,14,28
15,s015,5,9,57
15,s015,5,8,27
15,s015,5,11,27
15,s015,5,10,17
15,s015,5,21,89
15,s015,5,20,64
15,s015,5,23,58
15,s015,5,22,39
15,s015,5,17,49
15,s015,5,16,30
15,s015,5,19,33
15,s015,5,18,21
15,s015,5,29,45
15,s015,5,28,27
15,s015,5,31,25
15,s015,5,30,21
15,s015,5,25,32
15,s015,5,24,14
15,s015,5,27,20
15,s015,5,26,8
15,s015,5,37,102
15,s015,5,36,49
15,s015,5,39,44
15,s015,5,38,35
15,s015,5,33,60
15,s015,5,32,32
15,s015,5,35,41
15,s015,5,34,20
15,s015,5,45,59
15,s015,5,44,34
15,s015,5,47,31
15,s015,5,46,22
15,s015,5,41,35
15,s015,5,40,23
15,s015,5,43,19
15,s015,5,42,17
15,s015,5,53,53
15,s015,5,52,36
15,s015,5,55,42
15,s015,5,54,22
15,s015,5,49,31
15,s015,5,48,21
15,s015,5,51,37
15,s015,5,50,23
15,s015,5,61,39
15,s015,5,60,32
15,s015,5,63,18
15,s015,5,62,21
15,s015,5,57,21
15,s015,5,56,19
15,s015,5,59,10
15,s015,5,58,6
15,s016,27,27,135
15,s016,27,26,86
15,s016,27,25,68
15,s016,27,24,44
15,s016,27,31,94
15,s016,27,30,65
15,s016,27,29,56
15,s016,27,28,28
15,s016,27,19,67
15,s016,27,18,41
15,s016,27,17,33
15,s016,27,16,33
15,s016,27,23,41
15,s016,27,22,22
15,s016,27,21,34
15,s016,27,20,25
15,s016,27,11,89
15,s016,27,10,50
15,s016,27,9,42
15,s016,27,8,32
15,s016,27,15,48
15,s016,27,14,39
15,s016,27,13,37
15,s016,27,12,22
15,s016,27,3,39
15,s016,27,2,29
15,s016,27,1,25
15,s016,27,0,19
15,s016,27,7,27
15,s016,27,6,19
15,s016,27,5,19
15,s016,27,4,10
15,s016,27,59,93
15,s016,27,58,60
15,s016,27,57,52
15,s016,27,56,24
15,s016,27,63,55
15,s016,27,62,39
15,s016,27,61,48
15,s016,27,60,15
15,s016,27,51,51
15,s016,27,50,44
15,s016,27,49,33
15,s016,27,48,18
15,s016,27,55,28
15,s016,27,54,26
15,s016,27,53,18
15,s016,27,52,18
15,s016,27,43,43
15,s016,27,42,43
15,s016,27,41,40
15,s016,27,40,19
15,s016,27,47,49
15,s016,27,46,25
15,s016,27,45,21
15,s016,27,44,20
15,s016,27,35,19
15,s016,27,34,24
15,s016,27,33,28
15,s016,27,32,16
15,s016,27,39,23
15,s016,27,38,20
15,s016,27,37,12
15,s016,27,36,15
15,s017,29,29,132
15,s017,29,28,76
15,s017,29,31,66
15,s017,29,30,40
15,s017,29,25,100
15,s017,29,24,50
15,s017,29,27,44
15,s017,29,26,42
15,s017,29,21,69
15,s017,29,20,45
15,s017,29,23,42
15,s017,29,22,25
15,s017,29,17,42
15,s017,29,16,31
15,s017,29,19,23
15,s017,29,18,19
15,s017,29,13,77
15,s017,29,12,50
15,s017,29,15,51
15,s017,29,14,39
15,s017,29,9,56
15,s017,29,8,38
15,s017,29,11,43
15,s017,29,10,21
15,s017,29,5,68
15,s017,29,4,25
15,s017,29,7,32
15,s017,29,6,15
15,s017,29,1,32
15,s017,29,0,19
15,s017,29,3,25
15,s017,29,2,12
15,s017,29,61,104
15,s017,29,60,62
15,s017,29,63,51
15,s017,29,62,42
15,s017,29,57,56
15,s017,29,56,40
15,s017,29,59,32
15,s017,29,58,19
15,s017,29,53,55
15,s017,29,52,27
15,s017,29,55,30
15,s017,29,54,19
15,s017,29,49,30
15,s017,29,48,33
15,s017,29,51,25
15,s017,29,50,10
15,s017,29,45,68
15,s017,29,44,35
15,s017,29,47,42
15,s017,29,46,28
15,s017,29,41,56
15,s017,29,40,30
15,s017,29,43,27
15,s017,29,42,20
15,s017,29,37,38
15,s017,29,36,42
15,s017,29,39,22
15,s017,29,38,25
15,s017,29,33,20
15,s017,29,32,19
15,s017,29,35,13
15,s017,29,34,10
15,s018,63,63,137
15,s018,63,62,72
15,s018,63,61,74
15,s018,63,60,39
15,s018,63,59,85
15,s018,63,58,53
15,s018,63,57,62
15,s018,63,56,35
15,s018,63,55,80
15,s018,63,54,53
15,s018,63,53,52
15,s018,63,52,26
15,s018,63,51,49
15,s018,63,50,17
15,s018,63,49,27
15,s018,63,48,17
15,s018,63,47,112
15,s018,63,46,64
15,s018,63,45,60
15,s018,63,44,33
15,s018,63,43,61
15,s018,63,42,27
15,s018,63,41,51
15,s018,63,40,19
15,s018,63,39,50
15,s018,63,38,32
15,s018,63,37,19
15,s018,63,36,21
15,s018,63,35,30
15,s018,63,34,20
15,s018,63,33,25
15,s018,63,32,17
15,s018,63,31,102
15,s018,63,30,55
15,s018,63,29,53
15,s018,63,28,38
15,s018,63,27,61
15,s018,63,26,41
15,s018,63,25,37
15,s018,63,24,24
15,s018,63,23,53
15,s018,63,22,45
15,s018,63,21,25
15,s018,63,20,18
15,s018,63,19,32
15,s018,63,18,28
15,s018,63,17,19
15,s018,63,16,13
15,s018,63,15,54
15,s018,63,14,48
15,s018,63,13,38
15,s018,63,12,26
15,s018,63,11,51
15,s018,63,10,23
15,s018,63,9,26
15,s018,63,8,20
15,s018,63,7,38
15,s018,63,6,21
15,s018,63,5,16
15,s018,63,4,15
15,s018,63,3,26
15,s018,63,2,9
15,s018,63,1,23
15,s018,63,0,14
15,s019,56,56,133
15,s019,56,57,100
15,s019,56,58,71
15,s019,56,59,38
15,s019,56,60,72
15,s019,56,61,51
15,s019,56,62,48
15,s019,56,63,30
15,s019,56,48,71
15,s019,56,49,64
15,s019,56,50,33
15,s019,56,51,23
15,s019,56,52,46
15,s019,56,53,18
15,s019,56,54,20
15,s019,56,55,15
15,s019,56,40,95
15,s019,56,41,51
15,s019,56,42,58
15,s019,56,43,33
15,s019,56,44,58
15,s019,56,45,34
15,s019,56,46,33
15,s019,56,47,10
15,s019,56,32,49
15,s019,56,33,42
15,s019,56,34,40
15,s019,56,35,23
15,s019,56,36,29
15,s019,56,37,36
15,s019,56,38,13
15,s019,56,39,7
15,s019,56,24,103
15,s019,56,25,72
15,s019,56,26,49
15,s019,56,27,27
15,s019,56,28,72
15,s019,56,29,37
15,s019,56,30,32
15,s019,56,31,23
15,s019,56,16,58
15,s019,56,17,33
15,s019,56,18,23
15,s019,56,19,23
15,s019,56,20,42
15,s019,56,21,25
15,s019,56,22,18
15,s019,56,23,10
15,s019,56,8,68
15,s019,56,9,42
15,s019,56,10,35
15,s019,56,11,20
15,s019,56,12,40
15,s019,56,13,26
15,s019,56,14,26
15,s019,56,15,20
15,s019,56,0,30
15,s019,56,1,20
15,s019,56,2,18
15,s019,56,3,20
15,s019,56,4,25
15,s019,56,5,9
15,s019,56,6,21
15,s019,56,7,7
15,s020,21,21,147
15,s020,21,20,76
15,s020,21,23,63
15,s020,21,22,56
15,s020,21,17,91
15,s020,21,16,62
15,s020,21,19,52
15,s020,21,18,23
15,s020,21,29,73
15,s020,21,28,57
15,s020,21,31,43
15,s020,21,30,30
15,s020,21,25,68
15,s020,21,24,29
15,s020,21,27,21
15,s020,21,26,19
15,s020,21,5,90
15,s020,21,4,55
15,s020,21,7,57
15,s020,21,6,48
15,s020,21,1,52
15,s020,21,0,28
15,s020,21,3,33
15,s020,21,2,12
15,s020,21,13,53
15,s020,21,12,32
15,s020,21,15,32
15,s020,21,14,16
15,s020,21,9,38
15,s020,21,8,19
15,s020,21,11,12
15,s020,21,10,12
15,s020,21,53,95
15,s020,21,52,74
15,s020,21,55,47
15,s020,21,54,32
15,s020,21,49,52
15,s020,21,48,36
15,s020,21,51,27
15,s020,21,50,20
15,s020,21,61,47
15,s020,21,60,31
15,s020,21,63,32
15,s020,21,62,19
15,s020,21,57,40
15,s020,21,56,20
15,s020,21,59,21
15,s020,21,58,16
15,s020,21,37,49
15,s020,21,36,26
15,s020,21,39,43
15,s020,21,38,22
15,s020,21,33,40
15,s020,21,32,20
15,s020,21,35,32
15,s020,21,34,20
15,s020,21,45,29
15,s020,21,44,26
15,s020,21,47,18
15,s020,21,46,9
15,s020,21,41,20
15,s020,21,40,21
15,s020,21,43,10
15,s020,21,42,8
15,s021,43,43,156
15,s021,43,42,82
15,s021,43,41,65
15,s021,43,40,39
15,s021,43,47,87
15,s021,43,46,54
15,s021,43,45,48
15,s021,43,44,30
15,s021,43,35,63
15,s021,43,34,54
15,s021,43,33,45
15,s021,43,32,25
15,s021,43,39,50
15,s021,43,38,29
15,s021,43,37,30
15,s021,43,36,18
15,s021,43,59,91
15,s021,43,58,51
15,s021,43,57,51
15,s021,43,56,37
15,s021,43,63,45
15,s021,43,62,38
15,s021,43,61,28
15,s021,43,60,25
15,s021,43,51,58
15,s021,43,50,39
15,s021,43,49,38
15,s021,43,48,22
15,s021,43,55,38
15,s021,43,54,21
15,s021,43,53,29
15,s021,43,52,15
15,s021,43,11,96
15,s021,43,10,69
15,s021,43,9,46
15,s021,43,8,34
15,s021,43,15,49
15,s021,43,14,40
15,s021,43,13,27
15,s021,43,12,18
15,s021,43,3,42
15,s021,43,2,42
15,s021,43,1,30
15,s021,43,0,22
15,s021,43,7,28
15,s021,43,6,17
15,s021,43,5,26
15,s021,43,4,17
15,s021,43,27,42
15,s021,43,26,39
15,s021,43,25,39
15,s021,43,24,21
15,s021,43,31,41
15,s021,43,30,26
15,s021,43,29,20
15,s021,43,28,13
15,s021,43,19,32
15,s021,43,18,23
15,s021,43,17,17
15,s021,43,16,17
15,s021,43,23,19
15,s021,43,22,19
15,s021,43,21,16
15,s021,43,20,11
15,s022,38,38,156
15,s022,38,39,85
15,s022,38,36,67
15,s022,38,37,44
15,s022,38,34,106
15,s022,38,35,54
15,s022,38,32,49
15,s022,38,33,32
15,s022,38,46,68
15,s022,38,47,49
15,s022,38,44,46
15,s022,38,45,22
15,s022,38,42,50
15,s022,38,43,33
15,s022,38,40,34
15,s022,38,41,21
15,s022,38,54,105
15,s022,38,55,58
15,s022,38,52,59
15,s022,38,53,34
15,s022,38,50,57
15,s022,38,51,36
15,s022,38,48,42
15,s022,38,49,24
15,s022,38,62,50
15,s022,38,63,31
15,s022,38,60,24
15,s022,38,61,15
15,s022,38,58,34
15,s022,38,59,23
15,s022,38,56,24
15,s022,38,57,11
15,s022,38,6,102
15,s022,38,7,63
15,s022,38,4,52
15,s022,38,5,42
15,s022,38,2,64
15,s022,38,3,53
15,s022,38,0,33
15,s022,38,1,17
15,s022,38,14,45
15,s022,38,15,46
15,s022,38,12,30
15,s022,38,13,25
15,s022,38,10,37
15,s022,38,11,25
15,s022,38,8,21
15,s022,38,9,15
15,s022,38,22,56
15,s022,38,23,52
15,s022,38,20,33
15,s022,38,21,25
15,s022,38,18,38
15,s022,38,19,26
15,s022,38,16,32
15,s022,38,17,11
15,s022,38,30,43
15,s022,38,31,26
15,s022,38,28,20
15,s022,38,29,16
15,s022,38,26,22
15,s022,38,27,15
15,s022,38,24,14
15,s022,38,25,5
15,s023,51,51,122
15,s023,51,50,78
15,s023,51,49,78
15,s023,51,48,41
15,s023,51,55,106
15,s023,51,54,50
15,s023,51,53,53
15,s023,51,52,31
15,s023,51,59,70
15,s023,51,58,47
15,s023,51,57,44
15,s023,51,56,27
15,s023,51,63,44
15,s023,51,62,33
15,s023,51,61,23
15,s023,51,60,24
15,s023,51,35,102
15,s023,51,34,51
15,s023,51,33,43
15,s023,51,32,21
15,s023,51,39,62
15,s023,51,38,31
15,s023,51,37,37
15,s023,51,36,17
15,s023,51,43,49
15,s023,51,42,27
15,s023,51,41,29
15,s023,51,40,17
15,s023,51,47,28
15,s023,51,46,23
15,s023,51,45,23
15,s023,51,44,11
15,s023,51,19,101
15,s023,51,18,60
15,s023,51,17,40
15,s023,51,16,27
15,s023,51,23,65
15,s023,51,22,45
15,s023,51,21,28
15,s023,51,20,28
15,s023,51,27,47
15,s023,51,26,40
15,s023,51,25,26
15,s023,51,24,15
15,s023,51,31,37
15,s023,51,30,24
15,s023,51,29,18
15,s023,51,28,12
15,s023,51,3,53
15,s023,51,2,42
15,s023,51,1,26
15,s023,51,0,18
15,s023,51,7,46
15,s023,51,6,33
15,s023,51,5,33
15,s023,51,4,20
15,s023,51,11,38
15,s023,51,10,19
15,s023,51,9,31
15,s023,51,8,13
15,s023,51,15,23
15,s023,51,14,15
15,s023,51,13,14
15,s023,51,12,7
15,s024,20,20,126
15,s024,20,21,81
15,s024,20,22,82
15,s024,20,23,38
15,s024,20,16,76
15,s024,20,17,52
15,s024,20,18,61
15,s024,20,19,33
15,s024,20,28,59
15,s024,20,29,43
15,s024,20,30,28
15,s024,20,31,27
15,s024,20,24,37
15,s024,20,25,36
15,s024,20,26,29
15,s024,20,27,11
15,s024,20,4,72
15,s024,20,5,52
15,s024,20,6,47
15,s024,20,7,25
15,s024,20,0,52
15,s024,20,1,33
15,s024,20,2,45
15,s024,20,3,29
15,s024,20,12,49
15,s024,20,13,28
15,s024,20,14,36
15,s024,20,15,18
15,s024,20,8,36
15,s024,20,9,24
15,s024,20,10,23
15,s024,20,11,9
15,s024,20,52,97
15,s024,20,53,53
15,s024,20,54,46
15,s024,20,55,25
15,s024,20,48,80
15,s024,20,49,38
15,s024,20,50,29
15,s024,20,51,18
15,s024,20,60,42
15,s024,20,61,33
15,s024,20,62,34
15,s024,20,63,16
15,s024,20,56,30
15,s024,20,57,23
15,s024,20,58,24
15,s024,20,59,10
15,s024,20,36,56
15,s024,20,37,40
15,s024,20,38,29
15,s024,20,39,30
15,s024,20,32,37
15,s024,20,33,19
15,s024,20,34,14
15,s024,20,35,19
15,s024,20,44,36
15,s024,20,45,25
15,s024,20,46,21
15,s024,20,47,13
15,s024,20,40,20
15,s024,20,41,18
15,s024,20,42,15
15,s024,20,43,9
15,s025,6,6,128
15,s025,6,7,62
15,s025,6,4,79
15,s025,6,5,42
15,s025,6,2,79
15,s025,6,3,51
15,s025,6,0,49
15,s025,6,1,37
15,s025,6,14,77
15,s025,6,15,37
15,s025,6,12,38
15,s025,6,13,26
15,s025,6,10,52
15,s025,6,11,25
15,s025,6,8,21
15,s025,6,9,22
15,s025,6,22,76
15,s025,6,23,39
15,s025,6,20,52
15,s025,6,21,33
15,s025,6,18,46
15,s025,6,19,32
15,s025,6,16,32
15,s025,6,17,22
15,s025,6,30,47
15,s025,6,31,35
15,s025,6,28,24
15,s025,6,29,15
15,s025,6,26,31
15,s025,6,27,14
15,s025,6,24,19
15,s025,6,25,15
15,s025,6,38,94
15,s025,6,39,56
15,s025,6,36,51
15,s025,6,37,27
15,s025,6,34,61
15,s025,6,35,30
15,s025,6,32,39
15,s025,6,33,17
15,s025,6,46,51
15,s025,6,47,30
15,s025,6,44,25
15,s025,6,45,17
15,s025,6,42,37
15,s025,6,43,26
15,s025,6,40,16
15,s025,6,41,12
15,s025,6,54,70
15,s025,6,55,40
15,s025,6,52,30
15,s025,6,53,27
15,s025,6,50,42
15,s025,6,51,31
15,s025,6,48,27
15,s025,6,49,23
15,s025,6,62,26
15,s025,6,63,24
15,s025,6,60,22
15,s025,6,61,10
15,s025,6,58,24
15,s025,6,59,13
15,s025,6,56,3
15,s025,6,57,11
15,s026,45,45,134
15,s026,45,44,86
15,s026,45,47,70
15,s026,45,46,30
15,s026,45,41,62
15,s026,45,40,65
15,s026,45,43,46
15,s026,45,42,30
15,s026,45,37,70
15,s026,45,36,37
15,s026,45,39,36
15,s026,45,38,21
15,s026,45,33,32
15,s026,45,32,24
15,s026,45,35,20
15,s026,45,34,20
15,s026,45,61,109
15,s026,45,60,58
15,s026,45,63,53
15,s026,45,62,26
15,s026,45,57,50
15,s026,45,56,36
15,s026,45,59,28
15,s026,45,58,18
15,s026,45,53,51
15,s026,45,52,41
15,s026,45,55,25
15,s026,45,54,18
15,s026,45,49,37
15,s026,45,48,29
15,s026,45,51,23
15,s026,45,50,18
15,s026,45,13,75
15,s026,45,12,53
15,s026,45,15,57
15,s026,45,14,32
15,s026,45,9,44
15,s026,45,8,39
15,s026,45,11,44
15,s026,45,10,12
15,s026,45,5,53
15,s026,45,4,36
15,s026,45,7,25
15,s026,45,6,21
15,s026,45,1,35
15,s026,45,0,14
15,s026,45,3,18
15,s026,45,2,16
15,s026,45,29,56
15,s026,45,28,37
15,s026,45,31,36
15,s026,45,30,29
15,s026,45,25,37
15,s026,45,24,23
15,s026,45,27,25
15,s026,45,26,21
15,s026,45,21,26
15,s026,45,20,27
15,s026,45,23,24
15,s026,45,22,13
15,s026,45,17,28
15,s026,45,16,13
15,s026,45,19,15
15,s026,45,18,7
15,s027,30,30,125
15,s027,30,31,81
15,s027,30,28,80
15,s027,30,29,52
15,s027,30,26,96
15,s027,30,27,49
15,s027,30,24,68
15,s027,30,25,28
15,s027,30,22,76
15,s027,30,23,41
15,s027,30,20,44
15,s027,30,21,30
15,s027,30,18,50
15,s027,30,19,24
15,s027,30,16,27
15,s027,30,17,17
15,s027,30,14,84
15,s027,30,15,59
15,s027,30,12,41
15,s027,30,13,19
15,s027,30,10,64
15,s027,30,11,49
15,s027,30,8,30
15,s027,30,9,20
15,s027,30,6,49
15,s027,30,7,28
15,s027,30,4,30
15,s027,30,5,27
15,s027,30,2,36
15,s027,30,3,13
15,s027,30,0,22
15,s027,30,1,12
15,s027,30,62,85
15,s027,30,63,58
15,s027,30,60,53
15,s027,30,61,39
15,s027,30,58,65
15,s027,30,59,43
15,s027,30,56,25
15,s027,30,57,24
15,s027,30,54,49
15,s027,30,55,23
15,s027,30,52,32
15,s027,30,53,25
15,s027,30,50,34
15,s027,30,51,20
15,s027,30,48,15
15,s027,30,49,12
15,s027,30,46,75
15,s027,30,47,37
15,s027,30,44,48
15,s027,30,45,26
15,s027,30,42,40
15,s027,30,43,43
15,s027,30,40,33
15,s027,30,41,17
15,s027,30,38,29
15,s027,30,39,28
15,s027,30,36,18
15,s027,30,37,15
15,s027,30,34,25
15,s027,30,35,18
15,s027,30,32,20
15,s027,30,33,10
15,s028,58,58,134
15,s028,58,59,86
15,s028,58,56,90
15,s028,58,57,50
15,s028,58,62,98
15,s028,58,63,62
15,s028,58,60,39
15,s028,58,61,34
15,s028,58,50,81
15,s028,58,51,50
15,s028,58,48,37
15,s028,58,49,30
15,s028,58,54,53
15,s028,58,55,31
15,s028,58,52,24
15,s028,58,53,15
15,s028,58,42,87
15,s028,58,43,52
15,s028,58,40,60
15,s028,58,41,35
15,s028,58,46,53
15,s028,58,47,35
15,s028,58,44,32
15,s028,58,45,17
15,s028,58,34,52
15,s028,58,35,32
15,s028,58,32,25
15,s028,58,33,23
15,s028,58,38,43
15,s028,58,39,19
15,s028,58,36,17
15,s028,58,37,17
15,s028,58,26,97
15,s028,58,27,69
15,s028,58,24,51
15,s028,58,25,38
15,s028,58,30,50
15,s028,58,31,35
15,s028,58,28,40
15,s028,58,29,20
15,s028,58,18,49
15,s028,58,19,37
15,s028,58,16,40
15,s028,58,17,27
15,s028,58,22,34
15,s028,58,23,30
15,s028,58,20,18
15,s028,58,21,8
15,s028,58,10,82
15,s028,58,11,33
15,s028,58,8,40
15,s028,58,9,29
15,s028,58,14,39
15,s028,58,15,28
15,s028,58,12,25
15,s028,58,13,15
15,s028,58,2,31
15,s028,58,3,24
15,s028,58,0,23
15,s028,58,1,13
15,s028,58,6,26
15,s028,58,7,19
15,s028,58,4,13
15,s028,58,5,12
15,s029,43,43,127
15,s029,43,42,72
15,s029,43,41,81
15,s029,43,40,49
15,s029,43,47,68
15,s029,43,46,51
15,s029,43,45,40
15,s029,43,44,23
15,s029,43,35,83
15,s029,43,34,49
15,s029,43,33,35
15,s029,43,32,22
15,s029,43,39,53
15,s029,43,38,26
15,s029,43,37,25
15,s029,43,36,9
15,s029,43,59,77
15,s029,43,58,55
15,s029,43,57,50
15,s029,43,56,26
15,s029,43,63,74
15,s029,43,62,42
15,s029,43,61,26
15,s029,43,60,21
15,s029,43,51,51
15,s029,43,50,28
15,s029,43,49,33
15,s029,43,48,19
15,s029,43,55,39
15,s029,43,54,19
15,s029,43,53,21
15,s029,43,52,13
15,s029,43,11,89
15,s029,43,10,59
15,s029,43,9,45
15,s029,43,8,24
15,s029,43,15,63
15,s029,43,14,44
15,s029,43,13,30
15,s029,43,12,19
15,s029,43,3,56
15,s029,43,2,32
15,s029,43,1,31
15,s029,43,0,23
15,s029,43,7,39
15,s029,43,6,21
15,s029,43,5,24
15,s029,43,4,12
15,s029,43,27,67
15,s029,43,26,40
15,s029,43,25,33
15,s029,43,24,24
15,s029,43,31,58
15,s029,43,30,26
15,s029,43,29,20
15,s029,43,28,9
15,s029,43,19,36
15,s029,43,18,18
15,s029,43,17,25
15,s029,43,16,17
15,s029,43,23,22
15,s029,43,22,12
15,s029,43,21,19
15,s029,43,20,15
15,s030,35,35,126
15,s030,35,34,84
15,s030,35,33,63
15,s030,35,32,45
15,s030,35,39,87
15,s030,35,38,60
15,s030,35,37,44
15,s030,35,36,30
15,s030,35,43,84
15,s030,35,42,51
15,s030,35,41,41
15,s030,35,40,22
15,s030,35,47,46
15,s030,35,46,29
15,s030,35,45,24
15,s030,35,44,19
15,s030,35,51,91
15,s030,35,50,60
15,s030,35,49,47
15,s030,35,48,34
15,s030,35,55,56
15,s030,35,54,30
15,s030,35,53,39
15,s030,35,52,16
15,s030,35,59,50
15,s030,35,58,35
15,s030,35,57,27
15,s030,35,56,13
15,s030,35,63,29
15,s030,35,62,27
15,s030,35,61,24
15,s030,35,60,14
15,s030,35,3,91
15,s030,35,2,44
15,s030,35,1,42
15,s030,35,0,41
15,s030,35,7,67
15,s030,35,6,40
15,s030,35,5,38
15,s030,35,4,23
15,s030,35,11,54
15,s030,35,10,30
15,s030,35,9,25
15,s030,35,8,22
15,s030,35,15,35
15,s030,35,14,29
15,s030,35,13,6
15,s030,35,12,10
15,s030,35,19,62
15,s030,35,18,37
15,s030,35,17,40
15,s030,35,16,19
15,s030,35,23,48
15,s030,35,22,29
15,s030,35,21,29
15,s030,35,20,19
15,s030,35,27,27
15,s030,35,26,22
15,s030,35,25,20
15,s030,35,24,12
15,s030,35,31,24
15,s030,35,30,17
15,s030,35,29,11
15,s030,35,28,9
15,s031,37,37,129
15,s031,37,36,74
15,s031,37,39,59
15,s031,37,38,38
15,s031,37,33,82
15,s031,37,32,60
15,s031,37,35,43
15,s031,37,34,19
15,s031,37,45,71
15,s031,37,44,48
15,s031,37,47,48
15,s031,37,46,27
15,s031,37,41,41
15,s031,37,40,34
15,s031,37,43,14
15,s031,37,42,9
15,s031,37,53,83
15,s031,37,52,56
15,s031,37,55,44
15,s031,37,54,30
15,s031,37,49,60
15,s031,37,48,43
15,s031,37,51,37
15,s031,37,50,17
15,s031,37,61,42
15,s031,37,60,24
15,s031,37,63,33
15,s031,37,62,19
15,s031,37,57,23
15,s031,37,56,21
15,s031,37,59,23
15,s031,37,58,15
15,s031,37,5,84
15,s031,37,4,64
15,s031,37,7,48
15,s031,37,6,33
15,s031,37,1,59
15,s031,37,0,30
15,s031,37,3,36
15,s031,37,2,26
15,s031,37,13,53
15,s031,37,12,35
15,s031,37,15,29
15,s031,37,14,30
15,s031,37,9,33
15,s031,37,8,21
15,s031,37,11,22
15,s031,37,10,10
15,s031,37,21,74
15,s031,37,20,32
15,s031,37,23,44
15,s031,37,22,21
15,s031,37,17,41
15,s031,37,16,25
15,s031,37,19,22
15,s031,37,18,12
15,s031,37,29,30
15,s031,37,28,10
15,s031,37,31,22
15,s031,37,30,11
15,s031,37,25,23
15,s031,37,24,9
15,s031,37,27,14
15,s031,37,26,12
15,s032,35,35,111
15,s032,35,34,58
15,s032,35,33,76
15,s032,35,32,38
15,s032,35,39,97
15,s032,35,38,52
15,s032,35,37,48
15,s032,35,36,35
15,s032,35,43,83
15,s032,35,42,46
15,s032,35,41,45
15,s032,35,40,28
15,s032,35,47,41
15,s032,35,46,24
15,s032,35,45,22
15,s032,35,44,19
15,s032,35,51,88
15,s032,35,50,48
15,s032,35,49,44
15,s032,35,48,20
15,s032,35,55,53
15,s032,35,54,32
15,s032,35,53,34
15,s032,35,52,20
15,s032,35,59,54
15,s032,35,58,27
15,s032,35,57,35
15,s032,35,56,18
15,s032,35,63,42
15,s032,35,62,22
15,s032,35,61,25
15,s032,35,60,11
15,s032,35,3,101
15,s032,35,2,55
15,s032,35,1,50
15,s032,35,0,31
15,s032,35,7,54
15,s032,35,6,41
15,s032,35,5,37
15,s032,35,4,20
15,s032,35,11,66
15,s032,35,10,29
15,s032,35,9,30
15,s032,35,8,22
15,s032,35,15,34
15,s032,35,14,19
15,s032,35,13,24
15,s032,35,12,11
15,s032,35,19,55
15,s032,35,18,35
15,s032,35,17,30
15,s032,35,16,21
15,s032,35,23,37
15,s032,35,22,26
15,s032,35,21,23
15,s032,35,20,16
15,s032,35,27,32
15,s032,35,26,26
15,s032,35,25,19
15,s032,35,24,13
15,s032,35,31,23
15,s032,35,30,6
15,s032,35,29,10
15,s032,35,28,11
15,s033,5,5,131
15,s033,5,4,67
15,s033,5,7,55
15,s033,5,6,40
15,s033,5,1,81
15,s033,5,0,54
15,s033,5,3,33
15,s033,5,2,31
15,s033,5,13,78
15,s033,5,12,37
15,s033,5,15,30
15,s033,5,14,21
15,s033,5,9,45
15,s033,5,8,31
15,s033,5,11,32
15,s033,5,10,14
15,s033,5,21,85
15,s033,5,20,50
15,s033,5,23,42
15,s033,5,22,24
15,s033,5,17,55
15,s033,5,16,29
15,s033,5,19,36
15,s033,5,18,18
15,s033,5,29,44
15,s033,5,28,36
15,s033,5,31,30
15,s033,5,30,13
15,s033,5,25,28
15,s033,5,24,21
15,s033,5,27,15
15,s033,5,26,13
15,s033,5,37,82
15,s033,5,36,52
15,s033,5,39,61
15,s033,5,38,30
15,s033,5,33,65
15,s033,5,32,38
15,s033,5,35,33
15,s033,5,34,14
15,s033,5,45,45
15,s033,5,44,36
15,s033,5,47,30
15,s033,5,46,24
15,s033,5,41,32
15,s033,5,40,25
15,s033,5,43,28
15,s033,5,42,12
15,s033,5,53,60
15,s033,5,52,32
15,s033,5,55,33
15,s033,5,54,36
15,s033,5,49,45
15,s033,5,48,29
15,s033,5,51,27
15,s033,5,50,21
15,s033,5,61,31
15,s033,5,60,28
15,s033,5,63,18
15,s033,5,62,9
15,s033,5,57,25
15,s033,5,56,15
15,s033,5,59,12
15,s033,5,58,13
15,s034,2,2,135
15,s034,2,3,70
15,s034,2,0,62
15,s034,2,1,44
15,s034,2,6,88
15,s034,2,7,42
15,s034,2,4,42
15,s034,2,5,22
15,s034,2,10,77
15,s034,2,11,37
15,s034,2,8,39
15,s034,2,9,31
15,s034,2,14,49
15,s034,2,15,26
15,s034,2,12,30
15,s034,2,13,13
15,s034,2,18,76
15,s034,2,19,59
15,s034,2,16,51
15,s034,2,17,37
15,s034,2,22,48
15,s034,2,23,38
15,s034,2,20,29
15,s034,2,21,14
15,s034,2,26,46
15,s034,2,27,37
15,s034,2,24,23
15,s034,2,25,16
15,s034,2,30,47
15,s034,2,31,24
15,s034,2,28,17
15,s034,2,29,9
15,s034,2,34,79
15,s034,2,35,76
15,s034,2,32,61
15,s034,2,33,34
15,s034,2,38,62
15,s034,2,39,34
15,s034,2,36,29
15,s034,2,37,25
15,s034,2,42,39
15,s034,2,43,28
15,s034,2,40,27
15,s034,2,41,24
15,s034,2,46,28
15,s034,2,47,30
15,s034,2,44,24
15,s034,2,45,19
15,s034,2,50,57
15,s034,2,51,33
15,s034,2,48,38
15,s034,2,49,22
15,s034,2,54,33
15,s034,2,55,25
15,s034,2,52,25
15,s034,2,53,14
15,s034,2,58,30
15,s034,2,59,24
15,s034,2,56,26
15,s034,2,57,14
15,s034,2,62,23
15,s034,2,63,13
15,s034,2,60,16
15,s034,2,61,6
15,s035,17,17,139
15,s035,17,16,95
15,s035,17,19,79
15,s035,17,18,46
15,s035,17,21,90
15,s035,17,20,43
15,s035,17,23,58
15,s035,17,22,38
15,s035,17,25,81
15,s035,17,24,51
15,s035,17,27,58
15,s035,17,26,26
15,s035,17,29,49
15,s035,17,28,33
15,s035,17,31,27
15,s035,17,30,19
15,s035,17,1,79
15,s035,17,0,32
15,s035,17,3,53
15,s035,17,2,29
15,s035,17,5,56
15,s035,17,4,39
15,s035,17,7,44
15,s035,17,6,35
15,s035,17,9,50
15,s035,17,8,29
15,s035,17,11,28
15,s035,17,10,10
15,s035,17,13,30
15,s035,17,12,25
15,s035,17,15,18
15,s035,17,14,14
15,s035,17,49,83
15,s035,17,48,58
15,s035,17,51,51
15,s035,17,50,20
15,s035,17,53,61
15,s035,17,52,33
15,s035,17,55,30
15,s035,17,54,28
15,s035,17,57,67
15,s035,17,56,38
15,s035,17,59,13
15,s035,17,58,16
15,s035,17,61,43
15,s035,17,60,19
15,s035,17,63,25
15,s035,17,62,14
15,s035,17,33,59
15,s035,17,32,43
15,s035,17,35,39
15,s035,17,34,24
15,s035,17,37,38
15,s035,17,36,28
15,s035,17,39,22
15,s035,17,38,14
15,s035,17,41,31
15,s035,17,40,22
15,s035,17,43,19
15,s035,17,42,9
15,s035,17,45,17
15,s035,17,44,16
15,s035,17,47,21
15,s035,17,46,8
15,s036,25,25,139
15,s036,25,24,96
15,s036,25,27,84
15,s036,25,26,43
15,s036,25,29,97
15,s036,25,28,50
15,s036,25,31,57
15,s036,25,30,28
15,s036,25,17,69
15,s036,25,16,41
15,s036,25,19,36
15,s036,25,18,32
15,s036,25,21,49
15,s036,25,20,27
15,s036,25,23,28
15,s036,25,22,22
15,s036,25,9,77
15,s036,25,8,54
15,s036,25,11,54
15,s036,25,10,37
15,s036,25,13,68
15,s036,25,12,30
15,s036,25,15,28
15,s036,25,14,22
15,s036,25,1,66
15,s036,25,0,34
15,s036,25,3,24
15,s036,25,2,28
15,s036,25,5,33
15,s036,25,4,20
15,s036,25,7,18
15,s036,25,6,9
15,s036,25,57,86
15,s036,25,56,62
15,s036,25,59,61
15,s036,25,58,32
15,s036,25,61,65
15,s036,25,60,35
15,s036,25,63,36
15,s036,25,62,20
15,s036,25,49,48
15,s036,25,48,35
15,s036,25,51,30
15,s036,25,50,22
15,s036,25,53,28
15,s036,25,52,24
15,s036,25,55,16
15,s036,25,54,14
15,s036,25,41,63
15,s036,25,40,41
15,s036,25,43,39
15,s036,25,42,19
15,s036,25,45,36
15,s036,25,44,33
15,s036,25,47,22
15,s036,25,46,9
15,s036,25,33,47
15,s036,25,32,22
15,s036,25,35,14
15,s036,25,34,19
15,s036,25,37,20
15,s036,25,36,18
15,s036,25,39,10
15,s036,25,38,10
15,s037,55,55,135
15,s037,55,54,76
15,s037,55,53,66
15,s037,55,52,39
15,s037,55,51,82
15,s037,55,50,48
15,s037,55,49,50
15,s037,55,48,27
15,s037,55,63,81
15,s037,55,62,48
15,s037,55,61,34
15,s037,55,60,23
15,s037,55,59,48
15,s037,55,58,29
15,s037,55,57,32
15,s037,55,56,12
15,s037,55,39,88
15,s037,55,38,39
15,s037,55,37,47
15,s037,55,36,26
15,s037,55,35,70
15,s037,55,34,34
15,s037,55,33,35
15,s037,55,32,22
15,s037,55,47,44
15,s037,55,46,39
15,s037,55,45,26
15,s037,55,44,26
15,s037,55,43,19
15,s037,55,42,16
15,s037,55,41,18
15,s037,55,40,17
15,s037,55,23,83
15,s037,55,22,56
15,s037,55,21,45
15,s037,55,20,33
15,s037,55,19,69
15,s037,55,18,41
15,s037,55,17,33
15,s037,55,16,21
15,s037,55,31,43
15,s037,55,30,35
15,s037,55,29,16
15,s037,55,28,20
15,s037,55,27,48
15,s037,55,26,22
15,s037,55,25,13
15,s037,55,24,13
15,s037,55,7,54
15,s037,55,6,51
15,s037,55,5,40
15,s037,55,4,30
15,s037,55,3,50
15,s037,55,2,33
15,s037,55,1,21
15,s037,55,0,20
15,s037,55,15,30
15,s037,55,14,29
15,s037,55,13,16
15,s037,55,12,12
15,s037,55,11,20
15,s037,55,10,13
15,s037,55,9,19
15,s037,55,8,7
