packet_id,realization_id,size,control,target,e_min,e_max,shift_energy,keep_count,eigen_offset,eigen_count
p000000,r0015,7,2.25,0.5,-59.999562066536939,60.026902811976768,0.46367037271991479,27,0,45
p000001,r0023,25,1.8500000000000001,0.5,-59.03157535361229,59.971166936956557,0.019795791672133578,26,45,45
p000002,r0009,17,1.45,0.5,-59.780330110790636,60.107230283036436,-0.28654991387709999,26,90,45
p000003,r0010,7,1.8500000000000001,0.5,-59.685822196799641,59.780423883929707,-0.40269915643496718,26,135,45
p000004,r0022,25,1.8500000000000001,0.5,-59.821894214437272,60.067312706532725,-0.32729075395227342,26,180,45
p000005,r0000,11,3.4500000000000002,0.5,-59.831370313354206,59.563623610390685,0.31612664851823952,36,225,45
p000006,r0028,11,1.8500000000000001,0.17999999999999999,-60.130461794934902,60.077766780214603,38.890285636687693,26,270,45
p000007,r0027,7,2.6499999999999999,0.81999999999999995,-59.727954496760518,60.304508410956629,-38.572111173371425,34,315,45
p000008,r0008,25,3.8500000000000001,0.5,-59.663476767789042,59.634351301775233,0.43543726699309532,40,360,45
p000009,r0014,17,4.25,0.81999999999999995,-65.105596206556555,83.85276248002782,-38.743091642971365,40,405,45
p000010,r0019,17,2.6499999999999999,0.81999999999999995,-61.375197720983138,66.155969528756401,-37.969587616030012,32,450,45
p000011,r0018,7,3.8500000000000001,0.81999999999999995,-62.499164206438891,69.392577996902162,-38.308650609837485,39,495,45
p000012,r0016,17,2.25,0.81999999999999995,-61.117288306794123,65.455367299538139,-37.884210297654306,26,540,45
p000013,r0007,25,2.25,0.17999999999999999,-60.462855523278243,60.402649200005278,39.096858349814248,26,585,45
p000014,r0019,25,4.6500000000000004,0.5,-60.164019576347286,60.169900143635076,-0.44705971635610525,40,630,45
p000015,r0022,25,3.0499999999999998,0.17999999999999999,-87.810199867682002,66.31954215135454,39.026188587927962,26,675,45
p000016,r0008,25,1.8500000000000001,0.81999999999999995,-59.614741198919617,60.329782008146701,-37.574727021647668,26,720,45
p000017,r0018,7,1.45,0.5,-59.902430006244344,59.890102242928236,-0.45616388165805405,26,765,45
p000018,r0023,7,4.25,0.5,-59.870723252643721,59.863892454821872,-0.45341539891092425,39,810,45
p000019,r0025,11,3.8500000000000001,0.81999999999999995,-59.723996152171551,60.0305041508716,-38.618186097623784,40,855,45
p000020,r0013,11,3.0499999999999998,0.5,-60.171103576365368,59.947573284276402,-0.56176514604448324,30,900,45
p000021,r0027,17,2.6499999999999999,0.81999999999999995,-67.805185647776639,95.925323750519198,-37.883693956083377,32,945,45
p000022,r0018,17,3.0499999999999998,0.5,-60.276082139103224,59.887959751931561,-0.64406119358583136,29,990,45
p000023,r0000,25,1.45,0.5,-59.942347754076813,60.04027518080995,0.49896371336656814,26,1035,45
p000024,r0006,25,2.25,0.81999999999999995,-60.13967232983952,61.132695795189001,-37.860646067334379,26,1080,45
p000025,r0004,17,2.6499999999999999,0.81999999999999995,-59.841101041654426,59.992781028204305,-38.721002269079847,31,1125,45
p000026,r0015,7,4.6500000000000004,0.81999999999999995,-68.674671739384721,98.621795538423285,-38.111307629379269,40,1170,45
p000027,r0008,7,1.45,0.81999999999999995,-60.408299671976543,66.289152677655295,-38.05275824904281,26,1215,45
p000028,r0015,11,4.6500000000000004,0.5,-60.256331608985093,60.370994722689275,-0.39266844314790889,40,1260,45
p000029,r0020,11,4.25,0.81999999999999995,-63.247589756146056,74.351717130361635,-38.929714516574663,40,1305,45
p000030,r0005,17,3.8500000000000001,0.81999999999999995,-61.080833830883407,63.367563662132575,-39.130122282140526,40,1350,45
p000031,r0022,11,4.25,0.17999999999999999,-60.544971367847424,59.439963496996953,37.392675221324964,40,1395,45
p000032,r0008,25,4.25,0.81999999999999995,-67.77254250537068,95.204306951891979,-37.986709603063389,40,1440,45
p000033,r0006,25,4.6500000000000004,0.17999999999999999,-70.566743097836309,62.364064454749808,37.986519095284308,40,1485,45
p000034,r0018,7,1.8500000000000001,0.5,-59.737264125551491,59.471727009543955,-0.58276855800376803,26,1530,45
p000035,r0025,11,3.4500000000000002,0.17999999999999999,-123.68832981356431,74.358627041263901,38.260174807394819,33,1575,45
p000036,r0025,11,2.25,0.81999999999999995,-61.471905254216551,66.858501274906274,-38.822432078974444,27,1620,45
p000037,r0013,11,1.45,0.81999999999999995,-61.236784387951289,66.704589876483908,-38.657337020352955,26,1665,45
p000038,r0014,7,4.25,0.17999999999999999,-64.55493228304465,60.905766438209,38.772840668383346,38,1710,45
p000039,r0001,11,4.25,0.81999999999999995,-64.821602301570039,81.937434918338084,-38.854975601986567,40,1755,45
p000040,r0023,17,3.8500000000000001,0.17999999999999999,-88.711725098128056,66.423631029100349,38.949266926199236,39,1800,45
p000041,r0019,17,1.8500000000000001,0.81999999999999995,-59.71722867911862,59.988033342547745,-38.620281515218672,26,1845,45
p000042,r0017,11,3.4500000000000002,0.5,-59.699533691601474,60.692854434735679,0.046660371567102732,37,1890,45
p000043,r0020,11,3.4500000000000002,0.5,-60.036092574739818,60.154628155573782,-0.39073220958301819,37,1935,45
p000044,r0014,25,3.0499999999999998,0.17999999999999999,-60.168062788397577,59.766320322552218,37.728131362581252,26,1980,45
p000045,r0000,17,4.25,0.17999999999999999,-67.251335186138292,61.594340307184041,38.852118718386023,40,2025,45
p000046,r0004,11,2.6499999999999999,0.81999999999999995,-61.128493011079982,67.156771275216258,-37.587145439546646,31,2070,45
p000047,r0016,17,4.25,0.81999999999999995,-59.544642453595721,59.633260940507022,-37.642619842657218,40,2115,45
p000048,r0017,11,3.8500000000000001,0.17999999999999999,-64.407815436079488,61.179639174978007,38.123897344987654,38,2160,45
p000049,r0002,25,1.8500000000000001,0.17999999999999999,-60.051441180653647,59.899741896398588,38.758528942529189,26,2205,45
p000050,r0007,17,1.45,0.81999999999999995,-72.199248805146226,115.99214900801678,-38.774797198776881,26,2250,45
p000051,r0019,11,3.8500000000000001,0.17999999999999999,-60.429852295451589,59.244753784933629,38.153324690464288,37,2295,45
p000052,r0027,7,3.4500000000000002,0.5,-59.165159186621736,60.125241987394432,0.93004140038634797,35,2340,45
p000053,r0012,11,2.6499999999999999,0.5,-59.77715672370077,59.929579007809451,0.5262111420543405,27,2385,45
p000054,r0013,25,1.8500000000000001,0.5,-60.374977841431999,60.683049989787833,0.60403607417791672,26,2430,45
p000055,r0025,17,2.6499999999999999,0.81999999999999995,-67.986948660913868,95.148020541998378,-38.172654204389659,31,2475,45
p000056,r0012,7,3.4500000000000002,0.17999999999999999,-60.166043208351425,59.859468694006566,38.704876551582132,33,2520,45
p000057,r0004,7,3.0499999999999998,0.17999999999999999,-68.0303073750609,62.299001552342474,39.28972594540987,28,2565,45
p000058,r0026,11,2.6499999999999999,0.5,-60.806483745801408,59.71070991204008,-0.097886916880663921,27,2610,45
p000059,r0003,11,3.8500000000000001,0.5,-60.199749573393028,60.012672531958295,-0.54353852071736664,40,2655,45
p000060,r0011,7,4.6500000000000004,0.81999999999999995,-71.945216091357807,113.50777217241222,-38.113678203879189,40,2700,45
p000061,r0009,7,3.4500000000000002,0.5,-60.327567425823297,60.214040308852823,-0.5067635584852368,35,2745,45
p000062,r0016,11,3.8500000000000001,0.81999999999999995,-65.157818717341485,83.424024545116936,-37.963086930098953,40,2790,45
p000063,r0008,11,4.25,0.81999999999999995,-59.831345283185684,60.250007012672661,-37.766701869931175,40,2835,45
p000064,r0017,25,4.6500000000000004,0.5,-60.340604965171487,59.761571975950766,0.16048350538963946,40,2880,45
p000065,r0002,11,4.6500000000000004,0.5,-60.266180474926514,60.334185840296655,0.48400268268507035,40,2925,45
p000066,r0020,25,1.8500000000000001,0.81999999999999995,-65.213218752532299,83.863076177626368,-37.929485665103726,26,2970,45
p000067,r0023,11,4.6500000000000004,0.81999999999999995,-67.293138144960409,93.891307079044452,-38.729938004639521,40,3015,45
p000068,r0007,25,3.0499999999999998,0.5,-60.258724649203266,60.130036500712727,-0.51434407424526962,27,3060,45
p000069,r0027,11,3.0499999999999998,0.5,-60.314390195032388,60.067858092537506,-0.57326605124744101,30,3105,45
p000070,r0009,17,2.25,0.5,-60.251107796648654,59.96302276919323,-0.59404251372771166,26,3150,45
p000071,r0017,17,3.8500000000000001,0.17999999999999999,-68.301176538886764,62.025518104075644,38.116713068342406,39,3195,45
p000072,r0009,17,2.6499999999999999,0.5,-60.282926425050924,60.340154264591469,0.4786139197702724,26,3240,45
p000073,r0026,17,2.25,0.81999999999999995,-60.394203892688026,59.523052049068681,-39.259097823171814,26,3285,45
p000074,r0027,11,2.6499999999999999,0.5,-60.177664601554163,59.625970028623449,0.17415271353464307,27,3330,45
p000075,r0004,25,4.6500000000000004,0.5,-59.626807711408127,59.782636422477516,0.52791435553469479,40,3375,45
p000076,r0014,17,2.6499999999999999,0.5,-59.77433615902531,60.990458079426091,1.0580609602003903,26,3420,45
p000077,r0001,7,2.6499999999999999,0.81999999999999995,-61.049719579260767,63.0878206029398,-38.254962346464652,32,3465,45
p000078,r0000,25,3.8500000000000001,0.81999999999999995,-65.05842694713229,82.923381820199864,-37.971701369012493,40,3510,45
p000079,r0008,7,3.0499999999999998,0.17999999999999999,-80.223674800849693,64.152384207677798,38.614693586142856,30,3555,45
p000080,r0021,17,2.6499999999999999,0.5,-60.259245387165933,60.736119032781858,0.68843682280796226,26,3600,45
p000081,r0003,17,2.25,0.5,-59.435938419497134,60.403782851607673,0.033922216055269405,26,3645,45
p000082,r0023,25,3.4500000000000002,0.81999999999999995,-70.463479342694995,105.97126116647425,-38.255226051044517,40,3690,45
p000083,r0000,25,4.25,0.17999999999999999,-104.9549260875298,69.976206395097421,38.038602548224517,40,3735,45
p000084,r0025,17,3.8500000000000001,0.5,-60.135118318598565,59.820613279848025,-0.60725251937526958,40,3780,45
p000085,r0027,17,3.4500000000000002,0.81999999999999995,-62.465606120743487,75.845124700545867,-37.119674572911393,40,3825,45
p000086,r0016,25,4.6500000000000004,0.5,-59.789250875054925,59.809370584110731,0.46005985452790271,40,3870,45
p000087,r0009,25,3.4500000000000002,0.81999999999999995,-73.871052170685005,127.43844889609754,-37.185341978664155,40,3915,45
p000088,r0005,25,2.6499999999999999,0.81999999999999995,-68.914492512752929,102.00262710435852,-37.699410981672855,29,3960,45
p000089,r0023,17,2.25,0.5,-60.093309010089563,59.591452266633034,-0.70092837172826417,26,4005,45
p000090,r0026,17,3.8500000000000001,0.17999999999999999,-96.396095941372508,67.53444543283868,37.576947985480658,39,4050,45
p000091,r0012,17,3.4500000000000002,0.5,-59.786984539452966,59.369432525583612,-0.65877600693467708,38,4095,45
p000092,r0020,25,4.6500000000000004,0.5,-60.546918022219593,59.558126232317953,-0.044395894950820025,40,4140,45
p000093,r0000,7,3.8500000000000001,0.17999999999999999,-60.299301756650024,59.940352628863849,37.847214839471349,37,4185,45
p000094,r0020,11,3.8500000000000001,0.17999999999999999,-62.94489614452587,59.996496298417526,38.317045658687718,37,4230,45
p000095,r0007,7,3.0499999999999998,0.81999999999999995,-66.134801866698581,86.280344063171043,-39.150075599322051,36,4275,45
p000096,r0001,7,3.8500000000000001,0.81999999999999995,-62.170042995917228,70.839658536424949,-38.678296720095631,39,4320,45
p000097,r0004,25,3.8500000000000001,0.17999999999999999,-60.059874019829934,60.388235999830783,38.257576196291851,40,4365,45
p000098,r0018,17,3.8500000000000001,0.17999999999999999,-59.984608875222946,59.801203039840892,38.689756895129406,39,4410,45
p000099,r0028,17,4.25,0.5,-59.719020681850388,60.315581828733805,0.7482805734417084,40,4455,45
p000100,r0004,7,3.8500000000000001,0.81999999999999995,-59.86606372012033,60.239178610938936,-38.697120100529659,40,4500,45
p000101,r0024,25,4.6500000000000004,0.81999999999999995,-60.24231046999941,59.936002137006703,-38.160214200738302,40,4545,45
p000102,r0025,11,3.0499999999999998,0.17999999999999999,-76.411381898075547,63.532663626993504,37.892735432481075,28,4590,45
p000103,r0020,17,1.45,0.17999999999999999,-59.870635514374854,60.454524912860556,38.34599603595818,26,4635,45
p000104,r0013,11,4.6500000000000004,0.17999999999999999,-66.892645454681627,61.983136497595268,38.33549574618543,40,4680,45
p000105,r0023,17,2.6499999999999999,0.81999999999999995,-62.433807494803801,72.575260589305998,-38.582175239664039,32,4725,45
p000106,r0019,11,2.25,0.5,-59.508734394867155,59.905961807735729,-0.25138629356571301,26,4770,45
p000107,r0024,7,2.6499999999999999,0.5,-60.074671470578686,60.099587927398353,0.4624582284098338,28,4815,45
p000108,r0004,7,4.25,0.81999999999999995,-60.054717687786322,59.782955765113243,-38.033936466264393,40,4860,45
p000109,r0011,17,4.25,0.81999999999999995,-60.256596945058803,60.080247569237699,-38.145964932485427,40,4905,45
p000110,r0013,25,2.25,0.5,-59.865495140400093,59.557242382573016,0.29587362108646148,26,4950,45
p000111,r0014,11,2.25,0.5,-59.952897209401009,59.836315747497657,-0.50829073095167554,26,4995,45
p000112,r0006,25,2.6499999999999999,0.81999999999999995,-59.936432885188879,59.928788190142384,-38.810693091629247,31,5040,45
p000113,r0001,7,1.8500000000000001,0.5,-60.232472758525162,60.088577080585594,0.37805216103021594,26,5085,45
p000114,r0027,7,2.6499999999999999,0.17999999999999999,-59.777989485928273,59.533065652533637,37.607075727610493,28,5130,45
p000115,r0004,17,3.4500000000000002,0.81999999999999995,-61.88447778004155,71.430686587015657,-38.337748193971251,40,5175,45
p000116,r0000,17,3.8500000000000001,0.17999999999999999,-60.004847304311312,59.874206612245494,38.745976907265273,39,5220,45
p000117,r0000,7,4.6500000000000004,0.17999999999999999,-61.383746472602354,60.785163212537562,39.244759469212383,39,5265,45
p000118,r0016,25,2.6499999999999999,0.5,-59.802276081451268,60.229913047577682,-0.23618151693679296,26,5310,45
p000119,r0007,7,3.8500000000000001,0.5,-59.866481909963696,60.145696982163841,-0.31039246389992742,37,5355,45
p000120,r0016,11,3.4500000000000002,0.17999999999999999,-60.134025266916893,59.843673232109566,38.697687502284808,32,5400,45
p000121,r0023,11,2.25,0.17999999999999999,-85.952637344642554,65.460556419304282,37.75618154179385,26,5445,45
p000122,r0022,7,3.4500000000000002,0.5,-60.354909231857576,59.83981172172598,0.19245124493420179,35,5490,45
p000123,r0026,25,1.45,0.17999999999999999,-94.531458121771806,67.379675239747797,38.685671234674274,26,5535,45
p000124,r0001,17,2.6499999999999999,0.17999999999999999,-60.055038035605762,59.449648127618346,37.488804618238007,26,5580,45
p000125,r0014,25,3.0499999999999998,0.81999999999999995,-60.034264792118918,60.069066145563099,-38.865665223336151,40,5625,45
p000126,r0021,17,3.8500000000000001,0.5,-60.390009078970785,60.356439818809143,0.43321536991917925,40,5670,45
p000127,r0014,17,4.6500000000000004,0.5,-59.914109006891053,59.724346262169874,-0.54488137236058942,40,5715,45
p000128,r0025,25,2.6499999999999999,0.81999999999999995,-73.742967554657127,122.77682083801378,-37.919405643976361,32,5760,45
p000129,r0025,25,1.8500000000000001,0.81999999999999995,-59.44555260299127,59.708281150784288,-37.547862527311665,26,5805,45
p000130,r0006,25,1.8500000000000001,0.5,-59.840956548531736,59.860180774421252,0.45961211294475818,26,5850,45
p000131,r0026,17,2.25,0.5,-60.469786059061413,60.473913545034897,0.45206374298674207,26,5895,45
p000132,r0010,25,4.25,0.81999999999999995,-60.330771201383428,59.560285751542565,-38.300380949856745,40,5940,45
p000133,r0025,25,1.45,0.5,-59.163552247671362,59.999826835083596,-0.031862706293883047,26,5985,45
p000134,r0024,17,2.25,0.5,-59.856663914965132,60.688431985237138,0.86588403513600265,26,6030,45
p000135,r0005,25,2.25,0.17999999999999999,-59.788643607360314,60.114188805681898,38.981678971334304,26,6075,45
p000136,r0002,17,3.4500000000000002,0.17999999999999999,-59.61603151428352,60.247118519774759,38.221751513644264,33,6120,45
p000137,r0005,7,4.25,0.5,-59.994819425742854,60.274252910440175,0.58971674234866067,39,6165,45
p000138,r0017,11,1.8500000000000001,0.17999999999999999,-79.006171595847576,64.22882637047897,37.99652673654019,26,6210,45
p000139,r0002,17,2.6499999999999999,0.81999999999999995,-63.877159887160062,79.503798807291744,-38.518587322158737,32,6255,45
p000140,r0011,25,2.25,0.17999999999999999,-60.113190531038455,59.996232700764125,37.926536519039658,26,6300,45
p000141,r0006,11,3.4500000000000002,0.5,-60.360018230485117,60.263006275649538,0.40149402258221017,36,6345,45
p000142,r0017,7,4.6500000000000004,0.5,-60.006353883018306,60.164446118176315,-0.37095388242099575,40,6390,45
p000143,r0010,7,4.6500000000000004,0.5,-60.025570406159545,60.869024991612434,-0.028272707273555409,40,6435,45
p000144,r0018,17,4.25,0.5,-59.851878934887516,60.099977194573874,0.57404912984317913,40,6480,45
p000145,r0012,25,2.6499999999999999,0.5,-59.859861908540168,59.634975071614733,-0.56244341846271761,26,6525,45
p000146,r0004,11,4.6500000000000004,0.17999999999999999,-65.081406908728169,60.628899379831068,37.551044247890403,40,6570,45
p000147,r0010,11,3.0499999999999998,0.17999999999999999,-64.11108177925891,61.003600045820647,38.032957317306327,28,6615,45
p000148,r0020,11,2.25,0.81999999999999995,-59.834176846514893,60.444148917878479,-37.734078208924075,27,6660,45
p000149,r0015,17,3.4500000000000002,0.81999999999999995,-59.78656735807197,60.756205418433957,-38.538868258300901,40,6705,45
p000150,r0003,25,3.8500000000000001,0.81999999999999995,-66.803971346470476,90.861160708721002,-38.874247576536007,40,6750,45
p000151,r0006,11,1.45,0.17999999999999999,-59.800651137215937,59.675019232939732,38.619398566311716,26,6795,45
p000152,r0009,7,3.0499999999999998,0.5,-59.922089913130449,59.843075090505195,0.41049258868737298,30,6840,45
p000153,r0008,17,3.0499999999999998,0.81999999999999995,-72.277886944962603,116.0375021001493,-37.931116916842427,39,6885,45
p000154,r0008,7,3.8500000000000001,0.81999999999999995,-64.984019684090725,83.619885822717634,-37.785316692865209,39,6930,45
p000155,r0005,25,1.8500000000000001,0.5,-59.58816244876116,60.488162721734106,1.3648647295694261e-07,26,6975,45
p000156,r0004,17,2.25,0.17999999999999999,-80.64191126232798,64.575930791415246,37.986719221741467,26,7020,45
p000157,r0017,25,2.6499999999999999,0.5,-60.051091490379363,60.12705825401234,-0.41201661818351171,26,7065,45
p000158,r0016,7,2.25,0.81999999999999995,-60.074573497296562,59.63415049646779,-38.977003178418975,29,7110,45
p000159,r0027,11,4.6500000000000004,0.81999999999999995,-62.087762048869592,69.180755726957813,-38.009428849220654,40,7155,45
p000160,r0013,11,3.8500000000000001,0.5,-59.993449895325135,60.454754343600122,0.68065222413749349,39,7200,45
p000161,r0010,17,1.8500000000000001,0.81999999999999995,-61.57409298232534,67.197903196487459,-38.845133670139035,26,7245,45
p000162,r0016,7,2.6499999999999999,0.5,-59.84791239253579,59.274048227485849,-0.73693208252497011,29,7290,45
p000163,r0010,25,3.8500000000000001,0.81999999999999995,-66.205282502072649,86.89892311546366,-38.196525490916102,40,7335,45
p000164,r0002,11,4.25,0.17999999999999999,-119.28539507263062,72.885323900523758,37.844594485355969,39,7380,45
p000165,r0004,17,4.25,0.81999999999999995,-59.506726663746022,60.24979400273007,-37.50055294378032,40,7425,45
p000166,r0012,17,4.6500000000000004,0.81999999999999995,-62.137042031784915,70.212153670284067,-38.764186805412493,40,7470,45
p000167,r0027,11,1.8500000000000001,0.81999999999999995,-67.521322698547849,92.352932911759211,-38.293956688692546,26,7515,45
p000168,r0010,25,3.0499999999999998,0.81999999999999995,-76.032957312851977,133.80064421049471,-38.712909038649556,40,7560,45
p000169,r0006,7,2.6499999999999999,0.81999999999999995,-65.752018420549504,87.171726906115055,-37.775744261749878,32,7605,45
p000170,r0025,17,3.4500000000000002,0.81999999999999995,-63.610463359882161,77.946457406414865,-38.580217621948691,40,7650,45
p000171,r0022,7,1.8500000000000001,0.81999999999999995,-59.391601302673095,59.305085392739002,-38.476197697498918,27,7695,45
p000172,r0009,11,1.8500000000000001,0.17999999999999999,-63.302524583043962,61.054647085275576,39.120356184978064,26,7740,45
p000173,r0002,7,4.6500000000000004,0.81999999999999995,-64.998430251929022,80.221768582913001,-39.308794461657456,40,7785,45
p000174,r0006,25,2.25,0.17999999999999999,-79.252570315184272,64.500257254182856,38.174748291696773,26,7830,45
p000175,r0015,17,4.6500000000000004,0.81999999999999995,-61.459873614967833,67.651040280012694,-38.669909113871327,40,7875,45
p000176,r0027,17,4.25,0.81999999999999995,-61.838087921117534,65.174876237284337,-38.525754372605192,40,7920,45
p000177,r0005,25,3.0499999999999998,0.81999999999999995,-68.015665831526832,95.425588578638468,-39.046240037697075,40,7965,45
p000178,r0002,25,4.6500000000000004,0.5,-59.944362571037985,60.101115745134493,0.52837658704825397,40,8010,45
p000179,r0020,11,4.25,0.17999999999999999,-88.901516698121341,67.08401592933987,39.456620056396858,40,8055,45
p000180,r0023,25,4.25,0.5,-60.070008596928048,60.505635630812847,0.66781351694239954,40,8100,45
p000181,r0001,17,2.25,0.17999999999999999,-82.367225713430059,65.275289174872782,38.249636494978262,26,8145,45
p000182,r0028,17,3.8500000000000001,0.81999999999999995,-60.252400388895062,60.062355494447708,-38.145744329893354,40,8190,45
p000183,r0012,11,3.8500000000000001,0.5,-59.721740684910664,59.869607164652116,0.52393323987072615,39,8235,45
p000184,r0013,25,3.0499999999999998,0.81999999999999995,-61.168847518693418,67.307728064503948,-37.593063913717884,40,8280,45
p000185,r0006,7,3.8500000000000001,0.17999999999999999,-65.311019151985377,61.138649759275978,38.827709355248942,36,8325,45
p000186,r0014,11,2.6499999999999999,0.5,-60.027659418115832,59.823776198526332,-0.55194160979474982,27,8370,45
p000187,r0007,11,4.25,0.17999999999999999,-71.388146023447405,62.498771741819247,37.949126544071248,39,8415,45
p000188,r0012,7,3.8500000000000001,0.5,-59.875851124582667,60.186887866623707,0.60551837102051986,37,8460,45
p000189,r0005,7,1.45,0.5,-59.216034519828966,59.552068253907109,0.61801686703907133,26,8505,45
p000190,r0027,11,3.8500000000000001,0.81999999999999995,-59.942371089144523,60.235588181004367,-38.760338420517719,40,8550,45
p000191,r0001,17,3.4500000000000002,0.17999999999999999,-59.648857194794232,59.720479469934929,37.783998870283682,32,8595,45
p000192,r0020,7,1.8500000000000001,0.5,-59.934527885456369,60.051973227172816,-0.39127732914177643,26,8640,45
p000193,r0012,25,2.6499999999999999,0.81999999999999995,-59.756303699854975,60.006921755062564,-37.748923117969809,31,8685,45
p000194,r0026,25,3.8500000000000001,0.5,-60.246654696991897,60.10087712807919,0.37711121554364696,40,8730,45
p000195,r0004,17,4.6500000000000004,0.81999999999999995,-62.493626281488815,70.013581036370425,-39.092328964274145,40,8775,45
p000196,r0021,17,3.4500000000000002,0.5,-59.471065957919251,59.690636540048843,0.5597852910647958,38,8820,45
p000197,r0023,11,1.45,0.81999999999999995,-68.108112386222317,95.723996286542501,-38.168332825124637,26,8865,45
p000198,r0002,7,1.8500000000000001,0.81999999999999995,-64.090064518308253,78.914403511604988,-38.799260272923874,27,8910,45
p000199,r0008,25,2.25,0.5,-59.823625737650737,60.31536375184691,-0.20413099290191355,26,8955,45
p000200,r0017,7,3.8500000000000001,0.17999999999999999,-59.407886460671584,59.955500349235599,38.020090723452306,36,9000,45
p000201,r0012,17,3.8500000000000001,0.17999999999999999,-97.939658739872698,68.196799659622741,38.742237147713567,39,9045,45
p000202,r0003,17,1.45,0.17999999999999999,-72.167676889364344,62.449385332097066,38.668314132234016,26,9090,45
p000203,r0002,25,2.6499999999999999,0.5,-60.389455875357733,59.654246864386771,0.082395494514518941,26,9135,45
p000204,r0018,17,2.6499999999999999,0.17999999999999999,-60.112726128770213,60.350137107861563,38.216821725267842,26,9180,45
p000205,r0006,25,1.45,0.5,-60.368154978035385,59.929974396019624,0.23090970899211954,26,9225,45
p000206,r0000,25,3.8500000000000001,0.17999999999999999,-84.511215052167529,65.287256994890825,37.873532026420321,40,9270,45
p000207,r0008,11,1.45,0.81999999999999995,-64.792381535043276,84.795070846134294,-38.316640106431308,26,9315,45
p000208,r0003,17,1.45,0.81999999999999995,-59.580988775204361,60.042795132690166,-38.498707671783343,26,9360,45
p000209,r0026,7,4.6500000000000004,0.5,-60.251203921731332,60.00119750294084,0.32499679060475445,40,9405,45
p000210,r0004,17,1.45,0.5,-60.049965127916366,60.447878210702257,0.64895654139294545,26,9450,45
p000211,r0025,25,1.8500000000000001,0.17999999999999999,-64.700155449053753,61.393569320306483,39.146698861821648,26,9495,45
p000212,r0021,7,1.8500000000000001,0.17999999999999999,-60.642704775568717,59.900825336568857,38.652989916384101,26,9540,45
p000213,r0009,11,3.4500000000000002,0.5,-59.271874984297924,59.864460094082958,0.746292554892517,36,9585,45
p000214,r0012,7,4.25,0.17999999999999999,-60.732292558376415,60.041512931430958,38.752227943265638,38,9630,45
p000215,r0003,7,4.6500000000000004,0.17999999999999999,-87.584435002998362,66.512065302924114,39.224695247858079,39,9675,45
p000216,r0012,7,1.45,0.81999999999999995,-64.415516385191154,76.734662432871289,-39.45848419793991,26,9720,45
p000217,r0011,11,2.25,0.81999999999999995,-65.441180643414924,86.775474614299242,-37.59218269702636,27,9765,45
p000218,r0015,11,2.25,0.17999999999999999,-59.882163300777037,60.312427776605297,38.227401382676476,26,9810,45
p000219,r0019,11,2.6499999999999999,0.5,-60.498792015981358,60.127592275407387,-0.63559987028698539,27,9855,45
p000220,r0016,11,3.8500000000000001,0.17999999999999999,-70.145310815849484,62.46246645418789,38.143066545581156,37,9900,45
p000221,r0007,7,3.8500000000000001,0.81999999999999995,-60.157159496182331,60.155026022859758,-38.050966102754742,39,9945,45
p000222,r0022,17,2.6499999999999999,0.5,-60.917793582268935,59.930634885710781,-0.043579348279077113,26,9990,45
p000223,r0017,17,3.0499999999999998,0.81999999999999995,-59.786789198742959,59.705105220343142,-37.828248203307453,39,10035,45
p000224,r0028,17,3.0499999999999998,0.81999999999999995,-60.32871511197817,59.953182334922019,-38.227973571536126,39,10080,45
p000225,r0013,11,3.4500000000000002,0.5,-59.893179446281508,60.071060080590129,0.53894031715431079,36,10125,45
p000226,r0017,17,4.6500000000000004,0.81999999999999995,-60.10071939923489,59.276344509635351,-39.062847895638242,40,10170,45
p000227,r0024,17,4.6500000000000004,0.17999999999999999,-96.146541688785476,67.911050107512523,37.93068358417888,40,10215,45
p000228,r0001,25,4.25,0.5,-60.615111997646594,60.381882750296057,0.33338537632473192,40,10260,45
p000229,r0005,7,3.4500000000000002,0.17999999999999999,-60.299474288813066,59.880393464083078,38.69801726856177,31,10305,45
p000230,r0012,11,3.8500000000000001,0.17999999999999999,-60.352412950577083,60.334420824240354,38.160790744773209,38,10350,45
p000231,r0027,17,3.8500000000000001,0.17999999999999999,-93.96208791538858,67.884679210680076,39.202261127987725,39,10395,45
p000232,r0022,17,1.8500000000000001,0.17999999999999999,-89.229481587873465,66.517980420582049,38.933437259060064,26,10440,45
p000233,r0010,11,1.45,0.5,-59.93411524689747,59.612983631692039,-0.61056580760271539,26,10485,45
p000234,r0026,25,3.0499999999999998,0.81999999999999995,-59.481461408699765,60.285401111972284,-37.473426154978789,40,10530,45
p000235,r0003,11,3.4500000000000002,0.81999999999999995,-68.677088888951573,101.02111890241386,-38.581411486505786,40,10575,45
p000236,r0014,7,3.4500000000000002,0.17999999999999999,-80.380948204658836,64.203371629624115,38.628194059453193,33,10620,45
p000237,r0025,17,3.0499999999999998,0.17999999999999999,-71.029074292085681,62.589777391626058,38.088384088557945,27,10665,45
p000238,r0018,25,1.8500000000000001,0.81999999999999995,-60.640058750489295,60.152922735685436,-38.447322082977834,26,10710,45
p000239,r0013,17,3.4500000000000002,0.17999999999999999,-93.281620237981343,67.639850462129374,39.123985736109447,33,10755,45
p000240,r0017,25,3.0499999999999998,0.81999999999999995,-59.405681300126481,60.008867527482039,-37.461062511156939,40,10800,45
p000241,r0015,11,3.0499999999999998,0.17999999999999999,-109.72749339552688,70.998391632168705,38.917732327183501,28,10845,45
p000242,r0000,17,3.0499999999999998,0.5,-60.123081736862865,60.476891972141381,0.62690511763925794,29,10890,45
p000243,r0018,17,4.6500000000000004,0.81999999999999995,-62.100323960262159,72.273149233987112,-38.363098785297282,40,10935,45
p000244,r0007,7,3.4500000000000002,0.17999999999999999,-101.17757764920773,68.391989165106622,37.419467138530038,33,10980,45
p000245,r0019,25,1.45,0.81999999999999995,-59.636403536338221,59.808088938480616,-37.686394890870822,26,11025,45
p000246,r0011,7,3.4500000000000002,0.81999999999999995,-67.856716408179182,94.641310108454803,-38.157071635185062,38,11070,45
p000247,r0007,17,2.6499999999999999,0.17999999999999999,-79.274787429455017,64.220623161969343,38.841449255512963,26,11115,45
p000248,r0009,11,1.45,0.17999999999999999,-60.27512363669161,59.78717331569166,37.72595986426267,26,11160,45
p000249,r0025,25,4.6500000000000004,0.17999999999999999,-60.229895658355794,60.001343756958761,38.809720662202146,40,11205,45
p000250,r0014,17,3.0499999999999998,0.17999999999999999,-75.631005776178952,63.119715367060842,37.694585561277677,27,11250,45
p000251,r0025,7,3.0499999999999998,0.81999999999999995,-60.155937103062804,60.213498433002179,-38.039438706571097,35,11295,45
p000252,r0026,11,2.6499999999999999,0.81999999999999995,-64.071413534364524,79.200342866790265,-37.832497382156646,32,11340,45
p000253,r0022,17,4.6500000000000004,0.17999999999999999,-126.61807598336669,74.292731449998541,38.578786111992805,40,11385,45
p000254,r0027,11,1.8500000000000001,0.5,-60.125400952367045,59.99648640750415,0.38554272756855285,26,11430,45
p000255,r0027,25,2.25,0.5,-60.314465405281631,59.928140541617459,-0.64316243183208566,26,11475,45
p000256,r0027,25,3.0499999999999998,0.81999999999999995,-65.981527543966749,86.40336499487195,-39.002246886975783,40,11520,45
p000257,r0015,25,4.25,0.81999999999999995,-61.17728440011642,66.052180581672232,-37.82598070339445,40,11565,45
p000258,r0021,7,3.4500000000000002,0.5,-59.840432483781456,59.936575404727904,-0.40192853952677582,35,11610,45
p000259,r0016,11,2.6499999999999999,0.5,-60.328398365172674,59.606653756134037,0.089127695480681279,27,11655,45
p000260,r0016,25,3.8500000000000001,0.81999999999999995,-65.48555917229379,84.615561961605891,-38.917357368191844,40,11700,45
p000261,r0007,7,2.6499999999999999,0.5,-59.278112267725668,60.39462172185339,0.10825472706386136,27,11745,45
p000262,r0024,25,2.6499999999999999,0.81999999999999995,-61.387766449183459,64.416023070740806,-39.193084335597092,31,11790,45
p000263,r0004,25,2.25,0.81999999999999995,-67.205988781340579,93.91069480121368,-38.65498573648081,26,11835,45
p000264,r0002,25,1.45,0.5,-60.363403557529878,59.860894942904295,0.19874569268720849,26,11880,45
p000265,r0004,11,3.4500000000000002,0.5,-59.68496870158647,59.703679982661896,-0.44064435946228714,36,11925,45
p000266,r0020,17,3.0499999999999998,0.5,-59.798748501867024,59.873264401928608,0.48725795003079214,29,11970,45
p000267,r0014,11,4.25,0.81999999999999995,-61.325261014915384,66.173414746412277,-38.825499377876397,40,12015,45
p000268,r0000,11,4.25,0.17999999999999999,-65.02628918526564,61.334801935508217,38.139805533768921,39,12060,45
p000269,r0003,11,3.4500000000000002,0.5,-60.439845813135761,59.663253979097789,-0.83829591701898631,36,12105,45
p000270,r0004,17,2.25,0.5,-59.95246566102211,59.864661893423111,0.40609811620050068,26,12150,45
p000271,r0007,7,3.4500000000000002,0.5,-60.420799649080855,60.522129652819807,0.5006650018694756,35,12195,45
p000272,r0028,7,3.0499999999999998,0.17999999999999999,-106.23252240908339,70.054480419194292,38.772819910104317,29,12240,45
p000273,r0024,7,4.25,0.5,-60.166678906910974,59.997722007703075,0.36552155039605055,39,12285,45
p000274,r0005,11,2.6499999999999999,0.17999999999999999,-60.412594726861485,59.837926261993005,38.6428324839992,26,12330,45
p000275,r0012,17,2.25,0.5,-59.371966740442744,61.082584825946768,0.40530904275201179,26,12375,45
p000276,r0017,11,2.25,0.81999999999999995,-59.805885755750097,59.641602843995969,-37.855337807795792,27,12420,45
p000277,r0018,17,1.45,0.17999999999999999,-59.752182753731368,59.944407879460442,38.84902156548592,26,12465,45
p000278,r0016,25,3.4500000000000002,0.17999999999999999,-60.439610720378155,60.384428763767005,39.086101656620883,33,12510,45
p000279,r0010,17,4.6500000000000004,0.17999999999999999,-77.246724172072163,63.540188969610519,37.748544604107636,40,12555,45
p000280,r0017,7,3.0499999999999998,0.17999999999999999,-72.803425861180799,62.853845222216918,37.985536427205332,30,12600,45
p000281,r0005,11,4.25,0.5,-59.417653973486544,59.72730403918397,-0.29517496715128716,40,12645,45
p000282,r0007,25,3.0499999999999998,0.17999999999999999,-85.868247662888919,65.011910550148002,38.303482071801362,26,12690,45
p000283,r0023,11,2.6499999999999999,0.17999999999999999,-89.95796438490791,66.588584969278116,37.960206085524632,27,12735,45
p000284,r0007,17,2.6499999999999999,0.81999999999999995,-63.724798271516306,75.40826761678926,-39.130846411621306,31,12780,45
p000285,r0005,11,1.45,0.17999999999999999,-108.46247579505059,70.454188164850009,38.699188652067903,26,12825,45
p000286,r0024,11,2.25,0.81999999999999995,-60.180304141639965,60.830581673499893,-38.848344694914786,27,12870,45
p000287,r0015,17,3.0499999999999998,0.81999999999999995,-63.666684849118234,74.805906581729801,-38.291618391565578,39,12915,45
p000288,r0000,7,3.0499999999999998,0.5,-60.395248797361134,59.90055186626131,-0.69734846554991203,32,12960,45
p000289,r0003,11,1.8500000000000001,0.5,-59.932996563463753,60.074518987832754,0.52076121218450022,26,13005,45
p000290,r0010,17,3.4500000000000002,0.81999999999999995,-79.740832579164504,150.84236593308168,-37.785856846960186,40,13050,45
p000291,r0002,25,4.6500000000000004,0.17999999999999999,-59.88989375466268,60.677524679019726,39.425389360956899,40,13095,45
p000292,r0016,7,1.8500000000000001,0.17999999999999999,-83.245714239213214,64.707313656311541,38.525768635117089,26,13140,45
p000293,r0005,11,3.8500000000000001,0.5,-59.81960635946659,59.61946610789353,0.34992987421346983,39,13185,45
p000294,r0025,17,1.8500000000000001,0.17999999999999999,-91.801011802641554,67.576824688327775,38.438814119953292,26,13230,45
p000295,r0021,11,1.8500000000000001,0.81999999999999995,-60.99199602774025,60.170009058451278,-38.732835112225764,26,13275,45
p000296,r0024,25,3.8500000000000001,0.81999999999999995,-64.806350217387958,78.22614211253449,-39.510501598001909,40,13320,45
p000297,r0019,25,2.6499999999999999,0.17999999999999999,-74.708024621316753,63.606892877486288,39.160207727701746,26,13365,45
p000298,r0004,7,1.8500000000000001,0.81999999999999995,-60.035113293728216,60.60733702612027,-38.769472236155487,27,13410,45
p000299,r0026,17,3.0499999999999998,0.5,-60.194245262285641,60.318333079648546,-0.38795609131854719,29,13455,45
p000300,r0013,7,2.6499999999999999,0.17999999999999999,-61.271301701475998,60.456355906089961,38.995377536728093,27,13500,45
p000301,r0024,25,1.8500000000000001,0.5,-59.799270442916693,59.900764743267999,0.50074715017565263,26,13545,45
p000302,r0003,25,2.25,0.17999999999999999,-84.719049638851757,64.862494052711924,38.38781618823046,26,13590,45
p000303,r0016,17,3.0499999999999998,0.17999999999999999,-60.103796064455864,59.954793252382245,38.794247175351387,27,13635,45
p000304,r0016,11,4.6500000000000004,0.81999999999999995,-62.525390562708445,71.945853752560453,-37.870566585960034,40,13680,45
p000305,r0023,25,3.0499999999999998,0.81999999999999995,-82.927894286822863,164.77987647524546,-37.890495549650538,40,13725,45
p000306,r0001,11,1.8500000000000001,0.5,-60.404923789142508,59.148660577956868,-0.1781316055928201,26,13770,45
p000307,r0004,11,4.6500000000000004,0.5,-60.176950527602585,59.58292241212429,-0.74701405773914753,40,13815,45
p000308,r0006,17,3.0499999999999998,0.81999999999999995,-75.137862991223258,129.825894574236,-38.694386629440586,39,13860,45
p000309,r0027,17,4.6500000000000004,0.81999999999999995,-63.081852654212966,72.10774006133704,-39.197725965413966,40,13905,45
p000310,r0010,17,1.45,0.81999999999999995,-59.82241304752128,60.238656785582371,-37.761420477562616,26,13950,45
p000311,r0020,7,3.8500000000000001,0.81999999999999995,-60.817344429564258,61.872822177385679,-38.283114440313248,39,13995,45
p000312,r0024,25,3.4500000000000002,0.17999999999999999,-59.923895229639164,59.925314301061107,37.902456585535056,33,14040,45
p000313,r0007,17,4.25,0.5,-59.879452467145931,59.999662412922397,-0.38989502711176699,40,14085,45
p000314,r0003,25,1.8500000000000001,0.17999999999999999,-81.297314541597061,65.384308981004295,39.431616746936058,26,14130,45
p000315,r0025,17,1.8500000000000001,0.81999999999999995,-60.214282163599549,60.176740434154894,-38.093898096003741,26,14175,45
p000316,r0009,11,3.8500000000000001,0.81999999999999995,-68.003784933540985,94.219036882676392,-38.353677006621851,40,14220,45
p000317,r0002,17,4.25,0.17999999999999999,-113.39613662085502,72.069084574648457,39.13534475945783,40,14265,45
p000318,r0027,17,3.0499999999999998,0.81999999999999995,-60.065703740344077,60.440669070896142,-38.824556634320835,39,14310,45
p000319,r0024,11,3.4500000000000002,0.17999999999999999,-106.54161599819008,69.710144602282355,38.434827694197324,33,14355,45
p000320,r0023,17,3.4500000000000002,0.5,-59.687011955833668,59.915781726485193,0.56438488532576225,37,14400,45
p000321,r0012,25,2.25,0.17999999999999999,-84.493794960333346,65.089937953523986,37.714866029029665,26,14445,45
p000322,r0011,17,1.45,0.5,-60.120386114246884,59.878161916355637,-0.57111209894562331,26,14490,45
p000323,r0020,11,1.8500000000000001,0.81999999999999995,-62.206843781181149,69.413643310770098,-38.965156104629926,26,14535,45
p000324,r0020,11,1.8500000000000001,0.5,-60.068596673732856,59.810965100552352,-0.5788157865902519,26,14580,45
p000325,r0011,17,1.8500000000000001,0.17999999999999999,-59.74271315704155,59.176928899581966,37.321393329389736,26,14625,45
p000326,r0020,25,4.6500000000000004,0.81999999999999995,-62.691008106667951,74.43662814218537,-38.458033581874346,40,14670,45
p000327,r0000,11,4.6500000000000004,0.5,-59.846483498374013,60.283775632872675,0.66864606724933107,40,14715,45
p000328,r0014,25,3.4500000000000002,0.17999999999999999,-93.261795389875999,67.221171191176239,38.784237206586837,33,14760,45
p000329,r0004,11,1.8500000000000001,0.5,-59.900958913794746,60.011922285761351,-0.39451831401669751,26,14805,45
p000330,r0013,25,3.4500000000000002,0.17999999999999999,-59.967266187486103,59.588959084442422,37.618838535495286,34,14850,45
p000331,r0006,17,3.4500000000000002,0.17999999999999999,-60.183034697283489,60.052508247463301,37.960110517408879,33,14895,45
p000332,r0027,25,4.6500000000000004,0.81999999999999995,-60.790019700962617,62.026766661101604,-39.132998155791057,40,14940,45
p000333,r0010,7,2.6499999999999999,0.5,-60.156419537061012,60.231774716423431,0.48767758968120917,29,14985,45
p000334,r0002,7,4.6500000000000004,0.17999999999999999,-72.958906297297872,63.319943874052427,38.339750843209373,39,15030,45
p000335,r0016,25,2.6499999999999999,0.17999999999999999,-82.477921965133177,64.544649620748615,38.530586735289901,26,15075,45
p000336,r0005,11,1.45,0.81999999999999995,-60.004910745669392,60.591129001476972,-37.847623591183037,26,15120,45
p000337,r0022,25,1.45,0.5,-59.678667522246755,59.710446267680666,0.46588937271695557,26,15165,45
p000338,r0008,25,3.0499999999999998,0.81999999999999995,-59.767607588755368,60.009501377800596,-37.757727974775285,40,15210,45
p000339,r0015,7,2.6499999999999999,0.5,-59.918855048854482,59.396371240646843,0.18875809589618059,28,15255,45
p000340,r0011,11,2.25,0.17999999999999999,-67.746700084913201,61.58391984380512,38.754408256635827,26,15300,45
p000341,r0001,7,3.4500000000000002,0.5,-59.784324466253658,60.856611274280162,0.086143404013252212,35,15345,45
p000342,r0005,7,3.0499999999999998,0.81999999999999995,-66.020486611702381,86.708150110048081,-38.979332001787299,35,15390,45
p000343,r0018,25,3.0499999999999998,0.17999999999999999,-60.680790522298729,59.790397732143774,37.655583846344122,26,15435,45
p000344,r0021,17,2.6499999999999999,0.17999999999999999,-82.286769934216437,64.653554699181058,38.654296265169513,26,15480,45
p000345,r0015,25,1.8500000000000001,0.81999999999999995,-64.265363313550836,80.204198146825121,-38.710842250683157,26,15525,45
p000346,r0010,17,1.45,0.17999999999999999,-65.36212129427571,61.186967957525759,38.858131892201499,26,15570,45
p000347,r0027,25,4.25,0.81999999999999995,-59.929161610499108,59.281739662583306,-38.921199381344266,40,15615,45
p000348,r0020,17,3.4500000000000002,0.17999999999999999,-140.42817798792902,77.972438759839264,39.11032774524098,33,15660,45
p000349,r0000,7,4.6500000000000004,0.81999999999999995,-60.450776629551058,60.168935960900029,-38.289228363269856,40,15705,45
p000350,r0017,7,1.8500000000000001,0.17999999999999999,-79.333916297745532,64.172120712404961,38.791034050577878,26,15750,45
p000351,r0019,25,1.8500000000000001,0.5,-60.178419070695284,59.821596529174897,0.27158872923980654,26,15795,45
p000352,r0002,7,1.8500000000000001,0.5,-60.041659063913535,59.763477898980504,0.31090941753348461,26,15840,45
p000353,r0014,17,1.8500000000000001,0.17999999999999999,-86.322242449492975,66.33534834897003,39.306982005246695,26,15885,45
p000354,r0012,7,3.8500000000000001,0.81999999999999995,-69.64648698371964,105.08601940126646,-38.644635834422132,39,15930,45
p000355,r0014,7,3.4500000000000002,0.81999999999999995,-65.875375163729871,88.627896367145809,-37.61478628817224,39,15975,45
p000356,r0001,25,2.6499999999999999,0.81999999999999995,-66.530928110228359,85.13751684903707,-39.680608017560573,30,16020,45
p000357,r0013,25,4.6500000000000004,0.17999999999999999,-100.26436332742186,68.726524473887636,38.758164669651933,40,16065,45
p000358,r0015,11,1.8500000000000001,0.5,-59.577807164185707,60.435739489417365,-0.021033837384170806,26,16110,45
p000359,r0023,7,4.6500000000000004,0.17999999999999999,-59.870088529767635,59.633139212403997,38.572558218813107,39,16155,45
p000360,r0022,11,4.25,0.81999999999999995,-59.720094462228857,60.018769074431546,-37.717099025629977,40,16200,45
p000361,r0012,11,3.0499999999999998,0.5,-59.834624172680101,60.008722346914077,-0.36295091288301223,29,16245,45
p000362,r0019,11,4.6500000000000004,0.5,-59.730241590452124,59.902612910787525,0.53618566016770042,40,16290,45
p000363,r0024,25,1.45,0.5,-59.850904644673662,59.38790619973004,-0.68149922247181105,26,16335,45
p000364,r0021,11,2.25,0.5,-59.893552129958351,59.566967608974181,0.286707739507915,26,16380,45
p000365,r0007,11,3.4500000000000002,0.5,-59.741455794232522,59.56831505059283,-0.53657037181984601,35,16425,45
p000366,r0006,25,3.0499999999999998,0.17999999999999999,-77.000390830209255,63.532443570643935,38.686533378490367,26,16470,45
p000367,r0009,11,2.25,0.5,-60.41670877099147,60.112387666534239,0.29783944777138488,26,16515,45
p000368,r0005,17,2.6499999999999999,0.17999999999999999,-93.725910877600612,67.94074793263637,39.290749346793717,26,16560,45
p000369,r0022,11,4.6500000000000004,0.81999999999999995,-66.03884998287846,85.732188071367148,-38.270063133114235,40,16605,45
p000370,r0017,17,1.45,0.81999999999999995,-60.273693085964474,60.15753120581585,-39.046072713444012,26,16650,45
p000371,r0009,7,2.25,0.81999999999999995,-68.962785820559688,100.84031956390876,-38.848226851355363,30,16695,45
p000372,r0015,11,2.25,0.5,-60.096756489993524,60.105659147786227,0.45445132889635148,26,16740,45
p000373,r0009,7,3.0499999999999998,0.81999999999999995,-64.008706876811985,78.335275016838878,-37.936790135954823,35,16785,45
p000374,r0023,11,4.25,0.5,-59.732669905939439,59.8200979423221,0.49371401819133071,40,16830,45
p000375,r0008,25,3.0499999999999998,0.17999999999999999,-76.786289982081769,64.097679180175021,38.288564730968801,26,16875,45
p000376,r0008,11,2.6499999999999999,0.17999999999999999,-59.738557742289885,59.684845918035073,38.638633259176586,26,16920,45
p000377,r0020,17,1.45,0.81999999999999995,-64.146724331177083,78.27820390751144,-38.960237248213147,26,16965,45
p000378,r0002,25,2.25,0.17999999999999999,-60.049534180205683,60.022097362534488,38.859203684841262,26,17010,45
p000379,r0027,7,4.6500000000000004,0.81999999999999995,-60.455973923935247,63.592438726238875,-37.677259646903899,40,17055,45
p000380,r0000,17,3.4500000000000002,0.81999999999999995,-68.192166775289309,96.1558712994958,-39.05951992182797,40,17100,45
p000381,r0004,17,2.6499999999999999,0.5,-60.036395091776441,60.494799417599609,-0.22079783708841633,26,17145,45
p000382,r0019,7,3.8500000000000001,0.17999999999999999,-59.681241997437048,59.987455528993117,38.897089974235691,36,17190,45
p000383,r0023,17,4.6500000000000004,0.17999999999999999,-71.063296555729664,61.875097404239554,38.396186491445093,40,17235,45
p000384,r0004,11,1.45,0.81999999999999995,-61.556547084517618,65.445987692062459,-39.146090824733207,26,17280,45
p000385,r0010,17,3.0499999999999998,0.5,-59.929670742508002,59.972200792164706,-0.42873497517164766,28,17325,45
p000386,r0007,11,3.8500000000000001,0.5,-59.785954771867111,60.165885832068199,0.6399655301005438,39,17370,45
p000387,r0014,25,4.6500000000000004,0.81999999999999995,-60.245074418326411,59.98313911050937,-39.053995983135962,40,17415,45
p000388,r0013,11,4.6500000000000004,0.81999999999999995,-60.84433466568413,63.936535589233898,-37.933778019798879,40,17460,45
p000389,r0021,25,2.25,0.5,-60.260141919576711,60.15581550289275,0.39783679165801972,26,17505,45
p000390,r0011,11,2.6499999999999999,0.5,-59.81627249221588,59.670098486373838,0.37691299707897913,27,17550,45
p000391,r0026,17,3.4500000000000002,0.81999999999999995,-65.107152677887598,81.8343036121544,-39.107690545680029,40,17595,45
p000392,r0003,7,3.0499999999999998,0.5,-59.315730083141013,60.309273545964224,0.046771731411605788,31,17640,45
p000393,r0002,11,4.6500000000000004,0.17999999999999999,-59.900968741049994,59.658285457386654,37.687619701668055,40,17685,45
p000394,r0012,7,1.8500000000000001,0.81999999999999995,-65.514160150175968,84.95132008863817,-38.88037370718942,27,17730,45
p000395,r0022,25,2.6499999999999999,0.5,-59.912146916944486,60.334190860955523,-0.23897802799448159,26,17775,45
p000396,r0011,11,4.6500000000000004,0.5,-59.819034000144597,60.409967118055704,0.74546655895555314,40,17820,45
p000397,r0027,17,2.6499999999999999,0.17999999999999999,-83.266493268179872,65.139541178541933,37.976454978132011,26,17865,45
p000398,r0028,11,3.0499999999999998,0.17999999999999999,-67.863351505012076,62.467275473299033,39.457762617203038,27,17910,45
p000399,r0015,25,2.25,0.81999999999999995,-61.086658924207462,64.238780225143188,-38.978079877324333,26,17955,45
p000400,r0024,25,2.25,0.5,-60.098279161827911,59.957249971569418,0.3794854048707535,26,18000,45
p000401,r0011,17,1.8500000000000001,0.81999999999999995,-61.612726890298582,67.562583467386503,-38.811171025915257,26,18045,45
p000402,r0020,17,2.6499999999999999,0.81999999999999995,-63.480718431208537,76.02679731281151,-38.819365597284929,31,18090,45
p000403,r0021,7,2.6499999999999999,0.81999999999999995,-68.258816450573207,98.313433077768678,-37.825811535471658,33,18135,45
p000404,r0012,25,4.25,0.81999999999999995,-60.000335843248166,60.591920714772492,-37.843729662804442,40,18180,45
p000405,r0000,11,4.6500000000000004,0.81999999999999995,-60.053639005697889,59.898327517943571,-38.912285031442423,40,18225,45
p000406,r0007,25,2.25,0.5,-59.890772076485632,59.638811276558528,-0.57598039996355221,26,18270,45
p000407,r0011,17,2.25,0.5,-59.988810989097871,59.894907434546823,-0.49695177727552392,26,18315,45
p000408,r0025,17,4.25,0.17999999999999999,-74.723007967752906,63.669328666471742,38.308708072311305,40,18360,45
p000409,r0008,25,3.8500000000000001,0.17999999999999999,-74.783052748650164,63.164038250870789,38.783561870957023,40,18405,45
p000410,r0003,17,3.4500000000000002,0.17999999999999999,-59.760932445581069,59.617411026307494,38.57930920136755,34,18450,45
p000411,r0008,25,4.25,0.5,-59.683086961219985,59.995117481660927,0.60601526022047092,40,18495,45
p000412,r0015,25,3.0499999999999998,0.17999999999999999,-60.497297862261959,59.685415786688068,37.602527329877063,26,18540,45
p000413,r0028,17,1.8500000000000001,0.5,-60.231200413084565,59.889405243328014,0.27910241512172435,26,18585,45
p000414,r0000,17,2.25,0.5,-60.244925210238939,60.196514283534874,0.42579453664796746,26,18630,45
p000415,r0001,11,2.6499999999999999,0.5,-60.007719225819415,60.259352007275794,-0.32418360927181028,27,18675,45
p000416,r0026,17,3.4500000000000002,0.5,-59.424816042682856,59.139305105640126,0.30724453147863501,38,18720,45
p000417,r0025,25,2.25,0.81999999999999995,-61.868984132740749,68.748854146703465,-37.907773242440783,26,18765,45
p000418,r0006,11,1.45,0.81999999999999995,-59.354170799715945,59.956726759405555,-37.428209239074064,26,18810,45
p000419,r0007,7,2.6499999999999999,0.17999999999999999,-65.874555668416249,61.748960452313071,39.226727550581799,27,18855,45
p000420,r0019,11,4.25,0.17999999999999999,-127.70488194035086,74.487121872492963,38.542561186181075,39,18900,45
p000421,r0013,25,1.45,0.5,-60.154027720825148,60.571273783572401,-0.24137696862637342,26,18945,45
p000422,r0028,17,3.4500000000000002,0.17999999999999999,-93.241382616653553,66.947579270187958,38.563566130556488,34,18990,45
p000423,r0006,11,2.25,0.5,-60.838842855975138,60.228432505869996,-0.75520517505257057,26,19035,45
p000424,r0003,7,4.6500000000000004,0.5,-60.345744370161853,59.332563989741899,-0.056590190209976743,40,19080,45
p000425,r0013,25,4.25,0.81999999999999995,-60.38575616501214,59.648961406858938,-39.229507002075344,40,19125,45
p000426,r0001,11,2.25,0.5,-59.874828253691582,59.846085643200674,-0.46437130524545439,26,19170,45
p000427,r0008,25,4.25,0.17999999999999999,-143.09771940367079,77.947694777393565,38.609520224801983,40,19215,45
p000428,r0016,25,2.25,0.5,-59.824492739147729,60.636933423198471,0.8562203420253709,26,19260,45
p000429,r0017,17,2.25,0.5,-59.783816864865734,60.106569526722247,-0.28862366907174392,26,19305,45
p000430,r0002,25,3.8500000000000001,0.81999999999999995,-68.859327335135788,100.99855799929034,-37.834907974939071,40,19350,45
p000431,r0013,17,3.0499999999999998,0.5,-59.975639062872723,60.343049010715696,0.63370497392148617,29,19395,45
p000432,r0017,25,4.6500000000000004,0.17999999999999999,-100.35875452543695,68.507519162864767,37.661589898970462,40,19440,45
p000433,r0000,17,1.45,0.17999999999999999,-67.991159495530994,61.501977397019061,37.743212756360052,26,19485,45
p000434,r0002,25,4.6500000000000004,0.81999999999999995,-59.859986311392475,60.167085427424617,-37.805113398405389,40,19530,45
p000435,r0005,17,2.25,0.81999999999999995,-61.830810475129297,68.536216228499001,-37.914745668476201,26,19575,45
p000436,r0014,17,3.4500000000000002,0.5,-60.139006343778199,59.607869249039219,0.18443145263050981,38,19620,45
p000437,r0026,7,3.4500000000000002,0.5,-60.382240217589207,59.880515767438418,-0.70086222507539442,35,19665,45
p000438,r0024,11,3.8500000000000001,0.81999999999999995,-59.961013993939503,60.063246215332086,-37.906647156270608,40,19710,45
p000439,r0000,7,1.8500000000000001,0.5,-59.4815824299491,59.988295016334632,0.70335629319276616,26,19755,45
p000440,r0025,25,3.4500000000000002,0.81999999999999995,-64.033573611842655,78.89032216226633,-38.757272372503039,40,19800,45
p000441,r0000,11,4.25,0.5,-60.153138353960735,60.275550122822246,-0.38879411556924454,40,19845,45
p000442,r0019,17,3.0499999999999998,0.17999999999999999,-60.076850844145817,59.893958330385075,38.749212678969513,27,19890,45
p000443,r0012,11,2.6499999999999999,0.17999999999999999,-60.080698130208596,59.768499985772671,38.645644324896047,26,19935,45
p000444,r0016,7,3.8500000000000001,0.17999999999999999,-86.088054297518596,65.529694923248783,38.688500063510659,35,19980,45
p000445,r0012,11,4.25,0.5,-60.002947255380256,59.845497949615527,-0.52872465288236437,40,20025,45
p000446,r0007,11,1.45,0.81999999999999995,-63.10534927190605,71.568395374071031,-39.31407523563017,26,20070,45
p000447,r0000,11,4.25,0.81999999999999995,-61.453468344840267,68.343081774523739,-37.640089323354744,40,20115,45
p000448,r0019,25,1.8500000000000001,0.17999999999999999,-84.350732143660153,65.666969381611679,38.213783107062753,26,20160,45
p000449,r0012,7,4.6500000000000004,0.81999999999999995,-60.131779566646657,60.568217593656499,-38.85578007779209,40,20205,45
p000450,r0017,17,2.6499999999999999,0.81999999999999995,-62.128234796958694,69.75480638196882,-37.939287384751722,31,20250,45
p000451,r0024,11,1.45,0.17999999999999999,-60.322748309848286,60.574445194925012,39.262950364065823,26,20295,45
p000452,r0017,11,2.6499999999999999,0.17999999999999999,-109.22206123612642,70.606370223458129,38.687252560732915,26,20340,45
p000453,r0026,17,2.25,0.17999999999999999,-67.719080517791525,61.693878935136567,38.849546233609516,26,20385,45
p000454,r0019,11,3.0499999999999998,0.17999999999999999,-72.924245522038987,63.002853839373657,38.985975954319386,28,20430,45
p000455,r0022,11,3.4500000000000002,0.81999999999999995,-59.850329449478494,60.315564563384363,-38.670468527163173,40,20475,45
p000456,r0014,25,2.25,0.17999999999999999,-88.490400394435341,66.447975346430582,38.109067713074715,26,20520,45
p000457,r0026,7,2.25,0.5,-59.676793902686526,59.558992495007473,0.3910992961604734,27,20565,45
p000458,r0013,17,1.8500000000000001,0.81999999999999995,-60.091086733997173,59.682302028788854,-38.081876756695678,26,20610,45
p000459,r0017,7,2.25,0.17999999999999999,-60.208665938875086,60.531221435011467,38.348041707711886,27,20655,45
p000460,r0025,7,2.6499999999999999,0.81999999999999995,-67.240021370875539,93.736116382590538,-37.814316575251638,32,20700,45
p000461,r0024,25,1.45,0.17999999999999999,-60.344156799220912,59.999909003392276,38.787977158921905,26,20745,45
p000462,r0000,17,3.8500000000000001,0.81999999999999995,-59.953188705055865,59.957264504978859,-37.919307127249603,40,20790,45
p000463,r0010,7,3.4500000000000002,0.17999999999999999,-59.700055547510559,59.796917265684542,38.73746215930943,34,20835,45
p000464,r0008,17,4.25,0.81999999999999995,-60.285748217237966,59.2112748366144,-39.226284067544533,40,20880,45
p000465,r0028,25,1.8500000000000001,0.81999999999999995,-73.307333227478523,115.87782852756652,-39.704004111570399,26,20925,45
p000466,r0002,7,1.45,0.5,-60.041084760265619,59.961806296008433,-0.489639232128593,26,20970,45
p000467,r0017,7,1.8500000000000001,0.5,-59.86166800428056,60.138269583637921,0.58830078967868071,26,21015,45
p000468,r0013,7,3.4500000000000002,0.81999999999999995,-60.940433892449555,64.943623732636155,-37.831303519934124,38,21060,45
p000469,r0027,17,3.4500000000000002,0.17999999999999999,-86.11518605531937,65.793087811587014,37.999598515543866,33,21105,45
p000470,r0012,11,3.4500000000000002,0.17999999999999999,-60.041516322511129,60.554545549850673,38.397254412825546,33,21150,45
p000471,r0018,17,4.25,0.81999999999999995,-61.274343765787307,67.240804685098453,-38.591617044627867,40,21195,45
p000472,r0025,11,3.4500000000000002,0.5,-60.39421655850127,59.843561496843009,0.17467246917086926,36,21240,45
p000473,r0026,17,1.8500000000000001,0.81999999999999995,-60.020430964273331,59.718290132025274,-38.917461166939574,26,21285,45
p000474,r0003,25,2.25,0.5,-59.858335476457185,59.856934058857377,-0.45070070879990426,26,21330,45
p000475,r0027,17,4.25,0.17999999999999999,-60.378417579633677,60.107253595758337,37.969832784187773,40,21375,45
p000476,r0008,7,4.25,0.17999999999999999,-59.896692070716227,59.69749212139844,38.620538966817804,38,21420,45
p000477,r0022,11,1.8500000000000001,0.5,-59.605545669482972,60.573410549103819,0.93393243981042384,26,21465,45
p000478,r0011,11,3.0499999999999998,0.81999999999999995,-76.975078816025643,137.75993249172697,-37.872776780630161,38,21510,45
p000479,r0013,17,4.25,0.81999999999999995,-72.27273936039731,114.29166750897058,-39.141146123911085,40,21555,45
p000480,r0020,25,3.8500000000000001,0.81999999999999995,-60.235799531064004,61.682585965530087,-37.840490141677058,40,21600,45
p000481,r0023,17,4.6500000000000004,0.5,-59.775201831664276,60.288784724764469,0.70679144655009618,40,21645,45
p000482,r0024,17,2.6499999999999999,0.5,-60.032790219494267,60.680901099030258,-0.12594456023200423,26,21690,45
p000483,r0007,11,2.6499999999999999,0.5,-59.949097768113958,59.980576960046747,-0.43426040403360561,27,21735,45
p000484,r0007,11,1.8500000000000001,0.17999999999999999,-100.32814366010676,68.458661123093648,38.527036262117576,26,21780,45
p000485,r0028,7,4.25,0.81999999999999995,-60.586458043864994,60.226579339517976,-38.39011131485605,40,21825,45
p000486,r0028,25,4.6500000000000004,0.81999999999999995,-59.485833506640105,60.571668427153853,-38.325483158557191,40,21870,45
p000487,r0026,7,2.6499999999999999,0.5,-60.340643487487355,59.919080618403299,-0.66078143454202798,29,21915,45
p000488,r0027,7,3.8500000000000001,0.5,-59.804093885659867,60.008291051827598,0.55209858308386539,37,21960,45
p000489,r0008,11,3.8500000000000001,0.81999999999999995,-60.03623250752203,60.398620038335729,-38.80795904926763,40,22005,45
p000490,r0003,17,3.4500000000000002,0.81999999999999995,-81.058820054356715,153.00168772165236,-39.377928654675074,40,22050,45
p000491,r0013,25,2.25,0.17999999999999999,-78.622264105961932,63.46131118891627,38.336267635838198,26,22095,45
p000492,r0026,7,3.8500000000000001,0.81999999999999995,-68.933522557455802,101.17244643977425,-37.864448137954383,39,22140,45
p000493,r0017,11,1.45,0.5,-60.878491751079565,59.679676935163513,-1.0494074079580258,26,22185,45
p000494,r0022,17,2.25,0.5,-59.510966462157867,60.477670218224944,0.93335187803353814,26,22230,45
p000495,r0019,25,3.8500000000000001,0.5,-59.839006281033697,60.090033062752532,-0.32448660914058253,40,22275,45
p000496,r0023,17,1.45,0.5,-59.959556536032437,59.804330774779459,-0.52761288062648926,26,22320,45
p000497,r0020,11,3.4500000000000002,0.81999999999999995,-63.254148770634181,73.059013181076267,-38.267779619326291,40,22365,45
p000498,r0021,25,3.0499999999999998,0.81999999999999995,-60.933631510172042,63.87037464961022,-38.018910401411226,40,22410,45
p000499,r0001,25,2.6499999999999999,0.5,-60.294260518390139,60.278032311034671,-0.45811410367773392,26,22455,45
p000500,r0027,7,4.6500000000000004,0.5,-59.777382989450999,59.995947399045292,-0.34071779520285334,40,22500,45
p000501,r0004,25,1.45,0.5,-60.294045728299842,59.808088816148732,-0.69297845607555497,26,22545,45
p000502,r0007,7,3.0499999999999998,0.17999999999999999,-62.394361780744234,60.679306442558726,38.076046162364193,29,22590,45
p000503,r0015,17,4.6500000000000004,0.5,-59.662570999112937,60.487043023557369,-0.037763987777783836,40,22635,45
p000504,r0028,7,3.8500000000000001,0.5,-59.580373611814146,59.886671422437068,-0.29685109468853882,38,22680,45
p000505,r0021,17,1.8500000000000001,0.17999999999999999,-64.682331906038783,60.928956634323242,37.868924697058077,26,22725,45
p000506,r0004,17,3.8500000000000001,0.81999999999999995,-60.150586589588073,59.90482702814527,-38.090612138396061,40,22770,45
p000507,r0028,25,2.25,0.5,-59.393768451980989,60.230029839040739,-0.031869306470125036,26,22815,45
p000508,r0000,17,4.25,0.5,-59.894322937355618,60.159958410694166,0.58281773666927417,40,22860,45
p000509,r0000,11,3.8500000000000001,0.81999999999999995,-60.038816299992263,59.497588288211396,-38.9722634741156,40,22905,45
p000510,r0021,11,2.6499999999999999,0.17999999999999999,-62.422029494018972,60.738076580316459,39.019257486936084,26,22950,45
p000511,r0016,11,2.25,0.5,-60.627061509554657,59.834490326316235,-0.84628559161921113,26,22995,45
p000512,r0010,17,2.25,0.5,-60.38600432265239,59.874834091968147,-0.70558511534212154,26,23040,45
p000513,r0002,11,3.0499999999999998,0.81999999999999995,-59.540302809039275,59.860426918560073,-37.598171458071384,38,23085,45
p000514,r0013,17,2.6499999999999999,0.5,-59.774335308278204,60.026770926608386,-0.32378219083490906,26,23130,45
p000515,r0019,25,3.4500000000000002,0.81999999999999995,-59.704942740247503,59.835875817409921,-37.737595399869157,40,23175,45
p000516,r0001,7,1.8500000000000001,0.17999999999999999,-59.55354202867926,60.096370673746229,38.109386387309641,26,23220,45
p000517,r0011,17,3.0499999999999998,0.17999999999999999,-60.067146119022539,59.390660161337628,38.338255030872801,27,23265,45
p000518,r0008,11,2.25,0.5,-60.366615276335679,59.78146940770057,0.1574270656824453,26,23310,45
p000519,r0005,11,1.8500000000000001,0.17999999999999999,-59.668179050906048,59.683396936838918,37.750113259044824,26,23355,45
p000520,r0023,17,3.4500000000000002,0.81999999999999995,-67.280971521564823,92.141210113176015,-39.034978827311463,40,23400,45
p000521,r0013,25,3.8500000000000001,0.17999999999999999,-59.779617295209547,60.610879309608769,39.390589920741476,40,23445,45
p000522,r0008,11,4.6500000000000004,0.81999999999999995,-59.847852764688795,59.830190962358678,-38.755804893820248,40,23490,45
p000523,r0003,11,4.6500000000000004,0.81999999999999995,-67.015100171635027,91.379754383069027,-38.954026351788315,40,23535,45
p000524,r0023,17,1.45,0.17999999999999999,-74.371561412242585,63.021161187451931,38.740471119506921,26,23580,45
p000525,r0006,11,2.6499999999999999,0.5,-60.14875661109177,59.974675808317969,-0.53704040138690057,27,23625,45
p000526,r0013,7,1.45,0.81999999999999995,-60.455054028655283,59.96563317925991,-39.229330331230543,26,23670,45
p000527,r0007,17,1.8500000000000001,0.81999999999999995,-63.831501936513725,77.659097679953348,-37.913194005549641,26,23715,45
p000528,r0013,25,3.4500000000000002,0.81999999999999995,-60.224981354147332,59.495640046635167,-38.225269502006476,40,23760,45
p000529,r0002,25,1.45,0.17999999999999999,-106.08085948095156,69.938927916051739,38.705366184591142,26,23805,45
p000530,r0023,17,3.0499999999999998,0.5,-60.078962873251328,59.741991409508927,-0.61848573187120048,29,23850,45
p000531,r0002,17,4.25,0.5,-59.792477357228265,60.718832421928099,0.013177532349916976,40,23895,45
p000532,r0017,11,1.8500000000000001,0.81999999999999995,-66.691995358604046,93.122832858617329,-38.375326279504193,26,23940,45
p000533,r0011,25,1.8500000000000001,0.81999999999999995,-59.859050934884948,60.246483651023439,-37.790054709421426,26,23985,45
p000534,r0015,11,4.25,0.5,-59.953305609698333,59.447357178140848,0.19702578422125755,40,24030,45
p000535,r0004,11,1.8500000000000001,0.17999999999999999,-102.66717941784054,69.48005578444176,38.043553448030949,26,24075,45
p000536,r0028,7,3.4500000000000002,0.81999999999999995,-60.992663434433268,66.147201235574016,-38.557487793831953,38,24120,45
p000537,r0024,17,3.4500000000000002,0.81999999999999995,-63.525798969565095,76.716264262498839,-38.732227587793588,40,24165,45
p000538,r0016,25,3.4500000000000002,0.81999999999999995,-64.49410699337362,80.288683884609156,-38.883204635336725,40,24210,45
p000539,r0000,25,4.25,0.81999999999999995,-63.662462678567536,75.609229229806516,-38.143558135060204,40,24255,45
p000540,r0013,25,2.25,0.81999999999999995,-65.134943063589049,80.871686912766393,-38.403749667845062,26,24300,45
p000541,r0028,7,3.4500000000000002,0.17999999999999999,-59.640004451395484,59.553008270733287,38.548265980750116,32,24345,45
p000542,r0028,25,3.8500000000000001,0.5,-60.711524700494913,60.827955423998965,-0.39178463824797377,40,24390,45
p000543,r0012,25,3.0499999999999998,0.5,-59.93542962307874,60.517691793529643,0.74113108522545157,28,24435,45
p000544,r0002,11,2.25,0.17999999999999999,-81.409001695550998,64.618893430928097,37.883872308161855,26,24480,45
p000545,r0024,7,4.6500000000000004,0.17999999999999999,-131.49303294694195,75.818997303032177,38.052831858036832,39,24525,45
p000546,r0017,25,1.45,0.5,-60.180449630033927,59.923761097961354,0.32165573396371344,26,24570,45
p000547,r0000,7,2.25,0.17999999999999999,-79.28595931136509,64.014421179988503,37.770352691544858,27,24615,45
p000548,r0016,25,1.8500000000000001,0.17999999999999999,-80.158170855459758,64.273767362023492,37.826018482876506,26,24660,45
p000549,r0021,11,3.4500000000000002,0.81999999999999995,-62.23972647556252,69.716966238823346,-38.937521786973065,40,24705,45
p000550,r0003,25,3.4500000000000002,0.17999999999999999,-98.144768652347807,68.44117074709358,38.00570165519413,33,24750,45
p000551,r0009,17,1.45,0.17999999999999999,-59.938001295915811,59.804221808832892,37.800621649978126,26,24795,45
p000552,r0016,17,1.45,0.17999999999999999,-114.51116322772295,71.781841646550049,38.699100769180916,26,24840,45
p000553,r0024,7,1.45,0.81999999999999995,-60.06434826061853,60.093222019912126,-38.885985610123008,26,24885,45
p000554,r0010,11,3.4500000000000002,0.5,-59.113067231775553,60.201751303866153,0.094342036045300393,35,24930,45
p000555,r0012,11,1.8500000000000001,0.17999999999999999,-61.858755628534844,60.165626613031904,37.751237809549892,26,24975,45
p000556,r0027,7,4.6500000000000004,0.17999999999999999,-90.456762633233012,66.878155861864442,39.007870532746907,39,25020,45
p000557,r0024,17,4.25,0.17999999999999999,-93.53943975432631,67.254927724815701,38.761941578570145,40,25065,45
p000558,r0001,17,3.0499999999999998,0.5,-60.026976619505504,60.155723149694822,0.51437326509465886,29,25110,45
p000559,r0016,7,4.25,0.81999999999999995,-61.221587631764152,66.219989191373713,-38.73210380359933,40,25155,45
p000560,r0000,11,3.8500000000000001,0.17999999999999999,-68.767000628714911,61.355029997134565,37.483064484481659,38,25200,45
p000561,r0004,7,3.4500000000000002,0.5,-59.713822174240896,59.900737612291699,-0.35654228097459822,35,25245,45
p000562,r0027,7,1.8500000000000001,0.5,-59.883771881221982,60.295818953901438,0.65602353633972821,26,25290,45
p000563,r0017,17,2.6499999999999999,0.17999999999999999,-59.460100187855517,60.206164775676243,38.216237082240525,26,25335,45
p000564,r0005,17,4.25,0.5,-59.878018966220445,60.071504588793182,0.54674281128636859,40,25380,45
p000565,r0017,25,3.0499999999999998,0.17999999999999999,-85.730231286329385,65.728352765146369,38.915807635880739,26,25425,45
p000566,r0005,7,3.8500000000000001,0.81999999999999995,-60.194014995705778,59.218596384537292,-39.149744947262022,39,25470,45
p000567,r0028,17,2.25,0.81999999999999995,-64.954357086124276,81.924708234394686,-38.966125328430863,26,25515,45
p000568,r0010,17,4.25,0.81999999999999995,-64.616492251891287,81.40319207733458,-37.882949072630623,40,25560,45
p000569,r0023,7,1.8500000000000001,0.17999999999999999,-62.299952838568103,60.485912376319355,38.834456637639619,26,25605,45
p000570,r0001,17,3.8500000000000001,0.5,-60.298366025804675,60.413507946646952,0.50757096042113825,40,25650,45
p000571,r0011,25,4.6500000000000004,0.81999999999999995,-66.705362843278834,91.176025065331402,-37.836713019728975,40,25695,45
p000572,r0028,7,1.45,0.17999999999999999,-68.382991357742355,61.169279241071592,37.399870533285082,26,25740,45
p000573,r0022,17,4.25,0.81999999999999995,-60.003250527825386,60.021597035866506,-38.848777966360842,40,25785,45
p000574,r0014,7,1.8500000000000001,0.81999999999999995,-67.790041552607789,96.416989182646432,-38.682776020262011,27,25830,45
p000575,r0020,25,2.25,0.17999999999999999,-59.675964185122922,60.304446779315562,38.257972805716634,26,25875,45
p000576,r0024,25,1.8500000000000001,0.81999999999999995,-59.993233756880699,60.571327495874584,-37.841612731384743,26,25920,45
p000577,r0024,17,3.4500000000000002,0.5,-60.161577318049368,60.018700836660159,0.37856175930539565,38,25965,45
p000578,r0026,11,4.6500000000000004,0.17999999999999999,-118.8085441288149,72.727990004650309,37.801413860626567,40,26010,45
p000579,r0018,17,4.6500000000000004,0.5,-59.814728710577164,59.907518073815119,-0.40360531838102248,40,26055,45
p000580,r0015,17,1.8500000000000001,0.5,-59.771927702183419,59.519471413475131,-0.57622814435414393,26,26100,45
p000581,r0006,25,3.4500000000000002,0.5,-60.08820878046815,60.343340212763152,-0.322434283852499,39,26145,45
p000582,r0008,17,1.45,0.81999999999999995,-59.864981516432366,59.853509749217103,-38.765653088615458,26,26190,45
p000583,r0014,25,3.8500000000000001,0.17999999999999999,-60.220942433061182,59.833159815211815,38.673421410522678,40,26235,45
p000584,r0004,17,4.25,0.17999999999999999,-60.309499004802582,59.766924143179914,38.60316797654307,40,26280,45
p000585,r0020,17,2.6499999999999999,0.17999999999999999,-93.414884816317681,66.872416231591302,37.570702042967682,26,26325,45
p000586,r0028,17,2.6499999999999999,0.5,-60.323105190350169,59.866417951531211,-0.67834361940947896,26,26370,45
p000587,r0018,11,4.6500000000000004,0.17999999999999999,-72.481241634199122,63.173188862650697,38.305391373217731,40,26415,45
p000588,r0012,11,1.8500000000000001,0.5,-59.734504635867339,60.317004131538326,0.74124974783549358,26,26460,45
p000589,r0025,17,2.6499999999999999,0.17999999999999999,-59.87054985865062,59.875693711488566,37.871369868863511,26,26505,45
p000590,r0025,25,1.8500000000000001,0.5,-60.17771983604527,59.661949937899266,-0.70788494907300215,26,26550,45
p000591,r0019,7,2.25,0.17999999999999999,-83.474985425775031,64.984689438284192,37.811947962753536,27,26595,45
p000592,r0018,25,4.25,0.81999999999999995,-60.18009898840355,59.942808673216803,-39.007975609311885,40,26640,45
p000593,r0009,11,1.8500000000000001,0.5,-59.754188619965035,59.809572187531359,0.47769178378316185,26,26685,45
p000594,r0017,25,1.8500000000000001,0.17999999999999999,-59.776387279595582,60.061144574705821,38.04038884093157,26,26730,45
p000595,r0021,25,4.25,0.5,-59.50805174283721,59.822263884929157,-0.29289392895402672,40,26775,45
p000596,r0011,25,1.45,0.17999999999999999,-96.25539931641481,67.862202553815962,38.771034217174432,26,26820,45
p000597,r0028,25,3.0499999999999998,0.81999999999999995,-62.696616271366359,70.921949280070436,-38.195274472107727,40,26865,45
p000598,r0015,17,1.8500000000000001,0.81999999999999995,-60.167073846457754,60.188270524911019,-38.953111859611369,26,26910,45
p000599,r0010,7,3.8500000000000001,0.81999999999999995,-69.534493575529183,104.18031625636708,-37.815827805787848,39,26955,45
p000600,r0006,17,2.6499999999999999,0.17999999999999999,-60.089104227731099,60.016179064054242,37.947228071532876,26,27000,45
p000601,r0003,7,1.8500000000000001,0.81999999999999995,-70.077102651708415,107.39444747595175,-37.682223628729574,27,27045,45
p000602,r0028,17,4.6500000000000004,0.81999999999999995,-60.5042290622781,62.877318836536631,-38.745550440491442,40,27090,45
p000603,r0022,7,4.25,0.81999999999999995,-60.226736041410931,61.655194942855125,-38.737988464243038,40,27135,45
p000604,r0015,11,4.6500000000000004,0.17999999999999999,-59.738856183130785,59.824424697817918,37.85303413924715,40,27180,45
p000605,r0015,25,3.8500000000000001,0.5,-59.710398275824879,60.108490736586866,-0.25095376961900656,40,27225,45
p000606,r0022,11,3.4500000000000002,0.5,-60.360755314860313,60.257263576019028,-0.50174586942064248,37,27270,45
p000607,r0016,17,4.6500000000000004,0.17999999999999999,-117.86952195035465,72.655684989078537,38.811147739980569,40,27315,45
p000608,r0018,25,4.25,0.5,-60.444506877922521,60.331067785758165,-0.50671954608217784,40,27360,45
p000609,r0027,11,3.0499999999999998,0.17999999999999999,-88.763220697104074,66.021024275176799,37.709860180166245,28,27405,45
p000610,r0015,25,2.6499999999999999,0.17999999999999999,-70.140278926462059,61.997023420190985,37.76230899779344,26,27450,45
p000611,r0023,17,2.25,0.81999999999999995,-72.916422162706539,118.62701262725787,-38.888603900512933,26,27495,45
p000612,r0007,7,1.45,0.5,-60.276322833607907,60.291991566937583,-0.44216563333516207,26,27540,45
p000613,r0008,17,3.8500000000000001,0.17999999999999999,-73.678856768412444,63.159763783648934,38.978812084277891,39,27585,45
p000614,r0004,7,2.25,0.81999999999999995,-60.260277667290204,59.953656377420096,-39.071769539242347,29,27630,45
p000615,r0017,11,3.8500000000000001,0.81999999999999995,-69.870515363930153,104.87149081826459,-38.866954251135112,40,27675,45
p000616,r0018,17,3.0499999999999998,0.81999999999999995,-60.279261491720398,60.652249590746045,-38.961589496876435,39,27720,45
p000617,r0009,7,3.8500000000000001,0.5,-60.089709953209756,59.834552619772445,0.32242133328134487,38,27765,45
p000618,r0023,7,2.6499999999999999,0.17999999999999999,-86.941970560656813,65.44894227401231,38.468577963771878,27,27810,45
p000619,r0010,11,4.25,0.17999999999999999,-88.795413943930399,66.156953496180165,38.715527356960266,40,27855,45
p000620,r0005,11,1.8500000000000001,0.81999999999999995,-59.857591330296444,59.492387925360099,-37.924595064278257,26,27900,45
p000621,r0007,25,4.25,0.17999999999999999,-86.296729594588129,66.124563192138126,39.138730490527401,40,27945,45
p000622,r0014,25,4.25,0.5,-59.808982048294006,60.261919134652977,0.6764685431794859,40,27990,45
p000623,r0001,11,1.45,0.81999999999999995,-60.94334363487296,66.68696235695144,-37.519888556344554,26,28035,45
p000624,r0013,17,2.6499999999999999,0.81999999999999995,-60.591125353544285,60.39058702553352,-39.264417125310274,32,28080,45
p000625,r0013,11,1.45,0.17999999999999999,-84.813501118918396,65.185705941233607,37.735848670406241,26,28125,45
p000626,r0016,7,1.45,0.17999999999999999,-77.178852720922649,63.932010258411168,38.982054922131084,26,28170,45
p000627,r0000,17,3.0499999999999998,0.17999999999999999,-100.71760022523618,69.135710243623407,38.112114359228677,27,28215,45
p000628,r0026,25,1.8500000000000001,0.5,-59.686665987057722,59.692098006280233,-0.44728399038874472,26,28260,45
p000629,r0019,17,4.6500000000000004,0.5,-60.186860519000831,59.751044374822115,0.23209192791064198,40,28305,45
p000630,r0013,7,3.8500000000000001,0.5,-60.264584386432787,59.633717049434622,-0.76543366849908234,38,28350,45
p000631,r0013,25,3.4500000000000002,0.5,-60.863804505374439,59.447489445068676,-1.1581575301528815,39,28395,45
p000632,r0006,17,3.0499999999999998,0.17999999999999999,-66.373213936020079,61.626645834005259,38.136671075400699,26,28440,45
p000633,r0020,7,3.0499999999999998,0.17999999999999999,-113.75735245493799,71.581919412466192,37.770850476333436,30,28485,45
p000634,r0006,17,1.45,0.17999999999999999,-79.230293012677478,64.143170906370727,38.78594740094205,26,28530,45
p000635,r0012,7,2.6499999999999999,0.5,-60.51085662260332,59.44503909002156,-0.082908766290880453,28,28575,45
p000636,r0008,7,3.4500000000000002,0.5,-59.785981141710025,59.765580439654769,0.43979964897237239,35,28620,45
p000637,r0013,11,2.6499999999999999,0.81999999999999995,-63.227456805326028,77.331528496913535,-37.476839450922895,32,28665,45
p000638,r0016,17,2.6499999999999999,0.17999999999999999,-106.38804017928426,70.596195147986052,38.289032789077396,26,28710,45
p000639,r0020,17,4.25,0.81999999999999995,-63.466168693393129,76.748391139674553,-37.777547923440935,40,28755,45
p000640,r0001,7,3.8500000000000001,0.5,-59.83008878090525,60.591764448388027,0.83083783374138842,37,28800,45
p000641,r0002,11,1.8500000000000001,0.17999999999999999,-60.186201531987102,59.537039771216811,38.436856336640112,26,28845,45
p000642,r0022,25,4.6500000000000004,0.81999999999999995,-62.398912760067695,70.594333821713718,-38.010128375347037,40,28890,45
p000643,r0004,11,2.25,0.17999999999999999,-63.148961790784753,60.722786068740753,38.875871454026168,26,28935,45
p000644,r0025,7,4.6500000000000004,0.17999999999999999,-59.258789754139841,60.056917239987897,38.130089981044904,39,28980,45
p000645,r0008,17,3.8500000000000001,0.5,-59.311212910957281,59.509125761498282,-0.35104357472949915,40,29025,45
p000646,r0020,25,3.8500000000000001,0.5,-60.446353663930253,60.050183864779981,0.25191510042486415,40,29070,45
p000647,r0021,17,3.8500000000000001,0.17999999999999999,-60.421685653965469,59.61874558609054,38.461467962880462,39,29115,45
p000648,r0014,7,2.6499999999999999,0.17999999999999999,-89.578493402013422,66.920957308243487,39.201056180397245,28,29160,45
p000649,r0003,11,2.6499999999999999,0.17999999999999999,-89.399299193358559,66.761050546228432,39.102187593102776,26,29205,45
p000650,r0000,17,1.45,0.5,-59.758429524989907,59.769665320213022,0.45561789761155752,26,29250,45
p000651,r0025,11,1.8500000000000001,0.81999999999999995,-68.715887035505645,97.630047439555483,-38.323618829994629,26,29295,45
p000652,r0006,11,1.8500000000000001,0.17999999999999999,-106.18453780201395,69.839223343365944,38.604946337197568,26,29340,45
p000653,r0001,11,4.25,0.17999999999999999,-59.583305938197512,59.542467185011532,38.549828022833907,40,29385,45
p000654,r0026,11,3.0499999999999998,0.17999999999999999,-59.478841059776336,59.986397700337164,38.032654723516735,28,29430,45
p000655,r0023,7,2.25,0.17999999999999999,-102.54083141669473,69.391579746518062,38.89374573713976,26,29475,45
p000656,r0023,11,1.8500000000000001,0.81999999999999995,-60.288606496450356,59.452990684318635,-39.185119003911936,26,29520,45
p000657,r0015,25,3.0499999999999998,0.81999999999999995,-66.138137332242465,84.072599835432854,-38.650204642060899,40,29565,45
p000658,r0004,25,4.6500000000000004,0.17999999999999999,-69.07192034225875,61.740789916920491,37.744502070268226,40,29610,45
p000659,r0012,7,3.0499999999999998,0.17999999999999999,-59.638577545742173,59.586229539544469,37.675764264192871,30,29655,45
p000660,r0012,17,3.0499999999999998,0.5,-59.661725122107228,59.96796346349285,-0.29688082930718879,29,29700,45
p000661,r0007,7,2.25,0.5,-60.204052758200952,59.734286207226667,0.21511672451285763,27,29745,45
p000662,r0017,17,3.4500000000000002,0.17999999999999999,-71.286889128239523,62.172312422048748,37.699656142996858,33,29790,45
p000663,r0015,11,3.4500000000000002,0.81999999999999995,-66.799314309559037,90.170120250642483,-38.994816088722757,40,29835,45
p000664,r0024,25,3.0499999999999998,0.17999999999999999,-80.99666730651775,64.611443443722322,38.851983508679112,26,29880,45
p000665,r0027,7,2.25,0.81999999999999995,-59.362584699601321,60.012579078154907,-37.425055219605191,29,29925,45
p000666,r0012,17,2.25,0.81999999999999995,-60.470645446810252,59.581447205438799,-39.311268769405423,26,29970,45
p000667,r0017,25,4.25,0.81999999999999995,-60.948052260658237,59.577611389723501,-39.703432803589521,40,30015,45
p000668,r0022,25,2.25,0.5,-59.914875638873987,59.910346875617073,0.44773561837154291,26,30060,45
p000669,r0011,7,1.8500000000000001,0.5,-60.049836693243719,60.298581583414759,-0.32562755491448031,27,30105,45
p000670,r0001,25,3.4500000000000002,0.5,-59.896105156065765,59.732609792462632,0.36825231819843368,40,30150,45
p000671,r0006,17,4.6500000000000004,0.81999999999999995,-59.964401394043335,59.270491018962467,-38.952120759702289,40,30195,45
p000672,r0001,11,1.45,0.5,-60.101181149930476,60.115789122094078,-0.44269601391819863,26,30240,45
p000673,r0022,11,2.6499999999999999,0.81999999999999995,-59.53927749861495,59.695126633452155,-38.527084754842868,31,30285,45
p000674,r0021,25,4.25,0.17999999999999999,-59.938916924292613,60.610344997489356,39.361477851568608,40,30330,45
p000675,r0026,25,2.6499999999999999,0.5,-59.805321221871807,60.141148597345662,-0.28208631226307262,26,30375,45
p000676,r0001,7,4.6500000000000004,0.5,-59.946496909305381,60.190203075284913,0.57185308298976589,40,30420,45
p000677,r0008,11,2.6499999999999999,0.5,-59.888440254573979,59.853034084899932,0.43229691516297636,27,30465,45
p000678,r0014,7,1.45,0.17999999999999999,-83.99860062192991,65.020715085888554,38.647238258481238,26,30510,45
p000679,r0001,17,2.6499999999999999,0.81999999999999995,-63.679901240629604,74.012138610502191,-38.445334067425875,32,30555,45
p000680,r0002,25,4.25,0.17999999999999999,-103.88857584417224,69.466959279926641,38.712962957588843,40,30600,45
p000681,r0010,17,1.45,0.5,-60.659148733365143,60.301187013020566,-0.62898086017228816,26,30645,45
p000682,r0027,17,1.45,0.81999999999999995,-60.176359520388061,59.836187687592812,-39.024101022951498,26,30690,45
p000683,r0010,17,3.8500000000000001,0.17999999999999999,-74.55232614193315,63.017155485667992,37.804648792699787,40,30735,45
p000684,r0003,17,3.0499999999999998,0.5,-60.605295819530141,59.229217565582715,-0.23803912697371316,29,30780,45
p000685,r0017,17,2.25,0.17999999999999999,-84.937567600760957,65.65236217755043,38.096174817454383,26,30825,45
p000686,r0020,7,1.8500000000000001,0.17999999999999999,-71.136876346298536,61.890178686519093,37.495308780611921,26,30870,45
p000687,r0008,25,2.25,0.17999999999999999,-60.251318267684965,59.632120315468143,38.503101370500588,26,30915,45
p000688,r0003,17,3.0499999999999998,0.17999999999999999,-99.688917139821626,68.445227510732352,38.631081473632634,27,30960,45
p000689,r0001,7,3.8500000000000001,0.17999999999999999,-59.727758394133495,59.556356973808604,38.535216207579033,36,31005,45
p000690,r0011,11,1.45,0.81999999999999995,-68.2395808653649,98.817283273891022,-37.719345320298828,26,31050,45
p000691,r0014,7,3.8500000000000001,0.17999999999999999,-59.7042788721335,59.801202393398789,38.740215765602983,37,31095,45
p000692,r0008,7,1.45,0.17999999999999999,-107.27584411274896,69.983954099418384,38.527190421228269,26,31140,45
p000693,r0022,11,3.8500000000000001,0.81999999999999995,-61.07263866292439,64.035404040731009,-38.103190976266404,40,31185,45
p000694,r0012,11,3.0499999999999998,0.81999999999999995,-60.281116521995735,60.00058753115043,-38.180409792429415,38,31230,45
p000695,r0001,25,4.25,0.17999999999999999,-60.720919730310172,60.32101964232438,38.083470555250159,40,31275,45
p000696,r0021,11,1.8500000000000001,0.17999999999999999,-73.500686739542473,62.933354410839222,38.825227003770522,26,31320,45
p000697,r0007,11,2.25,0.81999999999999995,-60.202867860358054,60.735131963407895,-37.984027892080178,27,31365,45
p000698,r0009,17,3.4500000000000002,0.81999999999999995,-72.46566024133972,116.84386019678561,-37.939946562477147,40,31410,45
p000699,r0024,25,2.25,0.17999999999999999,-60.369462525141223,59.635263806919532,38.484413067148601,26,31455,45
p000700,r0024,11,1.8500000000000001,0.5,-59.598738571068367,59.673418919029075,-0.41265982601964596,26,31500,45
p000701,r0019,17,3.4500000000000002,0.5,-60.051199489459108,60.640968673564615,-0.15511540794724682,39,31545,45
p000702,r0024,7,2.6499999999999999,0.81999999999999995,-59.838643820764361,59.908984836955987,-37.834070662374693,31,31590,45
p000703,r0019,7,3.8500000000000001,0.5,-60.339135904512091,59.99955272011357,-0.61979159219926028,37,31635,45
p000704,r0012,7,1.8500000000000001,0.5,-60.439853196185027,60.130300816707134,-0.60477618973894631,26,31680,45
p000705,r0028,11,4.25,0.81999999999999995,-67.126599281476942,91.195871903196618,-39.078554468235694,40,31725,45
p000706,r0023,17,3.8500000000000001,0.5,-59.53977554805428,60.498032909629373,0.92912868078754651,40,31770,45
p000707,r0017,17,3.0499999999999998,0.17999999999999999,-59.658648399258851,60.438682684227288,39.271163089199788,26,31815,45
p000708,r0004,11,4.6500000000000004,0.81999999999999995,-59.909741592321737,59.65348613607658,-38.838360601210042,40,31860,45
p000709,r0013,17,3.8500000000000001,0.5,-59.988655474087949,59.873421894483329,0.3923832101976899,40,31905,45
p000710,r0013,7,4.25,0.17999999999999999,-63.879160032378046,60.570019930548199,38.619167537221479,38,31950,45
p000711,r0018,25,3.4500000000000002,0.5,-59.818430201222206,60.000349635943628,-0.35904028263928894,39,31995,45
p000712,r0005,17,4.25,0.81999999999999995,-70.734120931421884,106.74779813912627,-38.337375498723205,40,32040,45
p000713,r0025,7,1.45,0.17999999999999999,-82.572464004185861,64.815303319326915,38.735505201094618,26,32085,45
p000714,r0006,7,3.0499999999999998,0.5,-60.346625847136011,60.082629554746319,-0.5819981461948458,31,32130,45
p000715,r0020,17,4.25,0.17999999999999999,-59.92819993390308,60.241568670770263,38.161010321929055,40,32175,45
p000716,r0010,11,4.6500000000000004,0.81999999999999995,-60.636081884069689,61.335619646862703,-39.131175608501856,40,32220,45
p000717,r0003,7,3.8500000000000001,0.81999999999999995,-67.504721381443744,94.396684212617373,-38.812468374512733,39,32265,45
p000718,r0002,25,3.0499999999999998,0.81999999999999995,-59.968085188270251,60.264083461796034,-38.776294831258312,40,32310,45
p000719,r0021,25,3.8500000000000001,0.81999999999999995,-60.513667009802944,60.02479929432063,-39.266743075060702,40,32355,45
p000720,r0008,7,1.8500000000000001,0.17999999999999999,-59.968976276032166,60.097414399907606,38.935464078238454,26,32400,45
p000721,r0019,17,3.8500000000000001,0.81999999999999995,-60.128494294200877,60.334935237315989,-38.89507697852784,40,32445,45
p000722,r0006,7,1.8500000000000001,0.17999999999999999,-66.604094749543592,61.23182311806552,38.671357901895888,26,32490,45
p000723,r0011,17,3.0499999999999998,0.81999999999999995,-65.054637635010394,81.343327689376792,-38.253003876620696,39,32535,45
p000724,r0024,17,3.0499999999999998,0.17999999999999999,-71.340373912079784,61.716098569068379,38.215933522461711,27,32580,45
p000725,r0025,7,3.4500000000000002,0.17999999999999999,-132.36974842474638,76.339669511420595,39.221974282910544,34,32625,45
p000726,r0003,17,2.6499999999999999,0.81999999999999995,-63.231402522529322,76.277066703986236,-37.669878061756506,32,32670,45
p000727,r0002,25,1.8500000000000001,0.5,-59.750374606815448,59.860979453133616,-0.39469757684091605,26,32715,45
p000728,r0000,7,1.45,0.5,-59.869133027832319,59.859568124436535,0.44521754830210797,26,32760,45
p000729,r0023,17,4.25,0.5,-59.994675101708538,59.936746834994295,0.4210358666428789,40,32805,45
p000730,r0023,25,3.8500000000000001,0.17999999999999999,-59.618784490185575,60.223133543119864,38.201588297124886,40,32850,45
p000731,r0005,17,1.45,0.17999999999999999,-59.992613605907096,60.588715651238218,38.434076384952064,26,32895,45
p000732,r0002,11,1.45,0.81999999999999995,-59.907448361095319,61.689560970214892,-38.469986681459467,26,32940,45
p000733,r0004,25,3.0499999999999998,0.17999999999999999,-59.605453143597316,60.070554413364562,38.078873053111423,26,32985,45
p000734,r0022,25,4.25,0.81999999999999995,-81.258753653018687,158.59147151814318,-38.535713122209543,40,33030,45
p000735,r0002,11,1.8500000000000001,0.81999999999999995,-65.464516249355881,82.340858687009046,-38.409548760810182,26,33075,45
p000736,r0007,25,3.8500000000000001,0.81999999999999995,-62.964549886378862,75.274200546763851,-38.531574808413168,40,33120,45
p000737,r0013,17,2.25,0.17999999999999999,-74.318557594401909,63.564318203224936,39.195400559652107,26,33165,45
p000738,r0011,17,4.6500000000000004,0.81999999999999995,-59.330390342017068,60.20949942648484,-38.263210183686724,40,33210,45
p000739,r0023,7,2.6499999999999999,0.81999999999999995,-66.670145676090101,90.539013893049628,-38.822496953644944,31,33255,45
p000740,r0012,17,4.6500000000000004,0.17999999999999999,-86.047972318666297,65.87027911389049,38.974993856030274,40,33300,45
p000741,r0028,17,3.8500000000000001,0.17999999999999999,-76.02633078933215,63.264906573666707,38.642483848326918,39,33345,45
p000742,r0014,17,4.6500000000000004,0.81999999999999995,-59.863313888424678,59.076172128619653,-38.00420640535669,40,33390,45
p000743,r0024,11,4.25,0.5,-60.237870734100568,60.176657229358881,0.41939324762915647,40,33435,45
p000744,r0027,7,2.6499999999999999,0.5,-60.423185804288345,60.306512517746519,-0.50833664327091266,28,33480,45
p000745,r0020,11,1.45,0.17999999999999999,-60.274170552856603,60.288150970322896,39.036933096150591,26,33525,45
p000746,r0001,7,3.0499999999999998,0.81999999999999995,-64.687123638581923,80.159574330925508,-39.064718004070585,36,33570,45
p000747,r0006,11,2.6499999999999999,0.17999999999999999,-59.93670290038925,59.576195058873964,37.613873426206581,26,33615,45
p000748,r0008,17,4.25,0.5,-60.013200165286335,59.737474229124203,0.31213703191893388,40,33660,45
p000749,r0022,25,1.45,0.81999999999999995,-67.854901690196286,95.816520420196866,-38.844045710325517,26,33705,45
p000750,r0018,17,1.8500000000000001,0.5,-59.859063051770711,59.609984785700938,-0.57453913303488657,26,33750,45
p000751,r0012,7,4.25,0.81999999999999995,-59.756753853004291,59.778245046400194,-37.790454051111475,40,33795,45
p000752,r0003,25,3.8500000000000001,0.5,-59.974403407163997,59.612503137864771,0.26904986535038661,40,33840,45
p000753,r0007,17,1.45,0.5,-60.326034342080852,59.890145048958026,0.23205535343858658,26,33885,45
p000754,r0010,7,3.0499999999999998,0.81999999999999995,-62.742605824249431,72.188332647190492,-38.005036899390234,37,33930,45
p000755,r0005,17,1.8500000000000001,0.5,-60.194500093078382,60.148152903393445,0.42682640515753151,26,33975,45
p000756,r0027,25,2.25,0.81999999999999995,-65.00244288521472,81.587662574937383,-38.16622390238733,26,34020,45
p000757,r0007,11,2.25,0.17999999999999999,-71.498079709231462,62.660124894282831,38.961648065650266,26,34065,45
p000758,r0028,25,4.6500000000000004,0.17999999999999999,-71.015114936848022,62.453810763796383,38.879404137680396,40,34110,45
p000759,r0015,7,1.45,0.17999999999999999,-60.637018367771432,60.144154440243675,38.85354333480096,26,34155,45
p000760,r0028,11,1.8500000000000001,0.5,-60.15398133213224,60.032183105842513,-0.51089911314486325,26,34200,45
p000761,r0026,17,1.45,0.81999999999999995,-59.919154211290305,59.790696326892629,-37.921381114417372,26,34245,45
p000762,r0020,7,4.25,0.81999999999999995,-60.626226598881679,60.174759943788224,-39.332049021201094,40,34290,45
p000763,r0028,7,3.8500000000000001,0.17999999999999999,-83.43199184632671,65.534242087649304,39.17031997953363,35,34335,45
p000764,r0023,11,3.8500000000000001,0.81999999999999995,-60.107025073957701,59.887649413961782,-38.057983666132188,40,34380,45
p000765,r0027,25,3.8500000000000001,0.17999999999999999,-86.49947666021518,65.933735537259295,38.045757341713895,40,34425,45
p000766,r0019,7,1.8500000000000001,0.81999999999999995,-59.763506449348682,59.960326247495956,-38.663216563916649,27,34470,45
p000767,r0005,25,1.8500000000000001,0.81999999999999995,-60.474956174895468,59.236292920740247,-39.376931337681036,26,34515,45
p000768,r0012,25,4.25,0.17999999999999999,-111.80174326222584,71.456367223615217,38.019907336163826,40,34560,45
p000769,r0026,11,3.0499999999999998,0.81999999999999995,-59.905064391149693,60.06466841535925,-37.860512485978077,37,34605,45
p000770,r0014,25,4.6500000000000004,0.5,-60.105078607440234,59.960238308410268,0.37757985048501724,40,34650,45
p000771,r0010,7,2.6499999999999999,0.17999999999999999,-59.78753647650273,60.139229042729689,39.002411249267858,28,34695,45
p000772,r0001,25,2.25,0.81999999999999995,-63.776474257125074,76.028257992619757,-38.161622452170988,26,34740,45
p000773,r0001,25,4.6500000000000004,0.17999999999999999,-92.514089781913995,66.63783706401351,38.440490231746566,40,34785,45
p000774,r0022,17,1.45,0.17999999999999999,-64.35986693070825,60.600053321551215,38.557267676144519,26,34830,45
p000775,r0027,11,2.25,0.81999999999999995,-60.193043378914275,60.004387843845358,-39.007505758817537,27,34875,45
p000776,r0010,25,1.8500000000000001,0.17999999999999999,-108.40731308604069,70.693352465445486,38.005232666177974,26,34920,45
p000777,r0013,17,4.25,0.5,-60.306070517607864,59.337053005117198,-0.03450875624533295,40,34965,45
p000778,r0011,25,3.8500000000000001,0.5,-60.329227617105772,60.404451452905803,-0.4123880820999844,40,35010,45
p000779,r0005,25,3.0499999999999998,0.17999999999999999,-84.676281879674846,65.464968795515162,38.889543673980967,26,35055,45
p000780,r0023,7,1.45,0.5,-60.235612627978398,59.862795336173477,0.26359135409753948,26,35100,45
p000781,r0020,25,2.25,0.5,-60.042073761318875,59.430872123319233,-0.7556008189998209,26,35145,45
p000782,r0011,25,1.8500000000000001,0.5,-59.834207772911455,59.892960848572329,-0.42062346216956287,26,35190,45
p000783,r0001,7,4.25,0.5,-60.42077046507508,59.831408177379146,-0.74468114384796702,39,35235,45
p000784,r0024,11,1.8500000000000001,0.81999999999999995,-62.995191323568143,73.823979228291634,-38.81774062423338,26,35280,45
p000785,r0019,17,2.25,0.17999999999999999,-60.235882115192439,59.727169200824164,38.583819963941181,26,35325,45
p000786,r0009,25,1.45,0.17999999999999999,-99.538871010108053,69.068412502041568,39.169101469854638,26,35370,45
p000787,r0021,11,4.25,0.17999999999999999,-59.533171079775201,59.862167168761658,38.821006284025032,39,35415,45
p000788,r0015,17,4.25,0.5,-59.433572971861828,60.345507327758888,0.90596717794852988,40,35460,45
p000789,r0009,11,3.0499999999999998,0.81999999999999995,-60.694176716424607,66.669298997809776,-38.218751087862415,38,35505,45
p000790,r0022,11,3.0499999999999998,0.5,-60.592552077052751,60.264075317803169,0.28576162037520875,31,35550,45
p000791,r0009,11,2.6499999999999999,0.17999999999999999,-143.03858165454486,78.491861980326036,39.066382126049277,26,35595,45
p000792,r0010,11,1.45,0.81999999999999995,-63.326323939548587,74.97432848062968,-38.882206503916493,26,35640,45
p000793,r0008,7,2.6499999999999999,0.5,-60.30453893863961,59.558500993488394,-0.82301897257560763,28,35685,45
p000794,r0023,11,4.6500000000000004,0.17999999999999999,-116.96272193146481,72.266070033304572,38.654887479646085,40,35730,45
p000795,r0001,25,2.6499999999999999,0.17999999999999999,-95.02061480392851,67.355581947961184,37.677866532621039,26,35775,45
p000796,r0000,11,3.0499999999999998,0.5,-59.838445122807137,60.131347657588996,-0.30354873260907028,30,35820,45
p000797,r0010,25,3.4500000000000002,0.17999999999999999,-96.021198124783893,68.317023057340691,39.186143244558266,32,35865,45
p000798,r0028,11,4.25,0.5,-60.215211122369944,60.478713711285643,0.58175129445784957,40,35910,45
p000799,r0011,25,4.6500000000000004,0.17999999999999999,-88.717985583275961,66.742607373695563,39.209700641440691,40,35955,45
p000800,r0020,17,3.0499999999999998,0.17999999999999999,-119.68403150918847,72.975330953580652,38.746645710282209,27,36000,45
p000801,r0016,11,4.25,0.17999999999999999,-59.810467763213424,59.90163746650029,37.903458525151819,40,36045,45
p000802,r0000,17,3.8500000000000001,0.5,-59.542659705972213,60.127041261603466,0.7421907778156267,40,36090,45
p000803,r0006,11,1.8500000000000001,0.81999999999999995,-59.409890633897682,59.71430247951627,-38.417535873483168,26,36135,45
p000804,r0000,11,1.45,0.81999999999999995,-60.370178981433568,59.791471814616052,-39.191081838144633,26,36180,45
p000805,r0008,11,1.8500000000000001,0.5,-60.143467719735206,59.770513490509494,-0.63647711461285605,26,36225,45
p000806,r0027,17,1.8500000000000001,0.5,-60.293498357158249,60.081650364974173,0.34407600390796206,26,36270,45
p000807,r0013,25,1.8500000000000001,0.17999999999999999,-60.041005387600485,59.491164155028152,37.525373637354996,26,36315,45
p000808,r0020,7,2.6499999999999999,0.81999999999999995,-64.579379232741033,80.603906223685584,-38.896387850584247,31,36360,45
p000809,r0016,17,2.25,0.17999999999999999,-59.440168187516278,59.753375598902011,37.848537717346716,26,36405,45
p000810,r0020,11,1.8500000000000001,0.17999999999999999,-60.546659057277509,59.837188995168773,38.618096345728446,26,36450,45
p000811,r0005,7,2.6499999999999999,0.5,-59.994372569199513,59.711420751793455,-0.59147590870302902,28,36495,45
p000812,r0016,25,4.6500000000000004,0.81999999999999995,-60.423287604044432,60.170157236424657,-39.166467532759995,40,36540,45
p000813,r0003,7,3.4500000000000002,0.81999999999999995,-64.080076735841985,78.965358209222316,-38.781898445730405,38,36585,45
p000814,r0014,25,2.25,0.5,-60.038069052465595,59.416139244528274,-0.76096490396866012,26,36630,45
p000815,r0024,17,2.25,0.17999999999999999,-60.289682452246623,59.819605699686974,37.749933832338925,26,36675,45
p000816,r0002,25,3.8500000000000001,0.5,-60.103171046773411,59.789509928413509,-0.60683055917995143,40,36720,45
p000817,r0002,7,2.25,0.81999999999999995,-67.410117338886039,92.972428186617236,-38.091259144295449,30,36765,45
p000818,r0007,25,2.25,0.81999999999999995,-67.33130880626193,95.248485829121137,-37.616945771892958,26,36810,45
p000819,r0010,11,3.4500000000000002,0.17999999999999999,-67.813082448098157,62.066328693551277,39.138034688054383,33,36855,45
p000820,r0011,17,3.4500000000000002,0.5,-59.937323694678028,60.033970296267384,-0.40167669920532206,38,36900,45
p000821,r0018,7,4.6500000000000004,0.17999999999999999,-60.333576604439358,60.739900705199801,39.396674789464754,39,36945,45
p000822,r0005,7,2.25,0.5,-60.457107526658866,59.783708978179185,-0.78669927423984087,27,36990,45
p000823,r0006,11,4.6500000000000004,0.5,-59.273912418224278,60.209494157084499,0.9177908694301109,40,37035,45
p000824,r0010,11,1.8500000000000001,0.81999999999999995,-68.462743339611663,96.238757601653205,-38.36647317018398,26,37080,45
p000825,r0013,17,2.6499999999999999,0.17999999999999999,-69.716954895833922,61.427930534792942,38.271851157280111,26,37125,45
p000826,r0007,17,2.25,0.5,-59.998983135639506,59.917543492763556,0.40928017856202531,26,37170,45
p000827,r0007,17,1.45,0.17999999999999999,-93.457866737209031,67.397799158835738,37.993779297547675,26,37215,45
p000828,r0003,25,1.45,0.5,-60.117289335941152,60.059171106464603,0.42094088526172585,26,37260,45
p000829,r0002,17,1.45,0.81999999999999995,-66.126420166757242,88.444700291228401,-37.85361848431981,26,37305,45
p000830,r0000,25,1.8500000000000001,0.17999999999999999,-96.164383256541797,67.591297599549208,37.66527504545283,26,37350,45
p000831,r0007,17,2.6499999999999999,0.5,-60.414443702486345,59.998956091868003,-0.65774380530917109,26,37395,45
p000832,r0024,25,4.6500000000000004,0.17999999999999999,-89.064808369893299,66.719733783993973,38.228516196294265,40,37440,45
p000833,r0013,17,2.25,0.5,-59.61041915497335,60.397516449805671,0.84354864741616065,26,37485,45
p000834,r0015,7,2.25,0.81999999999999995,-60.829875767038331,59.634947851044608,-38.696207515783392,28,37530,45
p000835,r0001,25,1.45,0.5,-59.991007081569549,59.883201403116132,-0.50390283922670842,26,37575,45
p000836,r0026,11,2.6499999999999999,0.17999999999999999,-68.608794972498274,62.660418159504147,39.48195979574372,26,37620,45
p000837,r0003,17,1.8500000000000001,0.81999999999999995,-59.823222966323584,59.627137542027228,-38.772158074820439,26,37665,45
p000838,r0017,7,4.6500000000000004,0.17999999999999999,-60.229744241369644,59.385706042656679,38.304924991531948,39,37710,45
p000839,r0010,25,4.25,0.17999999999999999,-60.092970668817031,60.034641377014211,37.961671208764585,40,37755,45
p000840,r0016,11,2.25,0.17999999999999999,-111.72794233026356,70.854507867884706,37.539666832218018,26,37800,45
p000841,r0024,25,3.0499999999999998,0.5,-60.240866101454053,60.115003646985862,-0.51293122723409534,27,37845,45
p000842,r0013,7,3.0499999999999998,0.5,-60.030810847956126,59.971891118407775,0.42054013522582495,32,37890,45
p000843,r0010,7,3.4500000000000002,0.81999999999999995,-59.91455359014634,59.702846550599141,-37.933421564812143,38,37935,45
p000844,r0004,25,2.25,0.17999999999999999,-90.181830603316712,66.547604888897297,38.786306500298778,26,37980,45
p000845,r0012,11,3.4500000000000002,0.5,-59.907216475634222,59.92198165169409,0.45738258802993387,35,38025,45
p000846,r0018,17,1.8500000000000001,0.17999999999999999,-76.456799692966655,63.859918613404318,38.152909318257542,26,38070,45
p000847,r0001,25,3.4500000000000002,0.17999999999999999,-105.34209206754738,70.105686896268949,38.975086682782006,33,38115,45
p000848,r0017,17,2.25,0.81999999999999995,-59.479030790625288,60.812086241667743,-37.376629724812531,26,38160,45
p000849,r0019,7,1.45,0.17999999999999999,-78.919154010909665,63.63972575743982,38.429127399136917,26,38205,45
p000850,r0001,7,2.25,0.81999999999999995,-62.774769912683212,71.472611665199651,-38.16024122866429,28,38250,45
p000851,r0001,17,1.45,0.17999999999999999,-59.996928993892951,59.811893909683867,38.696305787040046,26,38295,45
p000852,r0005,7,2.25,0.81999999999999995,-59.368671161970425,60.074032794087159,-38.318984449880062,29,38340,45
p000853,r0026,7,1.8500000000000001,0.5,-60.052714646725512,60.230835297656121,0.53906032546530436,26,38385,45
p000854,r0011,7,1.8500000000000001,0.81999999999999995,-65.403090000627429,87.947197336479206,-38.250038279948228,27,38430,45
p000855,r0020,11,2.6499999999999999,0.5,-59.956464263518242,60.238589236000166,0.59106248624096192,27,38475,45
p000856,r0012,11,1.8500000000000001,0.81999999999999995,-60.35718389406437,60.124898221746285,-38.220409113218444,26,38520,45
p000857,r0001,11,3.0499999999999998,0.81999999999999995,-60.003528937471479,60.59185944329073,-38.746359028934279,38,38565,45
p000858,r0003,17,2.6499999999999999,0.5,-59.9711637482404,60.356127835087179,-0.25751795657661064,26,38610,45
p000859,r0016,25,1.45,0.5,-59.404345556250242,60.14208031297246,-0.081132621638890623,26,38655,45
p000860,r0020,17,2.25,0.17999999999999999,-59.760368737160036,60.061001589743441,38.943154930900818,26,38700,45
p000861,r0011,17,2.25,0.17999999999999999,-77.098496225897492,63.880367634954986,38.954172140001546,26,38745,45
p000862,r0002,11,3.0499999999999998,0.17999999999999999,-59.995113586036219,60.368879717621269,38.253360922962919,29,38790,45
p000863,r0023,11,1.45,0.17999999999999999,-59.851850656482668,60.136395905003468,38.088511523935964,26,38835,45
p000864,r0026,7,3.8500000000000001,0.5,-60.094735796679174,59.43033191284681,-0.78220194191618186,38,38880,45
p000865,r0010,11,4.6500000000000004,0.17999999999999999,-60.332539787738163,59.492945176139536,37.474357882641549,40,38925,45
p000866,r0023,17,1.8500000000000001,0.81999999999999995,-59.938042241985372,60.330399005316309,-37.839722817471056,26,38970,45
p000867,r0018,17,3.0499999999999998,0.17999999999999999,-87.042072731091238,65.664933877725389,37.727672688138391,27,39015,45
p000868,r0008,11,3.0499999999999998,0.5,-60.529865159914067,59.513064212891834,-0.95840047351111646,30,39060,45
p000869,r0023,11,1.45,0.5,-60.272021030596427,60.642390178239616,0.63518457382159421,26,39105,45
p000870,r0000,25,3.4500000000000002,0.81999999999999995,-60.330747273372481,60.680300553949522,-38.098758664454508,40,39150,45
p000871,r0012,7,4.25,0.5,-60.151878003851706,59.739725144423758,0.2439235702860259,39,39195,45
p000872,r0000,17,4.25,0.81999999999999995,-60.33400421834672,62.914674588088133,-38.599242033188446,40,39240,45
p000873,r0003,25,1.8500000000000001,0.81999999999999995,-60.809141309824312,65.250001396107109,-37.668495622756652,26,39285,45
p000874,r0000,11,1.8500000000000001,0.17999999999999999,-62.090838099836695,60.208613753266526,38.64471241970795,26,39330,45
p000875,r0026,7,2.25,0.81999999999999995,-65.412739699124145,87.895368130038491,-38.267280289874861,28,39375,45
p000876,r0021,17,4.6500000000000004,0.17999999999999999,-66.348939574864133,60.787191294003598,37.452687737607405,40,39420,45
p000877,r0018,7,3.4500000000000002,0.17999999999999999,-99.364738943458605,68.676612080945915,38.879168896553111,32,39465,45
p000878,r0014,25,1.45,0.5,-59.711793619085633,59.756151629874971,-0.42782099460533091,26,39510,45
p000879,r0012,25,1.45,0.81999999999999995,-60.184379727785362,60.131853913381988,-38.977457672375238,26,39555,45
p000880,r0028,25,4.6500000000000004,0.5,-60.215588362539336,59.810029034972757,0.24722033621671075,40,39600,45
p000881,r0013,25,1.45,0.17999999999999999,-61.672470170393922,60.490874231609688,38.951472239249043,26,39645,45
p000882,r0027,25,3.8500000000000001,0.81999999999999995,-73.37355663547504,120.14335597328859,-38.090512365897553,40,39690,45
p000883,r0023,17,3.0499999999999998,0.81999999999999995,-61.988761087871687,71.633473349306854,-37.486758889179541,39,39735,45
p000884,r0021,25,1.45,0.5,-60.008651123133689,59.105392207118911,-0.90162945800738892,26,39780,45
p000885,r0025,11,4.6500000000000004,0.81999999999999995,-60.470383714641478,59.637021189146047,-38.401050831959715,40,39825,45
p000886,r0027,25,2.6499999999999999,0.5,-60.148146901049195,60.323536666586442,-0.36230511723137654,26,39870,45
p000887,r0016,11,3.0499999999999998,0.17999999999999999,-82.338835333564091,65.038819296664542,38.960841463223396,28,39915,45
p000888,r0016,7,3.8500000000000001,0.5,-59.889778219077797,59.971287815808211,0.49075479836520658,37,39960,45
p000889,r0024,17,3.8500000000000001,0.5,-59.573064477891435,59.744767598381188,-0.36414843975512384,40,40005,45
p000890,r0017,17,3.4500000000000002,0.81999999999999995,-59.993662971684159,60.175750544449485,-37.913168538780099,40,40050,45
p000891,r0015,25,3.8500000000000001,0.17999999999999999,-90.125189019964438,66.918129857887067,38.200332459873792,40,40095,45
p000892,r0004,11,4.25,0.5,-59.521632233251253,60.169788108206532,-0.12592206252236054,40,40140,45
p000893,r0018,7,3.4500000000000002,0.5,-60.448963415526357,59.547583983823465,-0.00068971585144622649,35,40185,45
p000894,r0011,7,1.8500000000000001,0.17999999999999999,-66.346535138366804,61.211017817441977,37.800658285396395,26,40230,45
p000895,r0024,17,3.0499999999999998,0.5,-60.641567251933729,59.772890440349208,0.015661594207739438,29,40275,45
p000896,r0014,25,1.8500000000000001,0.5,-59.811155215383586,59.807583992148288,-0.45178561161764891,26,40320,45
p000897,r0016,7,4.6500000000000004,0.5,-59.821412207468761,60.493632249148,-0.11388997916038052,40,40365,45
p000898,r0015,17,2.6499999999999999,0.17999999999999999,-77.312688558504902,64.001776404732965,39.015172711350154,26,40410,45
p000899,r0005,11,4.6500000000000004,0.5,-59.514774608930054,60.662816016840566,0.12402070395525583,40,40455,45
p000900,r0020,25,4.25,0.5,-59.941127792343508,59.804153361403735,-0.51848721546988652,40,40500,45
p000901,r0023,17,2.6499999999999999,0.5,-59.373966737022222,60.46414021928144,0.095086741129608743,26,40545,45
p000902,r0018,7,1.8500000000000001,0.17999999999999999,-60.260827921827172,60.186733848649666,38.956172729963839,26,40590,45
p000903,r0018,7,2.25,0.5,-59.774065959014806,60.407293409066696,0.76661372502594527,27,40635,45
p000904,r0009,17,1.8500000000000001,0.5,-60.300914475678908,60.078837248565932,-0.56103861355648799,26,40680,45
p000905,r0004,7,3.8500000000000001,0.17999999999999999,-69.989485888979033,62.357403284704546,38.084963233441499,35,40725,45
p000906,r0017,7,4.25,0.17999999999999999,-59.928594103751799,59.440751358423675,38.404269175232095,38,40770,45
p000907,r0013,11,3.8500000000000001,0.81999999999999995,-60.650913677790953,63.24596613510284,-38.799475311470054,40,40815,45
p000908,r0028,7,1.8500000000000001,0.81999999999999995,-64.707211112593455,83.415742938953656,-37.595079383314967,27,40860,45
p000909,r0019,7,4.6500000000000004,0.17999999999999999,-59.556369206949242,59.913439277786679,37.95887375053421,39,40905,45
p000910,r0025,17,4.25,0.5,-59.426452536049069,60.157383846061578,-0.084534344993745958,40,40950,45
p000911,r0007,11,1.8500000000000001,0.5,-59.812098387616068,59.722385633164912,0.4051436227744219,26,40995,45
p000912,r0022,25,4.6500000000000004,0.17999999999999999,-59.647054006589826,59.583333320499236,38.571863601623207,40,41040,45
p000913,r0028,7,3.0499999999999998,0.5,-60.037168024033292,59.754136670666725,-0.59151567668328364,32,41085,45
p000914,r0013,17,1.45,0.5,-60.436538302408927,59.57342553933308,0.018443618462076483,26,41130,45
p000915,r0019,7,4.25,0.5,-60.391244217322658,59.916849059006715,0.21280242084202855,39,41175,45
p000916,r0001,25,3.8500000000000001,0.81999999999999995,-68.595360071638623,98.514235848422203,-38.065632806027665,40,41220,45
p000917,r0006,7,4.25,0.5,-60.537517309548015,59.757118396030457,0.059800543241220805,39,41265,45
p000918,r0009,25,2.6499999999999999,0.17999999999999999,-59.808155097193172,60.668718558760965,39.432881300689225,26,41310,45
p000919,r0005,11,2.25,0.81999999999999995,-63.545127336703736,75.258003963384482,-38.110563702687841,27,41355,45
p000920,r0011,7,3.0499999999999998,0.5,-59.98561287081283,59.395557266077248,-0.74502780236779098,31,41400,45
p000921,r0012,11,3.8500000000000001,0.81999999999999995,-72.023682293308838,112.14808174481252,-38.422764766446974,40,41445,45
p000922,r0005,17,3.0499999999999998,0.5,-60.270037454959649,60.273955749557601,0.45195914729897596,28,41490,45
p000923,r0004,25,3.8500000000000001,0.81999999999999995,-85.920695908187497,177.25938168443992,-38.098281941514543,40,41535,45
p000924,r0028,11,3.0499999999999998,0.5,-59.620309326672448,59.617721990751058,0.44870633203930482,30,41580,45
p000925,r0019,11,1.45,0.5,-59.629668935786192,59.817085293390285,-0.35629182119795361,26,41625,45
p000926,r0011,25,3.4500000000000002,0.5,-59.170511133163892,59.881561454981274,-0.094474839091309104,39,41670,45
p000927,r0026,11,1.8500000000000001,0.17999999999999999,-64.210491401103354,61.392926783620261,38.334311510370014,26,41715,45
p000928,r0004,11,3.8500000000000001,0.81999999999999995,-63.364901591011886,72.706399271125065,-38.42206743582723,40,41760,45
p000929,r0005,11,3.4500000000000002,0.5,-59.962442595431945,60.062258889701447,-0.40009185286524912,38,41805,45
p000930,r0006,7,1.8500000000000001,0.5,-60.376590790091328,59.685748230669248,-0.79542127971104004,26,41850,45
p000931,r0007,7,2.25,0.17999999999999999,-59.927699425175881,60.277871914985539,38.190869073756481,27,41895,45
p000932,r0005,11,3.0499999999999998,0.5,-60.068094277871673,60.142229135271627,0.48706742869997727,30,41940,45
p000933,r0015,11,3.8500000000000001,0.81999999999999995,-68.018158221625669,96.004753531805449,-38.044034106008056,40,41985,45
p000934,r0000,17,3.4500000000000002,0.5,-59.729033012387603,59.662568459290625,0.41676772345151109,38,42030,45
p000935,r0006,17,2.25,0.5,-60.273479865153035,59.597703607472752,-0.78788812884014159,26,42075,45
p000936,r0012,11,2.25,0.5,-60.270443690004775,60.148133665455426,-0.51115501227467486,26,42120,45
p000937,r0001,7,4.25,0.17999999999999999,-59.878724225969542,60.22126056312753,38.15326330109005,38,42165,45
p000938,r0018,25,1.45,0.5,-59.455376076911797,59.585570721447461,-0.3849026777321683,26,42210,45
p000939,r0003,7,2.25,0.81999999999999995,-59.411243579334922,60.402781678110102,-37.394719032994814,28,42255,45
p000940,r0009,17,2.25,0.81999999999999995,-60.033681357119804,59.058322522205714,-39.047120658841209,26,42300,45
p000941,r0027,11,3.8500000000000001,0.5,-59.837880193628237,59.717147577559487,-0.51036630803437499,39,42345,45
p000942,r0003,17,1.45,0.5,-60.242262159192038,60.089849393998364,0.37379361740316314,26,42390,45
p000943,r0004,7,1.8500000000000001,0.17999999999999999,-60.094798011260508,59.306618799955103,38.264363773936296,26,42435,45
p000944,r0010,25,1.8500000000000001,0.81999999999999995,-63.905975393671255,77.693455419836909,-38.868077847239775,26,42480,45
p000945,r0014,25,3.4500000000000002,0.5,-60.01259646175091,59.153660535522341,0.020532036885715865,39,42525,45
p000946,r0027,7,1.45,0.5,-59.523674758361061,59.968500735036478,-0.22758701166229117,26,42570,45
p000947,r0003,11,1.8500000000000001,0.81999999999999995,-64.121731843739155,75.801200990081213,-38.485603933651475,26,42615,45
p000948,r0019,7,4.25,0.81999999999999995,-69.288566015288865,97.91955556283142,-39.641104131227209,40,42660,45
p000949,r0017,17,4.25,0.81999999999999995,-66.609161821581296,91.110389587367393,-38.669642567970513,40,42705,45
p000950,r0010,11,3.0499999999999998,0.81999999999999995,-59.842095512489031,59.121041261312975,-38.878730893204668,37,42750,45
p000951,r0011,25,2.6499999999999999,0.81999999999999995,-68.569571735682331,100.51861120591768,-38.58369880619432,29,42795,45
p000952,r0027,25,1.8500000000000001,0.5,-59.972077592716822,59.269080734842255,-0.80149842893728329,26,42840,45
p000953,r0008,11,1.45,0.5,-60.062822463938119,60.286904284474858,-0.33795908973163052,26,42885,45
p000954,r0018,17,4.6500000000000004,0.17999999999999999,-60.130475664849655,59.658139939996985,37.646189131124586,40,42930,45
p000955,r0000,25,2.6499999999999999,0.17999999999999999,-77.126366186779109,64.225830774807889,39.232435321722235,26,42975,45
p000956,r0017,25,4.25,0.5,-60.212296763149673,59.984421155806508,-0.56393780367158253,40,43020,45
p000957,r0000,11,2.6499999999999999,0.81999999999999995,-66.65974884818803,93.851494968985463,-37.3177249610968,33,43065,45
p000958,r0015,11,3.0499999999999998,0.81999999999999995,-73.002573222574526,117.91020054908439,-38.18827394367591,38,43110,45
p000959,r0021,11,3.0499999999999998,0.5,-60.230215263217772,60.115288520804668,0.39253662879344803,31,43155,45
p000960,r0025,17,1.45,0.5,-60.204973866536648,59.846619253292417,-0.62917730662211535,26,43200,45
p000961,r0028,17,1.8500000000000001,0.81999999999999995,-60.05258927601426,59.57996525440592,-38.06872946053862,26,43245,45
p000962,r0002,7,2.25,0.5,-60.124339632518044,60.244354094469898,-0.38999276902407304,27,43290,45
p000963,r0023,25,4.6500000000000004,0.17999999999999999,-123.95560386499669,73.720945762655504,38.589166829678113,40,43335,45
p000964,r0012,7,4.6500000000000004,0.17999999999999999,-60.199316664461847,59.642096407848939,37.620642054832999,39,43380,45
p000965,r0008,7,2.25,0.17999999999999999,-128.94632757615838,75.583270633134106,38.317942955461454,26,43425,45
p000966,r0008,11,2.25,0.81999999999999995,-61.120737113899239,64.237950235247666,-39.006173391052798,27,43470,45
p000967,r0020,25,4.6500000000000004,0.17999999999999999,-60.15695271788605,60.233578498044324,38.113282879176857,40,43515,45
p000968,r0013,11,2.6499999999999999,0.5,-60.219757596181445,60.664410046171234,0.67232622499489447,27,43560,45
p000969,r0005,25,3.4500000000000002,0.81999999999999995,-59.730778114637303,59.14324938198471,-38.783453165245326,40,43605,45
p000970,r0004,25,1.8500000000000001,0.17999999999999999,-102.58691803654705,69.850447651591608,39.26172182772666,26,43650,45
p000971,r0012,25,1.45,0.17999999999999999,-72.202064095703989,63.502553113286766,39.525722015668435,26,43695,45
p000972,r0025,7,4.6500000000000004,0.5,-59.964282187497616,60.524012348120749,0.72986508031156627,40,43740,45
p000973,r0006,7,2.25,0.81999999999999995,-73.380448969920877,121.2383217038763,-38.799070248637392,29,43785,45
p000974,r0005,17,1.8500000000000001,0.17999999999999999,-100.46007915982904,68.668249470060161,38.675150316680103,26,43830,45
p000975,r0006,11,2.6499999999999999,0.81999999999999995,-72.389261937122328,115.71021140335125,-38.981356735837082,31,43875,45
p000976,r0015,7,4.6500000000000004,0.17999999999999999,-60.292800407472171,59.858169531099691,38.680994942156758,40,43920,45
p000977,r0003,11,2.25,0.81999999999999995,-64.778201764717963,85.767436456999789,-37.229986884808753,27,43965,45
p000978,r0012,25,3.0499999999999998,0.81999999999999995,-60.560137730824628,60.435466612106595,-38.330928949097,40,44010,45
p000979,r0008,17,2.25,0.81999999999999995,-65.610135959065644,88.056531030247896,-38.400135900989198,26,44055,45
p000980,r0008,17,4.6500000000000004,0.5,-60.124521129313024,60.44541513529731,0.61044700299214294,40,44100,45
p000981,r0025,7,3.0499999999999998,0.5,-59.797653901982095,60.544454655582577,0.82340037680024092,30,44145,45
p000982,r0023,7,2.6499999999999999,0.5,-60.617867795616711,60.166863603861891,-0.67550209587740961,27,44190,45
p000983,r0015,7,3.8500000000000001,0.81999999999999995,-68.434745993798259,101.02033975937135,-38.382830558227724,39,44235,45
p000984,r0005,25,3.4500000000000002,0.17999999999999999,-62.188496805116813,60.995261292804891,38.372184835178984,34,44280,45
p000985,r0023,7,3.0499999999999998,0.17999999999999999,-60.43459485526931,60.191834538595501,38.029077247699831,30,44325,45
p000986,r0027,17,3.8500000000000001,0.81999999999999995,-60.759314703988373,64.355185251210131,-38.68870471205264,40,44370,45
p000987,r0028,25,1.45,0.81999999999999995,-67.243110528938956,92.671343599564821,-38.008508785808289,26,44415,45
p000988,r0024,17,3.8500000000000001,0.17999999999999999,-123.0489550410083,74.496065715916188,38.487961979669777,39,44460,45
p000989,r0007,17,3.4500000000000002,0.81999999999999995,-63.610919673313013,76.63573209140462,-38.816522355663835,40,44505,45
p000990,r0022,17,3.4500000000000002,0.17999999999999999,-73.97117200940599,62.779041740809589,38.614003265770791,33,44550,45
p000991,r0014,7,4.6500000000000004,0.81999999999999995,-66.165384672277312,85.785138349371138,-38.364290528380579,40,44595,45
p000992,r0013,7,1.8500000000000001,0.5,-59.517537368126526,60.183985787007586,0.78322420944053017,26,44640,45
p000993,r0026,7,4.6500000000000004,0.17999999999999999,-97.177774860164462,67.563267295666392,37.459879707616835,39,44685,45
p000994,r0028,11,3.4500000000000002,0.81999999999999995,-66.426431217794175,90.805603225961562,-37.674665017918144,40,44730,45
p000995,r0009,11,1.8500000000000001,0.81999999999999995,-60.240155185998887,59.940120845483406,-39.057705500332077,26,44775,45
p000996,r0008,25,4.6500000000000004,0.17999999999999999,-60.083171818048015,60.557785449785683,38.392413141575616,40,44820,45
p000997,r0014,17,1.45,0.81999999999999995,-60.541532665960659,61.901199052867725,-38.951840956571544,26,44865,45
p000998,r0026,11,3.0499999999999998,0.5,-59.98890849247158,59.844143385764227,0.37761744664632318,31,44910,45
p000999,r0026,7,1.45,0.5,-60.244126995632406,59.620021492832301,-0.7620527514000528,26,44955,45
p001000,r0002,11,1.8500000000000001,0.5,-59.598538280556909,60.280410535221421,-0.10906387266774403,26,45000,45
p001001,r0020,25,3.0499999999999998,0.5,-60.224127649857436,60.474386736280778,0.57512954321167054,28,45045,45
p001002,r0020,25,3.4500000000000002,0.81999999999999995,-71.963461553652891,114.20021501419069,-38.003999771441059,40,45090,45
p001003,r0005,17,2.6499999999999999,0.81999999999999995,-61.248108251607718,63.758302584429345,-38.296954301121033,33,45135,45
p001004,r0003,7,1.45,0.5,-60.249796247037153,59.712879980061246,0.18154186651204612,26,45180,45
p001005,r0008,17,4.6500000000000004,0.81999999999999995,-61.078251566111206,63.065901980397555,-39.182303927739625,40,45225,45
p001006,r0009,7,4.6500000000000004,0.81999999999999995,-59.898609210843645,59.689921580157971,-38.822673668463352,40,45270,45
p001007,r0009,11,4.6500000000000004,0.81999999999999995,-66.916266300453088,92.546217530858712,-37.76301921081695,40,45315,45
p001008,r0015,11,1.8500000000000001,0.17999999999999999,-60.476124775255556,59.982358711470724,37.849831683859989,26,45360,45
p001009,r0006,17,1.8500000000000001,0.81999999999999995,-60.909165766486453,64.162585212473502,-37.94625059027365,26,45405,45
p001010,r0004,17,1.8500000000000001,0.17999999999999999,-69.522267082859344,61.76074335426199,38.579801475580155,26,45450,45
p001011,r0022,17,2.25,0.17999999999999999,-59.996902826829896,60.076936315082193,38.913645269538023,26,45495,45
p001012,r0011,7,3.8500000000000001,0.17999999999999999,-60.236670164373642,59.606843919020569,37.585011384009604,37,45540,45
p001013,r0022,25,1.8500000000000001,0.17999999999999999,-73.831356922659054,62.98958793478441,38.811817860444592,26,45585,45
p001014,r0012,11,3.0499999999999998,0.17999999999999999,-60.420332948318006,59.924416382340347,38.71236150282185,27,45630,45
p001015,r0019,17,2.6499999999999999,0.5,-60.004404005284883,60.114270638692574,-0.39506668329615452,26,45675,45
p001016,r0010,17,2.25,0.17999999999999999,-63.443881377224159,60.930296682667617,38.092944631887093,26,45720,45
p001017,r0007,25,3.4500000000000002,0.81999999999999995,-60.477420543272821,59.929091403331078,-38.354248392884109,40,45765,45
p001018,r0018,11,1.8500000000000001,0.17999999999999999,-60.425035481839416,60.300196070908967,39.019654391414264,26,45810,45
p001019,r0000,7,4.25,0.17999999999999999,-68.253574181392622,61.049230386141474,38.224725563985338,38,45855,45
p001020,r0021,11,4.25,0.81999999999999995,-64.978793525766747,81.924799835250923,-38.986146720783566,40,45900,45
p001021,r0001,17,1.45,0.5,-59.851540840987774,59.761680335376347,-0.49493025280571318,26,45945,45
p001022,r0024,7,1.45,0.17999999999999999,-87.575547151694181,65.967951496374852,37.880121739722426,26,45990,45
p001023,r0006,11,2.25,0.17999999999999999,-60.744076776953108,60.343192163232615,38.097483753999185,26,46035,45
p001024,r0015,7,4.6500000000000004,0.5,-59.615332304393831,59.306214420017895,0.29544105781203173,40,46080,45
p001025,r0013,25,4.25,0.5,-60.313902920478881,60.352180045438047,0.4691385624795828,40,46125,45
p001026,r0003,7,2.6499999999999999,0.5,-60.068845643043865,60.45722229160156,0.64418832427884776,29,46170,45
p001027,r0022,17,4.25,0.5,-60.204713877859639,59.922461083953259,-0.59112639695319014,40,46215,45
p001028,r0022,7,1.45,0.17999999999999999,-59.974366186468586,59.908306478172349,37.879425398536981,26,46260,45
p001029,r0022,7,1.8500000000000001,0.17999999999999999,-114.21375105325544,72.184215773099837,39.082581744355892,26,46305,45
p001030,r0004,7,2.6499999999999999,0.17999999999999999,-67.360876729007799,61.468940829866099,37.829573669268797,27,46350,45
p001031,r0006,17,3.0499999999999998,0.5,-59.432377532100006,59.850034341336851,-0.24117159538157723,29,46395,45
p001032,r0021,25,3.4500000000000002,0.5,-60.448050417765337,59.623261159822171,0.037605371028416823,40,46440,45
p001033,r0011,25,3.8500000000000001,0.81999999999999995,-60.252571915643898,63.993663325534605,-38.338249572231767,40,46485,45
p001034,r0018,7,1.8500000000000001,0.81999999999999995,-60.486790729271647,59.747764603049617,-39.294570769453813,28,46530,45
p001035,r0018,25,2.6499999999999999,0.17999999999999999,-69.205554122186896,62.391758162981482,39.154241951651173,26,46575,45
p001036,r0011,25,4.25,0.17999999999999999,-77.146243323522739,63.010546515702245,38.232324344641754,40,46620,45
p001037,r0012,7,1.8500000000000001,0.17999999999999999,-67.728452902230657,61.362433855343653,38.576074238980283,26,46665,45
p001038,r0025,25,3.0499999999999998,0.17999999999999999,-82.137515516880015,64.702322416653274,37.821151588617283,26,46710,45
p001039,r0026,11,2.25,0.81999999999999995,-60.913363142458778,65.397603378368615,-38.62738916870984,27,46755,45
p001040,r0012,25,3.4500000000000002,0.5,-59.739359214267431,59.669311184858294,-0.48502401470456818,39,46800,45
p001041,r0025,25,2.6499999999999999,0.5,-59.913114803199811,60.546748037807966,0.76681661730407735,26,46845,45
p001042,r0025,25,3.0499999999999998,0.81999999999999995,-66.512076335473552,88.370497671520354,-38.183213014214644,40,46890,45
p001043,r0001,7,2.6499999999999999,0.5,-59.459206515380345,60.283858634254315,0.86232605943698526,28,46935,45
p001044,r0024,17,1.8500000000000001,0.5,-60.516415438076088,60.1759583394118,0.27977145066785597,26,46980,45
p001045,r0003,7,4.25,0.17999999999999999,-59.6209945402274,59.832467104880493,38.780844008761079,38,47025,45
p001046,r0009,17,4.25,0.5,-59.943113963340963,60.442539620479877,-0.20028717143054281,40,47070,45
p001047,r0009,25,2.6499999999999999,0.5,-59.654614933426046,59.849830190419368,-0.35239237150333907,26,47115,45
p001048,r0020,25,3.4500000000000002,0.5,-59.64825689698187,59.94775023746174,0.599746670239935,40,47160,45
p001049,r0007,25,4.25,0.81999999999999995,-60.237955206507621,60.170525866801363,-39.014428613312013,40,47205,45
p001050,r0001,17,2.25,0.81999999999999995,-60.32537075050989,59.459160010097357,-39.214155213600584,26,47250,45
p001051,r0011,17,4.25,0.5,-60.162321131438077,60.22491009443479,-0.41870551850164334,40,47295,45
p001052,r0014,17,3.4500000000000002,0.81999999999999995,-69.818653428503779,106.76242494391319,-37.584059321468715,40,47340,45
p001053,r0014,25,4.6500000000000004,0.17999999999999999,-73.242163674968523,63.089339189866415,38.99966867419613,40,47385,45
p001054,r0015,25,4.25,0.17999999999999999,-60.155916138786907,59.750426850262748,37.71728511223381,40,47430,45
p001055,r0022,17,3.8500000000000001,0.5,-60.037922562978132,59.460492218189337,0.16128482760560275,40,47475,45
p001056,r0025,7,4.6500000000000004,0.81999999999999995,-76.02458237444435,134.35790354558242,-37.705734908839517,40,47520,45
p001057,r0027,17,2.6499999999999999,0.5,-59.53959358655198,59.928538944175166,-0.2555273211884071,26,47565,45
p001058,r0010,17,2.25,0.81999999999999995,-60.215109944633461,64.634509605585308,-37.292178425594074,26,47610,45
p001059,r0022,11,3.0499999999999998,0.17999999999999999,-72.165527894897238,62.336719987780754,37.676315368898713,28,47655,45
p001060,r0012,17,3.0499999999999998,0.17999999999999999,-101.5466615500813,68.659273409222436,37.572205116547764,27,47700,45
p001061,r0001,25,3.0499999999999998,0.5,-59.66691906005412,60.480144885153486,-0.043387087450317108,27,47745,45
p001062,r0026,11,3.4500000000000002,0.81999999999999995,-60.440301915133141,62.316934183610869,-37.893999417359211,40,47790,45
p001063,r0017,11,2.6499999999999999,0.81999999999999995,-60.178273650829752,59.620049829392151,-39.064575424389808,32,47835,45
p001064,r0002,25,3.0499999999999998,0.17999999999999999,-70.998101481541411,62.233604330181151,38.701897284071094,26,47880,45
p001065,r0006,7,1.45,0.17999999999999999,-60.141363640369363,60.279224337539361,39.053518501515796,26,47925,45
p001066,r0006,17,4.25,0.81999999999999995,-59.983656103016401,59.961819694443356,-38.843470459473629,40,47970,45
p001067,r0006,25,4.6500000000000004,0.5,-60.378628684738629,61.130687743649048,-0.073970470544790612,40,48015,45
p001068,r0020,11,1.45,0.5,-60.121021191056236,60.376232153876195,-0.32239451859002061,26,48060,45
p001069,r0020,17,3.8500000000000001,0.81999999999999995,-61.594976325404076,65.933627245747516,-38.189827682596786,40,48105,45
p001070,r0027,11,4.6500000000000004,0.17999999999999999,-106.78875334755131,70.273363708821009,37.952182638673989,40,48150,45
p001071,r0024,17,3.8500000000000001,0.81999999999999995,-59.930092344147816,59.871301949918426,-37.915841371215883,40,48195,45
p001072,r0004,11,3.4500000000000002,0.81999999999999995,-59.490079248071623,59.828442530735224,-37.562745327886383,40,48240,45
p001073,r0024,17,2.6499999999999999,0.81999999999999995,-60.821555366948772,59.346856322916544,-38.741241262772995,31,48285,45
p001074,r0020,7,2.6499999999999999,0.17999999999999999,-59.746606297249201,60.189034980173616,38.150619550237508,27,48330,45
p001075,r0022,25,3.0499999999999998,0.81999999999999995,-59.616749800700134,61.301437331827195,-37.401476116845195,40,48375,45
p001076,r0028,7,4.25,0.5,-60.673015137108997,60.236048333886821,-0.66848340161108832,39,48420,45
p001077,r0021,25,3.4500000000000002,0.17999999999999999,-59.179085535349529,59.466138884422975,37.65999848886392,32,48465,45
p001078,r0007,17,1.8500000000000001,0.5,-59.564433148850569,60.121138791597375,-0.17164717862659701,26,48510,45
p001079,r0024,7,4.6500000000000004,0.5,-59.618708859450756,60.179071715805996,0.73018142817762022,40,48555,45
p001080,r0025,7,1.8500000000000001,0.81999999999999995,-70.306510428484472,107.70292083532786,-38.714812800998246,27,48600,45
p001081,r0010,11,2.25,0.17999999999999999,-122.74904400023097,73.651279814674922,37.849221527991858,26,48645,45
p001082,r0027,7,1.45,0.81999999999999995,-63.690156990661265,75.367638539004659,-39.109753795321396,26,48690,45
p001083,r0004,11,2.6499999999999999,0.5,-60.327622561412745,61.190510306097273,-0.01855612765773601,27,48735,45
p001084,r0011,17,2.25,0.81999999999999995,-61.343460204770835,66.411622900134773,-37.897545245887812,26,48780,45
p001085,r0007,7,4.6500000000000004,0.81999999999999995,-65.337322474495522,87.271363007318826,-37.417759087768928,40,48825,45
p001086,r0006,7,3.4500000000000002,0.5,-59.381218180430047,60.277322767878324,0.89805229372413886,34,48870,45
p001087,r0000,7,2.6499999999999999,0.17999999999999999,-62.983341734330658,60.655988294866802,38.850908889611262,28,48915,45
p001088,r0002,7,3.4500000000000002,0.5,-59.317376808672122,60.40187471151242,0.99224895142014868,34,48960,45
p001089,r0019,11,3.0499999999999998,0.5,-60.737722570154922,60.305856043378121,0.23406673661159944,29,49005,45
p001090,r0028,17,4.25,0.81999999999999995,-65.275274144857434,82.987864522831558,-38.137909184673404,40,49050,45
p001091,r0025,25,3.8500000000000001,0.17999999999999999,-60.28843191617986,60.400712324312607,38.226666361023959,40,49095,45
p001092,r0019,25,4.6500000000000004,0.81999999999999995,-60.070486456657193,59.88661521242652,-38.928208156222126,40,49140,45
p001093,r0024,7,2.25,0.81999999999999995,-70.959872690001845,109.45820042117046,-38.03461952999082,29,49185,45
p001094,r0008,17,4.25,0.17999999999999999,-89.618806874548383,66.417552429201393,37.881007754526436,40,49230,45
p001095,r0001,7,2.25,0.17999999999999999,-59.773822105759514,60.970932499480647,39.686876670537423,27,49275,45
p001096,r0020,11,4.6500000000000004,0.17999999999999999,-69.118030100914893,62.475459006805977,38.338630967416222,40,49320,45
p001097,r0028,11,3.8500000000000001,0.17999999999999999,-78.929249094025607,64.469807728785653,38.207977500679632,37,49365,45
p001098,r0014,25,2.6499999999999999,0.17999999999999999,-60.723444433560516,60.294283438670519,38.061092421668931,26,49410,45
p001099,r0004,17,4.6500000000000004,0.5,-60.414997365980952,59.477659622005547,-0.91866887198770253,40,49455,45
p001100,r0023,11,3.0499999999999998,0.81999999999999995,-60.022622128475774,59.490009879365452,-38.060348367064357,38,49500,45
p001101,r0014,7,2.25,0.17999999999999999,-64.930975145208663,61.299945910586118,39.028380120543062,27,49545,45
p001102,r0017,25,1.45,0.81999999999999995,-72.913778384379157,116.28836074581764,-39.307393340943733,26,49590,45
p001103,r0027,25,3.0499999999999998,0.5,-59.958095630736125,60.005023370483485,-0.4265361301263198,28,49635,45
p001104,r0024,25,2.25,0.81999999999999995,-70.008469643207121,107.56964252254009,-37.594409453372606,26,49680,45
p001105,r0022,17,1.45,0.81999999999999995,-60.973429915529735,65.986784042709374,-38.570591403046691,26,49725,45
p001106,r0018,25,1.45,0.81999999999999995,-59.833219410432463,59.723982536606513,-37.862923059965439,26,49770,45
p001107,r0026,7,4.25,0.17999999999999999,-91.403679498051247,66.392175702175166,37.538921766134408,38,49815,45
p001108,r0015,25,1.8500000000000001,0.17999999999999999,-59.629098663944816,59.641433542472839,38.622737745317664,26,49860,45
p001109,r0027,17,2.25,0.17999999999999999,-90.589995056429657,66.897394499426127,38.099664379372086,26,49905,45
p001110,r0022,7,2.25,0.17999999999999999,-64.545065989242161,60.69612398336146,38.602709788292813,27,49950,45
p001111,r0014,11,2.6499999999999999,0.81999999999999995,-67.88603984693043,97.620439028196444,-38.544873649407592,31,49995,45
p001112,r0022,17,1.8500000000000001,0.81999999999999995,-68.510293271445207,100.00860744479553,-37.726891142521865,26,50040,45
p001113,r0026,11,1.45,0.5,-60.767899263017483,59.779689924948684,-0.94410466903439949,26,50085,45
p001114,r0000,7,3.0499999999999998,0.81999999999999995,-65.786748447675919,86.800075094205866,-37.871120210137192,36,50130,45
p001115,r0006,7,2.6499999999999999,0.17999999999999999,-66.313666248683205,61.05417116551169,37.677960430956603,27,50175,45
p001116,r0018,25,2.25,0.81999999999999995,-64.455754352965172,79.495809441793043,-38.094472869908685,26,50220,45
p001117,r0012,17,4.6500000000000004,0.5,-60.15567878908444,60.337078507072938,-0.35930014100575108,40,50265,45
p001118,r0013,11,4.25,0.81999999999999995,-60.16716888722749,59.557883765256527,-39.066659409780364,40,50310,45
p001119,r0020,25,1.45,0.17999999999999999,-106.02939587012608,70.167767290128779,38.002277921282904,26,50355,45
p001120,r0003,25,4.6500000000000004,0.81999999999999995,-75.742103727367663,130.76315991594385,-39.021156271571598,40,50400,45
p001121,r0026,25,3.4500000000000002,0.5,-60.359611429988654,60.337306824170021,0.43884769709068366,40,50445,45
p001122,r0018,25,2.25,0.5,-59.571662473547072,60.111351211408468,0.71984436893069836,26,50490,45
p001123,r0009,25,3.0499999999999998,0.5,-59.274629093581126,60.221654785749038,0.92351284608395612,27,50535,45
p001124,r0014,7,1.8500000000000001,0.17999999999999999,-60.054138651091648,59.455982365032376,38.394160582130056,26,50580,45
p001125,r0028,11,4.6500000000000004,0.81999999999999995,-66.459436048178816,87.758901375487568,-39.150135311918859,40,50625,45
p001126,r0006,7,2.6499999999999999,0.5,-59.954452055248382,60.147508162711418,0.54652805373151803,28,50670,45
p001127,r0017,17,1.8500000000000001,0.81999999999999995,-60.470192488352289,60.318628950759035,-38.278204629312242,26,50715,45
p001128,r0014,11,3.0499999999999998,0.17999999999999999,-60.386896975727609,60.094416209804812,37.957779836408974,28,50760,45
p001129,r0026,25,4.6500000000000004,0.5,-60.179119768702755,60.003440841411383,0.36216053635431394,40,50805,45
p001130,r0019,7,1.45,0.81999999999999995,-73.606142299152637,122.30728972272681,-37.891724535214323,26,50850,45
p001131,r0015,7,3.8500000000000001,0.17999999999999999,-60.232799807889421,60.206297718361022,38.977260163635947,36,50895,45
p001132,r0007,7,2.25,0.81999999999999995,-73.309086754921964,120.01106252399398,-38.961459884717087,29,50940,45
p001133,r0028,17,3.8500000000000001,0.5,-59.721766635603139,59.940358945443926,-0.34070384507960655,40,50985,45
p001134,r0024,25,3.0499999999999998,0.81999999999999995,-59.88379286293636,59.531148712392842,-37.939103379377094,40,51030,45
p001135,r0009,7,3.4500000000000002,0.17999999999999999,-60.182642996218341,60.163624603603886,38.951296435635889,32,51075,45
p001136,r0026,25,2.6499999999999999,0.17999999999999999,-88.11158304894758,65.897074721066019,38.625516322463575,26,51120,45
p001137,r0001,11,3.8500000000000001,0.5,-60.520376439254605,59.700685992468109,-0.85984522339324765,39,51165,45
p001138,r0005,17,3.4500000000000002,0.81999999999999995,-60.46421304078531,60.599043158243958,-39.122826924960037,40,51210,45
p001139,r0023,7,3.4500000000000002,0.5,-60.049639377253129,60.352831619493344,0.6015961211201073,35,51255,45
p001140,r0004,11,3.8500000000000001,0.5,-60.661894362649974,59.700904047312207,-0.03049515766888361,39,51300,45
p001141,r0022,11,2.25,0.81999999999999995,-72.162955667195547,114.6208387398064,-38.991872673935191,27,51345,45
p001142,r0019,17,4.6500000000000004,0.81999999999999995,-59.754456362462051,59.547576678719501,-38.730090415049368,40,51390,45
p001143,r0010,11,3.0499999999999998,0.5,-59.187936245570214,60.253368384084055,0.082716069256920821,30,51435,45
p001144,r0020,17,1.45,0.5,-59.707091173760844,60.777666254834273,0.085287540536714335,26,51480,45
p001145,r0011,17,4.6500000000000004,0.5,-60.100554863211173,59.604064470131533,0.20175480346018021,40,51525,45
p001146,r0009,17,1.8500000000000001,0.81999999999999995,-73.522960106145291,121.06268040267204,-38.947544814558157,26,51570,45
p001147,r0010,11,2.6499999999999999,0.17999999999999999,-89.990994126668085,66.562064757890255,38.832514158669753,26,51615,45
p001148,r0028,7,3.0499999999999998,0.81999999999999995,-71.631962364468492,113.16323193333261,-38.818827390864286,36,51660,45
p001149,r0010,25,3.4500000000000002,0.81999999999999995,-64.23212358481554,81.645093538422742,-38.424224502632626,40,51705,45
p001150,r0020,17,3.4500000000000002,0.81999999999999995,-65.641056459978827,84.166955604904146,-38.22561428829988,40,51750,45
p001151,r0018,25,2.6499999999999999,0.81999999999999995,-68.243726879094055,97.089228998632279,-38.933794821103319,30,51795,45
p001152,r0028,17,1.45,0.5,-59.872953669813704,59.856903368965142,0.44197484957571903,26,51840,45
p001153,r0005,17,3.8500000000000001,0.5,-59.890059424996181,59.869254367492772,-0.46040252875170468,40,51885,45
p001154,r0009,25,4.6500000000000004,0.17999999999999999,-59.723748722341355,59.40748102323591,37.513859669032001,40,51930,45
p001155,r0027,7,1.45,0.17999999999999999,-60.281129040484707,59.626097883784553,38.492797037416089,26,51975,45
p001156,r0025,7,1.8500000000000001,0.5,-60.119835907217443,60.092414764225047,0.43628942850380242,26,52020,45
p001157,r0017,25,2.25,0.81999999999999995,-64.549735559467692,78.960069164302411,-39.167970709189078,26,52065,45
p001158,r0008,17,1.45,0.5,-59.98055085493813,60.049640735257597,-0.41545505984026648,26,52110,45
p001159,r0021,7,3.8500000000000001,0.5,-59.901140428276399,60.085037013676093,-0.35805170730015307,36,52155,45
p001160,r0019,17,2.25,0.5,-60.218101545713239,60.269438133466224,-0.42433170612350751,26,52200,45
p001161,r0009,25,4.25,0.17999999999999999,-60.356940899534095,59.904447070898158,37.807397236220353,40,52245,45
p001162,r0027,11,3.4500000000000002,0.17999999999999999,-107.60091505680046,71.139279630329895,39.416044586646436,33,52290,45
p001163,r0000,25,2.6499999999999999,0.81999999999999995,-64.274314774065644,81.832411862243703,-38.425103979529965,30,52335,45
p001164,r0011,7,2.25,0.5,-60.036148132895924,59.964703097653704,-0.48572251762111024,27,52380,45
p001165,r0016,17,2.6499999999999999,0.81999999999999995,-69.004476176793474,100.77978608755015,-38.893308969211617,30,52425,45
p001166,r0003,7,2.25,0.17999999999999999,-59.911482980687943,60.328563274742891,38.235354948765341,27,52470,45
p001167,r0008,7,2.25,0.5,-59.835715529692209,59.948964395074171,-0.39337556730901896,27,52515,45
p001168,r0015,11,3.8500000000000001,0.17999999999999999,-60.096199602541247,59.971664179184486,38.809448698473858,38,52560,45
p001169,r0006,17,2.6499999999999999,0.81999999999999995,-64.500129871199817,82.125999284551824,-38.557426623164517,31,52605,45
p001170,r0026,25,2.6499999999999999,0.81999999999999995,-61.621136003840448,66.23888312541699,-39.056332560574106,30,52650,45
p001171,r0021,11,4.25,0.5,-60.065787328616501,59.935681797134485,0.38494723425899197,40,52695,45
p001172,r0007,25,3.4500000000000002,0.5,-60.11975791757807,59.727653408561864,-0.64605225450810333,39,52740,45
p001173,r0025,11,4.25,0.81999999999999995,-61.810850300887381,69.213697093407148,-38.676431769914359,40,52785,45
p001174,r0023,11,4.25,0.17999999999999999,-59.844168538699904,60.092476447754024,38.053880350192316,39,52830,45
p001175,r0018,25,1.45,0.17999999999999999,-59.665204514239505,59.843890997775887,37.882253805613118,26,52875,45
p001176,r0008,7,2.6499999999999999,0.17999999999999999,-70.557827722551991,62.822769638183189,38.364262113250859,27,52920,45
p001177,r0024,17,1.45,0.81999999999999995,-65.721195821060547,88.072463155151382,-38.48833720534239,26,52965,45
p001178,r0009,25,4.6500000000000004,0.5,-59.190621536478289,59.36670548530239,-0.36195802558794982,40,53010,45
p001179,r0028,25,4.25,0.5,-60.556391997766703,60.118258641418102,-0.66906667817430043,40,53055,45
p001180,r0010,7,1.45,0.17999999999999999,-91.47006031558135,66.688232982654753,38.669740188972256,26,53100,45
p001181,r0018,17,2.6499999999999999,0.5,-60.001583121793615,59.761078793813383,-0.57025216399011636,26,53145,45
p001182,r0009,7,2.6499999999999999,0.5,-59.653271526190466,60.394172636186099,-0.079549445002183472,29,53190,45
p001183,r0006,7,4.6500000000000004,0.17999999999999999,-60.365871763232846,59.517418144909797,38.388425961444128,39,53235,45
p001184,r0024,7,3.8500000000000001,0.81999999999999995,-67.88236156599524,92.89155915859908,-38.493055835568256,40,53280,45
p001185,r0024,25,4.25,0.81999999999999995,-60.928499097123137,64.210231547662758,-37.953527581061664,40,53325,45
p001186,r0018,7,1.45,0.17999999999999999,-60.228035509002979,60.356053341192577,39.100917348157381,26,53370,45
p001187,r0014,25,1.8500000000000001,0.17999999999999999,-94.044606729377321,67.407245254809823,38.79591189765614,26,53415,45
p001188,r0017,17,3.0499999999999998,0.5,-60.444862878876783,60.037701902703454,-0.65358048808666491,29,53460,45
p001189,r0017,7,4.25,0.5,-60.105237208804212,60.296495906120413,0.54562934865810031,39,53505,45
p001190,r0022,25,2.6499999999999999,0.81999999999999995,-60.019936245859171,60.098984004631191,-37.948530600770894,31,53550,45
p001191,r0005,7,4.25,0.17999999999999999,-88.730983673874576,66.806032171828804,39.2593693196022,39,53595,45
p001192,r0011,17,1.45,0.17999999999999999,-59.652767024800539,60.030925869637386,38.937861148638561,26,53640,45
p001193,r0015,11,2.6499999999999999,0.81999999999999995,-65.790049575324105,84.719214176219651,-38.248382100046214,32,53685,45
p001194,r0000,25,2.6499999999999999,0.5,-60.413291979894133,59.50618871429679,-0.003551632798671267,26,53730,45
p001195,r0006,7,4.6500000000000004,0.81999999999999995,-65.33670608783531,82.940857699999796,-38.196744606024978,40,53775,45
p001196,r0019,17,3.4500000000000002,0.81999999999999995,-59.454158162075053,59.950693208040207,-38.411284915454303,40,53820,45
p001197,r0003,17,3.8500000000000001,0.17999999999999999,-82.558809652380532,64.785407885613211,37.813448728774333,39,53865,45
p001198,r0011,17,3.8500000000000001,0.81999999999999995,-64.525050879767633,83.947371918452887,-38.250014776087937,40,53910,45
p001199,r0012,17,4.25,0.81999999999999995,-59.830088520071122,59.866311299305963,-38.734736552583243,40,53955,45
p001200,r0013,17,1.8500000000000001,0.5,-59.926036455161572,59.956980513868253,0.46547202935334014,26,54000,45
p001201,r0021,7,4.25,0.17999999999999999,-67.9924895950804,61.992537938062952,38.145232982097149,38,54045,45
p001202,r0019,25,3.4500000000000002,0.17999999999999999,-60.335822613796083,59.966050827808445,38.761713608319639,33,54090,45
p001203,r0014,17,4.25,0.17999999999999999,-59.918291357365817,59.709100681610622,37.726170114594865,40,54135,45
p001204,r0014,17,4.25,0.5,-59.553674801427398,60.275672235717572,-0.089001282854913211,40,54180,45
p001205,r0018,11,1.45,0.81999999999999995,-63.958142294214035,72.65764955947742,-38.917299760549568,26,54225,45
p001206,r0015,7,3.0499999999999998,0.5,-59.601332980084372,59.485161564928923,0.39191429242227543,32,54270,45
p001207,r0021,7,2.25,0.17999999999999999,-95.932691334940969,67.282487593371172,38.353755386274997,27,54315,45
p001208,r0020,25,2.6499999999999999,0.5,-59.919933586983674,60.10161606564813,0.54084123933222794,26,54360,45
p001209,r0025,17,3.8500000000000001,0.17999999999999999,-89.545746528752829,66.730861607077657,38.151072142628166,39,54405,45
p001210,r0010,17,3.0499999999999998,0.17999999999999999,-105.44537742299953,70.001241800850664,37.970850340557632,27,54450,45
p001211,r0010,25,2.25,0.17999999999999999,-68.165166366865833,61.403269960777749,38.530951421801909,26,54495,45
p001212,r0018,17,2.25,0.5,-59.882400759952958,59.6097991091751,-0.58630082538892903,26,54540,45
p001213,r0009,7,1.8500000000000001,0.5,-59.995583226729281,59.339167681662275,-0.77820777253350282,26,54585,45
p001214,r0019,11,2.6499999999999999,0.81999999999999995,-59.560958355062581,60.630840341186385,-37.476434589737764,30,54630,45
p001215,r0027,25,4.25,0.17999999999999999,-59.852528991889997,60.226763675262148,38.162490995174764,40,54675,45
p001216,r0008,17,2.6499999999999999,0.17999999999999999,-60.556938527300417,59.048647829350173,37.969642285153071,26,54720,45
p001217,r0024,25,1.45,0.81999999999999995,-65.786468629380906,88.103915686485351,-38.536199452524968,26,54765,45
p001218,r0016,17,3.8500000000000001,0.17999999999999999,-60.508581752244069,59.295810352910863,37.281019773982976,39,54810,45
p001219,r0005,25,2.6499999999999999,0.17999999999999999,-107.6380214451022,70.172015687320027,38.61620900348403,26,54855,45
p001220,r0004,7,3.4500000000000002,0.81999999999999995,-66.105559846596847,89.261131742532683,-37.689555360553513,38,54900,45
p001221,r0001,25,1.45,0.17999999999999999,-81.532843264010282,65.49327617436407,39.478574675456692,26,54945,45
p001222,r0028,25,3.4500000000000002,0.17999999999999999,-60.051772642692782,59.886584207558087,37.847679974512928,33,54990,45
p001223,r0000,17,2.25,0.81999999999999995,-59.593626765230049,60.152648058947356,-38.489297296878114,26,55035,45
p001224,r0017,7,2.6499999999999999,0.17999999999999999,-59.913149556150238,60.581472414446843,39.342440459739372,28,55080,45
p001225,r0007,11,3.4500000000000002,0.81999999999999995,-60.717187191170979,59.507665195231112,-38.626713761618589,40,55125,45
p001226,r0021,11,2.25,0.17999999999999999,-99.667371484767258,68.749402666266036,37.984383319080045,26,55170,45
p001227,r0018,25,4.25,0.17999999999999999,-110.11165741738289,70.957944128770009,38.815415850462486,40,55215,45
p001228,r0022,11,3.8500000000000001,0.5,-59.828009477933676,60.353104655566625,0.71254758881647429,39,55260,45
p001229,r0017,11,4.6500000000000004,0.81999999999999995,-67.131131475507658,91.431987484393574,-38.139770062725418,40,55305,45
p001230,r0028,25,2.25,0.17999999999999999,-59.780450113222443,60.144337934706883,38.1078760860796,26,55350,45
p001231,r0014,17,1.8500000000000001,0.5,-60.206754437725941,59.178952382862015,-0.96390102743196304,26,55395,45
p001232,r0004,17,2.25,0.81999999999999995,-60.573551506965273,59.528655682655646,-39.405154212833502,26,55440,45
p001233,r0015,25,2.25,0.5,-60.481103172374716,60.309344918880342,-0.53587912674718718,26,55485,45
p001234,r0001,11,2.25,0.81999999999999995,-64.177153732918356,79.045546756697235,-38.847067644787543,27,55530,45
p001235,r0026,11,3.8500000000000001,0.17999999999999999,-68.057564700474487,61.457327816163193,38.594647163168418,38,55575,45
p001236,r0007,25,4.25,0.5,-59.848455751822961,59.823666652027363,0.43760545010220114,40,55620,45
p001237,r0010,7,2.25,0.17999999999999999,-81.361755920183384,64.54149531027781,37.828910088794792,26,55665,45
p001238,r0006,25,3.8500000000000001,0.81999999999999995,-63.244586943659982,74.470657205997696,-38.005842996721597,40,55710,45
p001239,r0020,25,1.45,0.81999999999999995,-69.033611974170483,100.19050154444801,-39.023271540819124,26,55755,45
p001240,r0021,7,4.25,0.81999999999999995,-65.111844632452616,84.574256174022295,-38.618346487287127,40,55800,45
p001241,r0007,25,1.45,0.81999999999999995,-63.413610450549918,75.123587324960198,-38.926914850958099,26,55845,45
p001242,r0006,25,4.25,0.5,-59.612578740026962,59.714392697028941,0.50090697850098986,40,55890,45
p001243,r0022,25,1.45,0.17999999999999999,-59.96581216715316,59.58228088441281,37.613624135130934,26,55935,45
p001244,r0011,11,3.4500000000000002,0.5,-60.246387542273474,60.226496880367883,0.44005466904720408,37,55980,45
p001245,r0011,17,3.4500000000000002,0.81999999999999995,-70.673962916647639,111.93374014330945,-38.254576365855357,40,56025,45
p001246,r0005,11,2.6499999999999999,0.81999999999999995,-60.440217114929204,60.002790233379798,-38.310475792233575,32,56070,45
p001247,r0022,7,2.25,0.5,-60.440685258047317,59.466948859186509,-0.936868199430404,26,56115,45
p001248,r0000,17,1.8500000000000001,0.81999999999999995,-60.818821013569647,65.345603867371182,-38.559224535000297,26,56160,45
p001249,r0014,11,3.8500000000000001,0.81999999999999995,-60.435298664009323,59.480599453354941,-39.300437002883754,40,56205,45
p001250,r0023,25,1.8500000000000001,0.17999999999999999,-59.599498764444391,59.985556621627858,38.910246652134859,26,56250,45
p001251,r0024,7,2.25,0.5,-60.163064976314445,60.301150474739103,-0.3809572507876709,27,56295,45
p001252,r0024,25,3.8500000000000001,0.17999999999999999,-60.227823883857916,59.985578611868995,37.89716616263815,40,56340,45
p001253,r0016,11,3.4500000000000002,0.81999999999999995,-62.179283267794005,71.829378724902853,-38.507724109108565,40,56385,45
p001254,r0006,7,2.25,0.5,-59.825216695561672,60.830318964542123,0.052551134490225582,27,56430,45
p001255,r0011,11,1.45,0.5,-60.369391080036571,60.236206486949293,-0.51659229654363936,26,56475,45
p001256,r0020,11,2.25,0.17999999999999999,-99.614902177064351,68.483461431773662,37.775755982182815,26,56520,45
p001257,r0008,25,4.6500000000000004,0.5,-59.628554374095224,59.506862413229761,-0.51084598043273099,40,56565,45
p001258,r0023,7,1.8500000000000001,0.81999999999999995,-66.339737812252153,89.456940338416743,-38.746335745131745,27,56610,45
p001259,r0007,7,4.6500000000000004,0.5,-59.996652923200635,60.564564869573694,-0.16604402681347069,40,56655,45
p001260,r0000,11,3.8500000000000001,0.5,-60.396099219333642,60.136530453046198,-0.57978438314372194,39,56700,45
p001261,r0025,11,3.0499999999999998,0.81999999999999995,-60.306638261112163,59.898879113417493,-39.119645133696821,38,56745,45
p001262,r0020,7,1.45,0.17999999999999999,-60.070956938208781,59.949556160873698,37.89586380303885,26,56790,45
p001263,r0016,11,2.25,0.81999999999999995,-59.64171084550631,59.821050526899278,-37.688413798473299,27,56835,45
p001264,r0017,7,3.4500000000000002,0.5,-60.676028317274941,59.869525009623246,-0.85325165382584767,36,56880,45
p001265,r0010,11,2.25,0.5,-60.439283163714727,59.718137135760337,0.089426986022805022,26,56925,45
p001266,r0013,7,2.25,0.17999999999999999,-60.243538607131413,60.244643401857218,39.006770640239267,27,56970,45
p001267,r0007,11,1.45,0.5,-60.548187610446014,59.313033664165452,-0.16757697314028092,26,57015,45
p001268,r0026,17,3.0499999999999998,0.81999999999999995,-62.207819260887661,71.503389112497445,-37.689801753678324,39,57060,45
p001269,r0022,7,2.6499999999999999,0.81999999999999995,-63.514800864514079,76.706911251927636,-37.824892683554566,31,57105,45
p001270,r0026,7,1.8500000000000001,0.81999999999999995,-63.618481671313887,76.811589044429681,-37.891068942480032,27,57150,45
p001271,r0003,11,1.45,0.17999999999999999,-92.663177702618626,67.002042486666042,37.812302852594797,26,57195,45
p001272,r0018,7,3.0499999999999998,0.5,-59.362843309207747,59.383109302121383,0.46013299645681799,32,57240,45
p001273,r0028,25,1.45,0.5,-60.439524342928514,60.055904693991202,0.25819017553134388,26,57285,45
p001274,r0028,11,3.0499999999999998,0.81999999999999995,-59.906723300844945,60.362939317132401,-37.808184029609009,37,57330,45
p001275,r0014,17,2.6499999999999999,0.81999999999999995,-72.815263881661934,120.92022179574064,-38.392876459729465,33,57375,45
p001276,r0006,17,4.6500000000000004,0.17999999999999999,-60.103610891417453,59.999734385938552,38.831132236014476,40,57420,45
p001277,r0008,7,3.0499999999999998,0.81999999999999995,-71.954919078992816,111.43313866752612,-38.495068684619397,36,57465,45
p001278,r0023,11,4.25,0.81999999999999995,-66.818021422695836,89.701263704418196,-39.09455009981528,40,57510,45
p001279,r0018,11,2.25,0.17999999999999999,-60.630315323139882,59.936468782812,37.784447643740663,26,57555,45
p001280,r0002,11,3.4500000000000002,0.81999999999999995,-60.411014002241672,60.624215779058176,-38.174672641607685,40,57600,45
p001281,r0008,25,3.4500000000000002,0.17999999999999999,-98.889103585822568,68.279140575339682,37.738856626330474,33,57645,45
p001282,r0009,25,1.8500000000000001,0.81999999999999995,-59.683970114122872,60.10158912316065,-38.572569451411837,26,57690,45
p001283,r0027,11,1.8500000000000001,0.17999999999999999,-91.243308253785813,66.232686817046428,37.437007704296619,26,57735,45
p001284,r0016,11,1.45,0.5,-60.629270556692674,60.524891095563262,0.39781026943529413,26,57780,45
p001285,r0005,7,4.6500000000000004,0.17999999999999999,-63.514697446611734,60.235816908928854,38.41072432493155,40,57825,45
p001286,r0026,17,3.8500000000000001,0.5,-59.920587019209698,59.985765848697788,-0.41741058525595492,40,57870,45
p001287,r0009,7,1.45,0.5,-60.320048472814968,60.171072918507114,0.3755122228460735,26,57915,45
p001288,r0022,7,3.8500000000000001,0.81999999999999995,-63.106559458432812,74.635617432294211,-37.862967618101933,39,57960,45
p001289,r0014,11,3.8500000000000001,0.17999999999999999,-60.58490668734747,60.25528059924379,38.95404688765737,38,58005,45
p001290,r0016,17,4.25,0.17999999999999999,-59.600294183109554,59.831894972916629,38.784100924831918,40,58050,45
p001291,r0004,7,2.25,0.5,-59.732056417643506,59.644217732281263,-0.49391934268112153,27,58095,45
p001292,r0019,17,1.45,0.5,-60.618050644318657,60.290362823864527,0.28615608977293477,26,58140,45
p001293,r0002,17,3.0499999999999998,0.81999999999999995,-70.972371299659315,110.04847948367468,-37.938618158659182,39,58185,45
p001294,r0014,11,1.45,0.5,-59.963689186498328,59.691702732979223,0.31400677324044751,26,58230,45
p001295,r0026,11,3.8500000000000001,0.81999999999999995,-60.620497266644108,62.262466648759549,-38.951563761871434,40,58275,45
p001296,r0003,7,2.6499999999999999,0.81999999999999995,-63.632222775642461,75.877078255955354,-38.070548589954853,32,58320,45
p001297,r0020,7,2.25,0.17999999999999999,-89.484759855418432,65.697841188669656,38.214973000733806,27,58365,45
p001298,r0000,7,4.6500000000000004,0.5,-59.7705286492196,59.866854563722839,0.4981629572516198,40,58410,45
p001299,r0028,25,4.25,0.17999999999999999,-98.902500409075074,68.325313329001844,37.774306856148002,40,58455,45
p001300,r0027,7,3.8500000000000001,0.17999999999999999,-92.434065429138784,67.475927541496773,38.242128806782375,35,58500,45
p001301,r0021,17,3.4500000000000002,0.17999999999999999,-59.999943305469628,60.200454123020563,38.114382585892329,33,58545,45
p001302,r0005,7,1.8500000000000001,0.81999999999999995,-67.129517055292951,91.279627433904651,-38.165871047237374,27,58590,45
p001303,r0023,25,3.0499999999999998,0.17999999999999999,-77.775659136315426,64.232380952856246,38.220933736805343,26,58635,45
p001304,r0006,11,2.25,0.81999999999999995,-66.012635610122729,89.148616230056291,-37.633610278890501,27,58680,45
p001305,r0009,17,3.0499999999999998,0.5,-60.349818917856325,59.832063212091285,-0.70887785288252014,29,58725,45
p001306,r0002,7,2.6499999999999999,0.17999999999999999,-89.163098886015007,66.099681327264648,38.602380888874315,29,58770,45
p001307,r0015,7,1.45,0.5,-59.645609794555213,60.591836834999881,0.92311352022233417,26,58815,45
p001308,r0022,17,2.6499999999999999,0.17999999999999999,-59.42681095622563,59.810416794490365,37.897715799361485,26,58860,45
p001309,r0005,7,4.25,0.81999999999999995,-67.193193778566695,92.650923071083099,-38.871252745629718,40,58905,45
p001310,r0005,17,3.4500000000000002,0.17999999999999999,-100.53749269494571,68.913560350432903,38.862370802264756,33,58950,45
p001311,r0019,11,2.6499999999999999,0.17999999999999999,-60.126667164625303,59.363859308622395,37.405564543437805,26,58995,45
p001312,r0025,11,2.25,0.17999999999999999,-59.467460922381534,60.131693052575244,38.153845337083027,26,59040,45
p001313,r0028,25,3.0499999999999998,0.17999999999999999,-82.550148060787464,64.834197742188024,37.855015497652438,26,59085,45
p001314,r0006,17,2.25,0.17999999999999999,-73.673179784203953,62.965577483742145,37.920601175511848,26,59130,45
p001315,r0028,11,3.4500000000000002,0.17999999999999999,-59.761248018746358,60.195841071923084,39.053565035602588,33,59175,45
p001316,r0002,17,3.4500000000000002,0.5,-59.961133288976825,60.214572809011216,0.57671976001719538,38,59220,45
p001317,r0015,17,1.45,0.17999999999999999,-111.53822176055768,71.637036168042926,39.115489740894816,26,59265,45
p001318,r0019,7,4.25,0.17999999999999999,-81.458819181622431,65.056616129805008,38.233837773748064,38,59310,45
p001319,r0015,17,3.4500000000000002,0.5,-59.33419632953462,59.821164598435416,-0.20651586554960205,38,59355,45
p001320,r0022,7,4.25,0.17999999999999999,-83.498144996487795,65.591738545084695,39.205559507601649,39,59400,45
p001321,r0011,7,2.6499999999999999,0.81999999999999995,-61.257048670619071,64.920332704063497,-38.995120023176199,31,59445,45
p001322,r0021,7,4.6500000000000004,0.5,-60.249430104965526,60.402251182192288,-0.37358946138661936,40,59490,45
p001323,r0016,7,3.4500000000000002,0.17999999999999999,-60.152736164657249,59.669529587779074,38.551521752340541,33,59535,45
p001324,r0009,11,2.6499999999999999,0.81999999999999995,-65.423211012153672,81.008342360347541,-39.515531405103445,32,59580,45
p001325,r0009,25,2.6499999999999999,0.81999999999999995,-61.217378612789496,65.489298489667178,-37.960176734347286,31,59625,45
p001326,r0023,17,4.6500000000000004,0.81999999999999995,-63.170998112703593,75.770655341212645,-38.611500490998665,40,59670,45
p001327,r0001,11,4.6500000000000004,0.17999999999999999,-95.983638425282564,67.908421051420277,38.85785034561377,40,59715,45
p001328,r0022,7,2.6499999999999999,0.17999999999999999,-92.751327079599776,67.948724490239655,39.472715207668557,28,59760,45
p001329,r0028,25,3.8500000000000001,0.17999999999999999,-68.98977872906859,61.662861693003023,37.695386417030136,40,59805,45
p001330,r0009,7,4.6500000000000004,0.17999999999999999,-105.0134233621461,69.660196560490434,38.668944974415865,39,59850,45
p001331,r0023,7,3.4500000000000002,0.17999999999999999,-59.89240053799189,59.783032125504292,38.691454246074983,32,59895,45
p001332,r0002,11,1.45,0.17999999999999999,-85.45107478760292,65.181584192859276,38.517705576376088,26,59940,45
p001333,r0013,17,3.8500000000000001,0.81999999999999995,-59.653939317533094,59.896678704386964,-38.584828073587481,40,59985,45
p001334,r0003,25,4.25,0.81999999999999995,-59.571525688278768,59.949573205161123,-38.507727887459588,40,60030,45
p001335,r0018,11,2.6499999999999999,0.81999999999999995,-70.252887389058742,105.96882009485806,-38.082980041953704,32,60075,45
p001336,r0000,25,1.45,0.81999999999999995,-60.206494631038396,59.855904420241203,-38.145262801808059,26,60120,45
p001337,r0003,11,2.25,0.5,-60.570525618653186,60.209469855249303,-0.6305278817019413,26,60165,45
p001338,r0028,25,1.8500000000000001,0.5,-59.775200972133945,60.439940105904128,0.78236956688509163,26,60210,45
p001339,r0020,17,1.8500000000000001,0.17999999999999999,-60.496139680057823,60.000115574880894,37.860789628991924,26,60255,45
p001340,r0011,11,3.0499999999999998,0.5,-59.851311937083537,59.813610705158652,-0.46885061596244243,29,60300,45
p001341,r0020,7,3.0499999999999998,0.5,-60.679360322323717,60.010716363545029,-0.78432197938934389,32,60345,45
p001342,r0001,17,1.45,0.81999999999999995,-65.723107000354261,86.978846928106535,-37.786755293231309,26,60390,45
p001343,r0012,25,2.6499999999999999,0.17999999999999999,-80.715730248720135,64.833422403043215,39.084574925725818,26,60435,45
p001344,r0015,25,4.25,0.5,-59.827121993106239,59.519019404178884,0.29594870553632263,40,60480,45
p001345,r0013,7,1.8500000000000001,0.17999999999999999,-110.21148020644134,70.885500595846139,37.838044051434395,26,60525,45
p001346,r0022,25,4.6500000000000004,0.5,-60.288577210399879,59.499866140600616,-0.84435553489963122,40,60570,45
p001347,r0004,25,4.25,0.17999999999999999,-59.975531421872375,60.162713991414762,38.087829817023078,40,60615,45
p001348,r0021,11,3.0499999999999998,0.17999999999999999,-59.780960600817302,59.569932990164915,37.636772143788114,28,60660,45
p001349,r0028,17,3.4500000000000002,0.81999999999999995,-59.81979569459309,60.230809745574376,-37.760686715362937,40,60705,45
p001350,r0026,25,2.25,0.5,-60.272192298584443,59.736249040689799,0.18202837105267805,26,60750,45
p001351,r0001,17,4.6500000000000004,0.5,-60.65714013693097,60.146743520251682,-0.70519830833964359,40,60795,45
p001352,r0009,25,3.0499999999999998,0.81999999999999995,-69.621192028798077,105.74270791904885,-37.605690038185614,40,60840,45
p001353,r0017,7,3.4500000000000002,0.81999999999999995,-72.806046381582448,118.21103777191858,-38.872971233952256,38,60885,45
p001354,r0020,11,3.0499999999999998,0.5,-59.446308720273421,59.913066324791302,0.68337880225894021,31,60930,45
p001355,r0013,11,2.25,0.17999999999999999,-67.823654844301757,62.018251801588441,38.196708605328205,26,60975,45
p001356,r0019,25,4.6500000000000004,0.17999999999999999,-59.450634077481702,60.350683404628526,38.336446257848685,40,61020,45
p001357,r0015,25,2.6499999999999999,0.81999999999999995,-59.953064122143843,59.847854981066511,-37.938898683565974,31,61065,45
p001358,r0006,7,1.45,0.5,-59.741465847148653,60.301827122935499,-0.16981936210657694,26,61110,45
p001359,r0024,7,2.6499999999999999,0.17999999999999999,-60.246843692699485,60.365157005450868,39.104996879783812,27,61155,45
p001360,r0003,11,1.45,0.81999999999999995,-66.48667165234329,91.042894205186826,-37.681349797987863,26,61200,45
p001361,r0023,17,1.8500000000000001,0.17999999999999999,-60.192438744954785,59.666806759621238,37.642142568797553,26,61245,45
p001362,r0015,25,3.4500000000000002,0.5,-59.738063521378102,59.612027270375002,-0.51301812550155002,40,61290,45
p001363,r0021,11,1.45,0.81999999999999995,-60.215867662357454,59.96062744233555,-38.134098543512707,26,61335,45
p001364,r0023,25,2.25,0.5,-59.872424302071337,60.422123599238589,0.72484964858362555,26,61380,45
p001365,r0028,7,4.6500000000000004,0.17999999999999999,-79.532838678493917,64.719336387395799,38.303944875535649,39,61425,45
p001366,r0024,11,3.0499999999999998,0.17999999999999999,-68.311975511806025,61.953303075046904,38.955552929413379,29,61470,45
p001367,r0001,17,2.6499999999999999,0.5,-59.797740441416408,59.905559549590421,0.50390955408700644,26,61515,45
p001368,r0000,11,1.45,0.17999999999999999,-64.450882982538246,61.300185814153672,39.114993430749124,26,61560,45
p001369,r0023,7,3.8500000000000001,0.5,-60.120606654091837,59.9074583711567,0.34342585853243152,38,61605,45
p001370,r0008,11,3.0499999999999998,0.17999999999999999,-81.000409121501804,64.24908864384787,37.654179046084927,27,61650,45
p001371,r0017,11,4.25,0.5,-60.13398937871677,60.219326917788059,-0.4073312304643551,40,61695,45
p001372,r0002,7,1.8500000000000001,0.17999999999999999,-60.22274144988986,60.45006201821424,38.278957393955501,26,61740,45
p001373,r0020,17,3.0499999999999998,0.81999999999999995,-60.570492241925152,60.053953608234309,-38.408091988896444,40,61785,45
p001374,r0024,17,4.25,0.5,-60.1378757761034,60.488170286188208,-0.27485274495759598,40,61830,45
p001375,r0001,7,1.45,0.17999999999999999,-59.646047810951686,60.324741329997579,38.279999284626712,26,61875,45
p001376,r0004,7,1.45,0.17999999999999999,-108.95289684281991,71.365021997955239,38.457796606615709,26,61920,45
p001377,r0002,7,4.25,0.5,-60.22465440499348,60.48086747469825,0.57810653485238528,39,61965,45
p001378,r0024,17,1.8500000000000001,0.81999999999999995,-59.86502097102823,59.498753803845347,-38.829541511550985,26,62010,45
p001379,r0001,11,3.4500000000000002,0.5,-60.289088624661773,60.284375080867946,-0.45235677189691331,37,62055,45
p001380,r0010,25,2.25,0.81999999999999995,-60.165090106002161,59.785548723276442,-38.123975116732005,26,62100,45
p001381,r0008,17,3.4500000000000002,0.81999999999999995,-64.574354784230607,77.727988504789494,-38.50993299220697,40,62145,45
p001382,r0020,11,2.6499999999999999,0.17999999999999999,-99.837033327864077,68.720830113133303,37.930414693753775,27,62190,45
p001383,r0004,25,3.4500000000000002,0.17999999999999999,-111.40321932941903,71.23892665255093,37.913340375796331,34,62235,45
p001384,r0024,7,3.0499999999999998,0.81999999999999995,-61.233703024640832,66.042501414065597,-37.873986225673661,36,62280,45
p001385,r0023,17,4.25,0.17999999999999999,-61.182532037704391,59.913134521134779,38.56591454054373,40,62325,45
p001386,r0021,7,3.0499999999999998,0.5,-59.498729749918787,60.031711392271866,-0.18350917882346068,30,62370,45
p001387,r0016,25,4.25,0.17999999999999999,-141.65700589640133,78.120458029273522,39.010514522652052,40,62415,45
p001388,r0017,11,1.45,0.81999999999999995,-62.89010015243305,71.43982795187182,-38.260713093658168,26,62460,45
p001389,r0018,11,1.8500000000000001,0.81999999999999995,-62.371046522383153,68.028457050762455,-38.449135879216939,26,62505,45
p001390,r0006,11,3.4500000000000002,0.81999999999999995,-60.291952809160378,59.715000582686585,-38.240701198627917,39,62550,45
p001391,r0022,11,1.45,0.81999999999999995,-61.363069919201145,67.19039006283117,-37.773447122435314,26,62595,45
p001392,r0008,7,3.4500000000000002,0.81999999999999995,-64.510151579783724,78.595611595167554,-38.301114208292489,38,62640,45
p001393,r0002,17,3.0499999999999998,0.17999999999999999,-62.127100413933377,59.924941225542497,37.505573730436836,27,62685,45
p001394,r0013,25,1.45,0.81999999999999995,-70.40597426653845,107.70809169979063,-37.895442392599179,26,62730,45
p001395,r0024,11,2.6499999999999999,0.5,-59.514988374572866,60.021544078896468,-0.19672214783819869,27,62775,45
p001396,r0009,25,2.25,0.17999999999999999,-73.106262589153673,62.143821849875053,37.34880665084988,26,62820,45
p001397,r0018,25,1.8500000000000001,0.17999999999999999,-59.957535180909851,60.054535879990041,38.002363089028059,26,62865,45
p001398,r0026,17,1.45,0.17999999999999999,-59.764370699401098,59.198676418268427,37.335327937087911,26,62910,45
p001399,r0022,25,3.8500000000000001,0.81999999999999995,-59.802129609583289,59.700393578413156,-37.841675435743923,40,62955,45
p001400,r0003,25,3.0499999999999998,0.81999999999999995,-61.899342688323017,69.873151677163065,-37.730293702535505,40,63000,45
p001401,r0026,11,4.25,0.17999999999999999,-60.578687048499333,59.695750511396888,38.496351750615574,40,63045,45
p001402,r0023,25,4.25,0.17999999999999999,-60.939776381989816,59.914236913956131,37.710514520685862,40,63090,45
p001403,r0013,25,3.0499999999999998,0.17999999999999999,-59.92179187467945,59.449470417798651,38.412643205152598,26,63135,45
p001404,r0012,17,3.8500000000000001,0.5,-59.780423185354252,59.799818033871745,-0.44030257574125359,40,63180,45
p001405,r0023,25,3.8500000000000001,0.5,-59.997021714140239,60.059254608685755,0.48111644727275832,40,63225,45
p001406,r0012,11,2.25,0.81999999999999995,-62.83203503591092,70.015750543689876,-38.46943363158276,27,63270,45
p001407,r0025,7,3.4500000000000002,0.5,-60.143301659210934,60.218929884962634,-0.41218588712415,35,63315,45
p001408,r0010,17,3.4500000000000002,0.17999999999999999,-60.006926271841465,59.945738564333894,38.804258893822336,33,63360,45
p001409,r0011,25,1.45,0.81999999999999995,-60.273278142092906,59.565902141394083,-39.152225691065247,26,63405,45
p001410,r0009,7,3.0499999999999998,0.17999999999999999,-60.542581549373978,60.403570195594426,38.183262881500113,30,63450,45
p001411,r0013,17,2.25,0.81999999999999995,-69.187921267748649,104.36955529073261,-38.397575487222014,26,63495,45
p001412,r0025,11,4.6500000000000004,0.5,-59.80004284051514,60.040575259279684,-0.32973379061772762,40,63540,45
p001413,r0006,11,3.0499999999999998,0.81999999999999995,-60.036382565725781,59.771285553468338,-38.921002304270836,38,63585,45
p001414,r0011,11,2.6499999999999999,0.17999999999999999,-60.153214486468599,59.70824233280441,38.583180105335273,26,63630,45
p001415,r0002,11,3.4500000000000002,0.17999999999999999,-72.943651520796848,62.781619282626338,38.801070538010165,33,63675,45
p001416,r0020,17,3.4500000000000002,0.5,-59.83522210780567,60.436649604565609,0.75071374837996951,39,63720,45
p001417,r0003,11,1.8500000000000001,0.17999999999999999,-68.047523805467847,61.853387099902875,38.921223136936149,26,63765,45
p001418,r0017,25,2.6499999999999999,0.17999999999999999,-59.952406460688906,60.023864404730361,37.97813564895489,26,63810,45
p001419,r0020,11,3.8500000000000001,0.81999999999999995,-70.134746943195793,105.69435881785523,-38.93550790620661,40,63855,45
p001420,r0005,25,2.25,0.5,-59.979980226393089,59.642102468930354,-0.61893887873136744,26,63900,45
p001421,r0020,7,3.8500000000000001,0.17999999999999999,-106.36039346559771,69.595461555912891,37.473407652040976,36,63945,45
p001422,r0008,25,1.45,0.81999999999999995,-61.768473831441582,69.739759435441613,-38.546991843402608,26,63990,45
p001423,r0022,11,1.8500000000000001,0.81999999999999995,-65.85988858291401,89.416470964338259,-37.460143864408593,26,64035,45
p001424,r0025,25,3.4500000000000002,0.5,-60.042644110509023,59.733642534929253,-0.60450078778988536,39,64080,45
p001425,r0002,17,1.8500000000000001,0.5,-60.521439793311629,59.659824189002833,0.019192197845602277,26,64125,45
p001426,r0014,7,1.45,0.5,-60.141117874227426,59.825727848444338,0.29230498710845582,26,64170,45
p001427,r0009,11,4.6500000000000004,0.17999999999999999,-60.113525949408739,60.053665388018921,38.873570947281948,40,64215,45
p001428,r0006,11,4.6500000000000004,0.17999999999999999,-62.084452129042404,60.196888073321297,38.636246836895836,40,64260,45
p001429,r0028,7,4.6500000000000004,0.5,-60.679004644764198,59.834239451871419,0.027617403553610143,40,64305,45
p001430,r0023,7,2.25,0.5,-59.620001632395798,60.332062553297476,0.80603046045083881,27,64350,45
p001431,r0005,7,3.8500000000000001,0.5,-60.111201456594635,59.819365807945879,-0.59591782432437834,38,64395,45
p001432,r0027,11,4.25,0.81999999999999995,-64.662974751383615,82.836296085706124,-38.563106000707464,40,64440,45
p001433,r0024,7,1.8500000000000001,0.17999999999999999,-59.906890274083139,60.316381453443796,38.226192542488945,26,64485,45
p001434,r0017,7,1.45,0.17999999999999999,-59.650466004054024,60.30222662653641,38.260741953030134,26,64530,45
p001435,r0020,25,3.4500000000000002,0.17999999999999999,-59.79032910060549,60.180715403320725,39.035927392614013,34,64575,45
p001436,r0026,25,1.45,0.81999999999999995,-67.241982993701058,92.440885716252751,-38.049066625909362,26,64620,45
p001437,r0025,11,1.8500000000000001,0.17999999999999999,-67.490317672741327,61.280070586837979,37.651400700113697,26,64665,45
p001438,r0009,11,3.4500000000000002,0.81999999999999995,-70.508387637939606,110.53190416116203,-37.471135114101301,40,64710,45
p001439,r0002,7,3.0499999999999998,0.5,-59.786201717432988,60.906871607595662,0.11033494508133684,32,64755,45
p001440,r0021,11,1.8500000000000001,0.5,-59.927152254073498,60.158433393331542,0.56564056962902209,26,64800,45
p001441,r0026,25,1.45,0.5,-59.932746339084403,59.619377279879913,0.29331547039775502,26,64845,45
p001442,r0000,17,4.6500000000000004,0.5,-60.546639955003563,59.785835090309924,-0.83040243234681976,40,64890,45
p001443,r0004,25,3.0499999999999998,0.5,-59.577905766199656,59.918506652423993,0.62030044311216836,27,64935,45
p001444,r0000,7,3.0499999999999998,0.17999999999999999,-60.370152614597401,59.42285061007918,37.410110029637394,29,64980,45
p001445,r0026,17,4.6500000000000004,0.81999999999999995,-60.158605443909579,59.63241093921652,-39.046222494946882,40,65025,45
p001446,r0004,17,4.6500000000000004,0.17999999999999999,-110.18886486795822,70.678261172941603,37.672178485579636,40,65070,45
p001447,r0025,17,2.6499999999999999,0.5,-60.19311429126779,59.056892953124617,-0.11811066907158646,26,65115,45
p001448,r0021,11,4.6500000000000004,0.5,-59.786923918834837,59.953218050653511,-0.36685293409066305,40,65160,45
p001449,r0020,7,2.25,0.5,-59.117783373751884,59.949569051103673,-0.034107161324105573,27,65205,45
p001450,r0022,11,2.25,0.5,-60.082641976160211,59.876511662225134,-0.55306515696753844,26,65250,45
p001451,r0017,17,1.45,0.5,-59.806592614568011,60.020939082470655,-0.34282676604867818,26,65295,45
p001452,r0022,25,3.4500000000000002,0.17999999999999999,-60.072246698119102,60.367824361183992,38.238611570509434,33,65340,45
p001453,r0002,11,4.25,0.81999999999999995,-60.110675974998529,60.352113672398801,-37.977373838467003,40,65385,45
p001454,r0024,11,2.25,0.5,-59.678064451744468,59.501240930336074,-0.53841176070419716,26,65430,45
p001455,r0013,17,3.0499999999999998,0.81999999999999995,-59.917718706323313,59.849391305322683,-37.909638904227023,39,65475,45
p001456,r0004,17,1.45,0.81999999999999995,-60.734911560505502,60.483671423762033,-38.465566623337338,26,65520,45
p001457,r0004,7,3.8500000000000001,0.5,-59.69781917251386,60.225648648067178,0.71391473777665904,38,65565,45
p001458,r0027,7,3.0499999999999998,0.81999999999999995,-60.08092469574602,63.66834370785169,-37.356056383098419,36,65610,45
p001459,r0027,17,2.25,0.5,-60.285878228264586,60.159538541166022,0.38683015645071778,26,65655,45
p001460,r0016,17,1.8500000000000001,0.81999999999999995,-59.961577080473091,60.251864507833545,-38.773157594577896,26,65700,45
p001461,r0011,25,2.6499999999999999,0.5,-59.922118693433283,60.207828427573865,0.59285486707029089,26,65745,45
p001462,r0010,7,3.0499999999999998,0.17999999999999999,-79.448151507089761,64.026270351425822,37.750874416893012,29,65790,45
p001463,r0019,17,1.8500000000000001,0.17999999999999999,-59.782152636255304,59.907125936398373,37.913055793320709,26,65835,45
p001464,r0013,25,2.6499999999999999,0.5,-60.465590103951349,59.978315970202509,0.20636293312557968,26,65880,45
p001465,r0026,25,2.25,0.81999999999999995,-64.298633039971918,76.747999606439407,-38.460239163617871,26,65925,45
p001466,r0002,11,4.6500000000000004,0.81999999999999995,-71.713883417899552,112.8618942243543,-38.040243442293857,40,65970,45
p001467,r0014,17,3.8500000000000001,0.5,-59.468255179491642,60.020387451015701,-0.17393386423797069,40,66015,45
p001468,r0003,11,3.0499999999999998,0.81999999999999995,-59.697316843389984,59.502342717443184,-37.791378122440008,38,66060,45
p001469,r0007,7,1.8500000000000001,0.81999999999999995,-59.487626387370277,60.088378610015774,-37.513945487840779,27,66105,45
p001470,r0027,7,2.25,0.17999999999999999,-105.86767079360288,69.973593261763185,38.772165731797294,27,66150,45
p001471,r0023,17,3.4500000000000002,0.17999999999999999,-60.198962800559627,60.177060164843795,38.959376031071187,33,66195,45
p001472,r0027,11,2.6499999999999999,0.17999999999999999,-63.867954474454578,60.321997107839067,37.517805823026208,26,66240,45
p001473,r0007,17,3.0499999999999998,0.17999999999999999,-66.935846219196719,61.648850489576446,38.053605081997276,26,66285,45
p001474,r0008,17,1.8500000000000001,0.81999999999999995,-60.079638459749191,59.725893296528028,-38.064642743619288,26,66330,45
p001475,r0020,7,2.6499999999999999,0.5,-59.633840977750914,59.964557115317625,0.61535806878335531,28,66375,45
p001476,r0026,17,4.6500000000000004,0.5,-59.766956285885769,59.678762034776412,0.40590287444532153,40,66420,45
p001477,r0002,11,2.25,0.81999999999999995,-59.674940541020014,59.815822421982368,-38.616603207679582,27,66465,45
p001478,r0017,25,4.6500000000000004,0.81999999999999995,-60.129293750203061,60.558690615463171,-38.85545656438314,40,66510,45
p001479,r0000,11,3.4500000000000002,0.17999999999999999,-60.33932294360757,60.197826308415856,38.051139443051639,33,66555,45
p001480,r0000,7,4.25,0.5,-60.138564524240088,60.262365524601471,0.51190050018069111,39,66600,45
p001481,r0018,7,2.25,0.81999999999999995,-61.662109375221306,66.388788747045751,-39.062947713213234,28,66645,45
p001482,r0026,25,1.8500000000000001,0.17999999999999999,-68.713053628712203,61.879392065556338,37.922751840587999,26,66690,45
p001483,r0003,7,1.45,0.81999999999999995,-60.856838374838219,62.176371324927878,-39.160860628880322,26,66735,45
p001484,r0003,11,4.6500000000000004,0.17999999999999999,-111.03217977565849,71.558217567437282,39.141946045680044,40,66780,45
p001485,r0007,7,4.6500000000000004,0.17999999999999999,-132.67238087240452,76.268864562552722,39.109440384260424,40,66825,45
p001486,r0001,25,4.25,0.81999999999999995,-71.422841333597844,109.95908385985045,-38.324094798777139,40,66870,45
p001487,r0014,7,3.0499999999999998,0.81999999999999995,-62.196514833295623,69.96275306252582,-37.95784661204776,36,66915,45
p001488,r0022,11,2.6499999999999999,0.17999999999999999,-60.001035117643639,59.833130500933407,37.812980689589537,26,66960,45
p001489,r0018,11,1.45,0.5,-60.006129995740871,59.942958670882184,0.41841433757065688,26,67005,45
p001490,r0022,17,4.25,0.17999999999999999,-59.603908652043955,59.760138336134261,38.724609878262186,40,67050,45
p001491,r0019,17,3.8500000000000001,0.17999999999999999,-59.199082684958626,59.766371548332458,37.902589786340059,39,67095,45
p001492,r0012,7,2.25,0.81999999999999995,-59.999243999613704,59.57208417383606,-38.926404928392742,30,67140,45
p001493,r0001,25,4.6500000000000004,0.5,-60.207558747460062,59.982648033876423,-0.56245535679181979,40,67185,45
p001494,r0021,7,1.45,0.17999999999999999,-97.76119925202093,67.733517444244072,37.494468438916371,26,67230,45
p001495,r0016,25,1.8500000000000001,0.81999999999999995,-65.491323231676915,85.564970833293955,-38.751190299982156,26,67275,45
p001496,r0015,17,2.25,0.5,-60.241964673798897,60.313531246016787,0.48578328610894489,26,67320,45
p001497,r0019,17,3.0499999999999998,0.81999999999999995,-61.435986496849758,63.993643960761872,-39.30865301447966,39,67365,45
p001498,r0006,17,3.8500000000000001,0.81999999999999995,-65.603752875259531,83.082186788067503,-39.290283735860655,40,67410,45
p001499,r0028,11,2.25,0.81999999999999995,-60.241250358712222,60.161062838685844,-38.118833983180558,27,67455,45
p001500,r0021,25,1.8500000000000001,0.17999999999999999,-59.793035630295208,60.313349483426393,39.144200162956508,26,67500,45
p001501,r0023,7,2.25,0.81999999999999995,-63.115422173887225,73.487914395494983,-38.076821591398414,29,67545,45
p001502,r0016,7,4.6500000000000004,0.17999999999999999,-85.92781183171634,65.862510355944892,38.990252362165876,39,67590,45
p001503,r0012,17,3.4500000000000002,0.81999999999999995,-59.665567340270712,59.701731673950221,-38.629453517710942,40,67635,45
p001504,r0008,11,3.8500000000000001,0.17999999999999999,-77.192501287774888,63.394257807148243,37.638641170062073,38,67680,45
p001505,r0001,25,1.45,0.81999999999999995,-59.621458505187377,60.464585809472936,-38.455970528548519,26,67725,45
p001506,r0017,11,3.4500000000000002,0.81999999999999995,-69.83434682662201,105.11020616542768,-37.894327288053049,40,67770,45
p001507,r0014,25,4.25,0.81999999999999995,-75.564967604826762,129.97682649678026,-39.017444666537486,40,67815,45
p001508,r0021,17,2.25,0.17999999999999999,-64.948758720373192,61.037464604517041,38.809944406036806,26,67860,45
p001509,r0017,11,4.6500000000000004,0.17999999999999999,-77.584632765585326,64.077404751755921,39.028237998634502,40,67905,45
p001510,r0010,25,1.45,0.81999999999999995,-62.505609645168008,70.85676064031037,-38.950382993781915,26,67950,45
p001511,r0012,25,1.8500000000000001,0.5,-60.282400626912917,59.51548023236127,0.066539802724176422,26,67995,45
p001512,r0021,17,1.45,0.81999999999999995,-65.724709919737833,87.184257677579296,-38.651095752220755,26,68040,45
p001513,r0021,25,3.8500000000000001,0.5,-60.128483170658647,59.303432378502698,-0.8625253960779744,40,68085,45
p001514,r0026,25,3.8500000000000001,0.81999999999999995,-63.957052495983874,80.525170603001129,-37.500252338166561,40,68130,45
p001515,r0018,7,2.25,0.17999999999999999,-65.941689161151174,60.732226597243141,38.380921760732164,27,68175,45
p001516,r0023,17,2.6499999999999999,0.17999999999999999,-68.159579936663334,61.868386952527331,38.913352912473016,26,68220,45
p001517,r0022,25,3.8500000000000001,0.17999999999999999,-60.236765941324109,59.957861146955125,37.872828271064861,40,68265,45
p001518,r0023,11,4.6500000000000004,0.5,-60.20773561763697,60.049483087201025,-0.52912626521797246,40,68310,45
p001519,r0003,11,4.25,0.81999999999999995,-63.875940437883052,75.918218647267992,-39.162991802555865,40,68355,45
p001520,r0007,25,4.6500000000000004,0.17999999999999999,-60.214313801657923,60.359580552596057,39.106279568830345,40,68400,45
p001521,r0019,7,2.6499999999999999,0.5,-60.194154437429169,59.912386826122805,-0.59088380565318199,29,68445,45
p001522,r0021,7,2.6499999999999999,0.17999999999999999,-59.874264542685694,60.33777099002716,38.249604594138845,28,68490,45
p001523,r0015,7,1.8500000000000001,0.17999999999999999,-66.842497317790446,61.668821186279317,38.986783855546761,26,68535,45
p001524,r0016,11,1.8500000000000001,0.81999999999999995,-65.680456908567635,87.550449880685164,-37.64889368650212,26,68580,45
p001525,r0007,7,3.0499999999999998,0.5,-60.346553149473969,59.996144915223347,-0.6252041171253111,31,68625,45
p001526,r0014,11,3.4500000000000002,0.17999999999999999,-69.790935392670903,62.697791231791484,39.299820439388256,33,68670,45
p001527,r0024,7,2.25,0.17999999999999999,-59.718867352731678,60.018548521536886,38.915813664168553,27,68715,45
p001528,r0014,11,3.0499999999999998,0.5,-59.917986524073854,60.111226373214123,-0.35338007542986533,30,68760,45
p001529,r0019,17,3.8500000000000001,0.5,-59.80717091433452,59.92532251574049,0.50907580070298475,40,68805,45
p001530,r0000,25,2.25,0.5,-59.644020314277341,60.186156705994136,0.72106819585839754,26,68850,45
p001531,r0014,25,3.0499999999999998,0.5,-60.217653202508075,59.987760774299474,0.33505378589569973,28,68895,45
p001532,r0021,25,3.0499999999999998,0.5,-60.579294037468387,60.583732660737894,-0.44778068836524626,27,68940,45
p001533,r0024,11,3.0499999999999998,0.5,-60.839027855558967,59.28433459680214,-1.2273466293784139,30,68985,45
p001534,r0008,25,1.8500000000000001,0.17999999999999999,-68.203676751715633,61.808397880244272,38.856224446491495,26,69030,45
p001535,r0023,25,2.25,0.17999999999999999,-60.556163248951549,60.616666137687574,38.355556848092533,26,69075,45
p001536,r0016,11,1.45,0.17999999999999999,-89.320254028279791,66.271369085629175,37.81487692512556,26,69120,45
p001537,r0025,11,4.25,0.17999999999999999,-60.726143322970351,60.138490256042381,37.932856211820088,40,69165,45
p001538,r0013,7,3.8500000000000001,0.17999999999999999,-59.395268403670826,60.089599476678956,38.13232325821599,36,69210,45
p001539,r0003,17,1.8500000000000001,0.17999999999999999,-65.129195137552159,61.243814731214584,38.046672954836566,26,69255,45
p001540,r0015,25,3.4500000000000002,0.17999999999999999,-62.947889496232577,60.770667836716513,38.051327516785676,32,69300,45
p001541,r0015,17,2.25,0.81999999999999995,-60.00362926061657,60.208837721220419,-37.915385203885904,26,69345,45
p001542,r0019,11,4.6500000000000004,0.17999999999999999,-85.17971552980606,65.903263786631811,39.158327509673001,40,69390,45
p001543,r0016,17,3.4500000000000002,0.81999999999999995,-65.153728801544617,81.665746518200365,-39.17622324399052,40,69435,45
p001544,r0023,25,2.6499999999999999,0.5,-60.266927550974977,59.880704591700685,-0.64311147963714599,26,69480,45
p001545,r0010,17,2.6499999999999999,0.81999999999999995,-59.48367571064621,60.093323797658137,-38.409815799151424,31,69525,45
p001546,r0027,25,1.45,0.17999999999999999,-92.876454078886852,66.843322601546262,38.543762799068304,26,69570,45
p001547,r0015,17,3.4500000000000002,0.17999999999999999,-61.748865429030559,60.401214785805337,38.864200347134883,33,69615,45
p001548,r0006,11,4.6500000000000004,0.81999999999999995,-61.102612253532627,63.903840525205389,-39.051450753359781,40,69660,45
p001549,r0004,25,3.8500000000000001,0.5,-60.001392310428841,60.096903810433261,0.49775575000221012,40,69705,45
p001550,r0017,11,3.0499999999999998,0.81999999999999995,-61.552466941896355,66.599494692449895,-38.935113847714035,39,69750,45
p001551,r0009,17,3.8500000000000001,0.17999999999999999,-60.036847822879281,60.184028813620998,38.09427101905095,39,69795,45
p001552,r0009,11,1.45,0.5,-60.298647925294979,60.209368616531172,0.40536034561809658,26,69840,45
p001553,r0002,7,4.25,0.81999999999999995,-60.618459432572408,59.756245977821202,-39.401012458701551,40,69885,45
p001554,r0017,17,3.8500000000000001,0.5,-60.029960531651746,60.134117488540319,-0.39792152155571331,40,69930,45
p001555,r0019,17,2.6499999999999999,0.17999999999999999,-60.208507750791554,59.815187129351528,38.660922050925777,26,69975,45
p001556,r0022,11,1.45,0.17999999999999999,-61.197858620479892,60.289775116698777,38.872001044006623,26,70020,45
p001557,r0000,17,3.0499999999999998,0.81999999999999995,-67.0241898489503,91.840959115928783,-38.878463035272063,40,70065,45
p001558,r0008,25,2.6499999999999999,0.17999999999999999,-65.283648244776273,61.313283627752327,38.975835890697184,26,70110,45
p001559,r0007,25,1.8500000000000001,0.17999999999999999,-59.959584692370996,59.603822604430931,37.632409291006581,26,70155,45
p001560,r0028,7,3.4500000000000002,0.5,-60.857732315928708,59.952517824293643,-0.90260724581753204,34,70200,45
p001561,r0014,17,3.8500000000000001,0.81999999999999995,-71.761633962476736,112.1498769814788,-39.107561992564726,40,70245,45
p001562,r0028,17,1.8500000000000001,0.17999999999999999,-83.893968100145287,65.804095548103163,39.308444091418451,26,70290,45
p001563,r0003,7,1.45,0.17999999999999999,-79.481673639404164,64.752183195889245,38.340088965536431,26,70335,45
p001564,r0005,25,4.25,0.81999999999999995,-60.011489206903335,60.076284550237276,-37.945689930618016,40,70380,45
p001565,r0006,17,4.6500000000000004,0.5,-59.789918610254269,59.686984990390734,-0.5014668099317674,40,70425,45
p001566,r0003,25,4.6500000000000004,0.5,-60.049729562964934,59.916323138763566,-0.51670321210068404,40,70470,45
p001567,r0011,11,1.45,0.17999999999999999,-59.759749833224006,59.01168516596681,38.08282686611247,26,70515,45
p001568,r0016,17,3.4500000000000002,0.17999999999999999,-60.406297538452243,58.997098137654902,37.054486915955614,34,70560,45
p001569,r0017,25,2.6499999999999999,0.81999999999999995,-60.035431739003208,61.006384875694835,-37.797904748357553,30,70605,45
p001570,r0011,25,3.0499999999999998,0.81999999999999995,-64.720421327872955,79.097842380973205,-39.283133860280643,40,70650,45
p001571,r0027,25,3.8500000000000001,0.5,-60.078002728239113,59.497488994803433,0.15974313328216,40,70695,45
p001572,r0009,11,2.6499999999999999,0.5,-59.409837682457727,60.791058925429574,1.1406106214859235,27,70740,45
p001573,r0002,25,4.25,0.5,-60.256534182316045,59.757960797408884,0.20071330754641964,40,70785,45
p001574,r0005,25,2.25,0.81999999999999995,-60.220452476770362,59.755634321919096,-38.174756853006251,26,70830,45
p001575,r0016,11,1.45,0.81999999999999995,-60.04539772239206,59.780239223873316,-38.926783072064289,26,70875,45
p001576,r0019,17,4.25,0.17999999999999999,-59.429640720165224,60.620088290726329,39.461137068765851,40,70920,45
p001577,r0016,17,1.8500000000000001,0.17999999999999999,-59.877500400318638,60.307955547552162,38.224573476935419,26,70965,45
p001578,r0022,25,4.25,0.17999999999999999,-74.109489997466525,62.84806405504554,37.745704325593366,40,71010,45
p001579,r0025,25,1.45,0.81999999999999995,-60.129669862761602,59.410123548341566,-39.062507048763031,26,71055,45
p001580,r0001,17,3.0499999999999998,0.81999999999999995,-63.420102118690494,73.930208777325191,-38.247046157407667,39,71100,45
p001581,r0023,7,1.8500000000000001,0.5,-59.73885446195716,59.706814101986794,-0.46602017998518336,26,71145,45
p001582,r0022,7,3.0499999999999998,0.5,-60.534267898020033,59.670603704577843,-0.88183209672109508,31,71190,45
p001583,r0017,11,2.25,0.17999999999999999,-89.267213223030836,66.202789070968095,37.768188658048288,26,71235,45
p001584,r0016,7,2.25,0.17999999999999999,-60.458435493971052,59.709579609877835,37.629336891185034,26,71280,45
p001585,r0013,7,4.25,0.81999999999999995,-67.767209559729196,93.952553402468368,-38.207652226533625,40,71325,45
p001586,r0025,17,4.25,0.81999999999999995,-59.897849906552921,60.146289029198179,-37.839904898117716,40,71370,45
p001587,r0028,7,2.6499999999999999,0.81999999999999995,-63.424629707096379,77.057794030702254,-38.587793434292621,31,71415,45
p001588,r0013,7,2.25,0.81999999999999995,-65.145108144210482,86.58647688317059,-38.283422839281883,29,71460,45
p001589,r0023,25,1.45,0.17999999999999999,-101.72020243012999,68.452419945538779,38.271347917918405,26,71505,45
p001590,r0027,11,2.25,0.5,-59.946000208699516,60.077641211932345,-0.38417949838358539,26,71550,45
p001591,r0020,11,3.4500000000000002,0.17999999999999999,-69.261610344221594,61.999673880552002,38.822642720092759,33,71595,45
p001592,r0019,11,1.8500000000000001,0.5,-59.778646924026873,60.000592882888043,-0.33902702056941508,26,71640,45
p001593,r0019,11,4.25,0.5,-59.843175822152432,60.139643270291742,-0.30176627593034483,40,71685,45
p001594,r0008,11,3.4500000000000002,0.81999999999999995,-60.574642211343573,60.189663105902376,-38.387067254239291,40,71730,45
p001595,r0009,7,4.25,0.5,-60.308549623018742,60.182380367765099,0.38691537237317847,39,71775,45
p001596,r0001,25,1.8500000000000001,0.5,-60.205730942150282,59.947338908012128,0.32080398293092288,26,71820,45
p001597,r0000,11,3.4500000000000002,0.81999999999999995,-65.751217937109942,88.467999194278462,-38.44175885346003,40,71865,45
p001598,r0005,11,2.25,0.17999999999999999,-66.458546163263023,62.060717054327796,38.477249675161445,26,71910,45
p001599,r0007,11,4.6500000000000004,0.17999999999999999,-70.16977611060102,62.033268571563362,37.78672052877377,40,71955,45
p001600,r0028,7,3.8500000000000001,0.81999999999999995,-59.921620525957792,59.943274224302286,-37.895939470910974,39,72000,45
p001601,r0003,7,4.25,0.81999999999999995,-59.436545062159496,59.986718041591999,-38.390357703484227,40,72045,45
p001602,r0018,25,3.8500000000000001,0.17999999999999999,-60.444464902919904,60.01183673969259,37.879702444022342,40,72090,45
p001603,r0014,11,4.6500000000000004,0.5,-60.634268716850976,59.999504016219795,-0.7673823503155901,40,72135,45
p001604,r0012,17,4.25,0.17999999999999999,-68.371237841954311,62.044704298649201,38.119834713340566,40,72180,45
p001605,r0011,25,3.0499999999999998,0.17999999999999999,-67.604478710055133,61.761177531421382,38.025359407955605,26,72225,45
p001606,r0028,17,2.25,0.5,-60.130608459006773,60.443488364051696,0.60643995252246152,26,72270,45
p001607,r0011,25,1.45,0.5,-60.462719066148338,59.676913403661473,0.057097168756567396,26,72315,45
p001608,r0009,11,4.6500000000000004,0.5,-60.005250724611535,60.206809188968997,0.55077923217873059,40,72360,45
p001609,r0026,7,4.25,0.5,-60.479438589005454,60.428647564693279,0.42460448784391219,39,72405,45
p001610,r0017,17,4.25,0.5,-59.876018829899436,59.114042577804554,-0.83098812604744121,40,72450,45
p001611,r0018,17,3.4500000000000002,0.17999999999999999,-100.89248628667194,69.275223667964042,39.095035876129572,34,72495,45
p001612,r0026,25,4.6500000000000004,0.81999999999999995,-65.05295159418543,81.648870098263416,-38.196623689544623,40,72540,45
p001613,r0018,11,3.8500000000000001,0.17999999999999999,-60.709002242916917,59.816232246362311,37.671690038292049,38,72585,45
p001614,r0012,25,3.8500000000000001,0.17999999999999999,-60.205092827029503,59.889867827314092,37.822774909532242,40,72630,45
p001615,r0001,7,1.45,0.81999999999999995,-60.260406638012682,60.476613181898713,-38.077743070428625,26,72675,45
p001616,r0008,11,4.25,0.17999999999999999,-60.513475090778165,60.135014943004315,38.868286736923473,40,72720,45
p001617,r0001,11,1.45,0.17999999999999999,-59.976832259574621,59.867600423643921,38.745602540664592,26,72765,45
p001618,r0021,17,4.25,0.81999999999999995,-66.84979533717474,89.846981538347052,-39.094375499580806,40,72810,45
p001619,r0006,25,3.0499999999999998,0.81999999999999995,-60.161043187781452,60.043747899068215,-38.074180792148503,40,72855,45
p001620,r0018,11,4.25,0.17999999999999999,-85.057662533638421,66.008144604255534,38.366299319434617,40,72900,45
p001621,r0019,11,3.4500000000000002,0.81999999999999995,-71.066867405761741,111.29916527097143,-37.790981523949753,40,72945,45
p001622,r0023,11,3.4500000000000002,0.5,-60.830760932427673,59.39467425759694,-1.1680433374153665,37,72990,45
p001623,r0026,17,3.8500000000000001,0.81999999999999995,-62.036642696064028,67.603500812007297,-39.151416864611193,40,73035,45
p001624,r0015,7,3.4500000000000002,0.81999999999999995,-61.683058148782202,68.406417483694398,-37.816952534936405,38,73080,45
p001625,r0008,17,3.4500000000000002,0.17999999999999999,-73.143605438855246,62.5257754283396,38.555286872244537,33,73125,45
p001626,r0010,11,3.8500000000000001,0.81999999999999995,-60.691700189752886,59.67587128284449,-38.575537324685349,40,73170,45
p001627,r0001,25,2.25,0.17999999999999999,-59.950814819443465,59.656997695219914,37.677591442580507,26,73215,45
p001628,r0017,7,3.0499999999999998,0.81999999999999995,-63.824573871459066,77.329666321111006,-37.966810636796438,37,73260,45
p001629,r0007,25,4.6500000000000004,0.81999999999999995,-61.754400699018902,68.055749378522989,-37.938573685061357,40,73305,45
p001630,r0006,7,4.25,0.17999999999999999,-60.341758652688611,59.741505194921459,38.576517702351651,37,73350,45
p001631,r0002,17,3.8500000000000001,0.5,-60.233316449076071,59.721157044068633,-0.70607970250371888,40,73395,45
p001632,r0000,17,4.6500000000000004,0.81999999999999995,-72.743442338758385,120.61705476878987,-37.48855285939969,40,73440,45
p001633,r0004,25,2.6499999999999999,0.17999999999999999,-76.893703274423473,63.502824814166985,38.681449758220708,26,73485,45
p001634,r0002,7,1.45,0.81999999999999995,-64.761514030757994,80.863437981312742,-38.099022668585249,26,73530,45
p001635,r0021,7,2.25,0.5,-59.53919728294516,60.261344225337815,0.81107347119632744,27,73575,45
p001636,r0019,11,1.8500000000000001,0.81999999999999995,-67.182379847226258,92.745716714095636,-38.845322466188307,26,73620,45
p001637,r0026,11,1.8500000000000001,0.81999999999999995,-68.566624580481431,101.21571684501293,-38.455803123892437,26,73665,45
p001638,r0000,17,4.6500000000000004,0.17999999999999999,-72.571660352845555,62.773340069663703,37.96123999361204,40,73710,45
p001639,r0015,25,1.45,0.5,-59.943593882334298,59.536642881936118,-0.65347550019909018,26,73755,45
p001640,r0000,25,4.6500000000000004,0.5,-59.228394767515972,59.772488504446947,0.72204686846548749,40,73800,45
p001641,r0012,25,4.6500000000000004,0.17999999999999999,-98.833762296982854,68.734149761700806,39.021925591137759,40,73845,45
p001642,r0027,7,3.4500000000000002,0.17999999999999999,-59.555755676265463,59.908205101792404,37.954692161741988,33,73890,45
p001643,r0009,7,4.6500000000000004,0.5,-59.704401134385705,60.497211496076432,-0.053594819154636764,40,73935,45
p001644,r0023,7,4.25,0.17999999999999999,-90.86503251055376,67.228695870216725,38.321824761678037,38,73980,45
p001645,r0021,11,1.45,0.5,-60.104878989439889,60.116753712394548,0.45593736147732927,26,74025,45
p001646,r0025,25,4.25,0.81999999999999995,-60.052689457604465,59.663558776413552,-38.953764775481218,40,74070,45
p001647,r0004,7,2.25,0.17999999999999999,-70.372127299442823,61.982354299222109,38.608547611462427,26,74115,45
p001648,r0009,25,3.4500000000000002,0.17999999999999999,-101.05562253284042,69.065773472321297,38.893922191392193,33,74160,45
p001649,r0000,7,2.25,0.5,-60.259876466942075,59.934340200072796,-0.6127681334346391,27,74205,45
p001650,r0019,11,3.8500000000000001,0.5,-60.057323181238438,60.113787207668146,0.47823201321485415,39,74250,45
p001651,r0011,25,1.8500000000000001,0.17999999999999999,-69.155131553554469,61.9010936865551,38.760973143335377,26,74295,45
p001652,r0003,7,3.8500000000000001,0.5,-60.804767393168319,60.176349512972536,-0.76420894009789175,37,74340,45
p001653,r0022,7,3.0499999999999998,0.17999999999999999,-93.5820842198534,67.376240034401349,38.853741668635493,29,74385,45
p001654,r0022,11,2.25,0.17999999999999999,-59.333554705286467,60.177094716168476,38.215177820306586,26,74430,45
p001655,r0011,7,2.25,0.17999999999999999,-60.15460832399927,60.155294520686525,38.049512008643077,27,74475,45
p001656,r0002,17,2.6499999999999999,0.17999999999999999,-62.954959235817213,61.129183422926886,38.344037744352946,26,74520,45
p001657,r0007,7,1.45,0.81999999999999995,-60.096739507775503,60.050703944105436,-38.020199686436925,26,74565,45
p001658,r0015,7,3.8500000000000001,0.5,-59.76172727261936,59.87957175924749,0.50892224331406477,37,74610,45
p001659,r0022,17,1.45,0.5,-60.246116208043432,60.184354461021897,-0.48088087351076753,26,74655,45
p001660,r0010,25,3.0499999999999998,0.17999999999999999,-110.6602501996844,71.087281547735728,38.82272583320011,26,74700,45
p001661,r0007,17,4.25,0.17999999999999999,-68.31882999817816,61.849482959064929,37.969186626761172,40,74745,45
p001662,r0000,7,1.45,0.81999999999999995,-63.212750468061316,73.271455126892633,-38.19559346096959,26,74790,45
p001663,r0004,11,2.25,0.5,-60.397658340438184,59.759875003975694,0.13110833176875475,26,74835,45
p001664,r0011,7,4.25,0.81999999999999995,-71.578019807428049,113.94686546460423,-38.633540458462235,40,74880,45
p001665,r0024,25,4.25,0.17999999999999999,-162.86312536950149,82.09178411898435,37.549900411056896,40,74925,45
p001666,r0022,17,3.8500000000000001,0.17999999999999999,-59.974235105094472,59.677334590750995,37.69005204549881,39,74970,45
p001667,r0027,17,4.25,0.5,-60.321796042489808,60.073211306800317,0.32570763215525461,40,75015,45
p001668,r0002,17,1.8500000000000001,0.17999999999999999,-68.507143515014263,62.260524364690184,39.172344146343391,26,75060,45
p001669,r0028,11,2.6499999999999999,0.17999999999999999,-59.979748030060051,59.979171390206631,37.936565894558626,26,75105,45
p001670,r0001,17,3.8500000000000001,0.81999999999999995,-71.954145173181701,114.99160957381969,-38.753909318721455,40,75150,45
p001671,r0020,25,3.0499999999999998,0.81999999999999995,-60.809770221458962,62.005999255933396,-38.252931715528341,40,75195,45
p001672,r0003,11,2.6499999999999999,0.81999999999999995,-60.720604942591493,60.545540891814291,-39.34269869239845,32,75240,45
p001673,r0021,17,4.25,0.17999999999999999,-59.964486202221025,60.030495951682028,37.981399163979475,40,75285,45
p001674,r0020,7,2.25,0.81999999999999995,-68.713439005097257,101.48318743814498,-38.528046245313647,29,75330,45
p001675,r0016,25,3.8500000000000001,0.17999999999999999,-83.536325142512084,64.909959562138354,37.739628315301275,40,75375,45
p001676,r0013,11,1.8500000000000001,0.5,-60.853474126775957,59.77569303295072,-0.98889054691261857,26,75420,45
p001677,r0013,17,4.6500000000000004,0.5,-59.940407727092442,60.04389935211352,0.50174581251053918,40,75465,45
p001678,r0015,17,2.6499999999999999,0.81999999999999995,-59.718301948223974,60.265266679056104,-37.671259595313551,32,75510,45
p001679,r0002,25,3.4500000000000002,0.81999999999999995,-60.301884891852382,59.67133039821622,-38.256706139640023,40,75555,45
p001680,r0005,17,4.6500000000000004,0.17999999999999999,-81.970750381775005,65.085966503207146,38.165757463910353,40,75600,45
p001681,r0007,11,2.6499999999999999,0.17999999999999999,-60.148645871906211,60.261765563939832,38.137891505487545,26,75645,45
p001682,r0022,25,2.25,0.81999999999999995,-59.820289524984162,59.59333732282218,-37.875836692379011,26,75690,45
p001683,r0020,7,1.8500000000000001,0.81999999999999995,-60.350530895569847,62.485569831696175,-38.690032764661971,27,75735,45
p001684,r0014,17,3.0499999999999998,0.81999999999999995,-69.179329382882628,102.20158742675019,-37.88076435714872,39,75780,45
p001685,r0018,11,1.8500000000000001,0.5,-59.591605369916643,59.900737281020774,-0.29543404444793425,26,75825,45
p001686,r0019,11,4.25,0.81999999999999995,-61.885001991477829,66.089144915610291,-39.299655548201955,40,75870,45
p001687,r0012,11,1.45,0.5,-59.727802438607874,59.579532717471047,0.37586513943158623,26,75915,45
p001688,r0024,11,1.45,0.81999999999999995,-60.693170118068934,64.706709882939748,-37.671191717887368,26,75960,45
p001689,r0026,25,4.25,0.5,-60.628167289650541,59.996277350031811,0.13405503019063475,40,76005,45
p001690,r0006,11,1.45,0.5,-59.92772516970021,60.215834275984861,0.59405455314232536,26,76050,45
p001691,r0024,7,1.8500000000000001,0.5,-59.608682934191236,59.831550031719203,0.56143354876398344,26,76095,45
p001692,r0014,11,4.25,0.5,-59.898840793318271,59.679602174099415,0.34038069039057178,40,76140,45
p001693,r0005,25,3.0499999999999998,0.5,-59.70795355373042,60.15252632565921,-0.22771361403560492,28,76185,45
p001694,r0004,17,3.0499999999999998,0.5,-60.096135256277343,60.15655391359649,-0.41979067134042652,29,76230,45
p001695,r0013,7,1.8500000000000001,0.81999999999999995,-59.782595347413036,59.733722605640544,-37.819658115863383,27,76275,45
p001696,r0005,25,3.4500000000000002,0.5,-60.144298866938691,59.974435636816402,0.36506838493885568,39,76320,45
p001697,r0006,25,4.6500000000000004,0.81999999999999995,-76.803013979318024,135.5395683940134,-39.031349152118352,40,76365,45
p001698,r0019,7,2.6499999999999999,0.81999999999999995,-59.776703352944338,60.048413992019817,-37.758182230850778,31,76410,45
p001699,r0016,25,2.25,0.81999999999999995,-59.822833106692507,60.431400882695421,-37.727070988602669,26,76455,45
p001700,r0013,7,2.6499999999999999,0.81999999999999995,-67.019672037847641,92.403374663417281,-37.873523631619932,32,76500,45
p001701,r0004,25,3.4500000000000002,0.81999999999999995,-65.198657277004926,83.338955208037603,-38.011887029697263,40,76545,45
p001702,r0000,17,1.8500000000000001,0.17999999999999999,-73.99944849020082,63.357919919350778,39.083593605631492,26,76590,45
p001703,r0002,17,2.6499999999999999,0.5,-60.064924913288806,59.797023181365844,0.31604913403851925,26,76635,45
p001704,r0001,7,3.4500000000000002,0.17999999999999999,-106.76832942804705,70.206299466034736,38.800866265100019,32,76680,45
p001705,r0009,7,3.8500000000000001,0.17999999999999999,-95.655860119788969,68.059915199300988,38.141075641864788,36,76725,45
p001706,r0019,17,1.45,0.81999999999999995,-67.905511821781673,95.131507518682909,-39.008848340498048,26,76770,45
p001707,r0014,17,2.25,0.5,-60.304778946377802,59.706745626750298,-0.74901665981375198,26,76815,45
p001708,r0025,17,3.4500000000000002,0.5,-60.184702299971363,60.202431197131816,-0.44113555141977373,38,76860,45
p001709,r0022,17,2.6499999999999999,0.81999999999999995,-59.842444485689413,59.68513856967661,-37.877479535723523,30,76905,45
p001710,r0017,25,2.25,0.5,-60.01922179362947,59.745743706486465,-0.58673904357150231,26,76950,45
p001711,r0018,7,3.8500000000000001,0.5,-60.356184967441514,59.812879370124996,0.17834720134174092,38,76995,45
p001712,r0001,17,2.25,0.5,-60.247359498272772,59.461986463306928,-0.84268651748292167,26,77040,45
p001713,r0020,7,3.4500000000000002,0.81999999999999995,-60.03652516121268,58.978299033532245,-38.163856806158584,38,77085,45
p001714,r0004,7,4.6500000000000004,0.81999999999999995,-73.252299985557784,120.90887592016766,-37.853288322527192,40,77130,45
p001715,r0014,17,2.25,0.81999999999999995,-59.841541315178276,60.226365101514219,-37.779318160173617,26,77175,45
p001716,r0025,25,1.45,0.17999999999999999,-129.97413330559885,75.39447772421957,37.978127738852251,26,77220,45
p001717,r0024,17,1.8500000000000001,0.17999999999999999,-77.450108465350297,63.852390104545542,38.867940361964294,26,77265,45
p001718,r0012,17,4.25,0.5,-60.279702455272115,60.570983969993108,0.59564075736049626,40,77310,45
p001719,r0017,7,4.25,0.81999999999999995,-76.84930617483559,136.65785164214077,-37.968017767779841,40,77355,45
p001720,r0020,17,3.8500000000000001,0.17999999999999999,-104.39824663296065,69.402289306910063,37.668192837733329,40,77400,45
p001721,r0016,7,2.25,0.5,-60.099879111034262,60.338732248250544,0.56942656860814078,27,77445,45
p001722,r0009,7,4.25,0.17999999999999999,-81.878849285816585,64.897819625372577,38.02801922135852,38,77490,45
p001723,r0012,7,3.8500000000000001,0.17999999999999999,-59.481360562030474,60.237406204008636,38.238028186121596,36,77535,45
p001724,r0001,17,4.25,0.17999999999999999,-59.997589470000307,59.965036526323949,38.82176384698559,40,77580,45
p001725,r0007,7,3.8500000000000001,0.17999999999999999,-61.176030930565574,60.181123195944807,37.886835453172935,36,77625,45
p001726,r0016,17,2.25,0.5,-60.116515201938945,59.894017813576959,0.33875130581900664,26,77670,45
p001727,r0023,11,2.6499999999999999,0.5,-60.160565561619642,59.658707351804487,0.19907089509242298,28,77715,45
p001728,r0010,7,3.0499999999999998,0.5,-59.212199169509063,60.109945537630807,0.89887318406087213,31,77760,45
p001729,r0003,11,3.8500000000000001,0.17999999999999999,-60.739442602775732,59.880022616565633,37.718518877084186,36,77805,45
p001730,r0014,11,3.8500000000000001,0.5,-60.85604521368623,59.863867301126518,-0.94608895627985556,40,77850,45
p001731,r0001,11,1.8500000000000001,0.81999999999999995,-75.566966096014056,133.01363993455212,-37.572457010512139,26,77895,45
p001732,r0015,11,3.4500000000000002,0.17999999999999999,-69.874800256424493,62.150935199664389,37.936302817568389,35,77940,45
p001733,r0016,11,4.25,0.5,-59.779599896926186,60.195951648102437,0.65817587558812529,40,77985,45
p001734,r0010,7,3.8500000000000001,0.17999999999999999,-60.357355871337397,60.538372169735133,39.227141122342083,35,78030,45
p001735,r0007,11,1.8500000000000001,0.81999999999999995,-67.592335100218918,95.695131161884035,-37.750591173040377,26,78075,45
p001736,r0005,25,1.8500000000000001,0.17999999999999999,-64.229802206530763,60.894082524524464,37.921783272934519,26,78120,45
p001737,r0003,7,3.4500000000000002,0.5,-59.852712254148102,59.572972742153155,-0.58986975599747349,34,78165,45
p001738,r0022,7,3.8500000000000001,0.5,-59.507036373651097,59.755064299815935,0.57401396308241881,37,78210,45
p001739,r0017,7,1.8500000000000001,0.81999999999999995,-70.895483946005271,111.31718663813785,-38.547203240859503,27,78255,45
p001740,r0028,7,1.8500000000000001,0.17999999999999999,-60.01110585738553,60.088639943975565,38.020685699730564,26,78300,45
p001741,r0024,11,4.25,0.81999999999999995,-59.063537543776235,60.027724543894962,-37.177110367995411,40,78345,45
p001742,r0015,17,3.8500000000000001,0.5,-60.097253256965374,59.530262129231247,0.16650443613293647,40,78390,45
p001743,r0026,7,1.8500000000000001,0.17999999999999999,-73.20053686562494,63.088834666032916,38.106747790334502,26,78435,45
p001744,r0025,7,2.25,0.81999999999999995,-66.877947309295081,90.886546361718104,-38.030338448512694,28,78480,45
p001745,r0011,17,2.6499999999999999,0.5,-60.134357851696606,59.817299491224048,0.29147081976372108,26,78525,45
p001746,r0022,7,4.6500000000000004,0.81999999999999995,-64.10000046937779,78.034066117594165,-38.065868483722824,40,78570,45
p001747,r0016,7,3.0499999999999998,0.81999999999999995,-59.731573799012125,59.981902758815231,-37.733148018603195,35,78615,45
p001748,r0011,17,1.45,0.81999999999999995,-66.667626911343646,91.238729623171679,-38.694482735130904,26,78660,45
p001749,r0021,25,1.8500000000000001,0.5,-59.903271011456425,60.324530652108322,0.66062982032594841,26,78705,45
p001750,r0011,11,2.6499999999999999,0.81999999999999995,-66.298839164678341,88.811696466020891,-38.828942751152482,31,78750,45
p001751,r0015,7,3.4500000000000002,0.17999999999999999,-92.402354655062354,67.708518140324685,38.438561037155019,33,78795,45
p001752,r0003,7,1.8500000000000001,0.5,-60.115698017906908,60.317889594488264,-0.34890421170932201,26,78840,45
p001753,r0010,17,2.6499999999999999,0.5,-59.51332265287877,60.775937745918583,0.18130754651990627,26,78885,45
p001754,r0018,11,2.25,0.81999999999999995,-60.286155651764702,60.30216153386538,-39.030258558351285,27,78930,45
p001755,r0001,11,3.4500000000000002,0.17999999999999999,-60.770570294575904,59.833935659078193,38.575124587420461,32,78975,45
p001756,r0027,11,3.4500000000000002,0.81999999999999995,-59.48169096336467,60.289589676188427,-38.372860448245106,40,79020,45
p001757,r0003,17,2.6499999999999999,0.17999999999999999,-60.686901060859647,60.347642494892426,38.111424654857053,26,79065,45
p001758,r0020,25,1.45,0.5,-60.267437568687676,59.463380327022925,-0.85202862083237529,26,79110,45
p001759,r0002,7,3.0499999999999998,0.81999999999999995,-68.541247003944889,98.912245645555089,-38.849618327034889,35,79155,45
p001760,r0006,17,3.4500000000000002,0.5,-60.05706855682611,59.746933625485653,-0.6050674656702284,38,79200,45
p001761,r0024,17,3.4500000000000002,0.17999999999999999,-98.561658858471276,68.075271734738209,37.630624227960496,32,79245,45
p001762,r0027,25,1.8500000000000001,0.81999999999999995,-60.762388119409664,62.252715278210275,-39.069669507838071,26,79290,45
p001763,r0024,11,2.25,0.17999999999999999,-60.334717530030943,60.599152480625449,39.281055878707306,26,79335,45
p001764,r0015,7,1.8500000000000001,0.5,-60.304494709225622,60.914229967376698,0.75486762907553806,26,79380,45
p001765,r0020,7,3.4500000000000002,0.17999999999999999,-70.443730145091195,62.621628161197137,39.119863666065243,32,79425,45
p001766,r0028,7,4.6500000000000004,0.81999999999999995,-64.504100564011964,78.62142543870263,-39.191505883523334,40,79470,45
p001767,r0001,11,1.8500000000000001,0.17999999999999999,-59.72784903174594,59.55788394300555,37.636452007550282,26,79515,45
p001768,r0022,7,4.6500000000000004,0.17999999999999999,-59.619424568154898,60.080813499891718,38.084770647643325,39,79560,45
p001769,r0019,7,4.6500000000000004,0.5,-60.573383132199069,59.901009938448667,0.11381340312479865,40,79605,45
p001770,r0012,25,3.4500000000000002,0.81999999999999995,-63.805328203948477,80.151647381862603,-37.443072598502468,40,79650,45
p001771,r0007,11,3.0499999999999998,0.81999999999999995,-60.327353310963566,60.136725259773833,-38.193819168230824,37,79695,45
p001772,r0023,7,1.45,0.17999999999999999,-77.401201604530598,63.529805216979504,38.61222398910769,26,79740,45
p001773,r0024,11,4.6500000000000004,0.81999999999999995,-61.008789463672144,64.104470144735245,-38.938402734158814,40,79785,45
p001774,r0011,7,2.6499999999999999,0.17999999999999999,-60.525799319671307,60.372037832261455,39.060427144913561,27,79830,45
p001775,r0018,11,3.4500000000000002,0.81999999999999995,-59.662382734830764,59.694555759842501,-37.728133805789568,39,79875,45
p001776,r0004,7,3.0499999999999998,0.5,-59.891486792211587,60.440353969435712,0.72443358861206231,31,79920,45
p001777,r0022,7,3.4500000000000002,0.81999999999999995,-71.693832456810213,112.9587392297523,-38.006369553228936,39,79965,45
p001778,r0005,11,3.8500000000000001,0.81999999999999995,-60.340711160523242,60.261941351253412,-39.082233708403436,40,80010,45
p001779,r0000,11,1.8500000000000001,0.81999999999999995,-60.27994328348899,60.006614445693835,-38.178362892236073,26,80055,45
p001780,r0016,17,3.8500000000000001,0.81999999999999995,-60.234575062870022,59.715226186729012,-38.193610837942188,40,80100,45
p001781,r0021,11,3.8500000000000001,0.5,-59.749416902000974,60.161090680958509,0.65583688947876762,39,80145,45
p001782,r0027,25,1.45,0.81999999999999995,-60.319895483017191,59.745323498042907,-38.258156066426366,26,80190,45
p001783,r0019,25,3.0499999999999998,0.17999999999999999,-60.215802594872969,60.343406800428809,38.192749109274487,26,80235,45
p001784,r0014,7,4.6500000000000004,0.5,-60.010842150209953,59.848429801710225,-0.53120617424986416,40,80280,45
p001785,r0010,25,3.8500000000000001,0.17999999999999999,-60.035614408632405,60.32379792287702,38.209103703205322,40,80325,45
p001786,r0012,25,1.8500000000000001,0.17999999999999999,-75.897840548066085,63.39832659711022,38.775016510978489,26,80370,45
p001787,r0003,17,2.25,0.17999999999999999,-96.209987146487407,68.114787484153084,38.986328050637795,26,80415,45
p001788,r0009,11,3.8500000000000001,0.17999999999999999,-68.205646935961241,62.023749391381351,38.132458052459683,38,80460,45
p001789,r0009,25,3.8500000000000001,0.81999999999999995,-64.746018257917655,80.768013638655361,-39.003492516534507,40,80505,45
p001790,r0005,11,4.6500000000000004,0.81999999999999995,-63.718629539545717,76.299229224779396,-38.065414961967193,40,80550,45
p001791,r0004,7,4.6500000000000004,0.17999999999999999,-65.379050619688314,60.618054893741665,38.388575901324273,39,80595,45
p001792,r0015,25,4.6500000000000004,0.5,-60.317153313573549,60.378959765387485,-0.41909677409303187,40,80640,45
p001793,r0004,7,1.8500000000000001,0.5,-60.76421770637829,59.901086297433338,0.018434295527524125,26,80685,45
p001794,r0006,17,1.8500000000000001,0.17999999999999999,-90.67646557314805,66.792326949385767,38.89794429532968,26,80730,45
p001795,r0023,7,3.8500000000000001,0.17999999999999999,-60.429523114856927,59.825505722423763,38.629600531713244,36,80775,45
p001796,r0010,7,2.25,0.81999999999999995,-59.837415970528326,59.780292309301643,-37.856228480158919,29,80820,45
p001797,r0016,25,4.25,0.5,-60.029416336170648,59.321743081836651,-0.80383662716699855,40,80865,45
p001798,r0027,11,1.45,0.17999999999999999,-74.258149875836054,63.493672615645252,39.148344567178626,26,80910,45
p001799,r0024,11,3.0499999999999998,0.81999999999999995,-62.839430279919469,72.464751128464485,-38.934677626410348,38,80955,45
p001800,r0015,25,1.45,0.17999999999999999,-78.035544166425098,63.497924893145665,37.571900462422931,26,81000,45
p001801,r0013,7,4.6500000000000004,0.81999999999999995,-60.49164881885909,60.398029258982014,-38.281506764847684,40,81045,45
p001802,r0025,11,1.8500000000000001,0.5,-59.754266835203147,60.05682086356439,0.60127701418062141,26,81090,45
p001803,r0014,7,1.8500000000000001,0.5,-59.242513824565492,59.956346856055234,0.80691651574487078,27,81135,45
p001804,r0008,7,1.8500000000000001,0.81999999999999995,-59.412457990361212,60.668927595759087,-37.34780858485955,27,81180,45
p001805,r0028,17,3.0499999999999998,0.5,-59.454665079817417,60.171665473018024,0.80850019660030337,29,81225,45
p001806,r0011,25,2.25,0.5,-60.107456717968859,59.972985553751826,-0.51723558210851617,26,81270,45
p001807,r0027,25,3.4500000000000002,0.17999999999999999,-88.795392449849231,65.686116782287868,37.429445120503189,33,81315,45
p001808,r0023,11,3.8500000000000001,0.5,-60.077463342910939,60.25801564769943,0.54027615239424587,39,81360,45
p001809,r0010,25,4.25,0.5,-59.848681632033504,59.771364204365369,0.41134128616593274,40,81405,45
p001810,r0000,25,3.0499999999999998,0.5,-59.953812675716222,59.78041892067408,0.36330312247892921,28,81450,45
p001811,r0021,17,1.8500000000000001,0.81999999999999995,-59.814800027377728,60.195528737096609,-38.66294084977234,26,81495,45
p001812,r0020,17,1.8500000000000001,0.5,-59.623986215184452,59.613714121865605,0.44486395334057677,26,81540,45
p001813,r0023,7,3.8500000000000001,0.81999999999999995,-59.688366675300045,60.596122613212991,-38.487158603367696,39,81585,45
p001814,r0018,11,3.0499999999999998,0.17999999999999999,-59.827700263110088,59.691882772139536,37.728357825794603,28,81630,45
p001815,r0016,11,1.8500000000000001,0.5,-60.213763520660976,60.149135549185416,-0.48231398573777967,26,81675,45
p001816,r0011,11,3.4500000000000002,0.81999999999999995,-63.040160552640586,73.931956688466528,-38.835179449241309,40,81720,45
p001817,r0022,17,1.8500000000000001,0.5,-59.84024875911043,60.354488841319046,-0.19287995889569204,26,81765,45
p001818,r0015,25,4.6500000000000004,0.17999999999999999,-77.331528079598968,63.440188938930653,37.651279875595321,40,81810,45
p001819,r0023,25,4.6500000000000004,0.5,-59.558587141547399,60.211935661000375,0.77667425972648796,40,81855,45
p001820,r0019,17,4.25,0.5,-60.065102590760972,60.223105176400338,-0.37099870718031697,40,81900,45
p001821,r0017,25,1.8500000000000001,0.81999999999999995,-60.431820752759691,61.832816577315626,-38.874186033346135,26,81945,45
p001822,r0003,17,2.25,0.81999999999999995,-61.888684823959593,69.524004808356082,-37.78440069014276,26,81990,45
p001823,r0023,25,3.0499999999999998,0.5,-59.77031346542605,60.58996438888898,0.85982546173146512,27,82035,45
p001824,r0026,11,1.8500000000000001,0.5,-60.11382087578464,60.261318175204892,-0.37625135028987416,26,82080,45
p001825,r0017,11,3.0499999999999998,0.17999999999999999,-62.742072673803136,60.669189257539742,38.005162109898023,27,82125,45
p001826,r0015,17,2.6499999999999999,0.5,-60.020166896742616,60.09396030439796,0.48689670382767219,26,82170,45
p001827,r0021,17,3.8500000000000001,0.81999999999999995,-59.765665483213255,59.646870924873113,-38.7214089297577,40,82215,45
p001828,r0014,17,1.45,0.5,-59.88913411560074,59.371920792009178,-0.70860666179578113,26,82260,45
p001829,r0017,17,3.4500000000000002,0.5,-59.911576304276721,60.576948420507691,-0.11731394188451533,39,82305,45
p001830,r0017,11,1.45,0.17999999999999999,-66.062095207784438,61.275226710748122,38.804508765412265,26,82350,45
p001831,r0020,25,3.0499999999999998,0.17999999999999999,-60.114636896303388,60.17453670511356,38.072485456858509,26,82395,45
p001832,r0025,11,3.0499999999999998,0.5,-59.413698857199691,60.120637730246983,0.80346943652364611,30,82440,45
p001833,r0003,7,3.4500000000000002,0.17999999999999999,-74.924508613191165,63.245392001745216,37.924809891056668,33,82485,45
p001834,r0022,7,4.6500000000000004,0.5,-59.350803297488795,59.834787056370303,-0.20800812055924639,40,82530,45
p001835,r0008,25,2.6499999999999999,0.81999999999999995,-62.950452158443724,72.968071183608103,-38.035117956874387,32,82575,45
p001836,r0020,7,3.4500000000000002,0.5,-60.373134236329484,59.734123501660868,-0.76950536733430819,35,82620,45
p001837,r0022,7,3.8500000000000001,0.17999999999999999,-110.23989723513972,70.398328441836526,37.433447819980799,36,82665,45
p001838,r0003,17,4.6500000000000004,0.17999999999999999,-107.37436464541602,70.355517496318839,38.814138710806567,40,82710,45
p001839,r0021,17,3.0499999999999998,0.17999999999999999,-79.677299557967814,64.510604761010157,39.006781983594124,27,82755,45
p001840,r0006,11,3.8500000000000001,0.17999999999999999,-72.510779064430579,62.984235586255721,38.14513294913219,38,82800,45
p001841,r0006,7,3.4500000000000002,0.17999999999999999,-83.803064668865517,65.41561947393582,38.106256328231574,31,82845,45
p001842,r0014,11,3.4500000000000002,0.81999999999999995,-67.765791915626693,95.306660446819421,-38.862750490386375,40,82890,45
p001843,r0026,11,1.45,0.17999999999999999,-115.77152349177618,72.288717081108203,37.987873777989016,26,82935,45
p001844,r0018,17,3.8500000000000001,0.81999999999999995,-74.649971875857517,123.82139337410892,-39.375126130863549,40,82980,45
p001845,r0011,11,4.25,0.5,-60.092429747774084,60.411683988614634,0.609627120420275,40,83025,45
p001846,r0013,25,2.6499999999999999,0.17999999999999999,-77.649070678470167,64.37631700382147,39.261747221008974,26,83070,45
p001847,r0024,25,3.8500000000000001,0.5,-59.718403626807834,60.129690371703326,-0.24435662755225424,40,83115,45
p001848,r0022,25,2.25,0.17999999999999999,-64.086473455164963,60.446352767007518,38.480444047016476,26,83160,45
p001849,r0000,25,4.6500000000000004,0.17999999999999999,-74.212138125330711,63.210359431809252,38.924309871524059,40,83205,45
p001850,r0005,7,1.45,0.17999999999999999,-95.109458185530499,67.387241517093443,37.687835570621132,26,83250,45
p001851,r0016,25,3.0499999999999998,0.5,-59.993898790506954,60.207539870299406,0.55682053989622626,28,83295,45
p001852,r0012,11,1.45,0.17999999999999999,-59.927222107999945,59.768193225921856,37.77301846581593,26,83340,45
p001853,r0001,17,3.8500000000000001,0.17999999999999999,-73.679812013826989,63.211055233728416,39.020699129168449,39,83385,45
p001854,r0013,25,4.6500000000000004,0.81999999999999995,-60.305370722425351,59.946225079261637,-39.110083478121695,40,83430,45
p001855,r0023,11,3.4500000000000002,0.17999999999999999,-59.435899601424879,59.75470467717637,38.75039590702815,33,83475,45
p001856,r0025,11,1.45,0.81999999999999995,-65.000762405127162,82.251229182391512,-38.045403919373783,26,83520,45
p001857,r0009,7,3.4500000000000002,0.81999999999999995,-65.403742624423202,85.228744030991848,-38.739895026448494,39,83565,45
p001858,r0014,7,3.4500000000000002,0.5,-60.08917680824193,60.431061932487196,-0.27905743787736698,35,83610,45
p001859,r0004,11,2.25,0.81999999999999995,-60.004058374995381,59.490446976099683,-38.945047411798264,27,83655,45
p001860,r0019,25,2.6499999999999999,0.5,-60.269996079166191,59.674223132763359,-0.74788647320141588,26,83700,45
p001861,r0013,7,4.6500000000000004,0.17999999999999999,-76.578858201616214,64.507401643955859,38.661874871752886,39,83745,45
p001862,r0011,17,3.0499999999999998,0.5,-59.849951208457838,60.021396528947349,-0.36427733975524462,28,83790,45
p001863,r0015,25,3.0499999999999998,0.5,-59.864329837952269,60.213650118287447,-0.2753398598324111,27,83835,45
p001864,r0020,11,1.45,0.81999999999999995,-59.877478938893177,61.126962526959112,-38.546679475039774,26,83880,45
p001865,r0003,25,1.45,0.17999999999999999,-60.069494535069197,59.953429897839214,37.899303499915703,26,83925,45
p001866,r0019,17,4.25,0.81999999999999995,-66.422227760431625,88.946222932492091,-38.005906635705344,40,83970,45
p001867,r0010,17,4.6500000000000004,0.5,-60.809713828135969,59.969482397423235,0.029884284643632963,40,84015,45
p001868,r0004,11,1.45,0.17999999999999999,-62.191846193605471,60.504045609910506,38.868785085277636,26,84060,45
p001869,r0006,7,4.6500000000000004,0.5,-60.033246258183397,59.702935760447971,-0.61515524886771256,40,84105,45
p001870,r0018,11,4.6500000000000004,0.81999999999999995,-65.857290776558287,85.667389838860686,-38.132848265782854,40,84150,45
p001871,r0000,17,1.45,0.81999999999999995,-60.506014109878123,62.169230381528742,-37.974470101424878,26,84195,45
p001872,r0002,17,2.25,0.5,-59.705006506325276,59.987032390513008,0.5910129420938659,26,84240,45
p001873,r0003,25,4.6500000000000004,0.17999999999999999,-73.589374645740293,63.311926263800686,38.219692100083307,40,84285,45
p001874,r0015,17,3.0499999999999998,0.17999999999999999,-59.731235531543078,59.750198564335022,38.693540427076968,27,84330,45
p001875,r0023,17,1.8500000000000001,0.5,-59.787505353099114,60.247844482763377,-0.21983043516786865,26,84375,45
p001876,r0000,7,3.8500000000000001,0.81999999999999995,-60.171439262271946,60.317782808461267,-38.933379289539964,40,84420,45
p001877,r0007,17,4.6500000000000004,0.5,-60.075741201646522,59.951241085262424,-0.51225005819204905,40,84465,45
p001878,r0011,7,3.0499999999999998,0.17999999999999999,-63.290582819168691,60.8645350265258,38.9666138143008,28,84510,45
p001879,r0009,17,4.25,0.17999999999999999,-73.088704031650906,63.104812312978538,39.039979370945247,40,84555,45
p001880,r0000,25,3.8500000000000001,0.5,-59.981291573582169,60.712916156600514,-0.084187708490827629,40,84600,45
p001881,r0013,11,4.25,0.5,-59.731820652504666,59.70505348577116,0.43661641663324674,40,84645,45
p001882,r0020,7,4.6500000000000004,0.81999999999999995,-65.886676818922055,84.566918445014238,-39.25502967141351,40,84690,45
p001883,r0022,11,3.4500000000000002,0.17999999999999999,-82.384222983614947,65.04240822373886,38.055614606415176,33,84735,45
p001884,r0002,17,1.45,0.17999999999999999,-128.48874501842766,74.719232673523535,38.591796688972323,26,84780,45
p001885,r0025,17,2.25,0.81999999999999995,-59.538834479861734,59.680370478623303,-37.629377587334417,26,84825,45
p001886,r0007,7,4.25,0.5,-60.758682771135923,60.382758571463043,-0.63796209983644014,39,84870,45
p001887,r0011,25,3.0499999999999998,0.5,-59.723295745110491,60.374582430817227,0.77564334285336822,27,84915,45
p001888,r0005,17,3.4500000000000002,0.5,-59.604443022755561,59.961676876740398,0.62861692699241867,38,84960,45
p001889,r0009,7,2.6499999999999999,0.81999999999999995,-64.966396673701823,85.418244396397057,-37.447161281084021,33,85005,45
p001890,r0003,25,2.6499999999999999,0.17999999999999999,-77.199841301590737,64.177636145589375,39.179690205096961,26,85050,45
p001891,r0018,7,1.45,0.81999999999999995,-59.8179285051501,59.881535527132478,-38.722024979339231,26,85095,45
p001892,r0014,11,1.8500000000000001,0.5,-60.501323793142468,59.968007914208407,-0.71665793946703071,26,85140,45
p001893,r0009,25,1.8500000000000001,0.5,-59.661877114178168,60.356069238136286,-0.10290393802094117,26,85185,45
p001894,r0008,7,4.6500000000000004,0.81999999999999995,-61.128317534862205,65.736620123898774,-38.742628756285228,40,85230,45
p001895,r0000,11,2.6499999999999999,0.5,-59.548368456545496,60.227469108289419,0.78955032587196139,27,85275,45
p001896,r0015,7,3.0499999999999998,0.17999999999999999,-65.452018707822418,61.211829288884616,38.862336649477356,30,85320,45
p001897,r0006,11,4.25,0.5,-60.219011212330948,59.746979745390654,0.21398426652985308,40,85365,45
p001898,r0024,7,3.0499999999999998,0.17999999999999999,-59.812409770081757,60.253498957654656,39.091635386662105,29,85410,45
p001899,r0017,7,2.25,0.81999999999999995,-66.839626338558162,92.794975299983747,-38.555398043620627,29,85455,45
p001900,r0002,25,3.8500000000000001,0.17999999999999999,-60.196535607283579,59.673870559690059,37.647197449634803,40,85500,45
p001901,r0001,25,3.8500000000000001,0.17999999999999999,-60.486944694576813,59.823795049067705,38.617861895211696,40,85545,45
p001902,r0024,7,3.4500000000000002,0.17999999999999999,-88.737825361244546,66.339635130582536,38.875692242053667,35,85590,45
p001903,r0024,17,1.45,0.17999999999999999,-99.263689782957712,68.204837105706318,37.610502265746788,26,85635,45
p001904,r0025,7,4.25,0.17999999999999999,-77.905469188034317,64.180058383873217,39.054663420929863,38,85680,45
p001905,r0028,11,2.6499999999999999,0.81999999999999995,-59.639364339274003,59.303553695857929,-38.679639092950254,32,85725,45
p001906,r0016,17,3.0499999999999998,0.81999999999999995,-74.813041843517524,127.77268838275182,-38.797610402789033,39,85770,45
p001907,r0015,11,1.45,0.5,-59.316510510657324,59.834178939815203,-0.19116578542106027,26,85815,45
p001908,r0007,11,2.6499999999999999,0.81999999999999995,-60.085014950271358,60.067121789260376,-38.907630337155631,31,85860,45
p001909,r0007,25,1.45,0.17999999999999999,-59.766935581517544,60.338585929683205,38.269592057667069,26,85905,45
p001910,r0025,11,2.25,0.5,-60.329592995217268,59.814689594662752,0.19254829972274196,26,85950,45
p001911,r0018,17,4.25,0.17999999999999999,-143.8870822108737,78.365119817379508,37.909723452293932,40,85995,45
p001912,r0018,11,3.4500000000000002,0.5,-59.979687933663854,59.919454190970526,0.41988312865333627,36,86040,45
p001913,r0014,25,3.8500000000000001,0.81999999999999995,-60.112048817344458,59.430869096556563,-38.144323592842269,40,86085,45
p001914,r0016,17,3.0499999999999998,0.5,-59.748838476284227,59.81276113974058,-0.41803866827182362,29,86130,45
p001915,r0004,7,1.45,0.81999999999999995,-60.4966103111569,59.579829666516055,-39.332851115175764,26,86175,45
p001916,r0021,7,2.25,0.81999999999999995,-63.642754432267111,77.026133383071198,-37.872354625506205,29,86220,45
p001917,r0009,7,1.45,0.81999999999999995,-59.953310835278529,59.509936278670523,-38.8999263547677,26,86265,45
p001918,r0007,11,3.0499999999999998,0.5,-60.322964220888473,60.062766605939863,0.31990119252569543,30,86310,45
p001919,r0012,11,4.6500000000000004,0.17999999999999999,-106.64954377571308,70.282002767490837,38.884324389714138,40,86355,45
p001920,r0026,7,3.0499999999999998,0.81999999999999995,-69.781950672253217,103.74702825303112,-38.996734465702033,35,86400,45
p001921,r0002,25,3.4500000000000002,0.5,-59.763727745867648,60.268410784822002,0.70234151947717716,39,86445,45
p001922,r0002,11,2.25,0.5,-59.78269499069485,59.748905401630253,-0.46689479453229837,26,86490,45
p001923,r0001,17,1.8500000000000001,0.17999999999999999,-83.338052831304054,64.995185105737377,38.745202277069922,26,86535,45
p001924,r0023,11,2.25,0.81999999999999995,-67.222111256562329,93.607192498876401,-38.722836580583348,28,86580,45
p001925,r0023,17,1.45,0.81999999999999995,-63.466308907628161,75.310092275971357,-38.036556694580241,26,86625,45
p001926,r0016,25,1.8500000000000001,0.5,-60.023143172494102,59.639853695863309,0.25835526168460349,26,86670,45
p001927,r0016,7,3.0499999999999998,0.17999999999999999,-120.3377999460641,73.11355889601532,38.742314304441031,30,86715,45
p001928,r0014,25,1.8500000000000001,0.81999999999999995,-65.915879201988531,86.951223902115572,-37.949800643249787,26,86760,45
p001929,r0001,7,2.6499999999999999,0.17999999999999999,-60.899168651260233,60.616511233778468,38.293688854471498,28,86805,45
p001930,r0016,25,3.4500000000000002,0.5,-59.747262301382825,59.392599860321262,-0.62733122053078172,40,86850,45
p001931,r0012,17,3.4500000000000002,0.17999999999999999,-59.53528241378892,60.655679450112132,39.471306314609947,32,86895,45
p001932,r0013,11,1.45,0.5,-60.769556601730898,59.406237729881681,-0.23165943592460819,26,86940,45
p001933,r0000,7,1.8500000000000001,0.17999999999999999,-59.881721667627659,60.368932081797169,38.273814406900698,26,86985,45
p001934,r0005,25,1.45,0.5,-59.330237684972182,60.032162026079824,-0.099037829446179171,26,87030,45
p001935,r0011,25,3.8500000000000001,0.17999999999999999,-59.884817576123581,60.287471484096187,39.106459453256633,40,87075,45
p001936,r0009,11,4.25,0.17999999999999999,-60.053123161916133,59.874771728762987,37.837750648440746,40,87120,45
p001937,r0005,25,2.6499999999999999,0.5,-59.620603574088911,59.801696742981271,-0.35945341555381988,26,87165,45
p001938,r0003,11,2.6499999999999999,0.5,-59.735429793934337,59.586617147070491,-0.52440632343192273,27,87210,45
p001939,r0004,11,3.4500000000000002,0.17999999999999999,-72.010620865756607,62.508322938532856,37.844913053760749,34,87255,45
p001940,r0022,11,4.25,0.5,-60.287685678077757,59.679294660567699,0.1458044912449708,40,87300,45
p001941,r0026,17,4.6500000000000004,0.17999999999999999,-60.408620186747314,59.95480788020226,38.739390828151343,40,87345,45
p001942,r0006,25,3.4500000000000002,0.81999999999999995,-59.617970864839052,59.5537702885714,-38.617057457225172,40,87390,45
p001943,r0009,17,2.6499999999999999,0.81999999999999995,-62.596454675942617,73.821789603455102,-38.491170705651029,30,87435,45
p001944,r0015,11,1.8500000000000001,0.81999999999999995,-59.828394980334302,59.828923337497145,-38.740077683124639,26,87480,45
p001945,r0013,25,4.25,0.17999999999999999,-133.76872260128278,76.393496555190623,39.014297107025421,40,87525,45
p001946,r0000,11,4.6500000000000004,0.17999999999999999,-66.844325310651698,61.653736990061766,38.974085775933347,40,87570,45
p001947,r0014,25,3.4500000000000002,0.81999999999999995,-59.506230925366928,60.341234757514179,-37.483687102448322,40,87615,45
p001948,r0007,11,3.8500000000000001,0.17999999999999999,-72.487177200158044,62.785784823833048,38.886651659514655,38,87660,45
p001949,r0003,17,3.8500000000000001,0.5,-59.860486805693078,60.007552019585965,0.52353260694644344,40,87705,45
p001950,r0027,17,3.8500000000000001,0.5,-59.788366830263541,59.313733548015776,-0.68731664112388269,40,87750,45
p001951,r0026,25,3.0499999999999998,0.5,-60.138039866634195,60.097037009133821,0.42949857124981322,28,87795,45
p001952,r0027,25,4.6500000000000004,0.17999999999999999,-91.972584893001596,66.714192314581084,37.7005724172162,40,87840,45
p001953,r0019,7,2.25,0.5,-60.120098069444055,59.781451252463,-0.61932340849052703,27,87885,45
p001954,r0005,11,4.25,0.81999999999999995,-68.879196592598973,101.68527780961435,-37.727591200200564,40,87930,45
p001955,r0021,11,2.6499999999999999,0.5,-59.381867564734335,60.023919109973065,0.77102577261936456,27,87975,45
p001956,r0024,25,2.6499999999999999,0.17999999999999999,-60.171263862339245,60.057924019705467,38.866670200937421,26,88020,45
p001957,r0007,17,3.0499999999999998,0.81999999999999995,-59.96210505742507,59.827935028360756,-38.849897841983619,39,88065,45
p001958,r0025,25,3.8500000000000001,0.81999999999999995,-60.308479666114366,59.948497667511027,-39.112223746061794,40,88110,45
p001959,r0010,7,4.25,0.17999999999999999,-76.802101197434098,64.268350853505623,38.425669484336474,38,88155,45
p001960,r0011,17,3.8500000000000001,0.5,-60.133576523499798,60.81501402406208,0.79071875028114103,40,88200,45
p001961,r0022,17,4.6500000000000004,0.5,-60.394142425134064,60.516082132590341,0.51096985372813886,40,88245,45
p001962,r0026,7,1.45,0.81999999999999995,-60.095354836462761,60.108375874644892,-38.908683308463381,26,88290,45
p001963,r0020,11,2.6499999999999999,0.81999999999999995,-62.526141770086099,70.416161355607215,-38.14652720746129,31,88335,45
p001964,r0007,17,3.8500000000000001,0.81999999999999995,-59.591139127544324,59.990740726284365,-38.516400753855159,40,88380,45
p001965,r0026,17,2.6499999999999999,0.5,-60.625361324961645,59.448580717719821,-0.13839030362091193,26,88425,45
p001966,r0014,25,1.45,0.81999999999999995,-60.021422194062055,60.204974722241325,-37.930670749127437,26,88470,45
p001967,r0021,7,3.4500000000000002,0.81999999999999995,-78.775718840057166,143.00544519345456,-39.305109314025046,38,88515,45
p001968,r0012,25,4.6500000000000004,0.81999999999999995,-65.707851060936122,85.930909596437999,-37.962874142608769,40,88560,45
p001969,r0012,25,2.25,0.81999999999999995,-60.051977309778984,61.230056247579071,-37.771211269454525,26,88605,45
p001970,r0026,7,4.25,0.81999999999999995,-66.126716185248711,87.038558749330662,-39.006966697024424,40,88650,45
p001971,r0019,7,3.4500000000000002,0.17999999999999999,-60.465421577411242,59.656606465209961,38.48464141753815,32,88695,45
p001972,r0008,7,4.25,0.81999999999999995,-59.445286130772594,59.843868755090057,-38.423238251317315,40,88740,45
p001973,r0017,17,3.8500000000000001,0.81999999999999995,-69.213551555164599,102.21653354736904,-37.90613623670852,40,88785,45
p001974,r0024,17,1.45,0.5,-60.109711788285779,60.069517592031445,0.42990290187283337,26,88830,45
p001975,r0027,7,4.25,0.81999999999999995,-60.52391094640997,60.329289704371249,-39.220334829269348,40,88875,45
p001976,r0014,7,1.45,0.81999999999999995,-60.064392525975805,59.816101358420859,-38.035903626784396,26,88920,45
p001977,r0006,25,3.4500000000000002,0.17999999999999999,-91.372903240652519,66.470801746550393,38.508934848853876,33,88965,45
p001978,r0018,17,3.8500000000000001,0.5,-60.227612714299561,59.90891199555481,0.29064964062762472,40,89010,45
p001979,r0021,11,4.6500000000000004,0.17999999999999999,-60.381543077642988,60.196100601847178,38.942124739538954,40,89055,45
p001980,r0001,17,4.6500000000000004,0.81999999999999995,-60.180274639937224,60.464555360883416,-38.914205239789503,40,89100,45
p001981,r0027,11,3.4500000000000002,0.5,-59.821609762771466,60.089663202254009,-0.31597328025872856,36,89145,45
p001982,r0018,11,4.25,0.81999999999999995,-59.255346210161939,59.947537678006668,-37.34882711029158,40,89190,45
p001983,r0025,7,4.25,0.81999999999999995,-59.807631953956985,59.607590123952377,-37.862891979933295,40,89235,45
p001984,r0013,7,3.4500000000000002,0.5,-59.814484786527629,60.084793638884406,-0.31484557382161144,35,89280,45
p001985,r0005,11,3.0499999999999998,0.81999999999999995,-59.786544098900293,59.666823955569676,-38.734937849095694,38,89325,45
p001986,r0005,25,4.6500000000000004,0.81999999999999995,-65.272180318310419,82.233392388943727,-39.171177231004663,40,89370,45
p001987,r0009,25,3.0499999999999998,0.17999999999999999,-59.998385951009638,60.02717552745132,37.97257446132835,26,89415,45
p001988,r0012,7,2.25,0.5,-60.322378389563639,59.998563433061534,-0.61190747825105229,27,89460,45
p001989,r0001,11,3.8500000000000001,0.17999999999999999,-87.382196656885782,65.795085790461911,38.67317494993933,37,89505,45
p001990,r0010,7,1.45,0.5,-59.370502664019305,60.557019937310834,1.0432586366457641,26,89550,45
p001991,r0008,25,1.8500000000000001,0.5,-59.843940456503177,60.529433594161972,0.79274656882939776,26,89595,45
p001992,r0010,11,1.45,0.17999999999999999,-78.922194615253687,63.507438306813327,38.320104380841272,26,89640,45
p001993,r0011,11,1.8500000000000001,0.17999999999999999,-70.722276651206457,62.099300688909004,37.741416767688222,26,89685,45
p001994,r0003,7,2.6499999999999999,0.17999999999999999,-90.499288185634015,66.772331146995725,38.913439667122375,28,89730,45
p001995,r0006,7,3.0499999999999998,0.81999999999999995,-60.125400335273277,59.845097390250615,-38.080710744678967,36,89775,45
p001996,r0013,11,2.25,0.5,-60.637081708515744,60.14997642198508,0.20644735673466813,26,89820,45
p001997,r0006,25,3.8500000000000001,0.17999999999999999,-60.037097601925666,60.116771830402215,38.039075332583195,40,89865,45
p001998,r0020,17,2.6499999999999999,0.5,-59.397207299545862,59.573177215912786,0.53798495818346193,26,89910,45
p001999,r0017,11,3.8500000000000001,0.5,-60.025808412700727,59.523863828599374,0.19902770794932395,39,89955,45
p002000,r0001,17,4.6500000000000004,0.17999999999999999,-104.2469507652203,69.653382666187682,38.801322648534246,40,90000,45
p002001,r0001,11,2.6499999999999999,0.81999999999999995,-61.186780429308691,67.491338193308991,-37.574719077237503,33,90045,45
p002002,r0028,17,4.6500000000000004,0.5,-59.631388823027898,59.578182960419262,0.42339706869568233,40,90090,45
p002003,r0021,11,3.8500000000000001,0.17999999999999999,-80.096209815031017,64.396034469833154,37.937430498557603,38,90135,45
p002004,r0010,11,3.8500000000000001,0.17999999999999999,-63.379292199989052,60.601308387543128,37.834800281787338,37,90180,45
p002005,r0006,17,1.8500000000000001,0.5,-60.721920768983523,60.254198617748898,0.2161389243826875,26,90225,45
p002006,r0004,11,4.25,0.81999999999999995,-63.021051995353929,74.568916597730976,-38.704857648598647,40,90270,45
p002007,r0007,17,3.8500000000000001,0.5,-59.76225742077041,60.217729432837785,0.67773600603368744,40,90315,45
p002008,r0013,7,1.45,0.5,-59.106288188812101,60.293432581363419,1.0435721962756588,26,90360,45
p002009,r0012,11,4.25,0.17999999999999999,-60.672280220336091,59.793333601077904,37.659523113223386,40,90405,45
p002010,r0018,7,4.6500000000000004,0.5,-60.009815879646112,60.235934702149891,0.56305941125188919,40,90450,45
p002011,r0017,25,2.25,0.17999999999999999,-59.717869734842026,60.092730795708412,38.97682270020934,26,90495,45
p002012,r0000,17,2.6499999999999999,0.17999999999999999,-59.761952911655683,59.70165899828983,37.748208854499637,26,90540,45
p002013,r0001,11,4.6500000000000004,0.81999999999999995,-60.49221643649733,60.268558499953286,-39.205276947936213,40,90585,45
p002014,r0018,25,3.8500000000000001,0.81999999999999995,-67.497115493297542,93.134342255371905,-39.033453098537038,40,90630,45
p002015,r0002,11,3.8500000000000001,0.17999999999999999,-60.266644418541823,60.281632307368028,39.032942496704258,37,90675,45
p002016,r0017,11,3.4500000000000002,0.17999999999999999,-59.565923710755129,59.800874843266882,37.864851103542918,32,90720,45
p002017,r0010,11,4.25,0.81999999999999995,-62.07683947099811,68.084651367289979,-39.097771120106259,40,90765,45
p002018,r0018,7,4.25,0.5,-60.38429128299736,60.381466472195065,-0.45141240540114752,39,90810,45
p002019,r0000,7,3.4500000000000002,0.5,-59.386208592675331,59.682893099054724,0.59834225318969625,35,90855,45
p002020,r0028,25,2.6499999999999999,0.5,-59.679309928994854,59.921654244119111,-0.32882784243787172,26,90900,45
p002021,r0003,25,2.6499999999999999,0.5,-60.257182667317437,59.716133951630354,-0.72052435784354141,26,90945,45
p002022,r0014,25,2.6499999999999999,0.5,-60.039405293025531,59.596233398550304,-0.67158594723761378,26,90990,45
p002023,r0011,25,2.6499999999999999,0.17999999999999999,-121.0236385481579,73.557314857192011,38.082743244229022,26,91035,45
p002024,r0025,7,3.8500000000000001,0.81999999999999995,-60.039057640602991,59.934531510554805,-37.993811593394582,40,91080,45
p002025,r0021,25,4.6500000000000004,0.81999999999999995,-59.963219217150304,59.530662886864917,-38.004320438427555,40,91125,45
p002026,r0022,25,4.25,0.5,-59.323356531793223,59.944953906158247,-0.1392013128174881,40,91170,45
p002027,r0007,17,2.25,0.17999999999999999,-61.546694938854827,59.877081497491496,38.470801738949163,26,91215,45
p002028,r0016,11,3.0499999999999998,0.81999999999999995,-60.552226707408408,64.612334363259293,-37.572605714688208,38,91260,45
p002029,r0025,7,3.8500000000000001,0.17999999999999999,-70.254024454015095,62.582895075563755,38.222249560239561,36,91305,45
p002030,r0008,7,1.45,0.5,-60.353634820616627,59.946862784524562,-0.65338601804603225,26,91350,45
p002031,r0005,7,1.8500000000000001,0.17999999999999999,-73.229789893292292,62.787437044801166,38.754336195944347,26,91395,45
p002032,r0004,17,3.8500000000000001,0.17999999999999999,-60.088296729152823,59.816635048673092,38.683747328664431,39,91440,45
p002033,r0011,25,4.25,0.5,-60.119816751524795,60.396243510376479,0.58821337942584218,40,91485,45
p002034,r0004,17,3.4500000000000002,0.17999999999999999,-67.762847939700066,62.203428044743404,38.35949836754358,33,91530,45
p002035,r0019,25,1.45,0.17999999999999999,-59.67528256183958,60.421212196964376,39.253843140379672,26,91575,45
p002036,r0012,7,2.25,0.17999999999999999,-59.757356748296381,59.775843223012799,38.709867228177146,27,91620,45
p002037,r0023,25,2.6499999999999999,0.81999999999999995,-60.299245084460608,59.850498162325806,-39.122291300039052,30,91665,45
p002038,r0023,7,4.6500000000000004,0.5,-60.116796318213694,59.923892727540299,0.35354820466330211,40,91710,45
p002039,r0012,17,1.8500000000000001,0.5,-59.699134638742429,59.761521555779446,-0.41880654148149149,26,91755,45
p002040,r0017,7,4.6500000000000004,0.81999999999999995,-62.18838069001194,66.597537838325167,-38.556915354911254,40,91800,45
p002041,r0028,25,2.6499999999999999,0.17999999999999999,-85.834958110704221,65.834333871924656,38.983861315051463,26,91845,45
p002042,r0001,11,3.8500000000000001,0.81999999999999995,-74.604099347764759,124.15176738930118,-39.278043335092889,40,91890,45
p002043,r0026,17,4.25,0.81999999999999995,-66.857791059838519,88.233500982002923,-38.491358492307043,40,91935,45
p002044,r0025,17,3.0499999999999998,0.5,-60.068078583107564,60.315830456986987,-0.32612406306028846,28,91980,45
p002045,r0009,17,3.8500000000000001,0.5,-60.029176679577255,59.663658289921933,0.26724080517233945,40,92025,45
p002046,r0028,11,4.6500000000000004,0.17999999999999999,-68.348795016382155,61.763225432372437,37.893061751596605,40,92070,45
p002047,r0019,11,2.25,0.81999999999999995,-60.096649130128952,62.083650173583742,-37.654195255460671,27,92115,45
p002048,r0026,7,2.6499999999999999,0.17999999999999999,-59.962690991346534,59.482990811588515,37.532768087060205,28,92160,45
p002049,r0017,17,4.25,0.17999999999999999,-59.723885155433507,59.704482761686151,38.657376536604616,40,92205,45
p002050,r0028,25,2.6499999999999999,0.81999999999999995,-59.331762541037136,59.978380455394372,-38.305936801679465,32,92250,45
p002051,r0018,17,1.45,0.81999999999999995,-61.130320515007853,64.722506994920735,-38.026811563220704,26,92295,45
p002052,r0021,25,3.4500000000000002,0.81999999999999995,-60.057645107229057,60.249281509050903,-38.852398316298661,40,92340,45
p002053,r0019,25,4.25,0.17999999999999999,-60.574748752593095,60.148931752854807,38.868669261874189,40,92385,45
p002054,r0016,17,1.45,0.5,-60.71874097615099,59.792847536060087,-0.012946720045451332,26,92430,45
p002055,r0023,25,1.8500000000000001,0.81999999999999995,-69.312103793218085,99.32545164466984,-38.507343814398254,26,92475,45
p002056,r0007,17,3.4500000000000002,0.17999999999999999,-60.229953318979284,59.804437890023308,38.648247472402844,32,92520,45
p002057,r0006,17,3.8500000000000001,0.17999999999999999,-60.543247474274764,59.609622893268849,37.532106227111001,39,92565,45
p002058,r0024,7,3.8500000000000001,0.17999999999999999,-63.071036189323365,61.280322128955973,39.347077631665698,37,92610,45
p002059,r0020,11,4.6500000000000004,0.81999999999999995,-68.740892162233195,100.6602736783297,-38.698682310931858,40,92655,45
p002060,r0025,17,1.45,0.81999999999999995,-63.257338993865055,77.914588458631613,-37.396392052415649,26,92700,45
p002061,r0026,17,3.4500000000000002,0.17999999999999999,-63.931999417078131,60.417955878837354,37.584963925572566,34,92745,45
p002062,r0028,25,2.25,0.81999999999999995,-60.070648501310124,60.18555162270583,-37.974532478987243,26,92790,45
p002063,r0022,17,3.0499999999999998,0.5,-59.408611992016063,59.128545707945065,0.30996685796450124,29,92835,45
p002064,r0001,11,4.25,0.5,-60.037542938046251,60.114771688552075,-0.41138562474708779,40,92880,45
p002065,r0014,17,3.4500000000000002,0.17999999999999999,-59.648399955597903,60.48105125773079,38.407750039331624,33,92925,45
p002066,r0012,7,3.0499999999999998,0.81999999999999995,-68.959135655242022,101.00068882786812,-37.916367248282185,37,92970,45
p002067,r0026,7,4.6500000000000004,0.81999999999999995,-66.937045705818846,88.157481243125275,-39.470030855008901,40,93015,45
p002068,r0000,7,4.25,0.81999999999999995,-61.729401716531711,65.788391409291791,-38.326198953883477,40,93060,45
p002069,r0006,11,4.25,0.17999999999999999,-59.792417145411875,59.904494052273101,38.809050036689811,40,93105,45
p002070,r0007,17,2.25,0.81999999999999995,-60.55908614679467,60.660295733884936,-38.289597408272328,26,93150,45
p002071,r0006,11,3.8500000000000001,0.81999999999999995,-59.996319838824817,59.893456278843949,-37.96616013764443,40,93195,45
p002072,r0025,25,4.6500000000000004,0.5,-60.081881022644417,60.080265574595863,0.44919227597572303,40,93240,45
p002073,r0017,11,4.6500000000000004,0.5,-59.677009102980961,60.006458301116638,0.6147245990678385,40,93285,45
p002074,r0002,7,3.0499999999999998,0.17999999999999999,-59.792100424601834,59.835850144487964,37.852819042051799,29,93330,45
p002075,r0022,11,4.6500000000000004,0.5,-59.699516872642008,60.025717352315624,0.61310023983680817,40,93375,45
p002076,r0000,7,1.8500000000000001,0.81999999999999995,-68.556338096629901,99.743011526885056,-38.712455164397213,27,93420,45
p002077,r0015,7,3.4500000000000002,0.5,-60.506620061109693,58.799793224413996,-1.3034134183478485,34,93465,45
p002078,r0022,17,2.25,0.81999999999999995,-63.375254942310576,74.494992232804705,-38.108610450789811,26,93510,45
p002079,r0009,25,4.25,0.5,-59.216888218847849,59.952254795518975,0.81768328833556292,40,93555,45
p002080,r0021,25,3.8500000000000001,0.17999999999999999,-73.731045932077535,64.03401658842634,38.786305334735644,40,93600,45
p002081,r0008,25,3.4500000000000002,0.81999999999999995,-60.016920372159881,60.260853602253675,-37.916921056765432,40,93645,45
p002082,r0018,17,3.4500000000000002,0.81999999999999995,-77.206287159078386,137.14208374420582,-38.173580396487225,40,93690,45
p002083,r0022,17,3.0499999999999998,0.17999999999999999,-59.913983352294352,60.483938381287416,38.362312469242696,27,93735,45
p002084,r0006,7,3.8500000000000001,0.5,-59.800928042486852,59.834939727772827,0.46700584264298756,38,93780,45
p002085,r0010,11,4.25,0.5,-60.528143984145906,60.143018215588377,-0.64256288427876451,40,93825,45
p002086,r0001,7,4.6500000000000004,0.17999999999999999,-59.989269262381086,60.318252488149341,39.112898573053869,39,93870,45
p002087,r0016,17,4.6500000000000004,0.81999999999999995,-59.522018581040982,59.612270127270783,-38.527846613544874,40,93915,45
p002088,r0021,7,1.8500000000000001,0.81999999999999995,-59.912016542030898,60.028582808183685,-38.772708658992272,27,93960,45
p002089,r0023,11,2.25,0.5,-59.757239396004309,59.570435319708366,-0.54340203814797117,26,94005,45
p002090,r0025,11,3.8500000000000001,0.5,-59.601434037737008,60.194134906609534,-0.15364956556373671,39,94050,45
p002091,r0009,17,4.6500000000000004,0.17999999999999999,-60.389842861250969,60.016350289401387,37.893235522283959,40,94095,45
p002092,r0018,11,2.6499999999999999,0.17999999999999999,-72.377362063134314,62.688506602435218,37.926650242632704,26,94140,45
p002093,r0023,25,2.6499999999999999,0.17999999999999999,-117.46421142210377,71.987988258853989,38.336592316281596,26,94185,45
p002094,r0005,17,1.45,0.81999999999999995,-60.570505062190747,61.518157942665361,-39.044545721316645,26,94230,45
p002095,r0008,17,1.8500000000000001,0.5,-59.930701526321336,60.072748317768095,-0.37897660427662033,26,94275,45
p002096,r0003,17,3.0499999999999998,0.81999999999999995,-65.403769115959861,82.777569532025765,-39.181128159322441,39,94320,45
p002097,r0010,25,3.4500000000000002,0.5,-59.656955050232476,59.787130375221444,-0.38491233750551573,39,94365,45
p002098,r0027,25,2.6499999999999999,0.17999999999999999,-60.25063994270738,59.723762046877006,37.678369688751815,26,94410,45
p002099,r0014,11,4.6500000000000004,0.17999999999999999,-62.309223538632423,60.701014840697475,38.109171932418093,40,94455,45
p002100,r0016,25,3.0499999999999998,0.17999999999999999,-72.332011185440962,62.723275118081297,37.963323583447291,26,94500,45
p002101,r0023,25,2.25,0.81999999999999995,-63.723095668178402,73.836230592181053,-38.512416941313688,26,94545,45
p002102,r0022,17,3.8500000000000001,0.81999999999999995,-62.095019077542361,69.184089735805827,-38.914779491139683,40,94590,45
p002103,r0003,25,3.4500000000000002,0.5,-59.722778657051222,59.955083582537824,0.566152462743301,39,94635,45
p002104,r0005,25,4.25,0.17999999999999999,-59.428841044624178,60.091073112062631,38.127488563859004,40,94680,45
p002105,r0025,17,4.6500000000000004,0.17999999999999999,-63.620941965184663,61.120335862711755,39.116905853690398,40,94725,45
p002106,r0027,7,2.25,0.5,-59.779585333846455,60.088256595560011,0.60433563085677799,27,94770,45
p002107,r0017,17,4.6500000000000004,0.5,-59.899084996901131,60.181889515551596,-0.30859774067476736,40,94815,45
p002108,r0012,11,4.6500000000000004,0.5,-60.375229379205784,59.94533839926158,0.23505451002789784,40,94860,45
p002109,r0010,7,4.25,0.5,-59.920435725970613,60.463097305426849,0.72133078972811826,39,94905,45
p002110,r0008,17,4.6500000000000004,0.17999999999999999,-59.9969602939506,59.939114170204618,37.900620766656679,40,94950,45
p002111,r0023,11,3.8500000000000001,0.17999999999999999,-65.380097172781035,61.669293919801142,38.35040352313635,38,94995,45
p002112,r0013,11,1.8500000000000001,0.81999999999999995,-66.967021826754106,95.11956818585,-37.341435624485356,26,95040,45
p002113,r0000,7,2.25,0.81999999999999995,-64.164313658185733,79.688853362718987,-38.720743594422885,28,95085,45
p002114,r0005,7,3.8500000000000001,0.17999999999999999,-69.274310040555036,62.034013489918095,38.84851525443294,36,95130,45
p002115,r0006,25,3.8500000000000001,0.5,-60.218060522583031,60.922260509638321,-0.097900006472355028,40,95175,45
p002116,r0004,17,3.4500000000000002,0.5,-60.393420490987133,59.880767724447459,0.1936736167301632,37,95220,45
p002117,r0023,17,3.0499999999999998,0.17999999999999999,-59.755434472613878,59.576698044826109,38.546914191686916,27,95265,45
p002118,r0025,17,1.8500000000000001,0.5,-60.795091918865978,59.947036276731467,-0.87402782106725563,26,95310,45
p002119,r0024,25,4.6500000000000004,0.5,-60.106000556009761,59.859306323309013,0.32665288364962636,40,95355,45
p002120,r0028,25,3.8500000000000001,0.81999999999999995,-67.926229714314758,97.610746966915457,-37.679573911693311,40,95400,45
p002121,r0025,7,2.25,0.5,-60.000866984331665,59.661008965865463,0.28007099076689884,27,95445,45
p002122,r0008,17,2.25,0.5,-59.759383972321302,59.798936204863452,0.4697761162710748,26,95490,45
p002123,r0017,25,1.45,0.17999999999999999,-89.805328729431949,66.299106699824407,38.650308322558274,26,95535,45
p002124,r0025,25,4.25,0.5,-59.76088099467043,59.933839420248148,0.53647921278885913,40,95580,45
p002125,r0021,17,4.6500000000000004,0.81999999999999995,-60.687956646214261,61.964576918670375,-39.060500604535022,40,95625,45
p002126,r0005,7,2.6499999999999999,0.81999999999999995,-59.636131139038937,60.469460832669839,-37.567124584131349,33,95670,45
p002127,r0007,25,2.6499999999999999,0.81999999999999995,-60.502529929077269,60.117112744269527,-39.240994247874831,31,95715,45
p002128,r0003,7,3.8500000000000001,0.17999999999999999,-92.702958584127856,67.114130306265096,38.797054305994372,35,95760,45
p002129,r0000,17,2.6499999999999999,0.81999999999999995,-59.986874886738434,60.122959394713696,-38.817104716077047,30,95805,45
p002130,r0010,17,3.8500000000000001,0.5,-60.549281333810427,60.225702744755949,0.28821070547276123,40,95850,45
p002131,r0023,7,1.45,0.81999999999999995,-64.568200571802834,80.124650680283253,-38.973487346427333,26,95895,45
p002132,r0027,17,3.0499999999999998,0.17999999999999999,-60.106266472892287,60.631788905385719,39.348938937295685,27,95940,45
p002133,r0014,11,3.0499999999999998,0.81999999999999995,-61.296405911987449,63.396518828289274,-38.401679458737632,38,95985,45
p002134,r0011,25,3.4500000000000002,0.17999999999999999,-63.169719843483065,60.635131243930644,38.800258048196184,34,96030,45
p002135,r0005,17,2.25,0.17999999999999999,-59.961780069050263,60.574888590342034,39.328288231651428,26,96075,45
p002136,r0013,17,3.4500000000000002,0.5,-59.192163324159061,59.040232572290101,-0.52596537593448001,38,96120,45
p002137,r0009,25,1.8500000000000001,0.17999999999999999,-59.751379857146986,59.059713812811097,38.123716952218643,26,96165,45
p002138,r0006,25,4.25,0.81999999999999995,-64.670318455283279,80.737511200963667,-38.046909117158819,40,96210,45
p002139,r0007,25,2.6499999999999999,0.17999999999999999,-101.78798384133465,70.154947435563557,39.655219805721885,26,96255,45
p002140,r0018,7,4.6500000000000004,0.81999999999999995,-68.026677015534972,94.879395416316413,-39.153583977801716,40,96300,45
p002141,r0009,17,3.4500000000000002,0.17999999999999999,-86.876253958193615,65.609063546317017,38.611706395505109,31,96345,45
p002142,r0027,7,3.0499999999999998,0.17999999999999999,-65.706163555528946,61.123602538799787,37.844244641820609,29,96390,45
p002143,r0014,7,3.8500000000000001,0.5,-59.986787480979345,59.635211112354966,-0.6257881843121893,37,96435,45
p002144,r0005,7,1.8500000000000001,0.5,-59.71445995481352,60.726226369447389,0.055883207316934136,26,96480,45
p002145,r0020,25,2.25,0.81999999999999995,-59.800916496712141,59.903967711607116,-37.804037339214666,26,96525,45
p002146,r0003,25,3.8500000000000001,0.17999999999999999,-117.71222386329399,72.369093623723955,38.604456476060733,40,96570,45
p002147,r0002,11,3.8500000000000001,0.5,-60.000665369306937,60.358168403987101,0.62875151734008194,39,96615,45
p002148,r0018,25,2.6499999999999999,0.5,-59.752366824605915,59.724453624190133,-0.46395660020789081,26,96660,45
p002149,r0004,11,2.6499999999999999,0.17999999999999999,-59.580487875961765,59.864337985354979,37.914269330317964,26,96705,45
p002150,r0014,11,1.8500000000000001,0.81999999999999995,-68.690732882411766,98.308729322904952,-39.080829685454759,26,96750,45
p002151,r0025,11,2.6499999999999999,0.81999999999999995,-67.43734037237968,90.131188957616587,-39.525005092980351,31,96795,45
p002152,r0003,17,3.8500000000000001,0.81999999999999995,-76.135037265369306,131.87895749929126,-39.14251820773039,40,96840,45
p002153,r0010,11,2.6499999999999999,0.81999999999999995,-60.363587300443371,60.435153646060442,-39.069813930072684,31,96885,45
p002154,r0001,7,2.25,0.5,-59.646379955996423,59.291386143697594,-0.62749690614941467,27,96930,45
p002155,r0019,7,3.4500000000000002,0.5,-59.92996533750788,60.582511887353476,0.77627327492279785,35,96975,45
p002156,r0002,7,2.25,0.17999999999999999,-81.017096887121582,64.604833767287744,37.942886249494066,27,97020,45
p002157,r0005,11,2.25,0.5,-60.734748440896148,59.748962097804672,-0.042893171545738074,26,97065,45
p002158,r0010,7,4.6500000000000004,0.81999999999999995,-60.007476207692513,60.349901839536642,-38.793148159191261,40,97110,45
p002159,r0017,17,4.6500000000000004,0.17999999999999999,-63.228406180277844,60.786410689662304,38.913743653073084,40,97155,45
p002160,r0011,7,2.6499999999999999,0.5,-59.905390499896576,59.252175115240455,-0.77660769232806071,28,97200,45
p002161,r0016,7,2.6499999999999999,0.81999999999999995,-60.306005926295981,59.430894642160055,-38.303363823973882,32,97245,45
p002162,r0009,7,1.8500000000000001,0.81999999999999995,-60.77410604246495,62.62513316129067,-39.012242985788937,27,97290,45
p002163,r0001,7,3.0499999999999998,0.17999999999999999,-59.967349023974052,59.078991383445114,38.100650110109669,29,97335,45
p002164,r0021,17,1.45,0.17999999999999999,-65.965966940248606,61.149700375617805,37.818880258761851,26,97380,45
p002165,r0016,11,2.6499999999999999,0.81999999999999995,-60.72235656656359,59.687111226533077,-39.498652363806187,31,97425,45
p002166,r0021,7,1.45,0.5,-60.324330941527059,59.661833345333143,-0.7812487980969578,26,97470,45
p002167,r0005,11,1.45,0.5,-59.786396343698598,60.193833275829917,0.6537184660656592,26,97515,45
p002168,r0024,11,4.6500000000000004,0.5,-59.812267421998534,59.798745759376551,0.44323916868900853,40,97560,45
p002169,r0024,17,4.6500000000000004,0.81999999999999995,-60.980072100553429,64.352615659374734,-37.970188303766349,40,97605,45
p002170,r0013,7,3.0499999999999998,0.81999999999999995,-59.335942575435354,59.705511704838401,-37.458480804986067,35,97650,45
p002171,r0014,25,3.8500000000000001,0.5,-60.411603305554664,59.370624573886062,-0.070489365834301043,40,97695,45
p002172,r0020,17,2.25,0.5,-59.802948127300844,59.890848434971169,0.49395015383516211,26,97740,45
p002173,r0028,25,1.45,0.17999999999999999,-60.621783732870433,60.706792142503303,39.317648484936036,26,97785,45
p002174,r0011,11,4.6500000000000004,0.81999999999999995,-61.888976239789287,70.37508431885513,-38.531445339233287,40,97830,45
p002175,r0021,25,2.6499999999999999,0.17999999999999999,-79.622385977590909,63.417611306252574,37.220411795160743,26,97875,45
p002176,r0025,7,2.6499999999999999,0.5,-59.56887714181407,59.830178940932356,-0.31934910044085713,29,97920,45
p002177,r0001,25,3.4500000000000002,0.81999999999999995,-67.335220690848772,94.298176774873824,-38.691209147018697,40,97965,45
p002178,r0014,17,2.25,0.17999999999999999,-72.381513643382604,62.64224376884075,38.787967434640549,26,98010,45
p002179,r0003,7,3.0499999999999998,0.81999999999999995,-60.393284813949364,60.343098952693332,-39.110735735953675,37,98055,45
p002180,r0027,25,3.4500000000000002,0.5,-60.556304866177918,60.559721139777061,-0.44829186320042852,39,98100,45
p002181,r0006,11,3.0499999999999998,0.17999999999999999,-60.390021446683491,59.620318068280625,37.568456955587081,28,98145,45
p002182,r0009,25,3.8500000000000001,0.17999999999999999,-79.163325130180255,64.396854593886502,39.00602224355449,40,98190,45
p002183,r0014,11,4.6500000000000004,0.81999999999999995,-74.256096874297484,123.22768226129405,-39.159016629890999,40,98235,45
p002184,r0020,7,4.25,0.17999999999999999,-60.804568273566218,59.698063719189335,38.457589960493337,39,98280,45
p002185,r0022,11,4.6500000000000004,0.17999999999999999,-61.031157879635913,60.138225704623132,37.877736659456502,40,98325,45
p002186,r0027,25,2.6499999999999999,0.81999999999999995,-60.253710852681778,60.871557393496744,-38.001162568369637,30,98370,45
p002187,r0013,25,2.6499999999999999,0.81999999999999995,-65.004927894494074,83.474789663816566,-37.828578733998157,30,98415,45
p002188,r0014,25,4.25,0.17999999999999999,-60.325506019659187,60.058411618694869,38.839306443791145,40,98460,45
p002189,r0014,7,2.25,0.5,-60.152709042056131,60.061938782757608,-0.49538512964926157,27,98505,45
p002190,r0005,17,1.45,0.5,-59.829445801885527,59.799913802473199,0.43523400029383624,26,98550,45
p002191,r0002,25,4.25,0.81999999999999995,-70.693863523177043,109.97494207642518,-38.623478515248635,40,98595,45
p002192,r0027,7,3.8500000000000001,0.81999999999999995,-60.275012528943208,59.534074085697959,-39.159376938307794,39,98640,45
p002193,r0017,11,2.25,0.5,-60.077596444556519,60.032227356076461,0.42731545575997104,26,98685,45
p002194,r0007,11,4.25,0.81999999999999995,-60.151444568720308,59.665256298875846,-39.034438412553001,40,98730,45
p002195,r0015,7,3.0499999999999998,0.81999999999999995,-64.121820586579702,80.280652040709896,-38.579375513667571,36,98775,45
p002196,r0003,25,2.6499999999999999,0.81999999999999995,-64.50956528696463,79.017898635856284,-39.124621780856856,31,98820,45
p002197,r0008,25,2.6499999999999999,0.5,-60.255188919435589,59.964767258464413,0.30478916951441165,26,98865,45
p002198,r0009,25,1.45,0.5,-59.894724194389539,60.473650676217787,-0.16053675908587622,26,98910,45
p002199,r0006,17,2.6499999999999999,0.5,-59.547484604733647,60.624171566308839,0.98834348078759571,26,98955,45
p002200,r0014,17,1.8500000000000001,0.81999999999999995,-62.958781029319084,73.518932573896251,-38.842792580740323,26,99000,45
p002201,r0001,17,4.25,0.5,-60.390417699329724,60.070788189043306,0.29018524485679081,40,99045,45
p002202,r0023,25,4.25,0.81999999999999995,-59.720957404563066,59.403023976365816,-37.828640755995863,40,99090,45
p002203,r0020,17,1.8500000000000001,0.81999999999999995,-63.122829732782314,73.705945006383843,-38.043650279732404,26,99135,45
p002204,r0019,11,1.45,0.81999999999999995,-74.526087216103477,124.47210509036815,-38.256412600938575,26,99180,45
p002205,r0018,25,2.25,0.17999999999999999,-91.134591552646896,66.818713498318814,37.937118589144987,26,99225,45
p002206,r0002,25,2.25,0.5,-59.66602101962863,60.945556416737162,0.18976769855426595,26,99270,45
p002207,r0028,11,4.6500000000000004,0.5,-59.720736947087552,59.516133162798745,-0.55230189214440339,40,99315,45
p002208,r0005,7,3.4500000000000002,0.81999999999999995,-63.492297297118192,73.261404375329249,-38.426630996077648,38,99360,45
p002209,r0002,11,4.25,0.5,-60.481052058154809,60.024033366136159,-0.678509346009325,40,99405,45
p002210,r0024,11,3.8500000000000001,0.5,-59.454046072539903,60.071072887485464,0.7585134074727804,40,99450,45
p002211,r0018,17,1.8500000000000001,0.81999999999999995,-59.52978894335854,60.130333053265169,-37.540966983966264,26,99495,45
p002212,r0021,17,2.6499999999999999,0.81999999999999995,-61.525206882028911,66.9392110420969,-38.85161165568627,32,99540,45
p002213,r0026,11,4.6500000000000004,0.81999999999999995,-62.326456633026226,72.327537065873884,-37.6387377672242,40,99585,45
p002214,r0007,25,1.8500000000000001,0.81999999999999995,-66.17728835105919,89.104840211514215,-38.676505209795977,26,99630,45
p002215,r0006,11,4.25,0.81999999999999995,-60.193444298512787,59.850968842947111,-39.035449933050003,40,99675,45
p002216,r0017,7,2.25,0.5,-59.90413335963877,59.703951084032859,-0.5500911378029556,27,99720,45
p002217,r0022,11,3.0499999999999998,0.81999999999999995,-64.914005376344733,82.766521572641352,-38.781510525527239,37,99765,45
p002218,r0010,17,4.25,0.5,-59.494269189549556,60.263703871154846,-0.065282659197355042,40,99810,45
p002219,r0012,7,1.45,0.5,-60.10214334152883,59.586842875474872,0.19234976697302103,26,99855,45
p002220,r0021,17,3.0499999999999998,0.81999999999999995,-66.230838493355904,87.051074784085444,-39.090094103416448,39,99900,45
p002221,r0017,17,1.8500000000000001,0.5,-60.189478061880067,59.627130421425335,-0.73117382022736588,26,99945,45
p002222,r0017,25,3.8500000000000001,0.17999999999999999,-119.75581608379477,73.691964096845126,38.421363664329945,40,99990,45
p002223,r0024,11,3.4500000000000002,0.81999999999999995,-62.786872338233593,73.730464440428392,-38.663751718074437,40,100035,45
p002224,r0010,11,2.25,0.81999999999999995,-60.559776368649167,60.005334567329776,-38.408056400172946,27,100080,45
p002225,r0025,7,4.25,0.5,-60.4081599316563,59.908492591593713,-0.69983367003129326,39,100125,45
p002226,r0001,25,3.0499999999999998,0.17999999999999999,-59.769191130927062,60.092658152639778,38.967525281597752,26,100170,45
p002227,r0004,25,2.6499999999999999,0.81999999999999995,-67.824348867639287,96.263695617753456,-38.738500860268587,32,100215,45
p002228,r0011,7,3.4500000000000002,0.17999999999999999,-72.555362443860261,62.606303405470356,37.827203552590845,33,100260,45
p002229,r0025,11,3.8500000000000001,0.17999999999999999,-60.363256835359955,59.710064719293982,37.646866839456266,37,100305,45
p002230,r0026,17,1.45,0.5,-60.097876175842863,60.00279992008273,0.40246187211993317,26,100350,45
p002231,r0020,25,2.6499999999999999,0.17999999999999999,-80.467960011132305,63.910756161796527,38.372587250669341,26,100395,45
p002232,r0014,7,3.0499999999999998,0.17999999999999999,-59.398952869608678,60.131629060123629,38.166124312771814,30,100440,45
p002233,r0008,11,4.25,0.5,-60.277443159475666,59.714592160791668,-0.7314254993419993,40,100485,45
p002234,r0015,25,2.6499999999999999,0.5,-60.357307456200843,60.510168021377879,0.52643028258851809,26,100530,45
p002235,r0002,25,3.4500000000000002,0.17999999999999999,-93.9783166094291,67.521831272566544,38.901804653807332,34,100575,45
p002236,r0005,11,1.8500000000000001,0.5,-60.622068066441095,59.981533395948965,-0.77026733524606494,26,100620,45
p002237,r0022,17,4.6500000000000004,0.81999999999999995,-80.452005988700364,151.90873509449821,-39.077072593724623,40,100665,45
p002238,r0026,25,2.25,0.17999999999999999,-80.942722860548571,64.521170321065142,38.78766954837468,26,100710,45
p002239,r0002,11,3.8500000000000001,0.81999999999999995,-60.82646677212054,63.269840264467838,-38.03913150553462,40,100755,45
p002240,r0015,7,1.8500000000000001,0.81999999999999995,-61.246183993310126,66.880689694587517,-37.733346729488545,27,100800,45
p002241,r0016,7,4.25,0.5,-59.631918017523482,59.934954746037384,-0.29848163574304892,39,100845,45
p002242,r0018,25,3.0499999999999998,0.81999999999999995,-60.001317697888787,59.90408061885541,-37.968346000874824,40,100890,45
p002243,r0000,11,1.45,0.5,-60.264289996427877,59.44645826326628,-0.85891586658079855,26,100935,45
p002244,r0000,25,4.25,0.5,-60.644811173024415,60.159642656437647,-0.69258425829338388,40,100980,45
p002245,r0016,25,4.6500000000000004,0.17999999999999999,-60.125403606032478,59.920822871307905,37.862502105386639,40,101025,45
p002246,r0020,11,3.8500000000000001,0.5,-60.480293622674786,59.981928858309679,0.20081761781744661,39,101070,45
p002247,r0006,17,3.4500000000000002,0.81999999999999995,-59.673312483271914,59.908866957924985,-38.598520183856465,40,101115,45
p002248,r0013,11,2.25,0.81999999999999995,-59.82452979406176,60.442346143896039,-37.726492125229349,27,101160,45
p002249,r0016,25,2.25,0.17999999999999999,-82.799862359402468,65.263678516315039,38.162241158685887,26,101205,45
p002250,r0009,7,2.25,0.17999999999999999,-60.316640195296699,59.884170142376199,37.798024281595076,26,101250,45
p002251,r0005,7,2.25,0.17999999999999999,-71.427349383014246,62.190299299831793,38.589122536919511,27,101295,45
p002252,r0006,25,2.6499999999999999,0.17999999999999999,-60.253698224160125,60.212006066562147,38.078179294232136,26,101340,45
p002253,r0025,17,4.6500000000000004,0.81999999999999995,-71.187613505866096,111.99635587958915,-37.764499016484152,40,101385,45
p002254,r0010,25,1.45,0.5,-60.490305935183727,60.053122972674629,0.23140851874545093,26,101430,45
p002255,r0007,17,3.0499999999999998,0.5,-60.163861944029264,59.540377924671148,0.13825799032094183,29,101475,45
p002256,r0022,7,3.4500000000000002,0.17999999999999999,-59.651941275639267,60.028116666288149,38.035706236741213,33,101520,45
p002257,r0017,7,3.8500000000000001,0.81999999999999995,-59.935767345311618,60.038998415507216,-37.890309508364219,39,101565,45
p002258,r0024,11,1.45,0.5,-60.0298643258228,59.99650312252291,0.43331939835005501,26,101610,45
p002259,r0015,11,3.0499999999999998,0.5,-59.67894789543535,59.843745951791028,0.53239902817783924,31,101655,45
p002260,r0021,11,1.45,0.17999999999999999,-97.381978367852497,67.781136117069394,37.601775509783451,26,101700,45
p002261,r0018,7,2.6499999999999999,0.81999999999999995,-63.087600187382662,70.010165351428185,-39.5800023903967,32,101745,45
p002262,r0005,25,3.8500000000000001,0.17999999999999999,-60.093218534692838,60.396834976723014,38.258625344668161,40,101790,45
p002263,r0028,7,2.25,0.17999999999999999,-60.028167245285694,59.613718844601827,37.628179348422073,27,101835,45
p002264,r0005,11,3.4500000000000002,0.81999999999999995,-65.781628980606328,87.111075899683186,-37.8109421021542,40,101880,45
p002265,r0027,7,3.4500000000000002,0.81999999999999995,-59.68035072508745,59.558092880200796,-37.767430876135556,37,101925,45
p002266,r0001,7,4.6500000000000004,0.81999999999999995,-59.534922115952909,59.773418772874564,-38.509420755963959,40,101970,45
p002267,r0021,25,2.25,0.17999999999999999,-88.332456043433865,66.172131137185318,38.81130544467387,26,102015,45
p002268,r0010,7,1.8500000000000001,0.81999999999999995,-59.864968484401928,60.516981469473201,-38.646217492704402,27,102060,45
p002269,r0016,25,2.6499999999999999,0.81999999999999995,-63.919087704584683,78.404559957830543,-38.750831125349933,30,102105,45
p002270,r0020,17,4.25,0.5,-60.415919313164018,60.147524504322966,0.31580259557947415,40,102150,45
p002271,r0028,11,1.45,0.81999999999999995,-63.250746057017196,74.279048073531271,-38.94538311351846,26,102195,45
p002272,r0012,17,2.6499999999999999,0.5,-59.660105833852768,59.928469238571452,0.58418170235934208,26,102240,45
p002273,r0015,17,3.8500000000000001,0.81999999999999995,-68.440589558716994,100.03406522531995,-37.665151697590332,40,102285,45
p002274,r0011,17,1.8500000000000001,0.5,-60.029655971587928,60.212069579617733,0.54120680401490229,26,102330,45
p002275,r0001,25,2.25,0.5,-60.350511668247364,59.600013068951981,0.074750700352308297,26,102375,45
p002276,r0018,11,3.0499999999999998,0.5,-59.35091721752417,60.209685361282823,-0.020615928120673754,31,102420,45
p002277,r0001,7,1.8500000000000001,0.81999999999999995,-73.559312180904016,120.73390219772796,-38.13653359275024,27,102465,45
p002278,r0011,11,3.0499999999999998,0.17999999999999999,-60.219081824089926,60.324886019022415,39.076971807262197,28,102510,45
p002279,r0018,7,3.8500000000000001,0.17999999999999999,-82.661617546830087,65.10828581140747,38.059703206924709,36,102555,45
p002280,r0005,7,3.0499999999999998,0.5,-59.829506832406928,59.847056944244976,-0.44122494408097596,31,102600,45
p002281,r0015,11,1.45,0.81999999999999995,-61.43351926857946,69.088210385176495,-38.389607930903381,26,102645,45
p002282,r0007,25,3.4500000000000002,0.17999999999999999,-59.89372404945621,59.899940571138174,37.887080939431186,33,102690,45
p002283,r0005,17,4.25,0.17999999999999999,-59.366682214440203,59.879698002300174,38.865349563286912,40,102735,45
p002284,r0012,7,2.6499999999999999,0.81999999999999995,-59.923520316513333,60.67601864002593,-37.765603304336253,33,102780,45
p002285,r0000,11,2.25,0.5,-60.33353805041358,60.020004879839604,0.29323341471301206,26,102825,45
p002286,r0006,11,1.8500000000000001,0.5,-61.197504279023981,59.837116418425502,-1.1301939302992394,26,102870,45
p002287,r0023,25,3.4500000000000002,0.5,-60.115147350725593,59.999996909136158,0.39242477920528246,39,102915,45
p002288,r0015,25,3.8500000000000001,0.81999999999999995,-61.435074333541934,66.896554417438978,-38.785381158365368,40,102960,45
p002289,r0015,11,2.6499999999999999,0.17999999999999999,-62.161629094221347,60.60281947372453,38.955218731494277,26,103005,45
p002290,r0003,17,3.4500000000000002,0.5,-60.10568888666571,59.765903149700485,0.28010713151738714,38,103050,45
p002291,r0003,11,3.8500000000000001,0.81999999999999995,-59.528271022494309,59.825303588399819,-37.594627592533357,40,103095,45
p002292,r0007,25,2.6499999999999999,0.5,-60.31426436389841,59.965211067695201,-0.62452664810160452,26,103140,45
p002293,r0015,25,1.8500000000000001,0.5,-60.099784979308396,59.561248347755452,-0.71926831577647188,26,103185,45
p002294,r0001,7,4.25,0.81999999999999995,-59.911196535481778,60.308808253327264,-38.721595673496147,40,103230,45
p002295,r0004,7,3.4500000000000002,0.17999999999999999,-60.899236318081421,60.166349446839554,38.824544009153783,33,103275,45
p002296,r0017,7,2.6499999999999999,0.81999999999999995,-65.140406458858649,82.425949342842898,-39.028462414552365,33,103320,45
p002297,r0022,11,2.6499999999999999,0.5,-60.087824188411908,60.235962850788987,-0.37593066881146059,27,103365,45
p002298,r0015,7,2.6499999999999999,0.17999999999999999,-59.951810451853319,59.889050036588117,37.867695148668659,29,103410,45
p002299,r0018,7,4.25,0.17999999999999999,-59.54095828962398,59.583239665392448,38.590884033489495,38,103455,45
p002300,r0004,7,2.6499999999999999,0.5,-60.001694947679518,60.07165298378191,-0.41502098194880405,28,103500,45
p002301,r0008,7,3.8500000000000001,0.17999999999999999,-74.013743936920008,62.498118226218025,37.475983036853179,36,103545,45
p002302,r0003,7,4.6500000000000004,0.81999999999999995,-60.102742335546722,59.90197435869262,-38.951893330583637,40,103590,45
p002303,r0005,17,4.6500000000000004,0.81999999999999995,-61.745635639834745,69.02951826062403,-38.656107937752168,40,103635,45
p002304,r0010,25,4.6500000000000004,0.81999999999999995,-61.762649151247679,67.99009180698863,-37.957155778765127,40,103680,45
p002305,r0022,11,3.8500000000000001,0.17999999999999999,-59.189317454775157,60.485834802574452,39.394307396251527,38,103725,45
p002306,r0009,17,2.25,0.17999999999999999,-59.353304239294374,59.994750031608959,38.962100262846363,26,103770,45
p002307,r0003,11,4.6500000000000004,0.5,-59.528463041027734,60.010238450443595,0.69088770470793004,40,103815,45
p002308,r0013,11,3.0499999999999998,0.17999999999999999,-61.745462108360258,60.224603520586669,37.819991707376218,28,103860,45
p002309,r0000,25,2.25,0.17999999999999999,-97.362446803072757,67.940059792500875,38.635608605297627,26,103905,45
p002310,r0004,7,2.6499999999999999,0.81999999999999995,-63.09201885944529,72.815217918136369,-38.178716239480579,32,103950,45
p002311,r0024,11,3.8500000000000001,0.17999999999999999,-61.499534892449731,59.965969590334197,37.652178783433087,38,103995,45
p002312,r0019,17,4.6500000000000004,0.17999999999999999,-70.416237681602809,61.90422895721688,38.536544962229343,40,104040,45
p002313,r0026,25,3.4500000000000002,0.81999999999999995,-70.645476965847209,110.84189563962663,-38.427749896861911,40,104085,45
p002314,r0000,25,1.8500000000000001,0.5,-60.712606818853189,60.641174882492578,-0.48571596818030544,26,104130,45
p002315,r0020,7,4.6500000000000004,0.5,-60.426849612446418,59.629398666365873,0.051274526959727507,40,104175,45
p002316,r0005,17,3.8500000000000001,0.17999999999999999,-72.680213150954245,63.001314179652951,38.128639260143657,39,104220,45
p002317,r0018,25,4.6500000000000004,0.81999999999999995,-67.054397795479858,93.985636925834569,-38.517191545643257,40,104265,45
p002318,r0007,7,4.25,0.17999999999999999,-65.343229797163204,60.511762886290342,38.307864203268707,39,104310,45
p002319,r0005,17,3.0499999999999998,0.17999999999999999,-70.271566171369585,61.746358508560363,38.433132066172973,27,104355,45
p002320,r0003,25,3.4500000000000002,0.81999999999999995,-59.544328150292984,60.288447730229514,-38.424428491798928,40,104400,45
p002321,r0019,11,4.6500000000000004,0.81999999999999995,-67.149919070231775,92.101328060828735,-38.934694586640873,40,104445,45
p002322,r0015,7,4.25,0.5,-59.300863405050869,60.422106866320469,1.0106217306348,39,104490,45
p002323,r0009,17,3.4500000000000002,0.5,-60.249606246667298,60.218426062749558,0.43440990804112972,38,104535,45
p002324,r0008,7,3.0499999999999998,0.5,-59.832230216029387,60.223543196460128,0.64565649021537008,32,104580,45
p002325,r0028,7,2.25,0.81999999999999995,-60.171359402797286,59.697166323834871,-39.045024772003494,28,104625,45
p002326,r0013,25,1.8500000000000001,0.81999999999999995,-59.943048159608566,59.392194219809873,-38.01270453131324,26,104670,45
p002327,r0025,17,4.6500000000000004,0.5,-59.881042858724967,59.750312373750717,-0.51536524248712534,40,104715,45
p002328,r0015,17,1.8500000000000001,0.17999999999999999,-96.821199079274834,68.495588625833648,38.288566838914122,26,104760,45
p002329,r0002,17,4.6500000000000004,0.81999999999999995,-70.150825147687172,106.94271515252481,-37.823987893649004,40,104805,45
p002330,r0027,7,4.25,0.5,-59.712974113507677,60.380772709157206,0.78389929782476453,39,104850,45
p002331,r0004,7,4.25,0.5,-59.657342763282941,59.495483650247905,-0.53092955651751761,39,104895,45
p002332,r0028,11,4.25,0.17999999999999999,-158.96172097011475,81.640942719292752,37.882463255199397,40,104940,45
p002333,r0015,11,3.8500000000000001,0.5,-60.106389555603378,59.909581541108885,-0.54840400724724669,39,104985,45
p002334,r0018,11,2.25,0.5,-60.025316373619034,59.609493820407735,0.24208872339435034,26,105030,45
p002335,r0002,17,3.0499999999999998,0.5,-59.915644369697326,59.772825676733795,0.3785906535182349,29,105075,45
p002336,r0025,25,3.8500000000000001,0.5,-60.065374981478776,60.43706498858257,-0.26415499644810297,40,105120,45
p002337,r0015,7,2.25,0.17999999999999999,-65.045238221349308,61.081655143275341,37.928814337642905,26,105165,45
p002338,r0000,25,2.25,0.81999999999999995,-59.394407009875863,59.976407074238345,-38.357660474735304,26,105210,45
p002339,r0011,11,3.8500000000000001,0.17999999999999999,-90.915812371473777,67.024559980161087,38.145292956866811,38,105255,45
p002340,r0012,17,3.0499999999999998,0.81999999999999995,-60.154754580257446,60.209912030674055,-38.939114590289769,39,105300,45
p002341,r0021,17,4.6500000000000004,0.5,-59.627526721016686,59.84124891883409,0.55686109890870195,40,105345,45
p002342,r0022,25,3.8500000000000001,0.5,-59.73308343139685,60.291348294971542,-0.17086756821265398,40,105390,45
p002343,r0008,25,4.6500000000000004,0.81999999999999995,-74.723820205104005,127.1862344327796,-38.830010370284938,40,105435,45
p002344,r0023,11,2.6499999999999999,0.81999999999999995,-59.961101632493524,59.666305097907227,-37.97816842102138,33,105480,45
p002345,r0014,7,2.6499999999999999,0.5,-59.970729326646406,59.683969232322355,-0.59338004716202586,29,105525,45
p002346,r0005,17,3.0499999999999998,0.81999999999999995,-65.424277490565146,82.713302526208963,-38.309513087545795,39,105570,45
p002347,r0004,17,3.0499999999999998,0.81999999999999995,-60.069814506729394,60.415359256778615,-37.932483229297944,40,105615,45
p002348,r0005,11,3.8500000000000001,0.17999999999999999,-103.64249101150772,69.825008593890075,38.150858664918474,38,105660,45
p002349,r0027,11,4.25,0.17999999999999999,-59.99450151106501,60.008075918879001,38.857611981489086,39,105705,45
p002350,r0005,25,4.6500000000000004,0.5,-60.522168168735043,60.110695885604947,0.24426385843495241,40,105750,45
p002351,r0028,17,3.4500000000000002,0.5,-59.552273779334008,60.264197901159726,0.8059620609128586,38,105795,45
p002352,r0012,25,1.45,0.5,-60.384922057050296,59.962134904005588,-0.66139357652235442,26,105840,45
p002353,r0002,25,3.0499999999999998,0.5,-60.395336520057249,59.167450077906061,-0.16394322107559417,28,105885,45
p002354,r0011,11,3.8500000000000001,0.5,-59.913336828719899,59.828204956528346,0.40743406390422338,40,105930,45
p002355,r0014,11,1.8500000000000001,0.17999999999999999,-82.147944538016503,64.546514644258423,38.59151199144894,26,105975,45
p002356,r0024,11,4.25,0.17999999999999999,-87.75685697746141,65.788762853369789,38.600551283820181,40,106020,45
p002357,r0008,17,2.25,0.17999999999999999,-105.60028782045661,69.850914476981444,38.7196980634426,26,106065,45
p002358,r0011,7,3.8500000000000001,0.5,-60.148158405932634,60.356945432104311,-0.34560648691416135,37,106110,45
p002359,r0022,25,2.6499999999999999,0.17999999999999999,-60.015585679935242,60.688327627950969,39.411623232531454,26,106155,45
p002360,r0007,11,4.6500000000000004,0.5,-60.268393894388922,60.207590570794181,-0.48040166179737015,40,106200,45
p002361,r0017,25,3.0499999999999998,0.5,-60.151608205513682,60.170309959477535,0.45935087698192661,28,106245,45
p002362,r0014,7,4.25,0.5,-59.76631185598989,59.943925202369947,0.53880667319002806,39,106290,45
p002363,r0012,17,2.25,0.17999999999999999,-59.81102950657867,60.079545068839721,38.049241645264409,26,106335,45
p002364,r0014,25,1.45,0.17999999999999999,-80.461451230573203,64.53870396653447,37.988676031055086,26,106380,45
p002365,r0005,25,1.45,0.17999999999999999,-83.806656270795429,65.495817950611453,38.17137259075821,26,106425,45
p002366,r0024,17,3.0499999999999998,0.81999999999999995,-60.165652505780727,60.301424689917724,-38.031578610555002,39,106470,45
p002367,r0027,17,1.8500000000000001,0.81999999999999995,-60.58711563384766,61.035518608449905,-38.245041470234085,26,106515,45
p002368,r0000,17,3.4500000000000002,0.17999999999999999,-68.076530830423138,61.598255128071841,37.806793655542748,33,106560,45
p002369,r0018,11,2.6499999999999999,0.5,-59.689130896797948,60.559747253786142,0.88530817849409682,27,106605,45
p002370,r0022,17,3.4500000000000002,0.81999999999999995,-59.991074790125786,59.660860954200253,-38.003726356147091,40,106650,45
p002371,r0017,25,3.4500000000000002,0.81999999999999995,-59.238743355333483,59.979251222745098,-37.329504331279331,40,106695,45
p002372,r0003,17,4.6500000000000004,0.81999999999999995,-67.143932427661326,92.962241776719679,-37.874821070872727,40,106740,45
p002373,r0007,11,3.0499999999999998,0.17999999999999999,-93.064024309185044,67.877207672433897,39.35778591574249,28,106785,45
p002374,r0028,7,4.25,0.17999999999999999,-60.972415780757842,60.208369221712047,38.845827921267471,38,106830,45
p002375,r0005,7,3.0499999999999998,0.17999999999999999,-92.714291799861797,67.131042964509732,38.808882706922859,29,106875,45
p002376,r0021,7,4.25,0.5,-59.792891219012816,58.894704158215845,-0.8990935303984855,39,106920,45
p002377,r0011,11,3.4500000000000002,0.17999999999999999,-74.103025307606984,63.007944566013684,37.877969988761961,33,106965,45
p002378,r0028,7,1.8500000000000001,0.5,-60.174480412396598,59.763159911218516,-0.65566025058904098,26,107010,45
p002379,r0009,25,1.45,0.81999999999999995,-60.260332150323954,59.924602150252419,-38.177043976220197,26,107055,45
p002380,r0023,11,3.4500000000000002,0.81999999999999995,-61.343896379111413,64.720359532167237,-39.102330315081247,40,107100,45
p002381,r0001,7,3.4500000000000002,0.81999999999999995,-67.252274279574351,95.071626577838046,-37.583972125240109,39,107145,45
p002382,r0003,11,1.45,0.5,-60.074459633798824,59.942481239954446,0.38401080307781116,26,107190,45
p002383,r0010,25,2.25,0.5,-59.84080711043471,60.070966017169809,-0.33492054663245058,26,107235,45
p002384,r0013,11,4.25,0.17999999999999999,-78.861149466485401,64.896031640929337,39.469739041594693,40,107280,45
p002385,r0014,11,2.25,0.81999999999999995,-60.116711134347682,59.617616794593083,-39.014532107138329,27,107325,45
p002386,r0004,17,2.6499999999999999,0.17999999999999999,-79.768477116134846,63.916899862024124,38.50353200595552,26,107370,45
p002387,r0010,17,4.25,0.17999999999999999,-62.385607794186697,60.156963175128226,37.649300400651541,40,107415,45
p002388,r0002,11,3.0499999999999998,0.5,-59.916755303154098,60.36123030994316,-0.22776249660546882,30,107460,45
p002389,r0007,25,3.8500000000000001,0.17999999999999999,-91.840193901700459,67.045053031320933,37.99570858337708,40,107505,45
p002390,r0002,25,2.6499999999999999,0.17999999999999999,-68.635181428373784,61.777589692290604,38.753290890571023,26,107550,45
p002391,r0015,17,2.25,0.17999999999999999,-65.582785682197425,61.135625944272164,38.776311851507643,26,107595,45
p002392,r0004,7,4.6500000000000004,0.5,-59.909152510622256,60.293434212162289,0.64214085077001637,40,107640,45
p002393,r0005,25,3.8500000000000001,0.81999999999999995,-63.876038487307625,80.036264921297203,-38.421823873758754,40,107685,45
p002394,r0018,17,2.25,0.81999999999999995,-60.513588300380846,60.104546840159273,-38.352323975083621,26,107730,45
p002395,r0012,17,2.6499999999999999,0.17999999999999999,-60.050838756388501,59.402268333544257,37.450709057356363,26,107775,45
p002396,r0007,17,3.4500000000000002,0.5,-60.221741149299781,60.590610141299841,0.63443449600002988,38,107820,45
p002397,r0004,17,3.0499999999999998,0.17999999999999999,-73.058839991998283,62.815549100932387,38.808159064204872,27,107865,45
p002398,r0005,11,4.6500000000000004,0.17999999999999999,-59.370823063688995,60.212107696764036,39.137180159882497,40,107910,45
p002399,r0015,25,3.4500000000000002,0.81999999999999995,-60.640839295932579,59.738475215709691,-39.422562683836965,40,107955,45
p002400,r0013,17,3.8500000000000001,0.17999999999999999,-115.56367250393231,72.633562640873265,39.208060314808264,39,108000,45
p002401,r0016,11,4.6500000000000004,0.5,-60.961324496106073,59.98612900802658,-0.037597744039746306,40,108045,45
p002402,r0024,25,4.25,0.5,-60.377798494445997,59.342884845264322,-0.067456824590837516,40,108090,45
p002403,r0001,17,3.4500000000000002,0.81999999999999995,-62.664390080678871,70.373433920072102,-39.167581760543683,40,108135,45
p002404,r0007,11,1.45,0.17999999999999999,-84.715665756318288,65.550626770225449,38.952694115447585,26,108180,45
p002405,r0018,25,3.4500000000000002,0.81999999999999995,-60.580193626387555,65.658356914039473,-37.407254529110688,40,108225,45
p002406,r0026,25,3.0499999999999998,0.17999999999999999,-60.186394440368844,60.120758279972165,38.015470790310786,26,108270,45
p002407,r0027,11,3.0499999999999998,0.81999999999999995,-59.577157527246719,60.207804792316473,-38.46586430972534,38,108315,45
p002408,r0014,7,4.25,0.81999999999999995,-59.806318966311366,59.932917723503557,-37.803256362144673,40,108360,45
p002409,r0020,17,2.25,0.81999999999999995,-60.556305019322217,59.84299361549953,-38.434431265054293,26,108405,45
p002410,r0012,17,3.8500000000000001,0.81999999999999995,-62.174182712023445,69.809750653143325,-38.867074706293423,40,108450,45
p002411,r0015,7,2.6499999999999999,0.81999999999999995,-59.858960414092046,62.132295410413313,-37.450534365681072,33,108495,45
p002412,r0007,25,3.0499999999999998,0.81999999999999995,-60.589757192574055,59.894865788843035,-38.452525055918969,40,108540,45
p002413,r0003,25,3.0499999999999998,0.5,-60.151851371394976,60.024249323161307,-0.51380102411683448,27,108585,45
p002414,r0001,11,4.6500000000000004,0.5,-60.411867878259422,59.941851353143782,-0.68500826255781955,40,108630,45
p002415,r0007,11,4.25,0.5,-60.058167578655315,60.153297719435699,-0.40243492960980803,40,108675,45
p002416,r0020,25,1.8500000000000001,0.17999999999999999,-127.7034103450799,74.494778115887527,38.549104192913397,26,108720,45
p002417,r0018,25,1.8500000000000001,0.5,-60.535066574279902,60.371302895572207,0.36811816064615216,26,108765,45
p002418,r0005,11,3.0499999999999998,0.17999999999999999,-60.265624783964405,59.884759592171477,37.80769040446701,28,108810,45
p002419,r0026,25,1.8500000000000001,0.81999999999999995,-60.507013712397821,61.042304398901663,-38.178136452363901,26,108855,45
p002420,r0012,7,4.6500000000000004,0.5,-59.734716675473514,60.134994774656143,0.65013904959131419,40,108900,45
p002421,r0009,11,3.0499999999999998,0.5,-60.354108651819118,60.08656027274283,-0.58377418953814408,30,108945,45
p002422,r0010,17,3.8500000000000001,0.81999999999999995,-62.873282371344153,73.012600810617556,-38.863823398591038,40,108990,45
p002423,r0018,17,2.25,0.17999999999999999,-60.317202628893256,60.198974037108997,38.056062237228588,26,109035,45
p002424,r0019,25,1.45,0.5,-60.301736242116384,60.230130833538404,-0.48580270428899014,26,109080,45
p002425,r0016,17,1.45,0.81999999999999995,-70.341736592755979,107.31837715733656,-37.9129161177393,26,109125,45
p002426,r0019,7,1.45,0.5,-60.0761556687319,59.896396874093966,0.36012060268103313,26,109170,45
p002427,r0010,17,4.6500000000000004,0.81999999999999995,-61.466654666651266,65.944733968366535,-38.982604712348063,40,109215,45
p002428,r0016,7,3.0499999999999998,0.5,-60.116790538611845,60.050567951796374,0.41688870659226468,32,109260,45
p002429,r0011,17,4.6500000000000004,0.17999999999999999,-86.684017700303812,65.469750224043864,37.632071997661285,40,109305,45
p002430,r0028,11,2.25,0.17999999999999999,-59.987911169350269,59.654423596895654,38.568803338971392,26,109350,45
p002431,r0010,17,1.8500000000000001,0.5,-59.934003714144531,60.073499496791406,-0.38025210867656228,26,109395,45
p002432,r0004,17,1.45,0.17999999999999999,-79.456933133320959,64.390438650741402,38.947911729610183,26,109440,45
p002433,r0003,11,3.0499999999999998,0.5,-60.38872077958861,59.530411212552835,0.020845216482112516,29,109485,45
p002434,r0014,17,1.45,0.17999999999999999,-63.108695739197778,60.292891436463151,38.530605744844188,26,109530,45
p002435,r0027,11,3.8500000000000001,0.17999999999999999,-91.030288517410568,67.212620249965028,38.278896671837423,38,109575,45
p002436,r0011,7,2.25,0.81999999999999995,-65.186003213004639,83.852673435098396,-37.909041416346085,29,109620,45
p002437,r0013,17,1.45,0.81999999999999995,-62.092776641197474,68.949402044012686,-38.955184477859646,26,109665,45
p002438,r0024,7,1.45,0.5,-59.921364053382682,59.749892325593841,-0.53573586389442052,26,109710,45
p002439,r0025,25,4.25,0.17999999999999999,-60.07644223999624,60.38888254672402,38.255124085114375,40,109755,45
p002440,r0007,11,2.25,0.5,-59.879531588754702,60.025731837808422,-0.37689987547313991,26,109800,45
p002441,r0002,17,3.8500000000000001,0.17999999999999999,-91.721505324510019,66.282650997410443,37.391902859464764,39,109845,45
p002442,r0027,25,1.45,0.5,-60.186924460176485,59.86585509273317,0.28946531627834277,26,109890,45
p002443,r0003,7,3.0499999999999998,0.17999999999999999,-59.994757526936709,60.200310579819245,39.015198320603176,30,109935,45
p002444,r0001,17,4.25,0.81999999999999995,-59.728765974073681,59.932122986420794,-38.639805961184678,40,109980,45
p002445,r0005,25,3.8500000000000001,0.5,-59.71524768660926,60.028095425963912,0.60642386967732587,40,110025,45
p002446,r0013,7,4.6500000000000004,0.5,-59.396735084009933,60.169509662321701,-0.06361271084411585,40,110070,45
p002447,r0021,25,3.0499999999999998,0.17999999999999999,-59.470670380341886,60.594880188495921,39.433081086105119,26,110115,45
p002448,r0018,17,3.4500000000000002,0.5,-60.053856055322107,60.135844293991347,0.49099411933461995,38,110160,45
p002449,r0004,7,3.0499999999999998,0.81999999999999995,-60.84265425293237,62.872270345441336,-39.0239678252251,35,110205,45
p002450,r0001,17,3.0499999999999998,0.17999999999999999,-60.103154829407416,59.805072670297328,37.771591720350472,27,110250,45
p002451,r0026,25,3.4500000000000002,0.17999999999999999,-60.18423138800037,60.153392249573926,38.942619994810556,33,110295,45
p002452,r0027,25,2.25,0.17999999999999999,-60.183842595351514,60.11549109070144,38.011611027211906,26,110340,45
p002453,r0021,11,2.25,0.81999999999999995,-59.890379858544435,60.538049744051662,-37.763262530077128,27,110385,45
p002454,r0015,17,3.8500000000000001,0.17999999999999999,-80.893416824899333,64.855341911634383,38.170565339058314,39,110430,45
p002455,r0019,25,3.8500000000000001,0.17999999999999999,-69.062689241192714,61.651617751501348,38.573042492816427,40,110475,45
p002456,r0019,17,2.25,0.81999999999999995,-63.454224682742918,74.285924312013847,-38.210997863686686,26,110520,45
p002457,r0007,11,4.6500000000000004,0.81999999999999995,-60.168249657672405,60.057094611045066,-38.077687689303239,40,110565,45
p002458,r0019,11,1.45,0.17999999999999999,-116.26971350480625,72.760779211556383,38.285290522611106,26,110610,45
p002459,r0006,25,2.6499999999999999,0.5,-59.607242772749053,60.312239141644859,-0.097501815552097082,26,110655,45
p002460,r0018,11,3.0499999999999998,0.81999999999999995,-60.029453764833363,59.868045616779931,-38.897903876142969,38,110700,45
p002461,r0015,11,1.45,0.17999999999999999,-88.174025253566924,66.127819810149731,38.80348769868074,26,110745,45
p002462,r0008,25,1.45,0.17999999999999999,-77.524799425024369,63.974929602274457,38.054978377360669,26,110790,45
p002463,r0014,11,1.45,0.81999999999999995,-59.9481236715134,60.356342500372648,-38.743319760573911,26,110835,45
p002464,r0015,11,4.25,0.17999999999999999,-71.866127742185611,62.338543504230238,37.731702679875383,40,110880,45
p002465,r0016,7,3.4500000000000002,0.5,-60.641372996288048,60.006283227980767,-0.76754488415364075,35,110925,45
p002466,r0021,7,3.4500000000000002,0.17999999999999999,-60.672968689035457,60.276597221333908,38.955675357467427,33,110970,45
p002467,r0027,11,2.25,0.17999999999999999,-60.318260088771197,59.885026622069233,38.698435014117962,26,111015,45
p002468,r0008,11,4.6500000000000004,0.17999999999999999,-130.87668353350711,75.68877166080695,38.05698972583042,40,111060,45
p002469,r0025,17,3.4500000000000002,0.17999999999999999,-105.04325441822415,70.130823130242419,39.049489171518438,32,111105,45
p002470,r0026,25,4.25,0.17999999999999999,-60.168617158229104,60.421504879193378,39.165282912457336,40,111150,45
p002471,r0018,11,4.6500000000000004,0.5,-59.835432594243805,60.4037055229605,0.73413646435834745,40,111195,45
p002472,r0021,7,3.8500000000000001,0.81999999999999995,-60.508773693122862,60.008908208954125,-38.365590950748995,39,111240,45
p002473,r0026,25,4.6500000000000004,0.17999999999999999,-113.39225676678834,71.699774326542581,38.833208729743021,40,111285,45
p002474,r0004,17,1.8500000000000001,0.5,-60.496923311963613,59.940759866919436,-0.72808172252208858,26,111330,45
p002475,r0016,7,2.6499999999999999,0.17999999999999999,-60.70882258127893,60.08174788977783,37.889445204987609,27,111375,45
p002476,r0012,25,3.8500000000000001,0.81999999999999995,-59.566726613584038,60.411630988643601,-38.420622245183061,40,111420,45
p002477,r0019,7,3.0499999999999998,0.5,-60.385176876148854,59.678657310906765,-0.8032597826210448,30,111465,45
p002478,r0002,17,2.25,0.81999999999999995,-61.42157098878738,62.989914079436112,-39.477503676507148,26,111510,45
p002479,r0004,7,1.45,0.5,-60.262877032069909,60.01764723442588,0.32738510117798542,26,111555,45
p002480,r0015,11,3.4500000000000002,0.5,-59.736639756780768,59.986188989019816,-0.32522538388047623,35,111600,45
p002481,r0013,7,3.4500000000000002,0.17999999999999999,-96.788137329715312,68.007994506264055,37.894690775787765,33,111645,45
p002482,r0013,25,3.8500000000000001,0.81999999999999995,-59.272468906897686,60.308233841499593,-37.297942412186167,40,111690,45
p002483,r0010,25,3.8500000000000001,0.5,-59.584862658043278,59.962459994369468,-0.26120133183690514,40,111735,45
p002484,r0000,11,2.25,0.17999999999999999,-59.800255577762989,60.11351310887585,38.079034745280858,26,111780,45
p002485,r0008,11,3.0499999999999998,0.81999999999999995,-60.001307804488853,59.445822680911469,-38.050824317116785,38,111825,45
p002486,r0011,11,4.25,0.81999999999999995,-59.843559897033458,60.445745606943447,-38.641484906317615,40,111870,45
p002487,r0000,25,4.6500000000000004,0.81999999999999995,-60.542194008671004,59.898159520623665,-39.312930373397961,40,111915,45
p002488,r0012,11,3.4500000000000002,0.81999999999999995,-60.133134481598589,59.768871072131802,-39.000773481927112,40,111960,45
p002489,r0000,7,3.8500000000000001,0.5,-59.245773752855271,60.210385576231843,0.032305911688285949,38,112005,45
p002490,r0020,25,1.8500000000000001,0.5,-60.050028413744869,60.117647490629125,-0.41619046155787204,26,112050,45
p002491,r0013,17,1.8500000000000001,0.17999999999999999,-117.22137437735313,73.043439002793406,39.245772594367033,26,112095,45
p002492,r0013,25,4.6500000000000004,0.5,-59.775747096663139,59.843118286976463,0.48368559515666193,40,112140,45
p002493,r0006,11,3.8500000000000001,0.5,-59.866281934398323,60.284354890020715,-0.24096352218880385,39,112185,45
p002494,r0021,25,2.6499999999999999,0.5,-60.10767715947582,60.742325874114989,0.7673243573195847,26,112230,45
p002495,r0021,25,2.6499999999999999,0.81999999999999995,-59.766119010814251,59.997285023853578,-37.758706284574032,31,112275,45
p002496,r0013,17,1.45,0.17999999999999999,-59.775433468037825,60.440713760165629,38.351807259089,26,112320,45
p002497,r0015,17,1.45,0.5,-59.421393857430765,59.856423616427385,-0.23248512050168985,26,112365,45
p002498,r0026,7,3.0499999999999998,0.17999999999999999,-89.161905910540113,65.945700779986154,38.476331575691432,30,112410,45
p002499,r0024,25,3.4500000000000002,0.5,-59.720793331169759,59.919630531048242,-0.35058140006075861,39,112455,45
p002500,r0022,7,3.0499999999999998,0.81999999999999995,-62.112614041285227,70.019621213325621,-38.778811695455289,37,112500,45
p002501,r0025,7,1.45,0.5,-60.202982352627991,59.930867996516106,0.31394282194405748,26,112545,45
p002502,r0012,25,4.25,0.5,-59.729894900553731,60.535260107958933,-0.047317396297398784,40,112590,45
p002503,r0019,7,3.0499999999999998,0.81999999999999995,-63.824883726034912,80.046645625201492,-37.478008442812353,37,112635,45
p002504,r0019,11,1.8500000000000001,0.17999999999999999,-71.106518779012745,62.213655411317731,37.766024057058246,26,112680,45
p002505,r0009,11,4.25,0.81999999999999995,-59.413701417163239,60.283708587158756,-38.318167616385281,40,112725,45
p002506,r0008,25,1.45,0.5,-59.385721945210605,59.558174999080691,-0.36377347306495694,26,112770,45
p002507,r0015,11,4.25,0.81999999999999995,-60.594444164405211,59.662607128099729,-38.498174931754313,40,112815,45
p002508,r0019,17,1.45,0.17999999999999999,-59.865401046434599,59.702873157049595,37.730583800422437,26,112860,45
p002509,r0025,7,2.25,0.17999999999999999,-92.98851357912892,67.517987295398626,39.076817137983667,27,112905,45
p002510,r0004,25,4.6500000000000004,0.81999999999999995,-60.256525741173945,60.023828036143961,-38.156062061256726,40,112950,45
p002511,r0006,25,1.45,0.81999999999999995,-65.027729475514136,81.977080989050691,-39.016863591892459,26,112995,45
p002512,r0011,7,3.0499999999999998,0.81999999999999995,-63.008974344000038,75.467501530847031,-37.633208686527553,36,113040,45
p002513,r0017,11,4.25,0.17999999999999999,-59.806945850592044,59.616836072389745,37.670555326253023,39,113085,45
p002514,r0003,25,1.8500000000000001,0.5,-59.773762394119842,59.600586154426082,0.36341188015312015,26,113130,45
p002515,r0009,7,2.25,0.5,-60.630140067650778,60.297625411278666,0.28374267181394403,27,113175,45
p002516,r0015,7,1.45,0.81999999999999995,-67.06305171994218,93.981774545847117,-38.524982992100107,26,113220,45
p002517,r0010,25,2.6499999999999999,0.5,-60.116910605216958,59.731565215570612,-0.64267269482317313,26,113265,45
p002518,r0025,25,4.6500000000000004,0.81999999999999995,-60.674602675053144,62.217973599540088,-39.003938945626359,40,113310,45
p002519,r0008,7,2.25,0.81999999999999995,-71.555040798059935,111.38205891707864,-38.176362849334978,29,113355,45
p002520,r0020,25,4.25,0.17999999999999999,-60.350405007744072,59.963430567235278,38.756940163739003,40,113400,45
p002521,r0026,11,2.25,0.5,-59.754499475939234,60.089038335524101,0.61726942979243371,26,113445,45
p002522,r0010,7,1.45,0.81999999999999995,-63.017643241917455,73.246156401132737,-38.940159306168411,26,113490,45
p002523,r0028,7,2.6499999999999999,0.17999999999999999,-59.935474328849466,59.986847031883272,38.850829186951387,27,113535,45
p002524,r0006,7,1.45,0.81999999999999995,-63.7718485303309,76.330174868920679,-38.103484318465604,26,113580,45
p002525,r0000,11,1.8500000000000001,0.5,-60.558742596603444,59.763281186204019,0.052269294800287025,26,113625,45
p002526,r0017,25,3.8500000000000001,0.5,-59.896316817264292,59.982156962546398,0.49292007264105281,40,113670,45
p002527,r0027,17,1.8500000000000001,0.17999999999999999,-67.312528209860602,61.957817842000907,38.239155552665835,26,113715,45
p002528,r0009,25,4.25,0.81999999999999995,-59.992980051339842,60.189347317528032,-38.810161124943619,40,113760,45
p002529,r0016,25,3.8500000000000001,0.5,-59.657676525828926,59.940631111835323,-0.30852270699680134,40,113805,45
p002530,r0013,7,4.25,0.5,-60.518147920544138,60.347314127507971,0.36458310348191675,39,113850,45
p002531,r0002,17,1.8500000000000001,0.81999999999999995,-62.60652183816093,70.938899834692378,-38.118345937047323,26,113895,45
p002532,r0004,25,1.8500000000000001,0.81999999999999995,-71.310539129638556,110.89580590499088,-38.063397023405244,26,113940,45
p002533,r0024,11,2.6499999999999999,0.81999999999999995,-60.547900278275904,60.007230290273348,-39.297976775937038,32,113985,45
p002534,r0026,7,3.8500000000000001,0.17999999999999999,-60.009045021743503,59.755890349422842,38.648201982612903,36,114030,45
p002535,r0027,17,3.0499999999999998,0.5,-60.741464632810427,59.51012740924623,-1.0656686117820982,29,114075,45
p002536,r0002,7,2.6499999999999999,0.5,-60.565337142153815,59.954869874102506,-0.75523363402565447,28,114120,45
p002537,r0026,17,1.8500000000000001,0.17999999999999999,-70.674398133640977,62.025717858945256,38.58969698027974,26,114165,45
p002538,r0010,25,3.0499999999999998,0.5,-59.733691499812863,59.960914577254158,-0.33638846127935268,28,114210,45
p002539,r0023,25,4.6500000000000004,0.81999999999999995,-65.592642115953254,83.747556018633716,-38.261406451727581,40,114255,45
p002540,r0028,25,4.25,0.81999999999999995,-60.321498775589632,60.225248249333411,-38.173084311103473,40,114300,45
p002541,r0025,25,2.25,0.5,-60.176814628941059,59.709759574594955,0.21647247282694765,26,114345,45
p002542,r0008,7,2.6499999999999999,0.81999999999999995,-62.118220866582043,71.048083239768062,-37.698286127439019,32,114390,45
p002543,r0020,17,4.6500000000000004,0.5,-59.739431371623638,59.496087509772067,-0.57167193092578539,40,114435,45
p002544,r0008,17,3.4500000000000002,0.5,-60.350258189377989,59.741000642065309,0.14537122634366001,37,114480,45
p002545,r0001,11,2.6499999999999999,0.17999999999999999,-103.99749361712506,69.798908574745511,38.065556180208802,26,114525,45
p002546,r0013,7,2.6499999999999999,0.5,-60.200753086013513,59.790961647870368,0.24510428092842745,28,114570,45
p002547,r0003,11,2.25,0.17999999999999999,-83.196428704119512,65.102304620102643,37.958532621742648,26,114615,45
p002548,r0011,11,1.8500000000000001,0.81999999999999995,-61.288226842430447,64.548038875732118,-39.087699013161185,26,114660,45
p002549,r0019,25,3.8500000000000001,0.81999999999999995,-67.301026198627383,96.353511228024303,-37.393209461830068,40,114705,45
p002550,r0027,11,4.25,0.5,-59.470872463577606,60.238546065054649,0.83383680073852129,40,114750,45
p002551,r0003,25,4.25,0.17999999999999999,-90.061052405728404,66.653779740487465,38.89510995416861,40,114795,45
p002552,r0019,7,3.8500000000000001,0.81999999999999995,-60.982722168436041,67.385233496298468,-37.426490148783813,39,114840,45
p002553,r0014,7,3.0499999999999998,0.5,-60.318044792004038,60.432640853223027,0.50729803060949474,32,114885,45
p002554,r0011,7,4.6500000000000004,0.5,-60.098127963803776,59.832574440613925,0.31722323840507444,40,114930,45
p002555,r0007,25,4.6500000000000004,0.5,-59.808562121547837,59.587773386360183,-0.56039436759382677,40,114975,45
p002556,r0020,11,3.0499999999999998,0.17999999999999999,-91.894874393442009,66.321802763092563,37.39280087491634,28,115020,45
p002557,r0024,7,4.6500000000000004,0.81999999999999995,-59.159205177223697,60.263952494910853,-38.11303679623947,40,115065,45
p002558,r0001,17,1.8500000000000001,0.5,-60.049008362154908,60.024777330204785,0.43788448402493857,26,115110,45
p002559,r0025,11,2.6499999999999999,0.17999999999999999,-59.771236907556741,60.248557847964179,38.194994791970416,26,115155,45
p002560,r0009,11,1.45,0.81999999999999995,-59.923384724448411,60.263562821707566,-37.839734166140332,26,115200,45
p002561,r0000,25,3.4500000000000002,0.17999999999999999,-59.933965148812192,60.079814669064135,38.9273343018464,34,115245,45
p002562,r0026,17,4.25,0.17999999999999999,-59.961200797686914,60.26385070105006,38.173341431277407,40,115290,45
p002563,r0017,7,2.6499999999999999,0.5,-60.50687877833915,59.511753711234114,-0.94756253355251796,28,115335,45
p002564,r0021,25,1.45,0.81999999999999995,-64.374884652827433,77.23797529610485,-39.33456986201962,26,115380,45
p002565,r0019,25,3.0499999999999998,0.81999999999999995,-59.245800252127545,60.091911421526675,-37.315012150869777,40,115425,45
p002566,r0026,17,2.6499999999999999,0.17999999999999999,-98.164916140028751,68.514359719080574,38.962090064440901,26,115470,45
p002567,r0020,11,4.25,0.5,-60.531411055826901,60.14361569008549,-0.64389768287070548,40,115515,45
p002568,r0006,17,3.8500000000000001,0.5,-60.114270579383231,59.621680071300716,0.20370474595874272,40,115560,45
p002569,r0013,25,3.8500000000000001,0.5,-60.173674010649059,59.61698492741106,0.17165545838100088,40,115605,45
p002570,r0003,11,3.0499999999999998,0.17999999999999999,-59.754370112126864,60.137060073107847,38.106602639765597,28,115650,45
p002571,r0017,7,1.45,0.81999999999999995,-66.289371172543625,88.341296513679239,-38.0058509890235,26,115695,45
p002572,r0008,7,4.6500000000000004,0.5,-60.239552260562206,59.534211644335045,-0.80267030811358064,40,115740,45
p002573,r0020,7,3.8500000000000001,0.5,-60.028885495313972,59.802061938980358,0.33658822183319331,37,115785,45
p002574,r0025,25,3.0499999999999998,0.5,-60.185728799971621,60.164929288515658,0.43960024427201888,27,115830,45
p002575,r0009,7,2.6499999999999999,0.17999999999999999,-64.064700470034509,60.678088445499817,38.674386440703643,28,115875,45
p002576,r0020,7,1.45,0.81999999999999995,-67.85336207388184,94.209218844430382,-39.13209750858563,26,115920,45
p002577,r0002,7,2.6499999999999999,0.81999999999999995,-65.583400292146891,86.270867169188065,-38.699632149106591,32,115965,45
p002578,r0021,25,1.8500000000000001,0.81999999999999995,-60.780869133021397,60.276174082919134,-39.440601354152086,26,116010,45
p002579,r0014,11,2.6499999999999999,0.17999999999999999,-59.47104365229179,59.184836323075466,38.276777927509364,26,116055,45
p002580,r0014,7,3.8500000000000001,0.81999999999999995,-68.916605672537997,100.6767103309537,-37.939808791909456,39,116100,45
p002581,r0016,17,2.6499999999999999,0.5,-60.376523281450467,60.623265881070175,-0.32662870019014606,26,116145,45
p002582,r0007,17,1.8500000000000001,0.17999999999999999,-60.347076618041427,59.953901673899708,37.849725581350299,26,116190,45
p002583,r0001,11,3.0499999999999998,0.5,-59.504461778676919,60.268497195149685,0.83201770823638266,31,116235,45
p002584,r0017,7,3.4500000000000002,0.17999999999999999,-59.794000217685223,60.323394314226206,38.252263298482148,33,116280,45
p002585,r0017,17,1.8500000000000001,0.17999999999999999,-106.22272694848888,69.97178934059454,37.806776408559521,26,116325,45
p002586,r0000,17,1.8500000000000001,0.5,-59.641546653925921,60.11726553142487,-0.21214056125052566,26,116370,45
p002587,r0002,11,2.6499999999999999,0.17999999999999999,-127.29335086902016,74.085055959414944,37.386942730296624,26,116415,45
p002588,r0000,7,3.4500000000000002,0.17999999999999999,-59.757577502143221,60.233670500968515,39.085245860408406,34,116460,45
p002589,r0010,25,1.8500000000000001,0.5,-60.678315330533543,60.702127597829183,0.46190613364781968,26,116505,45
p002590,r0023,17,2.25,0.17999999999999999,-60.231199201845442,59.23658866988248,37.282386852971456,26,116550,45
p002591,r0001,25,3.8500000000000001,0.5,-59.832608159704925,60.36629419749665,0.71684301889586233,40,116595,45
p002592,r0001,7,1.45,0.5,-60.17421867497427,60.303047250145909,0.51441428758581931,26,116640,45
p002593,r0008,17,3.8500000000000001,0.81999999999999995,-60.213200796566738,59.78515429808315,-39.063496879529758,40,116685,45
p002594,r0018,7,3.0499999999999998,0.81999999999999995,-63.368320672655329,71.093396641133296,-38.715211556173372,35,116730,45
p002595,r0024,17,4.25,0.81999999999999995,-60.192008767049572,61.087879921099109,-37.911628803182801,40,116775,45
p002596,r0019,25,2.25,0.81999999999999995,-71.938950410836512,114.25652339279738,-37.9737651261824,26,116820,45
p002597,r0024,25,2.6499999999999999,0.5,-59.629977785703517,59.651609920329591,-0.43918393268696293,26,116865,45
p002598,r0016,7,3.4500000000000002,0.81999999999999995,-73.713233105943274,123.47121253696417,-38.670032890219929,39,116910,45
p002599,r0024,7,3.8500000000000001,0.5,-60.212253689833233,60.521728345394024,-0.29526267221960439,38,116955,45
p002600,r0019,17,3.4500000000000002,0.17999999999999999,-60.033478620687447,59.681745967310491,37.683005541470862,33,117000,45
p002601,r0020,7,1.45,0.5,-59.181377337432892,59.898840121227565,0.80873139189733645,26,117045,45
p002602,r0010,25,1.45,0.17999999999999999,-60.273834109431391,60.18079718653869,38.948963553264079,26,117090,45
p002603,r0010,25,2.6499999999999999,0.81999999999999995,-63.095602085483449,73.071374731947998,-38.135546258345784,30,117135,45
p002604,r0027,7,1.8500000000000001,0.17999999999999999,-101.35539002894684,69.447327902902671,39.152838675169761,26,117180,45
p002605,r0002,17,3.8500000000000001,0.81999999999999995,-64.415171318000063,77.50917061670161,-38.418789769753744,40,117225,45
p002606,r0015,25,4.6500000000000004,0.81999999999999995,-68.908071812847268,98.711842527783659,-38.286487231533712,40,117270,45
p002607,r0014,11,2.25,0.17999999999999999,-67.550564340732535,61.580793199723466,38.78714884244139,26,117315,45
p002608,r0021,11,2.6499999999999999,0.81999999999999995,-59.646418416405616,59.705836470145194,-37.713012536826461,31,117360,45
p002609,r0019,7,2.25,0.81999999999999995,-69.136230567848457,103.77199539583148,-37.562749894386045,28,117405,45
p002610,r0019,25,3.4500000000000002,0.5,-60.290054402488572,60.068922960217357,0.33943427886439254,40,117450,45
p002611,r0016,7,1.8500000000000001,0.81999999999999995,-59.590303846686332,59.610978752132674,-38.584072978898909,27,117495,45
p002612,r0028,7,2.6499999999999999,0.5,-59.931689099596113,60.446284780680159,-0.19270215945797703,28,117540,45
p002613,r0014,17,4.6500000000000004,0.17999999999999999,-70.061677687988976,62.803442321449275,38.437720719750388,40,117585,45
p002614,r0013,11,2.6499999999999999,0.17999999999999999,-59.842398392774115,60.276472066150191,39.10507538354382,27,117630,45
p002615,r0012,11,2.6499999999999999,0.81999999999999995,-62.160849051290612,69.498382956867886,-38.012187289822066,33,117675,45
p002616,r0011,17,2.6499999999999999,0.17999999999999999,-59.845369441514592,60.047499422994129,38.016783027382559,26,117720,45
p002617,r0016,25,4.25,0.81999999999999995,-63.657026741448405,78.283160264687439,-37.657793080343936,40,117765,45
p002618,r0007,17,3.8500000000000001,0.17999999999999999,-61.000799650507105,60.144268498040091,37.888156231301593,39,117810,45
p002619,r0027,25,1.8500000000000001,0.17999999999999999,-77.203370946876063,63.201764316239313,38.378839968878552,26,117855,45
p002620,r0013,17,4.6500000000000004,0.17999999999999999,-77.377455091196452,63.611212018452889,38.683251938716012,40,117900,45
p002621,r0016,11,3.8500000000000001,0.5,-59.660137538937427,60.464775971770457,-0.047680783583484765,39,117945,45
p002622,r0015,17,4.6500000000000004,0.17999999999999999,-91.997062689021419,67.215635127688998,39.007349520681124,40,117990,45
p002623,r0006,17,4.25,0.5,-60.391188798717721,60.669154298648706,-0.31101725003450725,40,118035,45
p002624,r0009,7,4.25,0.81999999999999995,-60.262733177909652,60.139290597236261,-38.140368898383379,40,118080,45
p002625,r0003,7,1.8500000000000001,0.17999999999999999,-59.881440128397131,60.216721250698598,38.149052202461363,26,118125,45
p002626,r0010,25,4.6500000000000004,0.5,-59.768670951472956,59.391442833686071,0.26138594110655761,40,118170,45
p002627,r0019,7,2.6499999999999999,0.17999999999999999,-60.780275822091568,60.202410965005825,37.975527343328295,27,118215,45
p002628,r0007,25,1.8500000000000001,0.5,-60.074662671018963,60.385303439913535,-0.29467961555271388,26,118260,45
p002629,r0009,17,2.6499999999999999,0.17999999999999999,-73.282137983907489,62.834603131887867,38.783589731044707,26,118305,45
p002630,r0026,7,3.0499999999999998,0.5,-60.060121120250464,60.424025791495389,0.63195233562246211,31,118350,45
p002631,r0018,11,1.45,0.17999999999999999,-127.14529625282837,74.656285548537269,37.882000824291453,26,118395,45
p002632,r0020,17,4.6500000000000004,0.81999999999999995,-60.615981519202322,59.656548733923138,-39.416926073639736,40,118440,45
p002633,r0004,11,1.45,0.5,-60.080324285684384,60.113282535866517,-0.43352087490893326,26,118485,45
p002634,r0008,17,1.8500000000000001,0.17999999999999999,-59.70487208259145,60.254885079182515,39.11212879006321,26,118530,45
p002635,r0005,17,1.8500000000000001,0.81999999999999995,-61.026493374071691,65.575965892421834,-38.688050706102857,26,118575,45
p002636,r0021,7,3.8500000000000001,0.17999999999999999,-64.60961666552727,60.954187364109004,37.902702638774471,34,118620,45
p002637,r0021,11,3.8500000000000001,0.81999999999999995,-60.035648833647571,60.204617660757108,-38.842400864654721,40,118665,45
p002638,r0015,17,1.45,0.81999999999999995,-59.863983877744758,59.868223021382811,-37.862186635901786,26,118710,45
p002639,r0019,7,1.8500000000000001,0.17999999999999999,-80.804605220814821,64.799350563148707,38.140638522035275,26,118755,45
p002640,r0028,11,1.8500000000000001,0.81999999999999995,-59.7752260851655,60.645676089088518,-37.649463693799767,26,118800,45
p002641,r0022,25,1.8500000000000001,0.81999999999999995,-66.1635865958484,91.56491049201378,-38.222457120033212,26,118845,45
p002642,r0002,7,1.45,0.17999999999999999,-90.886619517617177,67.002084221458347,38.132117548424745,26,118890,45
p002643,r0026,25,4.25,0.81999999999999995,-59.563286651936281,60.288561587956316,-38.43995396875561,40,118935,45
p002644,r0026,17,1.8500000000000001,0.5,-59.830493354738337,59.081813349923948,-0.82434000240719452,26,118980,45
p002645,r0016,11,3.0499999999999998,0.5,-60.259634477422289,60.640828599388804,0.64059706098325786,30,119025,45
p002646,r0001,25,1.8500000000000001,0.81999999999999995,-61.375050512211416,67.958105142958445,-38.545082494280834,26,119070,45
p002647,r0000,25,3.4500000000000002,0.5,-60.24098456864823,60.086459410032404,0.3727374206920871,39,119115,45
p002648,r0017,25,3.8500000000000001,0.81999999999999995,-59.852538799571811,60.252336776350809,-38.683661195905735,40,119160,45
p002649,r0026,11,3.4500000000000002,0.17999999999999999,-62.540721155679094,60.643515260351158,38.920352705465717,33,119205,45
p002650,r0024,25,3.4500000000000002,0.81999999999999995,-60.173155364081936,60.116188227761825,-38.971073517550053,40,119250,45
p002651,r0012,11,4.25,0.81999999999999995,-64.592371529090016,79.075422742870728,-38.28216856013708,40,119295,45
p002652,r0011,25,4.6500000000000004,0.5,-60.052572533585412,59.567136849314444,-0.69271784213548382,40,119340,45
p002653,r0020,11,3.0499999999999998,0.81999999999999995,-65.826445832634718,85.143255258454616,-39.101899636238642,37,119385,45
p002654,r0012,11,2.25,0.17999999999999999,-83.828225340074084,65.397414552552647,38.98679937187984,26,119430,45
p002655,r0019,25,3.0499999999999998,0.5,-59.961555736948121,59.95436706474343,-0.45359433610234562,27,119475,45
p002656,r0010,7,3.4500000000000002,0.5,-60.226479982141598,59.832783016397755,-0.6468484828719212,35,119520,45
p002657,r0015,25,2.25,0.17999999999999999,-60.042317953573118,60.026783636796296,37.964345350529797,26,119565,45
p002658,r0009,11,2.25,0.17999999999999999,-68.885070918785544,61.967866002778422,38.864337356896911,26,119610,45
p002659,r0011,7,3.8500000000000001,0.81999999999999995,-59.53225945799467,59.441064811230831,-38.567061089534079,39,119655,45
p002660,r0020,7,4.25,0.5,-59.685556975758502,60.32681667396885,-0.12937015089482601,39,119700,45
p002661,r0028,17,4.6500000000000004,0.17999999999999999,-59.655988371174217,59.664402863441268,38.636732441210484,40,119745,45
p002662,r0007,11,3.4500000000000002,0.17999999999999999,-60.11192948627972,59.992420149398122,38.823637214976117,33,119790,45
p002663,r0000,7,3.4500000000000002,0.81999999999999995,-60.181611112290994,60.773170917958602,-38.859750346846063,38,119835,45
p002664,r0005,7,4.6500000000000004,0.5,-60.240408727822469,60.469511875661809,0.56455157391966959,40,119880,45
p002665,r0013,17,3.0499999999999998,0.17999999999999999,-108.35342903666101,70.095205324582636,38.424451139558784,27,119925,45
p002666,r0001,11,3.0499999999999998,0.17999999999999999,-70.070650486641696,62.833502892336881,39.360755284120742,28,119970,45
p002667,r0025,11,2.6499999999999999,0.5,-60.000317467316783,60.64374466674392,-0.12828640028643151,27,120015,45
p002668,r0018,25,3.0499999999999998,0.5,-59.9759151332714,59.722118756014595,-0.57689818862840236,28,120060,45
p002669,r0016,11,4.25,0.81999999999999995,-63.984160784773827,81.226816402080104,-38.296184891140115,40,120105,45
p002670,r0025,11,3.4500000000000002,0.81999999999999995,-59.74662365296102,59.990297751999286,-37.743977800068144,40,120150,45
p002671,r0019,17,3.0499999999999998,0.5,-59.899983863753604,60.394022338033579,0.69701923713998748,29,120195,45
p002672,r0009,17,4.25,0.81999999999999995,-63.175645379639171,75.932646312692427,-38.586152875019479,40,120240,45
p002673,r0021,25,4.25,0.81999999999999995,-67.698175717140472,94.168122290855678,-38.112242075701133,40,120285,45
p002674,r0010,25,2.6499999999999999,0.17999999999999999,-59.742515658262079,59.964643540663594,38.867354884856979,26,120330,45
p002675,r0002,17,4.6500000000000004,0.5,-59.355570546751757,60.891248779543439,0.31783911639584089,40,120375,45
p002676,r0013,7,3.0499999999999998,0.17999999999999999,-80.181360636559987,64.654008450826737,39.033642015097129,30,120420,45
p002677,r0004,25,2.25,0.5,-60.094514800815737,60.028764954794191,-0.48287492301077323,26,120465,45
p002678,r0020,11,2.25,0.5,-59.927329334782684,60.187112435127858,-0.32010844982741277,26,120510,45
p002679,r0024,7,4.25,0.17999999999999999,-59.822386347075735,59.820736904402374,37.834974719136312,38,120555,45
p002680,r0006,7,3.4500000000000002,0.81999999999999995,-69.796282016152418,103.73888594720216,-39.009951782748587,38,120600,45
p002681,r0011,11,3.8500000000000001,0.81999999999999995,-66.855715374534753,91.357570121213811,-37.927323985299978,40,120645,45
p002682,r0028,17,4.25,0.17999999999999999,-77.59948894239534,63.767725238052414,38.771626685571825,40,120690,45
p002683,r0025,25,2.25,0.17999999999999999,-81.311223903690674,64.207434452613569,38.464075948478808,26,120735,45
p002684,r0025,25,3.4500000000000002,0.17999999999999999,-75.529205243664791,63.396446984751634,38.839829583636686,33,120780,45
p002685,r0028,11,3.4500000000000002,0.5,-60.03917107870862,60.487533838023978,-0.22581862034232075,37,120825,45
p002686,r0012,17,1.45,0.81999999999999995,-66.982310935280552,90.615362023335734,-38.16472980272961,26,120870,45
p002687,r0018,7,2.6499999999999999,0.5,-60.23848388456824,59.916848536846643,0.28918232613920197,29,120915,45
p002688,r0006,17,2.25,0.81999999999999995,-67.64071824101417,95.533312422730631,-37.819392721540098,26,120960,45
p002689,r0018,11,3.8500000000000001,0.5,-60.14115621147495,60.0917196010477,0.42528169478637495,39,121005,45
p002690,r0018,7,3.0499999999999998,0.17999999999999999,-110.52240280013046,71.566658362563203,39.240627353278349,29,121050,45
p002691,r0004,25,4.25,0.81999999999999995,-60.150227235310481,60.030956065671653,-38.967614241133695,40,121095,45
p002692,r0011,25,2.25,0.81999999999999995,-60.333822770277166,60.409698296303368,-38.149988978292662,26,121140,45
p002693,r0028,11,2.6499999999999999,0.5,-59.732594878535153,60.007436479481058,0.58742080047295242,27,121185,45
p002694,r0002,11,1.45,0.5,-59.423885435392968,60.586643116500603,1.0313788405538176,26,121230,45
p002695,r0023,7,3.0499999999999998,0.5,-59.892688231456624,60.288625947609482,0.6479688580764289,31,121275,45
p002696,r0000,25,1.8500000000000001,0.81999999999999995,-60.253878407935531,59.704979476348043,-39.111283988764484,26,121320,45
p002697,r0008,11,1.8500000000000001,0.81999999999999995,-62.019285272206091,69.722171319686552,-37.855823085665406,26,121365,45
p002698,r0018,11,3.8500000000000001,0.81999999999999995,-62.716246144005339,74.647743465780621,-37.540728014243854,40,121410,45
p002699,r0016,25,1.45,0.17999999999999999,-60.00193853364167,59.913753804380029,37.878929183536123,26,121455,45
p002700,r0002,17,3.4500000000000002,0.81999999999999995,-64.441759636040587,80.452395167382377,-38.810811771424454,40,121500,45
p002701,r0022,7,1.45,0.81999999999999995,-59.638007115690868,60.079782966685734,-38.538804900863077,26,121545,45
p002702,r0006,7,3.8500000000000001,0.81999999999999995,-59.894984699043768,59.6785186422847,-38.821754097604639,40,121590,45
p002703,r0009,17,3.8500000000000001,0.81999999999999995,-59.335020082791175,60.461036111811907,-37.321729967762607,40,121635,45
p002704,r0026,11,4.6500000000000004,0.5,-60.324366108162657,60.602585803989207,-0.31089015208672494,40,121680,45
p002705,r0002,7,3.4500000000000002,0.17999999999999999,-86.982143848376793,66.159472647182071,38.143981677981472,32,121725,45
p002706,r0012,25,1.8500000000000001,0.81999999999999995,-67.203668274966418,90.397582691100325,-39.285443101074392,26,121770,45
p002707,r0009,17,4.6500000000000004,0.5,-60.028956519098251,60.173196895070383,-0.37787981201393422,40,121815,45
p002708,r0009,11,2.25,0.81999999999999995,-60.207607124704147,59.655499475465646,-39.082247936673582,27,121860,45
p002709,r0025,7,1.45,0.81999999999999995,-59.563896511818299,60.263526193938546,-37.544960424782062,26,121905,45
p002710,r0025,11,4.25,0.5,-60.334972706734298,60.117551603415883,0.3412894483407925,40,121950,45
p002711,r0011,17,3.8500000000000001,0.17999999999999999,-59.441071707351092,60.311323359261507,39.205892247271244,39,121995,45
p002712,r0012,11,1.45,0.81999999999999995,-61.965211380643851,69.034882511241648,-38.835194480104462,26,122040,45
p002713,r0027,25,3.0499999999999998,0.17999999999999999,-67.987601872729172,61.92316185905068,38.98922438733031,26,122085,45
p002714,r0009,11,3.4500000000000002,0.17999999999999999,-78.9172202014243,64.445863033021197,38.190508050821009,34,122130,45
p002715,r0020,25,3.8500000000000001,0.17999999999999999,-104.98374390853117,70.016691502467125,38.066613128487433,40,122175,45
p002716,r0008,25,3.4500000000000002,0.5,-59.347376953511564,60.154244590558854,0.85343381852364497,40,122220,45
p002717,r0026,17,2.6499999999999999,0.81999999999999995,-59.487469001175739,59.926728552581778,-38.442913441499385,31,122265,45
p002718,r0015,25,1.45,0.81999999999999995,-69.891843028619093,104.81512541541582,-37.994588708692802,26,122310,45
p002719,r0010,7,2.6499999999999999,0.81999999999999995,-60.220637781722289,59.807106703905347,-38.165643774309302,32,122355,45
p002720,r0019,7,1.8500000000000001,0.5,-59.98335258435295,60.274415743645456,-0.30446842035374716,26,122400,45
p002721,r0021,7,2.6499999999999999,0.5,-60.173979581719671,60.204035308806475,0.46502786354340203,28,122445,45
p002722,r0022,17,3.4500000000000002,0.5,-59.970438436468633,59.572972450512871,-0.6487329929778809,38,122490,45
p002723,r0004,11,1.8500000000000001,0.81999999999999995,-68.623081197916562,96.045301635039522,-39.432772287984463,26,122535,45
p002724,r0024,11,3.4500000000000002,0.5,-60.280628810938801,60.391963478781854,0.50566733392152652,36,122580,45
p002725,r0006,25,4.25,0.17999999999999999,-59.443014880216822,59.664755163547056,38.675356555669566,40,122625,45
p002726,r0025,17,2.25,0.5,-60.502842782106391,59.764559030953514,0.080858124423561162,26,122670,45
p002727,r0021,11,3.4500000000000002,0.5,-59.936208221764886,59.93930521512236,-0.4484515033212631,35,122715,45
p002728,r0025,11,1.45,0.17999999999999999,-88.404402939733956,66.474979363056917,38.14669054855456,26,122760,45
p002729,r0011,7,4.25,0.5,-60.101978387814938,59.728481546720587,0.26325157945282457,39,122805,45
p002730,r0008,17,2.6499999999999999,0.5,-60.056335500557843,60.597886196169419,-0.17922465219421185,26,122850,45
p002731,r0008,7,1.8500000000000001,0.5,-59.979916173860637,60.753831989459194,-0.063042092200721822,26,122895,45
p002732,r0013,11,3.8500000000000001,0.17999999999999999,-65.103894179973125,61.328313954661219,38.120516490427036,38,122940,45
p002733,r0003,25,1.45,0.81999999999999995,-70.816194389030755,109.93839800641096,-38.730367757851241,26,122985,45
p002734,r0002,25,1.8500000000000001,0.81999999999999995,-60.141614312577715,60.330292737119279,-38.006671043632252,26,123030,45
p002735,r0008,11,4.6500000000000004,0.5,-59.647280535515442,60.251007075679105,-0.14813672991816845,40,123075,45
p002736,r0008,11,2.6499999999999999,0.81999999999999995,-62.190674794314219,70.587510183454469,-38.740601498315854,31,123120,45
p002737,r0021,7,4.6500000000000004,0.17999999999999999,-60.605040344732714,59.702995909744288,38.497549383938434,40,123165,45
p002738,r0024,11,1.8500000000000001,0.17999999999999999,-59.587207142649511,59.887608255199609,37.932141483586769,26,123210,45
p002739,r0027,25,4.25,0.5,-59.951483939658075,60.778583681520999,0.86354987093146174,40,123255,45
p002740,r0003,11,4.25,0.5,-60.575065908951025,60.493206612910789,0.40907035197988223,40,123300,45
p002741,r0014,25,2.6499999999999999,0.81999999999999995,-66.927821478134533,92.621641850080636,-38.658918079055795,30,123345,45
p002742,r0006,25,2.25,0.5,-59.841850707180775,59.754064634146211,0.40610696348271774,26,123390,45
p002743,r0020,17,4.6500000000000004,0.17999999999999999,-126.93587354575854,74.876181854415165,38.100011882383896,40,123435,45
p002744,r0009,17,4.6500000000000004,0.81999999999999995,-60.32682830654413,60.052654088860642,-39.108521475371269,40,123480,45
p002745,r0021,7,1.8500000000000001,0.5,-59.677233885659604,59.728624858684256,-0.42430451348767378,26,123525,45
p002746,r0028,17,2.6499999999999999,0.81999999999999995,-59.645944006735306,59.816642702689606,-37.692678399038812,31,123570,45
p002747,r0017,11,2.6499999999999999,0.5,-60.019626578606086,59.811246922824175,0.34581017210904436,27,123615,45
p002748,r0013,25,3.0499999999999998,0.5,-59.797837568635856,59.536971025195967,-0.5804332717199443,28,123660,45
p002749,r0016,17,3.8500000000000001,0.5,-60.366294443160477,59.701278289458436,0.11749192314897955,40,123705,45
p002750,r0011,17,2.6499999999999999,0.81999999999999995,-67.869131360316587,100.17474410751684,-37.171233776106561,31,123750,45
p002751,r0015,17,4.25,0.81999999999999995,-60.440364660760281,62.536075055241952,-37.854605511879868,40,123795,45
p002752,r0010,17,3.0499999999999998,0.81999999999999995,-73.533555164612892,121.55040705994699,-38.868441964192115,40,123840,45
p002753,r0007,7,1.45,0.17999999999999999,-133.37655366975702,76.724852049515704,39.356599020046616,26,123885,45
p002754,r0022,7,1.8500000000000001,0.5,-60.36009858267407,60.474432568521408,-0.3928330070763309,26,123930,45
p002755,r0027,7,4.25,0.17999999999999999,-105.16673792401029,69.964231659161982,38.890657134190974,38,123975,45
p002756,r0002,17,4.25,0.81999999999999995,-61.720650046079029,67.918829969656471,-38.835543643246638,40,124020,45
p002757,r0023,11,1.8500000000000001,0.5,-60.008531612712567,59.188752943193201,0.0401106652403172,26,124065,45
p002758,r0008,25,3.0499999999999998,0.5,-59.898090714010905,60.471904638354474,0.73690696217178409,28,124110,45
p002759,r0003,17,1.8500000000000001,0.5,-59.930772827367406,59.854857091007219,-0.48795786818009362,26,124155,45
p002760,r0006,25,3.0499999999999998,0.5,-59.716939299701558,59.897122149304003,0.54009142480122274,28,124200,45
p002761,r0006,7,2.25,0.17999999999999999,-59.723353069411687,59.850379263040679,37.87710744319925,26,124245,45
p002762,r0019,11,3.8500000000000001,0.81999999999999995,-69.254901764817589,101.19472766021431,-38.123968468311844,40,124290,45
p002763,r0011,7,1.45,0.5,-59.73800507925268,59.511121764092813,-0.56344165757993347,26,124335,45
p002764,r0003,25,4.25,0.5,-59.391442633122587,59.498173942852539,0.50336565486497586,40,124380,45
p002765,r0009,11,3.8500000000000001,0.5,-60.655275354886875,60.046081112567983,0.14540287884055375,39,124425,45
p002766,r0007,11,3.8500000000000001,0.81999999999999995,-61.285712201007613,65.288097575398353,-38.952426441254531,40,124470,45
p002767,r0028,11,3.8500000000000001,0.81999999999999995,-64.702343005284121,81.12109833447974,-38.904123564126621,40,124515,45
p002768,r0006,7,3.0499999999999998,0.17999999999999999,-77.674937513785636,63.749833821239434,37.843374980934925,29,124560,45
p002769,r0028,7,2.25,0.5,-59.726964941036968,59.919124384389121,0.54607972167607666,27,124605,45
p002770,r0005,17,4.6500000000000004,0.5,-59.631340333661647,60.806930423851902,1.0377950450951274,40,124650,45
p002771,r0012,17,1.45,0.5,-59.786460813150626,59.877505942446348,0.49552256464786099,26,124695,45
p002772,r0019,25,2.25,0.17999999999999999,-60.189256988384884,59.778440906255483,38.63425528522022,26,124740,45
p002773,r0002,17,4.6500000000000004,0.17999999999999999,-59.735181150393757,59.690347884326613,38.643752658076949,40,124785,45
p002774,r0008,17,2.6499999999999999,0.81999999999999995,-62.464237535233053,71.200214645355288,-38.854636142727145,30,124830,45
p002775,r0028,17,3.0499999999999998,0.17999999999999999,-59.919214715559988,60.381236558999305,38.277155329578633,27,124875,45
p002776,r0017,25,3.4500000000000002,0.17999999999999999,-105.61780238417499,69.378888777224418,37.429484368172524,33,124920,45
p002777,r0022,17,3.0499999999999998,0.81999999999999995,-59.830039017870988,59.805234839573338,-38.745689723531008,39,124965,45
p002778,r0001,25,3.0499999999999998,0.81999999999999995,-67.672820221380945,93.223069200027169,-38.261560125527481,40,125010,45
p002779,r0017,25,1.8500000000000001,0.5,-59.699080412910654,60.3082830758133,0.75460133145132313,26,125055,45
p002780,r0026,11,3.4500000000000002,0.5,-59.924269145754188,60.251655860677126,0.61369335746146869,37,125100,45
p002781,r0010,7,2.25,0.5,-59.849882670752571,60.030421338185299,0.54026933371636399,27,125145,45
p002782,r0028,11,1.45,0.5,-60.289490508786976,60.485788038807932,-0.35185123498952181,26,125190,45
p002783,r0025,17,1.45,0.17999999999999999,-111.13593072498074,71.039651518113956,38.698046714356913,26,125235,45
p002784,r0004,11,3.0499999999999998,0.5,-60.393071968453192,59.762526142765246,0.13472708715602694,30,125280,45
p002785,r0021,17,2.25,0.81999999999999995,-73.044811557355104,116.37938178540681,-38.498456755657941,26,125325,45
p002786,r0027,11,2.6499999999999999,0.81999999999999995,-61.737765545760105,68.000221178937181,-38.834927935314596,30,125370,45
p002787,r0003,17,4.25,0.81999999999999995,-63.082392517292774,73.856730741566437,-37.983350330698102,40,125415,45
p002788,r0012,25,3.0499999999999998,0.17999999999999999,-60.438985198409448,59.962535130651965,37.840261471420909,26,125460,45
p002789,r0001,25,4.6500000000000004,0.81999999999999995,-63.708445199520227,76.745604269377779,-38.876716295118584,40,125505,45
p002790,r0004,11,4.25,0.17999999999999999,-60.34544881006687,59.661854761788689,38.510540118854692,39,125550,45
p002791,r0026,25,3.8500000000000001,0.17999999999999999,-64.949306711706498,60.972206960250539,37.856334499298271,40,125595,45
p002792,r0023,25,1.45,0.5,-60.201083876087814,60.127059131925982,0.41298762791908389,26,125640,45
p002793,r0019,25,4.25,0.5,-59.456789964580587,59.940074123970469,-0.20835792030505901,40,125685,45
p002794,r0010,17,2.6499999999999999,0.17999999999999999,-86.649556091966971,66.114199066854582,38.166723138266704,26,125730,45
p002795,r0004,25,2.6499999999999999,0.5,-59.504247065856582,59.863521920056776,-0.2703625728999029,26,125775,45
p002796,r0023,7,4.25,0.81999999999999995,-60.064937466333035,59.179835334271772,-38.150878362224162,40,125820,45
p002797,r0013,11,1.8500000000000001,0.17999999999999999,-59.890140834758668,60.027288305519804,37.992151060269677,26,125865,45
p002798,r0028,25,3.0499999999999998,0.5,-59.991390124546953,60.27184905791681,-0.30977053331507137,27,125910,45
p002799,r0011,7,4.6500000000000004,0.17999999999999999,-59.601592433210399,60.06856615674829,38.077937610555722,39,125955,45
p002800,r0026,11,3.8500000000000001,0.5,-59.579571434444652,59.405169450181639,-0.53720099213150685,39,126000,45
p002801,r0016,7,1.45,0.5,-59.702673362534604,60.204330648308819,-0.19917135711289263,26,126045,45
p002802,r0015,11,4.6500000000000004,0.81999999999999995,-60.565493279106889,60.218241089217521,-39.274421092808502,40,126090,45
p002803,r0009,11,3.0499999999999998,0.17999999999999999,-60.204559029355686,59.264383516019308,37.309973857851801,28,126135,45
p002804,r0009,11,4.25,0.5,-59.849008314432567,59.460765509871777,0.25587859771960525,40,126180,45
p002805,r0000,25,1.45,0.17999999999999999,-75.295923494803759,63.339683083655629,38.83527389953295,26,126225,45
p002806,r0011,11,1.8500000000000001,0.5,-59.529148543050162,59.834314837795596,0.60258314737271657,26,126270,45
p002807,r0017,7,3.8500000000000001,0.5,-59.789760744290326,59.931882530476962,0.5210608930933176,37,126315,45
p002808,r0017,11,1.8500000000000001,0.5,-59.559047755023244,59.434129531615838,0.38754088829629724,26,126360,45
p002809,r0027,17,1.45,0.5,-59.799440705145251,60.764372914241171,0.032466104547960117,26,126405,45
p002810,r0004,17,1.8500000000000001,0.81999999999999995,-59.613948248945178,60.105394978650217,-37.614466467977998,26,126450,45
p002811,r0022,25,3.4500000000000002,0.81999999999999995,-60.029511884767082,59.888011571326047,-38.894357662670316,40,126495,45
p002812,r0019,11,3.4500000000000002,0.5,-59.719937285787445,60.100643955579606,-0.25964666510391937,36,126540,45
p002813,r0023,7,4.6500000000000004,0.81999999999999995,-59.790462633661534,60.292222203352509,-37.725579362998999,40,126585,45
p002814,r0009,25,3.4500000000000002,0.5,-59.897886436935174,60.392394047374488,0.69725380521965685,40,126630,45
p002815,r0003,25,2.25,0.81999999999999995,-59.29812412551756,59.891528556690233,-37.393986642720151,26,126675,45
p002816,r0024,17,2.6499999999999999,0.17999999999999999,-80.98031383825662,64.882962123501002,38.177572450384631,26,126720,45
p002817,r0012,25,2.25,0.5,-60.200430501555303,60.019377786205936,0.3594736423253167,26,126765,45
p002818,r0022,11,1.45,0.5,-59.547415674776083,59.686230230658374,-0.38059272205885436,26,126810,45
p002819,r0009,7,1.8500000000000001,0.17999999999999999,-99.672234115201519,68.578459268878262,38.743334459743906,26,126855,45
p002820,r0002,7,3.4500000000000002,0.81999999999999995,-59.878271597978973,60.399682984465869,-38.678239773138898,38,126900,45
p002821,r0000,25,3.0499999999999998,0.17999999999999999,-59.665344287480899,60.140301769836832,38.12528547951964,26,126945,45
p002822,r0011,17,4.25,0.17999999999999999,-59.549638255579495,59.02762596365163,38.133718404190034,40,126990,45
p002823,r0016,11,2.6499999999999999,0.17999999999999999,-59.808567561349165,59.725545696234789,38.659405309869683,27,127035,45
p002824,r0019,25,4.25,0.81999999999999995,-60.0847804422244,59.844398512819559,-38.947528230316486,40,127080,45
p002825,r0006,17,1.45,0.5,-60.194902559310137,60.382898938609443,0.5439981896496533,26,127125,45
p002826,r0007,17,4.6500000000000004,0.17999999999999999,-93.635562336462783,66.737808085522261,38.320601409564958,40,127170,45
p002827,r0025,7,3.8500000000000001,0.5,-59.818892178402628,59.644457774384072,0.36278279799072238,38,127215,45
p002828,r0019,7,4.6500000000000004,0.81999999999999995,-69.927875725661607,101.85422986267793,-39.457096719760486,40,127260,45
p002829,r0028,17,1.45,0.17999999999999999,-70.274333507114704,62.22262397116377,37.923171625073635,26,127305,45
p002830,r0016,7,3.8500000000000001,0.81999999999999995,-60.254241241920681,59.94226249019458,-38.16887057013993,39,127350,45
p002831,r0013,17,4.25,0.17999999999999999,-84.233181794020823,64.968677395182056,38.562342741125541,40,127395,45
p002832,r0027,11,4.6500000000000004,0.5,-59.807563104379653,59.444512127685286,0.26847451165281627,40,127440,45
p002833,r0008,17,3.0499999999999998,0.17999999999999999,-66.940708127496706,62.431173367254829,38.694234698199551,27,127485,45
p002834,r0015,17,4.25,0.17999999999999999,-59.873902729008094,60.438065674496038,38.331911361865295,40,127530,45
p002835,r0024,25,1.8500000000000001,0.17999999999999999,-73.281708320016833,63.040888964029563,38.052821452901213,26,127575,45
p002836,r0021,25,1.45,0.17999999999999999,-60.189124323837554,60.520957050472461,39.243142403096662,26,127620,45
p002837,r0023,17,3.8500000000000001,0.81999999999999995,-60.701729747373136,65.746141764226337,-37.491112875285225,40,127665,45
p002838,r0021,7,1.45,0.81999999999999995,-65.144661042421774,83.422964238850398,-37.952488491792778,26,127710,45
p002839,r0026,11,4.25,0.81999999999999995,-65.805775947259036,87.388656110472724,-37.780778176867315,40,127755,45
p002840,r0016,25,3.0499999999999998,0.81999999999999995,-59.329298414287329,60.083039978553849,-38.285077503575913,40,127800,45
p002841,r0025,17,3.8500000000000001,0.81999999999999995,-79.926493104375069,149.76442886985157,-39.032127149014244,40,127845,45
p002842,r0008,11,3.8500000000000001,0.5,-60.011852089831251,60.203774108732375,0.54596100945056203,39,127890,45
p002843,r0007,7,1.8500000000000001,0.17999999999999999,-83.916478492199801,65.083151337554199,38.713217968198485,26,127935,45
p002844,r0018,11,4.25,0.5,-60.371005779155382,60.242420605765545,-0.5142925866949184,40,127980,45
p002845,r0000,17,2.25,0.17999999999999999,-60.55516083689264,60.576108151341437,39.222479733459309,26,128025,45
p002846,r0018,17,1.45,0.5,-59.709690791499447,60.037463726236076,-0.28611353263168554,26,128070,45
p002847,r0023,25,3.4500000000000002,0.17999999999999999,-62.336932404298011,61.184985918547014,38.501040620434907,33,128115,45
p002848,r0003,25,3.0499999999999998,0.17999999999999999,-59.87941195248014,60.963665836591375,38.761911834558504,26,128160,45
p002849,r0019,25,1.8500000000000001,0.81999999999999995,-61.455596398527234,70.386050559902998,-37.274099946009784,26,128205,45
p002850,r0028,25,1.8500000000000001,0.17999999999999999,-60.296734915940988,60.031386084291263,37.922324304249457,26,128250,45
p002851,r0027,17,2.25,0.81999999999999995,-68.433232446651118,99.402040330035561,-38.672883346847513,26,128295,45
p002852,r0009,17,3.0499999999999998,0.17999999999999999,-68.414513302226908,61.651890488227316,38.689937805945561,27,128340,45
p002853,r0009,17,1.8500000000000001,0.17999999999999999,-59.763850341090617,59.890076694970134,38.8023698284792,26,128385,45
p002854,r0010,11,4.6500000000000004,0.5,-59.749473458666465,60.469905887012821,0.81021621417317813,40,128430,45
p002855,r0007,17,4.25,0.81999999999999995,-60.059302516485538,60.326768497755516,-37.939809733922139,40,128475,45
p002856,r0000,11,2.6499999999999999,0.17999999999999999,-107.18705427491309,69.807281561832838,37.498301111218566,26,128520,45
p002857,r0012,25,3.4500000000000002,0.17999999999999999,-60.346945925986248,59.51191785112843,37.487322371247785,33,128565,45
p002858,r0027,11,1.45,0.81999999999999995,-63.296709503891748,76.594147866848488,-38.566355177158499,26,128610,45
p002859,r0011,7,3.4500000000000002,0.5,-59.592096040081977,60.02504203388721,-0.23352700309738311,34,128655,45
p002860,r0014,17,3.8500000000000001,0.17999999999999999,-64.815059295149737,60.506145739248311,37.498328833056661,39,128700,45
p002861,r0002,17,1.45,0.5,-60.482545036503431,60.352703533727244,-0.51492075138809379,26,128745,45
p002862,r0002,7,3.8500000000000001,0.17999999999999999,-68.642101964001029,61.994645664440789,38.930031091321268,37,128790,45
p002863,r0012,7,1.45,0.17999999999999999,-60.057881535341167,60.35269376260387,39.128790208973768,26,128835,45
p002864,r0001,11,3.4500000000000002,0.81999999999999995,-60.051927801568645,60.479253218084509,-37.906315218031068,40,128880,45
p002865,r0023,11,1.8500000000000001,0.17999999999999999,-84.83694869180529,65.746481227022429,39.091463841633441,26,128925,45
p002866,r0024,7,1.8500000000000001,0.81999999999999995,-77.075632178923939,139.42949590076154,-37.654709124580549,27,128970,45
p002867,r0026,17,3.0499999999999998,0.17999999999999999,-59.734363620830791,59.779089419270548,37.816667872052307,27,129015,45
p002868,r0001,7,3.0499999999999998,0.5,-59.993562492733091,60.470721912746384,0.68857971000664686,32,129060,45
p002869,r0018,25,3.4500000000000002,0.17999999999999999,-68.860144861235739,61.601221038641889,38.568175176663921,34,129105,45
p002870,r0012,17,1.45,0.17999999999999999,-108.23390806125572,71.123864626525048,38.389465542724508,26,129150,45
p002871,r0010,7,4.6500000000000004,0.17999999999999999,-93.116926349116653,67.277909899289554,37.956839374576433,39,129195,45
p002872,r0003,17,4.25,0.17999999999999999,-60.277076722398569,60.201640921530043,38.965471745622899,40,129240,45
p002873,r0021,25,4.6500000000000004,0.5,-60.14104729200956,60.30307828467248,0.53101549633146017,40,129285,45
p002874,r0017,7,1.45,0.5,-60.645471480843653,59.834967755908693,-0.85525186246748031,26,129330,45
p002875,r0011,7,1.45,0.17999999999999999,-60.152916463700123,59.963848358158344,37.892830690223818,26,129375,45
p002876,r0017,7,3.0499999999999998,0.5,-60.438602452592171,59.865692717923302,0.16354513266556553,32,129420,45
p002877,r0028,11,1.45,0.17999999999999999,-68.228814962706679,61.735435320403553,37.891870269443714,26,129465,45
p002878,r0005,25,1.45,0.81999999999999995,-63.212663875523262,71.933252399072757,-39.336398946095969,26,129510,45
p002879,r0022,25,3.0499999999999998,0.5,-59.841945184914778,60.206819244595209,-0.2675629701597842,27,129555,45
p002880,r0004,25,4.25,0.5,-59.272902771041885,60.214712027804609,0.920904628381362,40,129600,45
p002881,r0026,7,3.4500000000000002,0.17999999999999999,-60.224824925751186,60.421624666404988,39.155263739816881,33,129645,45
p002882,r0012,7,3.4500000000000002,0.5,-60.275826574809606,60.673658870235393,0.64891614771289308,35,129690,45
p002883,r0008,11,2.25,0.17999999999999999,-60.255148967262564,58.951309837826521,37.044147252910484,26,129735,45
p002884,r0012,7,2.6499999999999999,0.17999999999999999,-86.635201239899089,66.141492974632996,38.191688016017224,27,129780,45
p002885,r0009,17,1.45,0.81999999999999995,-66.158473214070654,88.909771169634666,-38.696189225003693,26,129825,45
p002886,r0016,17,4.6500000000000004,0.5,-59.742202099258321,59.905922810005862,-0.36813964462622978,40,129870,45
p002887,r0023,17,4.25,0.81999999999999995,-60.597833488032585,62.099912793779538,-38.062239157306394,40,129915,45
p002888,r0027,25,4.6500000000000004,0.5,-59.855651390793838,59.783416241606361,0.41388242540626125,40,129960,45
p002889,r0022,7,4.25,0.5,-60.212500956811446,60.31360127909776,0.50055016114315687,39,130005,45
p002890,r0016,11,3.4500000000000002,0.5,-60.021483077099781,59.727436541393679,-0.59702326785305071,37,130050,45
p002891,r0006,25,1.8500000000000001,0.81999999999999995,-59.472275385143831,59.901927626068193,-38.434918843125665,26,130095,45
p002892,r0019,11,2.25,0.17999999999999999,-67.630376888277851,61.560378540370095,38.75604256321347,26,130140,45
p002893,r0002,7,4.6500000000000004,0.5,-59.706019826586967,59.569190065812748,-0.51841488038710959,40,130185,45
p002894,r0022,11,1.8500000000000001,0.17999999999999999,-101.78583799933163,69.02201721155312,38.726603273593867,26,130230,45
p002895,r0020,17,3.8500000000000001,0.5,-60.482194161115409,59.473167905100901,-0.054513128007253886,40,130275,45
p002896,r0016,17,1.8500000000000001,0.5,-59.910885096872228,60.170840821147287,0.57997786213752955,26,130320,45
p002897,r0011,7,4.25,0.17999999999999999,-59.902008246650894,60.036095843644816,38.897237107391589,38,130365,45
p002898,r0019,7,3.0499999999999998,0.17999999999999999,-65.747789757170906,61.736239166195901,39.239113959989879,29,130410,45
p002899,r0004,25,1.45,0.17999999999999999,-113.0733121671654,71.799434406434642,38.072340023186634,26,130455,45
p002900,r0019,17,1.8500000000000001,0.5,-60.432959238022427,60.309744014968508,-0.51160761152695922,26,130500,45
p002901,r0004,7,4.25,0.17999999999999999,-93.533730356446711,67.986304230078844,39.362698004504253,39,130545,45
p002902,r0010,17,1.8500000000000001,0.17999999999999999,-84.697291937814427,65.707198405770569,38.18439014392527,26,130590,45
p002903,r0020,7,4.6500000000000004,0.17999999999999999,-61.811953378300856,60.603586189773409,38.118789067520041,39,130635,45
p002904,r0015,11,2.25,0.81999999999999995,-62.697968275115166,73.367703074326784,-37.756147432215599,27,130680,45
p002905,r0009,7,1.45,0.17999999999999999,-60.272160620643646,59.299227671270486,37.326377778725941,26,130725,45
p002906,r0021,17,1.8500000000000001,0.5,-60.526875028889755,60.2344666817716,-0.59620417355907729,26,130770,45
p002907,r0021,17,1.45,0.5,-59.686719114762944,60.466701550893511,-0.060008781934716648,26,130815,45
p002908,r0013,11,4.6500000000000004,0.5,-60.171968390405631,60.221388733258514,0.47471017142644173,40,130860,45
p002909,r0017,11,3.0499999999999998,0.5,-59.784516518743601,59.457324573474409,0.2864040273654041,31,130905,45
p002910,r0021,25,4.6500000000000004,0.17999999999999999,-59.364233518913522,59.807523013549059,37.906606837705795,40,130950,45
p002911,r0024,17,2.25,0.81999999999999995,-66.727683010725102,90.118055520903624,-38.045450075031923,26,130995,45
p002912,r0027,7,1.8500000000000001,0.81999999999999995,-69.059909095015314,101.42412187676356,-38.822783520095115,27,131040,45
p002913,r0021,11,4.6500000000000004,0.81999999999999995,-60.236108580857405,59.389110490114341,-38.253569148082484,40,131085,45
p002914,r0000,11,2.25,0.81999999999999995,-62.171453030598542,70.846462945743497,-37.778228154856961,28,131130,45
p002915,r0004,17,4.25,0.5,-59.899246868441985,60.418920379583561,0.70983675557078807,40,131175,45
p002916,r0019,25,2.25,0.5,-59.509184612853041,60.124810883293712,-0.1421868647796643,26,131220,45
p002917,r0023,11,3.0499999999999998,0.5,-60.16187345041898,59.903477747905768,-0.57919785125660606,29,131265,45
p002918,r0027,17,4.6500000000000004,0.5,-60.001022435205805,60.612718079575565,-0.14415217781511985,40,131310,45
p002919,r0028,11,3.8500000000000001,0.5,-60.298591430149628,60.11415559408988,0.3577820819701259,39,131355,45
p002920,r0020,25,2.6499999999999999,0.81999999999999995,-60.053638019799223,60.279483174159424,-37.943676204886657,30,131400,45
p002921,r0028,11,2.25,0.5,-60.411002641391057,59.738153783259271,-0.78642442906589305,26,131445,45
p002922,r0000,7,1.45,0.17999999999999999,-73.52926222941359,62.726176516426207,38.65019754217505,26,131490,45
p002923,r0001,17,1.8500000000000001,0.81999999999999995,-63.984479216325383,76.434502665389488,-39.1590624776167,26,131535,45
p002924,r0025,11,4.6500000000000004,0.17999999999999999,-92.155829243944851,67.469366216450013,38.286831033578935,40,131580,45
p002925,r0008,11,3.4500000000000002,0.5,-59.87870322861724,59.902148072836368,-0.43827757789043603,36,131625,45
p002926,r0015,17,3.0499999999999998,0.5,-59.679431896735863,60.407987415139743,-0.085722240798060068,28,131670,45
p002927,r0007,7,4.25,0.81999999999999995,-59.596361715345964,59.941531925904059,-38.529540859920957,40,131715,45
p002928,r0021,11,3.4500000000000002,0.17999999999999999,-59.8999393470245,60.117339790979564,38.064229546138833,33,131760,45
p002929,r0016,17,3.4500000000000002,0.5,-60.318215829383718,60.130452989417648,-0.54388141998303463,38,131805,45
p002930,r0012,25,3.8500000000000001,0.5,-60.328677448412378,59.842280521577692,0.20680153658265682,40,131850,45
p002931,r0027,25,3.4500000000000002,0.81999999999999995,-59.595703283172213,60.083588346932054,-37.603430789753439,40,131895,45
p002932,r0028,25,3.4500000000000002,0.81999999999999995,-62.215319313313273,69.178157881459811,-38.114493418254114,40,131940,45
p002933,r0005,17,2.25,0.5,-60.327661770681694,59.255383645249061,-0.08613906271631605,26,131985,45
p002934,r0016,17,4.25,0.5,-59.389951581504697,60.086740094495845,-0.10160574350442603,40,132030,45
p002935,r0012,17,1.8500000000000001,0.81999999999999995,-65.578307735864442,85.56522277732418,-37.922472243490489,26,132075,45
p002936,r0026,11,4.25,0.5,-60.236885166587321,60.322605679428882,0.49286025642078074,40,132120,45
p002937,r0011,25,3.4500000000000002,0.81999999999999995,-72.369915289311137,113.9453308469722,-38.383170984780151,40,132165,45
p002938,r0002,25,2.25,0.81999999999999995,-61.916606689033031,67.062445477203298,-38.250377299110482,26,132210,45
p002939,r0010,11,1.8500000000000001,0.5,-60.489884250763424,60.432266044385102,0.42119089681083893,26,132255,45
p002940,r0005,7,4.6500000000000004,0.81999999999999995,-59.900490015062843,60.198639049319297,-37.832646783474047,40,132300,45
p002941,r0021,7,4.6500000000000004,0.81999999999999995,-59.753006380176807,59.453610930605592,-37.845815264235966,40,132345,45
p002942,r0026,11,2.25,0.17999999999999999,-80.203022894679648,65.007223658450783,38.419379278887305,26,132390,45
p002943,r0008,11,1.45,0.17999999999999999,-60.296130504958143,60.24051084979466,38.093915405939157,26,132435,45
p002944,r0014,7,2.6499999999999999,0.81999999999999995,-59.634173917607868,59.935256586304185,-37.661676426903689,31,132480,45
p002945,r0018,7,4.25,0.81999999999999995,-60.388817770236358,60.093686036057562,-38.251967085103445,40,132525,45
p002946,r0003,17,4.25,0.5,-59.770127737218715,59.47793251024099,0.30390238651113749,40,132570,45
p002947,r0007,7,3.4500000000000002,0.81999999999999995,-61.482779660106473,65.980760868286069,-38.089342364995801,39,132615,45
p002948,r0021,11,3.0499999999999998,0.81999999999999995,-72.801260105779363,120.90391126311687,-37.484329259378043,38,132660,45
p002949,r0020,7,3.0499999999999998,0.81999999999999995,-81.335316670141623,159.32057918176002,-37.567255416799313,37,132705,45
p002950,r0012,17,1.8500000000000001,0.17999999999999999,-60.377479388279411,59.897688505732773,38.698158284810589,26,132750,45
p002951,r0002,11,2.6499999999999999,0.5,-59.432704193147174,59.926066381924755,0.69668109438879067,27,132795,45
p002952,r0005,25,4.6500000000000004,0.17999999999999999,-103.66671909080807,69.724152707608198,38.063795783893269,40,132840,45
p002953,r0021,17,3.4500000000000002,0.81999999999999995,-67.115129130225455,91.488954589898043,-39.016394060603218,40,132885,45
p002954,r0002,11,3.4500000000000002,0.5,-59.987051572871593,60.094531299407222,-0.39626013673218524,36,132930,45
p002955,r0005,7,1.45,0.81999999999999995,-59.809846536471085,59.774423631668434,-37.834677906205961,26,132975,45
p002956,r0016,7,4.25,0.17999999999999999,-115.13137109551296,72.148747140529579,38.888325858041924,38,133020,45
p002957,r0003,7,2.25,0.5,-59.681197255946486,60.113172611899756,0.66598767797663494,27,133065,45
p002958,r0006,25,1.8500000000000001,0.17999999999999999,-65.501509540135885,61.100529358972956,38.76216235713337,26,133110,45
p002959,r0008,25,3.8500000000000001,0.81999999999999995,-61.836925389433446,64.192523305201433,-39.601624624399165,40,133155,45
p002960,r0019,11,3.4500000000000002,0.17999999999999999,-59.42686054459466,60.005634787377858,38.057785627622806,32,133200,45
p002961,r0013,7,2.25,0.5,-59.995641092062733,59.974215803741281,0.43928735583927364,27,133245,45
p002962,r0021,17,3.0499999999999998,0.5,-60.040528232491809,60.489866612772019,0.67466919014010496,29,133290,45
p002963,r0002,17,2.25,0.17999999999999999,-65.168507729477767,60.871138336165018,37.73400204434931,26,133335,45
p002964,r0024,17,4.6500000000000004,0.5,-60.120774022796979,60.166344747676959,-0.42721463756001016,40,133380,45
p002965,r0017,17,2.6499999999999999,0.5,-59.709312752811869,59.60128736577164,0.39598730647988561,26,133425,45
p002966,r0000,17,2.6499999999999999,0.5,-60.226992417423808,59.808524545355262,0.24076606396572658,26,133470,45
p002967,r0004,25,3.0499999999999998,0.81999999999999995,-60.490314575199996,59.686211479228767,-39.308539885402816,40,133515,45
p002968,r0007,25,3.8500000000000001,0.5,-60.164834106392377,60.594568522822797,0.66486720821521028,40,133560,45
p002969,r0026,7,2.25,0.17999999999999999,-72.25892682981393,62.520811326747193,37.810458458566188,26,133605,45
p002970,r0016,7,1.8500000000000001,0.5,-59.843859005642472,59.784317620290523,-0.47977069267597444,26,133650,45
p002971,r0001,17,3.4500000000000002,0.5,-59.97410569479522,60.215988484329635,-0.32905860523279246,38,133695,45
p002972,r0008,7,3.8500000000000001,0.5,-59.949501381133224,60.262772641227421,-0.29336436995290144,37,133740,45
p002973,r0005,11,2.6499999999999999,0.5,-60.855403744626429,59.228032144614815,-0.36368580000580691,27,133785,45
p002974,r0006,17,1.45,0.81999999999999995,-77.881792753854398,143.94287214618231,-38.403353071847775,26,133830,45
p002975,r0017,11,4.25,0.81999999999999995,-74.457341371859471,130.09197034334198,-38.088465263123183,40,133875,45
p002976,r0019,7,3.4500000000000002,0.81999999999999995,-59.918102670926707,60.152681860112864,-38.755361455339582,38,133920,45
p002977,r0013,7,1.45,0.17999999999999999,-64.535610748686167,61.627771203498142,39.368362452104975,26,133965,45
p002978,r0006,11,3.4500000000000002,0.17999999999999999,-60.583365000030142,59.775386020848202,37.660810837090096,34,134010,45
p002979,r0011,11,4.6500000000000004,0.17999999999999999,-76.361287508303988,63.944993681511278,38.23986306734453,40,134055,45
p002980,r0019,11,3.0499999999999998,0.81999999999999995,-59.254434863980791,59.855001626596859,-38.264736295676812,38,134100,45
p002981,r0023,7,3.0499999999999998,0.81999999999999995,-64.604761566111094,80.119647630122785,-39.004367910788986,36,134145,45
p002982,r0027,11,1.45,0.5,-60.481497876571183,59.602590789234966,-0.88945354366810814,26,134190,45
p002983,r0015,11,2.6499999999999999,0.5,-60.197141418743577,59.429398721694319,-0.83387134852462874,27,134235,45
p002984,r0009,25,3.8500000000000001,0.5,-60.323698145837277,59.806076467702674,-0.70881083906730136,40,134280,45
p002985,r0026,11,1.45,0.81999999999999995,-64.152448138040512,81.053081896258448,-37.565452731866685,26,134325,45
p002986,r0018,7,3.4500000000000002,0.81999999999999995,-60.502116072814161,63.014790096340377,-37.819072962366334,39,134370,45
p002987,r0028,17,2.6499999999999999,0.17999999999999999,-70.258486980442854,62.752477790341828,38.360504131600585,26,134415,45
p002988,r0003,17,4.6500000000000004,0.5,-59.620758454772321,60.183493945201981,0.73136774521482972,40,134460,45
p002989,r0024,11,2.6499999999999999,0.17999999999999999,-75.235147599421254,62.907736125550656,37.592017055055706,26,134505,45
p002990,r0005,25,4.25,0.5,-60.304154674946638,60.249177081714812,-0.47748879661591276,40,134550,45
p002991,r0021,7,3.0499999999999998,0.81999999999999995,-62.541101043302291,70.450651160126057,-39.052585646685188,36,134595,45
p002992,r0013,17,3.4500000000000002,0.81999999999999995,-60.411864567206862,60.534864743974545,-38.1914532911942,40,134640,45
p002993,r0008,11,3.4500000000000002,0.17999999999999999,-91.68513171426487,67.053687531672125,38.030700067403458,33,134685,45
p002994,r0025,17,3.0499999999999998,0.81999999999999995,-59.700103280824855,59.459624371582095,-37.801352303391596,39,134730,45
p002995,r0014,11,4.25,0.17999999999999999,-70.516934985577294,62.198867273207746,37.860022866626437,39,134775,45
p002996,r0008,7,4.25,0.5,-60.236867896411475,60.137540453994966,0.40033627879174533,39,134820,45
p002997,r0010,7,3.8500000000000001,0.5,-59.567904313529411,59.662177647265864,-0.40286333313177353,38,134865,45
p002998,r0020,11,4.6500000000000004,0.5,-60.296102772046119,60.761079148904507,-0.21751181157080596,40,134910,45
p002999,r0003,7,4.25,0.5,-59.723294107493018,60.523949128499481,-0.049672489496768446,39,134955,45
p003000,r0015,7,4.25,0.17999999999999999,-141.60125571813597,77.680109763555677,37.75946397685118,38,135000,45
p003001,r0010,25,4.6500000000000004,0.17999999999999999,-59.693917089326419,60.336978056018424,39.181416929856354,40,135045,45
p003002,r0016,25,1.45,0.81999999999999995,-60.243233905327457,62.659270332980149,-38.570783142432084,26,135090,45
p003003,r0012,17,2.6499999999999999,0.81999999999999995,-59.741045223250026,59.575807244187367,-38.714011779111296,32,135135,45
p003004,r0017,17,1.45,0.17999999999999999,-73.792744718133562,62.93607908304255,37.874890798830847,26,135180,45
p003005,r0022,25,3.4500000000000002,0.5,-60.179700497068175,59.659477818334004,-0.7101113393670857,40,135225,45
p003006,r0005,7,3.4500000000000002,0.5,-60.192841532958226,60.380789869561909,0.54397416830184109,35,135270,45
p003007,r0002,7,3.8500000000000001,0.5,-59.674501140522992,59.952330194492347,0.58891452698467783,38,135315,45
p003008,r0000,7,2.6499999999999999,0.5,-59.84541537754496,60.601341456224155,-0.072036960660402383,28,135360,45
p003009,r0016,7,4.6500000000000004,0.81999999999999995,-75.760085326614444,132.09672736814755,-38.795859041557279,40,135405,45
p003010,r0026,17,4.25,0.5,-60.170993591565384,59.918724664329098,-0.57613446361814336,40,135450,45
p003011,r0022,7,1.45,0.5,-59.550063115163837,60.070073877777716,0.71000538130693935,26,135495,45
p003012,r0012,25,4.6500000000000004,0.5,-59.495594355243952,60.048042761124123,0.72622420294008516,40,135540,45
p003013,r0018,17,2.6499999999999999,0.81999999999999995,-60.235197574796132,60.182042359493508,-39.01009438662399,31,135585,45
p003014,r0021,7,3.0499999999999998,0.17999999999999999,-101.56272332074838,69.09752355016488,38.828679113400497,31,135630,45
p003015,r0012,7,3.4500000000000002,0.81999999999999995,-68.188456511121089,93.255144516739591,-38.678608326106158,38,135675,45
p003016,r0027,7,3.0499999999999998,0.5,-59.982134182392528,60.132554920588134,-0.3747896309021968,30,135720,45
p003017,r0002,7,3.8500000000000001,0.81999999999999995,-67.585553431089139,92.24389495086038,-39.266252722338223,40,135765,45
p003018,r0005,17,2.6499999999999999,0.5,-59.634399292692088,59.377082500657302,-0.57865839601739277,26,135810,45
p003019,r0024,7,3.4500000000000002,0.81999999999999995,-60.373912823595582,59.671737067871291,-39.215695843131542,38,135855,45
p003020,r0010,7,1.8500000000000001,0.17999999999999999,-59.515608343095153,60.266916194025612,39.156061777343879,26,135900,45
p003021,r0004,11,3.0499999999999998,0.81999999999999995,-59.511600452564352,60.602272207192925,-38.341103373808039,38,135945,45
p003022,r0028,17,1.45,0.81999999999999995,-59.785486459576816,59.695823664255308,-38.728850637287032,26,135990,45
p003023,r0006,7,4.25,0.81999999999999995,-67.246337958981158,90.977799679645443,-38.315993184028358,40,136035,45
p003024,r0000,11,3.0499999999999998,0.81999999999999995,-60.039810540620358,60.416657115381433,-38.807646362540034,38,136080,45
p003025,r0023,25,1.45,0.81999999999999995,-60.047952208116882,61.565577088069539,-38.607516934803321,26,136125,45
p003026,r0004,25,1.45,0.81999999999999995,-59.433211614540909,59.883554523452986,-37.506193709702004,26,136170,45
p003027,r0002,7,4.25,0.17999999999999999,-59.974568533981184,60.857326968885502,38.657585778369494,38,136215,45
p003028,r0002,25,1.45,0.81999999999999995,-61.400361738462024,69.085117202241307,-37.46297552913542,26,136260,45
p003029,r0028,7,1.45,0.81999999999999995,-64.959471141494944,82.177810488654302,-38.924760448068071,26,136305,45
p003030,r0016,11,1.8500000000000001,0.17999999999999999,-60.372592246043538,60.035123240635556,38.811734453033324,26,136350,45
p003031,r0027,17,4.6500000000000004,0.17999999999999999,-68.622912089990336,61.24668186187737,38.320154950541188,40,136395,45
p003032,r0010,11,3.4500000000000002,0.81999999999999995,-59.530651663273773,59.822284217061252,-38.497123204813462,40,136440,45
p003033,r0023,11,3.0499999999999998,0.17999999999999999,-120.93528214540309,73.521889173329271,38.069598335957444,28,136485,45
p003034,r0026,7,1.45,0.17999999999999999,-69.285604090943238,61.632480425559294,37.617225212588835,26,136530,45
p003035,r0026,7,3.4500000000000002,0.81999999999999995,-60.157529430918785,59.917003181904462,-38.094113560610595,38,136575,45
p003036,r0016,7,1.45,0.81999999999999995,-59.593428146759393,60.349048153232516,-37.553782412760839,26,136620,45
p003037,r0013,11,3.4500000000000002,0.17999999999999999,-97.071201024153879,68.177019494171816,37.982339800873191,33,136665,45
p003038,r0012,7,3.0499999999999998,0.5,-60.149507108951902,59.853011975942628,-0.59824756650463651,33,136710,45
p003039,r0021,17,4.25,0.5,-60.17340783874144,60.211441414773063,0.46901678801581143,40,136755,45
p003040,r0022,7,2.6499999999999999,0.5,-60.097070468214667,60.150718696909138,0.47682411434723521,28,136800,45
p003041,r0014,7,4.6500000000000004,0.17999999999999999,-118.07759129194801,72.577425668824191,37.809522615885193,39,136845,45
p003042,r0009,25,4.6500000000000004,0.81999999999999995,-68.083254612609437,97.60401836847285,-38.709545476014611,40,136890,45
p003043,r0006,7,1.8500000000000001,0.81999999999999995,-59.860957333858153,60.214688820714919,-38.697341026034998,27,136935,45
p003044,r0025,7,1.8500000000000001,0.17999999999999999,-61.165042650244935,60.353868673892073,38.930464635547416,26,136980,45
p003045,r0004,25,3.4500000000000002,0.5,-60.186314548758432,59.700345263749441,0.20701535749550432,39,137025,45
p003046,r0025,25,2.6499999999999999,0.17999999999999999,-88.505125812451467,66.268997545542931,37.959655341103939,26,137070,45
p003047,r0004,17,3.8500000000000001,0.5,-59.945104207605162,60.088710557438453,0.52180317491664563,40,137115,45
p003048,r0020,25,4.25,0.81999999999999995,-60.27042245147841,60.161429253763721,-39.042689144534826,40,137160,45
p003049,r0025,7,2.6499999999999999,0.17999999999999999,-59.618175085304827,59.854710860430238,38.799591390197932,28,137205,45
p003050,r0001,11,2.25,0.17999999999999999,-84.229584435137753,64.923395080601708,37.625858767768605,26,137250,45
p003051,r0024,11,4.6500000000000004,0.17999999999999999,-125.58190248295509,74.605638854744853,38.12188141395886,40,137295,45
p003052,r0016,11,4.6500000000000004,0.17999999999999999,-81.940710938369335,65.255651451154918,38.310306221040548,40,137340,45
p003053,r0013,7,3.8500000000000001,0.81999999999999995,-59.970916740293021,60.010060682624271,-38.824340804167903,40,137385,45
p003054,r0014,11,1.45,0.17999999999999999,-59.450340075348535,60.209614846549144,38.220822960607563,26,137430,45
p003055,r0025,17,2.25,0.17999999999999999,-71.141098106520815,62.505256610209393,37.998912761197957,26,137475,45
p003056,r0011,25,4.25,0.81999999999999995,-75.700813857276287,132.996218076899,-37.685348109124746,40,137520,45
p003057,r0018,7,2.6499999999999999,0.17999999999999999,-60.113300980413413,60.132499102844015,38.038255087857678,28,137565,45
p003058,r0024,7,3.0499999999999998,0.5,-60.683527597384291,59.751344481344397,-0.91609155801994713,31,137610,45
p003059,r0008,11,1.8500000000000001,0.17999999999999999,-83.490852884427909,65.358774693712149,39.015841729646944,26,137655,45
p003060,r0008,7,3.4500000000000002,0.17999999999999999,-59.473270864275911,60.474928992085736,38.434253017940641,31,137700,45
p003061,r0017,25,3.4500000000000002,0.5,-59.840610013455425,60.128075072096259,-0.30626747067958321,40,137745,45
p003062,r0010,17,3.4500000000000002,0.5,-60.3502924251476,59.858697193958037,0.20420238440521815,38,137790,45
p003063,r0011,17,3.4500000000000002,0.17999999999999999,-71.075136606492947,62.411988942965323,37.934306344062833,33,137835,45
p003064,r0002,25,2.6499999999999999,0.81999999999999995,-60.549496593904095,60.172830408788791,-38.369477733419366,31,137880,45
p003065,r0011,11,4.25,0.17999999999999999,-60.216770088319414,60.288723606785538,39.047734741666652,40,137925,45
p003066,r0018,25,4.6500000000000004,0.5,-60.682853247531959,59.609658960297473,-0.086597143617242966,40,137970,45
p003067,r0011,7,1.45,0.81999999999999995,-60.276791765093776,59.690009768730768,-39.132767489005353,26,138015,45
p003068,r0001,25,1.8500000000000001,0.17999999999999999,-125.62649984759852,74.565293162513768,38.98077042069356,26,138060,45
p003069,r0008,17,3.0499999999999998,0.5,-60.214185776539047,60.384908188997706,0.53536120622932937,29,138105,45
p003070,r0007,17,4.6500000000000004,0.81999999999999995,-59.894132954023135,59.881794222774964,-37.884466062199458,40,138150,45
p003071,r0003,11,3.4500000000000002,0.17999999999999999,-82.999154633362664,65.286739668334022,39.045278694028624,33,138195,45
p003072,r0000,25,3.0499999999999998,0.81999999999999995,-60.739253738175748,60.140803983820618,-39.430843348216399,40,138240,45
p003073,r0013,11,3.0499999999999998,0.81999999999999995,-60.28624220947961,60.237689554158976,-39.041934492024666,37,138285,45
p003074,r0028,17,2.25,0.17999999999999999,-94.077097965303565,67.708797125865232,39.037336009454847,26,138330,45
p003075,r0009,25,2.25,0.81999999999999995,-62.916976164532038,71.849879853533963,-39.108942081280148,26,138375,45
p003076,r0024,7,4.25,0.81999999999999995,-65.630470657708315,86.49836118658493,-37.797280925735521,40,138420,45
p003077,r0010,11,2.6499999999999999,0.5,-60.382014620651695,60.555525590891925,-0.36324451487988513,27,138465,45
p003078,r0022,7,2.25,0.81999999999999995,-59.895912520386943,60.006664020811883,-38.76344874297115,29,138510,45
p003079,r0014,17,3.0499999999999998,0.5,-59.773676408114781,60.656786664356318,-0.0084448718792316524,29,138555,45
p003080,r0028,25,3.4500000000000002,0.5,-60.121018340376722,60.045720580022376,0.41235111982282718,39,138600,45
p003081,r0014,25,2.25,0.81999999999999995,-67.23684095108645,93.843615512477697,-38.692358787644892,26,138645,45
p003082,r0009,25,2.25,0.5,-60.029030995531677,59.554756805587608,-0.68713709497203435,26,138690,45
p003083,r0010,11,1.8500000000000001,0.17999999999999999,-84.300841086979489,65.965000601066279,38.467149097218041,26,138735,45
p003084,r0004,11,3.0499999999999998,0.17999999999999999,-66.485419379726196,61.347855775782698,37.887866247791095,28,138780,45
p003085,r0021,17,2.25,0.5,-59.814553933892327,60.22669746018444,0.6560717631460562,26,138825,45
p003086,r0004,11,3.8500000000000001,0.17999999999999999,-154.85451365669971,80.985066844146218,38.083942353993947,38,138870,45
p003087,r0025,7,3.0499999999999998,0.17999999999999999,-60.433065475762461,59.727540129443653,38.548631120506556,30,138915,45
p003088,r0003,11,4.25,0.17999999999999999,-69.352919833340778,61.568985115621572,38.453042224808357,39,138960,45
p003089,r0018,11,3.4500000000000002,0.17999999999999999,-59.831322007895032,59.760501201153616,38.683973023524864,32,139005,45
p003090,r0021,25,2.25,0.81999999999999995,-63.536887348071559,76.871669522191041,-37.813347111424278,26,139050,45
p003091,r0007,25,1.45,0.5,-60.076869496842143,59.752422135283176,0.28777631922051655,26,139095,45
p003092,r0006,17,4.25,0.17999999999999999,-60.359208166155447,60.101081701387443,38.868229525229729,40,139140,45
p003093,r0009,17,3.0499999999999998,0.81999999999999995,-62.894668983960173,74.114614966523504,-38.682997872873102,39,139185,45
p003094,r0014,17,2.6499999999999999,0.17999999999999999,-68.841928510484749,61.886764970806638,38.805600144174193,26,139230,45
p003095,r0000,7,2.6499999999999999,0.81999999999999995,-60.049450560756554,60.311484888773357,-37.934482179841162,31,139275,45
p003096,r0013,17,4.6500000000000004,0.81999999999999995,-60.03713473300563,61.007573278633203,-37.799087290910634,40,139320,45
p003097,r0009,7,3.8500000000000001,0.81999999999999995,-59.986762083527609,60.683200843849981,-38.716168756599636,39,139365,45
p003098,r0006,11,3.0499999999999998,0.5,-59.672439800089428,59.825379417894304,-0.37353019109756219,30,139410,45
p003099,r0023,25,3.8500000000000001,0.81999999999999995,-61.263040539532184,65.930614999327275,-38.818182542537485,40,139455,45
p003100,r0005,7,2.6499999999999999,0.17999999999999999,-59.841205019155609,60.328330999599245,39.147814516223377,28,139500,45
p003101,r0025,7,3.4500000000000002,0.81999999999999995,-61.575743176431999,66.36215572656026,-38.09692137389338,38,139545,45
p003102,r0014,7,2.25,0.81999999999999995,-63.302154602684013,75.548986316641347,-37.858949237205437,29,139590,45
p003103,r0002,11,2.6499999999999999,0.81999999999999995,-63.120775040229013,69.852627576586912,-38.735562569202131,32,139635,45
p003104,r0013,11,3.4500000000000002,0.81999999999999995,-60.057336522511207,59.670803432930029,-38.056271330531771,39,139680,45
p003105,r0017,25,4.25,0.17999999999999999,-59.987100426068736,60.152864296196299,38.977670646188599,40,139725,45
p003106,r0028,7,1.45,0.5,-59.465742170642571,60.008075886712263,0.72116685803484581,26,139770,45
p003107,r0018,25,3.8500000000000001,0.5,-60.131684707372273,59.939000731895987,0.35365801226185739,40,139815,45
p003108,r0023,7,3.4500000000000002,0.81999999999999995,-60.018197740869439,59.572092411541199,-38.041945513435515,38,139860,45
p003109,r0008,25,2.25,0.81999999999999995,-60.089235543867389,60.293230591669868,-38.870391639470682,26,139905,45
p003110,r0008,7,4.6500000000000004,0.17999999999999999,-60.375897516748012,60.053487927264939,38.826198547342614,39,139950,45
p003111,r0000,11,3.0499999999999998,0.17999999999999999,-127.44501875905765,74.840088613042994,37.978769286064875,28,139995,45
p003112,r0007,7,2.6499999999999999,0.81999999999999995,-63.217289976411735,74.921981075214092,-37.902221187119082,32,140040,45
p003113,r0004,25,1.8500000000000001,0.5,-60.350181680384573,60.328100440293149,-0.46104062004571206,26,140085,45
p003114,r0005,11,3.4500000000000002,0.17999999999999999,-94.431202364723546,67.296660494091554,38.635645179504834,32,140130,45
p003115,r0012,11,4.6500000000000004,0.81999999999999995,-65.870532915282297,85.797305140812114,-39.020322065185297,40,140175,45
p003116,r0025,11,1.45,0.5,-59.887339470631829,59.818717615455029,0.41568907241159964,26,140220,45
p003117,r0011,11,2.25,0.5,-59.805571657283814,60.419351210511316,-0.14311022338624896,26,140265,45
p003118,r0010,7,4.25,0.81999999999999995,-59.984277764983545,59.740626824258221,-37.983794938920006,40,140310,45
p003119,r0026,7,2.6499999999999999,0.81999999999999995,-59.518792570445981,59.915869630635981,-38.470553374251224,31,140355,45
p003120,r0024,7,3.4500000000000002,0.5,-59.717912573453667,60.035790083061592,-0.29106124519603754,35,140400,45
p003121,r0010,11,3.8500000000000001,0.5,-60.334859900020142,61.017096919951207,0.79111850996553268,39,140445,45
p003122,r0018,25,4.6500000000000004,0.17999999999999999,-115.07474483575571,72.035608368040556,38.805744791357235,40,140490,45
p003123,r0015,7,4.25,0.81999999999999995,-62.069386893079539,68.215582267338334,-38.168092444204305,40,140535,45
p003124,r0006,25,1.45,0.17999999999999999,-59.88762574643637,59.992808147071216,37.964330046239851,26,140580,45
p003125,r0027,17,3.4500000000000002,0.5,-59.771524293555657,60.361132055119498,0.74480388078192017,38,140625,45
p003126,r0008,17,1.45,0.17999999999999999,-59.640296118013744,59.823976904944352,38.770407760811899,26,140670,45
p003127,r0007,7,1.8500000000000001,0.5,-59.895615842867542,59.83205475273958,-0.48178054506398099,26,140715,45
p003128,r0019,25,2.6499999999999999,0.81999999999999995,-60.308113075138195,60.044644076541452,-39.094616787835854,31,140760,45
p003129,r0027,17,1.45,0.17999999999999999,-60.166707129437299,60.265319106455848,39.037554383995086,26,140805,45
p003130,r0014,11,3.4500000000000002,0.5,-59.985731019414203,60.216179000860734,-0.33477600927673451,35,140850,45
p003131,r0005,11,4.25,0.17999999999999999,-60.163816099946267,60.346847595137113,38.204928130022104,39,140895,45
