length,sequence_id,target_mask,observed_mask,count
1,s000,18,18,1800
1,s000,18,19,146
1,s000,18,16,105
1,s000,18,17,8
1,s000,18,22,95
1,s000,18,23,8
1,s000,18,20,2
1,s000,18,21,1
1,s000,18,26,99
1,s000,18,27,5
1,s000,18,24,11
1,s000,18,30,9
1,s000,18,2,94
1,s000,18,3,5
1,s000,18,0,8
1,s000,18,6,5
1,s000,18,10,7
1,s000,18,50,124
1,s000,18,51,13
1,s000,18,48,13
1,s000,18,54,10
1,s000,18,55,2
1,s000,18,58,8
1,s000,18,59,1
1,s000,18,62,2
1,s000,18,34,5
1,s000,18,38,1
1,s000,18,82,119
1,s000,18,83,33
1,s000,18,80,8
1,s000,18,81,2
1,s000,18,86,16
1,s000,18,87,4
1,s000,18,90,10
1,s000,18,88,1
1,s000,18,94,1
1,s000,18,66,4
1,s000,18,64,1
1,s000,18,114,7
1,s000,18,115,5
1,s000,18,112,4
1,s000,18,122,2
1,s000,18,98,1
1,s001,15,15,1749
1,s001,15,14,114
1,s001,15,13,89
1,s001,15,12,7
1,s001,15,11,93
1,s001,15,10,8
1,s001,15,9,9
1,s001,15,7,110
1,s001,15,6,9
1,s001,15,5,5
1,s001,15,4,1
1,s001,15,3,7
1,s001,15,2,3
1,s001,15,31,97
1,s001,15,30,9
1,s001,15,29,6
1,s001,15,28,1
1,s001,15,27,6
1,s001,15,26,2
1,s001,15,23,1
1,s001,15,21,1
1,s001,15,47,124
1,s001,15,46,5
1,s001,15,45,9
1,s001,15,44,1
1,s001,15,43,9
1,s001,15,39,12
1,s001,15,37,1
1,s001,15,36,1
1,s001,15,63,3
1,s001,15,55,1
1,s001,15,79,125
1,s001,15,78,24
1,s001,15,77,5
1,s001,15,76,1
1,s001,15,75,8
1,s001,15,71,6
1,s001,15,70,4
1,s001,15,68,1
1,s001,15,95,7
1,s001,15,94,3
1,s001,15,91,1
1,s001,15,90,2
1,s001,15,111,6
1,s001,15,109,1
1,s001,15,108,1
1,s001,15,106,1
1,s001,15,103,1
1,s001,15,119,1
1,s002,40,40,1665
1,s002,40,41,125
1,s002,40,42,83
1,s002,40,43,5
1,s002,40,44,87
1,s002,40,45,8
1,s002,40,46,3
1,s002,40,47,1
1,s002,40,32,112
1,s002,40,33,4
1,s002,40,34,7
1,s002,40,36,6
1,s002,40,37,2
1,s002,40,56,85
1,s002,40,57,9
1,s002,40,58,4
1,s002,40,59,1
1,s002,40,60,4
1,s002,40,48,5
1,s002,40,53,1
1,s002,40,8,98
1,s002,40,9,11
1,s002,40,10,13
1,s002,40,11,3
1,s002,40,12,10
1,s002,40,14,2
1,s002,40,0,6
1,s002,40,2,1
1,s002,40,4,1
1,s002,40,24,6
1,s002,40,26,2
1,s002,40,18,1
1,s002,40,104,132
1,s002,40,105,16
1,s002,40,106,7
1,s002,40,108,10
1,s002,40,109,3
1,s002,40,110,1
1,s002,40,96,2
1,s002,40,97,2
1,s002,40,120,4
1,s002,40,123,1
1,s002,40,72,9
1,s002,40,73,1
1,s002,40,74,1
1,s002,40,79,1
1,s002,40,88,1
1,s003,94,94,1627
1,s003,94,95,122
1,s003,94,92,90
1,s003,94,93,8
1,s003,94,90,114
1,s003,94,91,6
1,s003,94,88,4
1,s003,94,89,1
1,s003,94,86,123
1,s003,94,87,7
1,s003,94,84,6
1,s003,94,82,3
1,s003,94,78,84
1,s003,94,79,8
1,s003,94,76,2
1,s003,94,77,2
1,s003,94,74,6
1,s003,94,75,2
1,s003,94,70,3
1,s003,94,66,1
1,s003,94,126,128
1,s003,94,127,6
1,s003,94,124,16
1,s003,94,125,1
1,s003,94,122,9
1,s003,94,118,16
1,s003,94,119,1
1,s003,94,110,7
1,s003,94,111,1
1,s003,94,106,2
1,s003,94,30,113
1,s003,94,31,18
1,s003,94,28,2
1,s003,94,29,3
1,s003,94,26,11
1,s003,94,27,3
1,s003,94,24,1
1,s003,94,22,12
1,s003,94,23,4
1,s003,94,18,3
1,s003,94,14,9
1,s003,94,10,1
1,s003,94,6,1
1,s003,94,62,10
1,s003,94,60,1
1,s003,94,54,1
1,s003,94,46,2
1,s003,94,45,1
1,s004,74,74,1670
1,s004,74,75,118
1,s004,74,72,91
1,s004,74,73,6
1,s004,74,78,81
1,s004,74,79,10
1,s004,74,76,5
1,s004,74,66,123
1,s004,74,67,7
1,s004,74,64,4
1,s004,74,70,8
1,s004,74,71,1
1,s004,74,68,1
1,s004,74,90,94
1,s004,74,91,6
1,s004,74,88,4
1,s004,74,89,1
1,s004,74,94,4
1,s004,74,93,1
1,s004,74,82,4
1,s004,74,106,124
1,s004,74,107,16
1,s004,74,104,8
1,s004,74,105,2
1,s004,74,110,8
1,s004,74,98,7
1,s004,74,96,1
1,s004,74,122,7
1,s004,74,126,1
1,s004,74,10,130
1,s004,74,11,27
1,s004,74,8,4
1,s004,74,9,1
1,s004,74,14,18
1,s004,74,15,2
1,s004,74,2,7
1,s004,74,3,2
1,s004,74,0,1
1,s004,74,6,3
1,s004,74,26,7
1,s004,74,27,2
1,s004,74,30,3
1,s004,74,31,1
1,s004,74,42,9
1,s004,74,43,1
1,s004,74,47,1
1,s004,74,32,1
1,s004,74,58,1
1,s005,113,113,1721
1,s005,113,112,125
1,s005,113,115,69
1,s005,113,114,4
1,s005,113,117,92
1,s005,113,116,2
1,s005,113,119,2
1,s005,113,121,119
1,s005,113,120,6
1,s005,113,123,6
1,s005,113,122,1
1,s005,113,125,5
1,s005,113,126,1
1,s005,113,97,96
1,s005,113,96,5
1,s005,113,99,6
1,s005,113,101,7
1,s005,113,103,1
1,s005,113,105,10
1,s005,113,81,123
1,s005,113,80,7
1,s005,113,83,14
1,s005,113,85,8
1,s005,113,84,1
1,s005,113,87,1
1,s005,113,86,1
1,s005,113,89,9
1,s005,113,91,1
1,s005,113,65,6
1,s005,113,64,1
1,s005,113,67,1
1,s005,113,69,1
1,s005,113,71,1
1,s005,113,73,1
1,s005,113,49,112
1,s005,113,48,29
1,s005,113,51,7
1,s005,113,50,2
1,s005,113,53,9
1,s005,113,52,2
1,s005,113,57,6
1,s005,113,56,2
1,s005,113,61,2
1,s005,113,33,1
1,s005,113,35,1
1,s005,113,34,1
1,s005,113,17,12
1,s005,113,16,1
1,s005,113,1,3
1,s006,111,111,1725
1,s006,111,110,114
1,s006,111,109,84
1,s006,111,108,5
1,s006,111,107,95
1,s006,111,106,13
1,s006,111,105,4
1,s006,111,103,102
1,s006,111,102,7
1,s006,111,101,8
1,s006,111,99,6
1,s006,111,127,73
1,s006,111,126,9
1,s006,111,125,1
1,s006,111,124,1
1,s006,111,122,1
1,s006,111,119,4
1,s006,111,118,1
1,s006,111,117,1
1,s006,111,79,140
1,s006,111,78,7
1,s006,111,77,10
1,s006,111,75,9
1,s006,111,71,10
1,s006,111,69,1
1,s006,111,65,1
1,s006,111,95,6
1,s006,111,93,1
1,s006,111,87,2
1,s006,111,86,1
1,s006,111,47,141
1,s006,111,46,27
1,s006,111,45,7
1,s006,111,44,4
1,s006,111,43,9
1,s006,111,42,5
1,s006,111,41,2
1,s006,111,40,1
1,s006,111,39,8
1,s006,111,37,1
1,s006,111,34,1
1,s006,111,63,10
1,s006,111,62,1
1,s006,111,61,1
1,s006,111,15,8
1,s006,111,14,2
1,s006,111,13,1
1,s006,111,12,1
1,s006,111,11,2
1,s006,111,10,1
1,s007,40,40,1677
1,s007,40,41,103
1,s007,40,42,94
1,s007,40,43,13
1,s007,40,44,88
1,s007,40,45,10
1,s007,40,46,7
1,s007,40,32,115
1,s007,40,33,7
1,s007,40,34,8
1,s007,40,36,6
1,s007,40,37,1
1,s007,40,38,2
1,s007,40,56,72
1,s007,40,57,7
1,s007,40,58,2
1,s007,40,61,1
1,s007,40,62,1
1,s007,40,48,6
1,s007,40,49,2
1,s007,40,52,1
1,s007,40,8,114
1,s007,40,9,11
1,s007,40,10,12
1,s007,40,12,5
1,s007,40,14,1
1,s007,40,0,11
1,s007,40,1,1
1,s007,40,2,2
1,s007,40,24,8
1,s007,40,26,1
1,s007,40,28,1
1,s007,40,16,3
1,s007,40,104,121
1,s007,40,105,20
1,s007,40,106,3
1,s007,40,107,2
1,s007,40,108,8
1,s007,40,110,2
1,s007,40,96,6
1,s007,40,97,1
1,s007,40,98,1
1,s007,40,99,1
1,s007,40,100,1
1,s007,40,101,1
1,s007,40,120,7
1,s007,40,122,1
1,s007,40,124,2
1,s007,40,72,11
1,s007,40,74,1
1,s007,40,90,1
1,s007,40,92,1
1,s008,82,82,1668
1,s008,82,83,122
1,s008,82,80,87
1,s008,82,81,4
1,s008,82,86,98
1,s008,82,87,6
1,s008,82,84,6
1,s008,82,90,122
1,s008,82,91,7
1,s008,82,88,3
1,s008,82,94,3
1,s008,82,95,1
1,s008,82,92,2
1,s008,82,66,99
1,s008,82,67,6
1,s008,82,64,1
1,s008,82,65,1
1,s008,82,70,3
1,s008,82,74,3
1,s008,82,114,115
1,s008,82,115,10
1,s008,82,112,10
1,s008,82,118,5
1,s008,82,122,11
1,s008,82,123,3
1,s008,82,98,8
1,s008,82,96,1
1,s008,82,97,1
1,s008,82,18,122
1,s008,82,19,22
1,s008,82,16,11
1,s008,82,17,1
1,s008,82,22,11
1,s008,82,23,3
1,s008,82,20,1
1,s008,82,26,7
1,s008,82,27,1
1,s008,82,30,1
1,s008,82,2,10
1,s008,82,0,1
1,s008,82,6,2
1,s008,82,50,10
1,s008,82,48,1
1,s008,82,54,1
1,s008,82,58,1
1,s008,82,59,2
1,s009,115,115,1760
1,s009,115,114,104
1,s009,115,113,86
1,s009,115,112,6
1,s009,115,119,100
1,s009,115,118,4
1,s009,115,117,7
1,s009,115,123,135
1,s009,115,122,8
1,s009,115,121,10
1,s009,115,120,1
1,s009,115,127,8
1,s009,115,125,1
1,s009,115,99,101
1,s009,115,98,6
1,s009,115,97,3
1,s009,115,103,1
1,s009,115,107,6
1,s009,115,83,135
1,s009,115,82,11
1,s009,115,81,13
1,s009,115,80,2
1,s009,115,87,4
1,s009,115,86,1
1,s009,115,85,3
1,s009,115,84,1
1,s009,115,91,11
1,s009,115,94,1
1,s009,115,67,5
1,s009,115,65,2
1,s009,115,51,126
1,s009,115,50,24
1,s009,115,49,6
1,s009,115,48,1
1,s009,115,55,18
1,s009,115,54,2
1,s009,115,53,1
1,s009,115,52,1
1,s009,115,59,7
1,s009,115,58,1
1,s009,115,63,2
1,s009,115,35,8
1,s009,115,34,1
1,s009,115,32,1
1,s009,115,43,2
1,s009,115,19,2
1,s009,115,18,3
1,s009,115,17,1
1,s009,115,23,1
1,s009,115,22,1
1,s009,115,20,1
1,s009,115,27,1
1,s009,115,26,1
1,s010,93,93,1643
1,s010,93,92,139
1,s010,93,95,92
1,s010,93,94,3
1,s010,93,89,92
1,s010,93,88,10
1,s010,93,91,6
1,s010,93,90,1
1,s010,93,85,108
1,s010,93,84,14
1,s010,93,87,4
1,s010,93,86,1
1,s010,93,81,6
1,s010,93,77,104
1,s010,93,76,8
1,s010,93,79,5
1,s010,93,78,1
1,s010,93,73,4
1,s010,93,69,5
1,s010,93,125,140
1,s010,93,124,12
1,s010,93,127,20
1,s010,93,126,1
1,s010,93,121,4
1,s010,93,120,1
1,s010,93,123,1
1,s010,93,122,1
1,s010,93,117,10
1,s010,93,116,1
1,s010,93,119,1
1,s010,93,112,1
1,s010,93,109,2
1,s010,93,105,1
1,s010,93,101,2
1,s010,93,29,124
1,s010,93,28,22
1,s010,93,31,7
1,s010,93,30,2
1,s010,93,25,13
1,s010,93,21,14
1,s010,93,20,1
1,s010,93,23,1
1,s010,93,16,1
1,s010,93,13,5
1,s010,93,12,1
1,s010,93,9,1
1,s010,93,5,1
1,s010,93,61,13
1,s010,93,60,1
1,s010,93,45,1
1,s010,93,41,1
1,s011,59,59,1770
1,s011,59,58,128
1,s011,59,57,117
1,s011,59,56,11
1,s011,59,63,102
1,s011,59,62,9
1,s011,59,61,4
1,s011,59,51,123
1,s011,59,50,12
1,s011,59,49,7
1,s011,59,48,3
1,s011,59,55,9
1,s011,59,53,1
1,s011,59,43,99
1,s011,59,42,3
1,s011,59,41,4
1,s011,59,40,1
1,s011,59,47,4
1,s011,59,35,2
1,s011,59,27,140
1,s011,59,26,7
1,s011,59,25,12
1,s011,59,31,8
1,s011,59,30,1
1,s011,59,19,9
1,s011,59,18,2
1,s011,59,17,1
1,s011,59,11,10
1,s011,59,15,1
1,s011,59,123,110
1,s011,59,122,22
1,s011,59,121,8
1,s011,59,120,1
1,s011,59,127,10
1,s011,59,126,3
1,s011,59,125,1
1,s011,59,115,12
1,s011,59,114,1
1,s011,59,107,7
1,s011,59,106,1
1,s011,59,105,2
1,s011,59,111,1
1,s011,59,91,8
1,s011,59,90,1
1,s011,59,95,1
1,s011,59,94,1
1,s011,59,83,1
1,s011,59,75,1
1,s012,43,43,1761
1,s012,43,42,120
1,s012,43,41,85
1,s012,43,40,5
1,s012,43,47,100
1,s012,43,46,7
1,s012,43,45,5
1,s012,43,44,1
1,s012,43,35,133
1,s012,43,34,5
1,s012,43,33,3
1,s012,43,32,1
1,s012,43,39,6
1,s012,43,38,1
1,s012,43,59,98
1,s012,43,58,10
1,s012,43,57,5
1,s012,43,63,7
1,s012,43,62,2
1,s012,43,51,13
1,s012,43,55,1
1,s012,43,11,139
1,s012,43,10,5
1,s012,43,9,15
1,s012,43,8,1
1,s012,43,15,7
1,s012,43,14,1
1,s012,43,13,1
1,s012,43,3,17
1,s012,43,2,2
1,s012,43,1,3
1,s012,43,27,5
1,s012,43,26,2
1,s012,43,25,1
1,s012,43,31,2
1,s012,43,21,1
1,s012,43,107,150
1,s012,43,106,27
1,s012,43,105,6
1,s012,43,111,17
1,s012,43,110,3
1,s012,43,99,8
1,s012,43,98,1
1,s012,43,103,1
1,s012,43,123,5
1,s012,43,122,2
1,s012,43,75,12
1,s012,43,74,4
1,s012,43,73,1
1,s012,43,72,1
1,s012,43,91,1
1,s013,101,101,1762
1,s013,101,100,130
1,s013,101,103,83
1,s013,101,102,5
1,s013,101,97,112
1,s013,101,96,5
1,s013,101,99,12
1,s013,101,98,1
1,s013,101,109,111
1,s013,101,108,12
1,s013,101,111,7
1,s013,101,105,6
1,s013,101,107,1
1,s013,101,117,109
1,s013,101,116,9
1,s013,101,119,3
1,s013,101,113,3
1,s013,101,115,2
1,s013,101,125,8
1,s013,101,124,1
1,s013,101,69,156
1,s013,101,68,16
1,s013,101,71,14
1,s013,101,65,9
1,s013,101,67,1
1,s013,101,77,11
1,s013,101,76,1
1,s013,101,79,1
1,s013,101,72,1
1,s013,101,74,1
1,s013,101,85,7
1,s013,101,84,1
1,s013,101,86,2
1,s013,101,81,1
1,s013,101,93,1
1,s013,101,37,145
1,s013,101,36,19
1,s013,101,39,3
1,s013,101,38,2
1,s013,101,33,10
1,s013,101,32,2
1,s013,101,45,14
1,s013,101,44,1
1,s013,101,47,1
1,s013,101,46,2
1,s013,101,41,2
1,s013,101,53,9
1,s013,101,52,2
1,s013,101,48,1
1,s013,101,61,1
1,s013,101,5,11
1,s013,101,4,9
1,s013,101,7,3
1,s013,101,1,2
1,s013,101,13,2
1,s013,101,21,1
1,s014,6,6,1674
1,s014,6,7,103
1,s014,6,4,77
1,s014,6,5,1
1,s014,6,2,87
1,s014,6,3,13
1,s014,6,0,9
1,s014,6,1,1
1,s014,6,14,122
1,s014,6,15,9
1,s014,6,12,3
1,s014,6,10,5
1,s014,6,22,78
1,s014,6,23,10
1,s014,6,20,2
1,s014,6,18,4
1,s014,6,16,1
1,s014,6,30,5
1,s014,6,38,117
1,s014,6,39,9
1,s014,6,36,16
1,s014,6,37,1
1,s014,6,34,8
1,s014,6,35,1
1,s014,6,32,1
1,s014,6,46,12
1,s014,6,47,4
1,s014,6,44,2
1,s014,6,54,10
1,s014,6,62,1
1,s014,6,70,100
1,s014,6,71,21
1,s014,6,68,8
1,s014,6,69,1
1,s014,6,66,9
1,s014,6,67,3
1,s014,6,64,2
1,s014,6,78,13
1,s014,6,79,1
1,s014,6,74,1
1,s014,6,86,2
1,s014,6,87,2
1,s014,6,84,1
1,s014,6,82,2
1,s014,6,102,9
1,s014,6,103,2
1,s014,6,100,1
1,s014,6,101,1
1,s014,6,98,2
1,s015,91,91,1746
1,s015,91,90,145
1,s015,91,89,96
1,s015,91,88,7
1,s015,91,95,102
1,s015,91,94,7
1,s015,91,93,8
1,s015,91,83,133
1,s015,91,82,8
1,s015,91,81,9
1,s015,91,87,7
1,s015,91,75,84
1,s015,91,74,10
1,s015,91,73,8
1,s015,91,72,1
1,s015,91,79,3
1,s015,91,67,8
1,s015,91,123,119
1,s015,91,122,11
1,s015,91,121,8
1,s015,91,127,5
1,s015,91,125,1
1,s015,91,115,16
1,s015,91,114,2
1,s015,91,113,1
1,s015,91,107,10
1,s015,91,106,3
1,s015,91,111,1
1,s015,91,27,129
1,s015,91,26,19
1,s015,91,25,7
1,s015,91,24,2
1,s015,91,31,7
1,s015,91,30,2
1,s015,91,29,1
1,s015,91,28,1
1,s015,91,19,7
1,s015,91,18,1
1,s015,91,22,1
1,s015,91,11,6
1,s015,91,10,2
1,s015,91,15,1
1,s015,91,3,1
1,s015,91,59,14
1,s015,91,58,2
1,s015,91,56,1
1,s015,91,63,1
1,s015,91,51,2
1,s015,91,43,1
1,s016,39,39,1809
1,s016,39,38,118
1,s016,39,37,82
1,s016,39,36,5
1,s016,39,35,88
1,s016,39,34,10
1,s016,39,33,7
1,s016,39,47,108
1,s016,39,46,11
1,s016,39,45,8
1,s016,39,43,8
1,s016,39,55,116
1,s016,39,54,8
1,s016,39,53,9
1,s016,39,51,4
1,s016,39,63,8
1,s016,39,61,1
1,s016,39,7,149
1,s016,39,6,14
1,s016,39,5,11
1,s016,39,3,12
1,s016,39,1,1
1,s016,39,15,13
1,s016,39,14,1
1,s016,39,13,2
1,s016,39,23,9
1,s016,39,17,1
1,s016,39,103,122
1,s016,39,102,21
1,s016,39,101,3
1,s016,39,100,3
1,s016,39,99,13
1,s016,39,98,4
1,s016,39,111,7
1,s016,39,107,1
1,s016,39,104,1
1,s016,39,119,9
1,s016,39,115,2
1,s016,39,71,11
1,s016,39,70,4
1,s016,39,69,4
1,s016,39,79,1
1,s017,71,71,1682
1,s017,71,70,95
1,s017,71,69,87
1,s017,71,68,14
1,s017,71,67,89
1,s017,71,66,6
1,s017,71,65,6
1,s017,71,79,122
1,s017,71,78,7
1,s017,71,77,7
1,s017,71,75,8
1,s017,71,87,72
1,s017,71,86,9
1,s017,71,85,5
1,s017,71,83,4
1,s017,71,82,1
1,s017,71,95,8
1,s017,71,103,126
1,s017,71,102,8
1,s017,71,101,18
1,s017,71,99,7
1,s017,71,97,2
1,s017,71,111,10
1,s017,71,107,2
1,s017,71,119,10
1,s017,71,7,118
1,s017,71,6,22
1,s017,71,5,6
1,s017,71,4,2
1,s017,71,3,19
1,s017,71,2,1
1,s017,71,1,2
1,s017,71,15,7
1,s017,71,14,1
1,s017,71,13,1
1,s017,71,11,2
1,s017,71,23,10
1,s017,71,22,1
1,s017,71,39,10
1,s017,71,38,3
1,s017,71,37,1
1,s017,71,36,1
1,s017,71,35,1
1,s017,71,32,1
1,s018,123,123,1693
1,s018,123,122,109
1,s018,123,121,80
1,s018,123,120,7
1,s018,123,127,96
1,s018,123,126,4
1,s018,123,125,6
1,s018,123,124,1
1,s018,123,115,122
1,s018,123,114,13
1,s018,123,113,3
1,s018,123,112,1
1,s018,123,119,4
1,s018,123,118,1
1,s018,123,107,89
1,s018,123,106,4
1,s018,123,105,2
1,s018,123,104,2
1,s018,123,111,6
1,s018,123,110,1
1,s018,123,109,1
1,s018,123,99,4
1,s018,123,91,140
1,s018,123,90,12
1,s018,123,89,13
1,s018,123,88,1
1,s018,123,95,9
1,s018,123,83,10
1,s018,123,81,3
1,s018,123,75,7
1,s018,123,74,3
1,s018,123,59,148
1,s018,123,58,29
1,s018,123,57,6
1,s018,123,56,2
1,s018,123,63,16
1,s018,123,62,2
1,s018,123,61,4
1,s018,123,60,1
1,s018,123,51,11
1,s018,123,50,5
1,s018,123,55,1
1,s018,123,54,1
1,s018,123,43,6
1,s018,123,42,4
1,s018,123,35,2
1,s018,123,27,10
1,s018,123,25,1
1,s018,123,31,2
1,s018,123,29,2
1,s018,123,19,1
1,s018,123,15,1
1,s019,38,38,1802
1,s019,38,39,111
1,s019,38,36,89
1,s019,38,37,11
1,s019,38,34,93
1,s019,38,35,5
1,s019,38,32,8
1,s019,38,33,1
1,s019,38,46,133
1,s019,38,47,14
1,s019,38,44,14
1,s019,38,42,9
1,s019,38,43,1
1,s019,38,54,80
1,s019,38,55,6
1,s019,38,52,4
1,s019,38,50,6
1,s019,38,62,7
1,s019,38,63,1
1,s019,38,58,1
1,s019,38,6,133
1,s019,38,7,5
1,s019,38,4,17
1,s019,38,2,6
1,s019,38,3,1
1,s019,38,14,11
1,s019,38,15,1
1,s019,38,22,7
1,s019,38,20,1
1,s019,38,102,124
1,s019,38,103,26
1,s019,38,100,16
1,s019,38,98,10
1,s019,38,99,2
1,s019,38,96,1
1,s019,38,110,9
1,s019,38,108,2
1,s019,38,106,1
1,s019,38,118,8
1,s019,38,119,2
1,s019,38,114,2
1,s019,38,70,9
1,s019,38,71,3
1,s019,38,66,1
1,s019,38,86,1
1,s020,81,81,1784
1,s020,81,80,126
1,s020,81,83,89
1,s020,81,82,7
1,s020,81,85,98
1,s020,81,84,7
1,s020,81,87,4
1,s020,81,89,112
1,s020,81,88,10
1,s020,81,91,6
1,s020,81,90,2
1,s020,81,93,9
1,s020,81,65,108
1,s020,81,64,7
1,s020,81,67,2
1,s020,81,69,1
1,s020,81,71,1
1,s020,81,73,5
1,s020,81,113,160
1,s020,81,112,14
1,s020,81,115,10
1,s020,81,117,8
1,s020,81,119,1
1,s020,81,121,7
1,s020,81,120,3
1,s020,81,123,2
1,s020,81,97,4
1,s020,81,98,1
1,s020,81,101,1
1,s020,81,105,1
1,s020,81,17,120
1,s020,81,16,26
1,s020,81,19,5
1,s020,81,18,2
1,s020,81,21,18
1,s020,81,20,1
1,s020,81,25,7
1,s020,81,26,1
1,s020,81,1,5
1,s020,81,0,2
1,s020,81,4,1
1,s020,81,49,9
1,s020,81,48,1
1,s020,81,51,3
1,s020,81,50,2
1,s020,81,56,1
1,s020,81,61,2
1,s020,81,33,1
1,s021,66,66,1724
1,s021,66,67,122
1,s021,66,64,75
1,s021,66,65,4
1,s021,66,70,89
1,s021,66,71,7
1,s021,66,68,6
1,s021,66,69,1
1,s021,66,74,110
1,s021,66,75,10
1,s021,66,72,5
1,s021,66,78,6
1,s021,66,76,1
1,s021,66,82,88
1,s021,66,83,4
1,s021,66,80,5
1,s021,66,86,5
1,s021,66,87,1
1,s021,66,90,6
1,s021,66,88,2
1,s021,66,98,148
1,s021,66,99,7
1,s021,66,96,13
1,s021,66,102,5
1,s021,66,101,1
1,s021,66,106,3
1,s021,66,114,8
1,s021,66,118,1
1,s021,66,119,1
1,s021,66,122,3
1,s021,66,2,119
1,s021,66,3,30
1,s021,66,0,8
1,s021,66,1,2
1,s021,66,6,10
1,s021,66,7,4
1,s021,66,4,3
1,s021,66,10,6
1,s021,66,11,2
1,s021,66,9,1
1,s021,66,14,1
1,s021,66,15,2
1,s021,66,18,5
1,s021,66,19,1
1,s021,66,17,1
1,s021,66,26,2
1,s021,66,34,6
1,s021,66,35,1
1,s021,66,32,1
1,s021,66,39,2
1,s021,66,50,1
1,s021,66,51,1
1,s022,6,6,1852
1,s022,6,7,134
1,s022,6,4,86
1,s022,6,5,8
1,s022,6,2,96
1,s022,6,3,8
1,s022,6,0,3
1,s022,6,14,107
1,s022,6,15,7
1,s022,6,12,3
1,s022,6,10,5
1,s022,6,11,1
1,s022,6,9,1
1,s022,6,22,92
1,s022,6,23,13
1,s022,6,20,9
1,s022,6,18,8
1,s022,6,19,1
1,s022,6,30,4
1,s022,6,26,2
1,s022,6,38,133
1,s022,6,39,9
1,s022,6,36,11
1,s022,6,37,1
1,s022,6,34,9
1,s022,6,46,10
1,s022,6,47,1
1,s022,6,44,1
1,s022,6,54,8
1,s022,6,50,1
1,s022,6,70,124
1,s022,6,71,23
1,s022,6,68,3
1,s022,6,69,2
1,s022,6,66,14
1,s022,6,64,1
1,s022,6,65,1
1,s022,6,78,9
1,s022,6,79,3
1,s022,6,86,6
1,s022,6,87,3
1,s022,6,102,15
1,s022,6,100,1
1,s022,6,98,2
1,s022,6,110,2
1,s022,6,118,1
1,s023,47,47,1762
1,s023,47,46,108
1,s023,47,45,87
1,s023,47,44,9
1,s023,47,43,97
1,s023,47,42,8
1,s023,47,41,3
1,s023,47,39,113
1,s023,47,38,11
1,s023,47,37,7
1,s023,47,35,7
1,s023,47,33,1
1,s023,47,63,106
1,s023,47,62,8
1,s023,47,61,2
1,s023,47,59,2
1,s023,47,55,5
1,s023,47,51,1
1,s023,47,15,127
1,s023,47,14,12
1,s023,47,13,16
1,s023,47,12,1
1,s023,47,11,9
1,s023,47,10,2
1,s023,47,9,1
1,s023,47,7,5
1,s023,47,5,1
1,s023,47,4,1
1,s023,47,31,11
1,s023,47,27,1
1,s023,47,111,132
1,s023,47,110,22
1,s023,47,109,5
1,s023,47,108,3
1,s023,47,107,13
1,s023,47,106,4
1,s023,47,105,1
1,s023,47,103,6
1,s023,47,102,1
1,s023,47,101,1
1,s023,47,127,9
1,s023,47,123,1
1,s023,47,118,1
1,s023,47,79,9
1,s023,47,78,1
1,s023,47,77,2
1,s023,47,75,1
1,s023,47,95,1
1,s024,61,61,1824
1,s024,61,60,128
1,s024,61,63,84
1,s024,61,62,4
1,s024,61,57,94
1,s024,61,56,11
1,s024,61,59,2
1,s024,61,53,108
1,s024,61,52,13
1,s024,61,55,9
1,s024,61,49,6
1,s024,61,45,96
1,s024,61,44,4
1,s024,61,47,6
1,s024,61,46,1
1,s024,61,41,7
1,s024,61,37,8
1,s024,61,29,139
1,s024,61,28,11
1,s024,61,31,9
1,s024,61,30,2
1,s024,61,25,6
1,s024,61,27,1
1,s024,61,21,10
1,s024,61,20,1
1,s024,61,13,5
1,s024,61,5,1
1,s024,61,125,148
1,s024,61,124,26
1,s024,61,127,5
1,s024,61,121,14
1,s024,61,120,3
1,s024,61,123,1
1,s024,61,117,10
1,s024,61,116,1
1,s024,61,113,2
1,s024,61,115,1
1,s024,61,109,6
1,s024,61,93,8
1,s024,61,92,2
1,s024,61,95,4
1,s024,61,94,1
1,s024,61,89,1
1,s024,61,88,1
1,s024,61,85,1
1,s024,61,77,1
1,s025,81,81,1739
1,s025,81,80,138
1,s025,81,83,106
1,s025,81,82,8
1,s025,81,85,108
1,s025,81,84,3
1,s025,81,87,6
1,s025,81,86,1
1,s025,81,89,124
1,s025,81,88,11
1,s025,81,91,6
1,s025,81,93,4
1,s025,81,65,94
1,s025,81,64,2
1,s025,81,67,4
1,s025,81,69,5
1,s025,81,71,1
1,s025,81,73,3
1,s025,81,75,1
1,s025,81,113,127
1,s025,81,112,6
1,s025,81,115,9
1,s025,81,114,1
1,s025,81,117,5
1,s025,81,121,11
1,s025,81,125,1
1,s025,81,97,3
1,s025,81,99,2
1,s025,81,17,109
1,s025,81,16,29
1,s025,81,19,5
1,s025,81,18,1
1,s025,81,21,11
1,s025,81,20,2
1,s025,81,22,1
1,s025,81,25,12
1,s025,81,24,2
1,s025,81,27,1
1,s025,81,1,5
1,s025,81,3,1
1,s025,81,2,1
1,s025,81,5,1
1,s025,81,49,9
1,s025,81,63,1
1,s025,81,33,1
1,s026,79,79,1631
1,s026,79,78,117
1,s026,79,77,79
1,s026,79,76,4
1,s026,79,75,96
1,s026,79,74,6
1,s026,79,73,5
1,s026,79,72,1
1,s026,79,71,103
1,s026,79,70,6
1,s026,79,69,6
1,s026,79,67,2
1,s026,79,65,1
1,s026,79,95,89
1,s026,79,94,6
1,s026,79,93,6
1,s026,79,92,2
1,s026,79,91,9
1,s026,79,87,5
1,s026,79,111,139
1,s026,79,110,8
1,s026,79,109,10
1,s026,79,108,2
1,s026,79,107,10
1,s026,79,106,1
1,s026,79,105,2
1,s026,79,103,5
1,s026,79,127,5
1,s026,79,126,2
1,s026,79,125,1
1,s026,79,123,1
1,s026,79,119,1
1,s026,79,15,118
1,s026,79,14,27
1,s026,79,13,10
1,s026,79,11,8
1,s026,79,10,1
1,s026,79,9,1
1,s026,79,7,9
1,s026,79,6,1
1,s026,79,4,1
1,s026,79,2,1
1,s026,79,31,4
1,s026,79,27,1
1,s026,79,47,9
1,s026,79,42,1
1,s026,79,39,1
1,s026,79,34,1
1,s026,79,63,1
1,s027,10,10,1683
1,s027,10,11,130
1,s027,10,8,72
1,s027,10,9,6
1,s027,10,14,98
1,s027,10,15,6
1,s027,10,12,2
1,s027,10,13,1
1,s027,10,2,90
1,s027,10,3,2
1,s027,10,0,7
1,s027,10,6,8
1,s027,10,26,90
1,s027,10,27,12
1,s027,10,24,5
1,s027,10,30,1
1,s027,10,18,10
1,s027,10,19,1
1,s027,10,16,1
1,s027,10,22,1
1,s027,10,42,138
1,s027,10,43,13
1,s027,10,40,7
1,s027,10,46,5
1,s027,10,34,10
1,s027,10,38,1
1,s027,10,58,3
1,s027,10,74,124
1,s027,10,75,23
1,s027,10,72,8
1,s027,10,73,2
1,s027,10,78,11
1,s027,10,79,3
1,s027,10,76,1
1,s027,10,66,9
1,s027,10,67,3
1,s027,10,64,1
1,s027,10,70,1
1,s027,10,90,4
1,s027,10,91,2
1,s027,10,94,1
1,s027,10,106,5
1,s027,10,107,1
1,s027,10,105,1
1,s027,10,110,1
1,s028,54,54,1733
1,s028,54,55,125
1,s028,54,52,86
1,s028,54,53,4
1,s028,54,50,85
1,s028,54,51,7
1,s028,54,48,8
1,s028,54,49,1
1,s028,54,62,122
1,s028,54,63,7
1,s028,54,60,10
1,s028,54,61,1
1,s028,54,58,5
1,s028,54,59,1
1,s028,54,56,1
1,s028,54,38,98
1,s028,54,39,7
1,s028,54,36,5
1,s028,54,34,3
1,s028,54,46,4
1,s028,54,22,140
1,s028,54,23,5
1,s028,54,20,13
1,s028,54,21,1
1,s028,54,18,5
1,s028,54,19,3
1,s028,54,16,1
1,s028,54,30,9
1,s028,54,31,1
1,s028,54,26,2
1,s028,54,6,7
1,s028,54,118,137
1,s028,54,119,21
1,s028,54,116,9
1,s028,54,117,1
1,s028,54,114,11
1,s028,54,115,3
1,s028,54,126,8
1,s028,54,127,2
1,s028,54,124,1
1,s028,54,122,2
1,s028,54,102,5
1,s028,54,98,1
1,s028,54,110,1
1,s028,54,108,1
1,s028,54,86,7
1,s028,54,87,3
1,s028,54,84,3
1,s028,54,82,1
1,s028,54,94,2
1,s028,54,90,1
1,s028,54,70,1
1,s029,47,47,1635
1,s029,47,46,103
1,s029,47,45,82
1,s029,47,44,7
1,s029,47,43,89
1,s029,47,42,8
1,s029,47,41,6
1,s029,47,39,117
1,s029,47,38,9
1,s029,47,37,3
1,s029,47,36,1
1,s029,47,35,5
1,s029,47,63,101
1,s029,47,62,6
1,s029,47,61,3
1,s029,47,59,5
1,s029,47,55,9
1,s029,47,53,1
1,s029,47,51,1
1,s029,47,15,120
1,s029,47,14,8
1,s029,47,13,15
1,s029,47,11,13
1,s029,47,9,2
1,s029,47,7,9
1,s029,47,31,6
1,s029,47,21,1
1,s029,47,111,143
1,s029,47,110,22
1,s029,47,109,5
1,s029,47,108,2
1,s029,47,107,12
1,s029,47,106,3
1,s029,47,103,14
1,s029,47,102,2
1,s029,47,101,1
1,s029,47,127,6
1,s029,47,125,1
1,s029,47,124,1
1,s029,47,123,1
1,s029,47,79,4
1,s029,47,78,8
1,s029,47,76,1
1,s029,47,75,2
1,s029,47,73,1
1,s029,47,71,2
1,s029,47,68,1
1,s030,53,53,1775
1,s030,53,52,118
1,s030,53,55,80
1,s030,53,54,2
1,s030,53,49,95
1,s030,53,48,5
1,s030,53,51,4
1,s030,53,61,118
1,s030,53,60,6
1,s030,53,63,3
1,s030,53,57,7
1,s030,53,37,99
1,s030,53,36,6
1,s030,53,39,5
1,s030,53,33,4
1,s030,53,32,1
1,s030,53,45,7
1,s030,53,44,1
1,s030,53,40,1
1,s030,53,21,149
1,s030,53,20,5
1,s030,53,23,22
1,s030,53,22,1
1,s030,53,17,5
1,s030,53,16,1
1,s030,53,29,6
1,s030,53,28,1
1,s030,53,31,2
1,s030,53,30,1
1,s030,53,25,2
1,s030,53,5,4
1,s030,53,7,2
1,s030,53,6,1
1,s030,53,13,1
1,s030,53,117,121
1,s030,53,116,16
1,s030,53,119,11
1,s030,53,118,1
1,s030,53,113,11
1,s030,53,112,4
1,s030,53,125,7
1,s030,53,101,5
1,s030,53,100,3
1,s030,53,103,1
1,s030,53,85,10
1,s030,53,84,2
1,s030,53,86,1
1,s030,53,81,2
1,s030,53,69,2
1,s030,53,71,1
1,s031,85,85,1787
1,s031,85,84,103
1,s031,85,87,81
1,s031,85,86,6
1,s031,85,81,94
1,s031,85,80,11
1,s031,85,83,4
1,s031,85,82,1
1,s031,85,93,116
1,s031,85,92,10
1,s031,85,95,8
1,s031,85,89,4
1,s031,85,88,2
1,s031,85,69,89
1,s031,85,68,3
1,s031,85,71,2
1,s031,85,65,5
1,s031,85,77,7
1,s031,85,117,140
1,s031,85,116,9
1,s031,85,119,13
1,s031,85,118,3
1,s031,85,113,11
1,s031,85,125,8
1,s031,85,124,1
1,s031,85,127,2
1,s031,85,121,1
1,s031,85,101,6
1,s031,85,21,117
1,s031,85,20,22
1,s031,85,23,7
1,s031,85,22,1
1,s031,85,17,11
1,s031,85,16,1
1,s031,85,18,1
1,s031,85,29,11
1,s031,85,5,7
1,s031,85,1,1
1,s031,85,12,1
1,s031,85,53,6
1,s031,85,55,2
1,s031,85,49,2
1,s031,85,61,1
1,s032,74,74,1799
1,s032,74,75,127
1,s032,74,72,88
1,s032,74,73,9
1,s032,74,78,84
1,s032,74,79,7
1,s032,74,76,6
1,s032,74,77,2
1,s032,74,66,115
1,s032,74,67,12
1,s032,74,64,4
1,s032,74,70,3
1,s032,74,90,85
1,s032,74,91,10
1,s032,74,88,3
1,s032,74,89,1
1,s032,74,94,9
1,s032,74,92,1
1,s032,74,82,5
1,s032,74,106,140
1,s032,74,107,9
1,s032,74,104,16
1,s032,74,110,5
1,s032,74,98,12
1,s032,74,99,1
1,s032,74,122,4
1,s032,74,123,2
1,s032,74,126,1
1,s032,74,114,2
1,s032,74,10,107
1,s032,74,11,18
1,s032,74,8,6
1,s032,74,9,1
1,s032,74,14,5
1,s032,74,15,3
1,s032,74,2,8
1,s032,74,3,1
1,s032,74,6,3
1,s032,74,26,6
1,s032,74,18,2
1,s032,74,42,10
1,s032,74,43,2
1,s032,74,41,1
1,s032,74,46,1
1,s032,74,34,1
1,s032,74,35,1
1,s033,79,79,1671
1,s033,79,78,104
1,s033,79,77,80
1,s033,79,76,3
1,s033,79,75,95
1,s033,79,74,2
1,s033,79,73,5
1,s033,79,72,2
1,s033,79,71,119
1,s033,79,70,8
1,s033,79,69,5
1,s033,79,68,1
1,s033,79,67,3
1,s033,79,95,75
1,s033,79,94,11
1,s033,79,93,4
1,s033,79,91,5
1,s033,79,87,10
1,s033,79,111,123
1,s033,79,110,11
1,s033,79,109,19
1,s033,79,107,8
1,s033,79,105,1
1,s033,79,103,12
1,s033,79,99,1
1,s033,79,127,3
1,s033,79,126,1
1,s033,79,123,1
1,s033,79,15,127
1,s033,79,14,24
1,s033,79,13,5
1,s033,79,12,2
1,s033,79,11,10
1,s033,79,10,2
1,s033,79,9,1
1,s033,79,8,1
1,s033,79,7,7
1,s033,79,6,1
1,s033,79,5,1
1,s033,79,31,1
1,s033,79,30,1
1,s033,79,27,1
1,s033,79,47,8
1,s033,79,46,3
1,s033,79,43,2
1,s033,79,39,2
1,s034,93,93,1671
1,s034,93,92,116
1,s034,93,95,91
1,s034,93,94,5
1,s034,93,89,93
1,s034,93,88,9
1,s034,93,91,4
1,s034,93,85,128
1,s034,93,84,8
1,s034,93,87,5
1,s034,93,81,4
1,s034,93,77,101
1,s034,93,76,15
1,s034,93,79,2
1,s034,93,73,6
1,s034,93,75,1
1,s034,93,69,9
1,s034,93,125,141
1,s034,93,124,4
1,s034,93,127,20
1,s034,93,126,1
1,s034,93,121,6
1,s034,93,123,3
1,s034,93,117,4
1,s034,93,116,2
1,s034,93,113,1
1,s034,93,109,9
1,s034,93,108,1
1,s034,93,29,121
1,s034,93,28,21
1,s034,93,31,6
1,s034,93,30,1
1,s034,93,25,6
1,s034,93,24,1
1,s034,93,27,2
1,s034,93,21,5
1,s034,93,20,4
1,s034,93,23,1
1,s034,93,17,3
1,s034,93,16,1
1,s034,93,13,8
1,s034,93,5,1
1,s034,93,61,10
1,s034,93,60,1
1,s034,93,63,1
1,s034,93,57,1
1,s034,93,53,2
1,s035,35,35,1599
1,s035,35,34,112
1,s035,35,33,76
1,s035,35,32,9
1,s035,35,39,82
1,s035,35,38,9
1,s035,35,37,9
1,s035,35,43,124
1,s035,35,42,5
1,s035,35,41,8
1,s035,35,47,3
1,s035,35,44,1
1,s035,35,51,106
1,s035,35,50,9
1,s035,35,49,1
1,s035,35,55,4
1,s035,35,53,1
1,s035,35,59,10
1,s035,35,57,1
1,s035,35,3,133
1,s035,35,2,10
1,s035,35,1,12
1,s035,35,0,1
1,s035,35,7,8
1,s035,35,6,1
1,s035,35,5,1
1,s035,35,11,13
1,s035,35,10,1
1,s035,35,19,8
1,s035,35,17,2
1,s035,35,27,1
1,s035,35,99,122
1,s035,35,98,23
1,s035,35,97,6
1,s035,35,96,2
1,s035,35,103,12
1,s035,35,102,3
1,s035,35,107,8
1,s035,35,106,1
1,s035,35,115,3
1,s035,35,114,1
1,s035,35,123,2
1,s035,35,67,7
1,s035,35,65,1
1,s035,35,83,1
1,s035,35,81,1
2,s000,93,93,1315
2,s000,93,92,137
2,s000,93,95,100
2,s000,93,94,17
2,s000,93,89,128
2,s000,93,88,10
2,s000,93,91,12
2,s000,93,90,4
2,s000,93,85,138
2,s000,93,84,14
2,s000,93,87,11
2,s000,93,86,2
2,s000,93,81,14
2,s000,93,80,1
2,s000,93,77,112
2,s000,93,76,11
2,s000,93,79,16
2,s000,93,78,2
2,s000,93,73,8
2,s000,93,72,1
2,s000,93,69,15
2,s000,93,68,2
2,s000,93,65,2
2,s000,93,125,175
2,s000,93,124,18
2,s000,93,127,21
2,s000,93,126,1
2,s000,93,121,16
2,s000,93,123,1
2,s000,93,117,23
2,s000,93,116,3
2,s000,93,119,2
2,s000,93,113,2
2,s000,93,115,1
2,s000,93,109,14
2,s000,93,108,4
2,s000,93,111,4
2,s000,93,100,1
2,s000,93,29,145
2,s000,93,28,34
2,s000,93,31,17
2,s000,93,30,4
2,s000,93,25,24
2,s000,93,24,3
2,s000,93,27,2
2,s000,93,26,1
2,s000,93,21,10
2,s000,93,20,6
2,s000,93,23,2
2,s000,93,17,7
2,s000,93,16,2
2,s000,93,13,27
2,s000,93,12,4
2,s000,93,15,2
2,s000,93,9,3
2,s000,93,5,1
2,s000,93,4,1
2,s000,93,61,27
2,s000,93,60,5
2,s000,93,63,2
2,s000,93,62,2
2,s000,93,57,4
2,s000,93,56,2
2,s000,93,53,2
2,s000,93,52,1
2,s000,93,45,3
2,s000,93,41,1
2,s001,112,112,1326
2,s001,112,113,168
2,s001,112,114,119
2,s001,112,115,12
2,s001,112,116,127
2,s001,112,117,21
2,s001,112,118,15
2,s001,112,119,2
2,s001,112,120,143
2,s001,112,121,17
2,s001,112,122,16
2,s001,112,123,1
2,s001,112,124,12
2,s001,112,125,3
2,s001,112,126,3
2,s001,112,96,127
2,s001,112,97,10
2,s001,112,98,10
2,s001,112,99,2
2,s001,112,100,10
2,s001,112,101,3
2,s001,112,104,11
2,s001,112,105,1
2,s001,112,106,2
2,s001,112,80,161
2,s001,112,81,14
2,s001,112,82,21
2,s001,112,83,1
2,s001,112,84,15
2,s001,112,85,1
2,s001,112,86,5
2,s001,112,88,17
2,s001,112,90,2
2,s001,112,92,4
2,s001,112,64,23
2,s001,112,65,2
2,s001,112,66,7
2,s001,112,68,2
2,s001,112,70,1
2,s001,112,72,1
2,s001,112,76,1
2,s001,112,48,164
2,s001,112,49,35
2,s001,112,50,25
2,s001,112,51,6
2,s001,112,52,14
2,s001,112,53,11
2,s001,112,55,1
2,s001,112,56,11
2,s001,112,57,1
2,s001,112,59,1
2,s001,112,60,1
2,s001,112,32,12
2,s001,112,33,2
2,s001,112,35,1
2,s001,112,36,3
2,s001,112,38,1
2,s001,112,40,2
2,s001,112,45,1
2,s001,112,16,19
2,s001,112,17,2
2,s001,112,18,1
2,s001,112,20,4
2,s001,112,21,1
2,s001,112,24,3
2,s001,112,30,1
2,s001,112,4,1
2,s002,41,41,1326
2,s002,41,40,139
2,s002,41,43,107
2,s002,41,42,11
2,s002,41,45,112
2,s002,41,44,15
2,s002,41,47,8
2,s002,41,46,1
2,s002,41,33,139
2,s002,41,32,16
2,s002,41,35,15
2,s002,41,37,11
2,s002,41,39,1
2,s002,41,57,130
2,s002,41,56,11
2,s002,41,59,10
2,s002,41,58,1
2,s002,41,61,10
2,s002,41,60,2
2,s002,41,63,1
2,s002,41,49,12
2,s002,41,48,3
2,s002,41,51,2
2,s002,41,53,1
2,s002,41,52,1
2,s002,41,9,176
2,s002,41,8,21
2,s002,41,11,21
2,s002,41,10,3
2,s002,41,13,13
2,s002,41,12,6
2,s002,41,15,10
2,s002,41,1,21
2,s002,41,0,1
2,s002,41,3,3
2,s002,41,2,1
2,s002,41,5,3
2,s002,41,25,13
2,s002,41,27,3
2,s002,41,29,3
2,s002,41,31,1
2,s002,41,17,2
2,s002,41,19,1
2,s002,41,21,1
2,s002,41,23,1
2,s002,41,105,173
2,s002,41,104,33
2,s002,41,107,16
2,s002,41,106,1
2,s002,41,109,30
2,s002,41,108,5
2,s002,41,111,5
2,s002,41,97,21
2,s002,41,96,5
2,s002,41,98,1
2,s002,41,101,2
2,s002,41,103,2
2,s002,41,121,20
2,s002,41,120,3
2,s002,41,123,1
2,s002,41,125,2
2,s002,41,113,1
2,s002,41,112,1
2,s002,41,73,27
2,s002,41,72,7
2,s002,41,75,4
2,s002,41,74,2
2,s002,41,77,2
2,s002,41,76,1
2,s002,41,78,1
2,s002,41,65,1
2,s002,41,64,1
2,s002,41,89,2
2,s002,41,93,1
2,s003,23,23,1407
2,s003,23,22,133
2,s003,23,21,106
2,s003,23,20,12
2,s003,23,19,126
2,s003,23,18,17
2,s003,23,17,21
2,s003,23,16,2
2,s003,23,31,151
2,s003,23,30,14
2,s003,23,29,13
2,s003,23,28,1
2,s003,23,27,9
2,s003,23,26,3
2,s003,23,25,2
2,s003,23,7,142
2,s003,23,6,14
2,s003,23,5,14
2,s003,23,4,2
2,s003,23,3,14
2,s003,23,1,1
2,s003,23,15,14
2,s003,23,13,3
2,s003,23,11,1
2,s003,23,10,1
2,s003,23,55,155
2,s003,23,54,22
2,s003,23,53,23
2,s003,23,51,13
2,s003,23,49,3
2,s003,23,63,6
2,s003,23,62,3
2,s003,23,61,3
2,s003,23,59,2
2,s003,23,39,14
2,s003,23,38,1
2,s003,23,37,1
2,s003,23,35,1
2,s003,23,33,1
2,s003,23,47,1
2,s003,23,87,162
2,s003,23,86,43
2,s003,23,85,19
2,s003,23,84,3
2,s003,23,83,19
2,s003,23,82,2
2,s003,23,81,4
2,s003,23,80,1
2,s003,23,95,18
2,s003,23,94,4
2,s003,23,91,2
2,s003,23,90,1
2,s003,23,71,14
2,s003,23,70,4
2,s003,23,68,1
2,s003,23,67,1
2,s003,23,66,3
2,s003,23,65,1
2,s003,23,78,1
2,s003,23,119,25
2,s003,23,118,6
2,s003,23,117,2
2,s003,23,116,1
2,s003,23,115,4
2,s003,23,114,1
2,s003,23,127,3
2,s003,23,126,3
2,s003,23,124,1
2,s003,23,103,1
2,s003,23,102,1
2,s003,23,99,1
2,s004,89,89,1319
2,s004,89,88,141
2,s004,89,91,125
2,s004,89,90,20
2,s004,89,93,106
2,s004,89,92,10
2,s004,89,95,14
2,s004,89,94,2
2,s004,89,81,155
2,s004,89,80,13
2,s004,89,83,17
2,s004,89,82,3
2,s004,89,85,10
2,s004,89,84,5
2,s004,89,87,2
2,s004,89,73,137
2,s004,89,72,16
2,s004,89,75,12
2,s004,89,77,12
2,s004,89,76,1
2,s004,89,79,2
2,s004,89,65,11
2,s004,89,64,1
2,s004,89,67,1
2,s004,89,69,1
2,s004,89,121,152
2,s004,89,120,26
2,s004,89,123,25
2,s004,89,122,5
2,s004,89,125,16
2,s004,89,124,1
2,s004,89,127,3
2,s004,89,113,22
2,s004,89,112,2
2,s004,89,115,2
2,s004,89,117,2
2,s004,89,116,3
2,s004,89,105,15
2,s004,89,104,1
2,s004,89,107,1
2,s004,89,109,1
2,s004,89,99,2
2,s004,89,25,158
2,s004,89,24,37
2,s004,89,27,11
2,s004,89,26,5
2,s004,89,29,30
2,s004,89,28,3
2,s004,89,31,3
2,s004,89,30,1
2,s004,89,17,8
2,s004,89,16,4
2,s004,89,19,1
2,s004,89,18,3
2,s004,89,21,1
2,s004,89,9,7
2,s004,89,8,3
2,s004,89,11,1
2,s004,89,13,1
2,s004,89,1,1
2,s004,89,57,15
2,s004,89,56,6
2,s004,89,59,3
2,s004,89,58,1
2,s004,89,61,1
2,s004,89,49,2
2,s004,89,51,1
2,s004,89,41,5
2,s004,89,43,1
2,s004,89,44,1
2,s005,39,39,1268
2,s005,39,38,124
2,s005,39,37,106
2,s005,39,36,9
2,s005,39,35,111
2,s005,39,34,15
2,s005,39,33,22
2,s005,39,32,4
2,s005,39,47,122
2,s005,39,46,22
2,s005,39,45,11
2,s005,39,44,3
2,s005,39,43,13
2,s005,39,42,1
2,s005,39,55,126
2,s005,39,54,17
2,s005,39,53,8
2,s005,39,52,1
2,s005,39,51,12
2,s005,39,50,1
2,s005,39,63,14
2,s005,39,62,1
2,s005,39,61,1
2,s005,39,59,1
2,s005,39,7,143
2,s005,39,6,15
2,s005,39,5,20
2,s005,39,4,4
2,s005,39,3,17
2,s005,39,2,1
2,s005,39,15,15
2,s005,39,13,2
2,s005,39,12,1
2,s005,39,11,2
2,s005,39,23,12
2,s005,39,22,3
2,s005,39,21,1
2,s005,39,19,1
2,s005,39,31,1
2,s005,39,29,1
2,s005,39,103,135
2,s005,39,102,49
2,s005,39,101,16
2,s005,39,100,1
2,s005,39,99,19
2,s005,39,98,6
2,s005,39,97,2
2,s005,39,111,19
2,s005,39,110,2
2,s005,39,109,1
2,s005,39,106,1
2,s005,39,119,21
2,s005,39,118,2
2,s005,39,117,4
2,s005,39,115,1
2,s005,39,114,1
2,s005,39,127,1
2,s005,39,126,1
2,s005,39,71,13
2,s005,39,70,6
2,s005,39,69,6
2,s005,39,68,1
2,s005,39,67,3
2,s005,39,66,1
2,s005,39,65,1
2,s005,39,79,1
2,s005,39,87,1
2,s005,39,86,1
2,s006,31,31,1343
2,s006,31,30,136
2,s006,31,29,129
2,s006,31,28,17
2,s006,31,27,122
2,s006,31,26,13
2,s006,31,25,21
2,s006,31,24,3
2,s006,31,23,157
2,s006,31,22,19
2,s006,31,21,12
2,s006,31,20,2
2,s006,31,19,16
2,s006,31,17,1
2,s006,31,15,134
2,s006,31,14,15
2,s006,31,13,8
2,s006,31,12,1
2,s006,31,11,16
2,s006,31,10,2
2,s006,31,9,1
2,s006,31,7,10
2,s006,31,6,2
2,s006,31,5,1
2,s006,31,4,1
2,s006,31,3,2
2,s006,31,63,169
2,s006,31,62,19
2,s006,31,61,27
2,s006,31,59,15
2,s006,31,58,4
2,s006,31,57,2
2,s006,31,55,19
2,s006,31,54,1
2,s006,31,53,5
2,s006,31,51,1
2,s006,31,47,17
2,s006,31,46,2
2,s006,31,45,1
2,s006,31,44,2
2,s006,31,43,2
2,s006,31,40,1
2,s006,31,39,2
2,s006,31,37,1
2,s006,31,95,150
2,s006,31,94,44
2,s006,31,93,20
2,s006,31,92,5
2,s006,31,91,26
2,s006,31,90,8
2,s006,31,89,2
2,s006,31,88,1
2,s006,31,87,20
2,s006,31,86,6
2,s006,31,85,2
2,s006,31,84,1
2,s006,31,83,2
2,s006,31,79,20
2,s006,31,78,7
2,s006,31,75,4
2,s006,31,73,2
2,s006,31,72,1
2,s006,31,70,1
2,s006,31,127,13
2,s006,31,126,8
2,s006,31,125,3
2,s006,31,124,1
2,s006,31,123,4
2,s006,31,122,1
2,s006,31,120,1
2,s006,31,119,2
2,s006,31,118,2
2,s006,31,117,2
2,s006,31,111,1
2,s006,31,107,1
2,s007,85,85,1327
2,s007,85,84,154
2,s007,85,87,115
2,s007,85,86,13
2,s007,85,81,130
2,s007,85,80,12
2,s007,85,83,10
2,s007,85,82,1
2,s007,85,93,152
2,s007,85,92,25
2,s007,85,95,10
2,s007,85,94,1
2,s007,85,89,17
2,s007,85,88,4
2,s007,85,91,2
2,s007,85,69,125
2,s007,85,68,12
2,s007,85,71,10
2,s007,85,70,2
2,s007,85,65,10
2,s007,85,64,3
2,s007,85,67,1
2,s007,85,77,11
2,s007,85,76,2
2,s007,85,79,2
2,s007,85,117,176
2,s007,85,116,18
2,s007,85,119,24
2,s007,85,118,3
2,s007,85,113,24
2,s007,85,115,2
2,s007,85,125,15
2,s007,85,124,2
2,s007,85,127,3
2,s007,85,121,2
2,s007,85,101,14
2,s007,85,100,2
2,s007,85,103,2
2,s007,85,102,1
2,s007,85,109,1
2,s007,85,21,166
2,s007,85,20,51
2,s007,85,23,14
2,s007,85,22,2
2,s007,85,17,17
2,s007,85,16,7
2,s007,85,19,3
2,s007,85,29,21
2,s007,85,28,6
2,s007,85,31,1
2,s007,85,25,3
2,s007,85,24,1
2,s007,85,5,12
2,s007,85,4,7
2,s007,85,7,1
2,s007,85,0,2
2,s007,85,13,4
2,s007,85,53,23
2,s007,85,52,6
2,s007,85,55,2
2,s007,85,54,3
2,s007,85,49,5
2,s007,85,51,1
2,s007,85,50,1
2,s007,85,61,1
2,s007,85,37,4
2,s007,85,36,1
2,s007,85,39,1
2,s007,85,45,1
2,s008,4,4,1339
2,s008,4,5,138
2,s008,4,6,115
2,s008,4,7,11
2,s008,4,0,138
2,s008,4,1,15
2,s008,4,2,14
2,s008,4,3,1
2,s008,4,12,146
2,s008,4,13,16
2,s008,4,14,8
2,s008,4,15,2
2,s008,4,8,20
2,s008,4,9,1
2,s008,4,20,107
2,s008,4,21,8
2,s008,4,22,13
2,s008,4,16,13
2,s008,4,17,2
2,s008,4,18,2
2,s008,4,28,17
2,s008,4,30,1
2,s008,4,31,1
2,s008,4,24,1
2,s008,4,25,1
2,s008,4,36,164
2,s008,4,37,12
2,s008,4,38,34
2,s008,4,39,1
2,s008,4,32,20
2,s008,4,33,2
2,s008,4,34,4
2,s008,4,35,1
2,s008,4,44,21
2,s008,4,45,1
2,s008,4,46,7
2,s008,4,40,2
2,s008,4,52,11
2,s008,4,53,3
2,s008,4,54,2
2,s008,4,60,2
2,s008,4,68,132
2,s008,4,69,39
2,s008,4,70,10
2,s008,4,71,2
2,s008,4,64,23
2,s008,4,65,8
2,s008,4,67,1
2,s008,4,76,16
2,s008,4,77,6
2,s008,4,78,2
2,s008,4,79,2
2,s008,4,84,17
2,s008,4,85,3
2,s008,4,86,1
2,s008,4,80,3
2,s008,4,92,2
2,s008,4,88,1
2,s008,4,100,23
2,s008,4,101,4
2,s008,4,96,3
2,s008,4,98,1
2,s008,4,108,5
2,s008,4,109,2
2,s008,4,116,2
2,s008,4,117,1
2,s008,4,119,1
2,s009,118,118,1218
2,s009,118,119,126
2,s009,118,116,120
2,s009,118,117,13
2,s009,118,114,110
2,s009,118,115,19
2,s009,118,112,12
2,s009,118,113,2
2,s009,118,126,140
2,s009,118,127,15
2,s009,118,124,13
2,s009,118,125,2
2,s009,118,122,16
2,s009,118,123,1
2,s009,118,102,143
2,s009,118,103,17
2,s009,118,100,9
2,s009,118,101,3
2,s009,118,98,10
2,s009,118,99,2
2,s009,118,110,19
2,s009,118,111,2
2,s009,118,108,2
2,s009,118,106,1
2,s009,118,86,159
2,s009,118,87,14
2,s009,118,84,25
2,s009,118,85,7
2,s009,118,82,12
2,s009,118,83,4
2,s009,118,80,3
2,s009,118,94,12
2,s009,118,95,2
2,s009,118,92,1
2,s009,118,90,5
2,s009,118,88,1
2,s009,118,70,10
2,s009,118,71,2
2,s009,118,68,4
2,s009,118,66,2
2,s009,118,78,3
2,s009,118,79,1
2,s009,118,54,131
2,s009,118,55,35
2,s009,118,52,13
2,s009,118,53,1
2,s009,118,50,18
2,s009,118,51,3
2,s009,118,49,1
2,s009,118,62,16
2,s009,118,63,7
2,s009,118,60,2
2,s009,118,61,1
2,s009,118,58,3
2,s009,118,38,11
2,s009,118,39,3
2,s009,118,37,2
2,s009,118,34,2
2,s009,118,35,2
2,s009,118,43,1
2,s009,118,22,12
2,s009,118,23,4
2,s009,118,18,2
2,s009,118,19,2
2,s009,118,30,2
2,s009,118,31,1
2,s009,118,26,1
2,s009,118,6,1
2,s009,118,15,1
2,s009,118,12,1
2,s010,86,86,1360
2,s010,86,87,167
2,s010,86,84,130
2,s010,86,85,16
2,s010,86,82,113
2,s010,86,83,15
2,s010,86,80,10
2,s010,86,81,1
2,s010,86,94,117
2,s010,86,95,17
2,s010,86,92,18
2,s010,86,93,1
2,s010,86,90,11
2,s010,86,91,1
2,s010,86,88,2
2,s010,86,70,145
2,s010,86,71,11
2,s010,86,68,8
2,s010,86,66,15
2,s010,86,78,17
2,s010,86,74,3
2,s010,86,118,166
2,s010,86,119,12
2,s010,86,116,23
2,s010,86,117,5
2,s010,86,114,17
2,s010,86,115,1
2,s010,86,112,3
2,s010,86,126,14
2,s010,86,127,4
2,s010,86,124,3
2,s010,86,125,1
2,s010,86,122,2
2,s010,86,102,14
2,s010,86,103,1
2,s010,86,100,3
2,s010,86,98,1
2,s010,86,110,3
2,s010,86,108,2
2,s010,86,104,1
2,s010,86,22,134
2,s010,86,23,35
2,s010,86,20,17
2,s010,86,21,6
2,s010,86,18,25
2,s010,86,19,6
2,s010,86,16,2
2,s010,86,30,16
2,s010,86,31,3
2,s010,86,28,2
2,s010,86,29,2
2,s010,86,26,4
2,s010,86,27,1
2,s010,86,25,1
2,s010,86,6,19
2,s010,86,7,3
2,s010,86,4,2
2,s010,86,5,1
2,s010,86,2,2
2,s010,86,3,1
2,s010,86,14,1
2,s010,86,15,2
2,s010,86,54,11
2,s010,86,55,10
2,s010,86,52,2
2,s010,86,50,2
2,s010,86,48,2
2,s010,86,58,2
2,s011,25,25,1347
2,s011,25,24,168
2,s011,25,27,136
2,s011,25,26,10
2,s011,25,29,137
2,s011,25,28,10
2,s011,25,31,14
2,s011,25,30,3
2,s011,25,17,161
2,s011,25,16,17
2,s011,25,19,18
2,s011,25,18,2
2,s011,25,21,17
2,s011,25,20,2
2,s011,25,22,1
2,s011,25,9,122
2,s011,25,8,14
2,s011,25,11,17
2,s011,25,10,2
2,s011,25,13,8
2,s011,25,1,19
2,s011,25,0,4
2,s011,25,2,1
2,s011,25,57,162
2,s011,25,56,16
2,s011,25,59,26
2,s011,25,58,2
2,s011,25,61,18
2,s011,25,60,2
2,s011,25,63,2
2,s011,25,62,1
2,s011,25,49,13
2,s011,25,48,2
2,s011,25,51,3
2,s011,25,50,1
2,s011,25,53,1
2,s011,25,41,10
2,s011,25,40,1
2,s011,25,43,6
2,s011,25,45,3
2,s011,25,47,1
2,s011,25,33,1
2,s011,25,89,164
2,s011,25,88,39
2,s011,25,91,19
2,s011,25,90,7
2,s011,25,93,25
2,s011,25,92,9
2,s011,25,95,2
2,s011,25,94,1
2,s011,25,81,14
2,s011,25,80,4
2,s011,25,83,3
2,s011,25,85,1
2,s011,25,73,12
2,s011,25,72,3
2,s011,25,75,1
2,s011,25,77,2
2,s011,25,76,1
2,s011,25,79,1
2,s011,25,121,16
2,s011,25,120,5
2,s011,25,125,5
2,s011,25,113,1
2,s011,25,115,1
2,s011,25,105,2
2,s011,25,101,1
2,s012,61,61,1383
2,s012,61,60,152
2,s012,61,63,104
2,s012,61,62,8
2,s012,61,57,126
2,s012,61,56,17
2,s012,61,59,11
2,s012,61,58,1
2,s012,61,53,158
2,s012,61,52,15
2,s012,61,55,8
2,s012,61,54,1
2,s012,61,49,13
2,s012,61,48,2
2,s012,61,45,126
2,s012,61,44,13
2,s012,61,47,19
2,s012,61,46,1
2,s012,61,41,15
2,s012,61,40,1
2,s012,61,37,20
2,s012,61,36,2
2,s012,61,33,2
2,s012,61,29,173
2,s012,61,28,21
2,s012,61,31,34
2,s012,61,30,3
2,s012,61,25,20
2,s012,61,24,2
2,s012,61,27,5
2,s012,61,21,25
2,s012,61,20,2
2,s012,61,23,8
2,s012,61,17,2
2,s012,61,13,11
2,s012,61,12,1
2,s012,61,15,2
2,s012,61,9,3
2,s012,61,5,2
2,s012,61,1,1
2,s012,61,125,151
2,s012,61,124,43
2,s012,61,127,15
2,s012,61,126,4
2,s012,61,121,25
2,s012,61,120,5
2,s012,61,123,1
2,s012,61,117,19
2,s012,61,116,2
2,s012,61,119,1
2,s012,61,113,5
2,s012,61,109,12
2,s012,61,111,1
2,s012,61,110,1
2,s012,61,105,2
2,s012,61,101,2
2,s012,61,93,24
2,s012,61,92,5
2,s012,61,95,5
2,s012,61,89,1
2,s012,61,88,2
2,s012,61,91,1
2,s012,61,85,2
2,s012,61,84,1
2,s012,61,77,1
2,s012,61,76,2
2,s012,61,79,2
2,s013,90,90,1280
2,s013,90,91,141
2,s013,90,88,109
2,s013,90,89,11
2,s013,90,94,123
2,s013,90,95,23
2,s013,90,92,4
2,s013,90,93,1
2,s013,90,82,148
2,s013,90,83,17
2,s013,90,80,14
2,s013,90,86,9
2,s013,90,87,1
2,s013,90,84,2
2,s013,90,85,1
2,s013,90,74,111
2,s013,90,75,19
2,s013,90,72,14
2,s013,90,73,2
2,s013,90,78,13
2,s013,90,79,1
2,s013,90,66,16
2,s013,90,67,2
2,s013,90,64,1
2,s013,90,70,2
2,s013,90,122,172
2,s013,90,123,19
2,s013,90,120,33
2,s013,90,121,6
2,s013,90,126,15
2,s013,90,127,1
2,s013,90,124,1
2,s013,90,114,14
2,s013,90,115,2
2,s013,90,112,1
2,s013,90,118,2
2,s013,90,119,1
2,s013,90,106,20
2,s013,90,107,1
2,s013,90,104,3
2,s013,90,110,1
2,s013,90,98,1
2,s013,90,102,1
2,s013,90,26,163
2,s013,90,27,44
2,s013,90,24,18
2,s013,90,25,3
2,s013,90,30,22
2,s013,90,31,6
2,s013,90,29,1
2,s013,90,18,23
2,s013,90,19,4
2,s013,90,23,1
2,s013,90,10,15
2,s013,90,11,5
2,s013,90,8,1
2,s013,90,9,1
2,s013,90,14,1
2,s013,90,58,22
2,s013,90,59,9
2,s013,90,56,5
2,s013,90,57,1
2,s013,90,62,3
2,s013,90,63,1
2,s013,90,60,2
2,s013,90,50,1
2,s013,90,48,2
2,s013,90,42,2
2,s013,90,46,1
2,s014,98,98,1299
2,s014,98,99,141
2,s014,98,96,115
2,s014,98,97,17
2,s014,98,102,112
2,s014,98,103,16
2,s014,98,100,10
2,s014,98,101,1
2,s014,98,106,122
2,s014,98,107,14
2,s014,98,104,11
2,s014,98,110,14
2,s014,98,111,1
2,s014,98,114,124
2,s014,98,115,19
2,s014,98,112,15
2,s014,98,113,2
2,s014,98,118,6
2,s014,98,119,1
2,s014,98,122,9
2,s014,98,123,1
2,s014,98,120,2
2,s014,98,121,1
2,s014,98,66,142
2,s014,98,67,23
2,s014,98,64,21
2,s014,98,65,4
2,s014,98,70,12
2,s014,98,71,1
2,s014,98,68,3
2,s014,98,74,19
2,s014,98,75,1
2,s014,98,72,4
2,s014,98,78,1
2,s014,98,76,1
2,s014,98,82,11
2,s014,98,84,1
2,s014,98,91,1
2,s014,98,94,1
2,s014,98,34,175
2,s014,98,35,50
2,s014,98,32,12
2,s014,98,33,2
2,s014,98,38,20
2,s014,98,39,4
2,s014,98,36,2
2,s014,98,37,1
2,s014,98,42,17
2,s014,98,43,4
2,s014,98,40,3
2,s014,98,50,12
2,s014,98,51,4
2,s014,98,48,1
2,s014,98,54,3
2,s014,98,55,1
2,s014,98,58,3
2,s014,98,2,19
2,s014,98,3,2
2,s014,98,0,4
2,s014,98,6,1
2,s014,98,7,1
2,s014,98,5,1
2,s014,98,10,4
2,s014,98,8,1
2,s014,98,9,1
2,s014,98,18,2
2,s014,98,19,1
2,s014,98,24,1
2,s015,4,4,1306
2,s015,4,5,140
2,s015,4,6,100
2,s015,4,7,17
2,s015,4,0,146
2,s015,4,1,14
2,s015,4,2,17
2,s015,4,3,1
2,s015,4,12,167
2,s015,4,13,15
2,s015,4,14,9
2,s015,4,8,8
2,s015,4,20,137
2,s015,4,21,10
2,s015,4,22,11
2,s015,4,23,1
2,s015,4,16,15
2,s015,4,17,1
2,s015,4,18,3
2,s015,4,28,14
2,s015,4,29,1
2,s015,4,24,5
2,s015,4,36,168
2,s015,4,37,20
2,s015,4,38,30
2,s015,4,39,2
2,s015,4,32,12
2,s015,4,33,3
2,s015,4,34,4
2,s015,4,44,17
2,s015,4,45,2
2,s015,4,46,4
2,s015,4,40,4
2,s015,4,42,1
2,s015,4,52,15
2,s015,4,53,1
2,s015,4,54,2
2,s015,4,48,1
2,s015,4,60,2
2,s015,4,68,160
2,s015,4,69,37
2,s015,4,70,13
2,s015,4,71,3
2,s015,4,64,23
2,s015,4,65,8
2,s015,4,66,1
2,s015,4,67,1
2,s015,4,76,16
2,s015,4,77,4
2,s015,4,78,3
2,s015,4,72,4
2,s015,4,73,2
2,s015,4,84,20
2,s015,4,85,4
2,s015,4,86,2
2,s015,4,80,2
2,s015,4,82,1
2,s015,4,92,1
2,s015,4,93,1
2,s015,4,88,1
2,s015,4,100,30
2,s015,4,101,6
2,s015,4,102,3
2,s015,4,103,1
2,s015,4,96,2
2,s015,4,97,2
2,s015,4,116,2
2,s015,4,118,1
2,s016,97,97,1235
2,s016,97,96,143
2,s016,97,99,90
2,s016,97,98,10
2,s016,97,101,110
2,s016,97,100,21
2,s016,97,103,11
2,s016,97,102,3
2,s016,97,105,139
2,s016,97,104,13
2,s016,97,107,13
2,s016,97,109,16
2,s016,97,108,2
2,s016,97,111,2
2,s016,97,113,113
2,s016,97,112,18
2,s016,97,115,17
2,s016,97,114,1
2,s016,97,117,7
2,s016,97,116,3
2,s016,97,121,11
2,s016,97,123,1
2,s016,97,125,2
2,s016,97,65,151
2,s016,97,64,10
2,s016,97,67,24
2,s016,97,66,1
2,s016,97,69,13
2,s016,97,68,1
2,s016,97,71,3
2,s016,97,73,19
2,s016,97,75,4
2,s016,97,79,1
2,s016,97,81,11
2,s016,97,80,2
2,s016,97,83,3
2,s016,97,82,1
2,s016,97,85,4
2,s016,97,89,2
2,s016,97,88,1
2,s016,97,33,160
2,s016,97,32,34
2,s016,97,35,23
2,s016,97,34,5
2,s016,97,37,25
2,s016,97,36,2
2,s016,97,39,2
2,s016,97,41,17
2,s016,97,40,5
2,s016,97,43,2
2,s016,97,45,2
2,s016,97,46,1
2,s016,97,49,7
2,s016,97,48,1
2,s016,97,51,2
2,s016,97,53,2
2,s016,97,52,1
2,s016,97,1,9
2,s016,97,0,8
2,s016,97,3,2
2,s016,97,5,2
2,s016,97,4,4
2,s016,97,9,5
2,s016,97,17,3
2,s016,97,24,1
2,s017,57,57,1273
2,s017,57,56,147
2,s017,57,59,109
2,s017,57,58,12
2,s017,57,61,131
2,s017,57,60,13
2,s017,57,63,15
2,s017,57,49,129
2,s017,57,48,20
2,s017,57,51,9
2,s017,57,50,4
2,s017,57,53,16
2,s017,57,41,131
2,s017,57,40,20
2,s017,57,43,15
2,s017,57,42,3
2,s017,57,45,12
2,s017,57,44,3
2,s017,57,47,2
2,s017,57,33,6
2,s017,57,32,1
2,s017,57,35,1
2,s017,57,37,1
2,s017,57,25,152
2,s017,57,24,16
2,s017,57,27,24
2,s017,57,26,1
2,s017,57,29,14
2,s017,57,28,1
2,s017,57,31,2
2,s017,57,30,1
2,s017,57,17,19
2,s017,57,16,3
2,s017,57,19,2
2,s017,57,21,1
2,s017,57,23,1
2,s017,57,9,21
2,s017,57,8,2
2,s017,57,11,3
2,s017,57,13,1
2,s017,57,121,129
2,s017,57,120,40
2,s017,57,123,13
2,s017,57,122,6
2,s017,57,125,16
2,s017,57,124,10
2,s017,57,127,1
2,s017,57,126,1
2,s017,57,113,17
2,s017,57,112,1
2,s017,57,115,1
2,s017,57,114,1
2,s017,57,117,3
2,s017,57,105,15
2,s017,57,104,2
2,s017,57,109,1
2,s017,57,108,1
2,s017,57,97,5
2,s017,57,96,2
2,s017,57,101,1
2,s017,57,89,20
2,s017,57,88,3
2,s017,57,91,2
2,s017,57,93,2
2,s017,57,95,1
2,s017,57,94,1
2,s017,57,81,5
2,s017,57,82,2
2,s017,57,87,1
2,s017,57,73,1
2,s017,57,72,1
2,s017,57,76,2
2,s018,61,61,1355
2,s018,61,60,162
2,s018,61,63,131
2,s018,61,62,15
2,s018,61,57,133
2,s018,61,56,14
2,s018,61,59,7
2,s018,61,58,3
2,s018,61,53,149
2,s018,61,52,20
2,s018,61,55,10
2,s018,61,49,12
2,s018,61,48,2
2,s018,61,51,1
2,s018,61,45,134
2,s018,61,44,17
2,s018,61,47,10
2,s018,61,41,15
2,s018,61,40,3
2,s018,61,43,1
2,s018,61,37,11
2,s018,61,36,4
2,s018,61,29,174
2,s018,61,28,18
2,s018,61,31,20
2,s018,61,30,2
2,s018,61,25,15
2,s018,61,24,1
2,s018,61,27,4
2,s018,61,21,21
2,s018,61,20,4
2,s018,61,23,2
2,s018,61,22,1
2,s018,61,17,5
2,s018,61,13,21
2,s018,61,12,2
2,s018,61,15,1
2,s018,61,8,1
2,s018,61,5,1
2,s018,61,125,145
2,s018,61,124,30
2,s018,61,127,11
2,s018,61,126,4
2,s018,61,121,12
2,s018,61,120,5
2,s018,61,123,4
2,s018,61,122,1
2,s018,61,117,15
2,s018,61,116,2
2,s018,61,119,1
2,s018,61,118,1
2,s018,61,109,18
2,s018,61,108,4
2,s018,61,111,2
2,s018,61,105,2
2,s018,61,104,1
2,s018,61,100,1
2,s018,61,93,20
2,s018,61,92,2
2,s018,61,95,5
2,s018,61,94,2
2,s018,61,89,3
2,s018,61,88,1
2,s018,61,85,1
2,s018,61,77,4
2,s018,61,76,1
2,s019,118,118,1286
2,s019,118,119,137
2,s019,118,116,106
2,s019,118,117,10
2,s019,118,114,128
2,s019,118,115,19
2,s019,118,112,8
2,s019,118,113,1
2,s019,118,126,147
2,s019,118,127,15
2,s019,118,124,17
2,s019,118,125,2
2,s019,118,122,9
2,s019,118,123,1
2,s019,118,120,1
2,s019,118,102,129
2,s019,118,103,8
2,s019,118,100,14
2,s019,118,101,4
2,s019,118,98,8
2,s019,118,99,2
2,s019,118,96,2
2,s019,118,110,14
2,s019,118,108,1
2,s019,118,106,1
2,s019,118,86,154
2,s019,118,87,13
2,s019,118,84,20
2,s019,118,82,17
2,s019,118,83,3
2,s019,118,80,2
2,s019,118,81,1
2,s019,118,94,17
2,s019,118,92,2
2,s019,118,90,2
2,s019,118,91,2
2,s019,118,70,16
2,s019,118,68,2
2,s019,118,66,1
2,s019,118,78,3
2,s019,118,54,149
2,s019,118,55,28
2,s019,118,52,15
2,s019,118,53,3
2,s019,118,50,28
2,s019,118,51,8
2,s019,118,48,2
2,s019,118,49,1
2,s019,118,62,17
2,s019,118,63,5
2,s019,118,60,3
2,s019,118,58,1
2,s019,118,38,17
2,s019,118,39,6
2,s019,118,34,2
2,s019,118,46,1
2,s019,118,45,1
2,s019,118,22,19
2,s019,118,23,7
2,s019,118,20,5
2,s019,118,21,2
2,s019,118,18,2
2,s019,118,19,1
2,s019,118,31,2
2,s019,118,28,2
2,s019,118,26,1
2,s019,118,7,1
2,s019,118,3,1
2,s020,100,100,1311
2,s020,100,101,120
2,s020,100,102,106
2,s020,100,103,11
2,s020,100,96,120
2,s020,100,97,11
2,s020,100,98,14
2,s020,100,99,1
2,s020,100,108,124
2,s020,100,109,23
2,s020,100,110,12
2,s020,100,104,11
2,s020,100,105,1
2,s020,100,106,2
2,s020,100,116,124
2,s020,100,117,11
2,s020,100,118,12
2,s020,100,119,3
2,s020,100,112,20
2,s020,100,114,1
2,s020,100,124,10
2,s020,100,125,1
2,s020,100,126,3
2,s020,100,120,1
2,s020,100,68,164
2,s020,100,69,21
2,s020,100,70,23
2,s020,100,71,2
2,s020,100,64,13
2,s020,100,66,5
2,s020,100,76,20
2,s020,100,77,2
2,s020,100,78,3
2,s020,100,72,1
2,s020,100,73,1
2,s020,100,84,21
2,s020,100,86,1
2,s020,100,87,1
2,s020,100,80,2
2,s020,100,82,1
2,s020,100,92,2
2,s020,100,36,139
2,s020,100,37,46
2,s020,100,38,10
2,s020,100,39,5
2,s020,100,32,17
2,s020,100,33,5
2,s020,100,34,1
2,s020,100,44,14
2,s020,100,45,6
2,s020,100,47,1
2,s020,100,41,1
2,s020,100,52,12
2,s020,100,49,1
2,s020,100,60,3
2,s020,100,4,19
2,s020,100,5,7
2,s020,100,6,3
2,s020,100,0,3
2,s020,100,1,4
2,s020,100,12,1
2,s021,116,116,1352
2,s021,116,117,135
2,s021,116,118,109
2,s021,116,119,18
2,s021,116,112,128
2,s021,116,113,14
2,s021,116,114,14
2,s021,116,115,3
2,s021,116,124,134
2,s021,116,125,12
2,s021,116,126,9
2,s021,116,127,1
2,s021,116,120,8
2,s021,116,100,129
2,s021,116,101,15
2,s021,116,102,12
2,s021,116,103,1
2,s021,116,96,14
2,s021,116,97,2
2,s021,116,98,1
2,s021,116,108,23
2,s021,116,109,2
2,s021,116,110,2
2,s021,116,104,1
2,s021,116,84,179
2,s021,116,85,19
2,s021,116,86,31
2,s021,116,87,1
2,s021,116,80,18
2,s021,116,81,2
2,s021,116,82,4
2,s021,116,92,19
2,s021,116,93,2
2,s021,116,94,2
2,s021,116,88,1
2,s021,116,68,10
2,s021,116,69,1
2,s021,116,70,5
2,s021,116,71,1
2,s021,116,65,1
2,s021,116,76,1
2,s021,116,77,1
2,s021,116,52,140
2,s021,116,53,40
2,s021,116,54,21
2,s021,116,55,3
2,s021,116,48,25
2,s021,116,49,8
2,s021,116,50,1
2,s021,116,51,1
2,s021,116,60,6
2,s021,116,61,4
2,s021,116,62,3
2,s021,116,56,3
2,s021,116,57,2
2,s021,116,36,15
2,s021,116,37,7
2,s021,116,38,2
2,s021,116,39,1
2,s021,116,32,1
2,s021,116,44,3
2,s021,116,45,2
2,s021,116,20,21
2,s021,116,21,2
2,s021,116,22,2
2,s021,116,23,1
2,s021,116,28,2
2,s021,116,4,1
2,s021,116,5,1
2,s021,116,7,1
2,s021,116,0,1
2,s022,51,51,1266
2,s022,51,50,129
2,s022,51,49,107
2,s022,51,48,21
2,s022,51,55,118
2,s022,51,54,15
2,s022,51,53,13
2,s022,51,52,3
2,s022,51,59,123
2,s022,51,58,20
2,s022,51,57,11
2,s022,51,56,1
2,s022,51,63,10
2,s022,51,62,1
2,s022,51,61,3
2,s022,51,35,119
2,s022,51,34,11
2,s022,51,33,8
2,s022,51,32,2
2,s022,51,39,10
2,s022,51,38,1
2,s022,51,43,13
2,s022,51,41,1
2,s022,51,19,173
2,s022,51,18,18
2,s022,51,17,19
2,s022,51,16,1
2,s022,51,23,16
2,s022,51,22,2
2,s022,51,21,2
2,s022,51,27,13
2,s022,51,26,2
2,s022,51,25,2
2,s022,51,24,1
2,s022,51,28,1
2,s022,51,3,11
2,s022,51,2,4
2,s022,51,1,3
2,s022,51,7,4
2,s022,51,5,1
2,s022,51,11,3
2,s022,51,115,134
2,s022,51,114,36
2,s022,51,113,15
2,s022,51,112,2
2,s022,51,119,22
2,s022,51,118,5
2,s022,51,117,3
2,s022,51,123,19
2,s022,51,122,2
2,s022,51,127,2
2,s022,51,99,19
2,s022,51,98,2
2,s022,51,103,3
2,s022,51,102,1
2,s022,51,107,2
2,s022,51,105,1
2,s022,51,83,22
2,s022,51,82,4
2,s022,51,81,2
2,s022,51,87,1
2,s022,51,91,4
2,s022,51,67,1
2,s022,51,66,2
2,s022,51,65,2
2,s023,8,8,1253
2,s023,8,9,149
2,s023,8,10,115
2,s023,8,11,15
2,s023,8,12,109
2,s023,8,13,14
2,s023,8,14,14
2,s023,8,15,1
2,s023,8,0,136
2,s023,8,1,18
2,s023,8,2,10
2,s023,8,3,2
2,s023,8,4,11
2,s023,8,5,1
2,s023,8,6,4
2,s023,8,7,1
2,s023,8,24,115
2,s023,8,25,13
2,s023,8,26,13
2,s023,8,27,2
2,s023,8,28,20
2,s023,8,29,2
2,s023,8,30,2
2,s023,8,16,8
2,s023,8,17,2
2,s023,8,18,1
2,s023,8,40,158
2,s023,8,41,15
2,s023,8,42,31
2,s023,8,43,6
2,s023,8,44,19
2,s023,8,45,3
2,s023,8,46,5
2,s023,8,47,2
2,s023,8,32,19
2,s023,8,34,1
2,s023,8,36,3
2,s023,8,56,14
2,s023,8,57,1
2,s023,8,58,4
2,s023,8,59,1
2,s023,8,60,3
2,s023,8,61,1
2,s023,8,72,131
2,s023,8,73,35
2,s023,8,74,10
2,s023,8,75,4
2,s023,8,76,22
2,s023,8,77,11
2,s023,8,78,1
2,s023,8,64,9
2,s023,8,65,6
2,s023,8,66,4
2,s023,8,88,14
2,s023,8,89,4
2,s023,8,90,1
2,s023,8,91,1
2,s023,8,92,3
2,s023,8,80,3
2,s023,8,104,20
2,s023,8,105,4
2,s023,8,106,8
2,s023,8,108,2
2,s023,8,120,3
2,s024,14,14,1281
2,s024,14,15,128
2,s024,14,12,134
2,s024,14,13,14
2,s024,14,10,139
2,s024,14,11,11
2,s024,14,8,12
2,s024,14,9,1
2,s024,14,6,131
2,s024,14,7,21
2,s024,14,4,16
2,s024,14,5,1
2,s024,14,2,17
2,s024,14,3,2
2,s024,14,1,1
2,s024,14,30,134
2,s024,14,31,14
2,s024,14,28,14
2,s024,14,26,14
2,s024,14,27,2
2,s024,14,24,1
2,s024,14,22,6
2,s024,14,23,2
2,s024,14,20,1
2,s024,14,18,1
2,s024,14,16,1
2,s024,14,46,179
2,s024,14,47,27
2,s024,14,44,28
2,s024,14,45,5
2,s024,14,42,16
2,s024,14,43,5
2,s024,14,40,1
2,s024,14,41,1
2,s024,14,38,15
2,s024,14,39,1
2,s024,14,36,2
2,s024,14,62,14
2,s024,14,63,1
2,s024,14,60,2
2,s024,14,54,2
2,s024,14,78,145
2,s024,14,79,46
2,s024,14,76,10
2,s024,14,77,4
2,s024,14,74,25
2,s024,14,75,3
2,s024,14,72,1
2,s024,14,73,1
2,s024,14,70,22
2,s024,14,71,6
2,s024,14,68,2
2,s024,14,66,2
2,s024,14,67,1
2,s024,14,94,16
2,s024,14,95,4
2,s024,14,92,1
2,s024,14,90,6
2,s024,14,88,1
2,s024,14,86,1
2,s024,14,87,1
2,s024,14,110,12
2,s024,14,111,7
2,s024,14,108,2
2,s024,14,109,1
2,s024,14,106,3
2,s024,14,107,1
2,s024,14,102,1
2,s024,14,103,1
2,s024,14,126,2
2,s024,14,127,1
2,s024,14,122,1
2,s024,14,119,1
2,s025,73,73,1298
2,s025,73,72,152
2,s025,73,75,114
2,s025,73,74,9
2,s025,73,77,121
2,s025,73,76,10
2,s025,73,79,11
2,s025,73,78,2
2,s025,73,65,147
2,s025,73,64,20
2,s025,73,67,10
2,s025,73,66,1
2,s025,73,69,10
2,s025,73,68,1
2,s025,73,71,3
2,s025,73,70,1
2,s025,73,89,133
2,s025,73,88,17
2,s025,73,91,15
2,s025,73,90,2
2,s025,73,93,12
2,s025,73,81,15
2,s025,73,80,1
2,s025,73,105,154
2,s025,73,104,16
2,s025,73,107,16
2,s025,73,106,7
2,s025,73,109,14
2,s025,73,108,3
2,s025,73,110,1
2,s025,73,97,20
2,s025,73,96,3
2,s025,73,99,4
2,s025,73,102,1
2,s025,73,121,18
2,s025,73,123,1
2,s025,73,125,1
2,s025,73,113,6
2,s025,73,9,142
2,s025,73,8,34
2,s025,73,11,14
2,s025,73,10,4
2,s025,73,13,22
2,s025,73,12,6
2,s025,73,15,2
2,s025,73,1,6
2,s025,73,0,3
2,s025,73,3,1
2,s025,73,5,3
2,s025,73,25,18
2,s025,73,24,5
2,s025,73,29,2
2,s025,73,17,2
2,s025,73,18,1
2,s025,73,41,20
2,s025,73,40,8
2,s025,73,43,3
2,s025,73,42,1
2,s025,73,45,1
2,s025,73,33,3
2,s025,73,34,1
2,s025,73,37,1
2,s025,73,57,1
2,s025,73,56,2
2,s025,73,61,1
2,s026,78,78,1326
2,s026,78,79,133
2,s026,78,76,125
2,s026,78,77,23
2,s026,78,74,117
2,s026,78,75,14
2,s026,78,72,12
2,s026,78,73,1
2,s026,78,70,130
2,s026,78,71,14
2,s026,78,68,15
2,s026,78,66,14
2,s026,78,67,4
2,s026,78,64,2
2,s026,78,94,129
2,s026,78,95,15
2,s026,78,92,9
2,s026,78,90,15
2,s026,78,91,1
2,s026,78,89,1
2,s026,78,86,18
2,s026,78,85,1
2,s026,78,83,1
2,s026,78,80,2
2,s026,78,110,156
2,s026,78,111,17
2,s026,78,108,19
2,s026,78,109,5
2,s026,78,106,17
2,s026,78,107,2
2,s026,78,104,2
2,s026,78,102,17
2,s026,78,103,2
2,s026,78,100,6
2,s026,78,98,1
2,s026,78,96,1
2,s026,78,126,12
2,s026,78,124,5
2,s026,78,122,2
2,s026,78,123,1
2,s026,78,118,2
2,s026,78,14,135
2,s026,78,15,46
2,s026,78,12,13
2,s026,78,13,4
2,s026,78,10,26
2,s026,78,11,3
2,s026,78,8,2
2,s026,78,9,2
2,s026,78,6,16
2,s026,78,7,4
2,s026,78,4,1
2,s026,78,5,1
2,s026,78,3,1
2,s026,78,30,11
2,s026,78,31,3
2,s026,78,28,1
2,s026,78,26,1
2,s026,78,22,3
2,s026,78,46,16
2,s026,78,47,6
2,s026,78,44,3
2,s026,78,45,1
2,s026,78,42,3
2,s026,78,38,3
2,s026,78,62,5
2,s026,78,63,2
2,s026,78,54,1
2,s027,52,52,1364
2,s027,52,53,156
2,s027,52,54,109
2,s027,52,55,19
2,s027,52,48,141
2,s027,52,49,15
2,s027,52,50,10
2,s027,52,51,4
2,s027,52,60,135
2,s027,52,61,19
2,s027,52,62,9
2,s027,52,63,1
2,s027,52,56,13
2,s027,52,58,2
2,s027,52,36,117
2,s027,52,37,15
2,s027,52,38,6
2,s027,52,39,3
2,s027,52,32,10
2,s027,52,44,12
2,s027,52,45,2
2,s027,52,46,1
2,s027,52,40,1
2,s027,52,20,162
2,s027,52,21,15
2,s027,52,22,39
2,s027,52,23,3
2,s027,52,16,14
2,s027,52,17,3
2,s027,52,18,1
2,s027,52,28,12
2,s027,52,29,1
2,s027,52,30,2
2,s027,52,24,4
2,s027,52,4,8
2,s027,52,5,1
2,s027,52,6,1
2,s027,52,7,1
2,s027,52,0,2
2,s027,52,12,1
2,s027,52,14,1
2,s027,52,116,164
2,s027,52,117,33
2,s027,52,118,14
2,s027,52,119,4
2,s027,52,112,18
2,s027,52,113,3
2,s027,52,114,1
2,s027,52,115,1
2,s027,52,124,13
2,s027,52,125,4
2,s027,52,126,1
2,s027,52,127,2
2,s027,52,120,1
2,s027,52,100,17
2,s027,52,101,4
2,s027,52,102,4
2,s027,52,103,2
2,s027,52,96,1
2,s027,52,108,1
2,s027,52,109,1
2,s027,52,84,22
2,s027,52,85,3
2,s027,52,86,1
2,s027,52,87,2
2,s027,52,80,3
2,s027,52,81,3
2,s027,52,92,3
2,s027,52,94,2
2,s027,52,95,1
2,s027,52,64,1
2,s028,11,11,1292
2,s028,11,10,122
2,s028,11,9,127
2,s028,11,8,9
2,s028,11,15,119
2,s028,11,14,11
2,s028,11,13,9
2,s028,11,12,1
2,s028,11,3,145
2,s028,11,2,17
2,s028,11,1,15
2,s028,11,0,1
2,s028,11,7,8
2,s028,11,6,4
2,s028,11,5,3
2,s028,11,27,137
2,s028,11,26,21
2,s028,11,25,14
2,s028,11,24,1
2,s028,11,31,11
2,s028,11,30,2
2,s028,11,29,1
2,s028,11,19,13
2,s028,11,18,2
2,s028,11,17,1
2,s028,11,20,1
2,s028,11,43,154
2,s028,11,42,17
2,s028,11,41,24
2,s028,11,47,16
2,s028,11,46,2
2,s028,11,45,3
2,s028,11,35,19
2,s028,11,34,2
2,s028,11,33,2
2,s028,11,32,1
2,s028,11,39,1
2,s028,11,38,1
2,s028,11,37,1
2,s028,11,59,12
2,s028,11,58,4
2,s028,11,57,2
2,s028,11,56,1
2,s028,11,63,2
2,s028,11,61,1
2,s028,11,51,2
2,s028,11,50,1
2,s028,11,55,1
2,s028,11,75,144
2,s028,11,74,33
2,s028,11,73,11
2,s028,11,72,4
2,s028,11,79,23
2,s028,11,78,9
2,s028,11,77,1
2,s028,11,76,2
2,s028,11,67,10
2,s028,11,66,7
2,s028,11,65,1
2,s028,11,71,1
2,s028,11,91,19
2,s028,11,90,1
2,s028,11,89,1
2,s028,11,95,2
2,s028,11,83,4
2,s028,11,80,1
2,s028,11,107,17
2,s028,11,106,2
2,s028,11,105,4
2,s028,11,104,3
2,s028,11,111,4
2,s028,11,110,1
2,s028,11,99,2
2,s028,11,123,1
2,s028,11,115,1
2,s029,110,110,1230
2,s029,110,111,142
2,s029,110,108,123
2,s029,110,109,12
2,s029,110,106,127
2,s029,110,107,12
2,s029,110,104,12
2,s029,110,105,5
2,s029,110,102,134
2,s029,110,103,14
2,s029,110,100,11
2,s029,110,101,1
2,s029,110,98,10
2,s029,110,99,1
2,s029,110,126,128
2,s029,110,127,8
2,s029,110,124,12
2,s029,110,125,1
2,s029,110,122,8
2,s029,110,123,1
2,s029,110,118,7
2,s029,110,119,1
2,s029,110,116,2
2,s029,110,78,143
2,s029,110,79,20
2,s029,110,76,24
2,s029,110,77,2
2,s029,110,74,9
2,s029,110,75,3
2,s029,110,72,1
2,s029,110,70,16
2,s029,110,71,5
2,s029,110,68,4
2,s029,110,94,21
2,s029,110,95,3
2,s029,110,92,1
2,s029,110,90,1
2,s029,110,88,1
2,s029,110,86,2
2,s029,110,46,149
2,s029,110,47,31
2,s029,110,44,18
2,s029,110,45,3
2,s029,110,42,12
2,s029,110,43,5
2,s029,110,40,1
2,s029,110,41,1
2,s029,110,38,14
2,s029,110,39,6
2,s029,110,34,1
2,s029,110,62,19
2,s029,110,63,3
2,s029,110,58,2
2,s029,110,59,1
2,s029,110,54,2
2,s029,110,14,15
2,s029,110,15,3
2,s029,110,12,3
2,s029,110,10,3
2,s029,110,11,3
2,s029,110,8,1
2,s029,110,6,1
2,s029,110,4,3
2,s029,110,30,4
2,s029,110,31,2
2,s029,110,26,1
2,s030,126,126,1349
2,s030,126,127,150
2,s030,126,124,117
2,s030,126,125,21
2,s030,126,122,139
2,s030,126,123,15
2,s030,126,120,12
2,s030,126,121,1
2,s030,126,118,136
2,s030,126,119,22
2,s030,126,116,14
2,s030,126,114,12
2,s030,126,115,2
2,s030,126,112,1
2,s030,126,110,148
2,s030,126,111,18
2,s030,126,108,13
2,s030,126,109,1
2,s030,126,106,12
2,s030,126,107,1
2,s030,126,102,13
2,s030,126,98,2
2,s030,126,94,182
2,s030,126,95,18
2,s030,126,92,26
2,s030,126,93,3
2,s030,126,90,15
2,s030,126,91,3
2,s030,126,88,3
2,s030,126,89,1
2,s030,126,86,7
2,s030,126,87,2
2,s030,126,84,3
2,s030,126,82,5
2,s030,126,80,1
2,s030,126,81,1
2,s030,126,78,23
2,s030,126,79,4
2,s030,126,76,3
2,s030,126,77,1
2,s030,126,74,1
2,s030,126,68,1
2,s030,126,66,1
2,s030,126,62,135
2,s030,126,63,42
2,s030,126,60,12
2,s030,126,61,6
2,s030,126,58,23
2,s030,126,59,2
2,s030,126,56,3
2,s030,126,57,1
2,s030,126,54,16
2,s030,126,55,3
2,s030,126,52,3
2,s030,126,50,1
2,s030,126,51,2
2,s030,126,46,14
2,s030,126,47,2
2,s030,126,44,3
2,s030,126,45,1
2,s030,126,42,2
2,s030,126,43,3
2,s030,126,30,14
2,s030,126,31,8
2,s030,126,28,1
2,s030,126,29,2
2,s030,126,26,2
2,s030,126,24,1
2,s030,126,25,1
2,s030,126,22,1
2,s030,126,9,1
2,s030,126,7,1
2,s031,35,35,1274
2,s031,35,34,134
2,s031,35,33,105
2,s031,35,32,13
2,s031,35,39,111
2,s031,35,38,9
2,s031,35,37,6
2,s031,35,36,1
2,s031,35,43,138
2,s031,35,42,7
2,s031,35,41,13
2,s031,35,40,3
2,s031,35,47,9
2,s031,35,46,3
2,s031,35,45,2
2,s031,35,44,1
2,s031,35,51,117
2,s031,35,50,13
2,s031,35,49,10
2,s031,35,48,2
2,s031,35,55,9
2,s031,35,54,1
2,s031,35,53,2
2,s031,35,59,13
2,s031,35,58,3
2,s031,35,57,2
2,s031,35,56,1
2,s031,35,63,1
2,s031,35,62,1
2,s031,35,3,156
2,s031,35,2,18
2,s031,35,1,19
2,s031,35,0,1
2,s031,35,7,18
2,s031,35,6,2
2,s031,35,5,1
2,s031,35,11,17
2,s031,35,10,1
2,s031,35,9,2
2,s031,35,15,1
2,s031,35,19,15
2,s031,35,17,2
2,s031,35,23,1
2,s031,35,21,1
2,s031,35,27,2
2,s031,35,99,169
2,s031,35,98,38
2,s031,35,97,11
2,s031,35,96,3
2,s031,35,103,28
2,s031,35,102,2
2,s031,35,101,1
2,s031,35,107,10
2,s031,35,106,4
2,s031,35,105,1
2,s031,35,111,3
2,s031,35,110,2
2,s031,35,115,11
2,s031,35,114,5
2,s031,35,118,1
2,s031,35,123,1
2,s031,35,67,12
2,s031,35,66,1
2,s031,35,65,3
2,s031,35,71,2
2,s031,35,70,2
2,s031,35,75,2
2,s031,35,73,1
2,s031,35,83,2
2,s032,113,113,1295
2,s032,113,112,143
2,s032,113,115,103
2,s032,113,114,11
2,s032,113,117,114
2,s032,113,116,12
2,s032,113,119,13
2,s032,113,118,3
2,s032,113,121,132
2,s032,113,120,14
2,s032,113,123,13
2,s032,113,122,1
2,s032,113,125,12
2,s032,113,124,1
2,s032,113,127,1
2,s032,113,126,2
2,s032,113,97,111
2,s032,113,96,19
2,s032,113,99,4
2,s032,113,101,12
2,s032,113,100,2
2,s032,113,103,1
2,s032,113,105,15
2,s032,113,107,1
2,s032,113,106,1
2,s032,113,109,1
2,s032,113,108,1
2,s032,113,111,1
2,s032,113,81,174
2,s032,113,80,16
2,s032,113,83,22
2,s032,113,82,5
2,s032,113,85,9
2,s032,113,84,2
2,s032,113,89,17
2,s032,113,88,1
2,s032,113,91,3
2,s032,113,93,3
2,s032,113,65,8
2,s032,113,64,1
2,s032,113,67,2
2,s032,113,66,2
2,s032,113,69,1
2,s032,113,68,1
2,s032,113,70,1
2,s032,113,73,2
2,s032,113,75,1
2,s032,113,74,1
2,s032,113,49,168
2,s032,113,48,35
2,s032,113,51,14
2,s032,113,50,2
2,s032,113,53,21
2,s032,113,52,6
2,s032,113,55,2
2,s032,113,57,19
2,s032,113,56,5
2,s032,113,59,4
2,s032,113,58,1
2,s032,113,61,3
2,s032,113,33,13
2,s032,113,32,6
2,s032,113,35,1
2,s032,113,37,3
2,s032,113,41,2
2,s032,113,17,15
2,s032,113,16,5
2,s032,113,19,2
2,s032,113,18,1
2,s032,113,21,2
2,s032,113,20,2
2,s032,113,25,2
2,s032,113,27,1
2,s032,113,1,2
2,s033,69,69,1290
2,s033,69,68,132
2,s033,69,71,121
2,s033,69,70,12
2,s033,69,65,116
2,s033,69,64,10
2,s033,69,67,6
2,s033,69,66,1
2,s033,69,77,143
2,s033,69,76,12
2,s033,69,79,14
2,s033,69,78,2
2,s033,69,73,9
2,s033,69,72,1
2,s033,69,75,3
2,s033,69,85,127
2,s033,69,84,28
2,s033,69,87,12
2,s033,69,86,1
2,s033,69,81,10
2,s033,69,80,3
2,s033,69,83,1
2,s033,69,93,14
2,s033,69,92,2
2,s033,69,89,1
2,s033,69,101,164
2,s033,69,100,20
2,s033,69,103,23
2,s033,69,102,5
2,s033,69,97,27
2,s033,69,96,1
2,s033,69,99,1
2,s033,69,109,15
2,s033,69,108,1
2,s033,69,111,2
2,s033,69,105,3
2,s033,69,117,12
2,s033,69,116,2
2,s033,69,119,2
2,s033,69,118,1
2,s033,69,113,2
2,s033,69,125,2
2,s033,69,5,159
2,s033,69,4,36
2,s033,69,7,19
2,s033,69,6,2
2,s033,69,1,33
2,s033,69,0,4
2,s033,69,2,2
2,s033,69,13,13
2,s033,69,12,6
2,s033,69,14,1
2,s033,69,21,13
2,s033,69,20,2
2,s033,69,17,2
2,s033,69,29,1
2,s033,69,28,1
2,s033,69,37,26
2,s033,69,36,12
2,s033,69,39,3
2,s033,69,33,3
2,s033,69,35,1
2,s033,69,34,1
2,s033,69,45,2
2,s033,69,44,1
2,s033,69,41,1
2,s033,69,40,1
2,s033,69,53,5
2,s033,69,61,2
2,s034,67,67,1296
2,s034,67,66,146
2,s034,67,65,124
2,s034,67,64,16
2,s034,67,71,118
2,s034,67,70,23
2,s034,67,69,8
2,s034,67,75,143
2,s034,67,74,13
2,s034,67,73,14
2,s034,67,72,1
2,s034,67,79,12
2,s034,67,83,103
2,s034,67,82,11
2,s034,67,81,8
2,s034,67,80,2
2,s034,67,87,16
2,s034,67,86,2
2,s034,67,91,10
2,s034,67,89,1
2,s034,67,95,1
2,s034,67,99,161
2,s034,67,98,16
2,s034,67,97,16
2,s034,67,96,6
2,s034,67,103,16
2,s034,67,102,2
2,s034,67,101,3
2,s034,67,107,22
2,s034,67,106,2
2,s034,67,105,3
2,s034,67,111,1
2,s034,67,115,10
2,s034,67,114,1
2,s034,67,113,1
2,s034,67,112,1
2,s034,67,119,2
2,s034,67,117,1
2,s034,67,123,4
2,s034,67,121,1
2,s034,67,3,143
2,s034,67,2,46
2,s034,67,1,20
2,s034,67,0,5
2,s034,67,7,24
2,s034,67,6,4
2,s034,67,5,3
2,s034,67,11,15
2,s034,67,10,4
2,s034,67,15,3
2,s034,67,13,1
2,s034,67,19,16
2,s034,67,18,4
2,s034,67,17,1
2,s034,67,23,4
2,s034,67,22,1
2,s034,67,27,3
2,s034,67,25,1
2,s034,67,35,22
2,s034,67,34,5
2,s034,67,33,3
2,s034,67,39,2
2,s034,67,43,1
2,s034,67,51,2
2,s034,67,55,1
2,s035,97,97,1371
2,s035,97,96,140
2,s035,97,99,100
2,s035,97,98,12
2,s035,97,101,133
2,s035,97,100,17
2,s035,97,103,12
2,s035,97,102,1
2,s035,97,105,155
2,s035,97,104,20
2,s035,97,107,13
2,s035,97,106,3
2,s035,97,109,13
2,s035,97,113,105
2,s035,97,112,10
2,s035,97,115,10
2,s035,97,117,15
2,s035,97,116,2
2,s035,97,119,1
2,s035,97,121,9
2,s035,97,120,1
2,s035,97,123,3
2,s035,97,125,1
2,s035,97,65,182
2,s035,97,64,14
2,s035,97,67,29
2,s035,97,66,4
2,s035,97,69,17
2,s035,97,68,1
2,s035,97,71,4
2,s035,97,73,25
2,s035,97,72,2
2,s035,97,75,4
2,s035,97,74,1
2,s035,97,81,14
2,s035,97,80,1
2,s035,97,85,1
2,s035,97,89,2
2,s035,97,33,154
2,s035,97,32,37
2,s035,97,35,16
2,s035,97,34,1
2,s035,97,37,16
2,s035,97,36,7
2,s035,97,39,2
2,s035,97,38,2
2,s035,97,41,13
2,s035,97,40,5
2,s035,97,43,7
2,s035,97,45,1
2,s035,97,49,14
2,s035,97,48,3
2,s035,97,51,3
2,s035,97,53,2
2,s035,97,1,24
2,s035,97,0,6
2,s035,97,5,4
2,s035,97,4,1
2,s035,97,9,3
2,s035,97,11,1
2,s035,97,13,1
2,s035,97,17,2
3,s000,42,42,1008
3,s000,42,43,149
3,s000,42,40,119
3,s000,42,41,21
3,s000,42,46,135
3,s000,42,47,24
3,s000,42,44,16
3,s000,42,45,3
3,s000,42,34,148
3,s000,42,35,26
3,s000,42,32,15
3,s000,42,33,4
3,s000,42,38,16
3,s000,42,39,2
3,s000,42,36,3
3,s000,42,37,1
3,s000,42,58,134
3,s000,42,59,18
3,s000,42,56,17
3,s000,42,57,1
3,s000,42,62,11
3,s000,42,63,1
3,s000,42,60,6
3,s000,42,50,14
3,s000,42,48,4
3,s000,42,54,3
3,s000,42,55,1
3,s000,42,10,165
3,s000,42,11,25
3,s000,42,8,26
3,s000,42,9,5
3,s000,42,14,19
3,s000,42,15,4
3,s000,42,12,3
3,s000,42,13,1
3,s000,42,2,20
3,s000,42,3,8
3,s000,42,0,4
3,s000,42,1,1
3,s000,42,6,3
3,s000,42,26,28
3,s000,42,27,2
3,s000,42,24,9
3,s000,42,25,1
3,s000,42,30,5
3,s000,42,31,2
3,s000,42,28,1
3,s000,42,18,5
3,s000,42,106,160
3,s000,42,107,41
3,s000,42,104,21
3,s000,42,105,4
3,s000,42,110,26
3,s000,42,111,10
3,s000,42,108,6
3,s000,42,109,2
3,s000,42,98,17
3,s000,42,99,5
3,s000,42,102,4
3,s000,42,103,3
3,s000,42,100,1
3,s000,42,122,24
3,s000,42,123,3
3,s000,42,121,1
3,s000,42,126,6
3,s000,42,127,3
3,s000,42,114,3
3,s000,42,115,3
3,s000,42,113,1
3,s000,42,74,22
3,s000,42,75,10
3,s000,42,72,4
3,s000,42,73,5
3,s000,42,78,9
3,s000,42,79,3
3,s000,42,66,5
3,s000,42,67,2
3,s000,42,65,1
3,s000,42,90,2
3,s000,42,91,3
3,s000,42,94,1
3,s000,42,82,3
3,s001,59,59,936
3,s001,59,58,145
3,s001,59,57,142
3,s001,59,56,21
3,s001,59,63,131
3,s001,59,62,30
3,s001,59,61,20
3,s001,59,60,3
3,s001,59,51,133
3,s001,59,50,28
3,s001,59,49,16
3,s001,59,48,3
3,s001,59,55,23
3,s001,59,54,4
3,s001,59,53,3
3,s001,59,43,157
3,s001,59,42,23
3,s001,59,41,13
3,s001,59,40,7
3,s001,59,47,27
3,s001,59,46,2
3,s001,59,45,4
3,s001,59,35,18
3,s001,59,34,1
3,s001,59,33,3
3,s001,59,32,1
3,s001,59,39,2
3,s001,59,37,1
3,s001,59,27,185
3,s001,59,26,25
3,s001,59,25,34
3,s001,59,24,4
3,s001,59,31,30
3,s001,59,30,4
3,s001,59,29,3
3,s001,59,19,26
3,s001,59,18,2
3,s001,59,17,9
3,s001,59,23,2
3,s001,59,11,26
3,s001,59,10,4
3,s001,59,9,3
3,s001,59,15,6
3,s001,59,14,1
3,s001,59,13,1
3,s001,59,3,1
3,s001,59,2,1
3,s001,59,1,1
3,s001,59,123,166
3,s001,59,122,48
3,s001,59,121,20
3,s001,59,120,8
3,s001,59,127,28
3,s001,59,126,2
3,s001,59,125,3
3,s001,59,124,3
3,s001,59,115,23
3,s001,59,114,13
3,s001,59,113,4
3,s001,59,112,2
3,s001,59,119,6
3,s001,59,118,2
3,s001,59,107,23
3,s001,59,106,5
3,s001,59,105,1
3,s001,59,104,1
3,s001,59,111,3
3,s001,59,110,1
3,s001,59,99,1
3,s001,59,98,2
3,s001,59,96,1
3,s001,59,101,1
3,s001,59,91,27
3,s001,59,90,11
3,s001,59,89,7
3,s001,59,88,1
3,s001,59,95,5
3,s001,59,94,4
3,s001,59,83,1
3,s001,59,75,3
3,s001,59,74,2
3,s001,59,73,3
3,s001,59,72,2
3,s001,59,66,1
3,s001,59,69,1
3,s002,41,41,967
3,s002,41,40,136
3,s002,41,43,124
3,s002,41,42,13
3,s002,41,45,121
3,s002,41,44,29
3,s002,41,47,13
3,s002,41,46,2
3,s002,41,33,136
3,s002,41,32,25
3,s002,41,35,15
3,s002,41,34,6
3,s002,41,37,18
3,s002,41,36,4
3,s002,41,39,6
3,s002,41,57,139
3,s002,41,56,20
3,s002,41,59,17
3,s002,41,58,4
3,s002,41,61,20
3,s002,41,60,3
3,s002,41,63,3
3,s002,41,62,2
3,s002,41,49,24
3,s002,41,48,2
3,s002,41,51,1
3,s002,41,53,2
3,s002,41,9,174
3,s002,41,8,34
3,s002,41,11,34
3,s002,41,10,4
3,s002,41,13,16
3,s002,41,12,3
3,s002,41,15,4
3,s002,41,14,1
3,s002,41,1,19
3,s002,41,0,3
3,s002,41,3,4
3,s002,41,2,1
3,s002,41,5,1
3,s002,41,7,1
3,s002,41,25,24
3,s002,41,24,3
3,s002,41,27,4
3,s002,41,26,2
3,s002,41,29,2
3,s002,41,31,2
3,s002,41,17,2
3,s002,41,105,190
3,s002,41,104,56
3,s002,41,107,17
3,s002,41,106,7
3,s002,41,109,17
3,s002,41,108,13
3,s002,41,111,4
3,s002,41,97,20
3,s002,41,96,5
3,s002,41,98,2
3,s002,41,101,1
3,s002,41,100,2
3,s002,41,103,1
3,s002,41,121,22
3,s002,41,120,4
3,s002,41,122,1
3,s002,41,125,4
3,s002,41,113,3
3,s002,41,115,1
3,s002,41,114,1
3,s002,41,73,36
3,s002,41,72,6
3,s002,41,75,3
3,s002,41,74,3
3,s002,41,77,3
3,s002,41,76,5
3,s002,41,79,2
3,s002,41,65,4
3,s002,41,67,1
3,s002,41,89,5
3,s002,41,88,1
3,s002,41,91,2
3,s002,41,81,1
3,s002,41,85,1
3,s003,6,6,961
3,s003,6,7,133
3,s003,6,4,112
3,s003,6,5,19
3,s003,6,2,119
3,s003,6,3,20
3,s003,6,0,24
3,s003,6,1,2
3,s003,6,14,144
3,s003,6,15,16
3,s003,6,12,16
3,s003,6,13,1
3,s003,6,10,20
3,s003,6,11,5
3,s003,6,8,2
3,s003,6,22,136
3,s003,6,23,15
3,s003,6,20,18
3,s003,6,21,2
3,s003,6,18,16
3,s003,6,19,5
3,s003,6,17,1
3,s003,6,30,10
3,s003,6,31,2
3,s003,6,26,8
3,s003,6,27,1
3,s003,6,24,1
3,s003,6,38,179
3,s003,6,39,26
3,s003,6,36,28
3,s003,6,37,4
3,s003,6,34,23
3,s003,6,35,4
3,s003,6,32,9
3,s003,6,33,4
3,s003,6,46,32
3,s003,6,47,4
3,s003,6,44,3
3,s003,6,45,1
3,s003,6,42,3
3,s003,6,43,1
3,s003,6,54,16
3,s003,6,55,2
3,s003,6,52,6
3,s003,6,50,3
3,s003,6,62,3
3,s003,6,60,1
3,s003,6,70,147
3,s003,6,71,36
3,s003,6,68,16
3,s003,6,69,6
3,s003,6,66,23
3,s003,6,67,7
3,s003,6,65,4
3,s003,6,78,26
3,s003,6,79,8
3,s003,6,76,3
3,s003,6,77,1
3,s003,6,74,7
3,s003,6,72,1
3,s003,6,86,24
3,s003,6,87,6
3,s003,6,84,7
3,s003,6,85,1
3,s003,6,82,6
3,s003,6,83,1
3,s003,6,80,1
3,s003,6,92,1
3,s003,6,102,34
3,s003,6,103,7
3,s003,6,100,5
3,s003,6,101,3
3,s003,6,98,6
3,s003,6,99,3
3,s003,6,110,2
3,s003,6,118,2
3,s003,6,119,1
3,s003,6,126,1
3,s003,6,122,1
3,s004,45,45,1062
3,s004,45,44,147
3,s004,45,47,110
3,s004,45,46,33
3,s004,45,41,143
3,s004,45,40,16
3,s004,45,43,10
3,s004,45,42,3
3,s004,45,37,138
3,s004,45,36,22
3,s004,45,39,24
3,s004,45,33,21
3,s004,45,32,5
3,s004,45,35,1
3,s004,45,34,2
3,s004,45,61,135
3,s004,45,60,24
3,s004,45,63,14
3,s004,45,62,2
3,s004,45,57,26
3,s004,45,56,6
3,s004,45,59,5
3,s004,45,58,1
3,s004,45,53,23
3,s004,45,52,3
3,s004,45,55,2
3,s004,45,54,1
3,s004,45,49,1
3,s004,45,13,185
3,s004,45,12,30
3,s004,45,15,31
3,s004,45,14,6
3,s004,45,9,28
3,s004,45,8,2
3,s004,45,11,4
3,s004,45,10,2
3,s004,45,5,27
3,s004,45,4,3
3,s004,45,7,4
3,s004,45,1,1
3,s004,45,29,31
3,s004,45,28,4
3,s004,45,31,5
3,s004,45,25,1
3,s004,45,21,3
3,s004,45,20,2
3,s004,45,16,1
3,s004,45,109,154
3,s004,45,108,45
3,s004,45,111,25
3,s004,45,110,6
3,s004,45,105,29
3,s004,45,104,14
3,s004,45,107,4
3,s004,45,106,2
3,s004,45,101,21
3,s004,45,100,13
3,s004,45,103,2
3,s004,45,102,1
3,s004,45,97,2
3,s004,45,125,30
3,s004,45,124,9
3,s004,45,121,4
3,s004,45,120,1
3,s004,45,117,2
3,s004,45,116,3
3,s004,45,113,1
3,s004,45,77,32
3,s004,45,76,13
3,s004,45,79,5
3,s004,45,73,6
3,s004,45,74,1
3,s004,45,69,7
3,s004,45,68,1
3,s004,45,93,5
3,s004,45,92,1
3,s004,45,91,1
3,s005,121,121,1040
3,s005,121,120,161
3,s005,121,123,122
3,s005,121,122,18
3,s005,121,125,148
3,s005,121,124,27
3,s005,121,127,15
3,s005,121,126,1
3,s005,121,113,125
3,s005,121,112,16
3,s005,121,115,13
3,s005,121,114,4
3,s005,121,117,18
3,s005,121,116,5
3,s005,121,119,1
3,s005,121,105,133
3,s005,121,104,32
3,s005,121,107,20
3,s005,121,106,4
3,s005,121,109,20
3,s005,121,108,4
3,s005,121,111,4
3,s005,121,97,20
3,s005,121,96,3
3,s005,121,99,5
3,s005,121,98,1
3,s005,121,101,2
3,s005,121,100,2
3,s005,121,103,1
3,s005,121,89,182
3,s005,121,88,27
3,s005,121,91,26
3,s005,121,90,5
3,s005,121,93,25
3,s005,121,92,7
3,s005,121,95,3
3,s005,121,94,1
3,s005,121,81,20
3,s005,121,80,9
3,s005,121,83,2
3,s005,121,82,1
3,s005,121,85,2
3,s005,121,84,1
3,s005,121,87,1
3,s005,121,73,32
3,s005,121,72,2
3,s005,121,75,6
3,s005,121,74,1
3,s005,121,77,3
3,s005,121,76,2
3,s005,121,79,2
3,s005,121,65,2
3,s005,121,67,4
3,s005,121,57,161
3,s005,121,56,48
3,s005,121,59,17
3,s005,121,58,7
3,s005,121,61,24
3,s005,121,60,10
3,s005,121,63,5
3,s005,121,62,3
3,s005,121,49,23
3,s005,121,48,6
3,s005,121,51,4
3,s005,121,53,2
3,s005,121,52,3
3,s005,121,55,2
3,s005,121,41,21
3,s005,121,40,6
3,s005,121,43,4
3,s005,121,45,6
3,s005,121,44,2
3,s005,121,47,1
3,s005,121,33,6
3,s005,121,32,2
3,s005,121,25,27
3,s005,121,24,14
3,s005,121,27,9
3,s005,121,26,1
3,s005,121,29,2
3,s005,121,31,1
3,s005,121,17,3
3,s005,121,16,2
3,s005,121,19,2
3,s005,121,18,1
3,s005,121,21,1
3,s005,121,9,4
3,s005,121,8,1
3,s005,121,11,3
3,s005,121,13,1
3,s005,121,5,1
3,s006,83,83,1054
3,s006,83,82,164
3,s006,83,81,144
3,s006,83,80,23
3,s006,83,87,146
3,s006,83,86,19
3,s006,83,85,24
3,s006,83,84,5
3,s006,83,91,138
3,s006,83,90,18
3,s006,83,89,24
3,s006,83,88,3
3,s006,83,95,15
3,s006,83,94,2
3,s006,83,93,1
3,s006,83,67,137
3,s006,83,66,17
3,s006,83,65,19
3,s006,83,64,2
3,s006,83,71,22
3,s006,83,70,3
3,s006,83,69,3
3,s006,83,75,27
3,s006,83,74,5
3,s006,83,73,2
3,s006,83,72,1
3,s006,83,79,1
3,s006,83,78,1
3,s006,83,115,170
3,s006,83,114,26
3,s006,83,113,29
3,s006,83,112,6
3,s006,83,119,19
3,s006,83,118,5
3,s006,83,117,6
3,s006,83,123,26
3,s006,83,122,6
3,s006,83,121,6
3,s006,83,127,3
3,s006,83,125,2
3,s006,83,99,21
3,s006,83,98,3
3,s006,83,97,5
3,s006,83,103,3
3,s006,83,107,3
3,s006,83,111,1
3,s006,83,19,156
3,s006,83,18,54
3,s006,83,17,13
3,s006,83,16,4
3,s006,83,23,18
3,s006,83,22,7
3,s006,83,21,4
3,s006,83,27,28
3,s006,83,26,4
3,s006,83,25,3
3,s006,83,24,1
3,s006,83,31,1
3,s006,83,29,1
3,s006,83,28,1
3,s006,83,3,24
3,s006,83,2,2
3,s006,83,1,2
3,s006,83,0,1
3,s006,83,7,4
3,s006,83,6,3
3,s006,83,11,4
3,s006,83,10,1
3,s006,83,15,1
3,s006,83,51,32
3,s006,83,50,5
3,s006,83,49,4
3,s006,83,48,1
3,s006,83,55,4
3,s006,83,59,5
3,s006,83,58,1
3,s006,83,57,1
3,s006,83,62,1
3,s006,83,35,6
3,s006,83,34,1
3,s007,79,79,985
3,s007,79,78,158
3,s007,79,77,146
3,s007,79,76,19
3,s007,79,75,148
3,s007,79,74,27
3,s007,79,73,19
3,s007,79,72,6
3,s007,79,71,162
3,s007,79,70,14
3,s007,79,69,28
3,s007,79,68,1
3,s007,79,67,25
3,s007,79,66,3
3,s007,79,65,4
3,s007,79,64,1
3,s007,79,95,151
3,s007,79,94,15
3,s007,79,93,18
3,s007,79,92,2
3,s007,79,91,19
3,s007,79,90,6
3,s007,79,89,2
3,s007,79,87,16
3,s007,79,86,1
3,s007,79,85,1
3,s007,79,84,1
3,s007,79,83,2
3,s007,79,82,1
3,s007,79,111,172
3,s007,79,110,21
3,s007,79,109,36
3,s007,79,108,3
3,s007,79,107,22
3,s007,79,106,2
3,s007,79,105,7
3,s007,79,104,2
3,s007,79,103,34
3,s007,79,102,1
3,s007,79,101,2
3,s007,79,100,1
3,s007,79,99,6
3,s007,79,98,1
3,s007,79,97,1
3,s007,79,127,22
3,s007,79,126,4
3,s007,79,125,9
3,s007,79,124,1
3,s007,79,123,5
3,s007,79,121,2
3,s007,79,117,1
3,s007,79,15,180
3,s007,79,14,38
3,s007,79,13,16
3,s007,79,12,11
3,s007,79,11,25
3,s007,79,10,14
3,s007,79,9,8
3,s007,79,8,2
3,s007,79,7,19
3,s007,79,6,14
3,s007,79,5,3
3,s007,79,4,1
3,s007,79,3,3
3,s007,79,2,1
3,s007,79,1,2
3,s007,79,31,34
3,s007,79,30,9
3,s007,79,29,3
3,s007,79,28,2
3,s007,79,27,2
3,s007,79,26,2
3,s007,79,23,5
3,s007,79,47,20
3,s007,79,46,13
3,s007,79,45,4
3,s007,79,44,4
3,s007,79,43,6
3,s007,79,41,3
3,s007,79,39,9
3,s007,79,38,2
3,s007,79,37,1
3,s007,79,35,3
3,s007,79,63,5
3,s007,79,61,1
3,s007,79,60,1
3,s007,79,59,1
3,s007,79,58,1
3,s008,79,79,1040
3,s008,79,78,145
3,s008,79,77,141
3,s008,79,76,21
3,s008,79,75,151
3,s008,79,74,30
3,s008,79,73,13
3,s008,79,72,3
3,s008,79,71,150
3,s008,79,70,26
3,s008,79,69,18
3,s008,79,68,4
3,s008,79,67,21
3,s008,79,66,4
3,s008,79,65,1
3,s008,79,95,143
3,s008,79,94,22
3,s008,79,93,18
3,s008,79,92,1
3,s008,79,91,19
3,s008,79,90,1
3,s008,79,87,19
3,s008,79,86,1
3,s008,79,85,2
3,s008,79,83,2
3,s008,79,82,1
3,s008,79,111,172
3,s008,79,110,23
3,s008,79,109,36
3,s008,79,108,4
3,s008,79,107,21
3,s008,79,106,4
3,s008,79,105,6
3,s008,79,104,1
3,s008,79,103,30
3,s008,79,102,1
3,s008,79,101,4
3,s008,79,100,1
3,s008,79,99,6
3,s008,79,98,1
3,s008,79,97,1
3,s008,79,127,25
3,s008,79,126,3
3,s008,79,125,3
3,s008,79,124,2
3,s008,79,123,1
3,s008,79,122,1
3,s008,79,117,1
3,s008,79,115,1
3,s008,79,15,174
3,s008,79,14,44
3,s008,79,13,19
3,s008,79,12,11
3,s008,79,11,27
3,s008,79,10,11
3,s008,79,9,3
3,s008,79,8,2
3,s008,79,7,28
3,s008,79,6,5
3,s008,79,5,5
3,s008,79,4,1
3,s008,79,3,7
3,s008,79,2,2
3,s008,79,1,1
3,s008,79,31,26
3,s008,79,30,5
3,s008,79,29,5
3,s008,79,28,1
3,s008,79,27,6
3,s008,79,25,1
3,s008,79,23,4
3,s008,79,19,1
3,s008,79,47,23
3,s008,79,46,8
3,s008,79,45,4
3,s008,79,43,5
3,s008,79,41,4
3,s008,79,40,1
3,s008,79,39,4
3,s008,79,37,1
3,s008,79,36,1
3,s008,79,63,3
3,s008,79,61,2
3,s008,79,59,1
3,s008,79,55,1
3,s009,95,95,980
3,s009,95,94,130
3,s009,95,93,122
3,s009,95,92,16
3,s009,95,91,124
3,s009,95,90,22
3,s009,95,89,14
3,s009,95,88,5
3,s009,95,87,152
3,s009,95,86,13
3,s009,95,85,18
3,s009,95,84,2
3,s009,95,83,22
3,s009,95,82,4
3,s009,95,81,6
3,s009,95,79,112
3,s009,95,78,26
3,s009,95,77,11
3,s009,95,76,2
3,s009,95,75,19
3,s009,95,74,3
3,s009,95,73,7
3,s009,95,72,1
3,s009,95,71,22
3,s009,95,70,3
3,s009,95,69,4
3,s009,95,68,2
3,s009,95,67,5
3,s009,95,127,152
3,s009,95,126,30
3,s009,95,125,39
3,s009,95,124,4
3,s009,95,123,25
3,s009,95,122,4
3,s009,95,121,6
3,s009,95,120,1
3,s009,95,119,20
3,s009,95,118,3
3,s009,95,117,9
3,s009,95,116,1
3,s009,95,115,3
3,s009,95,113,1
3,s009,95,112,1
3,s009,95,111,18
3,s009,95,110,2
3,s009,95,109,6
3,s009,95,108,1
3,s009,95,107,6
3,s009,95,105,1
3,s009,95,103,2
3,s009,95,31,169
3,s009,95,30,41
3,s009,95,29,16
3,s009,95,28,7
3,s009,95,27,15
3,s009,95,26,7
3,s009,95,25,7
3,s009,95,24,1
3,s009,95,23,21
3,s009,95,22,5
3,s009,95,21,3
3,s009,95,19,3
3,s009,95,18,2
3,s009,95,15,25
3,s009,95,14,9
3,s009,95,13,3
3,s009,95,12,2
3,s009,95,11,4
3,s009,95,9,1
3,s009,95,7,1
3,s009,95,6,1
3,s009,95,5,1
3,s009,95,3,1
3,s009,95,63,29
3,s009,95,62,7
3,s009,95,61,2
3,s009,95,60,1
3,s009,95,59,4
3,s009,95,58,1
3,s009,95,55,6
3,s009,95,54,1
3,s009,95,51,1
3,s009,95,47,3
3,s009,95,46,1
3,s009,95,45,1
3,s009,95,44,1
3,s009,95,43,1
3,s009,95,39,1
3,s010,17,17,1000
3,s010,17,16,151
3,s010,17,19,143
3,s010,17,18,18
3,s010,17,21,135
3,s010,17,20,24
3,s010,17,23,23
3,s010,17,22,2
3,s010,17,25,123
3,s010,17,24,19
3,s010,17,27,27
3,s010,17,26,2
3,s010,17,29,18
3,s010,17,28,1
3,s010,17,31,2
3,s010,17,30,1
3,s010,17,1,142
3,s010,17,0,22
3,s010,17,3,14
3,s010,17,2,4
3,s010,17,5,24
3,s010,17,4,3
3,s010,17,7,3
3,s010,17,9,12
3,s010,17,8,3
3,s010,17,11,2
3,s010,17,13,4
3,s010,17,12,1
3,s010,17,15,1
3,s010,17,49,178
3,s010,17,48,22
3,s010,17,51,31
3,s010,17,50,4
3,s010,17,53,21
3,s010,17,52,5
3,s010,17,55,7
3,s010,17,57,13
3,s010,17,56,2
3,s010,17,59,4
3,s010,17,61,1
3,s010,17,33,23
3,s010,17,32,3
3,s010,17,35,7
3,s010,17,34,1
3,s010,17,37,7
3,s010,17,36,2
3,s010,17,41,3
3,s010,17,40,1
3,s010,17,45,1
3,s010,17,81,155
3,s010,17,80,52
3,s010,17,83,21
3,s010,17,82,14
3,s010,17,85,22
3,s010,17,84,13
3,s010,17,87,6
3,s010,17,86,3
3,s010,17,89,28
3,s010,17,88,5
3,s010,17,90,2
3,s010,17,93,5
3,s010,17,65,20
3,s010,17,64,6
3,s010,17,67,2
3,s010,17,69,4
3,s010,17,68,1
3,s010,17,73,3
3,s010,17,72,1
3,s010,17,76,1
3,s010,17,113,35
3,s010,17,112,7
3,s010,17,115,6
3,s010,17,114,1
3,s010,17,117,3
3,s010,17,119,2
3,s010,17,121,5
3,s010,17,125,1
3,s010,17,124,1
3,s011,43,43,1055
3,s011,43,42,162
3,s011,43,41,128
3,s011,43,40,17
3,s011,43,47,146
3,s011,43,46,19
3,s011,43,45,19
3,s011,43,35,144
3,s011,43,34,24
3,s011,43,33,23
3,s011,43,32,4
3,s011,43,39,18
3,s011,43,38,3
3,s011,43,37,2
3,s011,43,36,1
3,s011,43,59,142
3,s011,43,58,24
3,s011,43,57,18
3,s011,43,63,21
3,s011,43,62,6
3,s011,43,61,3
3,s011,43,51,13
3,s011,43,50,3
3,s011,43,55,4
3,s011,43,54,1
3,s011,43,11,172
3,s011,43,10,28
3,s011,43,9,31
3,s011,43,8,4
3,s011,43,15,28
3,s011,43,14,5
3,s011,43,13,2
3,s011,43,3,30
3,s011,43,2,7
3,s011,43,1,3
3,s011,43,0,2
3,s011,43,7,3
3,s011,43,4,1
3,s011,43,27,19
3,s011,43,26,3
3,s011,43,25,5
3,s011,43,31,5
3,s011,43,19,7
3,s011,43,17,1
3,s011,43,23,1
3,s011,43,107,145
3,s011,43,106,60
3,s011,43,105,17
3,s011,43,104,8
3,s011,43,111,27
3,s011,43,110,11
3,s011,43,109,3
3,s011,43,99,26
3,s011,43,98,9
3,s011,43,97,2
3,s011,43,96,2
3,s011,43,103,6
3,s011,43,102,1
3,s011,43,123,23
3,s011,43,122,12
3,s011,43,121,4
3,s011,43,127,6
3,s011,43,125,1
3,s011,43,115,4
3,s011,43,113,1
3,s011,43,75,35
3,s011,43,74,5
3,s011,43,73,4
3,s011,43,72,3
3,s011,43,79,11
3,s011,43,78,1
3,s011,43,67,3
3,s011,43,66,1
3,s011,43,71,2
3,s011,43,91,4
3,s011,43,90,2
3,s011,43,89,1
3,s011,43,94,1
3,s011,43,83,3
3,s011,43,86,1
3,s012,100,100,1021
3,s012,100,101,168
3,s012,100,102,114
3,s012,100,103,15
3,s012,100,96,141
3,s012,100,97,19
3,s012,100,98,18
3,s012,100,99,8
3,s012,100,108,148
3,s012,100,109,21
3,s012,100,110,19
3,s012,100,111,4
3,s012,100,104,20
3,s012,100,105,5
3,s012,100,116,138
3,s012,100,117,11
3,s012,100,118,18
3,s012,100,119,4
3,s012,100,112,13
3,s012,100,113,3
3,s012,100,114,4
3,s012,100,124,24
3,s012,100,125,3
3,s012,100,126,4
3,s012,100,120,7
3,s012,100,122,1
3,s012,100,68,183
3,s012,100,69,25
3,s012,100,70,35
3,s012,100,71,5
3,s012,100,64,26
3,s012,100,65,4
3,s012,100,66,8
3,s012,100,67,1
3,s012,100,76,21
3,s012,100,77,6
3,s012,100,78,5
3,s012,100,72,2
3,s012,100,73,1
3,s012,100,74,1
3,s012,100,84,20
3,s012,100,85,2
3,s012,100,86,6
3,s012,100,87,2
3,s012,100,80,4
3,s012,100,92,2
3,s012,100,93,1
3,s012,100,88,1
3,s012,100,36,166
3,s012,100,37,40
3,s012,100,38,21
3,s012,100,39,2
3,s012,100,32,35
3,s012,100,33,7
3,s012,100,34,2
3,s012,100,35,1
3,s012,100,44,13
3,s012,100,45,8
3,s012,100,46,4
3,s012,100,47,1
3,s012,100,40,3
3,s012,100,41,1
3,s012,100,42,1
3,s012,100,52,10
3,s012,100,53,3
3,s012,100,54,4
3,s012,100,55,3
3,s012,100,48,2
3,s012,100,60,5
3,s012,100,61,2
3,s012,100,56,1
3,s012,100,4,28
3,s012,100,5,17
3,s012,100,6,4
3,s012,100,0,2
3,s012,100,1,2
3,s012,100,3,1
3,s012,100,12,5
3,s012,100,15,1
3,s012,100,20,5
3,s012,100,21,4
3,s012,100,16,1
3,s012,100,28,1
3,s013,126,126,957
3,s013,126,127,128
3,s013,126,124,125
3,s013,126,125,17
3,s013,126,122,123
3,s013,126,123,25
3,s013,126,120,24
3,s013,126,121,2
3,s013,126,118,142
3,s013,126,119,13
3,s013,126,116,18
3,s013,126,117,6
3,s013,126,114,20
3,s013,126,115,4
3,s013,126,112,6
3,s013,126,113,1
3,s013,126,110,124
3,s013,126,111,20
3,s013,126,108,22
3,s013,126,109,3
3,s013,126,106,21
3,s013,126,107,4
3,s013,126,104,3
3,s013,126,105,1
3,s013,126,102,27
3,s013,126,103,3
3,s013,126,100,2
3,s013,126,98,1
3,s013,126,94,186
3,s013,126,95,25
3,s013,126,92,23
3,s013,126,93,8
3,s013,126,90,22
3,s013,126,91,5
3,s013,126,88,6
3,s013,126,89,1
3,s013,126,86,24
3,s013,126,84,3
3,s013,126,85,1
3,s013,126,82,1
3,s013,126,80,1
3,s013,126,78,20
3,s013,126,79,2
3,s013,126,76,7
3,s013,126,74,6
3,s013,126,70,1
3,s013,126,71,2
3,s013,126,62,164
3,s013,126,63,51
3,s013,126,60,21
3,s013,126,61,5
3,s013,126,58,28
3,s013,126,59,7
3,s013,126,56,3
3,s013,126,54,19
3,s013,126,55,5
3,s013,126,52,2
3,s013,126,53,2
3,s013,126,50,1
3,s013,126,51,1
3,s013,126,46,21
3,s013,126,47,3
3,s013,126,44,4
3,s013,126,45,1
3,s013,126,42,3
3,s013,126,43,2
3,s013,126,40,2
3,s013,126,38,2
3,s013,126,30,30
3,s013,126,31,7
3,s013,126,28,4
3,s013,126,29,3
3,s013,126,26,2
3,s013,126,25,1
3,s013,126,22,1
3,s013,126,23,2
3,s013,126,18,2
3,s013,126,19,1
3,s013,126,14,3
3,s013,126,15,1
3,s013,126,12,1
3,s013,126,7,1
3,s014,58,58,1020
3,s014,58,59,145
3,s014,58,56,130
3,s014,58,57,24
3,s014,58,62,169
3,s014,58,63,24
3,s014,58,60,29
3,s014,58,61,2
3,s014,58,50,156
3,s014,58,51,18
3,s014,58,48,17
3,s014,58,49,2
3,s014,58,54,21
3,s014,58,55,2
3,s014,58,52,3
3,s014,58,42,123
3,s014,58,43,12
3,s014,58,40,16
3,s014,58,41,2
3,s014,58,46,26
3,s014,58,47,3
3,s014,58,44,4
3,s014,58,34,24
3,s014,58,35,2
3,s014,58,32,2
3,s014,58,38,3
3,s014,58,39,1
3,s014,58,36,1
3,s014,58,26,171
3,s014,58,27,21
3,s014,58,24,28
3,s014,58,25,6
3,s014,58,30,18
3,s014,58,28,2
3,s014,58,29,1
3,s014,58,18,18
3,s014,58,19,5
3,s014,58,16,6
3,s014,58,17,1
3,s014,58,22,5
3,s014,58,23,1
3,s014,58,20,1
3,s014,58,10,30
3,s014,58,11,6
3,s014,58,8,6
3,s014,58,14,3
3,s014,58,12,1
3,s014,58,2,6
3,s014,58,122,166
3,s014,58,123,51
3,s014,58,120,21
3,s014,58,121,9
3,s014,58,126,26
3,s014,58,127,14
3,s014,58,124,2
3,s014,58,114,22
3,s014,58,115,5
3,s014,58,112,2
3,s014,58,118,5
3,s014,58,119,1
3,s014,58,116,1
3,s014,58,117,1
3,s014,58,106,18
3,s014,58,107,7
3,s014,58,104,2
3,s014,58,105,1
3,s014,58,110,4
3,s014,58,111,3
3,s014,58,108,2
3,s014,58,109,1
3,s014,58,98,5
3,s014,58,99,2
3,s014,58,96,1
3,s014,58,90,39
3,s014,58,91,9
3,s014,58,88,8
3,s014,58,94,2
3,s014,58,92,1
3,s014,58,93,1
3,s014,58,82,3
3,s014,58,83,1
3,s014,58,74,2
3,s014,58,78,1
3,s014,58,66,1
3,s014,58,65,1
3,s015,93,93,1049
3,s015,93,92,144
3,s015,93,95,122
3,s015,93,94,28
3,s015,93,89,129
3,s015,93,88,22
3,s015,93,91,17
3,s015,93,90,5
3,s015,93,85,155
3,s015,93,84,20
3,s015,93,87,24
3,s015,93,86,3
3,s015,93,81,15
3,s015,93,80,3
3,s015,93,83,2
3,s015,93,77,131
3,s015,93,76,30
3,s015,93,79,17
3,s015,93,78,1
3,s015,93,73,17
3,s015,93,72,4
3,s015,93,75,2
3,s015,93,69,16
3,s015,93,68,1
3,s015,93,71,3
3,s015,93,70,2
3,s015,93,65,2
3,s015,93,64,2
3,s015,93,67,1
3,s015,93,125,163
3,s015,93,124,20
3,s015,93,127,29
3,s015,93,126,3
3,s015,93,121,13
3,s015,93,120,4
3,s015,93,123,6
3,s015,93,122,1
3,s015,93,117,33
3,s015,93,116,2
3,s015,93,119,4
3,s015,93,113,4
3,s015,93,109,23
3,s015,93,108,3
3,s015,93,111,4
3,s015,93,105,2
3,s015,93,101,1
3,s015,93,103,1
3,s015,93,97,1
3,s015,93,99,1
3,s015,93,29,175
3,s015,93,28,49
3,s015,93,31,22
3,s015,93,30,4
3,s015,93,25,37
3,s015,93,24,12
3,s015,93,27,5
3,s015,93,26,3
3,s015,93,21,31
3,s015,93,20,10
3,s015,93,23,3
3,s015,93,22,3
3,s015,93,17,4
3,s015,93,16,1
3,s015,93,19,1
3,s015,93,13,26
3,s015,93,12,4
3,s015,93,15,2
3,s015,93,14,1
3,s015,93,9,4
3,s015,93,8,2
3,s015,93,11,2
3,s015,93,5,4
3,s015,93,6,1
3,s015,93,0,1
3,s015,93,61,39
3,s015,93,60,8
3,s015,93,63,3
3,s015,93,62,1
3,s015,93,57,1
3,s015,93,59,2
3,s015,93,58,1
3,s015,93,53,5
3,s015,93,52,2
3,s015,93,55,1
3,s015,93,49,1
3,s015,93,48,1
3,s015,93,45,4
3,s015,93,47,3
3,s015,93,41,1
3,s015,93,40,1
3,s015,93,37,2
3,s016,123,123,973
3,s016,123,122,137
3,s016,123,121,120
3,s016,123,120,18
3,s016,123,127,158
3,s016,123,126,25
3,s016,123,125,27
3,s016,123,124,3
3,s016,123,115,152
3,s016,123,114,22
3,s016,123,113,21
3,s016,123,112,2
3,s016,123,119,25
3,s016,123,118,1
3,s016,123,117,5
3,s016,123,116,1
3,s016,123,107,156
3,s016,123,106,18
3,s016,123,105,22
3,s016,123,104,3
3,s016,123,111,18
3,s016,123,110,5
3,s016,123,109,6
3,s016,123,108,1
3,s016,123,99,12
3,s016,123,98,6
3,s016,123,96,1
3,s016,123,91,181
3,s016,123,90,28
3,s016,123,89,24
3,s016,123,88,3
3,s016,123,95,25
3,s016,123,94,2
3,s016,123,93,3
3,s016,123,92,2
3,s016,123,83,27
3,s016,123,82,5
3,s016,123,81,5
3,s016,123,80,3
3,s016,123,87,1
3,s016,123,86,1
3,s016,123,75,21
3,s016,123,74,3
3,s016,123,73,2
3,s016,123,72,1
3,s016,123,79,6
3,s016,123,77,1
3,s016,123,76,1
3,s016,123,67,1
3,s016,123,71,1
3,s016,123,59,158
3,s016,123,58,63
3,s016,123,57,19
3,s016,123,56,8
3,s016,123,63,29
3,s016,123,62,12
3,s016,123,61,2
3,s016,123,60,3
3,s016,123,51,24
3,s016,123,50,4
3,s016,123,49,5
3,s016,123,48,1
3,s016,123,55,2
3,s016,123,54,1
3,s016,123,52,1
3,s016,123,43,18
3,s016,123,42,2
3,s016,123,41,1
3,s016,123,40,1
3,s016,123,47,9
3,s016,123,35,6
3,s016,123,34,3
3,s016,123,27,38
3,s016,123,26,11
3,s016,123,25,7
3,s016,123,24,2
3,s016,123,31,7
3,s016,123,29,1
3,s016,123,28,1
3,s016,123,19,3
3,s016,123,18,3
3,s016,123,17,2
3,s016,123,23,2
3,s016,123,11,6
3,s016,123,10,2
3,s016,123,3,1
3,s016,123,5,1
3,s017,30,30,1042
3,s017,30,31,155
3,s017,30,28,147
3,s017,30,29,21
3,s017,30,26,133
3,s017,30,27,23
3,s017,30,24,23
3,s017,30,25,3
3,s017,30,22,139
3,s017,30,23,23
3,s017,30,20,19
3,s017,30,21,1
3,s017,30,18,18
3,s017,30,19,3
3,s017,30,16,1
3,s017,30,14,137
3,s017,30,15,19
3,s017,30,12,20
3,s017,30,13,2
3,s017,30,10,17
3,s017,30,11,2
3,s017,30,8,7
3,s017,30,9,1
3,s017,30,6,18
3,s017,30,7,4
3,s017,30,4,2
3,s017,30,2,7
3,s017,30,3,3
3,s017,30,62,169
3,s017,30,63,29
3,s017,30,60,40
3,s017,30,61,7
3,s017,30,58,28
3,s017,30,59,7
3,s017,30,56,9
3,s017,30,54,23
3,s017,30,55,1
3,s017,30,52,1
3,s017,30,53,1
3,s017,30,50,3
3,s017,30,48,1
3,s017,30,46,19
3,s017,30,47,1
3,s017,30,44,3
3,s017,30,45,1
3,s017,30,42,3
3,s017,30,38,2
3,s017,30,39,1
3,s017,30,37,1
3,s017,30,94,188
3,s017,30,95,43
3,s017,30,92,24
3,s017,30,93,10
3,s017,30,90,24
3,s017,30,91,9
3,s017,30,88,3
3,s017,30,89,1
3,s017,30,86,34
3,s017,30,87,9
3,s017,30,84,4
3,s017,30,82,7
3,s017,30,83,1
3,s017,30,80,1
3,s017,30,78,25
3,s017,30,79,8
3,s017,30,76,1
3,s017,30,77,2
3,s017,30,74,6
3,s017,30,75,2
3,s017,30,70,5
3,s017,30,71,1
3,s017,30,68,1
3,s017,30,66,1
3,s017,30,126,22
3,s017,30,127,10
3,s017,30,124,10
3,s017,30,125,1
3,s017,30,122,8
3,s017,30,123,1
3,s017,30,121,1
3,s017,30,118,3
3,s017,30,119,2
3,s017,30,116,4
3,s017,30,114,2
3,s017,30,110,2
3,s017,30,108,3
3,s017,30,109,1
3,s017,30,101,1
3,s018,63,63,960
3,s018,63,62,141
3,s018,63,61,115
3,s018,63,60,10
3,s018,63,59,129
3,s018,63,58,22
3,s018,63,57,26
3,s018,63,56,6
3,s018,63,55,127
3,s018,63,54,37
3,s018,63,53,17
3,s018,63,52,4
3,s018,63,51,25
3,s018,63,50,3
3,s018,63,49,3
3,s018,63,47,138
3,s018,63,46,17
3,s018,63,45,16
3,s018,63,44,2
3,s018,63,43,25
3,s018,63,42,1
3,s018,63,41,2
3,s018,63,39,17
3,s018,63,38,5
3,s018,63,37,1
3,s018,63,35,6
3,s018,63,33,1
3,s018,63,31,166
3,s018,63,30,30
3,s018,63,29,34
3,s018,63,28,4
3,s018,63,27,22
3,s018,63,26,5
3,s018,63,25,2
3,s018,63,24,1
3,s018,63,23,22
3,s018,63,22,1
3,s018,63,21,1
3,s018,63,20,3
3,s018,63,19,4
3,s018,63,15,24
3,s018,63,14,3
3,s018,63,13,7
3,s018,63,11,1
3,s018,63,9,1
3,s018,63,7,3
3,s018,63,5,1
3,s018,63,2,1
3,s018,63,127,163
3,s018,63,126,41
3,s018,63,125,20
3,s018,63,124,6
3,s018,63,123,28
3,s018,63,122,6
3,s018,63,119,24
3,s018,63,118,8
3,s018,63,117,1
3,s018,63,116,1
3,s018,63,115,2
3,s018,63,114,2
3,s018,63,113,1
3,s018,63,111,23
3,s018,63,110,1
3,s018,63,109,4
3,s018,63,107,2
3,s018,63,104,1
3,s018,63,103,6
3,s018,63,102,1
3,s018,63,99,2
3,s018,63,95,25
3,s018,63,94,6
3,s018,63,93,5
3,s018,63,92,1
3,s018,63,91,3
3,s018,63,89,1
3,s018,63,87,4
3,s018,63,85,1
3,s018,63,83,1
3,s018,63,82,1
3,s018,63,79,4
3,s018,63,78,1
3,s018,63,76,1
3,s019,27,27,1049
3,s019,27,26,148
3,s019,27,25,129
3,s019,27,24,18
3,s019,27,31,137
3,s019,27,30,34
3,s019,27,29,20
3,s019,27,28,7
3,s019,27,19,139
3,s019,27,18,23
3,s019,27,17,29
3,s019,27,16,2
3,s019,27,23,14
3,s019,27,22,2
3,s019,27,21,4
3,s019,27,11,138
3,s019,27,10,15
3,s019,27,9,14
3,s019,27,8,2
3,s019,27,15,17
3,s019,27,14,1
3,s019,27,13,2
3,s019,27,12,2
3,s019,27,3,22
3,s019,27,2,1
3,s019,27,1,7
3,s019,27,7,4
3,s019,27,59,186
3,s019,27,58,27
3,s019,27,57,28
3,s019,27,56,5
3,s019,27,63,26
3,s019,27,62,3
3,s019,27,61,3
3,s019,27,51,25
3,s019,27,50,6
3,s019,27,49,2
3,s019,27,48,1
3,s019,27,55,3
3,s019,27,52,1
3,s019,27,43,19
3,s019,27,42,3
3,s019,27,41,6
3,s019,27,47,2
3,s019,27,35,4
3,s019,27,34,1
3,s019,27,33,1
3,s019,27,32,1
3,s019,27,91,175
3,s019,27,90,53
3,s019,27,89,25
3,s019,27,88,5
3,s019,27,95,35
3,s019,27,94,5
3,s019,27,93,2
3,s019,27,92,2
3,s019,27,83,33
3,s019,27,82,8
3,s019,27,81,4
3,s019,27,87,3
3,s019,27,86,5
3,s019,27,85,1
3,s019,27,75,17
3,s019,27,74,8
3,s019,27,73,2
3,s019,27,79,3
3,s019,27,78,1
3,s019,27,76,2
3,s019,27,67,4
3,s019,27,66,1
3,s019,27,65,1
3,s019,27,123,36
3,s019,27,122,6
3,s019,27,121,6
3,s019,27,127,7
3,s019,27,125,2
3,s019,27,124,1
3,s019,27,115,4
3,s019,27,114,1
3,s019,27,119,1
3,s019,27,107,3
3,s019,27,105,1
3,s020,27,27,993
3,s020,27,26,144
3,s020,27,25,123
3,s020,27,24,27
3,s020,27,31,136
3,s020,27,30,25
3,s020,27,29,15
3,s020,27,28,3
3,s020,27,19,149
3,s020,27,18,23
3,s020,27,17,19
3,s020,27,23,13
3,s020,27,22,3
3,s020,27,21,3
3,s020,27,11,149
3,s020,27,10,15
3,s020,27,9,20
3,s020,27,8,4
3,s020,27,15,29
3,s020,27,14,3
3,s020,27,13,2
3,s020,27,3,25
3,s020,27,2,5
3,s020,27,1,3
3,s020,27,7,3
3,s020,27,59,176
3,s020,27,58,26
3,s020,27,57,36
3,s020,27,56,5
3,s020,27,63,25
3,s020,27,62,4
3,s020,27,61,5
3,s020,27,51,24
3,s020,27,50,2
3,s020,27,49,7
3,s020,27,55,2
3,s020,27,53,1
3,s020,27,43,27
3,s020,27,42,4
3,s020,27,41,6
3,s020,27,47,6
3,s020,27,45,1
3,s020,27,35,3
3,s020,27,37,1
3,s020,27,91,160
3,s020,27,90,43
3,s020,27,89,18
3,s020,27,88,7
3,s020,27,95,31
3,s020,27,94,7
3,s020,27,93,3
3,s020,27,92,4
3,s020,27,83,16
3,s020,27,82,7
3,s020,27,81,4
3,s020,27,87,2
3,s020,27,86,4
3,s020,27,75,24
3,s020,27,74,3
3,s020,27,73,3
3,s020,27,79,1
3,s020,27,78,1
3,s020,27,67,3
3,s020,27,64,1
3,s020,27,123,23
3,s020,27,122,6
3,s020,27,121,3
3,s020,27,120,4
3,s020,27,127,9
3,s020,27,126,3
3,s020,27,115,4
3,s020,27,114,3
3,s020,27,113,1
3,s020,27,112,1
3,s020,27,107,2
3,s020,27,111,2
3,s021,30,30,1030
3,s021,30,31,128
3,s021,30,28,143
3,s021,30,29,13
3,s021,30,26,130
3,s021,30,27,24
3,s021,30,24,18
3,s021,30,25,6
3,s021,30,22,137
3,s021,30,23,25
3,s021,30,20,17
3,s021,30,21,6
3,s021,30,18,12
3,s021,30,19,3
3,s021,30,16,2
3,s021,30,14,148
3,s021,30,15,21
3,s021,30,12,14
3,s021,30,13,2
3,s021,30,10,24
3,s021,30,11,3
3,s021,30,8,2
3,s021,30,6,21
3,s021,30,7,1
3,s021,30,2,2
3,s021,30,62,158
3,s021,30,63,23
3,s021,30,60,36
3,s021,30,61,4
3,s021,30,58,23
3,s021,30,59,4
3,s021,30,56,5
3,s021,30,57,1
3,s021,30,54,25
3,s021,30,55,4
3,s021,30,52,2
3,s021,30,50,1
3,s021,30,48,3
3,s021,30,46,27
3,s021,30,47,5
3,s021,30,44,3
3,s021,30,45,5
3,s021,30,38,1
3,s021,30,39,1
3,s021,30,34,1
3,s021,30,94,169
3,s021,30,95,51
3,s021,30,92,15
3,s021,30,93,11
3,s021,30,90,28
3,s021,30,91,13
3,s021,30,88,5
3,s021,30,86,24
3,s021,30,87,6
3,s021,30,84,3
3,s021,30,82,5
3,s021,30,83,2
3,s021,30,81,1
3,s021,30,78,24
3,s021,30,79,2
3,s021,30,76,3
3,s021,30,74,5
3,s021,30,75,1
3,s021,30,70,1
3,s021,30,126,35
3,s021,30,127,7
3,s021,30,124,8
3,s021,30,125,3
3,s021,30,122,8
3,s021,30,123,2
3,s021,30,121,1
3,s021,30,118,4
3,s021,30,116,1
3,s021,30,114,2
3,s021,30,115,1
3,s021,30,110,2
3,s021,30,111,1
3,s021,30,108,2
3,s021,30,106,2
3,s022,51,51,930
3,s022,51,50,147
3,s022,51,49,133
3,s022,51,48,19
3,s022,51,55,127
3,s022,51,54,16
3,s022,51,53,18
3,s022,51,59,138
3,s022,51,58,30
3,s022,51,57,25
3,s022,51,56,2
3,s022,51,63,18
3,s022,51,62,2
3,s022,51,61,4
3,s022,51,60,1
3,s022,51,35,123
3,s022,51,34,21
3,s022,51,33,14
3,s022,51,32,3
3,s022,51,39,31
3,s022,51,38,1
3,s022,51,37,2
3,s022,51,43,17
3,s022,51,42,6
3,s022,51,41,3
3,s022,51,40,1
3,s022,51,47,2
3,s022,51,46,4
3,s022,51,19,142
3,s022,51,18,24
3,s022,51,17,26
3,s022,51,16,2
3,s022,51,23,33
3,s022,51,22,1
3,s022,51,21,3
3,s022,51,20,1
3,s022,51,27,35
3,s022,51,26,3
3,s022,51,25,5
3,s022,51,31,3
3,s022,51,3,19
3,s022,51,2,5
3,s022,51,1,7
3,s022,51,7,3
3,s022,51,5,1
3,s022,51,4,1
3,s022,51,11,3
3,s022,51,9,2
3,s022,51,115,150
3,s022,51,114,42
3,s022,51,113,23
3,s022,51,112,7
3,s022,51,119,32
3,s022,51,118,11
3,s022,51,117,1
3,s022,51,123,15
3,s022,51,122,5
3,s022,51,127,5
3,s022,51,126,1
3,s022,51,99,24
3,s022,51,98,5
3,s022,51,97,1
3,s022,51,96,1
3,s022,51,103,4
3,s022,51,102,1
3,s022,51,101,1
3,s022,51,100,1
3,s022,51,107,6
3,s022,51,106,2
3,s022,51,111,1
3,s022,51,83,28
3,s022,51,82,11
3,s022,51,80,5
3,s022,51,87,9
3,s022,51,86,1
3,s022,51,85,1
3,s022,51,91,3
3,s022,51,90,2
3,s022,51,89,1
3,s022,51,95,1
3,s022,51,67,5
3,s022,51,66,1
3,s022,51,71,1
3,s023,123,123,1076
3,s023,123,122,160
3,s023,123,121,130
3,s023,123,120,19
3,s023,123,127,130
3,s023,123,126,24
3,s023,123,125,15
3,s023,123,124,3
3,s023,123,115,144
3,s023,123,114,12
3,s023,123,113,20
3,s023,123,112,2
3,s023,123,119,24
3,s023,123,118,5
3,s023,123,117,3
3,s023,123,107,144
3,s023,123,106,26
3,s023,123,105,13
3,s023,123,104,3
3,s023,123,111,21
3,s023,123,110,1
3,s023,123,109,4
3,s023,123,99,25
3,s023,123,98,5
3,s023,123,97,5
3,s023,123,103,3
3,s023,123,91,156
3,s023,123,90,26
3,s023,123,89,33
3,s023,123,88,9
3,s023,123,95,19
3,s023,123,94,5
3,s023,123,93,5
3,s023,123,83,35
3,s023,123,82,6
3,s023,123,81,1
3,s023,123,80,3
3,s023,123,87,3
3,s023,123,86,1
3,s023,123,85,1
3,s023,123,75,35
3,s023,123,74,4
3,s023,123,73,4
3,s023,123,72,1
3,s023,123,79,7
3,s023,123,78,2
3,s023,123,77,2
3,s023,123,67,4
3,s023,123,65,2
3,s023,123,59,172
3,s023,123,58,44
3,s023,123,57,21
3,s023,123,56,6
3,s023,123,63,30
3,s023,123,62,21
3,s023,123,61,4
3,s023,123,60,1
3,s023,123,51,26
3,s023,123,50,6
3,s023,123,49,8
3,s023,123,48,1
3,s023,123,55,4
3,s023,123,54,2
3,s023,123,53,1
3,s023,123,43,16
3,s023,123,42,6
3,s023,123,41,4
3,s023,123,47,3
3,s023,123,46,1
3,s023,123,35,5
3,s023,123,34,2
3,s023,123,33,2
3,s023,123,38,1
3,s023,123,27,22
3,s023,123,26,3
3,s023,123,25,7
3,s023,123,24,1
3,s023,123,31,4
3,s023,123,30,3
3,s023,123,29,1
3,s023,123,19,2
3,s023,123,18,1
3,s023,123,17,1
3,s023,123,23,1
3,s023,123,11,3
3,s023,123,9,2
3,s023,123,8,1
3,s023,123,15,1
3,s023,123,12,1
3,s023,123,2,1
3,s024,80,80,987
3,s024,80,81,164
3,s024,80,82,124
3,s024,80,83,16
3,s024,80,84,160
3,s024,80,85,17
3,s024,80,86,13
3,s024,80,87,2
3,s024,80,88,148
3,s024,80,89,26
3,s024,80,90,20
3,s024,80,91,3
3,s024,80,92,19
3,s024,80,93,2
3,s024,80,94,4
3,s024,80,64,132
3,s024,80,65,25
3,s024,80,66,15
3,s024,80,67,1
3,s024,80,68,17
3,s024,80,69,5
3,s024,80,70,1
3,s024,80,72,26
3,s024,80,73,2
3,s024,80,74,1
3,s024,80,76,3
3,s024,80,77,1
3,s024,80,112,159
3,s024,80,113,34
3,s024,80,114,39
3,s024,80,115,5
3,s024,80,116,27
3,s024,80,117,3
3,s024,80,118,6
3,s024,80,120,19
3,s024,80,121,4
3,s024,80,122,5
3,s024,80,123,2
3,s024,80,124,2
3,s024,80,126,1
3,s024,80,127,1
3,s024,80,96,17
3,s024,80,97,1
3,s024,80,98,5
3,s024,80,99,1
3,s024,80,100,2
3,s024,80,101,1
3,s024,80,102,1
3,s024,80,104,6
3,s024,80,105,1
3,s024,80,106,1
3,s024,80,16,158
3,s024,80,17,54
3,s024,80,18,21
3,s024,80,19,7
3,s024,80,20,30
3,s024,80,21,13
3,s024,80,22,5
3,s024,80,23,1
3,s024,80,24,24
3,s024,80,25,11
3,s024,80,26,4
3,s024,80,28,10
3,s024,80,29,3
3,s024,80,30,2
3,s024,80,31,2
3,s024,80,0,24
3,s024,80,1,7
3,s024,80,2,3
3,s024,80,4,3
3,s024,80,5,4
3,s024,80,6,1
3,s024,80,8,4
3,s024,80,9,2
3,s024,80,11,1
3,s024,80,12,1
3,s024,80,13,1
3,s024,80,48,29
3,s024,80,49,7
3,s024,80,50,1
3,s024,80,51,1
3,s024,80,52,5
3,s024,80,53,2
3,s024,80,56,4
3,s024,80,57,1
3,s024,80,58,1
3,s024,80,60,1
3,s024,80,32,5
3,s024,80,36,4
3,s024,80,37,1
3,s024,80,40,1
3,s024,80,45,1
3,s025,76,76,1049
3,s025,76,77,152
3,s025,76,78,142
3,s025,76,79,17
3,s025,76,72,152
3,s025,76,73,25
3,s025,76,74,22
3,s025,76,75,4
3,s025,76,68,137
3,s025,76,69,24
3,s025,76,70,14
3,s025,76,71,4
3,s025,76,64,23
3,s025,76,65,3
3,s025,76,66,3
3,s025,76,92,140
3,s025,76,93,27
3,s025,76,94,19
3,s025,76,95,3
3,s025,76,88,14
3,s025,76,89,1
3,s025,76,90,1
3,s025,76,84,15
3,s025,76,85,6
3,s025,76,86,5
3,s025,76,80,5
3,s025,76,81,1
3,s025,76,82,1
3,s025,76,108,184
3,s025,76,109,25
3,s025,76,110,34
3,s025,76,111,5
3,s025,76,104,27
3,s025,76,105,1
3,s025,76,106,12
3,s025,76,100,26
3,s025,76,101,4
3,s025,76,102,7
3,s025,76,103,1
3,s025,76,96,2
3,s025,76,124,28
3,s025,76,125,3
3,s025,76,126,5
3,s025,76,127,1
3,s025,76,120,3
3,s025,76,116,2
3,s025,76,118,1
3,s025,76,12,152
3,s025,76,13,60
3,s025,76,14,13
3,s025,76,15,10
3,s025,76,8,32
3,s025,76,9,10
3,s025,76,10,3
3,s025,76,4,27
3,s025,76,5,6
3,s025,76,6,3
3,s025,76,0,3
3,s025,76,1,2
3,s025,76,2,1
3,s025,76,28,29
3,s025,76,29,10
3,s025,76,30,3
3,s025,76,24,4
3,s025,76,25,2
3,s025,76,26,1
3,s025,76,20,4
3,s025,76,22,1
3,s025,76,17,1
3,s025,76,18,1
3,s025,76,44,25
3,s025,76,45,6
3,s025,76,46,5
3,s025,76,47,2
3,s025,76,40,8
3,s025,76,43,2
3,s025,76,36,4
3,s025,76,37,3
3,s025,76,60,4
3,s025,76,62,2
3,s025,76,58,1
3,s026,80,80,959
3,s026,80,81,149
3,s026,80,82,131
3,s026,80,83,23
3,s026,80,84,153
3,s026,80,85,13
3,s026,80,86,23
3,s026,80,87,2
3,s026,80,88,170
3,s026,80,89,24
3,s026,80,90,21
3,s026,80,92,27
3,s026,80,93,1
3,s026,80,94,2
3,s026,80,95,1
3,s026,80,64,136
3,s026,80,65,23
3,s026,80,66,17
3,s026,80,67,4
3,s026,80,68,18
3,s026,80,69,5
3,s026,80,70,3
3,s026,80,71,1
3,s026,80,72,19
3,s026,80,73,4
3,s026,80,74,2
3,s026,80,76,1
3,s026,80,77,1
3,s026,80,78,2
3,s026,80,112,177
3,s026,80,113,27
3,s026,80,114,39
3,s026,80,115,5
3,s026,80,116,22
3,s026,80,117,2
3,s026,80,118,6
3,s026,80,120,26
3,s026,80,121,2
3,s026,80,122,2
3,s026,80,124,5
3,s026,80,125,1
3,s026,80,96,23
3,s026,80,97,8
3,s026,80,98,6
3,s026,80,99,1
3,s026,80,100,2
3,s026,80,102,2
3,s026,80,104,3
3,s026,80,106,1
3,s026,80,107,1
3,s026,80,108,1
3,s026,80,16,144
3,s026,80,17,49
3,s026,80,18,23
3,s026,80,19,5
3,s026,80,20,33
3,s026,80,21,10
3,s026,80,22,4
3,s026,80,23,2
3,s026,80,24,16
3,s026,80,25,7
3,s026,80,26,2
3,s026,80,28,5
3,s026,80,29,1
3,s026,80,0,17
3,s026,80,1,8
3,s026,80,2,4
3,s026,80,4,5
3,s026,80,5,2
3,s026,80,8,1
3,s026,80,9,2
3,s026,80,12,1
3,s026,80,13,1
3,s026,80,48,28
3,s026,80,49,13
3,s026,80,50,8
3,s026,80,51,1
3,s026,80,52,4
3,s026,80,53,4
3,s026,80,56,6
3,s026,80,58,1
3,s026,80,32,5
3,s026,80,33,1
3,s026,80,36,3
3,s026,80,38,1
3,s026,80,40,1
3,s027,45,45,1036
3,s027,45,44,173
3,s027,45,47,123
3,s027,45,46,22
3,s027,45,41,153
3,s027,45,40,23
3,s027,45,43,20
3,s027,45,42,2
3,s027,45,37,138
3,s027,45,36,23
3,s027,45,39,22
3,s027,45,38,3
3,s027,45,33,26
3,s027,45,32,2
3,s027,45,35,5
3,s027,45,61,136
3,s027,45,60,20
3,s027,45,63,19
3,s027,45,62,3
3,s027,45,57,19
3,s027,45,56,4
3,s027,45,59,1
3,s027,45,58,1
3,s027,45,53,23
3,s027,45,52,2
3,s027,45,55,2
3,s027,45,49,2
3,s027,45,13,175
3,s027,45,12,26
3,s027,45,15,27
3,s027,45,14,2
3,s027,45,9,23
3,s027,45,8,4
3,s027,45,11,1
3,s027,45,10,3
3,s027,45,5,30
3,s027,45,4,6
3,s027,45,7,7
3,s027,45,1,7
3,s027,45,0,1
3,s027,45,3,2
3,s027,45,29,25
3,s027,45,28,1
3,s027,45,31,3
3,s027,45,30,2
3,s027,45,25,2
3,s027,45,21,3
3,s027,45,17,4
3,s027,45,109,158
3,s027,45,108,41
3,s027,45,111,28
3,s027,45,110,6
3,s027,45,105,27
3,s027,45,104,7
3,s027,45,107,5
3,s027,45,106,2
3,s027,45,101,31
3,s027,45,100,5
3,s027,45,103,2
3,s027,45,102,1
3,s027,45,97,2
3,s027,45,96,3
3,s027,45,125,17
3,s027,45,124,8
3,s027,45,127,4
3,s027,45,121,4
3,s027,45,117,4
3,s027,45,119,1
3,s027,45,118,1
3,s027,45,112,1
3,s027,45,77,32
3,s027,45,76,7
3,s027,45,79,7
3,s027,45,78,1
3,s027,45,73,5
3,s027,45,72,1
3,s027,45,69,8
3,s027,45,64,1
3,s027,45,93,3
3,s027,45,92,1
3,s027,45,95,2
3,s027,45,88,1
3,s027,45,87,1
3,s027,45,81,1
3,s028,106,106,965
3,s028,106,107,126
3,s028,106,104,113
3,s028,106,105,9
3,s028,106,110,152
3,s028,106,111,22
3,s028,106,108,15
3,s028,106,109,2
3,s028,106,98,152
3,s028,106,99,27
3,s028,106,96,12
3,s028,106,97,5
3,s028,106,102,26
3,s028,106,103,4
3,s028,106,100,5
3,s028,106,122,120
3,s028,106,123,23
3,s028,106,120,19
3,s028,106,121,4
3,s028,106,126,14
3,s028,106,127,1
3,s028,106,124,6
3,s028,106,114,15
3,s028,106,115,3
3,s028,106,112,1
3,s028,106,118,1
3,s028,106,74,152
3,s028,106,75,29
3,s028,106,72,26
3,s028,106,73,6
3,s028,106,78,24
3,s028,106,79,5
3,s028,106,76,4
3,s028,106,77,2
3,s028,106,66,18
3,s028,106,67,3
3,s028,106,64,3
3,s028,106,65,1
3,s028,106,70,2
3,s028,106,68,2
3,s028,106,90,23
3,s028,106,91,6
3,s028,106,88,7
3,s028,106,89,1
3,s028,106,94,5
3,s028,106,92,1
3,s028,106,82,4
3,s028,106,81,1
3,s028,106,42,166
3,s028,106,43,48
3,s028,106,40,9
3,s028,106,41,4
3,s028,106,46,24
3,s028,106,47,5
3,s028,106,44,1
3,s028,106,45,2
3,s028,106,34,22
3,s028,106,35,5
3,s028,106,38,4
3,s028,106,39,1
3,s028,106,58,21
3,s028,106,59,3
3,s028,106,62,2
3,s028,106,50,3
3,s028,106,51,3
3,s028,106,48,1
3,s028,106,10,25
3,s028,106,11,7
3,s028,106,8,5
3,s028,106,14,8
3,s028,106,15,1
3,s028,106,12,3
3,s028,106,2,4
3,s028,106,3,4
3,s028,106,0,1
3,s028,106,1,2
3,s028,106,6,1
3,s028,106,27,1
3,s028,106,18,2
3,s028,106,19,1
3,s029,126,126,1056
3,s029,126,127,161
3,s029,126,124,126
3,s029,126,125,13
3,s029,126,122,151
3,s029,126,123,13
3,s029,126,120,19
3,s029,126,121,2
3,s029,126,118,139
3,s029,126,119,20
3,s029,126,116,21
3,s029,126,117,1
3,s029,126,114,15
3,s029,126,115,5
3,s029,126,112,3
3,s029,126,110,123
3,s029,126,111,26
3,s029,126,108,17
3,s029,126,109,1
3,s029,126,106,19
3,s029,126,107,9
3,s029,126,102,28
3,s029,126,103,3
3,s029,126,94,176
3,s029,126,95,21
3,s029,126,92,25
3,s029,126,93,5
3,s029,126,90,24
3,s029,126,91,1
3,s029,126,88,6
3,s029,126,89,2
3,s029,126,86,21
3,s029,126,87,4
3,s029,126,84,4
3,s029,126,85,1
3,s029,126,82,1
3,s029,126,80,1
3,s029,126,78,14
3,s029,126,79,1
3,s029,126,76,6
3,s029,126,77,1
3,s029,126,74,4
3,s029,126,72,1
3,s029,126,70,4
3,s029,126,62,172
3,s029,126,63,60
3,s029,126,60,29
3,s029,126,61,5
3,s029,126,58,44
3,s029,126,59,13
3,s029,126,56,6
3,s029,126,57,2
3,s029,126,54,27
3,s029,126,55,8
3,s029,126,52,4
3,s029,126,53,3
3,s029,126,50,5
3,s029,126,51,2
3,s029,126,46,15
3,s029,126,47,8
3,s029,126,44,2
3,s029,126,45,1
3,s029,126,42,2
3,s029,126,43,2
3,s029,126,38,1
3,s029,126,36,1
3,s029,126,34,1
3,s029,126,30,36
3,s029,126,31,8
3,s029,126,28,8
3,s029,126,29,3
3,s029,126,26,3
3,s029,126,24,2
3,s029,126,25,1
3,s029,126,22,5
3,s029,126,23,1
3,s029,126,20,1
3,s029,126,19,1
3,s029,126,17,1
3,s029,126,14,6
3,s029,126,15,2
3,s029,126,12,1
3,s029,126,7,1
3,s030,24,24,984
3,s030,24,25,152
3,s030,24,26,151
3,s030,24,27,23
3,s030,24,28,146
3,s030,24,29,26
3,s030,24,30,22
3,s030,24,31,3
3,s030,24,16,154
3,s030,24,17,14
3,s030,24,18,17
3,s030,24,19,4
3,s030,24,20,19
3,s030,24,21,2
3,s030,24,22,1
3,s030,24,8,144
3,s030,24,9,23
3,s030,24,10,20
3,s030,24,11,1
3,s030,24,12,25
3,s030,24,13,4
3,s030,24,14,2
3,s030,24,0,27
3,s030,24,1,1
3,s030,24,2,4
3,s030,24,4,2
3,s030,24,56,175
3,s030,24,57,20
3,s030,24,58,33
3,s030,24,59,5
3,s030,24,60,19
3,s030,24,61,2
3,s030,24,62,4
3,s030,24,48,18
3,s030,24,49,6
3,s030,24,50,3
3,s030,24,52,6
3,s030,24,53,2
3,s030,24,54,2
3,s030,24,40,17
3,s030,24,41,1
3,s030,24,42,2
3,s030,24,46,1
3,s030,24,32,3
3,s030,24,36,2
3,s030,24,88,167
3,s030,24,89,47
3,s030,24,90,19
3,s030,24,91,6
3,s030,24,92,27
3,s030,24,93,15
3,s030,24,94,2
3,s030,24,95,2
3,s030,24,80,26
3,s030,24,81,6
3,s030,24,82,3
3,s030,24,84,4
3,s030,24,85,2
3,s030,24,86,3
3,s030,24,72,15
3,s030,24,73,9
3,s030,24,74,5
3,s030,24,76,1
3,s030,24,78,2
3,s030,24,64,2
3,s030,24,65,2
3,s030,24,69,1
3,s030,24,70,1
3,s030,24,120,24
3,s030,24,121,8
3,s030,24,122,6
3,s030,24,123,3
3,s030,24,124,6
3,s030,24,126,1
3,s030,24,127,1
3,s030,24,112,10
3,s030,24,113,2
3,s030,24,114,3
3,s030,24,116,4
3,s030,24,117,1
3,s030,24,104,6
3,s030,24,106,1
3,s030,24,107,1
3,s030,24,108,3
3,s030,24,109,1
3,s031,64,64,963
3,s031,64,65,139
3,s031,64,66,124
3,s031,64,67,24
3,s031,64,68,129
3,s031,64,69,20
3,s031,64,70,16
3,s031,64,71,1
3,s031,64,72,138
3,s031,64,73,22
3,s031,64,74,20
3,s031,64,75,1
3,s031,64,76,22
3,s031,64,77,3
3,s031,64,78,1
3,s031,64,79,1
3,s031,64,80,127
3,s031,64,81,27
3,s031,64,82,17
3,s031,64,83,6
3,s031,64,84,13
3,s031,64,85,1
3,s031,64,86,3
3,s031,64,87,1
3,s031,64,88,24
3,s031,64,89,1
3,s031,64,90,1
3,s031,64,92,6
3,s031,64,95,1
3,s031,64,96,168
3,s031,64,97,33
3,s031,64,98,36
3,s031,64,99,3
3,s031,64,100,21
3,s031,64,101,5
3,s031,64,102,7
3,s031,64,104,30
3,s031,64,105,4
3,s031,64,106,7
3,s031,64,107,1
3,s031,64,108,4
3,s031,64,110,1
3,s031,64,112,22
3,s031,64,113,2
3,s031,64,114,4
3,s031,64,116,2
3,s031,64,117,2
3,s031,64,118,2
3,s031,64,119,1
3,s031,64,120,2
3,s031,64,121,1
3,s031,64,0,160
3,s031,64,1,50
3,s031,64,2,16
3,s031,64,3,7
3,s031,64,4,30
3,s031,64,5,10
3,s031,64,6,3
3,s031,64,7,1
3,s031,64,8,23
3,s031,64,9,9
3,s031,64,10,1
3,s031,64,11,1
3,s031,64,12,2
3,s031,64,13,3
3,s031,64,14,3
3,s031,64,15,1
3,s031,64,16,25
3,s031,64,17,8
3,s031,64,18,2
3,s031,64,19,1
3,s031,64,20,3
3,s031,64,24,6
3,s031,64,25,2
3,s031,64,26,2
3,s031,64,30,1
3,s031,64,32,18
3,s031,64,33,9
3,s031,64,34,7
3,s031,64,35,3
3,s031,64,36,6
3,s031,64,40,4
3,s031,64,48,3
3,s031,64,49,1
3,s031,64,50,3
3,s031,64,52,1
3,s032,111,111,990
3,s032,111,110,140
3,s032,111,109,123
3,s032,111,108,17
3,s032,111,107,154
3,s032,111,106,26
3,s032,111,105,20
3,s032,111,104,1
3,s032,111,103,136
3,s032,111,102,22
3,s032,111,101,11
3,s032,111,100,2
3,s032,111,99,28
3,s032,111,97,3
3,s032,111,127,112
3,s032,111,126,27
3,s032,111,125,23
3,s032,111,124,2
3,s032,111,123,22
3,s032,111,122,2
3,s032,111,121,8
3,s032,111,119,19
3,s032,111,118,5
3,s032,111,117,3
3,s032,111,115,1
3,s032,111,79,178
3,s032,111,78,20
3,s032,111,77,34
3,s032,111,76,10
3,s032,111,75,13
3,s032,111,74,3
3,s032,111,73,8
3,s032,111,72,2
3,s032,111,71,17
3,s032,111,70,3
3,s032,111,69,2
3,s032,111,68,2
3,s032,111,67,3
3,s032,111,65,1
3,s032,111,95,23
3,s032,111,94,5
3,s032,111,93,7
3,s032,111,91,2
3,s032,111,87,5
3,s032,111,84,1
3,s032,111,83,3
3,s032,111,81,1
3,s032,111,47,161
3,s032,111,46,48
3,s032,111,45,23
3,s032,111,44,5
3,s032,111,43,32
3,s032,111,42,7
3,s032,111,41,5
3,s032,111,40,1
3,s032,111,39,26
3,s032,111,38,10
3,s032,111,37,3
3,s032,111,36,1
3,s032,111,35,4
3,s032,111,34,2
3,s032,111,63,22
3,s032,111,62,2
3,s032,111,61,3
3,s032,111,60,1
3,s032,111,59,10
3,s032,111,55,4
3,s032,111,51,1
3,s032,111,49,1
3,s032,111,15,26
3,s032,111,14,9
3,s032,111,13,4
3,s032,111,12,1
3,s032,111,11,5
3,s032,111,7,3
3,s032,111,6,1
3,s032,111,5,1
3,s032,111,4,1
3,s032,111,1,1
3,s032,111,31,6
3,s032,111,30,1
3,s032,111,28,1
3,s032,111,27,1
3,s033,113,113,1012
3,s033,113,112,158
3,s033,113,115,124
3,s033,113,114,21
3,s033,113,117,128
3,s033,113,116,21
3,s033,113,119,17
3,s033,113,118,4
3,s033,113,121,133
3,s033,113,120,22
3,s033,113,123,12
3,s033,113,125,26
3,s033,113,124,3
3,s033,113,127,3
3,s033,113,97,144
3,s033,113,96,20
3,s033,113,99,20
3,s033,113,101,12
3,s033,113,100,4
3,s033,113,103,3
3,s033,113,105,27
3,s033,113,104,4
3,s033,113,107,2
3,s033,113,106,1
3,s033,113,109,2
3,s033,113,81,162
3,s033,113,80,32
3,s033,113,83,31
3,s033,113,82,3
3,s033,113,85,21
3,s033,113,87,4
3,s033,113,89,18
3,s033,113,88,4
3,s033,113,91,7
3,s033,113,93,3
3,s033,113,95,1
3,s033,113,65,24
3,s033,113,64,10
3,s033,113,67,6
3,s033,113,66,1
3,s033,113,69,3
3,s033,113,68,1
3,s033,113,71,2
3,s033,113,73,6
3,s033,113,76,1
3,s033,113,49,167
3,s033,113,48,52
3,s033,113,51,23
3,s033,113,50,4
3,s033,113,53,34
3,s033,113,52,8
3,s033,113,55,2
3,s033,113,54,1
3,s033,113,57,28
3,s033,113,56,8
3,s033,113,59,5
3,s033,113,58,1
3,s033,113,61,6
3,s033,113,60,3
3,s033,113,33,15
3,s033,113,32,8
3,s033,113,35,1
3,s033,113,34,1
3,s033,113,37,6
3,s033,113,39,2
3,s033,113,41,5
3,s033,113,40,1
3,s033,113,44,1
3,s033,113,17,21
3,s033,113,16,9
3,s033,113,19,6
3,s033,113,18,1
3,s033,113,21,9
3,s033,113,20,2
3,s033,113,25,6
3,s033,113,26,1
3,s033,113,29,1
3,s033,113,30,1
3,s033,113,1,4
3,s033,113,0,2
3,s033,113,6,1
3,s033,113,9,2
3,s034,125,125,963
3,s034,125,124,135
3,s034,125,127,113
3,s034,125,126,15
3,s034,125,121,141
3,s034,125,120,18
3,s034,125,123,15
3,s034,125,122,3
3,s034,125,117,140
3,s034,125,116,16
3,s034,125,119,13
3,s034,125,118,3
3,s034,125,113,18
3,s034,125,112,4
3,s034,125,115,2
3,s034,125,109,141
3,s034,125,108,24
3,s034,125,111,12
3,s034,125,110,1
3,s034,125,105,23
3,s034,125,104,1
3,s034,125,101,19
3,s034,125,100,1
3,s034,125,103,4
3,s034,125,97,4
3,s034,125,96,2
3,s034,125,99,1
3,s034,125,93,163
3,s034,125,92,22
3,s034,125,95,39
3,s034,125,94,3
3,s034,125,89,23
3,s034,125,88,7
3,s034,125,91,4
3,s034,125,85,22
3,s034,125,84,2
3,s034,125,87,4
3,s034,125,86,2
3,s034,125,81,3
3,s034,125,80,1
3,s034,125,83,1
3,s034,125,77,20
3,s034,125,76,3
3,s034,125,79,4
3,s034,125,73,3
3,s034,125,72,2
3,s034,125,75,3
3,s034,125,69,2
3,s034,125,68,1
3,s034,125,61,176
3,s034,125,60,49
3,s034,125,63,25
3,s034,125,62,11
3,s034,125,57,28
3,s034,125,56,8
3,s034,125,59,3
3,s034,125,58,3
3,s034,125,53,16
3,s034,125,52,6
3,s034,125,55,3
3,s034,125,54,1
3,s034,125,49,1
3,s034,125,48,2
3,s034,125,45,19
3,s034,125,44,10
3,s034,125,47,2
3,s034,125,41,4
3,s034,125,40,1
3,s034,125,43,2
3,s034,125,42,1
3,s034,125,37,2
3,s034,125,36,2
3,s034,125,39,1
3,s034,125,29,20
3,s034,125,28,8
3,s034,125,31,5
3,s034,125,30,3
3,s034,125,25,4
3,s034,125,21,3
3,s034,125,20,4
3,s034,125,17,3
3,s034,125,13,2
3,s034,125,9,1
3,s035,23,23,903
3,s035,23,22,174
3,s035,23,21,115
3,s035,23,20,16
3,s035,23,19,142
3,s035,23,18,26
3,s035,23,17,13
3,s035,23,16,1
3,s035,23,31,144
3,s035,23,30,28
3,s035,23,29,24
3,s035,23,28,1
3,s035,23,27,18
3,s035,23,26,1
3,s035,23,25,2
3,s035,23,7,133
3,s035,23,6,14
3,s035,23,5,12
3,s035,23,4,2
3,s035,23,3,19
3,s035,23,0,2
3,s035,23,15,25
3,s035,23,14,2
3,s035,23,13,2
3,s035,23,12,1
3,s035,23,11,7
3,s035,23,55,154
3,s035,23,54,28
3,s035,23,53,28
3,s035,23,52,4
3,s035,23,51,26
3,s035,23,50,5
3,s035,23,49,11
3,s035,23,48,3
3,s035,23,63,26
3,s035,23,62,6
3,s035,23,61,7
3,s035,23,59,4
3,s035,23,58,3
3,s035,23,39,18
3,s035,23,38,4
3,s035,23,37,2
3,s035,23,35,1
3,s035,23,34,1
3,s035,23,47,3
3,s035,23,46,1
3,s035,23,43,1
3,s035,23,42,1
3,s035,23,87,155
3,s035,23,86,43
3,s035,23,85,20
3,s035,23,84,7
3,s035,23,83,38
3,s035,23,82,14
3,s035,23,81,2
3,s035,23,80,1
3,s035,23,95,19
3,s035,23,94,3
3,s035,23,93,4
3,s035,23,92,2
3,s035,23,91,6
3,s035,23,90,1
3,s035,23,71,22
3,s035,23,70,7
3,s035,23,69,4
3,s035,23,68,1
3,s035,23,67,3
3,s035,23,66,3
3,s035,23,64,1
3,s035,23,79,3
3,s035,23,119,27
3,s035,23,118,8
3,s035,23,117,4
3,s035,23,116,3
3,s035,23,115,5
3,s035,23,114,3
3,s035,23,127,4
3,s035,23,126,2
3,s035,23,125,1
3,s035,23,103,5
3,s035,23,101,1
3,s035,23,99,1
5,s000,118,118,638
5,s000,118,119,159
5,s000,118,116,115
5,s000,118,117,37
5,s000,118,114,157
5,s000,118,115,21
5,s000,118,112,28
5,s000,118,113,7
5,s000,118,126,140
5,s000,118,127,26
5,s000,118,124,29
5,s000,118,125,9
5,s000,118,122,45
5,s000,118,123,7
5,s000,118,120,11
5,s000,118,121,2
5,s000,118,102,141
5,s000,118,103,43
5,s000,118,100,32
5,s000,118,101,7
5,s000,118,98,36
5,s000,118,99,8
5,s000,118,96,7
5,s000,118,97,2
5,s000,118,110,32
5,s000,118,111,12
5,s000,118,108,4
5,s000,118,106,8
5,s000,118,107,1
5,s000,118,104,2
5,s000,118,86,140
5,s000,118,87,42
5,s000,118,84,38
5,s000,118,85,9
5,s000,118,82,32
5,s000,118,83,6
5,s000,118,80,12
5,s000,118,81,1
5,s000,118,94,50
5,s000,118,95,6
5,s000,118,92,9
5,s000,118,93,1
5,s000,118,90,5
5,s000,118,91,2
5,s000,118,88,4
5,s000,118,70,24
5,s000,118,71,8
5,s000,118,68,5
5,s000,118,69,3
5,s000,118,66,1
5,s000,118,67,2
5,s000,118,64,2
5,s000,118,65,2
5,s000,118,78,8
5,s000,118,79,3
5,s000,118,76,1
5,s000,118,77,1
5,s000,118,74,2
5,s000,118,54,157
5,s000,118,55,67
5,s000,118,52,44
5,s000,118,53,9
5,s000,118,50,47
5,s000,118,51,12
5,s000,118,48,3
5,s000,118,49,4
5,s000,118,62,19
5,s000,118,63,15
5,s000,118,60,3
5,s000,118,61,6
5,s000,118,58,8
5,s000,118,59,6
5,s000,118,56,2
5,s000,118,57,1
5,s000,118,38,30
5,s000,118,39,15
5,s000,118,36,9
5,s000,118,37,6
5,s000,118,34,6
5,s000,118,35,4
5,s000,118,32,2
5,s000,118,33,1
5,s000,118,46,10
5,s000,118,47,4
5,s000,118,44,4
5,s000,118,43,1
5,s000,118,22,48
5,s000,118,23,8
5,s000,118,20,12
5,s000,118,21,3
5,s000,118,18,11
5,s000,118,19,2
5,s000,118,16,4
5,s000,118,17,1
5,s000,118,30,12
5,s000,118,31,4
5,s000,118,28,6
5,s000,118,26,1
5,s000,118,6,6
5,s000,118,7,3
5,s000,118,4,5
5,s000,118,5,1
5,s000,118,14,3
5,s001,74,74,610
5,s001,74,75,156
5,s001,74,72,135
5,s001,74,73,34
5,s001,74,78,134
5,s001,74,79,31
5,s001,74,76,24
5,s001,74,77,6
5,s001,74,66,147
5,s001,74,67,33
5,s001,74,64,28
5,s001,74,65,10
5,s001,74,70,37
5,s001,74,71,7
5,s001,74,68,9
5,s001,74,69,2
5,s001,74,90,144
5,s001,74,91,37
5,s001,74,88,27
5,s001,74,89,5
5,s001,74,94,32
5,s001,74,95,8
5,s001,74,92,5
5,s001,74,93,1
5,s001,74,82,32
5,s001,74,83,11
5,s001,74,80,4
5,s001,74,81,2
5,s001,74,86,9
5,s001,74,84,2
5,s001,74,106,165
5,s001,74,107,27
5,s001,74,104,29
5,s001,74,105,9
5,s001,74,110,36
5,s001,74,111,6
5,s001,74,108,11
5,s001,74,109,1
5,s001,74,98,28
5,s001,74,99,2
5,s001,74,96,10
5,s001,74,97,1
5,s001,74,102,2
5,s001,74,103,3
5,s001,74,100,1
5,s001,74,101,1
5,s001,74,122,36
5,s001,74,123,10
5,s001,74,120,6
5,s001,74,121,2
5,s001,74,126,9
5,s001,74,127,2
5,s001,74,124,3
5,s001,74,114,6
5,s001,74,115,3
5,s001,74,112,1
5,s001,74,10,159
5,s001,74,11,67
5,s001,74,8,34
5,s001,74,9,9
5,s001,74,14,39
5,s001,74,15,19
5,s001,74,12,10
5,s001,74,13,4
5,s001,74,2,36
5,s001,74,3,14
5,s001,74,0,6
5,s001,74,1,1
5,s001,74,6,10
5,s001,74,7,4
5,s001,74,4,2
5,s001,74,26,36
5,s001,74,27,9
5,s001,74,24,10
5,s001,74,25,2
5,s001,74,30,9
5,s001,74,31,5
5,s001,74,28,1
5,s001,74,18,5
5,s001,74,19,3
5,s001,74,16,2
5,s001,74,17,1
5,s001,74,22,4
5,s001,74,20,1
5,s001,74,42,40
5,s001,74,43,21
5,s001,74,40,8
5,s001,74,41,3
5,s001,74,46,10
5,s001,74,47,1
5,s001,74,44,4
5,s001,74,34,14
5,s001,74,35,5
5,s001,74,38,1
5,s001,74,39,3
5,s001,74,58,12
5,s001,74,59,8
5,s001,74,56,1
5,s001,74,57,1
5,s001,74,62,3
5,s001,74,63,3
5,s001,74,50,1
5,s001,74,51,3
5,s001,74,48,1
5,s001,74,54,1
5,s002,59,59,626
5,s002,59,58,125
5,s002,59,57,118
5,s002,59,56,31
5,s002,59,63,144
5,s002,59,62,35
5,s002,59,61,37
5,s002,59,60,9
5,s002,59,51,149
5,s002,59,50,31
5,s002,59,49,27
5,s002,59,48,6
5,s002,59,55,31
5,s002,59,54,5
5,s002,59,53,7
5,s002,59,43,150
5,s002,59,42,36
5,s002,59,41,35
5,s002,59,40,8
5,s002,59,47,33
5,s002,59,46,12
5,s002,59,45,8
5,s002,59,44,1
5,s002,59,35,25
5,s002,59,34,5
5,s002,59,33,4
5,s002,59,39,6
5,s002,59,38,2
5,s002,59,37,1
5,s002,59,36,1
5,s002,59,27,167
5,s002,59,26,47
5,s002,59,25,54
5,s002,59,24,18
5,s002,59,31,38
5,s002,59,30,3
5,s002,59,29,9
5,s002,59,28,2
5,s002,59,19,39
5,s002,59,18,15
5,s002,59,17,12
5,s002,59,16,1
5,s002,59,23,7
5,s002,59,22,3
5,s002,59,21,1
5,s002,59,11,53
5,s002,59,10,5
5,s002,59,9,10
5,s002,59,8,1
5,s002,59,15,7
5,s002,59,14,2
5,s002,59,13,2
5,s002,59,12,1
5,s002,59,3,10
5,s002,59,2,1
5,s002,59,6,1
5,s002,59,5,1
5,s002,59,123,162
5,s002,59,122,65
5,s002,59,121,29
5,s002,59,120,14
5,s002,59,127,41
5,s002,59,126,18
5,s002,59,125,4
5,s002,59,124,3
5,s002,59,115,35
5,s002,59,114,11
5,s002,59,113,9
5,s002,59,112,3
5,s002,59,119,10
5,s002,59,118,3
5,s002,59,117,1
5,s002,59,116,1
5,s002,59,107,33
5,s002,59,106,14
5,s002,59,105,8
5,s002,59,104,2
5,s002,59,111,6
5,s002,59,110,4
5,s002,59,109,2
5,s002,59,108,1
5,s002,59,99,7
5,s002,59,98,4
5,s002,59,103,2
5,s002,59,102,2
5,s002,59,91,32
5,s002,59,90,20
5,s002,59,89,9
5,s002,59,88,3
5,s002,59,95,8
5,s002,59,94,3
5,s002,59,92,2
5,s002,59,83,11
5,s002,59,82,2
5,s002,59,81,4
5,s002,59,80,1
5,s002,59,87,1
5,s002,59,86,1
5,s002,59,75,15
5,s002,59,74,1
5,s002,59,73,1
5,s002,59,79,7
5,s002,59,76,1
5,s002,59,64,1
5,s002,59,71,1
5,s003,19,19,634
5,s003,19,18,138
5,s003,19,17,110
5,s003,19,16,30
5,s003,19,23,145
5,s003,19,22,38
5,s003,19,21,29
5,s003,19,20,6
5,s003,19,27,139
5,s003,19,26,48
5,s003,19,25,38
5,s003,19,24,10
5,s003,19,31,29
5,s003,19,30,3
5,s003,19,29,9
5,s003,19,28,2
5,s003,19,3,136
5,s003,19,2,30
5,s003,19,1,35
5,s003,19,0,5
5,s003,19,7,32
5,s003,19,6,8
5,s003,19,5,1
5,s003,19,4,2
5,s003,19,11,34
5,s003,19,10,6
5,s003,19,9,7
5,s003,19,15,8
5,s003,19,14,1
5,s003,19,13,1
5,s003,19,51,173
5,s003,19,50,40
5,s003,19,49,43
5,s003,19,48,9
5,s003,19,55,28
5,s003,19,54,5
5,s003,19,53,8
5,s003,19,52,1
5,s003,19,59,46
5,s003,19,58,5
5,s003,19,57,9
5,s003,19,56,1
5,s003,19,63,8
5,s003,19,62,2
5,s003,19,61,2
5,s003,19,60,1
5,s003,19,35,38
5,s003,19,34,10
5,s003,19,33,15
5,s003,19,32,1
5,s003,19,39,5
5,s003,19,38,2
5,s003,19,37,4
5,s003,19,43,7
5,s003,19,41,4
5,s003,19,46,1
5,s003,19,83,150
5,s003,19,82,77
5,s003,19,81,24
5,s003,19,80,12
5,s003,19,87,37
5,s003,19,86,23
5,s003,19,85,11
5,s003,19,84,4
5,s003,19,91,29
5,s003,19,90,22
5,s003,19,89,9
5,s003,19,88,3
5,s003,19,95,12
5,s003,19,94,5
5,s003,19,93,4
5,s003,19,67,34
5,s003,19,66,16
5,s003,19,65,2
5,s003,19,64,1
5,s003,19,71,14
5,s003,19,70,4
5,s003,19,68,1
5,s003,19,75,8
5,s003,19,74,4
5,s003,19,73,1
5,s003,19,79,3
5,s003,19,78,2
5,s003,19,76,1
5,s003,19,115,38
5,s003,19,114,20
5,s003,19,113,9
5,s003,19,112,9
5,s003,19,119,9
5,s003,19,118,5
5,s003,19,117,6
5,s003,19,116,3
5,s003,19,123,8
5,s003,19,122,2
5,s003,19,121,6
5,s003,19,127,5
5,s003,19,126,3
5,s003,19,99,6
5,s003,19,97,1
5,s003,19,103,1
5,s003,19,100,1
5,s003,19,107,4
5,s003,19,106,1
5,s003,19,105,1
5,s004,117,117,622
5,s004,117,116,162
5,s004,117,119,123
5,s004,117,118,27
5,s004,117,113,131
5,s004,117,112,40
5,s004,117,115,28
5,s004,117,114,10
5,s004,117,125,127
5,s004,117,124,32
5,s004,117,127,28
5,s004,117,126,8
5,s004,117,121,24
5,s004,117,120,6
5,s004,117,123,7
5,s004,117,122,4
5,s004,117,101,106
5,s004,117,100,20
5,s004,117,103,34
5,s004,117,102,5
5,s004,117,97,32
5,s004,117,96,4
5,s004,117,99,7
5,s004,117,98,2
5,s004,117,109,39
5,s004,117,108,10
5,s004,117,111,6
5,s004,117,110,1
5,s004,117,105,7
5,s004,117,104,2
5,s004,117,107,2
5,s004,117,85,157
5,s004,117,84,30
5,s004,117,87,43
5,s004,117,86,16
5,s004,117,81,43
5,s004,117,80,9
5,s004,117,83,14
5,s004,117,82,3
5,s004,117,93,34
5,s004,117,92,8
5,s004,117,95,9
5,s004,117,89,9
5,s004,117,88,2
5,s004,117,91,4
5,s004,117,90,1
5,s004,117,69,40
5,s004,117,68,8
5,s004,117,71,20
5,s004,117,70,1
5,s004,117,65,8
5,s004,117,64,4
5,s004,117,67,3
5,s004,117,77,5
5,s004,117,76,1
5,s004,117,79,4
5,s004,117,78,1
5,s004,117,75,1
5,s004,117,53,152
5,s004,117,52,44
5,s004,117,55,26
5,s004,117,54,15
5,s004,117,49,39
5,s004,117,48,17
5,s004,117,51,9
5,s004,117,50,5
5,s004,117,61,41
5,s004,117,60,13
5,s004,117,63,6
5,s004,117,62,2
5,s004,117,57,6
5,s004,117,56,5
5,s004,117,37,37
5,s004,117,36,12
5,s004,117,39,5
5,s004,117,38,2
5,s004,117,33,13
5,s004,117,32,8
5,s004,117,35,2
5,s004,117,45,11
5,s004,117,44,2
5,s004,117,47,1
5,s004,117,46,2
5,s004,117,41,1
5,s004,117,21,45
5,s004,117,20,15
5,s004,117,23,9
5,s004,117,22,1
5,s004,117,17,4
5,s004,117,16,4
5,s004,117,19,2
5,s004,117,29,13
5,s004,117,28,2
5,s004,117,31,2
5,s004,117,30,3
5,s004,117,25,2
5,s004,117,26,1
5,s004,117,5,6
5,s004,117,4,3
5,s004,117,1,5
5,s004,117,13,5
5,s004,117,12,1
5,s004,117,15,1
5,s004,117,8,1
5,s005,102,102,608
5,s005,102,103,154
5,s005,102,100,123
5,s005,102,101,22
5,s005,102,98,134
5,s005,102,99,25
5,s005,102,96,34
5,s005,102,97,9
5,s005,102,110,115
5,s005,102,111,38
5,s005,102,108,29
5,s005,102,109,10
5,s005,102,106,22
5,s005,102,107,9
5,s005,102,104,5
5,s005,102,105,2
5,s005,102,118,159
5,s005,102,119,37
5,s005,102,116,30
5,s005,102,117,6
5,s005,102,114,39
5,s005,102,115,12
5,s005,102,112,9
5,s005,102,113,3
5,s005,102,126,21
5,s005,102,127,7
5,s005,102,124,2
5,s005,102,122,9
5,s005,102,123,3
5,s005,102,120,2
5,s005,102,70,153
5,s005,102,71,18
5,s005,102,68,46
5,s005,102,69,5
5,s005,102,66,49
5,s005,102,67,15
5,s005,102,64,14
5,s005,102,65,1
5,s005,102,78,35
5,s005,102,79,8
5,s005,102,76,11
5,s005,102,77,2
5,s005,102,74,9
5,s005,102,73,1
5,s005,102,86,38
5,s005,102,87,10
5,s005,102,84,11
5,s005,102,85,3
5,s005,102,82,11
5,s005,102,83,2
5,s005,102,81,1
5,s005,102,94,6
5,s005,102,95,1
5,s005,102,88,3
5,s005,102,38,166
5,s005,102,39,58
5,s005,102,36,26
5,s005,102,37,11
5,s005,102,34,39
5,s005,102,35,17
5,s005,102,32,14
5,s005,102,33,4
5,s005,102,46,36
5,s005,102,47,6
5,s005,102,44,5
5,s005,102,45,4
5,s005,102,42,4
5,s005,102,43,1
5,s005,102,40,1
5,s005,102,54,46
5,s005,102,55,14
5,s005,102,52,2
5,s005,102,53,2
5,s005,102,50,11
5,s005,102,51,3
5,s005,102,48,2
5,s005,102,62,5
5,s005,102,63,1
5,s005,102,60,1
5,s005,102,61,2
5,s005,102,58,5
5,s005,102,6,42
5,s005,102,7,19
5,s005,102,4,20
5,s005,102,5,1
5,s005,102,2,12
5,s005,102,3,3
5,s005,102,0,4
5,s005,102,1,2
5,s005,102,14,11
5,s005,102,15,5
5,s005,102,12,1
5,s005,102,13,2
5,s005,102,10,2
5,s005,102,11,1
5,s005,102,22,7
5,s005,102,23,4
5,s005,102,20,3
5,s005,102,21,1
5,s005,102,18,2
5,s005,102,19,3
5,s005,102,16,2
5,s005,102,17,1
5,s005,102,27,1
5,s006,126,126,572
5,s006,126,127,116
5,s006,126,124,122
5,s006,126,125,29
5,s006,126,122,147
5,s006,126,123,32
5,s006,126,120,27
5,s006,126,121,5
5,s006,126,118,122
5,s006,126,119,38
5,s006,126,116,19
5,s006,126,117,5
5,s006,126,114,24
5,s006,126,115,5
5,s006,126,112,9
5,s006,126,113,2
5,s006,126,110,128
5,s006,126,111,26
5,s006,126,108,21
5,s006,126,109,2
5,s006,126,106,34
5,s006,126,107,7
5,s006,126,104,10
5,s006,126,105,3
5,s006,126,102,38
5,s006,126,103,5
5,s006,126,100,9
5,s006,126,101,2
5,s006,126,98,6
5,s006,126,99,3
5,s006,126,96,1
5,s006,126,94,142
5,s006,126,95,38
5,s006,126,92,38
5,s006,126,93,11
5,s006,126,90,36
5,s006,126,91,8
5,s006,126,88,10
5,s006,126,86,31
5,s006,126,87,6
5,s006,126,84,14
5,s006,126,85,2
5,s006,126,82,1
5,s006,126,83,1
5,s006,126,78,25
5,s006,126,79,7
5,s006,126,76,8
5,s006,126,77,5
5,s006,126,74,10
5,s006,126,72,1
5,s006,126,73,2
5,s006,126,70,6
5,s006,126,71,1
5,s006,126,68,4
5,s006,126,66,1
5,s006,126,67,1
5,s006,126,64,2
5,s006,126,65,1
5,s006,126,62,159
5,s006,126,63,51
5,s006,126,60,36
5,s006,126,61,12
5,s006,126,58,43
5,s006,126,59,13
5,s006,126,56,6
5,s006,126,57,3
5,s006,126,54,29
5,s006,126,55,9
5,s006,126,52,7
5,s006,126,53,1
5,s006,126,50,11
5,s006,126,51,3
5,s006,126,48,3
5,s006,126,46,34
5,s006,126,47,18
5,s006,126,44,9
5,s006,126,45,3
5,s006,126,42,7
5,s006,126,43,1
5,s006,126,40,2
5,s006,126,41,1
5,s006,126,38,8
5,s006,126,39,2
5,s006,126,36,1
5,s006,126,37,1
5,s006,126,34,2
5,s006,126,35,1
5,s006,126,30,35
5,s006,126,31,17
5,s006,126,28,17
5,s006,126,29,8
5,s006,126,26,9
5,s006,126,27,2
5,s006,126,24,4
5,s006,126,25,1
5,s006,126,22,8
5,s006,126,23,3
5,s006,126,18,2
5,s006,126,17,1
5,s006,126,14,8
5,s006,126,15,4
5,s006,126,13,1
5,s006,126,10,5
5,s006,126,8,1
5,s006,126,9,1
5,s006,126,6,1
5,s006,126,7,1
5,s007,108,108,590
5,s007,108,109,156
5,s007,108,110,102
5,s007,108,111,23
5,s007,108,104,145
5,s007,108,105,22
5,s007,108,106,18
5,s007,108,107,6
5,s007,108,100,128
5,s007,108,101,29
5,s007,108,102,34
5,s007,108,103,5
5,s007,108,96,22
5,s007,108,97,3
5,s007,108,98,8
5,s007,108,124,124
5,s007,108,125,28
5,s007,108,126,32
5,s007,108,127,6
5,s007,108,120,23
5,s007,108,121,4
5,s007,108,122,13
5,s007,108,123,1
5,s007,108,116,27
5,s007,108,117,7
5,s007,108,118,2
5,s007,108,112,7
5,s007,108,113,2
5,s007,108,76,168
5,s007,108,77,25
5,s007,108,78,41
5,s007,108,79,10
5,s007,108,72,44
5,s007,108,73,5
5,s007,108,74,9
5,s007,108,75,2
5,s007,108,68,34
5,s007,108,69,12
5,s007,108,70,11
5,s007,108,71,2
5,s007,108,64,11
5,s007,108,65,2
5,s007,108,66,3
5,s007,108,67,1
5,s007,108,92,31
5,s007,108,93,7
5,s007,108,94,9
5,s007,108,95,2
5,s007,108,88,11
5,s007,108,89,2
5,s007,108,90,2
5,s007,108,91,2
5,s007,108,84,9
5,s007,108,86,2
5,s007,108,80,2
5,s007,108,44,145
5,s007,108,45,73
5,s007,108,46,24
5,s007,108,47,14
5,s007,108,40,42
5,s007,108,41,12
5,s007,108,42,9
5,s007,108,43,2
5,s007,108,36,36
5,s007,108,37,15
5,s007,108,38,8
5,s007,108,39,2
5,s007,108,32,13
5,s007,108,33,5
5,s007,108,34,1
5,s007,108,60,26
5,s007,108,61,16
5,s007,108,62,4
5,s007,108,63,3
5,s007,108,56,8
5,s007,108,57,2
5,s007,108,58,2
5,s007,108,59,1
5,s007,108,52,9
5,s007,108,53,4
5,s007,108,54,2
5,s007,108,48,1
5,s007,108,50,1
5,s007,108,12,48
5,s007,108,13,24
5,s007,108,14,7
5,s007,108,15,2
5,s007,108,8,6
5,s007,108,9,4
5,s007,108,4,6
5,s007,108,5,2
5,s007,108,6,1
5,s007,108,7,2
5,s007,108,1,2
5,s007,108,2,1
5,s007,108,3,1
5,s007,108,28,9
5,s007,108,29,2
5,s007,108,31,1
5,s007,108,24,1
5,s007,108,20,4
5,s007,108,21,1
5,s007,108,16,1
5,s008,27,27,611
5,s008,27,26,117
5,s008,27,25,134
5,s008,27,24,22
5,s008,27,31,146
5,s008,27,30,35
5,s008,27,29,20
5,s008,27,28,10
5,s008,27,19,158
5,s008,27,18,34
5,s008,27,17,19
5,s008,27,16,5
5,s008,27,23,41
5,s008,27,22,7
5,s008,27,21,7
5,s008,27,20,1
5,s008,27,11,142
5,s008,27,10,36
5,s008,27,9,26
5,s008,27,8,5
5,s008,27,15,26
5,s008,27,14,7
5,s008,27,13,7
5,s008,27,12,1
5,s008,27,3,32
5,s008,27,2,7
5,s008,27,1,3
5,s008,27,7,2
5,s008,27,6,1
5,s008,27,5,4
5,s008,27,59,153
5,s008,27,58,28
5,s008,27,57,47
5,s008,27,56,5
5,s008,27,63,41
5,s008,27,62,10
5,s008,27,61,9
5,s008,27,60,8
5,s008,27,51,29
5,s008,27,50,4
5,s008,27,49,13
5,s008,27,48,1
5,s008,27,55,4
5,s008,27,54,2
5,s008,27,53,2
5,s008,27,43,29
5,s008,27,42,5
5,s008,27,41,9
5,s008,27,40,1
5,s008,27,47,6
5,s008,27,46,2
5,s008,27,45,1
5,s008,27,35,6
5,s008,27,34,2
5,s008,27,33,5
5,s008,27,39,2
5,s008,27,91,158
5,s008,27,90,56
5,s008,27,89,46
5,s008,27,88,9
5,s008,27,95,51
5,s008,27,94,16
5,s008,27,93,10
5,s008,27,92,4
5,s008,27,83,40
5,s008,27,82,11
5,s008,27,81,8
5,s008,27,80,1
5,s008,27,87,13
5,s008,27,86,4
5,s008,27,75,36
5,s008,27,74,14
5,s008,27,73,6
5,s008,27,72,5
5,s008,27,79,10
5,s008,27,78,4
5,s008,27,77,1
5,s008,27,67,9
5,s008,27,66,4
5,s008,27,64,2
5,s008,27,71,1
5,s008,27,69,1
5,s008,27,123,33
5,s008,27,122,19
5,s008,27,121,9
5,s008,27,120,8
5,s008,27,127,10
5,s008,27,126,2
5,s008,27,125,6
5,s008,27,124,1
5,s008,27,115,8
5,s008,27,114,4
5,s008,27,113,1
5,s008,27,112,1
5,s008,27,119,3
5,s008,27,118,1
5,s008,27,117,2
5,s008,27,116,1
5,s008,27,107,9
5,s008,27,106,2
5,s008,27,105,3
5,s008,27,104,1
5,s008,27,111,6
5,s008,27,99,2
5,s009,21,21,641
5,s009,21,20,158
5,s009,21,23,117
5,s009,21,22,25
5,s009,21,17,129
5,s009,21,16,34
5,s009,21,19,29
5,s009,21,18,7
5,s009,21,29,128
5,s009,21,28,33
5,s009,21,31,38
5,s009,21,30,4
5,s009,21,25,28
5,s009,21,24,3
5,s009,21,27,3
5,s009,21,26,2
5,s009,21,5,133
5,s009,21,4,28
5,s009,21,7,26
5,s009,21,6,9
5,s009,21,1,22
5,s009,21,0,4
5,s009,21,3,1
5,s009,21,13,37
5,s009,21,12,6
5,s009,21,15,5
5,s009,21,14,1
5,s009,21,9,4
5,s009,21,8,3
5,s009,21,53,140
5,s009,21,52,27
5,s009,21,55,43
5,s009,21,54,10
5,s009,21,49,37
5,s009,21,48,9
5,s009,21,51,14
5,s009,21,50,2
5,s009,21,61,31
5,s009,21,60,11
5,s009,21,63,13
5,s009,21,62,2
5,s009,21,57,7
5,s009,21,56,1
5,s009,21,59,1
5,s009,21,37,28
5,s009,21,36,6
5,s009,21,39,8
5,s009,21,38,1
5,s009,21,33,7
5,s009,21,35,1
5,s009,21,34,2
5,s009,21,45,8
5,s009,21,44,2
5,s009,21,47,2
5,s009,21,85,154
5,s009,21,84,53
5,s009,21,87,31
5,s009,21,86,11
5,s009,21,81,39
5,s009,21,80,12
5,s009,21,83,9
5,s009,21,82,4
5,s009,21,93,37
5,s009,21,92,17
5,s009,21,95,6
5,s009,21,94,3
5,s009,21,89,4
5,s009,21,88,5
5,s009,21,91,2
5,s009,21,90,1
5,s009,21,69,40
5,s009,21,68,15
5,s009,21,71,7
5,s009,21,70,1
5,s009,21,65,5
5,s009,21,64,3
5,s009,21,67,1
5,s009,21,77,10
5,s009,21,76,3
5,s009,21,79,2
5,s009,21,73,2
5,s009,21,74,1
5,s009,21,117,52
5,s009,21,116,13
5,s009,21,119,11
5,s009,21,118,2
5,s009,21,113,11
5,s009,21,112,3
5,s009,21,115,6
5,s009,21,114,1
5,s009,21,125,8
5,s009,21,124,8
5,s009,21,127,2
5,s009,21,126,2
5,s009,21,121,1
5,s009,21,120,1
5,s009,21,101,13
5,s009,21,100,5
5,s009,21,103,2
5,s009,21,97,1
5,s009,21,96,1
5,s009,21,98,1
5,s009,21,109,4
5,s009,21,108,1
5,s010,44,44,593
5,s010,44,45,124
5,s010,44,46,127
5,s010,44,47,30
5,s010,44,40,115
5,s010,44,41,29
5,s010,44,42,36
5,s010,44,43,7
5,s010,44,36,142
5,s010,44,37,27
5,s010,44,38,34
5,s010,44,39,3
5,s010,44,32,28
5,s010,44,33,3
5,s010,44,34,6
5,s010,44,35,2
5,s010,44,60,162
5,s010,44,61,31
5,s010,44,62,24
5,s010,44,63,5
5,s010,44,56,22
5,s010,44,57,11
5,s010,44,58,6
5,s010,44,59,1
5,s010,44,52,24
5,s010,44,53,6
5,s010,44,54,5
5,s010,44,55,1
5,s010,44,48,9
5,s010,44,50,2
5,s010,44,12,169
5,s010,44,13,34
5,s010,44,14,43
5,s010,44,15,12
5,s010,44,8,36
5,s010,44,9,11
5,s010,44,10,13
5,s010,44,11,2
5,s010,44,4,41
5,s010,44,5,8
5,s010,44,6,12
5,s010,44,7,1
5,s010,44,0,3
5,s010,44,1,1
5,s010,44,2,2
5,s010,44,3,1
5,s010,44,28,43
5,s010,44,29,10
5,s010,44,30,12
5,s010,44,31,3
5,s010,44,24,9
5,s010,44,25,1
5,s010,44,20,7
5,s010,44,21,2
5,s010,44,22,2
5,s010,44,23,2
5,s010,44,16,2
5,s010,44,108,146
5,s010,44,109,58
5,s010,44,110,35
5,s010,44,111,11
5,s010,44,104,34
5,s010,44,105,14
5,s010,44,106,9
5,s010,44,107,3
5,s010,44,100,35
5,s010,44,101,12
5,s010,44,102,5
5,s010,44,103,2
5,s010,44,96,11
5,s010,44,97,4
5,s010,44,98,2
5,s010,44,124,22
5,s010,44,125,15
5,s010,44,126,12
5,s010,44,127,2
5,s010,44,120,10
5,s010,44,121,4
5,s010,44,116,8
5,s010,44,117,3
5,s010,44,118,2
5,s010,44,119,2
5,s010,44,112,2
5,s010,44,113,1
5,s010,44,76,36
5,s010,44,77,21
5,s010,44,78,6
5,s010,44,79,2
5,s010,44,72,9
5,s010,44,73,2
5,s010,44,74,3
5,s010,44,75,2
5,s010,44,68,8
5,s010,44,70,1
5,s010,44,64,2
5,s010,44,65,1
5,s010,44,66,1
5,s010,44,92,6
5,s010,44,93,2
5,s010,44,94,3
5,s010,44,95,2
5,s010,44,88,1
5,s010,44,91,2
5,s010,44,84,2
5,s010,44,85,1
5,s010,44,80,1
5,s011,23,23,635
5,s011,23,22,121
5,s011,23,21,124
5,s011,23,20,22
5,s011,23,19,140
5,s011,23,18,25
5,s011,23,17,31
5,s011,23,16,5
5,s011,23,31,140
5,s011,23,30,31
5,s011,23,29,21
5,s011,23,28,9
5,s011,23,27,34
5,s011,23,26,9
5,s011,23,25,15
5,s011,23,24,1
5,s011,23,7,149
5,s011,23,6,30
5,s011,23,5,29
5,s011,23,4,7
5,s011,23,3,28
5,s011,23,2,10
5,s011,23,1,4
5,s011,23,0,1
5,s011,23,15,19
5,s011,23,14,4
5,s011,23,13,5
5,s011,23,12,2
5,s011,23,11,5
5,s011,23,10,4
5,s011,23,9,5
5,s011,23,55,164
5,s011,23,54,45
5,s011,23,53,41
5,s011,23,52,12
5,s011,23,51,39
5,s011,23,50,9
5,s011,23,49,11
5,s011,23,48,6
5,s011,23,63,31
5,s011,23,62,12
5,s011,23,61,14
5,s011,23,60,2
5,s011,23,59,7
5,s011,23,58,4
5,s011,23,57,3
5,s011,23,56,1
5,s011,23,39,36
5,s011,23,38,6
5,s011,23,37,10
5,s011,23,36,4
5,s011,23,35,8
5,s011,23,33,1
5,s011,23,47,9
5,s011,23,46,1
5,s011,23,45,4
5,s011,23,43,1
5,s011,23,87,157
5,s011,23,86,61
5,s011,23,85,30
5,s011,23,84,10
5,s011,23,83,46
5,s011,23,82,8
5,s011,23,81,11
5,s011,23,80,5
5,s011,23,95,28
5,s011,23,94,18
5,s011,23,93,14
5,s011,23,92,2
5,s011,23,91,8
5,s011,23,90,1
5,s011,23,89,1
5,s011,23,88,1
5,s011,23,71,45
5,s011,23,70,14
5,s011,23,69,11
5,s011,23,68,5
5,s011,23,67,6
5,s011,23,65,3
5,s011,23,79,8
5,s011,23,78,4
5,s011,23,76,1
5,s011,23,75,2
5,s011,23,119,39
5,s011,23,118,16
5,s011,23,117,9
5,s011,23,116,1
5,s011,23,115,9
5,s011,23,114,5
5,s011,23,113,1
5,s011,23,112,1
5,s011,23,127,12
5,s011,23,126,2
5,s011,23,125,3
5,s011,23,123,1
5,s011,23,121,1
5,s011,23,103,10
5,s011,23,102,2
5,s011,23,101,1
5,s011,23,100,1
5,s011,23,99,1
5,s011,23,96,1
5,s011,23,111,3
5,s011,23,110,2
5,s011,23,109,1
5,s011,23,104,1
5,s012,39,39,644
5,s012,39,38,130
5,s012,39,37,114
5,s012,39,36,37
5,s012,39,35,131
5,s012,39,34,33
5,s012,39,33,32
5,s012,39,32,6
5,s012,39,47,123
5,s012,39,46,43
5,s012,39,45,27
5,s012,39,44,9
5,s012,39,43,31
5,s012,39,42,4
5,s012,39,41,6
5,s012,39,40,1
5,s012,39,55,131
5,s012,39,54,26
5,s012,39,53,17
5,s012,39,52,4
5,s012,39,51,25
5,s012,39,50,7
5,s012,39,49,7
5,s012,39,48,3
5,s012,39,63,23
5,s012,39,62,6
5,s012,39,61,9
5,s012,39,60,2
5,s012,39,59,9
5,s012,39,57,2
5,s012,39,7,160
5,s012,39,6,36
5,s012,39,5,48
5,s012,39,4,12
5,s012,39,3,34
5,s012,39,2,6
5,s012,39,1,7
5,s012,39,0,5
5,s012,39,15,27
5,s012,39,14,11
5,s012,39,13,14
5,s012,39,12,2
5,s012,39,11,12
5,s012,39,10,7
5,s012,39,23,42
5,s012,39,22,13
5,s012,39,21,11
5,s012,39,19,9
5,s012,39,17,2
5,s012,39,31,11
5,s012,39,30,1
5,s012,39,29,2
5,s012,39,27,1
5,s012,39,26,1
5,s012,39,103,141
5,s012,39,102,47
5,s012,39,101,36
5,s012,39,100,9
5,s012,39,99,35
5,s012,39,98,14
5,s012,39,97,10
5,s012,39,96,3
5,s012,39,111,32
5,s012,39,110,15
5,s012,39,109,10
5,s012,39,108,1
5,s012,39,107,10
5,s012,39,106,3
5,s012,39,105,4
5,s012,39,119,32
5,s012,39,118,11
5,s012,39,117,8
5,s012,39,116,4
5,s012,39,115,10
5,s012,39,114,1
5,s012,39,112,1
5,s012,39,127,4
5,s012,39,126,2
5,s012,39,125,3
5,s012,39,124,1
5,s012,39,123,2
5,s012,39,122,1
5,s012,39,120,1
5,s012,39,71,48
5,s012,39,70,17
5,s012,39,69,7
5,s012,39,68,3
5,s012,39,67,9
5,s012,39,66,3
5,s012,39,65,1
5,s012,39,64,2
5,s012,39,79,9
5,s012,39,78,8
5,s012,39,77,4
5,s012,39,75,6
5,s012,39,74,2
5,s012,39,87,7
5,s012,39,86,4
5,s012,39,85,5
5,s012,39,82,3
5,s012,39,81,1
5,s012,39,80,3
5,s012,39,95,1
5,s012,39,94,1
5,s013,116,116,604
5,s013,116,117,147
5,s013,116,118,129
5,s013,116,119,25
5,s013,116,112,133
5,s013,116,113,37
5,s013,116,114,29
5,s013,116,115,7
5,s013,116,124,148
5,s013,116,125,33
5,s013,116,126,22
5,s013,116,127,8
5,s013,116,120,30
5,s013,116,121,10
5,s013,116,122,4
5,s013,116,123,2
5,s013,116,100,157
5,s013,116,101,30
5,s013,116,102,35
5,s013,116,103,8
5,s013,116,96,31
5,s013,116,97,7
5,s013,116,98,8
5,s013,116,99,1
5,s013,116,108,34
5,s013,116,109,5
5,s013,116,110,6
5,s013,116,104,8
5,s013,116,105,1
5,s013,116,84,154
5,s013,116,85,32
5,s013,116,86,37
5,s013,116,87,14
5,s013,116,80,37
5,s013,116,81,12
5,s013,116,82,11
5,s013,116,83,5
5,s013,116,92,22
5,s013,116,93,4
5,s013,116,94,6
5,s013,116,88,6
5,s013,116,89,2
5,s013,116,90,1
5,s013,116,91,1
5,s013,116,68,33
5,s013,116,69,8
5,s013,116,70,9
5,s013,116,71,2
5,s013,116,64,12
5,s013,116,65,1
5,s013,116,66,2
5,s013,116,76,7
5,s013,116,77,2
5,s013,116,78,1
5,s013,116,79,2
5,s013,116,72,2
5,s013,116,75,1
5,s013,116,52,125
5,s013,116,53,46
5,s013,116,54,22
5,s013,116,55,14
5,s013,116,48,47
5,s013,116,49,11
5,s013,116,50,10
5,s013,116,51,8
5,s013,116,60,31
5,s013,116,61,13
5,s013,116,62,6
5,s013,116,63,1
5,s013,116,56,12
5,s013,116,57,1
5,s013,116,59,2
5,s013,116,36,37
5,s013,116,37,9
5,s013,116,38,12
5,s013,116,39,1
5,s013,116,32,11
5,s013,116,33,5
5,s013,116,34,1
5,s013,116,44,7
5,s013,116,45,2
5,s013,116,46,1
5,s013,116,40,4
5,s013,116,41,1
5,s013,116,42,1
5,s013,116,20,25
5,s013,116,21,15
5,s013,116,22,10
5,s013,116,23,4
5,s013,116,16,6
5,s013,116,17,4
5,s013,116,18,3
5,s013,116,19,4
5,s013,116,28,5
5,s013,116,29,3
5,s013,116,30,2
5,s013,116,24,1
5,s013,116,25,1
5,s013,116,4,10
5,s013,116,5,7
5,s013,116,6,6
5,s013,116,7,2
5,s013,116,0,1
5,s013,116,1,1
5,s013,116,3,2
5,s013,116,12,2
5,s013,116,13,1
5,s013,116,8,2
5,s014,116,116,619
5,s014,116,117,152
5,s014,116,118,133
5,s014,116,119,26
5,s014,116,112,145
5,s014,116,113,29
5,s014,116,114,26
5,s014,116,115,5
5,s014,116,124,131
5,s014,116,125,29
5,s014,116,126,30
5,s014,116,127,4
5,s014,116,120,39
5,s014,116,121,7
5,s014,116,122,7
5,s014,116,123,3
5,s014,116,100,147
5,s014,116,101,31
5,s014,116,102,25
5,s014,116,103,2
5,s014,116,96,30
5,s014,116,97,13
5,s014,116,98,10
5,s014,116,99,2
5,s014,116,108,36
5,s014,116,109,6
5,s014,116,110,5
5,s014,116,111,7
5,s014,116,104,6
5,s014,116,105,4
5,s014,116,106,3
5,s014,116,84,166
5,s014,116,85,41
5,s014,116,86,36
5,s014,116,87,9
5,s014,116,80,33
5,s014,116,81,5
5,s014,116,82,11
5,s014,116,83,2
5,s014,116,92,33
5,s014,116,93,7
5,s014,116,94,12
5,s014,116,95,1
5,s014,116,88,8
5,s014,116,90,3
5,s014,116,68,36
5,s014,116,69,9
5,s014,116,70,16
5,s014,116,71,5
5,s014,116,64,8
5,s014,116,65,2
5,s014,116,66,3
5,s014,116,76,8
5,s014,116,77,1
5,s014,116,78,2
5,s014,116,79,2
5,s014,116,72,2
5,s014,116,73,1
5,s014,116,74,1
5,s014,116,75,1
5,s014,116,52,169
5,s014,116,53,53
5,s014,116,54,31
5,s014,116,55,9
5,s014,116,48,37
5,s014,116,49,24
5,s014,116,50,9
5,s014,116,51,7
5,s014,116,60,43
5,s014,116,61,13
5,s014,116,62,7
5,s014,116,63,1
5,s014,116,56,6
5,s014,116,59,1
5,s014,116,36,29
5,s014,116,37,13
5,s014,116,38,8
5,s014,116,39,6
5,s014,116,32,4
5,s014,116,33,5
5,s014,116,34,2
5,s014,116,44,13
5,s014,116,45,3
5,s014,116,46,2
5,s014,116,47,1
5,s014,116,40,2
5,s014,116,41,1
5,s014,116,43,1
5,s014,116,20,30
5,s014,116,21,11
5,s014,116,22,12
5,s014,116,23,2
5,s014,116,16,10
5,s014,116,17,3
5,s014,116,18,1
5,s014,116,19,2
5,s014,116,28,12
5,s014,116,29,2
5,s014,116,31,2
5,s014,116,24,3
5,s014,116,25,1
5,s014,116,4,5
5,s014,116,5,3
5,s014,116,6,4
5,s014,116,7,1
5,s014,116,0,1
5,s014,116,2,3
5,s014,116,3,1
5,s014,116,12,3
5,s014,116,13,1
5,s014,116,14,1
5,s015,93,93,561
5,s015,93,92,137
5,s015,93,95,110
5,s015,93,94,23
5,s015,93,89,127
5,s015,93,88,33
5,s015,93,91,39
5,s015,93,90,11
5,s015,93,85,141
5,s015,93,84,34
5,s015,93,87,22
5,s015,93,86,7
5,s015,93,81,30
5,s015,93,80,9
5,s015,93,83,6
5,s015,93,82,3
5,s015,93,77,168
5,s015,93,76,19
5,s015,93,79,32
5,s015,93,78,6
5,s015,93,73,41
5,s015,93,72,5
5,s015,93,75,6
5,s015,93,69,34
5,s015,93,68,1
5,s015,93,71,7
5,s015,93,70,1
5,s015,93,65,6
5,s015,93,64,2
5,s015,93,67,3
5,s015,93,125,151
5,s015,93,124,37
5,s015,93,127,45
5,s015,93,126,8
5,s015,93,121,37
5,s015,93,120,9
5,s015,93,123,6
5,s015,93,122,7
5,s015,93,117,33
5,s015,93,116,6
5,s015,93,119,12
5,s015,93,118,1
5,s015,93,113,9
5,s015,93,112,2
5,s015,93,114,1
5,s015,93,109,43
5,s015,93,108,8
5,s015,93,111,6
5,s015,93,110,5
5,s015,93,105,13
5,s015,93,104,4
5,s015,93,107,1
5,s015,93,106,2
5,s015,93,101,11
5,s015,93,100,3
5,s015,93,103,2
5,s015,93,97,3
5,s015,93,96,1
5,s015,93,29,143
5,s015,93,28,64
5,s015,93,31,22
5,s015,93,30,19
5,s015,93,25,36
5,s015,93,24,13
5,s015,93,27,8
5,s015,93,26,4
5,s015,93,21,39
5,s015,93,20,7
5,s015,93,23,5
5,s015,93,22,5
5,s015,93,17,6
5,s015,93,16,2
5,s015,93,19,2
5,s015,93,13,32
5,s015,93,12,9
5,s015,93,15,15
5,s015,93,14,3
5,s015,93,9,6
5,s015,93,8,4
5,s015,93,11,2
5,s015,93,5,9
5,s015,93,4,2
5,s015,93,7,2
5,s015,93,6,1
5,s015,93,1,8
5,s015,93,3,1
5,s015,93,61,42
5,s015,93,60,13
5,s015,93,63,7
5,s015,93,62,2
5,s015,93,57,7
5,s015,93,56,3
5,s015,93,59,5
5,s015,93,58,2
5,s015,93,53,8
5,s015,93,52,1
5,s015,93,55,5
5,s015,93,54,1
5,s015,93,49,4
5,s015,93,48,1
5,s015,93,45,7
5,s015,93,44,1
5,s015,93,47,3
5,s015,93,46,1
5,s015,93,41,3
5,s015,93,40,1
5,s015,93,43,3
5,s015,93,42,1
5,s015,93,37,3
5,s015,93,36,1
5,s015,93,39,2
5,s015,93,35,3
5,s016,93,93,587
5,s016,93,92,145
5,s016,93,95,136
5,s016,93,94,30
5,s016,93,89,136
5,s016,93,88,26
5,s016,93,91,24
5,s016,93,90,3
5,s016,93,85,149
5,s016,93,84,30
5,s016,93,87,17
5,s016,93,86,4
5,s016,93,81,24
5,s016,93,80,5
5,s016,93,83,15
5,s016,93,77,109
5,s016,93,76,32
5,s016,93,79,23
5,s016,93,78,2
5,s016,93,73,26
5,s016,93,72,6
5,s016,93,75,6
5,s016,93,69,29
5,s016,93,68,4
5,s016,93,71,9
5,s016,93,65,4
5,s016,93,64,2
5,s016,93,67,2
5,s016,93,66,2
5,s016,93,125,145
5,s016,93,124,42
5,s016,93,127,28
5,s016,93,126,5
5,s016,93,121,41
5,s016,93,120,9
5,s016,93,123,7
5,s016,93,122,3
5,s016,93,117,40
5,s016,93,116,10
5,s016,93,119,6
5,s016,93,118,1
5,s016,93,113,7
5,s016,93,115,2
5,s016,93,109,43
5,s016,93,108,6
5,s016,93,111,5
5,s016,93,110,3
5,s016,93,105,6
5,s016,93,104,2
5,s016,93,107,4
5,s016,93,106,1
5,s016,93,101,3
5,s016,93,100,2
5,s016,93,103,1
5,s016,93,102,1
5,s016,93,96,1
5,s016,93,99,1
5,s016,93,29,143
5,s016,93,28,49
5,s016,93,31,34
5,s016,93,30,9
5,s016,93,25,47
5,s016,93,24,17
5,s016,93,27,15
5,s016,93,26,6
5,s016,93,21,42
5,s016,93,20,11
5,s016,93,23,7
5,s016,93,22,5
5,s016,93,17,6
5,s016,93,16,2
5,s016,93,18,1
5,s016,93,13,30
5,s016,93,12,8
5,s016,93,15,7
5,s016,93,14,1
5,s016,93,9,9
5,s016,93,8,3
5,s016,93,5,8
5,s016,93,4,1
5,s016,93,7,1
5,s016,93,6,1
5,s016,93,61,39
5,s016,93,60,12
5,s016,93,63,9
5,s016,93,62,4
5,s016,93,57,13
5,s016,93,56,3
5,s016,93,59,1
5,s016,93,58,1
5,s016,93,53,9
5,s016,93,52,2
5,s016,93,55,4
5,s016,93,49,4
5,s016,93,48,2
5,s016,93,51,1
5,s016,93,45,7
5,s016,93,44,3
5,s016,93,47,2
5,s016,93,46,2
5,s016,93,41,3
5,s016,93,43,1
5,s016,93,37,1
5,s016,93,36,1
5,s016,93,39,2
5,s016,93,38,1
5,s016,93,32,1
5,s017,8,8,582
5,s017,8,9,120
5,s017,8,10,115
5,s017,8,11,22
5,s017,8,12,161
5,s017,8,13,37
5,s017,8,14,26
5,s017,8,15,4
5,s017,8,0,132
5,s017,8,1,27
5,s017,8,2,26
5,s017,8,3,10
5,s017,8,4,32
5,s017,8,5,8
5,s017,8,6,9
5,s017,8,7,4
5,s017,8,24,118
5,s017,8,25,37
5,s017,8,26,30
5,s017,8,27,10
5,s017,8,28,36
5,s017,8,29,10
5,s017,8,30,9
5,s017,8,31,3
5,s017,8,16,24
5,s017,8,17,2
5,s017,8,18,4
5,s017,8,20,9
5,s017,8,21,1
5,s017,8,22,1
5,s017,8,40,134
5,s017,8,41,31
5,s017,8,42,30
5,s017,8,43,13
5,s017,8,44,42
5,s017,8,45,8
5,s017,8,46,5
5,s017,8,47,6
5,s017,8,32,32
5,s017,8,33,10
5,s017,8,34,8
5,s017,8,36,7
5,s017,8,37,3
5,s017,8,38,5
5,s017,8,39,2
5,s017,8,56,33
5,s017,8,57,9
5,s017,8,58,5
5,s017,8,59,2
5,s017,8,60,7
5,s017,8,61,3
5,s017,8,62,3
5,s017,8,48,7
5,s017,8,49,3
5,s017,8,50,1
5,s017,8,51,3
5,s017,8,52,1
5,s017,8,72,128
5,s017,8,73,60
5,s017,8,74,27
5,s017,8,75,9
5,s017,8,76,44
5,s017,8,77,15
5,s017,8,78,7
5,s017,8,79,7
5,s017,8,64,37
5,s017,8,65,12
5,s017,8,66,13
5,s017,8,67,2
5,s017,8,68,6
5,s017,8,69,3
5,s017,8,70,1
5,s017,8,88,30
5,s017,8,89,25
5,s017,8,90,4
5,s017,8,91,2
5,s017,8,92,10
5,s017,8,93,8
5,s017,8,94,1
5,s017,8,95,1
5,s017,8,80,8
5,s017,8,81,4
5,s017,8,82,1
5,s017,8,83,3
5,s017,8,84,1
5,s017,8,86,3
5,s017,8,104,46
5,s017,8,105,14
5,s017,8,106,12
5,s017,8,107,4
5,s017,8,108,9
5,s017,8,109,1
5,s017,8,110,4
5,s017,8,111,2
5,s017,8,96,5
5,s017,8,97,5
5,s017,8,98,3
5,s017,8,99,1
5,s017,8,100,1
5,s017,8,101,1
5,s017,8,120,7
5,s017,8,121,3
5,s017,8,122,3
5,s017,8,123,1
5,s017,8,124,1
5,s017,8,125,2
5,s017,8,126,1
5,s017,8,127,1
5,s017,8,113,1
5,s017,8,115,1
5,s017,8,116,2
5,s018,58,58,641
5,s018,58,59,132
5,s018,58,56,121
5,s018,58,57,28
5,s018,58,62,112
5,s018,58,63,35
5,s018,58,60,41
5,s018,58,61,7
5,s018,58,50,127
5,s018,58,51,32
5,s018,58,48,26
5,s018,58,49,4
5,s018,58,54,29
5,s018,58,55,6
5,s018,58,52,4
5,s018,58,53,2
5,s018,58,42,150
5,s018,58,43,30
5,s018,58,40,38
5,s018,58,41,11
5,s018,58,46,29
5,s018,58,47,5
5,s018,58,44,11
5,s018,58,45,2
5,s018,58,34,28
5,s018,58,35,7
5,s018,58,32,5
5,s018,58,38,9
5,s018,58,36,2
5,s018,58,26,152
5,s018,58,27,35
5,s018,58,24,31
5,s018,58,25,7
5,s018,58,30,28
5,s018,58,31,10
5,s018,58,28,9
5,s018,58,29,5
5,s018,58,18,34
5,s018,58,19,4
5,s018,58,16,6
5,s018,58,17,3
5,s018,58,22,8
5,s018,58,23,4
5,s018,58,20,4
5,s018,58,10,43
5,s018,58,11,7
5,s018,58,8,10
5,s018,58,9,3
5,s018,58,14,9
5,s018,58,15,2
5,s018,58,12,1
5,s018,58,2,7
5,s018,58,3,3
5,s018,58,0,2
5,s018,58,1,2
5,s018,58,6,5
5,s018,58,4,1
5,s018,58,122,156
5,s018,58,123,51
5,s018,58,120,26
5,s018,58,121,12
5,s018,58,126,42
5,s018,58,127,15
5,s018,58,124,9
5,s018,58,125,1
5,s018,58,114,43
5,s018,58,115,16
5,s018,58,112,5
5,s018,58,113,5
5,s018,58,118,15
5,s018,58,119,3
5,s018,58,116,2
5,s018,58,117,1
5,s018,58,106,41
5,s018,58,107,13
5,s018,58,104,8
5,s018,58,105,4
5,s018,58,110,11
5,s018,58,111,7
5,s018,58,108,3
5,s018,58,98,3
5,s018,58,99,7
5,s018,58,96,2
5,s018,58,97,5
5,s018,58,102,2
5,s018,58,101,1
5,s018,58,90,42
5,s018,58,91,15
5,s018,58,88,11
5,s018,58,89,8
5,s018,58,94,9
5,s018,58,95,5
5,s018,58,92,5
5,s018,58,93,3
5,s018,58,82,9
5,s018,58,83,5
5,s018,58,80,2
5,s018,58,81,1
5,s018,58,86,1
5,s018,58,87,2
5,s018,58,74,5
5,s018,58,75,3
5,s018,58,78,5
5,s018,58,79,1
5,s018,58,77,1
5,s018,58,66,1
5,s019,45,45,546
5,s019,45,44,136
5,s019,45,47,112
5,s019,45,46,38
5,s019,45,41,114
5,s019,45,40,31
5,s019,45,43,28
5,s019,45,42,9
5,s019,45,37,122
5,s019,45,36,34
5,s019,45,39,30
5,s019,45,38,7
5,s019,45,33,21
5,s019,45,32,4
5,s019,45,35,5
5,s019,45,34,2
5,s019,45,61,125
5,s019,45,60,36
5,s019,45,63,21
5,s019,45,62,9
5,s019,45,57,23
5,s019,45,56,12
5,s019,45,59,5
5,s019,45,58,1
5,s019,45,53,41
5,s019,45,52,7
5,s019,45,55,4
5,s019,45,54,1
5,s019,45,49,4
5,s019,45,51,4
5,s019,45,50,1
5,s019,45,13,163
5,s019,45,12,45
5,s019,45,15,48
5,s019,45,14,7
5,s019,45,9,39
5,s019,45,8,8
5,s019,45,11,8
5,s019,45,5,40
5,s019,45,4,6
5,s019,45,7,7
5,s019,45,6,2
5,s019,45,1,8
5,s019,45,0,1
5,s019,45,3,4
5,s019,45,29,29
5,s019,45,28,6
5,s019,45,31,13
5,s019,45,30,4
5,s019,45,25,3
5,s019,45,24,1
5,s019,45,27,2
5,s019,45,26,3
5,s019,45,21,11
5,s019,45,20,1
5,s019,45,23,3
5,s019,45,22,2
5,s019,45,16,1
5,s019,45,19,1
5,s019,45,109,149
5,s019,45,108,61
5,s019,45,111,29
5,s019,45,110,7
5,s019,45,105,39
5,s019,45,104,15
5,s019,45,107,7
5,s019,45,106,3
5,s019,45,101,27
5,s019,45,100,12
5,s019,45,103,9
5,s019,45,102,1
5,s019,45,97,7
5,s019,45,96,2
5,s019,45,99,1
5,s019,45,98,1
5,s019,45,125,28
5,s019,45,124,14
5,s019,45,127,6
5,s019,45,126,3
5,s019,45,121,8
5,s019,45,120,2
5,s019,45,122,1
5,s019,45,117,9
5,s019,45,116,3
5,s019,45,119,2
5,s019,45,113,2
5,s019,45,112,1
5,s019,45,77,30
5,s019,45,76,15
5,s019,45,79,15
5,s019,45,78,4
5,s019,45,73,8
5,s019,45,72,2
5,s019,45,75,6
5,s019,45,74,1
5,s019,45,69,8
5,s019,45,68,4
5,s019,45,71,3
5,s019,45,70,1
5,s019,45,65,1
5,s019,45,64,1
5,s019,45,93,7
5,s019,45,92,4
5,s019,45,95,2
5,s019,45,94,1
5,s019,45,89,2
5,s019,45,88,2
5,s019,45,85,2
5,s019,45,84,1
5,s019,45,87,1
5,s019,45,81,2
5,s020,13,13,597
5,s020,13,12,139
5,s020,13,15,114
5,s020,13,14,30
5,s020,13,9,103
5,s020,13,8,38
5,s020,13,11,30
5,s020,13,10,7
5,s020,13,5,146
5,s020,13,4,39
5,s020,13,7,28
5,s020,13,6,9
5,s020,13,1,23
5,s020,13,0,4
5,s020,13,3,5
5,s020,13,2,2
5,s020,13,29,136
5,s020,13,28,28
5,s020,13,31,19
5,s020,13,30,2
5,s020,13,25,23
5,s020,13,24,4
5,s020,13,27,3
5,s020,13,26,3
5,s020,13,21,19
5,s020,13,20,7
5,s020,13,23,9
5,s020,13,22,2
5,s020,13,17,8
5,s020,13,16,3
5,s020,13,19,4
5,s020,13,18,1
5,s020,13,45,162
5,s020,13,44,38
5,s020,13,47,46
5,s020,13,46,8
5,s020,13,41,35
5,s020,13,40,11
5,s020,13,43,11
5,s020,13,42,5
5,s020,13,37,37
5,s020,13,36,9
5,s020,13,39,10
5,s020,13,38,1
5,s020,13,33,8
5,s020,13,32,1
5,s020,13,35,3
5,s020,13,61,30
5,s020,13,60,12
5,s020,13,63,7
5,s020,13,62,3
5,s020,13,57,10
5,s020,13,56,3
5,s020,13,59,1
5,s020,13,58,1
5,s020,13,53,9
5,s020,13,55,5
5,s020,13,49,1
5,s020,13,77,175
5,s020,13,76,61
5,s020,13,79,23
5,s020,13,78,9
5,s020,13,73,40
5,s020,13,72,17
5,s020,13,75,7
5,s020,13,74,7
5,s020,13,69,36
5,s020,13,68,13
5,s020,13,71,5
5,s020,13,70,3
5,s020,13,65,9
5,s020,13,64,1
5,s020,13,67,2
5,s020,13,66,1
5,s020,13,93,27
5,s020,13,92,5
5,s020,13,95,7
5,s020,13,94,4
5,s020,13,89,11
5,s020,13,88,3
5,s020,13,91,1
5,s020,13,85,5
5,s020,13,84,5
5,s020,13,87,2
5,s020,13,86,1
5,s020,13,81,1
5,s020,13,83,1
5,s020,13,109,41
5,s020,13,108,15
5,s020,13,111,11
5,s020,13,110,5
5,s020,13,105,11
5,s020,13,104,4
5,s020,13,107,5
5,s020,13,101,12
5,s020,13,100,9
5,s020,13,103,3
5,s020,13,102,3
5,s020,13,97,3
5,s020,13,96,1
5,s020,13,125,7
5,s020,13,124,3
5,s020,13,127,2
5,s020,13,121,1
5,s020,13,120,1
5,s020,13,123,2
5,s020,13,117,2
5,s020,13,116,1
5,s020,13,113,2
5,s021,44,44,580
5,s021,44,45,147
5,s021,44,46,119
5,s021,44,47,30
5,s021,44,40,125
5,s021,44,41,36
5,s021,44,42,20
5,s021,44,43,10
5,s021,44,36,140
5,s021,44,37,29
5,s021,44,38,27
5,s021,44,39,7
5,s021,44,32,36
5,s021,44,33,8
5,s021,44,34,3
5,s021,44,60,147
5,s021,44,61,34
5,s021,44,62,26
5,s021,44,63,5
5,s021,44,56,21
5,s021,44,57,4
5,s021,44,58,9
5,s021,44,59,2
5,s021,44,52,34
5,s021,44,53,9
5,s021,44,54,7
5,s021,44,55,1
5,s021,44,48,6
5,s021,44,49,1
5,s021,44,51,1
5,s021,44,12,134
5,s021,44,13,52
5,s021,44,14,41
5,s021,44,15,8
5,s021,44,8,47
5,s021,44,9,10
5,s021,44,10,6
5,s021,44,11,3
5,s021,44,4,28
5,s021,44,5,9
5,s021,44,6,9
5,s021,44,7,1
5,s021,44,0,8
5,s021,44,1,5
5,s021,44,2,2
5,s021,44,28,30
5,s021,44,29,11
5,s021,44,30,10
5,s021,44,31,3
5,s021,44,24,5
5,s021,44,25,1
5,s021,44,26,2
5,s021,44,20,12
5,s021,44,21,1
5,s021,44,22,1
5,s021,44,16,4
5,s021,44,108,141
5,s021,44,109,52
5,s021,44,110,31
5,s021,44,111,14
5,s021,44,104,54
5,s021,44,105,22
5,s021,44,106,11
5,s021,44,107,3
5,s021,44,100,30
5,s021,44,101,9
5,s021,44,102,6
5,s021,44,103,2
5,s021,44,96,8
5,s021,44,97,2
5,s021,44,98,1
5,s021,44,124,32
5,s021,44,125,15
5,s021,44,126,4
5,s021,44,127,4
5,s021,44,120,13
5,s021,44,121,6
5,s021,44,122,2
5,s021,44,123,3
5,s021,44,116,5
5,s021,44,117,5
5,s021,44,118,2
5,s021,44,112,2
5,s021,44,113,3
5,s021,44,76,43
5,s021,44,77,9
5,s021,44,78,9
5,s021,44,79,3
5,s021,44,72,14
5,s021,44,73,3
5,s021,44,75,1
5,s021,44,68,10
5,s021,44,69,1
5,s021,44,70,1
5,s021,44,71,1
5,s021,44,64,1
5,s021,44,92,6
5,s021,44,93,5
5,s021,44,95,1
5,s021,44,88,2
5,s021,44,89,1
5,s021,44,84,2
5,s021,44,85,2
5,s021,44,80,1
5,s021,44,82,1
5,s022,92,92,653
5,s022,92,93,141
5,s022,92,94,129
5,s022,92,95,30
5,s022,92,88,136
5,s022,92,89,41
5,s022,92,90,42
5,s022,92,91,8
5,s022,92,84,133
5,s022,92,85,41
5,s022,92,86,24
5,s022,92,87,10
5,s022,92,80,36
5,s022,92,81,9
5,s022,92,82,9
5,s022,92,83,1
5,s022,92,76,138
5,s022,92,77,38
5,s022,92,78,25
5,s022,92,79,6
5,s022,92,72,27
5,s022,92,73,10
5,s022,92,74,6
5,s022,92,75,2
5,s022,92,68,27
5,s022,92,69,5
5,s022,92,70,8
5,s022,92,71,1
5,s022,92,64,9
5,s022,92,65,1
5,s022,92,67,1
5,s022,92,124,150
5,s022,92,125,37
5,s022,92,126,43
5,s022,92,127,9
5,s022,92,120,36
5,s022,92,121,6
5,s022,92,122,10
5,s022,92,123,4
5,s022,92,116,28
5,s022,92,117,12
5,s022,92,118,15
5,s022,92,119,1
5,s022,92,112,11
5,s022,92,115,1
5,s022,92,108,42
5,s022,92,109,8
5,s022,92,110,11
5,s022,92,111,1
5,s022,92,104,6
5,s022,92,105,1
5,s022,92,106,1
5,s022,92,107,1
5,s022,92,100,8
5,s022,92,101,1
5,s022,92,102,1
5,s022,92,103,2
5,s022,92,96,3
5,s022,92,98,2
5,s022,92,99,1
5,s022,92,28,162
5,s022,92,29,61
5,s022,92,30,31
5,s022,92,31,7
5,s022,92,24,47
5,s022,92,25,11
5,s022,92,26,9
5,s022,92,27,4
5,s022,92,20,37
5,s022,92,21,15
5,s022,92,22,2
5,s022,92,23,6
5,s022,92,16,7
5,s022,92,17,1
5,s022,92,18,1
5,s022,92,19,1
5,s022,92,12,37
5,s022,92,13,12
5,s022,92,14,7
5,s022,92,15,4
5,s022,92,8,11
5,s022,92,9,5
5,s022,92,10,3
5,s022,92,11,1
5,s022,92,4,7
5,s022,92,5,1
5,s022,92,6,3
5,s022,92,0,2
5,s022,92,60,47
5,s022,92,61,16
5,s022,92,62,7
5,s022,92,63,4
5,s022,92,56,8
5,s022,92,57,5
5,s022,92,58,3
5,s022,92,59,1
5,s022,92,52,12
5,s022,92,53,3
5,s022,92,54,2
5,s022,92,55,1
5,s022,92,48,2
5,s022,92,50,1
5,s022,92,44,11
5,s022,92,45,3
5,s022,92,41,1
5,s022,92,42,1
5,s022,92,36,1
5,s022,92,32,1
5,s022,92,33,1
5,s022,92,35,1
5,s023,59,59,685
5,s023,59,58,128
5,s023,59,57,112
5,s023,59,56,33
5,s023,59,63,143
5,s023,59,62,36
5,s023,59,61,44
5,s023,59,60,14
5,s023,59,51,131
5,s023,59,50,31
5,s023,59,49,16
5,s023,59,48,11
5,s023,59,55,37
5,s023,59,54,7
5,s023,59,53,4
5,s023,59,52,1
5,s023,59,43,158
5,s023,59,42,35
5,s023,59,41,23
5,s023,59,40,5
5,s023,59,47,21
5,s023,59,46,6
5,s023,59,45,10
5,s023,59,44,3
5,s023,59,35,30
5,s023,59,34,7
5,s023,59,33,3
5,s023,59,32,1
5,s023,59,39,9
5,s023,59,38,2
5,s023,59,37,2
5,s023,59,27,168
5,s023,59,26,40
5,s023,59,25,36
5,s023,59,24,6
5,s023,59,31,29
5,s023,59,30,9
5,s023,59,29,12
5,s023,59,28,2
5,s023,59,19,42
5,s023,59,18,7
5,s023,59,17,9
5,s023,59,16,2
5,s023,59,23,13
5,s023,59,22,3
5,s023,59,21,2
5,s023,59,11,39
5,s023,59,10,14
5,s023,59,9,15
5,s023,59,8,2
5,s023,59,15,8
5,s023,59,14,1
5,s023,59,13,2
5,s023,59,12,1
5,s023,59,3,6
5,s023,59,2,1
5,s023,59,1,1
5,s023,59,0,1
5,s023,59,6,1
5,s023,59,5,1
5,s023,59,123,163
5,s023,59,122,55
5,s023,59,121,35
5,s023,59,120,11
5,s023,59,127,36
5,s023,59,126,16
5,s023,59,125,13
5,s023,59,124,5
5,s023,59,115,28
5,s023,59,114,17
5,s023,59,113,6
5,s023,59,112,5
5,s023,59,119,7
5,s023,59,118,5
5,s023,59,117,4
5,s023,59,107,27
5,s023,59,106,16
5,s023,59,105,4
5,s023,59,104,4
5,s023,59,111,6
5,s023,59,110,7
5,s023,59,109,1
5,s023,59,99,5
5,s023,59,98,3
5,s023,59,96,2
5,s023,59,103,5
5,s023,59,102,2
5,s023,59,100,1
5,s023,59,91,38
5,s023,59,90,13
5,s023,59,89,12
5,s023,59,88,3
5,s023,59,95,14
5,s023,59,94,6
5,s023,59,93,5
5,s023,59,92,2
5,s023,59,83,10
5,s023,59,82,4
5,s023,59,81,2
5,s023,59,80,1
5,s023,59,87,2
5,s023,59,86,1
5,s023,59,84,1
5,s023,59,75,6
5,s023,59,74,2
5,s023,59,73,3
5,s023,59,72,3
5,s023,59,79,2
5,s023,59,77,1
5,s023,59,67,1
5,s023,59,65,1
5,s023,59,64,1
5,s023,59,71,2
5,s023,59,70,1
5,s024,122,122,617
5,s024,122,123,145
5,s024,122,120,115
5,s024,122,121,34
5,s024,122,126,127
5,s024,122,127,30
5,s024,122,124,29
5,s024,122,125,6
5,s024,122,114,130
5,s024,122,115,33
5,s024,122,112,27
5,s024,122,113,4
5,s024,122,118,23
5,s024,122,119,12
5,s024,122,116,11
5,s024,122,117,1
5,s024,122,106,134
5,s024,122,107,39
5,s024,122,104,29
5,s024,122,105,5
5,s024,122,110,32
5,s024,122,111,9
5,s024,122,108,5
5,s024,122,98,36
5,s024,122,99,13
5,s024,122,96,5
5,s024,122,102,7
5,s024,122,100,2
5,s024,122,90,162
5,s024,122,91,42
5,s024,122,88,47
5,s024,122,89,15
5,s024,122,94,34
5,s024,122,95,9
5,s024,122,92,6
5,s024,122,93,3
5,s024,122,82,36
5,s024,122,83,10
5,s024,122,80,6
5,s024,122,81,5
5,s024,122,86,1
5,s024,122,87,5
5,s024,122,84,1
5,s024,122,74,30
5,s024,122,75,7
5,s024,122,72,13
5,s024,122,73,1
5,s024,122,78,4
5,s024,122,79,5
5,s024,122,76,2
5,s024,122,66,7
5,s024,122,67,4
5,s024,122,64,2
5,s024,122,65,1
5,s024,122,70,1
5,s024,122,71,2
5,s024,122,69,1
5,s024,122,58,165
5,s024,122,59,55
5,s024,122,56,26
5,s024,122,57,12
5,s024,122,62,40
5,s024,122,63,17
5,s024,122,60,11
5,s024,122,61,7
5,s024,122,50,24
5,s024,122,51,6
5,s024,122,48,3
5,s024,122,49,2
5,s024,122,54,14
5,s024,122,55,2
5,s024,122,52,4
5,s024,122,42,36
5,s024,122,43,9
5,s024,122,40,7
5,s024,122,41,1
5,s024,122,46,9
5,s024,122,47,2
5,s024,122,34,11
5,s024,122,35,5
5,s024,122,32,5
5,s024,122,33,1
5,s024,122,38,1
5,s024,122,39,1
5,s024,122,26,30
5,s024,122,27,14
5,s024,122,24,8
5,s024,122,25,6
5,s024,122,30,15
5,s024,122,31,4
5,s024,122,28,5
5,s024,122,29,1
5,s024,122,18,8
5,s024,122,19,1
5,s024,122,16,2
5,s024,122,22,6
5,s024,122,23,1
5,s024,122,20,1
5,s024,122,21,1
5,s024,122,10,14
5,s024,122,11,3
5,s024,122,8,5
5,s024,122,9,2
5,s024,122,14,2
5,s024,122,15,1
5,s024,122,2,3
5,s024,122,6,3
5,s024,122,4,1
5,s025,94,94,598
5,s025,94,95,151
5,s025,94,92,121
5,s025,94,93,32
5,s025,94,90,134
5,s025,94,91,34
5,s025,94,88,27
5,s025,94,89,6
5,s025,94,86,138
5,s025,94,87,32
5,s025,94,84,27
5,s025,94,85,11
5,s025,94,82,38
5,s025,94,83,8
5,s025,94,80,4
5,s025,94,81,1
5,s025,94,78,126
5,s025,94,79,30
5,s025,94,76,25
5,s025,94,77,2
5,s025,94,74,38
5,s025,94,75,4
5,s025,94,72,4
5,s025,94,73,4
5,s025,94,70,31
5,s025,94,71,6
5,s025,94,68,5
5,s025,94,69,1
5,s025,94,66,4
5,s025,94,67,3
5,s025,94,64,2
5,s025,94,126,168
5,s025,94,127,36
5,s025,94,124,51
5,s025,94,125,8
5,s025,94,122,39
5,s025,94,123,10
5,s025,94,120,10
5,s025,94,121,1
5,s025,94,118,22
5,s025,94,119,8
5,s025,94,116,11
5,s025,94,117,2
5,s025,94,114,5
5,s025,94,115,3
5,s025,94,112,2
5,s025,94,113,2
5,s025,94,110,39
5,s025,94,111,8
5,s025,94,108,6
5,s025,94,109,1
5,s025,94,106,4
5,s025,94,107,1
5,s025,94,104,2
5,s025,94,105,1
5,s025,94,102,5
5,s025,94,103,3
5,s025,94,100,1
5,s025,94,101,1
5,s025,94,98,3
5,s025,94,96,1
5,s025,94,30,142
5,s025,94,31,52
5,s025,94,28,31
5,s025,94,29,10
5,s025,94,26,32
5,s025,94,27,18
5,s025,94,24,8
5,s025,94,25,3
5,s025,94,22,36
5,s025,94,23,11
5,s025,94,20,4
5,s025,94,21,1
5,s025,94,18,9
5,s025,94,19,5
5,s025,94,16,6
5,s025,94,14,35
5,s025,94,15,13
5,s025,94,12,10
5,s025,94,13,2
5,s025,94,10,6
5,s025,94,11,2
5,s025,94,8,1
5,s025,94,6,8
5,s025,94,7,6
5,s025,94,4,1
5,s025,94,2,3
5,s025,94,0,3
5,s025,94,62,34
5,s025,94,63,11
5,s025,94,60,11
5,s025,94,61,3
5,s025,94,58,9
5,s025,94,59,2
5,s025,94,56,6
5,s025,94,57,2
5,s025,94,54,6
5,s025,94,55,4
5,s025,94,52,3
5,s025,94,53,1
5,s025,94,50,5
5,s025,94,51,1
5,s025,94,49,1
5,s025,94,46,9
5,s025,94,47,2
5,s025,94,44,2
5,s025,94,42,1
5,s025,94,43,1
5,s025,94,38,2
5,s025,94,34,1
5,s026,4,4,559
5,s026,4,5,146
5,s026,4,6,127
5,s026,4,7,30
5,s026,4,0,131
5,s026,4,1,35
5,s026,4,2,34
5,s026,4,3,6
5,s026,4,12,141
5,s026,4,13,38
5,s026,4,14,25
5,s026,4,15,4
5,s026,4,8,35
5,s026,4,9,4
5,s026,4,10,3
5,s026,4,20,122
5,s026,4,21,39
5,s026,4,22,24
5,s026,4,23,6
5,s026,4,16,31
5,s026,4,17,14
5,s026,4,18,6
5,s026,4,19,3
5,s026,4,28,29
5,s026,4,29,5
5,s026,4,30,8
5,s026,4,31,1
5,s026,4,24,8
5,s026,4,25,1
5,s026,4,26,1
5,s026,4,36,140
5,s026,4,37,36
5,s026,4,38,36
5,s026,4,39,7
5,s026,4,32,34
5,s026,4,33,13
5,s026,4,34,6
5,s026,4,35,1
5,s026,4,44,35
5,s026,4,45,9
5,s026,4,46,7
5,s026,4,47,1
5,s026,4,40,5
5,s026,4,41,1
5,s026,4,42,4
5,s026,4,43,1
5,s026,4,52,44
5,s026,4,53,8
5,s026,4,54,8
5,s026,4,55,3
5,s026,4,48,4
5,s026,4,49,3
5,s026,4,60,9
5,s026,4,62,3
5,s026,4,63,1
5,s026,4,56,3
5,s026,4,57,1
5,s026,4,68,143
5,s026,4,69,53
5,s026,4,70,24
5,s026,4,71,15
5,s026,4,64,43
5,s026,4,65,17
5,s026,4,66,7
5,s026,4,67,4
5,s026,4,76,40
5,s026,4,77,16
5,s026,4,78,8
5,s026,4,79,1
5,s026,4,72,7
5,s026,4,74,2
5,s026,4,75,1
5,s026,4,84,40
5,s026,4,85,16
5,s026,4,86,3
5,s026,4,80,11
5,s026,4,81,4
5,s026,4,82,3
5,s026,4,92,12
5,s026,4,93,1
5,s026,4,94,1
5,s026,4,88,2
5,s026,4,100,31
5,s026,4,101,14
5,s026,4,102,12
5,s026,4,96,10
5,s026,4,97,2
5,s026,4,98,5
5,s026,4,99,1
5,s026,4,108,7
5,s026,4,109,6
5,s026,4,110,2
5,s026,4,105,1
5,s026,4,106,2
5,s026,4,116,5
5,s026,4,117,2
5,s026,4,118,1
5,s026,4,112,2
5,s026,4,113,3
5,s026,4,114,1
5,s026,4,124,2
5,s026,4,125,1
5,s026,4,126,1
5,s026,4,127,1
5,s027,68,68,672
5,s027,68,69,154
5,s027,68,70,129
5,s027,68,71,35
5,s027,68,64,122
5,s027,68,65,36
5,s027,68,66,29
5,s027,68,67,7
5,s027,68,76,136
5,s027,68,77,31
5,s027,68,78,18
5,s027,68,79,10
5,s027,68,72,38
5,s027,68,73,10
5,s027,68,74,5
5,s027,68,75,1
5,s027,68,84,135
5,s027,68,85,25
5,s027,68,86,28
5,s027,68,87,3
5,s027,68,80,36
5,s027,68,81,7
5,s027,68,82,7
5,s027,68,83,1
5,s027,68,92,27
5,s027,68,93,9
5,s027,68,94,6
5,s027,68,95,1
5,s027,68,88,7
5,s027,68,89,1
5,s027,68,90,1
5,s027,68,100,147
5,s027,68,101,40
5,s027,68,102,47
5,s027,68,103,8
5,s027,68,96,35
5,s027,68,97,9
5,s027,68,98,8
5,s027,68,99,1
5,s027,68,108,40
5,s027,68,109,6
5,s027,68,110,9
5,s027,68,111,3
5,s027,68,104,5
5,s027,68,105,2
5,s027,68,107,1
5,s027,68,116,28
5,s027,68,117,11
5,s027,68,118,14
5,s027,68,119,2
5,s027,68,112,2
5,s027,68,113,1
5,s027,68,114,2
5,s027,68,124,9
5,s027,68,125,1
5,s027,68,126,2
5,s027,68,127,1
5,s027,68,120,2
5,s027,68,121,1
5,s027,68,122,1
5,s027,68,4,142
5,s027,68,5,64
5,s027,68,6,29
5,s027,68,7,23
5,s027,68,0,45
5,s027,68,1,18
5,s027,68,2,14
5,s027,68,3,5
5,s027,68,12,30
5,s027,68,13,13
5,s027,68,14,6
5,s027,68,15,2
5,s027,68,8,6
5,s027,68,9,5
5,s027,68,10,3
5,s027,68,20,30
5,s027,68,21,17
5,s027,68,22,8
5,s027,68,23,4
5,s027,68,16,10
5,s027,68,17,5
5,s027,68,18,3
5,s027,68,19,1
5,s027,68,28,11
5,s027,68,29,2
5,s027,68,31,2
5,s027,68,24,3
5,s027,68,36,45
5,s027,68,37,18
5,s027,68,38,7
5,s027,68,39,4
5,s027,68,32,10
5,s027,68,33,4
5,s027,68,34,5
5,s027,68,44,6
5,s027,68,45,3
5,s027,68,46,3
5,s027,68,47,3
5,s027,68,40,1
5,s027,68,41,1
5,s027,68,52,7
5,s027,68,53,2
5,s027,68,54,1
5,s027,68,55,2
5,s027,68,48,5
5,s027,68,49,2
5,s027,68,61,1
5,s027,68,56,1
5,s027,68,58,1
5,s028,126,126,579
5,s028,126,127,135
5,s028,126,124,102
5,s028,126,125,18
5,s028,126,122,135
5,s028,126,123,28
5,s028,126,120,41
5,s028,126,121,5
5,s028,126,118,148
5,s028,126,119,32
5,s028,126,116,34
5,s028,126,117,7
5,s028,126,114,26
5,s028,126,115,6
5,s028,126,112,5
5,s028,126,113,3
5,s028,126,110,138
5,s028,126,111,25
5,s028,126,108,27
5,s028,126,109,6
5,s028,126,106,33
5,s028,126,107,5
5,s028,126,104,6
5,s028,126,105,3
5,s028,126,102,34
5,s028,126,103,3
5,s028,126,100,7
5,s028,126,101,1
5,s028,126,98,5
5,s028,126,99,4
5,s028,126,96,3
5,s028,126,97,2
5,s028,126,94,165
5,s028,126,95,28
5,s028,126,92,48
5,s028,126,93,7
5,s028,126,90,30
5,s028,126,91,6
5,s028,126,88,8
5,s028,126,86,35
5,s028,126,87,9
5,s028,126,84,1
5,s028,126,85,2
5,s028,126,82,10
5,s028,126,83,2
5,s028,126,80,5
5,s028,126,78,40
5,s028,126,79,5
5,s028,126,76,11
5,s028,126,77,5
5,s028,126,74,3
5,s028,126,75,2
5,s028,126,72,2
5,s028,126,70,6
5,s028,126,71,1
5,s028,126,68,3
5,s028,126,69,1
5,s028,126,66,1
5,s028,126,64,2
5,s028,126,62,142
5,s028,126,63,67
5,s028,126,60,28
5,s028,126,61,10
5,s028,126,58,46
5,s028,126,59,14
5,s028,126,56,6
5,s028,126,57,2
5,s028,126,54,38
5,s028,126,55,16
5,s028,126,52,8
5,s028,126,53,3
5,s028,126,50,11
5,s028,126,51,1
5,s028,126,49,3
5,s028,126,46,21
5,s028,126,47,13
5,s028,126,44,7
5,s028,126,45,4
5,s028,126,42,10
5,s028,126,43,3
5,s028,126,40,2
5,s028,126,41,1
5,s028,126,38,8
5,s028,126,39,1
5,s028,126,36,1
5,s028,126,37,1
5,s028,126,34,6
5,s028,126,35,1
5,s028,126,30,34
5,s028,126,31,9
5,s028,126,28,9
5,s028,126,29,7
5,s028,126,26,8
5,s028,126,27,3
5,s028,126,24,5
5,s028,126,25,1
5,s028,126,22,10
5,s028,126,23,7
5,s028,126,20,1
5,s028,126,18,3
5,s028,126,19,2
5,s028,126,14,8
5,s028,126,15,5
5,s028,126,12,2
5,s028,126,10,2
5,s028,126,8,1
5,s028,126,9,1
5,s028,126,7,1
5,s028,126,2,1
5,s029,97,97,574
5,s029,97,96,133
5,s029,97,99,133
5,s029,97,98,27
5,s029,97,101,129
5,s029,97,100,32
5,s029,97,103,33
5,s029,97,102,6
5,s029,97,105,113
5,s029,97,104,27
5,s029,97,107,24
5,s029,97,106,7
5,s029,97,109,30
5,s029,97,108,7
5,s029,97,111,6
5,s029,97,110,3
5,s029,97,113,131
5,s029,97,112,35
5,s029,97,115,28
5,s029,97,114,9
5,s029,97,117,26
5,s029,97,116,3
5,s029,97,119,7
5,s029,97,118,1
5,s029,97,121,35
5,s029,97,120,11
5,s029,97,123,1
5,s029,97,125,6
5,s029,97,124,3
5,s029,97,127,1
5,s029,97,126,1
5,s029,97,65,163
5,s029,97,64,39
5,s029,97,67,34
5,s029,97,66,11
5,s029,97,69,36
5,s029,97,68,6
5,s029,97,71,10
5,s029,97,73,31
5,s029,97,72,8
5,s029,97,75,9
5,s029,97,74,3
5,s029,97,77,5
5,s029,97,76,3
5,s029,97,79,2
5,s029,97,78,1
5,s029,97,81,40
5,s029,97,80,8
5,s029,97,83,6
5,s029,97,82,4
5,s029,97,85,6
5,s029,97,84,2
5,s029,97,87,4
5,s029,97,89,6
5,s029,97,88,1
5,s029,97,93,4
5,s029,97,95,1
5,s029,97,33,156
5,s029,97,32,50
5,s029,97,35,36
5,s029,97,34,8
5,s029,97,37,30
5,s029,97,36,12
5,s029,97,39,4
5,s029,97,38,5
5,s029,97,41,35
5,s029,97,40,8
5,s029,97,43,8
5,s029,97,45,10
5,s029,97,44,2
5,s029,97,47,1
5,s029,97,49,27
5,s029,97,48,12
5,s029,97,51,5
5,s029,97,50,5
5,s029,97,53,7
5,s029,97,52,6
5,s029,97,57,7
5,s029,97,56,3
5,s029,97,59,2
5,s029,97,61,1
5,s029,97,60,1
5,s029,97,63,2
5,s029,97,1,35
5,s029,97,0,15
5,s029,97,3,7
5,s029,97,2,7
5,s029,97,5,13
5,s029,97,4,3
5,s029,97,7,6
5,s029,97,6,3
5,s029,97,9,9
5,s029,97,8,5
5,s029,97,11,2
5,s029,97,13,2
5,s029,97,15,1
5,s029,97,14,1
5,s029,97,17,9
5,s029,97,16,3
5,s029,97,19,3
5,s029,97,18,1
5,s029,97,21,5
5,s029,97,20,3
5,s029,97,25,3
5,s030,61,61,650
5,s030,61,60,152
5,s030,61,63,106
5,s030,61,62,29
5,s030,61,57,156
5,s030,61,56,39
5,s030,61,59,30
5,s030,61,58,7
5,s030,61,53,138
5,s030,61,52,32
5,s030,61,55,25
5,s030,61,54,3
5,s030,61,49,20
5,s030,61,48,6
5,s030,61,51,5
5,s030,61,45,141
5,s030,61,44,24
5,s030,61,47,30
5,s030,61,46,10
5,s030,61,41,38
5,s030,61,40,5
5,s030,61,43,5
5,s030,61,37,30
5,s030,61,36,3
5,s030,61,39,10
5,s030,61,38,1
5,s030,61,33,5
5,s030,61,32,1
5,s030,61,29,160
5,s030,61,28,33
5,s030,61,31,42
5,s030,61,30,10
5,s030,61,25,30
5,s030,61,24,15
5,s030,61,27,13
5,s030,61,26,2
5,s030,61,21,27
5,s030,61,20,10
5,s030,61,23,20
5,s030,61,22,2
5,s030,61,17,5
5,s030,61,16,3
5,s030,61,19,4
5,s030,61,18,1
5,s030,61,13,38
5,s030,61,12,5
5,s030,61,15,10
5,s030,61,14,6
5,s030,61,9,8
5,s030,61,5,8
5,s030,61,4,5
5,s030,61,7,1
5,s030,61,6,1
5,s030,61,1,2
5,s030,61,2,1
5,s030,61,125,181
5,s030,61,124,55
5,s030,61,127,31
5,s030,61,126,15
5,s030,61,121,37
5,s030,61,120,15
5,s030,61,123,5
5,s030,61,122,3
5,s030,61,117,32
5,s030,61,116,11
5,s030,61,119,4
5,s030,61,118,3
5,s030,61,113,10
5,s030,61,112,5
5,s030,61,115,1
5,s030,61,109,38
5,s030,61,108,12
5,s030,61,111,5
5,s030,61,110,8
5,s030,61,105,12
5,s030,61,104,4
5,s030,61,107,1
5,s030,61,106,1
5,s030,61,101,5
5,s030,61,100,3
5,s030,61,103,2
5,s030,61,102,1
5,s030,61,97,1
5,s030,61,96,1
5,s030,61,93,31
5,s030,61,92,14
5,s030,61,95,16
5,s030,61,94,5
5,s030,61,89,7
5,s030,61,88,4
5,s030,61,91,2
5,s030,61,90,2
5,s030,61,85,12
5,s030,61,84,1
5,s030,61,87,4
5,s030,61,86,2
5,s030,61,81,1
5,s030,61,82,1
5,s030,61,77,9
5,s030,61,76,2
5,s030,61,79,2
5,s030,61,78,1
5,s030,61,73,2
5,s030,61,72,1
5,s030,61,75,2
5,s030,61,74,2
5,s030,61,69,1
5,s030,61,70,1
5,s030,61,65,1
5,s031,95,95,576
5,s031,95,94,151
5,s031,95,93,110
5,s031,95,92,21
5,s031,95,91,128
5,s031,95,90,27
5,s031,95,89,30
5,s031,95,88,7
5,s031,95,87,125
5,s031,95,86,35
5,s031,95,85,35
5,s031,95,84,7
5,s031,95,83,30
5,s031,95,82,6
5,s031,95,81,8
5,s031,95,80,1
5,s031,95,79,113
5,s031,95,78,35
5,s031,95,77,24
5,s031,95,76,6
5,s031,95,75,32
5,s031,95,74,5
5,s031,95,73,3
5,s031,95,72,1
5,s031,95,71,31
5,s031,95,70,8
5,s031,95,69,5
5,s031,95,68,2
5,s031,95,67,6
5,s031,95,66,2
5,s031,95,65,1
5,s031,95,64,1
5,s031,95,127,171
5,s031,95,126,30
5,s031,95,125,40
5,s031,95,124,9
5,s031,95,123,40
5,s031,95,122,16
5,s031,95,121,14
5,s031,95,120,1
5,s031,95,119,41
5,s031,95,118,7
5,s031,95,117,13
5,s031,95,116,2
5,s031,95,115,4
5,s031,95,114,1
5,s031,95,113,1
5,s031,95,111,33
5,s031,95,110,12
5,s031,95,109,9
5,s031,95,108,3
5,s031,95,107,1
5,s031,95,105,2
5,s031,95,103,15
5,s031,95,102,4
5,s031,95,101,4
5,s031,95,96,1
5,s031,95,31,169
5,s031,95,30,57
5,s031,95,29,34
5,s031,95,28,14
5,s031,95,27,45
5,s031,95,26,19
5,s031,95,25,11
5,s031,95,24,5
5,s031,95,23,26
5,s031,95,22,19
5,s031,95,21,5
5,s031,95,20,5
5,s031,95,19,8
5,s031,95,18,3
5,s031,95,17,1
5,s031,95,16,1
5,s031,95,15,34
5,s031,95,14,13
5,s031,95,13,5
5,s031,95,12,2
5,s031,95,11,6
5,s031,95,10,5
5,s031,95,9,1
5,s031,95,8,1
5,s031,95,7,5
5,s031,95,6,2
5,s031,95,5,3
5,s031,95,3,2
5,s031,95,63,28
5,s031,95,62,15
5,s031,95,61,9
5,s031,95,60,9
5,s031,95,59,8
5,s031,95,58,3
5,s031,95,57,2
5,s031,95,56,2
5,s031,95,55,14
5,s031,95,54,3
5,s031,95,53,4
5,s031,95,52,1
5,s031,95,51,1
5,s031,95,49,1
5,s031,95,47,11
5,s031,95,46,7
5,s031,95,45,1
5,s031,95,44,2
5,s031,95,43,2
5,s031,95,41,1
5,s031,95,39,4
5,s031,95,33,1
5,s032,37,37,633
5,s032,37,36,138
5,s032,37,39,123
5,s032,37,38,21
5,s032,37,33,155
5,s032,37,32,40
5,s032,37,35,33
5,s032,37,34,7
5,s032,37,45,146
5,s032,37,44,37
5,s032,37,47,21
5,s032,37,46,7
5,s032,37,41,30
5,s032,37,40,7
5,s032,37,43,6
5,s032,37,42,3
5,s032,37,53,146
5,s032,37,52,27
5,s032,37,55,24
5,s032,37,54,12
5,s032,37,49,29
5,s032,37,48,7
5,s032,37,51,7
5,s032,37,50,1
5,s032,37,61,27
5,s032,37,60,7
5,s032,37,63,6
5,s032,37,62,1
5,s032,37,57,9
5,s032,37,59,2
5,s032,37,58,1
5,s032,37,5,154
5,s032,37,4,40
5,s032,37,7,57
5,s032,37,6,8
5,s032,37,1,36
5,s032,37,0,9
5,s032,37,3,17
5,s032,37,2,6
5,s032,37,13,35
5,s032,37,12,8
5,s032,37,15,10
5,s032,37,14,2
5,s032,37,9,10
5,s032,37,8,4
5,s032,37,11,4
5,s032,37,21,41
5,s032,37,20,7
5,s032,37,23,11
5,s032,37,22,4
5,s032,37,17,11
5,s032,37,16,1
5,s032,37,19,1
5,s032,37,29,9
5,s032,37,28,2
5,s032,37,31,1
5,s032,37,30,1
5,s032,37,25,4
5,s032,37,27,1
5,s032,37,101,163
5,s032,37,100,56
5,s032,37,103,32
5,s032,37,102,6
5,s032,37,97,48
5,s032,37,96,18
5,s032,37,99,6
5,s032,37,98,4
5,s032,37,109,42
5,s032,37,108,10
5,s032,37,111,9
5,s032,37,105,18
5,s032,37,104,1
5,s032,37,107,4
5,s032,37,106,1
5,s032,37,117,41
5,s032,37,116,19
5,s032,37,119,4
5,s032,37,118,1
5,s032,37,113,12
5,s032,37,112,3
5,s032,37,115,6
5,s032,37,114,1
5,s032,37,125,6
5,s032,37,124,4
5,s032,37,127,2
5,s032,37,121,1
5,s032,37,69,37
5,s032,37,68,10
5,s032,37,71,12
5,s032,37,70,4
5,s032,37,65,7
5,s032,37,64,5
5,s032,37,77,7
5,s032,37,76,1
5,s032,37,79,2
5,s032,37,73,2
5,s032,37,85,9
5,s032,37,87,5
5,s032,37,86,2
5,s032,37,81,3
5,s032,37,80,1
5,s032,37,83,1
5,s032,37,82,1
5,s032,37,92,1
5,s033,22,22,635
5,s033,22,23,122
5,s033,22,20,118
5,s033,22,21,33
5,s033,22,18,137
5,s033,22,19,36
5,s033,22,16,29
5,s033,22,17,9
5,s033,22,30,131
5,s033,22,31,25
5,s033,22,28,27
5,s033,22,29,3
5,s033,22,26,38
5,s033,22,27,5
5,s033,22,24,4
5,s033,22,25,1
5,s033,22,6,148
5,s033,22,7,33
5,s033,22,4,19
5,s033,22,5,4
5,s033,22,2,30
5,s033,22,3,7
5,s033,22,0,2
5,s033,22,1,3
5,s033,22,14,32
5,s033,22,15,11
5,s033,22,12,4
5,s033,22,10,7
5,s033,22,11,1
5,s033,22,8,2
5,s033,22,9,1
5,s033,22,54,154
5,s033,22,55,49
5,s033,22,52,40
5,s033,22,53,13
5,s033,22,50,38
5,s033,22,51,6
5,s033,22,48,13
5,s033,22,49,2
5,s033,22,62,34
5,s033,22,63,6
5,s033,22,60,5
5,s033,22,58,9
5,s033,22,59,1
5,s033,22,56,3
5,s033,22,38,36
5,s033,22,39,5
5,s033,22,36,13
5,s033,22,37,1
5,s033,22,34,4
5,s033,22,35,1
5,s033,22,32,1
5,s033,22,46,8
5,s033,22,47,4
5,s033,22,44,1
5,s033,22,42,3
5,s033,22,43,1
5,s033,22,86,149
5,s033,22,87,53
5,s033,22,84,37
5,s033,22,85,7
5,s033,22,82,38
5,s033,22,83,28
5,s033,22,80,10
5,s033,22,81,5
5,s033,22,94,32
5,s033,22,95,5
5,s033,22,92,7
5,s033,22,93,5
5,s033,22,90,9
5,s033,22,91,5
5,s033,22,70,31
5,s033,22,71,11
5,s033,22,68,5
5,s033,22,69,4
5,s033,22,66,13
5,s033,22,67,2
5,s033,22,78,11
5,s033,22,79,5
5,s033,22,76,5
5,s033,22,75,1
5,s033,22,118,47
5,s033,22,119,20
5,s033,22,116,11
5,s033,22,117,5
5,s033,22,114,14
5,s033,22,115,5
5,s033,22,112,5
5,s033,22,126,14
5,s033,22,127,5
5,s033,22,124,3
5,s033,22,122,1
5,s033,22,123,1
5,s033,22,120,2
5,s033,22,121,1
5,s033,22,102,6
5,s033,22,100,1
5,s033,22,101,1
5,s033,22,99,1
5,s033,22,96,1
5,s033,22,110,3
5,s033,22,108,1
5,s033,22,106,1
5,s033,22,107,1
5,s034,73,73,648
5,s034,73,72,164
5,s034,73,75,123
5,s034,73,74,31
5,s034,73,77,129
5,s034,73,76,38
5,s034,73,79,21
5,s034,73,78,2
5,s034,73,65,143
5,s034,73,64,33
5,s034,73,67,26
5,s034,73,66,6
5,s034,73,69,32
5,s034,73,68,4
5,s034,73,71,8
5,s034,73,70,1
5,s034,73,89,136
5,s034,73,88,29
5,s034,73,91,30
5,s034,73,90,3
5,s034,73,93,37
5,s034,73,92,5
5,s034,73,95,11
5,s034,73,81,44
5,s034,73,80,5
5,s034,73,83,9
5,s034,73,85,5
5,s034,73,87,1
5,s034,73,105,175
5,s034,73,104,44
5,s034,73,107,54
5,s034,73,106,7
5,s034,73,109,44
5,s034,73,108,6
5,s034,73,111,13
5,s034,73,110,1
5,s034,73,97,42
5,s034,73,96,9
5,s034,73,99,11
5,s034,73,98,3
5,s034,73,101,10
5,s034,73,100,2
5,s034,73,103,3
5,s034,73,121,39
5,s034,73,120,12
5,s034,73,123,12
5,s034,73,122,1
5,s034,73,125,10
5,s034,73,124,1
5,s034,73,127,1
5,s034,73,113,12
5,s034,73,112,3
5,s034,73,115,3
5,s034,73,114,1
5,s034,73,117,1
5,s034,73,9,147
5,s034,73,8,55
5,s034,73,11,23
5,s034,73,10,11
5,s034,73,13,45
5,s034,73,12,11
5,s034,73,15,1
5,s034,73,14,1
5,s034,73,1,42
5,s034,73,0,12
5,s034,73,3,9
5,s034,73,2,6
5,s034,73,5,11
5,s034,73,4,3
5,s034,73,7,1
5,s034,73,6,2
5,s034,73,25,33
5,s034,73,24,16
5,s034,73,27,5
5,s034,73,26,4
5,s034,73,29,7
5,s034,73,28,6
5,s034,73,30,1
5,s034,73,17,7
5,s034,73,16,4
5,s034,73,19,1
5,s034,73,21,2
5,s034,73,23,1
5,s034,73,41,37
5,s034,73,40,15
5,s034,73,43,10
5,s034,73,42,4
5,s034,73,45,11
5,s034,73,44,3
5,s034,73,47,5
5,s034,73,33,4
5,s034,73,32,2
5,s034,73,35,2
5,s034,73,37,2
5,s034,73,36,2
5,s034,73,39,1
5,s034,73,57,7
5,s034,73,59,3
5,s034,73,61,1
5,s034,73,63,1
5,s034,73,62,1
5,s034,73,49,1
5,s034,73,53,1
5,s035,18,18,605
5,s035,18,19,177
5,s035,18,16,125
5,s035,18,17,30
5,s035,18,22,142
5,s035,18,23,28
5,s035,18,20,28
5,s035,18,21,9
5,s035,18,26,123
5,s035,18,27,30
5,s035,18,24,26
5,s035,18,25,5
5,s035,18,30,32
5,s035,18,31,5
5,s035,18,28,7
5,s035,18,2,125
5,s035,18,3,35
5,s035,18,0,32
5,s035,18,1,7
5,s035,18,6,24
5,s035,18,7,8
5,s035,18,4,7
5,s035,18,5,3
5,s035,18,10,28
5,s035,18,11,6
5,s035,18,8,6
5,s035,18,14,7
5,s035,18,15,3
5,s035,18,12,1
5,s035,18,13,1
5,s035,18,50,154
5,s035,18,51,40
5,s035,18,48,50
5,s035,18,49,9
5,s035,18,54,38
5,s035,18,55,15
5,s035,18,52,8
5,s035,18,58,33
5,s035,18,59,7
5,s035,18,56,8
5,s035,18,57,2
5,s035,18,62,9
5,s035,18,63,3
5,s035,18,60,1
5,s035,18,61,1
5,s035,18,34,44
5,s035,18,35,7
5,s035,18,32,6
5,s035,18,33,3
5,s035,18,38,10
5,s035,18,39,3
5,s035,18,36,3
5,s035,18,37,1
5,s035,18,42,8
5,s035,18,40,2
5,s035,18,41,1
5,s035,18,46,1
5,s035,18,47,1
5,s035,18,82,142
5,s035,18,83,60
5,s035,18,80,33
5,s035,18,81,12
5,s035,18,86,45
5,s035,18,87,20
5,s035,18,84,12
5,s035,18,85,4
5,s035,18,90,25
5,s035,18,91,9
5,s035,18,88,6
5,s035,18,94,11
5,s035,18,95,3
5,s035,18,92,5
5,s035,18,66,24
5,s035,18,67,15
5,s035,18,64,9
5,s035,18,65,2
5,s035,18,70,10
5,s035,18,71,4
5,s035,18,68,1
5,s035,18,74,11
5,s035,18,75,2
5,s035,18,78,3
5,s035,18,79,4
5,s035,18,76,1
5,s035,18,77,2
5,s035,18,114,39
5,s035,18,115,16
5,s035,18,112,10
5,s035,18,113,1
5,s035,18,118,12
5,s035,18,119,7
5,s035,18,116,3
5,s035,18,117,2
5,s035,18,122,12
5,s035,18,123,2
5,s035,18,120,1
5,s035,18,121,1
5,s035,18,126,2
5,s035,18,127,1
5,s035,18,125,1
5,s035,18,98,10
5,s035,18,99,6
5,s035,18,96,5
5,s035,18,97,1
5,s035,18,102,2
5,s035,18,101,2
5,s035,18,106,1
5,s035,18,105,1
7,s000,31,31,372
7,s000,31,30,130
7,s000,31,29,92
7,s000,31,28,26
7,s000,31,27,112
7,s000,31,26,33
7,s000,31,25,26
7,s000,31,24,12
7,s000,31,23,135
7,s000,31,22,40
7,s000,31,21,42
7,s000,31,20,10
7,s000,31,19,33
7,s000,31,18,14
7,s000,31,17,16
7,s000,31,16,5
7,s000,31,15,132
7,s000,31,14,34
7,s000,31,13,25
7,s000,31,12,11
7,s000,31,11,43
7,s000,31,10,15
7,s000,31,9,6
7,s000,31,8,1
7,s000,31,7,36
7,s000,31,6,7
7,s000,31,5,6
7,s000,31,4,3
7,s000,31,3,9
7,s000,31,2,1
7,s000,31,1,5
7,s000,31,0,2
7,s000,31,63,138
7,s000,31,62,47
7,s000,31,61,37
7,s000,31,60,7
7,s000,31,59,38
7,s000,31,58,13
7,s000,31,57,19
7,s000,31,56,5
7,s000,31,55,34
7,s000,31,54,13
7,s000,31,53,17
7,s000,31,52,3
7,s000,31,51,10
7,s000,31,50,1
7,s000,31,49,3
7,s000,31,48,1
7,s000,31,47,32
7,s000,31,46,15
7,s000,31,45,19
7,s000,31,44,2
7,s000,31,43,15
7,s000,31,42,4
7,s000,31,41,5
7,s000,31,39,9
7,s000,31,38,3
7,s000,31,37,5
7,s000,31,36,3
7,s000,31,35,2
7,s000,31,95,133
7,s000,31,94,53
7,s000,31,93,40
7,s000,31,92,14
7,s000,31,91,42
7,s000,31,90,21
7,s000,31,89,13
7,s000,31,88,2
7,s000,31,87,33
7,s000,31,86,19
7,s000,31,85,17
7,s000,31,84,4
7,s000,31,83,17
7,s000,31,82,7
7,s000,31,81,2
7,s000,31,80,2
7,s000,31,79,35
7,s000,31,78,20
7,s000,31,77,10
7,s000,31,76,8
7,s000,31,75,18
7,s000,31,74,8
7,s000,31,73,4
7,s000,31,71,11
7,s000,31,70,4
7,s000,31,69,2
7,s000,31,68,1
7,s000,31,67,2
7,s000,31,66,1
7,s000,31,65,1
7,s000,31,64,1
7,s000,31,127,56
7,s000,31,126,16
7,s000,31,125,23
7,s000,31,124,5
7,s000,31,123,16
7,s000,31,122,6
7,s000,31,121,4
7,s000,31,120,3
7,s000,31,119,10
7,s000,31,118,3
7,s000,31,117,4
7,s000,31,116,1
7,s000,31,115,4
7,s000,31,114,3
7,s000,31,113,1
7,s000,31,111,12
7,s000,31,110,5
7,s000,31,109,4
7,s000,31,108,2
7,s000,31,107,3
7,s000,31,106,3
7,s000,31,103,3
7,s000,31,100,1
7,s000,31,99,3
7,s000,31,97,1
7,s001,51,51,391
7,s001,51,50,113
7,s001,51,49,112
7,s001,51,48,29
7,s001,51,55,94
7,s001,51,54,33
7,s001,51,53,31
7,s001,51,52,12
7,s001,51,59,113
7,s001,51,58,31
7,s001,51,57,33
7,s001,51,56,15
7,s001,51,63,34
7,s001,51,62,8
7,s001,51,61,10
7,s001,51,60,1
7,s001,51,35,116
7,s001,51,34,28
7,s001,51,33,29
7,s001,51,32,8
7,s001,51,39,41
7,s001,51,38,9
7,s001,51,37,9
7,s001,51,36,4
7,s001,51,43,30
7,s001,51,42,12
7,s001,51,41,10
7,s001,51,40,6
7,s001,51,47,9
7,s001,51,45,2
7,s001,51,44,1
7,s001,51,19,132
7,s001,51,18,44
7,s001,51,17,52
7,s001,51,16,10
7,s001,51,23,42
7,s001,51,22,20
7,s001,51,21,12
7,s001,51,20,7
7,s001,51,27,37
7,s001,51,26,16
7,s001,51,25,11
7,s001,51,24,5
7,s001,51,31,14
7,s001,51,30,2
7,s001,51,29,5
7,s001,51,3,34
7,s001,51,2,14
7,s001,51,1,15
7,s001,51,0,4
7,s001,51,7,11
7,s001,51,6,1
7,s001,51,5,5
7,s001,51,4,1
7,s001,51,11,15
7,s001,51,10,5
7,s001,51,9,1
7,s001,51,15,4
7,s001,51,14,2
7,s001,51,13,1
7,s001,51,115,117
7,s001,51,114,61
7,s001,51,113,39
7,s001,51,112,13
7,s001,51,119,39
7,s001,51,118,23
7,s001,51,117,10
7,s001,51,116,5
7,s001,51,123,36
7,s001,51,122,15
7,s001,51,121,13
7,s001,51,120,2
7,s001,51,127,12
7,s001,51,126,8
7,s001,51,125,5
7,s001,51,124,2
7,s001,51,99,46
7,s001,51,98,11
7,s001,51,97,15
7,s001,51,96,5
7,s001,51,103,20
7,s001,51,102,4
7,s001,51,101,2
7,s001,51,100,1
7,s001,51,107,8
7,s001,51,106,2
7,s001,51,105,6
7,s001,51,104,1
7,s001,51,111,1
7,s001,51,109,2
7,s001,51,108,1
7,s001,51,83,31
7,s001,51,82,19
7,s001,51,81,7
7,s001,51,80,7
7,s001,51,87,11
7,s001,51,86,10
7,s001,51,85,8
7,s001,51,84,3
7,s001,51,91,20
7,s001,51,90,8
7,s001,51,89,4
7,s001,51,88,2
7,s001,51,95,4
7,s001,51,94,2
7,s001,51,93,2
7,s001,51,67,12
7,s001,51,66,8
7,s001,51,65,6
7,s001,51,64,2
7,s001,51,71,6
7,s001,51,70,2
7,s001,51,75,6
7,s001,51,74,1
7,s001,51,73,2
7,s001,51,79,1
7,s001,51,78,2
7,s001,51,77,1
7,s002,20,20,426
7,s002,20,21,112
7,s002,20,22,118
7,s002,20,23,41
7,s002,20,16,100
7,s002,20,17,38
7,s002,20,18,30
7,s002,20,19,11
7,s002,20,28,131
7,s002,20,29,39
7,s002,20,30,38
7,s002,20,31,9
7,s002,20,24,24
7,s002,20,25,12
7,s002,20,26,8
7,s002,20,27,5
7,s002,20,4,120
7,s002,20,5,26
7,s002,20,6,34
7,s002,20,7,9
7,s002,20,0,31
7,s002,20,1,13
7,s002,20,2,10
7,s002,20,3,1
7,s002,20,12,30
7,s002,20,13,19
7,s002,20,14,8
7,s002,20,15,2
7,s002,20,8,8
7,s002,20,9,5
7,s002,20,10,3
7,s002,20,52,128
7,s002,20,53,40
7,s002,20,54,59
7,s002,20,55,14
7,s002,20,48,43
7,s002,20,49,10
7,s002,20,50,19
7,s002,20,51,3
7,s002,20,60,48
7,s002,20,61,11
7,s002,20,62,14
7,s002,20,63,2
7,s002,20,56,11
7,s002,20,57,4
7,s002,20,58,6
7,s002,20,59,2
7,s002,20,36,30
7,s002,20,37,14
7,s002,20,38,14
7,s002,20,39,5
7,s002,20,32,14
7,s002,20,33,5
7,s002,20,34,1
7,s002,20,35,2
7,s002,20,44,17
7,s002,20,45,1
7,s002,20,46,2
7,s002,20,47,2
7,s002,20,40,1
7,s002,20,41,1
7,s002,20,42,2
7,s002,20,84,123
7,s002,20,85,61
7,s002,20,86,43
7,s002,20,87,13
7,s002,20,80,48
7,s002,20,81,23
7,s002,20,82,15
7,s002,20,83,4
7,s002,20,92,33
7,s002,20,93,15
7,s002,20,94,9
7,s002,20,95,6
7,s002,20,88,12
7,s002,20,89,7
7,s002,20,90,6
7,s002,20,91,1
7,s002,20,68,36
7,s002,20,69,14
7,s002,20,70,10
7,s002,20,71,5
7,s002,20,64,12
7,s002,20,65,10
7,s002,20,66,2
7,s002,20,76,11
7,s002,20,77,3
7,s002,20,78,3
7,s002,20,72,5
7,s002,20,73,2
7,s002,20,74,1
7,s002,20,116,46
7,s002,20,117,25
7,s002,20,118,15
7,s002,20,119,6
7,s002,20,112,15
7,s002,20,113,6
7,s002,20,114,12
7,s002,20,115,2
7,s002,20,124,8
7,s002,20,125,8
7,s002,20,126,9
7,s002,20,127,2
7,s002,20,120,3
7,s002,20,121,1
7,s002,20,122,2
7,s002,20,123,1
7,s002,20,100,6
7,s002,20,101,3
7,s002,20,102,3
7,s002,20,103,2
7,s002,20,96,5
7,s002,20,98,3
7,s002,20,109,2
7,s002,20,104,1
7,s002,20,107,1
7,s003,117,117,378
7,s003,117,116,140
7,s003,117,119,114
7,s003,117,118,48
7,s003,117,113,112
7,s003,117,112,28
7,s003,117,115,23
7,s003,117,114,7
7,s003,117,125,100
7,s003,117,124,38
7,s003,117,127,33
7,s003,117,126,11
7,s003,117,121,48
7,s003,117,120,11
7,s003,117,123,14
7,s003,117,122,5
7,s003,117,101,125
7,s003,117,100,48
7,s003,117,103,35
7,s003,117,102,4
7,s003,117,97,39
7,s003,117,96,4
7,s003,117,99,9
7,s003,117,98,2
7,s003,117,109,35
7,s003,117,108,14
7,s003,117,111,9
7,s003,117,110,1
7,s003,117,105,10
7,s003,117,104,3
7,s003,117,107,2
7,s003,117,106,2
7,s003,117,85,123
7,s003,117,84,46
7,s003,117,87,50
7,s003,117,86,12
7,s003,117,81,42
7,s003,117,80,15
7,s003,117,83,15
7,s003,117,82,5
7,s003,117,93,50
7,s003,117,92,6
7,s003,117,95,16
7,s003,117,94,4
7,s003,117,89,10
7,s003,117,88,11
7,s003,117,91,5
7,s003,117,90,2
7,s003,117,69,38
7,s003,117,68,6
7,s003,117,71,13
7,s003,117,70,3
7,s003,117,65,13
7,s003,117,64,3
7,s003,117,67,5
7,s003,117,66,2
7,s003,117,77,7
7,s003,117,76,2
7,s003,117,79,4
7,s003,117,78,2
7,s003,117,73,1
7,s003,117,75,2
7,s003,117,53,129
7,s003,117,52,58
7,s003,117,55,43
7,s003,117,54,11
7,s003,117,49,40
7,s003,117,48,30
7,s003,117,51,19
7,s003,117,50,10
7,s003,117,61,28
7,s003,117,60,19
7,s003,117,63,8
7,s003,117,62,7
7,s003,117,57,15
7,s003,117,56,3
7,s003,117,59,5
7,s003,117,58,2
7,s003,117,37,45
7,s003,117,36,11
7,s003,117,39,12
7,s003,117,38,5
7,s003,117,33,9
7,s003,117,32,5
7,s003,117,35,3
7,s003,117,34,2
7,s003,117,45,10
7,s003,117,44,3
7,s003,117,47,2
7,s003,117,46,3
7,s003,117,41,5
7,s003,117,40,1
7,s003,117,43,1
7,s003,117,42,1
7,s003,117,21,54
7,s003,117,20,25
7,s003,117,23,16
7,s003,117,22,5
7,s003,117,17,22
7,s003,117,16,6
7,s003,117,19,5
7,s003,117,18,1
7,s003,117,29,13
7,s003,117,28,3
7,s003,117,31,5
7,s003,117,30,2
7,s003,117,25,3
7,s003,117,24,1
7,s003,117,26,1
7,s003,117,5,16
7,s003,117,4,2
7,s003,117,7,3
7,s003,117,6,6
7,s003,117,1,8
7,s003,117,0,4
7,s003,117,3,4
7,s003,117,13,4
7,s003,117,12,2
7,s003,117,9,2
7,s004,76,76,379
7,s004,76,77,112
7,s004,76,78,105
7,s004,76,79,33
7,s004,76,72,107
7,s004,76,73,39
7,s004,76,74,24
7,s004,76,75,12
7,s004,76,68,126
7,s004,76,69,42
7,s004,76,70,38
7,s004,76,71,11
7,s004,76,64,40
7,s004,76,65,11
7,s004,76,66,18
7,s004,76,67,3
7,s004,76,92,120
7,s004,76,93,37
7,s004,76,94,29
7,s004,76,95,10
7,s004,76,88,30
7,s004,76,89,8
7,s004,76,90,9
7,s004,76,91,1
7,s004,76,84,32
7,s004,76,85,15
7,s004,76,86,10
7,s004,76,87,6
7,s004,76,80,3
7,s004,76,81,2
7,s004,76,83,2
7,s004,76,108,130
7,s004,76,109,34
7,s004,76,110,44
7,s004,76,111,18
7,s004,76,104,37
7,s004,76,105,10
7,s004,76,106,23
7,s004,76,107,8
7,s004,76,100,42
7,s004,76,101,12
7,s004,76,102,10
7,s004,76,103,4
7,s004,76,96,19
7,s004,76,97,6
7,s004,76,98,4
7,s004,76,124,46
7,s004,76,125,8
7,s004,76,126,14
7,s004,76,127,3
7,s004,76,120,10
7,s004,76,121,6
7,s004,76,122,4
7,s004,76,123,4
7,s004,76,116,8
7,s004,76,117,5
7,s004,76,118,2
7,s004,76,112,2
7,s004,76,113,1
7,s004,76,114,2
7,s004,76,12,130
7,s004,76,13,61
7,s004,76,14,28
7,s004,76,15,16
7,s004,76,8,53
7,s004,76,9,21
7,s004,76,10,10
7,s004,76,11,7
7,s004,76,4,53
7,s004,76,5,21
7,s004,76,6,13
7,s004,76,7,4
7,s004,76,0,11
7,s004,76,1,5
7,s004,76,2,3
7,s004,76,3,6
7,s004,76,28,28
7,s004,76,29,16
7,s004,76,30,9
7,s004,76,31,3
7,s004,76,24,12
7,s004,76,25,13
7,s004,76,26,5
7,s004,76,20,14
7,s004,76,21,7
7,s004,76,22,5
7,s004,76,23,1
7,s004,76,16,6
7,s004,76,17,2
7,s004,76,18,1
7,s004,76,44,49
7,s004,76,45,11
7,s004,76,46,12
7,s004,76,47,10
7,s004,76,40,10
7,s004,76,41,5
7,s004,76,42,3
7,s004,76,43,2
7,s004,76,36,22
7,s004,76,37,9
7,s004,76,38,6
7,s004,76,39,3
7,s004,76,32,2
7,s004,76,33,5
7,s004,76,35,4
7,s004,76,60,18
7,s004,76,61,9
7,s004,76,62,3
7,s004,76,63,4
7,s004,76,56,7
7,s004,76,57,4
7,s004,76,58,1
7,s004,76,59,2
7,s004,76,52,3
7,s004,76,53,2
7,s004,76,54,2
7,s004,76,55,1
7,s004,76,48,1
7,s004,76,50,1
7,s005,18,18,375
7,s005,18,19,105
7,s005,18,16,143
7,s005,18,17,37
7,s005,18,22,120
7,s005,18,23,41
7,s005,18,20,23
7,s005,18,21,14
7,s005,18,26,128
7,s005,18,27,38
7,s005,18,24,32
7,s005,18,25,10
7,s005,18,30,29
7,s005,18,31,6
7,s005,18,28,5
7,s005,18,29,3
7,s005,18,2,103
7,s005,18,3,43
7,s005,18,0,22
7,s005,18,1,10
7,s005,18,6,37
7,s005,18,7,10
7,s005,18,4,4
7,s005,18,5,7
7,s005,18,10,38
7,s005,18,11,6
7,s005,18,8,5
7,s005,18,9,4
7,s005,18,14,8
7,s005,18,15,1
7,s005,18,12,6
7,s005,18,13,2
7,s005,18,50,135
7,s005,18,51,33
7,s005,18,48,44
7,s005,18,49,15
7,s005,18,54,29
7,s005,18,55,8
7,s005,18,52,15
7,s005,18,53,8
7,s005,18,58,28
7,s005,18,59,11
7,s005,18,56,11
7,s005,18,57,6
7,s005,18,62,8
7,s005,18,63,3
7,s005,18,60,4
7,s005,18,61,2
7,s005,18,34,28
7,s005,18,35,14
7,s005,18,32,9
7,s005,18,33,2
7,s005,18,38,8
7,s005,18,39,3
7,s005,18,36,3
7,s005,18,42,11
7,s005,18,43,3
7,s005,18,40,5
7,s005,18,41,3
7,s005,18,46,3
7,s005,18,47,3
7,s005,18,44,2
7,s005,18,82,117
7,s005,18,83,54
7,s005,18,80,33
7,s005,18,81,11
7,s005,18,86,51
7,s005,18,87,18
7,s005,18,84,10
7,s005,18,85,6
7,s005,18,90,40
7,s005,18,91,20
7,s005,18,88,11
7,s005,18,89,5
7,s005,18,94,9
7,s005,18,95,8
7,s005,18,92,1
7,s005,18,93,1
7,s005,18,66,29
7,s005,18,67,14
7,s005,18,64,13
7,s005,18,65,5
7,s005,18,70,12
7,s005,18,71,10
7,s005,18,68,2
7,s005,18,69,1
7,s005,18,74,12
7,s005,18,75,3
7,s005,18,72,4
7,s005,18,78,7
7,s005,18,79,3
7,s005,18,114,50
7,s005,18,115,14
7,s005,18,112,18
7,s005,18,113,7
7,s005,18,118,20
7,s005,18,119,7
7,s005,18,116,10
7,s005,18,117,1
7,s005,18,122,15
7,s005,18,123,5
7,s005,18,120,5
7,s005,18,121,5
7,s005,18,126,3
7,s005,18,127,1
7,s005,18,125,1
7,s005,18,98,7
7,s005,18,99,7
7,s005,18,96,6
7,s005,18,97,1
7,s005,18,102,7
7,s005,18,103,1
7,s005,18,100,3
7,s005,18,101,1
7,s005,18,106,12
7,s005,18,107,1
7,s005,18,104,1
7,s005,18,105,1
7,s005,18,110,2
7,s005,18,109,1
7,s006,124,124,397
7,s006,124,125,106
7,s006,124,126,97
7,s006,124,127,31
7,s006,124,120,116
7,s006,124,121,42
7,s006,124,122,33
7,s006,124,123,11
7,s006,124,116,127
7,s006,124,117,35
7,s006,124,118,36
7,s006,124,119,10
7,s006,124,112,29
7,s006,124,113,7
7,s006,124,114,10
7,s006,124,115,4
7,s006,124,108,131
7,s006,124,109,41
7,s006,124,110,31
7,s006,124,111,9
7,s006,124,104,30
7,s006,124,105,14
7,s006,124,106,5
7,s006,124,107,8
7,s006,124,100,25
7,s006,124,101,5
7,s006,124,102,10
7,s006,124,103,4
7,s006,124,96,13
7,s006,124,97,2
7,s006,124,98,1
7,s006,124,92,136
7,s006,124,93,29
7,s006,124,94,38
7,s006,124,95,17
7,s006,124,88,37
7,s006,124,89,9
7,s006,124,90,15
7,s006,124,91,4
7,s006,124,84,40
7,s006,124,85,11
7,s006,124,86,16
7,s006,124,87,5
7,s006,124,80,8
7,s006,124,81,3
7,s006,124,82,4
7,s006,124,76,42
7,s006,124,77,12
7,s006,124,78,12
7,s006,124,79,7
7,s006,124,72,9
7,s006,124,73,2
7,s006,124,74,3
7,s006,124,75,2
7,s006,124,68,16
7,s006,124,69,5
7,s006,124,70,6
7,s006,124,71,1
7,s006,124,64,5
7,s006,124,66,2
7,s006,124,60,138
7,s006,124,61,52
7,s006,124,62,43
7,s006,124,63,16
7,s006,124,56,41
7,s006,124,57,17
7,s006,124,58,20
7,s006,124,59,2
7,s006,124,52,40
7,s006,124,53,20
7,s006,124,54,7
7,s006,124,55,5
7,s006,124,48,13
7,s006,124,49,8
7,s006,124,51,2
7,s006,124,44,44
7,s006,124,45,12
7,s006,124,46,10
7,s006,124,47,4
7,s006,124,40,11
7,s006,124,41,9
7,s006,124,42,6
7,s006,124,43,2
7,s006,124,36,11
7,s006,124,37,3
7,s006,124,38,3
7,s006,124,32,3
7,s006,124,33,3
7,s006,124,34,4
7,s006,124,35,1
7,s006,124,28,40
7,s006,124,29,19
7,s006,124,30,9
7,s006,124,31,10
7,s006,124,24,17
7,s006,124,25,8
7,s006,124,26,7
7,s006,124,27,6
7,s006,124,20,12
7,s006,124,21,7
7,s006,124,22,6
7,s006,124,23,4
7,s006,124,16,6
7,s006,124,17,3
7,s006,124,18,1
7,s006,124,19,1
7,s006,124,12,14
7,s006,124,13,6
7,s006,124,14,3
7,s006,124,15,2
7,s006,124,8,5
7,s006,124,9,2
7,s006,124,10,2
7,s006,124,4,6
7,s006,124,7,1
7,s006,124,0,3
7,s006,124,2,1
7,s006,124,3,1
7,s007,62,62,377
7,s007,62,63,110
7,s007,62,60,104
7,s007,62,61,32
7,s007,62,58,112
7,s007,62,59,39
7,s007,62,56,42
7,s007,62,57,14
7,s007,62,54,129
7,s007,62,55,39
7,s007,62,52,23
7,s007,62,53,11
7,s007,62,50,32
7,s007,62,51,13
7,s007,62,48,11
7,s007,62,49,1
7,s007,62,46,111
7,s007,62,47,27
7,s007,62,44,33
7,s007,62,45,9
7,s007,62,42,28
7,s007,62,43,12
7,s007,62,40,12
7,s007,62,41,2
7,s007,62,38,38
7,s007,62,39,12
7,s007,62,36,5
7,s007,62,37,4
7,s007,62,34,21
7,s007,62,35,5
7,s007,62,33,1
7,s007,62,30,153
7,s007,62,31,37
7,s007,62,28,36
7,s007,62,29,19
7,s007,62,26,47
7,s007,62,27,15
7,s007,62,24,14
7,s007,62,25,4
7,s007,62,22,36
7,s007,62,23,10
7,s007,62,20,14
7,s007,62,21,7
7,s007,62,18,14
7,s007,62,19,2
7,s007,62,16,3
7,s007,62,14,41
7,s007,62,15,11
7,s007,62,12,17
7,s007,62,13,8
7,s007,62,10,9
7,s007,62,11,5
7,s007,62,8,6
7,s007,62,9,2
7,s007,62,6,15
7,s007,62,7,3
7,s007,62,4,5
7,s007,62,5,2
7,s007,62,2,3
7,s007,62,3,2
7,s007,62,0,1
7,s007,62,1,1
7,s007,62,126,121
7,s007,62,127,52
7,s007,62,124,35
7,s007,62,125,20
7,s007,62,122,41
7,s007,62,123,13
7,s007,62,120,16
7,s007,62,121,4
7,s007,62,118,36
7,s007,62,119,16
7,s007,62,116,6
7,s007,62,117,5
7,s007,62,114,11
7,s007,62,115,7
7,s007,62,112,1
7,s007,62,110,42
7,s007,62,111,18
7,s007,62,108,6
7,s007,62,109,3
7,s007,62,106,9
7,s007,62,107,3
7,s007,62,104,5
7,s007,62,105,1
7,s007,62,102,16
7,s007,62,103,5
7,s007,62,100,3
7,s007,62,98,3
7,s007,62,96,1
7,s007,62,94,40
7,s007,62,95,28
7,s007,62,92,12
7,s007,62,93,9
7,s007,62,90,16
7,s007,62,91,9
7,s007,62,88,3
7,s007,62,89,4
7,s007,62,86,11
7,s007,62,87,3
7,s007,62,84,6
7,s007,62,85,4
7,s007,62,82,4
7,s007,62,83,3
7,s007,62,81,1
7,s007,62,78,19
7,s007,62,79,5
7,s007,62,76,7
7,s007,62,77,1
7,s007,62,74,6
7,s007,62,75,4
7,s007,62,70,2
7,s007,62,68,2
7,s007,62,66,4
7,s008,73,73,416
7,s008,73,72,124
7,s008,73,75,112
7,s008,73,74,35
7,s008,73,77,121
7,s008,73,76,24
7,s008,73,79,33
7,s008,73,78,12
7,s008,73,65,124
7,s008,73,64,36
7,s008,73,67,43
7,s008,73,66,11
7,s008,73,69,27
7,s008,73,68,15
7,s008,73,71,12
7,s008,73,70,5
7,s008,73,89,126
7,s008,73,88,38
7,s008,73,91,37
7,s008,73,90,11
7,s008,73,93,47
7,s008,73,92,12
7,s008,73,95,11
7,s008,73,94,2
7,s008,73,81,47
7,s008,73,80,9
7,s008,73,83,12
7,s008,73,82,3
7,s008,73,85,11
7,s008,73,84,8
7,s008,73,87,5
7,s008,73,86,2
7,s008,73,105,166
7,s008,73,104,35
7,s008,73,107,48
7,s008,73,106,15
7,s008,73,109,28
7,s008,73,108,10
7,s008,73,111,12
7,s008,73,110,4
7,s008,73,97,38
7,s008,73,96,14
7,s008,73,99,9
7,s008,73,98,6
7,s008,73,101,15
7,s008,73,100,3
7,s008,73,103,4
7,s008,73,121,41
7,s008,73,120,16
7,s008,73,123,18
7,s008,73,122,3
7,s008,73,125,12
7,s008,73,124,4
7,s008,73,127,3
7,s008,73,126,1
7,s008,73,113,10
7,s008,73,112,3
7,s008,73,115,1
7,s008,73,114,2
7,s008,73,117,4
7,s008,73,116,1
7,s008,73,119,1
7,s008,73,9,132
7,s008,73,8,71
7,s008,73,11,43
7,s008,73,10,19
7,s008,73,13,50
7,s008,73,12,14
7,s008,73,15,14
7,s008,73,14,5
7,s008,73,1,29
7,s008,73,0,15
7,s008,73,3,9
7,s008,73,2,5
7,s008,73,5,14
7,s008,73,4,8
7,s008,73,6,4
7,s008,73,25,47
7,s008,73,24,20
7,s008,73,27,12
7,s008,73,26,6
7,s008,73,29,16
7,s008,73,28,10
7,s008,73,31,7
7,s008,73,30,2
7,s008,73,17,7
7,s008,73,16,2
7,s008,73,19,5
7,s008,73,18,1
7,s008,73,21,5
7,s008,73,20,1
7,s008,73,41,48
7,s008,73,40,12
7,s008,73,43,11
7,s008,73,42,5
7,s008,73,45,12
7,s008,73,44,4
7,s008,73,47,3
7,s008,73,46,2
7,s008,73,33,11
7,s008,73,32,5
7,s008,73,35,7
7,s008,73,37,3
7,s008,73,36,1
7,s008,73,38,1
7,s008,73,57,19
7,s008,73,56,3
7,s008,73,59,5
7,s008,73,58,1
7,s008,73,61,6
7,s008,73,60,2
7,s008,73,63,3
7,s008,73,49,3
7,s008,73,48,2
7,s008,73,51,2
7,s008,73,53,5
7,s009,22,22,384
7,s009,22,23,113
7,s009,22,20,107
7,s009,22,21,34
7,s009,22,18,108
7,s009,22,19,27
7,s009,22,16,30
7,s009,22,17,5
7,s009,22,30,108
7,s009,22,31,45
7,s009,22,28,36
7,s009,22,29,9
7,s009,22,26,24
7,s009,22,27,11
7,s009,22,24,12
7,s009,22,25,4
7,s009,22,6,106
7,s009,22,7,31
7,s009,22,4,27
7,s009,22,5,11
7,s009,22,2,37
7,s009,22,3,8
7,s009,22,0,6
7,s009,22,1,1
7,s009,22,14,36
7,s009,22,15,17
7,s009,22,12,9
7,s009,22,13,5
7,s009,22,10,11
7,s009,22,11,4
7,s009,22,8,4
7,s009,22,54,132
7,s009,22,55,46
7,s009,22,52,50
7,s009,22,53,18
7,s009,22,50,31
7,s009,22,51,17
7,s009,22,48,12
7,s009,22,49,7
7,s009,22,62,40
7,s009,22,63,12
7,s009,22,60,14
7,s009,22,61,5
7,s009,22,58,16
7,s009,22,59,3
7,s009,22,56,7
7,s009,22,38,41
7,s009,22,39,10
7,s009,22,36,4
7,s009,22,37,5
7,s009,22,34,9
7,s009,22,35,3
7,s009,22,32,6
7,s009,22,33,1
7,s009,22,46,9
7,s009,22,47,1
7,s009,22,44,6
7,s009,22,45,2
7,s009,22,42,4
7,s009,22,43,1
7,s009,22,86,137
7,s009,22,87,59
7,s009,22,84,36
7,s009,22,85,15
7,s009,22,82,48
7,s009,22,83,23
7,s009,22,80,15
7,s009,22,81,8
7,s009,22,94,31
7,s009,22,95,20
7,s009,22,92,12
7,s009,22,93,4
7,s009,22,90,10
7,s009,22,91,9
7,s009,22,88,6
7,s009,22,89,1
7,s009,22,70,31
7,s009,22,71,14
7,s009,22,68,9
7,s009,22,69,3
7,s009,22,66,16
7,s009,22,67,4
7,s009,22,64,4
7,s009,22,65,1
7,s009,22,78,8
7,s009,22,79,5
7,s009,22,76,5
7,s009,22,74,4
7,s009,22,75,3
7,s009,22,72,1
7,s009,22,73,1
7,s009,22,118,39
7,s009,22,119,15
7,s009,22,116,13
7,s009,22,117,10
7,s009,22,114,16
7,s009,22,115,9
7,s009,22,112,3
7,s009,22,113,1
7,s009,22,126,8
7,s009,22,127,3
7,s009,22,124,5
7,s009,22,125,1
7,s009,22,122,6
7,s009,22,123,2
7,s009,22,120,1
7,s009,22,121,1
7,s009,22,102,10
7,s009,22,103,5
7,s009,22,100,5
7,s009,22,101,2
7,s009,22,98,3
7,s009,22,99,2
7,s009,22,97,1
7,s009,22,110,7
7,s009,22,111,1
7,s009,22,108,1
7,s010,104,104,384
7,s010,104,105,123
7,s010,104,106,99
7,s010,104,107,37
7,s010,104,108,111
7,s010,104,109,44
7,s010,104,110,35
7,s010,104,111,16
7,s010,104,96,102
7,s010,104,97,41
7,s010,104,98,35
7,s010,104,99,9
7,s010,104,100,33
7,s010,104,101,7
7,s010,104,102,12
7,s010,104,103,3
7,s010,104,120,115
7,s010,104,121,50
7,s010,104,122,39
7,s010,104,123,15
7,s010,104,124,30
7,s010,104,125,11
7,s010,104,126,10
7,s010,104,127,2
7,s010,104,112,29
7,s010,104,113,8
7,s010,104,114,10
7,s010,104,115,4
7,s010,104,116,13
7,s010,104,117,1
7,s010,104,118,5
7,s010,104,119,1
7,s010,104,72,131
7,s010,104,73,47
7,s010,104,74,51
7,s010,104,75,21
7,s010,104,76,47
7,s010,104,77,13
7,s010,104,78,17
7,s010,104,79,9
7,s010,104,64,40
7,s010,104,65,8
7,s010,104,66,19
7,s010,104,67,2
7,s010,104,68,7
7,s010,104,69,5
7,s010,104,70,1
7,s010,104,71,2
7,s010,104,88,37
7,s010,104,89,12
7,s010,104,90,15
7,s010,104,91,3
7,s010,104,92,8
7,s010,104,93,3
7,s010,104,94,3
7,s010,104,95,1
7,s010,104,80,10
7,s010,104,81,9
7,s010,104,82,3
7,s010,104,83,1
7,s010,104,84,5
7,s010,104,86,2
7,s010,104,87,1
7,s010,104,40,131
7,s010,104,41,75
7,s010,104,42,36
7,s010,104,43,14
7,s010,104,44,53
7,s010,104,45,23
7,s010,104,46,13
7,s010,104,47,6
7,s010,104,32,35
7,s010,104,33,21
7,s010,104,34,10
7,s010,104,35,3
7,s010,104,36,16
7,s010,104,37,6
7,s010,104,38,6
7,s010,104,39,1
7,s010,104,56,32
7,s010,104,57,11
7,s010,104,58,8
7,s010,104,59,6
7,s010,104,60,18
7,s010,104,61,5
7,s010,104,62,5
7,s010,104,63,3
7,s010,104,48,9
7,s010,104,49,3
7,s010,104,50,7
7,s010,104,51,1
7,s010,104,52,4
7,s010,104,53,4
7,s010,104,55,1
7,s010,104,8,46
7,s010,104,9,19
7,s010,104,10,12
7,s010,104,11,5
7,s010,104,12,19
7,s010,104,13,10
7,s010,104,14,3
7,s010,104,15,2
7,s010,104,0,17
7,s010,104,1,6
7,s010,104,2,6
7,s010,104,3,6
7,s010,104,4,6
7,s010,104,5,2
7,s010,104,6,1
7,s010,104,7,1
7,s010,104,24,13
7,s010,104,25,6
7,s010,104,26,5
7,s010,104,27,4
7,s010,104,28,4
7,s010,104,29,5
7,s010,104,30,1
7,s010,104,31,1
7,s010,104,16,4
7,s010,104,17,1
7,s010,104,18,1
7,s010,104,19,1
7,s010,104,20,3
7,s010,104,22,1
7,s010,104,23,1
7,s011,110,110,413
7,s011,110,111,128
7,s011,110,108,119
7,s011,110,109,41
7,s011,110,106,122
7,s011,110,107,33
7,s011,110,104,35
7,s011,110,105,14
7,s011,110,102,114
7,s011,110,103,33
7,s011,110,100,33
7,s011,110,101,15
7,s011,110,98,38
7,s011,110,99,9
7,s011,110,96,7
7,s011,110,97,4
7,s011,110,126,121
7,s011,110,127,39
7,s011,110,124,22
7,s011,110,125,14
7,s011,110,122,39
7,s011,110,123,8
7,s011,110,120,7
7,s011,110,121,4
7,s011,110,118,33
7,s011,110,119,17
7,s011,110,116,9
7,s011,110,117,2
7,s011,110,114,9
7,s011,110,115,1
7,s011,110,112,3
7,s011,110,78,125
7,s011,110,79,42
7,s011,110,76,53
7,s011,110,77,21
7,s011,110,74,46
7,s011,110,75,16
7,s011,110,72,15
7,s011,110,73,4
7,s011,110,70,40
7,s011,110,71,9
7,s011,110,68,12
7,s011,110,69,11
7,s011,110,66,15
7,s011,110,67,3
7,s011,110,64,3
7,s011,110,65,3
7,s011,110,94,40
7,s011,110,95,17
7,s011,110,92,13
7,s011,110,93,4
7,s011,110,90,10
7,s011,110,91,1
7,s011,110,88,4
7,s011,110,89,2
7,s011,110,86,9
7,s011,110,87,1
7,s011,110,84,4
7,s011,110,82,3
7,s011,110,80,1
7,s011,110,46,129
7,s011,110,47,61
7,s011,110,44,30
7,s011,110,45,22
7,s011,110,42,44
7,s011,110,43,27
7,s011,110,40,18
7,s011,110,41,7
7,s011,110,38,48
7,s011,110,39,12
7,s011,110,36,6
7,s011,110,37,7
7,s011,110,34,6
7,s011,110,35,8
7,s011,110,32,5
7,s011,110,33,2
7,s011,110,62,42
7,s011,110,63,18
7,s011,110,60,12
7,s011,110,61,9
7,s011,110,58,16
7,s011,110,59,4
7,s011,110,56,3
7,s011,110,57,1
7,s011,110,54,10
7,s011,110,55,5
7,s011,110,52,5
7,s011,110,50,4
7,s011,110,51,3
7,s011,110,48,1
7,s011,110,49,1
7,s011,110,14,49
7,s011,110,15,22
7,s011,110,12,9
7,s011,110,13,12
7,s011,110,10,21
7,s011,110,11,3
7,s011,110,8,10
7,s011,110,9,2
7,s011,110,6,9
7,s011,110,7,9
7,s011,110,4,4
7,s011,110,5,8
7,s011,110,2,4
7,s011,110,3,2
7,s011,110,0,1
7,s011,110,30,10
7,s011,110,31,9
7,s011,110,28,2
7,s011,110,29,3
7,s011,110,26,3
7,s011,110,27,2
7,s011,110,24,4
7,s011,110,25,1
7,s011,110,22,3
7,s011,110,23,1
7,s011,110,20,1
7,s011,110,21,1
7,s011,110,18,2
7,s011,110,17,1
7,s012,78,78,401
7,s012,78,79,106
7,s012,78,76,114
7,s012,78,77,30
7,s012,78,74,120
7,s012,78,75,43
7,s012,78,72,28
7,s012,78,73,10
7,s012,78,70,106
7,s012,78,71,29
7,s012,78,68,31
7,s012,78,69,4
7,s012,78,66,35
7,s012,78,67,18
7,s012,78,64,17
7,s012,78,65,3
7,s012,78,94,108
7,s012,78,95,32
7,s012,78,92,21
7,s012,78,93,12
7,s012,78,90,35
7,s012,78,91,8
7,s012,78,88,10
7,s012,78,89,5
7,s012,78,86,32
7,s012,78,87,11
7,s012,78,84,12
7,s012,78,85,3
7,s012,78,82,12
7,s012,78,83,9
7,s012,78,80,1
7,s012,78,81,1
7,s012,78,110,125
7,s012,78,111,38
7,s012,78,108,52
7,s012,78,109,12
7,s012,78,106,38
7,s012,78,107,10
7,s012,78,104,14
7,s012,78,105,5
7,s012,78,102,40
7,s012,78,103,4
7,s012,78,100,17
7,s012,78,101,1
7,s012,78,98,16
7,s012,78,99,1
7,s012,78,96,2
7,s012,78,97,1
7,s012,78,126,41
7,s012,78,127,14
7,s012,78,124,10
7,s012,78,125,3
7,s012,78,122,10
7,s012,78,123,2
7,s012,78,120,7
7,s012,78,121,1
7,s012,78,118,9
7,s012,78,119,3
7,s012,78,116,1
7,s012,78,114,2
7,s012,78,115,3
7,s012,78,14,118
7,s012,78,15,53
7,s012,78,12,34
7,s012,78,13,17
7,s012,78,10,45
7,s012,78,11,21
7,s012,78,8,9
7,s012,78,9,4
7,s012,78,6,34
7,s012,78,7,20
7,s012,78,4,8
7,s012,78,5,6
7,s012,78,2,15
7,s012,78,3,3
7,s012,78,0,5
7,s012,78,1,3
7,s012,78,30,44
7,s012,78,31,16
7,s012,78,28,10
7,s012,78,29,4
7,s012,78,26,18
7,s012,78,27,7
7,s012,78,24,2
7,s012,78,25,1
7,s012,78,22,5
7,s012,78,23,3
7,s012,78,20,2
7,s012,78,21,1
7,s012,78,18,4
7,s012,78,16,3
7,s012,78,17,1
7,s012,78,46,26
7,s012,78,47,19
7,s012,78,44,15
7,s012,78,45,7
7,s012,78,42,14
7,s012,78,43,8
7,s012,78,40,4
7,s012,78,41,3
7,s012,78,38,13
7,s012,78,36,9
7,s012,78,37,3
7,s012,78,34,3
7,s012,78,35,1
7,s012,78,32,1
7,s012,78,33,3
7,s012,78,62,12
7,s012,78,63,2
7,s012,78,60,2
7,s012,78,61,1
7,s012,78,58,5
7,s012,78,59,4
7,s012,78,56,3
7,s012,78,54,4
7,s012,78,55,4
7,s012,78,52,2
7,s012,78,51,3
7,s012,78,48,2
7,s013,127,127,404
7,s013,127,126,113
7,s013,127,125,96
7,s013,127,124,44
7,s013,127,123,126
7,s013,127,122,38
7,s013,127,121,35
7,s013,127,120,10
7,s013,127,119,95
7,s013,127,118,25
7,s013,127,117,32
7,s013,127,116,13
7,s013,127,115,31
7,s013,127,114,11
7,s013,127,113,13
7,s013,127,112,2
7,s013,127,111,110
7,s013,127,110,39
7,s013,127,109,27
7,s013,127,108,9
7,s013,127,107,41
7,s013,127,106,11
7,s013,127,105,6
7,s013,127,104,3
7,s013,127,103,29
7,s013,127,102,8
7,s013,127,101,12
7,s013,127,100,9
7,s013,127,99,8
7,s013,127,98,2
7,s013,127,97,5
7,s013,127,96,2
7,s013,127,95,131
7,s013,127,94,39
7,s013,127,93,37
7,s013,127,92,14
7,s013,127,91,32
7,s013,127,90,12
7,s013,127,89,17
7,s013,127,88,2
7,s013,127,87,44
7,s013,127,86,15
7,s013,127,85,15
7,s013,127,84,4
7,s013,127,83,14
7,s013,127,82,4
7,s013,127,81,3
7,s013,127,80,2
7,s013,127,79,29
7,s013,127,78,11
7,s013,127,77,9
7,s013,127,76,2
7,s013,127,75,13
7,s013,127,74,7
7,s013,127,73,4
7,s013,127,72,2
7,s013,127,71,12
7,s013,127,70,3
7,s013,127,69,6
7,s013,127,68,1
7,s013,127,67,4
7,s013,127,66,2
7,s013,127,65,1
7,s013,127,63,119
7,s013,127,62,71
7,s013,127,61,29
7,s013,127,60,16
7,s013,127,59,46
7,s013,127,58,17
7,s013,127,57,12
7,s013,127,56,7
7,s013,127,55,30
7,s013,127,54,20
7,s013,127,53,13
7,s013,127,52,7
7,s013,127,51,12
7,s013,127,50,4
7,s013,127,49,2
7,s013,127,48,1
7,s013,127,47,33
7,s013,127,46,18
7,s013,127,45,9
7,s013,127,44,3
7,s013,127,43,11
7,s013,127,42,7
7,s013,127,41,4
7,s013,127,40,1
7,s013,127,39,12
7,s013,127,38,2
7,s013,127,37,5
7,s013,127,36,2
7,s013,127,35,2
7,s013,127,34,2
7,s013,127,32,1
7,s013,127,31,39
7,s013,127,30,23
7,s013,127,29,14
7,s013,127,28,7
7,s013,127,27,18
7,s013,127,26,7
7,s013,127,25,6
7,s013,127,24,3
7,s013,127,23,7
7,s013,127,22,7
7,s013,127,21,1
7,s013,127,19,5
7,s013,127,18,3
7,s013,127,16,3
7,s013,127,15,12
7,s013,127,14,10
7,s013,127,13,6
7,s013,127,12,2
7,s013,127,11,2
7,s013,127,10,3
7,s013,127,9,3
7,s013,127,8,2
7,s013,127,7,1
7,s013,127,6,3
7,s013,127,1,1
7,s014,95,95,394
7,s014,95,94,110
7,s014,95,93,91
7,s014,95,92,36
7,s014,95,91,122
7,s014,95,90,30
7,s014,95,89,45
7,s014,95,88,11
7,s014,95,87,116
7,s014,95,86,22
7,s014,95,85,29
7,s014,95,84,12
7,s014,95,83,35
7,s014,95,82,9
7,s014,95,81,9
7,s014,95,80,3
7,s014,95,79,115
7,s014,95,78,38
7,s014,95,77,32
7,s014,95,76,10
7,s014,95,75,37
7,s014,95,74,15
7,s014,95,73,8
7,s014,95,72,1
7,s014,95,71,30
7,s014,95,70,11
7,s014,95,69,7
7,s014,95,68,1
7,s014,95,67,16
7,s014,95,66,3
7,s014,95,65,5
7,s014,95,127,136
7,s014,95,126,41
7,s014,95,125,44
7,s014,95,124,11
7,s014,95,123,36
7,s014,95,122,18
7,s014,95,121,17
7,s014,95,120,6
7,s014,95,119,43
7,s014,95,118,15
7,s014,95,117,15
7,s014,95,116,2
7,s014,95,115,13
7,s014,95,114,4
7,s014,95,113,5
7,s014,95,111,45
7,s014,95,110,16
7,s014,95,109,11
7,s014,95,108,4
7,s014,95,107,10
7,s014,95,106,5
7,s014,95,105,5
7,s014,95,103,10
7,s014,95,102,3
7,s014,95,101,5
7,s014,95,100,1
7,s014,95,99,6
7,s014,95,98,1
7,s014,95,97,2
7,s014,95,31,127
7,s014,95,30,61
7,s014,95,29,29
7,s014,95,28,13
7,s014,95,27,55
7,s014,95,26,22
7,s014,95,25,9
7,s014,95,24,5
7,s014,95,23,41
7,s014,95,22,12
7,s014,95,21,11
7,s014,95,20,5
7,s014,95,19,13
7,s014,95,18,9
7,s014,95,17,4
7,s014,95,16,1
7,s014,95,15,47
7,s014,95,14,20
7,s014,95,13,9
7,s014,95,12,5
7,s014,95,11,7
7,s014,95,10,10
7,s014,95,9,4
7,s014,95,7,11
7,s014,95,6,5
7,s014,95,5,5
7,s014,95,4,2
7,s014,95,3,5
7,s014,95,2,3
7,s014,95,1,3
7,s014,95,63,41
7,s014,95,62,23
7,s014,95,61,8
7,s014,95,60,6
7,s014,95,59,11
7,s014,95,58,7
7,s014,95,57,11
7,s014,95,56,2
7,s014,95,55,11
7,s014,95,54,5
7,s014,95,53,3
7,s014,95,52,2
7,s014,95,51,7
7,s014,95,50,1
7,s014,95,49,1
7,s014,95,48,2
7,s014,95,47,16
7,s014,95,46,6
7,s014,95,45,6
7,s014,95,44,3
7,s014,95,43,7
7,s014,95,42,1
7,s014,95,41,1
7,s014,95,39,3
7,s014,95,38,2
7,s014,95,36,1
7,s014,95,35,1
7,s014,95,34,2
7,s014,95,33,1
7,s015,106,106,391
7,s015,106,107,110
7,s015,106,104,90
7,s015,106,105,37
7,s015,106,110,114
7,s015,106,111,35
7,s015,106,108,32
7,s015,106,109,6
7,s015,106,98,123
7,s015,106,99,40
7,s015,106,96,35
7,s015,106,97,8
7,s015,106,102,37
7,s015,106,103,6
7,s015,106,100,15
7,s015,106,101,4
7,s015,106,122,107
7,s015,106,123,41
7,s015,106,120,32
7,s015,106,121,10
7,s015,106,126,42
7,s015,106,127,16
7,s015,106,124,10
7,s015,106,125,2
7,s015,106,114,32
7,s015,106,115,7
7,s015,106,112,7
7,s015,106,113,2
7,s015,106,118,9
7,s015,106,119,1
7,s015,106,116,4
7,s015,106,117,1
7,s015,106,74,134
7,s015,106,75,46
7,s015,106,72,57
7,s015,106,73,18
7,s015,106,78,44
7,s015,106,79,11
7,s015,106,76,13
7,s015,106,77,7
7,s015,106,66,31
7,s015,106,67,22
7,s015,106,64,10
7,s015,106,65,3
7,s015,106,70,14
7,s015,106,71,7
7,s015,106,68,8
7,s015,106,90,43
7,s015,106,91,10
7,s015,106,88,15
7,s015,106,89,3
7,s015,106,94,16
7,s015,106,95,4
7,s015,106,92,5
7,s015,106,82,10
7,s015,106,80,1
7,s015,106,81,3
7,s015,106,86,3
7,s015,106,87,2
7,s015,106,84,2
7,s015,106,42,116
7,s015,106,43,51
7,s015,106,40,35
7,s015,106,41,13
7,s015,106,46,44
7,s015,106,47,19
7,s015,106,44,13
7,s015,106,45,8
7,s015,106,34,34
7,s015,106,35,21
7,s015,106,32,7
7,s015,106,33,5
7,s015,106,38,13
7,s015,106,39,5
7,s015,106,36,1
7,s015,106,37,2
7,s015,106,58,36
7,s015,106,59,17
7,s015,106,56,7
7,s015,106,57,2
7,s015,106,62,17
7,s015,106,63,8
7,s015,106,60,6
7,s015,106,61,3
7,s015,106,50,8
7,s015,106,51,3
7,s015,106,48,5
7,s015,106,49,3
7,s015,106,54,6
7,s015,106,55,2
7,s015,106,53,1
7,s015,106,10,42
7,s015,106,11,19
7,s015,106,8,15
7,s015,106,9,4
7,s015,106,14,16
7,s015,106,15,9
7,s015,106,12,8
7,s015,106,13,3
7,s015,106,2,14
7,s015,106,3,6
7,s015,106,0,4
7,s015,106,1,4
7,s015,106,6,8
7,s015,106,7,2
7,s015,106,5,1
7,s015,106,26,10
7,s015,106,27,8
7,s015,106,24,6
7,s015,106,30,3
7,s015,106,31,1
7,s015,106,29,2
7,s015,106,18,4
7,s015,106,19,1
7,s015,106,16,1
7,s015,106,17,2
7,s015,106,22,2
7,s016,99,99,413
7,s016,99,98,119
7,s016,99,97,102
7,s016,99,96,35
7,s016,99,103,130
7,s016,99,102,46
7,s016,99,101,44
7,s016,99,100,16
7,s016,99,107,108
7,s016,99,106,36
7,s016,99,105,26
7,s016,99,104,11
7,s016,99,111,33
7,s016,99,110,12
7,s016,99,109,8
7,s016,99,108,2
7,s016,99,115,124
7,s016,99,114,39
7,s016,99,113,28
7,s016,99,112,10
7,s016,99,119,41
7,s016,99,118,18
7,s016,99,117,8
7,s016,99,116,2
7,s016,99,123,38
7,s016,99,122,12
7,s016,99,121,13
7,s016,99,120,3
7,s016,99,127,9
7,s016,99,126,2
7,s016,99,125,1
7,s016,99,67,130
7,s016,99,66,30
7,s016,99,65,44
7,s016,99,64,17
7,s016,99,71,42
7,s016,99,70,12
7,s016,99,69,20
7,s016,99,68,6
7,s016,99,75,47
7,s016,99,74,13
7,s016,99,73,15
7,s016,99,72,3
7,s016,99,79,8
7,s016,99,78,4
7,s016,99,77,5
7,s016,99,83,35
7,s016,99,82,17
7,s016,99,81,15
7,s016,99,80,5
7,s016,99,87,12
7,s016,99,86,4
7,s016,99,85,5
7,s016,99,84,1
7,s016,99,91,11
7,s016,99,90,5
7,s016,99,89,7
7,s016,99,88,2
7,s016,99,95,2
7,s016,99,94,1
7,s016,99,93,2
7,s016,99,35,111
7,s016,99,34,64
7,s016,99,33,34
7,s016,99,32,18
7,s016,99,39,42
7,s016,99,38,23
7,s016,99,37,9
7,s016,99,36,3
7,s016,99,43,28
7,s016,99,42,22
7,s016,99,41,12
7,s016,99,40,2
7,s016,99,47,18
7,s016,99,46,12
7,s016,99,45,3
7,s016,99,44,1
7,s016,99,51,41
7,s016,99,50,18
7,s016,99,49,9
7,s016,99,48,6
7,s016,99,55,16
7,s016,99,54,6
7,s016,99,53,9
7,s016,99,59,10
7,s016,99,58,5
7,s016,99,57,3
7,s016,99,56,1
7,s016,99,63,7
7,s016,99,62,1
7,s016,99,3,41
7,s016,99,2,19
7,s016,99,1,11
7,s016,99,0,4
7,s016,99,7,23
7,s016,99,6,10
7,s016,99,5,9
7,s016,99,11,12
7,s016,99,10,5
7,s016,99,9,8
7,s016,99,8,1
7,s016,99,15,6
7,s016,99,13,1
7,s016,99,12,1
7,s016,99,19,19
7,s016,99,18,6
7,s016,99,17,5
7,s016,99,16,2
7,s016,99,23,5
7,s016,99,22,2
7,s016,99,21,2
7,s016,99,20,1
7,s016,99,27,8
7,s016,99,26,3
7,s016,99,25,1
7,s016,99,24,2
7,s016,99,30,2
7,s016,99,29,1
7,s017,54,54,421
7,s017,54,55,118
7,s017,54,52,111
7,s017,54,53,32
7,s017,54,50,101
7,s017,54,51,32
7,s017,54,48,25
7,s017,54,49,12
7,s017,54,62,108
7,s017,54,63,38
7,s017,54,60,28
7,s017,54,61,15
7,s017,54,58,22
7,s017,54,59,8
7,s017,54,56,9
7,s017,54,57,2
7,s017,54,38,106
7,s017,54,39,43
7,s017,54,36,25
7,s017,54,37,10
7,s017,54,34,32
7,s017,54,35,14
7,s017,54,32,8
7,s017,54,46,50
7,s017,54,47,7
7,s017,54,44,13
7,s017,54,45,1
7,s017,54,42,10
7,s017,54,43,1
7,s017,54,40,2
7,s017,54,41,1
7,s017,54,22,137
7,s017,54,23,49
7,s017,54,20,42
7,s017,54,21,10
7,s017,54,18,50
7,s017,54,19,7
7,s017,54,16,17
7,s017,54,17,6
7,s017,54,30,35
7,s017,54,31,18
7,s017,54,28,13
7,s017,54,29,2
7,s017,54,26,11
7,s017,54,27,2
7,s017,54,24,2
7,s017,54,25,1
7,s017,54,6,33
7,s017,54,7,14
7,s017,54,4,13
7,s017,54,5,2
7,s017,54,2,8
7,s017,54,3,7
7,s017,54,0,1
7,s017,54,1,2
7,s017,54,14,10
7,s017,54,15,2
7,s017,54,12,3
7,s017,54,13,2
7,s017,54,10,2
7,s017,54,11,1
7,s017,54,118,119
7,s017,54,119,57
7,s017,54,116,31
7,s017,54,117,14
7,s017,54,114,45
7,s017,54,115,22
7,s017,54,112,12
7,s017,54,113,9
7,s017,54,126,33
7,s017,54,127,18
7,s017,54,124,8
7,s017,54,125,4
7,s017,54,122,10
7,s017,54,123,5
7,s017,54,120,1
7,s017,54,121,3
7,s017,54,102,32
7,s017,54,103,19
7,s017,54,100,13
7,s017,54,101,4
7,s017,54,98,17
7,s017,54,99,6
7,s017,54,96,1
7,s017,54,97,2
7,s017,54,110,15
7,s017,54,111,10
7,s017,54,108,2
7,s017,54,106,4
7,s017,54,104,1
7,s017,54,86,35
7,s017,54,87,13
7,s017,54,84,7
7,s017,54,85,8
7,s017,54,82,16
7,s017,54,83,4
7,s017,54,80,9
7,s017,54,81,2
7,s017,54,94,10
7,s017,54,95,4
7,s017,54,92,4
7,s017,54,93,1
7,s017,54,90,4
7,s017,54,91,2
7,s017,54,70,14
7,s017,54,71,2
7,s017,54,68,4
7,s017,54,69,2
7,s017,54,66,3
7,s017,54,67,4
7,s017,54,64,2
7,s017,54,65,1
7,s017,54,78,5
7,s017,54,79,3
7,s017,54,74,1
7,s018,97,97,402
7,s018,97,96,120
7,s018,97,99,93
7,s018,97,98,24
7,s018,97,101,100
7,s018,97,100,30
7,s018,97,103,34
7,s018,97,102,10
7,s018,97,105,105
7,s018,97,104,39
7,s018,97,107,38
7,s018,97,106,5
7,s018,97,109,28
7,s018,97,108,7
7,s018,97,111,12
7,s018,97,110,7
7,s018,97,113,103
7,s018,97,112,35
7,s018,97,115,24
7,s018,97,114,7
7,s018,97,117,40
7,s018,97,116,13
7,s018,97,119,11
7,s018,97,118,5
7,s018,97,121,40
7,s018,97,120,14
7,s018,97,123,7
7,s018,97,122,2
7,s018,97,125,13
7,s018,97,124,4
7,s018,97,127,8
7,s018,97,126,2
7,s018,97,65,110
7,s018,97,64,52
7,s018,97,67,49
7,s018,97,66,14
7,s018,97,69,43
7,s018,97,68,11
7,s018,97,71,13
7,s018,97,70,4
7,s018,97,73,38
7,s018,97,72,13
7,s018,97,75,8
7,s018,97,74,2
7,s018,97,77,15
7,s018,97,76,7
7,s018,97,79,2
7,s018,97,81,26
7,s018,97,80,12
7,s018,97,83,14
7,s018,97,82,3
7,s018,97,85,13
7,s018,97,84,1
7,s018,97,87,4
7,s018,97,86,2
7,s018,97,89,11
7,s018,97,88,4
7,s018,97,91,4
7,s018,97,90,2
7,s018,97,93,3
7,s018,97,94,1
7,s018,97,33,149
7,s018,97,32,52
7,s018,97,35,41
7,s018,97,34,14
7,s018,97,37,47
7,s018,97,36,18
7,s018,97,39,13
7,s018,97,38,5
7,s018,97,41,36
7,s018,97,40,14
7,s018,97,43,8
7,s018,97,42,5
7,s018,97,45,13
7,s018,97,44,4
7,s018,97,47,2
7,s018,97,49,34
7,s018,97,48,23
7,s018,97,51,9
7,s018,97,50,2
7,s018,97,53,16
7,s018,97,52,6
7,s018,97,55,6
7,s018,97,57,14
7,s018,97,56,7
7,s018,97,59,4
7,s018,97,58,1
7,s018,97,61,2
7,s018,97,60,3
7,s018,97,63,1
7,s018,97,1,37
7,s018,97,0,22
7,s018,97,3,10
7,s018,97,2,12
7,s018,97,5,10
7,s018,97,4,6
7,s018,97,7,7
7,s018,97,6,3
7,s018,97,9,17
7,s018,97,8,9
7,s018,97,11,5
7,s018,97,10,2
7,s018,97,13,6
7,s018,97,12,1
7,s018,97,17,10
7,s018,97,16,4
7,s018,97,19,3
7,s018,97,18,4
7,s018,97,21,7
7,s018,97,20,5
7,s018,97,23,1
7,s018,97,22,1
7,s018,97,25,3
7,s018,97,24,2
7,s018,97,27,1
7,s018,97,29,1
7,s018,97,28,1
7,s018,97,30,1
7,s019,113,113,367
7,s019,113,112,122
7,s019,113,115,110
7,s019,113,114,31
7,s019,113,117,115
7,s019,113,116,39
7,s019,113,119,36
7,s019,113,118,11
7,s019,113,121,128
7,s019,113,120,31
7,s019,113,123,32
7,s019,113,122,6
7,s019,113,125,39
7,s019,113,124,10
7,s019,113,127,9
7,s019,113,97,126
7,s019,113,96,30
7,s019,113,99,33
7,s019,113,98,9
7,s019,113,101,26
7,s019,113,100,16
7,s019,113,103,9
7,s019,113,102,5
7,s019,113,105,45
7,s019,113,104,15
7,s019,113,107,6
7,s019,113,106,9
7,s019,113,109,12
7,s019,113,108,2
7,s019,113,111,4
7,s019,113,81,140
7,s019,113,80,49
7,s019,113,83,42
7,s019,113,82,12
7,s019,113,85,36
7,s019,113,84,18
7,s019,113,87,18
7,s019,113,86,8
7,s019,113,89,31
7,s019,113,88,9
7,s019,113,91,10
7,s019,113,90,5
7,s019,113,93,10
7,s019,113,92,4
7,s019,113,95,7
7,s019,113,94,1
7,s019,113,65,43
7,s019,113,64,9
7,s019,113,67,22
7,s019,113,66,2
7,s019,113,69,12
7,s019,113,68,6
7,s019,113,71,6
7,s019,113,73,6
7,s019,113,72,5
7,s019,113,75,4
7,s019,113,74,2
7,s019,113,77,4
7,s019,113,76,2
7,s019,113,79,2
7,s019,113,78,1
7,s019,113,49,115
7,s019,113,48,63
7,s019,113,51,27
7,s019,113,50,18
7,s019,113,53,53
7,s019,113,52,27
7,s019,113,55,16
7,s019,113,54,10
7,s019,113,57,29
7,s019,113,56,11
7,s019,113,59,7
7,s019,113,58,3
7,s019,113,61,14
7,s019,113,60,4
7,s019,113,63,6
7,s019,113,33,39
7,s019,113,32,20
7,s019,113,35,11
7,s019,113,34,2
7,s019,113,37,14
7,s019,113,36,3
7,s019,113,39,2
7,s019,113,38,3
7,s019,113,41,4
7,s019,113,40,2
7,s019,113,43,3
7,s019,113,42,2
7,s019,113,45,5
7,s019,113,47,2
7,s019,113,17,53
7,s019,113,16,17
7,s019,113,19,20
7,s019,113,18,7
7,s019,113,21,18
7,s019,113,20,12
7,s019,113,23,4
7,s019,113,22,2
7,s019,113,25,16
7,s019,113,24,6
7,s019,113,27,3
7,s019,113,26,1
7,s019,113,29,4
7,s019,113,28,1
7,s019,113,31,2
7,s019,113,1,8
7,s019,113,0,3
7,s019,113,3,3
7,s019,113,2,5
7,s019,113,5,3
7,s019,113,4,3
7,s019,113,7,3
7,s019,113,6,1
7,s019,113,9,5
7,s019,113,8,2
7,s019,113,10,1
7,s019,113,13,2
7,s019,113,12,1
7,s020,53,53,393
7,s020,53,52,139
7,s020,53,55,114
7,s020,53,54,36
7,s020,53,49,122
7,s020,53,48,46
7,s020,53,51,29
7,s020,53,50,14
7,s020,53,61,115
7,s020,53,60,43
7,s020,53,63,32
7,s020,53,62,9
7,s020,53,57,34
7,s020,53,56,10
7,s020,53,59,8
7,s020,53,58,2
7,s020,53,37,138
7,s020,53,36,25
7,s020,53,39,32
7,s020,53,38,19
7,s020,53,33,36
7,s020,53,32,14
7,s020,53,35,9
7,s020,53,34,1
7,s020,53,45,41
7,s020,53,44,11
7,s020,53,47,2
7,s020,53,46,1
7,s020,53,41,11
7,s020,53,40,5
7,s020,53,43,2
7,s020,53,42,1
7,s020,53,21,157
7,s020,53,20,45
7,s020,53,23,50
7,s020,53,22,10
7,s020,53,17,57
7,s020,53,16,14
7,s020,53,19,8
7,s020,53,18,9
7,s020,53,29,36
7,s020,53,28,17
7,s020,53,31,10
7,s020,53,30,5
7,s020,53,25,8
7,s020,53,24,5
7,s020,53,27,3
7,s020,53,26,1
7,s020,53,5,48
7,s020,53,4,6
7,s020,53,7,16
7,s020,53,6,5
7,s020,53,1,16
7,s020,53,0,3
7,s020,53,3,4
7,s020,53,2,1
7,s020,53,13,11
7,s020,53,12,5
7,s020,53,15,4
7,s020,53,14,1
7,s020,53,9,3
7,s020,53,11,1
7,s020,53,117,125
7,s020,53,116,51
7,s020,53,119,30
7,s020,53,118,16
7,s020,53,113,54
7,s020,53,112,17
7,s020,53,115,14
7,s020,53,114,9
7,s020,53,125,34
7,s020,53,124,25
7,s020,53,127,11
7,s020,53,126,6
7,s020,53,121,13
7,s020,53,120,6
7,s020,53,123,2
7,s020,53,101,57
7,s020,53,100,20
7,s020,53,103,11
7,s020,53,102,4
7,s020,53,97,20
7,s020,53,96,9
7,s020,53,99,2
7,s020,53,98,3
7,s020,53,109,10
7,s020,53,108,6
7,s020,53,111,1
7,s020,53,110,5
7,s020,53,105,7
7,s020,53,104,4
7,s020,53,85,44
7,s020,53,84,21
7,s020,53,87,15
7,s020,53,86,9
7,s020,53,81,15
7,s020,53,80,11
7,s020,53,83,8
7,s020,53,82,1
7,s020,53,93,16
7,s020,53,92,6
7,s020,53,95,5
7,s020,53,94,2
7,s020,53,89,6
7,s020,53,88,4
7,s020,53,91,2
7,s020,53,69,13
7,s020,53,68,6
7,s020,53,71,5
7,s020,53,70,5
7,s020,53,65,4
7,s020,53,64,1
7,s020,53,66,2
7,s020,53,77,6
7,s020,53,79,1
7,s020,53,74,1
7,s021,104,104,438
7,s021,104,105,110
7,s021,104,106,116
7,s021,104,107,44
7,s021,104,108,113
7,s021,104,109,48
7,s021,104,110,37
7,s021,104,111,12
7,s021,104,96,109
7,s021,104,97,34
7,s021,104,98,27
7,s021,104,99,13
7,s021,104,100,34
7,s021,104,101,6
7,s021,104,102,5
7,s021,104,103,4
7,s021,104,120,117
7,s021,104,121,45
7,s021,104,122,36
7,s021,104,123,5
7,s021,104,124,40
7,s021,104,125,11
7,s021,104,126,8
7,s021,104,127,2
7,s021,104,112,42
7,s021,104,113,11
7,s021,104,114,11
7,s021,104,115,3
7,s021,104,116,11
7,s021,104,117,3
7,s021,104,118,1
7,s021,104,119,1
7,s021,104,72,155
7,s021,104,73,47
7,s021,104,74,57
7,s021,104,75,18
7,s021,104,76,30
7,s021,104,77,14
7,s021,104,78,16
7,s021,104,79,4
7,s021,104,64,43
7,s021,104,65,12
7,s021,104,66,11
7,s021,104,67,2
7,s021,104,68,16
7,s021,104,69,4
7,s021,104,70,4
7,s021,104,71,2
7,s021,104,88,44
7,s021,104,89,9
7,s021,104,90,13
7,s021,104,91,1
7,s021,104,92,10
7,s021,104,93,2
7,s021,104,94,9
7,s021,104,95,2
7,s021,104,80,13
7,s021,104,81,3
7,s021,104,82,4
7,s021,104,84,5
7,s021,104,85,1
7,s021,104,86,4
7,s021,104,87,1
7,s021,104,40,140
7,s021,104,41,61
7,s021,104,42,35
7,s021,104,43,13
7,s021,104,44,53
7,s021,104,45,14
7,s021,104,46,10
7,s021,104,47,7
7,s021,104,32,32
7,s021,104,33,18
7,s021,104,34,9
7,s021,104,35,2
7,s021,104,36,15
7,s021,104,37,6
7,s021,104,38,5
7,s021,104,39,2
7,s021,104,56,53
7,s021,104,57,19
7,s021,104,58,18
7,s021,104,59,5
7,s021,104,60,14
7,s021,104,61,6
7,s021,104,62,3
7,s021,104,63,2
7,s021,104,48,15
7,s021,104,49,5
7,s021,104,50,2
7,s021,104,51,3
7,s021,104,52,5
7,s021,104,53,2
7,s021,104,54,1
7,s021,104,55,2
7,s021,104,8,44
7,s021,104,9,18
7,s021,104,10,16
7,s021,104,11,6
7,s021,104,12,19
7,s021,104,13,11
7,s021,104,14,5
7,s021,104,15,3
7,s021,104,0,12
7,s021,104,1,6
7,s021,104,2,6
7,s021,104,3,4
7,s021,104,5,1
7,s021,104,6,4
7,s021,104,24,12
7,s021,104,25,6
7,s021,104,26,4
7,s021,104,27,3
7,s021,104,28,6
7,s021,104,29,3
7,s021,104,30,4
7,s021,104,31,1
7,s021,104,16,2
7,s021,104,17,2
7,s021,104,18,1
7,s021,104,19,1
7,s021,104,20,1
7,s021,104,21,2
7,s022,100,100,398
7,s022,100,101,132
7,s022,100,102,101
7,s022,100,103,33
7,s022,100,96,116
7,s022,100,97,40
7,s022,100,98,25
7,s022,100,99,11
7,s022,100,108,131
7,s022,100,109,40
7,s022,100,110,32
7,s022,100,111,4
7,s022,100,104,36
7,s022,100,105,6
7,s022,100,106,10
7,s022,100,107,5
7,s022,100,116,116
7,s022,100,117,36
7,s022,100,118,29
7,s022,100,119,11
7,s022,100,112,34
7,s022,100,113,7
7,s022,100,114,8
7,s022,100,115,5
7,s022,100,124,35
7,s022,100,125,11
7,s022,100,126,11
7,s022,100,127,3
7,s022,100,120,11
7,s022,100,121,4
7,s022,100,122,3
7,s022,100,123,1
7,s022,100,68,153
7,s022,100,69,43
7,s022,100,70,50
7,s022,100,71,12
7,s022,100,64,42
7,s022,100,65,10
7,s022,100,66,15
7,s022,100,67,9
7,s022,100,76,39
7,s022,100,77,13
7,s022,100,78,8
7,s022,100,79,7
7,s022,100,72,9
7,s022,100,73,3
7,s022,100,74,3
7,s022,100,75,2
7,s022,100,84,44
7,s022,100,85,12
7,s022,100,86,15
7,s022,100,87,5
7,s022,100,80,12
7,s022,100,81,3
7,s022,100,82,3
7,s022,100,83,1
7,s022,100,92,14
7,s022,100,93,5
7,s022,100,94,7
7,s022,100,88,5
7,s022,100,89,1
7,s022,100,90,1
7,s022,100,36,135
7,s022,100,37,66
7,s022,100,38,34
7,s022,100,39,16
7,s022,100,32,38
7,s022,100,33,18
7,s022,100,34,13
7,s022,100,35,4
7,s022,100,44,33
7,s022,100,45,24
7,s022,100,46,16
7,s022,100,47,7
7,s022,100,40,13
7,s022,100,41,5
7,s022,100,42,8
7,s022,100,43,1
7,s022,100,52,42
7,s022,100,53,20
7,s022,100,54,14
7,s022,100,55,6
7,s022,100,48,20
7,s022,100,49,4
7,s022,100,50,3
7,s022,100,60,18
7,s022,100,61,10
7,s022,100,62,4
7,s022,100,56,3
7,s022,100,57,3
7,s022,100,58,2
7,s022,100,4,41
7,s022,100,5,17
7,s022,100,6,25
7,s022,100,7,4
7,s022,100,0,14
7,s022,100,1,11
7,s022,100,2,7
7,s022,100,3,4
7,s022,100,12,13
7,s022,100,13,4
7,s022,100,14,4
7,s022,100,15,1
7,s022,100,8,6
7,s022,100,9,1
7,s022,100,10,2
7,s022,100,20,17
7,s022,100,21,6
7,s022,100,22,4
7,s022,100,23,1
7,s022,100,16,6
7,s022,100,17,5
7,s022,100,18,1
7,s022,100,28,6
7,s022,100,29,4
7,s022,100,31,3
7,s022,100,24,1
7,s023,18,18,425
7,s023,18,19,126
7,s023,18,16,91
7,s023,18,17,30
7,s023,18,22,128
7,s023,18,23,30
7,s023,18,20,41
7,s023,18,21,10
7,s023,18,26,121
7,s023,18,27,39
7,s023,18,24,46
7,s023,18,25,15
7,s023,18,30,31
7,s023,18,31,11
7,s023,18,28,8
7,s023,18,29,5
7,s023,18,2,120
7,s023,18,3,23
7,s023,18,0,30
7,s023,18,1,5
7,s023,18,6,36
7,s023,18,7,14
7,s023,18,4,8
7,s023,18,5,2
7,s023,18,10,42
7,s023,18,11,14
7,s023,18,8,11
7,s023,18,14,17
7,s023,18,15,2
7,s023,18,12,5
7,s023,18,13,3
7,s023,18,50,153
7,s023,18,51,42
7,s023,18,48,45
7,s023,18,49,18
7,s023,18,54,47
7,s023,18,55,15
7,s023,18,52,15
7,s023,18,53,8
7,s023,18,58,42
7,s023,18,59,12
7,s023,18,56,13
7,s023,18,57,5
7,s023,18,62,11
7,s023,18,63,2
7,s023,18,60,5
7,s023,18,61,2
7,s023,18,34,39
7,s023,18,35,17
7,s023,18,32,19
7,s023,18,33,4
7,s023,18,38,17
7,s023,18,39,7
7,s023,18,36,4
7,s023,18,37,1
7,s023,18,42,11
7,s023,18,43,3
7,s023,18,40,5
7,s023,18,41,1
7,s023,18,46,3
7,s023,18,44,3
7,s023,18,82,121
7,s023,18,83,58
7,s023,18,80,47
7,s023,18,81,18
7,s023,18,86,44
7,s023,18,87,27
7,s023,18,84,13
7,s023,18,85,7
7,s023,18,90,55
7,s023,18,91,26
7,s023,18,88,10
7,s023,18,89,5
7,s023,18,94,14
7,s023,18,95,6
7,s023,18,92,3
7,s023,18,93,4
7,s023,18,66,39
7,s023,18,67,16
7,s023,18,64,8
7,s023,18,65,3
7,s023,18,70,14
7,s023,18,71,7
7,s023,18,74,11
7,s023,18,75,3
7,s023,18,72,3
7,s023,18,73,2
7,s023,18,78,3
7,s023,18,79,4
7,s023,18,76,1
7,s023,18,77,1
7,s023,18,114,53
7,s023,18,115,11
7,s023,18,112,21
7,s023,18,113,9
7,s023,18,118,15
7,s023,18,119,7
7,s023,18,116,5
7,s023,18,117,5
7,s023,18,122,12
7,s023,18,123,6
7,s023,18,120,6
7,s023,18,126,7
7,s023,18,127,1
7,s023,18,124,1
7,s023,18,98,16
7,s023,18,99,10
7,s023,18,96,2
7,s023,18,97,2
7,s023,18,102,7
7,s023,18,103,3
7,s023,18,100,1
7,s023,18,106,3
7,s023,18,107,2
7,s023,18,104,1
7,s023,18,105,2
7,s023,18,111,1
7,s023,18,108,2
7,s024,60,60,365
7,s024,60,61,125
7,s024,60,62,110
7,s024,60,63,38
7,s024,60,56,110
7,s024,60,57,40
7,s024,60,58,35
7,s024,60,59,7
7,s024,60,52,100
7,s024,60,53,38
7,s024,60,54,25
7,s024,60,55,8
7,s024,60,48,33
7,s024,60,49,10
7,s024,60,50,12
7,s024,60,51,5
7,s024,60,44,127
7,s024,60,45,41
7,s024,60,46,40
7,s024,60,47,10
7,s024,60,40,39
7,s024,60,41,12
7,s024,60,42,12
7,s024,60,43,2
7,s024,60,36,34
7,s024,60,37,9
7,s024,60,38,16
7,s024,60,39,1
7,s024,60,32,14
7,s024,60,33,1
7,s024,60,34,4
7,s024,60,28,133
7,s024,60,29,40
7,s024,60,30,40
7,s024,60,31,16
7,s024,60,24,44
7,s024,60,25,14
7,s024,60,26,7
7,s024,60,27,3
7,s024,60,20,30
7,s024,60,21,17
7,s024,60,22,7
7,s024,60,23,5
7,s024,60,16,13
7,s024,60,17,5
7,s024,60,18,6
7,s024,60,19,4
7,s024,60,12,42
7,s024,60,13,13
7,s024,60,14,10
7,s024,60,15,1
7,s024,60,8,13
7,s024,60,9,3
7,s024,60,10,3
7,s024,60,11,3
7,s024,60,4,12
7,s024,60,5,4
7,s024,60,6,3
7,s024,60,7,1
7,s024,60,0,2
7,s024,60,1,1
7,s024,60,2,1
7,s024,60,3,1
7,s024,60,124,123
7,s024,60,125,77
7,s024,60,126,38
7,s024,60,127,21
7,s024,60,120,41
7,s024,60,121,24
7,s024,60,122,14
7,s024,60,123,4
7,s024,60,116,41
7,s024,60,117,23
7,s024,60,118,13
7,s024,60,119,6
7,s024,60,112,14
7,s024,60,113,7
7,s024,60,114,3
7,s024,60,115,3
7,s024,60,108,38
7,s024,60,109,19
7,s024,60,110,11
7,s024,60,111,2
7,s024,60,104,11
7,s024,60,105,11
7,s024,60,106,6
7,s024,60,107,2
7,s024,60,100,11
7,s024,60,101,3
7,s024,60,102,3
7,s024,60,103,1
7,s024,60,96,5
7,s024,60,98,2
7,s024,60,92,46
7,s024,60,93,20
7,s024,60,94,9
7,s024,60,95,8
7,s024,60,88,15
7,s024,60,89,15
7,s024,60,90,12
7,s024,60,91,1
7,s024,60,84,14
7,s024,60,85,8
7,s024,60,86,9
7,s024,60,87,3
7,s024,60,80,2
7,s024,60,81,2
7,s024,60,82,1
7,s024,60,83,1
7,s024,60,76,18
7,s024,60,77,7
7,s024,60,78,4
7,s024,60,79,3
7,s024,60,72,8
7,s024,60,73,3
7,s024,60,74,4
7,s024,60,75,2
7,s024,60,68,1
7,s024,60,69,3
7,s024,60,64,2
7,s025,84,84,405
7,s025,84,85,112
7,s025,84,86,102
7,s025,84,87,30
7,s025,84,80,107
7,s025,84,81,31
7,s025,84,82,34
7,s025,84,83,12
7,s025,84,92,123
7,s025,84,93,40
7,s025,84,94,38
7,s025,84,95,9
7,s025,84,88,34
7,s025,84,89,13
7,s025,84,90,10
7,s025,84,91,2
7,s025,84,68,117
7,s025,84,69,37
7,s025,84,70,38
7,s025,84,71,13
7,s025,84,64,33
7,s025,84,65,8
7,s025,84,66,15
7,s025,84,67,3
7,s025,84,76,34
7,s025,84,77,9
7,s025,84,78,12
7,s025,84,79,4
7,s025,84,72,5
7,s025,84,74,2
7,s025,84,116,133
7,s025,84,117,46
7,s025,84,118,39
7,s025,84,119,8
7,s025,84,112,38
7,s025,84,113,10
7,s025,84,114,20
7,s025,84,115,4
7,s025,84,124,45
7,s025,84,125,9
7,s025,84,126,11
7,s025,84,127,3
7,s025,84,120,19
7,s025,84,121,3
7,s025,84,122,4
7,s025,84,123,1
7,s025,84,100,32
7,s025,84,101,18
7,s025,84,102,16
7,s025,84,103,6
7,s025,84,96,16
7,s025,84,97,7
7,s025,84,98,2
7,s025,84,99,2
7,s025,84,108,13
7,s025,84,109,5
7,s025,84,110,4
7,s025,84,111,1
7,s025,84,104,3
7,s025,84,105,1
7,s025,84,106,1
7,s025,84,107,1
7,s025,84,20,125
7,s025,84,21,64
7,s025,84,22,37
7,s025,84,23,10
7,s025,84,16,44
7,s025,84,17,24
7,s025,84,18,9
7,s025,84,19,9
7,s025,84,28,34
7,s025,84,29,12
7,s025,84,30,5
7,s025,84,31,6
7,s025,84,24,11
7,s025,84,25,1
7,s025,84,26,4
7,s025,84,27,4
7,s025,84,4,33
7,s025,84,5,20
7,s025,84,6,15
7,s025,84,7,4
7,s025,84,0,17
7,s025,84,1,7
7,s025,84,2,3
7,s025,84,3,1
7,s025,84,12,15
7,s025,84,13,7
7,s025,84,14,1
7,s025,84,15,3
7,s025,84,8,3
7,s025,84,9,2
7,s025,84,10,1
7,s025,84,52,40
7,s025,84,53,17
7,s025,84,54,11
7,s025,84,55,7
7,s025,84,48,13
7,s025,84,49,5
7,s025,84,50,4
7,s025,84,51,3
7,s025,84,60,14
7,s025,84,61,6
7,s025,84,62,4
7,s025,84,63,2
7,s025,84,56,3
7,s025,84,57,3
7,s025,84,58,3
7,s025,84,59,2
7,s025,84,36,10
7,s025,84,37,4
7,s025,84,38,3
7,s025,84,39,1
7,s025,84,32,5
7,s025,84,33,3
7,s025,84,35,1
7,s025,84,45,2
7,s025,84,47,1
7,s025,84,43,1
7,s026,108,108,387
7,s026,108,109,115
7,s026,108,110,103
7,s026,108,111,30
7,s026,108,104,114
7,s026,108,105,31
7,s026,108,106,31
7,s026,108,107,10
7,s026,108,100,99
7,s026,108,101,39
7,s026,108,102,31
7,s026,108,103,11
7,s026,108,96,26
7,s026,108,97,9
7,s026,108,98,10
7,s026,108,99,2
7,s026,108,124,106
7,s026,108,125,27
7,s026,108,126,24
7,s026,108,127,15
7,s026,108,120,38
7,s026,108,121,9
7,s026,108,122,10
7,s026,108,123,4
7,s026,108,116,37
7,s026,108,117,10
7,s026,108,118,5
7,s026,108,119,2
7,s026,108,112,15
7,s026,108,113,4
7,s026,108,114,3
7,s026,108,115,1
7,s026,108,76,119
7,s026,108,77,39
7,s026,108,78,58
7,s026,108,79,9
7,s026,108,72,46
7,s026,108,73,20
7,s026,108,74,12
7,s026,108,75,2
7,s026,108,68,34
7,s026,108,69,14
7,s026,108,70,14
7,s026,108,71,6
7,s026,108,64,9
7,s026,108,65,1
7,s026,108,66,4
7,s026,108,67,2
7,s026,108,92,40
7,s026,108,93,15
7,s026,108,94,17
7,s026,108,95,2
7,s026,108,88,8
7,s026,108,89,2
7,s026,108,90,4
7,s026,108,91,1
7,s026,108,84,15
7,s026,108,85,1
7,s026,108,86,1
7,s026,108,87,3
7,s026,108,80,4
7,s026,108,83,1
7,s026,108,44,123
7,s026,108,45,61
7,s026,108,46,28
7,s026,108,47,17
7,s026,108,40,58
7,s026,108,41,19
7,s026,108,42,20
7,s026,108,43,8
7,s026,108,36,42
7,s026,108,37,18
7,s026,108,38,11
7,s026,108,39,5
7,s026,108,32,11
7,s026,108,33,6
7,s026,108,34,5
7,s026,108,35,1
7,s026,108,60,43
7,s026,108,61,13
7,s026,108,62,9
7,s026,108,63,4
7,s026,108,56,12
7,s026,108,57,5
7,s026,108,58,3
7,s026,108,52,7
7,s026,108,53,5
7,s026,108,54,1
7,s026,108,55,1
7,s026,108,48,6
7,s026,108,49,1
7,s026,108,12,49
7,s026,108,13,17
7,s026,108,14,14
7,s026,108,15,4
7,s026,108,8,11
7,s026,108,9,6
7,s026,108,10,7
7,s026,108,11,1
7,s026,108,4,11
7,s026,108,5,6
7,s026,108,6,6
7,s026,108,7,3
7,s026,108,0,4
7,s026,108,3,1
7,s026,108,28,11
7,s026,108,29,6
7,s026,108,30,1
7,s026,108,24,3
7,s026,108,25,2
7,s026,108,26,3
7,s026,108,20,1
7,s026,108,21,3
7,s026,108,22,1
7,s026,108,17,1
7,s026,108,18,1
7,s027,53,53,417
7,s027,53,52,120
7,s027,53,55,81
7,s027,53,54,37
7,s027,53,49,125
7,s027,53,48,36
7,s027,53,51,24
7,s027,53,50,7
7,s027,53,61,111
7,s027,53,60,41
7,s027,53,63,26
7,s027,53,62,10
7,s027,53,57,31
7,s027,53,56,7
7,s027,53,59,6
7,s027,53,58,2
7,s027,53,37,115
7,s027,53,36,30
7,s027,53,39,39
7,s027,53,38,5
7,s027,53,33,42
7,s027,53,32,13
7,s027,53,35,7
7,s027,53,34,4
7,s027,53,45,36
7,s027,53,44,10
7,s027,53,47,9
7,s027,53,46,5
7,s027,53,41,9
7,s027,53,40,1
7,s027,53,43,1
7,s027,53,42,1
7,s027,53,21,113
7,s027,53,20,41
7,s027,53,23,47
7,s027,53,22,15
7,s027,53,17,44
7,s027,53,16,10
7,s027,53,19,7
7,s027,53,18,6
7,s027,53,29,34
7,s027,53,28,13
7,s027,53,31,11
7,s027,53,30,6
7,s027,53,25,8
7,s027,53,24,6
7,s027,53,27,1
7,s027,53,26,3
7,s027,53,5,46
7,s027,53,4,16
7,s027,53,7,7
7,s027,53,6,3
7,s027,53,1,15
7,s027,53,0,4
7,s027,53,3,2
7,s027,53,13,13
7,s027,53,12,4
7,s027,53,15,2
7,s027,53,14,1
7,s027,53,9,2
7,s027,53,11,1
7,s027,53,117,118
7,s027,53,116,65
7,s027,53,119,47
7,s027,53,118,11
7,s027,53,113,45
7,s027,53,112,17
7,s027,53,115,13
7,s027,53,114,5
7,s027,53,125,36
7,s027,53,124,13
7,s027,53,127,10
7,s027,53,126,8
7,s027,53,121,11
7,s027,53,120,6
7,s027,53,123,4
7,s027,53,122,2
7,s027,53,101,35
7,s027,53,100,16
7,s027,53,103,14
7,s027,53,102,9
7,s027,53,97,13
7,s027,53,96,9
7,s027,53,99,1
7,s027,53,98,2
7,s027,53,109,4
7,s027,53,108,6
7,s027,53,111,1
7,s027,53,110,3
7,s027,53,105,1
7,s027,53,104,1
7,s027,53,107,2
7,s027,53,85,36
7,s027,53,84,12
7,s027,53,87,15
7,s027,53,86,4
7,s027,53,81,13
7,s027,53,80,11
7,s027,53,83,7
7,s027,53,82,2
7,s027,53,93,9
7,s027,53,92,3
7,s027,53,95,3
7,s027,53,94,1
7,s027,53,89,3
7,s027,53,88,1
7,s027,53,91,1
7,s027,53,69,7
7,s027,53,68,7
7,s027,53,71,3
7,s027,53,70,1
7,s027,53,65,7
7,s027,53,64,1
7,s027,53,67,2
7,s027,53,66,1
7,s027,53,77,5
7,s027,53,76,2
7,s027,53,79,2
7,s027,53,78,1
7,s027,53,72,1
7,s028,119,119,366
7,s028,119,118,117
7,s028,119,117,91
7,s028,119,116,25
7,s028,119,115,121
7,s028,119,114,30
7,s028,119,113,27
7,s028,119,112,10
7,s028,119,127,114
7,s028,119,126,34
7,s028,119,125,35
7,s028,119,124,6
7,s028,119,123,28
7,s028,119,122,10
7,s028,119,121,7
7,s028,119,120,5
7,s028,119,103,127
7,s028,119,102,42
7,s028,119,101,30
7,s028,119,100,12
7,s028,119,99,32
7,s028,119,98,10
7,s028,119,97,12
7,s028,119,96,3
7,s028,119,111,41
7,s028,119,110,13
7,s028,119,109,10
7,s028,119,108,1
7,s028,119,107,6
7,s028,119,106,3
7,s028,119,104,2
7,s028,119,87,116
7,s028,119,86,43
7,s028,119,85,38
7,s028,119,84,14
7,s028,119,83,50
7,s028,119,82,11
7,s028,119,81,17
7,s028,119,80,8
7,s028,119,95,39
7,s028,119,94,8
7,s028,119,93,11
7,s028,119,92,6
7,s028,119,91,10
7,s028,119,90,4
7,s028,119,89,5
7,s028,119,71,37
7,s028,119,70,12
7,s028,119,69,15
7,s028,119,68,5
7,s028,119,67,5
7,s028,119,66,2
7,s028,119,65,7
7,s028,119,64,2
7,s028,119,79,13
7,s028,119,78,2
7,s028,119,77,5
7,s028,119,75,4
7,s028,119,73,2
7,s028,119,55,122
7,s028,119,54,49
7,s028,119,53,39
7,s028,119,52,18
7,s028,119,51,47
7,s028,119,50,17
7,s028,119,49,10
7,s028,119,48,2
7,s028,119,63,42
7,s028,119,62,18
7,s028,119,61,11
7,s028,119,60,5
7,s028,119,59,10
7,s028,119,58,5
7,s028,119,57,2
7,s028,119,56,3
7,s028,119,39,38
7,s028,119,38,18
7,s028,119,37,12
7,s028,119,36,5
7,s028,119,35,13
7,s028,119,34,9
7,s028,119,33,4
7,s028,119,32,2
7,s028,119,47,11
7,s028,119,46,9
7,s028,119,44,3
7,s028,119,43,2
7,s028,119,41,1
7,s028,119,40,1
7,s028,119,23,50
7,s028,119,22,26
7,s028,119,21,13
7,s028,119,20,4
7,s028,119,19,20
7,s028,119,18,10
7,s028,119,17,7
7,s028,119,16,3
7,s028,119,31,11
7,s028,119,30,6
7,s028,119,29,9
7,s028,119,28,3
7,s028,119,27,5
7,s028,119,26,2
7,s028,119,24,1
7,s028,119,7,9
7,s028,119,6,4
7,s028,119,5,7
7,s028,119,3,3
7,s028,119,2,3
7,s028,119,1,2
7,s028,119,15,4
7,s028,119,14,3
7,s028,119,12,1
7,s028,119,9,1
7,s029,7,7,392
7,s029,7,6,118
7,s029,7,5,115
7,s029,7,4,30
7,s029,7,3,110
7,s029,7,2,52
7,s029,7,1,36
7,s029,7,0,10
7,s029,7,15,136
7,s029,7,14,41
7,s029,7,13,29
7,s029,7,12,6
7,s029,7,11,36
7,s029,7,10,14
7,s029,7,9,10
7,s029,7,8,2
7,s029,7,23,113
7,s029,7,22,35
7,s029,7,21,38
7,s029,7,20,13
7,s029,7,19,32
7,s029,7,18,10
7,s029,7,17,6
7,s029,7,16,1
7,s029,7,31,39
7,s029,7,30,9
7,s029,7,29,6
7,s029,7,28,3
7,s029,7,27,13
7,s029,7,26,4
7,s029,7,39,129
7,s029,7,38,39
7,s029,7,37,60
7,s029,7,36,17
7,s029,7,35,41
7,s029,7,34,15
7,s029,7,33,13
7,s029,7,32,3
7,s029,7,47,50
7,s029,7,46,16
7,s029,7,45,11
7,s029,7,44,4
7,s029,7,43,13
7,s029,7,42,6
7,s029,7,41,8
7,s029,7,40,1
7,s029,7,55,33
7,s029,7,54,16
7,s029,7,53,15
7,s029,7,52,6
7,s029,7,51,10
7,s029,7,50,4
7,s029,7,49,3
7,s029,7,48,1
7,s029,7,63,13
7,s029,7,62,5
7,s029,7,61,2
7,s029,7,60,1
7,s029,7,59,2
7,s029,7,57,2
7,s029,7,71,132
7,s029,7,70,75
7,s029,7,69,46
7,s029,7,68,17
7,s029,7,67,51
7,s029,7,66,31
7,s029,7,65,13
7,s029,7,64,4
7,s029,7,79,47
7,s029,7,78,13
7,s029,7,77,9
7,s029,7,76,7
7,s029,7,75,15
7,s029,7,74,10
7,s029,7,73,1
7,s029,7,72,3
7,s029,7,87,39
7,s029,7,86,17
7,s029,7,85,12
7,s029,7,84,5
7,s029,7,83,13
7,s029,7,82,10
7,s029,7,81,5
7,s029,7,80,2
7,s029,7,95,15
7,s029,7,94,4
7,s029,7,93,1
7,s029,7,92,4
7,s029,7,91,4
7,s029,7,90,2
7,s029,7,89,2
7,s029,7,103,41
7,s029,7,102,19
7,s029,7,101,17
7,s029,7,100,9
7,s029,7,99,14
7,s029,7,98,5
7,s029,7,97,1
7,s029,7,96,1
7,s029,7,111,14
7,s029,7,110,6
7,s029,7,109,6
7,s029,7,107,4
7,s029,7,106,1
7,s029,7,105,1
7,s029,7,119,15
7,s029,7,118,6
7,s029,7,117,4
7,s029,7,116,2
7,s029,7,115,3
7,s029,7,114,1
7,s029,7,113,3
7,s029,7,127,4
7,s029,7,126,3
7,s029,7,124,1
7,s029,7,123,1
7,s029,7,120,1
7,s030,75,75,394
7,s030,75,74,128
7,s030,75,73,101
7,s030,75,72,34
7,s030,75,79,135
7,s030,75,78,27
7,s030,75,77,31
7,s030,75,76,9
7,s030,75,67,129
7,s030,75,66,42
7,s030,75,65,27
7,s030,75,64,13
7,s030,75,71,39
7,s030,75,70,8
7,s030,75,69,12
7,s030,75,68,2
7,s030,75,91,115
7,s030,75,90,45
7,s030,75,89,39
7,s030,75,88,14
7,s030,75,95,36
7,s030,75,94,14
7,s030,75,93,9
7,s030,75,92,4
7,s030,75,83,39
7,s030,75,82,11
7,s030,75,81,13
7,s030,75,80,5
7,s030,75,87,11
7,s030,75,86,3
7,s030,75,85,1
7,s030,75,84,1
7,s030,75,107,142
7,s030,75,106,49
7,s030,75,105,40
7,s030,75,104,21
7,s030,75,111,44
7,s030,75,110,16
7,s030,75,109,8
7,s030,75,108,6
7,s030,75,99,33
7,s030,75,98,11
7,s030,75,97,6
7,s030,75,96,5
7,s030,75,103,11
7,s030,75,102,4
7,s030,75,101,7
7,s030,75,100,4
7,s030,75,123,34
7,s030,75,122,7
7,s030,75,121,9
7,s030,75,120,8
7,s030,75,127,7
7,s030,75,126,4
7,s030,75,125,5
7,s030,75,124,1
7,s030,75,115,9
7,s030,75,114,2
7,s030,75,113,4
7,s030,75,112,2
7,s030,75,119,5
7,s030,75,118,1
7,s030,75,117,3
7,s030,75,11,135
7,s030,75,10,59
7,s030,75,9,30
7,s030,75,8,15
7,s030,75,15,46
7,s030,75,14,23
7,s030,75,13,14
7,s030,75,12,4
7,s030,75,3,44
7,s030,75,2,19
7,s030,75,1,16
7,s030,75,0,4
7,s030,75,7,11
7,s030,75,6,8
7,s030,75,5,2
7,s030,75,27,35
7,s030,75,26,10
7,s030,75,25,11
7,s030,75,24,4
7,s030,75,31,18
7,s030,75,30,4
7,s030,75,29,6
7,s030,75,28,2
7,s030,75,19,12
7,s030,75,18,7
7,s030,75,17,2
7,s030,75,16,3
7,s030,75,23,8
7,s030,75,22,3
7,s030,75,21,2
7,s030,75,43,45
7,s030,75,42,17
7,s030,75,41,11
7,s030,75,40,13
7,s030,75,47,17
7,s030,75,46,8
7,s030,75,45,3
7,s030,75,44,6
7,s030,75,35,12
7,s030,75,34,6
7,s030,75,33,8
7,s030,75,32,5
7,s030,75,39,4
7,s030,75,38,4
7,s030,75,37,2
7,s030,75,59,25
7,s030,75,58,8
7,s030,75,57,4
7,s030,75,56,4
7,s030,75,63,3
7,s030,75,62,2
7,s030,75,61,1
7,s030,75,60,1
7,s030,75,51,3
7,s030,75,50,2
7,s030,75,48,1
7,s030,75,55,2
7,s030,75,52,1
7,s031,54,54,367
7,s031,54,55,114
7,s031,54,52,92
7,s031,54,53,30
7,s031,54,50,101
7,s031,54,51,38
7,s031,54,48,35
7,s031,54,49,16
7,s031,54,62,107
7,s031,54,63,34
7,s031,54,60,40
7,s031,54,61,7
7,s031,54,58,40
7,s031,54,59,8
7,s031,54,56,14
7,s031,54,57,4
7,s031,54,38,123
7,s031,54,39,41
7,s031,54,36,40
7,s031,54,37,13
7,s031,54,34,32
7,s031,54,35,20
7,s031,54,32,9
7,s031,54,33,3
7,s031,54,46,36
7,s031,54,47,12
7,s031,54,44,9
7,s031,54,45,3
7,s031,54,42,14
7,s031,54,43,1
7,s031,54,40,4
7,s031,54,22,119
7,s031,54,23,37
7,s031,54,20,37
7,s031,54,21,14
7,s031,54,18,41
7,s031,54,19,13
7,s031,54,16,19
7,s031,54,17,6
7,s031,54,30,46
7,s031,54,31,12
7,s031,54,28,16
7,s031,54,29,5
7,s031,54,26,12
7,s031,54,27,3
7,s031,54,24,5
7,s031,54,6,31
7,s031,54,7,16
7,s031,54,4,15
7,s031,54,5,2
7,s031,54,2,13
7,s031,54,3,3
7,s031,54,0,6
7,s031,54,1,1
7,s031,54,14,12
7,s031,54,15,3
7,s031,54,12,6
7,s031,54,13,2
7,s031,54,10,6
7,s031,54,11,4
7,s031,54,8,2
7,s031,54,9,1
7,s031,54,118,128
7,s031,54,119,58
7,s031,54,116,30
7,s031,54,117,9
7,s031,54,114,47
7,s031,54,115,26
7,s031,54,112,8
7,s031,54,113,6
7,s031,54,126,41
7,s031,54,127,20
7,s031,54,124,12
7,s031,54,125,3
7,s031,54,122,7
7,s031,54,123,7
7,s031,54,120,1
7,s031,54,121,1
7,s031,54,102,35
7,s031,54,103,14
7,s031,54,100,16
7,s031,54,101,6
7,s031,54,98,21
7,s031,54,99,5
7,s031,54,96,5
7,s031,54,97,1
7,s031,54,110,9
7,s031,54,111,6
7,s031,54,108,5
7,s031,54,109,1
7,s031,54,106,3
7,s031,54,107,3
7,s031,54,104,1
7,s031,54,86,47
7,s031,54,87,12
7,s031,54,84,11
7,s031,54,85,7
7,s031,54,82,14
7,s031,54,83,9
7,s031,54,80,5
7,s031,54,81,2
7,s031,54,94,12
7,s031,54,95,8
7,s031,54,92,5
7,s031,54,93,2
7,s031,54,90,5
7,s031,54,91,3
7,s031,54,88,1
7,s031,54,70,20
7,s031,54,71,5
7,s031,54,68,5
7,s031,54,67,1
7,s031,54,64,1
7,s031,54,78,9
7,s031,54,79,2
7,s031,54,74,2
7,s031,54,75,1
7,s032,34,34,409
7,s032,34,35,110
7,s032,34,32,107
7,s032,34,33,39
7,s032,34,38,108
7,s032,34,39,26
7,s032,34,36,40
7,s032,34,37,10
7,s032,34,42,126
7,s032,34,43,29
7,s032,34,40,32
7,s032,34,41,9
7,s032,34,46,25
7,s032,34,47,12
7,s032,34,44,14
7,s032,34,45,5
7,s032,34,50,97
7,s032,34,51,35
7,s032,34,48,41
7,s032,34,49,13
7,s032,34,54,43
7,s032,34,55,12
7,s032,34,52,7
7,s032,34,53,5
7,s032,34,58,38
7,s032,34,59,13
7,s032,34,56,12
7,s032,34,57,3
7,s032,34,62,9
7,s032,34,63,1
7,s032,34,60,1
7,s032,34,61,2
7,s032,34,2,129
7,s032,34,3,51
7,s032,34,0,41
7,s032,34,1,17
7,s032,34,6,44
7,s032,34,7,11
7,s032,34,4,11
7,s032,34,5,3
7,s032,34,10,39
7,s032,34,11,12
7,s032,34,8,10
7,s032,34,9,4
7,s032,34,14,7
7,s032,34,15,2
7,s032,34,12,4
7,s032,34,13,1
7,s032,34,18,37
7,s032,34,19,12
7,s032,34,16,15
7,s032,34,17,1
7,s032,34,22,6
7,s032,34,23,4
7,s032,34,20,4
7,s032,34,21,1
7,s032,34,26,15
7,s032,34,27,2
7,s032,34,24,3
7,s032,34,25,1
7,s032,34,30,3
7,s032,34,31,2
7,s032,34,28,3
7,s032,34,29,1
7,s032,34,98,133
7,s032,34,99,48
7,s032,34,96,39
7,s032,34,97,19
7,s032,34,102,46
7,s032,34,103,19
7,s032,34,100,10
7,s032,34,101,2
7,s032,34,106,30
7,s032,34,107,20
7,s032,34,104,12
7,s032,34,105,3
7,s032,34,110,15
7,s032,34,111,12
7,s032,34,108,4
7,s032,34,109,2
7,s032,34,114,43
7,s032,34,115,17
7,s032,34,112,8
7,s032,34,113,2
7,s032,34,118,7
7,s032,34,119,3
7,s032,34,116,3
7,s032,34,117,3
7,s032,34,122,5
7,s032,34,123,3
7,s032,34,120,5
7,s032,34,121,1
7,s032,34,126,5
7,s032,34,127,3
7,s032,34,124,1
7,s032,34,125,2
7,s032,34,66,39
7,s032,34,67,15
7,s032,34,64,14
7,s032,34,65,6
7,s032,34,70,11
7,s032,34,71,8
7,s032,34,68,9
7,s032,34,69,1
7,s032,34,74,16
7,s032,34,75,6
7,s032,34,72,3
7,s032,34,73,1
7,s032,34,78,2
7,s032,34,79,1
7,s032,34,77,1
7,s032,34,82,11
7,s032,34,83,8
7,s032,34,80,4
7,s032,34,81,4
7,s032,34,86,5
7,s032,34,87,2
7,s032,34,84,2
7,s032,34,90,6
7,s032,34,91,3
7,s032,34,88,2
7,s032,34,89,2
7,s032,34,95,3
7,s033,96,96,331
7,s033,96,97,105
7,s033,96,98,100
7,s033,96,99,28
7,s033,96,100,130
7,s033,96,101,49
7,s033,96,102,44
7,s033,96,103,10
7,s033,96,104,110
7,s033,96,105,31
7,s033,96,106,27
7,s033,96,107,10
7,s033,96,108,35
7,s033,96,109,10
7,s033,96,110,9
7,s033,96,111,2
7,s033,96,112,106
7,s033,96,113,32
7,s033,96,114,31
7,s033,96,115,16
7,s033,96,116,38
7,s033,96,117,9
7,s033,96,118,13
7,s033,96,119,6
7,s033,96,120,35
7,s033,96,121,11
7,s033,96,122,2
7,s033,96,123,2
7,s033,96,124,13
7,s033,96,125,4
7,s033,96,126,1
7,s033,96,127,1
7,s033,96,64,139
7,s033,96,65,49
7,s033,96,66,39
7,s033,96,67,17
7,s033,96,68,43
7,s033,96,69,4
7,s033,96,70,14
7,s033,96,71,4
7,s033,96,72,46
7,s033,96,73,11
7,s033,96,74,19
7,s033,96,76,18
7,s033,96,77,4
7,s033,96,78,7
7,s033,96,79,1
7,s033,96,80,35
7,s033,96,81,16
7,s033,96,82,17
7,s033,96,83,7
7,s033,96,84,12
7,s033,96,85,6
7,s033,96,86,2
7,s033,96,87,1
7,s033,96,88,8
7,s033,96,89,5
7,s033,96,90,10
7,s033,96,92,3
7,s033,96,93,1
7,s033,96,95,1
7,s033,96,32,140
7,s033,96,33,58
7,s033,96,34,28
7,s033,96,35,10
7,s033,96,36,56
7,s033,96,37,23
7,s033,96,38,11
7,s033,96,39,5
7,s033,96,40,27
7,s033,96,41,18
7,s033,96,42,8
7,s033,96,43,2
7,s033,96,44,12
7,s033,96,45,6
7,s033,96,46,4
7,s033,96,47,3
7,s033,96,48,42
7,s033,96,49,16
7,s033,96,50,3
7,s033,96,51,3
7,s033,96,52,8
7,s033,96,53,5
7,s033,96,54,2
7,s033,96,55,4
7,s033,96,56,9
7,s033,96,57,3
7,s033,96,58,3
7,s033,96,59,1
7,s033,96,60,4
7,s033,96,61,1
7,s033,96,62,2
7,s033,96,63,2
7,s033,96,0,46
7,s033,96,1,23
7,s033,96,2,13
7,s033,96,3,3
7,s033,96,4,18
7,s033,96,5,7
7,s033,96,6,8
7,s033,96,7,2
7,s033,96,8,10
7,s033,96,9,5
7,s033,96,10,1
7,s033,96,11,3
7,s033,96,12,4
7,s033,96,13,2
7,s033,96,16,6
7,s033,96,17,2
7,s033,96,18,6
7,s033,96,19,1
7,s033,96,20,3
7,s033,96,21,3
7,s033,96,22,3
7,s033,96,24,4
7,s033,96,25,2
7,s033,96,26,1
7,s033,96,27,1
7,s033,96,28,1
7,s034,79,79,399
7,s034,79,78,109
7,s034,79,77,116
7,s034,79,76,36
7,s034,79,75,119
7,s034,79,74,45
7,s034,79,73,36
7,s034,79,72,14
7,s034,79,71,131
7,s034,79,70,29
7,s034,79,69,28
7,s034,79,68,12
7,s034,79,67,30
7,s034,79,66,12
7,s034,79,65,15
7,s034,79,64,3
7,s034,79,95,125
7,s034,79,94,34
7,s034,79,93,30
7,s034,79,92,13
7,s034,79,91,23
7,s034,79,90,9
7,s034,79,89,11
7,s034,79,88,1
7,s034,79,87,27
7,s034,79,86,19
7,s034,79,85,3
7,s034,79,84,3
7,s034,79,83,4
7,s034,79,81,1
7,s034,79,111,158
7,s034,79,110,56
7,s034,79,109,55
7,s034,79,108,15
7,s034,79,107,40
7,s034,79,106,16
7,s034,79,105,18
7,s034,79,104,5
7,s034,79,103,40
7,s034,79,102,15
7,s034,79,101,16
7,s034,79,100,5
7,s034,79,99,10
7,s034,79,98,4
7,s034,79,97,4
7,s034,79,96,3
7,s034,79,127,60
7,s034,79,126,9
7,s034,79,125,14
7,s034,79,124,4
7,s034,79,123,16
7,s034,79,122,1
7,s034,79,121,4
7,s034,79,119,10
7,s034,79,118,5
7,s034,79,117,4
7,s034,79,115,3
7,s034,79,114,4
7,s034,79,113,3
7,s034,79,112,3
7,s034,79,15,123
7,s034,79,14,78
7,s034,79,13,33
7,s034,79,12,19
7,s034,79,11,49
7,s034,79,10,28
7,s034,79,9,11
7,s034,79,8,4
7,s034,79,7,41
7,s034,79,6,19
7,s034,79,5,14
7,s034,79,4,6
7,s034,79,3,12
7,s034,79,2,6
7,s034,79,1,4
7,s034,79,0,4
7,s034,79,31,41
7,s034,79,30,14
7,s034,79,29,13
7,s034,79,28,6
7,s034,79,27,18
7,s034,79,26,10
7,s034,79,25,3
7,s034,79,24,1
7,s034,79,23,8
7,s034,79,22,8
7,s034,79,21,4
7,s034,79,20,1
7,s034,79,19,3
7,s034,79,18,3
7,s034,79,17,2
7,s034,79,16,1
7,s034,79,47,48
7,s034,79,46,28
7,s034,79,45,16
7,s034,79,44,13
7,s034,79,43,21
7,s034,79,42,6
7,s034,79,41,2
7,s034,79,40,4
7,s034,79,39,12
7,s034,79,38,5
7,s034,79,37,2
7,s034,79,36,4
7,s034,79,35,7
7,s034,79,34,2
7,s034,79,33,1
7,s034,79,63,13
7,s034,79,62,8
7,s034,79,61,4
7,s034,79,60,2
7,s034,79,59,7
7,s034,79,58,1
7,s034,79,57,3
7,s034,79,56,1
7,s034,79,55,6
7,s034,79,53,3
7,s034,79,52,1
7,s034,79,51,4
7,s034,79,50,2
7,s035,83,83,375
7,s035,83,82,120
7,s035,83,81,101
7,s035,83,80,30
7,s035,83,87,108
7,s035,83,86,39
7,s035,83,85,40
7,s035,83,84,10
7,s035,83,91,105
7,s035,83,90,31
7,s035,83,89,33
7,s035,83,88,6
7,s035,83,95,38
7,s035,83,94,7
7,s035,83,93,15
7,s035,83,92,7
7,s035,83,67,107
7,s035,83,66,35
7,s035,83,65,18
7,s035,83,64,10
7,s035,83,71,33
7,s035,83,70,8
7,s035,83,69,15
7,s035,83,68,6
7,s035,83,75,36
7,s035,83,74,12
7,s035,83,73,8
7,s035,83,72,2
7,s035,83,79,13
7,s035,83,78,3
7,s035,83,77,2
7,s035,83,76,1
7,s035,83,115,130
7,s035,83,114,48
7,s035,83,113,52
7,s035,83,112,21
7,s035,83,119,27
7,s035,83,118,15
7,s035,83,117,18
7,s035,83,116,5
7,s035,83,123,32
7,s035,83,122,13
7,s035,83,121,11
7,s035,83,120,3
7,s035,83,127,12
7,s035,83,126,6
7,s035,83,125,5
7,s035,83,124,2
7,s035,83,99,38
7,s035,83,98,14
7,s035,83,97,16
7,s035,83,96,4
7,s035,83,103,10
7,s035,83,102,5
7,s035,83,101,5
7,s035,83,100,1
7,s035,83,107,10
7,s035,83,106,5
7,s035,83,105,1
7,s035,83,111,7
7,s035,83,110,1
7,s035,83,19,117
7,s035,83,18,65
7,s035,83,17,49
7,s035,83,16,11
7,s035,83,23,55
7,s035,83,22,24
7,s035,83,21,11
7,s035,83,20,4
7,s035,83,27,30
7,s035,83,26,16
7,s035,83,25,11
7,s035,83,24,4
7,s035,83,31,15
7,s035,83,30,6
7,s035,83,29,5
7,s035,83,28,4
7,s035,83,3,47
7,s035,83,2,17
7,s035,83,1,11
7,s035,83,0,1
7,s035,83,7,13
7,s035,83,6,4
7,s035,83,5,4
7,s035,83,11,15
7,s035,83,10,11
7,s035,83,9,2
7,s035,83,15,5
7,s035,83,14,4
7,s035,83,13,2
7,s035,83,51,48
7,s035,83,50,17
7,s035,83,49,16
7,s035,83,48,5
7,s035,83,55,18
7,s035,83,54,5
7,s035,83,53,11
7,s035,83,52,1
7,s035,83,59,19
7,s035,83,58,5
7,s035,83,57,3
7,s035,83,56,2
7,s035,83,63,4
7,s035,83,62,1
7,s035,83,61,1
7,s035,83,35,14
7,s035,83,34,7
7,s035,83,33,4
7,s035,83,32,2
7,s035,83,39,6
7,s035,83,38,2
7,s035,83,37,1
7,s035,83,43,5
7,s035,83,41,3
7,s035,83,47,2
10,s000,58,58,215
10,s000,58,59,79
10,s000,58,56,84
10,s000,58,57,22
10,s000,58,62,88
10,s000,58,63,34
10,s000,58,60,33
10,s000,58,61,14
10,s000,58,50,79
10,s000,58,51,40
10,s000,58,48,35
10,s000,58,49,14
10,s000,58,54,39
10,s000,58,55,15
10,s000,58,52,26
10,s000,58,53,8
10,s000,58,42,65
10,s000,58,43,29
10,s000,58,40,35
10,s000,58,41,15
10,s000,58,46,40
10,s000,58,47,12
10,s000,58,44,12
10,s000,58,45,8
10,s000,58,34,31
10,s000,58,35,14
10,s000,58,32,21
10,s000,58,33,5
10,s000,58,38,15
10,s000,58,39,5
10,s000,58,36,6
10,s000,58,37,5
10,s000,58,26,82
10,s000,58,27,41
10,s000,58,24,44
10,s000,58,25,13
10,s000,58,30,41
10,s000,58,31,20
10,s000,58,28,23
10,s000,58,29,7
10,s000,58,18,41
10,s000,58,19,20
10,s000,58,16,22
10,s000,58,17,8
10,s000,58,22,20
10,s000,58,23,2
10,s000,58,20,7
10,s000,58,21,3
10,s000,58,10,40
10,s000,58,11,23
10,s000,58,8,22
10,s000,58,9,8
10,s000,58,14,12
10,s000,58,15,9
10,s000,58,12,7
10,s000,58,13,2
10,s000,58,2,16
10,s000,58,3,7
10,s000,58,0,4
10,s000,58,1,4
10,s000,58,6,12
10,s000,58,7,3
10,s000,58,4,3
10,s000,58,122,90
10,s000,58,123,43
10,s000,58,120,37
10,s000,58,121,30
10,s000,58,126,55
10,s000,58,127,27
10,s000,58,124,21
10,s000,58,125,7
10,s000,58,114,39
10,s000,58,115,25
10,s000,58,112,14
10,s000,58,113,12
10,s000,58,118,12
10,s000,58,119,7
10,s000,58,116,8
10,s000,58,117,2
10,s000,58,106,48
10,s000,58,107,26
10,s000,58,104,16
10,s000,58,105,6
10,s000,58,110,17
10,s000,58,111,6
10,s000,58,108,7
10,s000,58,109,3
10,s000,58,98,20
10,s000,58,99,2
10,s000,58,96,5
10,s000,58,97,4
10,s000,58,102,4
10,s000,58,103,5
10,s000,58,100,2
10,s000,58,101,1
10,s000,58,90,43
10,s000,58,91,17
10,s000,58,88,20
10,s000,58,89,7
10,s000,58,94,20
10,s000,58,95,11
10,s000,58,92,7
10,s000,58,93,8
10,s000,58,82,20
10,s000,58,83,10
10,s000,58,80,11
10,s000,58,81,9
10,s000,58,86,4
10,s000,58,87,5
10,s000,58,84,3
10,s000,58,85,4
10,s000,58,74,25
10,s000,58,75,5
10,s000,58,72,3
10,s000,58,73,2
10,s000,58,78,8
10,s000,58,79,3
10,s000,58,76,6
10,s000,58,77,2
10,s000,58,66,4
10,s000,58,67,2
10,s000,58,64,4
10,s000,58,65,3
10,s000,58,70,5
10,s000,58,71,5
10,s000,58,68,1
10,s000,58,69,2
10,s001,107,107,202
10,s001,107,106,93
10,s001,107,105,85
10,s001,107,104,31
10,s001,107,111,90
10,s001,107,110,41
10,s001,107,109,47
10,s001,107,108,18
10,s001,107,99,98
10,s001,107,98,43
10,s001,107,97,36
10,s001,107,96,15
10,s001,107,103,32
10,s001,107,102,18
10,s001,107,101,8
10,s001,107,100,6
10,s001,107,123,74
10,s001,107,122,45
10,s001,107,121,37
10,s001,107,120,15
10,s001,107,127,35
10,s001,107,126,16
10,s001,107,125,16
10,s001,107,124,2
10,s001,107,115,33
10,s001,107,114,18
10,s001,107,113,11
10,s001,107,112,3
10,s001,107,119,13
10,s001,107,118,8
10,s001,107,117,8
10,s001,107,116,4
10,s001,107,75,94
10,s001,107,74,36
10,s001,107,73,44
10,s001,107,72,12
10,s001,107,79,40
10,s001,107,78,16
10,s001,107,77,12
10,s001,107,76,9
10,s001,107,67,39
10,s001,107,66,20
10,s001,107,65,19
10,s001,107,64,9
10,s001,107,71,12
10,s001,107,70,2
10,s001,107,69,8
10,s001,107,68,2
10,s001,107,91,51
10,s001,107,90,18
10,s001,107,89,26
10,s001,107,88,6
10,s001,107,95,15
10,s001,107,94,6
10,s001,107,93,4
10,s001,107,92,3
10,s001,107,83,18
10,s001,107,82,6
10,s001,107,81,7
10,s001,107,80,3
10,s001,107,87,4
10,s001,107,86,1
10,s001,107,85,3
10,s001,107,84,1
10,s001,107,43,108
10,s001,107,42,60
10,s001,107,41,25
10,s001,107,40,21
10,s001,107,47,50
10,s001,107,46,31
10,s001,107,45,11
10,s001,107,44,7
10,s001,107,35,36
10,s001,107,34,22
10,s001,107,33,15
10,s001,107,32,5
10,s001,107,39,12
10,s001,107,38,8
10,s001,107,37,5
10,s001,107,36,1
10,s001,107,59,37
10,s001,107,58,23
10,s001,107,57,12
10,s001,107,56,15
10,s001,107,63,9
10,s001,107,62,12
10,s001,107,61,6
10,s001,107,60,3
10,s001,107,51,18
10,s001,107,50,6
10,s001,107,49,4
10,s001,107,48,5
10,s001,107,55,3
10,s001,107,54,2
10,s001,107,53,1
10,s001,107,11,40
10,s001,107,10,21
10,s001,107,9,24
10,s001,107,8,14
10,s001,107,15,20
10,s001,107,14,11
10,s001,107,13,7
10,s001,107,12,5
10,s001,107,3,14
10,s001,107,2,11
10,s001,107,1,8
10,s001,107,0,3
10,s001,107,7,11
10,s001,107,6,3
10,s001,107,5,5
10,s001,107,4,4
10,s001,107,27,17
10,s001,107,26,11
10,s001,107,25,8
10,s001,107,24,4
10,s001,107,31,9
10,s001,107,30,1
10,s001,107,29,5
10,s001,107,28,2
10,s001,107,19,10
10,s001,107,18,3
10,s001,107,17,1
10,s001,107,16,1
10,s001,107,23,3
10,s001,107,22,3
10,s001,107,20,1
10,s002,28,28,197
10,s002,28,29,87
10,s002,28,30,82
10,s002,28,31,36
10,s002,28,24,82
10,s002,28,25,32
10,s002,28,26,27
10,s002,28,27,14
10,s002,28,20,89
10,s002,28,21,36
10,s002,28,22,21
10,s002,28,23,9
10,s002,28,16,30
10,s002,28,17,19
10,s002,28,18,17
10,s002,28,19,5
10,s002,28,12,81
10,s002,28,13,34
10,s002,28,14,33
10,s002,28,15,9
10,s002,28,8,36
10,s002,28,9,15
10,s002,28,10,8
10,s002,28,11,6
10,s002,28,4,38
10,s002,28,5,9
10,s002,28,6,20
10,s002,28,7,5
10,s002,28,0,20
10,s002,28,1,7
10,s002,28,2,6
10,s002,28,3,1
10,s002,28,60,93
10,s002,28,61,31
10,s002,28,62,47
10,s002,28,63,25
10,s002,28,56,41
10,s002,28,57,18
10,s002,28,58,17
10,s002,28,59,8
10,s002,28,52,46
10,s002,28,53,10
10,s002,28,54,19
10,s002,28,55,7
10,s002,28,48,25
10,s002,28,49,6
10,s002,28,50,8
10,s002,28,51,3
10,s002,28,44,43
10,s002,28,45,16
10,s002,28,46,23
10,s002,28,47,11
10,s002,28,40,12
10,s002,28,41,6
10,s002,28,42,7
10,s002,28,43,4
10,s002,28,36,15
10,s002,28,37,6
10,s002,28,38,9
10,s002,28,39,4
10,s002,28,32,9
10,s002,28,33,3
10,s002,28,34,2
10,s002,28,92,94
10,s002,28,93,42
10,s002,28,94,40
10,s002,28,95,20
10,s002,28,88,40
10,s002,28,89,21
10,s002,28,90,16
10,s002,28,91,13
10,s002,28,84,45
10,s002,28,85,26
10,s002,28,86,12
10,s002,28,87,15
10,s002,28,80,18
10,s002,28,81,8
10,s002,28,82,8
10,s002,28,83,3
10,s002,28,76,46
10,s002,28,77,20
10,s002,28,78,16
10,s002,28,79,5
10,s002,28,72,23
10,s002,28,73,9
10,s002,28,74,8
10,s002,28,75,9
10,s002,28,68,13
10,s002,28,69,5
10,s002,28,70,5
10,s002,28,71,4
10,s002,28,64,8
10,s002,28,65,7
10,s002,28,66,5
10,s002,28,67,2
10,s002,28,124,40
10,s002,28,125,27
10,s002,28,126,19
10,s002,28,127,5
10,s002,28,120,21
10,s002,28,121,24
10,s002,28,122,7
10,s002,28,123,7
10,s002,28,116,16
10,s002,28,117,11
10,s002,28,118,7
10,s002,28,119,3
10,s002,28,112,8
10,s002,28,113,3
10,s002,28,114,3
10,s002,28,115,1
10,s002,28,108,19
10,s002,28,109,6
10,s002,28,110,9
10,s002,28,111,1
10,s002,28,104,9
10,s002,28,105,5
10,s002,28,106,7
10,s002,28,107,1
10,s002,28,100,4
10,s002,28,101,5
10,s002,28,103,1
10,s002,28,96,4
10,s002,28,97,1
10,s002,28,98,1
10,s003,7,7,208
10,s003,7,6,112
10,s003,7,5,90
10,s003,7,4,25
10,s003,7,3,93
10,s003,7,2,40
10,s003,7,1,35
10,s003,7,0,15
10,s003,7,15,86
10,s003,7,14,38
10,s003,7,13,27
10,s003,7,12,9
10,s003,7,11,36
10,s003,7,10,14
10,s003,7,9,16
10,s003,7,8,3
10,s003,7,23,83
10,s003,7,22,32
10,s003,7,21,33
10,s003,7,20,20
10,s003,7,19,40
10,s003,7,18,5
10,s003,7,17,17
10,s003,7,16,5
10,s003,7,31,40
10,s003,7,30,17
10,s003,7,29,12
10,s003,7,28,9
10,s003,7,27,14
10,s003,7,26,6
10,s003,7,25,4
10,s003,7,24,1
10,s003,7,39,107
10,s003,7,38,38
10,s003,7,37,40
10,s003,7,36,24
10,s003,7,35,52
10,s003,7,34,15
10,s003,7,33,19
10,s003,7,32,8
10,s003,7,47,34
10,s003,7,46,16
10,s003,7,45,11
10,s003,7,44,3
10,s003,7,43,14
10,s003,7,42,10
10,s003,7,41,9
10,s003,7,40,3
10,s003,7,55,48
10,s003,7,54,19
10,s003,7,53,21
10,s003,7,52,5
10,s003,7,51,19
10,s003,7,50,8
10,s003,7,49,10
10,s003,7,48,3
10,s003,7,63,13
10,s003,7,62,2
10,s003,7,61,7
10,s003,7,60,3
10,s003,7,59,6
10,s003,7,58,3
10,s003,7,57,1
10,s003,7,56,1
10,s003,7,71,99
10,s003,7,70,39
10,s003,7,69,24
10,s003,7,68,21
10,s003,7,67,56
10,s003,7,66,28
10,s003,7,65,25
10,s003,7,64,7
10,s003,7,79,37
10,s003,7,78,27
10,s003,7,77,10
10,s003,7,76,10
10,s003,7,75,20
10,s003,7,74,11
10,s003,7,73,5
10,s003,7,72,2
10,s003,7,87,34
10,s003,7,86,21
10,s003,7,85,11
10,s003,7,84,9
10,s003,7,83,15
10,s003,7,82,7
10,s003,7,81,2
10,s003,7,80,4
10,s003,7,95,11
10,s003,7,94,7
10,s003,7,93,7
10,s003,7,92,8
10,s003,7,91,6
10,s003,7,90,2
10,s003,7,89,4
10,s003,7,103,46
10,s003,7,102,18
10,s003,7,101,26
10,s003,7,100,7
10,s003,7,99,21
10,s003,7,98,5
10,s003,7,97,4
10,s003,7,96,5
10,s003,7,111,17
10,s003,7,110,6
10,s003,7,109,9
10,s003,7,108,2
10,s003,7,107,4
10,s003,7,106,1
10,s003,7,105,2
10,s003,7,104,2
10,s003,7,119,19
10,s003,7,118,8
10,s003,7,117,9
10,s003,7,116,6
10,s003,7,115,6
10,s003,7,114,3
10,s003,7,113,4
10,s003,7,112,1
10,s003,7,127,7
10,s003,7,126,5
10,s003,7,123,3
10,s003,7,122,3
10,s004,86,86,220
10,s004,86,87,99
10,s004,86,84,89
10,s004,86,85,29
10,s004,86,82,98
10,s004,86,83,33
10,s004,86,80,33
10,s004,86,81,15
10,s004,86,94,83
10,s004,86,95,48
10,s004,86,92,21
10,s004,86,93,16
10,s004,86,90,55
10,s004,86,91,15
10,s004,86,88,17
10,s004,86,89,3
10,s004,86,70,70
10,s004,86,71,47
10,s004,86,68,38
10,s004,86,69,8
10,s004,86,66,39
10,s004,86,67,14
10,s004,86,64,15
10,s004,86,65,5
10,s004,86,78,37
10,s004,86,79,11
10,s004,86,76,12
10,s004,86,77,8
10,s004,86,74,16
10,s004,86,75,9
10,s004,86,72,6
10,s004,86,73,4
10,s004,86,118,98
10,s004,86,119,49
10,s004,86,116,36
10,s004,86,117,20
10,s004,86,114,34
10,s004,86,115,20
10,s004,86,112,24
10,s004,86,113,12
10,s004,86,126,50
10,s004,86,127,12
10,s004,86,124,10
10,s004,86,125,10
10,s004,86,122,12
10,s004,86,123,2
10,s004,86,120,7
10,s004,86,121,2
10,s004,86,102,59
10,s004,86,103,19
10,s004,86,100,11
10,s004,86,101,7
10,s004,86,98,13
10,s004,86,99,7
10,s004,86,96,10
10,s004,86,97,5
10,s004,86,110,19
10,s004,86,111,2
10,s004,86,108,11
10,s004,86,109,4
10,s004,86,106,4
10,s004,86,107,5
10,s004,86,104,8
10,s004,86,105,1
10,s004,86,22,98
10,s004,86,23,62
10,s004,86,20,44
10,s004,86,21,20
10,s004,86,18,35
10,s004,86,19,26
10,s004,86,16,13
10,s004,86,17,10
10,s004,86,30,41
10,s004,86,31,23
10,s004,86,28,18
10,s004,86,29,7
10,s004,86,26,17
10,s004,86,27,15
10,s004,86,24,7
10,s004,86,25,1
10,s004,86,6,27
10,s004,86,7,24
10,s004,86,4,18
10,s004,86,5,15
10,s004,86,2,19
10,s004,86,3,14
10,s004,86,0,7
10,s004,86,1,3
10,s004,86,14,24
10,s004,86,15,9
10,s004,86,12,8
10,s004,86,13,2
10,s004,86,10,8
10,s004,86,11,1
10,s004,86,8,4
10,s004,86,9,3
10,s004,86,54,50
10,s004,86,55,18
10,s004,86,52,23
10,s004,86,53,10
10,s004,86,50,23
10,s004,86,51,12
10,s004,86,48,13
10,s004,86,49,4
10,s004,86,62,19
10,s004,86,63,4
10,s004,86,60,8
10,s004,86,61,7
10,s004,86,58,12
10,s004,86,59,6
10,s004,86,56,2
10,s004,86,57,1
10,s004,86,38,14
10,s004,86,39,14
10,s004,86,36,13
10,s004,86,37,6
10,s004,86,34,14
10,s004,86,35,10
10,s004,86,32,6
10,s004,86,33,2
10,s004,86,46,10
10,s004,86,47,9
10,s004,86,44,6
10,s004,86,42,3
10,s004,86,43,2
10,s005,105,105,211
10,s005,105,104,89
10,s005,105,107,79
10,s005,105,106,39
10,s005,105,109,95
10,s005,105,108,35
10,s005,105,111,33
10,s005,105,110,8
10,s005,105,97,99
10,s005,105,96,49
10,s005,105,99,28
10,s005,105,98,14
10,s005,105,101,52
10,s005,105,100,18
10,s005,105,103,27
10,s005,105,102,4
10,s005,105,121,97
10,s005,105,120,40
10,s005,105,123,37
10,s005,105,122,18
10,s005,105,125,42
10,s005,105,124,17
10,s005,105,127,10
10,s005,105,126,6
10,s005,105,113,34
10,s005,105,112,16
10,s005,105,115,12
10,s005,105,114,1
10,s005,105,117,10
10,s005,105,116,8
10,s005,105,119,6
10,s005,105,118,2
10,s005,105,73,101
10,s005,105,72,59
10,s005,105,75,60
10,s005,105,74,25
10,s005,105,77,48
10,s005,105,76,22
10,s005,105,79,17
10,s005,105,78,15
10,s005,105,65,39
10,s005,105,64,15
10,s005,105,67,18
10,s005,105,66,6
10,s005,105,69,12
10,s005,105,68,8
10,s005,105,71,11
10,s005,105,70,4
10,s005,105,89,53
10,s005,105,88,12
10,s005,105,91,16
10,s005,105,90,9
10,s005,105,93,20
10,s005,105,92,8
10,s005,105,95,11
10,s005,105,94,4
10,s005,105,81,25
10,s005,105,80,8
10,s005,105,83,4
10,s005,105,82,4
10,s005,105,85,3
10,s005,105,84,3
10,s005,105,86,3
10,s005,105,41,108
10,s005,105,40,51
10,s005,105,43,41
10,s005,105,42,17
10,s005,105,45,37
10,s005,105,44,33
10,s005,105,47,12
10,s005,105,46,8
10,s005,105,33,43
10,s005,105,32,18
10,s005,105,35,20
10,s005,105,34,8
10,s005,105,37,21
10,s005,105,36,10
10,s005,105,39,2
10,s005,105,38,7
10,s005,105,57,39
10,s005,105,56,19
10,s005,105,59,15
10,s005,105,58,5
10,s005,105,61,24
10,s005,105,60,8
10,s005,105,63,8
10,s005,105,62,4
10,s005,105,49,13
10,s005,105,48,17
10,s005,105,51,6
10,s005,105,50,3
10,s005,105,53,6
10,s005,105,52,3
10,s005,105,55,1
10,s005,105,9,32
10,s005,105,8,18
10,s005,105,11,34
10,s005,105,10,15
10,s005,105,13,19
10,s005,105,12,13
10,s005,105,15,4
10,s005,105,14,5
10,s005,105,1,16
10,s005,105,0,11
10,s005,105,3,8
10,s005,105,2,3
10,s005,105,5,11
10,s005,105,4,5
10,s005,105,7,4
10,s005,105,6,3
10,s005,105,25,11
10,s005,105,24,11
10,s005,105,27,7
10,s005,105,26,3
10,s005,105,29,9
10,s005,105,28,5
10,s005,105,31,8
10,s005,105,30,4
10,s005,105,17,9
10,s005,105,16,3
10,s005,105,19,1
10,s005,105,18,3
10,s005,105,21,6
10,s005,105,20,1
10,s006,121,121,221
10,s006,121,120,87
10,s006,121,123,73
10,s006,121,122,41
10,s006,121,125,89
10,s006,121,124,41
10,s006,121,127,22
10,s006,121,126,15
10,s006,121,113,86
10,s006,121,112,41
10,s006,121,115,29
10,s006,121,114,19
10,s006,121,117,38
10,s006,121,116,15
10,s006,121,119,12
10,s006,121,118,8
10,s006,121,105,81
10,s006,121,104,41
10,s006,121,107,24
10,s006,121,106,22
10,s006,121,109,28
10,s006,121,108,17
10,s006,121,111,25
10,s006,121,110,8
10,s006,121,97,36
10,s006,121,96,13
10,s006,121,99,9
10,s006,121,98,6
10,s006,121,101,22
10,s006,121,100,7
10,s006,121,103,7
10,s006,121,102,6
10,s006,121,89,92
10,s006,121,88,38
10,s006,121,91,42
10,s006,121,90,17
10,s006,121,93,48
10,s006,121,92,15
10,s006,121,95,25
10,s006,121,94,4
10,s006,121,81,33
10,s006,121,80,17
10,s006,121,83,16
10,s006,121,82,4
10,s006,121,85,25
10,s006,121,84,5
10,s006,121,87,8
10,s006,121,86,2
10,s006,121,73,36
10,s006,121,72,15
10,s006,121,75,24
10,s006,121,74,9
10,s006,121,77,17
10,s006,121,76,8
10,s006,121,79,11
10,s006,121,78,3
10,s006,121,65,20
10,s006,121,64,3
10,s006,121,67,8
10,s006,121,66,4
10,s006,121,69,5
10,s006,121,68,3
10,s006,121,71,3
10,s006,121,70,1
10,s006,121,57,83
10,s006,121,56,49
10,s006,121,59,31
10,s006,121,58,19
10,s006,121,61,44
10,s006,121,60,17
10,s006,121,63,19
10,s006,121,62,9
10,s006,121,49,42
10,s006,121,48,19
10,s006,121,51,9
10,s006,121,50,11
10,s006,121,53,15
10,s006,121,52,9
10,s006,121,55,10
10,s006,121,54,4
10,s006,121,41,35
10,s006,121,40,11
10,s006,121,43,12
10,s006,121,42,6
10,s006,121,45,23
10,s006,121,44,13
10,s006,121,47,6
10,s006,121,46,1
10,s006,121,33,14
10,s006,121,32,8
10,s006,121,35,5
10,s006,121,34,8
10,s006,121,37,7
10,s006,121,36,4
10,s006,121,39,1
10,s006,121,25,51
10,s006,121,24,18
10,s006,121,27,18
10,s006,121,26,13
10,s006,121,29,20
10,s006,121,28,10
10,s006,121,31,9
10,s006,121,30,2
10,s006,121,17,19
10,s006,121,16,9
10,s006,121,19,12
10,s006,121,18,4
10,s006,121,21,5
10,s006,121,20,2
10,s006,121,23,4
10,s006,121,22,4
10,s006,121,9,23
10,s006,121,8,11
10,s006,121,11,10
10,s006,121,10,9
10,s006,121,13,10
10,s006,121,12,5
10,s006,121,15,3
10,s006,121,14,5
10,s006,121,1,7
10,s006,121,0,3
10,s006,121,3,2
10,s006,121,5,1
10,s006,121,4,1
10,s006,121,7,1
10,s007,55,55,207
10,s007,55,54,97
10,s007,55,53,72
10,s007,55,52,25
10,s007,55,51,81
10,s007,55,50,26
10,s007,55,49,24
10,s007,55,48,17
10,s007,55,63,77
10,s007,55,62,35
10,s007,55,61,34
10,s007,55,60,22
10,s007,55,59,32
10,s007,55,58,17
10,s007,55,57,19
10,s007,55,56,4
10,s007,55,39,85
10,s007,55,38,41
10,s007,55,37,34
10,s007,55,36,10
10,s007,55,35,33
10,s007,55,34,19
10,s007,55,33,8
10,s007,55,32,3
10,s007,55,47,42
10,s007,55,46,15
10,s007,55,45,13
10,s007,55,44,3
10,s007,55,43,13
10,s007,55,42,8
10,s007,55,41,3
10,s007,55,40,2
10,s007,55,23,90
10,s007,55,22,34
10,s007,55,21,41
10,s007,55,20,21
10,s007,55,19,39
10,s007,55,18,20
10,s007,55,17,16
10,s007,55,16,6
10,s007,55,31,55
10,s007,55,30,15
10,s007,55,29,13
10,s007,55,28,3
10,s007,55,27,19
10,s007,55,26,7
10,s007,55,25,9
10,s007,55,24,8
10,s007,55,7,39
10,s007,55,6,17
10,s007,55,5,20
10,s007,55,4,8
10,s007,55,3,17
10,s007,55,2,5
10,s007,55,1,6
10,s007,55,0,3
10,s007,55,15,16
10,s007,55,14,6
10,s007,55,13,6
10,s007,55,12,3
10,s007,55,11,4
10,s007,55,10,3
10,s007,55,9,5
10,s007,55,8,1
10,s007,55,119,74
10,s007,55,118,65
10,s007,55,117,41
10,s007,55,116,15
10,s007,55,115,56
10,s007,55,114,19
10,s007,55,113,21
10,s007,55,112,9
10,s007,55,127,55
10,s007,55,126,29
10,s007,55,125,15
10,s007,55,124,4
10,s007,55,123,11
10,s007,55,122,10
10,s007,55,121,10
10,s007,55,120,3
10,s007,55,103,44
10,s007,55,102,23
10,s007,55,101,16
10,s007,55,100,8
10,s007,55,99,16
10,s007,55,98,14
10,s007,55,97,7
10,s007,55,96,4
10,s007,55,111,15
10,s007,55,110,10
10,s007,55,109,6
10,s007,55,108,6
10,s007,55,107,8
10,s007,55,106,4
10,s007,55,105,3
10,s007,55,104,1
10,s007,55,87,39
10,s007,55,86,21
10,s007,55,85,17
10,s007,55,84,15
10,s007,55,83,19
10,s007,55,82,9
10,s007,55,81,12
10,s007,55,80,2
10,s007,55,95,19
10,s007,55,94,9
10,s007,55,93,11
10,s007,55,92,6
10,s007,55,91,6
10,s007,55,90,1
10,s007,55,89,4
10,s007,55,88,2
10,s007,55,71,15
10,s007,55,70,18
10,s007,55,69,10
10,s007,55,68,4
10,s007,55,67,9
10,s007,55,66,6
10,s007,55,65,1
10,s007,55,64,5
10,s007,55,79,9
10,s007,55,78,5
10,s007,55,77,4
10,s007,55,75,4
10,s007,55,73,1
10,s007,55,72,1
10,s008,77,77,202
10,s008,77,76,89
10,s008,77,79,75
10,s008,77,78,32
10,s008,77,73,85
10,s008,77,72,35
10,s008,77,75,37
10,s008,77,74,17
10,s008,77,69,84
10,s008,77,68,45
10,s008,77,71,37
10,s008,77,70,16
10,s008,77,65,45
10,s008,77,64,13
10,s008,77,67,15
10,s008,77,66,5
10,s008,77,93,103
10,s008,77,92,32
10,s008,77,95,36
10,s008,77,94,18
10,s008,77,89,45
10,s008,77,88,12
10,s008,77,91,11
10,s008,77,90,11
10,s008,77,85,39
10,s008,77,84,20
10,s008,77,87,13
10,s008,77,86,6
10,s008,77,81,17
10,s008,77,80,6
10,s008,77,83,7
10,s008,77,82,3
10,s008,77,109,105
10,s008,77,108,43
10,s008,77,111,40
10,s008,77,110,19
10,s008,77,105,42
10,s008,77,104,19
10,s008,77,107,11
10,s008,77,106,7
10,s008,77,101,35
10,s008,77,100,12
10,s008,77,103,21
10,s008,77,102,7
10,s008,77,97,22
10,s008,77,96,8
10,s008,77,99,8
10,s008,77,98,3
10,s008,77,125,35
10,s008,77,124,23
10,s008,77,127,19
10,s008,77,126,4
10,s008,77,121,20
10,s008,77,120,11
10,s008,77,123,5
10,s008,77,122,7
10,s008,77,117,13
10,s008,77,116,6
10,s008,77,119,10
10,s008,77,118,1
10,s008,77,113,7
10,s008,77,112,2
10,s008,77,115,4
10,s008,77,114,2
10,s008,77,13,92
10,s008,77,12,61
10,s008,77,15,36
10,s008,77,14,19
10,s008,77,9,34
10,s008,77,8,20
10,s008,77,11,19
10,s008,77,10,13
10,s008,77,5,36
10,s008,77,4,26
10,s008,77,7,18
10,s008,77,6,9
10,s008,77,1,15
10,s008,77,0,13
10,s008,77,3,5
10,s008,77,2,7
10,s008,77,29,39
10,s008,77,28,27
10,s008,77,31,9
10,s008,77,30,8
10,s008,77,25,19
10,s008,77,24,12
10,s008,77,27,1
10,s008,77,26,3
10,s008,77,21,18
10,s008,77,20,7
10,s008,77,23,4
10,s008,77,22,3
10,s008,77,17,12
10,s008,77,16,4
10,s008,77,19,1
10,s008,77,18,2
10,s008,77,45,49
10,s008,77,44,30
10,s008,77,47,15
10,s008,77,46,7
10,s008,77,41,16
10,s008,77,40,15
10,s008,77,43,2
10,s008,77,42,3
10,s008,77,37,15
10,s008,77,36,12
10,s008,77,39,10
10,s008,77,38,7
10,s008,77,33,11
10,s008,77,32,3
10,s008,77,35,3
10,s008,77,34,1
10,s008,77,61,24
10,s008,77,60,14
10,s008,77,63,15
10,s008,77,62,2
10,s008,77,57,5
10,s008,77,56,7
10,s008,77,59,2
10,s008,77,58,2
10,s008,77,53,9
10,s008,77,52,4
10,s008,77,55,2
10,s008,77,54,3
10,s008,77,49,1
10,s008,77,48,2
10,s008,77,51,2
10,s008,77,50,1
10,s009,113,113,207
10,s009,113,112,77
10,s009,113,115,80
10,s009,113,114,27
10,s009,113,117,78
10,s009,113,116,38
10,s009,113,119,25
10,s009,113,118,14
10,s009,113,121,96
10,s009,113,120,34
10,s009,113,123,33
10,s009,113,122,23
10,s009,113,125,38
10,s009,113,124,15
10,s009,113,127,19
10,s009,113,126,4
10,s009,113,97,81
10,s009,113,96,45
10,s009,113,99,38
10,s009,113,98,17
10,s009,113,101,37
10,s009,113,100,13
10,s009,113,103,17
10,s009,113,102,5
10,s009,113,105,38
10,s009,113,104,15
10,s009,113,107,12
10,s009,113,106,5
10,s009,113,109,19
10,s009,113,108,13
10,s009,113,111,7
10,s009,113,81,113
10,s009,113,80,43
10,s009,113,83,36
10,s009,113,82,16
10,s009,113,85,39
10,s009,113,84,16
10,s009,113,87,17
10,s009,113,86,7
10,s009,113,89,53
10,s009,113,88,18
10,s009,113,91,27
10,s009,113,90,3
10,s009,113,93,13
10,s009,113,92,7
10,s009,113,95,5
10,s009,113,94,2
10,s009,113,65,42
10,s009,113,64,17
10,s009,113,67,13
10,s009,113,66,6
10,s009,113,69,17
10,s009,113,68,5
10,s009,113,71,9
10,s009,113,70,5
10,s009,113,73,16
10,s009,113,72,8
10,s009,113,75,2
10,s009,113,74,2
10,s009,113,77,5
10,s009,113,76,6
10,s009,113,79,4
10,s009,113,78,5
10,s009,113,49,100
10,s009,113,48,38
10,s009,113,51,33
10,s009,113,50,24
10,s009,113,53,36
10,s009,113,52,33
10,s009,113,55,11
10,s009,113,54,7
10,s009,113,57,35
10,s009,113,56,16
10,s009,113,59,17
10,s009,113,58,9
10,s009,113,61,16
10,s009,113,60,8
10,s009,113,63,10
10,s009,113,62,7
10,s009,113,33,45
10,s009,113,32,16
10,s009,113,35,18
10,s009,113,34,6
10,s009,113,37,14
10,s009,113,36,7
10,s009,113,39,5
10,s009,113,38,2
10,s009,113,41,16
10,s009,113,40,11
10,s009,113,43,2
10,s009,113,45,6
10,s009,113,44,4
10,s009,113,47,3
10,s009,113,46,1
10,s009,113,17,44
10,s009,113,16,27
10,s009,113,19,14
10,s009,113,18,13
10,s009,113,21,33
10,s009,113,20,15
10,s009,113,23,9
10,s009,113,22,4
10,s009,113,25,20
10,s009,113,24,6
10,s009,113,27,8
10,s009,113,26,5
10,s009,113,29,11
10,s009,113,28,8
10,s009,113,31,1
10,s009,113,30,3
10,s009,113,1,18
10,s009,113,0,12
10,s009,113,3,8
10,s009,113,2,5
10,s009,113,5,8
10,s009,113,4,2
10,s009,113,7,7
10,s009,113,6,5
10,s009,113,9,6
10,s009,113,8,2
10,s009,113,11,1
10,s009,113,10,2
10,s009,113,13,2
10,s009,113,12,4
10,s009,113,15,1
10,s009,113,14,1
10,s010,48,48,214
10,s010,48,49,109
10,s010,48,50,77
10,s010,48,51,31
10,s010,48,52,106
10,s010,48,53,50
10,s010,48,54,39
10,s010,48,55,13
10,s010,48,56,86
10,s010,48,57,39
10,s010,48,58,28
10,s010,48,59,15
10,s010,48,60,37
10,s010,48,61,15
10,s010,48,62,8
10,s010,48,63,4
10,s010,48,32,85
10,s010,48,33,36
10,s010,48,34,30
10,s010,48,35,14
10,s010,48,36,54
10,s010,48,37,18
10,s010,48,38,13
10,s010,48,39,7
10,s010,48,40,49
10,s010,48,41,16
10,s010,48,42,12
10,s010,48,43,8
10,s010,48,44,24
10,s010,48,45,5
10,s010,48,46,7
10,s010,48,47,3
10,s010,48,16,111
10,s010,48,17,30
10,s010,48,18,43
10,s010,48,19,29
10,s010,48,20,40
10,s010,48,21,9
10,s010,48,22,24
10,s010,48,23,9
10,s010,48,24,38
10,s010,48,25,15
10,s010,48,26,19
10,s010,48,27,10
10,s010,48,28,20
10,s010,48,29,13
10,s010,48,30,7
10,s010,48,31,6
10,s010,48,0,51
10,s010,48,1,17
10,s010,48,2,24
10,s010,48,3,5
10,s010,48,4,21
10,s010,48,5,13
10,s010,48,6,4
10,s010,48,7,3
10,s010,48,8,20
10,s010,48,9,8
10,s010,48,10,4
10,s010,48,11,2
10,s010,48,12,7
10,s010,48,13,4
10,s010,48,14,8
10,s010,48,15,1
10,s010,48,112,105
10,s010,48,113,65
10,s010,48,114,30
10,s010,48,115,20
10,s010,48,116,41
10,s010,48,117,25
10,s010,48,118,19
10,s010,48,119,12
10,s010,48,120,27
10,s010,48,121,30
10,s010,48,122,14
10,s010,48,123,10
10,s010,48,124,17
10,s010,48,125,11
10,s010,48,126,7
10,s010,48,127,6
10,s010,48,96,33
10,s010,48,97,33
10,s010,48,98,19
10,s010,48,99,12
10,s010,48,100,14
10,s010,48,101,12
10,s010,48,102,7
10,s010,48,103,2
10,s010,48,104,19
10,s010,48,105,8
10,s010,48,106,3
10,s010,48,107,2
10,s010,48,108,6
10,s010,48,109,6
10,s010,48,110,5
10,s010,48,111,5
10,s010,48,80,55
10,s010,48,81,33
10,s010,48,82,15
10,s010,48,83,10
10,s010,48,84,19
10,s010,48,85,15
10,s010,48,86,6
10,s010,48,87,5
10,s010,48,88,16
10,s010,48,89,13
10,s010,48,90,4
10,s010,48,91,2
10,s010,48,92,13
10,s010,48,93,3
10,s010,48,94,7
10,s010,48,95,1
10,s010,48,64,24
10,s010,48,65,5
10,s010,48,66,6
10,s010,48,67,5
10,s010,48,68,8
10,s010,48,69,6
10,s010,48,70,8
10,s010,48,71,1
10,s010,48,72,8
10,s010,48,73,2
10,s010,48,74,2
10,s010,48,75,2
10,s010,48,76,5
10,s010,48,77,1
10,s010,48,78,1
10,s010,48,79,2
10,s011,107,107,213
10,s011,107,106,82
10,s011,107,105,66
10,s011,107,104,36
10,s011,107,111,85
10,s011,107,110,43
10,s011,107,109,30
10,s011,107,108,26
10,s011,107,99,75
10,s011,107,98,41
10,s011,107,97,30
10,s011,107,96,14
10,s011,107,103,41
10,s011,107,102,11
10,s011,107,101,14
10,s011,107,100,4
10,s011,107,123,96
10,s011,107,122,42
10,s011,107,121,23
10,s011,107,120,17
10,s011,107,127,29
10,s011,107,126,10
10,s011,107,125,6
10,s011,107,124,5
10,s011,107,115,32
10,s011,107,114,15
10,s011,107,113,18
10,s011,107,112,6
10,s011,107,119,21
10,s011,107,118,6
10,s011,107,117,2
10,s011,107,116,3
10,s011,107,75,103
10,s011,107,74,33
10,s011,107,73,35
10,s011,107,72,23
10,s011,107,79,45
10,s011,107,78,13
10,s011,107,77,22
10,s011,107,76,7
10,s011,107,67,50
10,s011,107,66,15
10,s011,107,65,23
10,s011,107,64,8
10,s011,107,71,20
10,s011,107,70,9
10,s011,107,69,6
10,s011,107,68,3
10,s011,107,91,37
10,s011,107,90,16
10,s011,107,89,17
10,s011,107,88,8
10,s011,107,95,14
10,s011,107,94,5
10,s011,107,93,3
10,s011,107,92,5
10,s011,107,83,16
10,s011,107,82,8
10,s011,107,81,6
10,s011,107,80,3
10,s011,107,87,5
10,s011,107,86,2
10,s011,107,85,3
10,s011,107,43,104
10,s011,107,42,57
10,s011,107,41,38
10,s011,107,40,21
10,s011,107,47,41
10,s011,107,46,24
10,s011,107,45,18
10,s011,107,44,6
10,s011,107,35,41
10,s011,107,34,24
10,s011,107,33,16
10,s011,107,32,9
10,s011,107,39,13
10,s011,107,38,9
10,s011,107,37,5
10,s011,107,36,4
10,s011,107,59,46
10,s011,107,58,31
10,s011,107,57,17
10,s011,107,56,9
10,s011,107,63,14
10,s011,107,62,6
10,s011,107,61,9
10,s011,107,60,1
10,s011,107,51,14
10,s011,107,50,6
10,s011,107,49,4
10,s011,107,55,7
10,s011,107,54,8
10,s011,107,53,3
10,s011,107,52,2
10,s011,107,11,33
10,s011,107,10,23
10,s011,107,9,24
10,s011,107,8,11
10,s011,107,15,20
10,s011,107,14,15
10,s011,107,13,4
10,s011,107,12,7
10,s011,107,3,15
10,s011,107,2,9
10,s011,107,1,8
10,s011,107,0,3
10,s011,107,7,12
10,s011,107,6,5
10,s011,107,5,3
10,s011,107,4,2
10,s011,107,27,22
10,s011,107,26,8
10,s011,107,25,8
10,s011,107,24,6
10,s011,107,31,11
10,s011,107,30,5
10,s011,107,29,3
10,s011,107,28,3
10,s011,107,19,3
10,s011,107,18,4
10,s011,107,17,5
10,s011,107,16,3
10,s011,107,23,2
10,s011,107,22,3
10,s011,107,21,1
10,s012,73,73,247
10,s012,73,72,113
10,s012,73,75,100
10,s012,73,74,27
10,s012,73,77,98
10,s012,73,76,40
10,s012,73,79,30
10,s012,73,78,21
10,s012,73,65,78
10,s012,73,64,42
10,s012,73,67,40
10,s012,73,66,12
10,s012,73,69,37
10,s012,73,68,14
10,s012,73,71,18
10,s012,73,70,4
10,s012,73,89,97
10,s012,73,88,35
10,s012,73,91,37
10,s012,73,90,13
10,s012,73,93,36
10,s012,73,92,18
10,s012,73,95,18
10,s012,73,94,5
10,s012,73,81,36
10,s012,73,80,16
10,s012,73,83,16
10,s012,73,82,5
10,s012,73,85,16
10,s012,73,84,11
10,s012,73,87,4
10,s012,73,86,2
10,s012,73,105,97
10,s012,73,104,41
10,s012,73,107,35
10,s012,73,106,24
10,s012,73,109,45
10,s012,73,108,16
10,s012,73,111,15
10,s012,73,110,15
10,s012,73,97,45
10,s012,73,96,16
10,s012,73,99,13
10,s012,73,98,10
10,s012,73,101,24
10,s012,73,100,10
10,s012,73,103,6
10,s012,73,102,3
10,s012,73,121,53
10,s012,73,120,17
10,s012,73,123,25
10,s012,73,122,4
10,s012,73,125,17
10,s012,73,124,5
10,s012,73,127,4
10,s012,73,126,5
10,s012,73,113,13
10,s012,73,112,7
10,s012,73,115,7
10,s012,73,114,4
10,s012,73,117,9
10,s012,73,116,3
10,s012,73,119,2
10,s012,73,118,2
10,s012,73,9,95
10,s012,73,8,63
10,s012,73,11,41
10,s012,73,10,27
10,s012,73,13,43
10,s012,73,12,24
10,s012,73,15,16
10,s012,73,14,6
10,s012,73,1,50
10,s012,73,0,24
10,s012,73,3,8
10,s012,73,2,10
10,s012,73,5,29
10,s012,73,4,13
10,s012,73,7,11
10,s012,73,6,4
10,s012,73,25,38
10,s012,73,24,20
10,s012,73,27,16
10,s012,73,26,9
10,s012,73,29,21
10,s012,73,28,13
10,s012,73,31,3
10,s012,73,30,4
10,s012,73,17,15
10,s012,73,16,8
10,s012,73,19,6
10,s012,73,18,5
10,s012,73,21,6
10,s012,73,20,1
10,s012,73,23,2
10,s012,73,41,39
10,s012,73,40,34
10,s012,73,43,21
10,s012,73,42,8
10,s012,73,45,23
10,s012,73,44,13
10,s012,73,47,13
10,s012,73,46,2
10,s012,73,33,24
10,s012,73,32,11
10,s012,73,35,5
10,s012,73,34,2
10,s012,73,37,10
10,s012,73,36,3
10,s012,73,39,5
10,s012,73,38,6
10,s012,73,57,15
10,s012,73,56,11
10,s012,73,59,11
10,s012,73,58,3
10,s012,73,61,8
10,s012,73,60,4
10,s012,73,63,7
10,s012,73,62,2
10,s012,73,49,9
10,s012,73,48,5
10,s012,73,51,5
10,s012,73,50,3
10,s012,73,53,2
10,s012,73,52,3
10,s012,73,55,1
10,s012,73,54,1
10,s013,19,19,230
10,s013,19,18,81
10,s013,19,17,80
10,s013,19,16,29
10,s013,19,23,89
10,s013,19,22,34
10,s013,19,21,29
10,s013,19,20,17
10,s013,19,27,78
10,s013,19,26,34
10,s013,19,25,26
10,s013,19,24,19
10,s013,19,31,32
10,s013,19,30,15
10,s013,19,29,14
10,s013,19,28,4
10,s013,19,3,72
10,s013,19,2,43
10,s013,19,1,41
10,s013,19,0,13
10,s013,19,7,44
10,s013,19,6,18
10,s013,19,5,17
10,s013,19,4,9
10,s013,19,11,40
10,s013,19,10,17
10,s013,19,9,13
10,s013,19,8,8
10,s013,19,15,22
10,s013,19,14,8
10,s013,19,13,4
10,s013,19,12,1
10,s013,19,51,105
10,s013,19,50,36
10,s013,19,49,49
10,s013,19,48,12
10,s013,19,55,45
10,s013,19,54,26
10,s013,19,53,13
10,s013,19,52,9
10,s013,19,59,39
10,s013,19,58,11
10,s013,19,57,22
10,s013,19,56,10
10,s013,19,63,17
10,s013,19,62,5
10,s013,19,61,6
10,s013,19,60,3
10,s013,19,35,38
10,s013,19,34,18
10,s013,19,33,22
10,s013,19,32,7
10,s013,19,39,19
10,s013,19,38,3
10,s013,19,37,7
10,s013,19,36,2
10,s013,19,43,16
10,s013,19,42,11
10,s013,19,41,3
10,s013,19,40,2
10,s013,19,47,7
10,s013,19,46,5
10,s013,19,45,4
10,s013,19,83,94
10,s013,19,82,42
10,s013,19,81,41
10,s013,19,80,13
10,s013,19,87,38
10,s013,19,86,26
10,s013,19,85,21
10,s013,19,84,19
10,s013,19,91,37
10,s013,19,90,21
10,s013,19,89,13
10,s013,19,88,9
10,s013,19,95,23
10,s013,19,94,12
10,s013,19,93,6
10,s013,19,92,4
10,s013,19,67,39
10,s013,19,66,27
10,s013,19,65,17
10,s013,19,64,8
10,s013,19,71,21
10,s013,19,70,6
10,s013,19,69,4
10,s013,19,68,2
10,s013,19,75,27
10,s013,19,74,4
10,s013,19,73,3
10,s013,19,72,2
10,s013,19,79,6
10,s013,19,78,3
10,s013,19,77,4
10,s013,19,76,1
10,s013,19,115,54
10,s013,19,114,36
10,s013,19,113,18
10,s013,19,112,6
10,s013,19,119,22
10,s013,19,118,16
10,s013,19,117,13
10,s013,19,116,5
10,s013,19,123,19
10,s013,19,122,11
10,s013,19,121,10
10,s013,19,120,4
10,s013,19,127,4
10,s013,19,126,3
10,s013,19,125,3
10,s013,19,99,21
10,s013,19,98,7
10,s013,19,97,12
10,s013,19,96,6
10,s013,19,103,3
10,s013,19,102,3
10,s013,19,101,5
10,s013,19,100,3
10,s013,19,107,7
10,s013,19,106,5
10,s013,19,105,3
10,s013,19,104,1
10,s013,19,111,4
10,s013,19,110,5
10,s013,19,109,2
10,s014,28,28,208
10,s014,28,29,76
10,s014,28,30,95
10,s014,28,31,22
10,s014,28,24,87
10,s014,28,25,31
10,s014,28,26,34
10,s014,28,27,13
10,s014,28,20,89
10,s014,28,21,31
10,s014,28,22,19
10,s014,28,23,12
10,s014,28,16,35
10,s014,28,17,13
10,s014,28,18,15
10,s014,28,19,9
10,s014,28,12,89
10,s014,28,13,36
10,s014,28,14,40
10,s014,28,15,18
10,s014,28,8,45
10,s014,28,9,24
10,s014,28,10,19
10,s014,28,11,4
10,s014,28,4,33
10,s014,28,5,15
10,s014,28,6,13
10,s014,28,7,6
10,s014,28,0,19
10,s014,28,1,7
10,s014,28,2,7
10,s014,28,60,96
10,s014,28,61,46
10,s014,28,62,44
10,s014,28,63,20
10,s014,28,56,36
10,s014,28,57,19
10,s014,28,58,14
10,s014,28,59,2
10,s014,28,52,34
10,s014,28,53,17
10,s014,28,54,9
10,s014,28,55,8
10,s014,28,48,18
10,s014,28,49,10
10,s014,28,50,10
10,s014,28,51,3
10,s014,28,44,39
10,s014,28,45,20
10,s014,28,46,14
10,s014,28,47,7
10,s014,28,40,17
10,s014,28,41,12
10,s014,28,42,7
10,s014,28,43,1
10,s014,28,36,18
10,s014,28,37,8
10,s014,28,38,11
10,s014,28,39,3
10,s014,28,32,15
10,s014,28,33,3
10,s014,28,34,5
10,s014,28,92,102
10,s014,28,93,49
10,s014,28,94,31
10,s014,28,95,12
10,s014,28,88,47
10,s014,28,89,23
10,s014,28,90,15
10,s014,28,91,7
10,s014,28,84,28
10,s014,28,85,16
10,s014,28,86,13
10,s014,28,87,8
10,s014,28,80,15
10,s014,28,81,8
10,s014,28,82,5
10,s014,28,83,3
10,s014,28,76,34
10,s014,28,77,28
10,s014,28,78,11
10,s014,28,79,11
10,s014,28,72,20
10,s014,28,73,6
10,s014,28,74,10
10,s014,28,75,4
10,s014,28,68,14
10,s014,28,69,9
10,s014,28,70,5
10,s014,28,71,2
10,s014,28,64,10
10,s014,28,65,4
10,s014,28,66,4
10,s014,28,67,3
10,s014,28,124,42
10,s014,28,125,23
10,s014,28,126,16
10,s014,28,127,15
10,s014,28,120,22
10,s014,28,121,10
10,s014,28,122,7
10,s014,28,123,12
10,s014,28,116,23
10,s014,28,117,6
10,s014,28,118,3
10,s014,28,119,5
10,s014,28,112,6
10,s014,28,113,4
10,s014,28,114,5
10,s014,28,115,6
10,s014,28,108,14
10,s014,28,109,11
10,s014,28,110,6
10,s014,28,111,5
10,s014,28,104,8
10,s014,28,105,3
10,s014,28,106,5
10,s014,28,107,1
10,s014,28,100,9
10,s014,28,101,3
10,s014,28,102,3
10,s014,28,103,1
10,s014,28,96,4
10,s014,28,97,2
10,s014,28,98,3
10,s014,28,99,1
10,s015,47,47,217
10,s015,47,46,100
10,s015,47,45,77
10,s015,47,44,33
10,s015,47,43,87
10,s015,47,42,33
10,s015,47,41,34
10,s015,47,40,15
10,s015,47,39,83
10,s015,47,38,34
10,s015,47,37,42
10,s015,47,36,17
10,s015,47,35,43
10,s015,47,34,19
10,s015,47,33,11
10,s015,47,32,3
10,s015,47,63,84
10,s015,47,62,35
10,s015,47,61,38
10,s015,47,60,26
10,s015,47,59,36
10,s015,47,58,18
10,s015,47,57,20
10,s015,47,56,6
10,s015,47,55,26
10,s015,47,54,22
10,s015,47,53,22
10,s015,47,52,5
10,s015,47,51,14
10,s015,47,50,5
10,s015,47,49,10
10,s015,47,48,2
10,s015,47,15,115
10,s015,47,14,44
10,s015,47,13,44
10,s015,47,12,24
10,s015,47,11,51
10,s015,47,10,19
10,s015,47,9,12
10,s015,47,8,3
10,s015,47,7,50
10,s015,47,6,16
10,s015,47,5,19
10,s015,47,4,14
10,s015,47,3,15
10,s015,47,2,10
10,s015,47,1,7
10,s015,47,0,6
10,s015,47,31,51
10,s015,47,30,24
10,s015,47,29,19
10,s015,47,28,1
10,s015,47,27,12
10,s015,47,26,9
10,s015,47,25,6
10,s015,47,24,4
10,s015,47,23,18
10,s015,47,22,6
10,s015,47,21,5
10,s015,47,20,4
10,s015,47,19,8
10,s015,47,18,1
10,s015,47,17,2
10,s015,47,16,3
10,s015,47,111,111
10,s015,47,110,44
10,s015,47,109,38
10,s015,47,108,23
10,s015,47,107,59
10,s015,47,106,21
10,s015,47,105,22
10,s015,47,104,8
10,s015,47,103,42
10,s015,47,102,20
10,s015,47,101,14
10,s015,47,100,9
10,s015,47,99,21
10,s015,47,98,10
10,s015,47,97,5
10,s015,47,96,6
10,s015,47,127,40
10,s015,47,126,25
10,s015,47,125,12
10,s015,47,124,7
10,s015,47,123,17
10,s015,47,122,12
10,s015,47,121,4
10,s015,47,120,3
10,s015,47,119,20
10,s015,47,118,6
10,s015,47,117,10
10,s015,47,116,5
10,s015,47,115,5
10,s015,47,114,2
10,s015,47,113,2
10,s015,47,112,2
10,s015,47,79,43
10,s015,47,78,22
10,s015,47,77,11
10,s015,47,76,15
10,s015,47,75,22
10,s015,47,74,14
10,s015,47,73,7
10,s015,47,72,6
10,s015,47,71,20
10,s015,47,70,15
10,s015,47,69,6
10,s015,47,68,4
10,s015,47,67,5
10,s015,47,66,5
10,s015,47,65,5
10,s015,47,64,5
10,s015,47,95,22
10,s015,47,94,8
10,s015,47,93,11
10,s015,47,92,6
10,s015,47,91,5
10,s015,47,90,7
10,s015,47,89,2
10,s015,47,87,13
10,s015,47,86,2
10,s015,47,85,3
10,s015,47,84,2
10,s015,47,83,3
10,s015,47,82,2
10,s015,47,80,1
10,s016,53,53,205
10,s016,53,52,67
10,s016,53,55,79
10,s016,53,54,35
10,s016,53,49,100
10,s016,53,48,32
10,s016,53,51,47
10,s016,53,50,17
10,s016,53,61,81
10,s016,53,60,40
10,s016,53,63,46
10,s016,53,62,20
10,s016,53,57,28
10,s016,53,56,12
10,s016,53,59,14
10,s016,53,58,3
10,s016,53,37,71
10,s016,53,36,39
10,s016,53,39,26
10,s016,53,38,15
10,s016,53,33,32
10,s016,53,32,22
10,s016,53,35,15
10,s016,53,34,5
10,s016,53,45,37
10,s016,53,44,18
10,s016,53,47,10
10,s016,53,46,3
10,s016,53,41,17
10,s016,53,40,5
10,s016,53,43,4
10,s016,53,42,1
10,s016,53,21,76
10,s016,53,20,37
10,s016,53,23,50
10,s016,53,22,18
10,s016,53,17,54
10,s016,53,16,11
10,s016,53,19,14
10,s016,53,18,6
10,s016,53,29,35
10,s016,53,28,16
10,s016,53,31,23
10,s016,53,30,3
10,s016,53,25,14
10,s016,53,24,5
10,s016,53,27,7
10,s016,53,26,4
10,s016,53,5,40
10,s016,53,4,11
10,s016,53,7,22
10,s016,53,6,9
10,s016,53,1,9
10,s016,53,0,7
10,s016,53,3,6
10,s016,53,2,4
10,s016,53,13,14
10,s016,53,12,5
10,s016,53,15,5
10,s016,53,9,12
10,s016,53,8,2
10,s016,53,11,4
10,s016,53,10,1
10,s016,53,117,109
10,s016,53,116,53
10,s016,53,119,43
10,s016,53,118,23
10,s016,53,113,48
10,s016,53,112,32
10,s016,53,115,14
10,s016,53,114,6
10,s016,53,125,41
10,s016,53,124,23
10,s016,53,127,13
10,s016,53,126,4
10,s016,53,121,15
10,s016,53,120,11
10,s016,53,123,9
10,s016,53,122,3
10,s016,53,101,39
10,s016,53,100,26
10,s016,53,103,17
10,s016,53,102,8
10,s016,53,97,17
10,s016,53,96,4
10,s016,53,99,11
10,s016,53,98,7
10,s016,53,109,9
10,s016,53,108,6
10,s016,53,111,8
10,s016,53,110,4
10,s016,53,105,5
10,s016,53,104,5
10,s016,53,107,3
10,s016,53,106,1
10,s016,53,85,49
10,s016,53,84,22
10,s016,53,87,14
10,s016,53,86,10
10,s016,53,81,22
10,s016,53,80,10
10,s016,53,83,11
10,s016,53,82,6
10,s016,53,93,18
10,s016,53,92,11
10,s016,53,95,12
10,s016,53,94,4
10,s016,53,89,7
10,s016,53,88,2
10,s016,53,91,1
10,s016,53,90,6
10,s016,53,69,15
10,s016,53,68,7
10,s016,53,71,9
10,s016,53,70,6
10,s016,53,65,5
10,s016,53,64,3
10,s016,53,67,4
10,s016,53,66,1
10,s016,53,77,10
10,s016,53,76,6
10,s016,53,79,2
10,s016,53,78,5
10,s016,53,73,3
10,s016,53,72,1
10,s016,53,75,1
10,s016,53,74,1
10,s017,86,86,232
10,s017,86,87,95
10,s017,86,84,90
10,s017,86,85,47
10,s017,86,82,102
10,s017,86,83,34
10,s017,86,80,20
10,s017,86,81,21
10,s017,86,94,103
10,s017,86,95,43
10,s017,86,92,31
10,s017,86,93,12
10,s017,86,90,33
10,s017,86,91,19
10,s017,86,88,15
10,s017,86,89,6
10,s017,86,70,91
10,s017,86,71,50
10,s017,86,68,46
10,s017,86,69,13
10,s017,86,66,31
10,s017,86,67,23
10,s017,86,64,17
10,s017,86,65,9
10,s017,86,78,23
10,s017,86,79,15
10,s017,86,76,19
10,s017,86,77,6
10,s017,86,74,14
10,s017,86,75,6
10,s017,86,72,5
10,s017,86,73,3
10,s017,86,118,87
10,s017,86,119,34
10,s017,86,116,47
10,s017,86,117,21
10,s017,86,114,38
10,s017,86,115,18
10,s017,86,112,20
10,s017,86,113,7
10,s017,86,126,41
10,s017,86,127,19
10,s017,86,124,21
10,s017,86,125,11
10,s017,86,122,17
10,s017,86,123,5
10,s017,86,120,6
10,s017,86,121,2
10,s017,86,102,49
10,s017,86,103,19
10,s017,86,100,15
10,s017,86,101,7
10,s017,86,98,13
10,s017,86,99,8
10,s017,86,96,8
10,s017,86,97,2
10,s017,86,110,21
10,s017,86,111,6
10,s017,86,108,4
10,s017,86,109,1
10,s017,86,106,8
10,s017,86,107,6
10,s017,86,104,5
10,s017,86,105,2
10,s017,86,22,106
10,s017,86,23,75
10,s017,86,20,37
10,s017,86,21,20
10,s017,86,18,47
10,s017,86,19,28
10,s017,86,16,16
10,s017,86,17,19
10,s017,86,30,40
10,s017,86,31,22
10,s017,86,28,16
10,s017,86,29,10
10,s017,86,26,17
10,s017,86,27,10
10,s017,86,24,7
10,s017,86,25,5
10,s017,86,6,54
10,s017,86,7,15
10,s017,86,4,19
10,s017,86,5,4
10,s017,86,2,13
10,s017,86,3,9
10,s017,86,0,12
10,s017,86,1,4
10,s017,86,14,18
10,s017,86,15,8
10,s017,86,12,6
10,s017,86,13,1
10,s017,86,10,12
10,s017,86,11,5
10,s017,86,9,4
10,s017,86,54,50
10,s017,86,55,21
10,s017,86,52,15
10,s017,86,53,14
10,s017,86,50,18
10,s017,86,51,10
10,s017,86,48,14
10,s017,86,49,1
10,s017,86,62,18
10,s017,86,63,9
10,s017,86,60,6
10,s017,86,61,2
10,s017,86,58,10
10,s017,86,59,3
10,s017,86,56,5
10,s017,86,57,1
10,s017,86,38,20
10,s017,86,39,14
10,s017,86,36,16
10,s017,86,37,3
10,s017,86,34,8
10,s017,86,35,5
10,s017,86,32,2
10,s017,86,33,3
10,s017,86,46,13
10,s017,86,47,4
10,s017,86,44,4
10,s017,86,45,2
10,s017,86,42,2
10,s017,86,43,2
10,s017,86,40,1
10,s018,37,37,214
10,s018,37,36,102
10,s018,37,39,91
10,s018,37,38,42
10,s018,37,33,105
10,s018,37,32,37
10,s018,37,35,45
10,s018,37,34,14
10,s018,37,45,93
10,s018,37,44,33
10,s018,37,47,30
10,s018,37,46,9
10,s018,37,41,37
10,s018,37,40,11
10,s018,37,43,15
10,s018,37,42,4
10,s018,37,53,87
10,s018,37,52,33
10,s018,37,55,26
10,s018,37,54,12
10,s018,37,49,35
10,s018,37,48,16
10,s018,37,51,11
10,s018,37,50,8
10,s018,37,61,37
10,s018,37,60,13
10,s018,37,63,17
10,s018,37,62,4
10,s018,37,57,13
10,s018,37,56,5
10,s018,37,59,2
10,s018,37,58,4
10,s018,37,5,101
10,s018,37,4,51
10,s018,37,7,36
10,s018,37,6,15
10,s018,37,1,35
10,s018,37,0,22
10,s018,37,3,13
10,s018,37,2,8
10,s018,37,13,35
10,s018,37,12,13
10,s018,37,15,21
10,s018,37,14,9
10,s018,37,9,14
10,s018,37,8,15
10,s018,37,11,8
10,s018,37,10,1
10,s018,37,21,41
10,s018,37,20,15
10,s018,37,23,22
10,s018,37,22,4
10,s018,37,17,19
10,s018,37,16,3
10,s018,37,19,15
10,s018,37,18,2
10,s018,37,29,11
10,s018,37,28,4
10,s018,37,31,3
10,s018,37,30,2
10,s018,37,25,5
10,s018,37,24,1
10,s018,37,27,5
10,s018,37,26,4
10,s018,37,101,112
10,s018,37,100,47
10,s018,37,103,35
10,s018,37,102,14
10,s018,37,97,51
10,s018,37,96,34
10,s018,37,99,10
10,s018,37,98,9
10,s018,37,109,42
10,s018,37,108,29
10,s018,37,111,17
10,s018,37,110,5
10,s018,37,105,23
10,s018,37,104,14
10,s018,37,107,7
10,s018,37,106,10
10,s018,37,117,42
10,s018,37,116,24
10,s018,37,119,22
10,s018,37,118,8
10,s018,37,113,8
10,s018,37,112,15
10,s018,37,115,4
10,s018,37,114,5
10,s018,37,125,14
10,s018,37,124,9
10,s018,37,126,5
10,s018,37,121,8
10,s018,37,120,4
10,s018,37,123,2
10,s018,37,122,3
10,s018,37,69,46
10,s018,37,68,17
10,s018,37,71,21
10,s018,37,70,13
10,s018,37,65,19
10,s018,37,64,9
10,s018,37,67,17
10,s018,37,66,7
10,s018,37,77,21
10,s018,37,76,11
10,s018,37,79,10
10,s018,37,78,6
10,s018,37,73,14
10,s018,37,72,3
10,s018,37,75,7
10,s018,37,74,5
10,s018,37,85,15
10,s018,37,84,7
10,s018,37,87,7
10,s018,37,86,8
10,s018,37,81,9
10,s018,37,80,3
10,s018,37,83,2
10,s018,37,82,2
10,s018,37,93,4
10,s018,37,92,4
10,s018,37,95,4
10,s018,37,94,2
10,s018,37,89,4
10,s018,37,88,1
10,s018,37,91,2
10,s019,56,56,259
10,s019,56,57,91
10,s019,56,58,77
10,s019,56,59,31
10,s019,56,60,93
10,s019,56,61,38
10,s019,56,62,30
10,s019,56,63,13
10,s019,56,48,93
10,s019,56,49,41
10,s019,56,50,38
10,s019,56,51,15
10,s019,56,52,42
10,s019,56,53,19
10,s019,56,54,13
10,s019,56,55,8
10,s019,56,40,94
10,s019,56,41,48
10,s019,56,42,38
10,s019,56,43,18
10,s019,56,44,34
10,s019,56,45,15
10,s019,56,46,25
10,s019,56,47,8
10,s019,56,32,38
10,s019,56,33,18
10,s019,56,34,19
10,s019,56,35,6
10,s019,56,36,23
10,s019,56,37,11
10,s019,56,38,1
10,s019,56,39,4
10,s019,56,24,114
10,s019,56,25,43
10,s019,56,26,41
10,s019,56,27,15
10,s019,56,28,42
10,s019,56,29,28
10,s019,56,30,15
10,s019,56,31,7
10,s019,56,16,32
10,s019,56,17,23
10,s019,56,18,15
10,s019,56,19,8
10,s019,56,20,16
10,s019,56,21,9
10,s019,56,22,6
10,s019,56,23,1
10,s019,56,8,34
10,s019,56,9,17
10,s019,56,10,19
10,s019,56,11,8
10,s019,56,12,20
10,s019,56,13,8
10,s019,56,14,11
10,s019,56,15,2
10,s019,56,0,22
10,s019,56,1,10
10,s019,56,2,7
10,s019,56,3,5
10,s019,56,4,5
10,s019,56,5,3
10,s019,56,6,2
10,s019,56,120,98
10,s019,56,121,47
10,s019,56,122,40
10,s019,56,123,19
10,s019,56,124,46
10,s019,56,125,25
10,s019,56,126,18
10,s019,56,127,16
10,s019,56,112,43
10,s019,56,113,28
10,s019,56,114,23
10,s019,56,115,10
10,s019,56,116,24
10,s019,56,117,6
10,s019,56,118,7
10,s019,56,119,4
10,s019,56,104,43
10,s019,56,105,16
10,s019,56,106,24
10,s019,56,107,10
10,s019,56,108,18
10,s019,56,109,10
10,s019,56,110,5
10,s019,56,111,7
10,s019,56,96,18
10,s019,56,97,11
10,s019,56,98,9
10,s019,56,99,2
10,s019,56,100,6
10,s019,56,101,7
10,s019,56,102,3
10,s019,56,103,2
10,s019,56,88,41
10,s019,56,89,28
10,s019,56,90,16
10,s019,56,91,9
10,s019,56,92,23
10,s019,56,93,5
10,s019,56,94,15
10,s019,56,95,3
10,s019,56,80,21
10,s019,56,81,12
10,s019,56,82,6
10,s019,56,83,7
10,s019,56,84,8
10,s019,56,85,8
10,s019,56,86,3
10,s019,56,87,3
10,s019,56,72,16
10,s019,56,73,17
10,s019,56,74,8
10,s019,56,75,2
10,s019,56,76,11
10,s019,56,77,10
10,s019,56,78,4
10,s019,56,79,2
10,s019,56,64,8
10,s019,56,65,8
10,s019,56,66,4
10,s019,56,67,2
10,s019,56,68,2
10,s019,56,69,1
10,s019,56,70,1
10,s020,101,101,192
10,s020,101,100,101
10,s020,101,103,90
10,s020,101,102,37
10,s020,101,97,96
10,s020,101,96,39
10,s020,101,99,31
10,s020,101,98,17
10,s020,101,109,92
10,s020,101,108,33
10,s020,101,111,43
10,s020,101,110,11
10,s020,101,105,24
10,s020,101,104,12
10,s020,101,107,8
10,s020,101,106,5
10,s020,101,117,84
10,s020,101,116,44
10,s020,101,119,27
10,s020,101,118,16
10,s020,101,113,39
10,s020,101,112,13
10,s020,101,115,17
10,s020,101,114,1
10,s020,101,125,39
10,s020,101,124,14
10,s020,101,127,13
10,s020,101,126,7
10,s020,101,121,14
10,s020,101,120,7
10,s020,101,123,13
10,s020,101,122,1
10,s020,101,69,89
10,s020,101,68,52
10,s020,101,71,35
10,s020,101,70,15
10,s020,101,65,34
10,s020,101,64,19
10,s020,101,67,17
10,s020,101,66,2
10,s020,101,77,49
10,s020,101,76,17
10,s020,101,79,20
10,s020,101,78,9
10,s020,101,73,14
10,s020,101,72,3
10,s020,101,75,10
10,s020,101,74,2
10,s020,101,85,47
10,s020,101,84,24
10,s020,101,87,16
10,s020,101,86,7
10,s020,101,81,18
10,s020,101,80,5
10,s020,101,83,8
10,s020,101,93,16
10,s020,101,92,6
10,s020,101,95,8
10,s020,101,94,4
10,s020,101,89,4
10,s020,101,88,6
10,s020,101,91,5
10,s020,101,90,2
10,s020,101,37,83
10,s020,101,36,52
10,s020,101,39,41
10,s020,101,38,15
10,s020,101,33,44
10,s020,101,32,24
10,s020,101,35,15
10,s020,101,34,11
10,s020,101,45,42
10,s020,101,44,19
10,s020,101,47,13
10,s020,101,46,8
10,s020,101,41,27
10,s020,101,40,8
10,s020,101,43,10
10,s020,101,42,4
10,s020,101,53,37
10,s020,101,52,26
10,s020,101,55,19
10,s020,101,54,8
10,s020,101,49,23
10,s020,101,48,17
10,s020,101,51,6
10,s020,101,50,3
10,s020,101,61,17
10,s020,101,60,14
10,s020,101,63,6
10,s020,101,62,1
10,s020,101,57,6
10,s020,101,56,2
10,s020,101,59,4
10,s020,101,58,2
10,s020,101,5,47
10,s020,101,4,30
10,s020,101,7,14
10,s020,101,6,6
10,s020,101,1,23
10,s020,101,0,12
10,s020,101,3,10
10,s020,101,2,3
10,s020,101,13,20
10,s020,101,12,10
10,s020,101,15,8
10,s020,101,14,4
10,s020,101,9,8
10,s020,101,8,3
10,s020,101,11,4
10,s020,101,10,4
10,s020,101,21,17
10,s020,101,20,11
10,s020,101,23,5
10,s020,101,22,7
10,s020,101,17,5
10,s020,101,16,6
10,s020,101,19,3
10,s020,101,18,1
10,s020,101,29,7
10,s020,101,28,6
10,s020,101,31,3
10,s020,101,25,7
10,s020,101,26,1
10,s021,22,22,219
10,s021,22,23,103
10,s021,22,20,87
10,s021,22,21,33
10,s021,22,18,82
10,s021,22,19,34
10,s021,22,16,36
10,s021,22,17,9
10,s021,22,30,96
10,s021,22,31,45
10,s021,22,28,41
10,s021,22,29,6
10,s021,22,26,40
10,s021,22,27,11
10,s021,22,24,15
10,s021,22,25,4
10,s021,22,6,97
10,s021,22,7,22
10,s021,22,4,45
10,s021,22,5,12
10,s021,22,2,31
10,s021,22,3,17
10,s021,22,0,15
10,s021,22,1,6
10,s021,22,14,44
10,s021,22,15,20
10,s021,22,12,13
10,s021,22,13,6
10,s021,22,10,15
10,s021,22,11,4
10,s021,22,8,7
10,s021,22,9,1
10,s021,22,54,92
10,s021,22,55,44
10,s021,22,52,47
10,s021,22,53,16
10,s021,22,50,46
10,s021,22,51,30
10,s021,22,48,13
10,s021,22,49,4
10,s021,22,62,50
10,s021,22,63,23
10,s021,22,60,16
10,s021,22,61,9
10,s021,22,58,13
10,s021,22,59,8
10,s021,22,56,14
10,s021,22,57,6
10,s021,22,38,39
10,s021,22,39,19
10,s021,22,36,19
10,s021,22,37,13
10,s021,22,34,21
10,s021,22,35,6
10,s021,22,32,10
10,s021,22,33,3
10,s021,22,46,13
10,s021,22,47,8
10,s021,22,44,11
10,s021,22,45,3
10,s021,22,42,4
10,s021,22,43,5
10,s021,22,40,5
10,s021,22,41,2
10,s021,22,86,113
10,s021,22,87,49
10,s021,22,84,38
10,s021,22,85,21
10,s021,22,82,40
10,s021,22,83,25
10,s021,22,80,16
10,s021,22,81,10
10,s021,22,94,39
10,s021,22,95,28
10,s021,22,92,16
10,s021,22,93,6
10,s021,22,90,18
10,s021,22,91,7
10,s021,22,88,7
10,s021,22,89,1
10,s021,22,70,35
10,s021,22,71,26
10,s021,22,68,20
10,s021,22,69,13
10,s021,22,66,17
10,s021,22,67,8
10,s021,22,64,5
10,s021,22,65,4
10,s021,22,78,11
10,s021,22,79,11
10,s021,22,76,7
10,s021,22,77,3
10,s021,22,74,6
10,s021,22,75,5
10,s021,22,72,2
10,s021,22,73,1
10,s021,22,118,47
10,s021,22,119,22
10,s021,22,116,14
10,s021,22,117,14
10,s021,22,114,22
10,s021,22,115,8
10,s021,22,112,8
10,s021,22,113,4
10,s021,22,126,18
10,s021,22,127,4
10,s021,22,124,12
10,s021,22,125,6
10,s021,22,122,7
10,s021,22,123,3
10,s021,22,120,3
10,s021,22,121,6
10,s021,22,102,21
10,s021,22,103,8
10,s021,22,100,9
10,s021,22,101,2
10,s021,22,98,8
10,s021,22,99,4
10,s021,22,96,3
10,s021,22,97,2
10,s021,22,110,8
10,s021,22,111,4
10,s021,22,108,6
10,s021,22,106,3
10,s021,22,107,3
10,s022,123,123,229
10,s022,123,122,91
10,s022,123,121,68
10,s022,123,120,40
10,s022,123,127,86
10,s022,123,126,38
10,s022,123,125,41
10,s022,123,124,13
10,s022,123,115,91
10,s022,123,114,29
10,s022,123,113,32
10,s022,123,112,9
10,s022,123,119,36
10,s022,123,118,25
10,s022,123,117,12
10,s022,123,116,5
10,s022,123,107,83
10,s022,123,106,38
10,s022,123,105,33
10,s022,123,104,15
10,s022,123,111,43
10,s022,123,110,17
10,s022,123,109,15
10,s022,123,108,2
10,s022,123,99,29
10,s022,123,98,15
10,s022,123,97,12
10,s022,123,96,8
10,s022,123,103,19
10,s022,123,102,1
10,s022,123,101,5
10,s022,123,100,5
10,s022,123,91,87
10,s022,123,90,38
10,s022,123,89,38
10,s022,123,88,15
10,s022,123,95,39
10,s022,123,94,22
10,s022,123,93,23
10,s022,123,92,8
10,s022,123,83,35
10,s022,123,82,21
10,s022,123,81,22
10,s022,123,80,5
10,s022,123,87,17
10,s022,123,86,8
10,s022,123,85,4
10,s022,123,84,1
10,s022,123,75,50
10,s022,123,74,20
10,s022,123,73,12
10,s022,123,72,5
10,s022,123,79,10
10,s022,123,78,13
10,s022,123,77,7
10,s022,123,76,8
10,s022,123,67,18
10,s022,123,66,5
10,s022,123,65,7
10,s022,123,64,4
10,s022,123,71,10
10,s022,123,70,5
10,s022,123,69,1
10,s022,123,68,1
10,s022,123,59,106
10,s022,123,58,58
10,s022,123,57,36
10,s022,123,56,18
10,s022,123,63,41
10,s022,123,62,24
10,s022,123,61,23
10,s022,123,60,11
10,s022,123,51,41
10,s022,123,50,25
10,s022,123,49,13
10,s022,123,48,8
10,s022,123,55,24
10,s022,123,54,7
10,s022,123,53,6
10,s022,123,52,9
10,s022,123,43,46
10,s022,123,42,28
10,s022,123,41,16
10,s022,123,40,11
10,s022,123,47,16
10,s022,123,46,12
10,s022,123,45,6
10,s022,123,44,3
10,s022,123,35,13
10,s022,123,34,11
10,s022,123,33,6
10,s022,123,32,5
10,s022,123,39,6
10,s022,123,38,4
10,s022,123,37,2
10,s022,123,36,1
10,s022,123,27,42
10,s022,123,26,29
10,s022,123,25,20
10,s022,123,24,12
10,s022,123,31,28
10,s022,123,30,5
10,s022,123,29,8
10,s022,123,28,7
10,s022,123,19,24
10,s022,123,18,11
10,s022,123,17,11
10,s022,123,16,5
10,s022,123,23,7
10,s022,123,22,4
10,s022,123,21,4
10,s022,123,20,1
10,s022,123,11,19
10,s022,123,10,13
10,s022,123,9,14
10,s022,123,8,2
10,s022,123,15,9
10,s022,123,14,2
10,s022,123,13,3
10,s022,123,12,4
10,s022,123,3,6
10,s022,123,2,4
10,s022,123,1,4
10,s022,123,0,4
10,s022,123,7,6
10,s022,123,5,2
10,s023,47,47,252
10,s023,47,46,90
10,s023,47,45,87
10,s023,47,44,32
10,s023,47,43,81
10,s023,47,42,43
10,s023,47,41,43
10,s023,47,40,21
10,s023,47,39,99
10,s023,47,38,32
10,s023,47,37,29
10,s023,47,36,13
10,s023,47,35,35
10,s023,47,34,22
10,s023,47,33,11
10,s023,47,32,9
10,s023,47,63,98
10,s023,47,62,43
10,s023,47,61,37
10,s023,47,60,13
10,s023,47,59,42
10,s023,47,58,13
10,s023,47,57,18
10,s023,47,56,10
10,s023,47,55,28
10,s023,47,54,10
10,s023,47,53,19
10,s023,47,52,10
10,s023,47,51,17
10,s023,47,50,8
10,s023,47,49,6
10,s023,47,48,3
10,s023,47,15,102
10,s023,47,14,52
10,s023,47,13,59
10,s023,47,12,24
10,s023,47,11,46
10,s023,47,10,24
10,s023,47,9,21
10,s023,47,8,7
10,s023,47,7,37
10,s023,47,6,23
10,s023,47,5,14
10,s023,47,4,12
10,s023,47,3,11
10,s023,47,2,9
10,s023,47,1,4
10,s023,47,0,5
10,s023,47,31,45
10,s023,47,30,17
10,s023,47,29,18
10,s023,47,28,6
10,s023,47,27,14
10,s023,47,26,5
10,s023,47,25,6
10,s023,47,24,2
10,s023,47,23,14
10,s023,47,22,2
10,s023,47,21,9
10,s023,47,20,2
10,s023,47,19,8
10,s023,47,18,3
10,s023,47,17,2
10,s023,47,16,2
10,s023,47,111,121
10,s023,47,110,50
10,s023,47,109,26
10,s023,47,108,19
10,s023,47,107,53
10,s023,47,106,25
10,s023,47,105,16
10,s023,47,104,14
10,s023,47,103,37
10,s023,47,102,26
10,s023,47,101,22
10,s023,47,100,7
10,s023,47,99,14
10,s023,47,98,14
10,s023,47,97,5
10,s023,47,96,4
10,s023,47,127,38
10,s023,47,126,21
10,s023,47,125,24
10,s023,47,124,12
10,s023,47,123,26
10,s023,47,122,10
10,s023,47,121,9
10,s023,47,120,1
10,s023,47,119,22
10,s023,47,118,8
10,s023,47,117,4
10,s023,47,116,2
10,s023,47,115,3
10,s023,47,114,4
10,s023,47,113,2
10,s023,47,112,2
10,s023,47,79,30
10,s023,47,78,26
10,s023,47,77,16
10,s023,47,76,14
10,s023,47,75,26
10,s023,47,74,6
10,s023,47,73,5
10,s023,47,72,4
10,s023,47,71,15
10,s023,47,70,9
10,s023,47,69,10
10,s023,47,68,6
10,s023,47,67,10
10,s023,47,66,5
10,s023,47,65,8
10,s023,47,64,2
10,s023,47,95,20
10,s023,47,94,9
10,s023,47,93,9
10,s023,47,92,6
10,s023,47,91,7
10,s023,47,90,3
10,s023,47,89,4
10,s023,47,88,3
10,s023,47,87,10
10,s023,47,86,7
10,s023,47,85,4
10,s023,47,84,1
10,s023,47,83,6
10,s023,47,82,3
10,s023,47,80,3
10,s024,76,76,213
10,s024,76,77,93
10,s024,76,78,73
10,s024,76,79,27
10,s024,76,72,101
10,s024,76,73,54
10,s024,76,74,44
10,s024,76,75,12
10,s024,76,68,85
10,s024,76,69,44
10,s024,76,70,35
10,s024,76,71,8
10,s024,76,64,34
10,s024,76,65,10
10,s024,76,66,19
10,s024,76,67,6
10,s024,76,92,88
10,s024,76,93,35
10,s024,76,94,31
10,s024,76,95,12
10,s024,76,88,44
10,s024,76,89,6
10,s024,76,90,17
10,s024,76,91,9
10,s024,76,84,33
10,s024,76,85,19
10,s024,76,86,10
10,s024,76,87,5
10,s024,76,80,17
10,s024,76,81,6
10,s024,76,82,10
10,s024,76,83,1
10,s024,76,108,109
10,s024,76,109,52
10,s024,76,110,44
10,s024,76,111,21
10,s024,76,104,49
10,s024,76,105,23
10,s024,76,106,19
10,s024,76,107,12
10,s024,76,100,43
10,s024,76,101,16
10,s024,76,102,17
10,s024,76,103,7
10,s024,76,96,12
10,s024,76,97,9
10,s024,76,98,4
10,s024,76,99,6
10,s024,76,124,31
10,s024,76,125,8
10,s024,76,126,17
10,s024,76,127,4
10,s024,76,120,11
10,s024,76,121,7
10,s024,76,122,6
10,s024,76,123,3
10,s024,76,116,26
10,s024,76,117,8
10,s024,76,118,8
10,s024,76,119,3
10,s024,76,112,8
10,s024,76,113,3
10,s024,76,114,1
10,s024,76,12,104
10,s024,76,13,60
10,s024,76,14,37
10,s024,76,15,20
10,s024,76,8,40
10,s024,76,9,26
10,s024,76,10,13
10,s024,76,11,11
10,s024,76,4,41
10,s024,76,5,16
10,s024,76,6,18
10,s024,76,7,7
10,s024,76,0,25
10,s024,76,1,10
10,s024,76,2,6
10,s024,76,3,8
10,s024,76,28,41
10,s024,76,29,33
10,s024,76,30,11
10,s024,76,31,9
10,s024,76,24,12
10,s024,76,25,6
10,s024,76,26,2
10,s024,76,27,6
10,s024,76,20,16
10,s024,76,21,7
10,s024,76,22,2
10,s024,76,23,2
10,s024,76,16,5
10,s024,76,17,2
10,s024,76,18,2
10,s024,76,19,2
10,s024,76,44,61
10,s024,76,45,18
10,s024,76,46,18
10,s024,76,47,9
10,s024,76,40,27
10,s024,76,41,14
10,s024,76,42,11
10,s024,76,43,6
10,s024,76,36,17
10,s024,76,37,12
10,s024,76,38,5
10,s024,76,39,7
10,s024,76,32,9
10,s024,76,33,5
10,s024,76,60,19
10,s024,76,61,8
10,s024,76,62,11
10,s024,76,63,8
10,s024,76,56,6
10,s024,76,57,2
10,s024,76,58,5
10,s024,76,59,1
10,s024,76,52,5
10,s024,76,53,5
10,s024,76,54,2
10,s024,76,48,4
10,s024,76,49,2
10,s024,76,50,2
10,s024,76,51,2
10,s025,51,51,225
10,s025,51,50,99
10,s025,51,49,83
10,s025,51,48,40
10,s025,51,55,87
10,s025,51,54,42
10,s025,51,53,36
10,s025,51,52,13
10,s025,51,59,84
10,s025,51,58,21
10,s025,51,57,29
10,s025,51,56,10
10,s025,51,63,36
10,s025,51,62,14
10,s025,51,61,10
10,s025,51,60,8
10,s025,51,35,88
10,s025,51,34,39
10,s025,51,33,34
10,s025,51,32,13
10,s025,51,39,31
10,s025,51,38,17
10,s025,51,37,18
10,s025,51,36,6
10,s025,51,43,33
10,s025,51,42,20
10,s025,51,41,9
10,s025,51,40,5
10,s025,51,47,14
10,s025,51,46,5
10,s025,51,45,5
10,s025,51,44,2
10,s025,51,19,88
10,s025,51,18,36
10,s025,51,17,49
10,s025,51,16,16
10,s025,51,23,42
10,s025,51,22,19
10,s025,51,21,20
10,s025,51,20,8
10,s025,51,27,46
10,s025,51,26,22
10,s025,51,25,15
10,s025,51,24,8
10,s025,51,31,17
10,s025,51,30,7
10,s025,51,29,5
10,s025,51,28,1
10,s025,51,3,38
10,s025,51,2,18
10,s025,51,1,18
10,s025,51,0,5
10,s025,51,7,17
10,s025,51,6,8
10,s025,51,5,8
10,s025,51,4,2
10,s025,51,11,15
10,s025,51,10,12
10,s025,51,9,3
10,s025,51,8,6
10,s025,51,15,5
10,s025,51,14,2
10,s025,51,13,6
10,s025,51,12,1
10,s025,51,115,116
10,s025,51,114,49
10,s025,51,113,24
10,s025,51,112,24
10,s025,51,119,59
10,s025,51,118,26
10,s025,51,117,16
10,s025,51,116,14
10,s025,51,123,44
10,s025,51,122,27
10,s025,51,121,20
10,s025,51,120,7
10,s025,51,127,19
10,s025,51,126,12
10,s025,51,125,2
10,s025,51,124,4
10,s025,51,99,47
10,s025,51,98,24
10,s025,51,97,9
10,s025,51,96,9
10,s025,51,103,24
10,s025,51,102,11
10,s025,51,101,6
10,s025,51,100,5
10,s025,51,107,14
10,s025,51,106,7
10,s025,51,105,3
10,s025,51,111,5
10,s025,51,110,6
10,s025,51,83,47
10,s025,51,82,20
10,s025,51,81,15
10,s025,51,80,9
10,s025,51,87,28
10,s025,51,86,14
10,s025,51,85,6
10,s025,51,84,10
10,s025,51,91,17
10,s025,51,90,9
10,s025,51,89,6
10,s025,51,88,10
10,s025,51,95,7
10,s025,51,94,7
10,s025,51,93,8
10,s025,51,92,2
10,s025,51,67,15
10,s025,51,66,11
10,s025,51,65,8
10,s025,51,64,2
10,s025,51,71,7
10,s025,51,70,2
10,s025,51,69,3
10,s025,51,68,7
10,s025,51,75,9
10,s025,51,74,6
10,s025,51,73,1
10,s025,51,72,4
10,s025,51,79,4
10,s025,51,77,2
10,s026,35,35,218
10,s026,35,34,100
10,s026,35,33,98
10,s026,35,32,32
10,s026,35,39,105
10,s026,35,38,44
10,s026,35,37,35
10,s026,35,36,22
10,s026,35,43,74
10,s026,35,42,40
10,s026,35,41,43
10,s026,35,40,11
10,s026,35,47,31
10,s026,35,46,12
10,s026,35,45,14
10,s026,35,44,5
10,s026,35,51,79
10,s026,35,50,40
10,s026,35,49,35
10,s026,35,48,19
10,s026,35,55,37
10,s026,35,54,16
10,s026,35,53,17
10,s026,35,52,10
10,s026,35,59,33
10,s026,35,58,19
10,s026,35,57,15
10,s026,35,56,5
10,s026,35,63,23
10,s026,35,62,6
10,s026,35,61,4
10,s026,35,60,1
10,s026,35,3,97
10,s026,35,2,49
10,s026,35,1,44
10,s026,35,0,15
10,s026,35,7,41
10,s026,35,6,13
10,s026,35,5,22
10,s026,35,4,9
10,s026,35,11,48
10,s026,35,10,19
10,s026,35,9,24
10,s026,35,8,7
10,s026,35,15,17
10,s026,35,14,7
10,s026,35,13,6
10,s026,35,12,6
10,s026,35,19,43
10,s026,35,18,14
10,s026,35,17,23
10,s026,35,16,9
10,s026,35,23,26
10,s026,35,22,10
10,s026,35,21,7
10,s026,35,20,5
10,s026,35,27,12
10,s026,35,26,8
10,s026,35,25,14
10,s026,35,24,2
10,s026,35,31,9
10,s026,35,28,3
10,s026,35,99,98
10,s026,35,98,57
10,s026,35,97,38
10,s026,35,96,14
10,s026,35,103,42
10,s026,35,102,24
10,s026,35,101,16
10,s026,35,100,15
10,s026,35,107,33
10,s026,35,106,22
10,s026,35,105,15
10,s026,35,104,9
10,s026,35,111,18
10,s026,35,110,9
10,s026,35,109,5
10,s026,35,108,3
10,s026,35,115,51
10,s026,35,114,22
10,s026,35,113,16
10,s026,35,112,7
10,s026,35,119,18
10,s026,35,118,15
10,s026,35,117,7
10,s026,35,116,2
10,s026,35,123,16
10,s026,35,122,13
10,s026,35,121,5
10,s026,35,120,7
10,s026,35,127,7
10,s026,35,126,5
10,s026,35,125,4
10,s026,35,124,4
10,s026,35,67,60
10,s026,35,66,20
10,s026,35,65,27
10,s026,35,64,11
10,s026,35,71,22
10,s026,35,70,20
10,s026,35,69,8
10,s026,35,68,4
10,s026,35,75,23
10,s026,35,74,5
10,s026,35,73,18
10,s026,35,72,4
10,s026,35,79,10
10,s026,35,78,8
10,s026,35,77,3
10,s026,35,76,3
10,s026,35,83,28
10,s026,35,82,15
10,s026,35,81,14
10,s026,35,80,11
10,s026,35,87,4
10,s026,35,86,6
10,s026,35,85,8
10,s026,35,91,7
10,s026,35,90,4
10,s026,35,89,4
10,s026,35,88,3
10,s026,35,95,6
10,s026,35,94,3
10,s026,35,93,1
10,s026,35,92,1
10,s027,16,16,234
10,s027,16,17,92
10,s027,16,18,80
10,s027,16,19,34
10,s027,16,20,88
10,s027,16,21,48
10,s027,16,22,36
10,s027,16,23,14
10,s027,16,24,102
10,s027,16,25,43
10,s027,16,26,30
10,s027,16,27,9
10,s027,16,28,57
10,s027,16,29,22
10,s027,16,30,17
10,s027,16,31,7
10,s027,16,0,82
10,s027,16,1,40
10,s027,16,2,33
10,s027,16,3,21
10,s027,16,4,39
10,s027,16,5,17
10,s027,16,6,13
10,s027,16,7,3
10,s027,16,8,38
10,s027,16,9,13
10,s027,16,10,11
10,s027,16,11,7
10,s027,16,12,14
10,s027,16,13,4
10,s027,16,14,6
10,s027,16,15,3
10,s027,16,48,99
10,s027,16,49,45
10,s027,16,50,58
10,s027,16,51,14
10,s027,16,52,38
10,s027,16,53,22
10,s027,16,54,28
10,s027,16,55,8
10,s027,16,56,45
10,s027,16,57,15
10,s027,16,58,15
10,s027,16,59,11
10,s027,16,60,13
10,s027,16,61,12
10,s027,16,62,6
10,s027,16,63,4
10,s027,16,32,42
10,s027,16,33,20
10,s027,16,34,16
10,s027,16,35,9
10,s027,16,36,26
10,s027,16,37,3
10,s027,16,38,9
10,s027,16,39,2
10,s027,16,40,18
10,s027,16,41,9
10,s027,16,42,6
10,s027,16,43,4
10,s027,16,44,9
10,s027,16,45,1
10,s027,16,46,2
10,s027,16,47,3
10,s027,16,80,86
10,s027,16,81,61
10,s027,16,82,36
10,s027,16,83,19
10,s027,16,84,46
10,s027,16,85,28
10,s027,16,86,21
10,s027,16,87,8
10,s027,16,88,50
10,s027,16,89,16
10,s027,16,90,12
10,s027,16,91,6
10,s027,16,92,17
10,s027,16,93,15
10,s027,16,94,6
10,s027,16,95,6
10,s027,16,64,37
10,s027,16,65,22
10,s027,16,66,10
10,s027,16,67,14
10,s027,16,68,17
10,s027,16,69,9
10,s027,16,70,6
10,s027,16,71,4
10,s027,16,72,17
10,s027,16,73,7
10,s027,16,74,4
10,s027,16,75,2
10,s027,16,76,9
10,s027,16,77,6
10,s027,16,78,2
10,s027,16,79,3
10,s027,16,112,44
10,s027,16,113,27
10,s027,16,114,18
10,s027,16,115,10
10,s027,16,116,25
10,s027,16,117,13
10,s027,16,118,21
10,s027,16,119,3
10,s027,16,120,17
10,s027,16,121,10
10,s027,16,122,15
10,s027,16,123,3
10,s027,16,124,8
10,s027,16,125,5
10,s027,16,126,5
10,s027,16,127,1
10,s027,16,96,15
10,s027,16,97,14
10,s027,16,98,8
10,s027,16,99,3
10,s027,16,100,10
10,s027,16,101,3
10,s027,16,102,5
10,s027,16,103,1
10,s027,16,104,8
10,s027,16,105,3
10,s027,16,106,3
10,s027,16,107,1
10,s027,16,108,5
10,s027,16,109,4
10,s027,16,110,3
10,s027,16,111,1
10,s028,79,79,211
10,s028,79,78,77
10,s028,79,77,77
10,s028,79,76,43
10,s028,79,75,91
10,s028,79,74,32
10,s028,79,73,40
10,s028,79,72,20
10,s028,79,71,80
10,s028,79,70,35
10,s028,79,69,28
10,s028,79,68,17
10,s028,79,67,34
10,s028,79,66,10
10,s028,79,65,13
10,s028,79,64,6
10,s028,79,95,102
10,s028,79,94,31
10,s028,79,93,32
10,s028,79,92,8
10,s028,79,91,34
10,s028,79,90,21
10,s028,79,89,6
10,s028,79,88,3
10,s028,79,87,45
10,s028,79,86,16
10,s028,79,85,11
10,s028,79,84,3
10,s028,79,83,17
10,s028,79,82,3
10,s028,79,81,5
10,s028,79,80,3
10,s028,79,111,110
10,s028,79,110,36
10,s028,79,109,47
10,s028,79,108,12
10,s028,79,107,39
10,s028,79,106,14
10,s028,79,105,9
10,s028,79,104,7
10,s028,79,103,36
10,s028,79,102,15
10,s028,79,101,14
10,s028,79,100,16
10,s028,79,99,14
10,s028,79,98,3
10,s028,79,97,6
10,s028,79,96,5
10,s028,79,127,29
10,s028,79,126,10
10,s028,79,125,21
10,s028,79,124,9
10,s028,79,123,18
10,s028,79,122,10
10,s028,79,121,6
10,s028,79,120,3
10,s028,79,119,17
10,s028,79,118,6
10,s028,79,117,8
10,s028,79,116,1
10,s028,79,115,8
10,s028,79,114,3
10,s028,79,113,3
10,s028,79,112,3
10,s028,79,15,97
10,s028,79,14,39
10,s028,79,13,37
10,s028,79,12,29
10,s028,79,11,48
10,s028,79,10,23
10,s028,79,9,16
10,s028,79,8,9
10,s028,79,7,38
10,s028,79,6,21
10,s028,79,5,19
10,s028,79,4,8
10,s028,79,3,22
10,s028,79,2,8
10,s028,79,1,7
10,s028,79,0,3
10,s028,79,31,49
10,s028,79,30,28
10,s028,79,29,18
10,s028,79,28,6
10,s028,79,27,27
10,s028,79,26,7
10,s028,79,25,9
10,s028,79,24,2
10,s028,79,23,16
10,s028,79,22,12
10,s028,79,21,5
10,s028,79,20,3
10,s028,79,19,10
10,s028,79,18,4
10,s028,79,17,3
10,s028,79,16,3
10,s028,79,47,52
10,s028,79,46,26
10,s028,79,45,17
10,s028,79,44,11
10,s028,79,43,23
10,s028,79,42,16
10,s028,79,41,13
10,s028,79,40,4
10,s028,79,39,19
10,s028,79,38,9
10,s028,79,37,9
10,s028,79,36,3
10,s028,79,35,5
10,s028,79,34,3
10,s028,79,33,3
10,s028,79,63,12
10,s028,79,62,9
10,s028,79,61,5
10,s028,79,60,1
10,s028,79,59,7
10,s028,79,58,9
10,s028,79,57,1
10,s028,79,56,2
10,s028,79,55,2
10,s028,79,54,3
10,s028,79,53,6
10,s028,79,52,2
10,s028,79,51,4
10,s028,79,50,2
10,s028,79,48,1
10,s029,54,54,213
10,s029,54,55,90
10,s029,54,52,77
10,s029,54,53,25
10,s029,54,50,100
10,s029,54,51,34
10,s029,54,48,35
10,s029,54,49,20
10,s029,54,62,74
10,s029,54,63,36
10,s029,54,60,25
10,s029,54,61,6
10,s029,54,58,35
10,s029,54,59,18
10,s029,54,56,8
10,s029,54,57,7
10,s029,54,38,89
10,s029,54,39,36
10,s029,54,36,28
10,s029,54,37,14
10,s029,54,34,48
10,s029,54,35,9
10,s029,54,32,11
10,s029,54,33,3
10,s029,54,46,34
10,s029,54,47,13
10,s029,54,44,12
10,s029,54,45,8
10,s029,54,42,18
10,s029,54,43,8
10,s029,54,40,6
10,s029,54,41,1
10,s029,54,22,120
10,s029,54,23,35
10,s029,54,20,44
10,s029,54,21,13
10,s029,54,18,40
10,s029,54,19,13
10,s029,54,16,20
10,s029,54,17,7
10,s029,54,30,35
10,s029,54,31,12
10,s029,54,28,20
10,s029,54,29,7
10,s029,54,26,15
10,s029,54,27,8
10,s029,54,24,7
10,s029,54,25,5
10,s029,54,6,40
10,s029,54,7,14
10,s029,54,4,26
10,s029,54,5,8
10,s029,54,2,12
10,s029,54,3,12
10,s029,54,0,8
10,s029,54,1,7
10,s029,54,14,15
10,s029,54,15,8
10,s029,54,12,6
10,s029,54,13,1
10,s029,54,10,9
10,s029,54,11,3
10,s029,54,8,1
10,s029,54,9,1
10,s029,54,118,97
10,s029,54,119,42
10,s029,54,116,29
10,s029,54,117,20
10,s029,54,114,52
10,s029,54,115,27
10,s029,54,112,18
10,s029,54,113,5
10,s029,54,126,36
10,s029,54,127,20
10,s029,54,124,13
10,s029,54,125,8
10,s029,54,122,20
10,s029,54,123,13
10,s029,54,120,7
10,s029,54,121,6
10,s029,54,102,39
10,s029,54,103,18
10,s029,54,100,11
10,s029,54,101,8
10,s029,54,98,10
10,s029,54,99,9
10,s029,54,96,9
10,s029,54,97,3
10,s029,54,110,19
10,s029,54,111,9
10,s029,54,108,2
10,s029,54,109,3
10,s029,54,106,8
10,s029,54,107,2
10,s029,54,104,1
10,s029,54,86,48
10,s029,54,87,20
10,s029,54,84,10
10,s029,54,85,8
10,s029,54,82,31
10,s029,54,83,11
10,s029,54,80,7
10,s029,54,81,6
10,s029,54,94,19
10,s029,54,95,4
10,s029,54,92,9
10,s029,54,93,7
10,s029,54,90,6
10,s029,54,91,4
10,s029,54,88,3
10,s029,54,89,4
10,s029,54,70,22
10,s029,54,71,15
10,s029,54,68,8
10,s029,54,69,4
10,s029,54,66,8
10,s029,54,67,9
10,s029,54,64,2
10,s029,54,65,2
10,s029,54,78,10
10,s029,54,79,4
10,s029,54,77,4
10,s029,54,74,4
10,s030,84,84,226
10,s030,84,85,66
10,s030,84,86,77
10,s030,84,87,37
10,s030,84,80,90
10,s030,84,81,24
10,s030,84,82,43
10,s030,84,83,12
10,s030,84,92,80
10,s030,84,93,37
10,s030,84,94,36
10,s030,84,95,16
10,s030,84,88,45
10,s030,84,89,10
10,s030,84,90,11
10,s030,84,91,5
10,s030,84,68,87
10,s030,84,69,41
10,s030,84,70,36
10,s030,84,71,10
10,s030,84,64,41
10,s030,84,65,14
10,s030,84,66,16
10,s030,84,67,11
10,s030,84,76,34
10,s030,84,77,14
10,s030,84,78,11
10,s030,84,79,9
10,s030,84,72,12
10,s030,84,73,12
10,s030,84,74,7
10,s030,84,75,4
10,s030,84,116,97
10,s030,84,117,38
10,s030,84,118,48
10,s030,84,119,19
10,s030,84,112,43
10,s030,84,113,18
10,s030,84,114,21
10,s030,84,115,11
10,s030,84,124,34
10,s030,84,125,9
10,s030,84,126,22
10,s030,84,127,8
10,s030,84,120,20
10,s030,84,121,4
10,s030,84,122,9
10,s030,84,123,4
10,s030,84,100,36
10,s030,84,101,8
10,s030,84,102,11
10,s030,84,103,9
10,s030,84,96,13
10,s030,84,97,7
10,s030,84,98,6
10,s030,84,99,5
10,s030,84,108,23
10,s030,84,109,11
10,s030,84,110,7
10,s030,84,104,12
10,s030,84,105,3
10,s030,84,106,4
10,s030,84,107,1
10,s030,84,20,104
10,s030,84,21,49
10,s030,84,22,36
10,s030,84,23,17
10,s030,84,16,29
10,s030,84,17,25
10,s030,84,18,16
10,s030,84,19,8
10,s030,84,28,42
10,s030,84,29,25
10,s030,84,30,15
10,s030,84,31,17
10,s030,84,24,25
10,s030,84,25,12
10,s030,84,26,7
10,s030,84,27,6
10,s030,84,4,45
10,s030,84,5,21
10,s030,84,6,15
10,s030,84,7,6
10,s030,84,0,11
10,s030,84,1,12
10,s030,84,2,8
10,s030,84,3,3
10,s030,84,12,11
10,s030,84,13,6
10,s030,84,14,6
10,s030,84,15,8
10,s030,84,8,6
10,s030,84,9,3
10,s030,84,10,5
10,s030,84,11,2
10,s030,84,52,35
10,s030,84,53,26
10,s030,84,54,21
10,s030,84,55,5
10,s030,84,48,21
10,s030,84,49,11
10,s030,84,50,4
10,s030,84,51,3
10,s030,84,60,25
10,s030,84,61,9
10,s030,84,62,5
10,s030,84,63,4
10,s030,84,56,11
10,s030,84,57,5
10,s030,84,58,1
10,s030,84,59,2
10,s030,84,36,26
10,s030,84,37,7
10,s030,84,38,8
10,s030,84,39,5
10,s030,84,32,3
10,s030,84,33,6
10,s030,84,34,2
10,s030,84,35,5
10,s030,84,44,10
10,s030,84,45,5
10,s030,84,46,1
10,s030,84,40,4
10,s030,84,41,5
10,s030,84,42,1
10,s031,53,53,205
10,s031,53,52,98
10,s031,53,55,66
10,s031,53,54,30
10,s031,53,49,78
10,s031,53,48,24
10,s031,53,51,34
10,s031,53,50,14
10,s031,53,61,76
10,s031,53,60,35
10,s031,53,63,36
10,s031,53,62,8
10,s031,53,57,34
10,s031,53,56,14
10,s031,53,59,19
10,s031,53,58,7
10,s031,53,37,83
10,s031,53,36,33
10,s031,53,39,26
10,s031,53,38,14
10,s031,53,33,34
10,s031,53,32,22
10,s031,53,35,15
10,s031,53,34,10
10,s031,53,45,48
10,s031,53,44,18
10,s031,53,47,12
10,s031,53,46,10
10,s031,53,41,14
10,s031,53,40,3
10,s031,53,43,5
10,s031,53,42,2
10,s031,53,21,70
10,s031,53,20,31
10,s031,53,23,44
10,s031,53,22,16
10,s031,53,17,42
10,s031,53,16,17
10,s031,53,19,17
10,s031,53,18,2
10,s031,53,29,50
10,s031,53,28,19
10,s031,53,31,19
10,s031,53,30,13
10,s031,53,25,21
10,s031,53,24,7
10,s031,53,27,7
10,s031,53,26,2
10,s031,53,5,38
10,s031,53,4,17
10,s031,53,7,18
10,s031,53,6,11
10,s031,53,1,14
10,s031,53,0,3
10,s031,53,3,7
10,s031,53,2,1
10,s031,53,13,17
10,s031,53,12,6
10,s031,53,15,9
10,s031,53,9,7
10,s031,53,8,2
10,s031,53,11,6
10,s031,53,10,4
10,s031,53,117,103
10,s031,53,116,50
10,s031,53,119,40
10,s031,53,118,21
10,s031,53,113,42
10,s031,53,112,26
10,s031,53,115,19
10,s031,53,114,9
10,s031,53,125,32
10,s031,53,124,20
10,s031,53,127,11
10,s031,53,126,8
10,s031,53,121,21
10,s031,53,120,11
10,s031,53,123,6
10,s031,53,122,4
10,s031,53,101,42
10,s031,53,100,24
10,s031,53,103,16
10,s031,53,102,8
10,s031,53,97,12
10,s031,53,96,7
10,s031,53,99,3
10,s031,53,98,2
10,s031,53,109,22
10,s031,53,108,8
10,s031,53,111,5
10,s031,53,110,5
10,s031,53,105,4
10,s031,53,104,4
10,s031,53,107,2
10,s031,53,85,43
10,s031,53,84,36
10,s031,53,87,26
10,s031,53,86,10
10,s031,53,81,23
10,s031,53,80,12
10,s031,53,83,14
10,s031,53,82,4
10,s031,53,93,16
10,s031,53,92,10
10,s031,53,95,12
10,s031,53,94,4
10,s031,53,89,10
10,s031,53,88,6
10,s031,53,91,2
10,s031,53,90,2
10,s031,53,69,24
10,s031,53,68,6
10,s031,53,71,11
10,s031,53,70,5
10,s031,53,65,7
10,s031,53,64,4
10,s031,53,67,2
10,s031,53,66,1
10,s031,53,77,11
10,s031,53,76,4
10,s031,53,79,1
10,s031,53,78,1
10,s031,53,73,2
10,s031,53,72,1
10,s031,53,75,3
10,s031,53,74,1
10,s032,94,94,204
10,s032,94,95,93
10,s032,94,92,83
10,s032,94,93,21
10,s032,94,90,96
10,s032,94,91,42
10,s032,94,88,30
10,s032,94,89,15
10,s032,94,86,84
10,s032,94,87,34
10,s032,94,84,31
10,s032,94,85,17
10,s032,94,82,32
10,s032,94,83,17
10,s032,94,80,17
10,s032,94,81,2
10,s032,94,78,86
10,s032,94,79,25
10,s032,94,76,36
10,s032,94,77,18
10,s032,94,74,32
10,s032,94,75,14
10,s032,94,72,11
10,s032,94,73,4
10,s032,94,70,33
10,s032,94,71,15
10,s032,94,68,14
10,s032,94,69,12
10,s032,94,66,15
10,s032,94,67,6
10,s032,94,64,6
10,s032,94,65,4
10,s032,94,126,102
10,s032,94,127,56
10,s032,94,124,42
10,s032,94,125,15
10,s032,94,122,50
10,s032,94,123,20
10,s032,94,120,14
10,s032,94,121,8
10,s032,94,118,44
10,s032,94,119,15
10,s032,94,116,10
10,s032,94,117,7
10,s032,94,114,13
10,s032,94,115,6
10,s032,94,112,10
10,s032,94,113,2
10,s032,94,110,37
10,s032,94,111,25
10,s032,94,108,14
10,s032,94,109,7
10,s032,94,106,17
10,s032,94,107,6
10,s032,94,104,9
10,s032,94,105,3
10,s032,94,102,14
10,s032,94,103,6
10,s032,94,100,9
10,s032,94,101,2
10,s032,94,98,8
10,s032,94,99,1
10,s032,94,96,2
10,s032,94,30,89
10,s032,94,31,62
10,s032,94,28,42
10,s032,94,29,15
10,s032,94,26,41
10,s032,94,27,21
10,s032,94,24,22
10,s032,94,25,7
10,s032,94,22,32
10,s032,94,23,10
10,s032,94,20,10
10,s032,94,21,6
10,s032,94,18,24
10,s032,94,19,13
10,s032,94,16,9
10,s032,94,17,5
10,s032,94,14,38
10,s032,94,15,21
10,s032,94,12,12
10,s032,94,13,11
10,s032,94,10,11
10,s032,94,11,7
10,s032,94,8,7
10,s032,94,9,6
10,s032,94,6,16
10,s032,94,7,11
10,s032,94,4,6
10,s032,94,5,1
10,s032,94,2,5
10,s032,94,3,5
10,s032,94,0,2
10,s032,94,1,2
10,s032,94,62,37
10,s032,94,63,25
10,s032,94,60,17
10,s032,94,61,16
10,s032,94,58,27
10,s032,94,59,19
10,s032,94,56,10
10,s032,94,57,6
10,s032,94,54,16
10,s032,94,55,9
10,s032,94,52,6
10,s032,94,53,5
10,s032,94,50,11
10,s032,94,51,5
10,s032,94,48,2
10,s032,94,49,1
10,s032,94,46,25
10,s032,94,47,11
10,s032,94,44,5
10,s032,94,45,1
10,s032,94,42,6
10,s032,94,43,4
10,s032,94,40,4
10,s032,94,41,3
10,s032,94,38,5
10,s032,94,39,7
10,s032,94,36,1
10,s032,94,37,5
10,s032,94,34,3
10,s032,94,35,4
10,s032,94,32,1
10,s033,58,58,239
10,s033,58,59,89
10,s033,58,56,88
10,s033,58,57,39
10,s033,58,62,105
10,s033,58,63,36
10,s033,58,60,46
10,s033,58,61,17
10,s033,58,50,86
10,s033,58,51,45
10,s033,58,48,26
10,s033,58,49,11
10,s033,58,54,29
10,s033,58,55,22
10,s033,58,52,13
10,s033,58,53,3
10,s033,58,42,88
10,s033,58,43,45
10,s033,58,40,29
10,s033,58,41,13
10,s033,58,46,38
10,s033,58,47,19
10,s033,58,44,12
10,s033,58,45,3
10,s033,58,34,34
10,s033,58,35,23
10,s033,58,32,13
10,s033,58,33,3
10,s033,58,38,9
10,s033,58,39,4
10,s033,58,36,9
10,s033,58,37,3
10,s033,58,26,116
10,s033,58,27,37
10,s033,58,24,56
10,s033,58,25,25
10,s033,58,30,49
10,s033,58,31,20
10,s033,58,28,23
10,s033,58,29,6
10,s033,58,18,45
10,s033,58,19,18
10,s033,58,16,19
10,s033,58,17,12
10,s033,58,22,18
10,s033,58,23,16
10,s033,58,20,6
10,s033,58,21,4
10,s033,58,10,50
10,s033,58,11,20
10,s033,58,8,17
10,s033,58,9,7
10,s033,58,14,16
10,s033,58,15,4
10,s033,58,12,5
10,s033,58,13,4
10,s033,58,2,16
10,s033,58,3,8
10,s033,58,0,16
10,s033,58,1,2
10,s033,58,6,6
10,s033,58,7,7
10,s033,58,4,2
10,s033,58,5,2
10,s033,58,122,122
10,s033,58,123,61
10,s033,58,120,25
10,s033,58,121,25
10,s033,58,126,38
10,s033,58,127,26
10,s033,58,124,17
10,s033,58,125,12
10,s033,58,114,47
10,s033,58,115,24
10,s033,58,112,12
10,s033,58,113,10
10,s033,58,118,21
10,s033,58,119,11
10,s033,58,116,6
10,s033,58,117,4
10,s033,58,106,45
10,s033,58,107,28
10,s033,58,104,17
10,s033,58,105,6
10,s033,58,110,16
10,s033,58,111,14
10,s033,58,108,7
10,s033,58,109,7
10,s033,58,98,17
10,s033,58,99,7
10,s033,58,96,7
10,s033,58,97,4
10,s033,58,102,5
10,s033,58,103,3
10,s033,58,100,2
10,s033,58,101,1
10,s033,58,90,45
10,s033,58,91,32
10,s033,58,88,20
10,s033,58,89,12
10,s033,58,94,19
10,s033,58,95,16
10,s033,58,92,10
10,s033,58,93,5
10,s033,58,82,23
10,s033,58,83,4
10,s033,58,80,7
10,s033,58,81,6
10,s033,58,86,11
10,s033,58,87,5
10,s033,58,84,3
10,s033,58,85,2
10,s033,58,74,16
10,s033,58,75,6
10,s033,58,72,13
10,s033,58,73,2
10,s033,58,78,6
10,s033,58,79,6
10,s033,58,76,4
10,s033,58,77,1
10,s033,58,66,6
10,s033,58,67,3
10,s033,58,64,3
10,s033,58,65,1
10,s033,58,70,3
10,s033,58,71,3
10,s033,58,68,2
10,s034,39,39,187
10,s034,39,38,90
10,s034,39,37,64
10,s034,39,36,44
10,s034,39,35,96
10,s034,39,34,44
10,s034,39,33,27
10,s034,39,32,19
10,s034,39,47,92
10,s034,39,46,36
10,s034,39,45,24
10,s034,39,44,10
10,s034,39,43,38
10,s034,39,42,16
10,s034,39,41,17
10,s034,39,40,7
10,s034,39,55,81
10,s034,39,54,41
10,s034,39,53,30
10,s034,39,52,17
10,s034,39,51,36
10,s034,39,50,20
10,s034,39,49,21
10,s034,39,48,6
10,s034,39,63,35
10,s034,39,62,17
10,s034,39,61,18
10,s034,39,60,8
10,s034,39,59,17
10,s034,39,58,4
10,s034,39,57,9
10,s034,39,56,5
10,s034,39,7,74
10,s034,39,6,40
10,s034,39,5,30
10,s034,39,4,19
10,s034,39,3,59
10,s034,39,2,15
10,s034,39,1,18
10,s034,39,0,7
10,s034,39,15,39
10,s034,39,14,20
10,s034,39,13,9
10,s034,39,12,10
10,s034,39,11,15
10,s034,39,10,4
10,s034,39,9,9
10,s034,39,8,5
10,s034,39,23,50
10,s034,39,22,12
10,s034,39,21,18
10,s034,39,20,6
10,s034,39,19,13
10,s034,39,18,12
10,s034,39,17,5
10,s034,39,16,3
10,s034,39,31,15
10,s034,39,30,4
10,s034,39,29,6
10,s034,39,28,3
10,s034,39,27,12
10,s034,39,26,5
10,s034,39,25,2
10,s034,39,24,4
10,s034,39,103,94
10,s034,39,102,53
10,s034,39,101,50
10,s034,39,100,20
10,s034,39,99,47
10,s034,39,98,26
10,s034,39,97,19
10,s034,39,96,9
10,s034,39,111,24
10,s034,39,110,20
10,s034,39,109,16
10,s034,39,108,6
10,s034,39,107,18
10,s034,39,106,7
10,s034,39,105,12
10,s034,39,104,6
10,s034,39,119,29
10,s034,39,118,25
10,s034,39,117,17
10,s034,39,116,6
10,s034,39,115,17
10,s034,39,114,11
10,s034,39,113,5
10,s034,39,112,7
10,s034,39,127,18
10,s034,39,126,12
10,s034,39,125,9
10,s034,39,124,2
10,s034,39,123,11
10,s034,39,122,8
10,s034,39,121,3
10,s034,39,120,3
10,s034,39,71,43
10,s034,39,70,15
10,s034,39,69,21
10,s034,39,68,14
10,s034,39,67,16
10,s034,39,66,12
10,s034,39,65,7
10,s034,39,64,5
10,s034,39,79,17
10,s034,39,78,10
10,s034,39,77,6
10,s034,39,76,5
10,s034,39,75,7
10,s034,39,74,6
10,s034,39,73,3
10,s034,39,72,1
10,s034,39,87,20
10,s034,39,86,19
10,s034,39,85,6
10,s034,39,84,4
10,s034,39,83,9
10,s034,39,82,9
10,s034,39,81,2
10,s034,39,80,3
10,s034,39,95,7
10,s034,39,94,4
10,s034,39,93,2
10,s034,39,92,2
10,s034,39,91,2
10,s034,39,89,1
10,s034,39,88,2
10,s035,14,14,202
10,s035,14,15,99
10,s035,14,12,83
10,s035,14,13,38
10,s035,14,10,95
10,s035,14,11,35
10,s035,14,8,37
10,s035,14,9,14
10,s035,14,6,85
10,s035,14,7,28
10,s035,14,4,19
10,s035,14,5,11
10,s035,14,2,30
10,s035,14,3,18
10,s035,14,0,14
10,s035,14,1,4
10,s035,14,30,80
10,s035,14,31,47
10,s035,14,28,38
10,s035,14,29,9
10,s035,14,26,33
10,s035,14,27,20
10,s035,14,24,14
10,s035,14,25,8
10,s035,14,22,34
10,s035,14,23,12
10,s035,14,20,11
10,s035,14,21,5
10,s035,14,18,14
10,s035,14,19,9
10,s035,14,16,5
10,s035,14,17,1
10,s035,14,46,97
10,s035,14,47,41
10,s035,14,44,44
10,s035,14,45,19
10,s035,14,42,50
10,s035,14,43,21
10,s035,14,40,16
10,s035,14,41,9
10,s035,14,38,50
10,s035,14,39,14
10,s035,14,36,24
10,s035,14,37,7
10,s035,14,34,18
10,s035,14,35,8
10,s035,14,32,7
10,s035,14,33,2
10,s035,14,62,43
10,s035,14,63,14
10,s035,14,60,19
10,s035,14,61,6
10,s035,14,58,18
10,s035,14,59,10
10,s035,14,56,8
10,s035,14,57,4
10,s035,14,54,12
10,s035,14,55,4
10,s035,14,52,10
10,s035,14,53,5
10,s035,14,50,4
10,s035,14,51,5
10,s035,14,48,1
10,s035,14,49,1
10,s035,14,78,105
10,s035,14,79,49
10,s035,14,76,42
10,s035,14,77,22
10,s035,14,74,45
10,s035,14,75,26
10,s035,14,72,8
10,s035,14,73,7
10,s035,14,70,36
10,s035,14,71,33
10,s035,14,68,10
10,s035,14,69,6
10,s035,14,66,9
10,s035,14,67,9
10,s035,14,64,8
10,s035,14,65,2
10,s035,14,94,33
10,s035,14,95,21
10,s035,14,92,15
10,s035,14,93,8
10,s035,14,90,17
10,s035,14,91,14
10,s035,14,88,8
10,s035,14,89,3
10,s035,14,86,20
10,s035,14,87,9
10,s035,14,84,4
10,s035,14,85,1
10,s035,14,82,6
10,s035,14,83,5
10,s035,14,80,4
10,s035,14,81,1
10,s035,14,110,43
10,s035,14,111,27
10,s035,14,108,18
10,s035,14,109,10
10,s035,14,106,30
10,s035,14,107,17
10,s035,14,104,6
10,s035,14,105,6
10,s035,14,102,14
10,s035,14,103,10
10,s035,14,100,6
10,s035,14,101,6
10,s035,14,98,10
10,s035,14,99,5
10,s035,14,96,4
10,s035,14,97,3
10,s035,14,126,19
10,s035,14,127,16
10,s035,14,124,9
10,s035,14,125,2
10,s035,14,122,8
10,s035,14,123,5
10,s035,14,120,2
10,s035,14,121,4
10,s035,14,118,4
10,s035,14,119,3
10,s035,14,116,3
10,s035,14,117,2
10,s035,14,114,2
10,s035,14,115,6
10,s035,14,112,1
10,s035,14,113,2
14,s000,88,88,117
14,s000,88,89,66
14,s000,88,90,55
14,s000,88,91,28
14,s000,88,92,68
14,s000,88,93,34
14,s000,88,94,46
14,s000,88,95,16
14,s000,88,80,46
14,s000,88,81,23
14,s000,88,82,28
14,s000,88,83,14
14,s000,88,84,33
14,s000,88,85,18
14,s000,88,86,17
14,s000,88,87,10
14,s000,88,72,56
14,s000,88,73,30
14,s000,88,74,36
14,s000,88,75,18
14,s000,88,76,41
14,s000,88,77,28
14,s000,88,78,13
14,s000,88,79,6
14,s000,88,64,28
14,s000,88,65,19
14,s000,88,66,17
14,s000,88,67,6
14,s000,88,68,15
14,s000,88,69,16
14,s000,88,70,15
14,s000,88,71,10
14,s000,88,120,62
14,s000,88,121,42
14,s000,88,122,41
14,s000,88,123,21
14,s000,88,124,52
14,s000,88,125,23
14,s000,88,126,26
14,s000,88,127,8
14,s000,88,112,41
14,s000,88,113,21
14,s000,88,114,19
14,s000,88,115,8
14,s000,88,116,23
14,s000,88,117,6
14,s000,88,118,16
14,s000,88,119,3
14,s000,88,104,46
14,s000,88,105,20
14,s000,88,106,26
14,s000,88,107,8
14,s000,88,108,24
14,s000,88,109,14
14,s000,88,110,11
14,s000,88,111,5
14,s000,88,96,19
14,s000,88,97,8
14,s000,88,98,11
14,s000,88,99,6
14,s000,88,100,13
14,s000,88,101,7
14,s000,88,102,4
14,s000,88,103,5
14,s000,88,24,72
14,s000,88,25,58
14,s000,88,26,35
14,s000,88,27,21
14,s000,88,28,30
14,s000,88,29,28
14,s000,88,30,23
14,s000,88,31,25
14,s000,88,16,27
14,s000,88,17,27
14,s000,88,18,12
14,s000,88,19,14
14,s000,88,20,22
14,s000,88,21,10
14,s000,88,22,8
14,s000,88,23,7
14,s000,88,8,32
14,s000,88,9,24
14,s000,88,10,16
14,s000,88,11,16
14,s000,88,12,23
14,s000,88,13,14
14,s000,88,14,11
14,s000,88,15,5
14,s000,88,0,17
14,s000,88,1,11
14,s000,88,2,13
14,s000,88,3,5
14,s000,88,4,11
14,s000,88,5,8
14,s000,88,6,10
14,s000,88,7,2
14,s000,88,56,35
14,s000,88,57,22
14,s000,88,58,33
14,s000,88,59,17
14,s000,88,60,18
14,s000,88,61,17
14,s000,88,62,16
14,s000,88,63,7
14,s000,88,48,20
14,s000,88,49,17
14,s000,88,50,17
14,s000,88,51,9
14,s000,88,52,17
14,s000,88,53,10
14,s000,88,54,7
14,s000,88,55,3
14,s000,88,40,30
14,s000,88,41,10
14,s000,88,42,9
14,s000,88,43,9
14,s000,88,44,17
14,s000,88,45,14
14,s000,88,46,9
14,s000,88,47,5
14,s000,88,32,9
14,s000,88,33,12
14,s000,88,34,5
14,s000,88,35,5
14,s000,88,36,6
14,s000,88,37,6
14,s000,88,38,5
14,s000,88,39,2
14,s001,95,95,106
14,s001,95,94,73
14,s001,95,93,67
14,s001,95,92,36
14,s001,95,91,55
14,s001,95,90,38
14,s001,95,89,32
14,s001,95,88,20
14,s001,95,87,63
14,s001,95,86,39
14,s001,95,85,35
14,s001,95,84,16
14,s001,95,83,23
14,s001,95,82,22
14,s001,95,81,26
14,s001,95,80,9
14,s001,95,79,50
14,s001,95,78,40
14,s001,95,77,34
14,s001,95,76,21
14,s001,95,75,26
14,s001,95,74,29
14,s001,95,73,16
14,s001,95,72,12
14,s001,95,71,34
14,s001,95,70,18
14,s001,95,69,19
14,s001,95,68,10
14,s001,95,67,21
14,s001,95,66,5
14,s001,95,65,7
14,s001,95,64,9
14,s001,95,127,67
14,s001,95,126,50
14,s001,95,125,37
14,s001,95,124,20
14,s001,95,123,37
14,s001,95,122,23
14,s001,95,121,21
14,s001,95,120,7
14,s001,95,119,36
14,s001,95,118,22
14,s001,95,117,20
14,s001,95,116,9
14,s001,95,115,17
14,s001,95,114,13
14,s001,95,113,13
14,s001,95,112,11
14,s001,95,111,49
14,s001,95,110,14
14,s001,95,109,22
14,s001,95,108,12
14,s001,95,107,20
14,s001,95,106,9
14,s001,95,105,15
14,s001,95,104,5
14,s001,95,103,17
14,s001,95,102,10
14,s001,95,101,9
14,s001,95,100,5
14,s001,95,99,14
14,s001,95,98,10
14,s001,95,97,4
14,s001,95,96,4
14,s001,95,31,64
14,s001,95,30,55
14,s001,95,29,33
14,s001,95,28,20
14,s001,95,27,44
14,s001,95,26,25
14,s001,95,25,29
14,s001,95,24,10
14,s001,95,23,30
14,s001,95,22,26
14,s001,95,21,23
14,s001,95,20,15
14,s001,95,19,26
14,s001,95,18,8
14,s001,95,17,17
14,s001,95,16,11
14,s001,95,15,41
14,s001,95,14,25
14,s001,95,13,26
14,s001,95,12,14
14,s001,95,11,31
14,s001,95,10,17
14,s001,95,9,14
14,s001,95,8,12
14,s001,95,7,24
14,s001,95,6,13
14,s001,95,5,7
14,s001,95,4,2
14,s001,95,3,21
14,s001,95,2,4
14,s001,95,1,7
14,s001,95,0,4
14,s001,95,63,42
14,s001,95,62,35
14,s001,95,61,29
14,s001,95,60,13
14,s001,95,59,28
14,s001,95,58,15
14,s001,95,57,14
14,s001,95,56,9
14,s001,95,55,22
14,s001,95,54,14
14,s001,95,53,18
14,s001,95,52,8
14,s001,95,51,9
14,s001,95,50,8
14,s001,95,49,7
14,s001,95,48,4
14,s001,95,47,19
14,s001,95,46,13
14,s001,95,45,13
14,s001,95,44,7
14,s001,95,43,15
14,s001,95,42,8
14,s001,95,41,4
14,s001,95,40,2
14,s001,95,39,14
14,s001,95,38,14
14,s001,95,37,7
14,s001,95,36,6
14,s001,95,35,6
14,s001,95,34,2
14,s001,95,33,4
14,s001,95,32,4
14,s002,73,73,109
14,s002,73,72,65
14,s002,73,75,55
14,s002,73,74,26
14,s002,73,77,65
14,s002,73,76,29
14,s002,73,79,15
14,s002,73,78,16
14,s002,73,65,74
14,s002,73,64,34
14,s002,73,67,41
14,s002,73,66,26
14,s002,73,69,38
14,s002,73,68,12
14,s002,73,71,17
14,s002,73,70,7
14,s002,73,89,62
14,s002,73,88,27
14,s002,73,91,37
14,s002,73,90,11
14,s002,73,93,42
14,s002,73,92,16
14,s002,73,95,14
14,s002,73,94,10
14,s002,73,81,24
14,s002,73,80,17
14,s002,73,83,15
14,s002,73,82,11
14,s002,73,85,20
14,s002,73,84,5
14,s002,73,87,7
14,s002,73,86,4
14,s002,73,105,66
14,s002,73,104,31
14,s002,73,107,35
14,s002,73,106,29
14,s002,73,109,35
14,s002,73,108,7
14,s002,73,111,24
14,s002,73,110,10
14,s002,73,97,31
14,s002,73,96,19
14,s002,73,99,15
14,s002,73,98,9
14,s002,73,101,23
14,s002,73,100,11
14,s002,73,103,7
14,s002,73,102,8
14,s002,73,121,27
14,s002,73,120,27
14,s002,73,123,18
14,s002,73,122,8
14,s002,73,125,21
14,s002,73,124,14
14,s002,73,127,14
14,s002,73,126,7
14,s002,73,113,25
14,s002,73,112,10
14,s002,73,115,16
14,s002,73,114,5
14,s002,73,117,8
14,s002,73,116,4
14,s002,73,119,4
14,s002,73,118,3
14,s002,73,9,78
14,s002,73,8,52
14,s002,73,11,39
14,s002,73,10,23
14,s002,73,13,37
14,s002,73,12,38
14,s002,73,15,19
14,s002,73,14,12
14,s002,73,1,42
14,s002,73,0,23
14,s002,73,3,21
14,s002,73,2,16
14,s002,73,5,18
14,s002,73,4,16
14,s002,73,7,7
14,s002,73,6,12
14,s002,73,25,36
14,s002,73,24,21
14,s002,73,27,14
14,s002,73,26,10
14,s002,73,29,23
14,s002,73,28,10
14,s002,73,31,14
14,s002,73,30,18
14,s002,73,17,17
14,s002,73,16,7
14,s002,73,19,3
14,s002,73,18,4
14,s002,73,21,11
14,s002,73,20,5
14,s002,73,23,4
14,s002,73,22,3
14,s002,73,41,45
14,s002,73,40,26
14,s002,73,43,24
14,s002,73,42,18
14,s002,73,45,23
14,s002,73,44,19
14,s002,73,47,10
14,s002,73,46,5
14,s002,73,33,14
14,s002,73,32,13
14,s002,73,35,7
14,s002,73,34,8
14,s002,73,37,12
14,s002,73,36,12
14,s002,73,39,5
14,s002,73,38,3
14,s002,73,57,27
14,s002,73,56,18
14,s002,73,59,17
14,s002,73,58,5
14,s002,73,61,12
14,s002,73,60,3
14,s002,73,63,7
14,s002,73,62,2
14,s002,73,49,14
14,s002,73,48,12
14,s002,73,51,8
14,s002,73,50,1
14,s002,73,53,8
14,s002,73,52,5
14,s002,73,55,4
14,s002,73,54,1
14,s003,101,101,126
14,s003,101,100,72
14,s003,101,103,55
14,s003,101,102,26
14,s003,101,97,54
14,s003,101,96,30
14,s003,101,99,32
14,s003,101,98,20
14,s003,101,109,58
14,s003,101,108,32
14,s003,101,111,20
14,s003,101,110,19
14,s003,101,105,37
14,s003,101,104,18
14,s003,101,107,20
14,s003,101,106,5
14,s003,101,117,73
14,s003,101,116,37
14,s003,101,119,33
14,s003,101,118,23
14,s003,101,113,45
14,s003,101,112,25
14,s003,101,115,20
14,s003,101,114,4
14,s003,101,125,30
14,s003,101,124,19
14,s003,101,127,13
14,s003,101,126,9
14,s003,101,121,16
14,s003,101,120,2
14,s003,101,123,11
14,s003,101,122,10
14,s003,101,69,72
14,s003,101,68,41
14,s003,101,71,40
14,s003,101,70,19
14,s003,101,65,31
14,s003,101,64,18
14,s003,101,67,23
14,s003,101,66,10
14,s003,101,77,37
14,s003,101,76,21
14,s003,101,79,25
14,s003,101,78,14
14,s003,101,73,16
14,s003,101,72,8
14,s003,101,75,10
14,s003,101,74,8
14,s003,101,85,37
14,s003,101,84,19
14,s003,101,87,20
14,s003,101,86,8
14,s003,101,81,29
14,s003,101,80,9
14,s003,101,83,9
14,s003,101,82,9
14,s003,101,93,21
14,s003,101,92,13
14,s003,101,95,15
14,s003,101,94,7
14,s003,101,89,13
14,s003,101,88,5
14,s003,101,91,4
14,s003,101,90,2
14,s003,101,37,71
14,s003,101,36,33
14,s003,101,39,41
14,s003,101,38,21
14,s003,101,33,46
14,s003,101,32,17
14,s003,101,35,21
14,s003,101,34,16
14,s003,101,45,30
14,s003,101,44,21
14,s003,101,47,22
14,s003,101,46,9
14,s003,101,41,16
14,s003,101,40,18
14,s003,101,43,12
14,s003,101,42,7
14,s003,101,53,26
14,s003,101,52,25
14,s003,101,55,15
14,s003,101,54,14
14,s003,101,49,21
14,s003,101,48,16
14,s003,101,51,12
14,s003,101,50,7
14,s003,101,61,18
14,s003,101,60,13
14,s003,101,63,8
14,s003,101,62,6
14,s003,101,57,14
14,s003,101,56,10
14,s003,101,59,9
14,s003,101,58,4
14,s003,101,5,33
14,s003,101,4,32
14,s003,101,7,23
14,s003,101,6,17
14,s003,101,1,27
14,s003,101,0,15
14,s003,101,3,7
14,s003,101,2,10
14,s003,101,13,20
14,s003,101,12,24
14,s003,101,15,9
14,s003,101,14,10
14,s003,101,9,12
14,s003,101,8,9
14,s003,101,11,4
14,s003,101,10,7
14,s003,101,21,17
14,s003,101,20,19
14,s003,101,23,11
14,s003,101,22,8
14,s003,101,17,14
14,s003,101,16,8
14,s003,101,19,11
14,s003,101,18,2
14,s003,101,29,14
14,s003,101,28,7
14,s003,101,31,5
14,s003,101,30,5
14,s003,101,25,7
14,s003,101,24,5
14,s003,101,27,2
14,s003,101,26,4
14,s004,125,125,108
14,s004,125,124,57
14,s004,125,127,68
14,s004,125,126,30
14,s004,125,121,70
14,s004,125,120,48
14,s004,125,123,37
14,s004,125,122,21
14,s004,125,117,60
14,s004,125,116,35
14,s004,125,119,28
14,s004,125,118,25
14,s004,125,113,28
14,s004,125,112,17
14,s004,125,115,15
14,s004,125,114,11
14,s004,125,109,51
14,s004,125,108,27
14,s004,125,111,32
14,s004,125,110,15
14,s004,125,105,34
14,s004,125,104,25
14,s004,125,107,16
14,s004,125,106,16
14,s004,125,101,37
14,s004,125,100,19
14,s004,125,103,20
14,s004,125,102,12
14,s004,125,97,20
14,s004,125,96,7
14,s004,125,99,8
14,s004,125,98,7
14,s004,125,93,84
14,s004,125,92,45
14,s004,125,95,55
14,s004,125,94,24
14,s004,125,89,47
14,s004,125,88,31
14,s004,125,91,16
14,s004,125,90,14
14,s004,125,85,37
14,s004,125,84,20
14,s004,125,87,18
14,s004,125,86,9
14,s004,125,81,21
14,s004,125,80,13
14,s004,125,83,10
14,s004,125,82,9
14,s004,125,77,41
14,s004,125,76,17
14,s004,125,79,23
14,s004,125,78,12
14,s004,125,73,26
14,s004,125,72,15
14,s004,125,75,7
14,s004,125,74,5
14,s004,125,69,25
14,s004,125,68,14
14,s004,125,71,8
14,s004,125,70,5
14,s004,125,65,9
14,s004,125,64,8
14,s004,125,67,5
14,s004,125,66,3
14,s004,125,61,68
14,s004,125,60,59
14,s004,125,63,35
14,s004,125,62,21
14,s004,125,57,59
14,s004,125,56,23
14,s004,125,59,24
14,s004,125,58,12
14,s004,125,53,49
14,s004,125,52,19
14,s004,125,55,25
14,s004,125,54,15
14,s004,125,49,21
14,s004,125,48,17
14,s004,125,51,13
14,s004,125,50,6
14,s004,125,45,33
14,s004,125,44,29
14,s004,125,47,19
14,s004,125,46,16
14,s004,125,41,27
14,s004,125,40,17
14,s004,125,43,14
14,s004,125,42,8
14,s004,125,37,14
14,s004,125,36,11
14,s004,125,39,10
14,s004,125,38,12
14,s004,125,33,13
14,s004,125,32,12
14,s004,125,35,10
14,s004,125,34,2
14,s004,125,29,44
14,s004,125,28,45
14,s004,125,31,24
14,s004,125,30,19
14,s004,125,25,28
14,s004,125,24,11
14,s004,125,27,16
14,s004,125,26,14
14,s004,125,21,19
14,s004,125,20,20
14,s004,125,23,9
14,s004,125,22,3
14,s004,125,17,14
14,s004,125,16,11
14,s004,125,19,6
14,s004,125,18,5
14,s004,125,13,22
14,s004,125,12,10
14,s004,125,15,21
14,s004,125,14,10
14,s004,125,9,4
14,s004,125,8,10
14,s004,125,11,6
14,s004,125,10,4
14,s004,125,5,7
14,s004,125,4,6
14,s004,125,7,10
14,s004,125,6,5
14,s004,125,1,8
14,s004,125,0,6
14,s004,125,2,4
14,s005,13,13,127
14,s005,13,12,58
14,s005,13,15,55
14,s005,13,14,22
14,s005,13,9,56
14,s005,13,8,35
14,s005,13,11,36
14,s005,13,10,18
14,s005,13,5,64
14,s005,13,4,30
14,s005,13,7,26
14,s005,13,6,19
14,s005,13,1,45
14,s005,13,0,25
14,s005,13,3,16
14,s005,13,2,4
14,s005,13,29,63
14,s005,13,28,42
14,s005,13,31,25
14,s005,13,30,22
14,s005,13,25,41
14,s005,13,24,19
14,s005,13,27,15
14,s005,13,26,3
14,s005,13,21,39
14,s005,13,20,20
14,s005,13,23,17
14,s005,13,22,15
14,s005,13,17,11
14,s005,13,16,17
14,s005,13,19,7
14,s005,13,18,6
14,s005,13,45,61
14,s005,13,44,42
14,s005,13,47,35
14,s005,13,46,12
14,s005,13,41,43
14,s005,13,40,21
14,s005,13,43,23
14,s005,13,42,14
14,s005,13,37,35
14,s005,13,36,18
14,s005,13,39,22
14,s005,13,38,8
14,s005,13,33,26
14,s005,13,32,14
14,s005,13,35,11
14,s005,13,34,5
14,s005,13,61,36
14,s005,13,60,27
14,s005,13,63,16
14,s005,13,62,5
14,s005,13,57,26
14,s005,13,56,9
14,s005,13,59,14
14,s005,13,58,7
14,s005,13,53,25
14,s005,13,52,11
14,s005,13,55,13
14,s005,13,54,9
14,s005,13,49,18
14,s005,13,48,1
14,s005,13,51,4
14,s005,13,50,9
14,s005,13,77,63
14,s005,13,76,48
14,s005,13,79,42
14,s005,13,78,30
14,s005,13,73,39
14,s005,13,72,32
14,s005,13,75,28
14,s005,13,74,13
14,s005,13,69,33
14,s005,13,68,26
14,s005,13,71,23
14,s005,13,70,16
14,s005,13,65,12
14,s005,13,64,19
14,s005,13,67,12
14,s005,13,66,5
14,s005,13,93,31
14,s005,13,92,27
14,s005,13,95,16
14,s005,13,94,15
14,s005,13,89,20
14,s005,13,88,15
14,s005,13,91,8
14,s005,13,90,5
14,s005,13,85,24
14,s005,13,84,9
14,s005,13,87,11
14,s005,13,86,5
14,s005,13,81,9
14,s005,13,80,7
14,s005,13,83,6
14,s005,13,82,1
14,s005,13,109,40
14,s005,13,108,31
14,s005,13,111,27
14,s005,13,110,12
14,s005,13,105,28
14,s005,13,104,15
14,s005,13,107,12
14,s005,13,106,5
14,s005,13,101,26
14,s005,13,100,11
14,s005,13,103,11
14,s005,13,102,13
14,s005,13,97,9
14,s005,13,96,6
14,s005,13,99,5
14,s005,13,98,4
14,s005,13,125,20
14,s005,13,124,9
14,s005,13,127,16
14,s005,13,126,12
14,s005,13,121,9
14,s005,13,120,8
14,s005,13,123,6
14,s005,13,122,2
14,s005,13,117,9
14,s005,13,116,7
14,s005,13,119,3
14,s005,13,118,5
14,s005,13,113,3
14,s005,13,112,3
14,s005,13,115,1
14,s005,13,114,3
14,s006,46,46,110
14,s006,46,47,76
14,s006,46,44,54
14,s006,46,45,33
14,s006,46,42,78
14,s006,46,43,52
14,s006,46,40,27
14,s006,46,41,13
14,s006,46,38,66
14,s006,46,39,43
14,s006,46,36,36
14,s006,46,37,23
14,s006,46,34,40
14,s006,46,35,20
14,s006,46,32,20
14,s006,46,33,12
14,s006,46,62,79
14,s006,46,63,42
14,s006,46,60,32
14,s006,46,61,17
14,s006,46,58,33
14,s006,46,59,28
14,s006,46,56,20
14,s006,46,57,10
14,s006,46,54,42
14,s006,46,55,14
14,s006,46,52,21
14,s006,46,53,8
14,s006,46,50,16
14,s006,46,51,8
14,s006,46,48,9
14,s006,46,49,5
14,s006,46,14,64
14,s006,46,15,42
14,s006,46,12,41
14,s006,46,13,24
14,s006,46,10,32
14,s006,46,11,22
14,s006,46,8,25
14,s006,46,9,13
14,s006,46,6,36
14,s006,46,7,20
14,s006,46,4,19
14,s006,46,5,13
14,s006,46,2,22
14,s006,46,3,10
14,s006,46,0,12
14,s006,46,1,4
14,s006,46,30,49
14,s006,46,31,11
14,s006,46,28,28
14,s006,46,29,14
14,s006,46,26,15
14,s006,46,27,4
14,s006,46,24,20
14,s006,46,25,6
14,s006,46,22,15
14,s006,46,23,11
14,s006,46,20,12
14,s006,46,21,2
14,s006,46,18,9
14,s006,46,19,8
14,s006,46,16,6
14,s006,46,17,5
14,s006,46,110,71
14,s006,46,111,54
14,s006,46,108,31
14,s006,46,109,31
14,s006,46,106,37
14,s006,46,107,21
14,s006,46,104,11
14,s006,46,105,15
14,s006,46,102,42
14,s006,46,103,28
14,s006,46,100,14
14,s006,46,101,11
14,s006,46,98,22
14,s006,46,99,12
14,s006,46,96,15
14,s006,46,97,11
14,s006,46,126,42
14,s006,46,127,29
14,s006,46,124,16
14,s006,46,125,6
14,s006,46,122,30
14,s006,46,123,13
14,s006,46,120,16
14,s006,46,121,9
14,s006,46,118,20
14,s006,46,119,18
14,s006,46,116,23
14,s006,46,117,13
14,s006,46,114,10
14,s006,46,115,12
14,s006,46,112,5
14,s006,46,113,5
14,s006,46,78,55
14,s006,46,79,37
14,s006,46,76,24
14,s006,46,77,11
14,s006,46,74,29
14,s006,46,75,19
14,s006,46,72,12
14,s006,46,73,6
14,s006,46,70,12
14,s006,46,71,23
14,s006,46,68,13
14,s006,46,69,6
14,s006,46,66,13
14,s006,46,67,6
14,s006,46,64,4
14,s006,46,65,6
14,s006,46,94,21
14,s006,46,95,18
14,s006,46,92,12
14,s006,46,93,13
14,s006,46,90,12
14,s006,46,91,10
14,s006,46,88,9
14,s006,46,89,5
14,s006,46,86,15
14,s006,46,87,7
14,s006,46,84,9
14,s006,46,85,1
14,s006,46,82,9
14,s006,46,83,4
14,s006,46,80,2
14,s006,46,81,1
14,s007,111,111,117
14,s007,111,110,58
14,s007,111,109,56
14,s007,111,108,33
14,s007,111,107,56
14,s007,111,106,34
14,s007,111,105,35
14,s007,111,104,12
14,s007,111,103,81
14,s007,111,102,32
14,s007,111,101,30
14,s007,111,100,13
14,s007,111,99,27
14,s007,111,98,22
14,s007,111,97,23
14,s007,111,96,8
14,s007,111,127,54
14,s007,111,126,28
14,s007,111,125,27
14,s007,111,124,15
14,s007,111,123,48
14,s007,111,122,28
14,s007,111,121,14
14,s007,111,120,9
14,s007,111,119,40
14,s007,111,118,24
14,s007,111,117,21
14,s007,111,116,8
14,s007,111,115,25
14,s007,111,114,18
14,s007,111,113,11
14,s007,111,112,7
14,s007,111,79,78
14,s007,111,78,37
14,s007,111,77,42
14,s007,111,76,17
14,s007,111,75,50
14,s007,111,74,19
14,s007,111,73,31
14,s007,111,72,11
14,s007,111,71,39
14,s007,111,70,22
14,s007,111,69,18
14,s007,111,68,11
14,s007,111,67,12
14,s007,111,66,16
14,s007,111,65,10
14,s007,111,64,5
14,s007,111,95,45
14,s007,111,94,19
14,s007,111,93,24
14,s007,111,92,12
14,s007,111,91,13
14,s007,111,90,13
14,s007,111,89,8
14,s007,111,88,11
14,s007,111,87,23
14,s007,111,86,14
14,s007,111,85,14
14,s007,111,84,3
14,s007,111,83,13
14,s007,111,82,2
14,s007,111,81,2
14,s007,111,80,1
14,s007,111,47,80
14,s007,111,46,60
14,s007,111,45,35
14,s007,111,44,27
14,s007,111,43,42
14,s007,111,42,29
14,s007,111,41,13
14,s007,111,40,13
14,s007,111,39,38
14,s007,111,38,18
14,s007,111,37,22
14,s007,111,36,8
14,s007,111,35,29
14,s007,111,34,19
14,s007,111,33,15
14,s007,111,32,4
14,s007,111,63,43
14,s007,111,62,21
14,s007,111,61,18
14,s007,111,60,14
14,s007,111,59,17
14,s007,111,58,19
14,s007,111,57,17
14,s007,111,56,12
14,s007,111,55,21
14,s007,111,54,16
14,s007,111,53,15
14,s007,111,52,8
14,s007,111,51,16
14,s007,111,50,6
14,s007,111,49,6
14,s007,111,48,4
14,s007,111,15,39
14,s007,111,14,33
14,s007,111,13,20
14,s007,111,12,15
14,s007,111,11,28
14,s007,111,10,15
14,s007,111,9,15
14,s007,111,8,7
14,s007,111,7,26
14,s007,111,6,16
14,s007,111,5,9
14,s007,111,4,8
14,s007,111,3,18
14,s007,111,2,9
14,s007,111,1,9
14,s007,111,0,8
14,s007,111,31,20
14,s007,111,30,15
14,s007,111,29,9
14,s007,111,28,6
14,s007,111,27,13
14,s007,111,26,11
14,s007,111,25,8
14,s007,111,24,7
14,s007,111,23,16
14,s007,111,22,9
14,s007,111,21,10
14,s007,111,20,4
14,s007,111,19,11
14,s007,111,18,5
14,s007,111,17,3
14,s007,111,16,1
14,s008,21,21,138
14,s008,21,20,69
14,s008,21,23,51
14,s008,21,22,30
14,s008,21,17,67
14,s008,21,16,44
14,s008,21,19,47
14,s008,21,18,32
14,s008,21,29,58
14,s008,21,28,36
14,s008,21,31,37
14,s008,21,30,24
14,s008,21,25,41
14,s008,21,24,15
14,s008,21,27,26
14,s008,21,26,12
14,s008,21,5,60
14,s008,21,4,40
14,s008,21,7,32
14,s008,21,6,19
14,s008,21,1,32
14,s008,21,0,11
14,s008,21,3,17
14,s008,21,2,12
14,s008,21,13,17
14,s008,21,12,15
14,s008,21,15,10
14,s008,21,14,5
14,s008,21,9,21
14,s008,21,8,6
14,s008,21,11,12
14,s008,21,10,9
14,s008,21,53,78
14,s008,21,52,37
14,s008,21,55,45
14,s008,21,54,22
14,s008,21,49,43
14,s008,21,48,22
14,s008,21,51,21
14,s008,21,50,13
14,s008,21,61,32
14,s008,21,60,19
14,s008,21,63,17
14,s008,21,62,10
14,s008,21,57,25
14,s008,21,56,11
14,s008,21,59,18
14,s008,21,58,6
14,s008,21,37,40
14,s008,21,36,24
14,s008,21,39,24
14,s008,21,38,11
14,s008,21,33,24
14,s008,21,32,15
14,s008,21,35,13
14,s008,21,34,13
14,s008,21,45,21
14,s008,21,44,10
14,s008,21,47,11
14,s008,21,46,6
14,s008,21,41,11
14,s008,21,40,5
14,s008,21,43,4
14,s008,21,42,3
14,s008,21,85,71
14,s008,21,84,46
14,s008,21,87,29
14,s008,21,86,28
14,s008,21,81,45
14,s008,21,80,22
14,s008,21,83,20
14,s008,21,82,8
14,s008,21,93,42
14,s008,21,92,32
14,s008,21,95,18
14,s008,21,94,15
14,s008,21,89,20
14,s008,21,88,11
14,s008,21,91,6
14,s008,21,90,4
14,s008,21,69,41
14,s008,21,68,33
14,s008,21,71,20
14,s008,21,70,14
14,s008,21,65,21
14,s008,21,64,9
14,s008,21,67,6
14,s008,21,66,7
14,s008,21,77,18
14,s008,21,76,14
14,s008,21,79,13
14,s008,21,78,9
14,s008,21,73,10
14,s008,21,72,10
14,s008,21,75,6
14,s008,21,74,6
14,s008,21,117,38
14,s008,21,116,30
14,s008,21,119,16
14,s008,21,118,15
14,s008,21,113,31
14,s008,21,112,10
14,s008,21,115,12
14,s008,21,114,8
14,s008,21,125,26
14,s008,21,124,18
14,s008,21,127,12
14,s008,21,126,7
14,s008,21,121,12
14,s008,21,120,8
14,s008,21,123,6
14,s008,21,122,4
14,s008,21,101,27
14,s008,21,100,13
14,s008,21,103,16
14,s008,21,102,9
14,s008,21,97,15
14,s008,21,96,11
14,s008,21,99,10
14,s008,21,98,10
14,s008,21,109,13
14,s008,21,108,6
14,s008,21,111,6
14,s008,21,110,3
14,s008,21,105,6
14,s008,21,104,5
14,s008,21,107,3
14,s009,80,80,100
14,s009,80,81,58
14,s009,80,82,62
14,s009,80,83,24
14,s009,80,84,69
14,s009,80,85,33
14,s009,80,86,35
14,s009,80,87,14
14,s009,80,88,69
14,s009,80,89,29
14,s009,80,90,28
14,s009,80,91,15
14,s009,80,92,36
14,s009,80,93,13
14,s009,80,94,12
14,s009,80,95,7
14,s009,80,64,73
14,s009,80,65,36
14,s009,80,66,26
14,s009,80,67,23
14,s009,80,68,39
14,s009,80,69,28
14,s009,80,70,19
14,s009,80,71,13
14,s009,80,72,41
14,s009,80,73,23
14,s009,80,74,12
14,s009,80,75,11
14,s009,80,76,16
14,s009,80,77,11
14,s009,80,78,12
14,s009,80,79,4
14,s009,80,112,70
14,s009,80,113,40
14,s009,80,114,31
14,s009,80,115,18
14,s009,80,116,39
14,s009,80,117,22
14,s009,80,118,24
14,s009,80,119,9
14,s009,80,120,26
14,s009,80,121,25
14,s009,80,122,25
14,s009,80,123,12
14,s009,80,124,16
14,s009,80,125,14
14,s009,80,126,12
14,s009,80,127,7
14,s009,80,96,39
14,s009,80,97,21
14,s009,80,98,26
14,s009,80,99,11
14,s009,80,100,28
14,s009,80,101,15
14,s009,80,102,10
14,s009,80,103,9
14,s009,80,104,15
14,s009,80,105,13
14,s009,80,106,10
14,s009,80,107,6
14,s009,80,108,10
14,s009,80,109,7
14,s009,80,110,3
14,s009,80,111,3
14,s009,80,16,57
14,s009,80,17,37
14,s009,80,18,32
14,s009,80,19,23
14,s009,80,20,47
14,s009,80,21,26
14,s009,80,22,12
14,s009,80,23,14
14,s009,80,24,38
14,s009,80,25,25
14,s009,80,26,20
14,s009,80,27,11
14,s009,80,28,19
14,s009,80,29,17
14,s009,80,30,6
14,s009,80,31,6
14,s009,80,0,36
14,s009,80,1,23
14,s009,80,2,15
14,s009,80,3,17
14,s009,80,4,21
14,s009,80,5,19
14,s009,80,6,10
14,s009,80,7,7
14,s009,80,8,18
14,s009,80,9,13
14,s009,80,10,10
14,s009,80,11,9
14,s009,80,12,8
14,s009,80,13,6
14,s009,80,14,4
14,s009,80,15,5
14,s009,80,48,41
14,s009,80,49,32
14,s009,80,50,20
14,s009,80,51,15
14,s009,80,52,21
14,s009,80,53,22
14,s009,80,54,11
14,s009,80,55,13
14,s009,80,56,14
14,s009,80,57,19
14,s009,80,58,11
14,s009,80,59,10
14,s009,80,60,16
14,s009,80,61,10
14,s009,80,62,3
14,s009,80,63,3
14,s009,80,32,33
14,s009,80,33,12
14,s009,80,34,15
14,s009,80,35,7
14,s009,80,36,9
14,s009,80,37,11
14,s009,80,38,4
14,s009,80,39,6
14,s009,80,40,16
14,s009,80,41,5
14,s009,80,42,8
14,s009,80,44,5
14,s009,80,45,5
14,s009,80,46,2
14,s009,80,47,1
14,s010,25,25,123
14,s010,25,24,60
14,s010,25,27,62
14,s010,25,26,36
14,s010,25,29,73
14,s010,25,28,34
14,s010,25,31,30
14,s010,25,30,13
14,s010,25,17,60
14,s010,25,16,37
14,s010,25,19,40
14,s010,25,18,17
14,s010,25,21,35
14,s010,25,20,16
14,s010,25,23,16
14,s010,25,22,13
14,s010,25,9,67
14,s010,25,8,52
14,s010,25,11,24
14,s010,25,10,16
14,s010,25,13,35
14,s010,25,12,18
14,s010,25,15,30
14,s010,25,14,10
14,s010,25,1,28
14,s010,25,0,20
14,s010,25,3,20
14,s010,25,2,5
14,s010,25,5,18
14,s010,25,4,10
14,s010,25,7,10
14,s010,25,6,3
14,s010,25,57,63
14,s010,25,56,45
14,s010,25,59,32
14,s010,25,58,27
14,s010,25,61,43
14,s010,25,60,21
14,s010,25,63,18
14,s010,25,62,14
14,s010,25,49,40
14,s010,25,48,21
14,s010,25,51,25
14,s010,25,50,9
14,s010,25,53,19
14,s010,25,52,11
14,s010,25,55,13
14,s010,25,54,7
14,s010,25,41,32
14,s010,25,40,20
14,s010,25,43,22
14,s010,25,42,14
14,s010,25,45,29
14,s010,25,44,18
14,s010,25,47,11
14,s010,25,46,5
14,s010,25,33,16
14,s010,25,32,14
14,s010,25,35,22
14,s010,25,34,3
14,s010,25,37,12
14,s010,25,36,7
14,s010,25,39,8
14,s010,25,38,3
14,s010,25,89,71
14,s010,25,88,37
14,s010,25,91,33
14,s010,25,90,23
14,s010,25,93,42
14,s010,25,92,24
14,s010,25,95,23
14,s010,25,94,14
14,s010,25,81,30
14,s010,25,80,17
14,s010,25,83,27
14,s010,25,82,12
14,s010,25,85,21
14,s010,25,84,14
14,s010,25,87,8
14,s010,25,86,6
14,s010,25,73,60
14,s010,25,72,25
14,s010,25,75,17
14,s010,25,74,14
14,s010,25,77,25
14,s010,25,76,17
14,s010,25,79,10
14,s010,25,78,8
14,s010,25,65,15
14,s010,25,64,13
14,s010,25,67,11
14,s010,25,66,6
14,s010,25,69,13
14,s010,25,68,12
14,s010,25,71,11
14,s010,25,70,2
14,s010,25,121,57
14,s010,25,120,25
14,s010,25,123,29
14,s010,25,122,17
14,s010,25,125,25
14,s010,25,124,16
14,s010,25,127,10
14,s010,25,126,8
14,s010,25,113,23
14,s010,25,112,13
14,s010,25,115,11
14,s010,25,114,14
14,s010,25,117,14
14,s010,25,116,10
14,s010,25,119,7
14,s010,25,118,6
14,s010,25,105,16
14,s010,25,104,17
14,s010,25,107,15
14,s010,25,106,6
14,s010,25,109,11
14,s010,25,108,9
14,s010,25,111,4
14,s010,25,110,5
14,s010,25,97,14
14,s010,25,96,16
14,s010,25,99,7
14,s010,25,98,5
14,s010,25,101,11
14,s010,25,100,5
14,s010,25,103,2
14,s010,25,102,1
14,s011,93,93,129
14,s011,93,92,67
14,s011,93,95,60
14,s011,93,94,36
14,s011,93,89,49
14,s011,93,88,31
14,s011,93,91,28
14,s011,93,90,11
14,s011,93,85,71
14,s011,93,84,37
14,s011,93,87,19
14,s011,93,86,24
14,s011,93,81,38
14,s011,93,80,7
14,s011,93,83,6
14,s011,93,82,6
14,s011,93,77,60
14,s011,93,76,32
14,s011,93,79,27
14,s011,93,78,22
14,s011,93,73,39
14,s011,93,72,18
14,s011,93,75,21
14,s011,93,74,9
14,s011,93,69,39
14,s011,93,68,22
14,s011,93,71,13
14,s011,93,70,10
14,s011,93,65,20
14,s011,93,64,13
14,s011,93,67,7
14,s011,93,66,1
14,s011,93,125,72
14,s011,93,124,45
14,s011,93,127,41
14,s011,93,126,14
14,s011,93,121,44
14,s011,93,120,16
14,s011,93,123,32
14,s011,93,122,11
14,s011,93,117,39
14,s011,93,116,23
14,s011,93,119,20
14,s011,93,118,8
14,s011,93,113,23
14,s011,93,112,12
14,s011,93,115,15
14,s011,93,114,8
14,s011,93,109,42
14,s011,93,108,17
14,s011,93,111,15
14,s011,93,110,11
14,s011,93,105,24
14,s011,93,104,15
14,s011,93,107,14
14,s011,93,106,5
14,s011,93,101,25
14,s011,93,100,11
14,s011,93,103,8
14,s011,93,102,6
14,s011,93,97,11
14,s011,93,96,8
14,s011,93,99,4
14,s011,93,98,2
14,s011,93,29,70
14,s011,93,28,51
14,s011,93,31,36
14,s011,93,30,34
14,s011,93,25,40
14,s011,93,24,28
14,s011,93,27,13
14,s011,93,26,12
14,s011,93,21,31
14,s011,93,20,32
14,s011,93,23,23
14,s011,93,22,9
14,s011,93,17,24
14,s011,93,16,11
14,s011,93,19,4
14,s011,93,18,3
14,s011,93,13,36
14,s011,93,12,34
14,s011,93,15,19
14,s011,93,14,18
14,s011,93,9,21
14,s011,93,8,18
14,s011,93,11,9
14,s011,93,10,12
14,s011,93,5,13
14,s011,93,4,13
14,s011,93,7,7
14,s011,93,6,9
14,s011,93,1,13
14,s011,93,0,9
14,s011,93,3,6
14,s011,93,2,6
14,s011,93,61,34
14,s011,93,60,23
14,s011,93,63,23
14,s011,93,62,19
14,s011,93,57,35
14,s011,93,56,16
14,s011,93,59,21
14,s011,93,58,11
14,s011,93,53,34
14,s011,93,52,22
14,s011,93,55,8
14,s011,93,54,9
14,s011,93,49,13
14,s011,93,48,9
14,s011,93,51,3
14,s011,93,50,4
14,s011,93,45,27
14,s011,93,44,20
14,s011,93,47,16
14,s011,93,46,5
14,s011,93,41,13
14,s011,93,40,9
14,s011,93,43,12
14,s011,93,37,15
14,s011,93,36,12
14,s011,93,39,5
14,s011,93,38,5
14,s011,93,33,8
14,s011,93,32,4
14,s011,93,35,2
14,s011,93,34,5
14,s012,65,65,133
14,s012,65,64,64
14,s012,65,67,52
14,s012,65,66,36
14,s012,65,69,61
14,s012,65,68,39
14,s012,65,71,45
14,s012,65,70,16
14,s012,65,73,68
14,s012,65,72,37
14,s012,65,75,29
14,s012,65,74,20
14,s012,65,77,34
14,s012,65,76,21
14,s012,65,79,26
14,s012,65,78,10
14,s012,65,81,63
14,s012,65,80,47
14,s012,65,83,28
14,s012,65,82,23
14,s012,65,85,37
14,s012,65,84,13
14,s012,65,87,16
14,s012,65,86,9
14,s012,65,89,27
14,s012,65,88,25
14,s012,65,91,20
14,s012,65,90,10
14,s012,65,93,19
14,s012,65,92,9
14,s012,65,95,7
14,s012,65,94,6
14,s012,65,97,74
14,s012,65,96,37
14,s012,65,99,46
14,s012,65,98,21
14,s012,65,101,51
14,s012,65,100,20
14,s012,65,103,11
14,s012,65,102,12
14,s012,65,105,44
14,s012,65,104,10
14,s012,65,107,18
14,s012,65,106,10
14,s012,65,109,16
14,s012,65,108,17
14,s012,65,111,11
14,s012,65,110,8
14,s012,65,113,43
14,s012,65,112,18
14,s012,65,115,17
14,s012,65,114,13
14,s012,65,117,21
14,s012,65,116,9
14,s012,65,119,17
14,s012,65,118,8
14,s012,65,121,17
14,s012,65,120,14
14,s012,65,123,11
14,s012,65,122,7
14,s012,65,125,16
14,s012,65,124,5
14,s012,65,127,7
14,s012,65,126,2
14,s012,65,1,62
14,s012,65,0,39
14,s012,65,3,36
14,s012,65,2,29
14,s012,65,5,34
14,s012,65,4,20
14,s012,65,7,26
14,s012,65,6,18
14,s012,65,9,44
14,s012,65,8,22
14,s012,65,11,14
14,s012,65,10,7
14,s012,65,13,26
14,s012,65,12,13
14,s012,65,15,13
14,s012,65,14,7
14,s012,65,17,43
14,s012,65,16,31
14,s012,65,19,17
14,s012,65,18,13
14,s012,65,21,21
14,s012,65,20,17
14,s012,65,23,9
14,s012,65,22,5
14,s012,65,25,22
14,s012,65,24,14
14,s012,65,27,7
14,s012,65,26,5
14,s012,65,29,13
14,s012,65,28,5
14,s012,65,31,5
14,s012,65,30,4
14,s012,65,33,41
14,s012,65,32,27
14,s012,65,35,32
14,s012,65,34,10
14,s012,65,37,30
14,s012,65,36,16
14,s012,65,39,24
14,s012,65,38,14
14,s012,65,41,23
14,s012,65,40,15
14,s012,65,43,10
14,s012,65,42,7
14,s012,65,45,17
14,s012,65,44,12
14,s012,65,47,9
14,s012,65,46,3
14,s012,65,49,29
14,s012,65,48,17
14,s012,65,51,11
14,s012,65,50,8
14,s012,65,53,17
14,s012,65,52,5
14,s012,65,55,9
14,s012,65,54,7
14,s012,65,57,11
14,s012,65,56,7
14,s012,65,59,8
14,s012,65,58,1
14,s012,65,61,10
14,s012,65,60,9
14,s012,65,63,4
14,s012,65,62,5
14,s013,79,79,130
14,s013,79,78,62
14,s013,79,77,55
14,s013,79,76,35
14,s013,79,75,51
14,s013,79,74,27
14,s013,79,73,33
14,s013,79,72,20
14,s013,79,71,64
14,s013,79,70,31
14,s013,79,69,32
14,s013,79,68,14
14,s013,79,67,29
14,s013,79,66,30
14,s013,79,65,20
14,s013,79,64,10
14,s013,79,95,61
14,s013,79,94,38
14,s013,79,93,36
14,s013,79,92,11
14,s013,79,91,32
14,s013,79,90,25
14,s013,79,89,25
14,s013,79,88,7
14,s013,79,87,43
14,s013,79,86,11
14,s013,79,85,16
14,s013,79,84,8
14,s013,79,83,19
14,s013,79,82,17
14,s013,79,81,8
14,s013,79,80,6
14,s013,79,111,86
14,s013,79,110,37
14,s013,79,109,44
14,s013,79,108,17
14,s013,79,107,38
14,s013,79,106,21
14,s013,79,105,19
14,s013,79,104,18
14,s013,79,103,35
14,s013,79,102,17
14,s013,79,101,15
14,s013,79,100,11
14,s013,79,99,16
14,s013,79,98,18
14,s013,79,97,13
14,s013,79,96,7
14,s013,79,127,38
14,s013,79,126,19
14,s013,79,125,23
14,s013,79,124,12
14,s013,79,123,23
14,s013,79,122,7
14,s013,79,121,11
14,s013,79,120,10
14,s013,79,119,29
14,s013,79,118,7
14,s013,79,117,12
14,s013,79,116,6
14,s013,79,115,9
14,s013,79,114,5
14,s013,79,113,7
14,s013,79,112,2
14,s013,79,15,68
14,s013,79,14,53
14,s013,79,13,34
14,s013,79,12,21
14,s013,79,11,37
14,s013,79,10,30
14,s013,79,9,15
14,s013,79,8,7
14,s013,79,7,30
14,s013,79,6,25
14,s013,79,5,15
14,s013,79,4,17
14,s013,79,3,15
14,s013,79,2,12
14,s013,79,1,7
14,s013,79,0,8
14,s013,79,31,34
14,s013,79,30,17
14,s013,79,29,22
14,s013,79,28,8
14,s013,79,27,18
14,s013,79,26,13
14,s013,79,25,12
14,s013,79,24,5
14,s013,79,23,19
14,s013,79,22,15
14,s013,79,21,11
14,s013,79,20,10
14,s013,79,19,13
14,s013,79,18,7
14,s013,79,17,1
14,s013,79,16,2
14,s013,79,47,42
14,s013,79,46,26
14,s013,79,45,21
14,s013,79,44,15
14,s013,79,43,23
14,s013,79,42,20
14,s013,79,41,17
14,s013,79,40,6
14,s013,79,39,19
14,s013,79,38,9
14,s013,79,37,16
14,s013,79,36,6
14,s013,79,35,11
14,s013,79,34,16
14,s013,79,33,6
14,s013,79,32,4
14,s013,79,63,7
14,s013,79,62,14
14,s013,79,61,21
14,s013,79,60,4
14,s013,79,59,12
14,s013,79,58,11
14,s013,79,57,8
14,s013,79,56,7
14,s013,79,55,9
14,s013,79,54,5
14,s013,79,53,6
14,s013,79,52,10
14,s013,79,51,11
14,s013,79,50,5
14,s013,79,49,4
14,s013,79,48,1
14,s014,96,96,108
14,s014,96,97,67
14,s014,96,98,67
14,s014,96,99,37
14,s014,96,100,57
14,s014,96,101,34
14,s014,96,102,40
14,s014,96,103,26
14,s014,96,104,66
14,s014,96,105,35
14,s014,96,106,40
14,s014,96,107,23
14,s014,96,108,35
14,s014,96,109,14
14,s014,96,110,17
14,s014,96,111,8
14,s014,96,112,86
14,s014,96,113,30
14,s014,96,114,43
14,s014,96,115,24
14,s014,96,116,26
14,s014,96,117,28
14,s014,96,118,14
14,s014,96,119,4
14,s014,96,120,36
14,s014,96,121,9
14,s014,96,122,16
14,s014,96,123,9
14,s014,96,124,14
14,s014,96,125,15
14,s014,96,126,12
14,s014,96,127,4
14,s014,96,64,95
14,s014,96,65,47
14,s014,96,66,35
14,s014,96,67,17
14,s014,96,68,37
14,s014,96,69,24
14,s014,96,70,16
14,s014,96,71,16
14,s014,96,72,47
14,s014,96,73,21
14,s014,96,74,20
14,s014,96,75,15
14,s014,96,76,23
14,s014,96,77,16
14,s014,96,78,6
14,s014,96,79,5
14,s014,96,80,44
14,s014,96,81,24
14,s014,96,82,23
14,s014,96,83,14
14,s014,96,84,16
14,s014,96,85,13
14,s014,96,86,10
14,s014,96,87,8
14,s014,96,88,23
14,s014,96,89,14
14,s014,96,90,13
14,s014,96,91,9
14,s014,96,92,9
14,s014,96,93,11
14,s014,96,94,9
14,s014,96,95,3
14,s014,96,32,80
14,s014,96,33,53
14,s014,96,34,39
14,s014,96,35,20
14,s014,96,36,42
14,s014,96,37,37
14,s014,96,38,16
14,s014,96,39,19
14,s014,96,40,43
14,s014,96,41,28
14,s014,96,42,28
14,s014,96,43,10
14,s014,96,44,18
14,s014,96,45,16
14,s014,96,46,17
14,s014,96,47,13
14,s014,96,48,34
14,s014,96,49,22
14,s014,96,50,13
14,s014,96,51,14
14,s014,96,52,33
14,s014,96,53,13
14,s014,96,54,10
14,s014,96,55,13
14,s014,96,56,25
14,s014,96,57,10
14,s014,96,58,6
14,s014,96,59,6
14,s014,96,60,10
14,s014,96,61,6
14,s014,96,62,3
14,s014,96,63,7
14,s014,96,0,48
14,s014,96,1,29
14,s014,96,2,18
14,s014,96,3,13
14,s014,96,4,27
14,s014,96,5,18
14,s014,96,6,11
14,s014,96,7,9
14,s014,96,8,25
14,s014,96,9,19
14,s014,96,10,11
14,s014,96,11,7
14,s014,96,12,15
14,s014,96,13,7
14,s014,96,14,4
14,s014,96,15,2
14,s014,96,16,21
14,s014,96,17,9
14,s014,96,18,14
14,s014,96,19,8
14,s014,96,20,14
14,s014,96,21,12
14,s014,96,22,12
14,s014,96,23,5
14,s014,96,24,20
14,s014,96,25,9
14,s014,96,26,7
14,s014,96,27,2
14,s014,96,28,8
14,s014,96,29,5
14,s014,96,30,2
14,s014,96,31,7
14,s015,44,44,133
14,s015,44,45,65
14,s015,44,46,51
14,s015,44,47,21
14,s015,44,40,53
14,s015,44,41,32
14,s015,44,42,32
14,s015,44,43,17
14,s015,44,36,39
14,s015,44,37,41
14,s015,44,38,31
14,s015,44,39,18
14,s015,44,32,34
14,s015,44,33,16
14,s015,44,34,16
14,s015,44,35,6
14,s015,44,60,70
14,s015,44,61,39
14,s015,44,62,35
14,s015,44,63,13
14,s015,44,56,28
14,s015,44,57,28
14,s015,44,58,27
14,s015,44,59,14
14,s015,44,52,33
14,s015,44,53,18
14,s015,44,54,13
14,s015,44,55,13
14,s015,44,48,18
14,s015,44,49,8
14,s015,44,50,11
14,s015,44,51,4
14,s015,44,12,58
14,s015,44,13,35
14,s015,44,14,40
14,s015,44,15,22
14,s015,44,8,46
14,s015,44,9,17
14,s015,44,10,17
14,s015,44,11,8
14,s015,44,4,28
14,s015,44,5,18
14,s015,44,6,18
14,s015,44,7,18
14,s015,44,0,11
14,s015,44,1,9
14,s015,44,2,7
14,s015,44,3,8
14,s015,44,28,34
14,s015,44,29,33
14,s015,44,30,19
14,s015,44,31,7
14,s015,44,24,22
14,s015,44,25,7
14,s015,44,26,12
14,s015,44,27,5
14,s015,44,20,16
14,s015,44,21,10
14,s015,44,22,14
14,s015,44,23,9
14,s015,44,16,12
14,s015,44,17,10
14,s015,44,18,7
14,s015,44,19,2
14,s015,44,108,82
14,s015,44,109,49
14,s015,44,110,29
14,s015,44,111,31
14,s015,44,104,44
14,s015,44,105,19
14,s015,44,106,19
14,s015,44,107,10
14,s015,44,100,41
14,s015,44,101,28
14,s015,44,102,18
14,s015,44,103,11
14,s015,44,96,16
14,s015,44,97,11
14,s015,44,98,7
14,s015,44,99,4
14,s015,44,124,44
14,s015,44,125,29
14,s015,44,126,22
14,s015,44,127,13
14,s015,44,120,30
14,s015,44,121,15
14,s015,44,122,12
14,s015,44,123,12
14,s015,44,116,19
14,s015,44,117,11
14,s015,44,118,12
14,s015,44,119,7
14,s015,44,112,16
14,s015,44,113,10
14,s015,44,114,4
14,s015,44,115,4
14,s015,44,76,51
14,s015,44,77,24
14,s015,44,78,17
14,s015,44,79,20
14,s015,44,72,29
14,s015,44,73,11
14,s015,44,74,13
14,s015,44,75,14
14,s015,44,68,24
14,s015,44,69,32
14,s015,44,70,11
14,s015,44,71,6
14,s015,44,64,10
14,s015,44,65,11
14,s015,44,66,9
14,s015,44,67,2
14,s015,44,92,28
14,s015,44,93,16
14,s015,44,94,12
14,s015,44,95,9
14,s015,44,88,16
14,s015,44,89,11
14,s015,44,90,5
14,s015,44,91,8
14,s015,44,84,13
14,s015,44,85,1
14,s015,44,86,6
14,s015,44,87,7
14,s015,44,80,7
14,s015,44,81,7
14,s015,44,82,2
14,s015,44,83,2
14,s016,115,115,90
14,s016,115,114,63
14,s016,115,113,55
14,s016,115,112,26
14,s016,115,119,66
14,s016,115,118,29
14,s016,115,117,37
14,s016,115,116,24
14,s016,115,123,48
14,s016,115,122,34
14,s016,115,121,37
14,s016,115,120,29
14,s016,115,127,26
14,s016,115,126,22
14,s016,115,125,17
14,s016,115,124,12
14,s016,115,99,67
14,s016,115,98,29
14,s016,115,97,36
14,s016,115,96,17
14,s016,115,103,37
14,s016,115,102,17
14,s016,115,101,14
14,s016,115,100,16
14,s016,115,107,19
14,s016,115,106,15
14,s016,115,105,14
14,s016,115,104,13
14,s016,115,111,18
14,s016,115,110,11
14,s016,115,109,7
14,s016,115,108,5
14,s016,115,83,70
14,s016,115,82,45
14,s016,115,81,38
14,s016,115,80,34
14,s016,115,87,35
14,s016,115,86,13
14,s016,115,85,20
14,s016,115,84,18
14,s016,115,91,40
14,s016,115,90,12
14,s016,115,89,22
14,s016,115,88,9
14,s016,115,95,21
14,s016,115,94,6
14,s016,115,93,10
14,s016,115,92,7
14,s016,115,67,31
14,s016,115,66,22
14,s016,115,65,13
14,s016,115,64,10
14,s016,115,71,22
14,s016,115,70,17
14,s016,115,69,13
14,s016,115,68,7
14,s016,115,75,22
14,s016,115,74,13
14,s016,115,73,11
14,s016,115,72,5
14,s016,115,79,9
14,s016,115,78,6
14,s016,115,77,3
14,s016,115,76,5
14,s016,115,51,74
14,s016,115,50,50
14,s016,115,49,34
14,s016,115,48,20
14,s016,115,55,37
14,s016,115,54,24
14,s016,115,53,36
14,s016,115,52,13
14,s016,115,59,34
14,s016,115,58,18
14,s016,115,57,24
14,s016,115,56,13
14,s016,115,63,24
14,s016,115,62,10
14,s016,115,61,10
14,s016,115,60,10
14,s016,115,35,37
14,s016,115,34,32
14,s016,115,33,17
14,s016,115,32,13
14,s016,115,39,23
14,s016,115,38,8
14,s016,115,37,11
14,s016,115,36,3
14,s016,115,43,23
14,s016,115,42,21
14,s016,115,41,8
14,s016,115,40,7
14,s016,115,47,14
14,s016,115,46,7
14,s016,115,45,9
14,s016,115,44,6
14,s016,115,19,36
14,s016,115,18,32
14,s016,115,17,28
14,s016,115,16,18
14,s016,115,23,28
14,s016,115,22,26
14,s016,115,21,19
14,s016,115,20,10
14,s016,115,27,21
14,s016,115,26,16
14,s016,115,25,9
14,s016,115,24,4
14,s016,115,31,8
14,s016,115,30,8
14,s016,115,29,7
14,s016,115,28,3
14,s016,115,3,26
14,s016,115,2,15
14,s016,115,1,13
14,s016,115,0,5
14,s016,115,7,6
14,s016,115,6,5
14,s016,115,5,18
14,s016,115,4,8
14,s016,115,11,9
14,s016,115,10,9
14,s016,115,9,6
14,s016,115,8,4
14,s016,115,15,12
14,s016,115,14,9
14,s016,115,13,4
14,s016,115,12,3
14,s017,111,111,126
14,s017,111,110,63
14,s017,111,109,63
14,s017,111,108,32
14,s017,111,107,48
14,s017,111,106,37
14,s017,111,105,32
14,s017,111,104,14
14,s017,111,103,74
14,s017,111,102,28
14,s017,111,101,31
14,s017,111,100,19
14,s017,111,99,26
14,s017,111,98,26
14,s017,111,97,10
14,s017,111,96,8
14,s017,111,127,59
14,s017,111,126,34
14,s017,111,125,40
14,s017,111,124,25
14,s017,111,123,36
14,s017,111,122,24
14,s017,111,121,17
14,s017,111,120,12
14,s017,111,119,32
14,s017,111,118,21
14,s017,111,117,17
14,s017,111,116,9
14,s017,111,115,14
14,s017,111,114,8
14,s017,111,113,12
14,s017,111,112,5
14,s017,111,79,78
14,s017,111,78,37
14,s017,111,77,33
14,s017,111,76,23
14,s017,111,75,44
14,s017,111,74,18
14,s017,111,73,25
14,s017,111,72,13
14,s017,111,71,44
14,s017,111,70,17
14,s017,111,69,22
14,s017,111,68,16
14,s017,111,67,21
14,s017,111,66,12
14,s017,111,65,8
14,s017,111,64,6
14,s017,111,95,35
14,s017,111,94,31
14,s017,111,93,20
14,s017,111,92,8
14,s017,111,91,16
14,s017,111,90,7
14,s017,111,89,18
14,s017,111,88,4
14,s017,111,87,17
14,s017,111,86,16
14,s017,111,85,7
14,s017,111,84,10
14,s017,111,83,9
14,s017,111,82,3
14,s017,111,81,3
14,s017,111,80,2
14,s017,111,47,73
14,s017,111,46,44
14,s017,111,45,45
14,s017,111,44,21
14,s017,111,43,42
14,s017,111,42,27
14,s017,111,41,19
14,s017,111,40,12
14,s017,111,39,45
14,s017,111,38,21
14,s017,111,37,18
14,s017,111,36,12
14,s017,111,35,24
14,s017,111,34,11
14,s017,111,33,12
14,s017,111,32,10
14,s017,111,63,56
14,s017,111,62,30
14,s017,111,61,21
14,s017,111,60,7
14,s017,111,59,24
14,s017,111,58,13
14,s017,111,57,14
14,s017,111,56,6
14,s017,111,55,21
14,s017,111,54,9
14,s017,111,53,7
14,s017,111,52,9
14,s017,111,51,11
14,s017,111,50,7
14,s017,111,49,7
14,s017,111,48,7
14,s017,111,15,34
14,s017,111,14,35
14,s017,111,13,25
14,s017,111,12,13
14,s017,111,11,23
14,s017,111,10,17
14,s017,111,9,10
14,s017,111,8,8
14,s017,111,7,25
14,s017,111,6,17
14,s017,111,5,11
14,s017,111,4,7
14,s017,111,3,13
14,s017,111,2,6
14,s017,111,1,7
14,s017,111,0,3
14,s017,111,31,20
14,s017,111,30,14
14,s017,111,29,13
14,s017,111,28,6
14,s017,111,27,13
14,s017,111,26,12
14,s017,111,25,13
14,s017,111,24,4
14,s017,111,23,15
14,s017,111,22,5
14,s017,111,21,7
14,s017,111,20,2
14,s017,111,19,4
14,s017,111,18,3
14,s017,111,17,5
14,s017,111,16,6
14,s018,1,1,108
14,s018,1,0,67
14,s018,1,3,62
14,s018,1,2,46
14,s018,1,5,63
14,s018,1,4,31
14,s018,1,7,36
14,s018,1,6,20
14,s018,1,9,54
14,s018,1,8,43
14,s018,1,11,31
14,s018,1,10,22
14,s018,1,13,42
14,s018,1,12,17
14,s018,1,15,10
14,s018,1,14,10
14,s018,1,17,50
14,s018,1,16,32
14,s018,1,19,39
14,s018,1,18,16
14,s018,1,21,34
14,s018,1,20,20
14,s018,1,23,17
14,s018,1,22,16
14,s018,1,25,28
14,s018,1,24,13
14,s018,1,27,17
14,s018,1,26,14
14,s018,1,29,19
14,s018,1,28,12
14,s018,1,31,11
14,s018,1,30,6
14,s018,1,33,65
14,s018,1,32,43
14,s018,1,35,53
14,s018,1,34,15
14,s018,1,37,36
14,s018,1,36,25
14,s018,1,39,20
14,s018,1,38,15
14,s018,1,41,35
14,s018,1,40,17
14,s018,1,43,17
14,s018,1,42,7
14,s018,1,45,19
14,s018,1,44,14
14,s018,1,47,12
14,s018,1,46,8
14,s018,1,49,38
14,s018,1,48,19
14,s018,1,51,18
14,s018,1,50,15
14,s018,1,53,19
14,s018,1,52,13
14,s018,1,55,7
14,s018,1,54,4
14,s018,1,57,24
14,s018,1,56,8
14,s018,1,59,14
14,s018,1,58,8
14,s018,1,61,8
14,s018,1,60,5
14,s018,1,63,4
14,s018,1,62,3
14,s018,1,65,59
14,s018,1,64,46
14,s018,1,67,37
14,s018,1,66,16
14,s018,1,69,39
14,s018,1,68,28
14,s018,1,71,25
14,s018,1,70,14
14,s018,1,73,29
14,s018,1,72,19
14,s018,1,75,21
14,s018,1,74,18
14,s018,1,77,21
14,s018,1,76,15
14,s018,1,79,10
14,s018,1,78,6
14,s018,1,81,36
14,s018,1,80,26
14,s018,1,83,11
14,s018,1,82,12
14,s018,1,85,14
14,s018,1,84,12
14,s018,1,87,7
14,s018,1,86,6
14,s018,1,89,18
14,s018,1,88,17
14,s018,1,91,9
14,s018,1,90,5
14,s018,1,93,15
14,s018,1,92,8
14,s018,1,95,10
14,s018,1,94,3
14,s018,1,97,35
14,s018,1,96,16
14,s018,1,99,11
14,s018,1,98,15
14,s018,1,101,32
14,s018,1,100,18
14,s018,1,103,15
14,s018,1,102,11
14,s018,1,105,26
14,s018,1,104,16
14,s018,1,107,12
14,s018,1,106,15
14,s018,1,109,11
14,s018,1,108,10
14,s018,1,111,2
14,s018,1,110,8
14,s018,1,113,21
14,s018,1,112,14
14,s018,1,115,13
14,s018,1,114,14
14,s018,1,117,12
14,s018,1,116,4
14,s018,1,119,7
14,s018,1,118,4
14,s018,1,121,13
14,s018,1,120,6
14,s018,1,123,7
14,s018,1,122,5
14,s018,1,125,9
14,s018,1,124,5
14,s018,1,127,9
14,s018,1,126,6
14,s019,8,8,113
14,s019,8,9,66
14,s019,8,10,47
14,s019,8,11,27
14,s019,8,12,56
14,s019,8,13,33
14,s019,8,14,33
14,s019,8,15,17
14,s019,8,0,61
14,s019,8,1,28
14,s019,8,2,29
14,s019,8,3,17
14,s019,8,4,40
14,s019,8,5,19
14,s019,8,6,20
14,s019,8,7,11
14,s019,8,24,63
14,s019,8,25,34
14,s019,8,26,29
14,s019,8,27,16
14,s019,8,28,25
14,s019,8,29,14
14,s019,8,30,11
14,s019,8,31,10
14,s019,8,16,38
14,s019,8,17,15
14,s019,8,18,20
14,s019,8,19,9
14,s019,8,20,27
14,s019,8,21,13
14,s019,8,22,9
14,s019,8,23,6
14,s019,8,40,67
14,s019,8,41,48
14,s019,8,42,36
14,s019,8,43,23
14,s019,8,44,29
14,s019,8,45,20
14,s019,8,46,27
14,s019,8,47,21
14,s019,8,32,47
14,s019,8,33,18
14,s019,8,34,13
14,s019,8,35,19
14,s019,8,36,22
14,s019,8,37,9
14,s019,8,38,10
14,s019,8,39,10
14,s019,8,56,35
14,s019,8,57,24
14,s019,8,58,12
14,s019,8,59,8
14,s019,8,60,18
14,s019,8,61,14
14,s019,8,62,15
14,s019,8,63,10
14,s019,8,48,21
14,s019,8,49,20
14,s019,8,50,7
14,s019,8,51,5
14,s019,8,52,9
14,s019,8,53,8
14,s019,8,54,8
14,s019,8,55,1
14,s019,8,72,74
14,s019,8,73,44
14,s019,8,74,34
14,s019,8,75,26
14,s019,8,76,38
14,s019,8,77,23
14,s019,8,78,22
14,s019,8,79,19
14,s019,8,64,38
14,s019,8,65,24
14,s019,8,66,19
14,s019,8,67,8
14,s019,8,68,22
14,s019,8,69,18
14,s019,8,70,8
14,s019,8,71,7
14,s019,8,88,33
14,s019,8,89,25
14,s019,8,90,20
14,s019,8,91,15
14,s019,8,92,17
14,s019,8,93,12
14,s019,8,94,10
14,s019,8,95,5
14,s019,8,80,16
14,s019,8,81,14
14,s019,8,82,8
14,s019,8,83,7
14,s019,8,84,15
14,s019,8,85,7
14,s019,8,86,5
14,s019,8,87,3
14,s019,8,104,45
14,s019,8,105,28
14,s019,8,106,21
14,s019,8,107,16
14,s019,8,108,23
14,s019,8,109,18
14,s019,8,110,7
14,s019,8,111,5
14,s019,8,96,16
14,s019,8,97,15
14,s019,8,98,10
14,s019,8,99,8
14,s019,8,100,11
14,s019,8,101,7
14,s019,8,102,8
14,s019,8,103,4
14,s019,8,120,24
14,s019,8,121,14
14,s019,8,122,8
14,s019,8,123,6
14,s019,8,124,8
14,s019,8,125,5
14,s019,8,126,8
14,s019,8,127,5
14,s019,8,112,8
14,s019,8,113,10
14,s019,8,114,5
14,s019,8,115,5
14,s019,8,116,6
14,s019,8,117,8
14,s019,8,118,7
14,s019,8,119,3
14,s020,50,50,116
14,s020,50,51,69
14,s020,50,48,69
14,s020,50,49,42
14,s020,50,54,71
14,s020,50,55,50
14,s020,50,52,39
14,s020,50,53,14
14,s020,50,58,72
14,s020,50,59,36
14,s020,50,56,24
14,s020,50,57,17
14,s020,50,62,43
14,s020,50,63,21
14,s020,50,60,15
14,s020,50,61,13
14,s020,50,34,72
14,s020,50,35,37
14,s020,50,32,32
14,s020,50,33,6
14,s020,50,38,37
14,s020,50,39,14
14,s020,50,36,17
14,s020,50,37,14
14,s020,50,42,36
14,s020,50,43,17
14,s020,50,40,16
14,s020,50,41,10
14,s020,50,46,26
14,s020,50,47,9
14,s020,50,44,4
14,s020,50,45,5
14,s020,50,18,68
14,s020,50,19,32
14,s020,50,16,43
14,s020,50,17,23
14,s020,50,22,47
14,s020,50,23,22
14,s020,50,20,18
14,s020,50,21,4
14,s020,50,26,28
14,s020,50,27,23
14,s020,50,24,23
14,s020,50,25,12
14,s020,50,30,15
14,s020,50,31,9
14,s020,50,28,16
14,s020,50,29,1
14,s020,50,2,41
14,s020,50,3,24
14,s020,50,0,19
14,s020,50,1,10
14,s020,50,6,29
14,s020,50,7,6
14,s020,50,4,14
14,s020,50,5,5
14,s020,50,10,13
14,s020,50,11,5
14,s020,50,8,15
14,s020,50,9,5
14,s020,50,14,15
14,s020,50,15,6
14,s020,50,12,9
14,s020,50,13,5
14,s020,50,114,72
14,s020,50,115,42
14,s020,50,112,47
14,s020,50,113,23
14,s020,50,118,42
14,s020,50,119,24
14,s020,50,116,20
14,s020,50,117,11
14,s020,50,122,30
14,s020,50,123,22
14,s020,50,120,13
14,s020,50,121,13
14,s020,50,126,28
14,s020,50,127,6
14,s020,50,124,8
14,s020,50,125,6
14,s020,50,98,44
14,s020,50,99,34
14,s020,50,96,22
14,s020,50,97,14
14,s020,50,102,26
14,s020,50,103,15
14,s020,50,100,14
14,s020,50,101,4
14,s020,50,106,19
14,s020,50,107,13
14,s020,50,104,15
14,s020,50,105,12
14,s020,50,110,10
14,s020,50,111,8
14,s020,50,108,7
14,s020,50,109,6
14,s020,50,82,40
14,s020,50,83,32
14,s020,50,80,21
14,s020,50,81,19
14,s020,50,86,16
14,s020,50,87,16
14,s020,50,84,15
14,s020,50,85,7
14,s020,50,90,22
14,s020,50,91,19
14,s020,50,88,14
14,s020,50,89,9
14,s020,50,94,13
14,s020,50,95,6
14,s020,50,92,7
14,s020,50,93,10
14,s020,50,66,12
14,s020,50,67,17
14,s020,50,64,12
14,s020,50,65,5
14,s020,50,70,20
14,s020,50,71,5
14,s020,50,68,7
14,s020,50,69,3
14,s020,50,74,15
14,s020,50,75,10
14,s020,50,72,4
14,s020,50,73,4
14,s020,50,78,8
14,s020,50,79,5
14,s020,50,76,4
14,s021,59,59,110
14,s021,59,58,60
14,s021,59,57,59
14,s021,59,56,28
14,s021,59,63,68
14,s021,59,62,38
14,s021,59,61,32
14,s021,59,60,16
14,s021,59,51,57
14,s021,59,50,28
14,s021,59,49,24
14,s021,59,48,14
14,s021,59,55,26
14,s021,59,54,21
14,s021,59,53,20
14,s021,59,52,9
14,s021,59,43,63
14,s021,59,42,32
14,s021,59,41,39
14,s021,59,40,12
14,s021,59,47,26
14,s021,59,46,21
14,s021,59,45,16
14,s021,59,44,8
14,s021,59,35,32
14,s021,59,34,16
14,s021,59,33,24
14,s021,59,32,15
14,s021,59,39,17
14,s021,59,38,7
14,s021,59,37,6
14,s021,59,36,8
14,s021,59,27,74
14,s021,59,26,28
14,s021,59,25,32
14,s021,59,24,21
14,s021,59,31,51
14,s021,59,30,17
14,s021,59,29,23
14,s021,59,28,12
14,s021,59,19,32
14,s021,59,18,24
14,s021,59,17,19
14,s021,59,16,11
14,s021,59,23,13
14,s021,59,22,9
14,s021,59,21,9
14,s021,59,20,9
14,s021,59,11,45
14,s021,59,10,18
14,s021,59,9,22
14,s021,59,8,19
14,s021,59,15,16
14,s021,59,14,14
14,s021,59,13,9
14,s021,59,12,10
14,s021,59,3,20
14,s021,59,2,13
14,s021,59,1,11
14,s021,59,0,8
14,s021,59,7,11
14,s021,59,6,9
14,s021,59,5,8
14,s021,59,4,3
14,s021,59,123,67
14,s021,59,122,38
14,s021,59,121,30
14,s021,59,120,22
14,s021,59,127,44
14,s021,59,126,31
14,s021,59,125,13
14,s021,59,124,12
14,s021,59,115,32
14,s021,59,114,22
14,s021,59,113,21
14,s021,59,112,16
14,s021,59,119,24
14,s021,59,118,10
14,s021,59,117,11
14,s021,59,116,5
14,s021,59,107,33
14,s021,59,106,27
14,s021,59,105,25
14,s021,59,104,6
14,s021,59,111,19
14,s021,59,110,11
14,s021,59,109,17
14,s021,59,108,5
14,s021,59,99,23
14,s021,59,98,16
14,s021,59,97,8
14,s021,59,96,7
14,s021,59,103,13
14,s021,59,102,10
14,s021,59,101,5
14,s021,59,100,3
14,s021,59,91,42
14,s021,59,90,38
14,s021,59,89,29
14,s021,59,88,21
14,s021,59,95,25
14,s021,59,94,9
14,s021,59,93,14
14,s021,59,92,7
14,s021,59,83,17
14,s021,59,82,16
14,s021,59,81,10
14,s021,59,80,9
14,s021,59,87,10
14,s021,59,86,8
14,s021,59,85,6
14,s021,59,84,3
14,s021,59,75,27
14,s021,59,74,10
14,s021,59,73,12
14,s021,59,72,8
14,s021,59,79,14
14,s021,59,78,5
14,s021,59,77,10
14,s021,59,76,2
14,s021,59,67,10
14,s021,59,66,8
14,s021,59,65,6
14,s021,59,64,5
14,s021,59,71,10
14,s021,59,70,4
14,s021,59,69,2
14,s021,59,68,8
14,s022,90,90,132
14,s022,90,91,61
14,s022,90,88,54
14,s022,90,89,40
14,s022,90,94,70
14,s022,90,95,28
14,s022,90,92,37
14,s022,90,93,26
14,s022,90,82,56
14,s022,90,83,36
14,s022,90,80,41
14,s022,90,81,14
14,s022,90,86,37
14,s022,90,87,23
14,s022,90,84,21
14,s022,90,85,11
14,s022,90,74,59
14,s022,90,75,28
14,s022,90,72,39
14,s022,90,73,18
14,s022,90,78,40
14,s022,90,79,24
14,s022,90,76,19
14,s022,90,77,13
14,s022,90,66,36
14,s022,90,67,18
14,s022,90,64,14
14,s022,90,65,4
14,s022,90,70,19
14,s022,90,71,16
14,s022,90,68,9
14,s022,90,69,9
14,s022,90,122,66
14,s022,90,123,45
14,s022,90,120,46
14,s022,90,121,29
14,s022,90,126,40
14,s022,90,127,27
14,s022,90,124,17
14,s022,90,125,20
14,s022,90,114,36
14,s022,90,115,20
14,s022,90,112,21
14,s022,90,113,11
14,s022,90,118,18
14,s022,90,119,17
14,s022,90,116,10
14,s022,90,117,6
14,s022,90,106,41
14,s022,90,107,21
14,s022,90,104,17
14,s022,90,105,7
14,s022,90,110,20
14,s022,90,111,15
14,s022,90,108,8
14,s022,90,109,5
14,s022,90,98,20
14,s022,90,99,15
14,s022,90,96,9
14,s022,90,97,4
14,s022,90,102,9
14,s022,90,103,2
14,s022,90,100,7
14,s022,90,101,5
14,s022,90,26,73
14,s022,90,27,55
14,s022,90,24,43
14,s022,90,25,20
14,s022,90,30,39
14,s022,90,31,24
14,s022,90,28,20
14,s022,90,29,18
14,s022,90,18,41
14,s022,90,19,32
14,s022,90,16,14
14,s022,90,17,9
14,s022,90,22,21
14,s022,90,23,15
14,s022,90,20,7
14,s022,90,21,10
14,s022,90,10,44
14,s022,90,11,19
14,s022,90,8,23
14,s022,90,9,8
14,s022,90,14,31
14,s022,90,15,13
14,s022,90,12,11
14,s022,90,13,11
14,s022,90,2,16
14,s022,90,3,16
14,s022,90,0,7
14,s022,90,1,13
14,s022,90,6,11
14,s022,90,7,11
14,s022,90,4,5
14,s022,90,5,5
14,s022,90,58,31
14,s022,90,59,35
14,s022,90,56,25
14,s022,90,57,14
14,s022,90,62,16
14,s022,90,63,14
14,s022,90,60,14
14,s022,90,61,12
14,s022,90,50,27
14,s022,90,51,12
14,s022,90,48,19
14,s022,90,49,8
14,s022,90,54,16
14,s022,90,55,6
14,s022,90,52,10
14,s022,90,53,2
14,s022,90,42,14
14,s022,90,43,19
14,s022,90,40,15
14,s022,90,41,8
14,s022,90,46,21
14,s022,90,47,14
14,s022,90,44,8
14,s022,90,45,5
14,s022,90,34,13
14,s022,90,35,6
14,s022,90,32,10
14,s022,90,33,4
14,s022,90,38,7
14,s022,90,39,4
14,s022,90,36,4
14,s022,90,37,4
14,s023,127,127,111
14,s023,127,126,63
14,s023,127,125,59
14,s023,127,124,34
14,s023,127,123,59
14,s023,127,122,44
14,s023,127,121,36
14,s023,127,120,15
14,s023,127,119,65
14,s023,127,118,37
14,s023,127,117,35
14,s023,127,116,24
14,s023,127,115,35
14,s023,127,114,21
14,s023,127,113,13
14,s023,127,112,8
14,s023,127,111,54
14,s023,127,110,36
14,s023,127,109,34
14,s023,127,108,21
14,s023,127,107,35
14,s023,127,106,21
14,s023,127,105,21
14,s023,127,104,9
14,s023,127,103,32
14,s023,127,102,17
14,s023,127,101,12
14,s023,127,100,4
14,s023,127,99,13
14,s023,127,98,8
14,s023,127,97,14
14,s023,127,96,3
14,s023,127,95,58
14,s023,127,94,38
14,s023,127,93,37
14,s023,127,92,26
14,s023,127,91,48
14,s023,127,90,15
14,s023,127,89,24
14,s023,127,88,14
14,s023,127,87,43
14,s023,127,86,15
14,s023,127,85,20
14,s023,127,84,15
14,s023,127,83,30
14,s023,127,82,8
14,s023,127,81,11
14,s023,127,80,4
14,s023,127,79,43
14,s023,127,78,19
14,s023,127,77,19
14,s023,127,76,7
14,s023,127,75,17
14,s023,127,74,15
14,s023,127,73,10
14,s023,127,72,3
14,s023,127,71,27
14,s023,127,70,9
14,s023,127,69,9
14,s023,127,68,11
14,s023,127,67,12
14,s023,127,66,5
14,s023,127,65,7
14,s023,127,64,5
14,s023,127,63,62
14,s023,127,62,49
14,s023,127,61,34
14,s023,127,60,18
14,s023,127,59,52
14,s023,127,58,29
14,s023,127,57,27
14,s023,127,56,20
14,s023,127,55,40
14,s023,127,54,25
14,s023,127,53,18
14,s023,127,52,13
14,s023,127,51,20
14,s023,127,50,12
14,s023,127,49,16
14,s023,127,48,6
14,s023,127,47,40
14,s023,127,46,23
14,s023,127,45,20
14,s023,127,44,9
14,s023,127,43,21
14,s023,127,42,6
14,s023,127,41,12
14,s023,127,40,11
14,s023,127,39,27
14,s023,127,38,16
14,s023,127,37,8
14,s023,127,36,7
14,s023,127,35,12
14,s023,127,34,16
14,s023,127,33,11
14,s023,127,32,3
14,s023,127,31,45
14,s023,127,30,31
14,s023,127,29,24
14,s023,127,28,18
14,s023,127,27,28
14,s023,127,26,19
14,s023,127,25,15
14,s023,127,24,12
14,s023,127,23,24
14,s023,127,22,23
14,s023,127,21,9
14,s023,127,20,15
14,s023,127,19,13
14,s023,127,18,9
14,s023,127,17,8
14,s023,127,16,4
14,s023,127,15,24
14,s023,127,14,15
14,s023,127,13,16
14,s023,127,12,4
14,s023,127,11,12
14,s023,127,10,9
14,s023,127,9,9
14,s023,127,8,8
14,s023,127,7,15
14,s023,127,6,6
14,s023,127,5,1
14,s023,127,4,3
14,s023,127,3,10
14,s023,127,2,7
14,s023,127,1,3
14,s023,127,0,4
14,s024,120,120,111
14,s024,120,121,68
14,s024,120,122,62
14,s024,120,123,40
14,s024,120,124,55
14,s024,120,125,28
14,s024,120,126,39
14,s024,120,127,18
14,s024,120,112,58
14,s024,120,113,40
14,s024,120,114,42
14,s024,120,115,19
14,s024,120,116,46
14,s024,120,117,32
14,s024,120,118,15
14,s024,120,119,13
14,s024,120,104,70
14,s024,120,105,39
14,s024,120,106,36
14,s024,120,107,15
14,s024,120,108,29
14,s024,120,109,14
14,s024,120,110,18
14,s024,120,111,19
14,s024,120,96,39
14,s024,120,97,26
14,s024,120,98,21
14,s024,120,99,12
14,s024,120,100,14
14,s024,120,101,11
14,s024,120,102,10
14,s024,120,103,2
14,s024,120,88,70
14,s024,120,89,42
14,s024,120,90,53
14,s024,120,91,13
14,s024,120,92,42
14,s024,120,93,26
14,s024,120,94,25
14,s024,120,95,6
14,s024,120,80,40
14,s024,120,81,19
14,s024,120,82,20
14,s024,120,83,8
14,s024,120,84,25
14,s024,120,85,19
14,s024,120,86,14
14,s024,120,87,8
14,s024,120,72,29
14,s024,120,73,22
14,s024,120,74,25
14,s024,120,75,16
14,s024,120,76,17
14,s024,120,77,14
14,s024,120,78,13
14,s024,120,79,9
14,s024,120,64,17
14,s024,120,65,13
14,s024,120,66,15
14,s024,120,67,3
14,s024,120,68,9
14,s024,120,69,7
14,s024,120,70,6
14,s024,120,71,4
14,s024,120,56,74
14,s024,120,57,44
14,s024,120,58,44
14,s024,120,59,21
14,s024,120,60,40
14,s024,120,61,13
14,s024,120,62,18
14,s024,120,63,14
14,s024,120,48,40
14,s024,120,49,31
14,s024,120,50,17
14,s024,120,51,12
14,s024,120,52,31
14,s024,120,53,15
14,s024,120,54,11
14,s024,120,55,6
14,s024,120,40,43
14,s024,120,41,30
14,s024,120,42,23
14,s024,120,43,13
14,s024,120,44,27
14,s024,120,45,12
14,s024,120,46,10
14,s024,120,47,13
14,s024,120,32,12
14,s024,120,33,16
14,s024,120,34,14
14,s024,120,35,7
14,s024,120,36,8
14,s024,120,37,9
14,s024,120,38,6
14,s024,120,39,2
14,s024,120,24,51
14,s024,120,25,24
14,s024,120,26,27
14,s024,120,27,18
14,s024,120,28,24
14,s024,120,29,20
14,s024,120,30,23
14,s024,120,31,12
14,s024,120,16,21
14,s024,120,17,15
14,s024,120,18,4
14,s024,120,19,7
14,s024,120,20,17
14,s024,120,21,9
14,s024,120,22,9
14,s024,120,23,3
14,s024,120,8,26
14,s024,120,9,17
14,s024,120,10,14
14,s024,120,11,9
14,s024,120,12,19
14,s024,120,13,12
14,s024,120,14,13
14,s024,120,15,3
14,s024,120,0,9
14,s024,120,1,7
14,s024,120,2,10
14,s024,120,3,7
14,s024,120,4,7
14,s024,120,5,3
14,s024,120,6,8
14,s024,120,7,2
14,s025,17,17,96
14,s025,17,16,55
14,s025,17,19,59
14,s025,17,18,26
14,s025,17,21,53
14,s025,17,20,42
14,s025,17,23,38
14,s025,17,22,12
14,s025,17,25,58
14,s025,17,24,24
14,s025,17,27,18
14,s025,17,26,21
14,s025,17,29,33
14,s025,17,28,16
14,s025,17,31,16
14,s025,17,30,7
14,s025,17,1,62
14,s025,17,0,32
14,s025,17,3,29
14,s025,17,2,22
14,s025,17,5,27
14,s025,17,4,21
14,s025,17,7,10
14,s025,17,6,6
14,s025,17,9,36
14,s025,17,8,14
14,s025,17,11,15
14,s025,17,10,14
14,s025,17,13,18
14,s025,17,12,17
14,s025,17,15,12
14,s025,17,14,5
14,s025,17,49,78
14,s025,17,48,44
14,s025,17,51,37
14,s025,17,50,24
14,s025,17,53,40
14,s025,17,52,21
14,s025,17,55,14
14,s025,17,54,10
14,s025,17,57,50
14,s025,17,56,16
14,s025,17,59,20
14,s025,17,58,12
14,s025,17,61,23
14,s025,17,60,11
14,s025,17,63,9
14,s025,17,62,6
14,s025,17,33,40
14,s025,17,32,21
14,s025,17,35,21
14,s025,17,34,15
14,s025,17,37,25
14,s025,17,36,9
14,s025,17,39,10
14,s025,17,38,10
14,s025,17,41,17
14,s025,17,40,11
14,s025,17,43,12
14,s025,17,42,7
14,s025,17,45,14
14,s025,17,44,8
14,s025,17,47,1
14,s025,17,46,3
14,s025,17,81,65
14,s025,17,80,49
14,s025,17,83,33
14,s025,17,82,24
14,s025,17,85,32
14,s025,17,84,28
14,s025,17,87,24
14,s025,17,86,14
14,s025,17,89,35
14,s025,17,88,26
14,s025,17,91,19
14,s025,17,90,8
14,s025,17,93,26
14,s025,17,92,20
14,s025,17,95,13
14,s025,17,94,5
14,s025,17,65,32
14,s025,17,64,22
14,s025,17,67,24
14,s025,17,66,7
14,s025,17,69,24
14,s025,17,68,8
14,s025,17,71,18
14,s025,17,70,7
14,s025,17,73,26
14,s025,17,72,14
14,s025,17,75,8
14,s025,17,74,8
14,s025,17,77,12
14,s025,17,76,8
14,s025,17,79,6
14,s025,17,78,7
14,s025,17,113,52
14,s025,17,112,29
14,s025,17,115,23
14,s025,17,114,12
14,s025,17,117,28
14,s025,17,116,16
14,s025,17,119,12
14,s025,17,118,9
14,s025,17,121,17
14,s025,17,120,16
14,s025,17,123,15
14,s025,17,122,6
14,s025,17,125,16
14,s025,17,124,6
14,s025,17,127,10
14,s025,17,126,6
14,s025,17,97,20
14,s025,17,96,12
14,s025,17,99,15
14,s025,17,98,7
14,s025,17,101,15
14,s025,17,100,19
14,s025,17,103,9
14,s025,17,102,4
14,s025,17,105,16
14,s025,17,104,10
14,s025,17,107,10
14,s025,17,106,2
14,s025,17,109,7
14,s025,17,108,1
14,s025,17,111,6
14,s025,17,110,7
14,s026,83,83,120
14,s026,83,82,64
14,s026,83,81,45
14,s026,83,80,27
14,s026,83,87,52
14,s026,83,86,31
14,s026,83,85,34
14,s026,83,84,13
14,s026,83,91,63
14,s026,83,90,31
14,s026,83,89,36
14,s026,83,88,23
14,s026,83,95,36
14,s026,83,94,18
14,s026,83,93,12
14,s026,83,92,5
14,s026,83,67,65
14,s026,83,66,33
14,s026,83,65,31
14,s026,83,64,24
14,s026,83,71,31
14,s026,83,70,16
14,s026,83,69,24
14,s026,83,68,7
14,s026,83,75,28
14,s026,83,74,14
14,s026,83,73,15
14,s026,83,72,9
14,s026,83,79,27
14,s026,83,78,11
14,s026,83,77,8
14,s026,83,76,5
14,s026,83,115,70
14,s026,83,114,34
14,s026,83,113,39
14,s026,83,112,18
14,s026,83,119,37
14,s026,83,118,14
14,s026,83,117,19
14,s026,83,116,16
14,s026,83,123,41
14,s026,83,122,22
14,s026,83,121,21
14,s026,83,120,8
14,s026,83,127,25
14,s026,83,126,16
14,s026,83,125,12
14,s026,83,124,8
14,s026,83,99,31
14,s026,83,98,28
14,s026,83,97,19
14,s026,83,96,6
14,s026,83,103,17
14,s026,83,102,11
14,s026,83,101,15
14,s026,83,100,7
14,s026,83,107,13
14,s026,83,106,9
14,s026,83,105,6
14,s026,83,104,11
14,s026,83,111,14
14,s026,83,110,5
14,s026,83,109,11
14,s026,83,108,1
14,s026,83,19,74
14,s026,83,18,50
14,s026,83,17,29
14,s026,83,16,26
14,s026,83,23,35
14,s026,83,22,28
14,s026,83,21,30
14,s026,83,20,15
14,s026,83,27,37
14,s026,83,26,18
14,s026,83,25,18
14,s026,83,24,10
14,s026,83,31,30
14,s026,83,30,7
14,s026,83,29,6
14,s026,83,28,5
14,s026,83,3,44
14,s026,83,2,36
14,s026,83,1,20
14,s026,83,0,18
14,s026,83,7,23
14,s026,83,6,16
14,s026,83,5,15
14,s026,83,4,8
14,s026,83,11,24
14,s026,83,10,11
14,s026,83,9,7
14,s026,83,8,3
14,s026,83,15,11
14,s026,83,14,8
14,s026,83,13,4
14,s026,83,12,7
14,s026,83,51,39
14,s026,83,50,26
14,s026,83,49,17
14,s026,83,48,8
14,s026,83,55,27
14,s026,83,54,16
14,s026,83,53,13
14,s026,83,52,3
14,s026,83,59,22
14,s026,83,58,6
14,s026,83,57,17
14,s026,83,56,4
14,s026,83,63,14
14,s026,83,62,4
14,s026,83,61,5
14,s026,83,60,1
14,s026,83,35,23
14,s026,83,34,13
14,s026,83,33,16
14,s026,83,32,13
14,s026,83,39,12
14,s026,83,38,13
14,s026,83,37,7
14,s026,83,36,7
14,s026,83,43,13
14,s026,83,42,12
14,s026,83,41,7
14,s026,83,40,5
14,s026,83,47,8
14,s026,83,46,5
14,s026,83,45,7
14,s026,83,44,2
14,s027,99,99,114
14,s027,99,98,76
14,s027,99,97,62
14,s027,99,96,31
14,s027,99,103,57
14,s027,99,102,40
14,s027,99,101,46
14,s027,99,100,28
14,s027,99,107,72
14,s027,99,106,26
14,s027,99,105,36
14,s027,99,104,22
14,s027,99,111,36
14,s027,99,110,19
14,s027,99,109,16
14,s027,99,108,7
14,s027,99,115,67
14,s027,99,114,35
14,s027,99,113,30
14,s027,99,112,14
14,s027,99,119,34
14,s027,99,118,32
14,s027,99,117,24
14,s027,99,116,14
14,s027,99,123,38
14,s027,99,122,14
14,s027,99,121,27
14,s027,99,120,7
14,s027,99,127,20
14,s027,99,126,13
14,s027,99,125,14
14,s027,99,124,3
14,s027,99,67,80
14,s027,99,66,47
14,s027,99,65,35
14,s027,99,64,27
14,s027,99,71,36
14,s027,99,70,19
14,s027,99,69,14
14,s027,99,68,12
14,s027,99,75,26
14,s027,99,74,20
14,s027,99,73,20
14,s027,99,72,10
14,s027,99,79,18
14,s027,99,78,15
14,s027,99,77,11
14,s027,99,76,6
14,s027,99,83,38
14,s027,99,82,27
14,s027,99,81,21
14,s027,99,80,23
14,s027,99,87,32
14,s027,99,86,14
14,s027,99,85,13
14,s027,99,84,5
14,s027,99,91,21
14,s027,99,90,15
14,s027,99,89,13
14,s027,99,88,1
14,s027,99,95,24
14,s027,99,94,12
14,s027,99,93,9
14,s027,99,92,7
14,s027,99,35,66
14,s027,99,34,52
14,s027,99,33,45
14,s027,99,32,25
14,s027,99,39,53
14,s027,99,38,25
14,s027,99,37,21
14,s027,99,36,20
14,s027,99,43,44
14,s027,99,42,23
14,s027,99,41,17
14,s027,99,40,12
14,s027,99,47,23
14,s027,99,46,11
14,s027,99,45,11
14,s027,99,44,4
14,s027,99,51,36
14,s027,99,50,31
14,s027,99,49,15
14,s027,99,48,11
14,s027,99,55,30
14,s027,99,54,8
14,s027,99,53,5
14,s027,99,52,8
14,s027,99,59,18
14,s027,99,58,15
14,s027,99,57,8
14,s027,99,56,9
14,s027,99,63,13
14,s027,99,62,7
14,s027,99,61,5
14,s027,99,60,8
14,s027,99,3,36
14,s027,99,2,28
14,s027,99,1,18
14,s027,99,0,19
14,s027,99,7,30
14,s027,99,6,18
14,s027,99,5,11
14,s027,99,4,9
14,s027,99,11,20
14,s027,99,10,13
14,s027,99,9,9
14,s027,99,8,13
14,s027,99,15,17
14,s027,99,14,10
14,s027,99,13,10
14,s027,99,12,7
14,s027,99,19,26
14,s027,99,18,14
14,s027,99,17,12
14,s027,99,16,7
14,s027,99,23,15
14,s027,99,22,7
14,s027,99,21,5
14,s027,99,20,7
14,s027,99,27,16
14,s027,99,26,10
14,s027,99,25,4
14,s027,99,24,7
14,s027,99,31,6
14,s027,99,30,3
14,s027,99,29,1
14,s027,99,28,2
14,s028,101,101,112
14,s028,101,100,76
14,s028,101,103,69
14,s028,101,102,38
14,s028,101,97,64
14,s028,101,96,37
14,s028,101,99,44
14,s028,101,98,21
14,s028,101,109,49
14,s028,101,108,31
14,s028,101,111,26
14,s028,101,110,19
14,s028,101,105,30
14,s028,101,104,19
14,s028,101,107,18
14,s028,101,106,5
14,s028,101,117,53
14,s028,101,116,37
14,s028,101,119,43
14,s028,101,118,22
14,s028,101,113,39
14,s028,101,112,16
14,s028,101,115,15
14,s028,101,114,8
14,s028,101,125,27
14,s028,101,124,17
14,s028,101,127,23
14,s028,101,126,4
14,s028,101,121,20
14,s028,101,120,16
14,s028,101,123,10
14,s028,101,122,8
14,s028,101,69,60
14,s028,101,68,46
14,s028,101,71,40
14,s028,101,70,33
14,s028,101,65,33
14,s028,101,64,22
14,s028,101,67,14
14,s028,101,66,13
14,s028,101,77,28
14,s028,101,76,22
14,s028,101,79,18
14,s028,101,78,12
14,s028,101,73,22
14,s028,101,72,16
14,s028,101,75,10
14,s028,101,74,6
14,s028,101,85,36
14,s028,101,84,24
14,s028,101,87,23
14,s028,101,86,18
14,s028,101,81,20
14,s028,101,80,8
14,s028,101,83,6
14,s028,101,82,6
14,s028,101,93,24
14,s028,101,92,11
14,s028,101,95,16
14,s028,101,94,5
14,s028,101,89,17
14,s028,101,88,5
14,s028,101,91,11
14,s028,101,90,1
14,s028,101,37,75
14,s028,101,36,40
14,s028,101,39,40
14,s028,101,38,19
14,s028,101,33,37
14,s028,101,32,24
14,s028,101,35,18
14,s028,101,34,12
14,s028,101,45,32
14,s028,101,44,18
14,s028,101,47,15
14,s028,101,46,9
14,s028,101,41,17
14,s028,101,40,14
14,s028,101,43,17
14,s028,101,42,13
14,s028,101,53,35
14,s028,101,52,33
14,s028,101,55,23
14,s028,101,54,18
14,s028,101,49,21
14,s028,101,48,15
14,s028,101,51,10
14,s028,101,50,10
14,s028,101,61,25
14,s028,101,60,15
14,s028,101,63,15
14,s028,101,62,7
14,s028,101,57,14
14,s028,101,56,6
14,s028,101,59,5
14,s028,101,58,5
14,s028,101,5,40
14,s028,101,4,28
14,s028,101,7,25
14,s028,101,6,11
14,s028,101,1,18
14,s028,101,0,18
14,s028,101,3,8
14,s028,101,2,14
14,s028,101,13,17
14,s028,101,12,12
14,s028,101,15,10
14,s028,101,14,9
14,s028,101,9,15
14,s028,101,8,9
14,s028,101,11,12
14,s028,101,10,5
14,s028,101,21,22
14,s028,101,20,24
14,s028,101,23,7
14,s028,101,22,8
14,s028,101,17,10
14,s028,101,16,9
14,s028,101,19,5
14,s028,101,18,10
14,s028,101,29,13
14,s028,101,28,8
14,s028,101,31,9
14,s028,101,30,4
14,s028,101,25,9
14,s028,101,24,3
14,s028,101,27,3
14,s028,101,26,2
14,s029,40,40,108
14,s029,40,41,77
14,s029,40,42,62
14,s029,40,43,38
14,s029,40,44,65
14,s029,40,45,28
14,s029,40,46,28
14,s029,40,47,21
14,s029,40,32,61
14,s029,40,33,34
14,s029,40,34,31
14,s029,40,35,18
14,s029,40,36,32
14,s029,40,37,9
14,s029,40,38,12
14,s029,40,39,9
14,s029,40,56,71
14,s029,40,57,38
14,s029,40,58,26
14,s029,40,59,24
14,s029,40,60,36
14,s029,40,61,25
14,s029,40,62,14
14,s029,40,63,10
14,s029,40,48,28
14,s029,40,49,10
14,s029,40,50,13
14,s029,40,51,13
14,s029,40,52,17
14,s029,40,53,9
14,s029,40,54,5
14,s029,40,55,11
14,s029,40,8,72
14,s029,40,9,48
14,s029,40,10,42
14,s029,40,11,18
14,s029,40,12,47
14,s029,40,13,18
14,s029,40,14,13
14,s029,40,15,14
14,s029,40,0,22
14,s029,40,1,21
14,s029,40,2,15
14,s029,40,3,11
14,s029,40,4,25
14,s029,40,5,17
14,s029,40,6,5
14,s029,40,7,7
14,s029,40,24,39
14,s029,40,25,18
14,s029,40,26,20
14,s029,40,27,16
14,s029,40,28,28
14,s029,40,29,10
14,s029,40,30,14
14,s029,40,31,4
14,s029,40,16,23
14,s029,40,17,12
14,s029,40,18,10
14,s029,40,19,5
14,s029,40,20,9
14,s029,40,21,10
14,s029,40,22,4
14,s029,40,23,1
14,s029,40,104,75
14,s029,40,105,29
14,s029,40,106,32
14,s029,40,107,24
14,s029,40,108,46
14,s029,40,109,23
14,s029,40,110,25
14,s029,40,111,12
14,s029,40,96,34
14,s029,40,97,33
14,s029,40,98,16
14,s029,40,99,9
14,s029,40,100,15
14,s029,40,101,16
14,s029,40,102,12
14,s029,40,103,8
14,s029,40,120,39
14,s029,40,121,19
14,s029,40,122,19
14,s029,40,123,12
14,s029,40,124,34
14,s029,40,125,12
14,s029,40,126,8
14,s029,40,127,11
14,s029,40,112,14
14,s029,40,113,7
14,s029,40,114,8
14,s029,40,115,7
14,s029,40,116,9
14,s029,40,117,16
14,s029,40,118,7
14,s029,40,119,7
14,s029,40,72,41
14,s029,40,73,28
14,s029,40,74,20
14,s029,40,75,10
14,s029,40,76,22
14,s029,40,77,13
14,s029,40,78,11
14,s029,40,79,7
14,s029,40,64,21
14,s029,40,65,16
14,s029,40,66,15
14,s029,40,67,5
14,s029,40,68,16
14,s029,40,69,15
14,s029,40,70,6
14,s029,40,71,4
14,s029,40,88,18
14,s029,40,89,13
14,s029,40,90,12
14,s029,40,91,4
14,s029,40,92,11
14,s029,40,93,10
14,s029,40,94,7
14,s029,40,95,4
14,s029,40,80,13
14,s029,40,81,6
14,s029,40,82,6
14,s029,40,83,5
14,s029,40,84,3
14,s029,40,85,9
14,s029,40,86,7
14,s029,40,87,6
14,s030,4,4,118
14,s030,4,5,59
14,s030,4,6,66
14,s030,4,7,35
14,s030,4,0,68
14,s030,4,1,41
14,s030,4,2,31
14,s030,4,3,16
14,s030,4,12,64
14,s030,4,13,25
14,s030,4,14,36
14,s030,4,15,16
14,s030,4,8,37
14,s030,4,9,25
14,s030,4,10,17
14,s030,4,11,8
14,s030,4,20,63
14,s030,4,21,43
14,s030,4,22,30
14,s030,4,23,21
14,s030,4,16,43
14,s030,4,17,22
14,s030,4,18,17
14,s030,4,19,7
14,s030,4,28,30
14,s030,4,29,14
14,s030,4,30,21
14,s030,4,31,14
14,s030,4,24,27
14,s030,4,25,13
14,s030,4,26,9
14,s030,4,27,5
14,s030,4,36,66
14,s030,4,37,42
14,s030,4,38,34
14,s030,4,39,29
14,s030,4,32,30
14,s030,4,33,19
14,s030,4,34,32
14,s030,4,35,14
14,s030,4,44,33
14,s030,4,45,26
14,s030,4,46,18
14,s030,4,47,22
14,s030,4,40,30
14,s030,4,41,10
14,s030,4,42,15
14,s030,4,43,7
14,s030,4,52,40
14,s030,4,53,23
14,s030,4,54,20
14,s030,4,55,9
14,s030,4,48,21
14,s030,4,49,9
14,s030,4,50,14
14,s030,4,51,5
14,s030,4,60,28
14,s030,4,61,15
14,s030,4,62,10
14,s030,4,63,3
14,s030,4,56,10
14,s030,4,57,5
14,s030,4,58,8
14,s030,4,59,6
14,s030,4,68,70
14,s030,4,69,59
14,s030,4,70,40
14,s030,4,71,30
14,s030,4,64,33
14,s030,4,65,29
14,s030,4,66,20
14,s030,4,67,12
14,s030,4,76,47
14,s030,4,77,14
14,s030,4,78,10
14,s030,4,79,16
14,s030,4,72,24
14,s030,4,73,11
14,s030,4,74,10
14,s030,4,75,3
14,s030,4,84,34
14,s030,4,85,22
14,s030,4,86,17
14,s030,4,87,19
14,s030,4,80,15
14,s030,4,81,18
14,s030,4,82,5
14,s030,4,83,10
14,s030,4,92,19
14,s030,4,93,9
14,s030,4,94,11
14,s030,4,95,8
14,s030,4,88,11
14,s030,4,89,11
14,s030,4,90,6
14,s030,4,91,2
14,s030,4,100,44
14,s030,4,101,27
14,s030,4,102,28
14,s030,4,103,17
14,s030,4,96,26
14,s030,4,97,16
14,s030,4,98,10
14,s030,4,99,7
14,s030,4,108,19
14,s030,4,109,9
14,s030,4,110,8
14,s030,4,111,8
14,s030,4,104,8
14,s030,4,105,10
14,s030,4,106,8
14,s030,4,107,4
14,s030,4,116,26
14,s030,4,117,14
14,s030,4,118,14
14,s030,4,119,7
14,s030,4,112,18
14,s030,4,113,11
14,s030,4,114,5
14,s030,4,115,3
14,s030,4,124,14
14,s030,4,125,6
14,s030,4,126,5
14,s030,4,127,5
14,s030,4,120,6
14,s030,4,121,3
14,s030,4,122,4
14,s030,4,123,1
14,s031,122,122,113
14,s031,122,123,73
14,s031,122,120,59
14,s031,122,121,24
14,s031,122,126,48
14,s031,122,127,35
14,s031,122,124,40
14,s031,122,125,15
14,s031,122,114,51
14,s031,122,115,36
14,s031,122,112,20
14,s031,122,113,16
14,s031,122,118,24
14,s031,122,119,23
14,s031,122,116,6
14,s031,122,117,7
14,s031,122,106,74
14,s031,122,107,35
14,s031,122,104,39
14,s031,122,105,17
14,s031,122,110,27
14,s031,122,111,19
14,s031,122,108,15
14,s031,122,109,10
14,s031,122,98,33
14,s031,122,99,14
14,s031,122,96,17
14,s031,122,97,12
14,s031,122,102,14
14,s031,122,103,11
14,s031,122,100,10
14,s031,122,101,10
14,s031,122,90,62
14,s031,122,91,36
14,s031,122,88,32
14,s031,122,89,21
14,s031,122,94,34
14,s031,122,95,23
14,s031,122,92,15
14,s031,122,93,6
14,s031,122,82,41
14,s031,122,83,27
14,s031,122,80,28
14,s031,122,81,12
14,s031,122,86,28
14,s031,122,87,14
14,s031,122,84,6
14,s031,122,85,8
14,s031,122,74,40
14,s031,122,75,19
14,s031,122,72,27
14,s031,122,73,10
14,s031,122,78,17
14,s031,122,79,14
14,s031,122,76,9
14,s031,122,77,5
14,s031,122,66,14
14,s031,122,67,10
14,s031,122,64,9
14,s031,122,65,10
14,s031,122,70,12
14,s031,122,71,6
14,s031,122,68,6
14,s031,122,69,3
14,s031,122,58,76
14,s031,122,59,50
14,s031,122,56,31
14,s031,122,57,30
14,s031,122,62,41
14,s031,122,63,19
14,s031,122,60,9
14,s031,122,61,14
14,s031,122,50,38
14,s031,122,51,17
14,s031,122,48,16
14,s031,122,49,14
14,s031,122,54,25
14,s031,122,55,7
14,s031,122,52,6
14,s031,122,53,6
14,s031,122,42,42
14,s031,122,43,30
14,s031,122,40,14
14,s031,122,41,23
14,s031,122,46,26
14,s031,122,47,15
14,s031,122,44,10
14,s031,122,45,8
14,s031,122,34,20
14,s031,122,35,11
14,s031,122,32,7
14,s031,122,33,5
14,s031,122,38,12
14,s031,122,39,10
14,s031,122,36,4
14,s031,122,37,3
14,s031,122,26,46
14,s031,122,27,23
14,s031,122,24,16
14,s031,122,25,14
14,s031,122,30,23
14,s031,122,31,18
14,s031,122,28,16
14,s031,122,29,8
14,s031,122,18,25
14,s031,122,19,15
14,s031,122,16,11
14,s031,122,17,9
14,s031,122,22,12
14,s031,122,23,6
14,s031,122,20,7
14,s031,122,21,5
14,s031,122,10,26
14,s031,122,11,15
14,s031,122,8,13
14,s031,122,9,4
14,s031,122,14,16
14,s031,122,15,8
14,s031,122,12,7
14,s031,122,13,1
14,s031,122,2,8
14,s031,122,3,7
14,s031,122,0,6
14,s031,122,1,9
14,s031,122,6,4
14,s031,122,7,7
14,s031,122,4,2
14,s031,122,5,3
14,s032,73,73,106
14,s032,73,72,62
14,s032,73,75,53
14,s032,73,74,35
14,s032,73,77,67
14,s032,73,76,30
14,s032,73,79,35
14,s032,73,78,14
14,s032,73,65,62
14,s032,73,64,37
14,s032,73,67,35
14,s032,73,66,10
14,s032,73,69,24
14,s032,73,68,16
14,s032,73,71,8
14,s032,73,70,6
14,s032,73,89,65
14,s032,73,88,37
14,s032,73,91,26
14,s032,73,90,21
14,s032,73,93,30
14,s032,73,92,22
14,s032,73,95,17
14,s032,73,94,8
14,s032,73,81,30
14,s032,73,80,18
14,s032,73,83,14
14,s032,73,82,8
14,s032,73,85,23
14,s032,73,84,3
14,s032,73,87,8
14,s032,73,86,8
14,s032,73,105,68
14,s032,73,104,38
14,s032,73,107,34
14,s032,73,106,27
14,s032,73,109,36
14,s032,73,108,22
14,s032,73,111,18
14,s032,73,110,13
14,s032,73,97,24
14,s032,73,96,20
14,s032,73,99,14
14,s032,73,98,2
14,s032,73,101,21
14,s032,73,100,7
14,s032,73,103,11
14,s032,73,102,3
14,s032,73,121,34
14,s032,73,120,25
14,s032,73,123,22
14,s032,73,122,13
14,s032,73,125,25
14,s032,73,124,15
14,s032,73,127,10
14,s032,73,126,8
14,s032,73,113,12
14,s032,73,112,12
14,s032,73,115,10
14,s032,73,114,4
14,s032,73,117,14
14,s032,73,116,2
14,s032,73,119,6
14,s032,73,118,4
14,s032,73,9,67
14,s032,73,8,43
14,s032,73,11,38
14,s032,73,10,22
14,s032,73,13,50
14,s032,73,12,28
14,s032,73,15,25
14,s032,73,14,14
14,s032,73,1,38
14,s032,73,0,18
14,s032,73,3,11
14,s032,73,2,13
14,s032,73,5,18
14,s032,73,4,10
14,s032,73,7,14
14,s032,73,6,4
14,s032,73,25,38
14,s032,73,24,31
14,s032,73,27,23
14,s032,73,26,15
14,s032,73,29,24
14,s032,73,28,16
14,s032,73,31,10
14,s032,73,30,8
14,s032,73,17,19
14,s032,73,16,12
14,s032,73,19,12
14,s032,73,18,2
14,s032,73,21,14
14,s032,73,20,10
14,s032,73,23,1
14,s032,73,22,3
14,s032,73,41,41
14,s032,73,40,21
14,s032,73,43,18
14,s032,73,42,16
14,s032,73,45,33
14,s032,73,44,13
14,s032,73,47,11
14,s032,73,46,8
14,s032,73,33,16
14,s032,73,32,16
14,s032,73,35,5
14,s032,73,34,7
14,s032,73,37,6
14,s032,73,36,7
14,s032,73,39,5
14,s032,73,38,8
14,s032,73,57,23
14,s032,73,56,13
14,s032,73,59,17
14,s032,73,58,17
14,s032,73,61,10
14,s032,73,60,5
14,s032,73,63,8
14,s032,73,62,5
14,s032,73,49,14
14,s032,73,48,10
14,s032,73,51,10
14,s032,73,50,7
14,s032,73,53,6
14,s032,73,52,5
14,s032,73,55,4
14,s032,73,54,4
14,s033,59,59,122
14,s033,59,58,76
14,s033,59,57,57
14,s033,59,56,38
14,s033,59,63,83
14,s033,59,62,35
14,s033,59,61,31
14,s033,59,60,22
14,s033,59,51,58
14,s033,59,50,35
14,s033,59,49,29
14,s033,59,48,28
14,s033,59,55,30
14,s033,59,54,18
14,s033,59,53,19
14,s033,59,52,7
14,s033,59,43,59
14,s033,59,42,34
14,s033,59,41,27
14,s033,59,40,16
14,s033,59,47,43
14,s033,59,46,24
14,s033,59,45,11
14,s033,59,44,8
14,s033,59,35,45
14,s033,59,34,24
14,s033,59,33,16
14,s033,59,32,12
14,s033,59,39,12
14,s033,59,38,14
14,s033,59,37,6
14,s033,59,36,3
14,s033,59,27,63
14,s033,59,26,40
14,s033,59,25,36
14,s033,59,24,24
14,s033,59,31,35
14,s033,59,30,24
14,s033,59,29,22
14,s033,59,28,15
14,s033,59,19,39
14,s033,59,18,27
14,s033,59,17,27
14,s033,59,16,10
14,s033,59,23,16
14,s033,59,22,10
14,s033,59,21,13
14,s033,59,20,6
14,s033,59,11,39
14,s033,59,10,19
14,s033,59,9,24
14,s033,59,8,20
14,s033,59,15,14
14,s033,59,14,7
14,s033,59,13,6
14,s033,59,12,5
14,s033,59,3,21
14,s033,59,2,14
14,s033,59,1,13
14,s033,59,0,5
14,s033,59,7,10
14,s033,59,6,7
14,s033,59,5,8
14,s033,59,4,7
14,s033,59,123,77
14,s033,59,122,45
14,s033,59,121,33
14,s033,59,120,22
14,s033,59,127,43
14,s033,59,126,33
14,s033,59,125,13
14,s033,59,124,13
14,s033,59,115,39
14,s033,59,114,32
14,s033,59,113,25
14,s033,59,112,14
14,s033,59,119,26
14,s033,59,118,20
14,s033,59,117,10
14,s033,59,116,11
14,s033,59,107,36
14,s033,59,106,37
14,s033,59,105,25
14,s033,59,104,11
14,s033,59,111,21
14,s033,59,110,22
14,s033,59,109,9
14,s033,59,108,8
14,s033,59,99,12
14,s033,59,98,13
14,s033,59,97,7
14,s033,59,96,5
14,s033,59,103,10
14,s033,59,102,9
14,s033,59,101,4
14,s033,59,100,4
14,s033,59,91,48
14,s033,59,90,27
14,s033,59,89,26
14,s033,59,88,15
14,s033,59,95,25
14,s033,59,94,19
14,s033,59,93,13
14,s033,59,92,11
14,s033,59,83,19
14,s033,59,82,11
14,s033,59,81,7
14,s033,59,80,5
14,s033,59,87,17
14,s033,59,86,7
14,s033,59,85,5
14,s033,59,84,4
14,s033,59,75,22
14,s033,59,74,15
14,s033,59,73,4
14,s033,59,72,5
14,s033,59,79,14
14,s033,59,78,9
14,s033,59,77,7
14,s033,59,76,5
14,s033,59,67,11
14,s033,59,66,10
14,s033,59,65,1
14,s033,59,64,3
14,s033,59,71,6
14,s033,59,70,8
14,s033,59,69,9
14,s033,59,68,7
14,s034,110,110,118
14,s034,110,111,62
14,s034,110,108,61
14,s034,110,109,28
14,s034,110,106,49
14,s034,110,107,31
14,s034,110,104,31
14,s034,110,105,16
14,s034,110,102,65
14,s034,110,103,29
14,s034,110,100,38
14,s034,110,101,23
14,s034,110,98,25
14,s034,110,99,16
14,s034,110,96,17
14,s034,110,97,8
14,s034,110,126,67
14,s034,110,127,39
14,s034,110,124,44
14,s034,110,125,24
14,s034,110,122,36
14,s034,110,123,29
14,s034,110,120,21
14,s034,110,121,11
14,s034,110,118,32
14,s034,110,119,22
14,s034,110,116,12
14,s034,110,117,20
14,s034,110,114,26
14,s034,110,115,14
14,s034,110,112,7
14,s034,110,113,5
14,s034,110,78,58
14,s034,110,79,38
14,s034,110,76,52
14,s034,110,77,18
14,s034,110,74,40
14,s034,110,75,15
14,s034,110,72,22
14,s034,110,73,14
14,s034,110,70,34
14,s034,110,71,26
14,s034,110,68,19
14,s034,110,69,14
14,s034,110,66,24
14,s034,110,67,20
14,s034,110,64,6
14,s034,110,65,8
14,s034,110,94,41
14,s034,110,95,20
14,s034,110,92,22
14,s034,110,93,9
14,s034,110,90,23
14,s034,110,91,4
14,s034,110,88,15
14,s034,110,89,6
14,s034,110,86,28
14,s034,110,87,17
14,s034,110,84,11
14,s034,110,85,8
14,s034,110,82,9
14,s034,110,83,5
14,s034,110,80,9
14,s034,110,46,64
14,s034,110,47,42
14,s034,110,44,37
14,s034,110,45,26
14,s034,110,42,40
14,s034,110,43,27
14,s034,110,40,22
14,s034,110,41,12
14,s034,110,38,39
14,s034,110,39,29
14,s034,110,36,18
14,s034,110,37,12
14,s034,110,34,18
14,s034,110,35,11
14,s034,110,32,12
14,s034,110,33,8
14,s034,110,62,48
14,s034,110,63,24
14,s034,110,60,22
14,s034,110,61,18
14,s034,110,58,19
14,s034,110,59,22
14,s034,110,56,7
14,s034,110,57,13
14,s034,110,54,20
14,s034,110,55,16
14,s034,110,52,10
14,s034,110,53,9
14,s034,110,50,21
14,s034,110,51,11
14,s034,110,48,7
14,s034,110,49,8
14,s034,110,14,49
14,s034,110,15,30
14,s034,110,12,24
14,s034,110,13,19
14,s034,110,10,23
14,s034,110,11,21
14,s034,110,8,12
14,s034,110,9,10
14,s034,110,6,21
14,s034,110,7,12
14,s034,110,4,4
14,s034,110,5,7
14,s034,110,2,11
14,s034,110,3,8
14,s034,110,0,6
14,s034,110,1,5
14,s034,110,30,20
14,s034,110,31,12
14,s034,110,28,12
14,s034,110,29,11
14,s034,110,26,6
14,s034,110,27,12
14,s034,110,24,8
14,s034,110,25,6
14,s034,110,22,13
14,s034,110,23,11
14,s034,110,20,4
14,s034,110,21,3
14,s034,110,18,6
14,s034,110,19,5
14,s034,110,16,3
14,s034,110,17,4
14,s035,35,35,117
14,s035,35,34,65
14,s035,35,33,58
14,s035,35,32,37
14,s035,35,39,76
14,s035,35,38,33
14,s035,35,37,28
14,s035,35,36,24
14,s035,35,43,68
14,s035,35,42,34
14,s035,35,41,21
14,s035,35,40,17
14,s035,35,47,28
14,s035,35,46,20
14,s035,35,45,29
14,s035,35,44,16
14,s035,35,51,67
14,s035,35,50,33
14,s035,35,49,27
14,s035,35,48,17
14,s035,35,55,33
14,s035,35,54,14
14,s035,35,53,13
14,s035,35,52,10
14,s035,35,59,37
14,s035,35,58,19
14,s035,35,57,23
14,s035,35,56,7
14,s035,35,63,21
14,s035,35,62,11
14,s035,35,61,7
14,s035,35,60,5
14,s035,35,3,74
14,s035,35,2,33
14,s035,35,1,37
14,s035,35,0,21
14,s035,35,7,35
14,s035,35,6,17
14,s035,35,5,32
14,s035,35,4,10
14,s035,35,11,37
14,s035,35,10,24
14,s035,35,9,25
14,s035,35,8,17
14,s035,35,15,31
14,s035,35,14,10
14,s035,35,13,16
14,s035,35,12,8
14,s035,35,19,46
14,s035,35,18,23
14,s035,35,17,19
14,s035,35,16,9
14,s035,35,23,27
14,s035,35,22,16
14,s035,35,21,12
14,s035,35,20,4
14,s035,35,27,18
14,s035,35,26,6
14,s035,35,25,12
14,s035,35,24,5
14,s035,35,31,18
14,s035,35,30,9
14,s035,35,29,5
14,s035,35,28,2
14,s035,35,99,83
14,s035,35,98,55
14,s035,35,97,34
14,s035,35,96,10
14,s035,35,103,52
14,s035,35,102,31
14,s035,35,101,32
14,s035,35,100,11
14,s035,35,107,35
14,s035,35,106,24
14,s035,35,105,20
14,s035,35,104,14
14,s035,35,111,20
14,s035,35,110,11
14,s035,35,109,11
14,s035,35,108,6
14,s035,35,115,47
14,s035,35,114,25
14,s035,35,113,24
14,s035,35,112,13
14,s035,35,119,12
14,s035,35,118,15
14,s035,35,117,14
14,s035,35,116,9
14,s035,35,123,14
14,s035,35,122,14
14,s035,35,121,12
14,s035,35,120,5
14,s035,35,127,13
14,s035,35,126,4
14,s035,35,125,7
14,s035,35,124,2
14,s035,35,67,39
14,s035,35,66,34
14,s035,35,65,29
14,s035,35,64,19
14,s035,35,71,36
14,s035,35,70,22
14,s035,35,69,9
14,s035,35,68,10
14,s035,35,75,25
14,s035,35,74,14
14,s035,35,73,14
14,s035,35,72,7
14,s035,35,79,9
14,s035,35,78,14
14,s035,35,77,7
14,s035,35,76,6
14,s035,35,83,22
14,s035,35,82,17
14,s035,35,81,16
14,s035,35,80,4
14,s035,35,87,13
14,s035,35,86,15
14,s035,35,85,8
14,s035,35,84,9
14,s035,35,91,11
14,s035,35,90,8
14,s035,35,89,3
14,s035,35,88,7
14,s035,35,95,5
14,s035,35,94,7
14,s035,35,93,2
14,s035,35,92,4
