case_id,target,size,control,realization_id,n_ratios,mean_r
case_indigo,0.23999999999999999,9,0.84999999999999998,r0000,26,0.57900859055779408
case_indigo,0.23999999999999999,9,0.84999999999999998,r0001,26,0.52813019098470881
case_indigo,0.23999999999999999,9,0.84999999999999998,r0002,26,0.46492220301651527
case_indigo,0.23999999999999999,9,0.84999999999999998,r0003,26,0.53900335512284192
case_indigo,0.23999999999999999,9,0.84999999999999998,r0004,27,0.5839581176701224
case_indigo,0.23999999999999999,9,0.84999999999999998,r0005,27,0.55060659879771412
case_indigo,0.23999999999999999,9,0.84999999999999998,r0006,27,0.43798937686652395
case_indigo,0.23999999999999999,9,0.84999999999999998,r0007,27,0.49157721713395508
case_indigo,0.23999999999999999,9,0.84999999999999998,r0008,26,0.58564863072103424
case_indigo,0.23999999999999999,9,0.84999999999999998,r0009,26,0.53389410445166074
case_indigo,0.23999999999999999,9,0.84999999999999998,r0010,26,0.50762041720449502
case_indigo,0.23999999999999999,9,0.84999999999999998,r0011,27,0.53304320183048459
case_indigo,0.23999999999999999,9,0.84999999999999998,r0012,26,0.48221190902736716
case_indigo,0.23999999999999999,9,0.84999999999999998,r0013,26,0.59016095557799997
case_indigo,0.23999999999999999,9,0.84999999999999998,r0014,26,0.48932576881043133
case_indigo,0.23999999999999999,9,0.84999999999999998,r0015,27,0.48701720181957731
case_indigo,0.23999999999999999,9,0.84999999999999998,r0016,26,0.607326982994987
case_indigo,0.23999999999999999,9,0.84999999999999998,r0017,26,0.6404734182754509
case_indigo,0.23999999999999999,9,0.84999999999999998,r0018,27,0.43165465215660459
case_indigo,0.23999999999999999,9,0.84999999999999998,r0019,26,0.37902549624037357
case_indigo,0.23999999999999999,9,0.84999999999999998,r0020,28,0.53585370521475673
case_indigo,0.23999999999999999,9,0.84999999999999998,r0021,26,0.51538881864988073
case_indigo,0.23999999999999999,9,0.84999999999999998,r0022,26,0.55933877194949111
case_indigo,0.23999999999999999,9,0.84999999999999998,r0023,27,0.66468855003713212
case_indigo,0.23999999999999999,9,0.84999999999999998,r0024,26,0.39958461561633002
case_indigo,0.23999999999999999,9,0.84999999999999998,r0025,27,0.543569755145902
case_indigo,0.23999999999999999,9,1.25,r0000,28,0.56039255286911571
case_indigo,0.23999999999999999,9,1.25,r0001,27,0.52885828400006696
case_indigo,0.23999999999999999,9,1.25,r0002,28,0.48075935884065085
case_indigo,0.23999999999999999,9,1.25,r0003,28,0.59660263324297913
case_indigo,0.23999999999999999,9,1.25,r0004,28,0.5323858499681714
case_indigo,0.23999999999999999,9,1.25,r0005,27,0.56308873514068891
case_indigo,0.23999999999999999,9,1.25,r0006,28,0.50800069896191136
case_indigo,0.23999999999999999,9,1.25,r0007,27,0.53312181409507253
case_indigo,0.23999999999999999,9,1.25,r0008,28,0.40376852442443412
case_indigo,0.23999999999999999,9,1.25,r0009,28,0.60033618706149938
case_indigo,0.23999999999999999,9,1.25,r0010,27,0.59416726672542031
case_indigo,0.23999999999999999,9,1.25,r0011,27,0.56122757641843013
case_indigo,0.23999999999999999,9,1.25,r0012,28,0.45376053086339313
case_indigo,0.23999999999999999,9,1.25,r0013,28,0.57748190525082499
case_indigo,0.23999999999999999,9,1.25,r0014,28,0.51864628302364457
case_indigo,0.23999999999999999,9,1.25,r0015,28,0.48398990203360104
case_indigo,0.23999999999999999,9,1.25,r0016,27,0.54737287932217493
case_indigo,0.23999999999999999,9,1.25,r0017,28,0.45535110689062203
case_indigo,0.23999999999999999,9,1.25,r0018,27,0.53101327316319757
case_indigo,0.23999999999999999,9,1.25,r0019,28,0.46459456264974203
case_indigo,0.23999999999999999,9,1.25,r0020,29,0.50681825362625943
case_indigo,0.23999999999999999,9,1.25,r0021,27,0.60022158675402304
case_indigo,0.23999999999999999,9,1.25,r0022,27,0.58255927909474559
case_indigo,0.23999999999999999,9,1.25,r0023,28,0.43099088669106395
case_indigo,0.23999999999999999,9,1.25,r0024,28,0.4723529672034939
case_indigo,0.23999999999999999,9,1.25,r0025,27,0.53062742173994759
case_indigo,0.23999999999999999,9,1.25,r0026,27,0.52375072691753088
case_indigo,0.23999999999999999,9,1.25,r0027,28,0.47385763649649365
case_indigo,0.23999999999999999,9,1.6499999999999999,r0000,30,0.45260219991496931
case_indigo,0.23999999999999999,9,1.6499999999999999,r0001,30,0.55950327005844269
case_indigo,0.23999999999999999,9,1.6499999999999999,r0002,30,0.49123666279374462
case_indigo,0.23999999999999999,9,1.6499999999999999,r0003,28,0.47621309943691204
case_indigo,0.23999999999999999,9,1.6499999999999999,r0004,29,0.49381947673587373
case_indigo,0.23999999999999999,9,1.6499999999999999,r0005,30,0.47297496152139906
case_indigo,0.23999999999999999,9,1.6499999999999999,r0006,29,0.52341672693255614
case_indigo,0.23999999999999999,9,1.6499999999999999,r0007,30,0.59694929076976699
case_indigo,0.23999999999999999,9,1.6499999999999999,r0008,30,0.50889709952359363
case_indigo,0.23999999999999999,9,1.6499999999999999,r0009,31,0.51291947259444703
case_indigo,0.23999999999999999,9,1.6499999999999999,r0010,30,0.41574334597690787
case_indigo,0.23999999999999999,9,1.6499999999999999,r0011,30,0.50768029122134639
case_indigo,0.23999999999999999,9,1.6499999999999999,r0012,29,0.48310414983191757
case_indigo,0.23999999999999999,9,1.6499999999999999,r0013,31,0.43508575555737117
case_indigo,0.23999999999999999,9,1.6499999999999999,r0014,30,0.54558366440196659
case_indigo,0.23999999999999999,9,1.6499999999999999,r0015,29,0.41122800858504405
case_indigo,0.23999999999999999,9,1.6499999999999999,r0016,29,0.4675014169781338
case_indigo,0.23999999999999999,9,1.6499999999999999,r0017,32,0.47761184167930171
case_indigo,0.23999999999999999,9,1.6499999999999999,r0018,30,0.53816336027461831
case_indigo,0.23999999999999999,9,1.6499999999999999,r0019,30,0.42422042819695893
case_indigo,0.23999999999999999,9,1.6499999999999999,r0020,30,0.65926788955929871
case_indigo,0.23999999999999999,9,1.6499999999999999,r0021,30,0.49255725715820831
case_indigo,0.23999999999999999,9,1.6499999999999999,r0022,29,0.55252493110889533
case_indigo,0.23999999999999999,9,1.6499999999999999,r0023,30,0.5098238470910319
case_indigo,0.23999999999999999,9,1.6499999999999999,r0024,28,0.56544932364332134
case_indigo,0.23999999999999999,9,1.6499999999999999,r0025,30,0.54127142291107133
case_indigo,0.23999999999999999,9,1.6499999999999999,r0026,29,0.48320008759764294
case_indigo,0.23999999999999999,9,1.6499999999999999,r0027,30,0.443916258264135
case_indigo,0.23999999999999999,9,1.6499999999999999,r0028,28,0.48379758246835064
case_indigo,0.23999999999999999,9,1.6499999999999999,r0029,30,0.40554802184266203
case_indigo,0.23999999999999999,9,2.0499999999999998,r0000,30,0.51544100099775358
case_indigo,0.23999999999999999,9,2.0499999999999998,r0001,32,0.41917783078807141
case_indigo,0.23999999999999999,9,2.0499999999999998,r0002,30,0.51040105454335838
case_indigo,0.23999999999999999,9,2.0499999999999998,r0003,32,0.52223704239134716
case_indigo,0.23999999999999999,9,2.0499999999999998,r0004,32,0.4769723216260045
case_indigo,0.23999999999999999,9,2.0499999999999998,r0005,31,0.45890637947692209
case_indigo,0.23999999999999999,9,2.0499999999999998,r0006,32,0.49319442520778956
case_indigo,0.23999999999999999,9,2.0499999999999998,r0007,32,0.38713240449490338
case_indigo,0.23999999999999999,9,2.0499999999999998,r0008,31,0.38602728917545043
case_indigo,0.23999999999999999,9,2.0499999999999998,r0009,33,0.40861721090464925
case_indigo,0.23999999999999999,9,2.0499999999999998,r0010,31,0.47164447226381362
case_indigo,0.23999999999999999,9,2.0499999999999998,r0011,31,0.49975394571501847
case_indigo,0.23999999999999999,9,2.0499999999999998,r0012,32,0.47125506092204233
case_indigo,0.23999999999999999,9,2.0499999999999998,r0013,32,0.4616856333740943
case_indigo,0.23999999999999999,9,2.0499999999999998,r0014,32,0.43576980279183553
case_indigo,0.23999999999999999,9,2.0499999999999998,r0015,30,0.53983209228227735
case_indigo,0.23999999999999999,9,2.0499999999999998,r0016,32,0.39052251996354648
case_indigo,0.23999999999999999,9,2.0499999999999998,r0017,29,0.48516700983700806
case_indigo,0.23999999999999999,9,2.0499999999999998,r0018,31,0.49873790438090854
case_indigo,0.23999999999999999,9,2.0499999999999998,r0019,31,0.56813989427978517
case_indigo,0.23999999999999999,9,2.0499999999999998,r0020,32,0.36510147324906567
case_indigo,0.23999999999999999,9,2.0499999999999998,r0021,31,0.37788719426243311
case_indigo,0.23999999999999999,9,2.0499999999999998,r0022,32,0.45370794396790576
case_indigo,0.23999999999999999,9,2.0499999999999998,r0023,31,0.42162613604073945
case_indigo,0.23999999999999999,9,2.0499999999999998,r0024,31,0.34621394458379057
case_indigo,0.23999999999999999,9,2.4500000000000002,r0000,32,0.53087396020315558
case_indigo,0.23999999999999999,9,2.4500000000000002,r0001,33,0.51512656483906505
case_indigo,0.23999999999999999,9,2.4500000000000002,r0002,34,0.44300082735655433
case_indigo,0.23999999999999999,9,2.4500000000000002,r0003,33,0.48838016321550798
case_indigo,0.23999999999999999,9,2.4500000000000002,r0004,33,0.47081538789317856
case_indigo,0.23999999999999999,9,2.4500000000000002,r0005,33,0.43658234518971439
case_indigo,0.23999999999999999,9,2.4500000000000002,r0006,33,0.50312676069428941
case_indigo,0.23999999999999999,9,2.4500000000000002,r0007,33,0.5354889884546683
case_indigo,0.23999999999999999,9,2.4500000000000002,r0008,33,0.39511476602217976
case_indigo,0.23999999999999999,9,2.4500000000000002,r0009,34,0.42345069303978233
case_indigo,0.23999999999999999,9,2.4500000000000002,r0010,32,0.51846414250062001
case_indigo,0.23999999999999999,9,2.4500000000000002,r0011,33,0.42505607562408171
case_indigo,0.23999999999999999,9,2.4500000000000002,r0012,32,0.43636350702642079
case_indigo,0.23999999999999999,9,2.4500000000000002,r0013,33,0.39302385283566077
case_indigo,0.23999999999999999,9,2.4500000000000002,r0014,34,0.4056011539124994
case_indigo,0.23999999999999999,9,2.4500000000000002,r0015,35,0.52425000734144656
case_indigo,0.23999999999999999,9,2.4500000000000002,r0016,35,0.47350364022279795
case_indigo,0.23999999999999999,9,2.4500000000000002,r0017,34,0.53355803823878689
case_indigo,0.23999999999999999,9,2.4500000000000002,r0018,34,0.44887547525742788
case_indigo,0.23999999999999999,9,2.4500000000000002,r0019,34,0.40697812416283913
case_indigo,0.23999999999999999,9,2.4500000000000002,r0020,33,0.48154221033366135
case_indigo,0.23999999999999999,9,2.4500000000000002,r0021,33,0.46927429094772866
case_indigo,0.23999999999999999,9,2.4500000000000002,r0022,34,0.45819763501642669
case_indigo,0.23999999999999999,9,2.4500000000000002,r0023,33,0.47095969829669893
case_indigo,0.23999999999999999,9,2.4500000000000002,r0024,33,0.48694403222716487
case_indigo,0.23999999999999999,9,2.4500000000000002,r0025,35,0.46670360770684616
case_indigo,0.23999999999999999,9,2.4500000000000002,r0026,32,0.39687855867190863
case_indigo,0.23999999999999999,9,2.8500000000000001,r0000,35,0.48683597281861096
case_indigo,0.23999999999999999,9,2.8500000000000001,r0001,35,0.3661489670358416
case_indigo,0.23999999999999999,9,2.8500000000000001,r0002,35,0.39877295883787633
case_indigo,0.23999999999999999,9,2.8500000000000001,r0003,35,0.42567339197030141
case_indigo,0.23999999999999999,9,2.8500000000000001,r0004,35,0.40327600601650465
case_indigo,0.23999999999999999,9,2.8500000000000001,r0005,35,0.42347521369936969
case_indigo,0.23999999999999999,9,2.8500000000000001,r0006,35,0.3880511111278484
case_indigo,0.23999999999999999,9,2.8500000000000001,r0007,35,0.45426715651334576
case_indigo,0.23999999999999999,9,2.8500000000000001,r0008,35,0.39499155041095657
case_indigo,0.23999999999999999,9,2.8500000000000001,r0009,34,0.33929081867109961
case_indigo,0.23999999999999999,9,2.8500000000000001,r0010,35,0.45614848946435227
case_indigo,0.23999999999999999,9,2.8500000000000001,r0011,34,0.46656667090919934
case_indigo,0.23999999999999999,9,2.8500000000000001,r0012,35,0.33364247343697034
case_indigo,0.23999999999999999,9,2.8500000000000001,r0013,34,0.44023162591592396
case_indigo,0.23999999999999999,9,2.8500000000000001,r0014,35,0.45608227914791361
case_indigo,0.23999999999999999,9,2.8500000000000001,r0015,34,0.41269753309454382
case_indigo,0.23999999999999999,9,2.8500000000000001,r0016,34,0.45973581805204106
case_indigo,0.23999999999999999,9,2.8500000000000001,r0017,35,0.32759250809936175
case_indigo,0.23999999999999999,9,2.8500000000000001,r0018,35,0.42882074841007117
case_indigo,0.23999999999999999,9,2.8500000000000001,r0019,35,0.47706617344329499
case_indigo,0.23999999999999999,9,2.8500000000000001,r0020,35,0.51491181177535206
case_indigo,0.23999999999999999,9,2.8500000000000001,r0021,35,0.36252407467468983
case_indigo,0.23999999999999999,9,2.8500000000000001,r0022,34,0.48733235317526524
case_indigo,0.23999999999999999,9,2.8500000000000001,r0023,35,0.38212918232464077
case_indigo,0.23999999999999999,9,2.8500000000000001,r0024,35,0.40111400348074067
case_indigo,0.23999999999999999,9,2.8500000000000001,r0025,34,0.40996264141096206
case_indigo,0.23999999999999999,9,2.8500000000000001,r0026,34,0.48875211506833255
case_indigo,0.23999999999999999,9,2.8500000000000001,r0027,35,0.42731758103839296
case_indigo,0.23999999999999999,9,2.8500000000000001,r0028,35,0.54468747744053114
case_indigo,0.23999999999999999,9,3.25,r0000,36,0.40842322502299611
case_indigo,0.23999999999999999,9,3.25,r0001,36,0.50121866022771788
case_indigo,0.23999999999999999,9,3.25,r0002,36,0.27891770428217832
case_indigo,0.23999999999999999,9,3.25,r0003,37,0.45723556908782415
case_indigo,0.23999999999999999,9,3.25,r0004,36,0.35510536846020835
case_indigo,0.23999999999999999,9,3.25,r0005,37,0.35870196309397828
case_indigo,0.23999999999999999,9,3.25,r0006,36,0.43566460708181232
case_indigo,0.23999999999999999,9,3.25,r0007,35,0.43488610390113452
case_indigo,0.23999999999999999,9,3.25,r0008,35,0.43842321990505162
case_indigo,0.23999999999999999,9,3.25,r0009,36,0.42266515213721539
case_indigo,0.23999999999999999,9,3.25,r0010,36,0.48411300302837534
case_indigo,0.23999999999999999,9,3.25,r0011,36,0.45066294726331413
case_indigo,0.23999999999999999,9,3.25,r0012,37,0.47070925859217438
case_indigo,0.23999999999999999,9,3.25,r0013,36,0.47269292193779233
case_indigo,0.23999999999999999,9,3.25,r0014,36,0.34435813184075431
case_indigo,0.23999999999999999,9,3.25,r0015,36,0.40091120440119726
case_indigo,0.23999999999999999,9,3.25,r0016,36,0.43205916318858323
case_indigo,0.23999999999999999,9,3.25,r0017,36,0.36016524950047724
case_indigo,0.23999999999999999,9,3.25,r0018,36,0.42134741473331327
case_indigo,0.23999999999999999,9,3.25,r0019,36,0.43019972465448569
case_indigo,0.23999999999999999,9,3.25,r0020,36,0.41846166959925413
case_indigo,0.23999999999999999,9,3.25,r0021,36,0.34586371458855558
case_indigo,0.23999999999999999,9,3.25,r0022,36,0.31258543265633432
case_indigo,0.23999999999999999,9,3.25,r0023,36,0.34682319647574184
case_indigo,0.23999999999999999,9,3.6499999999999999,r0000,37,0.32399224781751806
case_indigo,0.23999999999999999,9,3.6499999999999999,r0001,37,0.31573588377927725
case_indigo,0.23999999999999999,9,3.6499999999999999,r0002,37,0.39289913050013797
case_indigo,0.23999999999999999,9,3.6499999999999999,r0003,37,0.41587252731592489
case_indigo,0.23999999999999999,9,3.6499999999999999,r0004,37,0.3138728135366734
case_indigo,0.23999999999999999,9,3.6499999999999999,r0005,37,0.47132758933916291
case_indigo,0.23999999999999999,9,3.6499999999999999,r0006,36,0.46965538784963839
case_indigo,0.23999999999999999,9,3.6499999999999999,r0007,37,0.40822604332612911
case_indigo,0.23999999999999999,9,3.6499999999999999,r0008,37,0.3499124650640999
case_indigo,0.23999999999999999,9,3.6499999999999999,r0009,37,0.42078110860663875
case_indigo,0.23999999999999999,9,3.6499999999999999,r0010,37,0.49104416365366926
case_indigo,0.23999999999999999,9,3.6499999999999999,r0011,37,0.41537407927445913
case_indigo,0.23999999999999999,9,3.6499999999999999,r0012,37,0.35535891258901603
case_indigo,0.23999999999999999,9,3.6499999999999999,r0013,37,0.49652982055548983
case_indigo,0.23999999999999999,9,3.6499999999999999,r0014,37,0.42454137653270846
case_indigo,0.23999999999999999,9,3.6499999999999999,r0015,37,0.40088856702360698
case_indigo,0.23999999999999999,9,3.6499999999999999,r0016,37,0.44958436214447611
case_indigo,0.23999999999999999,9,3.6499999999999999,r0017,37,0.41033216966370384
case_indigo,0.23999999999999999,9,3.6499999999999999,r0018,37,0.43089255040351215
case_indigo,0.23999999999999999,9,3.6499999999999999,r0019,37,0.3853800267591736
case_indigo,0.23999999999999999,9,3.6499999999999999,r0020,37,0.43011620781133575
case_indigo,0.23999999999999999,9,3.6499999999999999,r0021,37,0.47987426293308755
case_indigo,0.23999999999999999,9,3.6499999999999999,r0022,37,0.34565760934072132
case_indigo,0.23999999999999999,9,3.6499999999999999,r0023,37,0.40398196885310417
case_indigo,0.23999999999999999,9,3.6499999999999999,r0024,37,0.36873384292343037
case_indigo,0.23999999999999999,9,3.6499999999999999,r0025,37,0.3803118274837442
case_indigo,0.23999999999999999,9,4.0499999999999998,r0000,37,0.36341551265395328
case_indigo,0.23999999999999999,9,4.0499999999999998,r0001,37,0.48981772213933711
case_indigo,0.23999999999999999,9,4.0499999999999998,r0002,38,0.3596007114369637
case_indigo,0.23999999999999999,9,4.0499999999999998,r0003,37,0.32295680862903176
case_indigo,0.23999999999999999,9,4.0499999999999998,r0004,37,0.45301067454683164
case_indigo,0.23999999999999999,9,4.0499999999999998,r0005,37,0.3980364819581178
case_indigo,0.23999999999999999,9,4.0499999999999998,r0006,37,0.34129946629935137
case_indigo,0.23999999999999999,9,4.0499999999999998,r0007,37,0.42585000122734523
case_indigo,0.23999999999999999,9,4.0499999999999998,r0008,37,0.48261972264490643
case_indigo,0.23999999999999999,9,4.0499999999999998,r0009,37,0.43284015253786429
case_indigo,0.23999999999999999,9,4.0499999999999998,r0010,37,0.30957785878185812
case_indigo,0.23999999999999999,9,4.0499999999999998,r0011,37,0.37224657041636267
case_indigo,0.23999999999999999,9,4.0499999999999998,r0012,37,0.37255268496161459
case_indigo,0.23999999999999999,9,4.0499999999999998,r0013,37,0.4715339199498757
case_indigo,0.23999999999999999,9,4.0499999999999998,r0014,37,0.4735687175406868
case_indigo,0.23999999999999999,9,4.0499999999999998,r0015,37,0.42090359316475467
case_indigo,0.23999999999999999,9,4.0499999999999998,r0016,37,0.49273178681513013
case_indigo,0.23999999999999999,9,4.0499999999999998,r0017,38,0.35756217347221808
case_indigo,0.23999999999999999,9,4.0499999999999998,r0018,37,0.45475054410597743
case_indigo,0.23999999999999999,9,4.0499999999999998,r0019,37,0.382251106734879
case_indigo,0.23999999999999999,9,4.0499999999999998,r0020,37,0.37442254999925279
case_indigo,0.23999999999999999,9,4.0499999999999998,r0021,37,0.47694447888854163
case_indigo,0.23999999999999999,9,4.0499999999999998,r0022,37,0.41321990822278304
case_indigo,0.23999999999999999,9,4.0499999999999998,r0023,37,0.35692873834799305
case_indigo,0.23999999999999999,9,4.0499999999999998,r0024,37,0.35423494446794129
case_indigo,0.23999999999999999,9,4.0499999999999998,r0025,37,0.47419454881317813
case_indigo,0.23999999999999999,9,4.0499999999999998,r0026,37,0.42168711004875264
case_indigo,0.23999999999999999,9,4.0499999999999998,r0027,37,0.40568353008564445
case_indigo,0.23999999999999999,14,0.84999999999999998,r0000,25,0.47673038977535492
case_indigo,0.23999999999999999,14,0.84999999999999998,r0001,25,0.54212237121288476
case_indigo,0.23999999999999999,14,0.84999999999999998,r0002,26,0.56380856064382079
case_indigo,0.23999999999999999,14,0.84999999999999998,r0003,25,0.50268804512820187
case_indigo,0.23999999999999999,14,0.84999999999999998,r0004,25,0.54156456212318782
case_indigo,0.23999999999999999,14,0.84999999999999998,r0005,26,0.44065415949705528
case_indigo,0.23999999999999999,14,0.84999999999999998,r0006,26,0.50953172767955324
case_indigo,0.23999999999999999,14,0.84999999999999998,r0007,25,0.49619825783653509
case_indigo,0.23999999999999999,14,0.84999999999999998,r0008,25,0.55322632885310885
case_indigo,0.23999999999999999,14,0.84999999999999998,r0009,25,0.52701137208973703
case_indigo,0.23999999999999999,14,0.84999999999999998,r0010,26,0.58848973526912585
case_indigo,0.23999999999999999,14,0.84999999999999998,r0011,26,0.48537267136061207
case_indigo,0.23999999999999999,14,0.84999999999999998,r0012,25,0.52202404344450837
case_indigo,0.23999999999999999,14,0.84999999999999998,r0013,25,0.58500450371507062
case_indigo,0.23999999999999999,14,0.84999999999999998,r0014,25,0.58908055040456841
case_indigo,0.23999999999999999,14,0.84999999999999998,r0015,26,0.47862569563849128
case_indigo,0.23999999999999999,14,0.84999999999999998,r0016,25,0.55313795225500284
case_indigo,0.23999999999999999,14,0.84999999999999998,r0017,26,0.52435449194099104
case_indigo,0.23999999999999999,14,0.84999999999999998,r0018,26,0.51998466179336067
case_indigo,0.23999999999999999,14,0.84999999999999998,r0019,25,0.59805748675999693
case_indigo,0.23999999999999999,14,0.84999999999999998,r0020,25,0.56562403422961294
case_indigo,0.23999999999999999,14,0.84999999999999998,r0021,25,0.50881931262642954
case_indigo,0.23999999999999999,14,0.84999999999999998,r0022,25,0.52991651555631891
case_indigo,0.23999999999999999,14,0.84999999999999998,r0023,25,0.6273001791751609
case_indigo,0.23999999999999999,14,0.84999999999999998,r0024,25,0.58313451389223392
case_indigo,0.23999999999999999,14,0.84999999999999998,r0025,25,0.46334621963562489
case_indigo,0.23999999999999999,14,0.84999999999999998,r0026,25,0.53602323177591626
case_indigo,0.23999999999999999,14,0.84999999999999998,r0027,25,0.51956424151744773
case_indigo,0.23999999999999999,14,0.84999999999999998,r0028,25,0.50362791979882982
case_indigo,0.23999999999999999,14,1.25,r0000,26,0.56626278248796125
case_indigo,0.23999999999999999,14,1.25,r0001,27,0.54795177283115359
case_indigo,0.23999999999999999,14,1.25,r0002,26,0.4878155806868546
case_indigo,0.23999999999999999,14,1.25,r0003,27,0.56516221884742679
case_indigo,0.23999999999999999,14,1.25,r0004,26,0.51717653303688083
case_indigo,0.23999999999999999,14,1.25,r0005,26,0.44860019274354151
case_indigo,0.23999999999999999,14,1.25,r0006,26,0.53678991471322601
case_indigo,0.23999999999999999,14,1.25,r0007,27,0.54124894307252147
case_indigo,0.23999999999999999,14,1.25,r0008,27,0.56684823732556133
case_indigo,0.23999999999999999,14,1.25,r0009,26,0.58503772394338782
case_indigo,0.23999999999999999,14,1.25,r0010,28,0.59717143961648811
case_indigo,0.23999999999999999,14,1.25,r0011,26,0.52761142858079479
case_indigo,0.23999999999999999,14,1.25,r0012,27,0.59691160525841314
case_indigo,0.23999999999999999,14,1.25,r0013,27,0.52831618707604144
case_indigo,0.23999999999999999,14,1.25,r0014,27,0.47555105214051668
case_indigo,0.23999999999999999,14,1.25,r0015,27,0.52662763120420353
case_indigo,0.23999999999999999,14,1.25,r0016,27,0.54735984376786362
case_indigo,0.23999999999999999,14,1.25,r0017,27,0.49260355671692219
case_indigo,0.23999999999999999,14,1.25,r0018,27,0.59485363031860972
case_indigo,0.23999999999999999,14,1.25,r0019,26,0.64165450551814707
case_indigo,0.23999999999999999,14,1.25,r0020,28,0.51276570089007945
case_indigo,0.23999999999999999,14,1.25,r0021,27,0.66391445817886396
case_indigo,0.23999999999999999,14,1.25,r0022,27,0.5948516074504987
case_indigo,0.23999999999999999,14,1.25,r0023,27,0.4469512627559119
case_indigo,0.23999999999999999,14,1.6499999999999999,r0000,29,0.41805958467395848
case_indigo,0.23999999999999999,14,1.6499999999999999,r0001,30,0.39245339025283565
case_indigo,0.23999999999999999,14,1.6499999999999999,r0002,29,0.52231062772970116
case_indigo,0.23999999999999999,14,1.6499999999999999,r0003,29,0.61360238189862737
case_indigo,0.23999999999999999,14,1.6499999999999999,r0004,28,0.44548588587526722
case_indigo,0.23999999999999999,14,1.6499999999999999,r0005,29,0.53809416262817777
case_indigo,0.23999999999999999,14,1.6499999999999999,r0006,29,0.49228606132531733
case_indigo,0.23999999999999999,14,1.6499999999999999,r0007,29,0.48307054214063039
case_indigo,0.23999999999999999,14,1.6499999999999999,r0008,29,0.48320261105185197
case_indigo,0.23999999999999999,14,1.6499999999999999,r0009,28,0.54881863980894852
case_indigo,0.23999999999999999,14,1.6499999999999999,r0010,28,0.49398624290856619
case_indigo,0.23999999999999999,14,1.6499999999999999,r0011,29,0.43479683472966951
case_indigo,0.23999999999999999,14,1.6499999999999999,r0012,30,0.50599858942270604
case_indigo,0.23999999999999999,14,1.6499999999999999,r0013,30,0.46171996052743641
case_indigo,0.23999999999999999,14,1.6499999999999999,r0014,29,0.47238424024990761
case_indigo,0.23999999999999999,14,1.6499999999999999,r0015,30,0.59862571224187433
case_indigo,0.23999999999999999,14,1.6499999999999999,r0016,29,0.54734727878885991
case_indigo,0.23999999999999999,14,1.6499999999999999,r0017,28,0.56935246331541378
case_indigo,0.23999999999999999,14,1.6499999999999999,r0018,29,0.51299820675368479
case_indigo,0.23999999999999999,14,1.6499999999999999,r0019,28,0.44899012137253891
case_indigo,0.23999999999999999,14,1.6499999999999999,r0020,29,0.41337620348057647
case_indigo,0.23999999999999999,14,1.6499999999999999,r0021,29,0.48347356471438085
case_indigo,0.23999999999999999,14,1.6499999999999999,r0022,29,0.52147267512562523
case_indigo,0.23999999999999999,14,1.6499999999999999,r0023,28,0.46122267028229119
case_indigo,0.23999999999999999,14,1.6499999999999999,r0024,28,0.46329648632859921
case_indigo,0.23999999999999999,14,1.6499999999999999,r0025,29,0.61512664777632842
case_indigo,0.23999999999999999,14,2.0499999999999998,r0000,30,0.56524287882455293
case_indigo,0.23999999999999999,14,2.0499999999999998,r0001,31,0.45957158627164807
case_indigo,0.23999999999999999,14,2.0499999999999998,r0002,32,0.4126274685440286
case_indigo,0.23999999999999999,14,2.0499999999999998,r0003,31,0.51374101602296296
case_indigo,0.23999999999999999,14,2.0499999999999998,r0004,31,0.62813756698232481
case_indigo,0.23999999999999999,14,2.0499999999999998,r0005,31,0.47787620868560149
case_indigo,0.23999999999999999,14,2.0499999999999998,r0006,32,0.36955020778387948
case_indigo,0.23999999999999999,14,2.0499999999999998,r0007,31,0.47491533673549952
case_indigo,0.23999999999999999,14,2.0499999999999998,r0008,31,0.44357886582279582
case_indigo,0.23999999999999999,14,2.0499999999999998,r0009,32,0.51830728382582958
case_indigo,0.23999999999999999,14,2.0499999999999998,r0010,32,0.46601681608595896
case_indigo,0.23999999999999999,14,2.0499999999999998,r0011,32,0.52489493414967403
case_indigo,0.23999999999999999,14,2.0499999999999998,r0012,32,0.45572199496513199
case_indigo,0.23999999999999999,14,2.0499999999999998,r0013,33,0.3929283617419182
case_indigo,0.23999999999999999,14,2.0499999999999998,r0014,32,0.35753036240861596
case_indigo,0.23999999999999999,14,2.0499999999999998,r0015,32,0.56402837900388125
case_indigo,0.23999999999999999,14,2.0499999999999998,r0016,32,0.43007155651453549
case_indigo,0.23999999999999999,14,2.0499999999999998,r0017,33,0.46693014401552468
case_indigo,0.23999999999999999,14,2.0499999999999998,r0018,32,0.46699972411243484
case_indigo,0.23999999999999999,14,2.0499999999999998,r0019,30,0.44246894510649393
case_indigo,0.23999999999999999,14,2.0499999999999998,r0020,31,0.46695090008361123
case_indigo,0.23999999999999999,14,2.0499999999999998,r0021,33,0.40043148529175965
case_indigo,0.23999999999999999,14,2.0499999999999998,r0022,31,0.40478226585058324
case_indigo,0.23999999999999999,14,2.0499999999999998,r0023,33,0.42259513616073707
case_indigo,0.23999999999999999,14,2.0499999999999998,r0024,32,0.5106855708295166
case_indigo,0.23999999999999999,14,2.0499999999999998,r0025,32,0.53199140430753822
case_indigo,0.23999999999999999,14,2.0499999999999998,r0026,32,0.46751999016247225
case_indigo,0.23999999999999999,14,2.0499999999999998,r0027,33,0.46929743267509111
case_indigo,0.23999999999999999,14,2.4500000000000002,r0000,34,0.41350265093728106
case_indigo,0.23999999999999999,14,2.4500000000000002,r0001,34,0.46790769711853836
case_indigo,0.23999999999999999,14,2.4500000000000002,r0002,34,0.51578982387104122
case_indigo,0.23999999999999999,14,2.4500000000000002,r0003,35,0.53757019868971867
case_indigo,0.23999999999999999,14,2.4500000000000002,r0004,34,0.50623588844760747
case_indigo,0.23999999999999999,14,2.4500000000000002,r0005,35,0.43784239532724945
case_indigo,0.23999999999999999,14,2.4500000000000002,r0006,33,0.47407486921766767
case_indigo,0.23999999999999999,14,2.4500000000000002,r0007,35,0.41991606908237272
case_indigo,0.23999999999999999,14,2.4500000000000002,r0008,35,0.39365321102661227
case_indigo,0.23999999999999999,14,2.4500000000000002,r0009,35,0.3478056642131318
case_indigo,0.23999999999999999,14,2.4500000000000002,r0010,36,0.46225340630360329
case_indigo,0.23999999999999999,14,2.4500000000000002,r0011,34,0.47635395988166823
case_indigo,0.23999999999999999,14,2.4500000000000002,r0012,34,0.51738757286838588
case_indigo,0.23999999999999999,14,2.4500000000000002,r0013,34,0.3614629070475327
case_indigo,0.23999999999999999,14,2.4500000000000002,r0014,35,0.47910789492474137
case_indigo,0.23999999999999999,14,2.4500000000000002,r0015,34,0.408132328652552
case_indigo,0.23999999999999999,14,2.4500000000000002,r0016,34,0.36176716309953616
case_indigo,0.23999999999999999,14,2.4500000000000002,r0017,35,0.36191120247929992
case_indigo,0.23999999999999999,14,2.4500000000000002,r0018,35,0.48122944885046548
case_indigo,0.23999999999999999,14,2.4500000000000002,r0019,35,0.36385120132895021
case_indigo,0.23999999999999999,14,2.4500000000000002,r0020,33,0.455764851695041
case_indigo,0.23999999999999999,14,2.4500000000000002,r0021,34,0.32789684426692683
case_indigo,0.23999999999999999,14,2.4500000000000002,r0022,34,0.3766363044774077
case_indigo,0.23999999999999999,14,2.4500000000000002,r0023,35,0.36325825890048458
case_indigo,0.23999999999999999,14,2.4500000000000002,r0024,34,0.43365334383421844
case_indigo,0.23999999999999999,14,2.4500000000000002,r0025,34,0.46060093954712306
case_indigo,0.23999999999999999,14,2.4500000000000002,r0026,34,0.4168012002918427
case_indigo,0.23999999999999999,14,2.4500000000000002,r0027,34,0.42762496592384092
case_indigo,0.23999999999999999,14,2.4500000000000002,r0028,34,0.45908811500523056
case_indigo,0.23999999999999999,14,2.4500000000000002,r0029,34,0.44883878916209313
case_indigo,0.23999999999999999,14,2.8500000000000001,r0000,36,0.36653972956681857
case_indigo,0.23999999999999999,14,2.8500000000000001,r0001,36,0.39796055909229072
case_indigo,0.23999999999999999,14,2.8500000000000001,r0002,36,0.45321836196793924
case_indigo,0.23999999999999999,14,2.8500000000000001,r0003,36,0.40566630431010692
case_indigo,0.23999999999999999,14,2.8500000000000001,r0004,36,0.26503316995619591
case_indigo,0.23999999999999999,14,2.8500000000000001,r0005,36,0.42462423244403563
case_indigo,0.23999999999999999,14,2.8500000000000001,r0006,36,0.43453995549505842
case_indigo,0.23999999999999999,14,2.8500000000000001,r0007,35,0.51427443526518402
case_indigo,0.23999999999999999,14,2.8500000000000001,r0008,36,0.37541362352441177
case_indigo,0.23999999999999999,14,2.8500000000000001,r0009,36,0.40758767543201935
case_indigo,0.23999999999999999,14,2.8500000000000001,r0010,35,0.43007962906194031
case_indigo,0.23999999999999999,14,2.8500000000000001,r0011,36,0.34860148023875293
case_indigo,0.23999999999999999,14,2.8500000000000001,r0012,35,0.40953485226126013
case_indigo,0.23999999999999999,14,2.8500000000000001,r0013,36,0.40890822066441895
case_indigo,0.23999999999999999,14,2.8500000000000001,r0014,36,0.46998988654095342
case_indigo,0.23999999999999999,14,2.8500000000000001,r0015,36,0.43894780910297437
case_indigo,0.23999999999999999,14,2.8500000000000001,r0016,36,0.47308068071420412
case_indigo,0.23999999999999999,14,2.8500000000000001,r0017,36,0.38377605330912279
case_indigo,0.23999999999999999,14,2.8500000000000001,r0018,36,0.42410311359845548
case_indigo,0.23999999999999999,14,2.8500000000000001,r0019,36,0.39019523977747689
case_indigo,0.23999999999999999,14,2.8500000000000001,r0020,36,0.42901221789879401
case_indigo,0.23999999999999999,14,2.8500000000000001,r0021,35,0.42528792581704949
case_indigo,0.23999999999999999,14,2.8500000000000001,r0022,36,0.45157673055961134
case_indigo,0.23999999999999999,14,2.8500000000000001,r0023,36,0.34368881136460055
case_indigo,0.23999999999999999,14,2.8500000000000001,r0024,36,0.36520331505313197
case_indigo,0.23999999999999999,14,3.25,r0000,37,0.35623246007406079
case_indigo,0.23999999999999999,14,3.25,r0001,37,0.44232293609330553
case_indigo,0.23999999999999999,14,3.25,r0002,37,0.3766776490261371
case_indigo,0.23999999999999999,14,3.25,r0003,37,0.49323318518858522
case_indigo,0.23999999999999999,14,3.25,r0004,37,0.42602494485955972
case_indigo,0.23999999999999999,14,3.25,r0005,37,0.45906163224740959
case_indigo,0.23999999999999999,14,3.25,r0006,37,0.37261735653610029
case_indigo,0.23999999999999999,14,3.25,r0007,37,0.41618971230075863
case_indigo,0.23999999999999999,14,3.25,r0008,37,0.37565611329329868
case_indigo,0.23999999999999999,14,3.25,r0009,37,0.4867150283742025
case_indigo,0.23999999999999999,14,3.25,r0010,37,0.44643496186466464
case_indigo,0.23999999999999999,14,3.25,r0011,37,0.41679044084324102
case_indigo,0.23999999999999999,14,3.25,r0012,37,0.43417276961332779
case_indigo,0.23999999999999999,14,3.25,r0013,37,0.47591383786428326
case_indigo,0.23999999999999999,14,3.25,r0014,37,0.35785242762929537
case_indigo,0.23999999999999999,14,3.25,r0015,37,0.49888188606354505
case_indigo,0.23999999999999999,14,3.25,r0016,37,0.40479165886661334
case_indigo,0.23999999999999999,14,3.25,r0017,37,0.36033420074153932
case_indigo,0.23999999999999999,14,3.25,r0018,37,0.48204503156304507
case_indigo,0.23999999999999999,14,3.25,r0019,37,0.41744051984483199
case_indigo,0.23999999999999999,14,3.25,r0020,37,0.38598930915675689
case_indigo,0.23999999999999999,14,3.25,r0021,37,0.33319093550761636
case_indigo,0.23999999999999999,14,3.25,r0022,37,0.45421343217149274
case_indigo,0.23999999999999999,14,3.25,r0023,37,0.50638962663863474
case_indigo,0.23999999999999999,14,3.25,r0024,37,0.28277917691329979
case_indigo,0.23999999999999999,14,3.25,r0025,37,0.39055822791434064
case_indigo,0.23999999999999999,14,3.25,r0026,37,0.38625679162348159
case_indigo,0.23999999999999999,14,3.6499999999999999,r0000,38,0.41020142719552716
case_indigo,0.23999999999999999,14,3.6499999999999999,r0001,37,0.36756985410298687
case_indigo,0.23999999999999999,14,3.6499999999999999,r0002,38,0.33799339931378009
case_indigo,0.23999999999999999,14,3.6499999999999999,r0003,38,0.4400708022343271
case_indigo,0.23999999999999999,14,3.6499999999999999,r0004,38,0.40231238278695391
case_indigo,0.23999999999999999,14,3.6499999999999999,r0005,38,0.4624811641641281
case_indigo,0.23999999999999999,14,3.6499999999999999,r0006,38,0.29380400220299563
case_indigo,0.23999999999999999,14,3.6499999999999999,r0007,38,0.42807625119270026
case_indigo,0.23999999999999999,14,3.6499999999999999,r0008,37,0.39602771746213838
case_indigo,0.23999999999999999,14,3.6499999999999999,r0009,38,0.33986756122118394
case_indigo,0.23999999999999999,14,3.6499999999999999,r0010,38,0.40241533742177965
case_indigo,0.23999999999999999,14,3.6499999999999999,r0011,37,0.34048089660752739
case_indigo,0.23999999999999999,14,3.6499999999999999,r0012,38,0.35589416294927267
case_indigo,0.23999999999999999,14,3.6499999999999999,r0013,38,0.31205721860043828
case_indigo,0.23999999999999999,14,3.6499999999999999,r0014,38,0.43976669738930446
case_indigo,0.23999999999999999,14,3.6499999999999999,r0015,38,0.29353337027636206
case_indigo,0.23999999999999999,14,3.6499999999999999,r0016,37,0.33540654457607166
case_indigo,0.23999999999999999,14,3.6499999999999999,r0017,38,0.46753172604949578
case_indigo,0.23999999999999999,14,3.6499999999999999,r0018,38,0.36014870341683497
case_indigo,0.23999999999999999,14,3.6499999999999999,r0019,37,0.43470654986838847
case_indigo,0.23999999999999999,14,3.6499999999999999,r0020,38,0.28859080706598134
case_indigo,0.23999999999999999,14,3.6499999999999999,r0021,37,0.3421883285783649
case_indigo,0.23999999999999999,14,3.6499999999999999,r0022,38,0.42379645596232057
case_indigo,0.23999999999999999,14,3.6499999999999999,r0023,38,0.37497447334433381
case_indigo,0.23999999999999999,14,3.6499999999999999,r0024,37,0.35448825021775243
case_indigo,0.23999999999999999,14,3.6499999999999999,r0025,38,0.41707844818773554
case_indigo,0.23999999999999999,14,3.6499999999999999,r0026,38,0.38364801880523991
case_indigo,0.23999999999999999,14,3.6499999999999999,r0027,38,0.30497342644490222
case_indigo,0.23999999999999999,14,3.6499999999999999,r0028,38,0.43562887762480346
case_indigo,0.23999999999999999,14,4.0499999999999998,r0000,38,0.35650509357723414
case_indigo,0.23999999999999999,14,4.0499999999999998,r0001,38,0.41843466588624101
case_indigo,0.23999999999999999,14,4.0499999999999998,r0002,38,0.39702827230049076
case_indigo,0.23999999999999999,14,4.0499999999999998,r0003,38,0.28162610976412755
case_indigo,0.23999999999999999,14,4.0499999999999998,r0004,38,0.3717594910876012
case_indigo,0.23999999999999999,14,4.0499999999999998,r0005,38,0.36841401004374652
case_indigo,0.23999999999999999,14,4.0499999999999998,r0006,38,0.45605248229844753
case_indigo,0.23999999999999999,14,4.0499999999999998,r0007,38,0.32872135371026556
case_indigo,0.23999999999999999,14,4.0499999999999998,r0008,38,0.36025650284163857
case_indigo,0.23999999999999999,14,4.0499999999999998,r0009,38,0.48319643866538331
case_indigo,0.23999999999999999,14,4.0499999999999998,r0010,38,0.41643608922066355
case_indigo,0.23999999999999999,14,4.0499999999999998,r0011,38,0.33244817435719198
case_indigo,0.23999999999999999,14,4.0499999999999998,r0012,38,0.37136531081114205
case_indigo,0.23999999999999999,14,4.0499999999999998,r0013,38,0.34258825865412967
case_indigo,0.23999999999999999,14,4.0499999999999998,r0014,38,0.38797009324634302
case_indigo,0.23999999999999999,14,4.0499999999999998,r0015,38,0.32195837810122513
case_indigo,0.23999999999999999,14,4.0499999999999998,r0016,38,0.41144288193867296
case_indigo,0.23999999999999999,14,4.0499999999999998,r0017,38,0.37719385568290281
case_indigo,0.23999999999999999,14,4.0499999999999998,r0018,38,0.33672368632388744
case_indigo,0.23999999999999999,14,4.0499999999999998,r0019,38,0.37980156601928888
case_indigo,0.23999999999999999,14,4.0499999999999998,r0020,38,0.41667282560962193
case_indigo,0.23999999999999999,14,4.0499999999999998,r0021,38,0.36611207855528882
case_indigo,0.23999999999999999,14,4.0499999999999998,r0022,38,0.3939639691213972
case_indigo,0.23999999999999999,14,4.0499999999999998,r0023,38,0.34985602361329382
case_indigo,0.23999999999999999,21,0.84999999999999998,r0000,25,0.54488712560178687
case_indigo,0.23999999999999999,21,0.84999999999999998,r0001,25,0.65358626930067432
case_indigo,0.23999999999999999,21,0.84999999999999998,r0002,25,0.51541438761033165
case_indigo,0.23999999999999999,21,0.84999999999999998,r0003,25,0.54904138998520768
case_indigo,0.23999999999999999,21,0.84999999999999998,r0004,24,0.54474656310807623
case_indigo,0.23999999999999999,21,0.84999999999999998,r0005,25,0.4568159343775921
case_indigo,0.23999999999999999,21,0.84999999999999998,r0006,24,0.55267393990913594
case_indigo,0.23999999999999999,21,0.84999999999999998,r0007,24,0.54819611647658517
case_indigo,0.23999999999999999,21,0.84999999999999998,r0008,24,0.46763993857315195
case_indigo,0.23999999999999999,21,0.84999999999999998,r0009,25,0.5615619255286024
case_indigo,0.23999999999999999,21,0.84999999999999998,r0010,25,0.57300493353977822
case_indigo,0.23999999999999999,21,0.84999999999999998,r0011,25,0.35598668122314514
case_indigo,0.23999999999999999,21,0.84999999999999998,r0012,24,0.50126064608857013
case_indigo,0.23999999999999999,21,0.84999999999999998,r0013,24,0.58917931761717079
case_indigo,0.23999999999999999,21,0.84999999999999998,r0014,25,0.51340853107669981
case_indigo,0.23999999999999999,21,0.84999999999999998,r0015,24,0.55750238769976002
case_indigo,0.23999999999999999,21,0.84999999999999998,r0016,25,0.41252089173589107
case_indigo,0.23999999999999999,21,0.84999999999999998,r0017,25,0.54018379702833164
case_indigo,0.23999999999999999,21,0.84999999999999998,r0018,25,0.59362663875357913
case_indigo,0.23999999999999999,21,0.84999999999999998,r0019,25,0.53706002174880163
case_indigo,0.23999999999999999,21,0.84999999999999998,r0020,25,0.5570351336422289
case_indigo,0.23999999999999999,21,0.84999999999999998,r0021,25,0.48394494257611753
case_indigo,0.23999999999999999,21,0.84999999999999998,r0022,25,0.5129619138064837
case_indigo,0.23999999999999999,21,0.84999999999999998,r0023,25,0.56086403324117373
case_indigo,0.23999999999999999,21,0.84999999999999998,r0024,24,0.51585184336237988
case_indigo,0.23999999999999999,21,1.25,r0000,25,0.46890953465992319
case_indigo,0.23999999999999999,21,1.25,r0001,26,0.4641304093853425
case_indigo,0.23999999999999999,21,1.25,r0002,26,0.49667256828976802
case_indigo,0.23999999999999999,21,1.25,r0003,26,0.5010536003087529
case_indigo,0.23999999999999999,21,1.25,r0004,26,0.54785626843584223
case_indigo,0.23999999999999999,21,1.25,r0005,26,0.57287670137052527
case_indigo,0.23999999999999999,21,1.25,r0006,25,0.53142289266930443
case_indigo,0.23999999999999999,21,1.25,r0007,26,0.45119931195934809
case_indigo,0.23999999999999999,21,1.25,r0008,25,0.5589200299873387
case_indigo,0.23999999999999999,21,1.25,r0009,25,0.43922161972176643
case_indigo,0.23999999999999999,21,1.25,r0010,26,0.59815358619392356
case_indigo,0.23999999999999999,21,1.25,r0011,25,0.48031179941620389
case_indigo,0.23999999999999999,21,1.25,r0012,26,0.52149036940797933
case_indigo,0.23999999999999999,21,1.25,r0013,26,0.61432242024030481
case_indigo,0.23999999999999999,21,1.25,r0014,26,0.49212193260856524
case_indigo,0.23999999999999999,21,1.25,r0015,26,0.56997354276973311
case_indigo,0.23999999999999999,21,1.25,r0016,25,0.44190713041336949
case_indigo,0.23999999999999999,21,1.25,r0017,26,0.597449807612489
case_indigo,0.23999999999999999,21,1.25,r0018,26,0.50192740225509236
case_indigo,0.23999999999999999,21,1.25,r0019,25,0.46606528943720144
case_indigo,0.23999999999999999,21,1.25,r0020,26,0.48894531118034401
case_indigo,0.23999999999999999,21,1.25,r0021,26,0.51732422443084913
case_indigo,0.23999999999999999,21,1.25,r0022,25,0.51609301533020269
case_indigo,0.23999999999999999,21,1.25,r0023,26,0.53581660074377602
case_indigo,0.23999999999999999,21,1.25,r0024,26,0.58300208216927807
case_indigo,0.23999999999999999,21,1.25,r0025,26,0.42392688936614048
case_indigo,0.23999999999999999,21,1.25,r0026,26,0.46399432624575127
case_indigo,0.23999999999999999,21,1.6499999999999999,r0000,28,0.5507475124723209
case_indigo,0.23999999999999999,21,1.6499999999999999,r0001,29,0.60339733958587849
case_indigo,0.23999999999999999,21,1.6499999999999999,r0002,28,0.38214400690697209
case_indigo,0.23999999999999999,21,1.6499999999999999,r0003,28,0.63629116370072791
case_indigo,0.23999999999999999,21,1.6499999999999999,r0004,28,0.54277513075665595
case_indigo,0.23999999999999999,21,1.6499999999999999,r0005,28,0.53178703798576776
case_indigo,0.23999999999999999,21,1.6499999999999999,r0006,28,0.43766906823403967
case_indigo,0.23999999999999999,21,1.6499999999999999,r0007,29,0.48903741141085133
case_indigo,0.23999999999999999,21,1.6499999999999999,r0008,28,0.55267558783282278
case_indigo,0.23999999999999999,21,1.6499999999999999,r0009,26,0.45534877872576363
case_indigo,0.23999999999999999,21,1.6499999999999999,r0010,28,0.5580670958798285
case_indigo,0.23999999999999999,21,1.6499999999999999,r0011,27,0.46125853181223103
case_indigo,0.23999999999999999,21,1.6499999999999999,r0012,28,0.44109877619024179
case_indigo,0.23999999999999999,21,1.6499999999999999,r0013,28,0.48171876349504883
case_indigo,0.23999999999999999,21,1.6499999999999999,r0014,28,0.39139839209676258
case_indigo,0.23999999999999999,21,1.6499999999999999,r0015,28,0.51416724967820471
case_indigo,0.23999999999999999,21,1.6499999999999999,r0016,28,0.42671870396019262
case_indigo,0.23999999999999999,21,1.6499999999999999,r0017,27,0.45655406677136329
case_indigo,0.23999999999999999,21,1.6499999999999999,r0018,28,0.43707880654478642
case_indigo,0.23999999999999999,21,1.6499999999999999,r0019,29,0.40409249191940871
case_indigo,0.23999999999999999,21,1.6499999999999999,r0020,28,0.58974541223257559
case_indigo,0.23999999999999999,21,1.6499999999999999,r0021,28,0.56802302065295185
case_indigo,0.23999999999999999,21,1.6499999999999999,r0022,28,0.48532592116182272
case_indigo,0.23999999999999999,21,1.6499999999999999,r0023,28,0.48503015354522427
case_indigo,0.23999999999999999,21,1.6499999999999999,r0024,29,0.57059459772365362
case_indigo,0.23999999999999999,21,1.6499999999999999,r0025,28,0.58177526876629149
case_indigo,0.23999999999999999,21,1.6499999999999999,r0026,27,0.5103275632139096
case_indigo,0.23999999999999999,21,1.6499999999999999,r0027,29,0.48925981324048118
case_indigo,0.23999999999999999,21,1.6499999999999999,r0028,27,0.4202371294543723
case_indigo,0.23999999999999999,21,2.0499999999999998,r0000,32,0.41644295720298352
case_indigo,0.23999999999999999,21,2.0499999999999998,r0001,32,0.53568993977831036
case_indigo,0.23999999999999999,21,2.0499999999999998,r0002,31,0.5807711008490597
case_indigo,0.23999999999999999,21,2.0499999999999998,r0003,32,0.54967936773494452
case_indigo,0.23999999999999999,21,2.0499999999999998,r0004,30,0.42838710038135075
case_indigo,0.23999999999999999,21,2.0499999999999998,r0005,32,0.50379527105938704
case_indigo,0.23999999999999999,21,2.0499999999999998,r0006,32,0.50301078783283326
case_indigo,0.23999999999999999,21,2.0499999999999998,r0007,31,0.43558390080762538
case_indigo,0.23999999999999999,21,2.0499999999999998,r0008,32,0.54985238221245147
case_indigo,0.23999999999999999,21,2.0499999999999998,r0009,32,0.49508575878520467
case_indigo,0.23999999999999999,21,2.0499999999999998,r0010,32,0.43463057975671887
case_indigo,0.23999999999999999,21,2.0499999999999998,r0011,32,0.4775234123018342
case_indigo,0.23999999999999999,21,2.0499999999999998,r0012,31,0.45534359061900731
case_indigo,0.23999999999999999,21,2.0499999999999998,r0013,31,0.43485175425205269
case_indigo,0.23999999999999999,21,2.0499999999999998,r0014,31,0.53570256126238591
case_indigo,0.23999999999999999,21,2.0499999999999998,r0015,33,0.41301897292559225
case_indigo,0.23999999999999999,21,2.0499999999999998,r0016,32,0.4014297964923822
case_indigo,0.23999999999999999,21,2.0499999999999998,r0017,30,0.50941569985297686
case_indigo,0.23999999999999999,21,2.0499999999999998,r0018,32,0.46501945648438847
case_indigo,0.23999999999999999,21,2.0499999999999998,r0019,32,0.42469515275480063
case_indigo,0.23999999999999999,21,2.0499999999999998,r0020,33,0.38905545764525862
case_indigo,0.23999999999999999,21,2.0499999999999998,r0021,31,0.51590069232493507
case_indigo,0.23999999999999999,21,2.0499999999999998,r0022,30,0.48299917163750916
case_indigo,0.23999999999999999,21,2.0499999999999998,r0023,33,0.46317558951219984
case_indigo,0.23999999999999999,21,2.4500000000000002,r0000,35,0.47457481263132067
case_indigo,0.23999999999999999,21,2.4500000000000002,r0001,35,0.40608744830114984
case_indigo,0.23999999999999999,21,2.4500000000000002,r0002,35,0.44899708573204888
case_indigo,0.23999999999999999,21,2.4500000000000002,r0003,35,0.41564390193946865
case_indigo,0.23999999999999999,21,2.4500000000000002,r0004,35,0.49098786704984798
case_indigo,0.23999999999999999,21,2.4500000000000002,r0005,35,0.39378870669399824
case_indigo,0.23999999999999999,21,2.4500000000000002,r0006,35,0.40512634195842095
case_indigo,0.23999999999999999,21,2.4500000000000002,r0007,35,0.40299760298457699
case_indigo,0.23999999999999999,21,2.4500000000000002,r0008,36,0.42923555646238776
case_indigo,0.23999999999999999,21,2.4500000000000002,r0009,36,0.36113845293968327
case_indigo,0.23999999999999999,21,2.4500000000000002,r0010,36,0.35483394124151518
case_indigo,0.23999999999999999,21,2.4500000000000002,r0011,35,0.381741446352517
case_indigo,0.23999999999999999,21,2.4500000000000002,r0012,36,0.40261461678888122
case_indigo,0.23999999999999999,21,2.4500000000000002,r0013,35,0.38271064545736433
case_indigo,0.23999999999999999,21,2.4500000000000002,r0014,34,0.41096887646115599
case_indigo,0.23999999999999999,21,2.4500000000000002,r0015,35,0.46656625749792874
case_indigo,0.23999999999999999,21,2.4500000000000002,r0016,35,0.45883710935798122
case_indigo,0.23999999999999999,21,2.4500000000000002,r0017,35,0.4483317424166936
case_indigo,0.23999999999999999,21,2.4500000000000002,r0018,36,0.44175451829247009
case_indigo,0.23999999999999999,21,2.4500000000000002,r0019,36,0.40006335305437951
case_indigo,0.23999999999999999,21,2.4500000000000002,r0020,34,0.37182588831023144
case_indigo,0.23999999999999999,21,2.4500000000000002,r0021,35,0.43652265573406518
case_indigo,0.23999999999999999,21,2.4500000000000002,r0022,35,0.50419229864197868
case_indigo,0.23999999999999999,21,2.4500000000000002,r0023,36,0.38736240864179733
case_indigo,0.23999999999999999,21,2.4500000000000002,r0024,36,0.51566949165158205
case_indigo,0.23999999999999999,21,2.4500000000000002,r0025,35,0.39138470202894671
case_indigo,0.23999999999999999,21,2.8500000000000001,r0000,37,0.44759031720811593
case_indigo,0.23999999999999999,21,2.8500000000000001,r0001,37,0.36033850084284308
case_indigo,0.23999999999999999,21,2.8500000000000001,r0002,37,0.50064036595699124
case_indigo,0.23999999999999999,21,2.8500000000000001,r0003,37,0.48960688382607404
case_indigo,0.23999999999999999,21,2.8500000000000001,r0004,37,0.29469615741807359
case_indigo,0.23999999999999999,21,2.8500000000000001,r0005,37,0.45321386060645696
case_indigo,0.23999999999999999,21,2.8500000000000001,r0006,37,0.38336320071146757
case_indigo,0.23999999999999999,21,2.8500000000000001,r0007,37,0.40537076759921697
case_indigo,0.23999999999999999,21,2.8500000000000001,r0008,37,0.46886895850517313
case_indigo,0.23999999999999999,21,2.8500000000000001,r0009,37,0.39715945803429747
case_indigo,0.23999999999999999,21,2.8500000000000001,r0010,37,0.44382332102236749
case_indigo,0.23999999999999999,21,2.8500000000000001,r0011,37,0.34212922783972327
case_indigo,0.23999999999999999,21,2.8500000000000001,r0012,37,0.32980178081452211
case_indigo,0.23999999999999999,21,2.8500000000000001,r0013,37,0.36397182864021238
case_indigo,0.23999999999999999,21,2.8500000000000001,r0014,37,0.4468041291902124
case_indigo,0.23999999999999999,21,2.8500000000000001,r0015,37,0.38203193150268167
case_indigo,0.23999999999999999,21,2.8500000000000001,r0016,37,0.4950351020857412
case_indigo,0.23999999999999999,21,2.8500000000000001,r0017,37,0.33458905765956926
case_indigo,0.23999999999999999,21,2.8500000000000001,r0018,37,0.41819805131873911
case_indigo,0.23999999999999999,21,2.8500000000000001,r0019,37,0.44306978171804179
case_indigo,0.23999999999999999,21,2.8500000000000001,r0020,37,0.5022788366975075
case_indigo,0.23999999999999999,21,2.8500000000000001,r0021,37,0.39653904316018984
case_indigo,0.23999999999999999,21,2.8500000000000001,r0022,37,0.43079583793301218
case_indigo,0.23999999999999999,21,2.8500000000000001,r0023,37,0.452466688821476
case_indigo,0.23999999999999999,21,2.8500000000000001,r0024,37,0.37460318262008274
case_indigo,0.23999999999999999,21,2.8500000000000001,r0025,37,0.39193492496316801
case_indigo,0.23999999999999999,21,2.8500000000000001,r0026,37,0.42067512743354057
case_indigo,0.23999999999999999,21,2.8500000000000001,r0027,37,0.35105292447097336
case_indigo,0.23999999999999999,21,3.25,r0000,38,0.41021687821707509
case_indigo,0.23999999999999999,21,3.25,r0001,38,0.40035332216704128
case_indigo,0.23999999999999999,21,3.25,r0002,38,0.33030380352649846
case_indigo,0.23999999999999999,21,3.25,r0003,38,0.41368521752653969
case_indigo,0.23999999999999999,21,3.25,r0004,38,0.32861261099705247
case_indigo,0.23999999999999999,21,3.25,r0005,37,0.39454451957428893
case_indigo,0.23999999999999999,21,3.25,r0006,38,0.44810807086940185
case_indigo,0.23999999999999999,21,3.25,r0007,38,0.38399561412369621
case_indigo,0.23999999999999999,21,3.25,r0008,38,0.39816007210011606
case_indigo,0.23999999999999999,21,3.25,r0009,38,0.36744481325595191
case_indigo,0.23999999999999999,21,3.25,r0010,38,0.36771332246439625
case_indigo,0.23999999999999999,21,3.25,r0011,38,0.36987063602312015
case_indigo,0.23999999999999999,21,3.25,r0012,38,0.41682515221609917
case_indigo,0.23999999999999999,21,3.25,r0013,38,0.3790580545093592
case_indigo,0.23999999999999999,21,3.25,r0014,38,0.40327344586953873
case_indigo,0.23999999999999999,21,3.25,r0015,38,0.45453706551056411
case_indigo,0.23999999999999999,21,3.25,r0016,38,0.35530137790748956
case_indigo,0.23999999999999999,21,3.25,r0017,38,0.40780525014670382
case_indigo,0.23999999999999999,21,3.25,r0018,38,0.45951881481492696
case_indigo,0.23999999999999999,21,3.25,r0019,38,0.43642978159559642
case_indigo,0.23999999999999999,21,3.25,r0020,38,0.40390136718108344
case_indigo,0.23999999999999999,21,3.25,r0021,38,0.39979444126917441
case_indigo,0.23999999999999999,21,3.25,r0022,38,0.34402718933232102
case_indigo,0.23999999999999999,21,3.25,r0023,38,0.32607423481788272
case_indigo,0.23999999999999999,21,3.25,r0024,38,0.40249585735802695
case_indigo,0.23999999999999999,21,3.25,r0025,38,0.44344406966973898
case_indigo,0.23999999999999999,21,3.25,r0026,38,0.4081172827241018
case_indigo,0.23999999999999999,21,3.25,r0027,38,0.38587300959335513
case_indigo,0.23999999999999999,21,3.25,r0028,38,0.40840364006517743
case_indigo,0.23999999999999999,21,3.25,r0029,38,0.43674426938880923
case_indigo,0.23999999999999999,21,3.6499999999999999,r0000,38,0.34613664287407681
case_indigo,0.23999999999999999,21,3.6499999999999999,r0001,38,0.43307454450809213
case_indigo,0.23999999999999999,21,3.6499999999999999,r0002,38,0.29589477039373729
case_indigo,0.23999999999999999,21,3.6499999999999999,r0003,38,0.36850594307896922
case_indigo,0.23999999999999999,21,3.6499999999999999,r0004,38,0.33062731030976683
case_indigo,0.23999999999999999,21,3.6499999999999999,r0005,38,0.39252271596805571
case_indigo,0.23999999999999999,21,3.6499999999999999,r0006,38,0.35409274060409551
case_indigo,0.23999999999999999,21,3.6499999999999999,r0007,38,0.39666869953014228
case_indigo,0.23999999999999999,21,3.6499999999999999,r0008,38,0.37555688395796816
case_indigo,0.23999999999999999,21,3.6499999999999999,r0009,38,0.41944508347811504
case_indigo,0.23999999999999999,21,3.6499999999999999,r0010,38,0.2909484989154939
case_indigo,0.23999999999999999,21,3.6499999999999999,r0011,38,0.44351948598707763
case_indigo,0.23999999999999999,21,3.6499999999999999,r0012,38,0.4072971085872123
case_indigo,0.23999999999999999,21,3.6499999999999999,r0013,38,0.37958902433627828
case_indigo,0.23999999999999999,21,3.6499999999999999,r0014,38,0.36949796160692466
case_indigo,0.23999999999999999,21,3.6499999999999999,r0015,38,0.27579176134294325
case_indigo,0.23999999999999999,21,3.6499999999999999,r0016,38,0.28779723602674617
case_indigo,0.23999999999999999,21,3.6499999999999999,r0017,38,0.36435603097276842
case_indigo,0.23999999999999999,21,3.6499999999999999,r0018,38,0.37132141011264269
case_indigo,0.23999999999999999,21,3.6499999999999999,r0019,38,0.39281911660801938
case_indigo,0.23999999999999999,21,3.6499999999999999,r0020,38,0.38370141139362562
case_indigo,0.23999999999999999,21,3.6499999999999999,r0021,38,0.36595020468522071
case_indigo,0.23999999999999999,21,3.6499999999999999,r0022,38,0.34846585187499846
case_indigo,0.23999999999999999,21,3.6499999999999999,r0023,38,0.34395522404163803
case_indigo,0.23999999999999999,21,3.6499999999999999,r0024,38,0.38402066276758601
case_indigo,0.23999999999999999,21,4.0499999999999998,r0000,38,0.41355576744358752
case_indigo,0.23999999999999999,21,4.0499999999999998,r0001,38,0.35527107680537967
case_indigo,0.23999999999999999,21,4.0499999999999998,r0002,38,0.39218137551940285
case_indigo,0.23999999999999999,21,4.0499999999999998,r0003,38,0.41205081395282794
case_indigo,0.23999999999999999,21,4.0499999999999998,r0004,38,0.34224793535621434
case_indigo,0.23999999999999999,21,4.0499999999999998,r0005,38,0.43693708101708495
case_indigo,0.23999999999999999,21,4.0499999999999998,r0006,38,0.38065626421924498
case_indigo,0.23999999999999999,21,4.0499999999999998,r0007,38,0.30750381503989588
case_indigo,0.23999999999999999,21,4.0499999999999998,r0008,38,0.45886301531532697
case_indigo,0.23999999999999999,21,4.0499999999999998,r0009,38,0.3826077483584942
case_indigo,0.23999999999999999,21,4.0499999999999998,r0010,38,0.47451029544945283
case_indigo,0.23999999999999999,21,4.0499999999999998,r0011,38,0.44718897189843854
case_indigo,0.23999999999999999,21,4.0499999999999998,r0012,38,0.34626971416101326
case_indigo,0.23999999999999999,21,4.0499999999999998,r0013,38,0.42725525721572022
case_indigo,0.23999999999999999,21,4.0499999999999998,r0014,38,0.32629413378703981
case_indigo,0.23999999999999999,21,4.0499999999999998,r0015,38,0.42187353170758862
case_indigo,0.23999999999999999,21,4.0499999999999998,r0016,38,0.35546775401588215
case_indigo,0.23999999999999999,21,4.0499999999999998,r0017,38,0.39749012052531013
case_indigo,0.23999999999999999,21,4.0499999999999998,r0018,38,0.33553823861447418
case_indigo,0.23999999999999999,21,4.0499999999999998,r0019,38,0.43601148486621671
case_indigo,0.23999999999999999,21,4.0499999999999998,r0020,38,0.44752549538010272
case_indigo,0.23999999999999999,21,4.0499999999999998,r0021,38,0.39803022496419604
case_indigo,0.23999999999999999,21,4.0499999999999998,r0022,38,0.3648242812784705
case_indigo,0.23999999999999999,21,4.0499999999999998,r0023,38,0.42136612263251744
case_indigo,0.23999999999999999,21,4.0499999999999998,r0024,38,0.37660657606640358
case_indigo,0.23999999999999999,21,4.0499999999999998,r0025,38,0.32049990702456688
case_indigo,0.23999999999999999,21,4.0499999999999998,r0026,38,0.40751107301883188
case_indigo,0.23999999999999999,30,0.84999999999999998,r0000,24,0.61962193356330264
case_indigo,0.23999999999999999,30,0.84999999999999998,r0001,24,0.53574889722752428
case_indigo,0.23999999999999999,30,0.84999999999999998,r0002,24,0.52227840450439811
case_indigo,0.23999999999999999,30,0.84999999999999998,r0003,24,0.55571371401269176
case_indigo,0.23999999999999999,30,0.84999999999999998,r0004,24,0.56793318335757392
case_indigo,0.23999999999999999,30,0.84999999999999998,r0005,24,0.56653233000405456
case_indigo,0.23999999999999999,30,0.84999999999999998,r0006,24,0.52840805811200997
case_indigo,0.23999999999999999,30,0.84999999999999998,r0007,24,0.61808846025539044
case_indigo,0.23999999999999999,30,0.84999999999999998,r0008,24,0.54036482345263537
case_indigo,0.23999999999999999,30,0.84999999999999998,r0009,24,0.51304957657598926
case_indigo,0.23999999999999999,30,0.84999999999999998,r0010,24,0.6577839465499199
case_indigo,0.23999999999999999,30,0.84999999999999998,r0011,24,0.55956725719127964
case_indigo,0.23999999999999999,30,0.84999999999999998,r0012,24,0.52106910434962994
case_indigo,0.23999999999999999,30,0.84999999999999998,r0013,24,0.56259326417774158
case_indigo,0.23999999999999999,30,0.84999999999999998,r0014,24,0.50808988865107907
case_indigo,0.23999999999999999,30,0.84999999999999998,r0015,24,0.68810458809039787
case_indigo,0.23999999999999999,30,0.84999999999999998,r0016,24,0.52961047152136986
case_indigo,0.23999999999999999,30,0.84999999999999998,r0017,24,0.50438788833960257
case_indigo,0.23999999999999999,30,0.84999999999999998,r0018,24,0.60730644818145707
case_indigo,0.23999999999999999,30,0.84999999999999998,r0019,24,0.64290436221574299
case_indigo,0.23999999999999999,30,0.84999999999999998,r0020,24,0.5809811990663305
case_indigo,0.23999999999999999,30,0.84999999999999998,r0021,24,0.59414653732616995
case_indigo,0.23999999999999999,30,0.84999999999999998,r0022,24,0.44815547083801094
case_indigo,0.23999999999999999,30,0.84999999999999998,r0023,24,0.56266004949513904
case_indigo,0.23999999999999999,30,0.84999999999999998,r0024,24,0.612805617309229
case_indigo,0.23999999999999999,30,0.84999999999999998,r0025,24,0.60887207814345945
case_indigo,0.23999999999999999,30,0.84999999999999998,r0026,24,0.39529263021753924
case_indigo,0.23999999999999999,30,0.84999999999999998,r0027,24,0.60298810086217058
case_indigo,0.23999999999999999,30,1.25,r0000,25,0.52803252331615358
case_indigo,0.23999999999999999,30,1.25,r0001,25,0.49140165470271596
case_indigo,0.23999999999999999,30,1.25,r0002,25,0.44153990137450827
case_indigo,0.23999999999999999,30,1.25,r0003,25,0.56814278286370568
case_indigo,0.23999999999999999,30,1.25,r0004,25,0.56095205870525922
case_indigo,0.23999999999999999,30,1.25,r0005,25,0.49366212325997066
case_indigo,0.23999999999999999,30,1.25,r0006,25,0.47915141898319263
case_indigo,0.23999999999999999,30,1.25,r0007,25,0.61279041100990439
case_indigo,0.23999999999999999,30,1.25,r0008,25,0.55471071167108532
case_indigo,0.23999999999999999,30,1.25,r0009,25,0.46010605533145332
case_indigo,0.23999999999999999,30,1.25,r0010,25,0.4471345669263595
case_indigo,0.23999999999999999,30,1.25,r0011,25,0.44635961453666573
case_indigo,0.23999999999999999,30,1.25,r0012,25,0.48217352959473553
case_indigo,0.23999999999999999,30,1.25,r0013,25,0.47815525343285148
case_indigo,0.23999999999999999,30,1.25,r0014,25,0.53958342811830406
case_indigo,0.23999999999999999,30,1.25,r0015,25,0.51633004961670703
case_indigo,0.23999999999999999,30,1.25,r0016,25,0.50733335064116392
case_indigo,0.23999999999999999,30,1.25,r0017,25,0.47968767343202595
case_indigo,0.23999999999999999,30,1.25,r0018,25,0.46355657279479828
case_indigo,0.23999999999999999,30,1.25,r0019,25,0.48445509432099176
case_indigo,0.23999999999999999,30,1.25,r0020,25,0.51944313431296474
case_indigo,0.23999999999999999,30,1.25,r0021,25,0.49257242133246448
case_indigo,0.23999999999999999,30,1.25,r0022,25,0.62526846185916607
case_indigo,0.23999999999999999,30,1.25,r0023,25,0.41379998939085766
case_indigo,0.23999999999999999,30,1.25,r0024,25,0.51375533220469516
case_indigo,0.23999999999999999,30,1.25,r0025,25,0.59782660015854672
case_indigo,0.23999999999999999,30,1.25,r0026,25,0.55508685091513565
case_indigo,0.23999999999999999,30,1.25,r0027,25,0.49745027771449424
case_indigo,0.23999999999999999,30,1.25,r0028,25,0.36669685732636581
case_indigo,0.23999999999999999,30,1.25,r0029,25,0.45995459899116187
case_indigo,0.23999999999999999,30,1.6499999999999999,r0000,28,0.60386717616513796
case_indigo,0.23999999999999999,30,1.6499999999999999,r0001,27,0.41285163979119233
case_indigo,0.23999999999999999,30,1.6499999999999999,r0002,27,0.57372269573022006
case_indigo,0.23999999999999999,30,1.6499999999999999,r0003,28,0.52898460031841632
case_indigo,0.23999999999999999,30,1.6499999999999999,r0004,27,0.63076135724882887
case_indigo,0.23999999999999999,30,1.6499999999999999,r0005,27,0.45060214351328903
case_indigo,0.23999999999999999,30,1.6499999999999999,r0006,27,0.48175060009234433
case_indigo,0.23999999999999999,30,1.6499999999999999,r0007,27,0.52767604542639446
case_indigo,0.23999999999999999,30,1.6499999999999999,r0008,28,0.5365259643655037
case_indigo,0.23999999999999999,30,1.6499999999999999,r0009,27,0.48484711604640979
case_indigo,0.23999999999999999,30,1.6499999999999999,r0010,28,0.51038124344637714
case_indigo,0.23999999999999999,30,1.6499999999999999,r0011,27,0.61497701878759592
case_indigo,0.23999999999999999,30,1.6499999999999999,r0012,27,0.4398128079195891
case_indigo,0.23999999999999999,30,1.6499999999999999,r0013,28,0.54266804727982998
case_indigo,0.23999999999999999,30,1.6499999999999999,r0014,27,0.54666643680557847
case_indigo,0.23999999999999999,30,1.6499999999999999,r0015,27,0.52886764819301313
case_indigo,0.23999999999999999,30,1.6499999999999999,r0016,27,0.44378995583122166
case_indigo,0.23999999999999999,30,1.6499999999999999,r0017,27,0.41882364610575373
case_indigo,0.23999999999999999,30,1.6499999999999999,r0018,27,0.54377819676249117
case_indigo,0.23999999999999999,30,1.6499999999999999,r0019,26,0.60892255400476969
case_indigo,0.23999999999999999,30,1.6499999999999999,r0020,28,0.46907270442361693
case_indigo,0.23999999999999999,30,1.6499999999999999,r0021,26,0.5333127615555493
case_indigo,0.23999999999999999,30,1.6499999999999999,r0022,27,0.52800803575547428
case_indigo,0.23999999999999999,30,1.6499999999999999,r0023,28,0.52737973348510636
case_indigo,0.23999999999999999,30,1.6499999999999999,r0024,27,0.61874977615653137
case_indigo,0.23999999999999999,30,2.0499999999999998,r0000,32,0.49618626677413702
case_indigo,0.23999999999999999,30,2.0499999999999998,r0001,33,0.48824262341008728
case_indigo,0.23999999999999999,30,2.0499999999999998,r0002,31,0.54065195196677185
case_indigo,0.23999999999999999,30,2.0499999999999998,r0003,33,0.35989673262213806
case_indigo,0.23999999999999999,30,2.0499999999999998,r0004,31,0.47096448477018721
case_indigo,0.23999999999999999,30,2.0499999999999998,r0005,33,0.47584704298606956
case_indigo,0.23999999999999999,30,2.0499999999999998,r0006,32,0.48477977214966128
case_indigo,0.23999999999999999,30,2.0499999999999998,r0007,32,0.39868418108457826
case_indigo,0.23999999999999999,30,2.0499999999999998,r0008,33,0.37566317712297986
case_indigo,0.23999999999999999,30,2.0499999999999998,r0009,33,0.39608922567073829
case_indigo,0.23999999999999999,30,2.0499999999999998,r0010,33,0.33656079389207855
case_indigo,0.23999999999999999,30,2.0499999999999998,r0011,32,0.57857376431063834
case_indigo,0.23999999999999999,30,2.0499999999999998,r0012,33,0.43921775412888808
case_indigo,0.23999999999999999,30,2.0499999999999998,r0013,32,0.40809589137329622
case_indigo,0.23999999999999999,30,2.0499999999999998,r0014,32,0.40950694838216328
case_indigo,0.23999999999999999,30,2.0499999999999998,r0015,32,0.45048839895585652
case_indigo,0.23999999999999999,30,2.0499999999999998,r0016,32,0.3889854472510505
case_indigo,0.23999999999999999,30,2.0499999999999998,r0017,32,0.47852599996245948
case_indigo,0.23999999999999999,30,2.0499999999999998,r0018,31,0.51452498324908924
case_indigo,0.23999999999999999,30,2.0499999999999998,r0019,33,0.34061225031622422
case_indigo,0.23999999999999999,30,2.0499999999999998,r0020,32,0.45445179680449788
case_indigo,0.23999999999999999,30,2.0499999999999998,r0021,31,0.58901670106317294
case_indigo,0.23999999999999999,30,2.0499999999999998,r0022,32,0.54457051725174921
case_indigo,0.23999999999999999,30,2.0499999999999998,r0023,32,0.43657891819297556
case_indigo,0.23999999999999999,30,2.0499999999999998,r0024,33,0.46508878372119683
case_indigo,0.23999999999999999,30,2.0499999999999998,r0025,32,0.39349899735481836
case_indigo,0.23999999999999999,30,2.0499999999999998,r0026,31,0.37889542795660619
case_indigo,0.23999999999999999,30,2.4500000000000002,r0000,36,0.46509346777055399
case_indigo,0.23999999999999999,30,2.4500000000000002,r0001,36,0.41217225131181018
case_indigo,0.23999999999999999,30,2.4500000000000002,r0002,35,0.42635552940351268
case_indigo,0.23999999999999999,30,2.4500000000000002,r0003,36,0.40357693186363452
case_indigo,0.23999999999999999,30,2.4500000000000002,r0004,36,0.32484652798966651
case_indigo,0.23999999999999999,30,2.4500000000000002,r0005,36,0.37905333458035917
case_indigo,0.23999999999999999,30,2.4500000000000002,r0006,36,0.41638809100193014
case_indigo,0.23999999999999999,30,2.4500000000000002,r0007,34,0.53126912853917163
case_indigo,0.23999999999999999,30,2.4500000000000002,r0008,36,0.4100385465695206
case_indigo,0.23999999999999999,30,2.4500000000000002,r0009,36,0.4975790809687049
case_indigo,0.23999999999999999,30,2.4500000000000002,r0010,36,0.41225633978533915
case_indigo,0.23999999999999999,30,2.4500000000000002,r0011,36,0.38761417716104851
case_indigo,0.23999999999999999,30,2.4500000000000002,r0012,36,0.40422616738676365
case_indigo,0.23999999999999999,30,2.4500000000000002,r0013,36,0.41578758712939484
case_indigo,0.23999999999999999,30,2.4500000000000002,r0014,36,0.39963200693545559
case_indigo,0.23999999999999999,30,2.4500000000000002,r0015,37,0.37699490242073713
case_indigo,0.23999999999999999,30,2.4500000000000002,r0016,36,0.36305204729783508
case_indigo,0.23999999999999999,30,2.4500000000000002,r0017,36,0.42278642150157658
case_indigo,0.23999999999999999,30,2.4500000000000002,r0018,36,0.45852326783674197
case_indigo,0.23999999999999999,30,2.4500000000000002,r0019,35,0.43495551989424458
case_indigo,0.23999999999999999,30,2.4500000000000002,r0020,36,0.39509924722010886
case_indigo,0.23999999999999999,30,2.4500000000000002,r0021,36,0.38589919873980627
case_indigo,0.23999999999999999,30,2.4500000000000002,r0022,36,0.46241076732023484
case_indigo,0.23999999999999999,30,2.4500000000000002,r0023,36,0.43358989434698808
case_indigo,0.23999999999999999,30,2.4500000000000002,r0024,36,0.44969996848814703
case_indigo,0.23999999999999999,30,2.4500000000000002,r0025,36,0.39143992647053721
case_indigo,0.23999999999999999,30,2.4500000000000002,r0026,36,0.36441556470081865
case_indigo,0.23999999999999999,30,2.4500000000000002,r0027,36,0.39922096767092174
case_indigo,0.23999999999999999,30,2.4500000000000002,r0028,36,0.40324004092235971
case_indigo,0.23999999999999999,30,2.8500000000000001,r0000,37,0.37726829174011117
case_indigo,0.23999999999999999,30,2.8500000000000001,r0001,38,0.4064574229387653
case_indigo,0.23999999999999999,30,2.8500000000000001,r0002,38,0.36441408541619419
case_indigo,0.23999999999999999,30,2.8500000000000001,r0003,38,0.3652814377773555
case_indigo,0.23999999999999999,30,2.8500000000000001,r0004,37,0.36902338308945143
case_indigo,0.23999999999999999,30,2.8500000000000001,r0005,38,0.36976592977025124
case_indigo,0.23999999999999999,30,2.8500000000000001,r0006,37,0.33322143952045752
case_indigo,0.23999999999999999,30,2.8500000000000001,r0007,37,0.41056607733230499
case_indigo,0.23999999999999999,30,2.8500000000000001,r0008,38,0.39413026291995057
case_indigo,0.23999999999999999,30,2.8500000000000001,r0009,38,0.5035223173477491
case_indigo,0.23999999999999999,30,2.8500000000000001,r0010,38,0.37735210968910898
case_indigo,0.23999999999999999,30,2.8500000000000001,r0011,37,0.30891055543446749
case_indigo,0.23999999999999999,30,2.8500000000000001,r0012,38,0.3892020169965828
case_indigo,0.23999999999999999,30,2.8500000000000001,r0013,38,0.36682405289421055
case_indigo,0.23999999999999999,30,2.8500000000000001,r0014,37,0.40153366498120546
case_indigo,0.23999999999999999,30,2.8500000000000001,r0015,38,0.36862927155369213
case_indigo,0.23999999999999999,30,2.8500000000000001,r0016,38,0.34362365099914188
case_indigo,0.23999999999999999,30,2.8500000000000001,r0017,37,0.34211474308656564
case_indigo,0.23999999999999999,30,2.8500000000000001,r0018,38,0.35163055829398165
case_indigo,0.23999999999999999,30,2.8500000000000001,r0019,37,0.30112315785613042
case_indigo,0.23999999999999999,30,2.8500000000000001,r0020,38,0.39046286406006081
case_indigo,0.23999999999999999,30,2.8500000000000001,r0021,37,0.40366907320593631
case_indigo,0.23999999999999999,30,2.8500000000000001,r0022,37,0.4232278970496246
case_indigo,0.23999999999999999,30,2.8500000000000001,r0023,37,0.51597619260882133
case_indigo,0.23999999999999999,30,3.25,r0000,38,0.309525890008642
case_indigo,0.23999999999999999,30,3.25,r0001,38,0.35119579815389873
case_indigo,0.23999999999999999,30,3.25,r0002,38,0.34915541644374715
case_indigo,0.23999999999999999,30,3.25,r0003,38,0.37489573699772272
case_indigo,0.23999999999999999,30,3.25,r0004,38,0.39824528969049805
case_indigo,0.23999999999999999,30,3.25,r0005,38,0.42090957437292359
case_indigo,0.23999999999999999,30,3.25,r0006,38,0.3425979944871928
case_indigo,0.23999999999999999,30,3.25,r0007,38,0.36822105659048016
case_indigo,0.23999999999999999,30,3.25,r0008,38,0.41597387167558475
case_indigo,0.23999999999999999,30,3.25,r0009,38,0.52112361041109945
case_indigo,0.23999999999999999,30,3.25,r0010,38,0.42363049280872933
case_indigo,0.23999999999999999,30,3.25,r0011,38,0.4309959260286555
case_indigo,0.23999999999999999,30,3.25,r0012,38,0.34670249291453892
case_indigo,0.23999999999999999,30,3.25,r0013,38,0.30946499536782268
case_indigo,0.23999999999999999,30,3.25,r0014,38,0.32698227530597174
case_indigo,0.23999999999999999,30,3.25,r0015,38,0.3015168997442727
case_indigo,0.23999999999999999,30,3.25,r0016,38,0.42308971715969668
case_indigo,0.23999999999999999,30,3.25,r0017,38,0.38967909285826446
case_indigo,0.23999999999999999,30,3.25,r0018,38,0.48344477388265245
case_indigo,0.23999999999999999,30,3.25,r0019,38,0.4210876190202909
case_indigo,0.23999999999999999,30,3.25,r0020,38,0.34264126896560848
case_indigo,0.23999999999999999,30,3.25,r0021,38,0.34702135527278549
case_indigo,0.23999999999999999,30,3.25,r0022,38,0.31425838567224751
case_indigo,0.23999999999999999,30,3.25,r0023,38,0.39899876883096375
case_indigo,0.23999999999999999,30,3.25,r0024,38,0.55852003968379005
case_indigo,0.23999999999999999,30,3.25,r0025,38,0.43807853995666401
case_indigo,0.23999999999999999,30,3.6499999999999999,r0000,38,0.36354235983118671
case_indigo,0.23999999999999999,30,3.6499999999999999,r0001,38,0.41707721386595503
case_indigo,0.23999999999999999,30,3.6499999999999999,r0002,38,0.38979521949003548
case_indigo,0.23999999999999999,30,3.6499999999999999,r0003,38,0.38651195601311966
case_indigo,0.23999999999999999,30,3.6499999999999999,r0004,38,0.44228662724127893
case_indigo,0.23999999999999999,30,3.6499999999999999,r0005,38,0.47525694290000725
case_indigo,0.23999999999999999,30,3.6499999999999999,r0006,38,0.39942532171294004
case_indigo,0.23999999999999999,30,3.6499999999999999,r0007,38,0.49345332893194005
case_indigo,0.23999999999999999,30,3.6499999999999999,r0008,38,0.44954321811059011
case_indigo,0.23999999999999999,30,3.6499999999999999,r0009,38,0.40016941575881781
case_indigo,0.23999999999999999,30,3.6499999999999999,r0010,38,0.31144170670161092
case_indigo,0.23999999999999999,30,3.6499999999999999,r0011,38,0.42567273165010766
case_indigo,0.23999999999999999,30,3.6499999999999999,r0012,38,0.42169998087456689
case_indigo,0.23999999999999999,30,3.6499999999999999,r0013,38,0.2843912765088229
case_indigo,0.23999999999999999,30,3.6499999999999999,r0014,38,0.37597338107392192
case_indigo,0.23999999999999999,30,3.6499999999999999,r0015,38,0.38555471222084958
case_indigo,0.23999999999999999,30,3.6499999999999999,r0016,38,0.34488343277820144
case_indigo,0.23999999999999999,30,3.6499999999999999,r0017,38,0.45475085852787289
case_indigo,0.23999999999999999,30,3.6499999999999999,r0018,38,0.34022307565196824
case_indigo,0.23999999999999999,30,3.6499999999999999,r0019,38,0.37459775046056559
case_indigo,0.23999999999999999,30,3.6499999999999999,r0020,38,0.37873357599952756
case_indigo,0.23999999999999999,30,3.6499999999999999,r0021,38,0.36534190154663554
case_indigo,0.23999999999999999,30,3.6499999999999999,r0022,38,0.43377349742187404
case_indigo,0.23999999999999999,30,3.6499999999999999,r0023,38,0.48891839012389005
case_indigo,0.23999999999999999,30,3.6499999999999999,r0024,38,0.32037839447849986
case_indigo,0.23999999999999999,30,3.6499999999999999,r0025,38,0.38131309125928831
case_indigo,0.23999999999999999,30,3.6499999999999999,r0026,38,0.3196324013369633
case_indigo,0.23999999999999999,30,3.6499999999999999,r0027,38,0.4718546269263123
case_indigo,0.23999999999999999,30,4.0499999999999998,r0000,38,0.36730621331675439
case_indigo,0.23999999999999999,30,4.0499999999999998,r0001,38,0.43413481360338729
case_indigo,0.23999999999999999,30,4.0499999999999998,r0002,38,0.36735808784501678
case_indigo,0.23999999999999999,30,4.0499999999999998,r0003,38,0.32346775819831292
case_indigo,0.23999999999999999,30,4.0499999999999998,r0004,38,0.34306595933374429
case_indigo,0.23999999999999999,30,4.0499999999999998,r0005,38,0.4861947183980615
case_indigo,0.23999999999999999,30,4.0499999999999998,r0006,38,0.30956650640321509
case_indigo,0.23999999999999999,30,4.0499999999999998,r0007,38,0.32063292024345058
case_indigo,0.23999999999999999,30,4.0499999999999998,r0008,38,0.40362242795371744
case_indigo,0.23999999999999999,30,4.0499999999999998,r0009,38,0.33863506113850655
case_indigo,0.23999999999999999,30,4.0499999999999998,r0010,38,0.441771471836237
case_indigo,0.23999999999999999,30,4.0499999999999998,r0011,38,0.43344666581383856
case_indigo,0.23999999999999999,30,4.0499999999999998,r0012,38,0.43994955020753923
case_indigo,0.23999999999999999,30,4.0499999999999998,r0013,38,0.36901306297590669
case_indigo,0.23999999999999999,30,4.0499999999999998,r0014,38,0.33839403187251632
case_indigo,0.23999999999999999,30,4.0499999999999998,r0015,38,0.41274689933116254
case_indigo,0.23999999999999999,30,4.0499999999999998,r0016,38,0.35497752351785838
case_indigo,0.23999999999999999,30,4.0499999999999998,r0017,38,0.35196846105233509
case_indigo,0.23999999999999999,30,4.0499999999999998,r0018,38,0.37964575806708994
case_indigo,0.23999999999999999,30,4.0499999999999998,r0019,38,0.42936170871900781
case_indigo,0.23999999999999999,30,4.0499999999999998,r0020,38,0.42452914059588559
case_indigo,0.23999999999999999,30,4.0499999999999998,r0021,38,0.41013785902168481
case_indigo,0.23999999999999999,30,4.0499999999999998,r0022,38,0.40340475516821828
case_indigo,0.23999999999999999,30,4.0499999999999998,r0023,38,0.27882290827948808
case_indigo,0.23999999999999999,30,4.0499999999999998,r0024,38,0.39708190853651903
case_indigo,0.23999999999999999,30,4.0499999999999998,r0025,38,0.32180204428392384
case_indigo,0.23999999999999999,30,4.0499999999999998,r0026,38,0.40921381725349754
case_indigo,0.23999999999999999,30,4.0499999999999998,r0027,38,0.46322398132000736
case_indigo,0.23999999999999999,30,4.0499999999999998,r0028,38,0.37275102289034034
case_indigo,0.23999999999999999,30,4.0499999999999998,r0029,38,0.3600969846156164
case_indigo,0.46999999999999997,9,0.84999999999999998,r0000,26,0.52036581312536279
case_indigo,0.46999999999999997,9,0.84999999999999998,r0001,25,0.47571973651584865
case_indigo,0.46999999999999997,9,0.84999999999999998,r0002,26,0.41444005630085534
case_indigo,0.46999999999999997,9,0.84999999999999998,r0003,26,0.48600391031790657
case_indigo,0.46999999999999997,9,0.84999999999999998,r0004,26,0.54196880911891754
case_indigo,0.46999999999999997,9,0.84999999999999998,r0005,25,0.32679943718155441
case_indigo,0.46999999999999997,9,0.84999999999999998,r0006,26,0.52512340528973622
case_indigo,0.46999999999999997,9,0.84999999999999998,r0007,27,0.57613778115559167
case_indigo,0.46999999999999997,9,0.84999999999999998,r0008,26,0.52472154869913379
case_indigo,0.46999999999999997,9,0.84999999999999998,r0009,26,0.54509381168614768
case_indigo,0.46999999999999997,9,0.84999999999999998,r0010,26,0.49891059526390202
case_indigo,0.46999999999999997,9,0.84999999999999998,r0011,25,0.5024827524024823
case_indigo,0.46999999999999997,9,0.84999999999999998,r0012,26,0.55041330821335754
case_indigo,0.46999999999999997,9,0.84999999999999998,r0013,25,0.54370564735419569
case_indigo,0.46999999999999997,9,0.84999999999999998,r0014,26,0.59096669811516767
case_indigo,0.46999999999999997,9,0.84999999999999998,r0015,26,0.54534729521390435
case_indigo,0.46999999999999997,9,0.84999999999999998,r0016,26,0.56880376045967818
case_indigo,0.46999999999999997,9,0.84999999999999998,r0017,26,0.53001503947566309
case_indigo,0.46999999999999997,9,0.84999999999999998,r0018,25,0.510783430514401
case_indigo,0.46999999999999997,9,0.84999999999999998,r0019,26,0.58666968761455307
case_indigo,0.46999999999999997,9,0.84999999999999998,r0020,26,0.48658229188832691
case_indigo,0.46999999999999997,9,0.84999999999999998,r0021,26,0.56506977687654836
case_indigo,0.46999999999999997,9,0.84999999999999998,r0022,26,0.44384162623118673
case_indigo,0.46999999999999997,9,0.84999999999999998,r0023,26,0.53226750853611304
case_indigo,0.46999999999999997,9,0.84999999999999998,r0024,26,0.47256971534130343
case_indigo,0.46999999999999997,9,0.84999999999999998,r0025,26,0.60227598302433849
case_indigo,0.46999999999999997,9,0.84999999999999998,r0026,26,0.5508271282130246
case_indigo,0.46999999999999997,9,0.84999999999999998,r0027,26,0.50494769830001762
case_indigo,0.46999999999999997,9,0.84999999999999998,r0028,26,0.430064804018229
case_indigo,0.46999999999999997,9,1.25,r0000,26,0.51326613774580176
case_indigo,0.46999999999999997,9,1.25,r0001,26,0.52821119707965036
case_indigo,0.46999999999999997,9,1.25,r0002,27,0.47046471063098394
case_indigo,0.46999999999999997,9,1.25,r0003,27,0.52397113279631957
case_indigo,0.46999999999999997,9,1.25,r0004,27,0.52969941180325908
case_indigo,0.46999999999999997,9,1.25,r0005,27,0.6037657593591722
case_indigo,0.46999999999999997,9,1.25,r0006,27,0.47223187053060234
case_indigo,0.46999999999999997,9,1.25,r0007,27,0.51969100257505518
case_indigo,0.46999999999999997,9,1.25,r0008,26,0.44972455428231223
case_indigo,0.46999999999999997,9,1.25,r0009,26,0.52937401807312157
case_indigo,0.46999999999999997,9,1.25,r0010,26,0.45850979912806739
case_indigo,0.46999999999999997,9,1.25,r0011,26,0.6198045061792361
case_indigo,0.46999999999999997,9,1.25,r0012,27,0.50832168337827044
case_indigo,0.46999999999999997,9,1.25,r0013,27,0.54307102528726059
case_indigo,0.46999999999999997,9,1.25,r0014,27,0.55020886503897859
case_indigo,0.46999999999999997,9,1.25,r0015,28,0.43637197000699368
case_indigo,0.46999999999999997,9,1.25,r0016,26,0.47153699663793469
case_indigo,0.46999999999999997,9,1.25,r0017,27,0.49561570724687798
case_indigo,0.46999999999999997,9,1.25,r0018,27,0.49449920477343062
case_indigo,0.46999999999999997,9,1.25,r0019,27,0.60496471401317176
case_indigo,0.46999999999999997,9,1.25,r0020,26,0.50249964741859565
case_indigo,0.46999999999999997,9,1.25,r0021,27,0.47474643997110411
case_indigo,0.46999999999999997,9,1.25,r0022,26,0.5218848566710429
case_indigo,0.46999999999999997,9,1.25,r0023,27,0.40949761160665354
case_indigo,0.46999999999999997,9,1.6499999999999999,r0000,28,0.52135679738599294
case_indigo,0.46999999999999997,9,1.6499999999999999,r0001,29,0.55549457176088213
case_indigo,0.46999999999999997,9,1.6499999999999999,r0002,27,0.56500832876704588
case_indigo,0.46999999999999997,9,1.6499999999999999,r0003,28,0.47872490745714591
case_indigo,0.46999999999999997,9,1.6499999999999999,r0004,29,0.51287971305366886
case_indigo,0.46999999999999997,9,1.6499999999999999,r0005,28,0.54260034643220623
case_indigo,0.46999999999999997,9,1.6499999999999999,r0006,29,0.42050827807675656
case_indigo,0.46999999999999997,9,1.6499999999999999,r0007,29,0.45988572924819693
case_indigo,0.46999999999999997,9,1.6499999999999999,r0008,28,0.50730965081880985
case_indigo,0.46999999999999997,9,1.6499999999999999,r0009,29,0.510694476964628
case_indigo,0.46999999999999997,9,1.6499999999999999,r0010,28,0.48801622252970073
case_indigo,0.46999999999999997,9,1.6499999999999999,r0011,28,0.32264573779849959
case_indigo,0.46999999999999997,9,1.6499999999999999,r0012,29,0.4361555929658068
case_indigo,0.46999999999999997,9,1.6499999999999999,r0013,29,0.51136800366741819
case_indigo,0.46999999999999997,9,1.6499999999999999,r0014,28,0.55329294090132364
case_indigo,0.46999999999999997,9,1.6499999999999999,r0015,27,0.56214904234992735
case_indigo,0.46999999999999997,9,1.6499999999999999,r0016,29,0.48479304818511049
case_indigo,0.46999999999999997,9,1.6499999999999999,r0017,28,0.4659959283077052
case_indigo,0.46999999999999997,9,1.6499999999999999,r0018,29,0.54790607448782136
case_indigo,0.46999999999999997,9,1.6499999999999999,r0019,28,0.52716591653797262
case_indigo,0.46999999999999997,9,1.6499999999999999,r0020,28,0.54652471850617135
case_indigo,0.46999999999999997,9,1.6499999999999999,r0021,29,0.47955306878013376
case_indigo,0.46999999999999997,9,1.6499999999999999,r0022,28,0.54101032339341582
case_indigo,0.46999999999999997,9,1.6499999999999999,r0023,28,0.45384776965220225
case_indigo,0.46999999999999997,9,1.6499999999999999,r0024,28,0.38820732162361687
case_indigo,0.46999999999999997,9,1.6499999999999999,r0025,28,0.51698611936640226
case_indigo,0.46999999999999997,9,2.0499999999999998,r0000,30,0.4303219206214563
case_indigo,0.46999999999999997,9,2.0499999999999998,r0001,30,0.46291458906303801
case_indigo,0.46999999999999997,9,2.0499999999999998,r0002,30,0.56971777475217356
case_indigo,0.46999999999999997,9,2.0499999999999998,r0003,30,0.58254274367591763
case_indigo,0.46999999999999997,9,2.0499999999999998,r0004,29,0.46843308866109451
case_indigo,0.46999999999999997,9,2.0499999999999998,r0005,29,0.44435940157503029
case_indigo,0.46999999999999997,9,2.0499999999999998,r0006,30,0.49080630996658425
case_indigo,0.46999999999999997,9,2.0499999999999998,r0007,29,0.5023630947180695
case_indigo,0.46999999999999997,9,2.0499999999999998,r0008,30,0.51771370276387063
case_indigo,0.46999999999999997,9,2.0499999999999998,r0009,29,0.44556566189271224
case_indigo,0.46999999999999997,9,2.0499999999999998,r0010,29,0.3991596892121429
case_indigo,0.46999999999999997,9,2.0499999999999998,r0011,30,0.47766430480219307
case_indigo,0.46999999999999997,9,2.0499999999999998,r0012,29,0.543052295778094
case_indigo,0.46999999999999997,9,2.0499999999999998,r0013,30,0.47695631882210071
case_indigo,0.46999999999999997,9,2.0499999999999998,r0014,30,0.54192477750469137
case_indigo,0.46999999999999997,9,2.0499999999999998,r0015,30,0.59230023314629865
case_indigo,0.46999999999999997,9,2.0499999999999998,r0016,29,0.43882561326149044
case_indigo,0.46999999999999997,9,2.0499999999999998,r0017,29,0.4486616378427819
case_indigo,0.46999999999999997,9,2.0499999999999998,r0018,31,0.44716789429912157
case_indigo,0.46999999999999997,9,2.0499999999999998,r0019,29,0.49343114441159758
case_indigo,0.46999999999999997,9,2.0499999999999998,r0020,31,0.4101627563222035
case_indigo,0.46999999999999997,9,2.0499999999999998,r0021,30,0.40214963303889134
case_indigo,0.46999999999999997,9,2.0499999999999998,r0022,29,0.53260943524747173
case_indigo,0.46999999999999997,9,2.0499999999999998,r0023,31,0.49151901164257511
case_indigo,0.46999999999999997,9,2.0499999999999998,r0024,30,0.43820016625857489
case_indigo,0.46999999999999997,9,2.0499999999999998,r0025,30,0.51484531882590234
case_indigo,0.46999999999999997,9,2.0499999999999998,r0026,30,0.52129059261579125
case_indigo,0.46999999999999997,9,2.0499999999999998,r0027,30,0.53295179538861115
case_indigo,0.46999999999999997,9,2.4500000000000002,r0000,31,0.52634025431803411
case_indigo,0.46999999999999997,9,2.4500000000000002,r0001,32,0.53516917135524045
case_indigo,0.46999999999999997,9,2.4500000000000002,r0002,31,0.53230953943531689
case_indigo,0.46999999999999997,9,2.4500000000000002,r0003,31,0.42994697963497702
case_indigo,0.46999999999999997,9,2.4500000000000002,r0004,31,0.39951635040767086
case_indigo,0.46999999999999997,9,2.4500000000000002,r0005,31,0.43548564451195088
case_indigo,0.46999999999999997,9,2.4500000000000002,r0006,32,0.60097665204795503
case_indigo,0.46999999999999997,9,2.4500000000000002,r0007,32,0.48217209468483357
case_indigo,0.46999999999999997,9,2.4500000000000002,r0008,32,0.45677223045148846
case_indigo,0.46999999999999997,9,2.4500000000000002,r0009,32,0.4789045436098367
case_indigo,0.46999999999999997,9,2.4500000000000002,r0010,32,0.44838423395351945
case_indigo,0.46999999999999997,9,2.4500000000000002,r0011,31,0.51714010424272916
case_indigo,0.46999999999999997,9,2.4500000000000002,r0012,32,0.36424855940454648
case_indigo,0.46999999999999997,9,2.4500000000000002,r0013,32,0.48749142615222618
case_indigo,0.46999999999999997,9,2.4500000000000002,r0014,32,0.41450019160506557
case_indigo,0.46999999999999997,9,2.4500000000000002,r0015,30,0.64071764178245039
case_indigo,0.46999999999999997,9,2.4500000000000002,r0016,31,0.45614852690289687
case_indigo,0.46999999999999997,9,2.4500000000000002,r0017,32,0.38103711782220673
case_indigo,0.46999999999999997,9,2.4500000000000002,r0018,33,0.50886064135885789
case_indigo,0.46999999999999997,9,2.4500000000000002,r0019,31,0.58814927440742748
case_indigo,0.46999999999999997,9,2.4500000000000002,r0020,31,0.47323949381532671
case_indigo,0.46999999999999997,9,2.4500000000000002,r0021,32,0.38576987874554397
case_indigo,0.46999999999999997,9,2.4500000000000002,r0022,33,0.47535250215159536
case_indigo,0.46999999999999997,9,2.4500000000000002,r0023,31,0.5099301155993452
case_indigo,0.46999999999999997,9,2.4500000000000002,r0024,31,0.47067808462763444
case_indigo,0.46999999999999997,9,2.4500000000000002,r0025,31,0.38276055775561701
case_indigo,0.46999999999999997,9,2.4500000000000002,r0026,30,0.34711379463187775
case_indigo,0.46999999999999997,9,2.4500000000000002,r0027,33,0.51373353017557188
case_indigo,0.46999999999999997,9,2.4500000000000002,r0028,31,0.51275262798737409
case_indigo,0.46999999999999997,9,2.4500000000000002,r0029,32,0.50909233261356901
case_indigo,0.46999999999999997,9,2.8500000000000001,r0000,35,0.41881914544335147
case_indigo,0.46999999999999997,9,2.8500000000000001,r0001,33,0.44235698738417495
case_indigo,0.46999999999999997,9,2.8500000000000001,r0002,34,0.49940537626438264
case_indigo,0.46999999999999997,9,2.8500000000000001,r0003,34,0.46834372314669648
case_indigo,0.46999999999999997,9,2.8500000000000001,r0004,33,0.41062417991790545
case_indigo,0.46999999999999997,9,2.8500000000000001,r0005,34,0.4662193239998394
case_indigo,0.46999999999999997,9,2.8500000000000001,r0006,33,0.49621400350747236
case_indigo,0.46999999999999997,9,2.8500000000000001,r0007,33,0.48833425584601869
case_indigo,0.46999999999999997,9,2.8500000000000001,r0008,32,0.4616245476850438
case_indigo,0.46999999999999997,9,2.8500000000000001,r0009,33,0.44500221718154648
case_indigo,0.46999999999999997,9,2.8500000000000001,r0010,33,0.48711670582549604
case_indigo,0.46999999999999997,9,2.8500000000000001,r0011,33,0.5579305171433947
case_indigo,0.46999999999999997,9,2.8500000000000001,r0012,34,0.4476031271151602
case_indigo,0.46999999999999997,9,2.8500000000000001,r0013,33,0.41889287277503467
case_indigo,0.46999999999999997,9,2.8500000000000001,r0014,33,0.37724562321861665
case_indigo,0.46999999999999997,9,2.8500000000000001,r0015,33,0.5691344140769099
case_indigo,0.46999999999999997,9,2.8500000000000001,r0016,31,0.40844138879929071
case_indigo,0.46999999999999997,9,2.8500000000000001,r0017,34,0.46299526774778005
case_indigo,0.46999999999999997,9,2.8500000000000001,r0018,34,0.47500083247239006
case_indigo,0.46999999999999997,9,2.8500000000000001,r0019,34,0.3798818310180796
case_indigo,0.46999999999999997,9,2.8500000000000001,r0020,33,0.38284878280726853
case_indigo,0.46999999999999997,9,2.8500000000000001,r0021,33,0.44913006299400982
case_indigo,0.46999999999999997,9,2.8500000000000001,r0022,34,0.43493903536759243
case_indigo,0.46999999999999997,9,2.8500000000000001,r0023,33,0.38812562478923751
case_indigo,0.46999999999999997,9,2.8500000000000001,r0024,34,0.45638818289543059
case_indigo,0.46999999999999997,9,3.25,r0000,34,0.43606139941239025
case_indigo,0.46999999999999997,9,3.25,r0001,35,0.49074954010162597
case_indigo,0.46999999999999997,9,3.25,r0002,34,0.46389883047530056
case_indigo,0.46999999999999997,9,3.25,r0003,35,0.47858979527761697
case_indigo,0.46999999999999997,9,3.25,r0004,35,0.42197271565094557
case_indigo,0.46999999999999997,9,3.25,r0005,35,0.40005491235781993
case_indigo,0.46999999999999997,9,3.25,r0006,35,0.470751523287672
case_indigo,0.46999999999999997,9,3.25,r0007,35,0.3568689672120271
case_indigo,0.46999999999999997,9,3.25,r0008,36,0.42549724390275645
case_indigo,0.46999999999999997,9,3.25,r0009,35,0.43780955874575161
case_indigo,0.46999999999999997,9,3.25,r0010,34,0.44408935600281846
case_indigo,0.46999999999999997,9,3.25,r0011,35,0.44184767163126781
case_indigo,0.46999999999999997,9,3.25,r0012,34,0.44340505648778472
case_indigo,0.46999999999999997,9,3.25,r0013,35,0.38646397165162566
case_indigo,0.46999999999999997,9,3.25,r0014,36,0.47071967765500095
case_indigo,0.46999999999999997,9,3.25,r0015,34,0.41931166267673953
case_indigo,0.46999999999999997,9,3.25,r0016,35,0.44487322668407886
case_indigo,0.46999999999999997,9,3.25,r0017,35,0.45537788400660439
case_indigo,0.46999999999999997,9,3.25,r0018,35,0.52539182643352644
case_indigo,0.46999999999999997,9,3.25,r0019,35,0.38609621649964576
case_indigo,0.46999999999999997,9,3.25,r0020,35,0.35403508880057633
case_indigo,0.46999999999999997,9,3.25,r0021,35,0.41755550740615005
case_indigo,0.46999999999999997,9,3.25,r0022,35,0.50278994982297975
case_indigo,0.46999999999999997,9,3.25,r0023,35,0.4545015127765793
case_indigo,0.46999999999999997,9,3.25,r0024,35,0.40310711184074588
case_indigo,0.46999999999999997,9,3.25,r0025,35,0.45785619501481867
case_indigo,0.46999999999999997,9,3.25,r0026,35,0.45293353228509903
case_indigo,0.46999999999999997,9,3.6499999999999999,r0000,36,0.43647920133981943
case_indigo,0.46999999999999997,9,3.6499999999999999,r0001,36,0.47182637121311033
case_indigo,0.46999999999999997,9,3.6499999999999999,r0002,36,0.34454416927360626
case_indigo,0.46999999999999997,9,3.6499999999999999,r0003,36,0.44377127048720688
case_indigo,0.46999999999999997,9,3.6499999999999999,r0004,36,0.45090623322332024
case_indigo,0.46999999999999997,9,3.6499999999999999,r0005,36,0.46286330282368088
case_indigo,0.46999999999999997,9,3.6499999999999999,r0006,36,0.44849802375057102
case_indigo,0.46999999999999997,9,3.6499999999999999,r0007,35,0.43463761126755129
case_indigo,0.46999999999999997,9,3.6499999999999999,r0008,36,0.46994768972531198
case_indigo,0.46999999999999997,9,3.6499999999999999,r0009,36,0.41407475007004702
case_indigo,0.46999999999999997,9,3.6499999999999999,r0010,36,0.42065259096499896
case_indigo,0.46999999999999997,9,3.6499999999999999,r0011,36,0.36514877466693896
case_indigo,0.46999999999999997,9,3.6499999999999999,r0012,36,0.42666568558441414
case_indigo,0.46999999999999997,9,3.6499999999999999,r0013,36,0.44007994744053008
case_indigo,0.46999999999999997,9,3.6499999999999999,r0014,36,0.46822821264322262
case_indigo,0.46999999999999997,9,3.6499999999999999,r0015,36,0.3021401914494638
case_indigo,0.46999999999999997,9,3.6499999999999999,r0016,36,0.37821442680798933
case_indigo,0.46999999999999997,9,3.6499999999999999,r0017,35,0.44792393572512018
case_indigo,0.46999999999999997,9,3.6499999999999999,r0018,35,0.38636391127919356
case_indigo,0.46999999999999997,9,3.6499999999999999,r0019,36,0.43596962281903306
case_indigo,0.46999999999999997,9,3.6499999999999999,r0020,36,0.38223443904593774
case_indigo,0.46999999999999997,9,3.6499999999999999,r0021,36,0.35144961850269035
case_indigo,0.46999999999999997,9,3.6499999999999999,r0022,36,0.45932636493821616
case_indigo,0.46999999999999997,9,3.6499999999999999,r0023,36,0.41785145121579081
case_indigo,0.46999999999999997,9,3.6499999999999999,r0024,36,0.42761108619094174
case_indigo,0.46999999999999997,9,3.6499999999999999,r0025,35,0.34425218791763973
case_indigo,0.46999999999999997,9,3.6499999999999999,r0026,36,0.46406123199323002
case_indigo,0.46999999999999997,9,3.6499999999999999,r0027,35,0.41472201466692915
case_indigo,0.46999999999999997,9,3.6499999999999999,r0028,35,0.50335750994548167
case_indigo,0.46999999999999997,9,4.0499999999999998,r0000,37,0.35511996034658255
case_indigo,0.46999999999999997,9,4.0499999999999998,r0001,37,0.37721479460854213
case_indigo,0.46999999999999997,9,4.0499999999999998,r0002,37,0.31422700755445893
case_indigo,0.46999999999999997,9,4.0499999999999998,r0003,37,0.3615493023756835
case_indigo,0.46999999999999997,9,4.0499999999999998,r0004,36,0.40916657671584689
case_indigo,0.46999999999999997,9,4.0499999999999998,r0005,36,0.32497215210451935
case_indigo,0.46999999999999997,9,4.0499999999999998,r0006,36,0.40022892256025927
case_indigo,0.46999999999999997,9,4.0499999999999998,r0007,36,0.48944183442721179
case_indigo,0.46999999999999997,9,4.0499999999999998,r0008,37,0.39305838155539041
case_indigo,0.46999999999999997,9,4.0499999999999998,r0009,37,0.36268526195201922
case_indigo,0.46999999999999997,9,4.0499999999999998,r0010,37,0.37827639450295775
case_indigo,0.46999999999999997,9,4.0499999999999998,r0011,37,0.37620860904115166
case_indigo,0.46999999999999997,9,4.0499999999999998,r0012,36,0.29985960580262494
case_indigo,0.46999999999999997,9,4.0499999999999998,r0013,36,0.48289809663181188
case_indigo,0.46999999999999997,9,4.0499999999999998,r0014,36,0.42154346848853114
case_indigo,0.46999999999999997,9,4.0499999999999998,r0015,36,0.43316540533288628
case_indigo,0.46999999999999997,9,4.0499999999999998,r0016,37,0.44830614965032151
case_indigo,0.46999999999999997,9,4.0499999999999998,r0017,36,0.4049323189307486
case_indigo,0.46999999999999997,9,4.0499999999999998,r0018,36,0.42119757795512203
case_indigo,0.46999999999999997,9,4.0499999999999998,r0019,37,0.38689575402378507
case_indigo,0.46999999999999997,9,4.0499999999999998,r0020,37,0.43736393145690516
case_indigo,0.46999999999999997,9,4.0499999999999998,r0021,37,0.4170548628389949
case_indigo,0.46999999999999997,9,4.0499999999999998,r0022,36,0.38458627421129798
case_indigo,0.46999999999999997,9,4.0499999999999998,r0023,37,0.46032514294619054
case_indigo,0.46999999999999997,14,0.84999999999999998,r0000,25,0.52489108242562943
case_indigo,0.46999999999999997,14,0.84999999999999998,r0001,25,0.5527875308428305
case_indigo,0.46999999999999997,14,0.84999999999999998,r0002,25,0.56340189729771117
case_indigo,0.46999999999999997,14,0.84999999999999998,r0003,25,0.4887764108654683
case_indigo,0.46999999999999997,14,0.84999999999999998,r0004,25,0.51082677085068473
case_indigo,0.46999999999999997,14,0.84999999999999998,r0005,25,0.56234175833341182
case_indigo,0.46999999999999997,14,0.84999999999999998,r0006,25,0.47306663437531016
case_indigo,0.46999999999999997,14,0.84999999999999998,r0007,25,0.54820723046848108
case_indigo,0.46999999999999997,14,0.84999999999999998,r0008,25,0.57594606680103022
case_indigo,0.46999999999999997,14,0.84999999999999998,r0009,25,0.48820144661102655
case_indigo,0.46999999999999997,14,0.84999999999999998,r0010,25,0.584159212433078
case_indigo,0.46999999999999997,14,0.84999999999999998,r0011,25,0.52862077965886012
case_indigo,0.46999999999999997,14,0.84999999999999998,r0012,25,0.51671195213542109
case_indigo,0.46999999999999997,14,0.84999999999999998,r0013,25,0.51440145045015095
case_indigo,0.46999999999999997,14,0.84999999999999998,r0014,24,0.62602056850164434
case_indigo,0.46999999999999997,14,0.84999999999999998,r0015,25,0.55197797280536387
case_indigo,0.46999999999999997,14,0.84999999999999998,r0016,25,0.53478568733196752
case_indigo,0.46999999999999997,14,0.84999999999999998,r0017,25,0.52304785825328826
case_indigo,0.46999999999999997,14,0.84999999999999998,r0018,25,0.57992759840304775
case_indigo,0.46999999999999997,14,0.84999999999999998,r0019,25,0.53581266914696812
case_indigo,0.46999999999999997,14,0.84999999999999998,r0020,25,0.49303820651541824
case_indigo,0.46999999999999997,14,0.84999999999999998,r0021,25,0.56446955997823278
case_indigo,0.46999999999999997,14,0.84999999999999998,r0022,25,0.52528425989285121
case_indigo,0.46999999999999997,14,0.84999999999999998,r0023,25,0.58059920637150364
case_indigo,0.46999999999999997,14,0.84999999999999998,r0024,25,0.52810571860847644
case_indigo,0.46999999999999997,14,1.25,r0000,25,0.39653650485651654
case_indigo,0.46999999999999997,14,1.25,r0001,25,0.52035754949862867
case_indigo,0.46999999999999997,14,1.25,r0002,26,0.44649349861791471
case_indigo,0.46999999999999997,14,1.25,r0003,25,0.49933285158208535
case_indigo,0.46999999999999997,14,1.25,r0004,25,0.52545729598170421
case_indigo,0.46999999999999997,14,1.25,r0005,26,0.42251653947532297
case_indigo,0.46999999999999997,14,1.25,r0006,26,0.50547968226080031
case_indigo,0.46999999999999997,14,1.25,r0007,26,0.54341332165603962
case_indigo,0.46999999999999997,14,1.25,r0008,25,0.52950884059549708
case_indigo,0.46999999999999997,14,1.25,r0009,26,0.52151138135872732
case_indigo,0.46999999999999997,14,1.25,r0010,25,0.45634151041136273
case_indigo,0.46999999999999997,14,1.25,r0011,26,0.55815755926382116
case_indigo,0.46999999999999997,14,1.25,r0012,25,0.47440633771382851
case_indigo,0.46999999999999997,14,1.25,r0013,26,0.61168111293446381
case_indigo,0.46999999999999997,14,1.25,r0014,26,0.54316966446279791
case_indigo,0.46999999999999997,14,1.25,r0015,26,0.51979126200874826
case_indigo,0.46999999999999997,14,1.25,r0016,25,0.53794845421682058
case_indigo,0.46999999999999997,14,1.25,r0017,25,0.42655798542727441
case_indigo,0.46999999999999997,14,1.25,r0018,26,0.6594129925124308
case_indigo,0.46999999999999997,14,1.25,r0019,25,0.57917301362788765
case_indigo,0.46999999999999997,14,1.25,r0020,26,0.57974142160826991
case_indigo,0.46999999999999997,14,1.25,r0021,26,0.40427519357120451
case_indigo,0.46999999999999997,14,1.25,r0022,26,0.45347676704477252
case_indigo,0.46999999999999997,14,1.25,r0023,26,0.5888278559656176
case_indigo,0.46999999999999997,14,1.25,r0024,25,0.54709417864983456
case_indigo,0.46999999999999997,14,1.25,r0025,25,0.45875581440390406
case_indigo,0.46999999999999997,14,1.25,r0026,27,0.52382223874387401
case_indigo,0.46999999999999997,14,1.6499999999999999,r0000,27,0.53998081704426293
case_indigo,0.46999999999999997,14,1.6499999999999999,r0001,26,0.51167718990225852
case_indigo,0.46999999999999997,14,1.6499999999999999,r0002,28,0.41470179381047823
case_indigo,0.46999999999999997,14,1.6499999999999999,r0003,27,0.38589050888760568
case_indigo,0.46999999999999997,14,1.6499999999999999,r0004,26,0.53132606381873304
case_indigo,0.46999999999999997,14,1.6499999999999999,r0005,28,0.48284471442214499
case_indigo,0.46999999999999997,14,1.6499999999999999,r0006,27,0.58754205777177737
case_indigo,0.46999999999999997,14,1.6499999999999999,r0007,27,0.58064809971380105
case_indigo,0.46999999999999997,14,1.6499999999999999,r0008,28,0.43502326139458253
case_indigo,0.46999999999999997,14,1.6499999999999999,r0009,26,0.50408288800794387
case_indigo,0.46999999999999997,14,1.6499999999999999,r0010,28,0.48558772756731367
case_indigo,0.46999999999999997,14,1.6499999999999999,r0011,28,0.44643411103949088
case_indigo,0.46999999999999997,14,1.6499999999999999,r0012,28,0.56304308481587306
case_indigo,0.46999999999999997,14,1.6499999999999999,r0013,27,0.49789847109603691
case_indigo,0.46999999999999997,14,1.6499999999999999,r0014,27,0.45923460980813974
case_indigo,0.46999999999999997,14,1.6499999999999999,r0015,26,0.55035863319811651
case_indigo,0.46999999999999997,14,1.6499999999999999,r0016,27,0.50806531099556917
case_indigo,0.46999999999999997,14,1.6499999999999999,r0017,27,0.5168864481000599
case_indigo,0.46999999999999997,14,1.6499999999999999,r0018,27,0.46826339704016456
case_indigo,0.46999999999999997,14,1.6499999999999999,r0019,27,0.60435275897141305
case_indigo,0.46999999999999997,14,1.6499999999999999,r0020,27,0.50854487144025717
case_indigo,0.46999999999999997,14,1.6499999999999999,r0021,27,0.47563648407017878
case_indigo,0.46999999999999997,14,1.6499999999999999,r0022,27,0.42766218143885176
case_indigo,0.46999999999999997,14,1.6499999999999999,r0023,28,0.45014541658574636
case_indigo,0.46999999999999997,14,1.6499999999999999,r0024,26,0.54312415765710542
case_indigo,0.46999999999999997,14,1.6499999999999999,r0025,27,0.35938267462453699
case_indigo,0.46999999999999997,14,1.6499999999999999,r0026,27,0.48288295500462236
case_indigo,0.46999999999999997,14,1.6499999999999999,r0027,26,0.52241403106894058
case_indigo,0.46999999999999997,14,1.6499999999999999,r0028,27,0.53083979578445573
case_indigo,0.46999999999999997,14,2.0499999999999998,r0000,29,0.44521071634989579
case_indigo,0.46999999999999997,14,2.0499999999999998,r0001,30,0.55394666402191561
case_indigo,0.46999999999999997,14,2.0499999999999998,r0002,29,0.44723845184544281
case_indigo,0.46999999999999997,14,2.0499999999999998,r0003,31,0.59238728062406953
case_indigo,0.46999999999999997,14,2.0499999999999998,r0004,30,0.387308586900458
case_indigo,0.46999999999999997,14,2.0499999999999998,r0005,29,0.46984659463483991
case_indigo,0.46999999999999997,14,2.0499999999999998,r0006,29,0.52857147211511257
case_indigo,0.46999999999999997,14,2.0499999999999998,r0007,30,0.51865947583976524
case_indigo,0.46999999999999997,14,2.0499999999999998,r0008,29,0.48704484737450388
case_indigo,0.46999999999999997,14,2.0499999999999998,r0009,28,0.50087236827263448
case_indigo,0.46999999999999997,14,2.0499999999999998,r0010,30,0.50670324863022032
case_indigo,0.46999999999999997,14,2.0499999999999998,r0011,30,0.47803400340718066
case_indigo,0.46999999999999997,14,2.0499999999999998,r0012,29,0.47341487710673608
case_indigo,0.46999999999999997,14,2.0499999999999998,r0013,29,0.51820164011671999
case_indigo,0.46999999999999997,14,2.0499999999999998,r0014,30,0.53795324926051369
case_indigo,0.46999999999999997,14,2.0499999999999998,r0015,30,0.45430329839743278
case_indigo,0.46999999999999997,14,2.0499999999999998,r0016,29,0.48934328071448324
case_indigo,0.46999999999999997,14,2.0499999999999998,r0017,31,0.40328394819575353
case_indigo,0.46999999999999997,14,2.0499999999999998,r0018,30,0.39399999542121689
case_indigo,0.46999999999999997,14,2.0499999999999998,r0019,28,0.5204113980755235
case_indigo,0.46999999999999997,14,2.0499999999999998,r0020,30,0.31328081311636313
case_indigo,0.46999999999999997,14,2.0499999999999998,r0021,29,0.51552305795074771
case_indigo,0.46999999999999997,14,2.0499999999999998,r0022,30,0.45103920098577444
case_indigo,0.46999999999999997,14,2.0499999999999998,r0023,28,0.50865178868839267
case_indigo,0.46999999999999997,14,2.4500000000000002,r0000,31,0.49123226887760801
case_indigo,0.46999999999999997,14,2.4500000000000002,r0001,32,0.44657189749431081
case_indigo,0.46999999999999997,14,2.4500000000000002,r0002,31,0.61950093191263622
case_indigo,0.46999999999999997,14,2.4500000000000002,r0003,31,0.47009861335921371
case_indigo,0.46999999999999997,14,2.4500000000000002,r0004,32,0.50468636985530924
case_indigo,0.46999999999999997,14,2.4500000000000002,r0005,32,0.39254070170574518
case_indigo,0.46999999999999997,14,2.4500000000000002,r0006,32,0.43367203920512787
case_indigo,0.46999999999999997,14,2.4500000000000002,r0007,31,0.45017291886186911
case_indigo,0.46999999999999997,14,2.4500000000000002,r0008,31,0.49110819313211823
case_indigo,0.46999999999999997,14,2.4500000000000002,r0009,32,0.41035877308919311
case_indigo,0.46999999999999997,14,2.4500000000000002,r0010,31,0.45822325332239633
case_indigo,0.46999999999999997,14,2.4500000000000002,r0011,32,0.44500404014966138
case_indigo,0.46999999999999997,14,2.4500000000000002,r0012,33,0.46808826392680924
case_indigo,0.46999999999999997,14,2.4500000000000002,r0013,33,0.48005686389044616
case_indigo,0.46999999999999997,14,2.4500000000000002,r0014,32,0.41808817620405569
case_indigo,0.46999999999999997,14,2.4500000000000002,r0015,31,0.54682438595570659
case_indigo,0.46999999999999997,14,2.4500000000000002,r0016,32,0.41109066722966503
case_indigo,0.46999999999999997,14,2.4500000000000002,r0017,31,0.49266141746667697
case_indigo,0.46999999999999997,14,2.4500000000000002,r0018,31,0.48684719580690383
case_indigo,0.46999999999999997,14,2.4500000000000002,r0019,31,0.45662111316859444
case_indigo,0.46999999999999997,14,2.4500000000000002,r0020,31,0.56753282200620603
case_indigo,0.46999999999999997,14,2.4500000000000002,r0021,33,0.51948713081055098
case_indigo,0.46999999999999997,14,2.4500000000000002,r0022,33,0.5283974137100842
case_indigo,0.46999999999999997,14,2.4500000000000002,r0023,32,0.53053088846862095
case_indigo,0.46999999999999997,14,2.4500000000000002,r0024,32,0.43985710104626541
case_indigo,0.46999999999999997,14,2.4500000000000002,r0025,32,0.44140865255082851
case_indigo,0.46999999999999997,14,2.8500000000000001,r0000,34,0.39457822007571258
case_indigo,0.46999999999999997,14,2.8500000000000001,r0001,33,0.42442072166165185
case_indigo,0.46999999999999997,14,2.8500000000000001,r0002,34,0.50437261693571067
case_indigo,0.46999999999999997,14,2.8500000000000001,r0003,35,0.44393211857855941
case_indigo,0.46999999999999997,14,2.8500000000000001,r0004,34,0.53350144667583366
case_indigo,0.46999999999999997,14,2.8500000000000001,r0005,34,0.40780901898551586
case_indigo,0.46999999999999997,14,2.8500000000000001,r0006,34,0.28600491162721919
case_indigo,0.46999999999999997,14,2.8500000000000001,r0007,33,0.38059874119598225
case_indigo,0.46999999999999997,14,2.8500000000000001,r0008,34,0.42222008617158474
case_indigo,0.46999999999999997,14,2.8500000000000001,r0009,35,0.3568896140467393
case_indigo,0.46999999999999997,14,2.8500000000000001,r0010,33,0.41352713047689571
case_indigo,0.46999999999999997,14,2.8500000000000001,r0011,34,0.39674747858788534
case_indigo,0.46999999999999997,14,2.8500000000000001,r0012,34,0.42047440907667177
case_indigo,0.46999999999999997,14,2.8500000000000001,r0013,33,0.45053789920659143
case_indigo,0.46999999999999997,14,2.8500000000000001,r0014,34,0.41939458077431419
case_indigo,0.46999999999999997,14,2.8500000000000001,r0015,35,0.45079764812250539
case_indigo,0.46999999999999997,14,2.8500000000000001,r0016,34,0.44723904062552244
case_indigo,0.46999999999999997,14,2.8500000000000001,r0017,34,0.4574030506271699
case_indigo,0.46999999999999997,14,2.8500000000000001,r0018,34,0.47826661049674896
case_indigo,0.46999999999999997,14,2.8500000000000001,r0019,35,0.34052173306054428
case_indigo,0.46999999999999997,14,2.8500000000000001,r0020,34,0.44118968381531914
case_indigo,0.46999999999999997,14,2.8500000000000001,r0021,34,0.56241030883321308
case_indigo,0.46999999999999997,14,2.8500000000000001,r0022,34,0.42107027356299376
case_indigo,0.46999999999999997,14,2.8500000000000001,r0023,34,0.43961165187986018
case_indigo,0.46999999999999997,14,2.8500000000000001,r0024,34,0.52048830487115716
case_indigo,0.46999999999999997,14,2.8500000000000001,r0025,33,0.48411887082994287
case_indigo,0.46999999999999997,14,2.8500000000000001,r0026,33,0.36734830954886244
case_indigo,0.46999999999999997,14,2.8500000000000001,r0027,33,0.47944710107786614
case_indigo,0.46999999999999997,14,3.25,r0000,37,0.52360001149873081
case_indigo,0.46999999999999997,14,3.25,r0001,36,0.46337936556919224
case_indigo,0.46999999999999997,14,3.25,r0002,36,0.44098135052954396
case_indigo,0.46999999999999997,14,3.25,r0003,36,0.39814980776709974
case_indigo,0.46999999999999997,14,3.25,r0004,36,0.43766221040366859
case_indigo,0.46999999999999997,14,3.25,r0005,35,0.39955684872294051
case_indigo,0.46999999999999997,14,3.25,r0006,36,0.43741299288181534
case_indigo,0.46999999999999997,14,3.25,r0007,36,0.3947474175739189
case_indigo,0.46999999999999997,14,3.25,r0008,36,0.42314713671076742
case_indigo,0.46999999999999997,14,3.25,r0009,35,0.51346159843952244
case_indigo,0.46999999999999997,14,3.25,r0010,36,0.44044711065427072
case_indigo,0.46999999999999997,14,3.25,r0011,36,0.39572837991637116
case_indigo,0.46999999999999997,14,3.25,r0012,36,0.4183110620676404
case_indigo,0.46999999999999997,14,3.25,r0013,36,0.39808849989531009
case_indigo,0.46999999999999997,14,3.25,r0014,36,0.44902902374609205
case_indigo,0.46999999999999997,14,3.25,r0015,36,0.40772554465449445
case_indigo,0.46999999999999997,14,3.25,r0016,36,0.4427631368436572
case_indigo,0.46999999999999997,14,3.25,r0017,36,0.47032097134816592
case_indigo,0.46999999999999997,14,3.25,r0018,36,0.39066527361693387
case_indigo,0.46999999999999997,14,3.25,r0019,36,0.35588384517250471
case_indigo,0.46999999999999997,14,3.25,r0020,35,0.38310397934960894
case_indigo,0.46999999999999997,14,3.25,r0021,35,0.36909729339773545
case_indigo,0.46999999999999997,14,3.25,r0022,36,0.43762767217662424
case_indigo,0.46999999999999997,14,3.25,r0023,35,0.53029008964839397
case_indigo,0.46999999999999997,14,3.25,r0024,35,0.38561977237985495
case_indigo,0.46999999999999997,14,3.25,r0025,36,0.48614492616521854
case_indigo,0.46999999999999997,14,3.25,r0026,36,0.32005499786953406
case_indigo,0.46999999999999997,14,3.25,r0027,37,0.43684673921947276
case_indigo,0.46999999999999997,14,3.25,r0028,36,0.41664337142226476
case_indigo,0.46999999999999997,14,3.25,r0029,36,0.41854701762363811
case_indigo,0.46999999999999997,14,3.6499999999999999,r0000,37,0.3699141848398193
case_indigo,0.46999999999999997,14,3.6499999999999999,r0001,37,0.51554037100294681
case_indigo,0.46999999999999997,14,3.6499999999999999,r0002,37,0.45925802078832523
case_indigo,0.46999999999999997,14,3.6499999999999999,r0003,37,0.43110046258988166
case_indigo,0.46999999999999997,14,3.6499999999999999,r0004,37,0.41597862344501924
case_indigo,0.46999999999999997,14,3.6499999999999999,r0005,37,0.38870596592124895
case_indigo,0.46999999999999997,14,3.6499999999999999,r0006,37,0.35139973919364392
case_indigo,0.46999999999999997,14,3.6499999999999999,r0007,37,0.37289137640210929
case_indigo,0.46999999999999997,14,3.6499999999999999,r0008,36,0.37253592288430137
case_indigo,0.46999999999999997,14,3.6499999999999999,r0009,37,0.34516907353177884
case_indigo,0.46999999999999997,14,3.6499999999999999,r0010,36,0.43884577272177205
case_indigo,0.46999999999999997,14,3.6499999999999999,r0011,37,0.41230475828937591
case_indigo,0.46999999999999997,14,3.6499999999999999,r0012,36,0.39499726629169385
case_indigo,0.46999999999999997,14,3.6499999999999999,r0013,37,0.35420790877397379
case_indigo,0.46999999999999997,14,3.6499999999999999,r0014,37,0.41374856332770921
case_indigo,0.46999999999999997,14,3.6499999999999999,r0015,37,0.31232926670756189
case_indigo,0.46999999999999997,14,3.6499999999999999,r0016,37,0.39619190566187062
case_indigo,0.46999999999999997,14,3.6499999999999999,r0017,37,0.3892894297912402
case_indigo,0.46999999999999997,14,3.6499999999999999,r0018,37,0.438523419973326
case_indigo,0.46999999999999997,14,3.6499999999999999,r0019,37,0.41423304922529541
case_indigo,0.46999999999999997,14,3.6499999999999999,r0020,37,0.40892335898248594
case_indigo,0.46999999999999997,14,3.6499999999999999,r0021,37,0.36825475052952766
case_indigo,0.46999999999999997,14,3.6499999999999999,r0022,36,0.39549334276922565
case_indigo,0.46999999999999997,14,3.6499999999999999,r0023,37,0.34672457961192826
case_indigo,0.46999999999999997,14,3.6499999999999999,r0024,37,0.41064225004576743
case_indigo,0.46999999999999997,14,4.0499999999999998,r0000,37,0.47348798431437206
case_indigo,0.46999999999999997,14,4.0499999999999998,r0001,37,0.30599670491905878
case_indigo,0.46999999999999997,14,4.0499999999999998,r0002,37,0.37931360973853306
case_indigo,0.46999999999999997,14,4.0499999999999998,r0003,38,0.31375545773344166
case_indigo,0.46999999999999997,14,4.0499999999999998,r0004,37,0.3192877895897227
case_indigo,0.46999999999999997,14,4.0499999999999998,r0005,37,0.34999241367610551
case_indigo,0.46999999999999997,14,4.0499999999999998,r0006,38,0.39941443703513851
case_indigo,0.46999999999999997,14,4.0499999999999998,r0007,37,0.38247189904962475
case_indigo,0.46999999999999997,14,4.0499999999999998,r0008,37,0.36956458754575505
case_indigo,0.46999999999999997,14,4.0499999999999998,r0009,37,0.37194556136319945
case_indigo,0.46999999999999997,14,4.0499999999999998,r0010,37,0.47925988330363523
case_indigo,0.46999999999999997,14,4.0499999999999998,r0011,37,0.29713968103146432
case_indigo,0.46999999999999997,14,4.0499999999999998,r0012,37,0.33185697909795514
case_indigo,0.46999999999999997,14,4.0499999999999998,r0013,37,0.42803443232986549
case_indigo,0.46999999999999997,14,4.0499999999999998,r0014,37,0.33244219547879639
case_indigo,0.46999999999999997,14,4.0499999999999998,r0015,37,0.34387616350516836
case_indigo,0.46999999999999997,14,4.0499999999999998,r0016,37,0.41837138748741243
case_indigo,0.46999999999999997,14,4.0499999999999998,r0017,37,0.41043982932391232
case_indigo,0.46999999999999997,14,4.0499999999999998,r0018,37,0.42991840726346375
case_indigo,0.46999999999999997,14,4.0499999999999998,r0019,37,0.38412578596747127
case_indigo,0.46999999999999997,14,4.0499999999999998,r0020,37,0.34768885193588622
case_indigo,0.46999999999999997,14,4.0499999999999998,r0021,37,0.46853957547275887
case_indigo,0.46999999999999997,14,4.0499999999999998,r0022,37,0.42860802263716069
case_indigo,0.46999999999999997,14,4.0499999999999998,r0023,37,0.3169235665957944
case_indigo,0.46999999999999997,14,4.0499999999999998,r0024,37,0.44530649230999958
case_indigo,0.46999999999999997,14,4.0499999999999998,r0025,37,0.35371033589461387
case_indigo,0.46999999999999997,14,4.0499999999999998,r0026,37,0.40918560708161411
case_indigo,0.46999999999999997,21,0.84999999999999998,r0000,24,0.42622084441094515
case_indigo,0.46999999999999997,21,0.84999999999999998,r0001,24,0.58760840102342193
case_indigo,0.46999999999999997,21,0.84999999999999998,r0002,24,0.5481730700216445
case_indigo,0.46999999999999997,21,0.84999999999999998,r0003,24,0.43629459256211139
case_indigo,0.46999999999999997,21,0.84999999999999998,r0004,24,0.60901255016945843
case_indigo,0.46999999999999997,21,0.84999999999999998,r0005,24,0.4678674735298487
case_indigo,0.46999999999999997,21,0.84999999999999998,r0006,24,0.52797593545259736
case_indigo,0.46999999999999997,21,0.84999999999999998,r0007,24,0.56089021086073398
case_indigo,0.46999999999999997,21,0.84999999999999998,r0008,24,0.50144066239269847
case_indigo,0.46999999999999997,21,0.84999999999999998,r0009,24,0.58128834451321099
case_indigo,0.46999999999999997,21,0.84999999999999998,r0010,24,0.5466212557345701
case_indigo,0.46999999999999997,21,0.84999999999999998,r0011,24,0.48623027325181717
case_indigo,0.46999999999999997,21,0.84999999999999998,r0012,24,0.58272077724120253
case_indigo,0.46999999999999997,21,0.84999999999999998,r0013,24,0.5834890712770513
case_indigo,0.46999999999999997,21,0.84999999999999998,r0014,24,0.52644439100358642
case_indigo,0.46999999999999997,21,0.84999999999999998,r0015,24,0.4633086580669315
case_indigo,0.46999999999999997,21,0.84999999999999998,r0016,24,0.44128832958787606
case_indigo,0.46999999999999997,21,0.84999999999999998,r0017,24,0.49132229630506341
case_indigo,0.46999999999999997,21,0.84999999999999998,r0018,24,0.49340835972596225
case_indigo,0.46999999999999997,21,0.84999999999999998,r0019,24,0.54354216790475851
case_indigo,0.46999999999999997,21,0.84999999999999998,r0020,24,0.50382569185016735
case_indigo,0.46999999999999997,21,0.84999999999999998,r0021,24,0.51140891736168703
case_indigo,0.46999999999999997,21,0.84999999999999998,r0022,24,0.50150129470132154
case_indigo,0.46999999999999997,21,0.84999999999999998,r0023,24,0.47698808011532745
case_indigo,0.46999999999999997,21,0.84999999999999998,r0024,24,0.57188036223159855
case_indigo,0.46999999999999997,21,0.84999999999999998,r0025,24,0.5533125189678797
case_indigo,0.46999999999999997,21,0.84999999999999998,r0026,24,0.54189843717546771
case_indigo,0.46999999999999997,21,0.84999999999999998,r0027,24,0.58299334697023653
case_indigo,0.46999999999999997,21,1.25,r0000,25,0.48553365277722221
case_indigo,0.46999999999999997,21,1.25,r0001,25,0.64283242118576056
case_indigo,0.46999999999999997,21,1.25,r0002,25,0.6143098447377302
case_indigo,0.46999999999999997,21,1.25,r0003,25,0.58301089464771805
case_indigo,0.46999999999999997,21,1.25,r0004,25,0.56878411097617398
case_indigo,0.46999999999999997,21,1.25,r0005,24,0.59121527312447408
case_indigo,0.46999999999999997,21,1.25,r0006,25,0.54944814286514232
case_indigo,0.46999999999999997,21,1.25,r0007,25,0.54904542589806793
case_indigo,0.46999999999999997,21,1.25,r0008,25,0.5472146657384982
case_indigo,0.46999999999999997,21,1.25,r0009,25,0.37809299124267637
case_indigo,0.46999999999999997,21,1.25,r0010,25,0.57497725541099565
case_indigo,0.46999999999999997,21,1.25,r0011,25,0.58460622179921751
case_indigo,0.46999999999999997,21,1.25,r0012,25,0.51700822259699308
case_indigo,0.46999999999999997,21,1.25,r0013,25,0.50503002474269254
case_indigo,0.46999999999999997,21,1.25,r0014,25,0.56108402671677349
case_indigo,0.46999999999999997,21,1.25,r0015,25,0.49492749860545887
case_indigo,0.46999999999999997,21,1.25,r0016,25,0.51841100662853412
case_indigo,0.46999999999999997,21,1.25,r0017,25,0.47092954016611671
case_indigo,0.46999999999999997,21,1.25,r0018,25,0.46806419168526714
case_indigo,0.46999999999999997,21,1.25,r0019,25,0.51704004071398091
case_indigo,0.46999999999999997,21,1.25,r0020,25,0.58936162928148472
case_indigo,0.46999999999999997,21,1.25,r0021,25,0.57279592003633018
case_indigo,0.46999999999999997,21,1.25,r0022,25,0.45732914568514293
case_indigo,0.46999999999999997,21,1.25,r0023,25,0.5937836205036513
case_indigo,0.46999999999999997,21,1.25,r0024,25,0.51805369574756388
case_indigo,0.46999999999999997,21,1.25,r0025,25,0.51079555768968266
case_indigo,0.46999999999999997,21,1.25,r0026,25,0.48014855861634037
case_indigo,0.46999999999999997,21,1.25,r0027,25,0.5613172801688493
case_indigo,0.46999999999999997,21,1.25,r0028,25,0.61696641004377673
case_indigo,0.46999999999999997,21,1.25,r0029,25,0.51838836095963337
case_indigo,0.46999999999999997,21,1.6499999999999999,r0000,26,0.49655313205146684
case_indigo,0.46999999999999997,21,1.6499999999999999,r0001,26,0.50975306207607407
case_indigo,0.46999999999999997,21,1.6499999999999999,r0002,25,0.54597315578226069
case_indigo,0.46999999999999997,21,1.6499999999999999,r0003,26,0.43838157326549942
case_indigo,0.46999999999999997,21,1.6499999999999999,r0004,26,0.48214559248189748
case_indigo,0.46999999999999997,21,1.6499999999999999,r0005,26,0.55927598167579984
case_indigo,0.46999999999999997,21,1.6499999999999999,r0006,26,0.45378972276852347
case_indigo,0.46999999999999997,21,1.6499999999999999,r0007,26,0.48889559317241243
case_indigo,0.46999999999999997,21,1.6499999999999999,r0008,25,0.50615068987701772
case_indigo,0.46999999999999997,21,1.6499999999999999,r0009,26,0.52249558297126797
case_indigo,0.46999999999999997,21,1.6499999999999999,r0010,26,0.55317917156511576
case_indigo,0.46999999999999997,21,1.6499999999999999,r0011,26,0.40518651906828695
case_indigo,0.46999999999999997,21,1.6499999999999999,r0012,26,0.47049671264136789
case_indigo,0.46999999999999997,21,1.6499999999999999,r0013,26,0.43779019875247482
case_indigo,0.46999999999999997,21,1.6499999999999999,r0014,26,0.57905166313118006
case_indigo,0.46999999999999997,21,1.6499999999999999,r0015,26,0.456429998350037
case_indigo,0.46999999999999997,21,1.6499999999999999,r0016,26,0.56910400303459852
case_indigo,0.46999999999999997,21,1.6499999999999999,r0017,26,0.58147168176519126
case_indigo,0.46999999999999997,21,1.6499999999999999,r0018,26,0.43716365858072731
case_indigo,0.46999999999999997,21,1.6499999999999999,r0019,26,0.52475436389520069
case_indigo,0.46999999999999997,21,1.6499999999999999,r0020,27,0.40810645018125341
case_indigo,0.46999999999999997,21,1.6499999999999999,r0021,26,0.55792103791522418
case_indigo,0.46999999999999997,21,1.6499999999999999,r0022,26,0.63738948568547238
case_indigo,0.46999999999999997,21,1.6499999999999999,r0023,26,0.5158781332145449
case_indigo,0.46999999999999997,21,1.6499999999999999,r0024,26,0.5209423732104923
case_indigo,0.46999999999999997,21,2.0499999999999998,r0000,28,0.48957910682685435
case_indigo,0.46999999999999997,21,2.0499999999999998,r0001,30,0.50591803496014087
case_indigo,0.46999999999999997,21,2.0499999999999998,r0002,29,0.4938429618362446
case_indigo,0.46999999999999997,21,2.0499999999999998,r0003,29,0.57313936449827296
case_indigo,0.46999999999999997,21,2.0499999999999998,r0004,28,0.54287454537278135
case_indigo,0.46999999999999997,21,2.0499999999999998,r0005,28,0.48584927116525278
case_indigo,0.46999999999999997,21,2.0499999999999998,r0006,29,0.4835376880104717
case_indigo,0.46999999999999997,21,2.0499999999999998,r0007,29,0.52591752849931239
case_indigo,0.46999999999999997,21,2.0499999999999998,r0008,28,0.37818121238385377
case_indigo,0.46999999999999997,21,2.0499999999999998,r0009,27,0.51437447524212143
case_indigo,0.46999999999999997,21,2.0499999999999998,r0010,28,0.52950441461641351
case_indigo,0.46999999999999997,21,2.0499999999999998,r0011,28,0.4094430496749083
case_indigo,0.46999999999999997,21,2.0499999999999998,r0012,29,0.57910636987382036
case_indigo,0.46999999999999997,21,2.0499999999999998,r0013,28,0.51239522182784325
case_indigo,0.46999999999999997,21,2.0499999999999998,r0014,29,0.49405959016249484
case_indigo,0.46999999999999997,21,2.0499999999999998,r0015,29,0.57369344737023831
case_indigo,0.46999999999999997,21,2.0499999999999998,r0016,28,0.48127565690485952
case_indigo,0.46999999999999997,21,2.0499999999999998,r0017,29,0.41350628382570631
case_indigo,0.46999999999999997,21,2.0499999999999998,r0018,29,0.44800892761814215
case_indigo,0.46999999999999997,21,2.0499999999999998,r0019,29,0.47812224687281585
case_indigo,0.46999999999999997,21,2.0499999999999998,r0020,29,0.58915629985500251
case_indigo,0.46999999999999997,21,2.0499999999999998,r0021,29,0.48400423742745879
case_indigo,0.46999999999999997,21,2.0499999999999998,r0022,27,0.40875770431635972
case_indigo,0.46999999999999997,21,2.0499999999999998,r0023,29,0.55273087389151021
case_indigo,0.46999999999999997,21,2.0499999999999998,r0024,29,0.48810288929033352
case_indigo,0.46999999999999997,21,2.0499999999999998,r0025,29,0.39667882400216686
case_indigo,0.46999999999999997,21,2.0499999999999998,r0026,28,0.51860333429087135
case_indigo,0.46999999999999997,21,2.4500000000000002,r0000,32,0.58489686971814958
case_indigo,0.46999999999999997,21,2.4500000000000002,r0001,32,0.48126627338409123
case_indigo,0.46999999999999997,21,2.4500000000000002,r0002,32,0.49916111508487682
case_indigo,0.46999999999999997,21,2.4500000000000002,r0003,32,0.48614875683708764
case_indigo,0.46999999999999997,21,2.4500000000000002,r0004,32,0.53850343453252769
case_indigo,0.46999999999999997,21,2.4500000000000002,r0005,32,0.4419918508177838
case_indigo,0.46999999999999997,21,2.4500000000000002,r0006,31,0.49376556690566914
case_indigo,0.46999999999999997,21,2.4500000000000002,r0007,32,0.47189538365815448
case_indigo,0.46999999999999997,21,2.4500000000000002,r0008,33,0.44912947833549766
case_indigo,0.46999999999999997,21,2.4500000000000002,r0009,33,0.52638603359387626
case_indigo,0.46999999999999997,21,2.4500000000000002,r0010,32,0.44850298044722892
case_indigo,0.46999999999999997,21,2.4500000000000002,r0011,31,0.55755157645091324
case_indigo,0.46999999999999997,21,2.4500000000000002,r0012,32,0.45320835420670808
case_indigo,0.46999999999999997,21,2.4500000000000002,r0013,31,0.46413909903045591
case_indigo,0.46999999999999997,21,2.4500000000000002,r0014,32,0.44455270462284124
case_indigo,0.46999999999999997,21,2.4500000000000002,r0015,31,0.39800655657693623
case_indigo,0.46999999999999997,21,2.4500000000000002,r0016,31,0.53085853846026965
case_indigo,0.46999999999999997,21,2.4500000000000002,r0017,32,0.42846155353978654
case_indigo,0.46999999999999997,21,2.4500000000000002,r0018,31,0.48761977144284557
case_indigo,0.46999999999999997,21,2.4500000000000002,r0019,32,0.49919685288666354
case_indigo,0.46999999999999997,21,2.4500000000000002,r0020,31,0.48861123672995521
case_indigo,0.46999999999999997,21,2.4500000000000002,r0021,33,0.48583575180514255
case_indigo,0.46999999999999997,21,2.4500000000000002,r0022,31,0.47546928075235045
case_indigo,0.46999999999999997,21,2.4500000000000002,r0023,33,0.38743262765818087
case_indigo,0.46999999999999997,21,2.4500000000000002,r0024,32,0.47300431837343931
case_indigo,0.46999999999999997,21,2.4500000000000002,r0025,32,0.52874946856574057
case_indigo,0.46999999999999997,21,2.4500000000000002,r0026,32,0.52147913130754497
case_indigo,0.46999999999999997,21,2.4500000000000002,r0027,33,0.44273102524192781
case_indigo,0.46999999999999997,21,2.4500000000000002,r0028,32,0.54177794215485786
case_indigo,0.46999999999999997,21,2.8500000000000001,r0000,35,0.36361519790851554
case_indigo,0.46999999999999997,21,2.8500000000000001,r0001,34,0.34842116408923446
case_indigo,0.46999999999999997,21,2.8500000000000001,r0002,35,0.38534222803950546
case_indigo,0.46999999999999997,21,2.8500000000000001,r0003,34,0.37947775972886966
case_indigo,0.46999999999999997,21,2.8500000000000001,r0004,34,0.45956466237364468
case_indigo,0.46999999999999997,21,2.8500000000000001,r0005,34,0.51503616746064584
case_indigo,0.46999999999999997,21,2.8500000000000001,r0006,35,0.40489959537810516
case_indigo,0.46999999999999997,21,2.8500000000000001,r0007,35,0.35040726051401577
case_indigo,0.46999999999999997,21,2.8500000000000001,r0008,35,0.37419959711721978
case_indigo,0.46999999999999997,21,2.8500000000000001,r0009,35,0.46176761856096399
case_indigo,0.46999999999999997,21,2.8500000000000001,r0010,35,0.48085564384479379
case_indigo,0.46999999999999997,21,2.8500000000000001,r0011,35,0.38296694784194368
case_indigo,0.46999999999999997,21,2.8500000000000001,r0012,34,0.44617906007331581
case_indigo,0.46999999999999997,21,2.8500000000000001,r0013,34,0.41612917228619922
case_indigo,0.46999999999999997,21,2.8500000000000001,r0014,35,0.4423076794428808
case_indigo,0.46999999999999997,21,2.8500000000000001,r0015,34,0.42481769781236195
case_indigo,0.46999999999999997,21,2.8500000000000001,r0016,35,0.35200296878021486
case_indigo,0.46999999999999997,21,2.8500000000000001,r0017,35,0.46316919623118985
case_indigo,0.46999999999999997,21,2.8500000000000001,r0018,36,0.4342867137818105
case_indigo,0.46999999999999997,21,2.8500000000000001,r0019,34,0.47445242097415002
case_indigo,0.46999999999999997,21,2.8500000000000001,r0020,36,0.35742047304365354
case_indigo,0.46999999999999997,21,2.8500000000000001,r0021,35,0.45281426607352993
case_indigo,0.46999999999999997,21,2.8500000000000001,r0022,34,0.49447229467584641
case_indigo,0.46999999999999997,21,2.8500000000000001,r0023,35,0.39452196625658492
case_indigo,0.46999999999999997,21,3.25,r0000,37,0.42172347431411711
case_indigo,0.46999999999999997,21,3.25,r0001,37,0.38722222685652263
case_indigo,0.46999999999999997,21,3.25,r0002,37,0.46387450391392726
case_indigo,0.46999999999999997,21,3.25,r0003,37,0.40825970096272657
case_indigo,0.46999999999999997,21,3.25,r0004,36,0.39112953129583028
case_indigo,0.46999999999999997,21,3.25,r0005,37,0.4099814490271218
case_indigo,0.46999999999999997,21,3.25,r0006,37,0.42792292216695549
case_indigo,0.46999999999999997,21,3.25,r0007,37,0.36358634767479769
case_indigo,0.46999999999999997,21,3.25,r0008,37,0.44803699824530463
case_indigo,0.46999999999999997,21,3.25,r0009,37,0.35702583686812184
case_indigo,0.46999999999999997,21,3.25,r0010,36,0.38614211369980411
case_indigo,0.46999999999999997,21,3.25,r0011,37,0.35910272458144338
case_indigo,0.46999999999999997,21,3.25,r0012,37,0.51256593976810361
case_indigo,0.46999999999999997,21,3.25,r0013,37,0.41565396949997585
case_indigo,0.46999999999999997,21,3.25,r0014,37,0.37935150875899537
case_indigo,0.46999999999999997,21,3.25,r0015,37,0.44374531200798228
case_indigo,0.46999999999999997,21,3.25,r0016,37,0.40059752917021157
case_indigo,0.46999999999999997,21,3.25,r0017,37,0.40942222899823366
case_indigo,0.46999999999999997,21,3.25,r0018,37,0.37999794476461696
case_indigo,0.46999999999999997,21,3.25,r0019,36,0.48312471671372825
case_indigo,0.46999999999999997,21,3.25,r0020,37,0.39960373302473057
case_indigo,0.46999999999999997,21,3.25,r0021,37,0.30014260605924203
case_indigo,0.46999999999999997,21,3.25,r0022,36,0.42658282626854876
case_indigo,0.46999999999999997,21,3.25,r0023,37,0.41931429677826476
case_indigo,0.46999999999999997,21,3.25,r0024,37,0.42643288282639558
case_indigo,0.46999999999999997,21,3.25,r0025,36,0.36424723572632484
case_indigo,0.46999999999999997,21,3.6499999999999999,r0000,38,0.44077930734598442
case_indigo,0.46999999999999997,21,3.6499999999999999,r0001,38,0.29891348038298771
case_indigo,0.46999999999999997,21,3.6499999999999999,r0002,38,0.2955990035491754
case_indigo,0.46999999999999997,21,3.6499999999999999,r0003,38,0.38166927366759718
case_indigo,0.46999999999999997,21,3.6499999999999999,r0004,37,0.42386863459058211
case_indigo,0.46999999999999997,21,3.6499999999999999,r0005,38,0.39322727698665549
case_indigo,0.46999999999999997,21,3.6499999999999999,r0006,38,0.51297407825895891
case_indigo,0.46999999999999997,21,3.6499999999999999,r0007,37,0.33089669336889216
case_indigo,0.46999999999999997,21,3.6499999999999999,r0008,38,0.4464546237243559
case_indigo,0.46999999999999997,21,3.6499999999999999,r0009,38,0.35858069023425437
case_indigo,0.46999999999999997,21,3.6499999999999999,r0010,38,0.38778143074426141
case_indigo,0.46999999999999997,21,3.6499999999999999,r0011,37,0.41594378263163623
case_indigo,0.46999999999999997,21,3.6499999999999999,r0012,38,0.43154306985325491
case_indigo,0.46999999999999997,21,3.6499999999999999,r0013,38,0.45848743794132968
case_indigo,0.46999999999999997,21,3.6499999999999999,r0014,38,0.38383166470569785
case_indigo,0.46999999999999997,21,3.6499999999999999,r0015,37,0.29930351955668449
case_indigo,0.46999999999999997,21,3.6499999999999999,r0016,38,0.36717112135914765
case_indigo,0.46999999999999997,21,3.6499999999999999,r0017,38,0.42834545046820938
case_indigo,0.46999999999999997,21,3.6499999999999999,r0018,38,0.42823469081722637
case_indigo,0.46999999999999997,21,3.6499999999999999,r0019,38,0.35275341307354446
case_indigo,0.46999999999999997,21,3.6499999999999999,r0020,38,0.47507864304472625
case_indigo,0.46999999999999997,21,3.6499999999999999,r0021,38,0.29485553798234349
case_indigo,0.46999999999999997,21,3.6499999999999999,r0022,37,0.47002307524802628
case_indigo,0.46999999999999997,21,3.6499999999999999,r0023,38,0.40961948523655461
case_indigo,0.46999999999999997,21,3.6499999999999999,r0024,37,0.39172771183770155
case_indigo,0.46999999999999997,21,3.6499999999999999,r0025,37,0.42546587077077869
case_indigo,0.46999999999999997,21,3.6499999999999999,r0026,38,0.37714614362597237
case_indigo,0.46999999999999997,21,3.6499999999999999,r0027,37,0.42897419762931516
case_indigo,0.46999999999999997,21,4.0499999999999998,r0000,38,0.30204295412863558
case_indigo,0.46999999999999997,21,4.0499999999999998,r0001,38,0.3764701200293159
case_indigo,0.46999999999999997,21,4.0499999999999998,r0002,38,0.39962349338729869
case_indigo,0.46999999999999997,21,4.0499999999999998,r0003,38,0.40225483551970886
case_indigo,0.46999999999999997,21,4.0499999999999998,r0004,38,0.38171902702832228
case_indigo,0.46999999999999997,21,4.0499999999999998,r0005,38,0.35200734946262452
case_indigo,0.46999999999999997,21,4.0499999999999998,r0006,38,0.47393643828918536
case_indigo,0.46999999999999997,21,4.0499999999999998,r0007,38,0.45388945256901564
case_indigo,0.46999999999999997,21,4.0499999999999998,r0008,38,0.37905805174264762
case_indigo,0.46999999999999997,21,4.0499999999999998,r0009,38,0.41228912201035528
case_indigo,0.46999999999999997,21,4.0499999999999998,r0010,38,0.36306444444561853
case_indigo,0.46999999999999997,21,4.0499999999999998,r0011,38,0.40964908561218433
case_indigo,0.46999999999999997,21,4.0499999999999998,r0012,38,0.35697037107977336
case_indigo,0.46999999999999997,21,4.0499999999999998,r0013,38,0.38028766549085746
case_indigo,0.46999999999999997,21,4.0499999999999998,r0014,38,0.34759785419497319
case_indigo,0.46999999999999997,21,4.0499999999999998,r0015,38,0.43516658446116585
case_indigo,0.46999999999999997,21,4.0499999999999998,r0016,38,0.33086376662439848
case_indigo,0.46999999999999997,21,4.0499999999999998,r0017,38,0.36391857653838877
case_indigo,0.46999999999999997,21,4.0499999999999998,r0018,38,0.37774771986982075
case_indigo,0.46999999999999997,21,4.0499999999999998,r0019,38,0.38908549828556777
case_indigo,0.46999999999999997,21,4.0499999999999998,r0020,38,0.24923390740397453
case_indigo,0.46999999999999997,21,4.0499999999999998,r0021,38,0.38142515687603573
case_indigo,0.46999999999999997,21,4.0499999999999998,r0022,38,0.3975468843112015
case_indigo,0.46999999999999997,21,4.0499999999999998,r0023,38,0.38990399214001803
case_indigo,0.46999999999999997,21,4.0499999999999998,r0024,38,0.39109419867475215
case_indigo,0.46999999999999997,21,4.0499999999999998,r0025,38,0.37008733061454169
case_indigo,0.46999999999999997,21,4.0499999999999998,r0026,38,0.40842735100340966
case_indigo,0.46999999999999997,21,4.0499999999999998,r0027,38,0.43800143873397684
case_indigo,0.46999999999999997,21,4.0499999999999998,r0028,38,0.35478159935112791
case_indigo,0.46999999999999997,21,4.0499999999999998,r0029,38,0.44521594646042151
case_indigo,0.46999999999999997,30,0.84999999999999998,r0000,24,0.47897989207844605
case_indigo,0.46999999999999997,30,0.84999999999999998,r0001,24,0.61610803938258119
case_indigo,0.46999999999999997,30,0.84999999999999998,r0002,24,0.54758480696934353
case_indigo,0.46999999999999997,30,0.84999999999999998,r0003,24,0.53514723544392828
case_indigo,0.46999999999999997,30,0.84999999999999998,r0004,24,0.50630007330788307
case_indigo,0.46999999999999997,30,0.84999999999999998,r0005,24,0.54022808685407098
case_indigo,0.46999999999999997,30,0.84999999999999998,r0006,24,0.5699555943636182
case_indigo,0.46999999999999997,30,0.84999999999999998,r0007,24,0.59168406197247647
case_indigo,0.46999999999999997,30,0.84999999999999998,r0008,24,0.51001711449888498
case_indigo,0.46999999999999997,30,0.84999999999999998,r0009,24,0.52026553368980943
case_indigo,0.46999999999999997,30,0.84999999999999998,r0010,24,0.45718806312061028
case_indigo,0.46999999999999997,30,0.84999999999999998,r0011,24,0.42999373474901675
case_indigo,0.46999999999999997,30,0.84999999999999998,r0012,24,0.54305899569378202
case_indigo,0.46999999999999997,30,0.84999999999999998,r0013,24,0.52078313302743673
case_indigo,0.46999999999999997,30,0.84999999999999998,r0014,24,0.67510473285020767
case_indigo,0.46999999999999997,30,0.84999999999999998,r0015,24,0.49499478087318211
case_indigo,0.46999999999999997,30,0.84999999999999998,r0016,24,0.5386782427783281
case_indigo,0.46999999999999997,30,0.84999999999999998,r0017,24,0.50305073692409941
case_indigo,0.46999999999999997,30,0.84999999999999998,r0018,24,0.60209710928261673
case_indigo,0.46999999999999997,30,0.84999999999999998,r0019,24,0.56561503722497442
case_indigo,0.46999999999999997,30,0.84999999999999998,r0020,24,0.54735907729090816
case_indigo,0.46999999999999997,30,0.84999999999999998,r0021,24,0.58830047495712068
case_indigo,0.46999999999999997,30,0.84999999999999998,r0022,24,0.51014213218329363
case_indigo,0.46999999999999997,30,0.84999999999999998,r0023,24,0.52937311226356909
case_indigo,0.46999999999999997,30,1.25,r0000,24,0.57532589640477327
case_indigo,0.46999999999999997,30,1.25,r0001,24,0.48705024759620708
case_indigo,0.46999999999999997,30,1.25,r0002,24,0.4655586342364651
case_indigo,0.46999999999999997,30,1.25,r0003,24,0.55290618228286292
case_indigo,0.46999999999999997,30,1.25,r0004,24,0.58367505111129925
case_indigo,0.46999999999999997,30,1.25,r0005,24,0.49489505680316692
case_indigo,0.46999999999999997,30,1.25,r0006,24,0.54700543450161765
case_indigo,0.46999999999999997,30,1.25,r0007,24,0.4863320064313687
case_indigo,0.46999999999999997,30,1.25,r0008,24,0.58091209273502487
case_indigo,0.46999999999999997,30,1.25,r0009,24,0.56867209842298572
case_indigo,0.46999999999999997,30,1.25,r0010,24,0.4916342712997987
case_indigo,0.46999999999999997,30,1.25,r0011,24,0.50189603556488027
case_indigo,0.46999999999999997,30,1.25,r0012,24,0.52798717682588103
case_indigo,0.46999999999999997,30,1.25,r0013,24,0.58220260107456301
case_indigo,0.46999999999999997,30,1.25,r0014,24,0.53050575941838429
case_indigo,0.46999999999999997,30,1.25,r0015,24,0.55958035805407047
case_indigo,0.46999999999999997,30,1.25,r0016,24,0.4678749095323515
case_indigo,0.46999999999999997,30,1.25,r0017,24,0.53072054434494065
case_indigo,0.46999999999999997,30,1.25,r0018,24,0.66617049684379392
case_indigo,0.46999999999999997,30,1.25,r0019,24,0.44907404395877587
case_indigo,0.46999999999999997,30,1.25,r0020,24,0.56702642616705334
case_indigo,0.46999999999999997,30,1.25,r0021,24,0.58775214184912139
case_indigo,0.46999999999999997,30,1.25,r0022,24,0.61863420593451057
case_indigo,0.46999999999999997,30,1.25,r0023,24,0.54235885105545201
case_indigo,0.46999999999999997,30,1.25,r0024,24,0.49627292479010093
case_indigo,0.46999999999999997,30,1.25,r0025,24,0.47775596905208428
case_indigo,0.46999999999999997,30,1.6499999999999999,r0000,25,0.43933436534048487
case_indigo,0.46999999999999997,30,1.6499999999999999,r0001,25,0.46403008414935892
case_indigo,0.46999999999999997,30,1.6499999999999999,r0002,25,0.54205057584433691
case_indigo,0.46999999999999997,30,1.6499999999999999,r0003,25,0.54300095799523806
case_indigo,0.46999999999999997,30,1.6499999999999999,r0004,26,0.4797435248701033
case_indigo,0.46999999999999997,30,1.6499999999999999,r0005,25,0.46617878799935658
case_indigo,0.46999999999999997,30,1.6499999999999999,r0006,25,0.59528276185421758
case_indigo,0.46999999999999997,30,1.6499999999999999,r0007,25,0.49394518235006557
case_indigo,0.46999999999999997,30,1.6499999999999999,r0008,25,0.43918829301444878
case_indigo,0.46999999999999997,30,1.6499999999999999,r0009,25,0.5796706242110935
case_indigo,0.46999999999999997,30,1.6499999999999999,r0010,25,0.56650686747007895
case_indigo,0.46999999999999997,30,1.6499999999999999,r0011,25,0.41752726790518291
case_indigo,0.46999999999999997,30,1.6499999999999999,r0012,25,0.55043469744841789
case_indigo,0.46999999999999997,30,1.6499999999999999,r0013,26,0.52335520269156077
case_indigo,0.46999999999999997,30,1.6499999999999999,r0014,25,0.51557698594500123
case_indigo,0.46999999999999997,30,1.6499999999999999,r0015,25,0.55731069082003692
case_indigo,0.46999999999999997,30,1.6499999999999999,r0016,25,0.55950705708126514
case_indigo,0.46999999999999997,30,1.6499999999999999,r0017,25,0.56441883722260455
case_indigo,0.46999999999999997,30,1.6499999999999999,r0018,25,0.55198912138347167
case_indigo,0.46999999999999997,30,1.6499999999999999,r0019,25,0.56775213670065638
case_indigo,0.46999999999999997,30,1.6499999999999999,r0020,25,0.5559415408057804
case_indigo,0.46999999999999997,30,1.6499999999999999,r0021,25,0.49901681507497286
case_indigo,0.46999999999999997,30,1.6499999999999999,r0022,25,0.5851598420365377
case_indigo,0.46999999999999997,30,1.6499999999999999,r0023,25,0.44641528968911154
case_indigo,0.46999999999999997,30,1.6499999999999999,r0024,25,0.57843488708151325
case_indigo,0.46999999999999997,30,1.6499999999999999,r0025,25,0.51293662053435041
case_indigo,0.46999999999999997,30,1.6499999999999999,r0026,25,0.55437861684430279
case_indigo,0.46999999999999997,30,1.6499999999999999,r0027,25,0.48769548942261748
case_indigo,0.46999999999999997,30,2.0499999999999998,r0000,28,0.55037228577391217
case_indigo,0.46999999999999997,30,2.0499999999999998,r0001,28,0.44731811771042934
case_indigo,0.46999999999999997,30,2.0499999999999998,r0002,28,0.48542889507347564
case_indigo,0.46999999999999997,30,2.0499999999999998,r0003,27,0.47440726766371533
case_indigo,0.46999999999999997,30,2.0499999999999998,r0004,27,0.59991823988968929
case_indigo,0.46999999999999997,30,2.0499999999999998,r0005,28,0.60136362580282854
case_indigo,0.46999999999999997,30,2.0499999999999998,r0006,27,0.5137988195602341
case_indigo,0.46999999999999997,30,2.0499999999999998,r0007,27,0.56206235950741901
case_indigo,0.46999999999999997,30,2.0499999999999998,r0008,27,0.50144217108761091
case_indigo,0.46999999999999997,30,2.0499999999999998,r0009,28,0.50934323380711011
case_indigo,0.46999999999999997,30,2.0499999999999998,r0010,28,0.5141297963005369
case_indigo,0.46999999999999997,30,2.0499999999999998,r0011,28,0.5076158171192634
case_indigo,0.46999999999999997,30,2.0499999999999998,r0012,28,0.53600808811491807
case_indigo,0.46999999999999997,30,2.0499999999999998,r0013,27,0.5361870724661576
case_indigo,0.46999999999999997,30,2.0499999999999998,r0014,28,0.53996934938581387
case_indigo,0.46999999999999997,30,2.0499999999999998,r0015,28,0.50622110770712081
case_indigo,0.46999999999999997,30,2.0499999999999998,r0016,27,0.48942788114385066
case_indigo,0.46999999999999997,30,2.0499999999999998,r0017,27,0.53372846010113517
case_indigo,0.46999999999999997,30,2.0499999999999998,r0018,28,0.55255627098024263
case_indigo,0.46999999999999997,30,2.0499999999999998,r0019,27,0.55125763509434755
case_indigo,0.46999999999999997,30,2.0499999999999998,r0020,28,0.50968916863734015
case_indigo,0.46999999999999997,30,2.0499999999999998,r0021,28,0.3865808822269125
case_indigo,0.46999999999999997,30,2.0499999999999998,r0022,27,0.44243207456281308
case_indigo,0.46999999999999997,30,2.0499999999999998,r0023,27,0.58087477058540071
case_indigo,0.46999999999999997,30,2.0499999999999998,r0024,28,0.53334064745186927
case_indigo,0.46999999999999997,30,2.0499999999999998,r0025,27,0.51992774309995304
case_indigo,0.46999999999999997,30,2.0499999999999998,r0026,28,0.50846662831607847
case_indigo,0.46999999999999997,30,2.0499999999999998,r0027,28,0.56652564857137555
case_indigo,0.46999999999999997,30,2.0499999999999998,r0028,27,0.50706815397032734
case_indigo,0.46999999999999997,30,2.0499999999999998,r0029,27,0.46155220596012847
case_indigo,0.46999999999999997,30,2.4500000000000002,r0000,32,0.53740404743091419
case_indigo,0.46999999999999997,30,2.4500000000000002,r0001,32,0.46716405343089751
case_indigo,0.46999999999999997,30,2.4500000000000002,r0002,32,0.50204185914425592
case_indigo,0.46999999999999997,30,2.4500000000000002,r0003,32,0.47211503639148888
case_indigo,0.46999999999999997,30,2.4500000000000002,r0004,32,0.49948231856529945
case_indigo,0.46999999999999997,30,2.4500000000000002,r0005,31,0.56109898585671214
case_indigo,0.46999999999999997,30,2.4500000000000002,r0006,31,0.52468867876385084
case_indigo,0.46999999999999997,30,2.4500000000000002,r0007,33,0.4276836111758705
case_indigo,0.46999999999999997,30,2.4500000000000002,r0008,33,0.38598989081101925
case_indigo,0.46999999999999997,30,2.4500000000000002,r0009,33,0.46023271300563678
case_indigo,0.46999999999999997,30,2.4500000000000002,r0010,32,0.46691268688228377
case_indigo,0.46999999999999997,30,2.4500000000000002,r0011,31,0.5400077696730412
case_indigo,0.46999999999999997,30,2.4500000000000002,r0012,31,0.59763359538556926
case_indigo,0.46999999999999997,30,2.4500000000000002,r0013,32,0.55618967692523114
case_indigo,0.46999999999999997,30,2.4500000000000002,r0014,31,0.37757870150804579
case_indigo,0.46999999999999997,30,2.4500000000000002,r0015,31,0.45202490431563058
case_indigo,0.46999999999999997,30,2.4500000000000002,r0016,32,0.41119523194791802
case_indigo,0.46999999999999997,30,2.4500000000000002,r0017,32,0.47074785856058854
case_indigo,0.46999999999999997,30,2.4500000000000002,r0018,32,0.50907036893625912
case_indigo,0.46999999999999997,30,2.4500000000000002,r0019,34,0.42476947448244623
case_indigo,0.46999999999999997,30,2.4500000000000002,r0020,31,0.43604251464109428
case_indigo,0.46999999999999997,30,2.4500000000000002,r0021,32,0.40654104562790494
case_indigo,0.46999999999999997,30,2.4500000000000002,r0022,32,0.42352596524738356
case_indigo,0.46999999999999997,30,2.4500000000000002,r0023,33,0.46082000717707189
case_indigo,0.46999999999999997,30,2.4500000000000002,r0024,33,0.49179942614833089
case_indigo,0.46999999999999997,30,2.8500000000000001,r0000,36,0.39312791787007323
case_indigo,0.46999999999999997,30,2.8500000000000001,r0001,36,0.42387131214388568
case_indigo,0.46999999999999997,30,2.8500000000000001,r0002,35,0.4032189693139947
case_indigo,0.46999999999999997,30,2.8500000000000001,r0003,36,0.46950732728392386
case_indigo,0.46999999999999997,30,2.8500000000000001,r0004,35,0.38963047355914682
case_indigo,0.46999999999999997,30,2.8500000000000001,r0005,36,0.39313671547484752
case_indigo,0.46999999999999997,30,2.8500000000000001,r0006,36,0.48678692768218734
case_indigo,0.46999999999999997,30,2.8500000000000001,r0007,36,0.48274333841454187
case_indigo,0.46999999999999997,30,2.8500000000000001,r0008,36,0.42315568161793937
case_indigo,0.46999999999999997,30,2.8500000000000001,r0009,35,0.45577797467465081
case_indigo,0.46999999999999997,30,2.8500000000000001,r0010,35,0.50438687950681904
case_indigo,0.46999999999999997,30,2.8500000000000001,r0011,35,0.38718982453682538
case_indigo,0.46999999999999997,30,2.8500000000000001,r0012,36,0.43507539342605356
case_indigo,0.46999999999999997,30,2.8500000000000001,r0013,35,0.52010287579502756
case_indigo,0.46999999999999997,30,2.8500000000000001,r0014,36,0.3935297091303806
case_indigo,0.46999999999999997,30,2.8500000000000001,r0015,36,0.40776492757151561
case_indigo,0.46999999999999997,30,2.8500000000000001,r0016,36,0.47931158748372682
case_indigo,0.46999999999999997,30,2.8500000000000001,r0017,36,0.41991835665082067
case_indigo,0.46999999999999997,30,2.8500000000000001,r0018,36,0.39189054146949015
case_indigo,0.46999999999999997,30,2.8500000000000001,r0019,36,0.42233267067315466
case_indigo,0.46999999999999997,30,2.8500000000000001,r0020,36,0.37192177927270825
case_indigo,0.46999999999999997,30,2.8500000000000001,r0021,35,0.50240117137240803
case_indigo,0.46999999999999997,30,2.8500000000000001,r0022,36,0.30804883752116924
case_indigo,0.46999999999999997,30,2.8500000000000001,r0023,36,0.44336795333574697
case_indigo,0.46999999999999997,30,2.8500000000000001,r0024,36,0.42880158724541995
case_indigo,0.46999999999999997,30,2.8500000000000001,r0025,36,0.41815153887941203
case_indigo,0.46999999999999997,30,2.8500000000000001,r0026,36,0.47448695844611194
case_indigo,0.46999999999999997,30,3.25,r0000,37,0.36978421951443791
case_indigo,0.46999999999999997,30,3.25,r0001,37,0.43569336030870942
case_indigo,0.46999999999999997,30,3.25,r0002,37,0.37843584401185293
case_indigo,0.46999999999999997,30,3.25,r0003,38,0.47615711546770795
case_indigo,0.46999999999999997,30,3.25,r0004,38,0.34304002465167127
case_indigo,0.46999999999999997,30,3.25,r0005,37,0.43218503350026288
case_indigo,0.46999999999999997,30,3.25,r0006,37,0.34211914757988438
case_indigo,0.46999999999999997,30,3.25,r0007,37,0.35333392196220093
case_indigo,0.46999999999999997,30,3.25,r0008,37,0.36788398230881697
case_indigo,0.46999999999999997,30,3.25,r0009,37,0.35127163201422812
case_indigo,0.46999999999999997,30,3.25,r0010,38,0.36581125827015371
case_indigo,0.46999999999999997,30,3.25,r0011,37,0.41467466966241046
case_indigo,0.46999999999999997,30,3.25,r0012,38,0.41203577932114133
case_indigo,0.46999999999999997,30,3.25,r0013,37,0.37654647549178316
case_indigo,0.46999999999999997,30,3.25,r0014,38,0.34366873939743653
case_indigo,0.46999999999999997,30,3.25,r0015,37,0.42782744427152941
case_indigo,0.46999999999999997,30,3.25,r0016,37,0.434084394688041
case_indigo,0.46999999999999997,30,3.25,r0017,37,0.41475092796015589
case_indigo,0.46999999999999997,30,3.25,r0018,37,0.33728417503315389
case_indigo,0.46999999999999997,30,3.25,r0019,37,0.31600584336892173
case_indigo,0.46999999999999997,30,3.25,r0020,38,0.44258693654522646
case_indigo,0.46999999999999997,30,3.25,r0021,37,0.35719684297961918
case_indigo,0.46999999999999997,30,3.25,r0022,37,0.38798384878677156
case_indigo,0.46999999999999997,30,3.25,r0023,38,0.3865261896129043
case_indigo,0.46999999999999997,30,3.25,r0024,37,0.41470648066421817
case_indigo,0.46999999999999997,30,3.25,r0025,37,0.35214969725594303
case_indigo,0.46999999999999997,30,3.25,r0026,37,0.39930595763307331
case_indigo,0.46999999999999997,30,3.25,r0027,38,0.3313785310473058
case_indigo,0.46999999999999997,30,3.25,r0028,37,0.50297481276320788
case_indigo,0.46999999999999997,30,3.6499999999999999,r0000,38,0.36943241091202839
case_indigo,0.46999999999999997,30,3.6499999999999999,r0001,38,0.47888697596265412
case_indigo,0.46999999999999997,30,3.6499999999999999,r0002,38,0.38472128877474898
case_indigo,0.46999999999999997,30,3.6499999999999999,r0003,38,0.32917566009975152
case_indigo,0.46999999999999997,30,3.6499999999999999,r0004,38,0.38988845993037285
case_indigo,0.46999999999999997,30,3.6499999999999999,r0005,38,0.39316879061859261
case_indigo,0.46999999999999997,30,3.6499999999999999,r0006,38,0.39978896379865869
case_indigo,0.46999999999999997,30,3.6499999999999999,r0007,38,0.36397627564558249
case_indigo,0.46999999999999997,30,3.6499999999999999,r0008,38,0.34218472330355998
case_indigo,0.46999999999999997,30,3.6499999999999999,r0009,38,0.38212609191113744
case_indigo,0.46999999999999997,30,3.6499999999999999,r0010,38,0.38914254268265225
case_indigo,0.46999999999999997,30,3.6499999999999999,r0011,38,0.38692959438131846
case_indigo,0.46999999999999997,30,3.6499999999999999,r0012,38,0.38325587581890658
case_indigo,0.46999999999999997,30,3.6499999999999999,r0013,38,0.51458197739538625
case_indigo,0.46999999999999997,30,3.6499999999999999,r0014,38,0.45367483477992476
case_indigo,0.46999999999999997,30,3.6499999999999999,r0015,38,0.37826838137311125
case_indigo,0.46999999999999997,30,3.6499999999999999,r0016,38,0.43222347400330369
case_indigo,0.46999999999999997,30,3.6499999999999999,r0017,38,0.37202154994652359
case_indigo,0.46999999999999997,30,3.6499999999999999,r0018,38,0.42133543554734582
case_indigo,0.46999999999999997,30,3.6499999999999999,r0019,38,0.39015801643403974
case_indigo,0.46999999999999997,30,3.6499999999999999,r0020,38,0.40617982346098586
case_indigo,0.46999999999999997,30,3.6499999999999999,r0021,38,0.36574257567339757
case_indigo,0.46999999999999997,30,3.6499999999999999,r0022,38,0.33450709744805679
case_indigo,0.46999999999999997,30,3.6499999999999999,r0023,38,0.46435943986326467
case_indigo,0.46999999999999997,30,4.0499999999999998,r0000,38,0.41231968828438936
case_indigo,0.46999999999999997,30,4.0499999999999998,r0001,38,0.3760035475120837
case_indigo,0.46999999999999997,30,4.0499999999999998,r0002,38,0.38350708408990697
case_indigo,0.46999999999999997,30,4.0499999999999998,r0003,38,0.41748299071374895
case_indigo,0.46999999999999997,30,4.0499999999999998,r0004,38,0.44468516390983287
case_indigo,0.46999999999999997,30,4.0499999999999998,r0005,38,0.40372363520694349
case_indigo,0.46999999999999997,30,4.0499999999999998,r0006,38,0.40408004121201363
case_indigo,0.46999999999999997,30,4.0499999999999998,r0007,38,0.41391843100836434
case_indigo,0.46999999999999997,30,4.0499999999999998,r0008,38,0.314233009678552
case_indigo,0.46999999999999997,30,4.0499999999999998,r0009,38,0.32961977488895872
case_indigo,0.46999999999999997,30,4.0499999999999998,r0010,38,0.29985573389914366
case_indigo,0.46999999999999997,30,4.0499999999999998,r0011,38,0.37157911902276447
case_indigo,0.46999999999999997,30,4.0499999999999998,r0012,38,0.45324166275773581
case_indigo,0.46999999999999997,30,4.0499999999999998,r0013,38,0.3152711164727276
case_indigo,0.46999999999999997,30,4.0499999999999998,r0014,38,0.45866337950577263
case_indigo,0.46999999999999997,30,4.0499999999999998,r0015,38,0.41308624687951478
case_indigo,0.46999999999999997,30,4.0499999999999998,r0016,38,0.35287070836632478
case_indigo,0.46999999999999997,30,4.0499999999999998,r0017,38,0.36119216724805375
case_indigo,0.46999999999999997,30,4.0499999999999998,r0018,38,0.38539620291422677
case_indigo,0.46999999999999997,30,4.0499999999999998,r0019,38,0.36119800450618289
case_indigo,0.46999999999999997,30,4.0499999999999998,r0020,38,0.36379919768463304
case_indigo,0.46999999999999997,30,4.0499999999999998,r0021,38,0.376981172476196
case_indigo,0.46999999999999997,30,4.0499999999999998,r0022,38,0.53203545246578532
case_indigo,0.46999999999999997,30,4.0499999999999998,r0023,38,0.2619804413796456
case_indigo,0.46999999999999997,30,4.0499999999999998,r0024,38,0.3744685119633025
case_indigo,0.46999999999999997,30,4.0499999999999998,r0025,38,0.43089805861929259
case_indigo,0.76000000000000001,9,0.84999999999999998,r0000,26,0.58351634182944923
case_indigo,0.76000000000000001,9,0.84999999999999998,r0001,25,0.49224703546148485
case_indigo,0.76000000000000001,9,0.84999999999999998,r0002,25,0.59653732534900783
case_indigo,0.76000000000000001,9,0.84999999999999998,r0003,25,0.48613047639680745
case_indigo,0.76000000000000001,9,0.84999999999999998,r0004,25,0.4685106813505483
case_indigo,0.76000000000000001,9,0.84999999999999998,r0005,25,0.50867995016494372
case_indigo,0.76000000000000001,9,0.84999999999999998,r0006,25,0.5484052471878903
case_indigo,0.76000000000000001,9,0.84999999999999998,r0007,26,0.56296070968659828
case_indigo,0.76000000000000001,9,0.84999999999999998,r0008,26,0.47093434838473958
case_indigo,0.76000000000000001,9,0.84999999999999998,r0009,26,0.47357397542802782
case_indigo,0.76000000000000001,9,0.84999999999999998,r0010,25,0.57207807280730316
case_indigo,0.76000000000000001,9,0.84999999999999998,r0011,26,0.46710610672086678
case_indigo,0.76000000000000001,9,0.84999999999999998,r0012,25,0.45805945208158172
case_indigo,0.76000000000000001,9,0.84999999999999998,r0013,25,0.51419864721749819
case_indigo,0.76000000000000001,9,0.84999999999999998,r0014,26,0.51624103729117821
case_indigo,0.76000000000000001,9,0.84999999999999998,r0015,26,0.51844714740537856
case_indigo,0.76000000000000001,9,0.84999999999999998,r0016,26,0.51747479672542451
case_indigo,0.76000000000000001,9,0.84999999999999998,r0017,25,0.43342475502489214
case_indigo,0.76000000000000001,9,0.84999999999999998,r0018,25,0.53822134220730744
case_indigo,0.76000000000000001,9,0.84999999999999998,r0019,25,0.57838268762400546
case_indigo,0.76000000000000001,9,0.84999999999999998,r0020,26,0.46994797475254446
case_indigo,0.76000000000000001,9,0.84999999999999998,r0021,25,0.50253784476739671
case_indigo,0.76000000000000001,9,0.84999999999999998,r0022,25,0.54076821259707419
case_indigo,0.76000000000000001,9,0.84999999999999998,r0023,26,0.61498118508370336
case_indigo,0.76000000000000001,9,0.84999999999999998,r0024,25,0.52023146446029134
case_indigo,0.76000000000000001,9,1.25,r0000,26,0.51438591652756771
case_indigo,0.76000000000000001,9,1.25,r0001,26,0.44749007638233651
case_indigo,0.76000000000000001,9,1.25,r0002,26,0.59404247182751668
case_indigo,0.76000000000000001,9,1.25,r0003,26,0.60757973899194617
case_indigo,0.76000000000000001,9,1.25,r0004,26,0.54927115349285249
case_indigo,0.76000000000000001,9,1.25,r0005,26,0.61014583254130594
case_indigo,0.76000000000000001,9,1.25,r0006,26,0.45475587045969379
case_indigo,0.76000000000000001,9,1.25,r0007,26,0.42672960065106219
case_indigo,0.76000000000000001,9,1.25,r0008,26,0.4424899024949151
case_indigo,0.76000000000000001,9,1.25,r0009,26,0.51618987144327533
case_indigo,0.76000000000000001,9,1.25,r0010,26,0.50421983737389642
case_indigo,0.76000000000000001,9,1.25,r0011,26,0.4538481861870991
case_indigo,0.76000000000000001,9,1.25,r0012,26,0.50778711094192852
case_indigo,0.76000000000000001,9,1.25,r0013,26,0.48775051880515952
case_indigo,0.76000000000000001,9,1.25,r0014,27,0.47392318494523583
case_indigo,0.76000000000000001,9,1.25,r0015,26,0.41480957484161896
case_indigo,0.76000000000000001,9,1.25,r0016,26,0.50854344036437871
case_indigo,0.76000000000000001,9,1.25,r0017,27,0.5068119688805196
case_indigo,0.76000000000000001,9,1.25,r0018,26,0.52423321197929973
case_indigo,0.76000000000000001,9,1.25,r0019,26,0.42572808747280733
case_indigo,0.76000000000000001,9,1.25,r0020,25,0.56407525789659352
case_indigo,0.76000000000000001,9,1.25,r0021,26,0.41812358307242464
case_indigo,0.76000000000000001,9,1.25,r0022,26,0.4290442994615572
case_indigo,0.76000000000000001,9,1.25,r0023,26,0.44991305770334034
case_indigo,0.76000000000000001,9,1.25,r0024,26,0.53737292465622644
case_indigo,0.76000000000000001,9,1.25,r0025,26,0.51158406492987496
case_indigo,0.76000000000000001,9,1.25,r0026,26,0.57729492122089543
case_indigo,0.76000000000000001,9,1.6499999999999999,r0000,27,0.58352767545033901
case_indigo,0.76000000000000001,9,1.6499999999999999,r0001,27,0.42176358697876165
case_indigo,0.76000000000000001,9,1.6499999999999999,r0002,27,0.46176879247684688
case_indigo,0.76000000000000001,9,1.6499999999999999,r0003,27,0.45082793917990538
case_indigo,0.76000000000000001,9,1.6499999999999999,r0004,27,0.44693090765402227
case_indigo,0.76000000000000001,9,1.6499999999999999,r0005,27,0.52226355714222705
case_indigo,0.76000000000000001,9,1.6499999999999999,r0006,27,0.42639639137770724
case_indigo,0.76000000000000001,9,1.6499999999999999,r0007,27,0.41741843414293822
case_indigo,0.76000000000000001,9,1.6499999999999999,r0008,27,0.54510227548551471
case_indigo,0.76000000000000001,9,1.6499999999999999,r0009,27,0.52039377956155497
case_indigo,0.76000000000000001,9,1.6499999999999999,r0010,27,0.53972928655222407
case_indigo,0.76000000000000001,9,1.6499999999999999,r0011,27,0.52868923545247004
case_indigo,0.76000000000000001,9,1.6499999999999999,r0012,27,0.48245033743476207
case_indigo,0.76000000000000001,9,1.6499999999999999,r0013,27,0.47146002439865076
case_indigo,0.76000000000000001,9,1.6499999999999999,r0014,28,0.50584449849400304
case_indigo,0.76000000000000001,9,1.6499999999999999,r0015,27,0.48015545569434015
case_indigo,0.76000000000000001,9,1.6499999999999999,r0016,26,0.4415915602230997
case_indigo,0.76000000000000001,9,1.6499999999999999,r0017,27,0.60546171249417913
case_indigo,0.76000000000000001,9,1.6499999999999999,r0018,28,0.53024197104245074
case_indigo,0.76000000000000001,9,1.6499999999999999,r0019,27,0.43074608048349755
case_indigo,0.76000000000000001,9,1.6499999999999999,r0020,27,0.53975441699361737
case_indigo,0.76000000000000001,9,1.6499999999999999,r0021,28,0.45532760878841666
case_indigo,0.76000000000000001,9,1.6499999999999999,r0022,28,0.5325625310874823
case_indigo,0.76000000000000001,9,1.6499999999999999,r0023,27,0.52899868600209543
case_indigo,0.76000000000000001,9,1.6499999999999999,r0024,27,0.46720182374471586
case_indigo,0.76000000000000001,9,1.6499999999999999,r0025,27,0.48492706030406613
case_indigo,0.76000000000000001,9,1.6499999999999999,r0026,27,0.43567564665305125
case_indigo,0.76000000000000001,9,1.6499999999999999,r0027,27,0.53068877533997327
case_indigo,0.76000000000000001,9,1.6499999999999999,r0028,27,0.46810331880280626
case_indigo,0.76000000000000001,9,2.0499999999999998,r0000,30,0.53849410431797995
case_indigo,0.76000000000000001,9,2.0499999999999998,r0001,29,0.50502219811366722
case_indigo,0.76000000000000001,9,2.0499999999999998,r0002,28,0.49002247903412738
case_indigo,0.76000000000000001,9,2.0499999999999998,r0003,28,0.62211800055071742
case_indigo,0.76000000000000001,9,2.0499999999999998,r0004,28,0.44111158297315917
case_indigo,0.76000000000000001,9,2.0499999999999998,r0005,29,0.37381703855552445
case_indigo,0.76000000000000001,9,2.0499999999999998,r0006,29,0.46712499954241954
case_indigo,0.76000000000000001,9,2.0499999999999998,r0007,27,0.46124459830543479
case_indigo,0.76000000000000001,9,2.0499999999999998,r0008,28,0.48407368281957303
case_indigo,0.76000000000000001,9,2.0499999999999998,r0009,28,0.443094483821596
case_indigo,0.76000000000000001,9,2.0499999999999998,r0010,30,0.55979434084119262
case_indigo,0.76000000000000001,9,2.0499999999999998,r0011,29,0.46097555507352628
case_indigo,0.76000000000000001,9,2.0499999999999998,r0012,27,0.58780879449605505
case_indigo,0.76000000000000001,9,2.0499999999999998,r0013,29,0.42319973268949557
case_indigo,0.76000000000000001,9,2.0499999999999998,r0014,28,0.42429199689111713
case_indigo,0.76000000000000001,9,2.0499999999999998,r0015,28,0.47117625643110755
case_indigo,0.76000000000000001,9,2.0499999999999998,r0016,29,0.5306479611046806
case_indigo,0.76000000000000001,9,2.0499999999999998,r0017,28,0.39716732598249244
case_indigo,0.76000000000000001,9,2.0499999999999998,r0018,29,0.57518016179773568
case_indigo,0.76000000000000001,9,2.0499999999999998,r0019,29,0.52686966881906527
case_indigo,0.76000000000000001,9,2.0499999999999998,r0020,28,0.45513538312445068
case_indigo,0.76000000000000001,9,2.0499999999999998,r0021,27,0.51870457523008184
case_indigo,0.76000000000000001,9,2.0499999999999998,r0022,28,0.62928307036688469
case_indigo,0.76000000000000001,9,2.0499999999999998,r0023,28,0.50567142470416548
case_indigo,0.76000000000000001,9,2.4500000000000002,r0000,32,0.37224513647159119
case_indigo,0.76000000000000001,9,2.4500000000000002,r0001,31,0.49413659343735034
case_indigo,0.76000000000000001,9,2.4500000000000002,r0002,30,0.43219613626090342
case_indigo,0.76000000000000001,9,2.4500000000000002,r0003,31,0.47724936161272591
case_indigo,0.76000000000000001,9,2.4500000000000002,r0004,28,0.52669012425114858
case_indigo,0.76000000000000001,9,2.4500000000000002,r0005,30,0.52675448083058507
case_indigo,0.76000000000000001,9,2.4500000000000002,r0006,30,0.484185961099169
case_indigo,0.76000000000000001,9,2.4500000000000002,r0007,30,0.50799785615635495
case_indigo,0.76000000000000001,9,2.4500000000000002,r0008,29,0.50220007516356158
case_indigo,0.76000000000000001,9,2.4500000000000002,r0009,29,0.41605177278386268
case_indigo,0.76000000000000001,9,2.4500000000000002,r0010,30,0.38220944498660819
case_indigo,0.76000000000000001,9,2.4500000000000002,r0011,30,0.59359841676127034
case_indigo,0.76000000000000001,9,2.4500000000000002,r0012,30,0.50868615643521931
case_indigo,0.76000000000000001,9,2.4500000000000002,r0013,30,0.46058453818803385
case_indigo,0.76000000000000001,9,2.4500000000000002,r0014,29,0.4648308744795312
case_indigo,0.76000000000000001,9,2.4500000000000002,r0015,30,0.44867103241500877
case_indigo,0.76000000000000001,9,2.4500000000000002,r0016,30,0.51411168693977627
case_indigo,0.76000000000000001,9,2.4500000000000002,r0017,31,0.51211793189126775
case_indigo,0.76000000000000001,9,2.4500000000000002,r0018,31,0.52696695808637428
case_indigo,0.76000000000000001,9,2.4500000000000002,r0019,29,0.49983773813394916
case_indigo,0.76000000000000001,9,2.4500000000000002,r0020,30,0.46334361213733677
case_indigo,0.76000000000000001,9,2.4500000000000002,r0021,29,0.47094069105696212
case_indigo,0.76000000000000001,9,2.4500000000000002,r0022,31,0.3396002436596513
case_indigo,0.76000000000000001,9,2.4500000000000002,r0023,29,0.44725806470660112
case_indigo,0.76000000000000001,9,2.4500000000000002,r0024,31,0.48340908717691716
case_indigo,0.76000000000000001,9,2.4500000000000002,r0025,30,0.52553989121391986
case_indigo,0.76000000000000001,9,2.8500000000000001,r0000,30,0.46226820428478571
case_indigo,0.76000000000000001,9,2.8500000000000001,r0001,32,0.40917070008997264
case_indigo,0.76000000000000001,9,2.8500000000000001,r0002,31,0.52078187785585894
case_indigo,0.76000000000000001,9,2.8500000000000001,r0003,32,0.48935683179512662
case_indigo,0.76000000000000001,9,2.8500000000000001,r0004,31,0.39278056243770659
case_indigo,0.76000000000000001,9,2.8500000000000001,r0005,33,0.39089283962863186
case_indigo,0.76000000000000001,9,2.8500000000000001,r0006,32,0.41695200212764516
case_indigo,0.76000000000000001,9,2.8500000000000001,r0007,31,0.51122962295439378
case_indigo,0.76000000000000001,9,2.8500000000000001,r0008,33,0.48798965521856735
case_indigo,0.76000000000000001,9,2.8500000000000001,r0009,31,0.49422414036917711
case_indigo,0.76000000000000001,9,2.8500000000000001,r0010,30,0.40493167310903438
case_indigo,0.76000000000000001,9,2.8500000000000001,r0011,31,0.45973576662659926
case_indigo,0.76000000000000001,9,2.8500000000000001,r0012,31,0.37891095506826794
case_indigo,0.76000000000000001,9,2.8500000000000001,r0013,31,0.44034514184346496
case_indigo,0.76000000000000001,9,2.8500000000000001,r0014,31,0.51772731879726619
case_indigo,0.76000000000000001,9,2.8500000000000001,r0015,32,0.52840044055880564
case_indigo,0.76000000000000001,9,2.8500000000000001,r0016,32,0.50656623447264248
case_indigo,0.76000000000000001,9,2.8500000000000001,r0017,32,0.47638453080797288
case_indigo,0.76000000000000001,9,2.8500000000000001,r0018,33,0.514447938616029
case_indigo,0.76000000000000001,9,2.8500000000000001,r0019,31,0.48560253195717906
case_indigo,0.76000000000000001,9,2.8500000000000001,r0020,32,0.5117366199517408
case_indigo,0.76000000000000001,9,2.8500000000000001,r0021,31,0.43752299382390253
case_indigo,0.76000000000000001,9,2.8500000000000001,r0022,31,0.50543005141617792
case_indigo,0.76000000000000001,9,2.8500000000000001,r0023,33,0.40381930230837915
case_indigo,0.76000000000000001,9,2.8500000000000001,r0024,31,0.49165026254764244
case_indigo,0.76000000000000001,9,2.8500000000000001,r0025,32,0.54204759852897855
case_indigo,0.76000000000000001,9,2.8500000000000001,r0026,31,0.41785978351282066
case_indigo,0.76000000000000001,9,2.8500000000000001,r0027,32,0.43248138436333844
case_indigo,0.76000000000000001,9,3.25,r0000,33,0.42329810750902147
case_indigo,0.76000000000000001,9,3.25,r0001,33,0.55271303434841923
case_indigo,0.76000000000000001,9,3.25,r0002,34,0.43481459370863318
case_indigo,0.76000000000000001,9,3.25,r0003,33,0.46089846644574822
case_indigo,0.76000000000000001,9,3.25,r0004,33,0.47438307281849673
case_indigo,0.76000000000000001,9,3.25,r0005,33,0.483342451985254
case_indigo,0.76000000000000001,9,3.25,r0006,33,0.53589010373729318
case_indigo,0.76000000000000001,9,3.25,r0007,33,0.41197715123344969
case_indigo,0.76000000000000001,9,3.25,r0008,34,0.43717350900186908
case_indigo,0.76000000000000001,9,3.25,r0009,34,0.47356975132961615
case_indigo,0.76000000000000001,9,3.25,r0010,34,0.48100919243705664
case_indigo,0.76000000000000001,9,3.25,r0011,33,0.52132937479866959
case_indigo,0.76000000000000001,9,3.25,r0012,33,0.37532585890412445
case_indigo,0.76000000000000001,9,3.25,r0013,33,0.53914422810402629
case_indigo,0.76000000000000001,9,3.25,r0014,32,0.46451578391736104
case_indigo,0.76000000000000001,9,3.25,r0015,35,0.38874003737987128
case_indigo,0.76000000000000001,9,3.25,r0016,33,0.45538582523867344
case_indigo,0.76000000000000001,9,3.25,r0017,33,0.41594432124557545
case_indigo,0.76000000000000001,9,3.25,r0018,34,0.53363643841939767
case_indigo,0.76000000000000001,9,3.25,r0019,33,0.50229913520839276
case_indigo,0.76000000000000001,9,3.25,r0020,33,0.3638818005890696
case_indigo,0.76000000000000001,9,3.25,r0021,34,0.38146514789631458
case_indigo,0.76000000000000001,9,3.25,r0022,34,0.42772266722370228
case_indigo,0.76000000000000001,9,3.25,r0023,33,0.44896449555073081
case_indigo,0.76000000000000001,9,3.25,r0024,34,0.46242561685766204
case_indigo,0.76000000000000001,9,3.25,r0025,33,0.48154994193322098
case_indigo,0.76000000000000001,9,3.25,r0026,33,0.61506170299756224
case_indigo,0.76000000000000001,9,3.25,r0027,34,0.41691385935283359
case_indigo,0.76000000000000001,9,3.25,r0028,32,0.53203411689943148
case_indigo,0.76000000000000001,9,3.25,r0029,33,0.48618388519038697
case_indigo,0.76000000000000001,9,3.6499999999999999,r0000,34,0.41721467852767247
case_indigo,0.76000000000000001,9,3.6499999999999999,r0001,35,0.4524769833358897
case_indigo,0.76000000000000001,9,3.6499999999999999,r0002,34,0.41420010724954631
case_indigo,0.76000000000000001,9,3.6499999999999999,r0003,35,0.4041186103557915
case_indigo,0.76000000000000001,9,3.6499999999999999,r0004,35,0.52132804539732058
case_indigo,0.76000000000000001,9,3.6499999999999999,r0005,34,0.41962013759929351
case_indigo,0.76000000000000001,9,3.6499999999999999,r0006,35,0.59582043175283106
case_indigo,0.76000000000000001,9,3.6499999999999999,r0007,34,0.40158925868783185
case_indigo,0.76000000000000001,9,3.6499999999999999,r0008,35,0.37210789515687581
case_indigo,0.76000000000000001,9,3.6499999999999999,r0009,34,0.5359332063530764
case_indigo,0.76000000000000001,9,3.6499999999999999,r0010,34,0.43771596834882487
case_indigo,0.76000000000000001,9,3.6499999999999999,r0011,36,0.31088431004249512
case_indigo,0.76000000000000001,9,3.6499999999999999,r0012,35,0.41897179364442094
case_indigo,0.76000000000000001,9,3.6499999999999999,r0013,35,0.50009774257914053
case_indigo,0.76000000000000001,9,3.6499999999999999,r0014,34,0.38336125946212979
case_indigo,0.76000000000000001,9,3.6499999999999999,r0015,35,0.37189037075046832
case_indigo,0.76000000000000001,9,3.6499999999999999,r0016,36,0.3806431596243493
case_indigo,0.76000000000000001,9,3.6499999999999999,r0017,35,0.43074937337424685
case_indigo,0.76000000000000001,9,3.6499999999999999,r0018,36,0.41825580602876289
case_indigo,0.76000000000000001,9,3.6499999999999999,r0019,35,0.40394590328259211
case_indigo,0.76000000000000001,9,3.6499999999999999,r0020,34,0.45119161920297818
case_indigo,0.76000000000000001,9,3.6499999999999999,r0021,35,0.42537846518048195
case_indigo,0.76000000000000001,9,3.6499999999999999,r0022,35,0.37132170300278955
case_indigo,0.76000000000000001,9,3.6499999999999999,r0023,35,0.36922811187171778
case_indigo,0.76000000000000001,9,3.6499999999999999,r0024,34,0.48476038186031944
case_indigo,0.76000000000000001,9,4.0499999999999998,r0000,35,0.4464792507657635
case_indigo,0.76000000000000001,9,4.0499999999999998,r0001,36,0.53818750087170009
case_indigo,0.76000000000000001,9,4.0499999999999998,r0002,36,0.38701847722344707
case_indigo,0.76000000000000001,9,4.0499999999999998,r0003,36,0.48420918952027414
case_indigo,0.76000000000000001,9,4.0499999999999998,r0004,36,0.41034986797273754
case_indigo,0.76000000000000001,9,4.0499999999999998,r0005,36,0.34732089368071328
case_indigo,0.76000000000000001,9,4.0499999999999998,r0006,36,0.35621572801502283
case_indigo,0.76000000000000001,9,4.0499999999999998,r0007,35,0.49616093945991618
case_indigo,0.76000000000000001,9,4.0499999999999998,r0008,36,0.45447031663523219
case_indigo,0.76000000000000001,9,4.0499999999999998,r0009,35,0.45360560824516621
case_indigo,0.76000000000000001,9,4.0499999999999998,r0010,36,0.39879621208176408
case_indigo,0.76000000000000001,9,4.0499999999999998,r0011,36,0.32188102948053615
case_indigo,0.76000000000000001,9,4.0499999999999998,r0012,36,0.34868665754622702
case_indigo,0.76000000000000001,9,4.0499999999999998,r0013,34,0.32098684676780254
case_indigo,0.76000000000000001,9,4.0499999999999998,r0014,35,0.47145824394938518
case_indigo,0.76000000000000001,9,4.0499999999999998,r0015,35,0.51823227580261155
case_indigo,0.76000000000000001,9,4.0499999999999998,r0016,36,0.35147593491731016
case_indigo,0.76000000000000001,9,4.0499999999999998,r0017,36,0.44877357658102146
case_indigo,0.76000000000000001,9,4.0499999999999998,r0018,36,0.4257167444886536
case_indigo,0.76000000000000001,9,4.0499999999999998,r0019,35,0.40155740358178288
case_indigo,0.76000000000000001,9,4.0499999999999998,r0020,36,0.45030394177726701
case_indigo,0.76000000000000001,9,4.0499999999999998,r0021,35,0.42623963390913366
case_indigo,0.76000000000000001,9,4.0499999999999998,r0022,36,0.35840738157127316
case_indigo,0.76000000000000001,9,4.0499999999999998,r0023,35,0.3411421534960119
case_indigo,0.76000000000000001,9,4.0499999999999998,r0024,36,0.4577765908845598
case_indigo,0.76000000000000001,9,4.0499999999999998,r0025,35,0.41898903054997294
case_indigo,0.76000000000000001,9,4.0499999999999998,r0026,36,0.40986812490182839
case_indigo,0.76000000000000001,14,0.84999999999999998,r0000,25,0.57390083488859966
case_indigo,0.76000000000000001,14,0.84999999999999998,r0001,25,0.58169190379231805
case_indigo,0.76000000000000001,14,0.84999999999999998,r0002,25,0.44090699171191866
case_indigo,0.76000000000000001,14,0.84999999999999998,r0003,25,0.55730773848662163
case_indigo,0.76000000000000001,14,0.84999999999999998,r0004,24,0.58589275028088561
case_indigo,0.76000000000000001,14,0.84999999999999998,r0005,25,0.47909318129522888
case_indigo,0.76000000000000001,14,0.84999999999999998,r0006,25,0.38959372248104879
case_indigo,0.76000000000000001,14,0.84999999999999998,r0007,24,0.50143177975287312
case_indigo,0.76000000000000001,14,0.84999999999999998,r0008,24,0.51755686494193254
case_indigo,0.76000000000000001,14,0.84999999999999998,r0009,25,0.54648271402725579
case_indigo,0.76000000000000001,14,0.84999999999999998,r0010,25,0.62732326291564633
case_indigo,0.76000000000000001,14,0.84999999999999998,r0011,25,0.63609672755528524
case_indigo,0.76000000000000001,14,0.84999999999999998,r0012,24,0.65255254835630983
case_indigo,0.76000000000000001,14,0.84999999999999998,r0013,24,0.56207019822788662
case_indigo,0.76000000000000001,14,0.84999999999999998,r0014,25,0.48013321407834147
case_indigo,0.76000000000000001,14,0.84999999999999998,r0015,25,0.49855969968070596
case_indigo,0.76000000000000001,14,0.84999999999999998,r0016,24,0.59422536712212704
case_indigo,0.76000000000000001,14,0.84999999999999998,r0017,25,0.55511618791328476
case_indigo,0.76000000000000001,14,0.84999999999999998,r0018,25,0.49809527550632199
case_indigo,0.76000000000000001,14,0.84999999999999998,r0019,24,0.470936708277579
case_indigo,0.76000000000000001,14,0.84999999999999998,r0020,25,0.59529393294390975
case_indigo,0.76000000000000001,14,0.84999999999999998,r0021,25,0.525791871291999
case_indigo,0.76000000000000001,14,0.84999999999999998,r0022,25,0.48628106839400681
case_indigo,0.76000000000000001,14,0.84999999999999998,r0023,24,0.52711484663387242
case_indigo,0.76000000000000001,14,0.84999999999999998,r0024,24,0.47883770701027933
case_indigo,0.76000000000000001,14,0.84999999999999998,r0025,25,0.46017901924385129
case_indigo,0.76000000000000001,14,0.84999999999999998,r0026,25,0.56411945948745146
case_indigo,0.76000000000000001,14,0.84999999999999998,r0027,25,0.63170463263179033
case_indigo,0.76000000000000001,14,1.25,r0000,25,0.61969944158209611
case_indigo,0.76000000000000001,14,1.25,r0001,25,0.5747459748267445
case_indigo,0.76000000000000001,14,1.25,r0002,25,0.59010728635383192
case_indigo,0.76000000000000001,14,1.25,r0003,25,0.56765649489809744
case_indigo,0.76000000000000001,14,1.25,r0004,25,0.49833633272648425
case_indigo,0.76000000000000001,14,1.25,r0005,25,0.56845121714804359
case_indigo,0.76000000000000001,14,1.25,r0006,25,0.51476832222059632
case_indigo,0.76000000000000001,14,1.25,r0007,25,0.55306025991401708
case_indigo,0.76000000000000001,14,1.25,r0008,25,0.52415398011476522
case_indigo,0.76000000000000001,14,1.25,r0009,25,0.5264855509972497
case_indigo,0.76000000000000001,14,1.25,r0010,25,0.49719234382564137
case_indigo,0.76000000000000001,14,1.25,r0011,25,0.4568141120511926
case_indigo,0.76000000000000001,14,1.25,r0012,25,0.53051306789794062
case_indigo,0.76000000000000001,14,1.25,r0013,26,0.50060866148594896
case_indigo,0.76000000000000001,14,1.25,r0014,25,0.44761595933600445
case_indigo,0.76000000000000001,14,1.25,r0015,25,0.45403440381802623
case_indigo,0.76000000000000001,14,1.25,r0016,25,0.59251947655135362
case_indigo,0.76000000000000001,14,1.25,r0017,25,0.50286863872050913
case_indigo,0.76000000000000001,14,1.25,r0018,25,0.5861775195085317
case_indigo,0.76000000000000001,14,1.25,r0019,25,0.44160726254421379
case_indigo,0.76000000000000001,14,1.25,r0020,25,0.52596950643005924
case_indigo,0.76000000000000001,14,1.25,r0021,26,0.4204159811101667
case_indigo,0.76000000000000001,14,1.25,r0022,25,0.49728379126075095
case_indigo,0.76000000000000001,14,1.25,r0023,25,0.54407350169086566
case_indigo,0.76000000000000001,14,1.25,r0024,25,0.47420114181135736
case_indigo,0.76000000000000001,14,1.25,r0025,25,0.55134849454832879
case_indigo,0.76000000000000001,14,1.25,r0026,26,0.561390051848626
case_indigo,0.76000000000000001,14,1.25,r0027,25,0.5042244843535244
case_indigo,0.76000000000000001,14,1.25,r0028,25,0.50989695599373464
case_indigo,0.76000000000000001,14,1.25,r0029,25,0.49558693895934269
case_indigo,0.76000000000000001,14,1.6499999999999999,r0000,26,0.56631372329166829
case_indigo,0.76000000000000001,14,1.6499999999999999,r0001,26,0.47557283139245171
case_indigo,0.76000000000000001,14,1.6499999999999999,r0002,26,0.54626862077086114
case_indigo,0.76000000000000001,14,1.6499999999999999,r0003,26,0.63001844079745573
case_indigo,0.76000000000000001,14,1.6499999999999999,r0004,26,0.54254820736490583
case_indigo,0.76000000000000001,14,1.6499999999999999,r0005,27,0.53011584501838782
case_indigo,0.76000000000000001,14,1.6499999999999999,r0006,26,0.47929634718435932
case_indigo,0.76000000000000001,14,1.6499999999999999,r0007,26,0.53893535653653835
case_indigo,0.76000000000000001,14,1.6499999999999999,r0008,26,0.56240857554109691
case_indigo,0.76000000000000001,14,1.6499999999999999,r0009,26,0.48450722771042465
case_indigo,0.76000000000000001,14,1.6499999999999999,r0010,26,0.6027401032621732
case_indigo,0.76000000000000001,14,1.6499999999999999,r0011,27,0.52983261020789008
case_indigo,0.76000000000000001,14,1.6499999999999999,r0012,26,0.53971581561527104
case_indigo,0.76000000000000001,14,1.6499999999999999,r0013,26,0.51534447744735279
case_indigo,0.76000000000000001,14,1.6499999999999999,r0014,26,0.56417928450086674
case_indigo,0.76000000000000001,14,1.6499999999999999,r0015,26,0.52708916680879658
case_indigo,0.76000000000000001,14,1.6499999999999999,r0016,26,0.37958634167354116
case_indigo,0.76000000000000001,14,1.6499999999999999,r0017,26,0.62163032880353153
case_indigo,0.76000000000000001,14,1.6499999999999999,r0018,26,0.53720840558905825
case_indigo,0.76000000000000001,14,1.6499999999999999,r0019,26,0.46743864974645177
case_indigo,0.76000000000000001,14,1.6499999999999999,r0020,26,0.45005224972775881
case_indigo,0.76000000000000001,14,1.6499999999999999,r0021,26,0.57363540782784195
case_indigo,0.76000000000000001,14,1.6499999999999999,r0022,27,0.4369026224627755
case_indigo,0.76000000000000001,14,1.6499999999999999,r0023,26,0.57942430579153614
case_indigo,0.76000000000000001,14,1.6499999999999999,r0024,26,0.43158576872385029
case_indigo,0.76000000000000001,14,2.0499999999999998,r0000,27,0.54733385069881435
case_indigo,0.76000000000000001,14,2.0499999999999998,r0001,27,0.4956903319954597
case_indigo,0.76000000000000001,14,2.0499999999999998,r0002,28,0.63010152362456129
case_indigo,0.76000000000000001,14,2.0499999999999998,r0003,28,0.51636547914119924
case_indigo,0.76000000000000001,14,2.0499999999999998,r0004,28,0.50543963024969996
case_indigo,0.76000000000000001,14,2.0499999999999998,r0005,28,0.52337757979372712
case_indigo,0.76000000000000001,14,2.0499999999999998,r0006,27,0.52020940245665814
case_indigo,0.76000000000000001,14,2.0499999999999998,r0007,27,0.52833172195715472
case_indigo,0.76000000000000001,14,2.0499999999999998,r0008,27,0.56455698504243612
case_indigo,0.76000000000000001,14,2.0499999999999998,r0009,28,0.42749176896247543
case_indigo,0.76000000000000001,14,2.0499999999999998,r0010,28,0.60196619437839716
case_indigo,0.76000000000000001,14,2.0499999999999998,r0011,28,0.50845951576373005
case_indigo,0.76000000000000001,14,2.0499999999999998,r0012,27,0.43444128222179973
case_indigo,0.76000000000000001,14,2.0499999999999998,r0013,28,0.46738263900199478
case_indigo,0.76000000000000001,14,2.0499999999999998,r0014,28,0.50836728144168875
case_indigo,0.76000000000000001,14,2.0499999999999998,r0015,27,0.51408254990831215
case_indigo,0.76000000000000001,14,2.0499999999999998,r0016,28,0.49053321667276972
case_indigo,0.76000000000000001,14,2.0499999999999998,r0017,28,0.54612492309777116
case_indigo,0.76000000000000001,14,2.0499999999999998,r0018,28,0.54571676454454265
case_indigo,0.76000000000000001,14,2.0499999999999998,r0019,29,0.46272300482779422
case_indigo,0.76000000000000001,14,2.0499999999999998,r0020,27,0.52101738816890997
case_indigo,0.76000000000000001,14,2.0499999999999998,r0021,27,0.43808353800182764
case_indigo,0.76000000000000001,14,2.0499999999999998,r0022,28,0.58479538618287852
case_indigo,0.76000000000000001,14,2.0499999999999998,r0023,28,0.57835249763772922
case_indigo,0.76000000000000001,14,2.0499999999999998,r0024,27,0.52344442654877121
case_indigo,0.76000000000000001,14,2.0499999999999998,r0025,27,0.39852023859521357
case_indigo,0.76000000000000001,14,2.0499999999999998,r0026,28,0.43938092506784232
case_indigo,0.76000000000000001,14,2.4500000000000002,r0000,29,0.43839835222298151
case_indigo,0.76000000000000001,14,2.4500000000000002,r0001,29,0.46978348042898593
case_indigo,0.76000000000000001,14,2.4500000000000002,r0002,30,0.44862596326779031
case_indigo,0.76000000000000001,14,2.4500000000000002,r0003,30,0.50206380715861476
case_indigo,0.76000000000000001,14,2.4500000000000002,r0004,30,0.59667550924846025
case_indigo,0.76000000000000001,14,2.4500000000000002,r0005,29,0.37835698707356558
case_indigo,0.76000000000000001,14,2.4500000000000002,r0006,29,0.49932465915652535
case_indigo,0.76000000000000001,14,2.4500000000000002,r0007,30,0.51739629066434534
case_indigo,0.76000000000000001,14,2.4500000000000002,r0008,30,0.4347004118091784
case_indigo,0.76000000000000001,14,2.4500000000000002,r0009,28,0.57615021720895399
case_indigo,0.76000000000000001,14,2.4500000000000002,r0010,30,0.50000143288730425
case_indigo,0.76000000000000001,14,2.4500000000000002,r0011,29,0.54293771780212585
case_indigo,0.76000000000000001,14,2.4500000000000002,r0012,29,0.60085061421789054
case_indigo,0.76000000000000001,14,2.4500000000000002,r0013,31,0.55961522582758361
case_indigo,0.76000000000000001,14,2.4500000000000002,r0014,30,0.49842222568516131
case_indigo,0.76000000000000001,14,2.4500000000000002,r0015,30,0.35091714857167616
case_indigo,0.76000000000000001,14,2.4500000000000002,r0016,30,0.54543009057270697
case_indigo,0.76000000000000001,14,2.4500000000000002,r0017,30,0.57305763665727982
case_indigo,0.76000000000000001,14,2.4500000000000002,r0018,28,0.47864752396183541
case_indigo,0.76000000000000001,14,2.4500000000000002,r0019,29,0.54210894224109996
case_indigo,0.76000000000000001,14,2.4500000000000002,r0020,30,0.52175580907011443
case_indigo,0.76000000000000001,14,2.4500000000000002,r0021,29,0.48780022129081874
case_indigo,0.76000000000000001,14,2.4500000000000002,r0022,30,0.47361312168598341
case_indigo,0.76000000000000001,14,2.4500000000000002,r0023,29,0.53526530931906158
case_indigo,0.76000000000000001,14,2.4500000000000002,r0024,31,0.47228634905364647
case_indigo,0.76000000000000001,14,2.4500000000000002,r0025,30,0.43789450536285635
case_indigo,0.76000000000000001,14,2.4500000000000002,r0026,30,0.44320678489896392
case_indigo,0.76000000000000001,14,2.4500000000000002,r0027,29,0.48143256438285464
case_indigo,0.76000000000000001,14,2.4500000000000002,r0028,29,0.35732106343935199
case_indigo,0.76000000000000001,14,2.8500000000000001,r0000,32,0.50946948047680118
case_indigo,0.76000000000000001,14,2.8500000000000001,r0001,33,0.57007035939630923
case_indigo,0.76000000000000001,14,2.8500000000000001,r0002,32,0.43894423906935875
case_indigo,0.76000000000000001,14,2.8500000000000001,r0003,32,0.38259518107685181
case_indigo,0.76000000000000001,14,2.8500000000000001,r0004,32,0.42857027351046623
case_indigo,0.76000000000000001,14,2.8500000000000001,r0005,32,0.41831150964875308
case_indigo,0.76000000000000001,14,2.8500000000000001,r0006,32,0.55192099795898664
case_indigo,0.76000000000000001,14,2.8500000000000001,r0007,33,0.42153506885095071
case_indigo,0.76000000000000001,14,2.8500000000000001,r0008,32,0.44194856750590839
case_indigo,0.76000000000000001,14,2.8500000000000001,r0009,32,0.51741562290642973
case_indigo,0.76000000000000001,14,2.8500000000000001,r0010,31,0.38688501705686273
case_indigo,0.76000000000000001,14,2.8500000000000001,r0011,32,0.50948323017834307
case_indigo,0.76000000000000001,14,2.8500000000000001,r0012,32,0.40856927458120618
case_indigo,0.76000000000000001,14,2.8500000000000001,r0013,31,0.37637147850038571
case_indigo,0.76000000000000001,14,2.8500000000000001,r0014,31,0.50229685166430815
case_indigo,0.76000000000000001,14,2.8500000000000001,r0015,32,0.48894621418774553
case_indigo,0.76000000000000001,14,2.8500000000000001,r0016,34,0.40876102521597429
case_indigo,0.76000000000000001,14,2.8500000000000001,r0017,32,0.54248226066560123
case_indigo,0.76000000000000001,14,2.8500000000000001,r0018,34,0.4189692258262066
case_indigo,0.76000000000000001,14,2.8500000000000001,r0019,32,0.48710293033954499
case_indigo,0.76000000000000001,14,2.8500000000000001,r0020,32,0.54713658832043
case_indigo,0.76000000000000001,14,2.8500000000000001,r0021,32,0.45815920542104205
case_indigo,0.76000000000000001,14,2.8500000000000001,r0022,30,0.40767581919378099
case_indigo,0.76000000000000001,14,2.8500000000000001,r0023,32,0.44626766741240548
case_indigo,0.76000000000000001,14,3.25,r0000,35,0.36283224131762287
case_indigo,0.76000000000000001,14,3.25,r0001,33,0.43817731220445744
case_indigo,0.76000000000000001,14,3.25,r0002,34,0.52566095712827998
case_indigo,0.76000000000000001,14,3.25,r0003,34,0.5066861320473165
case_indigo,0.76000000000000001,14,3.25,r0004,33,0.52663724574455784
case_indigo,0.76000000000000001,14,3.25,r0005,34,0.36757481967505368
case_indigo,0.76000000000000001,14,3.25,r0006,33,0.45050991037438282
case_indigo,0.76000000000000001,14,3.25,r0007,33,0.38834954121254006
case_indigo,0.76000000000000001,14,3.25,r0008,33,0.47689779103303437
case_indigo,0.76000000000000001,14,3.25,r0009,34,0.38984354550207601
case_indigo,0.76000000000000001,14,3.25,r0010,33,0.48348395898838531
case_indigo,0.76000000000000001,14,3.25,r0011,34,0.40633805923228522
case_indigo,0.76000000000000001,14,3.25,r0012,34,0.44054617933237161
case_indigo,0.76000000000000001,14,3.25,r0013,33,0.42182821149151078
case_indigo,0.76000000000000001,14,3.25,r0014,34,0.49369000394099571
case_indigo,0.76000000000000001,14,3.25,r0015,33,0.37811804090784124
case_indigo,0.76000000000000001,14,3.25,r0016,33,0.38359474571305963
case_indigo,0.76000000000000001,14,3.25,r0017,33,0.40632463838364274
case_indigo,0.76000000000000001,14,3.25,r0018,34,0.35987349513408667
case_indigo,0.76000000000000001,14,3.25,r0019,34,0.45168183480159785
case_indigo,0.76000000000000001,14,3.25,r0020,33,0.50554574241477201
case_indigo,0.76000000000000001,14,3.25,r0021,35,0.36670568730298447
case_indigo,0.76000000000000001,14,3.25,r0022,34,0.50494654673465056
case_indigo,0.76000000000000001,14,3.25,r0023,33,0.36472932396248237
case_indigo,0.76000000000000001,14,3.25,r0024,34,0.47224961862119613
case_indigo,0.76000000000000001,14,3.25,r0025,33,0.46624907431803819
case_indigo,0.76000000000000001,14,3.6499999999999999,r0000,35,0.42285451188521483
case_indigo,0.76000000000000001,14,3.6499999999999999,r0001,36,0.44930036895435815
case_indigo,0.76000000000000001,14,3.6499999999999999,r0002,36,0.47885307797166576
case_indigo,0.76000000000000001,14,3.6499999999999999,r0003,36,0.43464969709788182
case_indigo,0.76000000000000001,14,3.6499999999999999,r0004,35,0.36295087477918647
case_indigo,0.76000000000000001,14,3.6499999999999999,r0005,36,0.34994468121050054
case_indigo,0.76000000000000001,14,3.6499999999999999,r0006,35,0.33967815622213571
case_indigo,0.76000000000000001,14,3.6499999999999999,r0007,36,0.44887635271846527
case_indigo,0.76000000000000001,14,3.6499999999999999,r0008,35,0.41626835816853092
case_indigo,0.76000000000000001,14,3.6499999999999999,r0009,36,0.44363396359839458
case_indigo,0.76000000000000001,14,3.6499999999999999,r0010,36,0.4278168787929032
case_indigo,0.76000000000000001,14,3.6499999999999999,r0011,35,0.35937576775627961
case_indigo,0.76000000000000001,14,3.6499999999999999,r0012,36,0.41343705854325458
case_indigo,0.76000000000000001,14,3.6499999999999999,r0013,35,0.38393990465578054
case_indigo,0.76000000000000001,14,3.6499999999999999,r0014,36,0.57671952880464461
case_indigo,0.76000000000000001,14,3.6499999999999999,r0015,36,0.49381408941296279
case_indigo,0.76000000000000001,14,3.6499999999999999,r0016,36,0.36274830859111201
case_indigo,0.76000000000000001,14,3.6499999999999999,r0017,36,0.42348299101623865
case_indigo,0.76000000000000001,14,3.6499999999999999,r0018,35,0.4718072420255931
case_indigo,0.76000000000000001,14,3.6499999999999999,r0019,36,0.46280565451317646
case_indigo,0.76000000000000001,14,3.6499999999999999,r0020,35,0.41406857899414928
case_indigo,0.76000000000000001,14,3.6499999999999999,r0021,36,0.45467563958661472
case_indigo,0.76000000000000001,14,3.6499999999999999,r0022,37,0.37715969610298028
case_indigo,0.76000000000000001,14,3.6499999999999999,r0023,36,0.36099647583674005
case_indigo,0.76000000000000001,14,3.6499999999999999,r0024,35,0.41667407480856028
case_indigo,0.76000000000000001,14,3.6499999999999999,r0025,36,0.43348041391333769
case_indigo,0.76000000000000001,14,3.6499999999999999,r0026,37,0.38832576533696489
case_indigo,0.76000000000000001,14,3.6499999999999999,r0027,36,0.32308561796809898
case_indigo,0.76000000000000001,14,4.0499999999999998,r0000,37,0.43681114724722847
case_indigo,0.76000000000000001,14,4.0499999999999998,r0001,36,0.39050138226467723
case_indigo,0.76000000000000001,14,4.0499999999999998,r0002,37,0.3763201392769025
case_indigo,0.76000000000000001,14,4.0499999999999998,r0003,37,0.52437554230817851
case_indigo,0.76000000000000001,14,4.0499999999999998,r0004,36,0.41009809365285455
case_indigo,0.76000000000000001,14,4.0499999999999998,r0005,36,0.47813239224493603
case_indigo,0.76000000000000001,14,4.0499999999999998,r0006,37,0.43243755100641063
case_indigo,0.76000000000000001,14,4.0499999999999998,r0007,37,0.37518335385010843
case_indigo,0.76000000000000001,14,4.0499999999999998,r0008,36,0.47290866218723898
case_indigo,0.76000000000000001,14,4.0499999999999998,r0009,37,0.46164169189445792
case_indigo,0.76000000000000001,14,4.0499999999999998,r0010,36,0.44408428574566672
case_indigo,0.76000000000000001,14,4.0499999999999998,r0011,37,0.52313376125309807
case_indigo,0.76000000000000001,14,4.0499999999999998,r0012,37,0.40566862447907337
case_indigo,0.76000000000000001,14,4.0499999999999998,r0013,37,0.401556075594734
case_indigo,0.76000000000000001,14,4.0499999999999998,r0014,37,0.4353710572162261
case_indigo,0.76000000000000001,14,4.0499999999999998,r0015,37,0.40465647566931656
case_indigo,0.76000000000000001,14,4.0499999999999998,r0016,36,0.44051098837723196
case_indigo,0.76000000000000001,14,4.0499999999999998,r0017,36,0.39525589059955624
case_indigo,0.76000000000000001,14,4.0499999999999998,r0018,37,0.34602931256716779
case_indigo,0.76000000000000001,14,4.0499999999999998,r0019,37,0.41911192369308398
case_indigo,0.76000000000000001,14,4.0499999999999998,r0020,37,0.41714248816454674
case_indigo,0.76000000000000001,14,4.0499999999999998,r0021,37,0.38350707732939604
case_indigo,0.76000000000000001,14,4.0499999999999998,r0022,37,0.42015429843518692
case_indigo,0.76000000000000001,14,4.0499999999999998,r0023,37,0.44313619923406583
case_indigo,0.76000000000000001,14,4.0499999999999998,r0024,37,0.45577136593404288
case_indigo,0.76000000000000001,14,4.0499999999999998,r0025,36,0.42451814676125477
case_indigo,0.76000000000000001,14,4.0499999999999998,r0026,37,0.41853774452624204
case_indigo,0.76000000000000001,14,4.0499999999999998,r0027,37,0.48848643906499578
case_indigo,0.76000000000000001,14,4.0499999999999998,r0028,37,0.38803305412422762
case_indigo,0.76000000000000001,14,4.0499999999999998,r0029,37,0.38236843939969245
case_indigo,0.76000000000000001,21,0.84999999999999998,r0000,24,0.58280301036672799
case_indigo,0.76000000000000001,21,0.84999999999999998,r0001,24,0.50275594139750435
case_indigo,0.76000000000000001,21,0.84999999999999998,r0002,24,0.46314497266315952
case_indigo,0.76000000000000001,21,0.84999999999999998,r0003,24,0.50766533320381735
case_indigo,0.76000000000000001,21,0.84999999999999998,r0004,24,0.58667412917767936
case_indigo,0.76000000000000001,21,0.84999999999999998,r0005,24,0.53497006868837038
case_indigo,0.76000000000000001,21,0.84999999999999998,r0006,24,0.53605487208140012
case_indigo,0.76000000000000001,21,0.84999999999999998,r0007,24,0.57607875491475025
case_indigo,0.76000000000000001,21,0.84999999999999998,r0008,24,0.49985840674517262
case_indigo,0.76000000000000001,21,0.84999999999999998,r0009,24,0.49913860686206596
case_indigo,0.76000000000000001,21,0.84999999999999998,r0010,24,0.60820495530183483
case_indigo,0.76000000000000001,21,0.84999999999999998,r0011,24,0.5025294329854133
case_indigo,0.76000000000000001,21,0.84999999999999998,r0012,24,0.50246689877038686
case_indigo,0.76000000000000001,21,0.84999999999999998,r0013,24,0.4912213129582344
case_indigo,0.76000000000000001,21,0.84999999999999998,r0014,24,0.67908504575990525
case_indigo,0.76000000000000001,21,0.84999999999999998,r0015,24,0.59943784654839638
case_indigo,0.76000000000000001,21,0.84999999999999998,r0016,24,0.51756457370471276
case_indigo,0.76000000000000001,21,0.84999999999999998,r0017,24,0.64511344277348837
case_indigo,0.76000000000000001,21,0.84999999999999998,r0018,24,0.51263862058772236
case_indigo,0.76000000000000001,21,0.84999999999999998,r0019,24,0.5778165666484617
case_indigo,0.76000000000000001,21,0.84999999999999998,r0020,24,0.6475928043149729
case_indigo,0.76000000000000001,21,0.84999999999999998,r0021,24,0.50625850286214835
case_indigo,0.76000000000000001,21,0.84999999999999998,r0022,24,0.58836557073302043
case_indigo,0.76000000000000001,21,0.84999999999999998,r0023,24,0.41651562934690584
case_indigo,0.76000000000000001,21,1.25,r0000,24,0.60022120870183515
case_indigo,0.76000000000000001,21,1.25,r0001,24,0.45975896738410521
case_indigo,0.76000000000000001,21,1.25,r0002,24,0.49266665325884224
case_indigo,0.76000000000000001,21,1.25,r0003,24,0.49508923559521789
case_indigo,0.76000000000000001,21,1.25,r0004,25,0.5426018115743646
case_indigo,0.76000000000000001,21,1.25,r0005,24,0.5410848532612671
case_indigo,0.76000000000000001,21,1.25,r0006,24,0.55582284095211032
case_indigo,0.76000000000000001,21,1.25,r0007,24,0.53425735321921852
case_indigo,0.76000000000000001,21,1.25,r0008,24,0.5448882998263701
case_indigo,0.76000000000000001,21,1.25,r0009,24,0.50903068715672561
case_indigo,0.76000000000000001,21,1.25,r0010,25,0.52894911253956201
case_indigo,0.76000000000000001,21,1.25,r0011,24,0.51046392018382036
case_indigo,0.76000000000000001,21,1.25,r0012,24,0.55201305779043131
case_indigo,0.76000000000000001,21,1.25,r0013,24,0.45597383484266368
case_indigo,0.76000000000000001,21,1.25,r0014,24,0.53077067872657879
case_indigo,0.76000000000000001,21,1.25,r0015,24,0.60316482198500976
case_indigo,0.76000000000000001,21,1.25,r0016,25,0.4601170105972669
case_indigo,0.76000000000000001,21,1.25,r0017,25,0.61239096126980175
case_indigo,0.76000000000000001,21,1.25,r0018,24,0.66323604970791372
case_indigo,0.76000000000000001,21,1.25,r0019,24,0.44604703880441843
case_indigo,0.76000000000000001,21,1.25,r0020,24,0.50130681506090546
case_indigo,0.76000000000000001,21,1.25,r0021,25,0.58807177715274517
case_indigo,0.76000000000000001,21,1.25,r0022,25,0.65454600241727989
case_indigo,0.76000000000000001,21,1.25,r0023,24,0.49764540697287446
case_indigo,0.76000000000000001,21,1.25,r0024,24,0.52159192784107689
case_indigo,0.76000000000000001,21,1.25,r0025,24,0.58073363118610899
case_indigo,0.76000000000000001,21,1.6499999999999999,r0000,25,0.52817117404959602
case_indigo,0.76000000000000001,21,1.6499999999999999,r0001,25,0.47236683362580384
case_indigo,0.76000000000000001,21,1.6499999999999999,r0002,25,0.68219642996572416
case_indigo,0.76000000000000001,21,1.6499999999999999,r0003,25,0.58160513629815258
case_indigo,0.76000000000000001,21,1.6499999999999999,r0004,25,0.4538326671986781
case_indigo,0.76000000000000001,21,1.6499999999999999,r0005,25,0.51009820193378497
case_indigo,0.76000000000000001,21,1.6499999999999999,r0006,25,0.32597884756833301
case_indigo,0.76000000000000001,21,1.6499999999999999,r0007,26,0.53684248757257791
case_indigo,0.76000000000000001,21,1.6499999999999999,r0008,25,0.55300819479820651
case_indigo,0.76000000000000001,21,1.6499999999999999,r0009,25,0.50657512642004265
case_indigo,0.76000000000000001,21,1.6499999999999999,r0010,25,0.51744727936953216
case_indigo,0.76000000000000001,21,1.6499999999999999,r0011,25,0.44830857563237791
case_indigo,0.76000000000000001,21,1.6499999999999999,r0012,25,0.52068547375735863
case_indigo,0.76000000000000001,21,1.6499999999999999,r0013,25,0.47846160033116258
case_indigo,0.76000000000000001,21,1.6499999999999999,r0014,25,0.44100157329431228
case_indigo,0.76000000000000001,21,1.6499999999999999,r0015,25,0.45694940531597994
case_indigo,0.76000000000000001,21,1.6499999999999999,r0016,25,0.6253650733594176
case_indigo,0.76000000000000001,21,1.6499999999999999,r0017,25,0.49606715458263895
case_indigo,0.76000000000000001,21,1.6499999999999999,r0018,25,0.53180405137772258
case_indigo,0.76000000000000001,21,1.6499999999999999,r0019,25,0.5482575833183394
case_indigo,0.76000000000000001,21,1.6499999999999999,r0020,25,0.5325951107086313
case_indigo,0.76000000000000001,21,1.6499999999999999,r0021,25,0.51503858416212966
case_indigo,0.76000000000000001,21,1.6499999999999999,r0022,25,0.6336120152472221
case_indigo,0.76000000000000001,21,1.6499999999999999,r0023,25,0.49507762453290999
case_indigo,0.76000000000000001,21,1.6499999999999999,r0024,25,0.45217911496872659
case_indigo,0.76000000000000001,21,1.6499999999999999,r0025,25,0.56176082560618523
case_indigo,0.76000000000000001,21,1.6499999999999999,r0026,25,0.5087661541652736
case_indigo,0.76000000000000001,21,1.6499999999999999,r0027,25,0.51973747848105689
case_indigo,0.76000000000000001,21,2.0499999999999998,r0000,26,0.52329971735666381
case_indigo,0.76000000000000001,21,2.0499999999999998,r0001,27,0.48774670744884391
case_indigo,0.76000000000000001,21,2.0499999999999998,r0002,26,0.508235490301301
case_indigo,0.76000000000000001,21,2.0499999999999998,r0003,26,0.51956596464797644
case_indigo,0.76000000000000001,21,2.0499999999999998,r0004,27,0.49911044879584032
case_indigo,0.76000000000000001,21,2.0499999999999998,r0005,27,0.57499425662647752
case_indigo,0.76000000000000001,21,2.0499999999999998,r0006,26,0.49572497387109149
case_indigo,0.76000000000000001,21,2.0499999999999998,r0007,27,0.51416476592981819
case_indigo,0.76000000000000001,21,2.0499999999999998,r0008,26,0.50485343342986322
case_indigo,0.76000000000000001,21,2.0499999999999998,r0009,26,0.57969728051078051
case_indigo,0.76000000000000001,21,2.0499999999999998,r0010,28,0.34673998380509902
case_indigo,0.76000000000000001,21,2.0499999999999998,r0011,27,0.51940682272163552
case_indigo,0.76000000000000001,21,2.0499999999999998,r0012,27,0.52526370640922715
case_indigo,0.76000000000000001,21,2.0499999999999998,r0013,27,0.56710002665324588
case_indigo,0.76000000000000001,21,2.0499999999999998,r0014,27,0.43680456461942391
case_indigo,0.76000000000000001,21,2.0499999999999998,r0015,26,0.45912757063487314
case_indigo,0.76000000000000001,21,2.0499999999999998,r0016,26,0.46997264560823965
case_indigo,0.76000000000000001,21,2.0499999999999998,r0017,26,0.4933205064558488
case_indigo,0.76000000000000001,21,2.0499999999999998,r0018,27,0.50088782238860952
case_indigo,0.76000000000000001,21,2.0499999999999998,r0019,27,0.4819980787614942
case_indigo,0.76000000000000001,21,2.0499999999999998,r0020,26,0.57770412365346957
case_indigo,0.76000000000000001,21,2.0499999999999998,r0021,25,0.47113750860036374
case_indigo,0.76000000000000001,21,2.0499999999999998,r0022,27,0.43435252732989355
case_indigo,0.76000000000000001,21,2.0499999999999998,r0023,27,0.58633572692413649
case_indigo,0.76000000000000001,21,2.0499999999999998,r0024,27,0.59153407143275616
case_indigo,0.76000000000000001,21,2.0499999999999998,r0025,27,0.52384450893706802
case_indigo,0.76000000000000001,21,2.0499999999999998,r0026,27,0.58094575859100717
case_indigo,0.76000000000000001,21,2.0499999999999998,r0027,26,0.53686061822977871
case_indigo,0.76000000000000001,21,2.0499999999999998,r0028,26,0.47577949633309069
case_indigo,0.76000000000000001,21,2.0499999999999998,r0029,26,0.57456908720198208
case_indigo,0.76000000000000001,21,2.4500000000000002,r0000,30,0.49673253715631421
case_indigo,0.76000000000000001,21,2.4500000000000002,r0001,30,0.42954362587968192
case_indigo,0.76000000000000001,21,2.4500000000000002,r0002,29,0.52589045174347859
case_indigo,0.76000000000000001,21,2.4500000000000002,r0003,29,0.53798784156162138
case_indigo,0.76000000000000001,21,2.4500000000000002,r0004,29,0.46830431387450139
case_indigo,0.76000000000000001,21,2.4500000000000002,r0005,29,0.5275688735934656
case_indigo,0.76000000000000001,21,2.4500000000000002,r0006,28,0.51398618126845852
case_indigo,0.76000000000000001,21,2.4500000000000002,r0007,27,0.433109490894937
case_indigo,0.76000000000000001,21,2.4500000000000002,r0008,30,0.57089099996068904
case_indigo,0.76000000000000001,21,2.4500000000000002,r0009,29,0.50732001768424628
case_indigo,0.76000000000000001,21,2.4500000000000002,r0010,30,0.42332734718837589
case_indigo,0.76000000000000001,21,2.4500000000000002,r0011,29,0.512672133830263
case_indigo,0.76000000000000001,21,2.4500000000000002,r0012,29,0.4795674097722406
case_indigo,0.76000000000000001,21,2.4500000000000002,r0013,29,0.52741148743312771
case_indigo,0.76000000000000001,21,2.4500000000000002,r0014,28,0.57773078343984197
case_indigo,0.76000000000000001,21,2.4500000000000002,r0015,28,0.50847765292023472
case_indigo,0.76000000000000001,21,2.4500000000000002,r0016,29,0.51963792158118038
case_indigo,0.76000000000000001,21,2.4500000000000002,r0017,29,0.45631907844810443
case_indigo,0.76000000000000001,21,2.4500000000000002,r0018,28,0.50422575578357542
case_indigo,0.76000000000000001,21,2.4500000000000002,r0019,29,0.4736891413422033
case_indigo,0.76000000000000001,21,2.4500000000000002,r0020,29,0.52472662195047803
case_indigo,0.76000000000000001,21,2.4500000000000002,r0021,29,0.42328074877971344
case_indigo,0.76000000000000001,21,2.4500000000000002,r0022,30,0.53386616844290657
case_indigo,0.76000000000000001,21,2.4500000000000002,r0023,28,0.52171050792124773
case_indigo,0.76000000000000001,21,2.4500000000000002,r0024,30,0.50421375177473249
case_indigo,0.76000000000000001,21,2.8500000000000001,r0000,33,0.43807912453074738
case_indigo,0.76000000000000001,21,2.8500000000000001,r0001,32,0.4578389118660956
case_indigo,0.76000000000000001,21,2.8500000000000001,r0002,31,0.53302088987493312
case_indigo,0.76000000000000001,21,2.8500000000000001,r0003,32,0.46361732144796991
case_indigo,0.76000000000000001,21,2.8500000000000001,r0004,32,0.45352381059578184
case_indigo,0.76000000000000001,21,2.8500000000000001,r0005,32,0.41847643194283624
case_indigo,0.76000000000000001,21,2.8500000000000001,r0006,32,0.53473983657960467
case_indigo,0.76000000000000001,21,2.8500000000000001,r0007,32,0.52088567756686044
case_indigo,0.76000000000000001,21,2.8500000000000001,r0008,34,0.48972402954420435
case_indigo,0.76000000000000001,21,2.8500000000000001,r0009,32,0.3880068441981836
case_indigo,0.76000000000000001,21,2.8500000000000001,r0010,31,0.47879214081474913
case_indigo,0.76000000000000001,21,2.8500000000000001,r0011,32,0.4907940378922262
case_indigo,0.76000000000000001,21,2.8500000000000001,r0012,33,0.47793349724925499
case_indigo,0.76000000000000001,21,2.8500000000000001,r0013,32,0.44747479927850892
case_indigo,0.76000000000000001,21,2.8500000000000001,r0014,33,0.51946173470083867
case_indigo,0.76000000000000001,21,2.8500000000000001,r0015,32,0.44708799234722174
case_indigo,0.76000000000000001,21,2.8500000000000001,r0016,32,0.36167621170409109
case_indigo,0.76000000000000001,21,2.8500000000000001,r0017,32,0.48829747748761959
case_indigo,0.76000000000000001,21,2.8500000000000001,r0018,32,0.54848416748676987
case_indigo,0.76000000000000001,21,2.8500000000000001,r0019,33,0.43085267943786032
case_indigo,0.76000000000000001,21,2.8500000000000001,r0020,33,0.37913234731819229
case_indigo,0.76000000000000001,21,2.8500000000000001,r0021,34,0.49589046241713686
case_indigo,0.76000000000000001,21,2.8500000000000001,r0022,32,0.46239656451270605
case_indigo,0.76000000000000001,21,2.8500000000000001,r0023,32,0.38931235478186288
case_indigo,0.76000000000000001,21,2.8500000000000001,r0024,33,0.43096663544012465
case_indigo,0.76000000000000001,21,2.8500000000000001,r0025,32,0.43604878185147411
case_indigo,0.76000000000000001,21,2.8500000000000001,r0026,30,0.44459919100956541
case_indigo,0.76000000000000001,21,3.25,r0000,34,0.46016437901791357
case_indigo,0.76000000000000001,21,3.25,r0001,35,0.42064313807461695
case_indigo,0.76000000000000001,21,3.25,r0002,34,0.37733448068711484
case_indigo,0.76000000000000001,21,3.25,r0003,34,0.47569283351862052
case_indigo,0.76000000000000001,21,3.25,r0004,34,0.4157569023876509
case_indigo,0.76000000000000001,21,3.25,r0005,35,0.38602881680796769
case_indigo,0.76000000000000001,21,3.25,r0006,35,0.31196505224611593
case_indigo,0.76000000000000001,21,3.25,r0007,34,0.45146159658635177
case_indigo,0.76000000000000001,21,3.25,r0008,35,0.55044167482374318
case_indigo,0.76000000000000001,21,3.25,r0009,35,0.41997020080574154
case_indigo,0.76000000000000001,21,3.25,r0010,35,0.4790793784958472
case_indigo,0.76000000000000001,21,3.25,r0011,35,0.40801494874890842
case_indigo,0.76000000000000001,21,3.25,r0012,35,0.53277716681579423
case_indigo,0.76000000000000001,21,3.25,r0013,34,0.45605054566612785
case_indigo,0.76000000000000001,21,3.25,r0014,36,0.45159028816041008
case_indigo,0.76000000000000001,21,3.25,r0015,35,0.48792868973615305
case_indigo,0.76000000000000001,21,3.25,r0016,34,0.4341166566080244
case_indigo,0.76000000000000001,21,3.25,r0017,34,0.41058329124171039
case_indigo,0.76000000000000001,21,3.25,r0018,34,0.40295896602565451
case_indigo,0.76000000000000001,21,3.25,r0019,35,0.37360526540480488
case_indigo,0.76000000000000001,21,3.25,r0020,35,0.40880998445303213
case_indigo,0.76000000000000001,21,3.25,r0021,35,0.5013341852273866
case_indigo,0.76000000000000001,21,3.25,r0022,34,0.48647781770973603
case_indigo,0.76000000000000001,21,3.25,r0023,35,0.53039067687289054
case_indigo,0.76000000000000001,21,3.25,r0024,35,0.38260464717273385
case_indigo,0.76000000000000001,21,3.25,r0025,35,0.38817491159342388
case_indigo,0.76000000000000001,21,3.25,r0026,35,0.47822390107036311
case_indigo,0.76000000000000001,21,3.25,r0027,34,0.46393986165082302
case_indigo,0.76000000000000001,21,3.25,r0028,34,0.46062152016717772
case_indigo,0.76000000000000001,21,3.6499999999999999,r0000,37,0.46922170412761655
case_indigo,0.76000000000000001,21,3.6499999999999999,r0001,36,0.52380507014445432
case_indigo,0.76000000000000001,21,3.6499999999999999,r0002,36,0.41923366170847515
case_indigo,0.76000000000000001,21,3.6499999999999999,r0003,37,0.41386596288084304
case_indigo,0.76000000000000001,21,3.6499999999999999,r0004,37,0.52267301797305632
case_indigo,0.76000000000000001,21,3.6499999999999999,r0005,36,0.35852770775601045
case_indigo,0.76000000000000001,21,3.6499999999999999,r0006,37,0.31107465869672896
case_indigo,0.76000000000000001,21,3.6499999999999999,r0007,36,0.46079611442733753
case_indigo,0.76000000000000001,21,3.6499999999999999,r0008,36,0.40504565555826016
case_indigo,0.76000000000000001,21,3.6499999999999999,r0009,36,0.35535971335768135
case_indigo,0.76000000000000001,21,3.6499999999999999,r0010,37,0.36111701228117254
case_indigo,0.76000000000000001,21,3.6499999999999999,r0011,37,0.45225973699967514
case_indigo,0.76000000000000001,21,3.6499999999999999,r0012,36,0.46541349349738215
case_indigo,0.76000000000000001,21,3.6499999999999999,r0013,36,0.4790915911294254
case_indigo,0.76000000000000001,21,3.6499999999999999,r0014,37,0.41047053744644285
case_indigo,0.76000000000000001,21,3.6499999999999999,r0015,37,0.3356929962816283
case_indigo,0.76000000000000001,21,3.6499999999999999,r0016,36,0.46077239066645492
case_indigo,0.76000000000000001,21,3.6499999999999999,r0017,37,0.40388271885811988
case_indigo,0.76000000000000001,21,3.6499999999999999,r0018,36,0.48217887466844073
case_indigo,0.76000000000000001,21,3.6499999999999999,r0019,36,0.45186180390268454
case_indigo,0.76000000000000001,21,3.6499999999999999,r0020,37,0.48931967763250878
case_indigo,0.76000000000000001,21,3.6499999999999999,r0021,36,0.40533689931200706
case_indigo,0.76000000000000001,21,3.6499999999999999,r0022,37,0.39998676868610716
case_indigo,0.76000000000000001,21,3.6499999999999999,r0023,36,0.43514152707161341
case_indigo,0.76000000000000001,21,4.0499999999999998,r0000,37,0.39341678644365596
case_indigo,0.76000000000000001,21,4.0499999999999998,r0001,38,0.23546075470163574
case_indigo,0.76000000000000001,21,4.0499999999999998,r0002,37,0.3984085035341795
case_indigo,0.76000000000000001,21,4.0499999999999998,r0003,37,0.39462452666821013
case_indigo,0.76000000000000001,21,4.0499999999999998,r0004,37,0.49542838577684367
case_indigo,0.76000000000000001,21,4.0499999999999998,r0005,38,0.44697179739599374
case_indigo,0.76000000000000001,21,4.0499999999999998,r0006,37,0.39424440865213706
case_indigo,0.76000000000000001,21,4.0499999999999998,r0007,37,0.39396336891269162
case_indigo,0.76000000000000001,21,4.0499999999999998,r0008,37,0.36330129487837937
case_indigo,0.76000000000000001,21,4.0499999999999998,r0009,38,0.43482282695853647
case_indigo,0.76000000000000001,21,4.0499999999999998,r0010,37,0.38844266272388056
case_indigo,0.76000000000000001,21,4.0499999999999998,r0011,37,0.43443470831526737
case_indigo,0.76000000000000001,21,4.0499999999999998,r0012,38,0.42902413256962246
case_indigo,0.76000000000000001,21,4.0499999999999998,r0013,37,0.42800216266096158
case_indigo,0.76000000000000001,21,4.0499999999999998,r0014,38,0.47485799307392512
case_indigo,0.76000000000000001,21,4.0499999999999998,r0015,37,0.31461857173166408
case_indigo,0.76000000000000001,21,4.0499999999999998,r0016,37,0.41296053070618577
case_indigo,0.76000000000000001,21,4.0499999999999998,r0017,37,0.41636971965652431
case_indigo,0.76000000000000001,21,4.0499999999999998,r0018,37,0.31087051309288916
case_indigo,0.76000000000000001,21,4.0499999999999998,r0019,38,0.38339484935050444
case_indigo,0.76000000000000001,21,4.0499999999999998,r0020,37,0.39196698504704069
case_indigo,0.76000000000000001,21,4.0499999999999998,r0021,37,0.36851551947285743
case_indigo,0.76000000000000001,21,4.0499999999999998,r0022,37,0.39081553943721509
case_indigo,0.76000000000000001,21,4.0499999999999998,r0023,38,0.36890151986671377
case_indigo,0.76000000000000001,21,4.0499999999999998,r0024,37,0.43411583108021723
case_indigo,0.76000000000000001,21,4.0499999999999998,r0025,37,0.43324916320951795
case_indigo,0.76000000000000001,30,0.84999999999999998,r0000,24,0.5164913083830206
case_indigo,0.76000000000000001,30,0.84999999999999998,r0001,24,0.58125089045195644
case_indigo,0.76000000000000001,30,0.84999999999999998,r0002,24,0.48160438968968972
case_indigo,0.76000000000000001,30,0.84999999999999998,r0003,24,0.5337137855016526
case_indigo,0.76000000000000001,30,0.84999999999999998,r0004,24,0.4564291902869782
case_indigo,0.76000000000000001,30,0.84999999999999998,r0005,24,0.57652406493113073
case_indigo,0.76000000000000001,30,0.84999999999999998,r0006,24,0.59407563432144983
case_indigo,0.76000000000000001,30,0.84999999999999998,r0007,24,0.42510384345517344
case_indigo,0.76000000000000001,30,0.84999999999999998,r0008,24,0.50693215429396543
case_indigo,0.76000000000000001,30,0.84999999999999998,r0009,24,0.5296299319332628
case_indigo,0.76000000000000001,30,0.84999999999999998,r0010,24,0.60361582242577871
case_indigo,0.76000000000000001,30,0.84999999999999998,r0011,24,0.5256476818157394
case_indigo,0.76000000000000001,30,0.84999999999999998,r0012,24,0.55969130888996277
case_indigo,0.76000000000000001,30,0.84999999999999998,r0013,24,0.61197304826621679
case_indigo,0.76000000000000001,30,0.84999999999999998,r0014,24,0.52112643383816959
case_indigo,0.76000000000000001,30,0.84999999999999998,r0015,24,0.6605094549031808
case_indigo,0.76000000000000001,30,0.84999999999999998,r0016,24,0.59970961351054186
case_indigo,0.76000000000000001,30,0.84999999999999998,r0017,24,0.46357033788471913
case_indigo,0.76000000000000001,30,0.84999999999999998,r0018,24,0.55344543972496874
case_indigo,0.76000000000000001,30,0.84999999999999998,r0019,24,0.48461604300715733
case_indigo,0.76000000000000001,30,0.84999999999999998,r0020,24,0.45859365111511829
case_indigo,0.76000000000000001,30,0.84999999999999998,r0021,24,0.4535025578037169
case_indigo,0.76000000000000001,30,0.84999999999999998,r0022,24,0.51279700726978772
case_indigo,0.76000000000000001,30,0.84999999999999998,r0023,24,0.46182339068652967
case_indigo,0.76000000000000001,30,0.84999999999999998,r0024,24,0.63222112937628416
case_indigo,0.76000000000000001,30,0.84999999999999998,r0025,24,0.42457486771407438
case_indigo,0.76000000000000001,30,0.84999999999999998,r0026,24,0.44836856946028608
case_indigo,0.76000000000000001,30,1.25,r0000,24,0.49548045419716708
case_indigo,0.76000000000000001,30,1.25,r0001,24,0.42945862407753382
case_indigo,0.76000000000000001,30,1.25,r0002,24,0.59969336710956944
case_indigo,0.76000000000000001,30,1.25,r0003,24,0.49776541615850428
case_indigo,0.76000000000000001,30,1.25,r0004,24,0.55746917775478722
case_indigo,0.76000000000000001,30,1.25,r0005,24,0.51960973010405653
case_indigo,0.76000000000000001,30,1.25,r0006,24,0.56890462932632346
case_indigo,0.76000000000000001,30,1.25,r0007,24,0.64214169429907508
case_indigo,0.76000000000000001,30,1.25,r0008,24,0.55941531885910389
case_indigo,0.76000000000000001,30,1.25,r0009,24,0.46446427725611888
case_indigo,0.76000000000000001,30,1.25,r0010,24,0.45149498028393031
case_indigo,0.76000000000000001,30,1.25,r0011,24,0.49026687851660578
case_indigo,0.76000000000000001,30,1.25,r0012,24,0.60675958349499559
case_indigo,0.76000000000000001,30,1.25,r0013,24,0.5165258003837675
case_indigo,0.76000000000000001,30,1.25,r0014,24,0.56054386107411514
case_indigo,0.76000000000000001,30,1.25,r0015,24,0.48774101223761068
case_indigo,0.76000000000000001,30,1.25,r0016,24,0.62165179901729151
case_indigo,0.76000000000000001,30,1.25,r0017,24,0.43964011883671966
case_indigo,0.76000000000000001,30,1.25,r0018,24,0.5579922111263268
case_indigo,0.76000000000000001,30,1.25,r0019,24,0.45206760620017516
case_indigo,0.76000000000000001,30,1.25,r0020,24,0.56628973562241403
case_indigo,0.76000000000000001,30,1.25,r0021,24,0.53916480103119824
case_indigo,0.76000000000000001,30,1.25,r0022,24,0.61915744741701306
case_indigo,0.76000000000000001,30,1.25,r0023,24,0.49287524257329318
case_indigo,0.76000000000000001,30,1.25,r0024,24,0.52469030915410997
case_indigo,0.76000000000000001,30,1.25,r0025,24,0.51875764414744663
case_indigo,0.76000000000000001,30,1.25,r0026,24,0.50275453585978325
case_indigo,0.76000000000000001,30,1.25,r0027,24,0.53741804446234465
case_indigo,0.76000000000000001,30,1.25,r0028,24,0.62968408528347164
case_indigo,0.76000000000000001,30,1.6499999999999999,r0000,24,0.56316731587580593
case_indigo,0.76000000000000001,30,1.6499999999999999,r0001,24,0.4977693950200815
case_indigo,0.76000000000000001,30,1.6499999999999999,r0002,24,0.46952408152802855
case_indigo,0.76000000000000001,30,1.6499999999999999,r0003,25,0.50942014310149408
case_indigo,0.76000000000000001,30,1.6499999999999999,r0004,24,0.53909271144375792
case_indigo,0.76000000000000001,30,1.6499999999999999,r0005,25,0.50712516934773755
case_indigo,0.76000000000000001,30,1.6499999999999999,r0006,25,0.53070638092052302
case_indigo,0.76000000000000001,30,1.6499999999999999,r0007,24,0.49475863350046395
case_indigo,0.76000000000000001,30,1.6499999999999999,r0008,25,0.5838875222736285
case_indigo,0.76000000000000001,30,1.6499999999999999,r0009,24,0.52796806274835473
case_indigo,0.76000000000000001,30,1.6499999999999999,r0010,24,0.42824908529828293
case_indigo,0.76000000000000001,30,1.6499999999999999,r0011,24,0.5784707786188702
case_indigo,0.76000000000000001,30,1.6499999999999999,r0012,24,0.52348912777974388
case_indigo,0.76000000000000001,30,1.6499999999999999,r0013,25,0.58342597280451647
case_indigo,0.76000000000000001,30,1.6499999999999999,r0014,24,0.5726956347084019
case_indigo,0.76000000000000001,30,1.6499999999999999,r0015,24,0.49439523260506801
case_indigo,0.76000000000000001,30,1.6499999999999999,r0016,24,0.61458034573541753
case_indigo,0.76000000000000001,30,1.6499999999999999,r0017,24,0.48998455413768988
case_indigo,0.76000000000000001,30,1.6499999999999999,r0018,25,0.58604833385173516
case_indigo,0.76000000000000001,30,1.6499999999999999,r0019,24,0.44894773361312712
case_indigo,0.76000000000000001,30,1.6499999999999999,r0020,25,0.51047095021119659
case_indigo,0.76000000000000001,30,1.6499999999999999,r0021,24,0.51248621273440798
case_indigo,0.76000000000000001,30,1.6499999999999999,r0022,25,0.55539606045515089
case_indigo,0.76000000000000001,30,1.6499999999999999,r0023,25,0.5218534695514877
case_indigo,0.76000000000000001,30,2.0499999999999998,r0000,25,0.5893235079447835
case_indigo,0.76000000000000001,30,2.0499999999999998,r0001,26,0.62809140912438555
case_indigo,0.76000000000000001,30,2.0499999999999998,r0002,25,0.59176124730986923
case_indigo,0.76000000000000001,30,2.0499999999999998,r0003,26,0.50918531753901852
case_indigo,0.76000000000000001,30,2.0499999999999998,r0004,25,0.45677704139228675
case_indigo,0.76000000000000001,30,2.0499999999999998,r0005,25,0.4813651767285404
case_indigo,0.76000000000000001,30,2.0499999999999998,r0006,25,0.60689951206254977
case_indigo,0.76000000000000001,30,2.0499999999999998,r0007,25,0.49927753434462796
case_indigo,0.76000000000000001,30,2.0499999999999998,r0008,26,0.59422665254576978
case_indigo,0.76000000000000001,30,2.0499999999999998,r0009,25,0.60109748194202173
case_indigo,0.76000000000000001,30,2.0499999999999998,r0010,26,0.547594027779014
case_indigo,0.76000000000000001,30,2.0499999999999998,r0011,25,0.56735053462242058
case_indigo,0.76000000000000001,30,2.0499999999999998,r0012,26,0.52837010921643279
case_indigo,0.76000000000000001,30,2.0499999999999998,r0013,26,0.51035032847538808
case_indigo,0.76000000000000001,30,2.0499999999999998,r0014,26,0.50753594806605351
case_indigo,0.76000000000000001,30,2.0499999999999998,r0015,25,0.45052815377730032
case_indigo,0.76000000000000001,30,2.0499999999999998,r0016,26,0.48061686204769904
case_indigo,0.76000000000000001,30,2.0499999999999998,r0017,26,0.51746300108107302
case_indigo,0.76000000000000001,30,2.0499999999999998,r0018,26,0.56270255906981093
case_indigo,0.76000000000000001,30,2.0499999999999998,r0019,26,0.51329963355811736
case_indigo,0.76000000000000001,30,2.0499999999999998,r0020,25,0.59099690969118834
case_indigo,0.76000000000000001,30,2.0499999999999998,r0021,26,0.51336143100793696
case_indigo,0.76000000000000001,30,2.0499999999999998,r0022,26,0.46798355965034111
case_indigo,0.76000000000000001,30,2.0499999999999998,r0023,26,0.49434080434424837
case_indigo,0.76000000000000001,30,2.0499999999999998,r0024,26,0.50221683380013715
case_indigo,0.76000000000000001,30,2.0499999999999998,r0025,26,0.4814563709331019
case_indigo,0.76000000000000001,30,2.4500000000000002,r0000,27,0.4900148103950559
case_indigo,0.76000000000000001,30,2.4500000000000002,r0001,28,0.44084483254204215
case_indigo,0.76000000000000001,30,2.4500000000000002,r0002,28,0.53041347287698704
case_indigo,0.76000000000000001,30,2.4500000000000002,r0003,29,0.53133531700416559
case_indigo,0.76000000000000001,30,2.4500000000000002,r0004,28,0.52112817729486516
case_indigo,0.76000000000000001,30,2.4500000000000002,r0005,28,0.50610490293014487
case_indigo,0.76000000000000001,30,2.4500000000000002,r0006,29,0.46630166133463652
case_indigo,0.76000000000000001,30,2.4500000000000002,r0007,29,0.52683604969769693
case_indigo,0.76000000000000001,30,2.4500000000000002,r0008,28,0.41416893445079178
case_indigo,0.76000000000000001,30,2.4500000000000002,r0009,28,0.62163999752266808
case_indigo,0.76000000000000001,30,2.4500000000000002,r0010,29,0.55210809773577563
case_indigo,0.76000000000000001,30,2.4500000000000002,r0011,27,0.52067540043836025
case_indigo,0.76000000000000001,30,2.4500000000000002,r0012,27,0.47751986727457152
case_indigo,0.76000000000000001,30,2.4500000000000002,r0013,29,0.53669788909194527
case_indigo,0.76000000000000001,30,2.4500000000000002,r0014,28,0.4410176346511599
case_indigo,0.76000000000000001,30,2.4500000000000002,r0015,28,0.39296691132835809
case_indigo,0.76000000000000001,30,2.4500000000000002,r0016,27,0.56702821886050381
case_indigo,0.76000000000000001,30,2.4500000000000002,r0017,28,0.45301395996392679
case_indigo,0.76000000000000001,30,2.4500000000000002,r0018,29,0.45172162355853707
case_indigo,0.76000000000000001,30,2.4500000000000002,r0019,29,0.33557387322557136
case_indigo,0.76000000000000001,30,2.4500000000000002,r0020,29,0.38972837150917683
case_indigo,0.76000000000000001,30,2.4500000000000002,r0021,29,0.44987118017572175
case_indigo,0.76000000000000001,30,2.4500000000000002,r0022,28,0.45173571695620385
case_indigo,0.76000000000000001,30,2.4500000000000002,r0023,29,0.48283731303675237
case_indigo,0.76000000000000001,30,2.4500000000000002,r0024,30,0.55128531535663605
case_indigo,0.76000000000000001,30,2.4500000000000002,r0025,28,0.39164267348170095
case_indigo,0.76000000000000001,30,2.4500000000000002,r0026,30,0.46658071355096831
case_indigo,0.76000000000000001,30,2.4500000000000002,r0027,28,0.55998578803525478
case_indigo,0.76000000000000001,30,2.8500000000000001,r0000,32,0.44481726307443326
case_indigo,0.76000000000000001,30,2.8500000000000001,r0001,32,0.44153869604091073
case_indigo,0.76000000000000001,30,2.8500000000000001,r0002,33,0.44589609548617037
case_indigo,0.76000000000000001,30,2.8500000000000001,r0003,32,0.52469382259998443
case_indigo,0.76000000000000001,30,2.8500000000000001,r0004,31,0.51505401159817499
case_indigo,0.76000000000000001,30,2.8500000000000001,r0005,33,0.4554468321720419
case_indigo,0.76000000000000001,30,2.8500000000000001,r0006,33,0.49826256184281975
case_indigo,0.76000000000000001,30,2.8500000000000001,r0007,32,0.53090164226458814
case_indigo,0.76000000000000001,30,2.8500000000000001,r0008,31,0.44178753217818412
case_indigo,0.76000000000000001,30,2.8500000000000001,r0009,32,0.46570752582077074
case_indigo,0.76000000000000001,30,2.8500000000000001,r0010,34,0.3969985510613791
case_indigo,0.76000000000000001,30,2.8500000000000001,r0011,32,0.4556131010358041
case_indigo,0.76000000000000001,30,2.8500000000000001,r0012,33,0.45760247690010747
case_indigo,0.76000000000000001,30,2.8500000000000001,r0013,32,0.4513821521551461
case_indigo,0.76000000000000001,30,2.8500000000000001,r0014,33,0.41389820927127613
case_indigo,0.76000000000000001,30,2.8500000000000001,r0015,33,0.46237414622937062
case_indigo,0.76000000000000001,30,2.8500000000000001,r0016,32,0.51674885678780258
case_indigo,0.76000000000000001,30,2.8500000000000001,r0017,33,0.45537968320477368
case_indigo,0.76000000000000001,30,2.8500000000000001,r0018,33,0.42888085638377249
case_indigo,0.76000000000000001,30,2.8500000000000001,r0019,32,0.39633040430598365
case_indigo,0.76000000000000001,30,2.8500000000000001,r0020,32,0.41583905478673622
case_indigo,0.76000000000000001,30,2.8500000000000001,r0021,32,0.36691574557178974
case_indigo,0.76000000000000001,30,2.8500000000000001,r0022,34,0.45067989166062411
case_indigo,0.76000000000000001,30,2.8500000000000001,r0023,32,0.55238145901830182
case_indigo,0.76000000000000001,30,2.8500000000000001,r0024,33,0.45639690458449461
case_indigo,0.76000000000000001,30,2.8500000000000001,r0025,33,0.40563100307786387
case_indigo,0.76000000000000001,30,2.8500000000000001,r0026,32,0.59288793332244705
case_indigo,0.76000000000000001,30,2.8500000000000001,r0027,32,0.30571671272787482
case_indigo,0.76000000000000001,30,2.8500000000000001,r0028,32,0.49838422113335379
case_indigo,0.76000000000000001,30,2.8500000000000001,r0029,31,0.46714978777115496
case_indigo,0.76000000000000001,30,3.25,r0000,37,0.43349865268628301
case_indigo,0.76000000000000001,30,3.25,r0001,36,0.43662794635580054
case_indigo,0.76000000000000001,30,3.25,r0002,36,0.31308896720048807
case_indigo,0.76000000000000001,30,3.25,r0003,36,0.42249124578670405
case_indigo,0.76000000000000001,30,3.25,r0004,36,0.31719457793666173
case_indigo,0.76000000000000001,30,3.25,r0005,35,0.41541090798218866
case_indigo,0.76000000000000001,30,3.25,r0006,35,0.48723152419395616
case_indigo,0.76000000000000001,30,3.25,r0007,36,0.42061319502423972
case_indigo,0.76000000000000001,30,3.25,r0008,35,0.41069790402409317
case_indigo,0.76000000000000001,30,3.25,r0009,36,0.45439391704945958
case_indigo,0.76000000000000001,30,3.25,r0010,36,0.42542835372049387
case_indigo,0.76000000000000001,30,3.25,r0011,37,0.43756089007440746
case_indigo,0.76000000000000001,30,3.25,r0012,36,0.42200447939769514
case_indigo,0.76000000000000001,30,3.25,r0013,36,0.32445441468776171
case_indigo,0.76000000000000001,30,3.25,r0014,36,0.50313638551608908
case_indigo,0.76000000000000001,30,3.25,r0015,36,0.35078091399532479
case_indigo,0.76000000000000001,30,3.25,r0016,36,0.36528257815547643
case_indigo,0.76000000000000001,30,3.25,r0017,36,0.43924247302055558
case_indigo,0.76000000000000001,30,3.25,r0018,36,0.44136991907654932
case_indigo,0.76000000000000001,30,3.25,r0019,36,0.36707426430763257
case_indigo,0.76000000000000001,30,3.25,r0020,35,0.43013219784174461
case_indigo,0.76000000000000001,30,3.25,r0021,36,0.38138623074096545
case_indigo,0.76000000000000001,30,3.25,r0022,36,0.39722090069165322
case_indigo,0.76000000000000001,30,3.25,r0023,36,0.48242531289333868
case_indigo,0.76000000000000001,30,3.25,r0024,36,0.43583407813908714
case_indigo,0.76000000000000001,30,3.6499999999999999,r0000,37,0.40254877513659826
case_indigo,0.76000000000000001,30,3.6499999999999999,r0001,37,0.37766190956628137
case_indigo,0.76000000000000001,30,3.6499999999999999,r0002,37,0.37297132337649413
case_indigo,0.76000000000000001,30,3.6499999999999999,r0003,37,0.43115598713324682
case_indigo,0.76000000000000001,30,3.6499999999999999,r0004,37,0.43831966636055425
case_indigo,0.76000000000000001,30,3.6499999999999999,r0005,37,0.29756619636408282
case_indigo,0.76000000000000001,30,3.6499999999999999,r0006,37,0.42940893178295447
case_indigo,0.76000000000000001,30,3.6499999999999999,r0007,37,0.39718169501478323
case_indigo,0.76000000000000001,30,3.6499999999999999,r0008,37,0.43193073866763493
case_indigo,0.76000000000000001,30,3.6499999999999999,r0009,37,0.4731693552878225
case_indigo,0.76000000000000001,30,3.6499999999999999,r0010,37,0.48457433824311502
case_indigo,0.76000000000000001,30,3.6499999999999999,r0011,37,0.28953702548387478
case_indigo,0.76000000000000001,30,3.6499999999999999,r0012,37,0.3946283104538626
case_indigo,0.76000000000000001,30,3.6499999999999999,r0013,37,0.41272469171467979
case_indigo,0.76000000000000001,30,3.6499999999999999,r0014,37,0.39798120804408338
case_indigo,0.76000000000000001,30,3.6499999999999999,r0015,37,0.32316742710673879
case_indigo,0.76000000000000001,30,3.6499999999999999,r0016,37,0.38820343143045438
case_indigo,0.76000000000000001,30,3.6499999999999999,r0017,37,0.39523646141266489
case_indigo,0.76000000000000001,30,3.6499999999999999,r0018,37,0.37477705860502064
case_indigo,0.76000000000000001,30,3.6499999999999999,r0019,37,0.36383630435973358
case_indigo,0.76000000000000001,30,3.6499999999999999,r0020,37,0.38655394451029979
case_indigo,0.76000000000000001,30,3.6499999999999999,r0021,37,0.36345135443240445
case_indigo,0.76000000000000001,30,3.6499999999999999,r0022,37,0.39461688616731244
case_indigo,0.76000000000000001,30,3.6499999999999999,r0023,37,0.42583934874560753
case_indigo,0.76000000000000001,30,3.6499999999999999,r0024,37,0.39111729630023517
case_indigo,0.76000000000000001,30,3.6499999999999999,r0025,37,0.45821278292744105
case_indigo,0.76000000000000001,30,3.6499999999999999,r0026,37,0.39172759814847619
case_indigo,0.76000000000000001,30,4.0499999999999998,r0000,38,0.39509621644609733
case_indigo,0.76000000000000001,30,4.0499999999999998,r0001,38,0.49290511343684157
case_indigo,0.76000000000000001,30,4.0499999999999998,r0002,38,0.44561889289353485
case_indigo,0.76000000000000001,30,4.0499999999999998,r0003,38,0.36089161834978889
case_indigo,0.76000000000000001,30,4.0499999999999998,r0004,38,0.41526901537614319
case_indigo,0.76000000000000001,30,4.0499999999999998,r0005,38,0.3337848043550774
case_indigo,0.76000000000000001,30,4.0499999999999998,r0006,38,0.46034577277555916
case_indigo,0.76000000000000001,30,4.0499999999999998,r0007,38,0.36059487859246475
case_indigo,0.76000000000000001,30,4.0499999999999998,r0008,38,0.40156240919561431
case_indigo,0.76000000000000001,30,4.0499999999999998,r0009,38,0.41027807407658762
case_indigo,0.76000000000000001,30,4.0499999999999998,r0010,38,0.3216003589722618
case_indigo,0.76000000000000001,30,4.0499999999999998,r0011,38,0.33020890620657833
case_indigo,0.76000000000000001,30,4.0499999999999998,r0012,38,0.32021866221970352
case_indigo,0.76000000000000001,30,4.0499999999999998,r0013,38,0.37778954631944306
case_indigo,0.76000000000000001,30,4.0499999999999998,r0014,38,0.44019943630378383
case_indigo,0.76000000000000001,30,4.0499999999999998,r0015,38,0.40393147778878502
case_indigo,0.76000000000000001,30,4.0499999999999998,r0016,38,0.45060178615125457
case_indigo,0.76000000000000001,30,4.0499999999999998,r0017,38,0.47901289768306204
case_indigo,0.76000000000000001,30,4.0499999999999998,r0018,38,0.48951223100086483
case_indigo,0.76000000000000001,30,4.0499999999999998,r0019,38,0.42341822074604557
case_indigo,0.76000000000000001,30,4.0499999999999998,r0020,38,0.43219083549026788
case_indigo,0.76000000000000001,30,4.0499999999999998,r0021,38,0.36787426270053752
case_indigo,0.76000000000000001,30,4.0499999999999998,r0022,38,0.42248923434216373
case_indigo,0.76000000000000001,30,4.0499999999999998,r0023,38,0.3967072671047685
case_indigo,0.76000000000000001,30,4.0499999999999998,r0024,38,0.46268835063950808
case_indigo,0.76000000000000001,30,4.0499999999999998,r0025,38,0.44414828103073833
case_indigo,0.76000000000000001,30,4.0499999999999998,r0026,38,0.43730478303606451
case_indigo,0.76000000000000001,30,4.0499999999999998,r0027,38,0.35748329601426521
case_indigo,0.76000000000000001,30,4.0499999999999998,r0028,38,0.37642268370258175
