case_id,target,size,control,realization_id,n_ratios,mean_r
case_amber,0.17999999999999999,7,1.45,r0000,24,0.50792531034810851
case_amber,0.17999999999999999,7,1.45,r0001,24,0.47744324620580164
case_amber,0.17999999999999999,7,1.45,r0002,24,0.48528459063214413
case_amber,0.17999999999999999,7,1.45,r0003,24,0.41547235048928349
case_amber,0.17999999999999999,7,1.45,r0004,24,0.59495745531425392
case_amber,0.17999999999999999,7,1.45,r0005,24,0.51675671270410017
case_amber,0.17999999999999999,7,1.45,r0006,24,0.62477740099375512
case_amber,0.17999999999999999,7,1.45,r0007,24,0.5567799820724435
case_amber,0.17999999999999999,7,1.45,r0008,24,0.66507127488768036
case_amber,0.17999999999999999,7,1.45,r0009,24,0.49836244168818888
case_amber,0.17999999999999999,7,1.45,r0010,24,0.49919295037123573
case_amber,0.17999999999999999,7,1.45,r0011,24,0.53716977795541487
case_amber,0.17999999999999999,7,1.45,r0012,24,0.52414898691425238
case_amber,0.17999999999999999,7,1.45,r0013,24,0.58219532466514856
case_amber,0.17999999999999999,7,1.45,r0014,24,0.49745281610567194
case_amber,0.17999999999999999,7,1.45,r0015,24,0.56265724028251196
case_amber,0.17999999999999999,7,1.45,r0016,24,0.66025658632924256
case_amber,0.17999999999999999,7,1.45,r0017,24,0.56276849874450496
case_amber,0.17999999999999999,7,1.45,r0018,24,0.59165969970487231
case_amber,0.17999999999999999,7,1.45,r0019,24,0.54718948955880753
case_amber,0.17999999999999999,7,1.45,r0020,24,0.59451191243873236
case_amber,0.17999999999999999,7,1.45,r0021,24,0.44533757682405878
case_amber,0.17999999999999999,7,1.45,r0022,24,0.52412862011219152
case_amber,0.17999999999999999,7,1.45,r0023,24,0.41331954526203835
case_amber,0.17999999999999999,7,1.45,r0024,24,0.45724251966219231
case_amber,0.17999999999999999,7,1.45,r0025,24,0.50953616397407309
case_amber,0.17999999999999999,7,1.45,r0026,24,0.58146746732326315
case_amber,0.17999999999999999,7,1.45,r0027,24,0.48409285728448537
case_amber,0.17999999999999999,7,1.45,r0028,24,0.54900623914748248
case_amber,0.17999999999999999,7,1.8500000000000001,r0000,24,0.50281444332608183
case_amber,0.17999999999999999,7,1.8500000000000001,r0001,24,0.4386043099826587
case_amber,0.17999999999999999,7,1.8500000000000001,r0002,24,0.44692665958990901
case_amber,0.17999999999999999,7,1.8500000000000001,r0003,24,0.57324423122421464
case_amber,0.17999999999999999,7,1.8500000000000001,r0004,24,0.59679626553985077
case_amber,0.17999999999999999,7,1.8500000000000001,r0005,24,0.41818432871706329
case_amber,0.17999999999999999,7,1.8500000000000001,r0006,24,0.58141818637038922
case_amber,0.17999999999999999,7,1.8500000000000001,r0007,24,0.58267550503264198
case_amber,0.17999999999999999,7,1.8500000000000001,r0008,24,0.55458248834788437
case_amber,0.17999999999999999,7,1.8500000000000001,r0009,24,0.51940988319696235
case_amber,0.17999999999999999,7,1.8500000000000001,r0010,24,0.52572656791862726
case_amber,0.17999999999999999,7,1.8500000000000001,r0011,24,0.58159420183793509
case_amber,0.17999999999999999,7,1.8500000000000001,r0012,24,0.47913867767147772
case_amber,0.17999999999999999,7,1.8500000000000001,r0013,24,0.4663252126646989
case_amber,0.17999999999999999,7,1.8500000000000001,r0014,24,0.5203597112276398
case_amber,0.17999999999999999,7,1.8500000000000001,r0015,24,0.58986300321737606
case_amber,0.17999999999999999,7,1.8500000000000001,r0016,24,0.50019897320056794
case_amber,0.17999999999999999,7,1.8500000000000001,r0017,24,0.55413616686120359
case_amber,0.17999999999999999,7,1.8500000000000001,r0018,24,0.46053108231773149
case_amber,0.17999999999999999,7,1.8500000000000001,r0019,24,0.46948416884138394
case_amber,0.17999999999999999,7,1.8500000000000001,r0020,24,0.55612257699833278
case_amber,0.17999999999999999,7,1.8500000000000001,r0021,24,0.63163186128613014
case_amber,0.17999999999999999,7,1.8500000000000001,r0022,24,0.50931256195598718
case_amber,0.17999999999999999,7,1.8500000000000001,r0023,24,0.54569395256428355
case_amber,0.17999999999999999,7,1.8500000000000001,r0024,24,0.49675089456095867
case_amber,0.17999999999999999,7,1.8500000000000001,r0025,24,0.50508338919079387
case_amber,0.17999999999999999,7,1.8500000000000001,r0026,24,0.55037737992694913
case_amber,0.17999999999999999,7,1.8500000000000001,r0027,24,0.64752732749279163
case_amber,0.17999999999999999,7,1.8500000000000001,r0028,24,0.55912583680073036
case_amber,0.17999999999999999,7,2.25,r0000,25,0.5010881868608521
case_amber,0.17999999999999999,7,2.25,r0001,25,0.62004201329927111
case_amber,0.17999999999999999,7,2.25,r0002,25,0.51095531879446077
case_amber,0.17999999999999999,7,2.25,r0003,25,0.51867775527484727
case_amber,0.17999999999999999,7,2.25,r0004,24,0.59962549894541117
case_amber,0.17999999999999999,7,2.25,r0005,25,0.56605771711755848
case_amber,0.17999999999999999,7,2.25,r0006,24,0.60683783036475603
case_amber,0.17999999999999999,7,2.25,r0007,25,0.47568869998577945
case_amber,0.17999999999999999,7,2.25,r0008,24,0.49992898280701187
case_amber,0.17999999999999999,7,2.25,r0009,24,0.551817284636135
case_amber,0.17999999999999999,7,2.25,r0010,24,0.5827289726134347
case_amber,0.17999999999999999,7,2.25,r0011,25,0.53824683917332716
case_amber,0.17999999999999999,7,2.25,r0012,25,0.59461462897526463
case_amber,0.17999999999999999,7,2.25,r0013,25,0.41229007657521344
case_amber,0.17999999999999999,7,2.25,r0014,25,0.42522330808922981
case_amber,0.17999999999999999,7,2.25,r0015,24,0.57121607839094735
case_amber,0.17999999999999999,7,2.25,r0016,24,0.4194019218113485
case_amber,0.17999999999999999,7,2.25,r0017,25,0.49142168692330679
case_amber,0.17999999999999999,7,2.25,r0018,25,0.53817899461701357
case_amber,0.17999999999999999,7,2.25,r0019,25,0.6144554153114431
case_amber,0.17999999999999999,7,2.25,r0020,25,0.50639407385150992
case_amber,0.17999999999999999,7,2.25,r0021,25,0.52659518287546581
case_amber,0.17999999999999999,7,2.25,r0022,25,0.63384121294700702
case_amber,0.17999999999999999,7,2.25,r0023,24,0.62639010541617601
case_amber,0.17999999999999999,7,2.25,r0024,25,0.53374268670492409
case_amber,0.17999999999999999,7,2.25,r0025,25,0.50243306005182442
case_amber,0.17999999999999999,7,2.25,r0026,24,0.53804943522922388
case_amber,0.17999999999999999,7,2.25,r0027,25,0.54254616341541795
case_amber,0.17999999999999999,7,2.25,r0028,25,0.50782267292840866
case_amber,0.17999999999999999,7,2.6499999999999999,r0000,26,0.44569046437211723
case_amber,0.17999999999999999,7,2.6499999999999999,r0001,26,0.60844245391832186
case_amber,0.17999999999999999,7,2.6499999999999999,r0002,27,0.5670628750687311
case_amber,0.17999999999999999,7,2.6499999999999999,r0003,26,0.54746290377521045
case_amber,0.17999999999999999,7,2.6499999999999999,r0004,25,0.58372851627921063
case_amber,0.17999999999999999,7,2.6499999999999999,r0005,26,0.48130200687644664
case_amber,0.17999999999999999,7,2.6499999999999999,r0006,25,0.5280161549018727
case_amber,0.17999999999999999,7,2.6499999999999999,r0007,25,0.50639514367082061
case_amber,0.17999999999999999,7,2.6499999999999999,r0008,25,0.53373837511665534
case_amber,0.17999999999999999,7,2.6499999999999999,r0009,26,0.55590822904524795
case_amber,0.17999999999999999,7,2.6499999999999999,r0010,26,0.56853045614992881
case_amber,0.17999999999999999,7,2.6499999999999999,r0011,25,0.58694462842457862
case_amber,0.17999999999999999,7,2.6499999999999999,r0012,25,0.49075153500722807
case_amber,0.17999999999999999,7,2.6499999999999999,r0013,25,0.49252306266890389
case_amber,0.17999999999999999,7,2.6499999999999999,r0014,26,0.61879007045181689
case_amber,0.17999999999999999,7,2.6499999999999999,r0015,27,0.54071969680371001
case_amber,0.17999999999999999,7,2.6499999999999999,r0016,25,0.57206135736762109
case_amber,0.17999999999999999,7,2.6499999999999999,r0017,26,0.4819898867965518
case_amber,0.17999999999999999,7,2.6499999999999999,r0018,26,0.48078363240257455
case_amber,0.17999999999999999,7,2.6499999999999999,r0019,25,0.49165146307557217
case_amber,0.17999999999999999,7,2.6499999999999999,r0020,25,0.58591422690896611
case_amber,0.17999999999999999,7,2.6499999999999999,r0021,26,0.38794566929107599
case_amber,0.17999999999999999,7,2.6499999999999999,r0022,26,0.42818301728063457
case_amber,0.17999999999999999,7,2.6499999999999999,r0023,25,0.47439896453312241
case_amber,0.17999999999999999,7,2.6499999999999999,r0024,25,0.47697320726113801
case_amber,0.17999999999999999,7,2.6499999999999999,r0025,26,0.42902800139221436
case_amber,0.17999999999999999,7,2.6499999999999999,r0026,26,0.54073532676523683
case_amber,0.17999999999999999,7,2.6499999999999999,r0027,26,0.60792532554629475
case_amber,0.17999999999999999,7,2.6499999999999999,r0028,25,0.44590683770418793
case_amber,0.17999999999999999,7,3.0499999999999998,r0000,27,0.50529590050847095
case_amber,0.17999999999999999,7,3.0499999999999998,r0001,27,0.50880759581996826
case_amber,0.17999999999999999,7,3.0499999999999998,r0002,27,0.59363876693344886
case_amber,0.17999999999999999,7,3.0499999999999998,r0003,28,0.52922588875395782
case_amber,0.17999999999999999,7,3.0499999999999998,r0004,26,0.47167933840293758
case_amber,0.17999999999999999,7,3.0499999999999998,r0005,27,0.53691991025271191
case_amber,0.17999999999999999,7,3.0499999999999998,r0006,27,0.43153777675342148
case_amber,0.17999999999999999,7,3.0499999999999998,r0007,27,0.49623929517769672
case_amber,0.17999999999999999,7,3.0499999999999998,r0008,28,0.49026557919660713
case_amber,0.17999999999999999,7,3.0499999999999998,r0009,28,0.50327730722278552
case_amber,0.17999999999999999,7,3.0499999999999998,r0010,27,0.47419849013428722
case_amber,0.17999999999999999,7,3.0499999999999998,r0011,26,0.46341074020637796
case_amber,0.17999999999999999,7,3.0499999999999998,r0012,28,0.49363333254799663
case_amber,0.17999999999999999,7,3.0499999999999998,r0013,28,0.49924553747522538
case_amber,0.17999999999999999,7,3.0499999999999998,r0014,28,0.58547671640533028
case_amber,0.17999999999999999,7,3.0499999999999998,r0015,28,0.43879927913835448
case_amber,0.17999999999999999,7,3.0499999999999998,r0016,28,0.54264835129864319
case_amber,0.17999999999999999,7,3.0499999999999998,r0017,28,0.55037690454944799
case_amber,0.17999999999999999,7,3.0499999999999998,r0018,27,0.51491946299104729
case_amber,0.17999999999999999,7,3.0499999999999998,r0019,27,0.51093048915793227
case_amber,0.17999999999999999,7,3.0499999999999998,r0020,28,0.57048255106724055
case_amber,0.17999999999999999,7,3.0499999999999998,r0021,29,0.4992495523662287
case_amber,0.17999999999999999,7,3.0499999999999998,r0022,27,0.5086291100113568
case_amber,0.17999999999999999,7,3.0499999999999998,r0023,28,0.38074438802176186
case_amber,0.17999999999999999,7,3.0499999999999998,r0024,27,0.51301456037383508
case_amber,0.17999999999999999,7,3.0499999999999998,r0025,28,0.43966513536532226
case_amber,0.17999999999999999,7,3.0499999999999998,r0026,28,0.59888342196331712
case_amber,0.17999999999999999,7,3.0499999999999998,r0027,27,0.49282643359891326
case_amber,0.17999999999999999,7,3.0499999999999998,r0028,27,0.45510577939492136
case_amber,0.17999999999999999,7,3.4500000000000002,r0000,32,0.40432800407903263
case_amber,0.17999999999999999,7,3.4500000000000002,r0001,30,0.5261023925399384
case_amber,0.17999999999999999,7,3.4500000000000002,r0002,30,0.45363098736262636
case_amber,0.17999999999999999,7,3.4500000000000002,r0003,31,0.47908105387811484
case_amber,0.17999999999999999,7,3.4500000000000002,r0004,31,0.4856647705418477
case_amber,0.17999999999999999,7,3.4500000000000002,r0005,29,0.55683111588384515
case_amber,0.17999999999999999,7,3.4500000000000002,r0006,29,0.46093236575810653
case_amber,0.17999999999999999,7,3.4500000000000002,r0007,31,0.43754308519664137
case_amber,0.17999999999999999,7,3.4500000000000002,r0008,29,0.53163128928164671
case_amber,0.17999999999999999,7,3.4500000000000002,r0009,30,0.47501762521802676
case_amber,0.17999999999999999,7,3.4500000000000002,r0010,32,0.47698565000912851
case_amber,0.17999999999999999,7,3.4500000000000002,r0011,31,0.51504877924020032
case_amber,0.17999999999999999,7,3.4500000000000002,r0012,31,0.56819159515449957
case_amber,0.17999999999999999,7,3.4500000000000002,r0013,31,0.51900869450309928
case_amber,0.17999999999999999,7,3.4500000000000002,r0014,31,0.45385934072390266
case_amber,0.17999999999999999,7,3.4500000000000002,r0015,31,0.41308003395179305
case_amber,0.17999999999999999,7,3.4500000000000002,r0016,31,0.39398072815245339
case_amber,0.17999999999999999,7,3.4500000000000002,r0017,31,0.55013089951438965
case_amber,0.17999999999999999,7,3.4500000000000002,r0018,30,0.55758109193171801
case_amber,0.17999999999999999,7,3.4500000000000002,r0019,30,0.47812759500425162
case_amber,0.17999999999999999,7,3.4500000000000002,r0020,30,0.54853750478003105
case_amber,0.17999999999999999,7,3.4500000000000002,r0021,31,0.44841951884187015
case_amber,0.17999999999999999,7,3.4500000000000002,r0022,31,0.51390931941884377
case_amber,0.17999999999999999,7,3.4500000000000002,r0023,30,0.56897028547655093
case_amber,0.17999999999999999,7,3.4500000000000002,r0024,33,0.52428506468767222
case_amber,0.17999999999999999,7,3.4500000000000002,r0025,32,0.43984161372474273
case_amber,0.17999999999999999,7,3.4500000000000002,r0026,31,0.37527186919603006
case_amber,0.17999999999999999,7,3.4500000000000002,r0027,31,0.4544945041787446
case_amber,0.17999999999999999,7,3.4500000000000002,r0028,30,0.59811715086437967
case_amber,0.17999999999999999,7,3.8500000000000001,r0000,35,0.42414614380283072
case_amber,0.17999999999999999,7,3.8500000000000001,r0001,34,0.37691125265040437
case_amber,0.17999999999999999,7,3.8500000000000001,r0002,35,0.38846883492093204
case_amber,0.17999999999999999,7,3.8500000000000001,r0003,33,0.48131569300453575
case_amber,0.17999999999999999,7,3.8500000000000001,r0004,33,0.43619425071839912
case_amber,0.17999999999999999,7,3.8500000000000001,r0005,34,0.51207669929027655
case_amber,0.17999999999999999,7,3.8500000000000001,r0006,34,0.35160723056927995
case_amber,0.17999999999999999,7,3.8500000000000001,r0007,34,0.49445592932706633
case_amber,0.17999999999999999,7,3.8500000000000001,r0008,34,0.37083387543444557
case_amber,0.17999999999999999,7,3.8500000000000001,r0009,34,0.50869074862988273
case_amber,0.17999999999999999,7,3.8500000000000001,r0010,33,0.50045850366653433
case_amber,0.17999999999999999,7,3.8500000000000001,r0011,35,0.42304202085707682
case_amber,0.17999999999999999,7,3.8500000000000001,r0012,34,0.51613531868172724
case_amber,0.17999999999999999,7,3.8500000000000001,r0013,34,0.42779000657150318
case_amber,0.17999999999999999,7,3.8500000000000001,r0014,35,0.43012711062775622
case_amber,0.17999999999999999,7,3.8500000000000001,r0015,34,0.41832590502847655
case_amber,0.17999999999999999,7,3.8500000000000001,r0016,33,0.46717374531225425
case_amber,0.17999999999999999,7,3.8500000000000001,r0017,34,0.43850783134230192
case_amber,0.17999999999999999,7,3.8500000000000001,r0018,34,0.37405273850492532
case_amber,0.17999999999999999,7,3.8500000000000001,r0019,34,0.45761961850249133
case_amber,0.17999999999999999,7,3.8500000000000001,r0020,34,0.37719153198462602
case_amber,0.17999999999999999,7,3.8500000000000001,r0021,32,0.46939289871233514
case_amber,0.17999999999999999,7,3.8500000000000001,r0022,34,0.41089262972232055
case_amber,0.17999999999999999,7,3.8500000000000001,r0023,34,0.40644682829122009
case_amber,0.17999999999999999,7,3.8500000000000001,r0024,35,0.4632997716422862
case_amber,0.17999999999999999,7,3.8500000000000001,r0025,34,0.47213543027821625
case_amber,0.17999999999999999,7,3.8500000000000001,r0026,34,0.46465533782417667
case_amber,0.17999999999999999,7,3.8500000000000001,r0027,33,0.4338651421618851
case_amber,0.17999999999999999,7,3.8500000000000001,r0028,33,0.47859048378603636
case_amber,0.17999999999999999,7,4.25,r0000,36,0.39463081644779108
case_amber,0.17999999999999999,7,4.25,r0001,36,0.43854523625686714
case_amber,0.17999999999999999,7,4.25,r0002,36,0.37768687486566566
case_amber,0.17999999999999999,7,4.25,r0003,36,0.34826240935610009
case_amber,0.17999999999999999,7,4.25,r0004,37,0.32528466384096877
case_amber,0.17999999999999999,7,4.25,r0005,37,0.39708985403592384
case_amber,0.17999999999999999,7,4.25,r0006,35,0.45716947646476852
case_amber,0.17999999999999999,7,4.25,r0007,37,0.38509609984271631
case_amber,0.17999999999999999,7,4.25,r0008,36,0.34983804773704469
case_amber,0.17999999999999999,7,4.25,r0009,36,0.46973133702290998
case_amber,0.17999999999999999,7,4.25,r0010,36,0.39785294011601413
case_amber,0.17999999999999999,7,4.25,r0011,36,0.39931687147710121
case_amber,0.17999999999999999,7,4.25,r0012,36,0.40283453725900775
case_amber,0.17999999999999999,7,4.25,r0013,36,0.44369408642732461
case_amber,0.17999999999999999,7,4.25,r0014,36,0.41288807108456815
case_amber,0.17999999999999999,7,4.25,r0015,36,0.41029903436980075
case_amber,0.17999999999999999,7,4.25,r0016,36,0.38881869342282616
case_amber,0.17999999999999999,7,4.25,r0017,36,0.41047757282333186
case_amber,0.17999999999999999,7,4.25,r0018,36,0.4041557800221407
case_amber,0.17999999999999999,7,4.25,r0019,36,0.41168522460470341
case_amber,0.17999999999999999,7,4.25,r0020,37,0.36085731053808667
case_amber,0.17999999999999999,7,4.25,r0021,36,0.42611291185962386
case_amber,0.17999999999999999,7,4.25,r0022,37,0.40888735116332176
case_amber,0.17999999999999999,7,4.25,r0023,36,0.37537583675201214
case_amber,0.17999999999999999,7,4.25,r0024,36,0.44281898392458396
case_amber,0.17999999999999999,7,4.25,r0025,36,0.41160358592557961
case_amber,0.17999999999999999,7,4.25,r0026,36,0.48602859607320831
case_amber,0.17999999999999999,7,4.25,r0027,36,0.37030842895353522
case_amber,0.17999999999999999,7,4.25,r0028,36,0.53317098529386975
case_amber,0.17999999999999999,7,4.6500000000000004,r0000,37,0.46582490148927586
case_amber,0.17999999999999999,7,4.6500000000000004,r0001,37,0.38971150768361706
case_amber,0.17999999999999999,7,4.6500000000000004,r0002,37,0.45782430876806662
case_amber,0.17999999999999999,7,4.6500000000000004,r0003,37,0.42258397714170948
case_amber,0.17999999999999999,7,4.6500000000000004,r0004,37,0.4297206970973691
case_amber,0.17999999999999999,7,4.6500000000000004,r0005,38,0.38645618516939617
case_amber,0.17999999999999999,7,4.6500000000000004,r0006,37,0.4265487364473024
case_amber,0.17999999999999999,7,4.6500000000000004,r0007,38,0.49073898881553796
case_amber,0.17999999999999999,7,4.6500000000000004,r0008,37,0.44329719453325728
case_amber,0.17999999999999999,7,4.6500000000000004,r0009,37,0.47021442071420233
case_amber,0.17999999999999999,7,4.6500000000000004,r0010,37,0.44809902539857016
case_amber,0.17999999999999999,7,4.6500000000000004,r0011,37,0.30029730927213522
case_amber,0.17999999999999999,7,4.6500000000000004,r0012,37,0.43958741277625085
case_amber,0.17999999999999999,7,4.6500000000000004,r0013,37,0.37374365396110348
case_amber,0.17999999999999999,7,4.6500000000000004,r0014,37,0.35769035440658309
case_amber,0.17999999999999999,7,4.6500000000000004,r0015,38,0.40179581563717021
case_amber,0.17999999999999999,7,4.6500000000000004,r0016,37,0.44730354904392144
case_amber,0.17999999999999999,7,4.6500000000000004,r0017,37,0.39486708298021955
case_amber,0.17999999999999999,7,4.6500000000000004,r0018,37,0.42127681184845428
case_amber,0.17999999999999999,7,4.6500000000000004,r0019,37,0.48315710056478506
case_amber,0.17999999999999999,7,4.6500000000000004,r0020,37,0.42006973074566434
case_amber,0.17999999999999999,7,4.6500000000000004,r0021,38,0.4346020637664017
case_amber,0.17999999999999999,7,4.6500000000000004,r0022,37,0.30639445147770966
case_amber,0.17999999999999999,7,4.6500000000000004,r0023,37,0.47571924464068471
case_amber,0.17999999999999999,7,4.6500000000000004,r0024,37,0.38802633833120131
case_amber,0.17999999999999999,7,4.6500000000000004,r0025,37,0.38125397921299869
case_amber,0.17999999999999999,7,4.6500000000000004,r0026,37,0.37063310775122138
case_amber,0.17999999999999999,7,4.6500000000000004,r0027,37,0.37361887010139283
case_amber,0.17999999999999999,7,4.6500000000000004,r0028,37,0.30359155657679504
case_amber,0.17999999999999999,11,1.45,r0000,24,0.48518519941870508
case_amber,0.17999999999999999,11,1.45,r0001,24,0.47301998319127553
case_amber,0.17999999999999999,11,1.45,r0002,24,0.4609981797281768
case_amber,0.17999999999999999,11,1.45,r0003,24,0.51465138970111501
case_amber,0.17999999999999999,11,1.45,r0004,24,0.51084970377074723
case_amber,0.17999999999999999,11,1.45,r0005,24,0.62389669415256976
case_amber,0.17999999999999999,11,1.45,r0006,24,0.56479116540962548
case_amber,0.17999999999999999,11,1.45,r0007,24,0.47818190131383337
case_amber,0.17999999999999999,11,1.45,r0008,24,0.48608330831518098
case_amber,0.17999999999999999,11,1.45,r0009,24,0.55159440105394342
case_amber,0.17999999999999999,11,1.45,r0010,24,0.51179334166763668
case_amber,0.17999999999999999,11,1.45,r0011,24,0.57088681110518558
case_amber,0.17999999999999999,11,1.45,r0012,24,0.55849890895456467
case_amber,0.17999999999999999,11,1.45,r0013,24,0.59138610318255347
case_amber,0.17999999999999999,11,1.45,r0014,24,0.50866188196336648
case_amber,0.17999999999999999,11,1.45,r0015,24,0.58000130676099271
case_amber,0.17999999999999999,11,1.45,r0016,24,0.54251806450520179
case_amber,0.17999999999999999,11,1.45,r0017,24,0.42658542317681553
case_amber,0.17999999999999999,11,1.45,r0018,24,0.53204661413295118
case_amber,0.17999999999999999,11,1.45,r0019,24,0.56307076539983292
case_amber,0.17999999999999999,11,1.45,r0020,24,0.40534903011939455
case_amber,0.17999999999999999,11,1.45,r0021,24,0.51538551703232915
case_amber,0.17999999999999999,11,1.45,r0022,24,0.39578973596698797
case_amber,0.17999999999999999,11,1.45,r0023,24,0.51483331204623406
case_amber,0.17999999999999999,11,1.45,r0024,24,0.57548379626099089
case_amber,0.17999999999999999,11,1.45,r0025,24,0.59913346044027971
case_amber,0.17999999999999999,11,1.45,r0026,24,0.4836170677670199
case_amber,0.17999999999999999,11,1.45,r0027,24,0.57193368496562635
case_amber,0.17999999999999999,11,1.45,r0028,24,0.61895678709665203
case_amber,0.17999999999999999,11,1.8500000000000001,r0000,24,0.43799218956705249
case_amber,0.17999999999999999,11,1.8500000000000001,r0001,24,0.563490557015772
case_amber,0.17999999999999999,11,1.8500000000000001,r0002,24,0.37979863379687256
case_amber,0.17999999999999999,11,1.8500000000000001,r0003,24,0.53553845175060677
case_amber,0.17999999999999999,11,1.8500000000000001,r0004,24,0.55577226152425097
case_amber,0.17999999999999999,11,1.8500000000000001,r0005,24,0.52359090988115708
case_amber,0.17999999999999999,11,1.8500000000000001,r0006,24,0.50271728210363043
case_amber,0.17999999999999999,11,1.8500000000000001,r0007,24,0.60882037377844467
case_amber,0.17999999999999999,11,1.8500000000000001,r0008,24,0.68214882708077551
case_amber,0.17999999999999999,11,1.8500000000000001,r0009,24,0.50541523744710404
case_amber,0.17999999999999999,11,1.8500000000000001,r0010,24,0.57328430080479753
case_amber,0.17999999999999999,11,1.8500000000000001,r0011,24,0.53336402766189106
case_amber,0.17999999999999999,11,1.8500000000000001,r0012,24,0.51150480976155965
case_amber,0.17999999999999999,11,1.8500000000000001,r0013,24,0.55703741309755628
case_amber,0.17999999999999999,11,1.8500000000000001,r0014,24,0.31001674587095213
case_amber,0.17999999999999999,11,1.8500000000000001,r0015,24,0.56676397208727602
case_amber,0.17999999999999999,11,1.8500000000000001,r0016,24,0.56010696572009122
case_amber,0.17999999999999999,11,1.8500000000000001,r0017,24,0.44681906562308876
case_amber,0.17999999999999999,11,1.8500000000000001,r0018,24,0.49897550969441901
case_amber,0.17999999999999999,11,1.8500000000000001,r0019,24,0.65585663434900354
case_amber,0.17999999999999999,11,1.8500000000000001,r0020,24,0.58405111933241516
case_amber,0.17999999999999999,11,1.8500000000000001,r0021,24,0.57402300741738166
case_amber,0.17999999999999999,11,1.8500000000000001,r0022,24,0.46752140135539322
case_amber,0.17999999999999999,11,1.8500000000000001,r0023,24,0.67789460015319847
case_amber,0.17999999999999999,11,1.8500000000000001,r0024,24,0.56173632701465104
case_amber,0.17999999999999999,11,1.8500000000000001,r0025,24,0.54536940168693437
case_amber,0.17999999999999999,11,1.8500000000000001,r0026,24,0.46856029190994536
case_amber,0.17999999999999999,11,1.8500000000000001,r0027,24,0.55927689312006512
case_amber,0.17999999999999999,11,1.8500000000000001,r0028,24,0.53544548840208328
case_amber,0.17999999999999999,11,2.25,r0000,24,0.48009539780663246
case_amber,0.17999999999999999,11,2.25,r0001,24,0.55395110922787472
case_amber,0.17999999999999999,11,2.25,r0002,24,0.48283240638860764
case_amber,0.17999999999999999,11,2.25,r0003,24,0.57342780944140581
case_amber,0.17999999999999999,11,2.25,r0004,24,0.48955144785464128
case_amber,0.17999999999999999,11,2.25,r0005,24,0.55842723048403597
case_amber,0.17999999999999999,11,2.25,r0006,24,0.51452813859213242
case_amber,0.17999999999999999,11,2.25,r0007,24,0.54872602850003871
case_amber,0.17999999999999999,11,2.25,r0008,24,0.65781126976990179
case_amber,0.17999999999999999,11,2.25,r0009,24,0.50639542099672996
case_amber,0.17999999999999999,11,2.25,r0010,24,0.55670684221756084
case_amber,0.17999999999999999,11,2.25,r0011,24,0.49947115146979176
case_amber,0.17999999999999999,11,2.25,r0012,24,0.55134401353155982
case_amber,0.17999999999999999,11,2.25,r0013,24,0.57374367246108104
case_amber,0.17999999999999999,11,2.25,r0014,24,0.52135926668059407
case_amber,0.17999999999999999,11,2.25,r0015,24,0.54834177288222075
case_amber,0.17999999999999999,11,2.25,r0016,24,0.4534365609310651
case_amber,0.17999999999999999,11,2.25,r0017,24,0.47940406967800203
case_amber,0.17999999999999999,11,2.25,r0018,24,0.61462758672794893
case_amber,0.17999999999999999,11,2.25,r0019,24,0.57167054530402284
case_amber,0.17999999999999999,11,2.25,r0020,24,0.46377388968451022
case_amber,0.17999999999999999,11,2.25,r0021,24,0.48549578211828742
case_amber,0.17999999999999999,11,2.25,r0022,24,0.56534919168631903
case_amber,0.17999999999999999,11,2.25,r0023,24,0.58767778477582422
case_amber,0.17999999999999999,11,2.25,r0024,24,0.43257625161560415
case_amber,0.17999999999999999,11,2.25,r0025,24,0.54406587090513125
case_amber,0.17999999999999999,11,2.25,r0026,24,0.48113060925648293
case_amber,0.17999999999999999,11,2.25,r0027,24,0.61030171085650775
case_amber,0.17999999999999999,11,2.25,r0028,24,0.62809468524775358
case_amber,0.17999999999999999,11,2.6499999999999999,r0000,24,0.52946459294610326
case_amber,0.17999999999999999,11,2.6499999999999999,r0001,24,0.54279373045836454
case_amber,0.17999999999999999,11,2.6499999999999999,r0002,24,0.55892268717488924
case_amber,0.17999999999999999,11,2.6499999999999999,r0003,24,0.60622225748635972
case_amber,0.17999999999999999,11,2.6499999999999999,r0004,24,0.47523813285067545
case_amber,0.17999999999999999,11,2.6499999999999999,r0005,24,0.4980643926993551
case_amber,0.17999999999999999,11,2.6499999999999999,r0006,24,0.5463608440820501
case_amber,0.17999999999999999,11,2.6499999999999999,r0007,24,0.53122329909152333
case_amber,0.17999999999999999,11,2.6499999999999999,r0008,24,0.47315875179441119
case_amber,0.17999999999999999,11,2.6499999999999999,r0009,24,0.52267297731163798
case_amber,0.17999999999999999,11,2.6499999999999999,r0010,24,0.4440846146150344
case_amber,0.17999999999999999,11,2.6499999999999999,r0011,24,0.56404667069775971
case_amber,0.17999999999999999,11,2.6499999999999999,r0012,24,0.58474653364726781
case_amber,0.17999999999999999,11,2.6499999999999999,r0013,25,0.52940778750114059
case_amber,0.17999999999999999,11,2.6499999999999999,r0014,24,0.5066645749242713
case_amber,0.17999999999999999,11,2.6499999999999999,r0015,24,0.49991347859583973
case_amber,0.17999999999999999,11,2.6499999999999999,r0016,25,0.50498952201262737
case_amber,0.17999999999999999,11,2.6499999999999999,r0017,24,0.50977164115837581
case_amber,0.17999999999999999,11,2.6499999999999999,r0018,24,0.47938164426318824
case_amber,0.17999999999999999,11,2.6499999999999999,r0019,24,0.49048538178595558
case_amber,0.17999999999999999,11,2.6499999999999999,r0020,25,0.54237777234925233
case_amber,0.17999999999999999,11,2.6499999999999999,r0021,24,0.51409954813517778
case_amber,0.17999999999999999,11,2.6499999999999999,r0022,24,0.4716698697535196
case_amber,0.17999999999999999,11,2.6499999999999999,r0023,25,0.48118507821239909
case_amber,0.17999999999999999,11,2.6499999999999999,r0024,24,0.5455389536527957
case_amber,0.17999999999999999,11,2.6499999999999999,r0025,24,0.53720698143825951
case_amber,0.17999999999999999,11,2.6499999999999999,r0026,24,0.42136600244145983
case_amber,0.17999999999999999,11,2.6499999999999999,r0027,24,0.55930828304260594
case_amber,0.17999999999999999,11,2.6499999999999999,r0028,24,0.51046971067749347
case_amber,0.17999999999999999,11,3.0499999999999998,r0000,26,0.54580326758850439
case_amber,0.17999999999999999,11,3.0499999999999998,r0001,26,0.4099562609866147
case_amber,0.17999999999999999,11,3.0499999999999998,r0002,27,0.43066326933582683
case_amber,0.17999999999999999,11,3.0499999999999998,r0003,26,0.54843075491210869
case_amber,0.17999999999999999,11,3.0499999999999998,r0004,26,0.51950953375654574
case_amber,0.17999999999999999,11,3.0499999999999998,r0005,26,0.45840200833070333
case_amber,0.17999999999999999,11,3.0499999999999998,r0006,26,0.55080951526967503
case_amber,0.17999999999999999,11,3.0499999999999998,r0007,26,0.50634841124821994
case_amber,0.17999999999999999,11,3.0499999999999998,r0008,25,0.48471377850832476
case_amber,0.17999999999999999,11,3.0499999999999998,r0009,26,0.55922829758129589
case_amber,0.17999999999999999,11,3.0499999999999998,r0010,26,0.47312244077953836
case_amber,0.17999999999999999,11,3.0499999999999998,r0011,26,0.48392433617481873
case_amber,0.17999999999999999,11,3.0499999999999998,r0012,25,0.56664414613526137
case_amber,0.17999999999999999,11,3.0499999999999998,r0013,26,0.41337458999143062
case_amber,0.17999999999999999,11,3.0499999999999998,r0014,26,0.55344794676483999
case_amber,0.17999999999999999,11,3.0499999999999998,r0015,26,0.45530294998405962
case_amber,0.17999999999999999,11,3.0499999999999998,r0016,26,0.56234956727997121
case_amber,0.17999999999999999,11,3.0499999999999998,r0017,25,0.50580634063102148
case_amber,0.17999999999999999,11,3.0499999999999998,r0018,26,0.60015128537423146
case_amber,0.17999999999999999,11,3.0499999999999998,r0019,26,0.51513603502167882
case_amber,0.17999999999999999,11,3.0499999999999998,r0020,26,0.42874906523241213
case_amber,0.17999999999999999,11,3.0499999999999998,r0021,26,0.43230457551987433
case_amber,0.17999999999999999,11,3.0499999999999998,r0022,26,0.52974773136689024
case_amber,0.17999999999999999,11,3.0499999999999998,r0023,26,0.53533936096941481
case_amber,0.17999999999999999,11,3.0499999999999998,r0024,27,0.48216601588625074
case_amber,0.17999999999999999,11,3.0499999999999998,r0025,26,0.62131238699568947
case_amber,0.17999999999999999,11,3.0499999999999998,r0026,26,0.60320604286997515
case_amber,0.17999999999999999,11,3.0499999999999998,r0027,26,0.54853650716642821
case_amber,0.17999999999999999,11,3.0499999999999998,r0028,25,0.55737277105863481
case_amber,0.17999999999999999,11,3.4500000000000002,r0000,31,0.44398615725087681
case_amber,0.17999999999999999,11,3.4500000000000002,r0001,30,0.52927375842980928
case_amber,0.17999999999999999,11,3.4500000000000002,r0002,31,0.49572382227018524
case_amber,0.17999999999999999,11,3.4500000000000002,r0003,31,0.48850043265734244
case_amber,0.17999999999999999,11,3.4500000000000002,r0004,32,0.41336226193948911
case_amber,0.17999999999999999,11,3.4500000000000002,r0005,30,0.42767243489522305
case_amber,0.17999999999999999,11,3.4500000000000002,r0006,32,0.53182918698812998
case_amber,0.17999999999999999,11,3.4500000000000002,r0007,31,0.39607686336649012
case_amber,0.17999999999999999,11,3.4500000000000002,r0008,31,0.53782148392985474
case_amber,0.17999999999999999,11,3.4500000000000002,r0009,32,0.47430570617358603
case_amber,0.17999999999999999,11,3.4500000000000002,r0010,31,0.45028284026082127
case_amber,0.17999999999999999,11,3.4500000000000002,r0011,31,0.42851281828189991
case_amber,0.17999999999999999,11,3.4500000000000002,r0012,31,0.48525737477246672
case_amber,0.17999999999999999,11,3.4500000000000002,r0013,31,0.53775974499181578
case_amber,0.17999999999999999,11,3.4500000000000002,r0014,31,0.58548463439444132
case_amber,0.17999999999999999,11,3.4500000000000002,r0015,33,0.45453426636057959
case_amber,0.17999999999999999,11,3.4500000000000002,r0016,30,0.50537019154525609
case_amber,0.17999999999999999,11,3.4500000000000002,r0017,30,0.6116487269501889
case_amber,0.17999999999999999,11,3.4500000000000002,r0018,30,0.54347624888261414
case_amber,0.17999999999999999,11,3.4500000000000002,r0019,30,0.46554649364671391
case_amber,0.17999999999999999,11,3.4500000000000002,r0020,31,0.51624266286981524
case_amber,0.17999999999999999,11,3.4500000000000002,r0021,31,0.46346623062983955
case_amber,0.17999999999999999,11,3.4500000000000002,r0022,31,0.46561293113217145
case_amber,0.17999999999999999,11,3.4500000000000002,r0023,31,0.39235626151309627
case_amber,0.17999999999999999,11,3.4500000000000002,r0024,31,0.48291952644112623
case_amber,0.17999999999999999,11,3.4500000000000002,r0025,31,0.4491001540463852
case_amber,0.17999999999999999,11,3.4500000000000002,r0026,31,0.43726828049081756
case_amber,0.17999999999999999,11,3.4500000000000002,r0027,31,0.52714808869089202
case_amber,0.17999999999999999,11,3.4500000000000002,r0028,31,0.5450682502292723
case_amber,0.17999999999999999,11,3.8500000000000001,r0000,36,0.53777257958666924
case_amber,0.17999999999999999,11,3.8500000000000001,r0001,35,0.39290785681438295
case_amber,0.17999999999999999,11,3.8500000000000001,r0002,35,0.49484094019760344
case_amber,0.17999999999999999,11,3.8500000000000001,r0003,34,0.49434200278939811
case_amber,0.17999999999999999,11,3.8500000000000001,r0004,36,0.40737880428191597
case_amber,0.17999999999999999,11,3.8500000000000001,r0005,36,0.46575085175293895
case_amber,0.17999999999999999,11,3.8500000000000001,r0006,36,0.41004266489046515
case_amber,0.17999999999999999,11,3.8500000000000001,r0007,36,0.39601583464807349
case_amber,0.17999999999999999,11,3.8500000000000001,r0008,36,0.48183261852015924
case_amber,0.17999999999999999,11,3.8500000000000001,r0009,36,0.35451102859680172
case_amber,0.17999999999999999,11,3.8500000000000001,r0010,35,0.44089321819600819
case_amber,0.17999999999999999,11,3.8500000000000001,r0011,36,0.35334795708293604
case_amber,0.17999999999999999,11,3.8500000000000001,r0012,36,0.34408855249251724
case_amber,0.17999999999999999,11,3.8500000000000001,r0013,36,0.40237875831686432
case_amber,0.17999999999999999,11,3.8500000000000001,r0014,36,0.36686938759707149
case_amber,0.17999999999999999,11,3.8500000000000001,r0015,36,0.4489937186179348
case_amber,0.17999999999999999,11,3.8500000000000001,r0016,35,0.52349828924478659
case_amber,0.17999999999999999,11,3.8500000000000001,r0017,36,0.43868530858088506
case_amber,0.17999999999999999,11,3.8500000000000001,r0018,36,0.40634463595843617
case_amber,0.17999999999999999,11,3.8500000000000001,r0019,35,0.37232039610092804
case_amber,0.17999999999999999,11,3.8500000000000001,r0020,35,0.38089240568700017
case_amber,0.17999999999999999,11,3.8500000000000001,r0021,36,0.39985202055060004
case_amber,0.17999999999999999,11,3.8500000000000001,r0022,36,0.40745398379293302
case_amber,0.17999999999999999,11,3.8500000000000001,r0023,36,0.50261564619816146
case_amber,0.17999999999999999,11,3.8500000000000001,r0024,36,0.38697302694434688
case_amber,0.17999999999999999,11,3.8500000000000001,r0025,35,0.46398799064041085
case_amber,0.17999999999999999,11,3.8500000000000001,r0026,36,0.44226008443850956
case_amber,0.17999999999999999,11,3.8500000000000001,r0027,36,0.3950731828111797
case_amber,0.17999999999999999,11,3.8500000000000001,r0028,35,0.32599183862902431
case_amber,0.17999999999999999,11,4.25,r0000,37,0.4488056410573133
case_amber,0.17999999999999999,11,4.25,r0001,38,0.38715421985330201
case_amber,0.17999999999999999,11,4.25,r0002,37,0.41173454289758399
case_amber,0.17999999999999999,11,4.25,r0003,37,0.31955641968811999
case_amber,0.17999999999999999,11,4.25,r0004,37,0.32534990068260056
case_amber,0.17999999999999999,11,4.25,r0005,37,0.42461997646699678
case_amber,0.17999999999999999,11,4.25,r0006,38,0.37786165031152436
case_amber,0.17999999999999999,11,4.25,r0007,37,0.42400500108290534
case_amber,0.17999999999999999,11,4.25,r0008,38,0.32222782608105521
case_amber,0.17999999999999999,11,4.25,r0009,38,0.38551483008341803
case_amber,0.17999999999999999,11,4.25,r0010,38,0.41421398615126503
case_amber,0.17999999999999999,11,4.25,r0011,38,0.51679875105664552
case_amber,0.17999999999999999,11,4.25,r0012,38,0.40196912961626519
case_amber,0.17999999999999999,11,4.25,r0013,38,0.45535616577997895
case_amber,0.17999999999999999,11,4.25,r0014,37,0.41864459066298193
case_amber,0.17999999999999999,11,4.25,r0015,38,0.37864828043472232
case_amber,0.17999999999999999,11,4.25,r0016,38,0.32700156001496877
case_amber,0.17999999999999999,11,4.25,r0017,37,0.41141206169770667
case_amber,0.17999999999999999,11,4.25,r0018,38,0.3898778307475636
case_amber,0.17999999999999999,11,4.25,r0019,37,0.36941668745746947
case_amber,0.17999999999999999,11,4.25,r0020,38,0.31739892711889839
case_amber,0.17999999999999999,11,4.25,r0021,37,0.35912356285877922
case_amber,0.17999999999999999,11,4.25,r0022,38,0.43130516072344899
case_amber,0.17999999999999999,11,4.25,r0023,37,0.3571328933635094
case_amber,0.17999999999999999,11,4.25,r0024,38,0.44869089818523761
case_amber,0.17999999999999999,11,4.25,r0025,38,0.31875150049030587
case_amber,0.17999999999999999,11,4.25,r0026,38,0.45293749734124095
case_amber,0.17999999999999999,11,4.25,r0027,37,0.42210629077533562
case_amber,0.17999999999999999,11,4.25,r0028,38,0.43942122124207517
case_amber,0.17999999999999999,11,4.6500000000000004,r0000,38,0.44805725621542836
case_amber,0.17999999999999999,11,4.6500000000000004,r0001,38,0.38542330937655611
case_amber,0.17999999999999999,11,4.6500000000000004,r0002,38,0.39890614424168752
case_amber,0.17999999999999999,11,4.6500000000000004,r0003,38,0.36392620533351955
case_amber,0.17999999999999999,11,4.6500000000000004,r0004,38,0.38680763170104848
case_amber,0.17999999999999999,11,4.6500000000000004,r0005,38,0.54073870272058533
case_amber,0.17999999999999999,11,4.6500000000000004,r0006,38,0.42679076889301087
case_amber,0.17999999999999999,11,4.6500000000000004,r0007,38,0.32477876215809032
case_amber,0.17999999999999999,11,4.6500000000000004,r0008,38,0.40337606546670673
case_amber,0.17999999999999999,11,4.6500000000000004,r0009,38,0.41493016531535604
case_amber,0.17999999999999999,11,4.6500000000000004,r0010,38,0.41625870980373075
case_amber,0.17999999999999999,11,4.6500000000000004,r0011,38,0.40579741515065448
case_amber,0.17999999999999999,11,4.6500000000000004,r0012,38,0.44510252308716691
case_amber,0.17999999999999999,11,4.6500000000000004,r0013,38,0.39502206490701774
case_amber,0.17999999999999999,11,4.6500000000000004,r0014,38,0.38073993921484489
case_amber,0.17999999999999999,11,4.6500000000000004,r0015,38,0.36944804722092639
case_amber,0.17999999999999999,11,4.6500000000000004,r0016,38,0.43027896742173821
case_amber,0.17999999999999999,11,4.6500000000000004,r0017,38,0.44920651628414293
case_amber,0.17999999999999999,11,4.6500000000000004,r0018,38,0.46955768196990127
case_amber,0.17999999999999999,11,4.6500000000000004,r0019,38,0.39275567663181365
case_amber,0.17999999999999999,11,4.6500000000000004,r0020,38,0.37959890921491707
case_amber,0.17999999999999999,11,4.6500000000000004,r0021,38,0.45627307107134396
case_amber,0.17999999999999999,11,4.6500000000000004,r0022,38,0.39395271359693007
case_amber,0.17999999999999999,11,4.6500000000000004,r0023,38,0.46647286588120768
case_amber,0.17999999999999999,11,4.6500000000000004,r0024,38,0.41965860001799055
case_amber,0.17999999999999999,11,4.6500000000000004,r0025,38,0.3337535242006926
case_amber,0.17999999999999999,11,4.6500000000000004,r0026,38,0.38769610269219557
case_amber,0.17999999999999999,11,4.6500000000000004,r0027,38,0.39555275306904675
case_amber,0.17999999999999999,11,4.6500000000000004,r0028,38,0.36241976715293162
case_amber,0.17999999999999999,17,1.45,r0000,24,0.48218256056592307
case_amber,0.17999999999999999,17,1.45,r0001,24,0.50244920216992239
case_amber,0.17999999999999999,17,1.45,r0002,24,0.65902338977707309
case_amber,0.17999999999999999,17,1.45,r0003,24,0.4566621460678939
case_amber,0.17999999999999999,17,1.45,r0004,24,0.50647769072083559
case_amber,0.17999999999999999,17,1.45,r0005,24,0.63567551168570613
case_amber,0.17999999999999999,17,1.45,r0006,24,0.56049758165453334
case_amber,0.17999999999999999,17,1.45,r0007,24,0.54207251125512845
case_amber,0.17999999999999999,17,1.45,r0008,24,0.51634592916170852
case_amber,0.17999999999999999,17,1.45,r0009,24,0.54902698979451803
case_amber,0.17999999999999999,17,1.45,r0010,24,0.51557310160205505
case_amber,0.17999999999999999,17,1.45,r0011,24,0.52796382282493293
case_amber,0.17999999999999999,17,1.45,r0012,24,0.40699433642319799
case_amber,0.17999999999999999,17,1.45,r0013,24,0.45375344796265793
case_amber,0.17999999999999999,17,1.45,r0014,24,0.58456140579797422
case_amber,0.17999999999999999,17,1.45,r0015,24,0.47717301595351341
case_amber,0.17999999999999999,17,1.45,r0016,24,0.52549242743609514
case_amber,0.17999999999999999,17,1.45,r0017,24,0.64352766193141397
case_amber,0.17999999999999999,17,1.45,r0018,24,0.4800222648258074
case_amber,0.17999999999999999,17,1.45,r0019,24,0.60376234518320249
case_amber,0.17999999999999999,17,1.45,r0020,24,0.60992299532992311
case_amber,0.17999999999999999,17,1.45,r0021,24,0.47605357891699712
case_amber,0.17999999999999999,17,1.45,r0022,24,0.62266087319175079
case_amber,0.17999999999999999,17,1.45,r0023,24,0.49091381369130965
case_amber,0.17999999999999999,17,1.45,r0024,24,0.55286002763542541
case_amber,0.17999999999999999,17,1.45,r0025,24,0.6306732506591276
case_amber,0.17999999999999999,17,1.45,r0026,24,0.47815393715299598
case_amber,0.17999999999999999,17,1.45,r0027,24,0.54214659934302023
case_amber,0.17999999999999999,17,1.45,r0028,24,0.540835255395688
case_amber,0.17999999999999999,17,1.8500000000000001,r0000,24,0.6153780947293459
case_amber,0.17999999999999999,17,1.8500000000000001,r0001,24,0.49166941367724881
case_amber,0.17999999999999999,17,1.8500000000000001,r0002,24,0.46274591527308884
case_amber,0.17999999999999999,17,1.8500000000000001,r0003,24,0.60965792611498515
case_amber,0.17999999999999999,17,1.8500000000000001,r0004,24,0.6209527623049893
case_amber,0.17999999999999999,17,1.8500000000000001,r0005,24,0.54472517991305702
case_amber,0.17999999999999999,17,1.8500000000000001,r0006,24,0.50554678830467448
case_amber,0.17999999999999999,17,1.8500000000000001,r0007,24,0.56381931782740746
case_amber,0.17999999999999999,17,1.8500000000000001,r0008,24,0.42913114805069635
case_amber,0.17999999999999999,17,1.8500000000000001,r0009,24,0.52958790650878595
case_amber,0.17999999999999999,17,1.8500000000000001,r0010,24,0.48165001590425449
case_amber,0.17999999999999999,17,1.8500000000000001,r0011,24,0.54876215567841846
case_amber,0.17999999999999999,17,1.8500000000000001,r0012,24,0.54406874275668227
case_amber,0.17999999999999999,17,1.8500000000000001,r0013,24,0.58309613600880028
case_amber,0.17999999999999999,17,1.8500000000000001,r0014,24,0.51213572816470376
case_amber,0.17999999999999999,17,1.8500000000000001,r0015,24,0.69556965804644888
case_amber,0.17999999999999999,17,1.8500000000000001,r0016,24,0.53572045294218529
case_amber,0.17999999999999999,17,1.8500000000000001,r0017,24,0.57730479757985564
case_amber,0.17999999999999999,17,1.8500000000000001,r0018,24,0.5839297091425627
case_amber,0.17999999999999999,17,1.8500000000000001,r0019,24,0.47894372644081579
case_amber,0.17999999999999999,17,1.8500000000000001,r0020,24,0.57071871084181891
case_amber,0.17999999999999999,17,1.8500000000000001,r0021,24,0.59236031262138644
case_amber,0.17999999999999999,17,1.8500000000000001,r0022,24,0.66412463746420103
case_amber,0.17999999999999999,17,1.8500000000000001,r0023,24,0.63708331856692813
case_amber,0.17999999999999999,17,1.8500000000000001,r0024,24,0.46632674199207408
case_amber,0.17999999999999999,17,1.8500000000000001,r0025,24,0.49486399715508972
case_amber,0.17999999999999999,17,1.8500000000000001,r0026,24,0.42195325027591712
case_amber,0.17999999999999999,17,1.8500000000000001,r0027,24,0.57703452923369225
case_amber,0.17999999999999999,17,1.8500000000000001,r0028,24,0.58799842772170674
case_amber,0.17999999999999999,17,2.25,r0000,24,0.61875898771394344
case_amber,0.17999999999999999,17,2.25,r0001,24,0.5732441934239203
case_amber,0.17999999999999999,17,2.25,r0002,24,0.47151803610309856
case_amber,0.17999999999999999,17,2.25,r0003,24,0.54763515263654128
case_amber,0.17999999999999999,17,2.25,r0004,24,0.45733916125701785
case_amber,0.17999999999999999,17,2.25,r0005,24,0.55792241841594936
case_amber,0.17999999999999999,17,2.25,r0006,24,0.60119756106638234
case_amber,0.17999999999999999,17,2.25,r0007,24,0.51221619854040157
case_amber,0.17999999999999999,17,2.25,r0008,24,0.45585809195170618
case_amber,0.17999999999999999,17,2.25,r0009,24,0.68589897880905537
case_amber,0.17999999999999999,17,2.25,r0010,24,0.5599742519431633
case_amber,0.17999999999999999,17,2.25,r0011,24,0.53814172599327337
case_amber,0.17999999999999999,17,2.25,r0012,24,0.49707120309864289
case_amber,0.17999999999999999,17,2.25,r0013,24,0.53294804792060291
case_amber,0.17999999999999999,17,2.25,r0014,24,0.54480652691002573
case_amber,0.17999999999999999,17,2.25,r0015,24,0.60734074229687207
case_amber,0.17999999999999999,17,2.25,r0016,24,0.55363593967970293
case_amber,0.17999999999999999,17,2.25,r0017,24,0.3629740768783451
case_amber,0.17999999999999999,17,2.25,r0018,24,0.48475438414356536
case_amber,0.17999999999999999,17,2.25,r0019,24,0.49090892503782158
case_amber,0.17999999999999999,17,2.25,r0020,24,0.50854084149528334
case_amber,0.17999999999999999,17,2.25,r0021,24,0.50995630965936722
case_amber,0.17999999999999999,17,2.25,r0022,24,0.61883792533212356
case_amber,0.17999999999999999,17,2.25,r0023,24,0.42420992894738446
case_amber,0.17999999999999999,17,2.25,r0024,24,0.48183421319742464
case_amber,0.17999999999999999,17,2.25,r0025,24,0.51031967133516642
case_amber,0.17999999999999999,17,2.25,r0026,24,0.50633522009902532
case_amber,0.17999999999999999,17,2.25,r0027,24,0.49640904357176296
case_amber,0.17999999999999999,17,2.25,r0028,24,0.5255552152690367
case_amber,0.17999999999999999,17,2.6499999999999999,r0000,24,0.5438642710371977
case_amber,0.17999999999999999,17,2.6499999999999999,r0001,24,0.47662398885596141
case_amber,0.17999999999999999,17,2.6499999999999999,r0002,24,0.4348751095941798
case_amber,0.17999999999999999,17,2.6499999999999999,r0003,24,0.47844958553248434
case_amber,0.17999999999999999,17,2.6499999999999999,r0004,24,0.5113483861617576
case_amber,0.17999999999999999,17,2.6499999999999999,r0005,24,0.61797626661572613
case_amber,0.17999999999999999,17,2.6499999999999999,r0006,24,0.51987050195106399
case_amber,0.17999999999999999,17,2.6499999999999999,r0007,24,0.43150700024999827
case_amber,0.17999999999999999,17,2.6499999999999999,r0008,24,0.44806882966651074
case_amber,0.17999999999999999,17,2.6499999999999999,r0009,24,0.6045251919016762
case_amber,0.17999999999999999,17,2.6499999999999999,r0010,24,0.61634747166314885
case_amber,0.17999999999999999,17,2.6499999999999999,r0011,24,0.60863468891436912
case_amber,0.17999999999999999,17,2.6499999999999999,r0012,24,0.49682832897809082
case_amber,0.17999999999999999,17,2.6499999999999999,r0013,24,0.51410267827090317
case_amber,0.17999999999999999,17,2.6499999999999999,r0014,24,0.56806471432642869
case_amber,0.17999999999999999,17,2.6499999999999999,r0015,24,0.476866001667616
case_amber,0.17999999999999999,17,2.6499999999999999,r0016,24,0.53663682910972588
case_amber,0.17999999999999999,17,2.6499999999999999,r0017,24,0.60850384639250044
case_amber,0.17999999999999999,17,2.6499999999999999,r0018,24,0.58151593589078676
case_amber,0.17999999999999999,17,2.6499999999999999,r0019,24,0.51574843446358487
case_amber,0.17999999999999999,17,2.6499999999999999,r0020,24,0.61833773548933646
case_amber,0.17999999999999999,17,2.6499999999999999,r0021,24,0.55663772280044466
case_amber,0.17999999999999999,17,2.6499999999999999,r0022,24,0.5539339860000303
case_amber,0.17999999999999999,17,2.6499999999999999,r0023,24,0.47594441524565373
case_amber,0.17999999999999999,17,2.6499999999999999,r0024,24,0.43461134422386644
case_amber,0.17999999999999999,17,2.6499999999999999,r0025,24,0.50847249683902895
case_amber,0.17999999999999999,17,2.6499999999999999,r0026,24,0.55199512061099265
case_amber,0.17999999999999999,17,2.6499999999999999,r0027,24,0.58355443484124769
case_amber,0.17999999999999999,17,2.6499999999999999,r0028,24,0.46577609838031803
case_amber,0.17999999999999999,17,3.0499999999999998,r0000,25,0.41673826318258295
case_amber,0.17999999999999999,17,3.0499999999999998,r0001,25,0.44411194932856779
case_amber,0.17999999999999999,17,3.0499999999999998,r0002,25,0.65168635635998851
case_amber,0.17999999999999999,17,3.0499999999999998,r0003,25,0.60081639262386566
case_amber,0.17999999999999999,17,3.0499999999999998,r0004,25,0.52565119412876671
case_amber,0.17999999999999999,17,3.0499999999999998,r0005,25,0.46624908499798468
case_amber,0.17999999999999999,17,3.0499999999999998,r0006,24,0.50871594194296699
case_amber,0.17999999999999999,17,3.0499999999999998,r0007,24,0.5761470733929327
case_amber,0.17999999999999999,17,3.0499999999999998,r0008,25,0.40036710324616637
case_amber,0.17999999999999999,17,3.0499999999999998,r0009,25,0.50143600294329571
case_amber,0.17999999999999999,17,3.0499999999999998,r0010,25,0.58729448597617639
case_amber,0.17999999999999999,17,3.0499999999999998,r0011,25,0.5661820426795936
case_amber,0.17999999999999999,17,3.0499999999999998,r0012,25,0.53786672832024651
case_amber,0.17999999999999999,17,3.0499999999999998,r0013,25,0.61626467920631267
case_amber,0.17999999999999999,17,3.0499999999999998,r0014,25,0.49256761007072597
case_amber,0.17999999999999999,17,3.0499999999999998,r0015,25,0.64036114393679455
case_amber,0.17999999999999999,17,3.0499999999999998,r0016,25,0.61061611641365088
case_amber,0.17999999999999999,17,3.0499999999999998,r0017,24,0.53986958995535506
case_amber,0.17999999999999999,17,3.0499999999999998,r0018,25,0.50846677755900027
case_amber,0.17999999999999999,17,3.0499999999999998,r0019,25,0.5230043682971991
case_amber,0.17999999999999999,17,3.0499999999999998,r0020,25,0.59431485311230692
case_amber,0.17999999999999999,17,3.0499999999999998,r0021,25,0.45797186770784465
case_amber,0.17999999999999999,17,3.0499999999999998,r0022,25,0.52859782491544838
case_amber,0.17999999999999999,17,3.0499999999999998,r0023,25,0.56966420348771973
case_amber,0.17999999999999999,17,3.0499999999999998,r0024,25,0.50702842379963686
case_amber,0.17999999999999999,17,3.0499999999999998,r0025,25,0.5638066107177867
case_amber,0.17999999999999999,17,3.0499999999999998,r0026,25,0.62739680825399313
case_amber,0.17999999999999999,17,3.0499999999999998,r0027,25,0.58318939174857642
case_amber,0.17999999999999999,17,3.0499999999999998,r0028,25,0.45893743367557344
case_amber,0.17999999999999999,17,3.4500000000000002,r0000,31,0.49964192724565265
case_amber,0.17999999999999999,17,3.4500000000000002,r0001,30,0.50978459352766048
case_amber,0.17999999999999999,17,3.4500000000000002,r0002,31,0.48812248204963171
case_amber,0.17999999999999999,17,3.4500000000000002,r0003,32,0.41376338637288868
case_amber,0.17999999999999999,17,3.4500000000000002,r0004,31,0.45037446110633156
case_amber,0.17999999999999999,17,3.4500000000000002,r0005,31,0.48127542671095835
case_amber,0.17999999999999999,17,3.4500000000000002,r0006,31,0.46750285076838005
case_amber,0.17999999999999999,17,3.4500000000000002,r0007,30,0.52941979225424063
case_amber,0.17999999999999999,17,3.4500000000000002,r0008,31,0.53563841242362353
case_amber,0.17999999999999999,17,3.4500000000000002,r0009,29,0.44861742932731408
case_amber,0.17999999999999999,17,3.4500000000000002,r0010,31,0.4342929394547565
case_amber,0.17999999999999999,17,3.4500000000000002,r0011,31,0.5061228626351596
case_amber,0.17999999999999999,17,3.4500000000000002,r0012,30,0.52798173159737849
case_amber,0.17999999999999999,17,3.4500000000000002,r0013,31,0.5253644242098523
case_amber,0.17999999999999999,17,3.4500000000000002,r0014,31,0.53628384670834428
case_amber,0.17999999999999999,17,3.4500000000000002,r0015,31,0.47893091234600749
case_amber,0.17999999999999999,17,3.4500000000000002,r0016,32,0.47813144641155403
case_amber,0.17999999999999999,17,3.4500000000000002,r0017,31,0.43236255857345701
case_amber,0.17999999999999999,17,3.4500000000000002,r0018,32,0.43887640562851304
case_amber,0.17999999999999999,17,3.4500000000000002,r0019,31,0.38524459004112221
case_amber,0.17999999999999999,17,3.4500000000000002,r0020,31,0.53757019812865492
case_amber,0.17999999999999999,17,3.4500000000000002,r0021,31,0.40976791551348524
case_amber,0.17999999999999999,17,3.4500000000000002,r0022,31,0.5514061738951177
case_amber,0.17999999999999999,17,3.4500000000000002,r0023,31,0.35491005489391009
case_amber,0.17999999999999999,17,3.4500000000000002,r0024,30,0.48696082220550868
case_amber,0.17999999999999999,17,3.4500000000000002,r0025,30,0.55294470081976366
case_amber,0.17999999999999999,17,3.4500000000000002,r0026,32,0.47143595748130318
case_amber,0.17999999999999999,17,3.4500000000000002,r0027,31,0.39623747091582362
case_amber,0.17999999999999999,17,3.4500000000000002,r0028,32,0.48268517737034056
case_amber,0.17999999999999999,17,3.8500000000000001,r0000,37,0.44353985900535731
case_amber,0.17999999999999999,17,3.8500000000000001,r0001,37,0.39488238929734493
case_amber,0.17999999999999999,17,3.8500000000000001,r0002,37,0.25890041295169758
case_amber,0.17999999999999999,17,3.8500000000000001,r0003,37,0.37375346982415369
case_amber,0.17999999999999999,17,3.8500000000000001,r0004,37,0.40485552177027739
case_amber,0.17999999999999999,17,3.8500000000000001,r0005,37,0.39015710754651184
case_amber,0.17999999999999999,17,3.8500000000000001,r0006,37,0.40147484789177934
case_amber,0.17999999999999999,17,3.8500000000000001,r0007,37,0.34994675149067422
case_amber,0.17999999999999999,17,3.8500000000000001,r0008,37,0.29070413020349173
case_amber,0.17999999999999999,17,3.8500000000000001,r0009,37,0.35529286584935083
case_amber,0.17999999999999999,17,3.8500000000000001,r0010,38,0.48779721473001247
case_amber,0.17999999999999999,17,3.8500000000000001,r0011,37,0.3734238463534183
case_amber,0.17999999999999999,17,3.8500000000000001,r0012,37,0.38171386844402749
case_amber,0.17999999999999999,17,3.8500000000000001,r0013,37,0.4103004208854274
case_amber,0.17999999999999999,17,3.8500000000000001,r0014,37,0.45491081534593236
case_amber,0.17999999999999999,17,3.8500000000000001,r0015,37,0.49422965515139
case_amber,0.17999999999999999,17,3.8500000000000001,r0016,37,0.33029928336273362
case_amber,0.17999999999999999,17,3.8500000000000001,r0017,37,0.4166108719783671
case_amber,0.17999999999999999,17,3.8500000000000001,r0018,37,0.37687008239027564
case_amber,0.17999999999999999,17,3.8500000000000001,r0019,37,0.38868773661512107
case_amber,0.17999999999999999,17,3.8500000000000001,r0020,38,0.3884327379442743
case_amber,0.17999999999999999,17,3.8500000000000001,r0021,37,0.33230456039410455
case_amber,0.17999999999999999,17,3.8500000000000001,r0022,37,0.35767966149864816
case_amber,0.17999999999999999,17,3.8500000000000001,r0023,37,0.46267629444621061
case_amber,0.17999999999999999,17,3.8500000000000001,r0024,37,0.40906386251231214
case_amber,0.17999999999999999,17,3.8500000000000001,r0025,37,0.30781226687422647
case_amber,0.17999999999999999,17,3.8500000000000001,r0026,37,0.40133476254533706
case_amber,0.17999999999999999,17,3.8500000000000001,r0027,37,0.3767362473857726
case_amber,0.17999999999999999,17,3.8500000000000001,r0028,37,0.26461099605355631
case_amber,0.17999999999999999,17,4.25,r0000,38,0.52204184280535637
case_amber,0.17999999999999999,17,4.25,r0001,38,0.41369113611290653
case_amber,0.17999999999999999,17,4.25,r0002,38,0.41311321637910386
case_amber,0.17999999999999999,17,4.25,r0003,38,0.35238605994365274
case_amber,0.17999999999999999,17,4.25,r0004,38,0.33445378308926388
case_amber,0.17999999999999999,17,4.25,r0005,38,0.43278451644053856
case_amber,0.17999999999999999,17,4.25,r0006,38,0.44424874889937654
case_amber,0.17999999999999999,17,4.25,r0007,38,0.45658510821107212
case_amber,0.17999999999999999,17,4.25,r0008,38,0.36623046644877383
case_amber,0.17999999999999999,17,4.25,r0009,38,0.35687014127654476
case_amber,0.17999999999999999,17,4.25,r0010,38,0.47809330192899968
case_amber,0.17999999999999999,17,4.25,r0011,38,0.37689993665211913
case_amber,0.17999999999999999,17,4.25,r0012,38,0.47348528037523308
case_amber,0.17999999999999999,17,4.25,r0013,38,0.34321970558195991
case_amber,0.17999999999999999,17,4.25,r0014,38,0.42702803281072194
case_amber,0.17999999999999999,17,4.25,r0015,38,0.46931373807214871
case_amber,0.17999999999999999,17,4.25,r0016,38,0.41804431929489416
case_amber,0.17999999999999999,17,4.25,r0017,38,0.42039932702279281
case_amber,0.17999999999999999,17,4.25,r0018,38,0.34383623110871503
case_amber,0.17999999999999999,17,4.25,r0019,38,0.34733845376001549
case_amber,0.17999999999999999,17,4.25,r0020,38,0.39019081296104868
case_amber,0.17999999999999999,17,4.25,r0021,38,0.37783976421561966
case_amber,0.17999999999999999,17,4.25,r0022,38,0.40216383897749691
case_amber,0.17999999999999999,17,4.25,r0023,38,0.47364419225375426
case_amber,0.17999999999999999,17,4.25,r0024,38,0.2928287058105809
case_amber,0.17999999999999999,17,4.25,r0025,38,0.38145177468380048
case_amber,0.17999999999999999,17,4.25,r0026,38,0.43879228275151977
case_amber,0.17999999999999999,17,4.25,r0027,38,0.42844575691751308
case_amber,0.17999999999999999,17,4.25,r0028,38,0.29638689865832007
case_amber,0.17999999999999999,17,4.6500000000000004,r0000,38,0.39079194307255732
case_amber,0.17999999999999999,17,4.6500000000000004,r0001,38,0.33023067012733309
case_amber,0.17999999999999999,17,4.6500000000000004,r0002,38,0.37398536584199854
case_amber,0.17999999999999999,17,4.6500000000000004,r0003,38,0.31576811839411478
case_amber,0.17999999999999999,17,4.6500000000000004,r0004,38,0.48695795086424987
case_amber,0.17999999999999999,17,4.6500000000000004,r0005,38,0.37730438979002806
case_amber,0.17999999999999999,17,4.6500000000000004,r0006,38,0.30029278148426553
case_amber,0.17999999999999999,17,4.6500000000000004,r0007,38,0.38460713031899901
case_amber,0.17999999999999999,17,4.6500000000000004,r0008,38,0.38622236898119539
case_amber,0.17999999999999999,17,4.6500000000000004,r0009,38,0.41343201850176264
case_amber,0.17999999999999999,17,4.6500000000000004,r0010,38,0.47672952380232098
case_amber,0.17999999999999999,17,4.6500000000000004,r0011,38,0.39526381865382892
case_amber,0.17999999999999999,17,4.6500000000000004,r0012,38,0.4486436309416687
case_amber,0.17999999999999999,17,4.6500000000000004,r0013,38,0.32791545400991778
case_amber,0.17999999999999999,17,4.6500000000000004,r0014,38,0.35682768237893164
case_amber,0.17999999999999999,17,4.6500000000000004,r0015,38,0.4654789738893223
case_amber,0.17999999999999999,17,4.6500000000000004,r0016,38,0.36849350468943803
case_amber,0.17999999999999999,17,4.6500000000000004,r0017,38,0.38339686255778088
case_amber,0.17999999999999999,17,4.6500000000000004,r0018,38,0.39383296915981875
case_amber,0.17999999999999999,17,4.6500000000000004,r0019,38,0.49588645758085043
case_amber,0.17999999999999999,17,4.6500000000000004,r0020,38,0.42634686517836412
case_amber,0.17999999999999999,17,4.6500000000000004,r0021,38,0.36406649378314709
case_amber,0.17999999999999999,17,4.6500000000000004,r0022,38,0.45898559149075813
case_amber,0.17999999999999999,17,4.6500000000000004,r0023,38,0.32450347823000714
case_amber,0.17999999999999999,17,4.6500000000000004,r0024,38,0.37345134362061283
case_amber,0.17999999999999999,17,4.6500000000000004,r0025,38,0.43980636521989852
case_amber,0.17999999999999999,17,4.6500000000000004,r0026,38,0.38725857868235497
case_amber,0.17999999999999999,17,4.6500000000000004,r0027,38,0.35809735549292965
case_amber,0.17999999999999999,17,4.6500000000000004,r0028,38,0.456638390581174
case_amber,0.17999999999999999,25,1.45,r0000,24,0.48874097096238484
case_amber,0.17999999999999999,25,1.45,r0001,24,0.61089337736000926
case_amber,0.17999999999999999,25,1.45,r0002,24,0.41744662500361068
case_amber,0.17999999999999999,25,1.45,r0003,24,0.63911828053845698
case_amber,0.17999999999999999,25,1.45,r0004,24,0.47213714074116858
case_amber,0.17999999999999999,25,1.45,r0005,24,0.5046177363368094
case_amber,0.17999999999999999,25,1.45,r0006,24,0.45233166671023084
case_amber,0.17999999999999999,25,1.45,r0007,24,0.59014643870844008
case_amber,0.17999999999999999,25,1.45,r0008,24,0.59268081373604975
case_amber,0.17999999999999999,25,1.45,r0009,24,0.57113397897764651
case_amber,0.17999999999999999,25,1.45,r0010,24,0.55910518032944567
case_amber,0.17999999999999999,25,1.45,r0011,24,0.59991898437631586
case_amber,0.17999999999999999,25,1.45,r0012,24,0.51948083826734537
case_amber,0.17999999999999999,25,1.45,r0013,24,0.52315616123279274
case_amber,0.17999999999999999,25,1.45,r0014,24,0.37345597633884092
case_amber,0.17999999999999999,25,1.45,r0015,24,0.42053842614226306
case_amber,0.17999999999999999,25,1.45,r0016,24,0.51422269551209954
case_amber,0.17999999999999999,25,1.45,r0017,24,0.54556296058910403
case_amber,0.17999999999999999,25,1.45,r0018,24,0.47797791240692361
case_amber,0.17999999999999999,25,1.45,r0019,24,0.45667080185311298
case_amber,0.17999999999999999,25,1.45,r0020,24,0.52221912580470164
case_amber,0.17999999999999999,25,1.45,r0021,24,0.41881745340153714
case_amber,0.17999999999999999,25,1.45,r0022,24,0.39986922417649184
case_amber,0.17999999999999999,25,1.45,r0023,24,0.5343581598620748
case_amber,0.17999999999999999,25,1.45,r0024,24,0.47607835430080875
case_amber,0.17999999999999999,25,1.45,r0025,24,0.44544798203623875
case_amber,0.17999999999999999,25,1.45,r0026,24,0.50458082945399851
case_amber,0.17999999999999999,25,1.45,r0027,24,0.52989225526187456
case_amber,0.17999999999999999,25,1.45,r0028,24,0.51039839849405177
case_amber,0.17999999999999999,25,1.8500000000000001,r0000,24,0.67349288966090526
case_amber,0.17999999999999999,25,1.8500000000000001,r0001,24,0.50914061560501089
case_amber,0.17999999999999999,25,1.8500000000000001,r0002,24,0.58040559291560223
case_amber,0.17999999999999999,25,1.8500000000000001,r0003,24,0.44853535806122125
case_amber,0.17999999999999999,25,1.8500000000000001,r0004,24,0.54825387490116739
case_amber,0.17999999999999999,25,1.8500000000000001,r0005,24,0.58004150117069841
case_amber,0.17999999999999999,25,1.8500000000000001,r0006,24,0.53119233694385126
case_amber,0.17999999999999999,25,1.8500000000000001,r0007,24,0.67006214779051032
case_amber,0.17999999999999999,25,1.8500000000000001,r0008,24,0.47907119751100691
case_amber,0.17999999999999999,25,1.8500000000000001,r0009,24,0.53288388179668489
case_amber,0.17999999999999999,25,1.8500000000000001,r0010,24,0.58957676748748256
case_amber,0.17999999999999999,25,1.8500000000000001,r0011,24,0.48268109096966128
case_amber,0.17999999999999999,25,1.8500000000000001,r0012,24,0.51834235030450093
case_amber,0.17999999999999999,25,1.8500000000000001,r0013,24,0.59708498330483895
case_amber,0.17999999999999999,25,1.8500000000000001,r0014,24,0.5662701864571108
case_amber,0.17999999999999999,25,1.8500000000000001,r0015,24,0.4992304347865904
case_amber,0.17999999999999999,25,1.8500000000000001,r0016,24,0.50037299023447657
case_amber,0.17999999999999999,25,1.8500000000000001,r0017,24,0.55506630436627624
case_amber,0.17999999999999999,25,1.8500000000000001,r0018,24,0.44601951767609477
case_amber,0.17999999999999999,25,1.8500000000000001,r0019,24,0.57991163202481089
case_amber,0.17999999999999999,25,1.8500000000000001,r0020,24,0.51659466730494163
case_amber,0.17999999999999999,25,1.8500000000000001,r0021,24,0.62857611591853535
case_amber,0.17999999999999999,25,1.8500000000000001,r0022,24,0.6188510478622512
case_amber,0.17999999999999999,25,1.8500000000000001,r0023,24,0.57016673928017692
case_amber,0.17999999999999999,25,1.8500000000000001,r0024,24,0.5251175792557411
case_amber,0.17999999999999999,25,1.8500000000000001,r0025,24,0.44317525380521755
case_amber,0.17999999999999999,25,1.8500000000000001,r0026,24,0.61668547096655491
case_amber,0.17999999999999999,25,1.8500000000000001,r0027,24,0.4696278605756421
case_amber,0.17999999999999999,25,1.8500000000000001,r0028,24,0.5110965631211869
case_amber,0.17999999999999999,25,2.25,r0000,24,0.52195094065892456
case_amber,0.17999999999999999,25,2.25,r0001,24,0.54279794985330254
case_amber,0.17999999999999999,25,2.25,r0002,24,0.50456080733114683
case_amber,0.17999999999999999,25,2.25,r0003,24,0.59092416331931208
case_amber,0.17999999999999999,25,2.25,r0004,24,0.59529174417111019
case_amber,0.17999999999999999,25,2.25,r0005,24,0.55396567639808569
case_amber,0.17999999999999999,25,2.25,r0006,24,0.50576230584872806
case_amber,0.17999999999999999,25,2.25,r0007,24,0.50497761943032515
case_amber,0.17999999999999999,25,2.25,r0008,24,0.57639248688268807
case_amber,0.17999999999999999,25,2.25,r0009,24,0.65692574217685462
case_amber,0.17999999999999999,25,2.25,r0010,24,0.59731836264469595
case_amber,0.17999999999999999,25,2.25,r0011,24,0.57707434441492766
case_amber,0.17999999999999999,25,2.25,r0012,24,0.45177204408934352
case_amber,0.17999999999999999,25,2.25,r0013,24,0.52250751183824107
case_amber,0.17999999999999999,25,2.25,r0014,24,0.50049692443333038
case_amber,0.17999999999999999,25,2.25,r0015,24,0.55960217004815893
case_amber,0.17999999999999999,25,2.25,r0016,24,0.53154992794084999
case_amber,0.17999999999999999,25,2.25,r0017,24,0.57531919301412426
case_amber,0.17999999999999999,25,2.25,r0018,24,0.56479286924436212
case_amber,0.17999999999999999,25,2.25,r0019,24,0.63598183560019028
case_amber,0.17999999999999999,25,2.25,r0020,24,0.50651497476260976
case_amber,0.17999999999999999,25,2.25,r0021,24,0.61844699626965416
case_amber,0.17999999999999999,25,2.25,r0022,24,0.58818917084512168
case_amber,0.17999999999999999,25,2.25,r0023,24,0.54221925366690171
case_amber,0.17999999999999999,25,2.25,r0024,24,0.45818619027371055
case_amber,0.17999999999999999,25,2.25,r0025,24,0.47667731218196008
case_amber,0.17999999999999999,25,2.25,r0026,24,0.47442396617418131
case_amber,0.17999999999999999,25,2.25,r0027,24,0.43395718774024511
case_amber,0.17999999999999999,25,2.25,r0028,24,0.53702432412530132
case_amber,0.17999999999999999,25,2.6499999999999999,r0000,24,0.57972603370125586
case_amber,0.17999999999999999,25,2.6499999999999999,r0001,24,0.48216721983354383
case_amber,0.17999999999999999,25,2.6499999999999999,r0002,24,0.57301279488474222
case_amber,0.17999999999999999,25,2.6499999999999999,r0003,24,0.46374972905762119
case_amber,0.17999999999999999,25,2.6499999999999999,r0004,24,0.44557208432129491
case_amber,0.17999999999999999,25,2.6499999999999999,r0005,24,0.59314476215149814
case_amber,0.17999999999999999,25,2.6499999999999999,r0006,24,0.51446296540847558
case_amber,0.17999999999999999,25,2.6499999999999999,r0007,24,0.59732962273702306
case_amber,0.17999999999999999,25,2.6499999999999999,r0008,24,0.59192596040189549
case_amber,0.17999999999999999,25,2.6499999999999999,r0009,24,0.46724423072607663
case_amber,0.17999999999999999,25,2.6499999999999999,r0010,24,0.54293864652473411
case_amber,0.17999999999999999,25,2.6499999999999999,r0011,24,0.46281771008777522
case_amber,0.17999999999999999,25,2.6499999999999999,r0012,24,0.51942804034811019
case_amber,0.17999999999999999,25,2.6499999999999999,r0013,24,0.4792682267953623
case_amber,0.17999999999999999,25,2.6499999999999999,r0014,24,0.42385505979160554
case_amber,0.17999999999999999,25,2.6499999999999999,r0015,24,0.56435612937192703
case_amber,0.17999999999999999,25,2.6499999999999999,r0016,24,0.51521610273524709
case_amber,0.17999999999999999,25,2.6499999999999999,r0017,24,0.54709787280311839
case_amber,0.17999999999999999,25,2.6499999999999999,r0018,24,0.5351033988250119
case_amber,0.17999999999999999,25,2.6499999999999999,r0019,24,0.55974306009632835
case_amber,0.17999999999999999,25,2.6499999999999999,r0020,24,0.56638194415062537
case_amber,0.17999999999999999,25,2.6499999999999999,r0021,24,0.52395517231953959
case_amber,0.17999999999999999,25,2.6499999999999999,r0022,24,0.57041858916765176
case_amber,0.17999999999999999,25,2.6499999999999999,r0023,24,0.64321521345132393
case_amber,0.17999999999999999,25,2.6499999999999999,r0024,24,0.59906539656827096
case_amber,0.17999999999999999,25,2.6499999999999999,r0025,24,0.50788433492237373
case_amber,0.17999999999999999,25,2.6499999999999999,r0026,24,0.52931025881688898
case_amber,0.17999999999999999,25,2.6499999999999999,r0027,24,0.5682032678693284
case_amber,0.17999999999999999,25,2.6499999999999999,r0028,24,0.59140444954845561
case_amber,0.17999999999999999,25,3.0499999999999998,r0000,24,0.57701112687330569
case_amber,0.17999999999999999,25,3.0499999999999998,r0001,24,0.57127155271186336
case_amber,0.17999999999999999,25,3.0499999999999998,r0002,24,0.54346443123454347
case_amber,0.17999999999999999,25,3.0499999999999998,r0003,24,0.47688927821168053
case_amber,0.17999999999999999,25,3.0499999999999998,r0004,24,0.44416578161303405
case_amber,0.17999999999999999,25,3.0499999999999998,r0005,24,0.59450235247927175
case_amber,0.17999999999999999,25,3.0499999999999998,r0006,24,0.58602098583538043
case_amber,0.17999999999999999,25,3.0499999999999998,r0007,24,0.47721827742113287
case_amber,0.17999999999999999,25,3.0499999999999998,r0008,24,0.56491673857044433
case_amber,0.17999999999999999,25,3.0499999999999998,r0009,24,0.52160829088432914
case_amber,0.17999999999999999,25,3.0499999999999998,r0010,24,0.53104336301341426
case_amber,0.17999999999999999,25,3.0499999999999998,r0011,24,0.51065110600190866
case_amber,0.17999999999999999,25,3.0499999999999998,r0012,24,0.4609149356310292
case_amber,0.17999999999999999,25,3.0499999999999998,r0013,24,0.43647827659033678
case_amber,0.17999999999999999,25,3.0499999999999998,r0014,24,0.59260321472086852
case_amber,0.17999999999999999,25,3.0499999999999998,r0015,24,0.58041058155246239
case_amber,0.17999999999999999,25,3.0499999999999998,r0016,24,0.52050354582872094
case_amber,0.17999999999999999,25,3.0499999999999998,r0017,24,0.48713931031349683
case_amber,0.17999999999999999,25,3.0499999999999998,r0018,24,0.43872083895071751
case_amber,0.17999999999999999,25,3.0499999999999998,r0019,24,0.54081742867817495
case_amber,0.17999999999999999,25,3.0499999999999998,r0020,24,0.56429238668974924
case_amber,0.17999999999999999,25,3.0499999999999998,r0021,24,0.51967854204827402
case_amber,0.17999999999999999,25,3.0499999999999998,r0022,24,0.56018093716868556
case_amber,0.17999999999999999,25,3.0499999999999998,r0023,24,0.51322002298439828
case_amber,0.17999999999999999,25,3.0499999999999998,r0024,24,0.57112873282577825
case_amber,0.17999999999999999,25,3.0499999999999998,r0025,24,0.55303374827817831
case_amber,0.17999999999999999,25,3.0499999999999998,r0026,24,0.53377965705377728
case_amber,0.17999999999999999,25,3.0499999999999998,r0027,24,0.50796908065532964
case_amber,0.17999999999999999,25,3.0499999999999998,r0028,24,0.55928080996145102
case_amber,0.17999999999999999,25,3.4500000000000002,r0000,32,0.54426054988253247
case_amber,0.17999999999999999,25,3.4500000000000002,r0001,31,0.48099557747451632
case_amber,0.17999999999999999,25,3.4500000000000002,r0002,32,0.5749758840729825
case_amber,0.17999999999999999,25,3.4500000000000002,r0003,31,0.35227240803641824
case_amber,0.17999999999999999,25,3.4500000000000002,r0004,32,0.41066715302720846
case_amber,0.17999999999999999,25,3.4500000000000002,r0005,32,0.49611708490814643
case_amber,0.17999999999999999,25,3.4500000000000002,r0006,31,0.51644610638733379
case_amber,0.17999999999999999,25,3.4500000000000002,r0007,31,0.53271945668396037
case_amber,0.17999999999999999,25,3.4500000000000002,r0008,31,0.46596538573137536
case_amber,0.17999999999999999,25,3.4500000000000002,r0009,31,0.45902418568253084
case_amber,0.17999999999999999,25,3.4500000000000002,r0010,30,0.46635919654193858
case_amber,0.17999999999999999,25,3.4500000000000002,r0011,32,0.52118825870638608
case_amber,0.17999999999999999,25,3.4500000000000002,r0012,31,0.47114322440959949
case_amber,0.17999999999999999,25,3.4500000000000002,r0013,32,0.45729795258542338
case_amber,0.17999999999999999,25,3.4500000000000002,r0014,31,0.48970857965872161
case_amber,0.17999999999999999,25,3.4500000000000002,r0015,30,0.47278451054928805
case_amber,0.17999999999999999,25,3.4500000000000002,r0016,31,0.36473871572914413
case_amber,0.17999999999999999,25,3.4500000000000002,r0017,31,0.4047453537597393
case_amber,0.17999999999999999,25,3.4500000000000002,r0018,32,0.46687685827386416
case_amber,0.17999999999999999,25,3.4500000000000002,r0019,31,0.58384464090466115
case_amber,0.17999999999999999,25,3.4500000000000002,r0020,32,0.4432883587251859
case_amber,0.17999999999999999,25,3.4500000000000002,r0021,30,0.512369596733388
case_amber,0.17999999999999999,25,3.4500000000000002,r0022,31,0.60872844489485367
case_amber,0.17999999999999999,25,3.4500000000000002,r0023,31,0.45940604308575456
case_amber,0.17999999999999999,25,3.4500000000000002,r0024,31,0.50503796414085667
case_amber,0.17999999999999999,25,3.4500000000000002,r0025,31,0.47442986995574732
case_amber,0.17999999999999999,25,3.4500000000000002,r0026,31,0.48078620216000229
case_amber,0.17999999999999999,25,3.4500000000000002,r0027,31,0.47503937853816269
case_amber,0.17999999999999999,25,3.4500000000000002,r0028,31,0.58017542534319499
case_amber,0.17999999999999999,25,3.8500000000000001,r0000,38,0.34364021571005671
case_amber,0.17999999999999999,25,3.8500000000000001,r0001,38,0.41308607196630165
case_amber,0.17999999999999999,25,3.8500000000000001,r0002,38,0.39361859960361906
case_amber,0.17999999999999999,25,3.8500000000000001,r0003,38,0.40680450958864223
case_amber,0.17999999999999999,25,3.8500000000000001,r0004,38,0.39060482310355921
case_amber,0.17999999999999999,25,3.8500000000000001,r0005,38,0.4104465146233105
case_amber,0.17999999999999999,25,3.8500000000000001,r0006,38,0.45072695521081785
case_amber,0.17999999999999999,25,3.8500000000000001,r0007,38,0.42040299708929368
case_amber,0.17999999999999999,25,3.8500000000000001,r0008,38,0.45584731972108328
case_amber,0.17999999999999999,25,3.8500000000000001,r0009,38,0.38351543472662469
case_amber,0.17999999999999999,25,3.8500000000000001,r0010,38,0.46271156767714888
case_amber,0.17999999999999999,25,3.8500000000000001,r0011,38,0.33709642973206727
case_amber,0.17999999999999999,25,3.8500000000000001,r0012,38,0.34957753317087015
case_amber,0.17999999999999999,25,3.8500000000000001,r0013,38,0.46038052353357078
case_amber,0.17999999999999999,25,3.8500000000000001,r0014,38,0.26057979431581674
case_amber,0.17999999999999999,25,3.8500000000000001,r0015,38,0.38778533654308611
case_amber,0.17999999999999999,25,3.8500000000000001,r0016,38,0.41656936716660659
case_amber,0.17999999999999999,25,3.8500000000000001,r0017,38,0.47497962392160081
case_amber,0.17999999999999999,25,3.8500000000000001,r0018,38,0.34288077370266079
case_amber,0.17999999999999999,25,3.8500000000000001,r0019,38,0.31954476825423256
case_amber,0.17999999999999999,25,3.8500000000000001,r0020,38,0.33569616853970063
case_amber,0.17999999999999999,25,3.8500000000000001,r0021,38,0.34052616038754074
case_amber,0.17999999999999999,25,3.8500000000000001,r0022,38,0.43291537915702105
case_amber,0.17999999999999999,25,3.8500000000000001,r0023,38,0.34603799864093177
case_amber,0.17999999999999999,25,3.8500000000000001,r0024,38,0.42701683918695998
case_amber,0.17999999999999999,25,3.8500000000000001,r0025,38,0.36794333887837599
case_amber,0.17999999999999999,25,3.8500000000000001,r0026,38,0.37368184888779937
case_amber,0.17999999999999999,25,3.8500000000000001,r0027,38,0.42703403359380915
case_amber,0.17999999999999999,25,3.8500000000000001,r0028,38,0.39423884557137084
case_amber,0.17999999999999999,25,4.25,r0000,38,0.38620119940287462
case_amber,0.17999999999999999,25,4.25,r0001,38,0.31862437075120886
case_amber,0.17999999999999999,25,4.25,r0002,38,0.42388912825134406
case_amber,0.17999999999999999,25,4.25,r0003,38,0.37861532984744867
case_amber,0.17999999999999999,25,4.25,r0004,38,0.39285123539244171
case_amber,0.17999999999999999,25,4.25,r0005,38,0.28687089476714317
case_amber,0.17999999999999999,25,4.25,r0006,38,0.40008616585287499
case_amber,0.17999999999999999,25,4.25,r0007,38,0.34224097380950125
case_amber,0.17999999999999999,25,4.25,r0008,38,0.37695129581395836
case_amber,0.17999999999999999,25,4.25,r0009,38,0.30111054092899531
case_amber,0.17999999999999999,25,4.25,r0010,38,0.37134951549107487
case_amber,0.17999999999999999,25,4.25,r0011,38,0.4449398030652556
case_amber,0.17999999999999999,25,4.25,r0012,38,0.57637767128896156
case_amber,0.17999999999999999,25,4.25,r0013,38,0.36785588899450888
case_amber,0.17999999999999999,25,4.25,r0014,38,0.38090928640303096
case_amber,0.17999999999999999,25,4.25,r0015,38,0.40206791807986136
case_amber,0.17999999999999999,25,4.25,r0016,38,0.42528130345314585
case_amber,0.17999999999999999,25,4.25,r0017,38,0.36584986247391604
case_amber,0.17999999999999999,25,4.25,r0018,38,0.29181425104175157
case_amber,0.17999999999999999,25,4.25,r0019,38,0.38279317717193284
case_amber,0.17999999999999999,25,4.25,r0020,38,0.33943085124007061
case_amber,0.17999999999999999,25,4.25,r0021,38,0.32805867813932688
case_amber,0.17999999999999999,25,4.25,r0022,38,0.39051550622205311
case_amber,0.17999999999999999,25,4.25,r0023,38,0.4199877105225846
case_amber,0.17999999999999999,25,4.25,r0024,38,0.33511897830012305
case_amber,0.17999999999999999,25,4.25,r0025,38,0.39551799225305601
case_amber,0.17999999999999999,25,4.25,r0026,38,0.32874471950571349
case_amber,0.17999999999999999,25,4.25,r0027,38,0.42708266353948249
case_amber,0.17999999999999999,25,4.25,r0028,38,0.40377656629008946
case_amber,0.17999999999999999,25,4.6500000000000004,r0000,38,0.35332518020581494
case_amber,0.17999999999999999,25,4.6500000000000004,r0001,38,0.41122065961975734
case_amber,0.17999999999999999,25,4.6500000000000004,r0002,38,0.36147541112085979
case_amber,0.17999999999999999,25,4.6500000000000004,r0003,38,0.37584725419514514
case_amber,0.17999999999999999,25,4.6500000000000004,r0004,38,0.41321890620557788
case_amber,0.17999999999999999,25,4.6500000000000004,r0005,38,0.36033949884253358
case_amber,0.17999999999999999,25,4.6500000000000004,r0006,38,0.43881172384362932
case_amber,0.17999999999999999,25,4.6500000000000004,r0007,38,0.46067563899032365
case_amber,0.17999999999999999,25,4.6500000000000004,r0008,38,0.40625118472833649
case_amber,0.17999999999999999,25,4.6500000000000004,r0009,38,0.30946867492514046
case_amber,0.17999999999999999,25,4.6500000000000004,r0010,38,0.44944474500780696
case_amber,0.17999999999999999,25,4.6500000000000004,r0011,38,0.36616333993534728
case_amber,0.17999999999999999,25,4.6500000000000004,r0012,38,0.45457778975639868
case_amber,0.17999999999999999,25,4.6500000000000004,r0013,38,0.35654951109005567
case_amber,0.17999999999999999,25,4.6500000000000004,r0014,38,0.40004259324756125
case_amber,0.17999999999999999,25,4.6500000000000004,r0015,38,0.45180493922038722
case_amber,0.17999999999999999,25,4.6500000000000004,r0016,38,0.42901203832886448
case_amber,0.17999999999999999,25,4.6500000000000004,r0017,38,0.38574391152331117
case_amber,0.17999999999999999,25,4.6500000000000004,r0018,38,0.34936401957626279
case_amber,0.17999999999999999,25,4.6500000000000004,r0019,38,0.33646730677143938
case_amber,0.17999999999999999,25,4.6500000000000004,r0020,38,0.36713869711163472
case_amber,0.17999999999999999,25,4.6500000000000004,r0021,38,0.49500373464198633
case_amber,0.17999999999999999,25,4.6500000000000004,r0022,38,0.43003636388451294
case_amber,0.17999999999999999,25,4.6500000000000004,r0023,38,0.37384587718298751
case_amber,0.17999999999999999,25,4.6500000000000004,r0024,38,0.43335978251920904
case_amber,0.17999999999999999,25,4.6500000000000004,r0025,38,0.31604790562735441
case_amber,0.17999999999999999,25,4.6500000000000004,r0026,38,0.40881182260147148
case_amber,0.17999999999999999,25,4.6500000000000004,r0027,38,0.33708560242603819
case_amber,0.17999999999999999,25,4.6500000000000004,r0028,38,0.45984862962965589
case_amber,0.5,7,1.45,r0000,24,0.64543366868356156
case_amber,0.5,7,1.45,r0001,24,0.58486567145746893
case_amber,0.5,7,1.45,r0002,24,0.53112168970328411
case_amber,0.5,7,1.45,r0003,24,0.56440426421244971
case_amber,0.5,7,1.45,r0004,24,0.52034207480733718
case_amber,0.5,7,1.45,r0005,24,0.4991062892679457
case_amber,0.5,7,1.45,r0006,24,0.61046980356934177
case_amber,0.5,7,1.45,r0007,24,0.50429353829532542
case_amber,0.5,7,1.45,r0008,24,0.54314195280980038
case_amber,0.5,7,1.45,r0009,24,0.5486048913746725
case_amber,0.5,7,1.45,r0010,24,0.44993288428708644
case_amber,0.5,7,1.45,r0011,24,0.61218262360133879
case_amber,0.5,7,1.45,r0012,24,0.49548813869008296
case_amber,0.5,7,1.45,r0013,24,0.55123880995580488
case_amber,0.5,7,1.45,r0014,24,0.48432119153198067
case_amber,0.5,7,1.45,r0015,24,0.62061996953881449
case_amber,0.5,7,1.45,r0016,24,0.47811455422086863
case_amber,0.5,7,1.45,r0017,24,0.47890767143292495
case_amber,0.5,7,1.45,r0018,24,0.48070783457363842
case_amber,0.5,7,1.45,r0019,24,0.46274968136167843
case_amber,0.5,7,1.45,r0020,24,0.46910609962978217
case_amber,0.5,7,1.45,r0021,24,0.59873792462634445
case_amber,0.5,7,1.45,r0022,24,0.46250462854378233
case_amber,0.5,7,1.45,r0023,24,0.48680187963625166
case_amber,0.5,7,1.45,r0024,24,0.48226046215152357
case_amber,0.5,7,1.45,r0025,24,0.5402395456955762
case_amber,0.5,7,1.45,r0026,24,0.53195412136092146
case_amber,0.5,7,1.45,r0027,24,0.53024829354601588
case_amber,0.5,7,1.45,r0028,24,0.53019291294458437
case_amber,0.5,7,1.8500000000000001,r0000,24,0.38627970503439762
case_amber,0.5,7,1.8500000000000001,r0001,24,0.44202501529096933
case_amber,0.5,7,1.8500000000000001,r0002,24,0.54169435350328987
case_amber,0.5,7,1.8500000000000001,r0003,24,0.57320127463474657
case_amber,0.5,7,1.8500000000000001,r0004,24,0.41355440295543699
case_amber,0.5,7,1.8500000000000001,r0005,24,0.51170794469829595
case_amber,0.5,7,1.8500000000000001,r0006,24,0.56565334134887313
case_amber,0.5,7,1.8500000000000001,r0007,24,0.52347109008180392
case_amber,0.5,7,1.8500000000000001,r0008,24,0.44584971326617823
case_amber,0.5,7,1.8500000000000001,r0009,24,0.50022997986401962
case_amber,0.5,7,1.8500000000000001,r0010,24,0.50107143281971711
case_amber,0.5,7,1.8500000000000001,r0011,25,0.52454400668331203
case_amber,0.5,7,1.8500000000000001,r0012,24,0.4425685319813974
case_amber,0.5,7,1.8500000000000001,r0013,24,0.50344501770825067
case_amber,0.5,7,1.8500000000000001,r0014,25,0.65120076985866349
case_amber,0.5,7,1.8500000000000001,r0015,24,0.55915535247493131
case_amber,0.5,7,1.8500000000000001,r0016,24,0.44314544389513416
case_amber,0.5,7,1.8500000000000001,r0017,24,0.6714522807149309
case_amber,0.5,7,1.8500000000000001,r0018,24,0.67419496270885848
case_amber,0.5,7,1.8500000000000001,r0019,24,0.47871163755971535
case_amber,0.5,7,1.8500000000000001,r0020,24,0.61820155545288513
case_amber,0.5,7,1.8500000000000001,r0021,24,0.4889859785762633
case_amber,0.5,7,1.8500000000000001,r0022,24,0.59357680387157674
case_amber,0.5,7,1.8500000000000001,r0023,24,0.53571725837241801
case_amber,0.5,7,1.8500000000000001,r0024,24,0.52416454715711669
case_amber,0.5,7,1.8500000000000001,r0025,24,0.47106423213648269
case_amber,0.5,7,1.8500000000000001,r0026,24,0.53902419636926935
case_amber,0.5,7,1.8500000000000001,r0027,24,0.51413982189459839
case_amber,0.5,7,1.8500000000000001,r0028,24,0.55203278181528093
case_amber,0.5,7,2.25,r0000,25,0.48468154343726882
case_amber,0.5,7,2.25,r0001,25,0.43027165489695862
case_amber,0.5,7,2.25,r0002,25,0.52692085396138311
case_amber,0.5,7,2.25,r0003,25,0.56449533569794452
case_amber,0.5,7,2.25,r0004,25,0.4182962786594891
case_amber,0.5,7,2.25,r0005,25,0.52195684797576958
case_amber,0.5,7,2.25,r0006,25,0.52894118959569336
case_amber,0.5,7,2.25,r0007,25,0.47594946259652893
case_amber,0.5,7,2.25,r0008,25,0.48088115138208792
case_amber,0.5,7,2.25,r0009,25,0.44865999473005597
case_amber,0.5,7,2.25,r0010,25,0.50131169605222281
case_amber,0.5,7,2.25,r0011,25,0.59732225471613209
case_amber,0.5,7,2.25,r0012,25,0.52157542998121331
case_amber,0.5,7,2.25,r0013,25,0.48575736459141078
case_amber,0.5,7,2.25,r0014,25,0.48035394813890292
case_amber,0.5,7,2.25,r0015,25,0.4953805725390516
case_amber,0.5,7,2.25,r0016,25,0.55568682589572882
case_amber,0.5,7,2.25,r0017,25,0.4853972243652091
case_amber,0.5,7,2.25,r0018,25,0.55601034909972269
case_amber,0.5,7,2.25,r0019,25,0.47351809783077448
case_amber,0.5,7,2.25,r0020,25,0.44128190236330916
case_amber,0.5,7,2.25,r0021,25,0.53757423192088505
case_amber,0.5,7,2.25,r0022,24,0.55370171189436934
case_amber,0.5,7,2.25,r0023,25,0.51422348092155712
case_amber,0.5,7,2.25,r0024,25,0.45935138866994935
case_amber,0.5,7,2.25,r0025,25,0.56065676489981231
case_amber,0.5,7,2.25,r0026,25,0.57485552225692338
case_amber,0.5,7,2.25,r0027,25,0.52151060221163559
case_amber,0.5,7,2.25,r0028,25,0.54419603819225126
case_amber,0.5,7,2.6499999999999999,r0000,26,0.48786793367348608
case_amber,0.5,7,2.6499999999999999,r0001,26,0.53088702999259374
case_amber,0.5,7,2.6499999999999999,r0002,26,0.61478011500606822
case_amber,0.5,7,2.6499999999999999,r0003,27,0.50838035636781198
case_amber,0.5,7,2.6499999999999999,r0004,26,0.50961191436128028
case_amber,0.5,7,2.6499999999999999,r0005,26,0.55629248772174211
case_amber,0.5,7,2.6499999999999999,r0006,26,0.41015399918832135
case_amber,0.5,7,2.6499999999999999,r0007,25,0.65053559871157263
case_amber,0.5,7,2.6499999999999999,r0008,26,0.48599787449500165
case_amber,0.5,7,2.6499999999999999,r0009,27,0.43111578820919055
case_amber,0.5,7,2.6499999999999999,r0010,27,0.50407607486790118
case_amber,0.5,7,2.6499999999999999,r0011,26,0.46990907283127814
case_amber,0.5,7,2.6499999999999999,r0012,26,0.53015081163748989
case_amber,0.5,7,2.6499999999999999,r0013,26,0.58987409835709714
case_amber,0.5,7,2.6499999999999999,r0014,27,0.63513165827453066
case_amber,0.5,7,2.6499999999999999,r0015,26,0.61153873442627282
case_amber,0.5,7,2.6499999999999999,r0016,27,0.48304876619614207
case_amber,0.5,7,2.6499999999999999,r0017,26,0.46085991395588916
case_amber,0.5,7,2.6499999999999999,r0018,27,0.612556713468842
case_amber,0.5,7,2.6499999999999999,r0019,27,0.54556191063614712
case_amber,0.5,7,2.6499999999999999,r0020,26,0.51526708906011975
case_amber,0.5,7,2.6499999999999999,r0021,26,0.48665790332048253
case_amber,0.5,7,2.6499999999999999,r0022,26,0.504807713484555
case_amber,0.5,7,2.6499999999999999,r0023,25,0.4790643302708375
case_amber,0.5,7,2.6499999999999999,r0024,26,0.65155148136587848
case_amber,0.5,7,2.6499999999999999,r0025,27,0.48598979620697935
case_amber,0.5,7,2.6499999999999999,r0026,27,0.48885451425288223
case_amber,0.5,7,2.6499999999999999,r0027,26,0.53860372172850834
case_amber,0.5,7,2.6499999999999999,r0028,26,0.50744796682396598
case_amber,0.5,7,3.0499999999999998,r0000,30,0.43269791038366456
case_amber,0.5,7,3.0499999999999998,r0001,30,0.59064437532946845
case_amber,0.5,7,3.0499999999999998,r0002,30,0.47930669728704667
case_amber,0.5,7,3.0499999999999998,r0003,29,0.49236859172048181
case_amber,0.5,7,3.0499999999999998,r0004,29,0.48522824798960673
case_amber,0.5,7,3.0499999999999998,r0005,29,0.49984512760094107
case_amber,0.5,7,3.0499999999999998,r0006,29,0.40715499955227619
case_amber,0.5,7,3.0499999999999998,r0007,29,0.52532687551277446
case_amber,0.5,7,3.0499999999999998,r0008,30,0.54460577992492643
case_amber,0.5,7,3.0499999999999998,r0009,28,0.45259875718517767
case_amber,0.5,7,3.0499999999999998,r0010,29,0.51473131707513742
case_amber,0.5,7,3.0499999999999998,r0011,29,0.54997875812355734
case_amber,0.5,7,3.0499999999999998,r0012,31,0.48222927225979051
case_amber,0.5,7,3.0499999999999998,r0013,30,0.54197967502498801
case_amber,0.5,7,3.0499999999999998,r0014,30,0.46232477279795492
case_amber,0.5,7,3.0499999999999998,r0015,30,0.52282399019820314
case_amber,0.5,7,3.0499999999999998,r0016,30,0.49512632984887628
case_amber,0.5,7,3.0499999999999998,r0017,30,0.49572201433469698
case_amber,0.5,7,3.0499999999999998,r0018,30,0.44936165782509291
case_amber,0.5,7,3.0499999999999998,r0019,28,0.52073691152373092
case_amber,0.5,7,3.0499999999999998,r0020,30,0.47112374376958766
case_amber,0.5,7,3.0499999999999998,r0021,28,0.49127957882289014
case_amber,0.5,7,3.0499999999999998,r0022,29,0.52938114941099923
case_amber,0.5,7,3.0499999999999998,r0023,29,0.45214898521009589
case_amber,0.5,7,3.0499999999999998,r0024,29,0.44396932081181056
case_amber,0.5,7,3.0499999999999998,r0025,28,0.47053348744300322
case_amber,0.5,7,3.0499999999999998,r0026,29,0.60438119000836543
case_amber,0.5,7,3.0499999999999998,r0027,28,0.54641365812458642
case_amber,0.5,7,3.0499999999999998,r0028,30,0.487867588019609
case_amber,0.5,7,3.4500000000000002,r0000,33,0.41895545645495197
case_amber,0.5,7,3.4500000000000002,r0001,33,0.40432066016416479
case_amber,0.5,7,3.4500000000000002,r0002,32,0.3406234075167543
case_amber,0.5,7,3.4500000000000002,r0003,32,0.45767762269035595
case_amber,0.5,7,3.4500000000000002,r0004,33,0.54172150134658803
case_amber,0.5,7,3.4500000000000002,r0005,33,0.43031216629196595
case_amber,0.5,7,3.4500000000000002,r0006,32,0.43989137821931396
case_amber,0.5,7,3.4500000000000002,r0007,33,0.47144880721037247
case_amber,0.5,7,3.4500000000000002,r0008,33,0.50123260317268548
case_amber,0.5,7,3.4500000000000002,r0009,33,0.44754696482352979
case_amber,0.5,7,3.4500000000000002,r0010,33,0.4463905026639024
case_amber,0.5,7,3.4500000000000002,r0011,32,0.50612368979441702
case_amber,0.5,7,3.4500000000000002,r0012,33,0.50795654674885748
case_amber,0.5,7,3.4500000000000002,r0013,33,0.39048627956973547
case_amber,0.5,7,3.4500000000000002,r0014,33,0.4574842484918607
case_amber,0.5,7,3.4500000000000002,r0015,32,0.48808283760671667
case_amber,0.5,7,3.4500000000000002,r0016,33,0.43044046175544776
case_amber,0.5,7,3.4500000000000002,r0017,34,0.51587882676028873
case_amber,0.5,7,3.4500000000000002,r0018,33,0.47954273647489326
case_amber,0.5,7,3.4500000000000002,r0019,33,0.39753173675935216
case_amber,0.5,7,3.4500000000000002,r0020,33,0.40378336603151044
case_amber,0.5,7,3.4500000000000002,r0021,33,0.52456547108306883
case_amber,0.5,7,3.4500000000000002,r0022,33,0.45420806640340922
case_amber,0.5,7,3.4500000000000002,r0023,33,0.42252715041983518
case_amber,0.5,7,3.4500000000000002,r0024,33,0.48633303585095433
case_amber,0.5,7,3.4500000000000002,r0025,33,0.41231530528007082
case_amber,0.5,7,3.4500000000000002,r0026,33,0.43675298484055175
case_amber,0.5,7,3.4500000000000002,r0027,33,0.39752511904415505
case_amber,0.5,7,3.4500000000000002,r0028,32,0.4396991243026197
case_amber,0.5,7,3.8500000000000001,r0000,36,0.36101772496607382
case_amber,0.5,7,3.8500000000000001,r0001,35,0.46489522408779588
case_amber,0.5,7,3.8500000000000001,r0002,36,0.35249933375660092
case_amber,0.5,7,3.8500000000000001,r0003,35,0.48466411272275078
case_amber,0.5,7,3.8500000000000001,r0004,36,0.452283142792969
case_amber,0.5,7,3.8500000000000001,r0005,36,0.33682496282118496
case_amber,0.5,7,3.8500000000000001,r0006,36,0.45475735240761711
case_amber,0.5,7,3.8500000000000001,r0007,35,0.43319173756533885
case_amber,0.5,7,3.8500000000000001,r0008,35,0.43229043293038816
case_amber,0.5,7,3.8500000000000001,r0009,36,0.39419832902484886
case_amber,0.5,7,3.8500000000000001,r0010,36,0.48162282751045127
case_amber,0.5,7,3.8500000000000001,r0011,35,0.43609187958986195
case_amber,0.5,7,3.8500000000000001,r0012,35,0.44834170717387134
case_amber,0.5,7,3.8500000000000001,r0013,36,0.327145744765104
case_amber,0.5,7,3.8500000000000001,r0014,35,0.54131960354012754
case_amber,0.5,7,3.8500000000000001,r0015,35,0.48606743251915807
case_amber,0.5,7,3.8500000000000001,r0016,35,0.39613946079728585
case_amber,0.5,7,3.8500000000000001,r0017,35,0.45387560513288411
case_amber,0.5,7,3.8500000000000001,r0018,36,0.32166830036970206
case_amber,0.5,7,3.8500000000000001,r0019,35,0.40228677964428894
case_amber,0.5,7,3.8500000000000001,r0020,35,0.38402500652328292
case_amber,0.5,7,3.8500000000000001,r0021,34,0.34063890272049552
case_amber,0.5,7,3.8500000000000001,r0022,35,0.44427025755024185
case_amber,0.5,7,3.8500000000000001,r0023,36,0.35253769800228363
case_amber,0.5,7,3.8500000000000001,r0024,36,0.37973005280537536
case_amber,0.5,7,3.8500000000000001,r0025,36,0.4385576591649476
case_amber,0.5,7,3.8500000000000001,r0026,36,0.38020417873810758
case_amber,0.5,7,3.8500000000000001,r0027,35,0.39984670979897902
case_amber,0.5,7,3.8500000000000001,r0028,36,0.47411300627985464
case_amber,0.5,7,4.25,r0000,37,0.40518777022536562
case_amber,0.5,7,4.25,r0001,37,0.38384134822483684
case_amber,0.5,7,4.25,r0002,37,0.44844402607603673
case_amber,0.5,7,4.25,r0003,37,0.35454402949213493
case_amber,0.5,7,4.25,r0004,37,0.43364136611364956
case_amber,0.5,7,4.25,r0005,37,0.41176151498272362
case_amber,0.5,7,4.25,r0006,37,0.43266085468611987
case_amber,0.5,7,4.25,r0007,37,0.38700973780567827
case_amber,0.5,7,4.25,r0008,37,0.39930531053926965
case_amber,0.5,7,4.25,r0009,37,0.40904885840431771
case_amber,0.5,7,4.25,r0010,37,0.43221052463163412
case_amber,0.5,7,4.25,r0011,37,0.3849412464839912
case_amber,0.5,7,4.25,r0012,37,0.447841249724444
case_amber,0.5,7,4.25,r0013,37,0.42497109955433615
case_amber,0.5,7,4.25,r0014,37,0.35410818296040786
case_amber,0.5,7,4.25,r0015,37,0.38610149703752661
case_amber,0.5,7,4.25,r0016,37,0.46219112669535833
case_amber,0.5,7,4.25,r0017,37,0.429881674850563
case_amber,0.5,7,4.25,r0018,37,0.4087696734340675
case_amber,0.5,7,4.25,r0019,37,0.42703294140578224
case_amber,0.5,7,4.25,r0020,37,0.44218560607269386
case_amber,0.5,7,4.25,r0021,37,0.44315862900895314
case_amber,0.5,7,4.25,r0022,37,0.3617651359966424
case_amber,0.5,7,4.25,r0023,37,0.46908003267278764
case_amber,0.5,7,4.25,r0024,37,0.41038181923253564
case_amber,0.5,7,4.25,r0025,37,0.43143989101179464
case_amber,0.5,7,4.25,r0026,37,0.3411768263585554
case_amber,0.5,7,4.25,r0027,37,0.30624524380543383
case_amber,0.5,7,4.25,r0028,37,0.42463914933443281
case_amber,0.5,7,4.6500000000000004,r0000,38,0.36412241809249901
case_amber,0.5,7,4.6500000000000004,r0001,38,0.41766064454788349
case_amber,0.5,7,4.6500000000000004,r0002,38,0.40015759742395163
case_amber,0.5,7,4.6500000000000004,r0003,38,0.40254225816177297
case_amber,0.5,7,4.6500000000000004,r0004,38,0.38020035117613932
case_amber,0.5,7,4.6500000000000004,r0005,38,0.39975525013579516
case_amber,0.5,7,4.6500000000000004,r0006,38,0.44000704617024455
case_amber,0.5,7,4.6500000000000004,r0007,38,0.33888943190601795
case_amber,0.5,7,4.6500000000000004,r0008,38,0.33656160475972619
case_amber,0.5,7,4.6500000000000004,r0009,38,0.44177736529042128
case_amber,0.5,7,4.6500000000000004,r0010,38,0.40000176808736032
case_amber,0.5,7,4.6500000000000004,r0011,38,0.45079036065561412
case_amber,0.5,7,4.6500000000000004,r0012,38,0.39781408858402301
case_amber,0.5,7,4.6500000000000004,r0013,38,0.50481564968292869
case_amber,0.5,7,4.6500000000000004,r0014,38,0.38926392849306907
case_amber,0.5,7,4.6500000000000004,r0015,38,0.3280389811976398
case_amber,0.5,7,4.6500000000000004,r0016,38,0.4260204611054918
case_amber,0.5,7,4.6500000000000004,r0017,38,0.41578235352451093
case_amber,0.5,7,4.6500000000000004,r0018,38,0.42020103011336435
case_amber,0.5,7,4.6500000000000004,r0019,38,0.41585535989034017
case_amber,0.5,7,4.6500000000000004,r0020,38,0.324204236632604
case_amber,0.5,7,4.6500000000000004,r0021,38,0.40848989532931285
case_amber,0.5,7,4.6500000000000004,r0022,38,0.39595743640190706
case_amber,0.5,7,4.6500000000000004,r0023,38,0.48611355476884949
case_amber,0.5,7,4.6500000000000004,r0024,38,0.40786774837533551
case_amber,0.5,7,4.6500000000000004,r0025,38,0.44841588451844605
case_amber,0.5,7,4.6500000000000004,r0026,38,0.30750793498182305
case_amber,0.5,7,4.6500000000000004,r0027,38,0.33284454489800652
case_amber,0.5,7,4.6500000000000004,r0028,38,0.35583010387924235
case_amber,0.5,11,1.45,r0000,24,0.45434185933138388
case_amber,0.5,11,1.45,r0001,24,0.36627768754040835
case_amber,0.5,11,1.45,r0002,24,0.49428188876350027
case_amber,0.5,11,1.45,r0003,24,0.44594819616188097
case_amber,0.5,11,1.45,r0004,24,0.58023862142658367
case_amber,0.5,11,1.45,r0005,24,0.50144975497554423
case_amber,0.5,11,1.45,r0006,24,0.61199965395009059
case_amber,0.5,11,1.45,r0007,24,0.56102012051777461
case_amber,0.5,11,1.45,r0008,24,0.59281068625450273
case_amber,0.5,11,1.45,r0009,24,0.54583282348496942
case_amber,0.5,11,1.45,r0010,24,0.55740975107379098
case_amber,0.5,11,1.45,r0011,24,0.56203724439997205
case_amber,0.5,11,1.45,r0012,24,0.51474246682872249
case_amber,0.5,11,1.45,r0013,24,0.50280415447313231
case_amber,0.5,11,1.45,r0014,24,0.51054553670032388
case_amber,0.5,11,1.45,r0015,24,0.4317752445304408
case_amber,0.5,11,1.45,r0016,24,0.51042221240161567
case_amber,0.5,11,1.45,r0017,24,0.62631556661054921
case_amber,0.5,11,1.45,r0018,24,0.49220138100399691
case_amber,0.5,11,1.45,r0019,24,0.61511703034892862
case_amber,0.5,11,1.45,r0020,24,0.57797010181882735
case_amber,0.5,11,1.45,r0021,24,0.57993716323890732
case_amber,0.5,11,1.45,r0022,24,0.53412771124667524
case_amber,0.5,11,1.45,r0023,24,0.44191005818563872
case_amber,0.5,11,1.45,r0024,24,0.48148487786768013
case_amber,0.5,11,1.45,r0025,24,0.46294142017645701
case_amber,0.5,11,1.45,r0026,24,0.48762748491852381
case_amber,0.5,11,1.45,r0027,24,0.51638151827346646
case_amber,0.5,11,1.45,r0028,24,0.48904840845031022
case_amber,0.5,11,1.8500000000000001,r0000,24,0.4771059180146186
case_amber,0.5,11,1.8500000000000001,r0001,24,0.50434494662642904
case_amber,0.5,11,1.8500000000000001,r0002,24,0.66024968287728136
case_amber,0.5,11,1.8500000000000001,r0003,24,0.5208312262491549
case_amber,0.5,11,1.8500000000000001,r0004,24,0.49032420903214424
case_amber,0.5,11,1.8500000000000001,r0005,24,0.46694530308821713
case_amber,0.5,11,1.8500000000000001,r0006,24,0.48520905249855506
case_amber,0.5,11,1.8500000000000001,r0007,24,0.55333972167150824
case_amber,0.5,11,1.8500000000000001,r0008,24,0.63667479740173094
case_amber,0.5,11,1.8500000000000001,r0009,24,0.57800873867091596
case_amber,0.5,11,1.8500000000000001,r0010,24,0.55689963564840683
case_amber,0.5,11,1.8500000000000001,r0011,24,0.5025254182234884
case_amber,0.5,11,1.8500000000000001,r0012,24,0.49212913631613242
case_amber,0.5,11,1.8500000000000001,r0013,24,0.45542040234670117
case_amber,0.5,11,1.8500000000000001,r0014,24,0.50038806307927952
case_amber,0.5,11,1.8500000000000001,r0015,24,0.5521213979078673
case_amber,0.5,11,1.8500000000000001,r0016,24,0.52587012861451721
case_amber,0.5,11,1.8500000000000001,r0017,24,0.58425054105698948
case_amber,0.5,11,1.8500000000000001,r0018,24,0.62044316602693461
case_amber,0.5,11,1.8500000000000001,r0019,24,0.57016605579149016
case_amber,0.5,11,1.8500000000000001,r0020,24,0.45628174694638873
case_amber,0.5,11,1.8500000000000001,r0021,24,0.44257549720821648
case_amber,0.5,11,1.8500000000000001,r0022,24,0.52341519643683621
case_amber,0.5,11,1.8500000000000001,r0023,24,0.53037978090886451
case_amber,0.5,11,1.8500000000000001,r0024,24,0.53124489579822054
case_amber,0.5,11,1.8500000000000001,r0025,24,0.45651411834419342
case_amber,0.5,11,1.8500000000000001,r0026,24,0.51528387325599467
case_amber,0.5,11,1.8500000000000001,r0027,24,0.49453024959295511
case_amber,0.5,11,1.8500000000000001,r0028,24,0.55300259349426317
case_amber,0.5,11,2.25,r0000,24,0.59101499368073596
case_amber,0.5,11,2.25,r0001,24,0.42415256878559376
case_amber,0.5,11,2.25,r0002,24,0.49060981431356793
case_amber,0.5,11,2.25,r0003,24,0.55044477595172414
case_amber,0.5,11,2.25,r0004,24,0.71165609196686896
case_amber,0.5,11,2.25,r0005,24,0.54569113123068347
case_amber,0.5,11,2.25,r0006,24,0.62055728061340065
case_amber,0.5,11,2.25,r0007,24,0.61664599518790497
case_amber,0.5,11,2.25,r0008,24,0.47294611843248863
case_amber,0.5,11,2.25,r0009,24,0.51690500289151453
case_amber,0.5,11,2.25,r0010,24,0.38865111110151424
case_amber,0.5,11,2.25,r0011,24,0.42023637613699999
case_amber,0.5,11,2.25,r0012,24,0.58478844431433286
case_amber,0.5,11,2.25,r0013,24,0.56623004038368208
case_amber,0.5,11,2.25,r0014,24,0.52409055684664707
case_amber,0.5,11,2.25,r0015,24,0.53656811413166672
case_amber,0.5,11,2.25,r0016,24,0.52153125929868638
case_amber,0.5,11,2.25,r0017,24,0.51224258027969094
case_amber,0.5,11,2.25,r0018,24,0.57737634910169833
case_amber,0.5,11,2.25,r0019,24,0.58534674455650471
case_amber,0.5,11,2.25,r0020,24,0.52647712599489216
case_amber,0.5,11,2.25,r0021,24,0.55416560527469894
case_amber,0.5,11,2.25,r0022,24,0.43046092700240585
case_amber,0.5,11,2.25,r0023,24,0.51430986468915119
case_amber,0.5,11,2.25,r0024,24,0.65174048840386023
case_amber,0.5,11,2.25,r0025,24,0.50472414810529287
case_amber,0.5,11,2.25,r0026,24,0.5052708004744012
case_amber,0.5,11,2.25,r0027,24,0.52236442193140609
case_amber,0.5,11,2.25,r0028,24,0.49278043380549114
case_amber,0.5,11,2.6499999999999999,r0000,25,0.53611159059364655
case_amber,0.5,11,2.6499999999999999,r0001,25,0.54196813165753321
case_amber,0.5,11,2.6499999999999999,r0002,25,0.60888411184128333
case_amber,0.5,11,2.6499999999999999,r0003,25,0.50838101347393805
case_amber,0.5,11,2.6499999999999999,r0004,25,0.49598156485388628
case_amber,0.5,11,2.6499999999999999,r0005,25,0.50741160144208886
case_amber,0.5,11,2.6499999999999999,r0006,25,0.54577483572295926
case_amber,0.5,11,2.6499999999999999,r0007,25,0.5920372808276928
case_amber,0.5,11,2.6499999999999999,r0008,25,0.51612027846053188
case_amber,0.5,11,2.6499999999999999,r0009,25,0.49942335106806995
case_amber,0.5,11,2.6499999999999999,r0010,25,0.69828933712395813
case_amber,0.5,11,2.6499999999999999,r0011,25,0.55987927824953898
case_amber,0.5,11,2.6499999999999999,r0012,25,0.50300353976138024
case_amber,0.5,11,2.6499999999999999,r0013,25,0.44715679379547874
case_amber,0.5,11,2.6499999999999999,r0014,25,0.53943200560592708
case_amber,0.5,11,2.6499999999999999,r0015,25,0.59248551070331368
case_amber,0.5,11,2.6499999999999999,r0016,25,0.52880658360006083
case_amber,0.5,11,2.6499999999999999,r0017,25,0.57675113391870747
case_amber,0.5,11,2.6499999999999999,r0018,25,0.55635266767302538
case_amber,0.5,11,2.6499999999999999,r0019,25,0.45044250413268327
case_amber,0.5,11,2.6499999999999999,r0020,25,0.45124220010774019
case_amber,0.5,11,2.6499999999999999,r0021,25,0.57705624000160294
case_amber,0.5,11,2.6499999999999999,r0022,25,0.45260967039027122
case_amber,0.5,11,2.6499999999999999,r0023,26,0.63067358286414299
case_amber,0.5,11,2.6499999999999999,r0024,25,0.46016403696033714
case_amber,0.5,11,2.6499999999999999,r0025,25,0.43568085704690795
case_amber,0.5,11,2.6499999999999999,r0026,25,0.46923287804084624
case_amber,0.5,11,2.6499999999999999,r0027,25,0.5040058341039636
case_amber,0.5,11,2.6499999999999999,r0028,25,0.58138964982277985
case_amber,0.5,11,3.0499999999999998,r0000,28,0.44733333980182594
case_amber,0.5,11,3.0499999999999998,r0001,29,0.47610674998800229
case_amber,0.5,11,3.0499999999999998,r0002,28,0.52136818426535247
case_amber,0.5,11,3.0499999999999998,r0003,27,0.59802454746185518
case_amber,0.5,11,3.0499999999999998,r0004,28,0.45174318335030966
case_amber,0.5,11,3.0499999999999998,r0005,28,0.45950611449431555
case_amber,0.5,11,3.0499999999999998,r0006,28,0.55882278813402786
case_amber,0.5,11,3.0499999999999998,r0007,28,0.49881994550478126
case_amber,0.5,11,3.0499999999999998,r0008,28,0.50149906589767379
case_amber,0.5,11,3.0499999999999998,r0009,28,0.42121878417736308
case_amber,0.5,11,3.0499999999999998,r0010,28,0.4727778672695076
case_amber,0.5,11,3.0499999999999998,r0011,27,0.52245846765206527
case_amber,0.5,11,3.0499999999999998,r0012,27,0.52156530526509137
case_amber,0.5,11,3.0499999999999998,r0013,28,0.51027366903455829
case_amber,0.5,11,3.0499999999999998,r0014,28,0.39368057300508091
case_amber,0.5,11,3.0499999999999998,r0015,29,0.52080182663555485
case_amber,0.5,11,3.0499999999999998,r0016,28,0.48480503628665206
case_amber,0.5,11,3.0499999999999998,r0017,29,0.48773183116050722
case_amber,0.5,11,3.0499999999999998,r0018,29,0.46543290606538751
case_amber,0.5,11,3.0499999999999998,r0019,27,0.56441624426850923
case_amber,0.5,11,3.0499999999999998,r0020,29,0.58212028280027439
case_amber,0.5,11,3.0499999999999998,r0021,29,0.52960139272826146
case_amber,0.5,11,3.0499999999999998,r0022,29,0.6791374832530932
case_amber,0.5,11,3.0499999999999998,r0023,27,0.50939509568363583
case_amber,0.5,11,3.0499999999999998,r0024,28,0.43326238545357515
case_amber,0.5,11,3.0499999999999998,r0025,28,0.5267289459234038
case_amber,0.5,11,3.0499999999999998,r0026,29,0.48357587435713151
case_amber,0.5,11,3.0499999999999998,r0027,28,0.52007130980885541
case_amber,0.5,11,3.0499999999999998,r0028,28,0.51584765537814026
case_amber,0.5,11,3.4500000000000002,r0000,34,0.46361621784923068
case_amber,0.5,11,3.4500000000000002,r0001,35,0.39384928050088241
case_amber,0.5,11,3.4500000000000002,r0002,34,0.44913531423052688
case_amber,0.5,11,3.4500000000000002,r0003,34,0.46764179783064025
case_amber,0.5,11,3.4500000000000002,r0004,34,0.44853135535489436
case_amber,0.5,11,3.4500000000000002,r0005,36,0.42832314893244067
case_amber,0.5,11,3.4500000000000002,r0006,34,0.4878312348276137
case_amber,0.5,11,3.4500000000000002,r0007,33,0.53028405989302185
case_amber,0.5,11,3.4500000000000002,r0008,34,0.50231929601505521
case_amber,0.5,11,3.4500000000000002,r0009,34,0.33423722795043953
case_amber,0.5,11,3.4500000000000002,r0010,33,0.49426277307194122
case_amber,0.5,11,3.4500000000000002,r0011,35,0.46086632928800497
case_amber,0.5,11,3.4500000000000002,r0012,33,0.52225134977344645
case_amber,0.5,11,3.4500000000000002,r0013,34,0.48830519634160996
case_amber,0.5,11,3.4500000000000002,r0014,33,0.47651727371811453
case_amber,0.5,11,3.4500000000000002,r0015,33,0.4421134893865844
case_amber,0.5,11,3.4500000000000002,r0016,35,0.32099596956300702
case_amber,0.5,11,3.4500000000000002,r0017,35,0.36190017324422508
case_amber,0.5,11,3.4500000000000002,r0018,34,0.4416374896565009
case_amber,0.5,11,3.4500000000000002,r0019,34,0.35471861325208026
case_amber,0.5,11,3.4500000000000002,r0020,35,0.55073901026164285
case_amber,0.5,11,3.4500000000000002,r0021,33,0.39504352879670196
case_amber,0.5,11,3.4500000000000002,r0022,35,0.52516498589957061
case_amber,0.5,11,3.4500000000000002,r0023,35,0.41832555695782658
case_amber,0.5,11,3.4500000000000002,r0024,34,0.39010711854240204
case_amber,0.5,11,3.4500000000000002,r0025,34,0.47470665266926987
case_amber,0.5,11,3.4500000000000002,r0026,35,0.3354467815833454
case_amber,0.5,11,3.4500000000000002,r0027,34,0.47306641746986183
case_amber,0.5,11,3.4500000000000002,r0028,35,0.35498447009740053
case_amber,0.5,11,3.8500000000000001,r0000,37,0.40991321590175483
case_amber,0.5,11,3.8500000000000001,r0001,37,0.34716779214186289
case_amber,0.5,11,3.8500000000000001,r0002,37,0.39498738279663942
case_amber,0.5,11,3.8500000000000001,r0003,38,0.39165775787797213
case_amber,0.5,11,3.8500000000000001,r0004,37,0.45190917986782031
case_amber,0.5,11,3.8500000000000001,r0005,37,0.39112507353914677
case_amber,0.5,11,3.8500000000000001,r0006,37,0.34684781490745442
case_amber,0.5,11,3.8500000000000001,r0007,37,0.45205596836294965
case_amber,0.5,11,3.8500000000000001,r0008,37,0.43098424409502162
case_amber,0.5,11,3.8500000000000001,r0009,37,0.34111005752098172
case_amber,0.5,11,3.8500000000000001,r0010,37,0.39117105248124462
case_amber,0.5,11,3.8500000000000001,r0011,38,0.30049763240458699
case_amber,0.5,11,3.8500000000000001,r0012,37,0.37253455063966645
case_amber,0.5,11,3.8500000000000001,r0013,37,0.37218198962187832
case_amber,0.5,11,3.8500000000000001,r0014,38,0.37576307377275198
case_amber,0.5,11,3.8500000000000001,r0015,37,0.49556023207540217
case_amber,0.5,11,3.8500000000000001,r0016,37,0.3547144404172069
case_amber,0.5,11,3.8500000000000001,r0017,37,0.40675686707495051
case_amber,0.5,11,3.8500000000000001,r0018,37,0.37705529729414416
case_amber,0.5,11,3.8500000000000001,r0019,37,0.42797703273040472
case_amber,0.5,11,3.8500000000000001,r0020,37,0.33445568497342609
case_amber,0.5,11,3.8500000000000001,r0021,37,0.36724254229821029
case_amber,0.5,11,3.8500000000000001,r0022,37,0.44505639208711939
case_amber,0.5,11,3.8500000000000001,r0023,37,0.44422906559654268
case_amber,0.5,11,3.8500000000000001,r0024,38,0.40497927773722919
case_amber,0.5,11,3.8500000000000001,r0025,37,0.40580325828344266
case_amber,0.5,11,3.8500000000000001,r0026,37,0.43746335855555996
case_amber,0.5,11,3.8500000000000001,r0027,37,0.3815890050986035
case_amber,0.5,11,3.8500000000000001,r0028,37,0.32053069445419402
case_amber,0.5,11,4.25,r0000,38,0.44293232389462017
case_amber,0.5,11,4.25,r0001,38,0.32949004520329761
case_amber,0.5,11,4.25,r0002,38,0.3003761270164701
case_amber,0.5,11,4.25,r0003,38,0.50515815694320987
case_amber,0.5,11,4.25,r0004,38,0.38650082438591465
case_amber,0.5,11,4.25,r0005,38,0.37530276953908048
case_amber,0.5,11,4.25,r0006,38,0.3472596154417642
case_amber,0.5,11,4.25,r0007,38,0.41197386086903443
case_amber,0.5,11,4.25,r0008,38,0.4214237744779088
case_amber,0.5,11,4.25,r0009,38,0.3556655800494179
case_amber,0.5,11,4.25,r0010,38,0.43266647899529975
case_amber,0.5,11,4.25,r0011,38,0.43136540770334336
case_amber,0.5,11,4.25,r0012,38,0.36776395651461341
case_amber,0.5,11,4.25,r0013,38,0.43041417425669198
case_amber,0.5,11,4.25,r0014,38,0.42248154776559849
case_amber,0.5,11,4.25,r0015,38,0.31811131575361185
case_amber,0.5,11,4.25,r0016,38,0.37938658279421184
case_amber,0.5,11,4.25,r0017,38,0.43186688917717647
case_amber,0.5,11,4.25,r0018,38,0.40054770888291996
case_amber,0.5,11,4.25,r0019,38,0.32306280413385058
case_amber,0.5,11,4.25,r0020,38,0.54324564005092046
case_amber,0.5,11,4.25,r0021,38,0.34766637554019936
case_amber,0.5,11,4.25,r0022,38,0.36246547993486383
case_amber,0.5,11,4.25,r0023,38,0.34030554023221821
case_amber,0.5,11,4.25,r0024,38,0.40655662441365453
case_amber,0.5,11,4.25,r0025,38,0.32515610341030338
case_amber,0.5,11,4.25,r0026,38,0.33865944256299829
case_amber,0.5,11,4.25,r0027,38,0.42242855514737859
case_amber,0.5,11,4.25,r0028,38,0.46722795930326799
case_amber,0.5,11,4.6500000000000004,r0000,38,0.44080856648247102
case_amber,0.5,11,4.6500000000000004,r0001,38,0.31634201125701816
case_amber,0.5,11,4.6500000000000004,r0002,38,0.41214664367538967
case_amber,0.5,11,4.6500000000000004,r0003,38,0.38575877473035969
case_amber,0.5,11,4.6500000000000004,r0004,38,0.30340551897010748
case_amber,0.5,11,4.6500000000000004,r0005,38,0.41250663739797105
case_amber,0.5,11,4.6500000000000004,r0006,38,0.29823474036651304
case_amber,0.5,11,4.6500000000000004,r0007,38,0.39544247209835409
case_amber,0.5,11,4.6500000000000004,r0008,38,0.43005462689998264
case_amber,0.5,11,4.6500000000000004,r0009,38,0.31988912081178894
case_amber,0.5,11,4.6500000000000004,r0010,38,0.3612354358785444
case_amber,0.5,11,4.6500000000000004,r0011,38,0.48051315658372257
case_amber,0.5,11,4.6500000000000004,r0012,38,0.32746732351959357
case_amber,0.5,11,4.6500000000000004,r0013,38,0.45657730805200103
case_amber,0.5,11,4.6500000000000004,r0014,38,0.36810339824081906
case_amber,0.5,11,4.6500000000000004,r0015,38,0.39157700250278549
case_amber,0.5,11,4.6500000000000004,r0016,38,0.42120620492382427
case_amber,0.5,11,4.6500000000000004,r0017,38,0.4508645713864004
case_amber,0.5,11,4.6500000000000004,r0018,38,0.39789706205595204
case_amber,0.5,11,4.6500000000000004,r0019,38,0.43195007999187096
case_amber,0.5,11,4.6500000000000004,r0020,38,0.27633879449485538
case_amber,0.5,11,4.6500000000000004,r0021,38,0.37800047473184073
case_amber,0.5,11,4.6500000000000004,r0022,38,0.39382889089331102
case_amber,0.5,11,4.6500000000000004,r0023,38,0.33174581249633839
case_amber,0.5,11,4.6500000000000004,r0024,38,0.36207195505754103
case_amber,0.5,11,4.6500000000000004,r0025,38,0.26912279773620812
case_amber,0.5,11,4.6500000000000004,r0026,38,0.37103705603409803
case_amber,0.5,11,4.6500000000000004,r0027,38,0.39123752559960312
case_amber,0.5,11,4.6500000000000004,r0028,38,0.40152374652454109
case_amber,0.5,17,1.45,r0000,24,0.50215110210378722
case_amber,0.5,17,1.45,r0001,24,0.55217727062534949
case_amber,0.5,17,1.45,r0002,24,0.48292525561605243
case_amber,0.5,17,1.45,r0003,24,0.73058561513302778
case_amber,0.5,17,1.45,r0004,24,0.49361471193771206
case_amber,0.5,17,1.45,r0005,24,0.52847429043868488
case_amber,0.5,17,1.45,r0006,24,0.4321626427032646
case_amber,0.5,17,1.45,r0007,24,0.56020154074198325
case_amber,0.5,17,1.45,r0008,24,0.45291046988416667
case_amber,0.5,17,1.45,r0009,24,0.49684803455038423
case_amber,0.5,17,1.45,r0010,24,0.54285470375991574
case_amber,0.5,17,1.45,r0011,24,0.48761017872355694
case_amber,0.5,17,1.45,r0012,24,0.49887186002248413
case_amber,0.5,17,1.45,r0013,24,0.60198628764249673
case_amber,0.5,17,1.45,r0014,24,0.43558369298465111
case_amber,0.5,17,1.45,r0015,24,0.49515502538488665
case_amber,0.5,17,1.45,r0016,24,0.46229848829850217
case_amber,0.5,17,1.45,r0017,24,0.46655520756194718
case_amber,0.5,17,1.45,r0018,24,0.46931399995284018
case_amber,0.5,17,1.45,r0019,24,0.52936701272378006
case_amber,0.5,17,1.45,r0020,24,0.52217123629998685
case_amber,0.5,17,1.45,r0021,24,0.48356304597230576
case_amber,0.5,17,1.45,r0022,24,0.49018044824195456
case_amber,0.5,17,1.45,r0023,24,0.55497362248753368
case_amber,0.5,17,1.45,r0024,24,0.50814657971571553
case_amber,0.5,17,1.45,r0025,24,0.57761414450477433
case_amber,0.5,17,1.45,r0026,24,0.48508328562023878
case_amber,0.5,17,1.45,r0027,24,0.4814067709434946
case_amber,0.5,17,1.45,r0028,24,0.61678791221713902
case_amber,0.5,17,1.8500000000000001,r0000,24,0.57293954909046185
case_amber,0.5,17,1.8500000000000001,r0001,24,0.58965274439029225
case_amber,0.5,17,1.8500000000000001,r0002,24,0.60556831840283609
case_amber,0.5,17,1.8500000000000001,r0003,24,0.42263101179696455
case_amber,0.5,17,1.8500000000000001,r0004,24,0.44743552617711163
case_amber,0.5,17,1.8500000000000001,r0005,24,0.51629609722155467
case_amber,0.5,17,1.8500000000000001,r0006,24,0.60213025394841357
case_amber,0.5,17,1.8500000000000001,r0007,24,0.60328153917681038
case_amber,0.5,17,1.8500000000000001,r0008,24,0.56981606333637946
case_amber,0.5,17,1.8500000000000001,r0009,24,0.53384116458859254
case_amber,0.5,17,1.8500000000000001,r0010,24,0.4900406507561787
case_amber,0.5,17,1.8500000000000001,r0011,24,0.57622939995203337
case_amber,0.5,17,1.8500000000000001,r0012,24,0.56570150646387274
case_amber,0.5,17,1.8500000000000001,r0013,24,0.50124720459006988
case_amber,0.5,17,1.8500000000000001,r0014,24,0.32369092258576315
case_amber,0.5,17,1.8500000000000001,r0015,24,0.5367210678868557
case_amber,0.5,17,1.8500000000000001,r0016,24,0.4721456228294309
case_amber,0.5,17,1.8500000000000001,r0017,24,0.46353777919550093
case_amber,0.5,17,1.8500000000000001,r0018,24,0.63480374732420086
case_amber,0.5,17,1.8500000000000001,r0019,24,0.55515124448856301
case_amber,0.5,17,1.8500000000000001,r0020,24,0.44125639074327966
case_amber,0.5,17,1.8500000000000001,r0021,24,0.52850738632340855
case_amber,0.5,17,1.8500000000000001,r0022,24,0.50398751923543006
case_amber,0.5,17,1.8500000000000001,r0023,24,0.58546213712916706
case_amber,0.5,17,1.8500000000000001,r0024,24,0.49396357199548374
case_amber,0.5,17,1.8500000000000001,r0025,24,0.45553661552864866
case_amber,0.5,17,1.8500000000000001,r0026,24,0.52709341849820524
case_amber,0.5,17,1.8500000000000001,r0027,24,0.519653575629202
case_amber,0.5,17,1.8500000000000001,r0028,24,0.54130402920500675
case_amber,0.5,17,2.25,r0000,24,0.54999683337256855
case_amber,0.5,17,2.25,r0001,24,0.55110907684875654
case_amber,0.5,17,2.25,r0002,24,0.59775884357144982
case_amber,0.5,17,2.25,r0003,24,0.56221355069130707
case_amber,0.5,17,2.25,r0004,24,0.39592982413847477
case_amber,0.5,17,2.25,r0005,24,0.5356146875894402
case_amber,0.5,17,2.25,r0006,24,0.53255355577813901
case_amber,0.5,17,2.25,r0007,24,0.508950967982854
case_amber,0.5,17,2.25,r0008,24,0.51174112268731065
case_amber,0.5,17,2.25,r0009,24,0.48560588433790858
case_amber,0.5,17,2.25,r0010,24,0.55093048423880331
case_amber,0.5,17,2.25,r0011,24,0.58771085011231738
case_amber,0.5,17,2.25,r0012,24,0.50249454851701347
case_amber,0.5,17,2.25,r0013,24,0.5431770001279731
case_amber,0.5,17,2.25,r0014,24,0.46114778514749921
case_amber,0.5,17,2.25,r0015,24,0.54815861163229973
case_amber,0.5,17,2.25,r0016,24,0.6167377078874009
case_amber,0.5,17,2.25,r0017,24,0.51970730437823554
case_amber,0.5,17,2.25,r0018,24,0.44624076997197742
case_amber,0.5,17,2.25,r0019,24,0.62714051314446062
case_amber,0.5,17,2.25,r0020,24,0.44660984890403155
case_amber,0.5,17,2.25,r0021,24,0.51668571978923639
case_amber,0.5,17,2.25,r0022,24,0.45712096155999649
case_amber,0.5,17,2.25,r0023,24,0.47447678345310013
case_amber,0.5,17,2.25,r0024,24,0.57132169662386689
case_amber,0.5,17,2.25,r0025,24,0.43433954256926194
case_amber,0.5,17,2.25,r0026,24,0.49949763851436774
case_amber,0.5,17,2.25,r0027,24,0.55283363325649459
case_amber,0.5,17,2.25,r0028,24,0.52539637569365416
case_amber,0.5,17,2.6499999999999999,r0000,24,0.4958917822802878
case_amber,0.5,17,2.6499999999999999,r0001,24,0.55170013439171572
case_amber,0.5,17,2.6499999999999999,r0002,24,0.48537687752844683
case_amber,0.5,17,2.6499999999999999,r0003,24,0.49087434510298295
case_amber,0.5,17,2.6499999999999999,r0004,24,0.54243836095511044
case_amber,0.5,17,2.6499999999999999,r0005,24,0.42536812389242051
case_amber,0.5,17,2.6499999999999999,r0006,24,0.45397646739445285
case_amber,0.5,17,2.6499999999999999,r0007,24,0.52925724255346041
case_amber,0.5,17,2.6499999999999999,r0008,24,0.50951685149868164
case_amber,0.5,17,2.6499999999999999,r0009,24,0.5476487713293241
case_amber,0.5,17,2.6499999999999999,r0010,24,0.43915376292641445
case_amber,0.5,17,2.6499999999999999,r0011,24,0.4229795380681815
case_amber,0.5,17,2.6499999999999999,r0012,24,0.4264914257475772
case_amber,0.5,17,2.6499999999999999,r0013,24,0.59796902697273224
case_amber,0.5,17,2.6499999999999999,r0014,24,0.49512722681962779
case_amber,0.5,17,2.6499999999999999,r0015,24,0.46485698025914529
case_amber,0.5,17,2.6499999999999999,r0016,24,0.54590764559315696
case_amber,0.5,17,2.6499999999999999,r0017,24,0.60392360760204045
case_amber,0.5,17,2.6499999999999999,r0018,24,0.46022791420607084
case_amber,0.5,17,2.6499999999999999,r0019,24,0.60564079177952657
case_amber,0.5,17,2.6499999999999999,r0020,24,0.48283711927030826
case_amber,0.5,17,2.6499999999999999,r0021,24,0.55832634114948931
case_amber,0.5,17,2.6499999999999999,r0022,24,0.53673226931866536
case_amber,0.5,17,2.6499999999999999,r0023,24,0.6015363237067749
case_amber,0.5,17,2.6499999999999999,r0024,24,0.62740089824012979
case_amber,0.5,17,2.6499999999999999,r0025,24,0.54281061017036869
case_amber,0.5,17,2.6499999999999999,r0026,24,0.53848675314042505
case_amber,0.5,17,2.6499999999999999,r0027,24,0.48262841411785695
case_amber,0.5,17,2.6499999999999999,r0028,24,0.62903353849193688
case_amber,0.5,17,3.0499999999999998,r0000,27,0.5460234692006869
case_amber,0.5,17,3.0499999999999998,r0001,27,0.51584212246947014
case_amber,0.5,17,3.0499999999999998,r0002,27,0.54457111217758924
case_amber,0.5,17,3.0499999999999998,r0003,27,0.53385537873634814
case_amber,0.5,17,3.0499999999999998,r0004,27,0.50123554397746706
case_amber,0.5,17,3.0499999999999998,r0005,26,0.51178114054754953
case_amber,0.5,17,3.0499999999999998,r0006,27,0.43019784880676604
case_amber,0.5,17,3.0499999999999998,r0007,27,0.50830060802026344
case_amber,0.5,17,3.0499999999999998,r0008,27,0.48523250470300344
case_amber,0.5,17,3.0499999999999998,r0009,27,0.5876510987667205
case_amber,0.5,17,3.0499999999999998,r0010,26,0.51834747039897189
case_amber,0.5,17,3.0499999999999998,r0011,26,0.54776905743034499
case_amber,0.5,17,3.0499999999999998,r0012,27,0.46774591561751894
case_amber,0.5,17,3.0499999999999998,r0013,27,0.50752543702621633
case_amber,0.5,17,3.0499999999999998,r0014,27,0.55511157172788983
case_amber,0.5,17,3.0499999999999998,r0015,26,0.47619623443330084
case_amber,0.5,17,3.0499999999999998,r0016,27,0.47722993169575856
case_amber,0.5,17,3.0499999999999998,r0017,27,0.48879361512531716
case_amber,0.5,17,3.0499999999999998,r0018,27,0.52957438933994316
case_amber,0.5,17,3.0499999999999998,r0019,27,0.51741853206582622
case_amber,0.5,17,3.0499999999999998,r0020,27,0.55336149517013433
case_amber,0.5,17,3.0499999999999998,r0021,27,0.48769391444792271
case_amber,0.5,17,3.0499999999999998,r0022,27,0.50683306179551291
case_amber,0.5,17,3.0499999999999998,r0023,27,0.57250217776683077
case_amber,0.5,17,3.0499999999999998,r0024,27,0.46317002383610689
case_amber,0.5,17,3.0499999999999998,r0025,26,0.54220350852526789
case_amber,0.5,17,3.0499999999999998,r0026,27,0.5208560254038167
case_amber,0.5,17,3.0499999999999998,r0027,27,0.48768986716119711
case_amber,0.5,17,3.0499999999999998,r0028,27,0.54832153349449197
case_amber,0.5,17,3.4500000000000002,r0000,36,0.37490257023306622
case_amber,0.5,17,3.4500000000000002,r0001,36,0.42848866713822464
case_amber,0.5,17,3.4500000000000002,r0002,36,0.39958418047051819
case_amber,0.5,17,3.4500000000000002,r0003,36,0.39774220743790711
case_amber,0.5,17,3.4500000000000002,r0004,35,0.42630960858270417
case_amber,0.5,17,3.4500000000000002,r0005,36,0.48484007099220933
case_amber,0.5,17,3.4500000000000002,r0006,36,0.49205940207214205
case_amber,0.5,17,3.4500000000000002,r0007,36,0.41263446210615995
case_amber,0.5,17,3.4500000000000002,r0008,35,0.36973904393075407
case_amber,0.5,17,3.4500000000000002,r0009,36,0.39947643577340802
case_amber,0.5,17,3.4500000000000002,r0010,36,0.47165952850443582
case_amber,0.5,17,3.4500000000000002,r0011,36,0.49961714722211376
case_amber,0.5,17,3.4500000000000002,r0012,36,0.41242759976975518
case_amber,0.5,17,3.4500000000000002,r0013,36,0.48489466179455548
case_amber,0.5,17,3.4500000000000002,r0014,36,0.38566409468702889
case_amber,0.5,17,3.4500000000000002,r0015,36,0.3829422869926023
case_amber,0.5,17,3.4500000000000002,r0016,36,0.57414276254709873
case_amber,0.5,17,3.4500000000000002,r0017,37,0.38487652551938983
case_amber,0.5,17,3.4500000000000002,r0018,36,0.46247723302245675
case_amber,0.5,17,3.4500000000000002,r0019,37,0.40180663930502847
case_amber,0.5,17,3.4500000000000002,r0020,37,0.42350747077722223
case_amber,0.5,17,3.4500000000000002,r0021,36,0.3651678510722724
case_amber,0.5,17,3.4500000000000002,r0022,36,0.45612586200034422
case_amber,0.5,17,3.4500000000000002,r0023,35,0.4496836124399769
case_amber,0.5,17,3.4500000000000002,r0024,36,0.40093387040165351
case_amber,0.5,17,3.4500000000000002,r0025,36,0.39080728336552112
case_amber,0.5,17,3.4500000000000002,r0026,36,0.43133320175990203
case_amber,0.5,17,3.4500000000000002,r0027,36,0.36414955040958363
case_amber,0.5,17,3.4500000000000002,r0028,36,0.44502985767614039
case_amber,0.5,17,3.8500000000000001,r0000,38,0.32265815177623713
case_amber,0.5,17,3.8500000000000001,r0001,38,0.37963672994578679
case_amber,0.5,17,3.8500000000000001,r0002,38,0.42634938372225512
case_amber,0.5,17,3.8500000000000001,r0003,38,0.42817607689817921
case_amber,0.5,17,3.8500000000000001,r0004,38,0.43099728616022076
case_amber,0.5,17,3.8500000000000001,r0005,38,0.38955700837418084
case_amber,0.5,17,3.8500000000000001,r0006,38,0.36559652272524729
case_amber,0.5,17,3.8500000000000001,r0007,38,0.37637737463658905
case_amber,0.5,17,3.8500000000000001,r0008,38,0.42762774032398743
case_amber,0.5,17,3.8500000000000001,r0009,38,0.31553174526386291
case_amber,0.5,17,3.8500000000000001,r0010,38,0.45910860436547535
case_amber,0.5,17,3.8500000000000001,r0011,38,0.35738302452054038
case_amber,0.5,17,3.8500000000000001,r0012,38,0.42242550816090846
case_amber,0.5,17,3.8500000000000001,r0013,38,0.35359205932154114
case_amber,0.5,17,3.8500000000000001,r0014,38,0.44303284966629503
case_amber,0.5,17,3.8500000000000001,r0015,38,0.38817028288415484
case_amber,0.5,17,3.8500000000000001,r0016,38,0.37828738516921151
case_amber,0.5,17,3.8500000000000001,r0017,38,0.45253111423567
case_amber,0.5,17,3.8500000000000001,r0018,38,0.28385721390903723
case_amber,0.5,17,3.8500000000000001,r0019,38,0.39999990521723577
case_amber,0.5,17,3.8500000000000001,r0020,38,0.39330461277790152
case_amber,0.5,17,3.8500000000000001,r0021,38,0.39626012555870288
case_amber,0.5,17,3.8500000000000001,r0022,38,0.39021396873051545
case_amber,0.5,17,3.8500000000000001,r0023,38,0.46201371849580519
case_amber,0.5,17,3.8500000000000001,r0024,38,0.31520186337978801
case_amber,0.5,17,3.8500000000000001,r0025,38,0.3221987514804559
case_amber,0.5,17,3.8500000000000001,r0026,38,0.34464832177320964
case_amber,0.5,17,3.8500000000000001,r0027,38,0.45437428177555023
case_amber,0.5,17,3.8500000000000001,r0028,38,0.35817951210130677
case_amber,0.5,17,4.25,r0000,38,0.4762830083326261
case_amber,0.5,17,4.25,r0001,38,0.42599262112774422
case_amber,0.5,17,4.25,r0002,38,0.43004480489387598
case_amber,0.5,17,4.25,r0003,38,0.45695673891201799
case_amber,0.5,17,4.25,r0004,38,0.3520696352407266
case_amber,0.5,17,4.25,r0005,38,0.41789670494383513
case_amber,0.5,17,4.25,r0006,38,0.4046472084492464
case_amber,0.5,17,4.25,r0007,38,0.38791856963702043
case_amber,0.5,17,4.25,r0008,38,0.43699839501957172
case_amber,0.5,17,4.25,r0009,38,0.32541239982254822
case_amber,0.5,17,4.25,r0010,38,0.40706030599377219
case_amber,0.5,17,4.25,r0011,38,0.42476607155138263
case_amber,0.5,17,4.25,r0012,38,0.38661393223952256
case_amber,0.5,17,4.25,r0013,38,0.35545134321898936
case_amber,0.5,17,4.25,r0014,38,0.54271434476048874
case_amber,0.5,17,4.25,r0015,38,0.37009196066453259
case_amber,0.5,17,4.25,r0016,38,0.39149881078777238
case_amber,0.5,17,4.25,r0017,38,0.33993140693336998
case_amber,0.5,17,4.25,r0018,38,0.32524567079625044
case_amber,0.5,17,4.25,r0019,38,0.42270830637308654
case_amber,0.5,17,4.25,r0020,38,0.43729446302714609
case_amber,0.5,17,4.25,r0021,38,0.45499591904926801
case_amber,0.5,17,4.25,r0022,38,0.38445697077172342
case_amber,0.5,17,4.25,r0023,38,0.38003079124138717
case_amber,0.5,17,4.25,r0024,38,0.32839477387135801
case_amber,0.5,17,4.25,r0025,38,0.48198077449949289
case_amber,0.5,17,4.25,r0026,38,0.39782342847528335
case_amber,0.5,17,4.25,r0027,38,0.39383097303713432
case_amber,0.5,17,4.25,r0028,38,0.34852078638667566
case_amber,0.5,17,4.6500000000000004,r0000,38,0.48443052502592671
case_amber,0.5,17,4.6500000000000004,r0001,38,0.40493008662343105
case_amber,0.5,17,4.6500000000000004,r0002,38,0.41424688787184111
case_amber,0.5,17,4.6500000000000004,r0003,38,0.40243945710209544
case_amber,0.5,17,4.6500000000000004,r0004,38,0.3226811722250349
case_amber,0.5,17,4.6500000000000004,r0005,38,0.38792594313899281
case_amber,0.5,17,4.6500000000000004,r0006,38,0.42174459391893643
case_amber,0.5,17,4.6500000000000004,r0007,38,0.33088294428310661
case_amber,0.5,17,4.6500000000000004,r0008,38,0.46363867716512869
case_amber,0.5,17,4.6500000000000004,r0009,38,0.36244744368805604
case_amber,0.5,17,4.6500000000000004,r0010,38,0.27476732580876778
case_amber,0.5,17,4.6500000000000004,r0011,38,0.44857245170987303
case_amber,0.5,17,4.6500000000000004,r0012,38,0.41158732940532178
case_amber,0.5,17,4.6500000000000004,r0013,38,0.36521852502219881
case_amber,0.5,17,4.6500000000000004,r0014,38,0.3871307164536299
case_amber,0.5,17,4.6500000000000004,r0015,38,0.359919080202179
case_amber,0.5,17,4.6500000000000004,r0016,38,0.34983073224802341
case_amber,0.5,17,4.6500000000000004,r0017,38,0.37430199755024307
case_amber,0.5,17,4.6500000000000004,r0018,38,0.36688624420005417
case_amber,0.5,17,4.6500000000000004,r0019,38,0.30945216154012833
case_amber,0.5,17,4.6500000000000004,r0020,38,0.29112981773356439
case_amber,0.5,17,4.6500000000000004,r0021,38,0.33246374053036459
case_amber,0.5,17,4.6500000000000004,r0022,38,0.34845686570191076
case_amber,0.5,17,4.6500000000000004,r0023,38,0.38066232102954434
case_amber,0.5,17,4.6500000000000004,r0024,38,0.35345985216198272
case_amber,0.5,17,4.6500000000000004,r0025,38,0.35251712617982867
case_amber,0.5,17,4.6500000000000004,r0026,38,0.28771617948967815
case_amber,0.5,17,4.6500000000000004,r0027,38,0.32247901346943392
case_amber,0.5,17,4.6500000000000004,r0028,38,0.35984697328843174
case_amber,0.5,25,1.45,r0000,24,0.53958133478719639
case_amber,0.5,25,1.45,r0001,24,0.55161562737521586
case_amber,0.5,25,1.45,r0002,24,0.54377043254155211
case_amber,0.5,25,1.45,r0003,24,0.49057957700910187
case_amber,0.5,25,1.45,r0004,24,0.5419718536435354
case_amber,0.5,25,1.45,r0005,24,0.58890936295623175
case_amber,0.5,25,1.45,r0006,24,0.60736175294027372
case_amber,0.5,25,1.45,r0007,24,0.42611233229585377
case_amber,0.5,25,1.45,r0008,24,0.56320386183162308
case_amber,0.5,25,1.45,r0009,24,0.46255720573574727
case_amber,0.5,25,1.45,r0010,24,0.52645919560998244
case_amber,0.5,25,1.45,r0011,24,0.58573889779342192
case_amber,0.5,25,1.45,r0012,24,0.5434099081149949
case_amber,0.5,25,1.45,r0013,24,0.55587585274338747
case_amber,0.5,25,1.45,r0014,24,0.5009968950785596
case_amber,0.5,25,1.45,r0015,24,0.45319518224035105
case_amber,0.5,25,1.45,r0016,24,0.52155355801704173
case_amber,0.5,25,1.45,r0017,24,0.52137739451768927
case_amber,0.5,25,1.45,r0018,24,0.51556878601336675
case_amber,0.5,25,1.45,r0019,24,0.6023179852035474
case_amber,0.5,25,1.45,r0020,24,0.56940431570737715
case_amber,0.5,25,1.45,r0021,24,0.49965293242497327
case_amber,0.5,25,1.45,r0022,24,0.45086036578256755
case_amber,0.5,25,1.45,r0023,24,0.6206347831375848
case_amber,0.5,25,1.45,r0024,24,0.47133655067604785
case_amber,0.5,25,1.45,r0025,24,0.52825147600212763
case_amber,0.5,25,1.45,r0026,24,0.57967601929785906
case_amber,0.5,25,1.45,r0027,24,0.50645645527294703
case_amber,0.5,25,1.45,r0028,24,0.50677192113091507
case_amber,0.5,25,1.8500000000000001,r0000,24,0.51757026380633597
case_amber,0.5,25,1.8500000000000001,r0001,24,0.50251495670250346
case_amber,0.5,25,1.8500000000000001,r0002,24,0.45851928978144957
case_amber,0.5,25,1.8500000000000001,r0003,24,0.44056840489128007
case_amber,0.5,25,1.8500000000000001,r0004,24,0.49861405755443572
case_amber,0.5,25,1.8500000000000001,r0005,24,0.42285505960211639
case_amber,0.5,25,1.8500000000000001,r0006,24,0.48783501945837454
case_amber,0.5,25,1.8500000000000001,r0007,24,0.51196733945879058
case_amber,0.5,25,1.8500000000000001,r0008,24,0.54412611983731896
case_amber,0.5,25,1.8500000000000001,r0009,24,0.52374547923243386
case_amber,0.5,25,1.8500000000000001,r0010,24,0.62091900305363046
case_amber,0.5,25,1.8500000000000001,r0011,24,0.35957428472646508
case_amber,0.5,25,1.8500000000000001,r0012,24,0.47781851588030916
case_amber,0.5,25,1.8500000000000001,r0013,24,0.51009980042784875
case_amber,0.5,25,1.8500000000000001,r0014,24,0.51727539196770989
case_amber,0.5,25,1.8500000000000001,r0015,24,0.52772319251793942
case_amber,0.5,25,1.8500000000000001,r0016,24,0.48302588279267417
case_amber,0.5,25,1.8500000000000001,r0017,24,0.51154101326472068
case_amber,0.5,25,1.8500000000000001,r0018,24,0.51912507041783063
case_amber,0.5,25,1.8500000000000001,r0019,24,0.51656201438973159
case_amber,0.5,25,1.8500000000000001,r0020,24,0.52675636358138511
case_amber,0.5,25,1.8500000000000001,r0021,24,0.60108031026928377
case_amber,0.5,25,1.8500000000000001,r0022,24,0.49428998963875398
case_amber,0.5,25,1.8500000000000001,r0023,24,0.48950973061350384
case_amber,0.5,25,1.8500000000000001,r0024,24,0.48192392325662342
case_amber,0.5,25,1.8500000000000001,r0025,24,0.57444793206793343
case_amber,0.5,25,1.8500000000000001,r0026,24,0.51346878097887338
case_amber,0.5,25,1.8500000000000001,r0027,24,0.48925965786346409
case_amber,0.5,25,1.8500000000000001,r0028,24,0.60332506184993506
case_amber,0.5,25,2.25,r0000,24,0.48346809884397013
case_amber,0.5,25,2.25,r0001,24,0.53886257459575848
case_amber,0.5,25,2.25,r0002,24,0.53624129039907453
case_amber,0.5,25,2.25,r0003,24,0.62312940005919781
case_amber,0.5,25,2.25,r0004,24,0.56938602270862282
case_amber,0.5,25,2.25,r0005,24,0.49503946738852589
case_amber,0.5,25,2.25,r0006,24,0.64231045600121883
case_amber,0.5,25,2.25,r0007,24,0.47216731234587939
case_amber,0.5,25,2.25,r0008,24,0.56905335734504081
case_amber,0.5,25,2.25,r0009,24,0.52792839768127309
case_amber,0.5,25,2.25,r0010,24,0.54869658725168413
case_amber,0.5,25,2.25,r0011,24,0.59398316308515198
case_amber,0.5,25,2.25,r0012,24,0.50119775235970232
case_amber,0.5,25,2.25,r0013,24,0.55780402446752231
case_amber,0.5,25,2.25,r0014,24,0.50511392310627334
case_amber,0.5,25,2.25,r0015,24,0.50574440130114973
case_amber,0.5,25,2.25,r0016,24,0.54537355923733466
case_amber,0.5,25,2.25,r0017,24,0.49292651258312858
case_amber,0.5,25,2.25,r0018,24,0.51780831368898372
case_amber,0.5,25,2.25,r0019,24,0.52016841201491315
case_amber,0.5,25,2.25,r0020,24,0.43041878095300884
case_amber,0.5,25,2.25,r0021,24,0.61159365275293065
case_amber,0.5,25,2.25,r0022,24,0.56349033915463498
case_amber,0.5,25,2.25,r0023,24,0.55169759035447152
case_amber,0.5,25,2.25,r0024,24,0.57468426533724504
case_amber,0.5,25,2.25,r0025,24,0.56966239259542373
case_amber,0.5,25,2.25,r0026,24,0.53028812374268119
case_amber,0.5,25,2.25,r0027,24,0.63563291440845038
case_amber,0.5,25,2.25,r0028,24,0.57167831668060487
case_amber,0.5,25,2.6499999999999999,r0000,24,0.58521006531669373
case_amber,0.5,25,2.6499999999999999,r0001,24,0.56977428608974112
case_amber,0.5,25,2.6499999999999999,r0002,24,0.53971266221986569
case_amber,0.5,25,2.6499999999999999,r0003,24,0.52304059598407371
case_amber,0.5,25,2.6499999999999999,r0004,24,0.50793921388503993
case_amber,0.5,25,2.6499999999999999,r0005,24,0.60308594845031505
case_amber,0.5,25,2.6499999999999999,r0006,24,0.5004719902012279
case_amber,0.5,25,2.6499999999999999,r0007,24,0.50935493643849072
case_amber,0.5,25,2.6499999999999999,r0008,24,0.56269560655925643
case_amber,0.5,25,2.6499999999999999,r0009,24,0.55173995792092723
case_amber,0.5,25,2.6499999999999999,r0010,24,0.58025964159616272
case_amber,0.5,25,2.6499999999999999,r0011,24,0.45697218956575436
case_amber,0.5,25,2.6499999999999999,r0012,24,0.47706044201322301
case_amber,0.5,25,2.6499999999999999,r0013,24,0.54075211765549958
case_amber,0.5,25,2.6499999999999999,r0014,24,0.44334705107666794
case_amber,0.5,25,2.6499999999999999,r0015,24,0.53098827860559128
case_amber,0.5,25,2.6499999999999999,r0016,24,0.52229403478671788
case_amber,0.5,25,2.6499999999999999,r0017,24,0.64059313202439039
case_amber,0.5,25,2.6499999999999999,r0018,24,0.57339800961733856
case_amber,0.5,25,2.6499999999999999,r0019,24,0.49923879642616198
case_amber,0.5,25,2.6499999999999999,r0020,24,0.53732980556951782
case_amber,0.5,25,2.6499999999999999,r0021,24,0.45832748260678574
case_amber,0.5,25,2.6499999999999999,r0022,24,0.55796923279587574
case_amber,0.5,25,2.6499999999999999,r0023,24,0.55110464830016614
case_amber,0.5,25,2.6499999999999999,r0024,24,0.54631346823390181
case_amber,0.5,25,2.6499999999999999,r0025,24,0.57308784440301597
case_amber,0.5,25,2.6499999999999999,r0026,24,0.55389896589554632
case_amber,0.5,25,2.6499999999999999,r0027,24,0.60999264884972504
case_amber,0.5,25,2.6499999999999999,r0028,24,0.5642361762623872
case_amber,0.5,25,3.0499999999999998,r0000,26,0.43929742278207434
case_amber,0.5,25,3.0499999999999998,r0001,25,0.54416840349996298
case_amber,0.5,25,3.0499999999999998,r0002,26,0.56176733685281133
case_amber,0.5,25,3.0499999999999998,r0003,25,0.6126865379955585
case_amber,0.5,25,3.0499999999999998,r0004,25,0.51026101535369395
case_amber,0.5,25,3.0499999999999998,r0005,26,0.51152118732553231
case_amber,0.5,25,3.0499999999999998,r0006,26,0.61129405300356998
case_amber,0.5,25,3.0499999999999998,r0007,25,0.57532768677208557
case_amber,0.5,25,3.0499999999999998,r0008,26,0.4476975277322035
case_amber,0.5,25,3.0499999999999998,r0009,25,0.5186641318528431
case_amber,0.5,25,3.0499999999999998,r0010,26,0.54993513841796726
case_amber,0.5,25,3.0499999999999998,r0011,25,0.56206747761485754
case_amber,0.5,25,3.0499999999999998,r0012,26,0.50179160113337451
case_amber,0.5,25,3.0499999999999998,r0013,26,0.52605539048424066
case_amber,0.5,25,3.0499999999999998,r0014,26,0.59404862149652549
case_amber,0.5,25,3.0499999999999998,r0015,25,0.57372912250216668
case_amber,0.5,25,3.0499999999999998,r0016,26,0.46574583085543142
case_amber,0.5,25,3.0499999999999998,r0017,26,0.51562249338338273
case_amber,0.5,25,3.0499999999999998,r0018,26,0.47295784701242849
case_amber,0.5,25,3.0499999999999998,r0019,25,0.52182741662838394
case_amber,0.5,25,3.0499999999999998,r0020,26,0.47887959672834629
case_amber,0.5,25,3.0499999999999998,r0021,25,0.59974148233382207
case_amber,0.5,25,3.0499999999999998,r0022,25,0.50457648360632457
case_amber,0.5,25,3.0499999999999998,r0023,25,0.5538835569313727
case_amber,0.5,25,3.0499999999999998,r0024,25,0.45652555214274088
case_amber,0.5,25,3.0499999999999998,r0025,25,0.56069562726081967
case_amber,0.5,25,3.0499999999999998,r0026,26,0.5558546731697066
case_amber,0.5,25,3.0499999999999998,r0027,26,0.42952663200114627
case_amber,0.5,25,3.0499999999999998,r0028,25,0.48435808478310077
case_amber,0.5,25,3.4500000000000002,r0000,37,0.39535840151570767
case_amber,0.5,25,3.4500000000000002,r0001,38,0.42443741199622104
case_amber,0.5,25,3.4500000000000002,r0002,37,0.44032971149447475
case_amber,0.5,25,3.4500000000000002,r0003,37,0.46373181766781224
case_amber,0.5,25,3.4500000000000002,r0004,37,0.36749031128462628
case_amber,0.5,25,3.4500000000000002,r0005,37,0.35753262252998225
case_amber,0.5,25,3.4500000000000002,r0006,37,0.43765328732547171
case_amber,0.5,25,3.4500000000000002,r0007,37,0.37885885787978657
case_amber,0.5,25,3.4500000000000002,r0008,38,0.36260294811730381
case_amber,0.5,25,3.4500000000000002,r0009,38,0.32527921470271809
case_amber,0.5,25,3.4500000000000002,r0010,37,0.31727554706234473
case_amber,0.5,25,3.4500000000000002,r0011,37,0.466360034432383
case_amber,0.5,25,3.4500000000000002,r0012,37,0.362595503636303
case_amber,0.5,25,3.4500000000000002,r0013,37,0.4064428832458078
case_amber,0.5,25,3.4500000000000002,r0014,37,0.42656074065940902
case_amber,0.5,25,3.4500000000000002,r0015,38,0.42450688435191297
case_amber,0.5,25,3.4500000000000002,r0016,38,0.40223518634360228
case_amber,0.5,25,3.4500000000000002,r0017,38,0.37646932985032427
case_amber,0.5,25,3.4500000000000002,r0018,37,0.41944821944325233
case_amber,0.5,25,3.4500000000000002,r0019,38,0.39973886406979664
case_amber,0.5,25,3.4500000000000002,r0020,38,0.33281827443359752
case_amber,0.5,25,3.4500000000000002,r0021,38,0.49576556886686041
case_amber,0.5,25,3.4500000000000002,r0022,38,0.37059705586738884
case_amber,0.5,25,3.4500000000000002,r0023,37,0.42361714983695847
case_amber,0.5,25,3.4500000000000002,r0024,37,0.42750448032108546
case_amber,0.5,25,3.4500000000000002,r0025,37,0.41344915419101341
case_amber,0.5,25,3.4500000000000002,r0026,38,0.40707093174784698
case_amber,0.5,25,3.4500000000000002,r0027,37,0.51465142199032465
case_amber,0.5,25,3.4500000000000002,r0028,37,0.35726455527138351
case_amber,0.5,25,3.8500000000000001,r0000,38,0.41178018512553211
case_amber,0.5,25,3.8500000000000001,r0001,38,0.40467960054336655
case_amber,0.5,25,3.8500000000000001,r0002,38,0.37497048596536403
case_amber,0.5,25,3.8500000000000001,r0003,38,0.35935919354251733
case_amber,0.5,25,3.8500000000000001,r0004,38,0.38861597453657021
case_amber,0.5,25,3.8500000000000001,r0005,38,0.37098271144382983
case_amber,0.5,25,3.8500000000000001,r0006,38,0.43877307406714283
case_amber,0.5,25,3.8500000000000001,r0007,38,0.39428939319368234
case_amber,0.5,25,3.8500000000000001,r0008,38,0.40103248799479618
case_amber,0.5,25,3.8500000000000001,r0009,38,0.44207503891317318
case_amber,0.5,25,3.8500000000000001,r0010,38,0.32982659727307206
case_amber,0.5,25,3.8500000000000001,r0011,38,0.35714800778280598
case_amber,0.5,25,3.8500000000000001,r0012,38,0.36516046005009595
case_amber,0.5,25,3.8500000000000001,r0013,38,0.38929837334460293
case_amber,0.5,25,3.8500000000000001,r0014,38,0.33444181852669491
case_amber,0.5,25,3.8500000000000001,r0015,38,0.40594310044525589
case_amber,0.5,25,3.8500000000000001,r0016,38,0.37871341831875044
case_amber,0.5,25,3.8500000000000001,r0017,38,0.3779547555061295
case_amber,0.5,25,3.8500000000000001,r0018,38,0.32502681867340744
case_amber,0.5,25,3.8500000000000001,r0019,38,0.3828477172418826
case_amber,0.5,25,3.8500000000000001,r0020,38,0.35596298083056649
case_amber,0.5,25,3.8500000000000001,r0021,38,0.38378997993095648
case_amber,0.5,25,3.8500000000000001,r0022,38,0.40182058412776739
case_amber,0.5,25,3.8500000000000001,r0023,38,0.37381074505094314
case_amber,0.5,25,3.8500000000000001,r0024,38,0.38522897412591484
case_amber,0.5,25,3.8500000000000001,r0025,38,0.33720374113078166
case_amber,0.5,25,3.8500000000000001,r0026,38,0.38318480491438056
case_amber,0.5,25,3.8500000000000001,r0027,38,0.37872850469818981
case_amber,0.5,25,3.8500000000000001,r0028,38,0.40957067256500607
case_amber,0.5,25,4.25,r0000,38,0.43783507755151219
case_amber,0.5,25,4.25,r0001,38,0.43903431376768182
case_amber,0.5,25,4.25,r0002,38,0.42820698006189634
case_amber,0.5,25,4.25,r0003,38,0.42962416195307729
case_amber,0.5,25,4.25,r0004,38,0.40355656083675856
case_amber,0.5,25,4.25,r0005,38,0.38873614801933104
case_amber,0.5,25,4.25,r0006,38,0.47042471369569488
case_amber,0.5,25,4.25,r0007,38,0.34116348965402149
case_amber,0.5,25,4.25,r0008,38,0.41499408367406287
case_amber,0.5,25,4.25,r0009,38,0.40111464345047265
case_amber,0.5,25,4.25,r0010,38,0.32311311809113247
case_amber,0.5,25,4.25,r0011,38,0.34096857519544893
case_amber,0.5,25,4.25,r0012,38,0.35053753761770384
case_amber,0.5,25,4.25,r0013,38,0.41924732145228871
case_amber,0.5,25,4.25,r0014,38,0.4087931837740868
case_amber,0.5,25,4.25,r0015,38,0.34924282222449382
case_amber,0.5,25,4.25,r0016,38,0.31521525211049378
case_amber,0.5,25,4.25,r0017,38,0.40387133270950681
case_amber,0.5,25,4.25,r0018,38,0.36559369178289031
case_amber,0.5,25,4.25,r0019,38,0.41510570240690942
case_amber,0.5,25,4.25,r0020,38,0.46056601556967247
case_amber,0.5,25,4.25,r0021,38,0.42701870026147537
case_amber,0.5,25,4.25,r0022,38,0.46202141511706413
case_amber,0.5,25,4.25,r0023,38,0.48567904147360541
case_amber,0.5,25,4.25,r0024,38,0.50921437353725418
case_amber,0.5,25,4.25,r0025,38,0.37061176775123356
case_amber,0.5,25,4.25,r0026,38,0.45794964627889828
case_amber,0.5,25,4.25,r0027,38,0.41534003025535782
case_amber,0.5,25,4.25,r0028,38,0.30462583946132166
case_amber,0.5,25,4.6500000000000004,r0000,38,0.26688513425859572
case_amber,0.5,25,4.6500000000000004,r0001,38,0.40366931411324447
case_amber,0.5,25,4.6500000000000004,r0002,38,0.39462646418080166
case_amber,0.5,25,4.6500000000000004,r0003,38,0.44365765402377744
case_amber,0.5,25,4.6500000000000004,r0004,38,0.46060533749059995
case_amber,0.5,25,4.6500000000000004,r0005,38,0.45553819325116374
case_amber,0.5,25,4.6500000000000004,r0006,38,0.31578737936480578
case_amber,0.5,25,4.6500000000000004,r0007,38,0.34090381484498161
case_amber,0.5,25,4.6500000000000004,r0008,38,0.40129520707126481
case_amber,0.5,25,4.6500000000000004,r0009,38,0.40990671206261692
case_amber,0.5,25,4.6500000000000004,r0010,38,0.43822588510013405
case_amber,0.5,25,4.6500000000000004,r0011,38,0.34086259368115812
case_amber,0.5,25,4.6500000000000004,r0012,38,0.37813457509099208
case_amber,0.5,25,4.6500000000000004,r0013,38,0.31690341348083978
case_amber,0.5,25,4.6500000000000004,r0014,38,0.40061875716995415
case_amber,0.5,25,4.6500000000000004,r0015,38,0.39306043466545693
case_amber,0.5,25,4.6500000000000004,r0016,38,0.40558140384442271
case_amber,0.5,25,4.6500000000000004,r0017,38,0.38556217636258083
case_amber,0.5,25,4.6500000000000004,r0018,38,0.40114559739089362
case_amber,0.5,25,4.6500000000000004,r0019,38,0.37057024182189213
case_amber,0.5,25,4.6500000000000004,r0020,38,0.32040033104599192
case_amber,0.5,25,4.6500000000000004,r0021,38,0.43051291732735547
case_amber,0.5,25,4.6500000000000004,r0022,38,0.3130639072453314
case_amber,0.5,25,4.6500000000000004,r0023,38,0.41543725521380087
case_amber,0.5,25,4.6500000000000004,r0024,38,0.3977710993280727
case_amber,0.5,25,4.6500000000000004,r0025,38,0.39058301452156247
case_amber,0.5,25,4.6500000000000004,r0026,38,0.29205853714550506
case_amber,0.5,25,4.6500000000000004,r0027,38,0.40920223285492002
case_amber,0.5,25,4.6500000000000004,r0028,38,0.44882845331782856
case_amber,0.81999999999999995,7,1.45,r0000,24,0.52493281989610874
case_amber,0.81999999999999995,7,1.45,r0001,24,0.54235348892209789
case_amber,0.81999999999999995,7,1.45,r0002,24,0.53796199410550061
case_amber,0.81999999999999995,7,1.45,r0003,24,0.51660117745849721
case_amber,0.81999999999999995,7,1.45,r0004,24,0.49279928002280443
case_amber,0.81999999999999995,7,1.45,r0005,24,0.52983944452234333
case_amber,0.81999999999999995,7,1.45,r0006,24,0.54551960010924627
case_amber,0.81999999999999995,7,1.45,r0007,24,0.5705609639329251
case_amber,0.81999999999999995,7,1.45,r0008,24,0.46721141259580695
case_amber,0.81999999999999995,7,1.45,r0009,24,0.61013605696056972
case_amber,0.81999999999999995,7,1.45,r0010,24,0.56108922117296378
case_amber,0.81999999999999995,7,1.45,r0011,24,0.47140494603625221
case_amber,0.81999999999999995,7,1.45,r0012,24,0.56640970373193389
case_amber,0.81999999999999995,7,1.45,r0013,24,0.61687395648694843
case_amber,0.81999999999999995,7,1.45,r0014,24,0.5106098311583791
case_amber,0.81999999999999995,7,1.45,r0015,24,0.6006438842143994
case_amber,0.81999999999999995,7,1.45,r0016,24,0.46302480117362582
case_amber,0.81999999999999995,7,1.45,r0017,24,0.58996261649503035
case_amber,0.81999999999999995,7,1.45,r0018,24,0.55828076527842618
case_amber,0.81999999999999995,7,1.45,r0019,24,0.50196340575660892
case_amber,0.81999999999999995,7,1.45,r0020,24,0.64532087874984312
case_amber,0.81999999999999995,7,1.45,r0021,24,0.52807368296508683
case_amber,0.81999999999999995,7,1.45,r0022,24,0.56056264176310833
case_amber,0.81999999999999995,7,1.45,r0023,24,0.52312702148581947
case_amber,0.81999999999999995,7,1.45,r0024,24,0.49539995852082441
case_amber,0.81999999999999995,7,1.45,r0025,24,0.61721862334279443
case_amber,0.81999999999999995,7,1.45,r0026,24,0.59143048141445131
case_amber,0.81999999999999995,7,1.45,r0027,24,0.4404897173736752
case_amber,0.81999999999999995,7,1.45,r0028,24,0.44472661472687319
case_amber,0.81999999999999995,7,1.8500000000000001,r0000,25,0.59696348933259946
case_amber,0.81999999999999995,7,1.8500000000000001,r0001,25,0.43816265373946711
case_amber,0.81999999999999995,7,1.8500000000000001,r0002,25,0.57209482851339644
case_amber,0.81999999999999995,7,1.8500000000000001,r0003,25,0.57971935982148637
case_amber,0.81999999999999995,7,1.8500000000000001,r0004,25,0.48393128869715979
case_amber,0.81999999999999995,7,1.8500000000000001,r0005,25,0.50168343973384066
case_amber,0.81999999999999995,7,1.8500000000000001,r0006,25,0.59410446028498731
case_amber,0.81999999999999995,7,1.8500000000000001,r0007,25,0.49959245102884153
case_amber,0.81999999999999995,7,1.8500000000000001,r0008,25,0.49298616267260814
case_amber,0.81999999999999995,7,1.8500000000000001,r0009,25,0.64562982704836347
case_amber,0.81999999999999995,7,1.8500000000000001,r0010,25,0.49281168555233007
case_amber,0.81999999999999995,7,1.8500000000000001,r0011,25,0.48557369752301194
case_amber,0.81999999999999995,7,1.8500000000000001,r0012,25,0.52265882947877051
case_amber,0.81999999999999995,7,1.8500000000000001,r0013,25,0.54161859629115905
case_amber,0.81999999999999995,7,1.8500000000000001,r0014,25,0.46298631233648407
case_amber,0.81999999999999995,7,1.8500000000000001,r0015,25,0.56618168342586106
case_amber,0.81999999999999995,7,1.8500000000000001,r0016,25,0.59656166475144834
case_amber,0.81999999999999995,7,1.8500000000000001,r0017,25,0.48233842787135051
case_amber,0.81999999999999995,7,1.8500000000000001,r0018,26,0.47454207310739294
case_amber,0.81999999999999995,7,1.8500000000000001,r0019,25,0.49621498600893543
case_amber,0.81999999999999995,7,1.8500000000000001,r0020,25,0.53875901093803258
case_amber,0.81999999999999995,7,1.8500000000000001,r0021,25,0.60857199703443099
case_amber,0.81999999999999995,7,1.8500000000000001,r0022,25,0.54126770445509442
case_amber,0.81999999999999995,7,1.8500000000000001,r0023,25,0.54932824482779641
case_amber,0.81999999999999995,7,1.8500000000000001,r0024,25,0.48289954804795238
case_amber,0.81999999999999995,7,1.8500000000000001,r0025,25,0.5071951636294092
case_amber,0.81999999999999995,7,1.8500000000000001,r0026,25,0.55860778580453418
case_amber,0.81999999999999995,7,1.8500000000000001,r0027,25,0.57354781402771671
case_amber,0.81999999999999995,7,1.8500000000000001,r0028,25,0.45615671801678354
case_amber,0.81999999999999995,7,2.25,r0000,26,0.50390673531365238
case_amber,0.81999999999999995,7,2.25,r0001,26,0.62029685034302362
case_amber,0.81999999999999995,7,2.25,r0002,28,0.50984916830387417
case_amber,0.81999999999999995,7,2.25,r0003,26,0.5667917999142128
case_amber,0.81999999999999995,7,2.25,r0004,27,0.4807479514003179
case_amber,0.81999999999999995,7,2.25,r0005,27,0.635568998965649
case_amber,0.81999999999999995,7,2.25,r0006,27,0.3518578282958803
case_amber,0.81999999999999995,7,2.25,r0007,27,0.49843683601247474
case_amber,0.81999999999999995,7,2.25,r0008,27,0.4576341099897866
case_amber,0.81999999999999995,7,2.25,r0009,28,0.45531433964483442
case_amber,0.81999999999999995,7,2.25,r0010,27,0.54703518816001329
case_amber,0.81999999999999995,7,2.25,r0011,27,0.55721735922822013
case_amber,0.81999999999999995,7,2.25,r0012,28,0.53130721109713064
case_amber,0.81999999999999995,7,2.25,r0013,27,0.50206432837053094
case_amber,0.81999999999999995,7,2.25,r0014,27,0.47853725863688795
case_amber,0.81999999999999995,7,2.25,r0015,26,0.50399268797484564
case_amber,0.81999999999999995,7,2.25,r0016,27,0.56140006868128267
case_amber,0.81999999999999995,7,2.25,r0017,27,0.59154376843597067
case_amber,0.81999999999999995,7,2.25,r0018,26,0.51230306807081594
case_amber,0.81999999999999995,7,2.25,r0019,26,0.5663950288736499
case_amber,0.81999999999999995,7,2.25,r0020,27,0.50411142993636993
case_amber,0.81999999999999995,7,2.25,r0021,27,0.49160808995409538
case_amber,0.81999999999999995,7,2.25,r0022,27,0.61132679544538937
case_amber,0.81999999999999995,7,2.25,r0023,27,0.42003899237522935
case_amber,0.81999999999999995,7,2.25,r0024,27,0.59976071716134682
case_amber,0.81999999999999995,7,2.25,r0025,26,0.54794107435848782
case_amber,0.81999999999999995,7,2.25,r0026,26,0.4277751970337621
case_amber,0.81999999999999995,7,2.25,r0027,27,0.50017296938850642
case_amber,0.81999999999999995,7,2.25,r0028,26,0.53248501039591756
case_amber,0.81999999999999995,7,2.6499999999999999,r0000,29,0.50159410320598219
case_amber,0.81999999999999995,7,2.6499999999999999,r0001,30,0.53088148380483036
case_amber,0.81999999999999995,7,2.6499999999999999,r0002,30,0.50961852321351175
case_amber,0.81999999999999995,7,2.6499999999999999,r0003,30,0.56954214592317631
case_amber,0.81999999999999995,7,2.6499999999999999,r0004,30,0.57707500494299591
case_amber,0.81999999999999995,7,2.6499999999999999,r0005,31,0.43927267644976453
case_amber,0.81999999999999995,7,2.6499999999999999,r0006,30,0.44730814160594057
case_amber,0.81999999999999995,7,2.6499999999999999,r0007,30,0.55965469003261403
case_amber,0.81999999999999995,7,2.6499999999999999,r0008,30,0.48978060657195155
case_amber,0.81999999999999995,7,2.6499999999999999,r0009,31,0.39389098251499416
case_amber,0.81999999999999995,7,2.6499999999999999,r0010,30,0.52328197389952702
case_amber,0.81999999999999995,7,2.6499999999999999,r0011,29,0.45673533832501312
case_amber,0.81999999999999995,7,2.6499999999999999,r0012,31,0.51251241719471774
case_amber,0.81999999999999995,7,2.6499999999999999,r0013,30,0.44465075032941287
case_amber,0.81999999999999995,7,2.6499999999999999,r0014,29,0.59914732091949408
case_amber,0.81999999999999995,7,2.6499999999999999,r0015,31,0.50673308808744788
case_amber,0.81999999999999995,7,2.6499999999999999,r0016,30,0.52174097038012079
case_amber,0.81999999999999995,7,2.6499999999999999,r0017,31,0.5608592112953299
case_amber,0.81999999999999995,7,2.6499999999999999,r0018,30,0.41142841396363333
case_amber,0.81999999999999995,7,2.6499999999999999,r0019,29,0.46133486271854046
case_amber,0.81999999999999995,7,2.6499999999999999,r0020,29,0.46220841618713704
case_amber,0.81999999999999995,7,2.6499999999999999,r0021,31,0.39368169558197152
case_amber,0.81999999999999995,7,2.6499999999999999,r0022,29,0.52774396936402346
case_amber,0.81999999999999995,7,2.6499999999999999,r0023,29,0.52904680099704005
case_amber,0.81999999999999995,7,2.6499999999999999,r0024,29,0.56940308397708539
case_amber,0.81999999999999995,7,2.6499999999999999,r0025,30,0.53817758146273154
case_amber,0.81999999999999995,7,2.6499999999999999,r0026,29,0.58303441718796001
case_amber,0.81999999999999995,7,2.6499999999999999,r0027,32,0.47534755302722653
case_amber,0.81999999999999995,7,2.6499999999999999,r0028,29,0.49653686873305797
case_amber,0.81999999999999995,7,3.0499999999999998,r0000,34,0.4514022520538824
case_amber,0.81999999999999995,7,3.0499999999999998,r0001,34,0.47019360792804316
case_amber,0.81999999999999995,7,3.0499999999999998,r0002,33,0.46783875374764006
case_amber,0.81999999999999995,7,3.0499999999999998,r0003,35,0.47672987153064261
case_amber,0.81999999999999995,7,3.0499999999999998,r0004,33,0.43183721996988694
case_amber,0.81999999999999995,7,3.0499999999999998,r0005,33,0.47462795415961911
case_amber,0.81999999999999995,7,3.0499999999999998,r0006,34,0.29926847328671163
case_amber,0.81999999999999995,7,3.0499999999999998,r0007,34,0.42042738670889118
case_amber,0.81999999999999995,7,3.0499999999999998,r0008,34,0.36730637124418963
case_amber,0.81999999999999995,7,3.0499999999999998,r0009,33,0.50324268913521475
case_amber,0.81999999999999995,7,3.0499999999999998,r0010,35,0.32702713352273671
case_amber,0.81999999999999995,7,3.0499999999999998,r0011,34,0.45109988574160481
case_amber,0.81999999999999995,7,3.0499999999999998,r0012,35,0.43224342102762714
case_amber,0.81999999999999995,7,3.0499999999999998,r0013,33,0.52028796756321116
case_amber,0.81999999999999995,7,3.0499999999999998,r0014,34,0.44768690242013842
case_amber,0.81999999999999995,7,3.0499999999999998,r0015,34,0.48611522169879462
case_amber,0.81999999999999995,7,3.0499999999999998,r0016,33,0.41871578502610668
case_amber,0.81999999999999995,7,3.0499999999999998,r0017,35,0.48234316354854362
case_amber,0.81999999999999995,7,3.0499999999999998,r0018,33,0.50479087000068767
case_amber,0.81999999999999995,7,3.0499999999999998,r0019,35,0.51160325199100198
case_amber,0.81999999999999995,7,3.0499999999999998,r0020,35,0.47401501623942638
case_amber,0.81999999999999995,7,3.0499999999999998,r0021,34,0.42288215269807772
case_amber,0.81999999999999995,7,3.0499999999999998,r0022,35,0.48584326872749029
case_amber,0.81999999999999995,7,3.0499999999999998,r0023,34,0.45103079436845989
case_amber,0.81999999999999995,7,3.0499999999999998,r0024,34,0.43113892295317796
case_amber,0.81999999999999995,7,3.0499999999999998,r0025,33,0.42459663711436224
case_amber,0.81999999999999995,7,3.0499999999999998,r0026,33,0.48862699714514357
case_amber,0.81999999999999995,7,3.0499999999999998,r0027,34,0.39821294611615643
case_amber,0.81999999999999995,7,3.0499999999999998,r0028,34,0.51298567329788425
case_amber,0.81999999999999995,7,3.4500000000000002,r0000,36,0.55067977043921146
case_amber,0.81999999999999995,7,3.4500000000000002,r0001,37,0.36711119302730655
case_amber,0.81999999999999995,7,3.4500000000000002,r0002,36,0.41919087453802295
case_amber,0.81999999999999995,7,3.4500000000000002,r0003,36,0.45784836120817896
case_amber,0.81999999999999995,7,3.4500000000000002,r0004,36,0.40228035868562778
case_amber,0.81999999999999995,7,3.4500000000000002,r0005,36,0.40522511386451687
case_amber,0.81999999999999995,7,3.4500000000000002,r0006,36,0.46291292703829001
case_amber,0.81999999999999995,7,3.4500000000000002,r0007,37,0.37238810218664276
case_amber,0.81999999999999995,7,3.4500000000000002,r0008,36,0.50952343072109929
case_amber,0.81999999999999995,7,3.4500000000000002,r0009,37,0.49405533615488678
case_amber,0.81999999999999995,7,3.4500000000000002,r0010,36,0.50981361242519319
case_amber,0.81999999999999995,7,3.4500000000000002,r0011,36,0.40969873894120518
case_amber,0.81999999999999995,7,3.4500000000000002,r0012,36,0.38138312715272626
case_amber,0.81999999999999995,7,3.4500000000000002,r0013,36,0.39445241738233228
case_amber,0.81999999999999995,7,3.4500000000000002,r0014,37,0.44269118433404148
case_amber,0.81999999999999995,7,3.4500000000000002,r0015,36,0.40194993791015626
case_amber,0.81999999999999995,7,3.4500000000000002,r0016,37,0.39495939341333297
case_amber,0.81999999999999995,7,3.4500000000000002,r0017,36,0.48037152660773519
case_amber,0.81999999999999995,7,3.4500000000000002,r0018,37,0.52797270741448266
case_amber,0.81999999999999995,7,3.4500000000000002,r0019,36,0.4137792776116278
case_amber,0.81999999999999995,7,3.4500000000000002,r0020,36,0.38190095410358993
case_amber,0.81999999999999995,7,3.4500000000000002,r0021,36,0.56567529148069351
case_amber,0.81999999999999995,7,3.4500000000000002,r0022,37,0.4856296862856479
case_amber,0.81999999999999995,7,3.4500000000000002,r0023,36,0.45858865076551769
case_amber,0.81999999999999995,7,3.4500000000000002,r0024,36,0.45328482298306366
case_amber,0.81999999999999995,7,3.4500000000000002,r0025,36,0.44294333347558462
case_amber,0.81999999999999995,7,3.4500000000000002,r0026,36,0.45931306453786269
case_amber,0.81999999999999995,7,3.4500000000000002,r0027,35,0.52390886794334213
case_amber,0.81999999999999995,7,3.4500000000000002,r0028,36,0.43950958619031938
case_amber,0.81999999999999995,7,3.8500000000000001,r0000,38,0.39938974658878018
case_amber,0.81999999999999995,7,3.8500000000000001,r0001,37,0.36231852190054048
case_amber,0.81999999999999995,7,3.8500000000000001,r0002,38,0.42429320723092406
case_amber,0.81999999999999995,7,3.8500000000000001,r0003,37,0.45972168711691663
case_amber,0.81999999999999995,7,3.8500000000000001,r0004,38,0.42440682204884372
case_amber,0.81999999999999995,7,3.8500000000000001,r0005,37,0.48048352352310519
case_amber,0.81999999999999995,7,3.8500000000000001,r0006,38,0.43277054847602869
case_amber,0.81999999999999995,7,3.8500000000000001,r0007,37,0.35055480057222155
case_amber,0.81999999999999995,7,3.8500000000000001,r0008,37,0.41044141867413797
case_amber,0.81999999999999995,7,3.8500000000000001,r0009,37,0.34577758629859967
case_amber,0.81999999999999995,7,3.8500000000000001,r0010,37,0.37661351150945299
case_amber,0.81999999999999995,7,3.8500000000000001,r0011,37,0.35898898735746432
case_amber,0.81999999999999995,7,3.8500000000000001,r0012,37,0.21716284459145074
case_amber,0.81999999999999995,7,3.8500000000000001,r0013,38,0.32880969591242648
case_amber,0.81999999999999995,7,3.8500000000000001,r0014,37,0.30154832038029278
case_amber,0.81999999999999995,7,3.8500000000000001,r0015,37,0.52147581102478668
case_amber,0.81999999999999995,7,3.8500000000000001,r0016,37,0.41776998201597715
case_amber,0.81999999999999995,7,3.8500000000000001,r0017,37,0.48779402689962786
case_amber,0.81999999999999995,7,3.8500000000000001,r0018,37,0.35968544532028396
case_amber,0.81999999999999995,7,3.8500000000000001,r0019,37,0.45130210418843708
case_amber,0.81999999999999995,7,3.8500000000000001,r0020,37,0.3214434251126061
case_amber,0.81999999999999995,7,3.8500000000000001,r0021,37,0.32039239350883331
case_amber,0.81999999999999995,7,3.8500000000000001,r0022,37,0.49251962041016556
case_amber,0.81999999999999995,7,3.8500000000000001,r0023,37,0.36517480964407362
case_amber,0.81999999999999995,7,3.8500000000000001,r0024,38,0.36825101268296545
case_amber,0.81999999999999995,7,3.8500000000000001,r0025,38,0.41130240487032493
case_amber,0.81999999999999995,7,3.8500000000000001,r0026,37,0.36475257420640522
case_amber,0.81999999999999995,7,3.8500000000000001,r0027,37,0.39002116838356338
case_amber,0.81999999999999995,7,3.8500000000000001,r0028,37,0.44516069486333792
case_amber,0.81999999999999995,7,4.25,r0000,38,0.30757783729402277
case_amber,0.81999999999999995,7,4.25,r0001,38,0.34686491110823975
case_amber,0.81999999999999995,7,4.25,r0002,38,0.47439318289330229
case_amber,0.81999999999999995,7,4.25,r0003,38,0.27338678192212529
case_amber,0.81999999999999995,7,4.25,r0004,38,0.31055155356031999
case_amber,0.81999999999999995,7,4.25,r0005,38,0.43075396953812334
case_amber,0.81999999999999995,7,4.25,r0006,38,0.39994435512416932
case_amber,0.81999999999999995,7,4.25,r0007,38,0.40240441797181353
case_amber,0.81999999999999995,7,4.25,r0008,38,0.36936455790139067
case_amber,0.81999999999999995,7,4.25,r0009,38,0.38043320578265449
case_amber,0.81999999999999995,7,4.25,r0010,38,0.42562050015308445
case_amber,0.81999999999999995,7,4.25,r0011,38,0.38148805754779253
case_amber,0.81999999999999995,7,4.25,r0012,38,0.36631395000880429
case_amber,0.81999999999999995,7,4.25,r0013,38,0.36304914387816123
case_amber,0.81999999999999995,7,4.25,r0014,38,0.37150348843513736
case_amber,0.81999999999999995,7,4.25,r0015,38,0.40091625384408103
case_amber,0.81999999999999995,7,4.25,r0016,38,0.33945802132234743
case_amber,0.81999999999999995,7,4.25,r0017,38,0.41837526196856273
case_amber,0.81999999999999995,7,4.25,r0018,38,0.4335634166984183
case_amber,0.81999999999999995,7,4.25,r0019,38,0.36258675045565808
case_amber,0.81999999999999995,7,4.25,r0020,38,0.39187968395531181
case_amber,0.81999999999999995,7,4.25,r0021,38,0.42647488708352066
case_amber,0.81999999999999995,7,4.25,r0022,38,0.30659682721501874
case_amber,0.81999999999999995,7,4.25,r0023,38,0.34117391532957059
case_amber,0.81999999999999995,7,4.25,r0024,38,0.44415940867484482
case_amber,0.81999999999999995,7,4.25,r0025,38,0.43078943294697175
case_amber,0.81999999999999995,7,4.25,r0026,38,0.41665570691267612
case_amber,0.81999999999999995,7,4.25,r0027,38,0.46743445163237712
case_amber,0.81999999999999995,7,4.25,r0028,38,0.39870143050051998
case_amber,0.81999999999999995,7,4.6500000000000004,r0000,38,0.32501671961747386
case_amber,0.81999999999999995,7,4.6500000000000004,r0001,38,0.39729652365819595
case_amber,0.81999999999999995,7,4.6500000000000004,r0002,38,0.33195806808321021
case_amber,0.81999999999999995,7,4.6500000000000004,r0003,38,0.38339034512497588
case_amber,0.81999999999999995,7,4.6500000000000004,r0004,38,0.36315581231114852
case_amber,0.81999999999999995,7,4.6500000000000004,r0005,38,0.46940697975108342
case_amber,0.81999999999999995,7,4.6500000000000004,r0006,38,0.42450712717332822
case_amber,0.81999999999999995,7,4.6500000000000004,r0007,38,0.26164482043898751
case_amber,0.81999999999999995,7,4.6500000000000004,r0008,38,0.32635919881679798
case_amber,0.81999999999999995,7,4.6500000000000004,r0009,38,0.40167568478143717
case_amber,0.81999999999999995,7,4.6500000000000004,r0010,38,0.35527340473303515
case_amber,0.81999999999999995,7,4.6500000000000004,r0011,38,0.37709888658529778
case_amber,0.81999999999999995,7,4.6500000000000004,r0012,38,0.3665179925788396
case_amber,0.81999999999999995,7,4.6500000000000004,r0013,38,0.40317520235005944
case_amber,0.81999999999999995,7,4.6500000000000004,r0014,38,0.47306107630521343
case_amber,0.81999999999999995,7,4.6500000000000004,r0015,38,0.37653835452239409
case_amber,0.81999999999999995,7,4.6500000000000004,r0016,38,0.38828775923592901
case_amber,0.81999999999999995,7,4.6500000000000004,r0017,38,0.35638500357454922
case_amber,0.81999999999999995,7,4.6500000000000004,r0018,38,0.50255549693270574
case_amber,0.81999999999999995,7,4.6500000000000004,r0019,38,0.31891873810399707
case_amber,0.81999999999999995,7,4.6500000000000004,r0020,38,0.38344409301837284
case_amber,0.81999999999999995,7,4.6500000000000004,r0021,38,0.28851203822635524
case_amber,0.81999999999999995,7,4.6500000000000004,r0022,38,0.37343357931050108
case_amber,0.81999999999999995,7,4.6500000000000004,r0023,38,0.38059986409978452
case_amber,0.81999999999999995,7,4.6500000000000004,r0024,38,0.31071084454466985
case_amber,0.81999999999999995,7,4.6500000000000004,r0025,38,0.44366579644075727
case_amber,0.81999999999999995,7,4.6500000000000004,r0026,38,0.46066200657303896
case_amber,0.81999999999999995,7,4.6500000000000004,r0027,38,0.38892086587696356
case_amber,0.81999999999999995,7,4.6500000000000004,r0028,38,0.34296149191174924
case_amber,0.81999999999999995,11,1.45,r0000,24,0.58376443022113611
case_amber,0.81999999999999995,11,1.45,r0001,24,0.51881155282899671
case_amber,0.81999999999999995,11,1.45,r0002,24,0.53955468263652884
case_amber,0.81999999999999995,11,1.45,r0003,24,0.48003408925727181
case_amber,0.81999999999999995,11,1.45,r0004,24,0.47640179485831818
case_amber,0.81999999999999995,11,1.45,r0005,24,0.61940817367521028
case_amber,0.81999999999999995,11,1.45,r0006,24,0.5597992087772431
case_amber,0.81999999999999995,11,1.45,r0007,24,0.5329253353563862
case_amber,0.81999999999999995,11,1.45,r0008,24,0.55697661870053172
case_amber,0.81999999999999995,11,1.45,r0009,24,0.53565604378154996
case_amber,0.81999999999999995,11,1.45,r0010,24,0.58489066735181838
case_amber,0.81999999999999995,11,1.45,r0011,24,0.61287299049118082
case_amber,0.81999999999999995,11,1.45,r0012,24,0.4429945650508838
case_amber,0.81999999999999995,11,1.45,r0013,24,0.43051188374447541
case_amber,0.81999999999999995,11,1.45,r0014,24,0.54423379619746126
case_amber,0.81999999999999995,11,1.45,r0015,24,0.51335186852682613
case_amber,0.81999999999999995,11,1.45,r0016,24,0.52842009151553693
case_amber,0.81999999999999995,11,1.45,r0017,24,0.56293543870053397
case_amber,0.81999999999999995,11,1.45,r0018,24,0.57119878286711534
case_amber,0.81999999999999995,11,1.45,r0019,24,0.4633335119619777
case_amber,0.81999999999999995,11,1.45,r0020,24,0.4467851734375356
case_amber,0.81999999999999995,11,1.45,r0021,24,0.45757890524860462
case_amber,0.81999999999999995,11,1.45,r0022,24,0.55151107967596102
case_amber,0.81999999999999995,11,1.45,r0023,24,0.48781870990955589
case_amber,0.81999999999999995,11,1.45,r0024,24,0.65989405065526685
case_amber,0.81999999999999995,11,1.45,r0025,24,0.60073950079256599
case_amber,0.81999999999999995,11,1.45,r0026,24,0.40194199702363248
case_amber,0.81999999999999995,11,1.45,r0027,24,0.49586421769980654
case_amber,0.81999999999999995,11,1.45,r0028,24,0.54165279102085717
case_amber,0.81999999999999995,11,1.8500000000000001,r0000,24,0.50617067331088672
case_amber,0.81999999999999995,11,1.8500000000000001,r0001,24,0.50685277461962819
case_amber,0.81999999999999995,11,1.8500000000000001,r0002,24,0.57759414193263459
case_amber,0.81999999999999995,11,1.8500000000000001,r0003,24,0.5498752691329748
case_amber,0.81999999999999995,11,1.8500000000000001,r0004,24,0.53820453600742069
case_amber,0.81999999999999995,11,1.8500000000000001,r0005,24,0.46842230157215686
case_amber,0.81999999999999995,11,1.8500000000000001,r0006,24,0.59585808389847972
case_amber,0.81999999999999995,11,1.8500000000000001,r0007,24,0.56493033640482848
case_amber,0.81999999999999995,11,1.8500000000000001,r0008,24,0.5360227012557135
case_amber,0.81999999999999995,11,1.8500000000000001,r0009,24,0.64756792719235012
case_amber,0.81999999999999995,11,1.8500000000000001,r0010,24,0.47349804670946521
case_amber,0.81999999999999995,11,1.8500000000000001,r0011,24,0.56463698287149311
case_amber,0.81999999999999995,11,1.8500000000000001,r0012,24,0.60564981798925388
case_amber,0.81999999999999995,11,1.8500000000000001,r0013,24,0.60648532372073449
case_amber,0.81999999999999995,11,1.8500000000000001,r0014,24,0.57385288019450609
case_amber,0.81999999999999995,11,1.8500000000000001,r0015,24,0.50305691702872068
case_amber,0.81999999999999995,11,1.8500000000000001,r0016,24,0.51204861625764797
case_amber,0.81999999999999995,11,1.8500000000000001,r0017,24,0.41870786773941332
case_amber,0.81999999999999995,11,1.8500000000000001,r0018,24,0.58921323018618788
case_amber,0.81999999999999995,11,1.8500000000000001,r0019,24,0.51351926208032728
case_amber,0.81999999999999995,11,1.8500000000000001,r0020,24,0.59890807046280048
case_amber,0.81999999999999995,11,1.8500000000000001,r0021,24,0.49990824780451221
case_amber,0.81999999999999995,11,1.8500000000000001,r0022,24,0.58357975973702036
case_amber,0.81999999999999995,11,1.8500000000000001,r0023,24,0.5907820814985576
case_amber,0.81999999999999995,11,1.8500000000000001,r0024,24,0.57686168360934309
case_amber,0.81999999999999995,11,1.8500000000000001,r0025,24,0.54054916111106299
case_amber,0.81999999999999995,11,1.8500000000000001,r0026,24,0.4054033188723527
case_amber,0.81999999999999995,11,1.8500000000000001,r0027,24,0.6162237226729782
case_amber,0.81999999999999995,11,1.8500000000000001,r0028,24,0.51241013735077778
case_amber,0.81999999999999995,11,2.25,r0000,26,0.49746935795363012
case_amber,0.81999999999999995,11,2.25,r0001,25,0.55607550982417531
case_amber,0.81999999999999995,11,2.25,r0002,25,0.55120042994985763
case_amber,0.81999999999999995,11,2.25,r0003,25,0.59677730285285391
case_amber,0.81999999999999995,11,2.25,r0004,25,0.48575211478925107
case_amber,0.81999999999999995,11,2.25,r0005,25,0.50687827717200928
case_amber,0.81999999999999995,11,2.25,r0006,25,0.621446972561569
case_amber,0.81999999999999995,11,2.25,r0007,25,0.5599433367927148
case_amber,0.81999999999999995,11,2.25,r0008,25,0.49443829170549902
case_amber,0.81999999999999995,11,2.25,r0009,25,0.57185291047581976
case_amber,0.81999999999999995,11,2.25,r0010,25,0.53993618676547639
case_amber,0.81999999999999995,11,2.25,r0011,25,0.34155466763734466
case_amber,0.81999999999999995,11,2.25,r0012,25,0.51379571177826799
case_amber,0.81999999999999995,11,2.25,r0013,25,0.52253071227232073
case_amber,0.81999999999999995,11,2.25,r0014,25,0.50455899145720373
case_amber,0.81999999999999995,11,2.25,r0015,25,0.4605979031639087
case_amber,0.81999999999999995,11,2.25,r0016,25,0.60213068127898839
case_amber,0.81999999999999995,11,2.25,r0017,25,0.55221136250905756
case_amber,0.81999999999999995,11,2.25,r0018,25,0.46013324066811861
case_amber,0.81999999999999995,11,2.25,r0019,25,0.47824852514327532
case_amber,0.81999999999999995,11,2.25,r0020,25,0.57219205245392857
case_amber,0.81999999999999995,11,2.25,r0021,25,0.54084263925451215
case_amber,0.81999999999999995,11,2.25,r0022,25,0.48793240006955219
case_amber,0.81999999999999995,11,2.25,r0023,26,0.50309591258784314
case_amber,0.81999999999999995,11,2.25,r0024,25,0.39843818999849323
case_amber,0.81999999999999995,11,2.25,r0025,25,0.4982257001851782
case_amber,0.81999999999999995,11,2.25,r0026,25,0.54285380321336851
case_amber,0.81999999999999995,11,2.25,r0027,25,0.44418352757184598
case_amber,0.81999999999999995,11,2.25,r0028,25,0.50772743571766399
case_amber,0.81999999999999995,11,2.6499999999999999,r0000,31,0.48580437245325375
case_amber,0.81999999999999995,11,2.6499999999999999,r0001,31,0.48465113895695966
case_amber,0.81999999999999995,11,2.6499999999999999,r0002,30,0.43186764087732032
case_amber,0.81999999999999995,11,2.6499999999999999,r0003,30,0.5300565085939184
case_amber,0.81999999999999995,11,2.6499999999999999,r0004,29,0.49357237021618572
case_amber,0.81999999999999995,11,2.6499999999999999,r0005,30,0.51870150089966038
case_amber,0.81999999999999995,11,2.6499999999999999,r0006,29,0.53419952986586305
case_amber,0.81999999999999995,11,2.6499999999999999,r0007,29,0.50057399321623064
case_amber,0.81999999999999995,11,2.6499999999999999,r0008,29,0.51493913077878517
case_amber,0.81999999999999995,11,2.6499999999999999,r0009,30,0.49393096331558206
case_amber,0.81999999999999995,11,2.6499999999999999,r0010,29,0.47608667815769645
case_amber,0.81999999999999995,11,2.6499999999999999,r0011,29,0.44230281559452578
case_amber,0.81999999999999995,11,2.6499999999999999,r0012,31,0.47376696769726956
case_amber,0.81999999999999995,11,2.6499999999999999,r0013,30,0.4372366001648107
case_amber,0.81999999999999995,11,2.6499999999999999,r0014,29,0.44154467791841273
case_amber,0.81999999999999995,11,2.6499999999999999,r0015,30,0.3965429082249855
case_amber,0.81999999999999995,11,2.6499999999999999,r0016,29,0.55193304019757994
case_amber,0.81999999999999995,11,2.6499999999999999,r0017,30,0.48951703832414917
case_amber,0.81999999999999995,11,2.6499999999999999,r0018,30,0.54851327527797344
case_amber,0.81999999999999995,11,2.6499999999999999,r0019,28,0.48844290022050046
case_amber,0.81999999999999995,11,2.6499999999999999,r0020,29,0.47395020031216784
case_amber,0.81999999999999995,11,2.6499999999999999,r0021,29,0.58334860359995244
case_amber,0.81999999999999995,11,2.6499999999999999,r0022,29,0.4586099705513238
case_amber,0.81999999999999995,11,2.6499999999999999,r0023,31,0.46665968373723171
case_amber,0.81999999999999995,11,2.6499999999999999,r0024,30,0.40411243683635656
case_amber,0.81999999999999995,11,2.6499999999999999,r0025,29,0.51476942421042449
case_amber,0.81999999999999995,11,2.6499999999999999,r0026,30,0.42826766608916966
case_amber,0.81999999999999995,11,2.6499999999999999,r0027,28,0.50826269339322061
case_amber,0.81999999999999995,11,2.6499999999999999,r0028,30,0.53092040277842045
case_amber,0.81999999999999995,11,3.0499999999999998,r0000,36,0.43413269114032693
case_amber,0.81999999999999995,11,3.0499999999999998,r0001,36,0.43362555857501101
case_amber,0.81999999999999995,11,3.0499999999999998,r0002,36,0.51475253937231391
case_amber,0.81999999999999995,11,3.0499999999999998,r0003,36,0.43069825667546485
case_amber,0.81999999999999995,11,3.0499999999999998,r0004,36,0.57471551851938185
case_amber,0.81999999999999995,11,3.0499999999999998,r0005,36,0.45661417986611563
case_amber,0.81999999999999995,11,3.0499999999999998,r0006,36,0.38188741356860462
case_amber,0.81999999999999995,11,3.0499999999999998,r0007,35,0.41603226200926791
case_amber,0.81999999999999995,11,3.0499999999999998,r0008,36,0.48802590571333149
case_amber,0.81999999999999995,11,3.0499999999999998,r0009,36,0.37261284221015756
case_amber,0.81999999999999995,11,3.0499999999999998,r0010,35,0.36455880808983615
case_amber,0.81999999999999995,11,3.0499999999999998,r0011,36,0.48306805420912524
case_amber,0.81999999999999995,11,3.0499999999999998,r0012,36,0.47018788641474607
case_amber,0.81999999999999995,11,3.0499999999999998,r0013,35,0.40718206737023788
case_amber,0.81999999999999995,11,3.0499999999999998,r0014,36,0.4632969315491004
case_amber,0.81999999999999995,11,3.0499999999999998,r0015,36,0.49839938344212409
case_amber,0.81999999999999995,11,3.0499999999999998,r0016,36,0.42897708788815309
case_amber,0.81999999999999995,11,3.0499999999999998,r0017,37,0.30970177205081534
case_amber,0.81999999999999995,11,3.0499999999999998,r0018,36,0.40484951256615509
case_amber,0.81999999999999995,11,3.0499999999999998,r0019,36,0.42615252901309053
case_amber,0.81999999999999995,11,3.0499999999999998,r0020,35,0.34498534377345397
case_amber,0.81999999999999995,11,3.0499999999999998,r0021,36,0.55583502506073712
case_amber,0.81999999999999995,11,3.0499999999999998,r0022,35,0.48031493631791417
case_amber,0.81999999999999995,11,3.0499999999999998,r0023,36,0.4680464103790517
case_amber,0.81999999999999995,11,3.0499999999999998,r0024,36,0.34750293449799807
case_amber,0.81999999999999995,11,3.0499999999999998,r0025,36,0.43364521418342866
case_amber,0.81999999999999995,11,3.0499999999999998,r0026,35,0.44381760651741775
case_amber,0.81999999999999995,11,3.0499999999999998,r0027,36,0.37429433384651722
case_amber,0.81999999999999995,11,3.0499999999999998,r0028,35,0.47291526637457215
case_amber,0.81999999999999995,11,3.4500000000000002,r0000,38,0.3541953554511364
case_amber,0.81999999999999995,11,3.4500000000000002,r0001,38,0.41803726309992939
case_amber,0.81999999999999995,11,3.4500000000000002,r0002,38,0.38890765742717481
case_amber,0.81999999999999995,11,3.4500000000000002,r0003,38,0.36134120039797563
case_amber,0.81999999999999995,11,3.4500000000000002,r0004,38,0.33722315795039048
case_amber,0.81999999999999995,11,3.4500000000000002,r0005,38,0.31585041203612096
case_amber,0.81999999999999995,11,3.4500000000000002,r0006,37,0.36186486781146954
case_amber,0.81999999999999995,11,3.4500000000000002,r0007,38,0.37187721647438987
case_amber,0.81999999999999995,11,3.4500000000000002,r0008,38,0.44347241726978703
case_amber,0.81999999999999995,11,3.4500000000000002,r0009,38,0.32443757919872551
case_amber,0.81999999999999995,11,3.4500000000000002,r0010,38,0.42245207955040054
case_amber,0.81999999999999995,11,3.4500000000000002,r0011,38,0.34791159443346675
case_amber,0.81999999999999995,11,3.4500000000000002,r0012,38,0.37303088351514341
case_amber,0.81999999999999995,11,3.4500000000000002,r0013,37,0.48988682391432808
case_amber,0.81999999999999995,11,3.4500000000000002,r0014,38,0.45057008196795678
case_amber,0.81999999999999995,11,3.4500000000000002,r0015,38,0.39020502018248687
case_amber,0.81999999999999995,11,3.4500000000000002,r0016,38,0.38277308249955322
case_amber,0.81999999999999995,11,3.4500000000000002,r0017,38,0.51414186132271766
case_amber,0.81999999999999995,11,3.4500000000000002,r0018,37,0.30674238189268238
case_amber,0.81999999999999995,11,3.4500000000000002,r0019,38,0.42641727742174973
case_amber,0.81999999999999995,11,3.4500000000000002,r0020,38,0.41056987716086701
case_amber,0.81999999999999995,11,3.4500000000000002,r0021,38,0.34454244971438969
case_amber,0.81999999999999995,11,3.4500000000000002,r0022,38,0.32208945713215109
case_amber,0.81999999999999995,11,3.4500000000000002,r0023,38,0.41008725594550305
case_amber,0.81999999999999995,11,3.4500000000000002,r0024,38,0.44425429039638592
case_amber,0.81999999999999995,11,3.4500000000000002,r0025,38,0.35580803459690707
case_amber,0.81999999999999995,11,3.4500000000000002,r0026,38,0.45775580879298583
case_amber,0.81999999999999995,11,3.4500000000000002,r0027,38,0.36533233937595011
case_amber,0.81999999999999995,11,3.4500000000000002,r0028,38,0.34050788915416358
case_amber,0.81999999999999995,11,3.8500000000000001,r0000,38,0.38105142764613342
case_amber,0.81999999999999995,11,3.8500000000000001,r0001,38,0.40645476576242912
case_amber,0.81999999999999995,11,3.8500000000000001,r0002,38,0.34631449566582506
case_amber,0.81999999999999995,11,3.8500000000000001,r0003,38,0.3919760533639573
case_amber,0.81999999999999995,11,3.8500000000000001,r0004,38,0.33777185206641808
case_amber,0.81999999999999995,11,3.8500000000000001,r0005,38,0.36619394086497381
case_amber,0.81999999999999995,11,3.8500000000000001,r0006,38,0.38778056820720852
case_amber,0.81999999999999995,11,3.8500000000000001,r0007,38,0.46557639711141413
case_amber,0.81999999999999995,11,3.8500000000000001,r0008,38,0.44689717435124005
case_amber,0.81999999999999995,11,3.8500000000000001,r0009,38,0.32909408585674965
case_amber,0.81999999999999995,11,3.8500000000000001,r0010,38,0.33665614822493667
case_amber,0.81999999999999995,11,3.8500000000000001,r0011,38,0.29085857787951458
case_amber,0.81999999999999995,11,3.8500000000000001,r0012,38,0.4510569512758853
case_amber,0.81999999999999995,11,3.8500000000000001,r0013,38,0.4266092259637066
case_amber,0.81999999999999995,11,3.8500000000000001,r0014,38,0.37289801145846824
case_amber,0.81999999999999995,11,3.8500000000000001,r0015,38,0.38565712908459804
case_amber,0.81999999999999995,11,3.8500000000000001,r0016,38,0.38276659252920464
case_amber,0.81999999999999995,11,3.8500000000000001,r0017,38,0.38261511363496808
case_amber,0.81999999999999995,11,3.8500000000000001,r0018,38,0.38510515751144786
case_amber,0.81999999999999995,11,3.8500000000000001,r0019,38,0.38667382681177132
case_amber,0.81999999999999995,11,3.8500000000000001,r0020,38,0.31864764720345562
case_amber,0.81999999999999995,11,3.8500000000000001,r0021,38,0.32216760053174254
case_amber,0.81999999999999995,11,3.8500000000000001,r0022,38,0.39108024902859029
case_amber,0.81999999999999995,11,3.8500000000000001,r0023,38,0.34143411155491915
case_amber,0.81999999999999995,11,3.8500000000000001,r0024,38,0.38100979923769041
case_amber,0.81999999999999995,11,3.8500000000000001,r0025,38,0.4642452832679389
case_amber,0.81999999999999995,11,3.8500000000000001,r0026,38,0.40966313048663161
case_amber,0.81999999999999995,11,3.8500000000000001,r0027,38,0.41104229212603105
case_amber,0.81999999999999995,11,3.8500000000000001,r0028,38,0.31322403770590279
case_amber,0.81999999999999995,11,4.25,r0000,38,0.34282257984100267
case_amber,0.81999999999999995,11,4.25,r0001,38,0.39792773139192467
case_amber,0.81999999999999995,11,4.25,r0002,38,0.36194635487056243
case_amber,0.81999999999999995,11,4.25,r0003,38,0.37857441651211921
case_amber,0.81999999999999995,11,4.25,r0004,38,0.35934899453784247
case_amber,0.81999999999999995,11,4.25,r0005,38,0.32753856522696728
case_amber,0.81999999999999995,11,4.25,r0006,38,0.46203625663212328
case_amber,0.81999999999999995,11,4.25,r0007,38,0.35772128272235543
case_amber,0.81999999999999995,11,4.25,r0008,38,0.35829492405663099
case_amber,0.81999999999999995,11,4.25,r0009,38,0.35373502199732088
case_amber,0.81999999999999995,11,4.25,r0010,38,0.39954144474235359
case_amber,0.81999999999999995,11,4.25,r0011,38,0.33630085343091803
case_amber,0.81999999999999995,11,4.25,r0012,38,0.35181756824003607
case_amber,0.81999999999999995,11,4.25,r0013,38,0.3643007309749528
case_amber,0.81999999999999995,11,4.25,r0014,38,0.51789504124311758
case_amber,0.81999999999999995,11,4.25,r0015,38,0.41138281982315006
case_amber,0.81999999999999995,11,4.25,r0016,38,0.41247578078483216
case_amber,0.81999999999999995,11,4.25,r0017,38,0.4847460291191209
case_amber,0.81999999999999995,11,4.25,r0018,38,0.36187765152600837
case_amber,0.81999999999999995,11,4.25,r0019,38,0.38226752149874749
case_amber,0.81999999999999995,11,4.25,r0020,38,0.40108846916714952
case_amber,0.81999999999999995,11,4.25,r0021,38,0.28427812752367443
case_amber,0.81999999999999995,11,4.25,r0022,38,0.41524495776516351
case_amber,0.81999999999999995,11,4.25,r0023,38,0.35143386097505724
case_amber,0.81999999999999995,11,4.25,r0024,38,0.38802357393377529
case_amber,0.81999999999999995,11,4.25,r0025,38,0.40447297280899308
case_amber,0.81999999999999995,11,4.25,r0026,38,0.42521210600235126
case_amber,0.81999999999999995,11,4.25,r0027,38,0.31156374074836696
case_amber,0.81999999999999995,11,4.25,r0028,38,0.37966823248600212
case_amber,0.81999999999999995,11,4.6500000000000004,r0000,38,0.40831872307628864
case_amber,0.81999999999999995,11,4.6500000000000004,r0001,38,0.44039890512765234
case_amber,0.81999999999999995,11,4.6500000000000004,r0002,38,0.33540918321542701
case_amber,0.81999999999999995,11,4.6500000000000004,r0003,38,0.36439795047680329
case_amber,0.81999999999999995,11,4.6500000000000004,r0004,38,0.41101374662334106
case_amber,0.81999999999999995,11,4.6500000000000004,r0005,38,0.32394068877564342
case_amber,0.81999999999999995,11,4.6500000000000004,r0006,38,0.41580495847713328
case_amber,0.81999999999999995,11,4.6500000000000004,r0007,38,0.42675076769859738
case_amber,0.81999999999999995,11,4.6500000000000004,r0008,38,0.43128725320251343
case_amber,0.81999999999999995,11,4.6500000000000004,r0009,38,0.39907923621650876
case_amber,0.81999999999999995,11,4.6500000000000004,r0010,38,0.45107851118444592
case_amber,0.81999999999999995,11,4.6500000000000004,r0011,38,0.48130245905052627
case_amber,0.81999999999999995,11,4.6500000000000004,r0012,38,0.43669349132174173
case_amber,0.81999999999999995,11,4.6500000000000004,r0013,38,0.30250931303803658
case_amber,0.81999999999999995,11,4.6500000000000004,r0014,38,0.43443230162742097
case_amber,0.81999999999999995,11,4.6500000000000004,r0015,38,0.38807592107354399
case_amber,0.81999999999999995,11,4.6500000000000004,r0016,38,0.41782032012014303
case_amber,0.81999999999999995,11,4.6500000000000004,r0017,38,0.32673163302088187
case_amber,0.81999999999999995,11,4.6500000000000004,r0018,38,0.38461652008857339
case_amber,0.81999999999999995,11,4.6500000000000004,r0019,38,0.3933031920854923
case_amber,0.81999999999999995,11,4.6500000000000004,r0020,38,0.37869229114274722
case_amber,0.81999999999999995,11,4.6500000000000004,r0021,38,0.47560687493745857
case_amber,0.81999999999999995,11,4.6500000000000004,r0022,38,0.36192433130790991
case_amber,0.81999999999999995,11,4.6500000000000004,r0023,38,0.36595602721979975
case_amber,0.81999999999999995,11,4.6500000000000004,r0024,38,0.29885103743759456
case_amber,0.81999999999999995,11,4.6500000000000004,r0025,38,0.40605961979113259
case_amber,0.81999999999999995,11,4.6500000000000004,r0026,38,0.36550819600669648
case_amber,0.81999999999999995,11,4.6500000000000004,r0027,38,0.43652827581752152
case_amber,0.81999999999999995,11,4.6500000000000004,r0028,38,0.41285793138325222
case_amber,0.81999999999999995,17,1.45,r0000,24,0.54075006495721423
case_amber,0.81999999999999995,17,1.45,r0001,24,0.45544829469580317
case_amber,0.81999999999999995,17,1.45,r0002,24,0.63361874938974216
case_amber,0.81999999999999995,17,1.45,r0003,24,0.51005190448359006
case_amber,0.81999999999999995,17,1.45,r0004,24,0.44725860489700414
case_amber,0.81999999999999995,17,1.45,r0005,24,0.56362779520342166
case_amber,0.81999999999999995,17,1.45,r0006,24,0.53158024102751145
case_amber,0.81999999999999995,17,1.45,r0007,24,0.51984246637430476
case_amber,0.81999999999999995,17,1.45,r0008,24,0.47347923667275182
case_amber,0.81999999999999995,17,1.45,r0009,24,0.53010692313552721
case_amber,0.81999999999999995,17,1.45,r0010,24,0.47038711410693446
case_amber,0.81999999999999995,17,1.45,r0011,24,0.53323795759339476
case_amber,0.81999999999999995,17,1.45,r0012,24,0.57713071311876885
case_amber,0.81999999999999995,17,1.45,r0013,24,0.41632423369963106
case_amber,0.81999999999999995,17,1.45,r0014,24,0.46986771796057702
case_amber,0.81999999999999995,17,1.45,r0015,24,0.48479174056840729
case_amber,0.81999999999999995,17,1.45,r0016,24,0.49221906899350037
case_amber,0.81999999999999995,17,1.45,r0017,24,0.55457466072000028
case_amber,0.81999999999999995,17,1.45,r0018,24,0.52849455981921112
case_amber,0.81999999999999995,17,1.45,r0019,24,0.52877568676480702
case_amber,0.81999999999999995,17,1.45,r0020,24,0.52256845146966979
case_amber,0.81999999999999995,17,1.45,r0021,24,0.54502078799549059
case_amber,0.81999999999999995,17,1.45,r0022,24,0.49609843083029864
case_amber,0.81999999999999995,17,1.45,r0023,24,0.63632837914092988
case_amber,0.81999999999999995,17,1.45,r0024,24,0.53987451950722665
case_amber,0.81999999999999995,17,1.45,r0025,24,0.49096832455294354
case_amber,0.81999999999999995,17,1.45,r0026,24,0.55426193497128118
case_amber,0.81999999999999995,17,1.45,r0027,24,0.50194246589747238
case_amber,0.81999999999999995,17,1.45,r0028,24,0.6529349021159413
case_amber,0.81999999999999995,17,1.8500000000000001,r0000,24,0.63118477401454154
case_amber,0.81999999999999995,17,1.8500000000000001,r0001,24,0.41435800691889141
case_amber,0.81999999999999995,17,1.8500000000000001,r0002,24,0.61079665875928224
case_amber,0.81999999999999995,17,1.8500000000000001,r0003,24,0.54999619967901847
case_amber,0.81999999999999995,17,1.8500000000000001,r0004,24,0.57283323669171782
case_amber,0.81999999999999995,17,1.8500000000000001,r0005,24,0.53610854071217673
case_amber,0.81999999999999995,17,1.8500000000000001,r0006,24,0.58727810997633911
case_amber,0.81999999999999995,17,1.8500000000000001,r0007,24,0.53665033779789406
case_amber,0.81999999999999995,17,1.8500000000000001,r0008,24,0.56539659378807217
case_amber,0.81999999999999995,17,1.8500000000000001,r0009,24,0.57511842367607746
case_amber,0.81999999999999995,17,1.8500000000000001,r0010,24,0.51784780396593832
case_amber,0.81999999999999995,17,1.8500000000000001,r0011,24,0.45582922806731702
case_amber,0.81999999999999995,17,1.8500000000000001,r0012,24,0.5233064501550917
case_amber,0.81999999999999995,17,1.8500000000000001,r0013,24,0.37991019500659129
case_amber,0.81999999999999995,17,1.8500000000000001,r0014,24,0.53783206226658298
case_amber,0.81999999999999995,17,1.8500000000000001,r0015,24,0.53178121768291231
case_amber,0.81999999999999995,17,1.8500000000000001,r0016,24,0.61333052636946206
case_amber,0.81999999999999995,17,1.8500000000000001,r0017,24,0.51445549491534626
case_amber,0.81999999999999995,17,1.8500000000000001,r0018,24,0.63890482765769485
case_amber,0.81999999999999995,17,1.8500000000000001,r0019,24,0.59899808605157201
case_amber,0.81999999999999995,17,1.8500000000000001,r0020,24,0.4311272433285091
case_amber,0.81999999999999995,17,1.8500000000000001,r0021,24,0.51332995251999003
case_amber,0.81999999999999995,17,1.8500000000000001,r0022,24,0.47521913447601455
case_amber,0.81999999999999995,17,1.8500000000000001,r0023,24,0.60610447759461428
case_amber,0.81999999999999995,17,1.8500000000000001,r0024,24,0.536207909908058
case_amber,0.81999999999999995,17,1.8500000000000001,r0025,24,0.58609603263811982
case_amber,0.81999999999999995,17,1.8500000000000001,r0026,24,0.45062326838271233
case_amber,0.81999999999999995,17,1.8500000000000001,r0027,24,0.55267528764872675
case_amber,0.81999999999999995,17,1.8500000000000001,r0028,24,0.49909005276037116
case_amber,0.81999999999999995,17,2.25,r0000,24,0.49838321742137598
case_amber,0.81999999999999995,17,2.25,r0001,24,0.4968857095042008
case_amber,0.81999999999999995,17,2.25,r0002,24,0.50774297054585338
case_amber,0.81999999999999995,17,2.25,r0003,24,0.5733378429543291
case_amber,0.81999999999999995,17,2.25,r0004,24,0.47255178507749113
case_amber,0.81999999999999995,17,2.25,r0005,24,0.51695187816561339
case_amber,0.81999999999999995,17,2.25,r0006,24,0.59567674498185197
case_amber,0.81999999999999995,17,2.25,r0007,24,0.4769233436469294
case_amber,0.81999999999999995,17,2.25,r0008,24,0.4871846195056424
case_amber,0.81999999999999995,17,2.25,r0009,24,0.58936382336599535
case_amber,0.81999999999999995,17,2.25,r0010,24,0.5598236404780762
case_amber,0.81999999999999995,17,2.25,r0011,24,0.54620484098185917
case_amber,0.81999999999999995,17,2.25,r0012,24,0.50954000718985437
case_amber,0.81999999999999995,17,2.25,r0013,24,0.62980774132860862
case_amber,0.81999999999999995,17,2.25,r0014,24,0.52299775843699037
case_amber,0.81999999999999995,17,2.25,r0015,24,0.48832367105349572
case_amber,0.81999999999999995,17,2.25,r0016,24,0.44084373569669849
case_amber,0.81999999999999995,17,2.25,r0017,24,0.44234426177805392
case_amber,0.81999999999999995,17,2.25,r0018,24,0.47377316616970305
case_amber,0.81999999999999995,17,2.25,r0019,24,0.51438934260847169
case_amber,0.81999999999999995,17,2.25,r0020,24,0.463129802314523
case_amber,0.81999999999999995,17,2.25,r0021,24,0.57309742166954447
case_amber,0.81999999999999995,17,2.25,r0022,24,0.53499492301769169
case_amber,0.81999999999999995,17,2.25,r0023,24,0.47448367327388646
case_amber,0.81999999999999995,17,2.25,r0024,24,0.60315644311626426
case_amber,0.81999999999999995,17,2.25,r0025,24,0.56213173290628626
case_amber,0.81999999999999995,17,2.25,r0026,24,0.46702940383526487
case_amber,0.81999999999999995,17,2.25,r0027,24,0.60687162688087704
case_amber,0.81999999999999995,17,2.25,r0028,24,0.5770586981875816
case_amber,0.81999999999999995,17,2.6499999999999999,r0000,28,0.56274047441721053
case_amber,0.81999999999999995,17,2.6499999999999999,r0001,30,0.40115705486077935
case_amber,0.81999999999999995,17,2.6499999999999999,r0002,30,0.44314769385366709
case_amber,0.81999999999999995,17,2.6499999999999999,r0003,30,0.40629270831330822
case_amber,0.81999999999999995,17,2.6499999999999999,r0004,29,0.45110883049800177
case_amber,0.81999999999999995,17,2.6499999999999999,r0005,31,0.43296808310023738
case_amber,0.81999999999999995,17,2.6499999999999999,r0006,29,0.50901825036448134
case_amber,0.81999999999999995,17,2.6499999999999999,r0007,29,0.53458478336655579
case_amber,0.81999999999999995,17,2.6499999999999999,r0008,28,0.53856487356483229
case_amber,0.81999999999999995,17,2.6499999999999999,r0009,28,0.44133854955544172
case_amber,0.81999999999999995,17,2.6499999999999999,r0010,29,0.51461050000436936
case_amber,0.81999999999999995,17,2.6499999999999999,r0011,29,0.45714670736606849
case_amber,0.81999999999999995,17,2.6499999999999999,r0012,30,0.46283898798688361
case_amber,0.81999999999999995,17,2.6499999999999999,r0013,30,0.40939632284329558
case_amber,0.81999999999999995,17,2.6499999999999999,r0014,31,0.51218964602438666
case_amber,0.81999999999999995,17,2.6499999999999999,r0015,30,0.38320115553432671
case_amber,0.81999999999999995,17,2.6499999999999999,r0016,28,0.57948984331825915
case_amber,0.81999999999999995,17,2.6499999999999999,r0017,29,0.54324907486368768
case_amber,0.81999999999999995,17,2.6499999999999999,r0018,29,0.60380271992593271
case_amber,0.81999999999999995,17,2.6499999999999999,r0019,30,0.44538721650262519
case_amber,0.81999999999999995,17,2.6499999999999999,r0020,29,0.42286495321973372
case_amber,0.81999999999999995,17,2.6499999999999999,r0021,30,0.50324031522102952
case_amber,0.81999999999999995,17,2.6499999999999999,r0022,28,0.56117849963240907
case_amber,0.81999999999999995,17,2.6499999999999999,r0023,30,0.53668229319875882
case_amber,0.81999999999999995,17,2.6499999999999999,r0024,29,0.40743308421298274
case_amber,0.81999999999999995,17,2.6499999999999999,r0025,29,0.58536049438482274
case_amber,0.81999999999999995,17,2.6499999999999999,r0026,29,0.51117142413678129
case_amber,0.81999999999999995,17,2.6499999999999999,r0027,30,0.4230901772564673
case_amber,0.81999999999999995,17,2.6499999999999999,r0028,29,0.49105901702543953
case_amber,0.81999999999999995,17,3.0499999999999998,r0000,38,0.40015747502035287
case_amber,0.81999999999999995,17,3.0499999999999998,r0001,37,0.45392730315652757
case_amber,0.81999999999999995,17,3.0499999999999998,r0002,37,0.35545401594393922
case_amber,0.81999999999999995,17,3.0499999999999998,r0003,37,0.39315941563969609
case_amber,0.81999999999999995,17,3.0499999999999998,r0004,38,0.31933903213516923
case_amber,0.81999999999999995,17,3.0499999999999998,r0005,37,0.31157035285883283
case_amber,0.81999999999999995,17,3.0499999999999998,r0006,37,0.47474219268332446
case_amber,0.81999999999999995,17,3.0499999999999998,r0007,37,0.38532919104570562
case_amber,0.81999999999999995,17,3.0499999999999998,r0008,37,0.31367266588374054
case_amber,0.81999999999999995,17,3.0499999999999998,r0009,37,0.36344822519676623
case_amber,0.81999999999999995,17,3.0499999999999998,r0010,38,0.47987685419574283
case_amber,0.81999999999999995,17,3.0499999999999998,r0011,37,0.36708859834252011
case_amber,0.81999999999999995,17,3.0499999999999998,r0012,37,0.33296375291008218
case_amber,0.81999999999999995,17,3.0499999999999998,r0013,37,0.37339475645269593
case_amber,0.81999999999999995,17,3.0499999999999998,r0014,37,0.32105788137531571
case_amber,0.81999999999999995,17,3.0499999999999998,r0015,37,0.4050618716273871
case_amber,0.81999999999999995,17,3.0499999999999998,r0016,37,0.48460473796187475
case_amber,0.81999999999999995,17,3.0499999999999998,r0017,37,0.44332636360850836
case_amber,0.81999999999999995,17,3.0499999999999998,r0018,37,0.38469500340596885
case_amber,0.81999999999999995,17,3.0499999999999998,r0019,37,0.34063490760951187
case_amber,0.81999999999999995,17,3.0499999999999998,r0020,38,0.56102784449814136
case_amber,0.81999999999999995,17,3.0499999999999998,r0021,37,0.36364032214834074
case_amber,0.81999999999999995,17,3.0499999999999998,r0022,37,0.4441916060322148
case_amber,0.81999999999999995,17,3.0499999999999998,r0023,37,0.46253736500169473
case_amber,0.81999999999999995,17,3.0499999999999998,r0024,37,0.39937783376226832
case_amber,0.81999999999999995,17,3.0499999999999998,r0025,37,0.37851347237438926
case_amber,0.81999999999999995,17,3.0499999999999998,r0026,37,0.40037333990271734
case_amber,0.81999999999999995,17,3.0499999999999998,r0027,37,0.37563495285946524
case_amber,0.81999999999999995,17,3.0499999999999998,r0028,37,0.34080469800476099
case_amber,0.81999999999999995,17,3.4500000000000002,r0000,38,0.36019969282430181
case_amber,0.81999999999999995,17,3.4500000000000002,r0001,38,0.4059182831983798
case_amber,0.81999999999999995,17,3.4500000000000002,r0002,38,0.38325023974709876
case_amber,0.81999999999999995,17,3.4500000000000002,r0003,38,0.41575950089829417
case_amber,0.81999999999999995,17,3.4500000000000002,r0004,38,0.39157599612474442
case_amber,0.81999999999999995,17,3.4500000000000002,r0005,38,0.40495377663751586
case_amber,0.81999999999999995,17,3.4500000000000002,r0006,38,0.3960668261603878
case_amber,0.81999999999999995,17,3.4500000000000002,r0007,38,0.32296800184080254
case_amber,0.81999999999999995,17,3.4500000000000002,r0008,38,0.40200806163055336
case_amber,0.81999999999999995,17,3.4500000000000002,r0009,38,0.37414990086865041
case_amber,0.81999999999999995,17,3.4500000000000002,r0010,38,0.42616261110316134
case_amber,0.81999999999999995,17,3.4500000000000002,r0011,38,0.3779437952089359
case_amber,0.81999999999999995,17,3.4500000000000002,r0012,38,0.40067157530213171
case_amber,0.81999999999999995,17,3.4500000000000002,r0013,38,0.43247350720401023
case_amber,0.81999999999999995,17,3.4500000000000002,r0014,38,0.53527348498543037
case_amber,0.81999999999999995,17,3.4500000000000002,r0015,38,0.40733022262762281
case_amber,0.81999999999999995,17,3.4500000000000002,r0016,38,0.41530079717477264
case_amber,0.81999999999999995,17,3.4500000000000002,r0017,38,0.36087877001411378
case_amber,0.81999999999999995,17,3.4500000000000002,r0018,38,0.39636841631594383
case_amber,0.81999999999999995,17,3.4500000000000002,r0019,38,0.39106528240286914
case_amber,0.81999999999999995,17,3.4500000000000002,r0020,38,0.38456120170262453
case_amber,0.81999999999999995,17,3.4500000000000002,r0021,38,0.42245056597405417
case_amber,0.81999999999999995,17,3.4500000000000002,r0022,38,0.44983234846209968
case_amber,0.81999999999999995,17,3.4500000000000002,r0023,38,0.44984605956914281
case_amber,0.81999999999999995,17,3.4500000000000002,r0024,38,0.34224576726826339
case_amber,0.81999999999999995,17,3.4500000000000002,r0025,38,0.41544332003119949
case_amber,0.81999999999999995,17,3.4500000000000002,r0026,38,0.42520854473749309
case_amber,0.81999999999999995,17,3.4500000000000002,r0027,38,0.33452607006079554
case_amber,0.81999999999999995,17,3.4500000000000002,r0028,38,0.3593396371513613
case_amber,0.81999999999999995,17,3.8500000000000001,r0000,38,0.5110980405766451
case_amber,0.81999999999999995,17,3.8500000000000001,r0001,38,0.34401670139581908
case_amber,0.81999999999999995,17,3.8500000000000001,r0002,38,0.38352100546944295
case_amber,0.81999999999999995,17,3.8500000000000001,r0003,38,0.39513911177314293
case_amber,0.81999999999999995,17,3.8500000000000001,r0004,38,0.40294035996402866
case_amber,0.81999999999999995,17,3.8500000000000001,r0005,38,0.31721582486283445
case_amber,0.81999999999999995,17,3.8500000000000001,r0006,38,0.41664639324949659
case_amber,0.81999999999999995,17,3.8500000000000001,r0007,38,0.31119558324234808
case_amber,0.81999999999999995,17,3.8500000000000001,r0008,38,0.35777639812736489
case_amber,0.81999999999999995,17,3.8500000000000001,r0009,38,0.43541058196344301
case_amber,0.81999999999999995,17,3.8500000000000001,r0010,38,0.30469300529645577
case_amber,0.81999999999999995,17,3.8500000000000001,r0011,38,0.4187420086839202
case_amber,0.81999999999999995,17,3.8500000000000001,r0012,38,0.33720276408530514
case_amber,0.81999999999999995,17,3.8500000000000001,r0013,38,0.51378195016952066
case_amber,0.81999999999999995,17,3.8500000000000001,r0014,38,0.39634316476302128
case_amber,0.81999999999999995,17,3.8500000000000001,r0015,38,0.3565824503320304
case_amber,0.81999999999999995,17,3.8500000000000001,r0016,38,0.47850136247970043
case_amber,0.81999999999999995,17,3.8500000000000001,r0017,38,0.38285973559195319
case_amber,0.81999999999999995,17,3.8500000000000001,r0018,38,0.35669557753268161
case_amber,0.81999999999999995,17,3.8500000000000001,r0019,38,0.3618184652175333
case_amber,0.81999999999999995,17,3.8500000000000001,r0020,38,0.33877339081709645
case_amber,0.81999999999999995,17,3.8500000000000001,r0021,38,0.37503451322013936
case_amber,0.81999999999999995,17,3.8500000000000001,r0022,38,0.41460932393943423
case_amber,0.81999999999999995,17,3.8500000000000001,r0023,38,0.38550734037409412
case_amber,0.81999999999999995,17,3.8500000000000001,r0024,38,0.35422839833425879
case_amber,0.81999999999999995,17,3.8500000000000001,r0025,38,0.44198286634258971
case_amber,0.81999999999999995,17,3.8500000000000001,r0026,38,0.40844956098572532
case_amber,0.81999999999999995,17,3.8500000000000001,r0027,38,0.39137208738689183
case_amber,0.81999999999999995,17,3.8500000000000001,r0028,38,0.40442847474192178
case_amber,0.81999999999999995,17,4.25,r0000,38,0.39517889630346731
case_amber,0.81999999999999995,17,4.25,r0001,38,0.39203064890973011
case_amber,0.81999999999999995,17,4.25,r0002,38,0.44434288369426334
case_amber,0.81999999999999995,17,4.25,r0003,38,0.43300720964529549
case_amber,0.81999999999999995,17,4.25,r0004,38,0.37796241956040511
case_amber,0.81999999999999995,17,4.25,r0005,38,0.37973591084633207
case_amber,0.81999999999999995,17,4.25,r0006,38,0.38825736979981046
case_amber,0.81999999999999995,17,4.25,r0007,38,0.38446878741389789
case_amber,0.81999999999999995,17,4.25,r0008,38,0.36047122451203228
case_amber,0.81999999999999995,17,4.25,r0009,38,0.37820610721851772
case_amber,0.81999999999999995,17,4.25,r0010,38,0.31229584803839727
case_amber,0.81999999999999995,17,4.25,r0011,38,0.39110333516021323
case_amber,0.81999999999999995,17,4.25,r0012,38,0.45265798333025747
case_amber,0.81999999999999995,17,4.25,r0013,38,0.26501064468902275
case_amber,0.81999999999999995,17,4.25,r0014,38,0.44019991235344236
case_amber,0.81999999999999995,17,4.25,r0015,38,0.37211950908521857
case_amber,0.81999999999999995,17,4.25,r0016,38,0.45405593007323558
case_amber,0.81999999999999995,17,4.25,r0017,38,0.41336072911180249
case_amber,0.81999999999999995,17,4.25,r0018,38,0.34572790788645108
case_amber,0.81999999999999995,17,4.25,r0019,38,0.40759157848675098
case_amber,0.81999999999999995,17,4.25,r0020,38,0.35681632765143034
case_amber,0.81999999999999995,17,4.25,r0021,38,0.39000039365926464
case_amber,0.81999999999999995,17,4.25,r0022,38,0.33259743901754896
case_amber,0.81999999999999995,17,4.25,r0023,38,0.36876251878984551
case_amber,0.81999999999999995,17,4.25,r0024,38,0.43281250095822976
case_amber,0.81999999999999995,17,4.25,r0025,38,0.42394744496394882
case_amber,0.81999999999999995,17,4.25,r0026,38,0.40352674162095858
case_amber,0.81999999999999995,17,4.25,r0027,38,0.36434383033997547
case_amber,0.81999999999999995,17,4.25,r0028,38,0.45083124317616219
case_amber,0.81999999999999995,17,4.6500000000000004,r0000,38,0.38006103639793221
case_amber,0.81999999999999995,17,4.6500000000000004,r0001,38,0.40559828267141201
case_amber,0.81999999999999995,17,4.6500000000000004,r0002,38,0.32655004618544403
case_amber,0.81999999999999995,17,4.6500000000000004,r0003,38,0.35157354954529912
case_amber,0.81999999999999995,17,4.6500000000000004,r0004,38,0.45190628583807735
case_amber,0.81999999999999995,17,4.6500000000000004,r0005,38,0.37628745940982306
case_amber,0.81999999999999995,17,4.6500000000000004,r0006,38,0.30613949238007782
case_amber,0.81999999999999995,17,4.6500000000000004,r0007,38,0.33403834578061908
case_amber,0.81999999999999995,17,4.6500000000000004,r0008,38,0.42946161259410565
case_amber,0.81999999999999995,17,4.6500000000000004,r0009,38,0.41489743012339031
case_amber,0.81999999999999995,17,4.6500000000000004,r0010,38,0.41253077249034947
case_amber,0.81999999999999995,17,4.6500000000000004,r0011,38,0.40421146311054396
case_amber,0.81999999999999995,17,4.6500000000000004,r0012,38,0.31215176808655248
case_amber,0.81999999999999995,17,4.6500000000000004,r0013,38,0.32094729843262892
case_amber,0.81999999999999995,17,4.6500000000000004,r0014,38,0.41418169320383919
case_amber,0.81999999999999995,17,4.6500000000000004,r0015,38,0.38285609725341035
case_amber,0.81999999999999995,17,4.6500000000000004,r0016,38,0.45349027682473381
case_amber,0.81999999999999995,17,4.6500000000000004,r0017,38,0.35695046351966536
case_amber,0.81999999999999995,17,4.6500000000000004,r0018,38,0.35249460347170664
case_amber,0.81999999999999995,17,4.6500000000000004,r0019,38,0.34231008261174528
case_amber,0.81999999999999995,17,4.6500000000000004,r0020,38,0.43618761723667371
case_amber,0.81999999999999995,17,4.6500000000000004,r0021,38,0.45822788346998639
case_amber,0.81999999999999995,17,4.6500000000000004,r0022,38,0.42097199630063764
case_amber,0.81999999999999995,17,4.6500000000000004,r0023,38,0.50152037779548253
case_amber,0.81999999999999995,17,4.6500000000000004,r0024,38,0.4038737101989196
case_amber,0.81999999999999995,17,4.6500000000000004,r0025,38,0.4131773826839491
case_amber,0.81999999999999995,17,4.6500000000000004,r0026,38,0.42995753163786526
case_amber,0.81999999999999995,17,4.6500000000000004,r0027,38,0.42869846642821668
case_amber,0.81999999999999995,17,4.6500000000000004,r0028,38,0.36655732926720763
case_amber,0.81999999999999995,25,1.45,r0000,24,0.46888383416326573
case_amber,0.81999999999999995,25,1.45,r0001,24,0.55258519808099038
case_amber,0.81999999999999995,25,1.45,r0002,24,0.642990968463517
case_amber,0.81999999999999995,25,1.45,r0003,24,0.55488685791521075
case_amber,0.81999999999999995,25,1.45,r0004,24,0.45253303153438856
case_amber,0.81999999999999995,25,1.45,r0005,24,0.57837297747744365
case_amber,0.81999999999999995,25,1.45,r0006,24,0.49598662364895735
case_amber,0.81999999999999995,25,1.45,r0007,24,0.52820392255733628
case_amber,0.81999999999999995,25,1.45,r0008,24,0.56337504923236847
case_amber,0.81999999999999995,25,1.45,r0009,24,0.52908948125480437
case_amber,0.81999999999999995,25,1.45,r0010,24,0.58217890913440795
case_amber,0.81999999999999995,25,1.45,r0011,24,0.58896766047487847
case_amber,0.81999999999999995,25,1.45,r0012,24,0.51048712912671546
case_amber,0.81999999999999995,25,1.45,r0013,24,0.55071040329087062
case_amber,0.81999999999999995,25,1.45,r0014,24,0.52477265923790362
case_amber,0.81999999999999995,25,1.45,r0015,24,0.5799935883584586
case_amber,0.81999999999999995,25,1.45,r0016,24,0.61136010755571046
case_amber,0.81999999999999995,25,1.45,r0017,24,0.52887017656029911
case_amber,0.81999999999999995,25,1.45,r0018,24,0.54388392906517835
case_amber,0.81999999999999995,25,1.45,r0019,24,0.49106926220942076
case_amber,0.81999999999999995,25,1.45,r0020,24,0.47246264183396081
case_amber,0.81999999999999995,25,1.45,r0021,24,0.48297871890641392
case_amber,0.81999999999999995,25,1.45,r0022,24,0.45476130030185297
case_amber,0.81999999999999995,25,1.45,r0023,24,0.5327324059359444
case_amber,0.81999999999999995,25,1.45,r0024,24,0.52991913490998588
case_amber,0.81999999999999995,25,1.45,r0025,24,0.43267891354399612
case_amber,0.81999999999999995,25,1.45,r0026,24,0.47021874600768476
case_amber,0.81999999999999995,25,1.45,r0027,24,0.53968496481784778
case_amber,0.81999999999999995,25,1.45,r0028,24,0.59087338890932217
case_amber,0.81999999999999995,25,1.8500000000000001,r0000,24,0.59662734527736017
case_amber,0.81999999999999995,25,1.8500000000000001,r0001,24,0.50032741889692545
case_amber,0.81999999999999995,25,1.8500000000000001,r0002,24,0.52859295548122287
case_amber,0.81999999999999995,25,1.8500000000000001,r0003,24,0.52122706655783413
case_amber,0.81999999999999995,25,1.8500000000000001,r0004,24,0.51644522087229905
case_amber,0.81999999999999995,25,1.8500000000000001,r0005,24,0.53144446169460036
case_amber,0.81999999999999995,25,1.8500000000000001,r0006,24,0.53109913609712622
case_amber,0.81999999999999995,25,1.8500000000000001,r0007,24,0.51929238427699487
case_amber,0.81999999999999995,25,1.8500000000000001,r0008,24,0.5703473790260335
case_amber,0.81999999999999995,25,1.8500000000000001,r0009,24,0.54955978677703066
case_amber,0.81999999999999995,25,1.8500000000000001,r0010,24,0.53473888668067515
case_amber,0.81999999999999995,25,1.8500000000000001,r0011,24,0.6294577633699846
case_amber,0.81999999999999995,25,1.8500000000000001,r0012,24,0.45180812978401264
case_amber,0.81999999999999995,25,1.8500000000000001,r0013,24,0.55667030728554334
case_amber,0.81999999999999995,25,1.8500000000000001,r0014,24,0.50028267812639904
case_amber,0.81999999999999995,25,1.8500000000000001,r0015,24,0.49487266982242556
case_amber,0.81999999999999995,25,1.8500000000000001,r0016,24,0.55523572647664343
case_amber,0.81999999999999995,25,1.8500000000000001,r0017,24,0.50653733240993459
case_amber,0.81999999999999995,25,1.8500000000000001,r0018,24,0.50866711539779808
case_amber,0.81999999999999995,25,1.8500000000000001,r0019,24,0.53539638923375155
case_amber,0.81999999999999995,25,1.8500000000000001,r0020,24,0.55051998819163328
case_amber,0.81999999999999995,25,1.8500000000000001,r0021,24,0.56961495128786632
case_amber,0.81999999999999995,25,1.8500000000000001,r0022,24,0.42575402232912046
case_amber,0.81999999999999995,25,1.8500000000000001,r0023,24,0.54439244595676339
case_amber,0.81999999999999995,25,1.8500000000000001,r0024,24,0.51415672898079456
case_amber,0.81999999999999995,25,1.8500000000000001,r0025,24,0.56401773208123418
case_amber,0.81999999999999995,25,1.8500000000000001,r0026,24,0.40806452038178459
case_amber,0.81999999999999995,25,1.8500000000000001,r0027,24,0.51148231749916728
case_amber,0.81999999999999995,25,1.8500000000000001,r0028,24,0.49209566729516574
case_amber,0.81999999999999995,25,2.25,r0000,24,0.43924027100345725
case_amber,0.81999999999999995,25,2.25,r0001,24,0.65603262915979166
case_amber,0.81999999999999995,25,2.25,r0002,24,0.41786127947612001
case_amber,0.81999999999999995,25,2.25,r0003,24,0.45493378188821759
case_amber,0.81999999999999995,25,2.25,r0004,24,0.53226655575764292
case_amber,0.81999999999999995,25,2.25,r0005,24,0.55001914208574354
case_amber,0.81999999999999995,25,2.25,r0006,24,0.46353496822245038
case_amber,0.81999999999999995,25,2.25,r0007,24,0.47475611334415024
case_amber,0.81999999999999995,25,2.25,r0008,24,0.49480486959580627
case_amber,0.81999999999999995,25,2.25,r0009,24,0.61354264468398156
case_amber,0.81999999999999995,25,2.25,r0010,24,0.53384696024032552
case_amber,0.81999999999999995,25,2.25,r0011,24,0.38544834151978602
case_amber,0.81999999999999995,25,2.25,r0012,24,0.55867398024995685
case_amber,0.81999999999999995,25,2.25,r0013,24,0.54319590121303829
case_amber,0.81999999999999995,25,2.25,r0014,24,0.60439772560202132
case_amber,0.81999999999999995,25,2.25,r0015,24,0.4779916104231165
case_amber,0.81999999999999995,25,2.25,r0016,24,0.44928323180744173
case_amber,0.81999999999999995,25,2.25,r0017,24,0.42614266886190899
case_amber,0.81999999999999995,25,2.25,r0018,24,0.47920788975638923
case_amber,0.81999999999999995,25,2.25,r0019,24,0.41875440960079841
case_amber,0.81999999999999995,25,2.25,r0020,24,0.5604628364287213
case_amber,0.81999999999999995,25,2.25,r0021,24,0.5263415575717646
case_amber,0.81999999999999995,25,2.25,r0022,24,0.45279617637392966
case_amber,0.81999999999999995,25,2.25,r0023,24,0.63343305645899051
case_amber,0.81999999999999995,25,2.25,r0024,24,0.52677028327985742
case_amber,0.81999999999999995,25,2.25,r0025,24,0.65800450979762559
case_amber,0.81999999999999995,25,2.25,r0026,24,0.6272249158760328
case_amber,0.81999999999999995,25,2.25,r0027,24,0.37657525928504931
case_amber,0.81999999999999995,25,2.25,r0028,24,0.57749107866741511
case_amber,0.81999999999999995,25,2.6499999999999999,r0000,28,0.52391645444535695
case_amber,0.81999999999999995,25,2.6499999999999999,r0001,28,0.5105599347147266
case_amber,0.81999999999999995,25,2.6499999999999999,r0002,29,0.48388388742916166
case_amber,0.81999999999999995,25,2.6499999999999999,r0003,29,0.46918707310794888
case_amber,0.81999999999999995,25,2.6499999999999999,r0004,30,0.48442269226636997
case_amber,0.81999999999999995,25,2.6499999999999999,r0005,27,0.43172997010044373
case_amber,0.81999999999999995,25,2.6499999999999999,r0006,29,0.40839384209790419
case_amber,0.81999999999999995,25,2.6499999999999999,r0007,29,0.39378122886861167
case_amber,0.81999999999999995,25,2.6499999999999999,r0008,30,0.45138657150518158
case_amber,0.81999999999999995,25,2.6499999999999999,r0009,29,0.60062833377272107
case_amber,0.81999999999999995,25,2.6499999999999999,r0010,28,0.47661715350638467
case_amber,0.81999999999999995,25,2.6499999999999999,r0011,27,0.45275382682954007
case_amber,0.81999999999999995,25,2.6499999999999999,r0012,29,0.45578615629575187
case_amber,0.81999999999999995,25,2.6499999999999999,r0013,28,0.4540169130497681
case_amber,0.81999999999999995,25,2.6499999999999999,r0014,28,0.51115053353164119
case_amber,0.81999999999999995,25,2.6499999999999999,r0015,29,0.44421257245930357
case_amber,0.81999999999999995,25,2.6499999999999999,r0016,28,0.59764538495564246
case_amber,0.81999999999999995,25,2.6499999999999999,r0017,28,0.55707210643616201
case_amber,0.81999999999999995,25,2.6499999999999999,r0018,28,0.46831397868969488
case_amber,0.81999999999999995,25,2.6499999999999999,r0019,29,0.60755352021830944
case_amber,0.81999999999999995,25,2.6499999999999999,r0020,28,0.50259777591084376
case_amber,0.81999999999999995,25,2.6499999999999999,r0021,29,0.4675335989191281
case_amber,0.81999999999999995,25,2.6499999999999999,r0022,29,0.52540331531787998
case_amber,0.81999999999999995,25,2.6499999999999999,r0023,28,0.5625479305336164
case_amber,0.81999999999999995,25,2.6499999999999999,r0024,29,0.48626087634046866
case_amber,0.81999999999999995,25,2.6499999999999999,r0025,30,0.38563034866101487
case_amber,0.81999999999999995,25,2.6499999999999999,r0026,28,0.45165204899648331
case_amber,0.81999999999999995,25,2.6499999999999999,r0027,28,0.47338122459939014
case_amber,0.81999999999999995,25,2.6499999999999999,r0028,30,0.50520434812641069
case_amber,0.81999999999999995,25,3.0499999999999998,r0000,38,0.435098691577889
case_amber,0.81999999999999995,25,3.0499999999999998,r0001,38,0.37873737263783736
case_amber,0.81999999999999995,25,3.0499999999999998,r0002,38,0.3299560931648654
case_amber,0.81999999999999995,25,3.0499999999999998,r0003,38,0.34854194068006761
case_amber,0.81999999999999995,25,3.0499999999999998,r0004,38,0.37839959965067455
case_amber,0.81999999999999995,25,3.0499999999999998,r0005,38,0.39273025253940386
case_amber,0.81999999999999995,25,3.0499999999999998,r0006,38,0.26502728534456965
case_amber,0.81999999999999995,25,3.0499999999999998,r0007,38,0.38301405757263596
case_amber,0.81999999999999995,25,3.0499999999999998,r0008,38,0.35633420809916538
case_amber,0.81999999999999995,25,3.0499999999999998,r0009,38,0.25555627419611227
case_amber,0.81999999999999995,25,3.0499999999999998,r0010,38,0.42285441033356636
case_amber,0.81999999999999995,25,3.0499999999999998,r0011,38,0.4683631176021264
case_amber,0.81999999999999995,25,3.0499999999999998,r0012,38,0.35738074662513392
case_amber,0.81999999999999995,25,3.0499999999999998,r0013,38,0.41914610637487842
case_amber,0.81999999999999995,25,3.0499999999999998,r0014,38,0.44794531567043022
case_amber,0.81999999999999995,25,3.0499999999999998,r0015,38,0.45898450597180773
case_amber,0.81999999999999995,25,3.0499999999999998,r0016,38,0.26858891061404061
case_amber,0.81999999999999995,25,3.0499999999999998,r0017,38,0.40730416596902919
case_amber,0.81999999999999995,25,3.0499999999999998,r0018,38,0.28569229166328564
case_amber,0.81999999999999995,25,3.0499999999999998,r0019,38,0.35015516804785218
case_amber,0.81999999999999995,25,3.0499999999999998,r0020,38,0.44033221907049058
case_amber,0.81999999999999995,25,3.0499999999999998,r0021,38,0.35908336345028569
case_amber,0.81999999999999995,25,3.0499999999999998,r0022,38,0.39167843935770064
case_amber,0.81999999999999995,25,3.0499999999999998,r0023,38,0.33628288274880846
case_amber,0.81999999999999995,25,3.0499999999999998,r0024,38,0.48861666112651952
case_amber,0.81999999999999995,25,3.0499999999999998,r0025,38,0.45474722494205655
case_amber,0.81999999999999995,25,3.0499999999999998,r0026,38,0.38880526975115592
case_amber,0.81999999999999995,25,3.0499999999999998,r0027,38,0.45655639524348923
case_amber,0.81999999999999995,25,3.0499999999999998,r0028,38,0.37849249428622678
case_amber,0.81999999999999995,25,3.4500000000000002,r0000,38,0.3932836161505559
case_amber,0.81999999999999995,25,3.4500000000000002,r0001,38,0.36049121471816342
case_amber,0.81999999999999995,25,3.4500000000000002,r0002,38,0.40025647235473272
case_amber,0.81999999999999995,25,3.4500000000000002,r0003,38,0.41714307764607306
case_amber,0.81999999999999995,25,3.4500000000000002,r0004,38,0.38920373587237256
case_amber,0.81999999999999995,25,3.4500000000000002,r0005,38,0.32544890332697923
case_amber,0.81999999999999995,25,3.4500000000000002,r0006,38,0.39259145250013211
case_amber,0.81999999999999995,25,3.4500000000000002,r0007,38,0.27212761688642212
case_amber,0.81999999999999995,25,3.4500000000000002,r0008,38,0.38757490278419732
case_amber,0.81999999999999995,25,3.4500000000000002,r0009,38,0.36995589489989039
case_amber,0.81999999999999995,25,3.4500000000000002,r0010,38,0.41577610418318506
case_amber,0.81999999999999995,25,3.4500000000000002,r0011,38,0.42676246641887244
case_amber,0.81999999999999995,25,3.4500000000000002,r0012,38,0.41808660690136445
case_amber,0.81999999999999995,25,3.4500000000000002,r0013,38,0.43888335773323056
case_amber,0.81999999999999995,25,3.4500000000000002,r0014,38,0.45035270209599948
case_amber,0.81999999999999995,25,3.4500000000000002,r0015,38,0.34233711750189655
case_amber,0.81999999999999995,25,3.4500000000000002,r0016,38,0.40848434063369354
case_amber,0.81999999999999995,25,3.4500000000000002,r0017,38,0.40029049194220756
case_amber,0.81999999999999995,25,3.4500000000000002,r0018,38,0.32842163540971353
case_amber,0.81999999999999995,25,3.4500000000000002,r0019,38,0.42581974347854373
case_amber,0.81999999999999995,25,3.4500000000000002,r0020,38,0.34485039412162927
case_amber,0.81999999999999995,25,3.4500000000000002,r0021,38,0.38376847780752693
case_amber,0.81999999999999995,25,3.4500000000000002,r0022,38,0.30357182547785888
case_amber,0.81999999999999995,25,3.4500000000000002,r0023,38,0.29767707018700207
case_amber,0.81999999999999995,25,3.4500000000000002,r0024,38,0.29023480260965334
case_amber,0.81999999999999995,25,3.4500000000000002,r0025,38,0.35885395015221339
case_amber,0.81999999999999995,25,3.4500000000000002,r0026,38,0.37530042981249662
case_amber,0.81999999999999995,25,3.4500000000000002,r0027,38,0.41387022743892848
case_amber,0.81999999999999995,25,3.4500000000000002,r0028,38,0.50793831630419362
case_amber,0.81999999999999995,25,3.8500000000000001,r0000,38,0.3976817807543635
case_amber,0.81999999999999995,25,3.8500000000000001,r0001,38,0.38499790297528108
case_amber,0.81999999999999995,25,3.8500000000000001,r0002,38,0.44345991698016851
case_amber,0.81999999999999995,25,3.8500000000000001,r0003,38,0.24253919242398006
case_amber,0.81999999999999995,25,3.8500000000000001,r0004,38,0.28748069099139362
case_amber,0.81999999999999995,25,3.8500000000000001,r0005,38,0.39712946599869198
case_amber,0.81999999999999995,25,3.8500000000000001,r0006,38,0.40722516530330355
case_amber,0.81999999999999995,25,3.8500000000000001,r0007,38,0.46403971123764526
case_amber,0.81999999999999995,25,3.8500000000000001,r0008,38,0.46659256619239298
case_amber,0.81999999999999995,25,3.8500000000000001,r0009,38,0.34694715708250695
case_amber,0.81999999999999995,25,3.8500000000000001,r0010,38,0.34756145457689269
case_amber,0.81999999999999995,25,3.8500000000000001,r0011,38,0.42346271896985893
case_amber,0.81999999999999995,25,3.8500000000000001,r0012,38,0.31204944382701794
case_amber,0.81999999999999995,25,3.8500000000000001,r0013,38,0.38594123139349762
case_amber,0.81999999999999995,25,3.8500000000000001,r0014,38,0.34685364075447517
case_amber,0.81999999999999995,25,3.8500000000000001,r0015,38,0.39234339065511903
case_amber,0.81999999999999995,25,3.8500000000000001,r0016,38,0.41014472446909683
case_amber,0.81999999999999995,25,3.8500000000000001,r0017,38,0.38367410682049569
case_amber,0.81999999999999995,25,3.8500000000000001,r0018,38,0.41786739225877961
case_amber,0.81999999999999995,25,3.8500000000000001,r0019,38,0.4202072029979409
case_amber,0.81999999999999995,25,3.8500000000000001,r0020,38,0.47174107784892311
case_amber,0.81999999999999995,25,3.8500000000000001,r0021,38,0.43914671180441206
case_amber,0.81999999999999995,25,3.8500000000000001,r0022,38,0.42476513251064824
case_amber,0.81999999999999995,25,3.8500000000000001,r0023,38,0.33035660496468544
case_amber,0.81999999999999995,25,3.8500000000000001,r0024,38,0.35409164965623929
case_amber,0.81999999999999995,25,3.8500000000000001,r0025,38,0.36060833542491028
case_amber,0.81999999999999995,25,3.8500000000000001,r0026,38,0.34460124794651636
case_amber,0.81999999999999995,25,3.8500000000000001,r0027,38,0.30571707969479983
case_amber,0.81999999999999995,25,3.8500000000000001,r0028,38,0.26106115993485296
case_amber,0.81999999999999995,25,4.25,r0000,38,0.42457809541573094
case_amber,0.81999999999999995,25,4.25,r0001,38,0.35044644664242869
case_amber,0.81999999999999995,25,4.25,r0002,38,0.42070267681805179
case_amber,0.81999999999999995,25,4.25,r0003,38,0.31638004612185883
case_amber,0.81999999999999995,25,4.25,r0004,38,0.40035364610297436
case_amber,0.81999999999999995,25,4.25,r0005,38,0.35311849953568331
case_amber,0.81999999999999995,25,4.25,r0006,38,0.28787126307693434
case_amber,0.81999999999999995,25,4.25,r0007,38,0.36621380338743026
case_amber,0.81999999999999995,25,4.25,r0008,38,0.33814613355059464
case_amber,0.81999999999999995,25,4.25,r0009,38,0.37983671149514153
case_amber,0.81999999999999995,25,4.25,r0010,38,0.38227109769493756
case_amber,0.81999999999999995,25,4.25,r0011,38,0.47408871371489775
case_amber,0.81999999999999995,25,4.25,r0012,38,0.36471930066105063
case_amber,0.81999999999999995,25,4.25,r0013,38,0.36110430334306304
case_amber,0.81999999999999995,25,4.25,r0014,38,0.31047275357295812
case_amber,0.81999999999999995,25,4.25,r0015,38,0.36967477805745219
case_amber,0.81999999999999995,25,4.25,r0016,38,0.36029930403733984
case_amber,0.81999999999999995,25,4.25,r0017,38,0.3822522894196827
case_amber,0.81999999999999995,25,4.25,r0018,38,0.33669423052919689
case_amber,0.81999999999999995,25,4.25,r0019,38,0.37388085993149806
case_amber,0.81999999999999995,25,4.25,r0020,38,0.3564768710972101
case_amber,0.81999999999999995,25,4.25,r0021,38,0.2342631953689735
case_amber,0.81999999999999995,25,4.25,r0022,38,0.40052730960324695
case_amber,0.81999999999999995,25,4.25,r0023,38,0.38520671311096022
case_amber,0.81999999999999995,25,4.25,r0024,38,0.34784965570066867
case_amber,0.81999999999999995,25,4.25,r0025,38,0.32282046962396593
case_amber,0.81999999999999995,25,4.25,r0026,38,0.34019054913446539
case_amber,0.81999999999999995,25,4.25,r0027,38,0.43799065969055478
case_amber,0.81999999999999995,25,4.25,r0028,38,0.33487762727220022
case_amber,0.81999999999999995,25,4.6500000000000004,r0000,38,0.43661490687036941
case_amber,0.81999999999999995,25,4.6500000000000004,r0001,38,0.35203863869720464
case_amber,0.81999999999999995,25,4.6500000000000004,r0002,38,0.36205848714813155
case_amber,0.81999999999999995,25,4.6500000000000004,r0003,38,0.27668417778033527
case_amber,0.81999999999999995,25,4.6500000000000004,r0004,38,0.28117020921537972
case_amber,0.81999999999999995,25,4.6500000000000004,r0005,38,0.44509739695194805
case_amber,0.81999999999999995,25,4.6500000000000004,r0006,38,0.37670020980948893
case_amber,0.81999999999999995,25,4.6500000000000004,r0007,38,0.43019653346754316
case_amber,0.81999999999999995,25,4.6500000000000004,r0008,38,0.54988795256541023
case_amber,0.81999999999999995,25,4.6500000000000004,r0009,38,0.46297013055475178
case_amber,0.81999999999999995,25,4.6500000000000004,r0010,38,0.44465400764326612
case_amber,0.81999999999999995,25,4.6500000000000004,r0011,38,0.36036612064961032
case_amber,0.81999999999999995,25,4.6500000000000004,r0012,38,0.2809816217768733
case_amber,0.81999999999999995,25,4.6500000000000004,r0013,38,0.43668914540320264
case_amber,0.81999999999999995,25,4.6500000000000004,r0014,38,0.28765692008439303
case_amber,0.81999999999999995,25,4.6500000000000004,r0015,38,0.44411708119845889
case_amber,0.81999999999999995,25,4.6500000000000004,r0016,38,0.29982562650936417
case_amber,0.81999999999999995,25,4.6500000000000004,r0017,38,0.39066379660673484
case_amber,0.81999999999999995,25,4.6500000000000004,r0018,38,0.34808083009382473
case_amber,0.81999999999999995,25,4.6500000000000004,r0019,38,0.39641933802658863
case_amber,0.81999999999999995,25,4.6500000000000004,r0020,38,0.4414473690189013
case_amber,0.81999999999999995,25,4.6500000000000004,r0021,38,0.37976419820311069
case_amber,0.81999999999999995,25,4.6500000000000004,r0022,38,0.40848574354449063
case_amber,0.81999999999999995,25,4.6500000000000004,r0023,38,0.32568921436910853
case_amber,0.81999999999999995,25,4.6500000000000004,r0024,38,0.33971118132840877
case_amber,0.81999999999999995,25,4.6500000000000004,r0025,38,0.36405061340365263
case_amber,0.81999999999999995,25,4.6500000000000004,r0026,38,0.31415917015652717
case_amber,0.81999999999999995,25,4.6500000000000004,r0027,38,0.44667987011385901
case_amber,0.81999999999999995,25,4.6500000000000004,r0028,38,0.371221483627031
