length,sequence_id,target_mask,observed_mask,count
0,s000,8,8,1921
0,s000,8,9,24
0,s000,8,10,42
0,s000,8,12,25
0,s000,8,14,1
0,s000,8,0,58
0,s000,8,1,1
0,s000,8,2,2
0,s000,8,4,1
0,s000,8,24,42
0,s000,8,40,29
0,s000,8,41,1
0,s000,8,42,1
0,s000,8,44,1
0,s000,8,32,2
0,s000,8,56,1
0,s000,8,72,54
0,s000,8,74,1
0,s000,8,76,1
0,s000,8,64,2
0,s000,8,68,1
0,s000,8,88,1
0,s000,8,104,1
0,s001,107,107,1990
0,s001,107,106,25
0,s001,107,105,68
0,s001,107,104,2
0,s001,107,111,25
0,s001,107,109,1
0,s001,107,99,60
0,s001,107,97,2
0,s001,107,103,3
0,s001,107,123,49
0,s001,107,122,1
0,s001,107,121,1
0,s001,107,127,1
0,s001,107,115,2
0,s001,107,75,25
0,s001,107,74,2
0,s001,107,73,3
0,s001,107,79,1
0,s001,107,67,1
0,s001,107,71,1
0,s001,107,43,59
0,s001,107,42,1
0,s001,107,41,2
0,s001,107,35,1
0,s001,107,59,3
0,s001,107,11,3
0,s002,13,13,2012
0,s002,13,12,37
0,s002,13,15,65
0,s002,13,14,1
0,s002,13,9,29
0,s002,13,5,46
0,s002,13,4,1
0,s002,13,7,3
0,s002,13,6,1
0,s002,13,1,1
0,s002,13,29,50
0,s002,13,31,1
0,s002,13,21,2
0,s002,13,45,34
0,s002,13,44,1
0,s002,13,47,2
0,s002,13,41,1
0,s002,13,37,1
0,s002,13,77,67
0,s002,13,93,4
0,s003,114,114,2049
0,s003,114,115,31
0,s003,114,112,68
0,s003,114,118,28
0,s003,114,119,1
0,s003,114,116,1
0,s003,114,122,61
0,s003,114,123,1
0,s003,114,120,3
0,s003,114,126,1
0,s003,114,98,44
0,s003,114,96,1
0,s003,114,82,32
0,s003,114,80,2
0,s003,114,50,68
0,s003,114,51,1
0,s003,114,48,2
0,s003,114,54,1
0,s003,114,34,3
0,s003,114,18,1
0,s004,9,9,1986
0,s004,9,8,37
0,s004,9,11,64
0,s004,9,10,3
0,s004,9,13,24
0,s004,9,15,1
0,s004,9,1,49
0,s004,9,25,44
0,s004,9,17,1
0,s004,9,41,29
0,s004,9,43,2
0,s004,9,57,1
0,s004,9,73,70
0,s004,9,75,2
0,s004,9,77,1
0,s004,9,65,3
0,s004,9,105,1
0,s005,89,89,2041
0,s005,89,88,34
0,s005,89,91,60
0,s005,89,90,2
0,s005,89,93,33
0,s005,89,92,1
0,s005,89,81,48
0,s005,89,83,2
0,s005,89,85,1
0,s005,89,73,58
0,s005,89,75,1
0,s005,89,65,1
0,s005,89,121,30
0,s005,89,123,2
0,s005,89,113,1
0,s005,89,115,1
0,s005,89,25,55
0,s005,89,24,2
0,s005,89,27,1
0,s005,89,29,2
0,s005,89,28,1
0,s005,89,17,1
0,s005,89,9,1
0,s005,89,57,2
0,s006,115,115,1998
0,s006,115,114,34
0,s006,115,113,54
0,s006,115,112,2
0,s006,115,119,35
0,s006,115,117,1
0,s006,115,123,66
0,s006,115,121,2
0,s006,115,127,1
0,s006,115,99,50
0,s006,115,97,1
0,s006,115,103,1
0,s006,115,83,26
0,s006,115,51,63
0,s006,115,50,1
0,s006,115,49,2
0,s006,115,55,3
0,s006,115,59,1
0,s006,115,19,1
0,s007,27,27,1872
0,s007,27,26,26
0,s007,27,25,60
0,s007,27,24,2
0,s007,27,31,31
0,s007,27,19,53
0,s007,27,17,1
0,s007,27,11,35
0,s007,27,10,2
0,s007,27,3,1
0,s007,27,59,33
0,s007,27,58,1
0,s007,27,57,1
0,s007,27,51,1
0,s007,27,43,1
0,s007,27,91,60
0,s007,27,90,2
0,s007,27,89,2
0,s007,27,95,1
0,s007,27,83,1
0,s007,27,75,1
0,s007,27,123,2
0,s008,78,78,2024
0,s008,78,79,32
0,s008,78,76,61
0,s008,78,77,1
0,s008,78,74,24
0,s008,78,75,1
0,s008,78,72,2
0,s008,78,70,47
0,s008,78,71,1
0,s008,78,68,2
0,s008,78,66,1
0,s008,78,94,54
0,s008,78,95,3
0,s008,78,92,2
0,s008,78,86,2
0,s008,78,110,19
0,s008,78,106,1
0,s008,78,14,69
0,s008,78,15,1
0,s008,78,12,1
0,s008,78,6,1
0,s008,78,30,1
0,s008,78,26,1
0,s008,78,46,1
0,s009,78,78,1925
0,s009,78,79,22
0,s009,78,76,49
0,s009,78,77,1
0,s009,78,74,19
0,s009,78,75,1
0,s009,78,70,50
0,s009,78,68,4
0,s009,78,66,1
0,s009,78,94,43
0,s009,78,86,2
0,s009,78,87,1
0,s009,78,110,28
0,s009,78,106,2
0,s009,78,102,1
0,s009,78,126,1
0,s009,78,14,55
0,s009,78,15,1
0,s009,78,12,3
0,s009,78,10,4
0,s009,78,6,1
0,s009,78,30,1
0,s010,110,110,1981
0,s010,110,111,33
0,s010,110,108,55
0,s010,110,109,2
0,s010,110,106,34
0,s010,110,107,1
0,s010,110,104,2
0,s010,110,102,54
0,s010,110,100,2
0,s010,110,126,49
0,s010,110,124,2
0,s010,110,122,1
0,s010,110,118,1
0,s010,110,78,25
0,s010,110,79,1
0,s010,110,74,2
0,s010,110,46,60
0,s010,110,44,2
0,s010,110,42,1
0,s010,110,14,3
0,s011,120,120,2004
0,s011,120,121,30
0,s011,120,122,63
0,s011,120,124,40
0,s011,120,125,1
0,s011,120,126,1
0,s011,120,112,51
0,s011,120,114,2
0,s011,120,116,1
0,s011,120,104,39
0,s011,120,88,30
0,s011,120,92,2
0,s011,120,72,1
0,s011,120,56,62
0,s011,120,58,1
0,s011,120,60,3
0,s011,120,48,3
0,s011,120,40,4
0,s011,120,32,1
0,s012,111,111,2041
0,s012,111,110,33
0,s012,111,109,60
0,s012,111,108,1
0,s012,111,107,30
0,s012,111,106,1
0,s012,111,105,1
0,s012,111,103,55
0,s012,111,102,1
0,s012,111,127,41
0,s012,111,126,2
0,s012,111,115,1
0,s012,111,79,26
0,s012,111,78,2
0,s012,111,77,1
0,s012,111,75,1
0,s012,111,71,1
0,s012,111,47,57
0,s012,111,45,2
0,s012,111,43,1
0,s012,111,63,2
0,s012,111,15,1
0,s012,111,31,1
0,s013,124,124,2088
0,s013,124,125,30
0,s013,124,126,52
0,s013,124,127,2
0,s013,124,120,35
0,s013,124,121,1
0,s013,124,122,1
0,s013,124,116,36
0,s013,124,117,1
0,s013,124,112,1
0,s013,124,108,42
0,s013,124,109,1
0,s013,124,110,2
0,s013,124,100,2
0,s013,124,92,21
0,s013,124,94,2
0,s013,124,88,1
0,s013,124,84,1
0,s013,124,60,77
0,s013,124,61,1
0,s013,124,62,3
0,s013,124,56,1
0,s013,124,44,1
0,s013,124,28,2
0,s014,77,77,2008
0,s014,77,76,38
0,s014,77,79,62
0,s014,77,73,35
0,s014,77,72,2
0,s014,77,75,1
0,s014,77,69,56
0,s014,77,68,1
0,s014,77,71,1
0,s014,77,93,42
0,s014,77,92,1
0,s014,77,95,2
0,s014,77,109,39
0,s014,77,111,2
0,s014,77,125,1
0,s014,77,13,53
0,s014,77,5,2
0,s014,77,29,1
0,s015,47,47,1872
0,s015,47,46,40
0,s015,47,45,47
0,s015,47,44,1
0,s015,47,43,22
0,s015,47,41,1
0,s015,47,39,48
0,s015,47,38,1
0,s015,47,37,1
0,s015,47,35,1
0,s015,47,63,35
0,s015,47,62,1
0,s015,47,61,2
0,s015,47,55,1
0,s015,47,15,23
0,s015,47,13,1
0,s015,47,11,1
0,s015,47,7,1
0,s015,47,31,3
0,s015,47,111,57
0,s015,47,109,1
0,s015,47,103,2
0,s016,73,73,1979
0,s016,73,72,32
0,s016,73,75,65
0,s016,73,77,40
0,s016,73,79,3
0,s016,73,65,62
0,s016,73,67,1
0,s016,73,69,1
0,s016,73,89,45
0,s016,73,88,1
0,s016,73,91,1
0,s016,73,93,1
0,s016,73,95,1
0,s016,73,81,1
0,s016,73,105,29
0,s016,73,104,1
0,s016,73,107,1
0,s016,73,97,3
0,s016,73,9,66
0,s016,73,8,1
0,s016,73,11,1
0,s016,73,13,1
0,s016,73,1,2
0,s016,73,25,3
0,s016,73,41,2
0,s017,76,76,1967
0,s017,76,77,31
0,s017,76,78,61
0,s017,76,79,1
0,s017,76,72,40
0,s017,76,74,1
0,s017,76,68,41
0,s017,76,70,1
0,s017,76,92,40
0,s017,76,94,1
0,s017,76,84,2
0,s017,76,108,25
0,s017,76,104,1
0,s017,76,116,1
0,s017,76,12,67
0,s017,76,14,2
0,s017,76,8,2
0,s017,76,4,2
0,s017,76,5,1
0,s017,76,44,1
0,s018,5,5,1962
0,s018,5,4,37
0,s018,5,7,60
0,s018,5,1,30
0,s018,5,0,1
0,s018,5,3,1
0,s018,5,13,40
0,s018,5,15,1
0,s018,5,9,1
0,s018,5,21,42
0,s018,5,29,2
0,s018,5,37,28
0,s018,5,39,1
0,s018,5,33,3
0,s018,5,53,1
0,s018,5,69,47
0,s018,5,65,1
0,s018,5,67,2
0,s018,5,77,2
0,s018,5,85,2
0,s018,5,101,1
0,s019,109,109,1936
0,s019,109,108,21
0,s019,109,111,57
0,s019,109,110,1
0,s019,109,105,35
0,s019,109,101,47
0,s019,109,103,3
0,s019,109,125,49
0,s019,109,127,1
0,s019,109,121,1
0,s019,109,117,3
0,s019,109,77,35
0,s019,109,76,1
0,s019,109,69,1
0,s019,109,45,47
0,s019,109,44,3
0,s019,109,47,3
0,s019,109,41,2
0,s019,109,37,1
0,s019,109,61,2
0,s019,109,57,1
0,s020,60,60,2021
0,s020,60,61,48
0,s020,60,62,66
0,s020,60,63,1
0,s020,60,56,41
0,s020,60,52,45
0,s020,60,53,3
0,s020,60,54,1
0,s020,60,44,37
0,s020,60,45,1
0,s020,60,46,1
0,s020,60,36,3
0,s020,60,28,30
0,s020,60,124,63
0,s020,60,126,2
0,s020,60,120,1
0,s020,60,116,1
0,s020,60,108,1
0,s020,60,92,1
0,s021,123,123,2055
0,s021,123,122,31
0,s021,123,121,58
0,s021,123,127,29
0,s021,123,115,42
0,s021,123,113,1
0,s021,123,107,42
0,s021,123,106,2
0,s021,123,105,1
0,s021,123,111,1
0,s021,123,91,37
0,s021,123,90,1
0,s021,123,95,2
0,s021,123,83,1
0,s021,123,75,1
0,s021,123,59,68
0,s021,123,57,5
0,s021,123,63,2
0,s021,123,51,5
0,s021,123,27,2
0,s022,108,108,1963
0,s022,108,109,40
0,s022,108,110,51
0,s022,108,111,2
0,s022,108,104,40
0,s022,108,105,1
0,s022,108,106,2
0,s022,108,100,51
0,s022,108,102,1
0,s022,108,96,3
0,s022,108,124,38
0,s022,108,125,1
0,s022,108,120,1
0,s022,108,116,1
0,s022,108,76,36
0,s022,108,72,1
0,s022,108,92,2
0,s022,108,44,70
0,s022,108,45,2
0,s022,108,40,1
0,s022,108,36,3
0,s022,108,60,6
0,s022,108,12,1
0,s023,81,81,2051
0,s023,81,80,43
0,s023,81,83,61
0,s023,81,85,33
0,s023,81,87,1
0,s023,81,89,47
0,s023,81,91,1
0,s023,81,93,1
0,s023,81,65,49
0,s023,81,67,2
0,s023,81,113,24
0,s023,81,115,1
0,s023,81,117,1
0,s023,81,97,1
0,s023,81,17,61
0,s023,81,16,1
0,s023,81,19,2
0,s023,81,25,2
0,s024,118,118,1916
0,s024,118,119,27
0,s024,118,116,54
0,s024,118,114,26
0,s024,118,115,3
0,s024,118,112,1
0,s024,118,126,58
0,s024,118,127,1
0,s024,118,124,2
0,s024,118,122,1
0,s024,118,102,39
0,s024,118,98,1
0,s024,118,86,38
0,s024,118,54,56
0,s024,118,52,1
0,s024,118,50,3
0,s024,118,62,2
0,s024,118,63,1
0,s025,27,27,1906
0,s025,27,26,33
0,s025,27,25,58
0,s025,27,24,4
0,s025,27,31,28
0,s025,27,29,1
0,s025,27,19,42
0,s025,27,18,1
0,s025,27,17,2
0,s025,27,23,1
0,s025,27,11,42
0,s025,27,10,3
0,s025,27,9,2
0,s025,27,59,22
0,s025,27,51,2
0,s025,27,43,1
0,s025,27,91,60
0,s025,27,90,1
0,s025,27,89,3
0,s025,27,95,2
0,s025,27,83,3
0,s025,27,75,1
0,s025,27,123,1
0,s026,94,94,1980
0,s026,94,95,32
0,s026,94,92,58
0,s026,94,90,32
0,s026,94,86,53
0,s026,94,84,2
0,s026,94,78,48
0,s026,94,76,1
0,s026,94,70,1
0,s026,94,126,40
0,s026,94,110,2
0,s026,94,30,55
0,s026,94,31,1
0,s026,94,28,1
0,s026,94,26,1
0,s026,94,22,4
0,s026,94,14,1
0,s027,35,35,2110
0,s027,35,34,33
0,s027,35,33,53
0,s027,35,39,34
0,s027,35,37,1
0,s027,35,43,52
0,s027,35,42,2
0,s027,35,41,1
0,s027,35,47,1
0,s027,35,51,44
0,s027,35,49,1
0,s027,35,59,2
0,s027,35,3,17
0,s027,35,19,2
0,s027,35,99,77
0,s027,35,97,3
0,s027,35,103,1
0,s027,35,107,1
0,s027,35,105,1
0,s027,35,115,2
0,s027,35,67,2
0,s027,35,66,1
0,s028,15,15,1906
0,s028,15,14,41
0,s028,15,13,52
0,s028,15,12,3
0,s028,15,11,36
0,s028,15,10,1
0,s028,15,7,59
0,s028,15,6,3
0,s028,15,5,1
0,s028,15,3,1
0,s028,15,31,38
0,s028,15,30,2
0,s028,15,29,1
0,s028,15,27,2
0,s028,15,23,1
0,s028,15,47,33
0,s028,15,45,1
0,s028,15,39,3
0,s028,15,79,59
0,s028,15,78,1
0,s028,15,77,2
0,s028,15,75,1
0,s028,15,67,1
0,s028,15,95,2
0,s028,15,87,1
0,s029,71,71,1973
0,s029,71,70,33
0,s029,71,69,62
0,s029,71,67,39
0,s029,71,79,49
0,s029,71,77,1
0,s029,71,75,1
0,s029,71,87,46
0,s029,71,86,1
0,s029,71,85,2
0,s029,71,83,1
0,s029,71,95,2
0,s029,71,103,33
0,s029,71,102,2
0,s029,71,101,1
0,s029,71,119,1
0,s029,71,7,65
0,s029,71,5,3
0,s029,71,15,2
0,s029,71,23,1
0,s029,71,39,1
0,s030,17,17,2014
0,s030,17,16,40
0,s030,17,19,58
0,s030,17,18,1
0,s030,17,21,35
0,s030,17,25,55
0,s030,17,24,3
0,s030,17,27,2
0,s030,17,29,1
0,s030,17,1,39
0,s030,17,3,2
0,s030,17,5,1
0,s030,17,9,1
0,s030,17,49,36
0,s030,17,53,1
0,s030,17,33,1
0,s030,17,81,70
0,s030,17,80,3
0,s030,17,83,1
0,s030,17,85,1
0,s030,17,65,1
0,s030,17,117,1
0,s031,32,32,2015
0,s031,32,33,46
0,s031,32,34,54
0,s031,32,35,1
0,s031,32,36,25
0,s031,32,40,50
0,s031,32,41,1
0,s031,32,42,3
0,s031,32,48,38
0,s031,32,49,1
0,s031,32,50,1
0,s031,32,56,1
0,s031,32,0,41
0,s031,32,2,1
0,s031,32,4,1
0,s031,32,8,1
0,s031,32,96,50
0,s031,32,97,1
0,s031,32,98,1
0,s031,32,100,3
0,s031,32,112,1
0,s032,42,42,2122
0,s032,42,43,28
0,s032,42,40,73
0,s032,42,41,2
0,s032,42,46,32
0,s032,42,47,1
0,s032,42,44,2
0,s032,42,34,39
0,s032,42,32,1
0,s032,42,38,1
0,s032,42,58,40
0,s032,42,56,1
0,s032,42,50,1
0,s032,42,10,26
0,s032,42,2,1
0,s032,42,106,55
0,s032,42,107,1
0,s032,42,104,3
0,s032,42,110,3
0,s032,42,98,3
0,s032,42,122,2
0,s032,42,74,1
0,s033,98,98,1996
0,s033,98,99,30
0,s033,98,96,65
0,s033,98,97,2
0,s033,98,102,28
0,s033,98,106,54
0,s033,98,107,1
0,s033,98,104,1
0,s033,98,110,2
0,s033,98,114,48
0,s033,98,115,1
0,s033,98,112,1
0,s033,98,122,2
0,s033,98,66,26
0,s033,98,70,1
0,s033,98,82,1
0,s033,98,34,57
0,s033,98,32,2
0,s033,98,38,1
0,s033,98,42,2
0,s033,98,40,1
0,s033,98,50,1
0,s033,98,54,1
0,s034,2,2,1997
0,s034,2,3,32
0,s034,2,0,55
0,s034,2,1,2
0,s034,2,6,33
0,s034,2,7,1
0,s034,2,4,1
0,s034,2,10,41
0,s034,2,8,1
0,s034,2,18,39
0,s034,2,19,1
0,s034,2,16,1
0,s034,2,34,32
0,s034,2,35,1
0,s034,2,38,1
0,s034,2,58,1
0,s034,2,66,57
0,s034,2,67,1
0,s034,2,74,1
0,s034,2,82,5
0,s035,91,91,2096
0,s035,91,90,36
0,s035,91,89,61
0,s035,91,95,36
0,s035,91,94,1
0,s035,91,83,53
0,s035,91,82,2
0,s035,91,81,1
0,s035,91,75,44
0,s035,91,73,1
0,s035,91,79,2
0,s035,91,123,30
0,s035,91,121,1
0,s035,91,127,1
0,s035,91,115,1
0,s035,91,27,67
0,s035,91,26,2
0,s035,91,25,2
0,s035,91,31,1
0,s035,91,19,2
0,s035,91,11,2
0,s035,91,59,1
0,s036,23,23,1920
0,s036,23,22,22
0,s036,23,21,66
0,s036,23,19,21
0,s036,23,18,1
0,s036,23,17,2
0,s036,23,31,51
0,s036,23,29,1
0,s036,23,27,2
0,s036,23,7,46
0,s036,23,6,1
0,s036,23,3,1
0,s036,23,55,32
0,s036,23,54,1
0,s036,23,53,2
0,s036,23,51,2
0,s036,23,87,63
0,s036,23,85,2
0,s036,23,95,1
0,s036,23,71,1
0,s036,23,119,2
0,s037,109,109,1924
0,s037,109,108,30
0,s037,109,111,48
0,s037,109,105,38
0,s037,109,104,1
0,s037,109,107,1
0,s037,109,101,46
0,s037,109,100,1
0,s037,109,103,1
0,s037,109,102,1
0,s037,109,125,44
0,s037,109,121,3
0,s037,109,77,28
0,s037,109,79,1
0,s037,109,73,3
0,s037,109,69,2
0,s037,109,93,1
0,s037,109,45,70
0,s037,109,47,2
0,s037,109,41,2
0,s037,109,37,3
0,s037,109,36,1
0,s037,109,39,1
0,s037,109,61,2
0,s038,12,12,2053
0,s038,12,13,45
0,s038,12,14,59
0,s038,12,15,1
0,s038,12,8,33
0,s038,12,9,1
0,s038,12,4,39
0,s038,12,6,1
0,s038,12,0,2
0,s038,12,28,43
0,s038,12,44,28
0,s038,12,36,2
0,s038,12,76,53
0,s038,12,77,1
0,s038,12,72,1
0,s039,98,98,1872
0,s039,98,99,26
0,s039,98,96,54
0,s039,98,102,39
0,s039,98,106,39
0,s039,98,107,4
0,s039,98,104,1
0,s039,98,110,2
0,s039,98,114,49
0,s039,98,115,1
0,s039,98,112,1
0,s039,98,122,3
0,s039,98,66,24
0,s039,98,74,1
0,s039,98,82,1
0,s039,98,34,48
0,s039,98,35,2
0,s039,98,38,1
0,s039,98,42,2
0,s039,98,50,3
0,s039,98,2,1
0,s039,98,0,1
1,s000,102,102,1444
1,s000,102,103,72
1,s000,102,100,82
1,s000,102,101,5
1,s000,102,98,85
1,s000,102,99,6
1,s000,102,96,8
1,s000,102,110,112
1,s000,102,111,2
1,s000,102,108,9
1,s000,102,106,11
1,s000,102,107,1
1,s000,102,118,90
1,s000,102,119,6
1,s000,102,116,4
1,s000,102,117,1
1,s000,102,114,6
1,s000,102,115,2
1,s000,102,126,5
1,s000,102,127,1
1,s000,102,122,1
1,s000,102,70,71
1,s000,102,71,4
1,s000,102,68,9
1,s000,102,69,1
1,s000,102,66,5
1,s000,102,64,1
1,s000,102,78,8
1,s000,102,76,2
1,s000,102,74,1
1,s000,102,86,8
1,s000,102,87,1
1,s000,102,85,1
1,s000,102,38,120
1,s000,102,39,15
1,s000,102,36,6
1,s000,102,37,1
1,s000,102,34,4
1,s000,102,32,2
1,s000,102,46,8
1,s000,102,47,3
1,s000,102,54,8
1,s000,102,55,7
1,s000,102,50,1
1,s000,102,6,8
1,s000,102,4,3
1,s000,102,14,1
1,s001,64,64,1510
1,s001,64,65,92
1,s001,64,66,85
1,s001,64,67,6
1,s001,64,68,93
1,s001,64,69,5
1,s001,64,70,8
1,s001,64,71,1
1,s001,64,72,99
1,s001,64,73,7
1,s001,64,74,7
1,s001,64,76,5
1,s001,64,77,1
1,s001,64,80,80
1,s001,64,81,7
1,s001,64,82,6
1,s001,64,84,5
1,s001,64,88,11
1,s001,64,89,1
1,s001,64,96,80
1,s001,64,97,6
1,s001,64,98,13
1,s001,64,99,1
1,s001,64,100,6
1,s001,64,101,1
1,s001,64,104,4
1,s001,64,110,1
1,s001,64,112,7
1,s001,64,0,131
1,s001,64,1,28
1,s001,64,2,8
1,s001,64,3,2
1,s001,64,4,5
1,s001,64,5,4
1,s001,64,6,1
1,s001,64,8,11
1,s001,64,9,1
1,s001,64,10,1
1,s001,64,12,1
1,s001,64,16,12
1,s001,64,17,4
1,s001,64,20,1
1,s001,64,24,3
1,s001,64,32,5
1,s001,64,34,4
1,s001,64,35,1
1,s001,64,40,1
1,s001,64,42,1
1,s001,64,45,1
1,s001,64,48,1
1,s002,78,78,1349
1,s002,78,79,69
1,s002,78,76,82
1,s002,78,77,10
1,s002,78,74,84
1,s002,78,75,9
1,s002,78,72,7
1,s002,78,73,1
1,s002,78,70,106
1,s002,78,71,8
1,s002,78,68,7
1,s002,78,69,1
1,s002,78,66,11
1,s002,78,94,66
1,s002,78,95,9
1,s002,78,92,2
1,s002,78,90,4
1,s002,78,88,1
1,s002,78,86,4
1,s002,78,84,1
1,s002,78,82,1
1,s002,78,110,81
1,s002,78,111,7
1,s002,78,108,14
1,s002,78,109,1
1,s002,78,106,3
1,s002,78,104,1
1,s002,78,102,13
1,s002,78,126,5
1,s002,78,127,2
1,s002,78,125,1
1,s002,78,14,127
1,s002,78,15,20
1,s002,78,12,14
1,s002,78,13,2
1,s002,78,10,12
1,s002,78,11,1
1,s002,78,8,1
1,s002,78,6,8
1,s002,78,7,1
1,s002,78,4,1
1,s002,78,2,2
1,s002,78,30,6
1,s002,78,31,2
1,s002,78,28,1
1,s002,78,26,1
1,s002,78,46,3
1,s002,78,47,2
1,s002,78,44,1
1,s002,78,42,1
1,s002,78,62,2
1,s003,115,115,1463
1,s003,115,114,78
1,s003,115,113,95
1,s003,115,112,11
1,s003,115,119,95
1,s003,115,118,7
1,s003,115,117,4
1,s003,115,123,100
1,s003,115,122,6
1,s003,115,121,4
1,s003,115,120,1
1,s003,115,127,6
1,s003,115,99,89
1,s003,115,98,16
1,s003,115,97,2
1,s003,115,103,7
1,s003,115,107,5
1,s003,115,105,1
1,s003,115,83,107
1,s003,115,82,9
1,s003,115,81,11
1,s003,115,87,7
1,s003,115,85,1
1,s003,115,91,11
1,s003,115,67,8
1,s003,115,65,1
1,s003,115,75,1
1,s003,115,51,150
1,s003,115,50,20
1,s003,115,49,6
1,s003,115,48,1
1,s003,115,55,7
1,s003,115,59,12
1,s003,115,58,2
1,s003,115,57,1
1,s003,115,63,1
1,s003,115,35,7
1,s003,115,43,2
1,s003,115,19,7
1,s003,115,18,2
1,s003,115,17,2
1,s003,115,23,1
1,s003,115,1,1
1,s004,33,33,1618
1,s004,33,32,83
1,s004,33,35,88
1,s004,33,34,7
1,s004,33,37,84
1,s004,33,36,7
1,s004,33,39,8
1,s004,33,41,106
1,s004,33,40,6
1,s004,33,43,6
1,s004,33,45,5
1,s004,33,47,1
1,s004,33,49,70
1,s004,33,48,7
1,s004,33,51,6
1,s004,33,53,5
1,s004,33,57,5
1,s004,33,56,4
1,s004,33,1,77
1,s004,33,0,6
1,s004,33,3,10
1,s004,33,5,8
1,s004,33,7,1
1,s004,33,9,4
1,s004,33,10,1
1,s004,33,15,1
1,s004,33,17,9
1,s004,33,19,1
1,s004,33,21,1
1,s004,33,97,147
1,s004,33,96,16
1,s004,33,99,6
1,s004,33,98,2
1,s004,33,101,5
1,s004,33,100,1
1,s004,33,105,14
1,s004,33,104,2
1,s004,33,109,2
1,s004,33,113,2
1,s004,33,112,4
1,s004,33,65,4
1,s004,33,64,2
1,s004,33,67,3
1,s004,33,69,1
1,s004,33,73,1
1,s005,98,98,1489
1,s005,98,99,103
1,s005,98,96,73
1,s005,98,97,5
1,s005,98,102,101
1,s005,98,103,5
1,s005,98,100,6
1,s005,98,106,132
1,s005,98,107,9
1,s005,98,104,2
1,s005,98,110,10
1,s005,98,111,1
1,s005,98,108,2
1,s005,98,114,101
1,s005,98,115,6
1,s005,98,112,8
1,s005,98,118,4
1,s005,98,119,2
1,s005,98,116,1
1,s005,98,122,10
1,s005,98,123,1
1,s005,98,126,1
1,s005,98,66,85
1,s005,98,67,7
1,s005,98,64,12
1,s005,98,65,1
1,s005,98,70,5
1,s005,98,68,1
1,s005,98,74,4
1,s005,98,72,1
1,s005,98,78,1
1,s005,98,82,4
1,s005,98,80,1
1,s005,98,34,131
1,s005,98,35,27
1,s005,98,32,9
1,s005,98,33,1
1,s005,98,38,7
1,s005,98,39,2
1,s005,98,36,1
1,s005,98,42,10
1,s005,98,50,7
1,s005,98,51,3
1,s005,98,48,1
1,s005,98,59,1
1,s005,98,2,8
1,s005,98,3,4
1,s005,98,0,3
1,s005,98,1,1
1,s005,98,6,1
1,s005,98,4,1
1,s005,98,10,1
1,s005,98,17,1
1,s006,38,38,1498
1,s006,38,39,95
1,s006,38,36,103
1,s006,38,37,3
1,s006,38,34,96
1,s006,38,35,8
1,s006,38,32,2
1,s006,38,46,98
1,s006,38,47,7
1,s006,38,44,5
1,s006,38,42,10
1,s006,38,43,1
1,s006,38,54,76
1,s006,38,55,9
1,s006,38,52,5
1,s006,38,50,6
1,s006,38,51,1
1,s006,38,62,7
1,s006,38,60,1
1,s006,38,58,1
1,s006,38,59,1
1,s006,38,6,81
1,s006,38,7,2
1,s006,38,4,18
1,s006,38,5,2
1,s006,38,2,3
1,s006,38,3,2
1,s006,38,0,1
1,s006,38,14,4
1,s006,38,12,1
1,s006,38,22,6
1,s006,38,23,1
1,s006,38,20,2
1,s006,38,18,1
1,s006,38,102,125
1,s006,38,103,23
1,s006,38,100,4
1,s006,38,101,3
1,s006,38,98,12
1,s006,38,99,1
1,s006,38,110,9
1,s006,38,111,1
1,s006,38,106,2
1,s006,38,118,9
1,s006,38,119,1
1,s006,38,116,1
1,s006,38,126,3
1,s006,38,127,1
1,s006,38,70,9
1,s006,38,71,2
1,s006,38,68,2
1,s006,38,66,3
1,s006,38,78,1
1,s006,38,86,1
1,s007,110,110,1501
1,s007,110,111,89
1,s007,110,108,111
1,s007,110,109,8
1,s007,110,106,96
1,s007,110,107,5
1,s007,110,104,5
1,s007,110,105,2
1,s007,110,102,112
1,s007,110,103,5
1,s007,110,100,9
1,s007,110,98,1
1,s007,110,99,1
1,s007,110,126,82
1,s007,110,127,3
1,s007,110,124,2
1,s007,110,125,1
1,s007,110,122,3
1,s007,110,118,9
1,s007,110,119,1
1,s007,110,78,83
1,s007,110,79,3
1,s007,110,76,15
1,s007,110,74,4
1,s007,110,72,2
1,s007,110,70,9
1,s007,110,71,1
1,s007,110,68,1
1,s007,110,94,4
1,s007,110,95,2
1,s007,110,92,1
1,s007,110,90,1
1,s007,110,46,145
1,s007,110,47,28
1,s007,110,44,6
1,s007,110,45,3
1,s007,110,42,5
1,s007,110,43,1
1,s007,110,38,10
1,s007,110,39,2
1,s007,110,62,8
1,s007,110,63,4
1,s007,110,14,14
1,s007,110,15,4
1,s007,110,12,1
1,s007,110,10,1
1,s007,110,30,1
1,s008,74,74,1482
1,s008,74,75,91
1,s008,74,72,103
1,s008,74,73,10
1,s008,74,78,90
1,s008,74,79,5
1,s008,74,76,12
1,s008,74,66,117
1,s008,74,67,5
1,s008,74,64,7
1,s008,74,65,1
1,s008,74,70,8
1,s008,74,68,1
1,s008,74,90,79
1,s008,74,91,10
1,s008,74,88,5
1,s008,74,89,1
1,s008,74,94,6
1,s008,74,93,1
1,s008,74,82,7
1,s008,74,80,1
1,s008,74,106,86
1,s008,74,107,6
1,s008,74,104,12
1,s008,74,110,8
1,s008,74,108,1
1,s008,74,98,9
1,s008,74,99,1
1,s008,74,96,1
1,s008,74,102,1
1,s008,74,122,4
1,s008,74,123,3
1,s008,74,120,1
1,s008,74,10,121
1,s008,74,11,17
1,s008,74,8,7
1,s008,74,9,1
1,s008,74,14,6
1,s008,74,15,5
1,s008,74,12,1
1,s008,74,2,13
1,s008,74,3,1
1,s008,74,0,2
1,s008,74,1,1
1,s008,74,26,7
1,s008,74,27,3
1,s008,74,25,1
1,s008,74,30,1
1,s008,74,18,1
1,s008,74,42,8
1,s008,74,43,2
1,s008,74,40,2
1,s008,74,41,1
1,s008,74,46,1
1,s008,74,34,2
1,s008,74,62,1
1,s009,94,94,1472
1,s009,94,95,105
1,s009,94,92,85
1,s009,94,93,3
1,s009,94,90,91
1,s009,94,91,4
1,s009,94,88,12
1,s009,94,86,96
1,s009,94,87,7
1,s009,94,84,8
1,s009,94,82,10
1,s009,94,83,1
1,s009,94,78,82
1,s009,94,79,7
1,s009,94,76,7
1,s009,94,77,2
1,s009,94,74,7
1,s009,94,72,1
1,s009,94,70,8
1,s009,94,71,1
1,s009,94,66,2
1,s009,94,126,91
1,s009,94,127,6
1,s009,94,124,15
1,s009,94,125,2
1,s009,94,122,7
1,s009,94,120,2
1,s009,94,118,7
1,s009,94,119,1
1,s009,94,116,2
1,s009,94,114,1
1,s009,94,110,4
1,s009,94,108,2
1,s009,94,30,112
1,s009,94,31,15
1,s009,94,28,8
1,s009,94,29,5
1,s009,94,26,8
1,s009,94,27,2
1,s009,94,24,2
1,s009,94,22,10
1,s009,94,23,1
1,s009,94,18,1
1,s009,94,14,6
1,s009,94,15,4
1,s009,94,13,1
1,s009,94,62,11
1,s009,94,63,2
1,s009,94,61,1
1,s009,94,59,1
1,s009,94,46,2
1,s010,1,1,1425
1,s010,1,0,89
1,s010,1,3,99
1,s010,1,2,8
1,s010,1,5,78
1,s010,1,4,5
1,s010,1,7,12
1,s010,1,9,114
1,s010,1,8,4
1,s010,1,11,10
1,s010,1,13,9
1,s010,1,17,87
1,s010,1,16,14
1,s010,1,19,1
1,s010,1,18,2
1,s010,1,21,5
1,s010,1,25,5
1,s010,1,24,3
1,s010,1,33,87
1,s010,1,32,10
1,s010,1,35,12
1,s010,1,34,2
1,s010,1,37,2
1,s010,1,36,2
1,s010,1,39,1
1,s010,1,41,5
1,s010,1,43,2
1,s010,1,47,1
1,s010,1,49,6
1,s010,1,57,1
1,s010,1,65,154
1,s010,1,64,17
1,s010,1,67,6
1,s010,1,66,3
1,s010,1,69,5
1,s010,1,68,1
1,s010,1,73,6
1,s010,1,81,8
1,s010,1,80,3
1,s010,1,83,2
1,s010,1,84,1
1,s010,1,88,1
1,s010,1,94,1
1,s010,1,97,11
1,s010,1,96,1
1,s010,1,99,1
1,s010,1,98,1
1,s010,1,101,1
1,s010,1,113,2
1,s010,1,115,1
1,s011,17,17,1418
1,s011,17,16,69
1,s011,17,19,90
1,s011,17,18,4
1,s011,17,21,94
1,s011,17,20,7
1,s011,17,23,3
1,s011,17,25,101
1,s011,17,24,5
1,s011,17,27,8
1,s011,17,26,1
1,s011,17,29,5
1,s011,17,31,1
1,s011,17,1,59
1,s011,17,0,9
1,s011,17,3,4
1,s011,17,2,1
1,s011,17,5,6
1,s011,17,9,5
1,s011,17,13,1
1,s011,17,49,92
1,s011,17,48,4
1,s011,17,51,9
1,s011,17,50,1
1,s011,17,57,3
1,s011,17,33,4
1,s011,17,41,1
1,s011,17,40,1
1,s011,17,81,106
1,s011,17,80,19
1,s011,17,83,3
1,s011,17,82,1
1,s011,17,85,6
1,s011,17,84,1
1,s011,17,89,9
1,s011,17,88,1
1,s011,17,91,1
1,s011,17,93,1
1,s011,17,65,5
1,s011,17,66,1
1,s011,17,68,1
1,s011,17,72,1
1,s011,17,113,8
1,s011,17,112,3
1,s011,17,114,1
1,s012,27,27,1396
1,s012,27,26,81
1,s012,27,25,79
1,s012,27,24,1
1,s012,27,31,76
1,s012,27,30,5
1,s012,27,29,7
1,s012,27,19,114
1,s012,27,18,4
1,s012,27,17,5
1,s012,27,23,7
1,s012,27,21,1
1,s012,27,11,87
1,s012,27,10,5
1,s012,27,9,5
1,s012,27,15,3
1,s012,27,12,1
1,s012,27,3,9
1,s012,27,2,1
1,s012,27,59,75
1,s012,27,58,9
1,s012,27,57,16
1,s012,27,63,9
1,s012,27,60,1
1,s012,27,51,12
1,s012,27,50,1
1,s012,27,49,1
1,s012,27,55,2
1,s012,27,43,9
1,s012,27,41,1
1,s012,27,47,1
1,s012,27,91,113
1,s012,27,90,18
1,s012,27,89,4
1,s012,27,88,1
1,s012,27,95,4
1,s012,27,94,2
1,s012,27,92,1
1,s012,27,83,6
1,s012,27,82,2
1,s012,27,81,3
1,s012,27,75,7
1,s012,27,74,4
1,s012,27,72,1
1,s012,27,123,11
1,s012,27,122,2
1,s012,27,121,1
1,s012,27,115,1
1,s012,27,112,1
1,s012,27,98,1
1,s013,40,40,1525
1,s013,40,41,81
1,s013,40,42,89
1,s013,40,43,5
1,s013,40,44,70
1,s013,40,45,6
1,s013,40,46,7
1,s013,40,47,1
1,s013,40,32,104
1,s013,40,33,11
1,s013,40,34,3
1,s013,40,36,4
1,s013,40,56,101
1,s013,40,57,10
1,s013,40,58,10
1,s013,40,59,1
1,s013,40,60,3
1,s013,40,62,1
1,s013,40,48,5
1,s013,40,8,95
1,s013,40,9,4
1,s013,40,10,12
1,s013,40,12,4
1,s013,40,14,2
1,s013,40,0,13
1,s013,40,2,1
1,s013,40,4,1
1,s013,40,24,6
1,s013,40,26,1
1,s013,40,104,127
1,s013,40,105,20
1,s013,40,106,5
1,s013,40,107,1
1,s013,40,108,10
1,s013,40,96,6
1,s013,40,97,3
1,s013,40,98,1
1,s013,40,120,5
1,s013,40,121,3
1,s013,40,124,1
1,s013,40,125,1
1,s013,40,112,1
1,s013,40,72,8
1,s013,40,73,2
1,s013,40,74,2
1,s013,40,76,1
1,s014,12,12,1383
1,s014,12,13,64
1,s014,12,14,103
1,s014,12,15,3
1,s014,12,8,91
1,s014,12,9,5
1,s014,12,10,6
1,s014,12,4,111
1,s014,12,5,8
1,s014,12,6,5
1,s014,12,0,6
1,s014,12,28,64
1,s014,12,29,7
1,s014,12,30,5
1,s014,12,31,1
1,s014,12,24,3
1,s014,12,26,2
1,s014,12,20,11
1,s014,12,21,1
1,s014,12,16,1
1,s014,12,44,58
1,s014,12,45,7
1,s014,12,46,17
1,s014,12,40,5
1,s014,12,36,6
1,s014,12,37,1
1,s014,12,38,1
1,s014,12,32,1
1,s014,12,60,1
1,s014,12,61,1
1,s014,12,62,2
1,s014,12,56,1
1,s014,12,52,1
1,s014,12,76,113
1,s014,12,77,19
1,s014,12,78,11
1,s014,12,72,6
1,s014,12,73,1
1,s014,12,68,6
1,s014,12,70,2
1,s014,12,64,1
1,s014,12,92,5
1,s014,12,93,3
1,s014,12,94,1
1,s014,12,89,1
1,s014,12,84,2
1,s014,12,108,9
1,s014,12,109,1
1,s014,12,111,2
1,s014,12,124,1
1,s015,83,83,1429
1,s015,83,82,74
1,s015,83,81,75
1,s015,83,80,8
1,s015,83,87,72
1,s015,83,86,2
1,s015,83,85,11
1,s015,83,84,1
1,s015,83,91,119
1,s015,83,90,7
1,s015,83,89,5
1,s015,83,95,10
1,s015,83,93,1
1,s015,83,67,59
1,s015,83,66,6
1,s015,83,65,6
1,s015,83,71,5
1,s015,83,69,1
1,s015,83,75,9
1,s015,83,73,1
1,s015,83,78,1
1,s015,83,115,91
1,s015,83,113,9
1,s015,83,112,1
1,s015,83,119,7
1,s015,83,123,7
1,s015,83,121,1
1,s015,83,127,1
1,s015,83,99,4
1,s015,83,98,1
1,s015,83,107,1
1,s015,83,19,112
1,s015,83,18,16
1,s015,83,17,4
1,s015,83,16,1
1,s015,83,23,5
1,s015,83,22,2
1,s015,83,21,1
1,s015,83,27,9
1,s015,83,26,1
1,s015,83,31,1
1,s015,83,3,3
1,s015,83,2,1
1,s015,83,0,1
1,s015,83,7,1
1,s015,83,51,12
1,s015,83,49,3
1,s016,7,7,1444
1,s016,7,6,81
1,s016,7,5,83
1,s016,7,4,6
1,s016,7,3,84
1,s016,7,2,3
1,s016,7,1,5
1,s016,7,15,103
1,s016,7,14,6
1,s016,7,13,4
1,s016,7,11,8
1,s016,7,10,1
1,s016,7,23,80
1,s016,7,22,7
1,s016,7,21,4
1,s016,7,19,4
1,s016,7,18,1
1,s016,7,31,6
1,s016,7,39,79
1,s016,7,38,9
1,s016,7,37,17
1,s016,7,35,4
1,s016,7,33,1
1,s016,7,47,6
1,s016,7,46,1
1,s016,7,45,2
1,s016,7,43,1
1,s016,7,55,6
1,s016,7,54,1
1,s016,7,53,3
1,s016,7,59,1
1,s016,7,71,102
1,s016,7,70,19
1,s016,7,69,8
1,s016,7,67,11
1,s016,7,66,3
1,s016,7,65,1
1,s016,7,64,1
1,s016,7,79,4
1,s016,7,78,1
1,s016,7,77,1
1,s016,7,87,9
1,s016,7,86,2
1,s016,7,95,2
1,s016,7,103,8
1,s016,7,102,2
1,s016,7,101,1
1,s016,7,99,1
1,s017,0,0,1437
1,s017,0,1,87
1,s017,0,2,104
1,s017,0,3,5
1,s017,0,4,83
1,s017,0,5,6
1,s017,0,6,7
1,s017,0,8,128
1,s017,0,9,8
1,s017,0,10,10
1,s017,0,11,1
1,s017,0,12,9
1,s017,0,13,1
1,s017,0,16,79
1,s017,0,17,6
1,s017,0,18,8
1,s017,0,20,3
1,s017,0,24,7
1,s017,0,25,2
1,s017,0,26,1
1,s017,0,28,1
1,s017,0,32,99
1,s017,0,33,4
1,s017,0,34,10
1,s017,0,36,5
1,s017,0,38,1
1,s017,0,39,1
1,s017,0,40,5
1,s017,0,44,1
1,s017,0,48,8
1,s017,0,50,1
1,s017,0,51,1
1,s017,0,56,1
1,s017,0,64,131
1,s017,0,65,20
1,s017,0,66,7
1,s017,0,67,2
1,s017,0,68,8
1,s017,0,69,1
1,s017,0,72,9
1,s017,0,73,3
1,s017,0,74,1
1,s017,0,76,1
1,s017,0,77,1
1,s017,0,80,7
1,s017,0,81,2
1,s017,0,85,2
1,s017,0,88,1
1,s017,0,91,1
1,s017,0,96,11
1,s017,0,97,2
1,s017,0,98,3
1,s017,0,99,2
1,s017,0,100,1
1,s017,0,104,2
1,s017,0,112,1
1,s018,1,1,1369
1,s018,1,0,89
1,s018,1,3,93
1,s018,1,2,5
1,s018,1,5,70
1,s018,1,4,6
1,s018,1,7,7
1,s018,1,6,1
1,s018,1,9,90
1,s018,1,8,4
1,s018,1,11,3
1,s018,1,13,7
1,s018,1,12,1
1,s018,1,15,1
1,s018,1,17,87
1,s018,1,16,8
1,s018,1,19,5
1,s018,1,21,4
1,s018,1,20,1
1,s018,1,23,1
1,s018,1,25,7
1,s018,1,24,1
1,s018,1,33,78
1,s018,1,32,5
1,s018,1,35,13
1,s018,1,34,3
1,s018,1,37,6
1,s018,1,41,6
1,s018,1,43,1
1,s018,1,49,2
1,s018,1,65,113
1,s018,1,64,23
1,s018,1,67,4
1,s018,1,69,7
1,s018,1,71,1
1,s018,1,73,9
1,s018,1,72,2
1,s018,1,81,9
1,s018,1,80,2
1,s018,1,88,1
1,s018,1,97,7
1,s018,1,96,1
1,s018,1,99,1
1,s018,1,112,1
1,s019,67,67,1381
1,s019,67,66,91
1,s019,67,65,112
1,s019,67,64,7
1,s019,67,71,74
1,s019,67,70,4
1,s019,67,69,7
1,s019,67,75,109
1,s019,67,74,10
1,s019,67,73,8
1,s019,67,79,13
1,s019,67,83,83
1,s019,67,82,11
1,s019,67,81,3
1,s019,67,87,5
1,s019,67,91,4
1,s019,67,99,92
1,s019,67,98,8
1,s019,67,97,13
1,s019,67,103,10
1,s019,67,101,1
1,s019,67,107,5
1,s019,67,115,6
1,s019,67,114,1
1,s019,67,3,110
1,s019,67,2,16
1,s019,67,1,6
1,s019,67,7,10
1,s019,67,6,1
1,s019,67,11,12
1,s019,67,10,3
1,s019,67,9,1
1,s019,67,14,1
1,s019,67,19,6
1,s019,67,18,5
1,s019,67,35,6
1,s019,67,34,4
1,s019,67,33,3
1,s019,67,43,3
1,s019,67,51,1
1,s020,75,75,1567
1,s020,75,74,82
1,s020,75,73,96
1,s020,75,72,4
1,s020,75,79,73
1,s020,75,78,6
1,s020,75,77,8
1,s020,75,67,117
1,s020,75,66,8
1,s020,75,65,13
1,s020,75,64,2
1,s020,75,71,7
1,s020,75,69,1
1,s020,75,91,82
1,s020,75,90,6
1,s020,75,89,5
1,s020,75,95,9
1,s020,75,94,1
1,s020,75,83,6
1,s020,75,87,1
1,s020,75,107,94
1,s020,75,106,6
1,s020,75,105,13
1,s020,75,111,9
1,s020,75,109,1
1,s020,75,99,8
1,s020,75,101,1
1,s020,75,123,10
1,s020,75,122,1
1,s020,75,121,1
1,s020,75,115,1
1,s020,75,11,134
1,s020,75,10,26
1,s020,75,9,1
1,s020,75,8,3
1,s020,75,15,9
1,s020,75,13,1
1,s020,75,12,1
1,s020,75,3,6
1,s020,75,2,1
1,s020,75,27,8
1,s020,75,26,1
1,s020,75,24,1
1,s020,75,31,1
1,s020,75,19,1
1,s020,75,43,9
1,s020,75,42,2
1,s020,75,41,2
1,s020,75,35,1
1,s020,75,34,1
1,s021,33,33,1529
1,s021,33,32,80
1,s021,33,35,80
1,s021,33,34,9
1,s021,33,37,99
1,s021,33,36,8
1,s021,33,39,9
1,s021,33,41,127
1,s021,33,40,10
1,s021,33,43,8
1,s021,33,45,8
1,s021,33,47,1
1,s021,33,49,87
1,s021,33,48,7
1,s021,33,51,5
1,s021,33,53,3
1,s021,33,57,7
1,s021,33,56,1
1,s021,33,59,1
1,s021,33,61,2
1,s021,33,1,79
1,s021,33,0,6
1,s021,33,3,14
1,s021,33,2,1
1,s021,33,5,4
1,s021,33,7,2
1,s021,33,9,14
1,s021,33,8,2
1,s021,33,15,1
1,s021,33,17,1
1,s021,33,19,2
1,s021,33,25,1
1,s021,33,97,146
1,s021,33,96,20
1,s021,33,99,13
1,s021,33,101,7
1,s021,33,105,9
1,s021,33,104,1
1,s021,33,107,3
1,s021,33,113,5
1,s021,33,112,1
1,s021,33,115,1
1,s021,33,121,1
1,s021,33,65,8
1,s021,33,64,1
1,s021,33,67,1
1,s021,33,75,2
1,s021,33,74,1
1,s021,33,80,1
1,s022,124,124,1550
1,s022,124,125,89
1,s022,124,126,88
1,s022,124,127,4
1,s022,124,120,103
1,s022,124,121,6
1,s022,124,122,8
1,s022,124,116,128
1,s022,124,117,9
1,s022,124,118,4
1,s022,124,119,1
1,s022,124,112,11
1,s022,124,114,3
1,s022,124,108,86
1,s022,124,109,9
1,s022,124,110,5
1,s022,124,104,4
1,s022,124,105,1
1,s022,124,100,5
1,s022,124,101,2
1,s022,124,102,1
1,s022,124,92,94
1,s022,124,93,6
1,s022,124,94,17
1,s022,124,95,1
1,s022,124,88,11
1,s022,124,84,3
1,s022,124,80,1
1,s022,124,76,4
1,s022,124,77,1
1,s022,124,69,1
1,s022,124,66,1
1,s022,124,60,100
1,s022,124,61,24
1,s022,124,62,11
1,s022,124,63,2
1,s022,124,56,4
1,s022,124,57,2
1,s022,124,58,1
1,s022,124,52,6
1,s022,124,54,3
1,s022,124,55,1
1,s022,124,49,1
1,s022,124,44,7
1,s022,124,45,1
1,s022,124,46,1
1,s022,124,36,1
1,s022,124,28,7
1,s022,124,29,1
1,s022,124,30,2
1,s022,124,31,1
1,s022,124,20,1
1,s022,124,21,1
1,s022,124,12,1
1,s023,67,67,1528
1,s023,67,66,101
1,s023,67,65,84
1,s023,67,64,5
1,s023,67,71,94
1,s023,67,70,7
1,s023,67,69,8
1,s023,67,75,111
1,s023,67,74,5
1,s023,67,73,15
1,s023,67,79,7
1,s023,67,78,1
1,s023,67,77,2
1,s023,67,83,95
1,s023,67,82,10
1,s023,67,81,5
1,s023,67,80,1
1,s023,67,87,5
1,s023,67,85,1
1,s023,67,91,11
1,s023,67,90,1
1,s023,67,99,77
1,s023,67,98,7
1,s023,67,97,7
1,s023,67,96,2
1,s023,67,103,9
1,s023,67,100,1
1,s023,67,107,11
1,s023,67,106,1
1,s023,67,105,2
1,s023,67,115,4
1,s023,67,114,1
1,s023,67,112,1
1,s023,67,3,123
1,s023,67,2,28
1,s023,67,1,6
1,s023,67,0,2
1,s023,67,7,8
1,s023,67,6,2
1,s023,67,11,8
1,s023,67,9,2
1,s023,67,15,1
1,s023,67,19,10
1,s023,67,18,1
1,s023,67,16,1
1,s023,67,27,1
1,s023,67,35,9
1,s023,67,34,2
1,s023,67,32,1
1,s023,67,39,2
1,s023,67,38,1
1,s023,67,43,1
1,s023,67,50,1
1,s023,67,61,1
1,s024,9,9,1405
1,s024,9,8,85
1,s024,9,11,88
1,s024,9,10,4
1,s024,9,13,76
1,s024,9,12,8
1,s024,9,15,10
1,s024,9,1,141
1,s024,9,0,9
1,s024,9,3,9
1,s024,9,2,1
1,s024,9,5,7
1,s024,9,4,1
1,s024,9,25,88
1,s024,9,24,13
1,s024,9,27,7
1,s024,9,29,6
1,s024,9,28,1
1,s024,9,17,10
1,s024,9,41,70
1,s024,9,40,8
1,s024,9,43,6
1,s024,9,42,3
1,s024,9,45,5
1,s024,9,47,1
1,s024,9,33,5
1,s024,9,35,2
1,s024,9,57,4
1,s024,9,56,1
1,s024,9,59,2
1,s024,9,49,1
1,s024,9,73,136
1,s024,9,72,23
1,s024,9,75,5
1,s024,9,74,1
1,s024,9,77,8
1,s024,9,76,1
1,s024,9,79,1
1,s024,9,78,1
1,s024,9,65,12
1,s024,9,69,2
1,s024,9,89,8
1,s024,9,88,1
1,s024,9,93,1
1,s024,9,81,1
1,s024,9,105,14
1,s024,9,104,1
1,s024,9,107,4
1,s024,9,106,1
1,s024,9,97,1
1,s024,9,100,1
1,s025,113,113,1520
1,s025,113,112,89
1,s025,113,115,83
1,s025,113,114,7
1,s025,113,117,87
1,s025,113,116,5
1,s025,113,119,8
1,s025,113,121,113
1,s025,113,120,6
1,s025,113,123,11
1,s025,113,122,1
1,s025,113,125,8
1,s025,113,97,82
1,s025,113,96,6
1,s025,113,99,8
1,s025,113,101,3
1,s025,113,100,1
1,s025,113,102,1
1,s025,113,105,4
1,s025,113,104,2
1,s025,113,107,1
1,s025,113,109,2
1,s025,113,81,100
1,s025,113,80,6
1,s025,113,83,14
1,s025,113,85,2
1,s025,113,89,9
1,s025,113,93,2
1,s025,113,92,1
1,s025,113,65,5
1,s025,113,64,1
1,s025,113,69,1
1,s025,113,73,1
1,s025,113,49,131
1,s025,113,48,11
1,s025,113,51,14
1,s025,113,50,1
1,s025,113,53,5
1,s025,113,52,2
1,s025,113,55,1
1,s025,113,57,16
1,s025,113,56,2
1,s025,113,59,1
1,s025,113,58,1
1,s025,113,61,1
1,s025,113,33,6
1,s025,113,32,4
1,s025,113,41,1
1,s025,113,17,10
1,s025,113,16,2
1,s025,113,19,1
1,s025,113,21,2
1,s025,113,25,1
1,s025,113,1,3
1,s026,55,55,1504
1,s026,55,54,88
1,s026,55,53,88
1,s026,55,52,2
1,s026,55,51,102
1,s026,55,50,5
1,s026,55,49,5
1,s026,55,63,97
1,s026,55,62,8
1,s026,55,61,1
1,s026,55,60,1
1,s026,55,59,6
1,s026,55,58,1
1,s026,55,57,1
1,s026,55,39,75
1,s026,55,38,6
1,s026,55,37,4
1,s026,55,47,5
1,s026,55,23,67
1,s026,55,21,19
1,s026,55,20,1
1,s026,55,19,2
1,s026,55,17,2
1,s026,55,31,8
1,s026,55,29,1
1,s026,55,7,14
1,s026,55,6,2
1,s026,55,5,1
1,s026,55,3,2
1,s026,55,15,1
1,s026,55,119,122
1,s026,55,118,20
1,s026,55,117,6
1,s026,55,115,3
1,s026,55,114,1
1,s026,55,127,9
1,s026,55,125,3
1,s026,55,123,2
1,s026,55,103,13
1,s026,55,102,2
1,s026,55,87,4
1,s026,55,86,2
1,s026,55,85,2
1,s026,55,84,1
1,s026,55,83,2
1,s026,55,95,2
1,s026,55,71,2
1,s027,54,54,1378
1,s027,54,55,94
1,s027,54,52,85
1,s027,54,53,7
1,s027,54,50,96
1,s027,54,51,5
1,s027,54,48,11
1,s027,54,49,2
1,s027,54,62,102
1,s027,54,63,7
1,s027,54,60,4
1,s027,54,58,11
1,s027,54,38,83
1,s027,54,39,4
1,s027,54,36,7
1,s027,54,37,2
1,s027,54,34,5
1,s027,54,46,5
1,s027,54,47,2
1,s027,54,22,81
1,s027,54,23,5
1,s027,54,20,12
1,s027,54,21,1
1,s027,54,18,11
1,s027,54,16,2
1,s027,54,30,9
1,s027,54,28,3
1,s027,54,24,1
1,s027,54,6,2
1,s027,54,15,1
1,s027,54,118,120
1,s027,54,119,14
1,s027,54,116,4
1,s027,54,117,1
1,s027,54,114,8
1,s027,54,115,2
1,s027,54,112,1
1,s027,54,126,10
1,s027,54,127,2
1,s027,54,124,1
1,s027,54,122,1
1,s027,54,102,8
1,s027,54,103,2
1,s027,54,100,1
1,s027,54,98,1
1,s027,54,86,6
1,s027,54,85,1
1,s027,54,70,2
1,s027,54,67,1
1,s027,54,78,1
1,s028,34,34,1528
1,s028,34,35,66
1,s028,34,32,102
1,s028,34,33,2
1,s028,34,38,90
1,s028,34,39,7
1,s028,34,36,6
1,s028,34,42,116
1,s028,34,43,4
1,s028,34,40,6
1,s028,34,46,6
1,s028,34,47,1
1,s028,34,44,1
1,s028,34,50,79
1,s028,34,51,8
1,s028,34,48,6
1,s028,34,49,1
1,s028,34,54,4
1,s028,34,55,1
1,s028,34,58,9
1,s028,34,62,2
1,s028,34,2,94
1,s028,34,3,12
1,s028,34,0,11
1,s028,34,6,6
1,s028,34,5,1
1,s028,34,10,10
1,s028,34,11,1
1,s028,34,8,1
1,s028,34,12,1
1,s028,34,18,6
1,s028,34,19,1
1,s028,34,16,3
1,s028,34,98,135
1,s028,34,99,15
1,s028,34,96,6
1,s028,34,97,2
1,s028,34,102,12
1,s028,34,106,4
1,s028,34,110,1
1,s028,34,114,4
1,s028,34,115,2
1,s028,34,123,1
1,s028,34,66,14
1,s028,34,67,1
1,s028,34,64,1
1,s028,34,65,1
1,s028,34,70,1
1,s028,34,82,1
1,s028,34,83,1
1,s029,74,74,1371
1,s029,74,75,79
1,s029,74,72,96
1,s029,74,73,10
1,s029,74,78,86
1,s029,74,79,5
1,s029,74,76,1
1,s029,74,77,1
1,s029,74,66,111
1,s029,74,67,6
1,s029,74,64,12
1,s029,74,70,6
1,s029,74,71,1
1,s029,74,68,1
1,s029,74,90,83
1,s029,74,91,6
1,s029,74,88,4
1,s029,74,94,3
1,s029,74,92,1
1,s029,74,82,11
1,s029,74,80,1
1,s029,74,86,1
1,s029,74,106,76
1,s029,74,107,3
1,s029,74,104,13
1,s029,74,110,6
1,s029,74,109,1
1,s029,74,98,5
1,s029,74,99,1
1,s029,74,96,1
1,s029,74,103,1
1,s029,74,101,1
1,s029,74,122,6
1,s029,74,123,2
1,s029,74,120,1
1,s029,74,126,1
1,s029,74,127,1
1,s029,74,10,118
1,s029,74,11,17
1,s029,74,8,8
1,s029,74,9,2
1,s029,74,14,6
1,s029,74,15,1
1,s029,74,12,1
1,s029,74,13,1
1,s029,74,2,8
1,s029,74,3,3
1,s029,74,0,1
1,s029,74,1,1
1,s029,74,6,1
1,s029,74,26,7
1,s029,74,27,1
1,s029,74,24,1
1,s029,74,30,1
1,s029,74,31,1
1,s029,74,42,14
1,s029,74,40,2
1,s029,74,41,1
1,s029,74,46,1
1,s029,74,58,1
1,s029,74,59,1
1,s029,74,62,1
1,s029,74,48,1
1,s030,30,30,1401
1,s030,30,31,76
1,s030,30,28,86
1,s030,30,29,4
1,s030,30,26,88
1,s030,30,27,2
1,s030,30,24,7
1,s030,30,22,111
1,s030,30,23,6
1,s030,30,20,5
1,s030,30,21,1
1,s030,30,18,10
1,s030,30,19,1
1,s030,30,14,70
1,s030,30,15,13
1,s030,30,12,9
1,s030,30,10,2
1,s030,30,6,3
1,s030,30,3,1
1,s030,30,62,104
1,s030,30,63,5
1,s030,30,60,15
1,s030,30,61,2
1,s030,30,58,5
1,s030,30,56,1
1,s030,30,57,1
1,s030,30,54,8
1,s030,30,52,2
1,s030,30,50,1
1,s030,30,51,1
1,s030,30,46,11
1,s030,30,44,1
1,s030,30,42,2
1,s030,30,38,1
1,s030,30,94,110
1,s030,30,95,19
1,s030,30,92,9
1,s030,30,90,7
1,s030,30,91,2
1,s030,30,86,5
1,s030,30,87,5
1,s030,30,84,2
1,s030,30,82,1
1,s030,30,78,9
1,s030,30,79,2
1,s030,30,70,1
1,s030,30,71,1
1,s030,30,126,7
1,s030,30,127,1
1,s030,30,124,1
1,s030,30,125,1
1,s030,30,116,1
1,s030,30,109,1
1,s030,30,106,1
1,s031,77,77,1451
1,s031,77,76,85
1,s031,77,79,92
1,s031,77,78,11
1,s031,77,73,70
1,s031,77,72,4
1,s031,77,75,7
1,s031,77,69,122
1,s031,77,68,7
1,s031,77,71,11
1,s031,77,70,1
1,s031,77,65,8
1,s031,77,64,1
1,s031,77,93,98
1,s031,77,92,10
1,s031,77,95,5
1,s031,77,94,1
1,s031,77,89,7
1,s031,77,88,1
1,s031,77,91,1
1,s031,77,85,9
1,s031,77,81,1
1,s031,77,109,88
1,s031,77,108,7
1,s031,77,111,12
1,s031,77,105,7
1,s031,77,107,1
1,s031,77,101,5
1,s031,77,103,1
1,s031,77,125,7
1,s031,77,121,1
1,s031,77,115,1
1,s031,77,13,125
1,s031,77,12,25
1,s031,77,15,6
1,s031,77,14,2
1,s031,77,9,5
1,s031,77,8,2
1,s031,77,5,5
1,s031,77,4,2
1,s031,77,29,8
1,s031,77,28,3
1,s031,77,24,2
1,s031,77,21,1
1,s031,77,45,8
1,s031,77,47,2
1,s031,77,41,1
1,s031,77,37,1
1,s031,77,33,1
1,s031,77,61,2
1,s032,50,50,1405
1,s032,50,51,84
1,s032,50,48,91
1,s032,50,49,4
1,s032,50,54,94
1,s032,50,55,3
1,s032,50,52,8
1,s032,50,53,1
1,s032,50,58,102
1,s032,50,59,8
1,s032,50,56,6
1,s032,50,57,2
1,s032,50,62,9
1,s032,50,63,2
1,s032,50,34,80
1,s032,50,35,6
1,s032,50,32,6
1,s032,50,38,10
1,s032,50,39,2
1,s032,50,42,6
1,s032,50,18,98
1,s032,50,19,3
1,s032,50,16,13
1,s032,50,17,1
1,s032,50,22,9
1,s032,50,23,1
1,s032,50,20,3
1,s032,50,26,3
1,s032,50,30,1
1,s032,50,2,9
1,s032,50,0,1
1,s032,50,10,1
1,s032,50,114,129
1,s032,50,115,19
1,s032,50,112,11
1,s032,50,113,3
1,s032,50,118,6
1,s032,50,119,2
1,s032,50,116,1
1,s032,50,122,8
1,s032,50,123,1
1,s032,50,126,1
1,s032,50,98,6
1,s032,50,99,5
1,s032,50,102,1
1,s032,50,106,1
1,s032,50,82,8
1,s032,50,83,2
1,s032,50,80,3
1,s032,50,66,1
1,s032,50,64,1
1,s032,50,65,1
1,s033,87,87,1391
1,s033,87,86,66
1,s033,87,85,97
1,s033,87,84,7
1,s033,87,83,72
1,s033,87,82,4
1,s033,87,81,8
1,s033,87,95,120
1,s033,87,94,1
1,s033,87,93,7
1,s033,87,91,13
1,s033,87,71,79
1,s033,87,70,7
1,s033,87,69,4
1,s033,87,68,2
1,s033,87,67,6
1,s033,87,79,6
1,s033,87,78,1
1,s033,87,119,87
1,s033,87,118,5
1,s033,87,117,6
1,s033,87,115,5
1,s033,87,113,1
1,s033,87,127,15
1,s033,87,103,2
1,s033,87,102,1
1,s033,87,101,2
1,s033,87,99,2
1,s033,87,98,2
1,s033,87,23,116
1,s033,87,22,24
1,s033,87,21,8
1,s033,87,20,1
1,s033,87,19,9
1,s033,87,18,1
1,s033,87,17,1
1,s033,87,31,15
1,s033,87,30,2
1,s033,87,29,1
1,s033,87,25,1
1,s033,87,7,11
1,s033,87,6,2
1,s033,87,55,14
1,s033,87,54,5
1,s033,87,53,1
1,s033,87,63,1
1,s033,87,62,1
1,s033,87,59,1
1,s033,87,39,1
1,s033,87,38,1
1,s034,112,112,1541
1,s034,112,113,92
1,s034,112,114,72
1,s034,112,115,6
1,s034,112,116,105
1,s034,112,117,6
1,s034,112,118,7
1,s034,112,120,124
1,s034,112,121,7
1,s034,112,122,7
1,s034,112,124,11
1,s034,112,126,1
1,s034,112,96,90
1,s034,112,97,10
1,s034,112,98,5
1,s034,112,99,2
1,s034,112,100,3
1,s034,112,104,9
1,s034,112,80,95
1,s034,112,81,10
1,s034,112,82,14
1,s034,112,83,2
1,s034,112,84,7
1,s034,112,88,8
1,s034,112,90,1
1,s034,112,64,7
1,s034,112,66,1
1,s034,112,72,2
1,s034,112,76,1
1,s034,112,48,116
1,s034,112,49,22
1,s034,112,50,7
1,s034,112,51,1
1,s034,112,52,8
1,s034,112,53,4
1,s034,112,54,1
1,s034,112,56,9
1,s034,112,58,1
1,s034,112,60,1
1,s034,112,61,1
1,s034,112,32,5
1,s034,112,33,3
1,s034,112,34,1
1,s034,112,36,1
1,s034,112,37,2
1,s034,112,40,1
1,s034,112,16,13
1,s034,112,17,3
1,s034,112,20,1
1,s034,112,24,1
1,s034,112,0,1
1,s035,66,66,1500
1,s035,66,67,97
1,s035,66,64,80
1,s035,66,65,5
1,s035,66,70,80
1,s035,66,71,3
1,s035,66,68,11
1,s035,66,74,111
1,s035,66,75,5
1,s035,66,72,4
1,s035,66,78,8
1,s035,66,79,1
1,s035,66,76,1
1,s035,66,82,84
1,s035,66,83,8
1,s035,66,80,5
1,s035,66,81,2
1,s035,66,86,6
1,s035,66,87,1
1,s035,66,90,10
1,s035,66,88,1
1,s035,66,94,1
1,s035,66,98,82
1,s035,66,99,7
1,s035,66,96,5
1,s035,66,102,11
1,s035,66,100,1
1,s035,66,106,4
1,s035,66,110,1
1,s035,66,114,5
1,s035,66,115,1
1,s035,66,118,1
1,s035,66,2,135
1,s035,66,3,12
1,s035,66,0,5
1,s035,66,1,1
1,s035,66,6,10
1,s035,66,7,1
1,s035,66,10,8
1,s035,66,11,2
1,s035,66,14,1
1,s035,66,18,6
1,s035,66,19,4
1,s035,66,22,2
1,s035,66,27,1
1,s035,66,34,8
1,s035,66,35,2
1,s035,66,32,1
1,s035,66,38,1
1,s035,66,49,1
1,s036,112,112,1511
1,s036,112,113,96
1,s036,112,114,88
1,s036,112,115,6
1,s036,112,116,108
1,s036,112,117,3
1,s036,112,118,9
1,s036,112,119,3
1,s036,112,120,108
1,s036,112,121,5
1,s036,112,122,8
1,s036,112,123,1
1,s036,112,124,9
1,s036,112,96,76
1,s036,112,97,8
1,s036,112,98,6
1,s036,112,99,1
1,s036,112,100,2
1,s036,112,101,1
1,s036,112,104,11
1,s036,112,105,1
1,s036,112,80,101
1,s036,112,81,9
1,s036,112,82,11
1,s036,112,83,1
1,s036,112,84,11
1,s036,112,85,1
1,s036,112,86,1
1,s036,112,88,5
1,s036,112,89,1
1,s036,112,90,1
1,s036,112,93,1
1,s036,112,64,1
1,s036,112,65,1
1,s036,112,68,1
1,s036,112,48,138
1,s036,112,49,12
1,s036,112,50,10
1,s036,112,51,1
1,s036,112,52,10
1,s036,112,53,1
1,s036,112,56,14
1,s036,112,61,1
1,s036,112,32,11
1,s036,112,33,3
1,s036,112,34,1
1,s036,112,40,1
1,s036,112,16,9
1,s036,112,17,2
1,s036,112,18,2
1,s036,112,20,1
1,s036,112,24,2
1,s036,112,1,3
1,s037,28,28,1441
1,s037,28,29,73
1,s037,28,30,84
1,s037,28,31,5
1,s037,28,24,92
1,s037,28,25,7
1,s037,28,26,4
1,s037,28,20,103
1,s037,28,21,4
1,s037,28,22,8
1,s037,28,16,5
1,s037,28,18,1
1,s037,28,12,75
1,s037,28,13,5
1,s037,28,14,3
1,s037,28,15,1
1,s037,28,8,3
1,s037,28,4,6
1,s037,28,60,88
1,s037,28,61,5
1,s037,28,62,14
1,s037,28,63,1
1,s037,28,56,4
1,s037,28,59,1
1,s037,28,52,7
1,s037,28,44,7
1,s037,28,32,1
1,s037,28,92,122
1,s037,28,93,17
1,s037,28,94,6
1,s037,28,95,3
1,s037,28,88,7
1,s037,28,84,10
1,s037,28,85,1
1,s037,28,76,6
1,s037,28,77,2
1,s037,28,72,2
1,s037,28,68,1
1,s037,28,69,1
1,s037,28,124,7
1,s037,28,125,4
1,s037,28,116,1
1,s037,28,117,2
1,s037,28,108,3
1,s038,108,108,1517
1,s038,108,109,61
1,s038,108,110,99
1,s038,108,111,5
1,s038,108,104,93
1,s038,108,105,5
1,s038,108,106,8
1,s038,108,100,130
1,s038,108,101,6
1,s038,108,102,7
1,s038,108,103,1
1,s038,108,96,7
1,s038,108,99,1
1,s038,108,124,92
1,s038,108,125,11
1,s038,108,126,6
1,s038,108,127,1
1,s038,108,120,3
1,s038,108,122,1
1,s038,108,116,9
1,s038,108,76,89
1,s038,108,77,4
1,s038,108,78,10
1,s038,108,79,1
1,s038,108,72,6
1,s038,108,74,2
1,s038,108,68,7
1,s038,108,69,1
1,s038,108,70,4
1,s038,108,64,1
1,s038,108,92,8
1,s038,108,44,143
1,s038,108,45,22
1,s038,108,46,3
1,s038,108,47,1
1,s038,108,40,11
1,s038,108,41,2
1,s038,108,42,1
1,s038,108,36,11
1,s038,108,37,1
1,s038,108,38,2
1,s038,108,32,2
1,s038,108,60,4
1,s038,108,61,1
1,s038,108,62,1
1,s038,108,56,2
1,s038,108,12,7
1,s038,108,13,1
1,s038,108,14,2
1,s038,108,4,2
1,s038,108,28,1
1,s038,108,20,1
1,s039,2,2,1485
1,s039,2,3,92
1,s039,2,0,99
1,s039,2,1,5
1,s039,2,6,86
1,s039,2,7,6
1,s039,2,4,2
1,s039,2,10,109
1,s039,2,11,7
1,s039,2,8,7
1,s039,2,9,2
1,s039,2,14,6
1,s039,2,18,77
1,s039,2,19,10
1,s039,2,16,2
1,s039,2,17,3
1,s039,2,22,2
1,s039,2,23,1
1,s039,2,26,10
1,s039,2,24,1
1,s039,2,30,1
1,s039,2,34,94
1,s039,2,35,10
1,s039,2,32,14
1,s039,2,38,5
1,s039,2,36,1
1,s039,2,42,8
1,s039,2,43,1
1,s039,2,40,3
1,s039,2,46,1
1,s039,2,50,9
1,s039,2,66,113
1,s039,2,67,26
1,s039,2,64,5
1,s039,2,65,1
1,s039,2,70,11
1,s039,2,71,1
1,s039,2,68,1
1,s039,2,74,17
1,s039,2,75,3
1,s039,2,72,1
1,s039,2,73,1
1,s039,2,82,4
1,s039,2,83,3
1,s039,2,80,1
1,s039,2,87,1
1,s039,2,98,9
1,s039,2,99,4
1,s039,2,96,5
1,s039,2,106,1
1,s039,2,110,1
1,s039,2,115,1
2,s000,83,83,1141
2,s000,83,82,108
2,s000,83,81,100
2,s000,83,80,14
2,s000,83,87,102
2,s000,83,86,11
2,s000,83,85,5
2,s000,83,84,1
2,s000,83,91,137
2,s000,83,90,13
2,s000,83,89,8
2,s000,83,88,5
2,s000,83,95,12
2,s000,83,94,2
2,s000,83,93,3
2,s000,83,67,90
2,s000,83,66,18
2,s000,83,65,12
2,s000,83,71,8
2,s000,83,70,1
2,s000,83,69,1
2,s000,83,75,10
2,s000,83,74,3
2,s000,83,79,1
2,s000,83,78,1
2,s000,83,115,132
2,s000,83,114,8
2,s000,83,113,17
2,s000,83,112,3
2,s000,83,119,12
2,s000,83,118,1
2,s000,83,117,6
2,s000,83,116,1
2,s000,83,123,15
2,s000,83,122,2
2,s000,83,121,2
2,s000,83,120,1
2,s000,83,127,2
2,s000,83,99,11
2,s000,83,98,4
2,s000,83,97,3
2,s000,83,103,1
2,s000,83,101,1
2,s000,83,107,2
2,s000,83,108,1
2,s000,83,19,183
2,s000,83,18,33
2,s000,83,17,11
2,s000,83,16,6
2,s000,83,23,19
2,s000,83,22,5
2,s000,83,21,2
2,s000,83,20,3
2,s000,83,27,14
2,s000,83,26,4
2,s000,83,25,3
2,s000,83,24,1
2,s000,83,31,2
2,s000,83,30,1
2,s000,83,3,12
2,s000,83,2,5
2,s000,83,1,1
2,s000,83,0,1
2,s000,83,7,2
2,s000,83,11,4
2,s000,83,10,1
2,s000,83,51,16
2,s000,83,50,6
2,s000,83,49,4
2,s000,83,48,1
2,s000,83,59,2
2,s000,83,58,2
2,s000,83,57,2
2,s000,83,35,2
2,s000,83,33,2
2,s000,83,43,1
2,s001,98,98,1100
2,s001,98,99,102
2,s001,98,96,91
2,s001,98,97,15
2,s001,98,102,108
2,s001,98,103,7
2,s001,98,100,10
2,s001,98,101,2
2,s001,98,106,135
2,s001,98,107,11
2,s001,98,104,17
2,s001,98,105,1
2,s001,98,110,10
2,s001,98,114,93
2,s001,98,115,13
2,s001,98,112,9
2,s001,98,113,2
2,s001,98,118,6
2,s001,98,119,4
2,s001,98,116,2
2,s001,98,122,12
2,s001,98,123,7
2,s001,98,120,6
2,s001,98,126,2
2,s001,98,66,99
2,s001,98,67,14
2,s001,98,64,25
2,s001,98,70,17
2,s001,98,71,1
2,s001,98,68,4
2,s001,98,74,18
2,s001,98,75,1
2,s001,98,72,2
2,s001,98,78,3
2,s001,98,79,1
2,s001,98,82,16
2,s001,98,83,3
2,s001,98,80,3
2,s001,98,81,2
2,s001,98,86,1
2,s001,98,84,1
2,s001,98,90,2
2,s001,98,34,128
2,s001,98,35,32
2,s001,98,32,16
2,s001,98,33,7
2,s001,98,38,13
2,s001,98,39,5
2,s001,98,36,1
2,s001,98,42,17
2,s001,98,43,5
2,s001,98,50,13
2,s001,98,51,3
2,s001,98,49,1
2,s001,98,54,3
2,s001,98,55,2
2,s001,98,58,1
2,s001,98,59,2
2,s001,98,2,15
2,s001,98,3,3
2,s001,98,0,2
2,s001,98,6,3
2,s001,98,4,1
2,s001,98,10,2
2,s001,98,18,1
2,s001,98,19,1
2,s001,98,26,1
2,s001,98,25,1
2,s002,66,66,1049
2,s002,66,67,107
2,s002,66,64,84
2,s002,66,65,15
2,s002,66,70,98
2,s002,66,71,8
2,s002,66,68,11
2,s002,66,69,2
2,s002,66,74,111
2,s002,66,75,15
2,s002,66,72,11
2,s002,66,73,1
2,s002,66,78,13
2,s002,66,76,3
2,s002,66,82,98
2,s002,66,83,10
2,s002,66,80,9
2,s002,66,86,9
2,s002,66,87,1
2,s002,66,84,2
2,s002,66,90,8
2,s002,66,91,2
2,s002,66,89,1
2,s002,66,94,1
2,s002,66,98,110
2,s002,66,99,7
2,s002,66,96,18
2,s002,66,97,3
2,s002,66,102,7
2,s002,66,103,1
2,s002,66,100,1
2,s002,66,106,15
2,s002,66,107,3
2,s002,66,110,1
2,s002,66,108,1
2,s002,66,114,8
2,s002,66,115,4
2,s002,66,112,1
2,s002,66,122,1
2,s002,66,2,146
2,s002,66,3,31
2,s002,66,0,21
2,s002,66,1,4
2,s002,66,6,17
2,s002,66,7,5
2,s002,66,4,2
2,s002,66,10,17
2,s002,66,11,4
2,s002,66,8,1
2,s002,66,9,1
2,s002,66,15,2
2,s002,66,18,16
2,s002,66,19,6
2,s002,66,22,2
2,s002,66,26,1
2,s002,66,34,21
2,s002,66,35,6
2,s002,66,32,2
2,s002,66,33,2
2,s002,66,38,1
2,s002,66,36,1
2,s002,66,42,1
2,s002,66,40,1
2,s002,66,50,3
2,s002,66,51,1
2,s003,22,22,1082
2,s003,22,23,87
2,s003,22,20,119
2,s003,22,21,8
2,s003,22,18,105
2,s003,22,19,16
2,s003,22,16,11
2,s003,22,17,3
2,s003,22,30,145
2,s003,22,31,15
2,s003,22,28,17
2,s003,22,29,2
2,s003,22,26,22
2,s003,22,27,3
2,s003,22,24,3
2,s003,22,6,89
2,s003,22,7,13
2,s003,22,4,10
2,s003,22,2,8
2,s003,22,3,3
2,s003,22,0,1
2,s003,22,14,13
2,s003,22,15,1
2,s003,22,12,3
2,s003,22,10,3
2,s003,22,8,2
2,s003,22,54,107
2,s003,22,55,13
2,s003,22,52,14
2,s003,22,53,2
2,s003,22,50,13
2,s003,22,51,1
2,s003,22,48,2
2,s003,22,62,12
2,s003,22,63,3
2,s003,22,60,3
2,s003,22,61,1
2,s003,22,58,1
2,s003,22,56,1
2,s003,22,38,16
2,s003,22,39,1
2,s003,22,36,1
2,s003,22,34,2
2,s003,22,46,1
2,s003,22,86,168
2,s003,22,87,36
2,s003,22,84,18
2,s003,22,85,4
2,s003,22,82,17
2,s003,22,83,4
2,s003,22,80,1
2,s003,22,81,1
2,s003,22,94,17
2,s003,22,95,7
2,s003,22,92,3
2,s003,22,90,1
2,s003,22,70,18
2,s003,22,71,6
2,s003,22,68,3
2,s003,22,66,2
2,s003,22,78,6
2,s003,22,79,5
2,s003,22,76,1
2,s003,22,118,16
2,s003,22,119,9
2,s003,22,116,3
2,s003,22,114,1
2,s003,22,126,4
2,s003,22,122,1
2,s003,22,102,2
2,s003,22,103,1
2,s003,22,100,1
2,s003,22,96,1
2,s004,69,69,1095
2,s004,69,68,118
2,s004,69,71,108
2,s004,69,70,10
2,s004,69,65,147
2,s004,69,64,11
2,s004,69,67,10
2,s004,69,66,3
2,s004,69,77,131
2,s004,69,76,18
2,s004,69,79,14
2,s004,69,73,14
2,s004,69,75,5
2,s004,69,85,108
2,s004,69,84,13
2,s004,69,87,8
2,s004,69,86,1
2,s004,69,81,5
2,s004,69,80,2
2,s004,69,83,1
2,s004,69,93,15
2,s004,69,95,1
2,s004,69,89,1
2,s004,69,101,117
2,s004,69,100,15
2,s004,69,103,20
2,s004,69,97,11
2,s004,69,96,1
2,s004,69,99,3
2,s004,69,109,16
2,s004,69,108,2
2,s004,69,111,6
2,s004,69,105,2
2,s004,69,117,9
2,s004,69,116,1
2,s004,69,119,3
2,s004,69,113,2
2,s004,69,125,2
2,s004,69,5,180
2,s004,69,4,35
2,s004,69,7,14
2,s004,69,6,2
2,s004,69,1,22
2,s004,69,0,2
2,s004,69,13,28
2,s004,69,12,7
2,s004,69,15,2
2,s004,69,9,2
2,s004,69,8,1
2,s004,69,11,1
2,s004,69,21,12
2,s004,69,20,4
2,s004,69,23,1
2,s004,69,22,1
2,s004,69,17,1
2,s004,69,16,1
2,s004,69,29,1
2,s004,69,28,1
2,s004,69,25,1
2,s004,69,24,1
2,s004,69,37,21
2,s004,69,36,6
2,s004,69,39,5
2,s004,69,38,3
2,s004,69,33,3
2,s004,69,45,4
2,s004,69,44,3
2,s004,69,47,1
2,s004,69,53,2
2,s004,69,52,2
2,s004,69,55,1
2,s005,21,21,1121
2,s005,21,20,115
2,s005,21,23,95
2,s005,21,22,17
2,s005,21,17,111
2,s005,21,16,13
2,s005,21,19,18
2,s005,21,18,4
2,s005,21,29,159
2,s005,21,28,13
2,s005,21,31,15
2,s005,21,30,1
2,s005,21,25,18
2,s005,21,24,2
2,s005,21,27,2
2,s005,21,5,103
2,s005,21,4,13
2,s005,21,7,6
2,s005,21,1,8
2,s005,21,0,1
2,s005,21,3,1
2,s005,21,13,8
2,s005,21,12,4
2,s005,21,15,2
2,s005,21,9,2
2,s005,21,53,130
2,s005,21,52,12
2,s005,21,55,28
2,s005,21,54,2
2,s005,21,49,14
2,s005,21,48,3
2,s005,21,51,1
2,s005,21,61,14
2,s005,21,63,3
2,s005,21,57,6
2,s005,21,59,1
2,s005,21,37,12
2,s005,21,36,1
2,s005,21,39,3
2,s005,21,38,2
2,s005,21,33,3
2,s005,21,45,3
2,s005,21,46,2
2,s005,21,85,165
2,s005,21,84,29
2,s005,21,87,18
2,s005,21,86,4
2,s005,21,81,17
2,s005,21,80,3
2,s005,21,83,1
2,s005,21,82,2
2,s005,21,93,15
2,s005,21,92,5
2,s005,21,95,4
2,s005,21,94,1
2,s005,21,89,1
2,s005,21,69,11
2,s005,21,68,6
2,s005,21,71,4
2,s005,21,65,1
2,s005,21,64,2
2,s005,21,77,2
2,s005,21,117,13
2,s005,21,116,3
2,s005,21,119,2
2,s005,21,118,1
2,s005,21,113,4
2,s005,21,112,1
2,s005,21,125,1
2,s005,21,127,2
2,s005,21,101,3
2,s006,24,24,1082
2,s006,24,25,101
2,s006,24,26,117
2,s006,24,27,11
2,s006,24,28,119
2,s006,24,29,8
2,s006,24,30,11
2,s006,24,31,1
2,s006,24,16,124
2,s006,24,17,15
2,s006,24,18,7
2,s006,24,19,3
2,s006,24,20,22
2,s006,24,21,3
2,s006,24,22,2
2,s006,24,8,84
2,s006,24,9,16
2,s006,24,10,12
2,s006,24,12,8
2,s006,24,13,3
2,s006,24,14,1
2,s006,24,0,14
2,s006,24,1,1
2,s006,24,2,1
2,s006,24,3,1
2,s006,24,4,3
2,s006,24,6,1
2,s006,24,56,123
2,s006,24,57,20
2,s006,24,58,25
2,s006,24,60,15
2,s006,24,61,2
2,s006,24,62,3
2,s006,24,63,1
2,s006,24,48,17
2,s006,24,49,2
2,s006,24,50,5
2,s006,24,40,8
2,s006,24,41,3
2,s006,24,42,3
2,s006,24,43,1
2,s006,24,44,2
2,s006,24,32,3
2,s006,24,36,1
2,s006,24,88,178
2,s006,24,89,42
2,s006,24,90,10
2,s006,24,91,3
2,s006,24,92,13
2,s006,24,93,3
2,s006,24,80,23
2,s006,24,81,4
2,s006,24,82,1
2,s006,24,83,1
2,s006,24,84,2
2,s006,24,85,1
2,s006,24,72,19
2,s006,24,73,8
2,s006,24,74,1
2,s006,24,77,1
2,s006,24,64,2
2,s006,24,65,2
2,s006,24,120,21
2,s006,24,121,4
2,s006,24,122,4
2,s006,24,124,1
2,s006,24,112,3
2,s006,24,113,1
2,s006,24,105,1
2,s007,127,127,1078
2,s007,127,126,105
2,s007,127,125,98
2,s007,127,124,14
2,s007,127,123,78
2,s007,127,122,14
2,s007,127,121,11
2,s007,127,120,2
2,s007,127,119,132
2,s007,127,118,11
2,s007,127,117,11
2,s007,127,116,3
2,s007,127,115,15
2,s007,127,114,2
2,s007,127,113,2
2,s007,127,111,82
2,s007,127,110,14
2,s007,127,109,7
2,s007,127,108,4
2,s007,127,107,14
2,s007,127,103,17
2,s007,127,102,1
2,s007,127,101,2
2,s007,127,100,1
2,s007,127,99,1
2,s007,127,97,1
2,s007,127,95,98
2,s007,127,94,11
2,s007,127,93,15
2,s007,127,92,1
2,s007,127,91,8
2,s007,127,89,2
2,s007,127,87,15
2,s007,127,86,2
2,s007,127,85,3
2,s007,127,84,1
2,s007,127,83,4
2,s007,127,81,1
2,s007,127,79,14
2,s007,127,78,4
2,s007,127,77,3
2,s007,127,75,1
2,s007,127,74,1
2,s007,127,71,2
2,s007,127,70,1
2,s007,127,63,152
2,s007,127,62,28
2,s007,127,61,16
2,s007,127,60,5
2,s007,127,59,10
2,s007,127,58,5
2,s007,127,56,1
2,s007,127,55,13
2,s007,127,54,2
2,s007,127,53,1
2,s007,127,51,4
2,s007,127,49,1
2,s007,127,47,10
2,s007,127,46,5
2,s007,127,44,1
2,s007,127,43,1
2,s007,127,39,3
2,s007,127,38,1
2,s007,127,31,18
2,s007,127,30,5
2,s007,127,29,2
2,s007,127,27,2
2,s007,127,23,3
2,s007,127,22,3
2,s007,127,21,1
2,s007,127,19,1
2,s007,127,15,3
2,s007,127,6,1
2,s008,1,1,1074
2,s008,1,0,98
2,s008,1,3,100
2,s008,1,2,11
2,s008,1,5,110
2,s008,1,4,15
2,s008,1,7,21
2,s008,1,6,2
2,s008,1,9,140
2,s008,1,8,12
2,s008,1,11,18
2,s008,1,10,1
2,s008,1,13,15
2,s008,1,12,3
2,s008,1,14,1
2,s008,1,17,104
2,s008,1,16,21
2,s008,1,19,12
2,s008,1,18,3
2,s008,1,21,6
2,s008,1,20,1
2,s008,1,23,2
2,s008,1,25,16
2,s008,1,24,5
2,s008,1,27,2
2,s008,1,29,1
2,s008,1,28,2
2,s008,1,30,1
2,s008,1,33,122
2,s008,1,32,15
2,s008,1,35,16
2,s008,1,34,3
2,s008,1,37,10
2,s008,1,36,2
2,s008,1,39,3
2,s008,1,41,19
2,s008,1,40,1
2,s008,1,43,4
2,s008,1,45,4
2,s008,1,49,14
2,s008,1,48,5
2,s008,1,50,1
2,s008,1,57,5
2,s008,1,59,1
2,s008,1,61,1
2,s008,1,65,151
2,s008,1,64,35
2,s008,1,67,16
2,s008,1,66,3
2,s008,1,69,8
2,s008,1,68,7
2,s008,1,71,4
2,s008,1,73,25
2,s008,1,72,7
2,s008,1,75,1
2,s008,1,77,2
2,s008,1,76,1
2,s008,1,79,1
2,s008,1,81,12
2,s008,1,80,7
2,s008,1,84,1
2,s008,1,89,2
2,s008,1,93,1
2,s008,1,95,1
2,s008,1,97,20
2,s008,1,96,4
2,s008,1,99,6
2,s008,1,98,1
2,s008,1,101,2
2,s008,1,105,2
2,s008,1,107,1
2,s008,1,111,1
2,s008,1,113,3
2,s008,1,112,1
2,s008,1,121,1
2,s009,106,106,978
2,s009,106,107,101
2,s009,106,104,97
2,s009,106,105,14
2,s009,106,110,101
2,s009,106,111,13
2,s009,106,108,17
2,s009,106,109,3
2,s009,106,98,136
2,s009,106,99,12
2,s009,106,96,6
2,s009,106,102,19
2,s009,106,100,3
2,s009,106,101,1
2,s009,106,122,105
2,s009,106,123,12
2,s009,106,120,13
2,s009,106,121,4
2,s009,106,126,9
2,s009,106,114,14
2,s009,106,115,3
2,s009,106,112,1
2,s009,106,74,107
2,s009,106,75,7
2,s009,106,72,24
2,s009,106,73,2
2,s009,106,78,13
2,s009,106,79,3
2,s009,106,76,5
2,s009,106,77,1
2,s009,106,66,27
2,s009,106,67,1
2,s009,106,64,2
2,s009,106,70,2
2,s009,106,90,9
2,s009,106,91,3
2,s009,106,88,1
2,s009,106,94,1
2,s009,106,82,1
2,s009,106,42,157
2,s009,106,43,35
2,s009,106,40,17
2,s009,106,41,4
2,s009,106,46,7
2,s009,106,47,3
2,s009,106,45,1
2,s009,106,34,15
2,s009,106,35,6
2,s009,106,32,2
2,s009,106,38,2
2,s009,106,36,1
2,s009,106,58,15
2,s009,106,59,4
2,s009,106,56,2
2,s009,106,62,1
2,s009,106,60,1
2,s009,106,50,4
2,s009,106,51,1
2,s009,106,10,17
2,s009,106,11,5
2,s009,106,8,2
2,s009,106,9,1
2,s009,106,2,4
2,s009,106,26,3
2,s009,106,27,1
2,s009,106,25,1
2,s010,121,121,1044
2,s010,121,120,119
2,s010,121,123,114
2,s010,121,122,8
2,s010,121,125,91
2,s010,121,124,12
2,s010,121,127,6
2,s010,121,113,150
2,s010,121,112,17
2,s010,121,115,14
2,s010,121,114,2
2,s010,121,117,13
2,s010,121,116,2
2,s010,121,119,2
2,s010,121,105,91
2,s010,121,104,12
2,s010,121,107,11
2,s010,121,106,1
2,s010,121,109,8
2,s010,121,108,3
2,s010,121,111,2
2,s010,121,97,16
2,s010,121,96,8
2,s010,121,99,2
2,s010,121,101,1
2,s010,121,100,1
2,s010,121,89,125
2,s010,121,88,12
2,s010,121,91,29
2,s010,121,90,6
2,s010,121,93,13
2,s010,121,92,2
2,s010,121,95,2
2,s010,121,81,13
2,s010,121,80,2
2,s010,121,83,1
2,s010,121,82,1
2,s010,121,85,4
2,s010,121,87,1
2,s010,121,73,21
2,s010,121,72,3
2,s010,121,75,1
2,s010,121,65,3
2,s010,121,67,1
2,s010,121,57,150
2,s010,121,56,45
2,s010,121,59,24
2,s010,121,58,3
2,s010,121,61,17
2,s010,121,60,7
2,s010,121,63,3
2,s010,121,62,1
2,s010,121,49,11
2,s010,121,48,8
2,s010,121,51,1
2,s010,121,53,3
2,s010,121,41,14
2,s010,121,40,6
2,s010,121,43,1
2,s010,121,45,2
2,s010,121,32,2
2,s010,121,25,22
2,s010,121,24,6
2,s010,121,27,4
2,s010,121,29,1
2,s010,121,28,2
2,s010,121,30,1
2,s010,121,17,3
2,s010,121,16,1
2,s010,121,19,2
2,s010,121,9,3
2,s010,121,11,1
2,s011,116,116,1079
2,s011,116,117,104
2,s011,116,118,102
2,s011,116,119,19
2,s011,116,112,93
2,s011,116,113,9
2,s011,116,114,12
2,s011,116,115,5
2,s011,116,124,134
2,s011,116,125,11
2,s011,116,126,12
2,s011,116,127,2
2,s011,116,120,12
2,s011,116,121,1
2,s011,116,122,1
2,s011,116,100,114
2,s011,116,101,14
2,s011,116,102,8
2,s011,116,103,2
2,s011,116,96,11
2,s011,116,97,2
2,s011,116,98,1
2,s011,116,108,20
2,s011,116,109,1
2,s011,116,111,1
2,s011,116,104,2
2,s011,116,84,135
2,s011,116,85,12
2,s011,116,86,21
2,s011,116,80,12
2,s011,116,81,1
2,s011,116,82,8
2,s011,116,83,1
2,s011,116,92,13
2,s011,116,94,1
2,s011,116,95,1
2,s011,116,68,10
2,s011,116,69,5
2,s011,116,70,2
2,s011,116,64,1
2,s011,116,76,2
2,s011,116,72,1
2,s011,116,52,149
2,s011,116,53,32
2,s011,116,54,13
2,s011,116,55,1
2,s011,116,48,17
2,s011,116,49,2
2,s011,116,50,1
2,s011,116,51,1
2,s011,116,60,17
2,s011,116,61,2
2,s011,116,62,1
2,s011,116,56,3
2,s011,116,57,2
2,s011,116,36,22
2,s011,116,37,6
2,s011,116,38,3
2,s011,116,32,1
2,s011,116,34,1
2,s011,116,44,3
2,s011,116,20,27
2,s011,116,21,2
2,s011,116,22,4
2,s011,116,18,1
2,s011,116,28,3
2,s011,116,4,1
2,s011,116,5,2
2,s011,116,0,2
2,s011,116,12,1
2,s012,106,106,1133
2,s012,106,107,92
2,s012,106,104,109
2,s012,106,105,7
2,s012,106,110,108
2,s012,106,111,9
2,s012,106,108,13
2,s012,106,98,148
2,s012,106,99,10
2,s012,106,96,18
2,s012,106,102,14
2,s012,106,103,3
2,s012,106,100,2
2,s012,106,122,95
2,s012,106,123,12
2,s012,106,120,9
2,s012,106,121,2
2,s012,106,126,7
2,s012,106,127,3
2,s012,106,124,1
2,s012,106,114,11
2,s012,106,115,6
2,s012,106,118,1
2,s012,106,116,1
2,s012,106,74,115
2,s012,106,75,16
2,s012,106,72,21
2,s012,106,73,1
2,s012,106,78,12
2,s012,106,79,1
2,s012,106,76,2
2,s012,106,77,1
2,s012,106,66,16
2,s012,106,67,1
2,s012,106,64,5
2,s012,106,70,1
2,s012,106,71,1
2,s012,106,68,1
2,s012,106,90,12
2,s012,106,91,3
2,s012,106,88,2
2,s012,106,94,3
2,s012,106,80,1
2,s012,106,86,1
2,s012,106,42,149
2,s012,106,43,38
2,s012,106,40,16
2,s012,106,41,6
2,s012,106,46,13
2,s012,106,47,2
2,s012,106,44,1
2,s012,106,34,14
2,s012,106,35,5
2,s012,106,32,2
2,s012,106,38,3
2,s012,106,58,15
2,s012,106,59,9
2,s012,106,56,5
2,s012,106,57,1
2,s012,106,62,1
2,s012,106,63,2
2,s012,106,51,2
2,s012,106,10,21
2,s012,106,11,7
2,s012,106,8,3
2,s012,106,14,1
2,s012,106,12,1
2,s012,106,7,1
2,s012,106,26,4
2,s012,106,27,1
2,s012,106,24,2
2,s012,106,25,1
2,s012,106,18,1
2,s013,87,87,1050
2,s013,87,86,120
2,s013,87,85,97
2,s013,87,84,15
2,s013,87,83,103
2,s013,87,82,14
2,s013,87,81,14
2,s013,87,80,2
2,s013,87,95,164
2,s013,87,94,18
2,s013,87,93,13
2,s013,87,92,1
2,s013,87,91,18
2,s013,87,90,1
2,s013,87,89,2
2,s013,87,71,88
2,s013,87,70,22
2,s013,87,69,9
2,s013,87,68,2
2,s013,87,67,9
2,s013,87,65,1
2,s013,87,79,10
2,s013,87,78,3
2,s013,87,77,2
2,s013,87,75,2
2,s013,87,119,120
2,s013,87,118,17
2,s013,87,117,19
2,s013,87,116,3
2,s013,87,115,13
2,s013,87,114,3
2,s013,87,113,1
2,s013,87,127,28
2,s013,87,126,1
2,s013,87,125,4
2,s013,87,123,1
2,s013,87,103,7
2,s013,87,102,2
2,s013,87,101,5
2,s013,87,99,2
2,s013,87,97,1
2,s013,87,111,3
2,s013,87,109,1
2,s013,87,23,161
2,s013,87,22,28
2,s013,87,21,8
2,s013,87,20,3
2,s013,87,19,16
2,s013,87,18,2
2,s013,87,17,3
2,s013,87,31,19
2,s013,87,30,8
2,s013,87,29,2
2,s013,87,27,4
2,s013,87,26,1
2,s013,87,25,1
2,s013,87,7,11
2,s013,87,6,6
2,s013,87,5,2
2,s013,87,3,2
2,s013,87,14,1
2,s013,87,8,1
2,s013,87,55,25
2,s013,87,54,4
2,s013,87,53,7
2,s013,87,52,1
2,s013,87,50,1
2,s013,87,63,3
2,s013,87,60,1
2,s013,87,39,2
2,s013,87,47,1
2,s014,52,52,1091
2,s014,52,53,91
2,s014,52,54,104
2,s014,52,55,14
2,s014,52,48,130
2,s014,52,49,8
2,s014,52,50,12
2,s014,52,60,146
2,s014,52,61,17
2,s014,52,62,22
2,s014,52,63,4
2,s014,52,56,15
2,s014,52,57,1
2,s014,52,58,6
2,s014,52,36,91
2,s014,52,37,14
2,s014,52,38,3
2,s014,52,39,1
2,s014,52,32,12
2,s014,52,33,4
2,s014,52,34,2
2,s014,52,44,15
2,s014,52,46,4
2,s014,52,40,3
2,s014,52,20,124
2,s014,52,21,13
2,s014,52,22,18
2,s014,52,23,3
2,s014,52,16,11
2,s014,52,17,2
2,s014,52,18,4
2,s014,52,28,19
2,s014,52,29,1
2,s014,52,30,2
2,s014,52,31,1
2,s014,52,24,1
2,s014,52,4,16
2,s014,52,5,2
2,s014,52,6,2
2,s014,52,0,2
2,s014,52,12,3
2,s014,52,116,166
2,s014,52,117,42
2,s014,52,118,16
2,s014,52,119,2
2,s014,52,112,14
2,s014,52,113,3
2,s014,52,114,1
2,s014,52,115,1
2,s014,52,124,16
2,s014,52,125,5
2,s014,52,126,5
2,s014,52,120,1
2,s014,52,123,2
2,s014,52,100,13
2,s014,52,101,11
2,s014,52,102,3
2,s014,52,103,1
2,s014,52,96,1
2,s014,52,97,1
2,s014,52,108,3
2,s014,52,109,1
2,s014,52,110,1
2,s014,52,104,1
2,s014,52,84,15
2,s014,52,85,9
2,s014,52,86,2
2,s014,52,80,1
2,s014,52,82,2
2,s014,52,92,5
2,s014,52,93,1
2,s014,52,94,1
2,s014,52,88,1
2,s014,52,68,1
2,s014,52,69,3
2,s014,52,70,1
2,s014,52,66,1
2,s015,80,80,1025
2,s015,80,81,100
2,s015,80,82,114
2,s015,80,83,10
2,s015,80,84,105
2,s015,80,85,12
2,s015,80,86,12
2,s015,80,87,1
2,s015,80,88,135
2,s015,80,89,14
2,s015,80,90,14
2,s015,80,91,1
2,s015,80,92,17
2,s015,80,94,1
2,s015,80,64,108
2,s015,80,65,19
2,s015,80,66,6
2,s015,80,67,1
2,s015,80,68,8
2,s015,80,69,2
2,s015,80,70,2
2,s015,80,71,1
2,s015,80,72,16
2,s015,80,74,3
2,s015,80,76,1
2,s015,80,112,115
2,s015,80,113,12
2,s015,80,114,22
2,s015,80,115,5
2,s015,80,116,8
2,s015,80,118,6
2,s015,80,120,17
2,s015,80,121,2
2,s015,80,122,3
2,s015,80,124,3
2,s015,80,126,1
2,s015,80,96,9
2,s015,80,97,2
2,s015,80,98,2
2,s015,80,100,2
2,s015,80,102,1
2,s015,80,104,1
2,s015,80,16,121
2,s015,80,17,26
2,s015,80,18,18
2,s015,80,19,4
2,s015,80,20,14
2,s015,80,21,3
2,s015,80,22,3
2,s015,80,23,2
2,s015,80,24,24
2,s015,80,25,5
2,s015,80,26,2
2,s015,80,27,1
2,s015,80,28,3
2,s015,80,30,1
2,s015,80,0,9
2,s015,80,1,5
2,s015,80,2,2
2,s015,80,3,1
2,s015,80,4,1
2,s015,80,8,5
2,s015,80,9,1
2,s015,80,10,1
2,s015,80,15,1
2,s015,80,48,21
2,s015,80,49,2
2,s015,80,50,5
2,s015,80,51,2
2,s015,80,52,2
2,s015,80,56,1
2,s015,80,57,1
2,s015,80,58,1
2,s015,80,32,1
2,s015,80,33,1
2,s015,80,34,2
2,s015,80,36,1
2,s015,80,41,1
2,s016,117,117,1161
2,s016,117,116,120
2,s016,117,119,94
2,s016,117,118,17
2,s016,117,113,107
2,s016,117,112,21
2,s016,117,115,13
2,s016,117,114,2
2,s016,117,125,123
2,s016,117,124,16
2,s016,117,127,14
2,s016,117,126,2
2,s016,117,121,12
2,s016,117,123,3
2,s016,117,101,93
2,s016,117,100,14
2,s016,117,103,9
2,s016,117,102,1
2,s016,117,97,17
2,s016,117,96,2
2,s016,117,99,1
2,s016,117,109,19
2,s016,117,108,4
2,s016,117,111,2
2,s016,117,110,1
2,s016,117,105,1
2,s016,117,104,1
2,s016,117,85,112
2,s016,117,84,17
2,s016,117,87,18
2,s016,117,86,4
2,s016,117,81,6
2,s016,117,80,2
2,s016,117,83,2
2,s016,117,93,10
2,s016,117,92,3
2,s016,117,95,2
2,s016,117,89,2
2,s016,117,69,16
2,s016,117,71,1
2,s016,117,65,2
2,s016,117,67,1
2,s016,117,77,3
2,s016,117,53,156
2,s016,117,52,43
2,s016,117,55,16
2,s016,117,54,4
2,s016,117,49,13
2,s016,117,48,5
2,s016,117,51,3
2,s016,117,61,18
2,s016,117,60,5
2,s016,117,63,2
2,s016,117,57,3
2,s016,117,58,1
2,s016,117,37,15
2,s016,117,36,7
2,s016,117,39,2
2,s016,117,33,2
2,s016,117,35,2
2,s016,117,45,3
2,s016,117,44,1
2,s016,117,21,18
2,s016,117,20,3
2,s016,117,23,2
2,s016,117,17,1
2,s016,117,16,1
2,s016,117,19,1
2,s016,117,29,4
2,s016,117,28,1
2,s016,117,25,1
2,s016,117,5,1
2,s016,117,6,2
2,s017,41,41,1073
2,s017,41,40,98
2,s017,41,43,99
2,s017,41,42,9
2,s017,41,45,122
2,s017,41,44,20
2,s017,41,47,6
2,s017,41,46,1
2,s017,41,33,141
2,s017,41,32,20
2,s017,41,35,13
2,s017,41,34,1
2,s017,41,37,19
2,s017,41,36,3
2,s017,41,39,1
2,s017,41,57,97
2,s017,41,56,17
2,s017,41,59,6
2,s017,41,58,1
2,s017,41,61,13
2,s017,41,60,2
2,s017,41,49,6
2,s017,41,48,1
2,s017,41,51,4
2,s017,41,53,1
2,s017,41,52,1
2,s017,41,9,137
2,s017,41,8,12
2,s017,41,11,15
2,s017,41,10,2
2,s017,41,13,11
2,s017,41,15,2
2,s017,41,1,14
2,s017,41,0,1
2,s017,41,3,2
2,s017,41,5,2
2,s017,41,25,5
2,s017,41,24,3
2,s017,41,27,2
2,s017,41,29,1
2,s017,41,28,1
2,s017,41,17,2
2,s017,41,105,150
2,s017,41,104,31
2,s017,41,107,9
2,s017,41,106,6
2,s017,41,109,21
2,s017,41,108,3
2,s017,41,97,18
2,s017,41,96,4
2,s017,41,99,1
2,s017,41,98,1
2,s017,41,101,4
2,s017,41,121,15
2,s017,41,120,6
2,s017,41,123,1
2,s017,41,125,2
2,s017,41,124,2
2,s017,41,113,1
2,s017,41,112,1
2,s017,41,73,14
2,s017,41,72,5
2,s017,41,75,4
2,s017,41,74,1
2,s017,41,77,5
2,s017,41,65,2
2,s017,41,89,2
2,s018,93,93,1025
2,s018,93,92,105
2,s018,93,95,87
2,s018,93,94,11
2,s018,93,89,95
2,s018,93,88,11
2,s018,93,91,11
2,s018,93,90,2
2,s018,93,85,140
2,s018,93,84,8
2,s018,93,87,5
2,s018,93,81,16
2,s018,93,80,3
2,s018,93,83,4
2,s018,93,77,95
2,s018,93,76,14
2,s018,93,79,14
2,s018,93,78,1
2,s018,93,73,12
2,s018,93,72,1
2,s018,93,75,2
2,s018,93,69,6
2,s018,93,65,1
2,s018,93,125,131
2,s018,93,124,10
2,s018,93,127,22
2,s018,93,126,3
2,s018,93,121,14
2,s018,93,120,1
2,s018,93,123,2
2,s018,93,117,10
2,s018,93,119,5
2,s018,93,113,1
2,s018,93,109,12
2,s018,93,108,6
2,s018,93,111,6
2,s018,93,105,1
2,s018,93,100,2
2,s018,93,97,1
2,s018,93,29,155
2,s018,93,28,37
2,s018,93,31,18
2,s018,93,30,6
2,s018,93,25,9
2,s018,93,24,4
2,s018,93,27,1
2,s018,93,21,17
2,s018,93,20,7
2,s018,93,23,2
2,s018,93,17,2
2,s018,93,16,1
2,s018,93,13,11
2,s018,93,12,6
2,s018,93,15,2
2,s018,93,14,1
2,s018,93,9,2
2,s018,93,5,2
2,s018,93,4,1
2,s018,93,7,1
2,s018,93,61,18
2,s018,93,60,4
2,s018,93,63,1
2,s018,93,62,1
2,s018,93,57,1
2,s018,93,58,2
2,s018,93,53,1
2,s018,93,52,1
2,s018,93,47,1
2,s018,93,41,1
2,s019,117,117,1055
2,s019,117,116,114
2,s019,117,119,114
2,s019,117,118,11
2,s019,117,113,130
2,s019,117,112,17
2,s019,117,115,18
2,s019,117,125,136
2,s019,117,124,13
2,s019,117,127,10
2,s019,117,126,2
2,s019,117,121,10
2,s019,117,101,108
2,s019,117,100,16
2,s019,117,103,8
2,s019,117,102,1
2,s019,117,97,4
2,s019,117,109,19
2,s019,117,108,2
2,s019,117,105,1
2,s019,117,85,128
2,s019,117,84,15
2,s019,117,87,15
2,s019,117,86,2
2,s019,117,81,13
2,s019,117,80,1
2,s019,117,83,1
2,s019,117,82,1
2,s019,117,93,15
2,s019,117,92,3
2,s019,117,95,2
2,s019,117,91,1
2,s019,117,69,8
2,s019,117,68,4
2,s019,117,71,3
2,s019,117,70,1
2,s019,117,65,1
2,s019,117,64,1
2,s019,117,53,160
2,s019,117,52,26
2,s019,117,55,10
2,s019,117,54,3
2,s019,117,49,18
2,s019,117,48,2
2,s019,117,51,4
2,s019,117,50,1
2,s019,117,61,21
2,s019,117,60,1
2,s019,117,63,1
2,s019,117,57,3
2,s019,117,56,1
2,s019,117,59,1
2,s019,117,58,2
2,s019,117,37,9
2,s019,117,36,2
2,s019,117,38,3
2,s019,117,32,2
2,s019,117,34,1
2,s019,117,44,3
2,s019,117,47,1
2,s019,117,21,15
2,s019,117,20,5
2,s019,117,23,3
2,s019,117,22,1
2,s019,117,17,3
2,s019,117,16,1
2,s019,117,29,3
2,s019,117,31,1
2,s019,117,5,1
2,s019,117,4,3
2,s019,117,6,1
2,s019,117,13,2
2,s019,117,12,1
2,s020,113,113,1122
2,s020,113,112,109
2,s020,113,115,106
2,s020,113,114,13
2,s020,113,117,141
2,s020,113,116,5
2,s020,113,119,17
2,s020,113,118,1
2,s020,113,121,162
2,s020,113,120,14
2,s020,113,123,10
2,s020,113,122,2
2,s020,113,125,12
2,s020,113,124,2
2,s020,113,127,3
2,s020,113,97,90
2,s020,113,96,18
2,s020,113,99,10
2,s020,113,98,1
2,s020,113,101,9
2,s020,113,105,11
2,s020,113,104,2
2,s020,113,106,1
2,s020,113,109,1
2,s020,113,108,1
2,s020,113,81,117
2,s020,113,80,12
2,s020,113,83,29
2,s020,113,82,1
2,s020,113,85,7
2,s020,113,87,3
2,s020,113,89,9
2,s020,113,88,1
2,s020,113,91,4
2,s020,113,93,2
2,s020,113,95,1
2,s020,113,65,13
2,s020,113,67,3
2,s020,113,73,2
2,s020,113,74,1
2,s020,113,49,168
2,s020,113,48,33
2,s020,113,51,15
2,s020,113,50,4
2,s020,113,53,15
2,s020,113,52,4
2,s020,113,55,2
2,s020,113,57,20
2,s020,113,56,6
2,s020,113,59,4
2,s020,113,58,1
2,s020,113,60,1
2,s020,113,33,9
2,s020,113,32,5
2,s020,113,35,1
2,s020,113,37,2
2,s020,113,39,1
2,s020,113,41,1
2,s020,113,40,2
2,s020,113,17,15
2,s020,113,16,4
2,s020,113,19,3
2,s020,113,21,1
2,s020,113,25,2
2,s020,113,24,1
2,s020,113,27,4
2,s020,113,1,3
2,s020,113,3,1
2,s020,113,2,1
2,s021,8,8,1050
2,s021,8,9,100
2,s021,8,10,92
2,s021,8,11,5
2,s021,8,12,87
2,s021,8,13,10
2,s021,8,14,10
2,s021,8,15,1
2,s021,8,0,159
2,s021,8,1,14
2,s021,8,2,14
2,s021,8,3,4
2,s021,8,4,16
2,s021,8,5,2
2,s021,8,6,3
2,s021,8,24,86
2,s021,8,25,19
2,s021,8,26,4
2,s021,8,27,1
2,s021,8,28,3
2,s021,8,30,1
2,s021,8,16,8
2,s021,8,17,3
2,s021,8,18,3
2,s021,8,19,1
2,s021,8,20,2
2,s021,8,40,123
2,s021,8,41,13
2,s021,8,42,13
2,s021,8,43,1
2,s021,8,44,12
2,s021,8,45,4
2,s021,8,32,16
2,s021,8,33,1
2,s021,8,34,2
2,s021,8,36,1
2,s021,8,56,12
2,s021,8,57,2
2,s021,8,58,3
2,s021,8,60,1
2,s021,8,62,1
2,s021,8,48,2
2,s021,8,72,149
2,s021,8,73,33
2,s021,8,74,14
2,s021,8,75,4
2,s021,8,76,11
2,s021,8,77,1
2,s021,8,78,2
2,s021,8,79,2
2,s021,8,64,18
2,s021,8,65,8
2,s021,8,68,5
2,s021,8,69,1
2,s021,8,88,15
2,s021,8,89,5
2,s021,8,90,3
2,s021,8,92,1
2,s021,8,80,1
2,s021,8,104,16
2,s021,8,105,2
2,s021,8,106,2
2,s021,8,108,3
2,s021,8,109,2
2,s021,8,111,1
2,s021,8,96,3
2,s021,8,98,1
2,s021,8,120,1
2,s021,8,121,1
2,s022,15,15,1141
2,s022,15,14,99
2,s022,15,13,118
2,s022,15,12,12
2,s022,15,11,128
2,s022,15,10,9
2,s022,15,9,12
2,s022,15,8,1
2,s022,15,7,132
2,s022,15,6,13
2,s022,15,5,10
2,s022,15,4,3
2,s022,15,3,15
2,s022,15,31,93
2,s022,15,30,14
2,s022,15,29,12
2,s022,15,28,1
2,s022,15,27,10
2,s022,15,26,1
2,s022,15,23,18
2,s022,15,22,4
2,s022,15,21,4
2,s022,15,19,1
2,s022,15,47,134
2,s022,15,46,10
2,s022,15,45,22
2,s022,15,44,2
2,s022,15,43,9
2,s022,15,42,1
2,s022,15,41,1
2,s022,15,40,1
2,s022,15,39,11
2,s022,15,38,1
2,s022,15,37,4
2,s022,15,35,2
2,s022,15,63,5
2,s022,15,62,1
2,s022,15,59,4
2,s022,15,51,1
2,s022,15,79,148
2,s022,15,78,30
2,s022,15,77,11
2,s022,15,76,5
2,s022,15,75,18
2,s022,15,74,7
2,s022,15,73,4
2,s022,15,71,26
2,s022,15,70,6
2,s022,15,69,2
2,s022,15,67,2
2,s022,15,95,13
2,s022,15,94,3
2,s022,15,93,1
2,s022,15,92,2
2,s022,15,91,1
2,s022,15,89,1
2,s022,15,87,2
2,s022,15,111,14
2,s022,15,110,1
2,s022,15,109,2
2,s022,15,108,1
2,s022,15,107,3
2,s022,15,106,1
2,s022,15,105,1
2,s022,15,104,1
2,s022,15,103,2
2,s022,15,102,1
2,s022,15,100,1
2,s022,15,127,2
2,s023,27,27,1144
2,s023,27,26,116
2,s023,27,25,111
2,s023,27,24,10
2,s023,27,31,103
2,s023,27,30,7
2,s023,27,29,10
2,s023,27,28,3
2,s023,27,19,152
2,s023,27,18,17
2,s023,27,17,13
2,s023,27,16,1
2,s023,27,23,17
2,s023,27,21,3
2,s023,27,11,105
2,s023,27,10,14
2,s023,27,9,12
2,s023,27,8,1
2,s023,27,15,9
2,s023,27,3,14
2,s023,27,2,3
2,s023,27,1,1
2,s023,27,7,1
2,s023,27,59,125
2,s023,27,58,15
2,s023,27,57,25
2,s023,27,56,1
2,s023,27,63,9
2,s023,27,62,3
2,s023,27,61,2
2,s023,27,51,14
2,s023,27,50,2
2,s023,27,49,4
2,s023,27,48,2
2,s023,27,55,4
2,s023,27,53,1
2,s023,27,43,12
2,s023,27,42,2
2,s023,27,47,2
2,s023,27,35,1
2,s023,27,34,1
2,s023,27,91,154
2,s023,27,90,48
2,s023,27,89,15
2,s023,27,88,5
2,s023,27,95,16
2,s023,27,94,6
2,s023,27,93,1
2,s023,27,83,21
2,s023,27,82,4
2,s023,27,81,4
2,s023,27,87,3
2,s023,27,86,1
2,s023,27,75,12
2,s023,27,74,6
2,s023,27,73,4
2,s023,27,72,1
2,s023,27,78,1
2,s023,27,67,5
2,s023,27,66,1
2,s023,27,70,1
2,s023,27,123,15
2,s023,27,122,6
2,s023,27,121,3
2,s023,27,127,1
2,s023,27,126,1
2,s023,27,125,1
2,s023,27,115,4
2,s023,27,114,1
2,s023,27,107,2
2,s023,27,105,1
2,s023,27,97,1
2,s024,47,47,1063
2,s024,47,46,111
2,s024,47,45,104
2,s024,47,44,11
2,s024,47,43,112
2,s024,47,42,12
2,s024,47,41,14
2,s024,47,40,1
2,s024,47,39,135
2,s024,47,38,15
2,s024,47,37,9
2,s024,47,36,2
2,s024,47,35,7
2,s024,47,34,4
2,s024,47,33,1
2,s024,47,63,90
2,s024,47,62,17
2,s024,47,61,10
2,s024,47,60,3
2,s024,47,59,2
2,s024,47,58,3
2,s024,47,55,9
2,s024,47,54,1
2,s024,47,51,3
2,s024,47,15,116
2,s024,47,14,15
2,s024,47,13,16
2,s024,47,12,4
2,s024,47,11,10
2,s024,47,9,4
2,s024,47,7,20
2,s024,47,6,2
2,s024,47,5,2
2,s024,47,3,3
2,s024,47,2,1
2,s024,47,31,17
2,s024,47,30,2
2,s024,47,29,1
2,s024,47,27,1
2,s024,47,26,1
2,s024,47,19,1
2,s024,47,18,1
2,s024,47,111,146
2,s024,47,110,29
2,s024,47,109,13
2,s024,47,108,2
2,s024,47,107,9
2,s024,47,106,2
2,s024,47,105,1
2,s024,47,104,1
2,s024,47,103,14
2,s024,47,102,6
2,s024,47,101,1
2,s024,47,99,2
2,s024,47,127,13
2,s024,47,126,6
2,s024,47,125,1
2,s024,47,122,1
2,s024,47,119,2
2,s024,47,79,12
2,s024,47,78,8
2,s024,47,77,6
2,s024,47,75,1
2,s024,47,71,4
2,s024,47,70,1
2,s024,47,69,1
2,s024,47,95,2
2,s024,47,83,1
2,s025,62,62,1051
2,s025,62,63,93
2,s025,62,60,82
2,s025,62,61,10
2,s025,62,58,88
2,s025,62,59,8
2,s025,62,56,11
2,s025,62,57,1
2,s025,62,54,128
2,s025,62,55,14
2,s025,62,52,7
2,s025,62,53,5
2,s025,62,50,16
2,s025,62,51,1
2,s025,62,48,3
2,s025,62,46,121
2,s025,62,47,17
2,s025,62,44,13
2,s025,62,45,3
2,s025,62,42,8
2,s025,62,43,2
2,s025,62,40,2
2,s025,62,41,1
2,s025,62,38,17
2,s025,62,39,2
2,s025,62,36,1
2,s025,62,37,1
2,s025,62,32,1
2,s025,62,30,117
2,s025,62,31,7
2,s025,62,28,17
2,s025,62,29,5
2,s025,62,26,15
2,s025,62,24,3
2,s025,62,22,17
2,s025,62,23,2
2,s025,62,20,2
2,s025,62,21,1
2,s025,62,18,2
2,s025,62,14,9
2,s025,62,15,1
2,s025,62,12,1
2,s025,62,10,2
2,s025,62,6,2
2,s025,62,4,1
2,s025,62,126,120
2,s025,62,127,44
2,s025,62,124,13
2,s025,62,125,1
2,s025,62,122,8
2,s025,62,123,6
2,s025,62,120,1
2,s025,62,118,13
2,s025,62,119,1
2,s025,62,116,1
2,s025,62,114,2
2,s025,62,112,1
2,s025,62,110,18
2,s025,62,111,5
2,s025,62,106,1
2,s025,62,107,1
2,s025,62,102,2
2,s025,62,96,1
2,s025,62,94,17
2,s025,62,95,8
2,s025,62,92,4
2,s025,62,90,3
2,s025,62,86,2
2,s025,62,87,1
2,s025,62,84,1
2,s025,62,82,1
2,s025,62,83,1
2,s025,62,78,3
2,s025,62,79,1
2,s025,62,66,1
2,s026,109,109,1113
2,s026,109,108,103
2,s026,109,111,96
2,s026,109,110,9
2,s026,109,105,114
2,s026,109,104,11
2,s026,109,107,12
2,s026,109,101,125
2,s026,109,100,16
2,s026,109,103,13
2,s026,109,102,3
2,s026,109,97,14
2,s026,109,96,2
2,s026,109,99,5
2,s026,109,125,98
2,s026,109,124,21
2,s026,109,127,10
2,s026,109,126,5
2,s026,109,121,9
2,s026,109,120,1
2,s026,109,117,15
2,s026,109,116,4
2,s026,109,119,3
2,s026,109,113,2
2,s026,109,77,105
2,s026,109,76,7
2,s026,109,79,18
2,s026,109,78,5
2,s026,109,73,11
2,s026,109,72,1
2,s026,109,75,1
2,s026,109,69,7
2,s026,109,68,1
2,s026,109,71,4
2,s026,109,70,2
2,s026,109,93,16
2,s026,109,92,1
2,s026,109,95,1
2,s026,109,88,1
2,s026,109,90,1
2,s026,109,85,3
2,s026,109,84,1
2,s026,109,45,148
2,s026,109,44,27
2,s026,109,47,17
2,s026,109,46,7
2,s026,109,41,16
2,s026,109,40,1
2,s026,109,37,20
2,s026,109,36,3
2,s026,109,39,4
2,s026,109,38,1
2,s026,109,33,2
2,s026,109,61,11
2,s026,109,60,5
2,s026,109,63,1
2,s026,109,57,1
2,s026,109,56,1
2,s026,109,53,4
2,s026,109,13,16
2,s026,109,12,6
2,s026,109,15,4
2,s026,109,14,2
2,s026,109,9,2
2,s026,109,5,2
2,s026,109,29,3
2,s026,109,24,1
2,s026,109,27,1
2,s026,109,16,1
2,s027,105,105,1090
2,s027,105,104,98
2,s027,105,107,108
2,s027,105,106,13
2,s027,105,109,116
2,s027,105,108,5
2,s027,105,111,11
2,s027,105,110,3
2,s027,105,97,152
2,s027,105,96,12
2,s027,105,99,10
2,s027,105,98,4
2,s027,105,101,10
2,s027,105,100,4
2,s027,105,103,4
2,s027,105,121,96
2,s027,105,120,13
2,s027,105,123,8
2,s027,105,122,3
2,s027,105,125,9
2,s027,105,124,1
2,s027,105,113,15
2,s027,105,112,1
2,s027,105,115,5
2,s027,105,114,1
2,s027,105,73,114
2,s027,105,72,10
2,s027,105,75,14
2,s027,105,74,2
2,s027,105,77,16
2,s027,105,76,1
2,s027,105,79,3
2,s027,105,65,16
2,s027,105,64,2
2,s027,105,67,4
2,s027,105,69,3
2,s027,105,89,10
2,s027,105,91,2
2,s027,105,93,3
2,s027,105,81,4
2,s027,105,83,1
2,s027,105,41,145
2,s027,105,40,43
2,s027,105,43,11
2,s027,105,42,3
2,s027,105,45,16
2,s027,105,44,3
2,s027,105,33,13
2,s027,105,32,4
2,s027,105,35,3
2,s027,105,34,1
2,s027,105,37,4
2,s027,105,36,1
2,s027,105,57,20
2,s027,105,56,1
2,s027,105,59,1
2,s027,105,61,1
2,s027,105,49,2
2,s027,105,48,1
2,s027,105,9,13
2,s027,105,8,3
2,s027,105,11,5
2,s027,105,10,1
2,s027,105,13,2
2,s027,105,15,1
2,s027,105,1,3
2,s027,105,24,1
2,s028,39,39,1042
2,s028,39,38,112
2,s028,39,37,103
2,s028,39,36,9
2,s028,39,35,111
2,s028,39,34,8
2,s028,39,33,14
2,s028,39,47,133
2,s028,39,46,12
2,s028,39,45,16
2,s028,39,43,14
2,s028,39,42,3
2,s028,39,41,2
2,s028,39,55,91
2,s028,39,54,20
2,s028,39,53,11
2,s028,39,52,2
2,s028,39,51,16
2,s028,39,50,2
2,s028,39,49,1
2,s028,39,63,9
2,s028,39,62,3
2,s028,39,60,1
2,s028,39,59,2
2,s028,39,58,1
2,s028,39,7,109
2,s028,39,6,8
2,s028,39,5,27
2,s028,39,4,2
2,s028,39,3,14
2,s028,39,1,4
2,s028,39,15,16
2,s028,39,14,2
2,s028,39,13,4
2,s028,39,11,3
2,s028,39,23,8
2,s028,39,22,1
2,s028,39,21,3
2,s028,39,19,1
2,s028,39,18,1
2,s028,39,30,1
2,s028,39,103,147
2,s028,39,102,34
2,s028,39,101,15
2,s028,39,100,6
2,s028,39,99,15
2,s028,39,98,5
2,s028,39,97,4
2,s028,39,96,1
2,s028,39,111,18
2,s028,39,110,4
2,s028,39,109,1
2,s028,39,108,2
2,s028,39,107,2
2,s028,39,119,19
2,s028,39,118,2
2,s028,39,116,1
2,s028,39,115,2
2,s028,39,114,2
2,s028,39,127,4
2,s028,39,125,1
2,s028,39,71,25
2,s028,39,70,1
2,s028,39,69,2
2,s028,39,67,1
2,s028,39,65,1
2,s028,39,79,5
2,s028,39,73,1
2,s028,39,87,2
2,s029,69,69,997
2,s029,69,68,99
2,s029,69,71,88
2,s029,69,70,17
2,s029,69,65,110
2,s029,69,64,9
2,s029,69,67,13
2,s029,69,77,138
2,s029,69,76,17
2,s029,69,79,7
2,s029,69,78,1
2,s029,69,73,16
2,s029,69,72,1
2,s029,69,75,3
2,s029,69,85,92
2,s029,69,84,15
2,s029,69,87,12
2,s029,69,86,1
2,s029,69,81,8
2,s029,69,80,4
2,s029,69,83,3
2,s029,69,93,19
2,s029,69,92,2
2,s029,69,95,2
2,s029,69,94,1
2,s029,69,89,1
2,s029,69,88,1
2,s029,69,101,108
2,s029,69,100,11
2,s029,69,103,22
2,s029,69,102,2
2,s029,69,97,18
2,s029,69,96,1
2,s029,69,99,1
2,s029,69,98,1
2,s029,69,109,12
2,s029,69,108,1
2,s029,69,111,1
2,s029,69,105,2
2,s029,69,107,2
2,s029,69,117,12
2,s029,69,116,1
2,s029,69,119,6
2,s029,69,125,4
2,s029,69,124,1
2,s029,69,127,1
2,s029,69,5,154
2,s029,69,4,29
2,s029,69,7,13
2,s029,69,6,2
2,s029,69,1,13
2,s029,69,0,3
2,s029,69,3,2
2,s029,69,13,22
2,s029,69,12,2
2,s029,69,9,4
2,s029,69,8,1
2,s029,69,21,16
2,s029,69,20,5
2,s029,69,23,1
2,s029,69,29,2
2,s029,69,25,1
2,s029,69,37,14
2,s029,69,36,4
2,s029,69,39,2
2,s029,69,45,5
2,s029,69,40,1
2,s029,69,43,1
2,s029,69,42,1
2,s029,69,53,3
2,s029,69,56,1
2,s030,31,31,1032
2,s030,31,30,135
2,s030,31,29,98
2,s030,31,28,12
2,s030,31,27,102
2,s030,31,26,3
2,s030,31,25,9
2,s030,31,24,1
2,s030,31,23,146
2,s030,31,22,14
2,s030,31,21,14
2,s030,31,20,1
2,s030,31,19,19
2,s030,31,18,1
2,s030,31,17,2
2,s030,31,15,113
2,s030,31,14,8
2,s030,31,13,10
2,s030,31,11,7
2,s030,31,10,3
2,s030,31,9,2
2,s030,31,7,13
2,s030,31,6,3
2,s030,31,5,1
2,s030,31,3,1
2,s030,31,1,1
2,s030,31,63,98
2,s030,31,62,7
2,s030,31,61,25
2,s030,31,60,6
2,s030,31,59,15
2,s030,31,58,1
2,s030,31,57,1
2,s030,31,55,8
2,s030,31,53,4
2,s030,31,52,1
2,s030,31,51,2
2,s030,31,50,1
2,s030,31,47,11
2,s030,31,46,2
2,s030,31,45,4
2,s030,31,43,1
2,s030,31,42,1
2,s030,31,39,1
2,s030,31,35,1
2,s030,31,95,149
2,s030,31,94,23
2,s030,31,93,10
2,s030,31,92,3
2,s030,31,91,9
2,s030,31,90,2
2,s030,31,89,2
2,s030,31,87,22
2,s030,31,86,7
2,s030,31,85,2
2,s030,31,83,2
2,s030,31,82,1
2,s030,31,79,13
2,s030,31,78,2
2,s030,31,77,4
2,s030,31,75,1
2,s030,31,73,1
2,s030,31,71,2
2,s030,31,70,2
2,s030,31,127,13
2,s030,31,126,2
2,s030,31,125,6
2,s030,31,123,2
2,s030,31,119,1
2,s030,31,117,1
2,s030,31,115,1
2,s030,31,110,1
2,s030,31,103,1
2,s030,31,102,1
2,s031,127,127,1096
2,s031,127,126,121
2,s031,127,125,108
2,s031,127,124,11
2,s031,127,123,115
2,s031,127,122,9
2,s031,127,121,14
2,s031,127,120,2
2,s031,127,119,168
2,s031,127,118,13
2,s031,127,117,16
2,s031,127,116,4
2,s031,127,115,13
2,s031,127,114,1
2,s031,127,113,2
2,s031,127,111,91
2,s031,127,110,13
2,s031,127,109,6
2,s031,127,108,4
2,s031,127,107,6
2,s031,127,106,1
2,s031,127,103,16
2,s031,127,102,1
2,s031,127,101,1
2,s031,127,99,2
2,s031,127,95,127
2,s031,127,94,9
2,s031,127,93,16
2,s031,127,92,2
2,s031,127,91,14
2,s031,127,90,2
2,s031,127,89,4
2,s031,127,87,15
2,s031,127,85,1
2,s031,127,83,2
2,s031,127,81,1
2,s031,127,79,16
2,s031,127,77,1
2,s031,127,76,1
2,s031,127,75,1
2,s031,127,73,1
2,s031,127,71,2
2,s031,127,67,2
2,s031,127,66,1
2,s031,127,63,161
2,s031,127,62,35
2,s031,127,61,16
2,s031,127,60,6
2,s031,127,59,17
2,s031,127,58,4
2,s031,127,57,2
2,s031,127,55,18
2,s031,127,54,2
2,s031,127,53,1
2,s031,127,51,1
2,s031,127,50,1
2,s031,127,47,9
2,s031,127,46,7
2,s031,127,45,1
2,s031,127,43,2
2,s031,127,42,1
2,s031,127,39,2
2,s031,127,38,2
2,s031,127,31,29
2,s031,127,30,4
2,s031,127,29,3
2,s031,127,27,6
2,s031,127,23,2
2,s031,127,22,1
2,s031,127,15,4
2,s031,127,14,1
2,s031,127,11,2
2,s031,127,10,1
2,s032,8,8,1065
2,s032,8,9,109
2,s032,8,10,110
2,s032,8,11,12
2,s032,8,12,105
2,s032,8,13,10
2,s032,8,14,12
2,s032,8,15,3
2,s032,8,0,129
2,s032,8,1,11
2,s032,8,2,18
2,s032,8,3,5
2,s032,8,4,15
2,s032,8,5,2
2,s032,8,6,3
2,s032,8,24,95
2,s032,8,25,13
2,s032,8,26,8
2,s032,8,27,4
2,s032,8,28,6
2,s032,8,29,3
2,s032,8,30,1
2,s032,8,16,15
2,s032,8,17,4
2,s032,8,18,1
2,s032,8,20,1
2,s032,8,40,115
2,s032,8,41,8
2,s032,8,42,25
2,s032,8,43,2
2,s032,8,44,17
2,s032,8,46,2
2,s032,8,32,13
2,s032,8,33,1
2,s032,8,34,1
2,s032,8,35,1
2,s032,8,36,1
2,s032,8,56,12
2,s032,8,57,1
2,s032,8,58,5
2,s032,8,60,4
2,s032,8,49,2
2,s032,8,72,144
2,s032,8,73,21
2,s032,8,74,14
2,s032,8,75,5
2,s032,8,76,16
2,s032,8,77,2
2,s032,8,78,3
2,s032,8,64,23
2,s032,8,65,6
2,s032,8,66,2
2,s032,8,68,2
2,s032,8,88,9
2,s032,8,89,3
2,s032,8,90,3
2,s032,8,91,2
2,s032,8,92,2
2,s032,8,80,2
2,s032,8,104,16
2,s032,8,105,2
2,s032,8,106,9
2,s032,8,107,3
2,s032,8,110,2
2,s032,8,96,1
2,s032,8,97,3
2,s032,8,100,1
2,s032,8,120,1
2,s032,8,121,2
2,s032,8,118,1
2,s033,48,48,1133
2,s033,48,49,110
2,s033,48,50,94
2,s033,48,51,14
2,s033,48,52,114
2,s033,48,53,13
2,s033,48,54,10
2,s033,48,55,4
2,s033,48,56,147
2,s033,48,57,14
2,s033,48,58,5
2,s033,48,59,1
2,s033,48,60,19
2,s033,48,62,1
2,s033,48,32,85
2,s033,48,33,16
2,s033,48,34,9
2,s033,48,35,2
2,s033,48,36,14
2,s033,48,37,2
2,s033,48,38,2
2,s033,48,40,10
2,s033,48,44,2
2,s033,48,16,115
2,s033,48,17,16
2,s033,48,18,25
2,s033,48,19,4
2,s033,48,20,8
2,s033,48,21,1
2,s033,48,22,7
2,s033,48,23,1
2,s033,48,24,13
2,s033,48,26,2
2,s033,48,27,1
2,s033,48,28,2
2,s033,48,30,1
2,s033,48,0,15
2,s033,48,1,2
2,s033,48,2,2
2,s033,48,3,2
2,s033,48,4,1
2,s033,48,10,1
2,s033,48,112,159
2,s033,48,113,32
2,s033,48,114,21
2,s033,48,115,4
2,s033,48,116,16
2,s033,48,117,10
2,s033,48,118,3
2,s033,48,120,24
2,s033,48,121,3
2,s033,48,124,2
2,s033,48,96,11
2,s033,48,97,7
2,s033,48,98,1
2,s033,48,99,1
2,s033,48,100,1
2,s033,48,101,3
2,s033,48,104,3
2,s033,48,110,1
2,s033,48,80,26
2,s033,48,81,3
2,s033,48,82,4
2,s033,48,83,1
2,s033,48,84,3
2,s033,48,86,1
2,s033,48,88,1
2,s033,48,89,1
2,s033,48,90,1
2,s033,48,64,3
2,s033,48,67,1
2,s034,111,111,1066
2,s034,111,110,111
2,s034,111,109,122
2,s034,111,108,9
2,s034,111,107,103
2,s034,111,106,10
2,s034,111,105,16
2,s034,111,104,1
2,s034,111,103,140
2,s034,111,102,18
2,s034,111,101,16
2,s034,111,100,1
2,s034,111,99,21
2,s034,111,98,4
2,s034,111,97,1
2,s034,111,127,101
2,s034,111,126,17
2,s034,111,125,7
2,s034,111,123,10
2,s034,111,122,4
2,s034,111,121,1
2,s034,111,119,14
2,s034,111,117,3
2,s034,111,116,2
2,s034,111,115,2
2,s034,111,114,1
2,s034,111,79,136
2,s034,111,78,13
2,s034,111,77,22
2,s034,111,76,7
2,s034,111,75,10
2,s034,111,74,1
2,s034,111,73,4
2,s034,111,71,9
2,s034,111,70,1
2,s034,111,69,5
2,s034,111,67,1
2,s034,111,65,1
2,s034,111,95,6
2,s034,111,94,1
2,s034,111,93,3
2,s034,111,89,1
2,s034,111,85,1
2,s034,111,47,150
2,s034,111,46,26
2,s034,111,45,11
2,s034,111,44,5
2,s034,111,43,7
2,s034,111,42,3
2,s034,111,41,1
2,s034,111,40,1
2,s034,111,39,33
2,s034,111,38,5
2,s034,111,37,1
2,s034,111,34,2
2,s034,111,63,15
2,s034,111,62,6
2,s034,111,61,1
2,s034,111,60,1
2,s034,111,57,1
2,s034,111,56,1
2,s034,111,55,1
2,s034,111,54,1
2,s034,111,15,25
2,s034,111,14,6
2,s034,111,13,6
2,s034,111,11,2
2,s034,111,7,1
2,s034,111,31,3
2,s034,111,30,1
2,s034,111,28,2
2,s034,111,23,1
2,s035,123,123,1111
2,s035,123,122,107
2,s035,123,121,125
2,s035,123,120,10
2,s035,123,127,119
2,s035,123,126,17
2,s035,123,125,15
2,s035,123,115,140
2,s035,123,114,10
2,s035,123,113,7
2,s035,123,112,3
2,s035,123,119,13
2,s035,123,118,2
2,s035,123,117,3
2,s035,123,107,110
2,s035,123,106,18
2,s035,123,105,11
2,s035,123,104,1
2,s035,123,111,13
2,s035,123,110,2
2,s035,123,109,1
2,s035,123,99,11
2,s035,123,98,1
2,s035,123,97,1
2,s035,123,103,2
2,s035,123,91,126
2,s035,123,90,16
2,s035,123,89,26
2,s035,123,88,3
2,s035,123,95,13
2,s035,123,94,2
2,s035,123,93,2
2,s035,123,92,1
2,s035,123,83,17
2,s035,123,81,4
2,s035,123,87,2
2,s035,123,75,16
2,s035,123,74,4
2,s035,123,73,4
2,s035,123,79,2
2,s035,123,67,1
2,s035,123,66,1
2,s035,123,65,1
2,s035,123,59,143
2,s035,123,58,37
2,s035,123,57,18
2,s035,123,56,4
2,s035,123,63,8
2,s035,123,62,3
2,s035,123,61,3
2,s035,123,51,18
2,s035,123,50,3
2,s035,123,49,1
2,s035,123,55,2
2,s035,123,54,1
2,s035,123,43,14
2,s035,123,42,8
2,s035,123,41,1
2,s035,123,47,1
2,s035,123,44,1
2,s035,123,35,2
2,s035,123,27,28
2,s035,123,26,3
2,s035,123,25,4
2,s035,123,31,2
2,s035,123,19,4
2,s035,123,18,1
2,s035,123,17,1
2,s035,123,11,5
2,s035,123,10,1
2,s035,123,8,1
2,s036,0,0,1031
2,s036,0,1,95
2,s036,0,2,112
2,s036,0,3,7
2,s036,0,4,106
2,s036,0,5,10
2,s036,0,6,12
2,s036,0,7,1
2,s036,0,8,173
2,s036,0,9,6
2,s036,0,10,14
2,s036,0,11,1
2,s036,0,12,10
2,s036,0,14,2
2,s036,0,16,88
2,s036,0,17,13
2,s036,0,18,12
2,s036,0,19,2
2,s036,0,20,13
2,s036,0,21,4
2,s036,0,22,1
2,s036,0,24,9
2,s036,0,26,2
2,s036,0,28,3
2,s036,0,29,2
2,s036,0,32,110
2,s036,0,33,11
2,s036,0,34,19
2,s036,0,35,2
2,s036,0,36,14
2,s036,0,38,2
2,s036,0,40,18
2,s036,0,42,2
2,s036,0,44,2
2,s036,0,45,1
2,s036,0,48,15
2,s036,0,49,2
2,s036,0,50,2
2,s036,0,52,2
2,s036,0,53,2
2,s036,0,64,133
2,s036,0,65,37
2,s036,0,66,19
2,s036,0,67,7
2,s036,0,68,14
2,s036,0,69,3
2,s036,0,70,5
2,s036,0,72,13
2,s036,0,73,1
2,s036,0,74,1
2,s036,0,75,1
2,s036,0,76,3
2,s036,0,80,10
2,s036,0,81,3
2,s036,0,82,3
2,s036,0,83,3
2,s036,0,84,2
2,s036,0,88,3
2,s036,0,89,2
2,s036,0,96,22
2,s036,0,97,8
2,s036,0,98,1
2,s036,0,99,2
2,s036,0,102,1
2,s036,0,104,3
2,s036,0,106,1
2,s036,0,112,1
2,s036,0,113,1
2,s036,0,114,1
2,s037,36,36,1116
2,s037,36,37,101
2,s037,36,38,90
2,s037,36,39,13
2,s037,36,32,110
2,s037,36,33,9
2,s037,36,34,11
2,s037,36,35,5
2,s037,36,44,136
2,s037,36,45,13
2,s037,36,46,17
2,s037,36,47,2
2,s037,36,40,13
2,s037,36,42,2
2,s037,36,52,92
2,s037,36,53,14
2,s037,36,54,11
2,s037,36,55,3
2,s037,36,48,11
2,s037,36,49,1
2,s037,36,50,1
2,s037,36,60,12
2,s037,36,62,4
2,s037,36,63,1
2,s037,36,56,3
2,s037,36,57,1
2,s037,36,4,125
2,s037,36,5,16
2,s037,36,6,16
2,s037,36,7,2
2,s037,36,0,13
2,s037,36,1,1
2,s037,36,2,2
2,s037,36,3,1
2,s037,36,12,10
2,s037,36,14,4
2,s037,36,8,2
2,s037,36,20,14
2,s037,36,21,2
2,s037,36,22,3
2,s037,36,16,2
2,s037,36,28,1
2,s037,36,30,1
2,s037,36,100,147
2,s037,36,101,28
2,s037,36,102,12
2,s037,36,103,4
2,s037,36,96,13
2,s037,36,97,6
2,s037,36,98,4
2,s037,36,99,1
2,s037,36,108,19
2,s037,36,109,4
2,s037,36,110,2
2,s037,36,111,1
2,s037,36,104,2
2,s037,36,116,15
2,s037,36,117,6
2,s037,36,112,2
2,s037,36,124,2
2,s037,36,125,1
2,s037,36,68,7
2,s037,36,69,2
2,s037,36,70,1
2,s037,36,71,1
2,s037,36,64,1
2,s037,36,67,1
2,s037,36,76,2
2,s037,36,78,1
2,s037,36,84,1
2,s037,36,85,1
2,s037,36,80,1
2,s037,36,92,1
2,s038,73,73,1039
2,s038,73,72,114
2,s038,73,75,104
2,s038,73,74,14
2,s038,73,77,102
2,s038,73,76,17
2,s038,73,79,13
2,s038,73,78,2
2,s038,73,65,109
2,s038,73,64,13
2,s038,73,67,16
2,s038,73,69,18
2,s038,73,68,1
2,s038,73,71,2
2,s038,73,89,91
2,s038,73,88,14
2,s038,73,91,5
2,s038,73,90,1
2,s038,73,93,6
2,s038,73,92,3
2,s038,73,95,1
2,s038,73,81,14
2,s038,73,83,2
2,s038,73,105,100
2,s038,73,104,9
2,s038,73,107,20
2,s038,73,106,1
2,s038,73,109,12
2,s038,73,108,2
2,s038,73,111,2
2,s038,73,97,17
2,s038,73,96,1
2,s038,73,101,1
2,s038,73,121,9
2,s038,73,120,2
2,s038,73,123,2
2,s038,73,122,2
2,s038,73,113,2
2,s038,73,115,1
2,s038,73,9,145
2,s038,73,8,31
2,s038,73,11,14
2,s038,73,10,7
2,s038,73,13,10
2,s038,73,12,5
2,s038,73,15,2
2,s038,73,14,1
2,s038,73,1,13
2,s038,73,0,3
2,s038,73,3,1
2,s038,73,2,1
2,s038,73,5,3
2,s038,73,7,1
2,s038,73,25,8
2,s038,73,24,4
2,s038,73,27,2
2,s038,73,29,1
2,s038,73,28,2
2,s038,73,17,2
2,s038,73,16,2
2,s038,73,41,16
2,s038,73,40,4
2,s038,73,43,4
2,s038,73,45,1
2,s038,73,33,2
2,s038,73,35,2
2,s038,73,37,1
2,s038,73,59,1
2,s038,73,61,1
2,s039,3,3,1070
2,s039,3,2,88
2,s039,3,1,96
2,s039,3,0,8
2,s039,3,7,114
2,s039,3,6,7
2,s039,3,5,10
2,s039,3,11,130
2,s039,3,10,13
2,s039,3,9,12
2,s039,3,8,1
2,s039,3,15,11
2,s039,3,14,2
2,s039,3,13,1
2,s039,3,12,1
2,s039,3,19,101
2,s039,3,18,21
2,s039,3,17,6
2,s039,3,16,1
2,s039,3,23,16
2,s039,3,21,1
2,s039,3,27,19
2,s039,3,26,3
2,s039,3,25,1
2,s039,3,31,1
2,s039,3,30,2
2,s039,3,28,1
2,s039,3,35,109
2,s039,3,34,13
2,s039,3,33,21
2,s039,3,32,4
2,s039,3,39,8
2,s039,3,38,2
2,s039,3,37,4
2,s039,3,43,12
2,s039,3,41,3
2,s039,3,47,1
2,s039,3,51,11
2,s039,3,50,3
2,s039,3,55,1
2,s039,3,59,2
2,s039,3,58,1
2,s039,3,57,1
2,s039,3,56,1
2,s039,3,67,130
2,s039,3,66,34
2,s039,3,65,13
2,s039,3,64,4
2,s039,3,71,7
2,s039,3,70,4
2,s039,3,69,4
2,s039,3,75,23
2,s039,3,74,8
2,s039,3,73,2
2,s039,3,79,2
2,s039,3,83,11
2,s039,3,82,7
2,s039,3,80,1
2,s039,3,87,1
2,s039,3,91,1
2,s039,3,90,2
2,s039,3,99,14
2,s039,3,98,3
2,s039,3,97,9
2,s039,3,96,1
2,s039,3,103,3
2,s039,3,105,1
2,s039,3,115,2
3,s000,91,91,862
3,s000,91,90,119
3,s000,91,89,116
3,s000,91,88,18
3,s000,91,95,131
3,s000,91,94,18
3,s000,91,93,23
3,s000,91,92,3
3,s000,91,83,148
3,s000,91,82,23
3,s000,91,81,23
3,s000,91,80,2
3,s000,91,87,37
3,s000,91,86,4
3,s000,91,85,5
3,s000,91,75,102
3,s000,91,74,22
3,s000,91,73,10
3,s000,91,72,6
3,s000,91,79,16
3,s000,91,78,1
3,s000,91,77,1
3,s000,91,67,22
3,s000,91,66,6
3,s000,91,65,4
3,s000,91,71,3
3,s000,91,70,1
3,s000,91,123,118
3,s000,91,122,16
3,s000,91,121,39
3,s000,91,120,8
3,s000,91,127,15
3,s000,91,126,2
3,s000,91,125,7
3,s000,91,115,17
3,s000,91,114,3
3,s000,91,113,3
3,s000,91,112,2
3,s000,91,119,1
3,s000,91,117,1
3,s000,91,116,1
3,s000,91,107,15
3,s000,91,106,9
3,s000,91,105,4
3,s000,91,104,1
3,s000,91,111,1
3,s000,91,99,6
3,s000,91,97,1
3,s000,91,101,2
3,s000,91,27,156
3,s000,91,26,37
3,s000,91,25,11
3,s000,91,24,7
3,s000,91,31,21
3,s000,91,30,6
3,s000,91,29,2
3,s000,91,19,30
3,s000,91,18,7
3,s000,91,17,1
3,s000,91,16,2
3,s000,91,23,9
3,s000,91,22,2
3,s000,91,21,2
3,s000,91,11,15
3,s000,91,10,8
3,s000,91,9,5
3,s000,91,8,2
3,s000,91,15,3
3,s000,91,3,4
3,s000,91,2,2
3,s000,91,1,1
3,s000,91,7,1
3,s000,91,59,21
3,s000,91,58,4
3,s000,91,57,4
3,s000,91,56,4
3,s000,91,63,4
3,s000,91,61,3
3,s000,91,51,2
3,s000,91,50,1
3,s000,91,49,1
3,s000,91,43,4
3,s000,91,42,2
3,s000,91,41,1
3,s000,91,47,1
3,s000,91,35,1
3,s000,91,34,1
3,s000,91,33,3
3,s000,91,39,1
3,s001,117,117,761
3,s001,117,116,108
3,s001,117,119,106
3,s001,117,118,14
3,s001,117,113,112
3,s001,117,112,15
3,s001,117,115,19
3,s001,117,114,4
3,s001,117,125,147
3,s001,117,124,18
3,s001,117,127,13
3,s001,117,126,4
3,s001,117,121,26
3,s001,117,120,5
3,s001,117,123,4
3,s001,117,101,87
3,s001,117,100,20
3,s001,117,103,11
3,s001,117,102,5
3,s001,117,97,20
3,s001,117,96,5
3,s001,117,98,2
3,s001,117,109,17
3,s001,117,108,4
3,s001,117,111,2
3,s001,117,105,2
3,s001,117,85,123
3,s001,117,84,19
3,s001,117,87,28
3,s001,117,86,8
3,s001,117,81,20
3,s001,117,83,8
3,s001,117,93,15
3,s001,117,92,2
3,s001,117,95,6
3,s001,117,89,2
3,s001,117,88,1
3,s001,117,69,18
3,s001,117,68,3
3,s001,117,71,1
3,s001,117,65,3
3,s001,117,64,1
3,s001,117,67,2
3,s001,117,77,1
3,s001,117,79,2
3,s001,117,73,1
3,s001,117,53,145
3,s001,117,52,40
3,s001,117,55,22
3,s001,117,54,6
3,s001,117,49,29
3,s001,117,48,6
3,s001,117,51,4
3,s001,117,61,16
3,s001,117,60,13
3,s001,117,63,5
3,s001,117,62,2
3,s001,117,57,5
3,s001,117,59,1
3,s001,117,58,2
3,s001,117,37,24
3,s001,117,36,10
3,s001,117,39,2
3,s001,117,38,1
3,s001,117,35,1
3,s001,117,45,6
3,s001,117,47,1
3,s001,117,46,1
3,s001,117,40,2
3,s001,117,21,22
3,s001,117,20,8
3,s001,117,23,7
3,s001,117,22,2
3,s001,117,17,6
3,s001,117,16,1
3,s001,117,19,2
3,s001,117,29,1
3,s001,117,28,1
3,s001,117,27,1
3,s001,117,5,2
3,s001,117,7,1
3,s001,117,6,1
3,s001,117,3,1
3,s001,117,15,1
3,s001,117,9,1
3,s002,34,34,827
3,s002,34,35,129
3,s002,34,32,108
3,s002,34,33,19
3,s002,34,38,124
3,s002,34,39,14
3,s002,34,36,17
3,s002,34,37,4
3,s002,34,42,137
3,s002,34,43,20
3,s002,34,40,14
3,s002,34,41,4
3,s002,34,46,23
3,s002,34,47,1
3,s002,34,44,2
3,s002,34,45,1
3,s002,34,50,111
3,s002,34,51,19
3,s002,34,48,18
3,s002,34,49,3
3,s002,34,54,16
3,s002,34,55,1
3,s002,34,58,24
3,s002,34,59,4
3,s002,34,56,2
3,s002,34,62,2
3,s002,34,63,3
3,s002,34,60,2
3,s002,34,2,132
3,s002,34,3,23
3,s002,34,0,18
3,s002,34,1,8
3,s002,34,6,11
3,s002,34,7,2
3,s002,34,4,8
3,s002,34,5,1
3,s002,34,10,25
3,s002,34,8,4
3,s002,34,14,4
3,s002,34,15,1
3,s002,34,12,1
3,s002,34,18,21
3,s002,34,19,3
3,s002,34,16,4
3,s002,34,17,1
3,s002,34,22,2
3,s002,34,26,1
3,s002,34,98,173
3,s002,34,99,43
3,s002,34,96,17
3,s002,34,97,7
3,s002,34,102,25
3,s002,34,103,6
3,s002,34,100,3
3,s002,34,101,1
3,s002,34,106,23
3,s002,34,107,11
3,s002,34,104,4
3,s002,34,110,6
3,s002,34,111,1
3,s002,34,108,1
3,s002,34,114,15
3,s002,34,115,13
3,s002,34,112,4
3,s002,34,118,2
3,s002,34,119,3
3,s002,34,122,2
3,s002,34,123,1
3,s002,34,120,3
3,s002,34,66,28
3,s002,34,67,9
3,s002,34,64,12
3,s002,34,65,2
3,s002,34,70,6
3,s002,34,71,3
3,s002,34,68,1
3,s002,34,74,6
3,s002,34,75,3
3,s002,34,72,2
3,s002,34,79,1
3,s002,34,82,5
3,s002,34,83,1
3,s002,34,90,1
3,s002,34,91,1
3,s002,34,94,1
3,s003,27,27,825
3,s003,27,26,101
3,s003,27,25,93
3,s003,27,24,20
3,s003,27,31,123
3,s003,27,30,15
3,s003,27,29,14
3,s003,27,28,1
3,s003,27,19,146
3,s003,27,18,16
3,s003,27,17,12
3,s003,27,16,10
3,s003,27,23,21
3,s003,27,22,2
3,s003,27,21,3
3,s003,27,11,97
3,s003,27,10,13
3,s003,27,9,12
3,s003,27,8,3
3,s003,27,15,20
3,s003,27,14,1
3,s003,27,13,1
3,s003,27,3,16
3,s003,27,2,1
3,s003,27,7,2
3,s003,27,4,1
3,s003,27,59,131
3,s003,27,58,15
3,s003,27,57,27
3,s003,27,56,3
3,s003,27,63,13
3,s003,27,62,1
3,s003,27,61,4
3,s003,27,51,37
3,s003,27,50,2
3,s003,27,49,10
3,s003,27,48,1
3,s003,27,55,5
3,s003,27,43,13
3,s003,27,42,3
3,s003,27,41,3
3,s003,27,40,1
3,s003,27,47,2
3,s003,27,46,2
3,s003,27,45,1
3,s003,27,35,1
3,s003,27,34,3
3,s003,27,33,1
3,s003,27,32,1
3,s003,27,91,159
3,s003,27,90,62
3,s003,27,89,17
3,s003,27,88,5
3,s003,27,95,22
3,s003,27,94,4
3,s003,27,93,3
3,s003,27,92,1
3,s003,27,83,22
3,s003,27,82,5
3,s003,27,81,6
3,s003,27,80,2
3,s003,27,87,2
3,s003,27,86,1
3,s003,27,75,16
3,s003,27,74,4
3,s003,27,73,3
3,s003,27,79,1
3,s003,27,78,3
3,s003,27,77,1
3,s003,27,66,1
3,s003,27,71,1
3,s003,27,123,27
3,s003,27,122,11
3,s003,27,121,7
3,s003,27,127,5
3,s003,27,125,4
3,s003,27,124,2
3,s003,27,115,7
3,s003,27,113,1
3,s003,27,112,1
3,s003,27,107,3
3,s003,27,106,2
3,s003,27,105,1
3,s003,27,99,1
3,s004,59,59,850
3,s004,59,58,118
3,s004,59,57,96
3,s004,59,56,17
3,s004,59,63,119
3,s004,59,62,17
3,s004,59,61,13
3,s004,59,51,139
3,s004,59,50,22
3,s004,59,49,29
3,s004,59,48,4
3,s004,59,55,29
3,s004,59,54,4
3,s004,59,53,3
3,s004,59,43,123
3,s004,59,42,32
3,s004,59,41,13
3,s004,59,40,2
3,s004,59,47,23
3,s004,59,46,2
3,s004,59,45,3
3,s004,59,44,2
3,s004,59,35,22
3,s004,59,34,3
3,s004,59,39,2
3,s004,59,38,1
3,s004,59,37,2
3,s004,59,27,125
3,s004,59,26,24
3,s004,59,25,33
3,s004,59,24,5
3,s004,59,31,17
3,s004,59,30,2
3,s004,59,29,5
3,s004,59,28,1
3,s004,59,19,25
3,s004,59,18,5
3,s004,59,17,3
3,s004,59,23,3
3,s004,59,21,2
3,s004,59,11,17
3,s004,59,10,4
3,s004,59,9,5
3,s004,59,15,1
3,s004,59,14,1
3,s004,59,12,1
3,s004,59,3,2
3,s004,59,1,1
3,s004,59,0,1
3,s004,59,123,162
3,s004,59,122,45
3,s004,59,121,26
3,s004,59,120,5
3,s004,59,127,20
3,s004,59,126,6
3,s004,59,125,6
3,s004,59,124,1
3,s004,59,115,21
3,s004,59,114,14
3,s004,59,113,2
3,s004,59,112,3
3,s004,59,119,2
3,s004,59,118,1
3,s004,59,107,18
3,s004,59,106,8
3,s004,59,105,3
3,s004,59,104,2
3,s004,59,111,4
3,s004,59,110,1
3,s004,59,99,3
3,s004,59,98,1
3,s004,59,103,1
3,s004,59,91,37
3,s004,59,90,2
3,s004,59,89,10
3,s004,59,88,3
3,s004,59,95,3
3,s004,59,94,1
3,s004,59,92,1
3,s004,59,83,3
3,s004,59,82,1
3,s004,59,81,1
3,s004,59,75,3
3,s004,59,74,4
3,s004,59,73,1
3,s004,59,72,1
3,s004,59,79,1
3,s004,59,67,3
3,s004,59,66,1
3,s005,45,45,728
3,s005,45,44,108
3,s005,45,47,115
3,s005,45,46,16
3,s005,45,41,103
3,s005,45,40,11
3,s005,45,43,13
3,s005,45,42,3
3,s005,45,37,137
3,s005,45,36,19
3,s005,45,39,26
3,s005,45,38,1
3,s005,45,33,25
3,s005,45,32,1
3,s005,45,35,3
3,s005,45,61,94
3,s005,45,60,20
3,s005,45,63,10
3,s005,45,62,3
3,s005,45,57,20
3,s005,45,56,2
3,s005,45,59,3
3,s005,45,58,1
3,s005,45,53,20
3,s005,45,52,3
3,s005,45,55,1
3,s005,45,49,4
3,s005,45,48,1
3,s005,45,51,1
3,s005,45,13,128
3,s005,45,12,12
3,s005,45,15,28
3,s005,45,14,5
3,s005,45,9,12
3,s005,45,8,1
3,s005,45,11,3
3,s005,45,10,1
3,s005,45,5,22
3,s005,45,4,3
3,s005,45,7,2
3,s005,45,1,5
3,s005,45,3,2
3,s005,45,29,17
3,s005,45,28,1
3,s005,45,31,1
3,s005,45,25,3
3,s005,45,24,1
3,s005,45,27,2
3,s005,45,26,1
3,s005,45,21,2
3,s005,45,20,1
3,s005,45,109,166
3,s005,45,108,36
3,s005,45,111,18
3,s005,45,110,5
3,s005,45,105,17
3,s005,45,104,7
3,s005,45,107,1
3,s005,45,106,1
3,s005,45,101,29
3,s005,45,100,9
3,s005,45,103,4
3,s005,45,97,1
3,s005,45,96,2
3,s005,45,99,1
3,s005,45,125,19
3,s005,45,124,8
3,s005,45,127,6
3,s005,45,126,1
3,s005,45,121,1
3,s005,45,120,2
3,s005,45,117,3
3,s005,45,116,1
3,s005,45,119,2
3,s005,45,118,1
3,s005,45,113,1
3,s005,45,77,25
3,s005,45,76,14
3,s005,45,79,7
3,s005,45,78,3
3,s005,45,73,3
3,s005,45,72,2
3,s005,45,74,1
3,s005,45,69,5
3,s005,45,71,1
3,s005,45,70,1
3,s005,45,65,1
3,s005,45,64,1
3,s005,45,93,6
3,s005,45,92,1
3,s005,45,95,1
3,s006,103,103,743
3,s006,103,102,120
3,s006,103,101,92
3,s006,103,100,11
3,s006,103,99,102
3,s006,103,98,16
3,s006,103,97,22
3,s006,103,96,3
3,s006,103,111,163
3,s006,103,110,22
3,s006,103,109,22
3,s006,103,108,2
3,s006,103,107,20
3,s006,103,106,4
3,s006,103,105,6
3,s006,103,119,96
3,s006,103,118,13
3,s006,103,117,13
3,s006,103,116,2
3,s006,103,115,13
3,s006,103,114,4
3,s006,103,113,4
3,s006,103,127,12
3,s006,103,126,3
3,s006,103,125,2
3,s006,103,123,4
3,s006,103,122,1
3,s006,103,121,2
3,s006,103,71,119
3,s006,103,70,12
3,s006,103,69,31
3,s006,103,68,5
3,s006,103,67,14
3,s006,103,66,1
3,s006,103,65,5
3,s006,103,79,21
3,s006,103,78,1
3,s006,103,77,6
3,s006,103,76,1
3,s006,103,75,3
3,s006,103,73,1
3,s006,103,87,16
3,s006,103,86,1
3,s006,103,85,7
3,s006,103,83,1
3,s006,103,95,4
3,s006,103,39,165
3,s006,103,38,35
3,s006,103,37,28
3,s006,103,36,9
3,s006,103,35,19
3,s006,103,34,3
3,s006,103,33,4
3,s006,103,32,1
3,s006,103,47,16
3,s006,103,46,7
3,s006,103,45,4
3,s006,103,43,5
3,s006,103,42,3
3,s006,103,41,2
3,s006,103,40,1
3,s006,103,55,19
3,s006,103,54,5
3,s006,103,53,3
3,s006,103,52,1
3,s006,103,50,1
3,s006,103,49,1
3,s006,103,63,1
3,s006,103,62,1
3,s006,103,58,1
3,s006,103,57,1
3,s006,103,7,27
3,s006,103,6,11
3,s006,103,5,7
3,s006,103,3,4
3,s006,103,2,2
3,s006,103,1,2
3,s006,103,15,3
3,s006,103,14,1
3,s006,103,13,2
3,s006,103,12,1
3,s006,103,11,2
3,s006,103,9,1
3,s006,103,23,6
3,s006,103,22,1
3,s006,103,19,1
3,s006,103,31,1
3,s006,103,27,1
3,s007,100,100,804
3,s007,100,101,123
3,s007,100,102,99
3,s007,100,103,15
3,s007,100,96,124
3,s007,100,97,15
3,s007,100,98,20
3,s007,100,99,3
3,s007,100,108,169
3,s007,100,109,24
3,s007,100,110,16
3,s007,100,111,3
3,s007,100,104,19
3,s007,100,105,2
3,s007,100,106,7
3,s007,100,107,1
3,s007,100,116,103
3,s007,100,117,24
3,s007,100,118,10
3,s007,100,119,5
3,s007,100,112,9
3,s007,100,113,3
3,s007,100,114,3
3,s007,100,124,18
3,s007,100,125,5
3,s007,100,126,1
3,s007,100,120,3
3,s007,100,121,3
3,s007,100,123,1
3,s007,100,68,139
3,s007,100,69,17
3,s007,100,70,24
3,s007,100,71,6
3,s007,100,64,18
3,s007,100,65,1
3,s007,100,66,2
3,s007,100,67,1
3,s007,100,76,19
3,s007,100,77,5
3,s007,100,78,5
3,s007,100,79,2
3,s007,100,72,7
3,s007,100,73,1
3,s007,100,84,13
3,s007,100,85,4
3,s007,100,86,1
3,s007,100,82,1
3,s007,100,92,3
3,s007,100,93,1
3,s007,100,94,2
3,s007,100,36,163
3,s007,100,37,56
3,s007,100,38,18
3,s007,100,39,8
3,s007,100,32,15
3,s007,100,33,5
3,s007,100,34,3
3,s007,100,35,1
3,s007,100,44,19
3,s007,100,45,6
3,s007,100,46,5
3,s007,100,47,1
3,s007,100,40,2
3,s007,100,41,2
3,s007,100,42,2
3,s007,100,52,23
3,s007,100,53,7
3,s007,100,54,4
3,s007,100,55,1
3,s007,100,48,5
3,s007,100,49,2
3,s007,100,50,1
3,s007,100,60,3
3,s007,100,61,3
3,s007,100,62,1
3,s007,100,4,20
3,s007,100,5,4
3,s007,100,6,6
3,s007,100,7,2
3,s007,100,0,5
3,s007,100,1,1
3,s007,100,3,1
3,s007,100,12,6
3,s007,100,13,3
3,s007,100,14,5
3,s007,100,20,2
3,s007,100,22,1
3,s007,100,17,1
3,s007,100,18,1
3,s007,100,28,1
3,s008,53,53,762
3,s008,53,52,111
3,s008,53,55,98
3,s008,53,54,13
3,s008,53,49,103
3,s008,53,48,23
3,s008,53,51,19
3,s008,53,50,2
3,s008,53,61,141
3,s008,53,60,17
3,s008,53,63,20
3,s008,53,62,4
3,s008,53,57,21
3,s008,53,56,1
3,s008,53,59,3
3,s008,53,37,101
3,s008,53,36,14
3,s008,53,39,11
3,s008,53,38,2
3,s008,53,33,18
3,s008,53,32,5
3,s008,53,35,1
3,s008,53,45,23
3,s008,53,44,3
3,s008,53,47,1
3,s008,53,46,1
3,s008,53,41,4
3,s008,53,21,127
3,s008,53,20,20
3,s008,53,23,24
3,s008,53,22,5
3,s008,53,17,24
3,s008,53,16,3
3,s008,53,19,2
3,s008,53,18,1
3,s008,53,29,22
3,s008,53,28,3
3,s008,53,31,5
3,s008,53,25,4
3,s008,53,24,2
3,s008,53,27,2
3,s008,53,5,25
3,s008,53,4,2
3,s008,53,7,4
3,s008,53,1,1
3,s008,53,3,2
3,s008,53,13,3
3,s008,53,12,1
3,s008,53,14,1
3,s008,53,117,168
3,s008,53,116,40
3,s008,53,119,17
3,s008,53,118,11
3,s008,53,113,20
3,s008,53,112,10
3,s008,53,115,1
3,s008,53,114,2
3,s008,53,125,27
3,s008,53,124,8
3,s008,53,127,5
3,s008,53,121,7
3,s008,53,123,1
3,s008,53,122,1
3,s008,53,101,28
3,s008,53,100,9
3,s008,53,103,3
3,s008,53,102,1
3,s008,53,97,6
3,s008,53,109,2
3,s008,53,108,1
3,s008,53,107,1
3,s008,53,85,29
3,s008,53,84,8
3,s008,53,87,3
3,s008,53,86,1
3,s008,53,81,7
3,s008,53,80,1
3,s008,53,83,1
3,s008,53,93,4
3,s008,53,95,1
3,s008,53,69,4
3,s008,53,68,3
3,s008,53,65,2
3,s008,53,67,1
3,s008,53,76,1
3,s009,40,40,865
3,s009,40,41,125
3,s009,40,42,103
3,s009,40,43,23
3,s009,40,44,121
3,s009,40,45,17
3,s009,40,46,15
3,s009,40,47,3
3,s009,40,32,161
3,s009,40,33,23
3,s009,40,34,19
3,s009,40,35,4
3,s009,40,36,24
3,s009,40,37,2
3,s009,40,38,3
3,s009,40,39,2
3,s009,40,56,109
3,s009,40,57,18
3,s009,40,58,11
3,s009,40,59,1
3,s009,40,60,15
3,s009,40,61,5
3,s009,40,62,4
3,s009,40,48,19
3,s009,40,49,4
3,s009,40,50,3
3,s009,40,51,2
3,s009,40,52,3
3,s009,40,8,132
3,s009,40,9,17
3,s009,40,10,21
3,s009,40,11,3
3,s009,40,12,15
3,s009,40,13,2
3,s009,40,14,6
3,s009,40,15,3
3,s009,40,0,29
3,s009,40,1,2
3,s009,40,2,7
3,s009,40,3,1
3,s009,40,4,1
3,s009,40,5,1
3,s009,40,24,18
3,s009,40,25,3
3,s009,40,26,4
3,s009,40,30,1
3,s009,40,16,4
3,s009,40,17,1
3,s009,40,20,1
3,s009,40,104,150
3,s009,40,105,48
3,s009,40,106,29
3,s009,40,107,5
3,s009,40,108,23
3,s009,40,109,8
3,s009,40,110,4
3,s009,40,111,1
3,s009,40,96,24
3,s009,40,97,9
3,s009,40,98,4
3,s009,40,99,2
3,s009,40,100,7
3,s009,40,101,1
3,s009,40,102,1
3,s009,40,120,30
3,s009,40,121,10
3,s009,40,122,2
3,s009,40,112,9
3,s009,40,114,4
3,s009,40,116,1
3,s009,40,72,36
3,s009,40,73,9
3,s009,40,74,10
3,s009,40,76,3
3,s009,40,77,1
3,s009,40,78,2
3,s009,40,79,1
3,s009,40,64,5
3,s009,40,65,1
3,s009,40,68,1
3,s009,40,70,1
3,s009,40,88,2
3,s009,40,89,2
3,s009,40,90,1
3,s009,40,81,2
3,s010,67,67,760
3,s010,67,66,104
3,s010,67,65,112
3,s010,67,64,14
3,s010,67,71,101
3,s010,67,70,14
3,s010,67,69,25
3,s010,67,68,4
3,s010,67,75,135
3,s010,67,74,20
3,s010,67,73,17
3,s010,67,72,1
3,s010,67,79,22
3,s010,67,78,3
3,s010,67,77,3
3,s010,67,83,94
3,s010,67,82,21
3,s010,67,81,8
3,s010,67,80,7
3,s010,67,87,12
3,s010,67,86,6
3,s010,67,85,1
3,s010,67,84,1
3,s010,67,91,22
3,s010,67,90,6
3,s010,67,89,3
3,s010,67,88,2
3,s010,67,95,4
3,s010,67,99,125
3,s010,67,98,16
3,s010,67,97,24
3,s010,67,96,6
3,s010,67,103,17
3,s010,67,102,1
3,s010,67,101,7
3,s010,67,107,22
3,s010,67,106,7
3,s010,67,105,6
3,s010,67,111,3
3,s010,67,110,1
3,s010,67,109,1
3,s010,67,115,16
3,s010,67,114,6
3,s010,67,113,6
3,s010,67,112,2
3,s010,67,119,2
3,s010,67,117,1
3,s010,67,116,2
3,s010,67,121,1
3,s010,67,3,165
3,s010,67,2,48
3,s010,67,1,13
3,s010,67,0,4
3,s010,67,7,26
3,s010,67,6,10
3,s010,67,4,2
3,s010,67,11,28
3,s010,67,10,5
3,s010,67,9,4
3,s010,67,8,4
3,s010,67,15,1
3,s010,67,14,2
3,s010,67,13,1
3,s010,67,12,1
3,s010,67,19,16
3,s010,67,18,6
3,s010,67,17,1
3,s010,67,16,1
3,s010,67,23,5
3,s010,67,22,1
3,s010,67,21,2
3,s010,67,27,4
3,s010,67,26,1
3,s010,67,25,1
3,s010,67,31,1
3,s010,67,35,22
3,s010,67,34,4
3,s010,67,33,5
3,s010,67,32,4
3,s010,67,39,2
3,s010,67,38,1
3,s010,67,36,2
3,s010,67,43,8
3,s010,67,42,1
3,s010,67,41,2
3,s010,67,45,1
3,s010,67,51,6
3,s010,67,49,2
3,s010,67,48,1
3,s011,84,84,847
3,s011,84,85,127
3,s011,84,86,106
3,s011,84,87,24
3,s011,84,80,109
3,s011,84,81,8
3,s011,84,82,12
3,s011,84,83,5
3,s011,84,92,153
3,s011,84,93,21
3,s011,84,94,17
3,s011,84,95,1
3,s011,84,88,27
3,s011,84,89,5
3,s011,84,90,7
3,s011,84,91,1
3,s011,84,68,107
3,s011,84,69,28
3,s011,84,70,12
3,s011,84,71,2
3,s011,84,64,21
3,s011,84,65,6
3,s011,84,66,6
3,s011,84,76,21
3,s011,84,77,2
3,s011,84,78,1
3,s011,84,72,4
3,s011,84,116,159
3,s011,84,117,17
3,s011,84,118,23
3,s011,84,119,6
3,s011,84,112,16
3,s011,84,113,2
3,s011,84,114,4
3,s011,84,115,2
3,s011,84,124,14
3,s011,84,125,3
3,s011,84,126,7
3,s011,84,120,4
3,s011,84,100,11
3,s011,84,101,11
3,s011,84,102,5
3,s011,84,103,1
3,s011,84,96,1
3,s011,84,98,2
3,s011,84,108,1
3,s011,84,109,1
3,s011,84,110,2
3,s011,84,20,171
3,s011,84,21,38
3,s011,84,22,15
3,s011,84,23,3
3,s011,84,16,29
3,s011,84,17,4
3,s011,84,18,3
3,s011,84,19,2
3,s011,84,28,19
3,s011,84,29,11
3,s011,84,30,6
3,s011,84,24,3
3,s011,84,25,3
3,s011,84,4,16
3,s011,84,5,14
3,s011,84,6,3
3,s011,84,7,2
3,s011,84,0,4
3,s011,84,1,1
3,s011,84,12,6
3,s011,84,13,2
3,s011,84,14,1
3,s011,84,9,1
3,s011,84,52,43
3,s011,84,53,11
3,s011,84,54,10
3,s011,84,48,5
3,s011,84,49,1
3,s011,84,51,1
3,s011,84,60,2
3,s011,84,62,1
3,s011,84,36,7
3,s011,84,37,4
3,s011,84,38,1
3,s011,84,39,1
3,s011,84,44,1
3,s012,49,49,820
3,s012,49,48,131
3,s012,49,51,94
3,s012,49,50,20
3,s012,49,53,106
3,s012,49,52,13
3,s012,49,55,20
3,s012,49,54,1
3,s012,49,57,165
3,s012,49,56,27
3,s012,49,59,24
3,s012,49,58,2
3,s012,49,61,20
3,s012,49,60,1
3,s012,49,63,5
3,s012,49,62,2
3,s012,49,33,107
3,s012,49,32,20
3,s012,49,35,8
3,s012,49,34,2
3,s012,49,37,16
3,s012,49,36,5
3,s012,49,39,2
3,s012,49,41,17
3,s012,49,40,8
3,s012,49,43,1
3,s012,49,45,5
3,s012,49,44,2
3,s012,49,17,133
3,s012,49,16,27
3,s012,49,19,26
3,s012,49,18,4
3,s012,49,21,14
3,s012,49,20,1
3,s012,49,23,4
3,s012,49,22,1
3,s012,49,25,12
3,s012,49,24,5
3,s012,49,27,5
3,s012,49,29,3
3,s012,49,28,1
3,s012,49,31,1
3,s012,49,1,12
3,s012,49,0,4
3,s012,49,3,2
3,s012,49,2,1
3,s012,49,5,2
3,s012,49,4,1
3,s012,49,6,1
3,s012,49,9,3
3,s012,49,113,166
3,s012,49,112,48
3,s012,49,115,19
3,s012,49,114,4
3,s012,49,117,18
3,s012,49,116,6
3,s012,49,119,4
3,s012,49,121,27
3,s012,49,120,10
3,s012,49,123,3
3,s012,49,122,1
3,s012,49,125,7
3,s012,49,124,2
3,s012,49,127,1
3,s012,49,97,20
3,s012,49,96,11
3,s012,49,99,6
3,s012,49,98,2
3,s012,49,101,5
3,s012,49,100,2
3,s012,49,103,1
3,s012,49,105,5
3,s012,49,107,2
3,s012,49,81,35
3,s012,49,80,6
3,s012,49,83,7
3,s012,49,82,4
3,s012,49,84,1
3,s012,49,87,1
3,s012,49,89,6
3,s012,49,88,2
3,s012,49,91,1
3,s012,49,90,1
3,s012,49,93,2
3,s012,49,94,1
3,s012,49,65,7
3,s012,49,64,4
3,s012,49,66,2
3,s012,49,76,1
3,s013,9,9,768
3,s013,9,8,112
3,s013,9,11,105
3,s013,9,10,16
3,s013,9,13,88
3,s013,9,12,15
3,s013,9,15,16
3,s013,9,14,1
3,s013,9,1,130
3,s013,9,0,20
3,s013,9,3,14
3,s013,9,2,2
3,s013,9,5,21
3,s013,9,4,3
3,s013,9,7,2
3,s013,9,6,2
3,s013,9,25,90
3,s013,9,24,21
3,s013,9,27,15
3,s013,9,26,3
3,s013,9,29,10
3,s013,9,28,2
3,s013,9,31,1
3,s013,9,30,1
3,s013,9,17,18
3,s013,9,16,5
3,s013,9,19,3
3,s013,9,18,2
3,s013,9,21,1
3,s013,9,41,115
3,s013,9,40,15
3,s013,9,43,30
3,s013,9,42,7
3,s013,9,45,23
3,s013,9,44,2
3,s013,9,47,2
3,s013,9,33,21
3,s013,9,35,6
3,s013,9,37,5
3,s013,9,36,1
3,s013,9,39,2
3,s013,9,57,22
3,s013,9,56,4
3,s013,9,59,5
3,s013,9,61,1
3,s013,9,63,2
3,s013,9,49,3
3,s013,9,51,1
3,s013,9,50,1
3,s013,9,55,1
3,s013,9,73,150
3,s013,9,72,51
3,s013,9,75,27
3,s013,9,74,7
3,s013,9,77,27
3,s013,9,76,8
3,s013,9,79,5
3,s013,9,65,25
3,s013,9,64,8
3,s013,9,67,1
3,s013,9,69,2
3,s013,9,68,1
3,s013,9,71,1
3,s013,9,89,16
3,s013,9,88,9
3,s013,9,91,3
3,s013,9,93,4
3,s013,9,81,1
3,s013,9,80,3
3,s013,9,83,1
3,s013,9,85,2
3,s013,9,105,33
3,s013,9,104,11
3,s013,9,107,3
3,s013,9,109,5
3,s013,9,97,1
3,s013,9,96,1
3,s013,9,99,1
3,s013,9,121,2
3,s013,9,120,2
3,s013,9,113,1
3,s013,9,115,1
3,s013,9,117,1
3,s014,109,109,873
3,s014,109,108,124
3,s014,109,111,113
3,s014,109,110,14
3,s014,109,105,99
3,s014,109,104,19
3,s014,109,107,14
3,s014,109,106,1
3,s014,109,101,140
3,s014,109,100,17
3,s014,109,103,17
3,s014,109,102,1
3,s014,109,97,20
3,s014,109,96,4
3,s014,109,99,5
3,s014,109,98,1
3,s014,109,125,127
3,s014,109,124,18
3,s014,109,127,13
3,s014,109,126,3
3,s014,109,121,14
3,s014,109,120,5
3,s014,109,123,2
3,s014,109,117,18
3,s014,109,116,7
3,s014,109,119,1
3,s014,109,113,6
3,s014,109,112,1
3,s014,109,77,135
3,s014,109,76,26
3,s014,109,79,26
3,s014,109,78,7
3,s014,109,73,21
3,s014,109,72,3
3,s014,109,75,5
3,s014,109,74,1
3,s014,109,69,18
3,s014,109,68,4
3,s014,109,71,3
3,s014,109,65,3
3,s014,109,64,1
3,s014,109,67,2
3,s014,109,93,13
3,s014,109,92,1
3,s014,109,95,4
3,s014,109,94,2
3,s014,109,89,4
3,s014,109,91,1
3,s014,109,90,2
3,s014,109,85,2
3,s014,109,84,2
3,s014,109,87,1
3,s014,109,81,1
3,s014,109,45,180
3,s014,109,44,40
3,s014,109,47,26
3,s014,109,46,3
3,s014,109,41,30
3,s014,109,40,8
3,s014,109,43,1
3,s014,109,37,32
3,s014,109,36,8
3,s014,109,39,4
3,s014,109,38,2
3,s014,109,33,6
3,s014,109,32,3
3,s014,109,61,17
3,s014,109,60,6
3,s014,109,63,3
3,s014,109,62,1
3,s014,109,57,4
3,s014,109,56,2
3,s014,109,59,1
3,s014,109,53,6
3,s014,109,52,2
3,s014,109,49,1
3,s014,109,13,23
3,s014,109,12,6
3,s014,109,15,6
3,s014,109,14,2
3,s014,109,9,5
3,s014,109,8,1
3,s014,109,10,1
3,s014,109,5,5
3,s014,109,4,2
3,s014,109,6,2
3,s014,109,1,2
3,s014,109,29,5
3,s014,109,28,2
3,s014,109,31,2
3,s014,109,30,1
3,s014,109,27,1
3,s014,109,23,1
3,s015,51,51,814
3,s015,51,50,109
3,s015,51,49,98
3,s015,51,48,20
3,s015,51,55,116
3,s015,51,54,10
3,s015,51,53,18
3,s015,51,52,1
3,s015,51,59,132
3,s015,51,58,26
3,s015,51,57,18
3,s015,51,56,2
3,s015,51,63,23
3,s015,51,62,6
3,s015,51,61,2
3,s015,51,35,108
3,s015,51,34,18
3,s015,51,33,9
3,s015,51,32,3
3,s015,51,39,15
3,s015,51,38,5
3,s015,51,37,1
3,s015,51,43,22
3,s015,51,41,1
3,s015,51,40,1
3,s015,51,47,4
3,s015,51,44,1
3,s015,51,19,130
3,s015,51,18,19
3,s015,51,17,35
3,s015,51,16,1
3,s015,51,23,16
3,s015,51,22,6
3,s015,51,21,7
3,s015,51,20,3
3,s015,51,27,22
3,s015,51,26,2
3,s015,51,25,5
3,s015,51,31,2
3,s015,51,30,1
3,s015,51,3,18
3,s015,51,2,5
3,s015,51,1,1
3,s015,51,0,1
3,s015,51,7,2
3,s015,51,5,1
3,s015,51,11,2
3,s015,51,10,2
3,s015,51,15,2
3,s015,51,115,171
3,s015,51,114,44
3,s015,51,113,18
3,s015,51,112,3
3,s015,51,119,24
3,s015,51,118,6
3,s015,51,117,5
3,s015,51,116,1
3,s015,51,123,35
3,s015,51,122,7
3,s015,51,121,2
3,s015,51,120,2
3,s015,51,127,6
3,s015,51,126,1
3,s015,51,99,22
3,s015,51,98,10
3,s015,51,97,6
3,s015,51,103,4
3,s015,51,107,4
3,s015,51,106,2
3,s015,51,105,1
3,s015,51,110,1
3,s015,51,83,29
3,s015,51,82,6
3,s015,51,81,7
3,s015,51,87,6
3,s015,51,86,1
3,s015,51,85,1
3,s015,51,91,3
3,s015,51,90,3
3,s015,51,95,1
3,s015,51,66,1
3,s015,51,71,1
3,s015,51,75,1
3,s015,51,74,2
3,s015,51,72,1
3,s015,51,78,1
3,s016,86,86,812
3,s016,86,87,120
3,s016,86,84,104
3,s016,86,85,23
3,s016,86,82,120
3,s016,86,83,22
3,s016,86,80,14
3,s016,86,81,4
3,s016,86,94,154
3,s016,86,95,26
3,s016,86,92,24
3,s016,86,90,22
3,s016,86,91,2
3,s016,86,88,1
3,s016,86,70,87
3,s016,86,71,24
3,s016,86,68,18
3,s016,86,69,4
3,s016,86,66,11
3,s016,86,67,2
3,s016,86,64,3
3,s016,86,78,20
3,s016,86,79,5
3,s016,86,76,6
3,s016,86,74,1
3,s016,86,75,1
3,s016,86,118,121
3,s016,86,119,16
3,s016,86,116,34
3,s016,86,117,4
3,s016,86,114,12
3,s016,86,115,2
3,s016,86,112,2
3,s016,86,126,25
3,s016,86,127,3
3,s016,86,124,3
3,s016,86,102,16
3,s016,86,103,4
3,s016,86,100,4
3,s016,86,101,1
3,s016,86,98,2
3,s016,86,110,1
3,s016,86,108,1
3,s016,86,109,1
3,s016,86,22,172
3,s016,86,23,42
3,s016,86,20,20
3,s016,86,21,5
3,s016,86,18,20
3,s016,86,19,2
3,s016,86,16,4
3,s016,86,30,18
3,s016,86,31,13
3,s016,86,28,8
3,s016,86,26,5
3,s016,86,27,1
3,s016,86,24,1
3,s016,86,6,19
3,s016,86,7,5
3,s016,86,4,3
3,s016,86,2,4
3,s016,86,0,1
3,s016,86,1,1
3,s016,86,14,7
3,s016,86,15,2
3,s016,86,11,1
3,s016,86,54,28
3,s016,86,55,7
3,s016,86,52,4
3,s016,86,53,1
3,s016,86,50,4
3,s016,86,51,2
3,s016,86,62,2
3,s016,86,63,2
3,s016,86,38,3
3,s016,86,39,3
3,s016,86,36,1
3,s016,86,35,1
3,s017,115,115,800
3,s017,115,114,95
3,s017,115,113,111
3,s017,115,112,14
3,s017,115,119,96
3,s017,115,118,23
3,s017,115,117,19
3,s017,115,116,3
3,s017,115,123,123
3,s017,115,122,28
3,s017,115,121,15
3,s017,115,120,7
3,s017,115,127,24
3,s017,115,126,4
3,s017,115,125,2
3,s017,115,99,99
3,s017,115,98,27
3,s017,115,97,11
3,s017,115,96,5
3,s017,115,103,13
3,s017,115,102,7
3,s017,115,101,3
3,s017,115,107,17
3,s017,115,106,4
3,s017,115,105,2
3,s017,115,111,3
3,s017,115,109,1
3,s017,115,83,123
3,s017,115,82,19
3,s017,115,81,25
3,s017,115,80,8
3,s017,115,87,18
3,s017,115,86,2
3,s017,115,85,7
3,s017,115,84,1
3,s017,115,91,22
3,s017,115,90,2
3,s017,115,89,3
3,s017,115,88,1
3,s017,115,95,1
3,s017,115,94,1
3,s017,115,67,14
3,s017,115,66,4
3,s017,115,65,4
3,s017,115,64,2
3,s017,115,71,5
3,s017,115,70,1
3,s017,115,69,1
3,s017,115,75,4
3,s017,115,74,2
3,s017,115,73,1
3,s017,115,51,148
3,s017,115,50,53
3,s017,115,49,26
3,s017,115,48,3
3,s017,115,55,14
3,s017,115,54,7
3,s017,115,53,5
3,s017,115,52,1
3,s017,115,59,33
3,s017,115,58,15
3,s017,115,57,5
3,s017,115,56,2
3,s017,115,63,4
3,s017,115,62,2
3,s017,115,61,3
3,s017,115,35,16
3,s017,115,34,6
3,s017,115,33,3
3,s017,115,39,2
3,s017,115,38,2
3,s017,115,37,2
3,s017,115,43,3
3,s017,115,40,1
3,s017,115,47,2
3,s017,115,19,24
3,s017,115,18,7
3,s017,115,17,8
3,s017,115,16,6
3,s017,115,23,3
3,s017,115,22,1
3,s017,115,21,1
3,s017,115,27,6
3,s017,115,26,1
3,s017,115,25,2
3,s017,115,3,4
3,s017,115,2,3
3,s017,115,11,1
3,s018,50,50,819
3,s018,50,51,97
3,s018,50,48,108
3,s018,50,49,17
3,s018,50,54,109
3,s018,50,55,15
3,s018,50,52,17
3,s018,50,53,3
3,s018,50,58,172
3,s018,50,59,21
3,s018,50,56,15
3,s018,50,57,4
3,s018,50,62,23
3,s018,50,63,1
3,s018,50,60,3
3,s018,50,34,110
3,s018,50,35,19
3,s018,50,32,10
3,s018,50,33,3
3,s018,50,38,9
3,s018,50,39,3
3,s018,50,36,1
3,s018,50,42,18
3,s018,50,43,8
3,s018,50,40,4
3,s018,50,41,2
3,s018,50,46,5
3,s018,50,47,1
3,s018,50,18,128
3,s018,50,19,16
3,s018,50,16,18
3,s018,50,17,6
3,s018,50,22,20
3,s018,50,23,2
3,s018,50,20,4
3,s018,50,21,1
3,s018,50,26,22
3,s018,50,24,6
3,s018,50,30,3
3,s018,50,28,1
3,s018,50,2,14
3,s018,50,3,6
3,s018,50,0,7
3,s018,50,1,1
3,s018,50,6,3
3,s018,50,4,1
3,s018,50,10,2
3,s018,50,11,1
3,s018,50,8,1
3,s018,50,14,1
3,s018,50,114,155
3,s018,50,115,35
3,s018,50,112,15
3,s018,50,113,6
3,s018,50,118,24
3,s018,50,119,6
3,s018,50,116,5
3,s018,50,122,26
3,s018,50,123,5
3,s018,50,120,2
3,s018,50,121,1
3,s018,50,126,2
3,s018,50,127,3
3,s018,50,98,22
3,s018,50,99,5
3,s018,50,96,5
3,s018,50,97,2
3,s018,50,102,3
3,s018,50,106,7
3,s018,50,107,1
3,s018,50,104,1
3,s018,50,105,1
3,s018,50,110,1
3,s018,50,111,2
3,s018,50,82,24
3,s018,50,83,6
3,s018,50,80,8
3,s018,50,81,2
3,s018,50,86,2
3,s018,50,84,1
3,s018,50,90,2
3,s018,50,91,1
3,s018,50,88,4
3,s018,50,94,1
3,s018,50,92,1
3,s018,50,66,10
3,s018,50,67,2
3,s018,50,64,1
3,s019,20,20,831
3,s019,20,21,112
3,s019,20,22,104
3,s019,20,23,22
3,s019,20,16,124
3,s019,20,17,24
3,s019,20,18,14
3,s019,20,19,4
3,s019,20,28,147
3,s019,20,29,26
3,s019,20,30,19
3,s019,20,31,4
3,s019,20,24,26
3,s019,20,25,4
3,s019,20,26,3
3,s019,20,4,83
3,s019,20,5,19
3,s019,20,6,14
3,s019,20,7,8
3,s019,20,0,18
3,s019,20,1,2
3,s019,20,2,2
3,s019,20,12,16
3,s019,20,13,5
3,s019,20,14,2
3,s019,20,15,2
3,s019,20,8,7
3,s019,20,9,2
3,s019,20,10,1
3,s019,20,52,135
3,s019,20,53,11
3,s019,20,54,32
3,s019,20,55,4
3,s019,20,48,21
3,s019,20,49,2
3,s019,20,50,4
3,s019,20,60,15
3,s019,20,61,2
3,s019,20,62,2
3,s019,20,56,4
3,s019,20,57,2
3,s019,20,36,19
3,s019,20,37,6
3,s019,20,38,5
3,s019,20,32,5
3,s019,20,44,4
3,s019,20,45,2
3,s019,20,46,1
3,s019,20,84,148
3,s019,20,85,44
3,s019,20,86,10
3,s019,20,87,5
3,s019,20,80,18
3,s019,20,81,8
3,s019,20,82,6
3,s019,20,83,1
3,s019,20,92,27
3,s019,20,93,5
3,s019,20,94,2
3,s019,20,95,2
3,s019,20,88,2
3,s019,20,89,1
3,s019,20,68,18
3,s019,20,69,2
3,s019,20,70,2
3,s019,20,71,2
3,s019,20,64,2
3,s019,20,65,1
3,s019,20,66,1
3,s019,20,67,1
3,s019,20,76,1
3,s019,20,77,2
3,s019,20,72,1
3,s019,20,116,23
3,s019,20,117,9
3,s019,20,118,3
3,s019,20,119,2
3,s019,20,112,3
3,s019,20,113,1
3,s019,20,114,1
3,s019,20,115,1
3,s019,20,124,5
3,s019,20,125,1
3,s019,20,126,4
3,s019,20,121,1
3,s019,20,100,4
3,s019,20,101,1
3,s019,20,102,1
3,s019,20,103,1
3,s020,74,74,878
3,s020,74,75,105
3,s020,74,72,131
3,s020,74,73,21
3,s020,74,78,126
3,s020,74,79,21
3,s020,74,76,24
3,s020,74,66,126
3,s020,74,67,25
3,s020,74,64,13
3,s020,74,65,4
3,s020,74,70,27
3,s020,74,71,3
3,s020,74,68,6
3,s020,74,90,119
3,s020,74,91,15
3,s020,74,88,10
3,s020,74,89,6
3,s020,74,94,11
3,s020,74,95,1
3,s020,74,92,1
3,s020,74,82,11
3,s020,74,83,4
3,s020,74,80,1
3,s020,74,86,4
3,s020,74,87,1
3,s020,74,106,125
3,s020,74,107,18
3,s020,74,104,19
3,s020,74,105,6
3,s020,74,110,16
3,s020,74,111,2
3,s020,74,108,8
3,s020,74,109,1
3,s020,74,98,23
3,s020,74,99,5
3,s020,74,96,4
3,s020,74,102,5
3,s020,74,100,1
3,s020,74,122,17
3,s020,74,123,5
3,s020,74,120,3
3,s020,74,121,2
3,s020,74,126,1
3,s020,74,114,7
3,s020,74,112,1
3,s020,74,10,174
3,s020,74,11,47
3,s020,74,8,18
3,s020,74,9,7
3,s020,74,14,18
3,s020,74,15,4
3,s020,74,12,2
3,s020,74,2,28
3,s020,74,3,8
3,s020,74,0,5
3,s020,74,1,1
3,s020,74,6,1
3,s020,74,7,2
3,s020,74,4,1
3,s020,74,26,18
3,s020,74,27,11
3,s020,74,24,6
3,s020,74,25,1
3,s020,74,30,5
3,s020,74,29,1
3,s020,74,18,5
3,s020,74,19,3
3,s020,74,22,1
3,s020,74,42,26
3,s020,74,43,9
3,s020,74,40,8
3,s020,74,41,3
3,s020,74,46,3
3,s020,74,44,1
3,s020,74,34,9
3,s020,74,32,1
3,s020,74,38,1
3,s020,74,58,5
3,s020,74,59,2
3,s020,74,56,1
3,s020,74,57,1
3,s020,74,61,2
3,s020,74,50,1
3,s021,43,43,791
3,s021,43,42,105
3,s021,43,41,107
3,s021,43,40,13
3,s021,43,47,107
3,s021,43,46,13
3,s021,43,45,21
3,s021,43,44,4
3,s021,43,35,128
3,s021,43,34,20
3,s021,43,33,17
3,s021,43,32,4
3,s021,43,39,22
3,s021,43,38,2
3,s021,43,37,6
3,s021,43,36,2
3,s021,43,59,106
3,s021,43,58,23
3,s021,43,57,17
3,s021,43,56,4
3,s021,43,63,21
3,s021,43,62,4
3,s021,43,61,2
3,s021,43,60,1
3,s021,43,51,18
3,s021,43,50,1
3,s021,43,49,2
3,s021,43,55,1
3,s021,43,53,1
3,s021,43,52,1
3,s021,43,11,125
3,s021,43,10,15
3,s021,43,9,34
3,s021,43,8,4
3,s021,43,15,26
3,s021,43,14,2
3,s021,43,13,7
3,s021,43,3,20
3,s021,43,2,2
3,s021,43,1,8
3,s021,43,0,1
3,s021,43,7,3
3,s021,43,6,2
3,s021,43,5,2
3,s021,43,4,1
3,s021,43,27,15
3,s021,43,26,3
3,s021,43,25,7
3,s021,43,24,1
3,s021,43,31,2
3,s021,43,29,1
3,s021,43,19,2
3,s021,43,17,1
3,s021,43,107,143
3,s021,43,106,42
3,s021,43,105,22
3,s021,43,104,5
3,s021,43,111,16
3,s021,43,110,12
3,s021,43,109,4
3,s021,43,99,28
3,s021,43,98,11
3,s021,43,97,4
3,s021,43,96,2
3,s021,43,103,6
3,s021,43,102,1
3,s021,43,123,15
3,s021,43,122,7
3,s021,43,121,5
3,s021,43,127,3
3,s021,43,126,1
3,s021,43,125,1
3,s021,43,115,1
3,s021,43,114,1
3,s021,43,117,1
3,s021,43,75,26
3,s021,43,74,12
3,s021,43,73,4
3,s021,43,72,1
3,s021,43,79,1
3,s021,43,78,2
3,s021,43,67,2
3,s021,43,66,4
3,s021,43,65,1
3,s021,43,64,1
3,s021,43,70,1
3,s021,43,91,2
3,s021,43,90,1
3,s021,43,89,1
3,s021,43,94,1
3,s021,43,82,1
3,s022,125,125,822
3,s022,125,124,125
3,s022,125,127,111
3,s022,125,126,22
3,s022,125,121,106
3,s022,125,120,19
3,s022,125,123,26
3,s022,125,122,4
3,s022,125,117,138
3,s022,125,116,20
3,s022,125,119,15
3,s022,125,113,26
3,s022,125,112,6
3,s022,125,115,2
3,s022,125,114,1
3,s022,125,109,83
3,s022,125,108,20
3,s022,125,111,15
3,s022,125,110,2
3,s022,125,105,12
3,s022,125,104,2
3,s022,125,107,1
3,s022,125,106,3
3,s022,125,101,16
3,s022,125,100,2
3,s022,125,103,2
3,s022,125,97,1
3,s022,125,99,1
3,s022,125,93,106
3,s022,125,92,27
3,s022,125,95,30
3,s022,125,94,10
3,s022,125,89,25
3,s022,125,88,4
3,s022,125,91,7
3,s022,125,90,1
3,s022,125,85,14
3,s022,125,84,1
3,s022,125,87,4
3,s022,125,81,2
3,s022,125,80,2
3,s022,125,77,13
3,s022,125,76,3
3,s022,125,79,6
3,s022,125,73,5
3,s022,125,72,2
3,s022,125,69,5
3,s022,125,71,1
3,s022,125,65,1
3,s022,125,61,151
3,s022,125,60,30
3,s022,125,63,13
3,s022,125,62,5
3,s022,125,57,21
3,s022,125,56,4
3,s022,125,59,5
3,s022,125,53,35
3,s022,125,52,4
3,s022,125,55,3
3,s022,125,54,1
3,s022,125,49,7
3,s022,125,48,1
3,s022,125,45,17
3,s022,125,44,10
3,s022,125,47,2
3,s022,125,46,1
3,s022,125,41,2
3,s022,125,37,3
3,s022,125,39,1
3,s022,125,32,1
3,s022,125,29,35
3,s022,125,28,9
3,s022,125,31,2
3,s022,125,30,3
3,s022,125,25,5
3,s022,125,24,3
3,s022,125,27,2
3,s022,125,21,1
3,s022,125,23,1
3,s022,125,17,2
3,s022,125,13,1
3,s022,125,12,2
3,s022,125,3,1
3,s023,100,100,821
3,s023,100,101,120
3,s023,100,102,96
3,s023,100,103,19
3,s023,100,96,113
3,s023,100,97,19
3,s023,100,98,17
3,s023,100,99,3
3,s023,100,108,145
3,s023,100,109,25
3,s023,100,110,15
3,s023,100,111,2
3,s023,100,104,25
3,s023,100,105,2
3,s023,100,106,2
3,s023,100,116,107
3,s023,100,117,19
3,s023,100,118,10
3,s023,100,119,4
3,s023,100,112,15
3,s023,100,113,2
3,s023,100,114,3
3,s023,100,124,27
3,s023,100,125,10
3,s023,100,126,3
3,s023,100,120,2
3,s023,100,122,1
3,s023,100,68,128
3,s023,100,69,11
3,s023,100,70,18
3,s023,100,71,3
3,s023,100,64,22
3,s023,100,65,2
3,s023,100,66,1
3,s023,100,67,2
3,s023,100,76,25
3,s023,100,77,5
3,s023,100,78,1
3,s023,100,79,1
3,s023,100,72,6
3,s023,100,84,14
3,s023,100,85,2
3,s023,100,86,2
3,s023,100,87,2
3,s023,100,80,3
3,s023,100,92,3
3,s023,100,93,1
3,s023,100,88,1
3,s023,100,89,1
3,s023,100,36,160
3,s023,100,37,46
3,s023,100,38,28
3,s023,100,39,4
3,s023,100,32,19
3,s023,100,33,7
3,s023,100,34,5
3,s023,100,35,1
3,s023,100,44,31
3,s023,100,45,9
3,s023,100,46,3
3,s023,100,40,3
3,s023,100,52,24
3,s023,100,53,5
3,s023,100,54,5
3,s023,100,48,2
3,s023,100,49,5
3,s023,100,60,5
3,s023,100,61,2
3,s023,100,63,1
3,s023,100,56,1
3,s023,100,4,38
3,s023,100,5,12
3,s023,100,6,3
3,s023,100,7,2
3,s023,100,0,4
3,s023,100,1,1
3,s023,100,2,1
3,s023,100,3,1
3,s023,100,12,6
3,s023,100,14,2
3,s023,100,8,1
3,s023,100,20,7
3,s023,100,21,2
3,s023,100,17,1
3,s023,100,18,1
3,s023,100,28,2
3,s024,63,63,789
3,s024,63,62,111
3,s024,63,61,103
3,s024,63,60,20
3,s024,63,59,114
3,s024,63,58,12
3,s024,63,57,15
3,s024,63,56,7
3,s024,63,55,148
3,s024,63,54,17
3,s024,63,53,23
3,s024,63,51,28
3,s024,63,50,2
3,s024,63,49,5
3,s024,63,48,4
3,s024,63,47,88
3,s024,63,46,22
3,s024,63,45,13
3,s024,63,44,1
3,s024,63,43,14
3,s024,63,42,4
3,s024,63,41,1
3,s024,63,39,13
3,s024,63,38,5
3,s024,63,37,1
3,s024,63,36,1
3,s024,63,35,5
3,s024,63,33,3
3,s024,63,31,114
3,s024,63,30,16
3,s024,63,29,25
3,s024,63,28,3
3,s024,63,27,18
3,s024,63,26,6
3,s024,63,25,5
3,s024,63,23,17
3,s024,63,22,2
3,s024,63,21,6
3,s024,63,19,5
3,s024,63,17,2
3,s024,63,15,25
3,s024,63,14,4
3,s024,63,13,2
3,s024,63,12,1
3,s024,63,11,1
3,s024,63,10,2
3,s024,63,7,6
3,s024,63,6,1
3,s024,63,5,2
3,s024,63,3,1
3,s024,63,0,1
3,s024,63,127,170
3,s024,63,126,38
3,s024,63,125,25
3,s024,63,124,6
3,s024,63,123,19
3,s024,63,122,6
3,s024,63,121,2
3,s024,63,119,23
3,s024,63,118,10
3,s024,63,117,8
3,s024,63,116,1
3,s024,63,115,5
3,s024,63,112,1
3,s024,63,111,23
3,s024,63,110,6
3,s024,63,109,5
3,s024,63,108,1
3,s024,63,107,4
3,s024,63,106,3
3,s024,63,103,4
3,s024,63,102,2
3,s024,63,101,1
3,s024,63,100,1
3,s024,63,95,30
3,s024,63,94,4
3,s024,63,93,4
3,s024,63,92,1
3,s024,63,91,1
3,s024,63,90,2
3,s024,63,89,1
3,s024,63,87,6
3,s024,63,84,1
3,s024,63,80,1
3,s024,63,79,4
3,s024,63,78,2
3,s024,63,77,2
3,s024,63,75,2
3,s024,63,71,2
3,s024,63,69,1
3,s025,47,47,796
3,s025,47,46,108
3,s025,47,45,105
3,s025,47,44,21
3,s025,47,43,115
3,s025,47,42,26
3,s025,47,41,20
3,s025,47,40,4
3,s025,47,39,165
3,s025,47,38,22
3,s025,47,37,20
3,s025,47,35,25
3,s025,47,34,2
3,s025,47,33,3
3,s025,47,32,2
3,s025,47,63,97
3,s025,47,62,29
3,s025,47,61,8
3,s025,47,60,4
3,s025,47,59,8
3,s025,47,58,4
3,s025,47,57,7
3,s025,47,56,1
3,s025,47,55,15
3,s025,47,54,3
3,s025,47,53,2
3,s025,47,52,2
3,s025,47,51,3
3,s025,47,50,1
3,s025,47,15,130
3,s025,47,14,17
3,s025,47,13,34
3,s025,47,12,2
3,s025,47,11,17
3,s025,47,10,3
3,s025,47,9,5
3,s025,47,7,22
3,s025,47,6,2
3,s025,47,5,6
3,s025,47,3,3
3,s025,47,31,11
3,s025,47,30,1
3,s025,47,29,3
3,s025,47,28,1
3,s025,47,27,2
3,s025,47,25,2
3,s025,47,24,1
3,s025,47,23,7
3,s025,47,22,1
3,s025,47,21,1
3,s025,47,111,158
3,s025,47,110,48
3,s025,47,109,25
3,s025,47,108,8
3,s025,47,107,24
3,s025,47,106,4
3,s025,47,105,2
3,s025,47,103,24
3,s025,47,102,9
3,s025,47,101,1
3,s025,47,100,1
3,s025,47,99,9
3,s025,47,98,1
3,s025,47,97,1
3,s025,47,127,24
3,s025,47,126,5
3,s025,47,125,1
3,s025,47,124,2
3,s025,47,123,5
3,s025,47,122,1
3,s025,47,119,2
3,s025,47,118,1
3,s025,47,116,1
3,s025,47,79,30
3,s025,47,78,8
3,s025,47,77,5
3,s025,47,76,1
3,s025,47,75,4
3,s025,47,72,2
3,s025,47,71,5
3,s025,47,70,4
3,s025,47,69,2
3,s025,47,95,3
3,s025,47,94,1
3,s025,47,92,1
3,s026,119,119,837
3,s026,119,118,101
3,s026,119,117,111
3,s026,119,116,19
3,s026,119,115,129
3,s026,119,114,24
3,s026,119,113,16
3,s026,119,112,1
3,s026,119,127,142
3,s026,119,126,15
3,s026,119,125,11
3,s026,119,124,2
3,s026,119,123,31
3,s026,119,122,7
3,s026,119,121,2
3,s026,119,103,109
3,s026,119,102,21
3,s026,119,101,16
3,s026,119,100,5
3,s026,119,99,11
3,s026,119,98,3
3,s026,119,97,1
3,s026,119,96,1
3,s026,119,111,22
3,s026,119,110,5
3,s026,119,109,5
3,s026,119,107,5
3,s026,119,105,1
3,s026,119,87,108
3,s026,119,86,18
3,s026,119,85,19
3,s026,119,84,6
3,s026,119,83,23
3,s026,119,82,4
3,s026,119,81,8
3,s026,119,95,20
3,s026,119,94,3
3,s026,119,93,3
3,s026,119,92,1
3,s026,119,91,2
3,s026,119,71,12
3,s026,119,70,2
3,s026,119,69,4
3,s026,119,67,2
3,s026,119,65,2
3,s026,119,79,3
3,s026,119,78,2
3,s026,119,77,1
3,s026,119,75,1
3,s026,119,55,161
3,s026,119,54,40
3,s026,119,53,25
3,s026,119,52,4
3,s026,119,51,31
3,s026,119,50,5
3,s026,119,49,4
3,s026,119,63,26
3,s026,119,62,9
3,s026,119,61,4
3,s026,119,60,3
3,s026,119,59,3
3,s026,119,58,1
3,s026,119,57,1
3,s026,119,39,21
3,s026,119,38,6
3,s026,119,37,2
3,s026,119,47,5
3,s026,119,23,27
3,s026,119,22,7
3,s026,119,21,5
3,s026,119,20,2
3,s026,119,19,4
3,s026,119,18,1
3,s026,119,17,1
3,s026,119,16,2
3,s026,119,31,1
3,s026,119,30,1
3,s026,119,29,2
3,s026,119,28,1
3,s026,119,7,4
3,s026,119,6,5
3,s026,119,5,1
3,s026,119,4,1
3,s026,119,3,1
3,s026,119,2,1
3,s026,119,13,1
3,s027,85,85,815
3,s027,85,84,116
3,s027,85,87,88
3,s027,85,86,18
3,s027,85,81,132
3,s027,85,80,17
3,s027,85,83,17
3,s027,85,82,3
3,s027,85,93,143
3,s027,85,92,18
3,s027,85,95,21
3,s027,85,94,5
3,s027,85,89,19
3,s027,85,88,4
3,s027,85,91,5
3,s027,85,90,2
3,s027,85,69,118
3,s027,85,68,20
3,s027,85,71,11
3,s027,85,70,4
3,s027,85,65,7
3,s027,85,64,3
3,s027,85,67,2
3,s027,85,66,1
3,s027,85,77,21
3,s027,85,76,7
3,s027,85,79,3
3,s027,85,73,6
3,s027,85,72,2
3,s027,85,117,114
3,s027,85,116,17
3,s027,85,119,30
3,s027,85,118,4
3,s027,85,113,17
3,s027,85,112,2
3,s027,85,115,5
3,s027,85,125,24
3,s027,85,124,3
3,s027,85,127,6
3,s027,85,121,4
3,s027,85,101,8
3,s027,85,100,1
3,s027,85,103,5
3,s027,85,102,2
3,s027,85,99,1
3,s027,85,98,1
3,s027,85,109,4
3,s027,85,105,1
3,s027,85,21,166
3,s027,85,20,34
3,s027,85,23,11
3,s027,85,22,1
3,s027,85,17,21
3,s027,85,16,5
3,s027,85,19,2
3,s027,85,18,1
3,s027,85,29,11
3,s027,85,28,4
3,s027,85,31,3
3,s027,85,25,6
3,s027,85,24,1
3,s027,85,27,1
3,s027,85,5,24
3,s027,85,4,4
3,s027,85,7,1
3,s027,85,13,3
3,s027,85,15,1
3,s027,85,9,1
3,s027,85,11,1
3,s027,85,53,23
3,s027,85,52,5
3,s027,85,55,2
3,s027,85,54,2
3,s027,85,49,5
3,s027,85,48,1
3,s027,85,51,1
3,s027,85,61,5
3,s027,85,60,1
3,s027,85,63,2
3,s027,85,62,1
3,s027,85,57,2
3,s027,85,56,1
3,s027,85,58,2
3,s027,85,37,7
3,s027,85,36,1
3,s027,85,39,1
3,s027,85,38,1
3,s027,85,35,1
3,s027,85,45,4
3,s028,32,32,803
3,s028,32,33,110
3,s028,32,34,96
3,s028,32,35,11
3,s028,32,36,111
3,s028,32,37,22
3,s028,32,38,16
3,s028,32,39,2
3,s028,32,40,114
3,s028,32,41,18
3,s028,32,42,14
3,s028,32,43,2
3,s028,32,44,19
3,s028,32,46,6
3,s028,32,47,1
3,s028,32,48,85
3,s028,32,49,19
3,s028,32,50,12
3,s028,32,51,4
3,s028,32,52,9
3,s028,32,53,3
3,s028,32,56,19
3,s028,32,57,8
3,s028,32,58,2
3,s028,32,60,1
3,s028,32,61,1
3,s028,32,0,130
3,s028,32,1,24
3,s028,32,2,25
3,s028,32,3,4
3,s028,32,4,17
3,s028,32,5,2
3,s028,32,6,4
3,s028,32,8,21
3,s028,32,9,4
3,s028,32,10,4
3,s028,32,11,1
3,s028,32,12,5
3,s028,32,14,1
3,s028,32,16,18
3,s028,32,17,5
3,s028,32,18,4
3,s028,32,19,1
3,s028,32,20,3
3,s028,32,21,2
3,s028,32,24,2
3,s028,32,25,1
3,s028,32,27,1
3,s028,32,96,149
3,s028,32,97,31
3,s028,32,98,18
3,s028,32,99,4
3,s028,32,100,27
3,s028,32,101,3
3,s028,32,102,2
3,s028,32,104,21
3,s028,32,105,7
3,s028,32,108,6
3,s028,32,110,2
3,s028,32,111,1
3,s028,32,112,17
3,s028,32,113,8
3,s028,32,114,2
3,s028,32,115,1
3,s028,32,116,3
3,s028,32,120,5
3,s028,32,121,2
3,s028,32,122,2
3,s028,32,123,1
3,s028,32,64,30
3,s028,32,65,8
3,s028,32,66,7
3,s028,32,67,2
3,s028,32,68,3
3,s028,32,69,1
3,s028,32,70,4
3,s028,32,71,1
3,s028,32,72,4
3,s028,32,73,2
3,s028,32,74,1
3,s028,32,75,1
3,s028,32,82,1
3,s028,32,83,1
3,s029,71,71,846
3,s029,71,70,106
3,s029,71,69,110
3,s029,71,68,17
3,s029,71,67,135
3,s029,71,66,20
3,s029,71,65,17
3,s029,71,79,141
3,s029,71,78,21
3,s029,71,77,13
3,s029,71,76,3
3,s029,71,75,26
3,s029,71,74,3
3,s029,71,73,4
3,s029,71,87,91
3,s029,71,86,23
3,s029,71,85,13
3,s029,71,84,3
3,s029,71,83,15
3,s029,71,82,2
3,s029,71,81,3
3,s029,71,95,18
3,s029,71,94,6
3,s029,71,93,3
3,s029,71,92,1
3,s029,71,91,1
3,s029,71,90,1
3,s029,71,103,119
3,s029,71,102,19
3,s029,71,101,27
3,s029,71,100,8
3,s029,71,99,15
3,s029,71,98,4
3,s029,71,97,3
3,s029,71,111,19
3,s029,71,110,4
3,s029,71,109,4
3,s029,71,107,10
3,s029,71,106,1
3,s029,71,119,12
3,s029,71,118,6
3,s029,71,117,2
3,s029,71,115,4
3,s029,71,114,1
3,s029,71,127,4
3,s029,71,126,1
3,s029,71,125,1
3,s029,71,7,175
3,s029,71,6,42
3,s029,71,5,19
3,s029,71,4,5
3,s029,71,3,24
3,s029,71,2,4
3,s029,71,1,5
3,s029,71,0,1
3,s029,71,15,32
3,s029,71,14,7
3,s029,71,13,3
3,s029,71,12,1
3,s029,71,11,5
3,s029,71,10,3
3,s029,71,8,1
3,s029,71,23,27
3,s029,71,22,11
3,s029,71,18,2
3,s029,71,31,1
3,s029,71,30,2
3,s029,71,29,1
3,s029,71,39,22
3,s029,71,38,14
3,s029,71,37,11
3,s029,71,36,5
3,s029,71,35,5
3,s029,71,34,2
3,s029,71,33,2
3,s029,71,32,1
3,s029,71,47,4
3,s029,71,46,2
3,s029,71,45,1
3,s029,71,43,1
3,s029,71,55,2
3,s029,71,54,4
3,s029,71,53,1
3,s029,71,51,1
3,s029,71,49,1
3,s029,71,63,1
3,s030,18,18,743
3,s030,18,19,118
3,s030,18,16,113
3,s030,18,17,13
3,s030,18,22,134
3,s030,18,23,13
3,s030,18,20,18
3,s030,18,21,5
3,s030,18,26,123
3,s030,18,27,21
3,s030,18,24,13
3,s030,18,25,2
3,s030,18,30,28
3,s030,18,31,2
3,s030,18,28,3
3,s030,18,29,1
3,s030,18,2,97
3,s030,18,3,22
3,s030,18,0,12
3,s030,18,1,2
3,s030,18,6,15
3,s030,18,7,3
3,s030,18,4,1
3,s030,18,5,1
3,s030,18,10,28
3,s030,18,11,2
3,s030,18,8,1
3,s030,18,9,1
3,s030,18,14,2
3,s030,18,12,2
3,s030,18,50,129
3,s030,18,51,15
3,s030,18,48,22
3,s030,18,49,3
3,s030,18,54,23
3,s030,18,52,4
3,s030,18,53,2
3,s030,18,58,20
3,s030,18,59,3
3,s030,18,56,6
3,s030,18,57,2
3,s030,18,62,3
3,s030,18,34,12
3,s030,18,35,4
3,s030,18,32,3
3,s030,18,33,2
3,s030,18,38,3
3,s030,18,39,1
3,s030,18,42,2
3,s030,18,82,178
3,s030,18,83,38
3,s030,18,80,31
3,s030,18,81,6
3,s030,18,86,22
3,s030,18,87,7
3,s030,18,84,3
3,s030,18,85,2
3,s030,18,90,27
3,s030,18,91,5
3,s030,18,94,4
3,s030,18,95,1
3,s030,18,66,17
3,s030,18,67,7
3,s030,18,64,4
3,s030,18,65,1
3,s030,18,70,2
3,s030,18,71,1
3,s030,18,68,1
3,s030,18,74,6
3,s030,18,75,3
3,s030,18,78,1
3,s030,18,79,1
3,s030,18,114,19
3,s030,18,115,8
3,s030,18,112,1
3,s030,18,113,2
3,s030,18,118,6
3,s030,18,119,1
3,s030,18,116,1
3,s030,18,117,1
3,s030,18,122,7
3,s030,18,123,1
3,s030,18,120,1
3,s030,18,98,1
3,s030,18,99,1
3,s030,18,96,1
3,s030,18,102,1
3,s030,18,103,1
3,s031,82,82,768
3,s031,82,83,119
3,s031,82,80,100
3,s031,82,81,16
3,s031,82,86,124
3,s031,82,87,19
3,s031,82,84,20
3,s031,82,85,1
3,s031,82,90,133
3,s031,82,91,17
3,s031,82,88,11
3,s031,82,89,4
3,s031,82,94,19
3,s031,82,95,5
3,s031,82,92,3
3,s031,82,66,86
3,s031,82,67,22
3,s031,82,64,14
3,s031,82,65,6
3,s031,82,70,18
3,s031,82,71,2
3,s031,82,74,20
3,s031,82,75,3
3,s031,82,72,3
3,s031,82,78,3
3,s031,82,79,1
3,s031,82,114,111
3,s031,82,115,21
3,s031,82,112,26
3,s031,82,113,2
3,s031,82,118,20
3,s031,82,119,1
3,s031,82,116,5
3,s031,82,122,14
3,s031,82,123,5
3,s031,82,120,3
3,s031,82,126,3
3,s031,82,124,2
3,s031,82,98,18
3,s031,82,99,1
3,s031,82,96,2
3,s031,82,102,4
3,s031,82,100,1
3,s031,82,106,5
3,s031,82,107,1
3,s031,82,104,1
3,s031,82,109,1
3,s031,82,18,134
3,s031,82,19,36
3,s031,82,16,19
3,s031,82,17,6
3,s031,82,22,26
3,s031,82,23,12
3,s031,82,20,2
3,s031,82,26,31
3,s031,82,27,5
3,s031,82,24,2
3,s031,82,25,1
3,s031,82,30,2
3,s031,82,31,2
3,s031,82,28,1
3,s031,82,29,1
3,s031,82,2,18
3,s031,82,3,3
3,s031,82,0,2
3,s031,82,1,2
3,s031,82,6,2
3,s031,82,10,5
3,s031,82,14,2
3,s031,82,50,26
3,s031,82,51,1
3,s031,82,48,6
3,s031,82,49,2
3,s031,82,55,3
3,s031,82,52,1
3,s031,82,58,5
3,s031,82,56,1
3,s031,82,62,1
3,s031,82,34,3
3,s031,82,35,4
3,s031,82,32,2
3,s031,82,33,1
3,s031,82,40,1
3,s032,1,1,851
3,s032,1,0,132
3,s032,1,3,98
3,s032,1,2,9
3,s032,1,5,116
3,s032,1,4,16
3,s032,1,7,20
3,s032,1,6,1
3,s032,1,9,134
3,s032,1,8,33
3,s032,1,11,20
3,s032,1,10,5
3,s032,1,13,12
3,s032,1,12,3
3,s032,1,15,5
3,s032,1,17,100
3,s032,1,16,17
3,s032,1,19,17
3,s032,1,18,2
3,s032,1,21,15
3,s032,1,20,2
3,s032,1,23,1
3,s032,1,25,16
3,s032,1,24,5
3,s032,1,27,2
3,s032,1,26,1
3,s032,1,29,1
3,s032,1,28,2
3,s032,1,33,130
3,s032,1,32,19
3,s032,1,35,33
3,s032,1,34,4
3,s032,1,37,22
3,s032,1,36,5
3,s032,1,39,9
3,s032,1,41,25
3,s032,1,40,2
3,s032,1,43,3
3,s032,1,42,2
3,s032,1,45,5
3,s032,1,47,1
3,s032,1,46,1
3,s032,1,49,15
3,s032,1,48,7
3,s032,1,51,6
3,s032,1,53,4
3,s032,1,52,2
3,s032,1,55,1
3,s032,1,59,1
3,s032,1,61,1
3,s032,1,62,1
3,s032,1,65,184
3,s032,1,64,51
3,s032,1,67,19
3,s032,1,66,6
3,s032,1,69,19
3,s032,1,68,5
3,s032,1,71,3
3,s032,1,73,34
3,s032,1,72,4
3,s032,1,75,4
3,s032,1,77,6
3,s032,1,76,5
3,s032,1,79,1
3,s032,1,81,21
3,s032,1,80,9
3,s032,1,83,6
3,s032,1,82,2
3,s032,1,85,4
3,s032,1,89,4
3,s032,1,88,1
3,s032,1,91,1
3,s032,1,90,1
3,s032,1,93,1
3,s032,1,97,25
3,s032,1,96,10
3,s032,1,99,8
3,s032,1,98,4
3,s032,1,101,4
3,s032,1,103,2
3,s032,1,105,7
3,s032,1,104,2
3,s032,1,107,1
3,s032,1,113,2
3,s032,1,112,2
3,s032,1,121,1
3,s033,113,113,823
3,s033,113,112,129
3,s033,113,115,99
3,s033,113,114,21
3,s033,113,117,117
3,s033,113,116,13
3,s033,113,119,10
3,s033,113,118,3
3,s033,113,121,126
3,s033,113,120,20
3,s033,113,123,18
3,s033,113,122,2
3,s033,113,125,16
3,s033,113,124,6
3,s033,113,127,2
3,s033,113,97,98
3,s033,113,96,17
3,s033,113,99,16
3,s033,113,98,2
3,s033,113,101,17
3,s033,113,100,1
3,s033,113,103,2
3,s033,113,105,13
3,s033,113,104,2
3,s033,113,107,3
3,s033,113,109,1
3,s033,113,108,1
3,s033,113,81,103
3,s033,113,80,14
3,s033,113,83,29
3,s033,113,82,2
3,s033,113,85,16
3,s033,113,84,4
3,s033,113,87,4
3,s033,113,86,2
3,s033,113,89,28
3,s033,113,88,2
3,s033,113,91,5
3,s033,113,93,4
3,s033,113,92,1
3,s033,113,95,1
3,s033,113,94,1
3,s033,113,65,14
3,s033,113,64,4
3,s033,113,67,3
3,s033,113,69,1
3,s033,113,68,4
3,s033,113,71,1
3,s033,113,73,4
3,s033,113,72,1
3,s033,113,49,144
3,s033,113,48,41
3,s033,113,51,19
3,s033,113,50,3
3,s033,113,53,25
3,s033,113,52,7
3,s033,113,55,4
3,s033,113,54,2
3,s033,113,57,30
3,s033,113,56,8
3,s033,113,59,4
3,s033,113,61,2
3,s033,113,60,1
3,s033,113,63,1
3,s033,113,33,21
3,s033,113,32,7
3,s033,113,35,4
3,s033,113,34,1
3,s033,113,37,2
3,s033,113,36,1
3,s033,113,41,3
3,s033,113,43,1
3,s033,113,17,28
3,s033,113,16,8
3,s033,113,19,4
3,s033,113,18,2
3,s033,113,21,4
3,s033,113,23,1
3,s033,113,22,1
3,s033,113,25,7
3,s033,113,24,2
3,s033,113,27,1
3,s033,113,26,1
3,s033,113,29,3
3,s033,113,28,1
3,s033,113,1,5
3,s033,113,0,1
3,s033,113,3,1
3,s033,113,4,1
3,s033,113,9,1
3,s034,112,112,849
3,s034,112,113,117
3,s034,112,114,101
3,s034,112,115,17
3,s034,112,116,126
3,s034,112,117,21
3,s034,112,118,13
3,s034,112,119,3
3,s034,112,120,116
3,s034,112,121,15
3,s034,112,122,13
3,s034,112,123,1
3,s034,112,124,20
3,s034,112,126,1
3,s034,112,127,1
3,s034,112,96,107
3,s034,112,97,20
3,s034,112,98,7
3,s034,112,99,3
3,s034,112,100,20
3,s034,112,101,2
3,s034,112,102,1
3,s034,112,104,17
3,s034,112,105,5
3,s034,112,106,4
3,s034,112,108,2
3,s034,112,109,3
3,s034,112,110,1
3,s034,112,80,113
3,s034,112,81,23
3,s034,112,82,30
3,s034,112,83,3
3,s034,112,84,14
3,s034,112,85,2
3,s034,112,86,2
3,s034,112,88,26
3,s034,112,89,5
3,s034,112,90,7
3,s034,112,92,4
3,s034,112,64,18
3,s034,112,65,3
3,s034,112,66,5
3,s034,112,68,3
3,s034,112,69,1
3,s034,112,72,2
3,s034,112,73,1
3,s034,112,75,1
3,s034,112,76,1
3,s034,112,77,1
3,s034,112,48,144
3,s034,112,49,43
3,s034,112,50,30
3,s034,112,51,7
3,s034,112,52,25
3,s034,112,53,9
3,s034,112,54,1
3,s034,112,55,3
3,s034,112,56,29
3,s034,112,57,5
3,s034,112,58,1
3,s034,112,60,9
3,s034,112,61,3
3,s034,112,62,1
3,s034,112,32,19
3,s034,112,33,6
3,s034,112,34,2
3,s034,112,35,2
3,s034,112,36,4
3,s034,112,37,1
3,s034,112,38,1
3,s034,112,40,3
3,s034,112,41,1
3,s034,112,42,1
3,s034,112,45,2
3,s034,112,16,35
3,s034,112,17,8
3,s034,112,18,4
3,s034,112,19,3
3,s034,112,20,2
3,s034,112,22,1
3,s034,112,24,6
3,s034,112,25,1
3,s034,112,26,1
3,s034,112,27,1
3,s034,112,0,2
3,s034,112,1,1
3,s034,112,3,1
3,s034,112,5,1
3,s034,112,8,2
3,s035,53,53,810
3,s035,53,52,132
3,s035,53,55,83
3,s035,53,54,17
3,s035,53,49,121
3,s035,53,48,19
3,s035,53,51,18
3,s035,53,61,153
3,s035,53,60,25
3,s035,53,63,13
3,s035,53,62,4
3,s035,53,57,22
3,s035,53,56,3
3,s035,53,59,2
3,s035,53,58,1
3,s035,53,37,105
3,s035,53,36,16
3,s035,53,39,17
3,s035,53,38,2
3,s035,53,33,12
3,s035,53,32,4
3,s035,53,35,2
3,s035,53,34,1
3,s035,53,45,17
3,s035,53,44,7
3,s035,53,47,1
3,s035,53,41,3
3,s035,53,40,1
3,s035,53,43,2
3,s035,53,21,118
3,s035,53,20,16
3,s035,53,23,28
3,s035,53,22,5
3,s035,53,17,13
3,s035,53,19,9
3,s035,53,18,1
3,s035,53,29,24
3,s035,53,28,2
3,s035,53,31,6
3,s035,53,30,1
3,s035,53,25,4
3,s035,53,27,2
3,s035,53,5,11
3,s035,53,4,3
3,s035,53,7,2
3,s035,53,6,1
3,s035,53,1,7
3,s035,53,3,2
3,s035,53,13,2
3,s035,53,15,1
3,s035,53,117,157
3,s035,53,116,57
3,s035,53,119,17
3,s035,53,118,10
3,s035,53,113,21
3,s035,53,112,6
3,s035,53,115,2
3,s035,53,114,1
3,s035,53,125,39
3,s035,53,124,11
3,s035,53,127,7
3,s035,53,126,4
3,s035,53,121,2
3,s035,53,120,4
3,s035,53,101,23
3,s035,53,100,4
3,s035,53,102,2
3,s035,53,97,2
3,s035,53,96,3
3,s035,53,109,6
3,s035,53,108,1
3,s035,53,106,1
3,s035,53,85,30
3,s035,53,84,10
3,s035,53,87,3
3,s035,53,86,4
3,s035,53,81,4
3,s035,53,80,1
3,s035,53,83,3
3,s035,53,93,7
3,s035,53,92,1
3,s035,53,95,1
3,s035,53,69,3
3,s035,53,65,1
3,s035,53,77,2
3,s035,53,76,3
3,s035,53,72,1
3,s036,20,20,844
3,s036,20,21,105
3,s036,20,22,119
3,s036,20,23,22
3,s036,20,16,118
3,s036,20,17,24
3,s036,20,18,19
3,s036,20,19,1
3,s036,20,28,160
3,s036,20,29,15
3,s036,20,30,16
3,s036,20,31,4
3,s036,20,24,24
3,s036,20,25,4
3,s036,20,26,3
3,s036,20,4,113
3,s036,20,5,16
3,s036,20,6,20
3,s036,20,7,1
3,s036,20,0,15
3,s036,20,1,4
3,s036,20,2,4
3,s036,20,3,1
3,s036,20,12,15
3,s036,20,13,6
3,s036,20,14,2
3,s036,20,8,3
3,s036,20,10,1
3,s036,20,11,1
3,s036,20,52,117
3,s036,20,53,12
3,s036,20,54,32
3,s036,20,55,7
3,s036,20,48,16
3,s036,20,50,4
3,s036,20,60,15
3,s036,20,61,3
3,s036,20,62,7
3,s036,20,63,1
3,s036,20,56,3
3,s036,20,36,19
3,s036,20,37,6
3,s036,20,38,2
3,s036,20,32,8
3,s036,20,44,5
3,s036,20,45,1
3,s036,20,46,1
3,s036,20,84,130
3,s036,20,85,49
3,s036,20,86,23
3,s036,20,87,6
3,s036,20,80,21
3,s036,20,81,13
3,s036,20,82,2
3,s036,20,92,32
3,s036,20,93,7
3,s036,20,94,1
3,s036,20,95,1
3,s036,20,88,5
3,s036,20,89,2
3,s036,20,68,32
3,s036,20,69,12
3,s036,20,70,1
3,s036,20,64,1
3,s036,20,66,1
3,s036,20,76,8
3,s036,20,72,4
3,s036,20,116,22
3,s036,20,117,5
3,s036,20,118,5
3,s036,20,119,1
3,s036,20,112,5
3,s036,20,114,2
3,s036,20,124,6
3,s036,20,125,1
3,s036,20,126,2
3,s036,20,127,1
3,s036,20,122,1
3,s036,20,100,5
3,s036,20,101,2
3,s036,20,102,3
3,s036,20,96,2
3,s036,20,99,1
3,s037,88,88,810
3,s037,88,89,142
3,s037,88,90,85
3,s037,88,91,23
3,s037,88,92,126
3,s037,88,93,23
3,s037,88,94,14
3,s037,88,95,3
3,s037,88,80,161
3,s037,88,81,23
3,s037,88,82,18
3,s037,88,83,4
3,s037,88,84,24
3,s037,88,85,3
3,s037,88,86,6
3,s037,88,72,98
3,s037,88,73,16
3,s037,88,74,12
3,s037,88,75,5
3,s037,88,76,13
3,s037,88,77,5
3,s037,88,78,2
3,s037,88,79,2
3,s037,88,64,23
3,s037,88,65,9
3,s037,88,66,2
3,s037,88,68,6
3,s037,88,69,1
3,s037,88,120,129
3,s037,88,121,15
3,s037,88,122,39
3,s037,88,123,2
3,s037,88,124,21
3,s037,88,125,3
3,s037,88,126,4
3,s037,88,112,27
3,s037,88,113,1
3,s037,88,114,5
3,s037,88,115,1
3,s037,88,116,9
3,s037,88,117,1
3,s037,88,118,1
3,s037,88,104,21
3,s037,88,105,2
3,s037,88,106,4
3,s037,88,108,2
3,s037,88,109,1
3,s037,88,110,1
3,s037,88,96,3
3,s037,88,97,1
3,s037,88,98,1
3,s037,88,24,160
3,s037,88,25,46
3,s037,88,26,25
3,s037,88,27,5
3,s037,88,28,18
3,s037,88,29,6
3,s037,88,30,3
3,s037,88,31,2
3,s037,88,16,15
3,s037,88,17,11
3,s037,88,18,2
3,s037,88,19,2
3,s037,88,20,6
3,s037,88,23,1
3,s037,88,8,19
3,s037,88,9,7
3,s037,88,10,1
3,s037,88,11,1
3,s037,88,12,1
3,s037,88,13,1
3,s037,88,0,2
3,s037,88,1,1
3,s037,88,56,33
3,s037,88,57,10
3,s037,88,58,3
3,s037,88,59,2
3,s037,88,60,1
3,s037,88,61,2
3,s037,88,62,1
3,s037,88,63,2
3,s037,88,48,1
3,s037,88,52,1
3,s037,88,40,3
3,s037,88,41,1
3,s037,88,43,1
3,s037,88,44,1
3,s038,98,98,768
3,s038,98,99,107
3,s038,98,96,81
3,s038,98,97,6
3,s038,98,102,121
3,s038,98,103,12
3,s038,98,100,14
3,s038,98,101,2
3,s038,98,106,146
3,s038,98,107,19
3,s038,98,104,13
3,s038,98,105,2
3,s038,98,110,14
3,s038,98,108,2
3,s038,98,109,2
3,s038,98,114,92
3,s038,98,115,18
3,s038,98,112,14
3,s038,98,113,3
3,s038,98,118,12
3,s038,98,119,4
3,s038,98,116,4
3,s038,98,117,1
3,s038,98,122,22
3,s038,98,123,4
3,s038,98,120,3
3,s038,98,121,2
3,s038,98,126,2
3,s038,98,127,2
3,s038,98,66,124
3,s038,98,67,17
3,s038,98,64,30
3,s038,98,65,3
3,s038,98,70,15
3,s038,98,71,4
3,s038,98,68,6
3,s038,98,69,1
3,s038,98,74,19
3,s038,98,75,2
3,s038,98,72,10
3,s038,98,78,3
3,s038,98,79,1
3,s038,98,82,13
3,s038,98,83,2
3,s038,98,80,3
3,s038,98,86,2
3,s038,98,90,1
3,s038,98,91,1
3,s038,98,34,149
3,s038,98,35,40
3,s038,98,32,17
3,s038,98,33,11
3,s038,98,38,21
3,s038,98,39,5
3,s038,98,36,5
3,s038,98,37,1
3,s038,98,42,33
3,s038,98,43,6
3,s038,98,40,5
3,s038,98,41,1
3,s038,98,46,2
3,s038,98,47,5
3,s038,98,50,23
3,s038,98,51,7
3,s038,98,48,3
3,s038,98,49,1
3,s038,98,54,1
3,s038,98,55,1
3,s038,98,58,2
3,s038,98,59,1
3,s038,98,57,1
3,s038,98,62,2
3,s038,98,63,2
3,s038,98,2,29
3,s038,98,3,2
3,s038,98,0,5
3,s038,98,1,2
3,s038,98,6,1
3,s038,98,7,3
3,s038,98,4,1
3,s038,98,10,4
3,s038,98,11,1
3,s038,98,14,1
3,s038,98,18,6
3,s038,98,19,1
3,s038,98,17,1
3,s038,98,23,1
3,s038,98,20,1
3,s038,98,27,1
3,s039,102,102,811
3,s039,102,103,98
3,s039,102,100,106
3,s039,102,101,6
3,s039,102,98,94
3,s039,102,99,21
3,s039,102,96,18
3,s039,102,97,5
3,s039,102,110,131
3,s039,102,111,23
3,s039,102,108,21
3,s039,102,109,2
3,s039,102,106,23
3,s039,102,107,5
3,s039,102,104,2
3,s039,102,105,1
3,s039,102,118,82
3,s039,102,119,20
3,s039,102,116,10
3,s039,102,117,5
3,s039,102,114,16
3,s039,102,115,2
3,s039,102,112,2
3,s039,102,126,13
3,s039,102,127,4
3,s039,102,124,3
3,s039,102,70,129
3,s039,102,71,11
3,s039,102,68,28
3,s039,102,69,3
3,s039,102,66,15
3,s039,102,67,1
3,s039,102,64,5
3,s039,102,65,1
3,s039,102,78,24
3,s039,102,79,3
3,s039,102,76,6
3,s039,102,77,2
3,s039,102,74,4
3,s039,102,75,1
3,s039,102,72,1
3,s039,102,86,22
3,s039,102,87,1
3,s039,102,84,7
3,s039,102,85,1
3,s039,102,82,2
3,s039,102,95,2
3,s039,102,92,1
3,s039,102,38,146
3,s039,102,39,43
3,s039,102,36,21
3,s039,102,37,6
3,s039,102,34,24
3,s039,102,35,4
3,s039,102,32,3
3,s039,102,33,1
3,s039,102,46,18
3,s039,102,47,10
3,s039,102,44,2
3,s039,102,45,1
3,s039,102,42,2
3,s039,102,54,24
3,s039,102,55,8
3,s039,102,52,2
3,s039,102,53,2
3,s039,102,50,5
3,s039,102,51,1
3,s039,102,48,1
3,s039,102,62,1
3,s039,102,63,3
3,s039,102,58,1
3,s039,102,6,23
3,s039,102,7,7
3,s039,102,4,4
3,s039,102,2,2
3,s039,102,14,3
3,s039,102,15,1
3,s039,102,12,1
3,s039,102,10,2
3,s039,102,22,5
3,s039,102,23,4
3,s039,102,21,1
3,s039,102,30,1
5,s000,23,23,453
5,s000,23,22,94
5,s000,23,21,79
5,s000,23,20,24
5,s000,23,19,120
5,s000,23,18,27
5,s000,23,17,23
5,s000,23,16,10
5,s000,23,31,126
5,s000,23,30,34
5,s000,23,29,24
5,s000,23,28,6
5,s000,23,27,30
5,s000,23,26,7
5,s000,23,25,8
5,s000,23,7,74
5,s000,23,6,27
5,s000,23,5,17
5,s000,23,4,6
5,s000,23,3,17
5,s000,23,2,1
5,s000,23,1,5
5,s000,23,0,1
5,s000,23,15,28
5,s000,23,14,3
5,s000,23,13,7
5,s000,23,12,2
5,s000,23,11,8
5,s000,23,10,4
5,s000,23,9,2
5,s000,23,55,102
5,s000,23,54,23
5,s000,23,53,32
5,s000,23,52,7
5,s000,23,51,24
5,s000,23,50,6
5,s000,23,49,4
5,s000,23,48,2
5,s000,23,63,35
5,s000,23,62,6
5,s000,23,61,6
5,s000,23,60,3
5,s000,23,59,7
5,s000,23,58,2
5,s000,23,57,1
5,s000,23,39,17
5,s000,23,38,7
5,s000,23,37,3
5,s000,23,36,2
5,s000,23,35,3
5,s000,23,34,1
5,s000,23,33,1
5,s000,23,47,9
5,s000,23,46,3
5,s000,23,45,1
5,s000,23,44,1
5,s000,23,42,1
5,s000,23,87,140
5,s000,23,86,41
5,s000,23,85,29
5,s000,23,84,15
5,s000,23,83,28
5,s000,23,82,11
5,s000,23,81,7
5,s000,23,80,4
5,s000,23,95,41
5,s000,23,94,17
5,s000,23,93,8
5,s000,23,91,8
5,s000,23,90,3
5,s000,23,89,3
5,s000,23,88,2
5,s000,23,71,29
5,s000,23,70,17
5,s000,23,69,10
5,s000,23,68,6
5,s000,23,67,7
5,s000,23,66,2
5,s000,23,65,1
5,s000,23,79,5
5,s000,23,78,8
5,s000,23,77,2
5,s000,23,76,1
5,s000,23,75,2
5,s000,23,74,1
5,s000,23,73,1
5,s000,23,72,1
5,s000,23,119,44
5,s000,23,118,14
5,s000,23,117,13
5,s000,23,116,3
5,s000,23,115,12
5,s000,23,114,2
5,s000,23,112,1
5,s000,23,127,9
5,s000,23,126,7
5,s000,23,125,3
5,s000,23,123,3
5,s000,23,122,1
5,s000,23,103,9
5,s000,23,102,1
5,s000,23,101,1
5,s000,23,100,1
5,s000,23,99,2
5,s000,23,96,1
5,s000,23,111,2
5,s001,39,39,470
5,s001,39,38,113
5,s001,39,37,90
5,s001,39,36,19
5,s001,39,35,113
5,s001,39,34,23
5,s001,39,33,32
5,s001,39,32,7
5,s001,39,47,144
5,s001,39,46,28
5,s001,39,45,22
5,s001,39,44,7
5,s001,39,43,26
5,s001,39,42,12
5,s001,39,41,12
5,s001,39,40,4
5,s001,39,55,91
5,s001,39,54,23
5,s001,39,53,12
5,s001,39,52,11
5,s001,39,51,13
5,s001,39,50,5
5,s001,39,49,7
5,s001,39,48,2
5,s001,39,63,23
5,s001,39,62,5
5,s001,39,61,8
5,s001,39,60,1
5,s001,39,59,2
5,s001,39,58,3
5,s001,39,57,4
5,s001,39,56,1
5,s001,39,7,114
5,s001,39,6,27
5,s001,39,5,42
5,s001,39,4,7
5,s001,39,3,28
5,s001,39,2,9
5,s001,39,1,8
5,s001,39,0,2
5,s001,39,15,34
5,s001,39,14,8
5,s001,39,13,7
5,s001,39,12,7
5,s001,39,11,14
5,s001,39,23,18
5,s001,39,22,9
5,s001,39,21,5
5,s001,39,20,5
5,s001,39,19,5
5,s001,39,31,6
5,s001,39,30,2
5,s001,39,29,2
5,s001,39,28,1
5,s001,39,27,2
5,s001,39,25,1
5,s001,39,103,143
5,s001,39,102,52
5,s001,39,101,17
5,s001,39,100,12
5,s001,39,99,43
5,s001,39,98,10
5,s001,39,97,7
5,s001,39,96,2
5,s001,39,111,47
5,s001,39,110,13
5,s001,39,109,9
5,s001,39,108,6
5,s001,39,107,3
5,s001,39,106,4
5,s001,39,105,2
5,s001,39,104,1
5,s001,39,119,25
5,s001,39,118,17
5,s001,39,117,2
5,s001,39,116,2
5,s001,39,115,5
5,s001,39,114,3
5,s001,39,113,1
5,s001,39,112,2
5,s001,39,127,8
5,s001,39,126,5
5,s001,39,125,3
5,s001,39,123,2
5,s001,39,120,1
5,s001,39,71,24
5,s001,39,70,13
5,s001,39,69,17
5,s001,39,68,5
5,s001,39,67,9
5,s001,39,66,4
5,s001,39,65,2
5,s001,39,64,1
5,s001,39,79,14
5,s001,39,78,6
5,s001,39,77,4
5,s001,39,76,2
5,s001,39,75,4
5,s001,39,87,7
5,s001,39,86,3
5,s001,39,85,3
5,s001,39,84,1
5,s001,39,83,3
5,s001,39,82,1
5,s001,39,80,1
5,s001,39,95,2
5,s001,39,93,1
5,s001,39,91,1
5,s002,64,64,502
5,s002,64,65,110
5,s002,64,66,81
5,s002,64,67,22
5,s002,64,68,109
5,s002,64,69,28
5,s002,64,70,22
5,s002,64,71,4
5,s002,64,72,131
5,s002,64,73,30
5,s002,64,74,31
5,s002,64,75,6
5,s002,64,76,35
5,s002,64,77,8
5,s002,64,78,9
5,s002,64,79,1
5,s002,64,80,99
5,s002,64,81,24
5,s002,64,82,22
5,s002,64,83,6
5,s002,64,84,15
5,s002,64,85,4
5,s002,64,86,8
5,s002,64,87,4
5,s002,64,88,36
5,s002,64,89,8
5,s002,64,90,2
5,s002,64,91,2
5,s002,64,92,4
5,s002,64,93,2
5,s002,64,96,98
5,s002,64,97,15
5,s002,64,98,41
5,s002,64,99,7
5,s002,64,100,37
5,s002,64,101,7
5,s002,64,102,8
5,s002,64,103,3
5,s002,64,104,30
5,s002,64,105,3
5,s002,64,106,10
5,s002,64,107,2
5,s002,64,108,10
5,s002,64,109,1
5,s002,64,110,1
5,s002,64,112,23
5,s002,64,113,7
5,s002,64,114,7
5,s002,64,115,3
5,s002,64,116,4
5,s002,64,117,2
5,s002,64,118,2
5,s002,64,120,5
5,s002,64,122,1
5,s002,64,123,1
5,s002,64,0,146
5,s002,64,1,61
5,s002,64,2,21
5,s002,64,3,6
5,s002,64,4,28
5,s002,64,5,7
5,s002,64,6,9
5,s002,64,7,7
5,s002,64,8,42
5,s002,64,9,12
5,s002,64,10,4
5,s002,64,11,4
5,s002,64,12,6
5,s002,64,13,2
5,s002,64,14,1
5,s002,64,16,34
5,s002,64,17,17
5,s002,64,18,3
5,s002,64,19,6
5,s002,64,20,6
5,s002,64,21,1
5,s002,64,23,1
5,s002,64,24,5
5,s002,64,25,5
5,s002,64,27,2
5,s002,64,28,3
5,s002,64,29,2
5,s002,64,32,34
5,s002,64,33,16
5,s002,64,34,7
5,s002,64,35,5
5,s002,64,36,5
5,s002,64,37,2
5,s002,64,38,1
5,s002,64,39,1
5,s002,64,40,12
5,s002,64,41,3
5,s002,64,42,2
5,s002,64,44,4
5,s002,64,45,1
5,s002,64,48,10
5,s002,64,49,1
5,s002,64,52,5
5,s002,64,56,2
5,s002,64,57,3
5,s002,64,60,1
5,s003,72,72,461
5,s003,72,73,114
5,s003,72,74,90
5,s003,72,75,23
5,s003,72,76,109
5,s003,72,77,31
5,s003,72,78,24
5,s003,72,79,5
5,s003,72,64,120
5,s003,72,65,37
5,s003,72,66,28
5,s003,72,67,8
5,s003,72,68,22
5,s003,72,69,7
5,s003,72,70,6
5,s003,72,71,2
5,s003,72,88,70
5,s003,72,89,25
5,s003,72,90,13
5,s003,72,91,5
5,s003,72,92,18
5,s003,72,93,3
5,s003,72,94,3
5,s003,72,95,2
5,s003,72,80,28
5,s003,72,81,11
5,s003,72,82,3
5,s003,72,83,3
5,s003,72,84,5
5,s003,72,85,1
5,s003,72,104,118
5,s003,72,105,20
5,s003,72,106,37
5,s003,72,107,14
5,s003,72,108,27
5,s003,72,109,11
5,s003,72,110,7
5,s003,72,111,2
5,s003,72,96,36
5,s003,72,97,4
5,s003,72,98,17
5,s003,72,99,4
5,s003,72,100,11
5,s003,72,102,4
5,s003,72,103,1
5,s003,72,120,27
5,s003,72,121,7
5,s003,72,122,11
5,s003,72,124,8
5,s003,72,125,2
5,s003,72,112,3
5,s003,72,113,3
5,s003,72,114,2
5,s003,72,116,2
5,s003,72,8,144
5,s003,72,9,37
5,s003,72,10,23
5,s003,72,11,8
5,s003,72,12,31
5,s003,72,13,14
5,s003,72,14,2
5,s003,72,15,3
5,s003,72,0,44
5,s003,72,1,7
5,s003,72,2,8
5,s003,72,3,5
5,s003,72,4,15
5,s003,72,5,6
5,s003,72,6,4
5,s003,72,7,2
5,s003,72,24,32
5,s003,72,25,10
5,s003,72,26,4
5,s003,72,27,2
5,s003,72,28,10
5,s003,72,29,3
5,s003,72,30,3
5,s003,72,16,10
5,s003,72,17,7
5,s003,72,18,3
5,s003,72,19,2
5,s003,72,20,2
5,s003,72,21,2
5,s003,72,22,1
5,s003,72,40,36
5,s003,72,41,11
5,s003,72,42,6
5,s003,72,43,3
5,s003,72,44,9
5,s003,72,45,2
5,s003,72,46,1
5,s003,72,47,1
5,s003,72,32,6
5,s003,72,33,4
5,s003,72,34,1
5,s003,72,36,5
5,s003,72,37,2
5,s003,72,56,5
5,s003,72,57,2
5,s003,72,58,2
5,s003,72,59,1
5,s003,72,60,2
5,s003,72,61,2
5,s003,72,48,3
5,s003,72,49,2
5,s003,72,50,2
5,s003,72,52,1
5,s004,100,100,475
5,s004,100,101,107
5,s004,100,102,105
5,s004,100,103,31
5,s004,100,96,105
5,s004,100,97,34
5,s004,100,98,27
5,s004,100,99,6
5,s004,100,108,138
5,s004,100,109,30
5,s004,100,110,32
5,s004,100,111,4
5,s004,100,104,27
5,s004,100,105,9
5,s004,100,106,13
5,s004,100,116,96
5,s004,100,117,31
5,s004,100,118,21
5,s004,100,119,10
5,s004,100,112,21
5,s004,100,113,7
5,s004,100,114,2
5,s004,100,115,1
5,s004,100,124,27
5,s004,100,125,6
5,s004,100,126,2
5,s004,100,127,2
5,s004,100,120,6
5,s004,100,122,1
5,s004,100,68,125
5,s004,100,69,29
5,s004,100,70,34
5,s004,100,71,12
5,s004,100,64,23
5,s004,100,65,8
5,s004,100,66,10
5,s004,100,67,4
5,s004,100,76,22
5,s004,100,77,5
5,s004,100,78,9
5,s004,100,79,4
5,s004,100,72,15
5,s004,100,73,1
5,s004,100,74,3
5,s004,100,84,30
5,s004,100,85,8
5,s004,100,86,9
5,s004,100,87,1
5,s004,100,80,8
5,s004,100,81,1
5,s004,100,82,3
5,s004,100,92,5
5,s004,100,93,1
5,s004,100,94,1
5,s004,100,95,1
5,s004,100,88,3
5,s004,100,89,1
5,s004,100,36,150
5,s004,100,37,53
5,s004,100,38,29
5,s004,100,39,6
5,s004,100,32,37
5,s004,100,33,17
5,s004,100,34,7
5,s004,100,35,3
5,s004,100,44,27
5,s004,100,45,16
5,s004,100,46,5
5,s004,100,47,1
5,s004,100,40,12
5,s004,100,41,3
5,s004,100,42,2
5,s004,100,43,1
5,s004,100,52,40
5,s004,100,53,15
5,s004,100,54,4
5,s004,100,55,1
5,s004,100,48,9
5,s004,100,49,2
5,s004,100,50,1
5,s004,100,60,12
5,s004,100,61,5
5,s004,100,62,1
5,s004,100,56,4
5,s004,100,58,1
5,s004,100,4,41
5,s004,100,5,13
5,s004,100,6,8
5,s004,100,7,5
5,s004,100,0,7
5,s004,100,2,1
5,s004,100,12,13
5,s004,100,13,4
5,s004,100,14,5
5,s004,100,15,3
5,s004,100,8,1
5,s004,100,9,2
5,s004,100,10,3
5,s004,100,20,8
5,s004,100,21,2
5,s004,100,22,6
5,s004,100,23,3
5,s004,100,16,1
5,s004,100,28,1
5,s004,100,29,2
5,s004,100,30,4
5,s004,100,31,1
5,s004,100,25,1
5,s004,100,26,1
5,s005,59,59,559
5,s005,59,58,129
5,s005,59,57,101
5,s005,59,56,27
5,s005,59,63,114
5,s005,59,62,15
5,s005,59,61,17
5,s005,59,60,10
5,s005,59,51,145
5,s005,59,50,40
5,s005,59,49,31
5,s005,59,48,4
5,s005,59,55,22
5,s005,59,54,5
5,s005,59,53,7
5,s005,59,52,1
5,s005,59,43,101
5,s005,59,42,31
5,s005,59,41,13
5,s005,59,40,9
5,s005,59,47,19
5,s005,59,46,1
5,s005,59,45,4
5,s005,59,44,1
5,s005,59,35,28
5,s005,59,34,11
5,s005,59,33,1
5,s005,59,32,1
5,s005,59,39,12
5,s005,59,38,4
5,s005,59,37,3
5,s005,59,36,1
5,s005,59,27,116
5,s005,59,26,24
5,s005,59,25,37
5,s005,59,24,8
5,s005,59,31,32
5,s005,59,30,4
5,s005,59,29,5
5,s005,59,28,4
5,s005,59,19,33
5,s005,59,18,3
5,s005,59,17,9
5,s005,59,16,4
5,s005,59,23,14
5,s005,59,22,1
5,s005,59,21,2
5,s005,59,20,2
5,s005,59,11,21
5,s005,59,10,8
5,s005,59,9,9
5,s005,59,8,4
5,s005,59,15,13
5,s005,59,14,2
5,s005,59,13,2
5,s005,59,12,1
5,s005,59,3,13
5,s005,59,2,2
5,s005,59,1,1
5,s005,59,0,2
5,s005,59,7,2
5,s005,59,6,1
5,s005,59,5,1
5,s005,59,123,142
5,s005,59,122,54
5,s005,59,121,25
5,s005,59,120,11
5,s005,59,127,33
5,s005,59,126,16
5,s005,59,125,8
5,s005,59,124,2
5,s005,59,115,43
5,s005,59,114,17
5,s005,59,113,10
5,s005,59,112,2
5,s005,59,119,5
5,s005,59,118,2
5,s005,59,117,4
5,s005,59,107,28
5,s005,59,106,12
5,s005,59,105,3
5,s005,59,104,1
5,s005,59,111,6
5,s005,59,110,4
5,s005,59,108,1
5,s005,59,99,8
5,s005,59,98,4
5,s005,59,96,1
5,s005,59,103,1
5,s005,59,102,1
5,s005,59,100,1
5,s005,59,91,26
5,s005,59,90,11
5,s005,59,89,6
5,s005,59,88,6
5,s005,59,95,10
5,s005,59,94,4
5,s005,59,92,2
5,s005,59,83,8
5,s005,59,82,3
5,s005,59,81,7
5,s005,59,80,1
5,s005,59,87,1
5,s005,59,75,15
5,s005,59,74,7
5,s005,59,73,2
5,s005,59,79,1
5,s005,59,67,2
5,s005,59,66,1
5,s005,59,65,1
5,s005,59,68,1
5,s006,18,18,525
5,s006,18,19,119
5,s006,18,16,97
5,s006,18,17,27
5,s006,18,22,122
5,s006,18,23,27
5,s006,18,20,25
5,s006,18,21,14
5,s006,18,26,147
5,s006,18,27,38
5,s006,18,24,27
5,s006,18,25,4
5,s006,18,30,29
5,s006,18,31,14
5,s006,18,28,6
5,s006,18,29,1
5,s006,18,2,91
5,s006,18,3,37
5,s006,18,0,23
5,s006,18,1,3
5,s006,18,6,17
5,s006,18,7,5
5,s006,18,4,5
5,s006,18,10,30
5,s006,18,11,7
5,s006,18,8,5
5,s006,18,9,2
5,s006,18,14,6
5,s006,18,15,2
5,s006,18,12,2
5,s006,18,50,114
5,s006,18,51,31
5,s006,18,48,33
5,s006,18,49,6
5,s006,18,54,35
5,s006,18,55,5
5,s006,18,52,4
5,s006,18,53,2
5,s006,18,58,30
5,s006,18,59,6
5,s006,18,56,10
5,s006,18,57,3
5,s006,18,62,15
5,s006,18,63,2
5,s006,18,60,1
5,s006,18,61,1
5,s006,18,34,21
5,s006,18,35,9
5,s006,18,32,7
5,s006,18,33,1
5,s006,18,38,6
5,s006,18,39,2
5,s006,18,36,2
5,s006,18,42,4
5,s006,18,43,2
5,s006,18,40,3
5,s006,18,41,1
5,s006,18,46,1
5,s006,18,82,140
5,s006,18,83,57
5,s006,18,80,28
5,s006,18,81,7
5,s006,18,86,35
5,s006,18,87,17
5,s006,18,84,14
5,s006,18,85,7
5,s006,18,90,45
5,s006,18,91,12
5,s006,18,88,9
5,s006,18,94,11
5,s006,18,95,6
5,s006,18,92,2
5,s006,18,93,1
5,s006,18,66,30
5,s006,18,67,12
5,s006,18,64,3
5,s006,18,65,2
5,s006,18,70,9
5,s006,18,71,3
5,s006,18,68,4
5,s006,18,69,3
5,s006,18,74,9
5,s006,18,75,3
5,s006,18,72,2
5,s006,18,73,1
5,s006,18,79,2
5,s006,18,76,1
5,s006,18,114,35
5,s006,18,115,18
5,s006,18,112,13
5,s006,18,113,7
5,s006,18,118,7
5,s006,18,119,6
5,s006,18,116,4
5,s006,18,117,1
5,s006,18,122,10
5,s006,18,123,3
5,s006,18,120,3
5,s006,18,121,1
5,s006,18,126,3
5,s006,18,127,2
5,s006,18,124,1
5,s006,18,125,1
5,s006,18,98,10
5,s006,18,99,2
5,s006,18,96,4
5,s006,18,97,2
5,s006,18,103,1
5,s006,18,100,2
5,s006,18,106,4
5,s006,18,107,2
5,s006,18,104,1
5,s006,18,105,1
5,s006,18,110,1
5,s007,18,18,493
5,s007,18,19,90
5,s007,18,16,80
5,s007,18,17,22
5,s007,18,22,110
5,s007,18,23,20
5,s007,18,20,19
5,s007,18,21,1
5,s007,18,26,141
5,s007,18,27,41
5,s007,18,24,23
5,s007,18,25,6
5,s007,18,30,29
5,s007,18,31,8
5,s007,18,28,8
5,s007,18,29,1
5,s007,18,2,88
5,s007,18,3,25
5,s007,18,0,15
5,s007,18,1,2
5,s007,18,6,20
5,s007,18,7,6
5,s007,18,4,5
5,s007,18,10,25
5,s007,18,11,8
5,s007,18,8,5
5,s007,18,9,2
5,s007,18,14,5
5,s007,18,15,4
5,s007,18,12,1
5,s007,18,50,108
5,s007,18,51,27
5,s007,18,48,27
5,s007,18,49,6
5,s007,18,54,22
5,s007,18,55,5
5,s007,18,52,4
5,s007,18,53,1
5,s007,18,58,38
5,s007,18,59,11
5,s007,18,56,4
5,s007,18,57,2
5,s007,18,62,7
5,s007,18,63,2
5,s007,18,60,1
5,s007,18,34,28
5,s007,18,35,6
5,s007,18,32,12
5,s007,18,38,7
5,s007,18,36,2
5,s007,18,37,1
5,s007,18,42,4
5,s007,18,43,1
5,s007,18,40,2
5,s007,18,41,1
5,s007,18,46,3
5,s007,18,47,3
5,s007,18,44,1
5,s007,18,82,146
5,s007,18,83,44
5,s007,18,80,27
5,s007,18,81,9
5,s007,18,86,29
5,s007,18,87,13
5,s007,18,84,6
5,s007,18,85,3
5,s007,18,90,30
5,s007,18,91,8
5,s007,18,88,10
5,s007,18,89,3
5,s007,18,94,12
5,s007,18,95,2
5,s007,18,92,1
5,s007,18,93,1
5,s007,18,66,29
5,s007,18,67,21
5,s007,18,64,6
5,s007,18,65,6
5,s007,18,70,5
5,s007,18,71,4
5,s007,18,68,2
5,s007,18,69,1
5,s007,18,74,7
5,s007,18,75,8
5,s007,18,72,1
5,s007,18,78,3
5,s007,18,76,1
5,s007,18,114,39
5,s007,18,115,10
5,s007,18,112,10
5,s007,18,113,2
5,s007,18,118,10
5,s007,18,119,2
5,s007,18,116,3
5,s007,18,117,1
5,s007,18,122,8
5,s007,18,123,2
5,s007,18,120,2
5,s007,18,121,1
5,s007,18,124,1
5,s007,18,125,1
5,s007,18,98,6
5,s007,18,99,6
5,s007,18,96,1
5,s007,18,97,1
5,s007,18,103,2
5,s007,18,101,1
5,s007,18,106,5
5,s007,18,107,1
5,s007,18,108,1
5,s008,49,49,505
5,s008,49,48,106
5,s008,49,51,93
5,s008,49,50,21
5,s008,49,53,113
5,s008,49,52,23
5,s008,49,55,21
5,s008,49,54,4
5,s008,49,57,129
5,s008,49,56,28
5,s008,49,59,28
5,s008,49,58,9
5,s008,49,61,30
5,s008,49,60,13
5,s008,49,63,9
5,s008,49,33,89
5,s008,49,32,28
5,s008,49,35,16
5,s008,49,34,4
5,s008,49,37,25
5,s008,49,36,1
5,s008,49,39,3
5,s008,49,38,1
5,s008,49,41,36
5,s008,49,40,3
5,s008,49,43,5
5,s008,49,42,1
5,s008,49,45,7
5,s008,49,44,4
5,s008,49,47,1
5,s008,49,46,1
5,s008,49,17,100
5,s008,49,16,36
5,s008,49,19,34
5,s008,49,18,11
5,s008,49,21,43
5,s008,49,20,6
5,s008,49,23,10
5,s008,49,22,1
5,s008,49,25,30
5,s008,49,24,8
5,s008,49,27,10
5,s008,49,26,2
5,s008,49,29,4
5,s008,49,28,2
5,s008,49,31,1
5,s008,49,30,1
5,s008,49,1,21
5,s008,49,0,9
5,s008,49,3,8
5,s008,49,2,1
5,s008,49,5,4
5,s008,49,7,1
5,s008,49,6,3
5,s008,49,9,4
5,s008,49,11,3
5,s008,49,13,2
5,s008,49,12,2
5,s008,49,113,172
5,s008,49,112,60
5,s008,49,115,19
5,s008,49,114,13
5,s008,49,117,28
5,s008,49,116,7
5,s008,49,119,6
5,s008,49,118,4
5,s008,49,121,36
5,s008,49,120,9
5,s008,49,123,8
5,s008,49,122,2
5,s008,49,125,6
5,s008,49,124,4
5,s008,49,127,3
5,s008,49,126,1
5,s008,49,97,18
5,s008,49,96,11
5,s008,49,99,5
5,s008,49,98,2
5,s008,49,101,9
5,s008,49,100,3
5,s008,49,103,1
5,s008,49,102,2
5,s008,49,105,4
5,s008,49,104,6
5,s008,49,109,5
5,s008,49,108,1
5,s008,49,111,1
5,s008,49,81,44
5,s008,49,80,10
5,s008,49,83,9
5,s008,49,82,4
5,s008,49,85,6
5,s008,49,84,7
5,s008,49,87,5
5,s008,49,89,11
5,s008,49,88,4
5,s008,49,91,2
5,s008,49,90,1
5,s008,49,93,2
5,s008,49,94,1
5,s008,49,65,6
5,s008,49,67,3
5,s008,49,66,1
5,s008,49,69,5
5,s008,49,71,1
5,s008,49,73,2
5,s009,105,105,493
5,s009,105,104,128
5,s009,105,107,89
5,s009,105,106,22
5,s009,105,109,102
5,s009,105,108,24
5,s009,105,111,24
5,s009,105,110,4
5,s009,105,97,114
5,s009,105,96,30
5,s009,105,99,31
5,s009,105,98,11
5,s009,105,101,21
5,s009,105,100,9
5,s009,105,103,3
5,s009,105,102,5
5,s009,105,121,86
5,s009,105,120,24
5,s009,105,123,21
5,s009,105,122,9
5,s009,105,125,20
5,s009,105,124,5
5,s009,105,127,7
5,s009,105,126,2
5,s009,105,113,24
5,s009,105,112,6
5,s009,105,115,5
5,s009,105,114,2
5,s009,105,117,5
5,s009,105,116,2
5,s009,105,119,1
5,s009,105,73,114
5,s009,105,72,24
5,s009,105,75,31
5,s009,105,74,10
5,s009,105,77,24
5,s009,105,76,17
5,s009,105,79,10
5,s009,105,65,24
5,s009,105,64,4
5,s009,105,67,10
5,s009,105,66,2
5,s009,105,69,6
5,s009,105,68,4
5,s009,105,71,3
5,s009,105,70,1
5,s009,105,89,24
5,s009,105,88,7
5,s009,105,91,5
5,s009,105,93,4
5,s009,105,92,2
5,s009,105,95,1
5,s009,105,81,5
5,s009,105,80,5
5,s009,105,83,3
5,s009,105,82,1
5,s009,105,86,2
5,s009,105,41,137
5,s009,105,40,45
5,s009,105,43,25
5,s009,105,42,10
5,s009,105,45,26
5,s009,105,44,10
5,s009,105,47,4
5,s009,105,46,6
5,s009,105,33,38
5,s009,105,32,12
5,s009,105,35,11
5,s009,105,34,1
5,s009,105,37,9
5,s009,105,36,4
5,s009,105,39,1
5,s009,105,57,27
5,s009,105,56,12
5,s009,105,59,3
5,s009,105,58,2
5,s009,105,61,5
5,s009,105,60,5
5,s009,105,63,2
5,s009,105,49,11
5,s009,105,48,3
5,s009,105,51,3
5,s009,105,53,2
5,s009,105,55,1
5,s009,105,9,37
5,s009,105,8,10
5,s009,105,11,16
5,s009,105,10,4
5,s009,105,13,8
5,s009,105,12,3
5,s009,105,15,4
5,s009,105,14,1
5,s009,105,1,17
5,s009,105,0,4
5,s009,105,3,6
5,s009,105,2,3
5,s009,105,5,2
5,s009,105,4,3
5,s009,105,25,7
5,s009,105,24,6
5,s009,105,27,3
5,s009,105,26,1
5,s009,105,28,1
5,s009,105,17,3
5,s009,105,16,2
5,s010,82,82,515
5,s010,82,83,108
5,s010,82,80,110
5,s010,82,81,25
5,s010,82,86,111
5,s010,82,87,25
5,s010,82,84,30
5,s010,82,85,2
5,s010,82,90,152
5,s010,82,91,45
5,s010,82,88,28
5,s010,82,89,9
5,s010,82,94,37
5,s010,82,95,14
5,s010,82,92,8
5,s010,82,93,3
5,s010,82,66,89
5,s010,82,67,34
5,s010,82,64,21
5,s010,82,65,4
5,s010,82,70,18
5,s010,82,71,2
5,s010,82,68,1
5,s010,82,74,35
5,s010,82,75,6
5,s010,82,72,7
5,s010,82,78,6
5,s010,82,79,2
5,s010,82,76,1
5,s010,82,77,1
5,s010,82,114,115
5,s010,82,115,34
5,s010,82,112,23
5,s010,82,113,7
5,s010,82,118,39
5,s010,82,119,4
5,s010,82,116,4
5,s010,82,117,4
5,s010,82,122,37
5,s010,82,123,6
5,s010,82,120,16
5,s010,82,121,6
5,s010,82,126,7
5,s010,82,127,1
5,s010,82,124,5
5,s010,82,125,1
5,s010,82,98,27
5,s010,82,99,10
5,s010,82,96,5
5,s010,82,97,2
5,s010,82,102,5
5,s010,82,103,3
5,s010,82,101,3
5,s010,82,106,7
5,s010,82,107,1
5,s010,82,104,3
5,s010,82,110,2
5,s010,82,108,1
5,s010,82,18,173
5,s010,82,19,51
5,s010,82,16,26
5,s010,82,17,9
5,s010,82,22,35
5,s010,82,23,18
5,s010,82,20,5
5,s010,82,26,53
5,s010,82,27,11
5,s010,82,24,8
5,s010,82,25,1
5,s010,82,30,9
5,s010,82,31,3
5,s010,82,28,4
5,s010,82,2,25
5,s010,82,3,14
5,s010,82,0,7
5,s010,82,1,5
5,s010,82,6,3
5,s010,82,7,5
5,s010,82,4,1
5,s010,82,5,2
5,s010,82,10,8
5,s010,82,11,4
5,s010,82,8,1
5,s010,82,9,3
5,s010,82,14,2
5,s010,82,15,2
5,s010,82,13,1
5,s010,82,50,31
5,s010,82,51,14
5,s010,82,48,16
5,s010,82,49,6
5,s010,82,54,7
5,s010,82,55,5
5,s010,82,52,1
5,s010,82,53,1
5,s010,82,58,8
5,s010,82,59,1
5,s010,82,56,6
5,s010,82,57,1
5,s010,82,62,4
5,s010,82,60,1
5,s010,82,61,1
5,s010,82,34,10
5,s010,82,35,3
5,s010,82,32,3
5,s010,82,33,4
5,s010,82,38,1
5,s010,82,36,2
5,s010,82,37,1
5,s010,82,42,2
5,s010,82,43,2
5,s011,121,121,509
5,s011,121,120,114
5,s011,121,123,98
5,s011,121,122,24
5,s011,121,125,125
5,s011,121,124,25
5,s011,121,127,21
5,s011,121,126,10
5,s011,121,113,120
5,s011,121,112,31
5,s011,121,115,20
5,s011,121,114,13
5,s011,121,117,37
5,s011,121,116,8
5,s011,121,119,9
5,s011,121,118,4
5,s011,121,105,113
5,s011,121,104,19
5,s011,121,107,18
5,s011,121,106,7
5,s011,121,109,15
5,s011,121,108,5
5,s011,121,111,3
5,s011,121,97,27
5,s011,121,96,5
5,s011,121,99,6
5,s011,121,98,1
5,s011,121,101,8
5,s011,121,100,3
5,s011,121,103,2
5,s011,121,102,1
5,s011,121,89,108
5,s011,121,88,23
5,s011,121,91,38
5,s011,121,90,7
5,s011,121,93,27
5,s011,121,92,6
5,s011,121,95,10
5,s011,121,94,5
5,s011,121,81,40
5,s011,121,80,11
5,s011,121,83,10
5,s011,121,82,1
5,s011,121,85,6
5,s011,121,84,1
5,s011,121,87,5
5,s011,121,73,32
5,s011,121,72,15
5,s011,121,75,8
5,s011,121,74,7
5,s011,121,77,6
5,s011,121,76,1
5,s011,121,79,1
5,s011,121,78,3
5,s011,121,65,3
5,s011,121,64,1
5,s011,121,67,3
5,s011,121,69,3
5,s011,121,68,1
5,s011,121,57,170
5,s011,121,56,54
5,s011,121,59,27
5,s011,121,58,8
5,s011,121,61,35
5,s011,121,60,9
5,s011,121,63,7
5,s011,121,62,1
5,s011,121,49,33
5,s011,121,48,15
5,s011,121,51,6
5,s011,121,50,4
5,s011,121,53,15
5,s011,121,52,4
5,s011,121,55,2
5,s011,121,54,1
5,s011,121,41,31
5,s011,121,40,10
5,s011,121,43,6
5,s011,121,42,2
5,s011,121,45,6
5,s011,121,44,2
5,s011,121,47,2
5,s011,121,33,1
5,s011,121,32,3
5,s011,121,35,3
5,s011,121,37,4
5,s011,121,25,32
5,s011,121,24,13
5,s011,121,27,13
5,s011,121,26,4
5,s011,121,29,5
5,s011,121,28,4
5,s011,121,31,4
5,s011,121,30,1
5,s011,121,17,13
5,s011,121,16,4
5,s011,121,19,2
5,s011,121,18,1
5,s011,121,21,4
5,s011,121,9,12
5,s011,121,8,5
5,s011,121,11,3
5,s011,121,13,4
5,s011,121,1,2
5,s011,121,0,3
5,s011,121,4,1
5,s012,90,90,510
5,s012,90,91,95
5,s012,90,88,97
5,s012,90,89,24
5,s012,90,94,112
5,s012,90,95,32
5,s012,90,92,27
5,s012,90,93,7
5,s012,90,82,135
5,s012,90,83,29
5,s012,90,80,24
5,s012,90,81,11
5,s012,90,86,33
5,s012,90,87,6
5,s012,90,84,6
5,s012,90,85,1
5,s012,90,74,88
5,s012,90,75,32
5,s012,90,72,20
5,s012,90,73,3
5,s012,90,78,23
5,s012,90,79,6
5,s012,90,76,4
5,s012,90,77,1
5,s012,90,66,26
5,s012,90,67,7
5,s012,90,64,10
5,s012,90,70,5
5,s012,90,71,2
5,s012,90,122,115
5,s012,90,123,22
5,s012,90,120,34
5,s012,90,121,9
5,s012,90,126,29
5,s012,90,127,2
5,s012,90,124,8
5,s012,90,125,2
5,s012,90,114,32
5,s012,90,115,8
5,s012,90,112,11
5,s012,90,113,3
5,s012,90,118,9
5,s012,90,119,1
5,s012,90,116,3
5,s012,90,106,24
5,s012,90,107,6
5,s012,90,104,12
5,s012,90,105,4
5,s012,90,110,7
5,s012,90,111,2
5,s012,90,98,10
5,s012,90,99,2
5,s012,90,96,4
5,s012,90,97,2
5,s012,90,102,1
5,s012,90,26,141
5,s012,90,27,57
5,s012,90,24,35
5,s012,90,25,6
5,s012,90,30,36
5,s012,90,31,11
5,s012,90,28,6
5,s012,90,29,4
5,s012,90,18,46
5,s012,90,19,9
5,s012,90,16,13
5,s012,90,17,3
5,s012,90,22,7
5,s012,90,23,1
5,s012,90,20,5
5,s012,90,10,28
5,s012,90,11,10
5,s012,90,8,5
5,s012,90,9,3
5,s012,90,14,8
5,s012,90,15,2
5,s012,90,13,1
5,s012,90,2,10
5,s012,90,3,9
5,s012,90,0,3
5,s012,90,1,1
5,s012,90,6,3
5,s012,90,7,1
5,s012,90,4,1
5,s012,90,58,36
5,s012,90,59,17
5,s012,90,56,13
5,s012,90,57,7
5,s012,90,62,11
5,s012,90,63,3
5,s012,90,60,1
5,s012,90,50,9
5,s012,90,51,4
5,s012,90,48,3
5,s012,90,55,2
5,s012,90,52,1
5,s012,90,42,6
5,s012,90,43,5
5,s012,90,40,3
5,s012,90,47,1
5,s012,90,34,1
5,s012,90,38,1
5,s012,90,39,1
5,s012,90,37,1
5,s013,101,101,491
5,s013,101,100,114
5,s013,101,103,105
5,s013,101,102,27
5,s013,101,97,106
5,s013,101,96,36
5,s013,101,99,33
5,s013,101,98,4
5,s013,101,109,130
5,s013,101,108,42
5,s013,101,111,29
5,s013,101,110,7
5,s013,101,105,33
5,s013,101,104,9
5,s013,101,107,2
5,s013,101,106,2
5,s013,101,117,85
5,s013,101,116,22
5,s013,101,119,18
5,s013,101,118,6
5,s013,101,113,14
5,s013,101,112,7
5,s013,101,115,6
5,s013,101,114,1
5,s013,101,125,30
5,s013,101,124,7
5,s013,101,127,6
5,s013,101,126,1
5,s013,101,121,3
5,s013,101,120,1
5,s013,101,69,125
5,s013,101,68,30
5,s013,101,71,30
5,s013,101,70,8
5,s013,101,65,23
5,s013,101,64,7
5,s013,101,67,10
5,s013,101,77,26
5,s013,101,76,5
5,s013,101,79,4
5,s013,101,78,2
5,s013,101,73,12
5,s013,101,72,4
5,s013,101,75,3
5,s013,101,74,2
5,s013,101,85,20
5,s013,101,84,7
5,s013,101,87,4
5,s013,101,86,2
5,s013,101,81,4
5,s013,101,80,1
5,s013,101,83,2
5,s013,101,93,6
5,s013,101,92,4
5,s013,101,95,2
5,s013,101,94,1
5,s013,101,89,3
5,s013,101,37,129
5,s013,101,36,62
5,s013,101,39,25
5,s013,101,38,12
5,s013,101,33,40
5,s013,101,32,11
5,s013,101,35,9
5,s013,101,34,5
5,s013,101,45,39
5,s013,101,44,9
5,s013,101,47,11
5,s013,101,46,5
5,s013,101,41,10
5,s013,101,40,2
5,s013,101,43,2
5,s013,101,42,1
5,s013,101,53,31
5,s013,101,52,15
5,s013,101,55,12
5,s013,101,54,3
5,s013,101,49,2
5,s013,101,48,1
5,s013,101,50,1
5,s013,101,61,7
5,s013,101,60,5
5,s013,101,63,4
5,s013,101,62,2
5,s013,101,56,1
5,s013,101,5,35
5,s013,101,4,20
5,s013,101,7,10
5,s013,101,6,6
5,s013,101,1,11
5,s013,101,0,4
5,s013,101,3,1
5,s013,101,2,1
5,s013,101,13,16
5,s013,101,12,4
5,s013,101,15,1
5,s013,101,8,2
5,s013,101,10,1
5,s013,101,21,11
5,s013,101,20,5
5,s013,101,23,2
5,s013,101,17,2
5,s013,101,16,1
5,s013,101,19,2
5,s013,101,29,2
5,s013,101,25,1
5,s013,101,27,1
5,s014,13,13,497
5,s014,13,12,111
5,s014,13,15,104
5,s014,13,14,25
5,s014,13,9,112
5,s014,13,8,23
5,s014,13,11,24
5,s014,13,10,5
5,s014,13,5,130
5,s014,13,4,31
5,s014,13,7,30
5,s014,13,6,5
5,s014,13,1,31
5,s014,13,0,6
5,s014,13,3,14
5,s014,13,2,2
5,s014,13,29,99
5,s014,13,28,36
5,s014,13,31,13
5,s014,13,30,5
5,s014,13,25,25
5,s014,13,24,2
5,s014,13,27,3
5,s014,13,26,3
5,s014,13,21,29
5,s014,13,20,12
5,s014,13,23,6
5,s014,13,22,2
5,s014,13,17,9
5,s014,13,16,4
5,s014,13,19,1
5,s014,13,45,103
5,s014,13,44,30
5,s014,13,47,34
5,s014,13,46,9
5,s014,13,41,33
5,s014,13,40,5
5,s014,13,43,5
5,s014,13,42,4
5,s014,13,37,36
5,s014,13,36,9
5,s014,13,39,8
5,s014,13,38,2
5,s014,13,33,8
5,s014,13,32,1
5,s014,13,35,5
5,s014,13,34,2
5,s014,13,61,19
5,s014,13,60,5
5,s014,13,63,8
5,s014,13,57,11
5,s014,13,56,2
5,s014,13,59,1
5,s014,13,53,4
5,s014,13,52,2
5,s014,13,55,1
5,s014,13,54,1
5,s014,13,49,4
5,s014,13,48,2
5,s014,13,51,1
5,s014,13,77,160
5,s014,13,76,43
5,s014,13,79,36
5,s014,13,78,11
5,s014,13,73,27
5,s014,13,72,15
5,s014,13,75,6
5,s014,13,74,3
5,s014,13,69,38
5,s014,13,68,15
5,s014,13,71,8
5,s014,13,70,2
5,s014,13,65,9
5,s014,13,64,3
5,s014,13,67,1
5,s014,13,66,1
5,s014,13,93,26
5,s014,13,92,11
5,s014,13,95,4
5,s014,13,94,1
5,s014,13,89,9
5,s014,13,88,3
5,s014,13,91,2
5,s014,13,85,11
5,s014,13,84,6
5,s014,13,87,4
5,s014,13,86,2
5,s014,13,81,4
5,s014,13,80,1
5,s014,13,83,2
5,s014,13,109,39
5,s014,13,108,16
5,s014,13,111,12
5,s014,13,110,4
5,s014,13,105,13
5,s014,13,104,4
5,s014,13,107,5
5,s014,13,106,3
5,s014,13,101,11
5,s014,13,100,4
5,s014,13,103,2
5,s014,13,102,1
5,s014,13,97,3
5,s014,13,96,1
5,s014,13,99,1
5,s014,13,98,1
5,s014,13,125,5
5,s014,13,124,6
5,s014,13,127,4
5,s014,13,123,3
5,s014,13,117,4
5,s014,13,116,1
5,s014,13,118,1
5,s014,13,113,5
5,s015,18,18,495
5,s015,18,19,98
5,s015,18,16,103
5,s015,18,17,20
5,s015,18,22,99
5,s015,18,23,17
5,s015,18,20,29
5,s015,18,21,5
5,s015,18,26,130
5,s015,18,27,42
5,s015,18,24,25
5,s015,18,25,5
5,s015,18,30,28
5,s015,18,31,7
5,s015,18,28,1
5,s015,18,29,1
5,s015,18,2,96
5,s015,18,3,21
5,s015,18,0,16
5,s015,18,1,8
5,s015,18,6,18
5,s015,18,7,9
5,s015,18,4,3
5,s015,18,5,3
5,s015,18,10,24
5,s015,18,11,8
5,s015,18,8,10
5,s015,18,9,1
5,s015,18,14,5
5,s015,18,15,1
5,s015,18,12,2
5,s015,18,13,1
5,s015,18,50,114
5,s015,18,51,35
5,s015,18,48,30
5,s015,18,49,8
5,s015,18,54,29
5,s015,18,55,12
5,s015,18,52,13
5,s015,18,53,2
5,s015,18,58,32
5,s015,18,59,6
5,s015,18,56,5
5,s015,18,57,2
5,s015,18,62,14
5,s015,18,63,2
5,s015,18,60,6
5,s015,18,34,15
5,s015,18,35,10
5,s015,18,32,7
5,s015,18,33,1
5,s015,18,38,4
5,s015,18,39,1
5,s015,18,36,4
5,s015,18,42,9
5,s015,18,43,2
5,s015,18,40,3
5,s015,18,41,2
5,s015,18,46,1
5,s015,18,82,129
5,s015,18,83,58
5,s015,18,80,25
5,s015,18,81,18
5,s015,18,86,28
5,s015,18,87,17
5,s015,18,84,7
5,s015,18,85,5
5,s015,18,90,43
5,s015,18,91,13
5,s015,18,88,9
5,s015,18,89,5
5,s015,18,94,11
5,s015,18,95,1
5,s015,18,92,4
5,s015,18,66,26
5,s015,18,67,8
5,s015,18,64,9
5,s015,18,65,4
5,s015,18,70,13
5,s015,18,71,3
5,s015,18,74,8
5,s015,18,75,6
5,s015,18,72,3
5,s015,18,79,1
5,s015,18,114,39
5,s015,18,115,18
5,s015,18,112,7
5,s015,18,113,6
5,s015,18,118,18
5,s015,18,119,3
5,s015,18,116,3
5,s015,18,117,1
5,s015,18,122,17
5,s015,18,123,1
5,s015,18,120,6
5,s015,18,121,2
5,s015,18,126,2
5,s015,18,127,1
5,s015,18,124,1
5,s015,18,98,8
5,s015,18,99,9
5,s015,18,96,2
5,s015,18,103,3
5,s015,18,106,3
5,s015,18,107,1
5,s015,18,104,1
5,s015,18,110,1
5,s016,54,54,484
5,s016,54,55,115
5,s016,54,52,83
5,s016,54,53,20
5,s016,54,50,99
5,s016,54,51,20
5,s016,54,48,24
5,s016,54,49,8
5,s016,54,62,139
5,s016,54,63,26
5,s016,54,60,21
5,s016,54,61,4
5,s016,54,58,41
5,s016,54,59,7
5,s016,54,56,8
5,s016,54,57,2
5,s016,54,38,83
5,s016,54,39,27
5,s016,54,36,12
5,s016,54,37,10
5,s016,54,34,17
5,s016,54,35,5
5,s016,54,32,6
5,s016,54,46,24
5,s016,54,47,9
5,s016,54,44,6
5,s016,54,45,3
5,s016,54,42,6
5,s016,54,43,7
5,s016,54,22,149
5,s016,54,23,28
5,s016,54,20,41
5,s016,54,21,4
5,s016,54,18,25
5,s016,54,19,9
5,s016,54,16,6
5,s016,54,17,3
5,s016,54,30,27
5,s016,54,31,6
5,s016,54,28,15
5,s016,54,29,4
5,s016,54,26,12
5,s016,54,27,2
5,s016,54,24,4
5,s016,54,6,19
5,s016,54,7,8
5,s016,54,4,4
5,s016,54,5,5
5,s016,54,2,5
5,s016,54,3,2
5,s016,54,0,3
5,s016,54,14,8
5,s016,54,15,2
5,s016,54,12,4
5,s016,54,10,1
5,s016,54,9,1
5,s016,54,118,147
5,s016,54,119,55
5,s016,54,116,34
5,s016,54,117,13
5,s016,54,114,36
5,s016,54,115,11
5,s016,54,112,10
5,s016,54,113,2
5,s016,54,126,38
5,s016,54,127,11
5,s016,54,124,5
5,s016,54,125,3
5,s016,54,122,8
5,s016,54,123,6
5,s016,54,120,1
5,s016,54,121,1
5,s016,54,102,25
5,s016,54,103,11
5,s016,54,100,9
5,s016,54,101,3
5,s016,54,98,9
5,s016,54,99,5
5,s016,54,96,1
5,s016,54,110,4
5,s016,54,111,7
5,s016,54,109,3
5,s016,54,106,4
5,s016,54,107,3
5,s016,54,104,2
5,s016,54,86,26
5,s016,54,87,10
5,s016,54,84,9
5,s016,54,85,6
5,s016,54,82,8
5,s016,54,83,2
5,s016,54,80,1
5,s016,54,94,15
5,s016,54,95,3
5,s016,54,92,1
5,s016,54,90,1
5,s016,54,88,1
5,s016,54,70,14
5,s016,54,71,2
5,s016,54,68,2
5,s016,54,67,1
5,s016,54,78,1
5,s016,54,79,1
5,s017,5,5,497
5,s017,5,4,91
5,s017,5,7,88
5,s017,5,6,14
5,s017,5,1,115
5,s017,5,0,21
5,s017,5,3,23
5,s017,5,2,3
5,s017,5,13,110
5,s017,5,12,42
5,s017,5,15,21
5,s017,5,14,4
5,s017,5,9,25
5,s017,5,8,4
5,s017,5,11,3
5,s017,5,10,1
5,s017,5,21,75
5,s017,5,20,25
5,s017,5,23,18
5,s017,5,22,9
5,s017,5,17,11
5,s017,5,16,7
5,s017,5,19,8
5,s017,5,18,1
5,s017,5,29,34
5,s017,5,28,7
5,s017,5,31,5
5,s017,5,30,1
5,s017,5,25,7
5,s017,5,24,2
5,s017,5,27,2
5,s017,5,26,3
5,s017,5,37,114
5,s017,5,36,24
5,s017,5,39,34
5,s017,5,38,5
5,s017,5,33,22
5,s017,5,32,5
5,s017,5,35,10
5,s017,5,34,1
5,s017,5,45,37
5,s017,5,44,9
5,s017,5,47,8
5,s017,5,46,2
5,s017,5,41,8
5,s017,5,40,3
5,s017,5,43,4
5,s017,5,53,25
5,s017,5,52,6
5,s017,5,55,4
5,s017,5,54,4
5,s017,5,49,8
5,s017,5,48,1
5,s017,5,51,1
5,s017,5,61,7
5,s017,5,60,3
5,s017,5,63,3
5,s017,5,69,181
5,s017,5,68,57
5,s017,5,71,21
5,s017,5,70,16
5,s017,5,65,34
5,s017,5,64,13
5,s017,5,67,10
5,s017,5,66,3
5,s017,5,77,31
5,s017,5,76,11
5,s017,5,79,6
5,s017,5,78,3
5,s017,5,73,6
5,s017,5,72,1
5,s017,5,75,1
5,s017,5,74,1
5,s017,5,85,26
5,s017,5,84,25
5,s017,5,87,3
5,s017,5,86,2
5,s017,5,81,10
5,s017,5,80,3
5,s017,5,83,2
5,s017,5,93,8
5,s017,5,92,4
5,s017,5,95,3
5,s017,5,94,2
5,s017,5,89,4
5,s017,5,88,3
5,s017,5,91,1
5,s017,5,101,33
5,s017,5,100,18
5,s017,5,103,13
5,s017,5,102,5
5,s017,5,97,8
5,s017,5,96,5
5,s017,5,99,1
5,s017,5,98,4
5,s017,5,109,7
5,s017,5,108,4
5,s017,5,111,2
5,s017,5,110,1
5,s017,5,105,4
5,s017,5,104,1
5,s017,5,107,2
5,s017,5,106,2
5,s017,5,117,9
5,s017,5,116,3
5,s017,5,119,3
5,s017,5,118,3
5,s017,5,113,4
5,s017,5,112,2
5,s017,5,115,1
5,s017,5,125,5
5,s017,5,124,3
5,s017,5,127,1
5,s018,28,28,507
5,s018,28,29,93
5,s018,28,30,88
5,s018,28,31,18
5,s018,28,24,112
5,s018,28,25,25
5,s018,28,26,28
5,s018,28,27,8
5,s018,28,20,122
5,s018,28,21,30
5,s018,28,22,35
5,s018,28,23,4
5,s018,28,16,51
5,s018,28,17,6
5,s018,28,18,8
5,s018,28,12,107
5,s018,28,13,16
5,s018,28,14,20
5,s018,28,15,4
5,s018,28,8,11
5,s018,28,9,5
5,s018,28,10,10
5,s018,28,4,30
5,s018,28,5,13
5,s018,28,6,6
5,s018,28,7,1
5,s018,28,0,5
5,s018,28,1,2
5,s018,28,2,2
5,s018,28,3,1
5,s018,28,60,111
5,s018,28,61,26
5,s018,28,62,26
5,s018,28,63,12
5,s018,28,56,24
5,s018,28,57,7
5,s018,28,58,10
5,s018,28,59,3
5,s018,28,52,30
5,s018,28,53,4
5,s018,28,54,8
5,s018,28,55,2
5,s018,28,48,11
5,s018,28,49,1
5,s018,28,50,4
5,s018,28,44,29
5,s018,28,45,4
5,s018,28,46,9
5,s018,28,47,3
5,s018,28,40,4
5,s018,28,36,4
5,s018,28,37,4
5,s018,28,38,1
5,s018,28,35,1
5,s018,28,92,140
5,s018,28,93,53
5,s018,28,94,26
5,s018,28,95,15
5,s018,28,88,47
5,s018,28,89,12
5,s018,28,90,8
5,s018,28,91,5
5,s018,28,84,49
5,s018,28,85,12
5,s018,28,86,12
5,s018,28,87,3
5,s018,28,80,12
5,s018,28,81,2
5,s018,28,82,1
5,s018,28,76,25
5,s018,28,77,9
5,s018,28,78,6
5,s018,28,79,1
5,s018,28,72,8
5,s018,28,73,3
5,s018,28,74,2
5,s018,28,68,6
5,s018,28,69,4
5,s018,28,70,1
5,s018,28,71,1
5,s018,28,64,4
5,s018,28,66,2
5,s018,28,67,1
5,s018,28,124,31
5,s018,28,125,11
5,s018,28,126,16
5,s018,28,127,4
5,s018,28,120,17
5,s018,28,121,5
5,s018,28,122,1
5,s018,28,123,1
5,s018,28,116,15
5,s018,28,117,4
5,s018,28,118,3
5,s018,28,119,1
5,s018,28,112,3
5,s018,28,113,2
5,s018,28,108,9
5,s018,28,109,4
5,s018,28,110,6
5,s018,28,111,1
5,s018,28,104,4
5,s018,28,105,1
5,s018,28,106,1
5,s018,28,100,1
5,s018,28,101,3
5,s018,28,102,1
5,s019,71,71,463
5,s019,71,70,126
5,s019,71,69,74
5,s019,71,68,23
5,s019,71,67,84
5,s019,71,66,30
5,s019,71,65,29
5,s019,71,64,2
5,s019,71,79,137
5,s019,71,78,28
5,s019,71,77,16
5,s019,71,76,4
5,s019,71,75,32
5,s019,71,74,13
5,s019,71,73,13
5,s019,71,87,83
5,s019,71,86,27
5,s019,71,85,11
5,s019,71,84,5
5,s019,71,83,15
5,s019,71,82,7
5,s019,71,81,7
5,s019,71,80,2
5,s019,71,95,27
5,s019,71,94,7
5,s019,71,93,6
5,s019,71,92,1
5,s019,71,91,4
5,s019,71,90,4
5,s019,71,89,1
5,s019,71,88,1
5,s019,71,103,110
5,s019,71,102,35
5,s019,71,101,39
5,s019,71,100,9
5,s019,71,99,25
5,s019,71,98,6
5,s019,71,97,7
5,s019,71,96,1
5,s019,71,111,23
5,s019,71,110,7
5,s019,71,109,12
5,s019,71,108,6
5,s019,71,107,10
5,s019,71,106,1
5,s019,71,105,5
5,s019,71,104,5
5,s019,71,119,31
5,s019,71,118,9
5,s019,71,117,11
5,s019,71,116,5
5,s019,71,115,6
5,s019,71,114,1
5,s019,71,113,2
5,s019,71,127,3
5,s019,71,126,2
5,s019,71,125,5
5,s019,71,124,1
5,s019,71,121,1
5,s019,71,7,126
5,s019,71,6,36
5,s019,71,5,27
5,s019,71,4,10
5,s019,71,3,39
5,s019,71,2,14
5,s019,71,1,7
5,s019,71,0,3
5,s019,71,15,44
5,s019,71,14,16
5,s019,71,13,8
5,s019,71,12,1
5,s019,71,11,7
5,s019,71,10,1
5,s019,71,9,3
5,s019,71,23,27
5,s019,71,22,6
5,s019,71,21,3
5,s019,71,20,4
5,s019,71,19,7
5,s019,71,18,2
5,s019,71,17,1
5,s019,71,31,6
5,s019,71,30,4
5,s019,71,29,2
5,s019,71,27,2
5,s019,71,26,1
5,s019,71,39,34
5,s019,71,38,12
5,s019,71,37,5
5,s019,71,36,8
5,s019,71,35,3
5,s019,71,34,5
5,s019,71,33,3
5,s019,71,47,10
5,s019,71,46,5
5,s019,71,45,2
5,s019,71,44,2
5,s019,71,41,2
5,s019,71,55,12
5,s019,71,54,3
5,s019,71,53,3
5,s019,71,52,3
5,s019,71,51,1
5,s019,71,49,2
5,s019,71,63,4
5,s019,71,62,2
5,s019,71,61,1
5,s019,71,60,2
5,s019,71,59,1
5,s020,13,13,487
5,s020,13,12,118
5,s020,13,15,100
5,s020,13,14,21
5,s020,13,9,132
5,s020,13,8,29
5,s020,13,11,27
5,s020,13,10,8
5,s020,13,5,131
5,s020,13,4,25
5,s020,13,7,23
5,s020,13,6,8
5,s020,13,1,31
5,s020,13,0,9
5,s020,13,3,4
5,s020,13,29,97
5,s020,13,28,34
5,s020,13,31,17
5,s020,13,30,4
5,s020,13,25,30
5,s020,13,24,4
5,s020,13,27,6
5,s020,13,26,1
5,s020,13,21,29
5,s020,13,20,5
5,s020,13,23,5
5,s020,13,22,1
5,s020,13,17,7
5,s020,13,18,1
5,s020,13,45,126
5,s020,13,44,32
5,s020,13,47,37
5,s020,13,46,7
5,s020,13,41,29
5,s020,13,40,12
5,s020,13,43,8
5,s020,13,42,1
5,s020,13,37,38
5,s020,13,36,7
5,s020,13,39,8
5,s020,13,38,5
5,s020,13,33,7
5,s020,13,32,3
5,s020,13,35,1
5,s020,13,34,1
5,s020,13,61,21
5,s020,13,60,4
5,s020,13,63,6
5,s020,13,57,5
5,s020,13,56,3
5,s020,13,59,1
5,s020,13,53,5
5,s020,13,52,4
5,s020,13,55,1
5,s020,13,49,1
5,s020,13,48,1
5,s020,13,77,157
5,s020,13,76,66
5,s020,13,79,27
5,s020,13,78,9
5,s020,13,73,29
5,s020,13,72,12
5,s020,13,75,11
5,s020,13,74,1
5,s020,13,69,39
5,s020,13,68,15
5,s020,13,71,7
5,s020,13,70,3
5,s020,13,65,15
5,s020,13,64,5
5,s020,13,67,2
5,s020,13,93,23
5,s020,13,92,13
5,s020,13,95,2
5,s020,13,94,3
5,s020,13,89,7
5,s020,13,88,2
5,s020,13,91,2
5,s020,13,85,10
5,s020,13,84,1
5,s020,13,87,1
5,s020,13,86,1
5,s020,13,81,2
5,s020,13,109,38
5,s020,13,108,16
5,s020,13,111,7
5,s020,13,110,1
5,s020,13,105,15
5,s020,13,104,7
5,s020,13,107,3
5,s020,13,101,6
5,s020,13,100,3
5,s020,13,103,3
5,s020,13,102,1
5,s020,13,97,3
5,s020,13,96,2
5,s020,13,99,3
5,s020,13,125,3
5,s020,13,124,3
5,s020,13,127,2
5,s020,13,121,1
5,s020,13,120,2
5,s020,13,116,1
5,s020,13,119,2
5,s020,13,114,1
5,s021,113,113,514
5,s021,113,112,127
5,s021,113,115,98
5,s021,113,114,20
5,s021,113,117,113
5,s021,113,116,34
5,s021,113,119,34
5,s021,113,118,7
5,s021,113,121,151
5,s021,113,120,31
5,s021,113,123,22
5,s021,113,122,8
5,s021,113,125,26
5,s021,113,124,7
5,s021,113,127,15
5,s021,113,126,2
5,s021,113,97,84
5,s021,113,96,32
5,s021,113,99,22
5,s021,113,98,9
5,s021,113,101,27
5,s021,113,100,18
5,s021,113,103,2
5,s021,113,105,36
5,s021,113,104,3
5,s021,113,107,4
5,s021,113,106,1
5,s021,113,109,7
5,s021,113,108,3
5,s021,113,81,108
5,s021,113,80,24
5,s021,113,83,30
5,s021,113,82,10
5,s021,113,85,33
5,s021,113,84,10
5,s021,113,87,12
5,s021,113,86,2
5,s021,113,89,33
5,s021,113,88,6
5,s021,113,91,7
5,s021,113,90,3
5,s021,113,93,7
5,s021,113,92,5
5,s021,113,95,5
5,s021,113,65,33
5,s021,113,64,2
5,s021,113,67,8
5,s021,113,66,3
5,s021,113,69,4
5,s021,113,68,1
5,s021,113,71,1
5,s021,113,73,6
5,s021,113,72,3
5,s021,113,75,1
5,s021,113,77,1
5,s021,113,76,1
5,s021,113,78,2
5,s021,113,49,163
5,s021,113,48,58
5,s021,113,51,35
5,s021,113,50,7
5,s021,113,53,29
5,s021,113,52,16
5,s021,113,55,5
5,s021,113,57,41
5,s021,113,56,13
5,s021,113,59,7
5,s021,113,58,6
5,s021,113,61,12
5,s021,113,60,3
5,s021,113,63,1
5,s021,113,62,1
5,s021,113,33,30
5,s021,113,32,22
5,s021,113,35,7
5,s021,113,34,3
5,s021,113,37,9
5,s021,113,36,6
5,s021,113,38,3
5,s021,113,41,7
5,s021,113,40,3
5,s021,113,45,5
5,s021,113,44,2
5,s021,113,17,34
5,s021,113,16,6
5,s021,113,19,9
5,s021,113,18,5
5,s021,113,21,15
5,s021,113,20,5
5,s021,113,23,2
5,s021,113,22,1
5,s021,113,25,16
5,s021,113,24,7
5,s021,113,29,2
5,s021,113,31,3
5,s021,113,1,6
5,s021,113,0,6
5,s021,113,3,1
5,s021,113,5,3
5,s021,113,4,1
5,s021,113,6,1
5,s021,113,9,4
5,s021,113,8,2
5,s022,65,65,475
5,s022,65,64,97
5,s022,65,67,92
5,s022,65,66,30
5,s022,65,69,121
5,s022,65,68,23
5,s022,65,71,24
5,s022,65,70,5
5,s022,65,73,133
5,s022,65,72,31
5,s022,65,75,26
5,s022,65,74,8
5,s022,65,77,30
5,s022,65,76,11
5,s022,65,79,9
5,s022,65,78,1
5,s022,65,81,85
5,s022,65,80,25
5,s022,65,83,23
5,s022,65,82,3
5,s022,65,85,18
5,s022,65,84,9
5,s022,65,87,4
5,s022,65,86,2
5,s022,65,89,25
5,s022,65,88,7
5,s022,65,91,3
5,s022,65,90,1
5,s022,65,93,6
5,s022,65,92,7
5,s022,65,95,2
5,s022,65,94,1
5,s022,65,97,114
5,s022,65,96,32
5,s022,65,99,31
5,s022,65,98,5
5,s022,65,101,23
5,s022,65,100,9
5,s022,65,103,8
5,s022,65,102,4
5,s022,65,105,33
5,s022,65,104,7
5,s022,65,107,10
5,s022,65,106,2
5,s022,65,109,4
5,s022,65,108,1
5,s022,65,111,1
5,s022,65,110,1
5,s022,65,113,29
5,s022,65,112,7
5,s022,65,115,3
5,s022,65,114,1
5,s022,65,117,8
5,s022,65,116,2
5,s022,65,119,2
5,s022,65,121,8
5,s022,65,120,2
5,s022,65,123,2
5,s022,65,122,1
5,s022,65,124,2
5,s022,65,1,162
5,s022,65,0,47
5,s022,65,3,29
5,s022,65,2,8
5,s022,65,5,34
5,s022,65,4,12
5,s022,65,7,10
5,s022,65,6,2
5,s022,65,9,43
5,s022,65,8,16
5,s022,65,11,6
5,s022,65,10,3
5,s022,65,13,11
5,s022,65,12,2
5,s022,65,15,1
5,s022,65,17,32
5,s022,65,16,10
5,s022,65,19,8
5,s022,65,18,2
5,s022,65,21,8
5,s022,65,20,1
5,s022,65,23,2
5,s022,65,22,1
5,s022,65,25,3
5,s022,65,24,1
5,s022,65,26,2
5,s022,65,29,3
5,s022,65,33,22
5,s022,65,32,13
5,s022,65,35,8
5,s022,65,34,5
5,s022,65,37,5
5,s022,65,36,2
5,s022,65,39,3
5,s022,65,41,14
5,s022,65,40,6
5,s022,65,43,5
5,s022,65,42,4
5,s022,65,45,6
5,s022,65,44,2
5,s022,65,49,11
5,s022,65,48,3
5,s022,65,51,3
5,s022,65,50,1
5,s022,65,55,4
5,s022,65,57,2
5,s022,65,56,2
5,s022,65,62,1
5,s023,11,11,521
5,s023,11,10,110
5,s023,11,9,105
5,s023,11,8,17
5,s023,11,15,102
5,s023,11,14,31
5,s023,11,13,26
5,s023,11,12,9
5,s023,11,3,133
5,s023,11,2,19
5,s023,11,1,22
5,s023,11,0,7
5,s023,11,7,31
5,s023,11,6,9
5,s023,11,5,12
5,s023,11,4,1
5,s023,11,27,71
5,s023,11,26,25
5,s023,11,25,13
5,s023,11,24,8
5,s023,11,31,25
5,s023,11,30,9
5,s023,11,29,4
5,s023,11,28,1
5,s023,11,19,21
5,s023,11,18,5
5,s023,11,17,5
5,s023,11,16,5
5,s023,11,23,7
5,s023,11,22,1
5,s023,11,21,1
5,s023,11,43,112
5,s023,11,42,32
5,s023,11,41,37
5,s023,11,40,12
5,s023,11,47,37
5,s023,11,46,11
5,s023,11,45,5
5,s023,11,44,2
5,s023,11,35,29
5,s023,11,34,9
5,s023,11,33,10
5,s023,11,32,1
5,s023,11,39,5
5,s023,11,38,1
5,s023,11,37,3
5,s023,11,36,1
5,s023,11,59,34
5,s023,11,58,6
5,s023,11,57,10
5,s023,11,56,1
5,s023,11,63,6
5,s023,11,62,1
5,s023,11,61,2
5,s023,11,51,6
5,s023,11,50,4
5,s023,11,49,1
5,s023,11,48,1
5,s023,11,55,2
5,s023,11,54,1
5,s023,11,53,1
5,s023,11,75,135
5,s023,11,74,51
5,s023,11,73,28
5,s023,11,72,12
5,s023,11,79,30
5,s023,11,78,19
5,s023,11,77,10
5,s023,11,76,4
5,s023,11,67,37
5,s023,11,66,13
5,s023,11,65,7
5,s023,11,64,1
5,s023,11,71,9
5,s023,11,70,1
5,s023,11,69,2
5,s023,11,91,30
5,s023,11,90,15
5,s023,11,89,3
5,s023,11,88,6
5,s023,11,95,5
5,s023,11,94,3
5,s023,11,92,1
5,s023,11,83,7
5,s023,11,82,4
5,s023,11,81,2
5,s023,11,87,4
5,s023,11,86,1
5,s023,11,107,40
5,s023,11,106,13
5,s023,11,105,9
5,s023,11,104,5
5,s023,11,111,9
5,s023,11,110,1
5,s023,11,109,3
5,s023,11,108,1
5,s023,11,99,6
5,s023,11,98,5
5,s023,11,97,6
5,s023,11,103,2
5,s023,11,102,1
5,s023,11,123,6
5,s023,11,122,5
5,s023,11,121,2
5,s023,11,120,3
5,s023,11,127,2
5,s023,11,126,1
5,s023,11,125,1
5,s023,11,115,1
5,s023,11,114,1
5,s023,11,112,2
5,s024,2,2,470
5,s024,2,3,118
5,s024,2,0,87
5,s024,2,1,24
5,s024,2,6,99
5,s024,2,7,31
5,s024,2,4,15
5,s024,2,5,5
5,s024,2,10,143
5,s024,2,11,28
5,s024,2,8,26
5,s024,2,9,2
5,s024,2,14,35
5,s024,2,15,6
5,s024,2,12,12
5,s024,2,13,2
5,s024,2,18,80
5,s024,2,19,34
5,s024,2,16,12
5,s024,2,17,4
5,s024,2,22,21
5,s024,2,23,8
5,s024,2,20,5
5,s024,2,21,1
5,s024,2,26,29
5,s024,2,27,3
5,s024,2,24,3
5,s024,2,25,2
5,s024,2,30,6
5,s024,2,28,1
5,s024,2,34,131
5,s024,2,35,28
5,s024,2,32,31
5,s024,2,33,10
5,s024,2,38,24
5,s024,2,39,1
5,s024,2,36,6
5,s024,2,37,1
5,s024,2,42,33
5,s024,2,43,13
5,s024,2,40,7
5,s024,2,41,5
5,s024,2,46,9
5,s024,2,44,1
5,s024,2,50,22
5,s024,2,51,9
5,s024,2,48,3
5,s024,2,54,4
5,s024,2,55,3
5,s024,2,52,1
5,s024,2,58,6
5,s024,2,59,6
5,s024,2,56,2
5,s024,2,57,1
5,s024,2,62,1
5,s024,2,66,135
5,s024,2,67,48
5,s024,2,64,28
5,s024,2,65,8
5,s024,2,70,30
5,s024,2,71,19
5,s024,2,68,6
5,s024,2,69,1
5,s024,2,74,49
5,s024,2,75,19
5,s024,2,72,8
5,s024,2,73,3
5,s024,2,78,5
5,s024,2,79,6
5,s024,2,76,3
5,s024,2,82,24
5,s024,2,83,12
5,s024,2,80,4
5,s024,2,86,5
5,s024,2,87,2
5,s024,2,84,1
5,s024,2,90,5
5,s024,2,91,3
5,s024,2,88,1
5,s024,2,89,1
5,s024,2,94,2
5,s024,2,92,1
5,s024,2,93,1
5,s024,2,98,36
5,s024,2,99,16
5,s024,2,96,12
5,s024,2,97,2
5,s024,2,102,11
5,s024,2,103,4
5,s024,2,100,3
5,s024,2,101,1
5,s024,2,106,14
5,s024,2,107,4
5,s024,2,104,6
5,s024,2,105,1
5,s024,2,110,3
5,s024,2,111,1
5,s024,2,108,2
5,s024,2,114,11
5,s024,2,115,4
5,s024,2,112,1
5,s024,2,113,1
5,s024,2,119,1
5,s024,2,116,1
5,s024,2,122,3
5,s024,2,123,1
5,s024,2,121,1
5,s025,64,64,483
5,s025,64,65,98
5,s025,64,66,80
5,s025,64,67,16
5,s025,64,68,101
5,s025,64,69,21
5,s025,64,70,28
5,s025,64,71,7
5,s025,64,72,132
5,s025,64,73,31
5,s025,64,74,20
5,s025,64,75,5
5,s025,64,76,22
5,s025,64,77,7
5,s025,64,78,8
5,s025,64,79,1
5,s025,64,80,96
5,s025,64,81,29
5,s025,64,82,16
5,s025,64,83,5
5,s025,64,84,16
5,s025,64,85,8
5,s025,64,86,4
5,s025,64,87,2
5,s025,64,88,25
5,s025,64,89,8
5,s025,64,90,4
5,s025,64,91,1
5,s025,64,92,8
5,s025,64,93,1
5,s025,64,94,2
5,s025,64,96,119
5,s025,64,97,30
5,s025,64,98,38
5,s025,64,99,9
5,s025,64,100,28
5,s025,64,101,12
5,s025,64,102,11
5,s025,64,104,26
5,s025,64,105,5
5,s025,64,106,12
5,s025,64,107,5
5,s025,64,108,4
5,s025,64,109,2
5,s025,64,110,3
5,s025,64,111,2
5,s025,64,112,27
5,s025,64,113,3
5,s025,64,114,5
5,s025,64,115,2
5,s025,64,116,5
5,s025,64,120,7
5,s025,64,121,4
5,s025,64,122,3
5,s025,64,124,2
5,s025,64,126,1
5,s025,64,0,144
5,s025,64,1,46
5,s025,64,2,27
5,s025,64,3,16
5,s025,64,4,31
5,s025,64,5,15
5,s025,64,6,11
5,s025,64,7,1
5,s025,64,8,38
5,s025,64,9,14
5,s025,64,10,8
5,s025,64,11,2
5,s025,64,12,11
5,s025,64,13,6
5,s025,64,14,3
5,s025,64,15,1
5,s025,64,16,22
5,s025,64,17,8
5,s025,64,18,8
5,s025,64,19,2
5,s025,64,20,5
5,s025,64,21,6
5,s025,64,22,1
5,s025,64,23,1
5,s025,64,24,4
5,s025,64,25,3
5,s025,64,26,3
5,s025,64,27,1
5,s025,64,32,34
5,s025,64,33,18
5,s025,64,34,16
5,s025,64,35,3
5,s025,64,36,7
5,s025,64,37,1
5,s025,64,38,4
5,s025,64,40,8
5,s025,64,41,3
5,s025,64,42,2
5,s025,64,44,1
5,s025,64,48,8
5,s025,64,49,5
5,s025,64,50,2
5,s025,64,52,3
5,s025,64,56,1
5,s025,64,57,2
5,s025,64,60,3
5,s026,23,23,486
5,s026,23,22,98
5,s026,23,21,82
5,s026,23,20,21
5,s026,23,19,123
5,s026,23,18,16
5,s026,23,17,34
5,s026,23,16,7
5,s026,23,31,119
5,s026,23,30,23
5,s026,23,29,21
5,s026,23,28,7
5,s026,23,27,20
5,s026,23,26,5
5,s026,23,25,10
5,s026,23,24,1
5,s026,23,7,102
5,s026,23,6,24
5,s026,23,5,20
5,s026,23,4,5
5,s026,23,3,25
5,s026,23,2,6
5,s026,23,1,7
5,s026,23,0,3
5,s026,23,15,31
5,s026,23,14,11
5,s026,23,13,8
5,s026,23,12,4
5,s026,23,11,7
5,s026,23,55,113
5,s026,23,54,32
5,s026,23,53,35
5,s026,23,52,8
5,s026,23,51,22
5,s026,23,50,9
5,s026,23,49,10
5,s026,23,48,2
5,s026,23,63,42
5,s026,23,62,9
5,s026,23,61,13
5,s026,23,60,2
5,s026,23,59,7
5,s026,23,58,3
5,s026,23,57,3
5,s026,23,56,1
5,s026,23,39,24
5,s026,23,38,7
5,s026,23,37,5
5,s026,23,36,3
5,s026,23,35,5
5,s026,23,34,4
5,s026,23,33,2
5,s026,23,32,3
5,s026,23,47,13
5,s026,23,46,1
5,s026,23,45,4
5,s026,23,42,1
5,s026,23,41,1
5,s026,23,87,152
5,s026,23,86,56
5,s026,23,85,28
5,s026,23,84,12
5,s026,23,83,31
5,s026,23,82,5
5,s026,23,81,12
5,s026,23,80,3
5,s026,23,95,35
5,s026,23,94,10
5,s026,23,93,6
5,s026,23,92,3
5,s026,23,91,14
5,s026,23,90,6
5,s026,23,89,3
5,s026,23,88,2
5,s026,23,71,27
5,s026,23,70,16
5,s026,23,69,6
5,s026,23,68,3
5,s026,23,67,7
5,s026,23,66,3
5,s026,23,65,3
5,s026,23,79,9
5,s026,23,78,6
5,s026,23,77,4
5,s026,23,76,1
5,s026,23,75,1
5,s026,23,73,2
5,s026,23,119,33
5,s026,23,118,22
5,s026,23,117,14
5,s026,23,116,4
5,s026,23,115,5
5,s026,23,114,3
5,s026,23,112,4
5,s026,23,127,10
5,s026,23,126,2
5,s026,23,125,3
5,s026,23,123,3
5,s026,23,121,1
5,s026,23,120,1
5,s026,23,103,9
5,s026,23,102,1
5,s026,23,101,2
5,s026,23,99,2
5,s026,23,111,1
5,s026,23,110,1
5,s026,23,109,2
5,s026,23,107,1
5,s027,74,74,452
5,s027,74,75,113
5,s027,74,72,93
5,s027,74,73,16
5,s027,74,78,114
5,s027,74,79,31
5,s027,74,76,20
5,s027,74,77,6
5,s027,74,66,135
5,s027,74,67,33
5,s027,74,64,28
5,s027,74,65,8
5,s027,74,70,31
5,s027,74,71,12
5,s027,74,68,6
5,s027,74,69,1
5,s027,74,90,94
5,s027,74,91,35
5,s027,74,88,15
5,s027,74,89,5
5,s027,74,94,21
5,s027,74,95,3
5,s027,74,92,4
5,s027,74,93,3
5,s027,74,82,28
5,s027,74,83,13
5,s027,74,80,4
5,s027,74,86,2
5,s027,74,87,2
5,s027,74,84,2
5,s027,74,85,1
5,s027,74,106,117
5,s027,74,107,31
5,s027,74,104,31
5,s027,74,105,8
5,s027,74,110,25
5,s027,74,111,5
5,s027,74,108,11
5,s027,74,109,1
5,s027,74,98,26
5,s027,74,99,2
5,s027,74,96,10
5,s027,74,97,2
5,s027,74,102,3
5,s027,74,103,2
5,s027,74,100,3
5,s027,74,101,1
5,s027,74,122,16
5,s027,74,123,6
5,s027,74,120,5
5,s027,74,121,4
5,s027,74,126,10
5,s027,74,127,3
5,s027,74,114,11
5,s027,74,115,2
5,s027,74,112,1
5,s027,74,113,1
5,s027,74,118,1
5,s027,74,117,1
5,s027,74,10,143
5,s027,74,11,45
5,s027,74,8,21
5,s027,74,9,7
5,s027,74,14,22
5,s027,74,15,9
5,s027,74,12,9
5,s027,74,13,7
5,s027,74,2,41
5,s027,74,3,13
5,s027,74,0,4
5,s027,74,1,1
5,s027,74,6,6
5,s027,74,4,4
5,s027,74,5,1
5,s027,74,26,19
5,s027,74,27,10
5,s027,74,24,3
5,s027,74,25,2
5,s027,74,30,4
5,s027,74,31,3
5,s027,74,28,1
5,s027,74,18,12
5,s027,74,19,4
5,s027,74,16,1
5,s027,74,17,2
5,s027,74,22,1
5,s027,74,42,28
5,s027,74,43,16
5,s027,74,40,12
5,s027,74,41,1
5,s027,74,46,8
5,s027,74,47,5
5,s027,74,44,2
5,s027,74,45,1
5,s027,74,34,16
5,s027,74,35,5
5,s027,74,32,1
5,s027,74,33,1
5,s027,74,38,2
5,s027,74,39,1
5,s027,74,37,1
5,s027,74,58,10
5,s027,74,59,3
5,s027,74,56,3
5,s027,74,57,1
5,s027,74,62,2
5,s027,74,63,3
5,s027,74,61,1
5,s027,74,50,2
5,s027,74,51,1
5,s027,74,54,1
5,s027,74,52,1
5,s027,74,53,1
5,s028,60,60,514
5,s028,60,61,117
5,s028,60,62,88
5,s028,60,63,26
5,s028,60,56,112
5,s028,60,57,22
5,s028,60,58,23
5,s028,60,59,7
5,s028,60,52,141
5,s028,60,53,25
5,s028,60,54,33
5,s028,60,55,12
5,s028,60,48,26
5,s028,60,49,13
5,s028,60,50,5
5,s028,60,44,93
5,s028,60,45,36
5,s028,60,46,17
5,s028,60,47,6
5,s028,60,40,21
5,s028,60,41,2
5,s028,60,42,2
5,s028,60,43,1
5,s028,60,36,11
5,s028,60,37,3
5,s028,60,38,8
5,s028,60,32,8
5,s028,60,33,3
5,s028,60,34,4
5,s028,60,35,2
5,s028,60,28,126
5,s028,60,29,23
5,s028,60,30,29
5,s028,60,31,8
5,s028,60,24,31
5,s028,60,25,4
5,s028,60,26,10
5,s028,60,27,2
5,s028,60,20,39
5,s028,60,21,10
5,s028,60,22,10
5,s028,60,23,2
5,s028,60,16,8
5,s028,60,17,2
5,s028,60,18,1
5,s028,60,12,33
5,s028,60,13,11
5,s028,60,14,6
5,s028,60,15,3
5,s028,60,8,5
5,s028,60,9,1
5,s028,60,10,1
5,s028,60,4,2
5,s028,60,5,1
5,s028,60,0,1
5,s028,60,1,2
5,s028,60,124,153
5,s028,60,125,52
5,s028,60,126,15
5,s028,60,127,12
5,s028,60,120,32
5,s028,60,121,19
5,s028,60,122,6
5,s028,60,116,55
5,s028,60,117,11
5,s028,60,119,3
5,s028,60,112,7
5,s028,60,113,5
5,s028,60,114,3
5,s028,60,115,1
5,s028,60,108,34
5,s028,60,109,9
5,s028,60,110,6
5,s028,60,111,3
5,s028,60,104,5
5,s028,60,105,3
5,s028,60,106,2
5,s028,60,107,3
5,s028,60,100,6
5,s028,60,101,5
5,s028,60,102,3
5,s028,60,103,1
5,s028,60,97,2
5,s028,60,98,1
5,s028,60,92,35
5,s028,60,93,12
5,s028,60,94,11
5,s028,60,95,8
5,s028,60,88,13
5,s028,60,89,3
5,s028,60,90,5
5,s028,60,84,9
5,s028,60,85,2
5,s028,60,86,3
5,s028,60,80,4
5,s028,60,82,1
5,s028,60,83,1
5,s028,60,76,3
5,s028,60,77,5
5,s028,60,78,7
5,s028,60,79,1
5,s028,60,72,2
5,s028,60,74,1
5,s028,60,68,2
5,s028,60,70,1
5,s028,60,64,1
5,s028,60,65,1
5,s029,23,23,499
5,s029,23,22,107
5,s029,23,21,93
5,s029,23,20,30
5,s029,23,19,96
5,s029,23,18,28
5,s029,23,17,20
5,s029,23,16,8
5,s029,23,31,123
5,s029,23,30,26
5,s029,23,29,14
5,s029,23,28,6
5,s029,23,27,35
5,s029,23,26,6
5,s029,23,25,8
5,s029,23,24,2
5,s029,23,7,78
5,s029,23,6,27
5,s029,23,5,23
5,s029,23,4,7
5,s029,23,3,25
5,s029,23,2,9
5,s029,23,1,4
5,s029,23,0,2
5,s029,23,15,16
5,s029,23,14,11
5,s029,23,13,6
5,s029,23,12,3
5,s029,23,11,4
5,s029,23,9,3
5,s029,23,8,1
5,s029,23,55,100
5,s029,23,54,20
5,s029,23,53,41
5,s029,23,52,8
5,s029,23,51,29
5,s029,23,50,6
5,s029,23,49,11
5,s029,23,63,34
5,s029,23,62,6
5,s029,23,61,8
5,s029,23,60,4
5,s029,23,59,9
5,s029,23,58,2
5,s029,23,57,4
5,s029,23,39,25
5,s029,23,38,5
5,s029,23,37,8
5,s029,23,36,1
5,s029,23,35,1
5,s029,23,34,1
5,s029,23,33,1
5,s029,23,32,1
5,s029,23,47,7
5,s029,23,45,1
5,s029,23,43,3
5,s029,23,42,1
5,s029,23,87,136
5,s029,23,86,51
5,s029,23,85,37
5,s029,23,84,15
5,s029,23,83,38
5,s029,23,82,13
5,s029,23,81,4
5,s029,23,80,3
5,s029,23,95,37
5,s029,23,94,20
5,s029,23,93,7
5,s029,23,92,4
5,s029,23,91,7
5,s029,23,90,1
5,s029,23,88,1
5,s029,23,71,35
5,s029,23,70,16
5,s029,23,69,2
5,s029,23,67,3
5,s029,23,66,2
5,s029,23,65,2
5,s029,23,64,1
5,s029,23,79,6
5,s029,23,78,4
5,s029,23,77,2
5,s029,23,76,1
5,s029,23,75,2
5,s029,23,74,3
5,s029,23,119,35
5,s029,23,118,16
5,s029,23,117,12
5,s029,23,116,7
5,s029,23,115,8
5,s029,23,114,3
5,s029,23,113,5
5,s029,23,112,2
5,s029,23,127,12
5,s029,23,126,1
5,s029,23,125,1
5,s029,23,123,2
5,s029,23,122,2
5,s029,23,121,2
5,s029,23,103,8
5,s029,23,102,4
5,s029,23,101,2
5,s029,23,99,3
5,s029,23,98,2
5,s029,23,97,1
5,s029,23,96,2
5,s029,23,111,5
5,s029,23,109,1
5,s029,23,107,1
5,s029,23,105,1
5,s030,106,106,501
5,s030,106,107,119
5,s030,106,104,100
5,s030,106,105,28
5,s030,106,110,119
5,s030,106,111,26
5,s030,106,108,22
5,s030,106,109,6
5,s030,106,98,133
5,s030,106,99,37
5,s030,106,96,23
5,s030,106,97,7
5,s030,106,102,24
5,s030,106,103,10
5,s030,106,100,9
5,s030,106,101,4
5,s030,106,122,93
5,s030,106,123,26
5,s030,106,120,12
5,s030,106,121,7
5,s030,106,126,17
5,s030,106,127,8
5,s030,106,124,6
5,s030,106,125,3
5,s030,106,114,22
5,s030,106,115,4
5,s030,106,112,4
5,s030,106,113,1
5,s030,106,118,10
5,s030,106,119,1
5,s030,106,116,3
5,s030,106,74,106
5,s030,106,75,24
5,s030,106,72,26
5,s030,106,73,11
5,s030,106,78,27
5,s030,106,79,5
5,s030,106,76,9
5,s030,106,77,9
5,s030,106,66,26
5,s030,106,67,12
5,s030,106,64,5
5,s030,106,65,6
5,s030,106,70,9
5,s030,106,71,5
5,s030,106,68,1
5,s030,106,69,1
5,s030,106,90,27
5,s030,106,91,11
5,s030,106,88,7
5,s030,106,89,3
5,s030,106,94,5
5,s030,106,95,1
5,s030,106,82,9
5,s030,106,83,3
5,s030,106,80,3
5,s030,106,81,1
5,s030,106,86,2
5,s030,106,84,2
5,s030,106,85,1
5,s030,106,42,144
5,s030,106,43,53
5,s030,106,40,33
5,s030,106,41,7
5,s030,106,46,28
5,s030,106,47,18
5,s030,106,44,5
5,s030,106,45,3
5,s030,106,34,34
5,s030,106,35,12
5,s030,106,32,8
5,s030,106,33,5
5,s030,106,38,11
5,s030,106,39,1
5,s030,106,36,4
5,s030,106,37,2
5,s030,106,58,30
5,s030,106,59,11
5,s030,106,56,6
5,s030,106,57,4
5,s030,106,62,9
5,s030,106,63,1
5,s030,106,60,2
5,s030,106,50,6
5,s030,106,51,1
5,s030,106,48,3
5,s030,106,49,1
5,s030,106,54,1
5,s030,106,55,1
5,s030,106,52,2
5,s030,106,10,38
5,s030,106,11,13
5,s030,106,8,7
5,s030,106,9,6
5,s030,106,14,10
5,s030,106,15,4
5,s030,106,12,1
5,s030,106,13,1
5,s030,106,2,9
5,s030,106,3,6
5,s030,106,0,2
5,s030,106,6,3
5,s030,106,26,5
5,s030,106,27,4
5,s030,106,24,2
5,s030,106,25,1
5,s030,106,31,1
5,s030,106,28,1
5,s030,106,18,3
5,s030,106,19,1
5,s030,106,16,2
5,s031,100,100,484
5,s031,100,101,93
5,s031,100,102,113
5,s031,100,103,28
5,s031,100,96,122
5,s031,100,97,28
5,s031,100,98,25
5,s031,100,99,7
5,s031,100,108,130
5,s031,100,109,31
5,s031,100,110,28
5,s031,100,111,6
5,s031,100,104,26
5,s031,100,105,4
5,s031,100,106,9
5,s031,100,107,2
5,s031,100,116,77
5,s031,100,117,27
5,s031,100,118,15
5,s031,100,119,9
5,s031,100,112,16
5,s031,100,113,7
5,s031,100,114,5
5,s031,100,124,18
5,s031,100,125,7
5,s031,100,126,3
5,s031,100,127,2
5,s031,100,120,4
5,s031,100,121,3
5,s031,100,122,1
5,s031,100,68,117
5,s031,100,69,30
5,s031,100,70,36
5,s031,100,71,11
5,s031,100,64,37
5,s031,100,65,6
5,s031,100,66,6
5,s031,100,67,4
5,s031,100,76,23
5,s031,100,77,4
5,s031,100,78,10
5,s031,100,79,1
5,s031,100,72,4
5,s031,100,74,4
5,s031,100,75,1
5,s031,100,84,26
5,s031,100,85,4
5,s031,100,86,11
5,s031,100,87,1
5,s031,100,80,5
5,s031,100,82,4
5,s031,100,83,1
5,s031,100,92,6
5,s031,100,93,1
5,s031,100,94,2
5,s031,100,95,1
5,s031,100,90,1
5,s031,100,36,139
5,s031,100,37,51
5,s031,100,38,27
5,s031,100,39,14
5,s031,100,32,32
5,s031,100,33,16
5,s031,100,34,7
5,s031,100,35,2
5,s031,100,44,46
5,s031,100,45,9
5,s031,100,46,7
5,s031,100,47,3
5,s031,100,40,11
5,s031,100,41,4
5,s031,100,42,3
5,s031,100,43,1
5,s031,100,52,28
5,s031,100,53,13
5,s031,100,54,10
5,s031,100,55,3
5,s031,100,48,2
5,s031,100,49,2
5,s031,100,60,11
5,s031,100,61,3
5,s031,100,62,1
5,s031,100,63,1
5,s031,100,56,2
5,s031,100,57,3
5,s031,100,59,1
5,s031,100,4,28
5,s031,100,5,12
5,s031,100,6,10
5,s031,100,7,2
5,s031,100,0,3
5,s031,100,1,2
5,s031,100,2,3
5,s031,100,12,12
5,s031,100,13,2
5,s031,100,14,1
5,s031,100,15,4
5,s031,100,8,2
5,s031,100,10,2
5,s031,100,20,5
5,s031,100,21,2
5,s031,100,22,2
5,s031,100,23,2
5,s031,100,16,3
5,s031,100,17,2
5,s031,100,18,2
5,s031,100,28,2
5,s031,100,29,1
5,s031,100,31,1
5,s031,100,24,3
5,s032,73,73,463
5,s032,73,72,116
5,s032,73,75,102
5,s032,73,74,25
5,s032,73,77,108
5,s032,73,76,20
5,s032,73,79,24
5,s032,73,78,1
5,s032,73,65,133
5,s032,73,64,25
5,s032,73,67,31
5,s032,73,66,2
5,s032,73,69,26
5,s032,73,68,6
5,s032,73,71,4
5,s032,73,70,3
5,s032,73,89,85
5,s032,73,88,23
5,s032,73,91,18
5,s032,73,90,2
5,s032,73,93,21
5,s032,73,92,12
5,s032,73,95,3
5,s032,73,81,22
5,s032,73,80,5
5,s032,73,83,7
5,s032,73,82,2
5,s032,73,85,10
5,s032,73,84,4
5,s032,73,87,1
5,s032,73,105,111
5,s032,73,104,23
5,s032,73,107,22
5,s032,73,106,8
5,s032,73,109,33
5,s032,73,108,1
5,s032,73,111,12
5,s032,73,110,3
5,s032,73,97,32
5,s032,73,96,9
5,s032,73,99,10
5,s032,73,98,3
5,s032,73,101,11
5,s032,73,100,2
5,s032,73,103,4
5,s032,73,102,1
5,s032,73,121,32
5,s032,73,120,11
5,s032,73,123,8
5,s032,73,122,7
5,s032,73,125,5
5,s032,73,124,2
5,s032,73,126,2
5,s032,73,113,9
5,s032,73,112,1
5,s032,73,115,1
5,s032,73,114,3
5,s032,73,116,1
5,s032,73,9,151
5,s032,73,8,51
5,s032,73,11,21
5,s032,73,10,8
5,s032,73,13,31
5,s032,73,12,12
5,s032,73,15,5
5,s032,73,14,3
5,s032,73,1,36
5,s032,73,0,17
5,s032,73,3,5
5,s032,73,2,3
5,s032,73,5,4
5,s032,73,7,3
5,s032,73,25,21
5,s032,73,24,14
5,s032,73,27,5
5,s032,73,26,2
5,s032,73,29,7
5,s032,73,31,1
5,s032,73,17,7
5,s032,73,16,6
5,s032,73,19,1
5,s032,73,18,2
5,s032,73,20,1
5,s032,73,23,1
5,s032,73,22,1
5,s032,73,41,32
5,s032,73,40,6
5,s032,73,43,10
5,s032,73,42,4
5,s032,73,45,17
5,s032,73,44,5
5,s032,73,47,1
5,s032,73,33,10
5,s032,73,32,2
5,s032,73,35,3
5,s032,73,34,2
5,s032,73,37,4
5,s032,73,36,2
5,s032,73,57,12
5,s032,73,56,4
5,s032,73,59,5
5,s032,73,61,1
5,s032,73,49,4
5,s032,73,48,1
5,s032,73,52,1
5,s033,123,123,471
5,s033,123,122,90
5,s033,123,121,96
5,s033,123,120,35
5,s033,123,127,114
5,s033,123,126,20
5,s033,123,125,19
5,s033,123,124,4
5,s033,123,115,144
5,s033,123,114,35
5,s033,123,113,21
5,s033,123,112,6
5,s033,123,119,28
5,s033,123,118,6
5,s033,123,117,9
5,s033,123,116,1
5,s033,123,107,87
5,s033,123,106,23
5,s033,123,105,18
5,s033,123,104,5
5,s033,123,111,13
5,s033,123,110,4
5,s033,123,109,13
5,s033,123,108,2
5,s033,123,99,30
5,s033,123,98,7
5,s033,123,97,2
5,s033,123,96,2
5,s033,123,103,4
5,s033,123,102,2
5,s033,123,101,1
5,s033,123,100,1
5,s033,123,91,116
5,s033,123,90,29
5,s033,123,89,42
5,s033,123,88,6
5,s033,123,95,21
5,s033,123,94,8
5,s033,123,93,9
5,s033,123,92,1
5,s033,123,83,34
5,s033,123,82,10
5,s033,123,81,9
5,s033,123,80,1
5,s033,123,87,4
5,s033,123,85,3
5,s033,123,75,14
5,s033,123,74,4
5,s033,123,73,12
5,s033,123,72,4
5,s033,123,79,6
5,s033,123,78,1
5,s033,123,77,2
5,s033,123,67,6
5,s033,123,66,2
5,s033,123,65,2
5,s033,123,64,2
5,s033,123,71,1
5,s033,123,70,2
5,s033,123,69,2
5,s033,123,59,130
5,s033,123,58,33
5,s033,123,57,34
5,s033,123,56,14
5,s033,123,63,34
5,s033,123,62,10
5,s033,123,61,4
5,s033,123,60,1
5,s033,123,51,31
5,s033,123,50,5
5,s033,123,49,9
5,s033,123,48,6
5,s033,123,55,10
5,s033,123,54,1
5,s033,123,53,2
5,s033,123,43,27
5,s033,123,42,11
5,s033,123,41,4
5,s033,123,40,4
5,s033,123,47,8
5,s033,123,46,3
5,s033,123,45,4
5,s033,123,35,5
5,s033,123,34,1
5,s033,123,33,1
5,s033,123,39,3
5,s033,123,37,2
5,s033,123,27,33
5,s033,123,26,13
5,s033,123,25,6
5,s033,123,24,4
5,s033,123,31,15
5,s033,123,30,1
5,s033,123,29,5
5,s033,123,28,3
5,s033,123,19,5
5,s033,123,18,5
5,s033,123,17,3
5,s033,123,16,2
5,s033,123,23,2
5,s033,123,22,2
5,s033,123,20,1
5,s033,123,11,5
5,s033,123,10,3
5,s033,123,9,1
5,s033,123,15,3
5,s033,123,3,2
5,s034,118,118,476
5,s034,118,119,114
5,s034,118,116,95
5,s034,118,117,17
5,s034,118,114,91
5,s034,118,115,29
5,s034,118,112,15
5,s034,118,113,6
5,s034,118,126,134
5,s034,118,127,28
5,s034,118,124,23
5,s034,118,125,7
5,s034,118,122,29
5,s034,118,123,11
5,s034,118,120,6
5,s034,118,102,84
5,s034,118,103,34
5,s034,118,100,25
5,s034,118,101,2
5,s034,118,98,25
5,s034,118,99,5
5,s034,118,96,4
5,s034,118,97,2
5,s034,118,110,29
5,s034,118,111,8
5,s034,118,108,6
5,s034,118,109,1
5,s034,118,106,8
5,s034,118,107,6
5,s034,118,105,3
5,s034,118,86,118
5,s034,118,87,22
5,s034,118,84,36
5,s034,118,85,7
5,s034,118,82,24
5,s034,118,83,5
5,s034,118,80,12
5,s034,118,81,2
5,s034,118,94,37
5,s034,118,95,10
5,s034,118,92,10
5,s034,118,90,13
5,s034,118,91,3
5,s034,118,88,3
5,s034,118,70,18
5,s034,118,71,7
5,s034,118,68,8
5,s034,118,69,2
5,s034,118,66,3
5,s034,118,67,1
5,s034,118,64,1
5,s034,118,65,1
5,s034,118,78,6
5,s034,118,79,1
5,s034,118,76,2
5,s034,118,74,2
5,s034,118,75,1
5,s034,118,54,149
5,s034,118,55,46
5,s034,118,52,23
5,s034,118,53,6
5,s034,118,50,39
5,s034,118,51,17
5,s034,118,48,6
5,s034,118,49,3
5,s034,118,62,35
5,s034,118,63,18
5,s034,118,60,8
5,s034,118,61,5
5,s034,118,58,7
5,s034,118,59,4
5,s034,118,56,2
5,s034,118,38,22
5,s034,118,39,13
5,s034,118,36,8
5,s034,118,37,2
5,s034,118,34,3
5,s034,118,32,4
5,s034,118,46,7
5,s034,118,47,4
5,s034,118,44,2
5,s034,118,45,2
5,s034,118,42,2
5,s034,118,22,35
5,s034,118,23,14
5,s034,118,20,11
5,s034,118,21,5
5,s034,118,18,10
5,s034,118,19,3
5,s034,118,16,3
5,s034,118,17,1
5,s034,118,30,10
5,s034,118,31,3
5,s034,118,28,6
5,s034,118,29,1
5,s034,118,26,3
5,s034,118,27,1
5,s034,118,24,1
5,s034,118,6,3
5,s034,118,7,3
5,s034,118,2,3
5,s034,118,3,1
5,s034,118,14,2
5,s034,118,15,4
5,s034,118,13,1
5,s035,55,55,445
5,s035,55,54,118
5,s035,55,53,93
5,s035,55,52,23
5,s035,55,51,126
5,s035,55,50,16
5,s035,55,49,17
5,s035,55,48,6
5,s035,55,63,151
5,s035,55,62,28
5,s035,55,61,28
5,s035,55,60,5
5,s035,55,59,26
5,s035,55,58,6
5,s035,55,57,4
5,s035,55,56,3
5,s035,55,39,96
5,s035,55,38,17
5,s035,55,37,12
5,s035,55,36,5
5,s035,55,35,18
5,s035,55,34,8
5,s035,55,33,5
5,s035,55,32,1
5,s035,55,47,33
5,s035,55,46,10
5,s035,55,45,2
5,s035,55,44,2
5,s035,55,43,6
5,s035,55,42,2
5,s035,55,23,124
5,s035,55,22,24
5,s035,55,21,35
5,s035,55,20,9
5,s035,55,19,29
5,s035,55,18,10
5,s035,55,17,5
5,s035,55,16,1
5,s035,55,31,35
5,s035,55,30,12
5,s035,55,29,12
5,s035,55,28,1
5,s035,55,27,9
5,s035,55,26,3
5,s035,55,25,5
5,s035,55,7,28
5,s035,55,6,7
5,s035,55,5,8
5,s035,55,4,2
5,s035,55,3,6
5,s035,55,1,1
5,s035,55,0,1
5,s035,55,15,11
5,s035,55,14,3
5,s035,55,13,3
5,s035,55,11,2
5,s035,55,9,2
5,s035,55,8,1
5,s035,55,119,121
5,s035,55,118,55
5,s035,55,117,19
5,s035,55,116,11
5,s035,55,115,36
5,s035,55,114,17
5,s035,55,113,6
5,s035,55,112,2
5,s035,55,127,35
5,s035,55,126,15
5,s035,55,125,6
5,s035,55,124,4
5,s035,55,123,8
5,s035,55,122,2
5,s035,55,121,1
5,s035,55,120,1
5,s035,55,103,43
5,s035,55,102,17
5,s035,55,101,5
5,s035,55,100,5
5,s035,55,99,8
5,s035,55,98,1
5,s035,55,97,3
5,s035,55,111,7
5,s035,55,110,5
5,s035,55,109,2
5,s035,55,108,1
5,s035,55,107,3
5,s035,55,87,52
5,s035,55,86,12
5,s035,55,85,10
5,s035,55,84,1
5,s035,55,83,5
5,s035,55,82,7
5,s035,55,81,2
5,s035,55,95,11
5,s035,55,94,5
5,s035,55,93,4
5,s035,55,92,2
5,s035,55,91,4
5,s035,55,89,2
5,s035,55,71,8
5,s035,55,70,4
5,s035,55,69,3
5,s035,55,68,1
5,s035,55,66,2
5,s035,55,65,1
5,s035,55,79,3
5,s035,55,75,1
5,s036,55,55,501
5,s036,55,54,94
5,s036,55,53,102
5,s036,55,52,29
5,s036,55,51,108
5,s036,55,50,21
5,s036,55,49,22
5,s036,55,48,1
5,s036,55,63,136
5,s036,55,62,26
5,s036,55,61,25
5,s036,55,60,8
5,s036,55,59,29
5,s036,55,58,10
5,s036,55,57,8
5,s036,55,56,3
5,s036,55,39,98
5,s036,55,38,25
5,s036,55,37,23
5,s036,55,36,5
5,s036,55,35,17
5,s036,55,34,5
5,s036,55,33,9
5,s036,55,32,2
5,s036,55,47,24
5,s036,55,46,9
5,s036,55,45,7
5,s036,55,44,1
5,s036,55,43,5
5,s036,55,42,2
5,s036,55,41,4
5,s036,55,23,120
5,s036,55,22,30
5,s036,55,21,33
5,s036,55,20,11
5,s036,55,19,30
5,s036,55,18,9
5,s036,55,17,11
5,s036,55,16,2
5,s036,55,31,21
5,s036,55,30,7
5,s036,55,29,11
5,s036,55,28,1
5,s036,55,27,12
5,s036,55,26,1
5,s036,55,25,5
5,s036,55,24,1
5,s036,55,7,35
5,s036,55,6,3
5,s036,55,5,4
5,s036,55,4,1
5,s036,55,3,5
5,s036,55,2,2
5,s036,55,1,1
5,s036,55,15,10
5,s036,55,14,4
5,s036,55,13,1
5,s036,55,12,1
5,s036,55,11,3
5,s036,55,10,2
5,s036,55,9,2
5,s036,55,8,1
5,s036,55,119,160
5,s036,55,118,52
5,s036,55,117,33
5,s036,55,116,8
5,s036,55,115,40
5,s036,55,114,8
5,s036,55,113,9
5,s036,55,112,6
5,s036,55,127,34
5,s036,55,126,9
5,s036,55,125,7
5,s036,55,124,2
5,s036,55,123,13
5,s036,55,122,2
5,s036,55,121,3
5,s036,55,120,1
5,s036,55,103,27
5,s036,55,102,11
5,s036,55,101,3
5,s036,55,100,1
5,s036,55,99,3
5,s036,55,111,8
5,s036,55,110,2
5,s036,55,107,4
5,s036,55,87,37
5,s036,55,86,22
5,s036,55,85,16
5,s036,55,84,6
5,s036,55,83,10
5,s036,55,81,2
5,s036,55,95,12
5,s036,55,94,4
5,s036,55,93,4
5,s036,55,92,1
5,s036,55,90,1
5,s036,55,71,6
5,s036,55,70,2
5,s036,55,69,2
5,s036,55,67,4
5,s036,55,79,2
5,s036,55,76,1
5,s036,55,75,4
5,s037,126,126,488
5,s037,126,127,115
5,s037,126,124,98
5,s037,126,125,20
5,s037,126,122,102
5,s037,126,123,21
5,s037,126,120,20
5,s037,126,121,5
5,s037,126,118,117
5,s037,126,119,35
5,s037,126,116,22
5,s037,126,117,3
5,s037,126,114,28
5,s037,126,115,10
5,s037,126,112,4
5,s037,126,113,1
5,s037,126,110,84
5,s037,126,111,30
5,s037,126,108,12
5,s037,126,109,7
5,s037,126,106,23
5,s037,126,107,5
5,s037,126,104,2
5,s037,126,105,2
5,s037,126,102,20
5,s037,126,103,9
5,s037,126,100,3
5,s037,126,101,1
5,s037,126,98,7
5,s037,126,99,2
5,s037,126,96,3
5,s037,126,97,1
5,s037,126,94,103
5,s037,126,95,26
5,s037,126,92,27
5,s037,126,93,5
5,s037,126,90,19
5,s037,126,91,6
5,s037,126,88,9
5,s037,126,89,2
5,s037,126,86,37
5,s037,126,87,4
5,s037,126,84,9
5,s037,126,85,2
5,s037,126,82,6
5,s037,126,83,3
5,s037,126,80,4
5,s037,126,78,24
5,s037,126,79,5
5,s037,126,76,10
5,s037,126,77,1
5,s037,126,74,9
5,s037,126,75,3
5,s037,126,72,5
5,s037,126,73,1
5,s037,126,70,2
5,s037,126,71,2
5,s037,126,68,4
5,s037,126,69,1
5,s037,126,66,4
5,s037,126,62,150
5,s037,126,63,51
5,s037,126,60,23
5,s037,126,61,7
5,s037,126,58,34
5,s037,126,59,11
5,s037,126,56,4
5,s037,126,57,1
5,s037,126,54,39
5,s037,126,55,11
5,s037,126,52,10
5,s037,126,53,1
5,s037,126,50,5
5,s037,126,51,5
5,s037,126,48,3
5,s037,126,46,33
5,s037,126,47,18
5,s037,126,44,7
5,s037,126,45,2
5,s037,126,42,12
5,s037,126,43,2
5,s037,126,38,14
5,s037,126,39,1
5,s037,126,36,3
5,s037,126,37,1
5,s037,126,34,2
5,s037,126,30,40
5,s037,126,31,11
5,s037,126,28,18
5,s037,126,29,2
5,s037,126,26,10
5,s037,126,27,2
5,s037,126,24,1
5,s037,126,22,12
5,s037,126,23,5
5,s037,126,20,2
5,s037,126,21,2
5,s037,126,18,2
5,s037,126,19,1
5,s037,126,14,10
5,s037,126,15,6
5,s037,126,12,1
5,s037,126,13,2
5,s037,126,10,1
5,s037,126,11,1
5,s037,126,9,1
5,s037,126,7,1
5,s037,126,4,1
5,s037,126,0,1
5,s038,99,99,506
5,s038,99,98,130
5,s038,99,97,79
5,s038,99,96,22
5,s038,99,103,99
5,s038,99,102,23
5,s038,99,101,21
5,s038,99,100,4
5,s038,99,107,136
5,s038,99,106,24
5,s038,99,105,29
5,s038,99,104,4
5,s038,99,111,35
5,s038,99,110,15
5,s038,99,109,6
5,s038,99,108,1
5,s038,99,115,85
5,s038,99,114,30
5,s038,99,113,16
5,s038,99,112,8
5,s038,99,119,29
5,s038,99,118,4
5,s038,99,117,5
5,s038,99,116,4
5,s038,99,123,35
5,s038,99,122,9
5,s038,99,121,4
5,s038,99,120,3
5,s038,99,127,9
5,s038,99,126,3
5,s038,99,67,128
5,s038,99,66,29
5,s038,99,65,33
5,s038,99,64,10
5,s038,99,71,31
5,s038,99,70,7
5,s038,99,69,7
5,s038,99,68,2
5,s038,99,75,24
5,s038,99,74,6
5,s038,99,73,5
5,s038,99,72,4
5,s038,99,79,5
5,s038,99,77,2
5,s038,99,83,25
5,s038,99,82,6
5,s038,99,81,11
5,s038,99,80,2
5,s038,99,87,4
5,s038,99,86,3
5,s038,99,85,3
5,s038,99,91,6
5,s038,99,90,5
5,s038,99,89,2
5,s038,99,88,1
5,s038,99,95,6
5,s038,99,94,1
5,s038,99,35,164
5,s038,99,34,71
5,s038,99,33,33
5,s038,99,32,11
5,s038,99,39,41
5,s038,99,38,10
5,s038,99,37,4
5,s038,99,36,2
5,s038,99,43,45
5,s038,99,42,13
5,s038,99,41,11
5,s038,99,40,5
5,s038,99,47,5
5,s038,99,46,3
5,s038,99,45,1
5,s038,99,44,3
5,s038,99,51,32
5,s038,99,50,18
5,s038,99,49,6
5,s038,99,48,3
5,s038,99,55,10
5,s038,99,54,4
5,s038,99,53,1
5,s038,99,59,7
5,s038,99,58,4
5,s038,99,57,1
5,s038,99,56,3
5,s038,99,63,6
5,s038,99,61,1
5,s038,99,3,51
5,s038,99,2,16
5,s038,99,1,15
5,s038,99,0,8
5,s038,99,7,10
5,s038,99,6,5
5,s038,99,5,1
5,s038,99,11,13
5,s038,99,10,3
5,s038,99,9,2
5,s038,99,15,4
5,s038,99,19,7
5,s038,99,18,6
5,s038,99,17,2
5,s038,99,16,2
5,s038,99,23,3
5,s038,99,22,1
5,s038,99,27,4
5,s038,99,25,1
5,s038,99,31,1
5,s038,99,30,1
5,s039,66,66,471
5,s039,66,67,111
5,s039,66,64,120
5,s039,66,65,26
5,s039,66,70,110
5,s039,66,71,17
5,s039,66,68,34
5,s039,66,69,3
5,s039,66,74,146
5,s039,66,75,33
5,s039,66,72,41
5,s039,66,73,2
5,s039,66,78,41
5,s039,66,79,9
5,s039,66,76,7
5,s039,66,77,1
5,s039,66,82,89
5,s039,66,83,27
5,s039,66,80,13
5,s039,66,81,2
5,s039,66,86,18
5,s039,66,87,6
5,s039,66,84,5
5,s039,66,90,24
5,s039,66,91,7
5,s039,66,88,2
5,s039,66,89,1
5,s039,66,94,5
5,s039,66,95,2
5,s039,66,92,3
5,s039,66,93,1
5,s039,66,98,119
5,s039,66,99,24
5,s039,66,96,38
5,s039,66,97,17
5,s039,66,102,23
5,s039,66,103,10
5,s039,66,100,6
5,s039,66,101,6
5,s039,66,106,33
5,s039,66,107,8
5,s039,66,104,14
5,s039,66,105,1
5,s039,66,110,4
5,s039,66,111,3
5,s039,66,108,5
5,s039,66,114,29
5,s039,66,115,12
5,s039,66,112,5
5,s039,66,113,1
5,s039,66,118,4
5,s039,66,119,2
5,s039,66,116,2
5,s039,66,117,1
5,s039,66,122,7
5,s039,66,123,2
5,s039,66,120,2
5,s039,66,121,2
5,s039,66,126,1
5,s039,66,127,2
5,s039,66,124,1
5,s039,66,2,147
5,s039,66,3,58
5,s039,66,0,26
5,s039,66,1,12
5,s039,66,6,30
5,s039,66,7,16
5,s039,66,4,9
5,s039,66,5,6
5,s039,66,10,33
5,s039,66,11,16
5,s039,66,8,4
5,s039,66,9,2
5,s039,66,14,11
5,s039,66,15,3
5,s039,66,12,3
5,s039,66,13,3
5,s039,66,18,24
5,s039,66,19,13
5,s039,66,16,6
5,s039,66,17,2
5,s039,66,22,4
5,s039,66,23,6
5,s039,66,20,3
5,s039,66,26,6
5,s039,66,27,1
5,s039,66,24,2
5,s039,66,25,1
5,s039,66,31,2
5,s039,66,34,42
5,s039,66,35,16
5,s039,66,32,10
5,s039,66,33,6
5,s039,66,38,11
5,s039,66,39,4
5,s039,66,36,6
5,s039,66,37,1
5,s039,66,42,7
5,s039,66,43,7
5,s039,66,40,7
5,s039,66,41,1
5,s039,66,46,3
5,s039,66,47,1
5,s039,66,50,9
5,s039,66,51,7
5,s039,66,48,5
5,s039,66,49,1
5,s039,66,54,1
5,s039,66,55,1
5,s039,66,63,2
8,s000,102,102,264
8,s000,102,103,97
8,s000,102,100,71
8,s000,102,101,27
8,s000,102,98,72
8,s000,102,99,28
8,s000,102,96,26
8,s000,102,97,16
8,s000,102,110,109
8,s000,102,111,33
8,s000,102,108,33
8,s000,102,109,11
8,s000,102,106,39
8,s000,102,107,16
8,s000,102,104,14
8,s000,102,105,5
8,s000,102,118,72
8,s000,102,119,33
8,s000,102,116,29
8,s000,102,117,7
8,s000,102,114,20
8,s000,102,115,9
8,s000,102,112,9
8,s000,102,113,3
8,s000,102,126,34
8,s000,102,127,9
8,s000,102,124,9
8,s000,102,125,2
8,s000,102,122,13
8,s000,102,123,5
8,s000,102,120,3
8,s000,102,121,1
8,s000,102,70,101
8,s000,102,71,42
8,s000,102,68,34
8,s000,102,69,11
8,s000,102,66,42
8,s000,102,67,13
8,s000,102,64,16
8,s000,102,65,3
8,s000,102,78,33
8,s000,102,79,14
8,s000,102,76,9
8,s000,102,77,11
8,s000,102,74,19
8,s000,102,75,2
8,s000,102,72,8
8,s000,102,73,2
8,s000,102,86,27
8,s000,102,87,20
8,s000,102,84,10
8,s000,102,85,5
8,s000,102,82,12
8,s000,102,83,7
8,s000,102,80,2
8,s000,102,81,3
8,s000,102,94,6
8,s000,102,95,4
8,s000,102,92,7
8,s000,102,93,1
8,s000,102,90,3
8,s000,102,91,1
8,s000,102,88,3
8,s000,102,89,1
8,s000,102,38,116
8,s000,102,39,64
8,s000,102,36,33
8,s000,102,37,13
8,s000,102,34,37
8,s000,102,35,21
8,s000,102,32,11
8,s000,102,33,6
8,s000,102,46,45
8,s000,102,47,20
8,s000,102,44,20
8,s000,102,45,4
8,s000,102,42,21
8,s000,102,43,7
8,s000,102,40,2
8,s000,102,41,7
8,s000,102,54,29
8,s000,102,55,16
8,s000,102,52,9
8,s000,102,53,6
8,s000,102,50,19
8,s000,102,51,6
8,s000,102,48,6
8,s000,102,49,2
8,s000,102,62,21
8,s000,102,63,5
8,s000,102,60,6
8,s000,102,61,4
8,s000,102,58,8
8,s000,102,59,6
8,s000,102,56,2
8,s000,102,57,1
8,s000,102,6,41
8,s000,102,7,28
8,s000,102,4,9
8,s000,102,5,6
8,s000,102,2,20
8,s000,102,3,5
8,s000,102,0,7
8,s000,102,14,19
8,s000,102,15,13
8,s000,102,12,10
8,s000,102,13,1
8,s000,102,10,2
8,s000,102,11,3
8,s000,102,8,4
8,s000,102,9,1
8,s000,102,22,18
8,s000,102,23,4
8,s000,102,20,6
8,s000,102,21,1
8,s000,102,18,8
8,s000,102,19,4
8,s000,102,16,1
8,s000,102,30,2
8,s000,102,28,2
8,s000,102,26,3
8,s000,102,27,2
8,s000,102,25,3
8,s001,32,32,256
8,s001,32,33,99
8,s001,32,34,73
8,s001,32,35,25
8,s001,32,36,81
8,s001,32,37,27
8,s001,32,38,25
8,s001,32,39,11
8,s001,32,40,83
8,s001,32,41,40
8,s001,32,42,34
8,s001,32,43,11
8,s001,32,44,33
8,s001,32,45,9
8,s001,32,46,9
8,s001,32,47,2
8,s001,32,48,69
8,s001,32,49,19
8,s001,32,50,21
8,s001,32,51,7
8,s001,32,52,28
8,s001,32,53,13
8,s001,32,54,6
8,s001,32,55,4
8,s001,32,56,37
8,s001,32,57,12
8,s001,32,58,15
8,s001,32,59,2
8,s001,32,60,12
8,s001,32,61,3
8,s001,32,62,1
8,s001,32,63,2
8,s001,32,0,79
8,s001,32,1,27
8,s001,32,2,47
8,s001,32,3,18
8,s001,32,4,31
8,s001,32,5,15
8,s001,32,6,13
8,s001,32,7,3
8,s001,32,8,34
8,s001,32,9,16
8,s001,32,10,14
8,s001,32,11,6
8,s001,32,12,15
8,s001,32,14,8
8,s001,32,15,2
8,s001,32,16,15
8,s001,32,17,12
8,s001,32,18,8
8,s001,32,19,3
8,s001,32,20,4
8,s001,32,21,4
8,s001,32,22,2
8,s001,32,24,7
8,s001,32,25,10
8,s001,32,26,2
8,s001,32,27,9
8,s001,32,28,7
8,s001,32,29,4
8,s001,32,30,2
8,s001,32,31,1
8,s001,32,96,111
8,s001,32,97,54
8,s001,32,98,24
8,s001,32,99,25
8,s001,32,100,32
8,s001,32,101,19
8,s001,32,102,9
8,s001,32,103,3
8,s001,32,104,40
8,s001,32,105,26
8,s001,32,106,16
8,s001,32,107,4
8,s001,32,108,10
8,s001,32,109,6
8,s001,32,110,7
8,s001,32,111,3
8,s001,32,112,32
8,s001,32,113,20
8,s001,32,114,7
8,s001,32,115,2
8,s001,32,116,12
8,s001,32,117,10
8,s001,32,118,3
8,s001,32,119,1
8,s001,32,120,12
8,s001,32,121,7
8,s001,32,122,6
8,s001,32,123,6
8,s001,32,124,10
8,s001,32,126,1
8,s001,32,127,1
8,s001,32,64,46
8,s001,32,65,22
8,s001,32,66,22
8,s001,32,67,5
8,s001,32,68,11
8,s001,32,69,10
8,s001,32,70,11
8,s001,32,71,1
8,s001,32,72,12
8,s001,32,73,8
8,s001,32,74,5
8,s001,32,75,4
8,s001,32,76,4
8,s001,32,77,3
8,s001,32,78,2
8,s001,32,79,1
8,s001,32,80,14
8,s001,32,81,6
8,s001,32,82,5
8,s001,32,83,1
8,s001,32,84,2
8,s001,32,86,1
8,s001,32,88,6
8,s001,32,89,2
8,s001,32,90,3
8,s001,32,91,1
8,s001,32,92,3
8,s001,32,93,2
8,s001,32,94,1
8,s002,25,25,223
8,s002,25,24,91
8,s002,25,27,64
8,s002,25,26,16
8,s002,25,29,103
8,s002,25,28,19
8,s002,25,31,22
8,s002,25,30,8
8,s002,25,17,112
8,s002,25,16,44
8,s002,25,19,29
8,s002,25,18,10
8,s002,25,21,34
8,s002,25,20,12
8,s002,25,23,13
8,s002,25,22,4
8,s002,25,9,69
8,s002,25,8,30
8,s002,25,11,21
8,s002,25,10,10
8,s002,25,13,16
8,s002,25,12,7
8,s002,25,15,9
8,s002,25,14,5
8,s002,25,1,23
8,s002,25,0,13
8,s002,25,3,8
8,s002,25,2,2
8,s002,25,5,15
8,s002,25,4,8
8,s002,25,7,9
8,s002,25,6,1
8,s002,25,57,72
8,s002,25,56,32
8,s002,25,59,33
8,s002,25,58,19
8,s002,25,61,27
8,s002,25,60,11
8,s002,25,63,10
8,s002,25,62,3
8,s002,25,49,30
8,s002,25,48,15
8,s002,25,51,11
8,s002,25,50,4
8,s002,25,53,11
8,s002,25,52,5
8,s002,25,55,5
8,s002,25,54,3
8,s002,25,41,21
8,s002,25,40,14
8,s002,25,43,10
8,s002,25,42,11
8,s002,25,45,5
8,s002,25,44,5
8,s002,25,47,9
8,s002,25,33,16
8,s002,25,32,8
8,s002,25,35,2
8,s002,25,34,3
8,s002,25,37,3
8,s002,25,36,1
8,s002,25,39,2
8,s002,25,89,102
8,s002,25,88,59
8,s002,25,91,38
8,s002,25,90,10
8,s002,25,93,38
8,s002,25,92,12
8,s002,25,95,13
8,s002,25,94,8
8,s002,25,81,53
8,s002,25,80,23
8,s002,25,83,13
8,s002,25,82,7
8,s002,25,85,12
8,s002,25,84,9
8,s002,25,87,6
8,s002,25,86,2
8,s002,25,73,28
8,s002,25,72,15
8,s002,25,75,15
8,s002,25,74,7
8,s002,25,77,9
8,s002,25,76,8
8,s002,25,79,4
8,s002,25,78,1
8,s002,25,65,15
8,s002,25,64,4
8,s002,25,67,7
8,s002,25,66,2
8,s002,25,69,4
8,s002,25,68,3
8,s002,25,70,1
8,s002,25,121,52
8,s002,25,120,23
8,s002,25,123,23
8,s002,25,122,11
8,s002,25,125,10
8,s002,25,124,6
8,s002,25,127,10
8,s002,25,126,4
8,s002,25,113,11
8,s002,25,112,2
8,s002,25,115,7
8,s002,25,114,5
8,s002,25,117,10
8,s002,25,116,5
8,s002,25,119,1
8,s002,25,118,1
8,s002,25,105,9
8,s002,25,104,6
8,s002,25,107,3
8,s002,25,106,4
8,s002,25,109,6
8,s002,25,108,4
8,s002,25,111,5
8,s002,25,110,2
8,s002,25,97,3
8,s002,25,96,2
8,s002,25,99,2
8,s002,25,101,3
8,s002,25,100,1
8,s002,25,102,1
8,s003,119,119,205
8,s003,119,118,81
8,s003,119,117,80
8,s003,119,116,25
8,s003,119,115,85
8,s003,119,114,26
8,s003,119,113,30
8,s003,119,112,12
8,s003,119,127,88
8,s003,119,126,48
8,s003,119,125,24
8,s003,119,124,12
8,s003,119,123,40
8,s003,119,122,13
8,s003,119,121,15
8,s003,119,120,4
8,s003,119,103,87
8,s003,119,102,31
8,s003,119,101,21
8,s003,119,100,15
8,s003,119,99,19
8,s003,119,98,6
8,s003,119,97,6
8,s003,119,96,3
8,s003,119,111,19
8,s003,119,110,14
8,s003,119,109,18
8,s003,119,108,5
8,s003,119,107,9
8,s003,119,106,4
8,s003,119,105,4
8,s003,119,104,2
8,s003,119,87,95
8,s003,119,86,34
8,s003,119,85,25
8,s003,119,84,15
8,s003,119,83,26
8,s003,119,82,11
8,s003,119,81,13
8,s003,119,80,4
8,s003,119,95,26
8,s003,119,94,7
8,s003,119,93,13
8,s003,119,92,4
8,s003,119,91,18
8,s003,119,90,5
8,s003,119,89,6
8,s003,119,88,4
8,s003,119,71,24
8,s003,119,70,10
8,s003,119,69,15
8,s003,119,68,4
8,s003,119,67,7
8,s003,119,66,5
8,s003,119,65,4
8,s003,119,79,9
8,s003,119,78,4
8,s003,119,77,7
8,s003,119,76,1
8,s003,119,75,3
8,s003,119,74,2
8,s003,119,73,2
8,s003,119,72,1
8,s003,119,55,112
8,s003,119,54,52
8,s003,119,53,33
8,s003,119,52,14
8,s003,119,51,27
8,s003,119,50,16
8,s003,119,49,8
8,s003,119,48,7
8,s003,119,63,51
8,s003,119,62,24
8,s003,119,61,14
8,s003,119,60,6
8,s003,119,59,11
8,s003,119,58,6
8,s003,119,57,3
8,s003,119,56,3
8,s003,119,39,27
8,s003,119,38,21
8,s003,119,37,2
8,s003,119,36,2
8,s003,119,35,14
8,s003,119,34,10
8,s003,119,33,5
8,s003,119,32,1
8,s003,119,47,12
8,s003,119,46,12
8,s003,119,45,6
8,s003,119,44,3
8,s003,119,43,3
8,s003,119,42,2
8,s003,119,41,2
8,s003,119,40,1
8,s003,119,23,47
8,s003,119,22,22
8,s003,119,21,10
8,s003,119,20,9
8,s003,119,19,11
8,s003,119,18,4
8,s003,119,17,5
8,s003,119,16,2
8,s003,119,31,13
8,s003,119,30,11
8,s003,119,29,9
8,s003,119,28,4
8,s003,119,27,6
8,s003,119,26,3
8,s003,119,25,1
8,s003,119,24,1
8,s003,119,7,13
8,s003,119,6,5
8,s003,119,5,7
8,s003,119,4,5
8,s003,119,3,6
8,s003,119,2,4
8,s003,119,1,1
8,s003,119,0,1
8,s003,119,15,7
8,s003,119,14,2
8,s003,119,13,2
8,s003,119,12,2
8,s003,119,11,1
8,s003,119,10,1
8,s004,117,117,235
8,s004,117,116,80
8,s004,117,119,88
8,s004,117,118,24
8,s004,117,113,92
8,s004,117,112,32
8,s004,117,115,24
8,s004,117,114,11
8,s004,117,125,97
8,s004,117,124,33
8,s004,117,127,22
8,s004,117,126,5
8,s004,117,121,31
8,s004,117,120,12
8,s004,117,123,11
8,s004,117,122,8
8,s004,117,101,81
8,s004,117,100,33
8,s004,117,103,24
8,s004,117,102,13
8,s004,117,97,21
8,s004,117,96,9
8,s004,117,99,2
8,s004,117,98,4
8,s004,117,109,26
8,s004,117,108,9
8,s004,117,111,11
8,s004,117,110,3
8,s004,117,105,12
8,s004,117,104,3
8,s004,117,107,1
8,s004,117,106,3
8,s004,117,85,83
8,s004,117,84,24
8,s004,117,87,34
8,s004,117,86,12
8,s004,117,81,36
8,s004,117,80,11
8,s004,117,83,15
8,s004,117,82,4
8,s004,117,93,30
8,s004,117,92,15
8,s004,117,95,12
8,s004,117,94,2
8,s004,117,89,4
8,s004,117,88,3
8,s004,117,91,6
8,s004,117,90,5
8,s004,117,69,29
8,s004,117,68,14
8,s004,117,71,10
8,s004,117,70,1
8,s004,117,65,13
8,s004,117,64,1
8,s004,117,67,2
8,s004,117,66,1
8,s004,117,77,14
8,s004,117,76,8
8,s004,117,79,5
8,s004,117,78,1
8,s004,117,73,3
8,s004,117,72,3
8,s004,117,75,3
8,s004,117,74,1
8,s004,117,53,108
8,s004,117,52,50
8,s004,117,55,32
8,s004,117,54,11
8,s004,117,49,36
8,s004,117,48,20
8,s004,117,51,16
8,s004,117,50,6
8,s004,117,61,38
8,s004,117,60,14
8,s004,117,63,13
8,s004,117,62,8
8,s004,117,57,14
8,s004,117,56,7
8,s004,117,59,11
8,s004,117,58,4
8,s004,117,37,30
8,s004,117,36,15
8,s004,117,39,11
8,s004,117,38,4
8,s004,117,33,9
8,s004,117,32,4
8,s004,117,35,4
8,s004,117,34,3
8,s004,117,45,7
8,s004,117,44,5
8,s004,117,47,4
8,s004,117,46,5
8,s004,117,41,3
8,s004,117,40,3
8,s004,117,42,5
8,s004,117,21,44
8,s004,117,20,22
8,s004,117,23,22
8,s004,117,22,7
8,s004,117,17,11
8,s004,117,16,9
8,s004,117,19,3
8,s004,117,18,4
8,s004,117,29,15
8,s004,117,28,9
8,s004,117,31,5
8,s004,117,30,4
8,s004,117,25,10
8,s004,117,24,2
8,s004,117,27,2
8,s004,117,26,1
8,s004,117,5,13
8,s004,117,4,3
8,s004,117,7,3
8,s004,117,6,5
8,s004,117,1,6
8,s004,117,0,1
8,s004,117,3,2
8,s004,117,2,1
8,s004,117,13,7
8,s004,117,12,8
8,s004,117,15,3
8,s004,117,8,2
8,s005,93,93,226
8,s005,93,92,88
8,s005,93,95,71
8,s005,93,94,31
8,s005,93,89,108
8,s005,93,88,21
8,s005,93,91,29
8,s005,93,90,12
8,s005,93,85,119
8,s005,93,84,38
8,s005,93,87,30
8,s005,93,86,8
8,s005,93,81,22
8,s005,93,80,14
8,s005,93,83,13
8,s005,93,82,3
8,s005,93,77,63
8,s005,93,76,39
8,s005,93,79,25
8,s005,93,78,6
8,s005,93,73,31
8,s005,93,72,14
8,s005,93,75,3
8,s005,93,74,4
8,s005,93,69,30
8,s005,93,68,13
8,s005,93,71,9
8,s005,93,70,4
8,s005,93,65,13
8,s005,93,64,2
8,s005,93,67,5
8,s005,93,66,3
8,s005,93,125,94
8,s005,93,124,27
8,s005,93,127,37
8,s005,93,126,6
8,s005,93,121,35
8,s005,93,120,15
8,s005,93,123,14
8,s005,93,122,7
8,s005,93,117,33
8,s005,93,116,15
8,s005,93,119,11
8,s005,93,118,3
8,s005,93,113,14
8,s005,93,112,4
8,s005,93,115,7
8,s005,93,114,3
8,s005,93,109,23
8,s005,93,108,10
8,s005,93,111,16
8,s005,93,110,6
8,s005,93,105,13
8,s005,93,104,7
8,s005,93,107,2
8,s005,93,106,4
8,s005,93,101,13
8,s005,93,100,5
8,s005,93,103,2
8,s005,93,102,3
8,s005,93,96,1
8,s005,93,99,1
8,s005,93,29,130
8,s005,93,28,64
8,s005,93,31,37
8,s005,93,30,21
8,s005,93,25,42
8,s005,93,24,21
8,s005,93,27,9
8,s005,93,26,8
8,s005,93,21,46
8,s005,93,20,28
8,s005,93,23,16
8,s005,93,22,7
8,s005,93,17,17
8,s005,93,16,10
8,s005,93,19,3
8,s005,93,18,1
8,s005,93,13,26
8,s005,93,12,15
8,s005,93,15,2
8,s005,93,14,7
8,s005,93,9,11
8,s005,93,8,6
8,s005,93,11,1
8,s005,93,10,2
8,s005,93,5,17
8,s005,93,4,6
8,s005,93,7,5
8,s005,93,6,2
8,s005,93,1,4
8,s005,93,0,2
8,s005,93,3,1
8,s005,93,61,38
8,s005,93,60,21
8,s005,93,63,14
8,s005,93,62,6
8,s005,93,57,17
8,s005,93,56,5
8,s005,93,59,6
8,s005,93,58,4
8,s005,93,53,26
8,s005,93,52,7
8,s005,93,55,6
8,s005,93,54,6
8,s005,93,49,8
8,s005,93,48,4
8,s005,93,51,2
8,s005,93,45,13
8,s005,93,44,8
8,s005,93,47,2
8,s005,93,46,3
8,s005,93,41,2
8,s005,93,40,2
8,s005,93,43,2
8,s005,93,42,1
8,s005,93,37,4
8,s005,93,36,3
8,s005,93,39,3
8,s005,93,38,1
8,s005,93,33,2
8,s005,93,32,2
8,s005,93,35,2
8,s006,85,85,259
8,s006,85,84,88
8,s006,85,87,85
8,s006,85,86,18
8,s006,85,81,85
8,s006,85,80,24
8,s006,85,83,28
8,s006,85,82,9
8,s006,85,93,106
8,s006,85,92,34
8,s006,85,95,38
8,s006,85,94,10
8,s006,85,89,30
8,s006,85,88,10
8,s006,85,91,9
8,s006,85,90,3
8,s006,85,69,70
8,s006,85,68,34
8,s006,85,71,15
8,s006,85,70,11
8,s006,85,65,24
8,s006,85,64,10
8,s006,85,67,9
8,s006,85,66,2
8,s006,85,77,29
8,s006,85,76,11
8,s006,85,79,12
8,s006,85,78,4
8,s006,85,73,13
8,s006,85,72,5
8,s006,85,75,4
8,s006,85,74,2
8,s006,85,117,94
8,s006,85,116,40
8,s006,85,119,41
8,s006,85,118,11
8,s006,85,113,32
8,s006,85,112,12
8,s006,85,115,10
8,s006,85,114,9
8,s006,85,125,47
8,s006,85,124,18
8,s006,85,127,11
8,s006,85,126,6
8,s006,85,121,9
8,s006,85,120,6
8,s006,85,123,4
8,s006,85,122,1
8,s006,85,101,22
8,s006,85,100,10
8,s006,85,103,11
8,s006,85,102,5
8,s006,85,97,15
8,s006,85,96,8
8,s006,85,99,4
8,s006,85,98,2
8,s006,85,109,15
8,s006,85,108,3
8,s006,85,111,3
8,s006,85,110,3
8,s006,85,105,4
8,s006,85,107,4
8,s006,85,106,2
8,s006,85,21,125
8,s006,85,20,57
8,s006,85,23,39
8,s006,85,22,19
8,s006,85,17,50
8,s006,85,16,21
8,s006,85,19,16
8,s006,85,18,13
8,s006,85,29,62
8,s006,85,28,30
8,s006,85,31,10
8,s006,85,30,7
8,s006,85,25,19
8,s006,85,24,8
8,s006,85,27,7
8,s006,85,26,3
8,s006,85,5,37
8,s006,85,4,19
8,s006,85,7,17
8,s006,85,6,6
8,s006,85,1,10
8,s006,85,0,7
8,s006,85,3,6
8,s006,85,2,5
8,s006,85,13,24
8,s006,85,12,9
8,s006,85,15,4
8,s006,85,9,1
8,s006,85,8,2
8,s006,85,11,3
8,s006,85,10,2
8,s006,85,53,31
8,s006,85,52,22
8,s006,85,55,23
8,s006,85,54,8
8,s006,85,49,11
8,s006,85,48,4
8,s006,85,51,6
8,s006,85,50,5
8,s006,85,61,13
8,s006,85,60,7
8,s006,85,63,10
8,s006,85,62,3
8,s006,85,57,8
8,s006,85,56,3
8,s006,85,59,2
8,s006,85,37,16
8,s006,85,36,7
8,s006,85,39,5
8,s006,85,38,3
8,s006,85,33,11
8,s006,85,32,2
8,s006,85,35,5
8,s006,85,45,4
8,s006,85,44,5
8,s006,85,47,2
8,s006,85,46,2
8,s006,85,41,2
8,s006,85,40,1
8,s006,85,43,1
8,s007,93,93,271
8,s007,93,92,93
8,s007,93,95,61
8,s007,93,94,32
8,s007,93,89,89
8,s007,93,88,36
8,s007,93,91,30
8,s007,93,90,6
8,s007,93,85,94
8,s007,93,84,35
8,s007,93,87,24
8,s007,93,86,11
8,s007,93,81,37
8,s007,93,80,10
8,s007,93,83,9
8,s007,93,82,4
8,s007,93,77,77
8,s007,93,76,31
8,s007,93,79,18
8,s007,93,78,15
8,s007,93,73,21
8,s007,93,72,11
8,s007,93,75,9
8,s007,93,74,5
8,s007,93,69,26
8,s007,93,68,22
8,s007,93,71,6
8,s007,93,70,6
8,s007,93,65,15
8,s007,93,64,8
8,s007,93,67,8
8,s007,93,66,1
8,s007,93,125,107
8,s007,93,124,46
8,s007,93,127,25
8,s007,93,126,17
8,s007,93,121,30
8,s007,93,120,14
8,s007,93,123,19
8,s007,93,122,8
8,s007,93,117,39
8,s007,93,116,13
8,s007,93,119,16
8,s007,93,118,12
8,s007,93,113,14
8,s007,93,112,3
8,s007,93,115,5
8,s007,93,114,7
8,s007,93,109,25
8,s007,93,108,10
8,s007,93,111,12
8,s007,93,110,5
8,s007,93,105,16
8,s007,93,104,2
8,s007,93,107,3
8,s007,93,106,3
8,s007,93,101,10
8,s007,93,100,6
8,s007,93,103,4
8,s007,93,102,5
8,s007,93,97,4
8,s007,93,99,3
8,s007,93,29,119
8,s007,93,28,54
8,s007,93,31,31
8,s007,93,30,16
8,s007,93,25,44
8,s007,93,24,26
8,s007,93,27,8
8,s007,93,26,5
8,s007,93,21,48
8,s007,93,20,22
8,s007,93,23,12
8,s007,93,22,11
8,s007,93,17,19
8,s007,93,16,6
8,s007,93,19,6
8,s007,93,18,2
8,s007,93,13,28
8,s007,93,12,12
8,s007,93,15,11
8,s007,93,14,7
8,s007,93,9,13
8,s007,93,8,7
8,s007,93,11,1
8,s007,93,10,1
8,s007,93,5,22
8,s007,93,4,5
8,s007,93,7,3
8,s007,93,6,4
8,s007,93,1,9
8,s007,93,3,5
8,s007,93,2,2
8,s007,93,61,45
8,s007,93,60,18
8,s007,93,63,19
8,s007,93,62,7
8,s007,93,57,24
8,s007,93,56,11
8,s007,93,59,8
8,s007,93,58,2
8,s007,93,53,23
8,s007,93,52,9
8,s007,93,55,7
8,s007,93,54,2
8,s007,93,49,7
8,s007,93,48,1
8,s007,93,51,4
8,s007,93,50,2
8,s007,93,45,11
8,s007,93,44,9
8,s007,93,47,7
8,s007,93,46,3
8,s007,93,41,8
8,s007,93,40,3
8,s007,93,43,1
8,s007,93,42,2
8,s007,93,37,8
8,s007,93,36,4
8,s007,93,39,2
8,s007,93,38,2
8,s007,93,33,4
8,s007,93,32,1
8,s007,93,34,1
8,s008,76,76,272
8,s008,76,77,96
8,s008,76,78,59
8,s008,76,79,17
8,s008,76,72,73
8,s008,76,73,35
8,s008,76,74,24
8,s008,76,75,10
8,s008,76,68,97
8,s008,76,69,41
8,s008,76,70,32
8,s008,76,71,10
8,s008,76,64,42
8,s008,76,65,15
8,s008,76,66,7
8,s008,76,67,7
8,s008,76,92,80
8,s008,76,93,40
8,s008,76,94,26
8,s008,76,95,11
8,s008,76,88,25
8,s008,76,89,11
8,s008,76,90,7
8,s008,76,91,2
8,s008,76,84,35
8,s008,76,85,15
8,s008,76,86,9
8,s008,76,87,2
8,s008,76,80,9
8,s008,76,81,5
8,s008,76,82,6
8,s008,76,83,1
8,s008,76,108,87
8,s008,76,109,22
8,s008,76,110,36
8,s008,76,111,6
8,s008,76,104,45
8,s008,76,105,16
8,s008,76,106,10
8,s008,76,107,3
8,s008,76,100,41
8,s008,76,101,11
8,s008,76,102,17
8,s008,76,103,4
8,s008,76,96,10
8,s008,76,97,6
8,s008,76,98,2
8,s008,76,99,2
8,s008,76,124,35
8,s008,76,125,13
8,s008,76,126,12
8,s008,76,127,6
8,s008,76,120,12
8,s008,76,121,4
8,s008,76,122,6
8,s008,76,123,2
8,s008,76,116,18
8,s008,76,117,5
8,s008,76,118,3
8,s008,76,112,8
8,s008,76,113,2
8,s008,76,114,2
8,s008,76,115,1
8,s008,76,12,127
8,s008,76,13,44
8,s008,76,14,33
8,s008,76,15,14
8,s008,76,8,39
8,s008,76,9,21
8,s008,76,10,17
8,s008,76,11,8
8,s008,76,4,60
8,s008,76,5,21
8,s008,76,6,12
8,s008,76,7,11
8,s008,76,0,15
8,s008,76,1,4
8,s008,76,2,9
8,s008,76,3,4
8,s008,76,28,36
8,s008,76,29,20
8,s008,76,30,14
8,s008,76,31,7
8,s008,76,24,13
8,s008,76,25,7
8,s008,76,26,1
8,s008,76,27,2
8,s008,76,20,21
8,s008,76,21,9
8,s008,76,22,4
8,s008,76,23,1
8,s008,76,16,6
8,s008,76,17,8
8,s008,76,19,2
8,s008,76,44,51
8,s008,76,45,21
8,s008,76,46,18
8,s008,76,47,17
8,s008,76,40,18
8,s008,76,41,8
8,s008,76,42,9
8,s008,76,43,3
8,s008,76,36,19
8,s008,76,37,6
8,s008,76,38,8
8,s008,76,39,5
8,s008,76,32,6
8,s008,76,33,5
8,s008,76,34,5
8,s008,76,35,1
8,s008,76,60,12
8,s008,76,61,2
8,s008,76,62,4
8,s008,76,63,3
8,s008,76,56,5
8,s008,76,57,3
8,s008,76,58,1
8,s008,76,59,4
8,s008,76,52,4
8,s008,76,53,5
8,s008,76,54,1
8,s008,76,48,2
8,s008,76,51,1
8,s009,73,73,295
8,s009,73,72,95
8,s009,73,75,78
8,s009,73,74,23
8,s009,73,77,80
8,s009,73,76,22
8,s009,73,79,22
8,s009,73,78,11
8,s009,73,65,115
8,s009,73,64,28
8,s009,73,67,26
8,s009,73,66,15
8,s009,73,69,30
8,s009,73,68,10
8,s009,73,71,13
8,s009,73,70,5
8,s009,73,89,81
8,s009,73,88,33
8,s009,73,91,23
8,s009,73,90,11
8,s009,73,93,23
8,s009,73,92,21
8,s009,73,95,5
8,s009,73,94,4
8,s009,73,81,28
8,s009,73,80,20
8,s009,73,83,13
8,s009,73,82,5
8,s009,73,85,6
8,s009,73,84,3
8,s009,73,87,7
8,s009,73,86,1
8,s009,73,105,87
8,s009,73,104,36
8,s009,73,107,38
8,s009,73,106,11
8,s009,73,109,28
8,s009,73,108,5
8,s009,73,111,13
8,s009,73,110,6
8,s009,73,97,40
8,s009,73,96,18
8,s009,73,99,17
8,s009,73,98,5
8,s009,73,101,18
8,s009,73,100,6
8,s009,73,103,8
8,s009,73,102,1
8,s009,73,121,28
8,s009,73,120,15
8,s009,73,123,10
8,s009,73,122,3
8,s009,73,125,7
8,s009,73,124,4
8,s009,73,127,8
8,s009,73,126,2
8,s009,73,113,8
8,s009,73,112,4
8,s009,73,115,2
8,s009,73,114,2
8,s009,73,117,3
8,s009,73,116,3
8,s009,73,118,1
8,s009,73,9,118
8,s009,73,8,52
8,s009,73,11,41
8,s009,73,10,13
8,s009,73,13,35
8,s009,73,12,22
8,s009,73,15,11
8,s009,73,14,3
8,s009,73,1,48
8,s009,73,0,18
8,s009,73,3,17
8,s009,73,2,7
8,s009,73,5,10
8,s009,73,4,14
8,s009,73,7,2
8,s009,73,6,5
8,s009,73,25,30
8,s009,73,24,21
8,s009,73,27,6
8,s009,73,26,3
8,s009,73,29,13
8,s009,73,28,6
8,s009,73,31,2
8,s009,73,30,3
8,s009,73,17,15
8,s009,73,16,3
8,s009,73,19,3
8,s009,73,18,1
8,s009,73,21,2
8,s009,73,20,1
8,s009,73,23,2
8,s009,73,22,1
8,s009,73,41,55
8,s009,73,40,24
8,s009,73,43,22
8,s009,73,42,13
8,s009,73,45,19
8,s009,73,44,11
8,s009,73,47,2
8,s009,73,46,5
8,s009,73,33,16
8,s009,73,32,12
8,s009,73,35,7
8,s009,73,34,7
8,s009,73,37,4
8,s009,73,36,3
8,s009,73,39,1
8,s009,73,57,11
8,s009,73,56,8
8,s009,73,59,4
8,s009,73,58,3
8,s009,73,61,4
8,s009,73,60,4
8,s009,73,63,3
8,s009,73,49,4
8,s009,73,48,4
8,s009,73,51,3
8,s009,73,50,2
8,s009,73,53,2
8,s009,73,52,1
8,s010,47,47,246
8,s010,47,46,87
8,s010,47,45,67
8,s010,47,44,25
8,s010,47,43,92
8,s010,47,42,34
8,s010,47,41,28
8,s010,47,40,7
8,s010,47,39,114
8,s010,47,38,32
8,s010,47,37,31
8,s010,47,36,14
8,s010,47,35,40
8,s010,47,34,11
8,s010,47,33,12
8,s010,47,32,8
8,s010,47,63,83
8,s010,47,62,28
8,s010,47,61,20
8,s010,47,60,9
8,s010,47,59,25
8,s010,47,58,10
8,s010,47,57,8
8,s010,47,56,2
8,s010,47,55,31
8,s010,47,54,12
8,s010,47,53,11
8,s010,47,52,4
8,s010,47,51,13
8,s010,47,50,7
8,s010,47,49,1
8,s010,47,48,5
8,s010,47,15,90
8,s010,47,14,40
8,s010,47,13,44
8,s010,47,12,9
8,s010,47,11,36
8,s010,47,10,10
8,s010,47,9,5
8,s010,47,8,2
8,s010,47,7,42
8,s010,47,6,12
8,s010,47,5,22
8,s010,47,4,6
8,s010,47,3,22
8,s010,47,2,1
8,s010,47,1,3
8,s010,47,0,2
8,s010,47,31,29
8,s010,47,30,11
8,s010,47,29,8
8,s010,47,28,3
8,s010,47,27,14
8,s010,47,26,4
8,s010,47,25,4
8,s010,47,24,1
8,s010,47,23,5
8,s010,47,22,5
8,s010,47,21,5
8,s010,47,20,4
8,s010,47,19,7
8,s010,47,18,2
8,s010,47,17,4
8,s010,47,111,113
8,s010,47,110,45
8,s010,47,109,30
8,s010,47,108,19
8,s010,47,107,43
8,s010,47,106,25
8,s010,47,105,11
8,s010,47,104,6
8,s010,47,103,48
8,s010,47,102,25
8,s010,47,101,9
8,s010,47,100,6
8,s010,47,99,21
8,s010,47,98,4
8,s010,47,97,7
8,s010,47,96,5
8,s010,47,127,41
8,s010,47,126,17
8,s010,47,125,10
8,s010,47,124,1
8,s010,47,123,10
8,s010,47,122,13
8,s010,47,121,2
8,s010,47,120,1
8,s010,47,119,17
8,s010,47,118,6
8,s010,47,117,8
8,s010,47,116,1
8,s010,47,115,9
8,s010,47,114,1
8,s010,47,113,4
8,s010,47,79,42
8,s010,47,78,16
8,s010,47,77,19
8,s010,47,76,6
8,s010,47,75,18
8,s010,47,74,13
8,s010,47,73,3
8,s010,47,72,4
8,s010,47,71,19
8,s010,47,70,6
8,s010,47,69,2
8,s010,47,68,5
8,s010,47,67,5
8,s010,47,66,4
8,s010,47,65,1
8,s010,47,64,2
8,s010,47,95,13
8,s010,47,94,4
8,s010,47,93,4
8,s010,47,92,6
8,s010,47,91,5
8,s010,47,89,4
8,s010,47,87,1
8,s010,47,86,4
8,s010,47,84,1
8,s010,47,83,2
8,s010,47,82,1
8,s011,84,84,246
8,s011,84,85,96
8,s011,84,86,102
8,s011,84,87,40
8,s011,84,80,80
8,s011,84,81,28
8,s011,84,82,31
8,s011,84,83,5
8,s011,84,92,101
8,s011,84,93,45
8,s011,84,94,28
8,s011,84,95,12
8,s011,84,88,35
8,s011,84,89,14
8,s011,84,90,7
8,s011,84,91,6
8,s011,84,68,64
8,s011,84,69,23
8,s011,84,70,13
8,s011,84,71,10
8,s011,84,64,32
8,s011,84,65,14
8,s011,84,66,9
8,s011,84,67,4
8,s011,84,76,25
8,s011,84,77,9
8,s011,84,78,13
8,s011,84,79,4
8,s011,84,72,10
8,s011,84,73,6
8,s011,84,74,3
8,s011,84,116,108
8,s011,84,117,25
8,s011,84,118,32
8,s011,84,119,9
8,s011,84,112,38
8,s011,84,113,9
8,s011,84,114,9
8,s011,84,115,5
8,s011,84,124,30
8,s011,84,125,17
8,s011,84,126,16
8,s011,84,127,10
8,s011,84,120,12
8,s011,84,121,2
8,s011,84,122,4
8,s011,84,123,2
8,s011,84,100,21
8,s011,84,101,9
8,s011,84,102,10
8,s011,84,103,5
8,s011,84,96,8
8,s011,84,97,3
8,s011,84,98,2
8,s011,84,99,3
8,s011,84,108,11
8,s011,84,109,15
8,s011,84,110,3
8,s011,84,111,6
8,s011,84,104,4
8,s011,84,106,2
8,s011,84,107,2
8,s011,84,20,96
8,s011,84,21,59
8,s011,84,22,21
8,s011,84,23,15
8,s011,84,16,30
8,s011,84,17,24
8,s011,84,18,10
8,s011,84,19,5
8,s011,84,28,51
8,s011,84,29,27
8,s011,84,30,8
8,s011,84,31,8
8,s011,84,24,20
8,s011,84,25,3
8,s011,84,26,5
8,s011,84,4,25
8,s011,84,5,24
8,s011,84,6,12
8,s011,84,7,9
8,s011,84,0,7
8,s011,84,1,7
8,s011,84,2,3
8,s011,84,12,10
8,s011,84,13,2
8,s011,84,14,6
8,s011,84,15,4
8,s011,84,8,5
8,s011,84,9,7
8,s011,84,10,1
8,s011,84,11,1
8,s011,84,52,36
8,s011,84,53,22
8,s011,84,54,13
8,s011,84,55,11
8,s011,84,48,13
8,s011,84,49,3
8,s011,84,50,5
8,s011,84,51,1
8,s011,84,60,14
8,s011,84,61,17
8,s011,84,62,6
8,s011,84,63,1
8,s011,84,56,6
8,s011,84,57,4
8,s011,84,58,1
8,s011,84,36,15
8,s011,84,37,5
8,s011,84,38,9
8,s011,84,32,5
8,s011,84,33,3
8,s011,84,34,1
8,s011,84,35,1
8,s011,84,44,5
8,s011,84,45,6
8,s011,84,46,4
8,s011,84,41,1
8,s011,84,42,1
8,s011,84,43,1
8,s012,36,36,249
8,s012,36,37,82
8,s012,36,38,74
8,s012,36,39,24
8,s012,36,32,94
8,s012,36,33,47
8,s012,36,34,31
8,s012,36,35,12
8,s012,36,44,114
8,s012,36,45,41
8,s012,36,46,35
8,s012,36,47,13
8,s012,36,40,41
8,s012,36,41,10
8,s012,36,42,9
8,s012,36,43,5
8,s012,36,52,70
8,s012,36,53,28
8,s012,36,54,19
8,s012,36,55,12
8,s012,36,48,27
8,s012,36,49,8
8,s012,36,50,12
8,s012,36,51,3
8,s012,36,60,33
8,s012,36,61,16
8,s012,36,62,8
8,s012,36,63,7
8,s012,36,56,12
8,s012,36,57,3
8,s012,36,58,1
8,s012,36,59,1
8,s012,36,4,90
8,s012,36,5,34
8,s012,36,6,28
8,s012,36,7,14
8,s012,36,0,40
8,s012,36,1,9
8,s012,36,2,16
8,s012,36,3,4
8,s012,36,12,35
8,s012,36,13,10
8,s012,36,14,13
8,s012,36,15,4
8,s012,36,8,13
8,s012,36,9,4
8,s012,36,10,5
8,s012,36,11,2
8,s012,36,20,28
8,s012,36,21,10
8,s012,36,22,12
8,s012,36,23,1
8,s012,36,16,10
8,s012,36,17,6
8,s012,36,18,4
8,s012,36,28,8
8,s012,36,29,5
8,s012,36,30,3
8,s012,36,31,1
8,s012,36,24,2
8,s012,36,25,3
8,s012,36,26,1
8,s012,36,100,107
8,s012,36,101,52
8,s012,36,102,39
8,s012,36,103,25
8,s012,36,96,41
8,s012,36,97,25
8,s012,36,98,6
8,s012,36,99,8
8,s012,36,108,40
8,s012,36,109,14
8,s012,36,110,21
8,s012,36,111,11
8,s012,36,104,9
8,s012,36,105,10
8,s012,36,106,8
8,s012,36,107,3
8,s012,36,116,33
8,s012,36,117,14
8,s012,36,118,9
8,s012,36,119,3
8,s012,36,112,8
8,s012,36,113,6
8,s012,36,114,1
8,s012,36,115,3
8,s012,36,124,16
8,s012,36,125,8
8,s012,36,126,8
8,s012,36,127,4
8,s012,36,120,6
8,s012,36,121,1
8,s012,36,123,2
8,s012,36,68,42
8,s012,36,69,19
8,s012,36,70,12
8,s012,36,71,1
8,s012,36,64,15
8,s012,36,65,7
8,s012,36,66,6
8,s012,36,67,9
8,s012,36,76,16
8,s012,36,77,6
8,s012,36,78,5
8,s012,36,79,6
8,s012,36,72,3
8,s012,36,74,2
8,s012,36,75,1
8,s012,36,84,18
8,s012,36,85,6
8,s012,36,86,11
8,s012,36,87,2
8,s012,36,80,5
8,s012,36,81,2
8,s012,36,82,4
8,s012,36,92,6
8,s012,36,93,1
8,s012,36,94,2
8,s012,36,95,2
8,s012,36,88,2
8,s012,36,89,1
8,s012,36,91,1
8,s013,121,121,224
8,s013,121,120,92
8,s013,121,123,79
8,s013,121,122,19
8,s013,121,125,83
8,s013,121,124,32
8,s013,121,127,33
8,s013,121,126,16
8,s013,121,113,105
8,s013,121,112,25
8,s013,121,115,33
8,s013,121,114,12
8,s013,121,117,27
8,s013,121,116,13
8,s013,121,119,16
8,s013,121,118,3
8,s013,121,105,62
8,s013,121,104,32
8,s013,121,107,24
8,s013,121,106,10
8,s013,121,109,22
8,s013,121,108,12
8,s013,121,111,8
8,s013,121,110,1
8,s013,121,97,29
8,s013,121,96,10
8,s013,121,99,8
8,s013,121,98,3
8,s013,121,101,13
8,s013,121,100,3
8,s013,121,103,5
8,s013,121,102,2
8,s013,121,89,85
8,s013,121,88,27
8,s013,121,91,45
8,s013,121,90,12
8,s013,121,93,41
8,s013,121,92,16
8,s013,121,95,11
8,s013,121,94,2
8,s013,121,81,40
8,s013,121,80,11
8,s013,121,83,12
8,s013,121,82,6
8,s013,121,85,11
8,s013,121,84,5
8,s013,121,87,7
8,s013,121,86,3
8,s013,121,73,23
8,s013,121,72,15
8,s013,121,75,11
8,s013,121,74,5
8,s013,121,77,13
8,s013,121,76,4
8,s013,121,79,9
8,s013,121,78,2
8,s013,121,65,9
8,s013,121,64,4
8,s013,121,67,5
8,s013,121,66,1
8,s013,121,69,4
8,s013,121,68,1
8,s013,121,71,4
8,s013,121,57,126
8,s013,121,56,49
8,s013,121,59,31
8,s013,121,58,15
8,s013,121,61,35
8,s013,121,60,12
8,s013,121,63,16
8,s013,121,62,8
8,s013,121,49,55
8,s013,121,48,16
8,s013,121,51,15
8,s013,121,50,6
8,s013,121,53,14
8,s013,121,52,6
8,s013,121,55,9
8,s013,121,54,2
8,s013,121,41,28
8,s013,121,40,19
8,s013,121,43,9
8,s013,121,42,5
8,s013,121,45,9
8,s013,121,44,10
8,s013,121,47,3
8,s013,121,46,1
8,s013,121,33,15
8,s013,121,32,9
8,s013,121,35,3
8,s013,121,34,3
8,s013,121,37,2
8,s013,121,36,3
8,s013,121,39,4
8,s013,121,38,3
8,s013,121,25,52
8,s013,121,24,14
8,s013,121,27,8
8,s013,121,26,10
8,s013,121,29,17
8,s013,121,28,9
8,s013,121,31,8
8,s013,121,30,3
8,s013,121,17,15
8,s013,121,16,7
8,s013,121,19,4
8,s013,121,18,1
8,s013,121,21,8
8,s013,121,20,4
8,s013,121,23,6
8,s013,121,22,1
8,s013,121,9,18
8,s013,121,8,13
8,s013,121,11,8
8,s013,121,10,5
8,s013,121,13,3
8,s013,121,12,4
8,s013,121,15,3
8,s013,121,14,1
8,s013,121,1,5
8,s013,121,3,3
8,s013,121,2,1
8,s013,121,5,3
8,s013,121,4,1
8,s013,121,7,1
8,s014,73,73,221
8,s014,73,72,74
8,s014,73,75,74
8,s014,73,74,17
8,s014,73,77,87
8,s014,73,76,21
8,s014,73,79,23
8,s014,73,78,7
8,s014,73,65,96
8,s014,73,64,26
8,s014,73,67,51
8,s014,73,66,6
8,s014,73,69,38
8,s014,73,68,14
8,s014,73,71,8
8,s014,73,70,2
8,s014,73,89,70
8,s014,73,88,28
8,s014,73,91,20
8,s014,73,90,6
8,s014,73,93,26
8,s014,73,92,12
8,s014,73,95,6
8,s014,73,94,5
8,s014,73,81,35
8,s014,73,80,7
8,s014,73,83,11
8,s014,73,82,3
8,s014,73,85,16
8,s014,73,84,6
8,s014,73,87,5
8,s014,73,86,2
8,s014,73,105,107
8,s014,73,104,45
8,s014,73,107,29
8,s014,73,106,11
8,s014,73,109,34
8,s014,73,108,8
8,s014,73,111,13
8,s014,73,110,3
8,s014,73,97,35
8,s014,73,96,14
8,s014,73,99,15
8,s014,73,98,5
8,s014,73,101,13
8,s014,73,100,7
8,s014,73,103,5
8,s014,73,102,2
8,s014,73,121,24
8,s014,73,120,10
8,s014,73,123,16
8,s014,73,122,4
8,s014,73,125,6
8,s014,73,124,3
8,s014,73,127,3
8,s014,73,126,4
8,s014,73,113,21
8,s014,73,112,5
8,s014,73,115,4
8,s014,73,114,1
8,s014,73,117,5
8,s014,73,116,2
8,s014,73,119,3
8,s014,73,9,103
8,s014,73,8,57
8,s014,73,11,39
8,s014,73,10,15
8,s014,73,13,42
8,s014,73,12,21
8,s014,73,15,11
8,s014,73,14,5
8,s014,73,1,42
8,s014,73,0,16
8,s014,73,3,12
8,s014,73,2,2
8,s014,73,5,12
8,s014,73,4,6
8,s014,73,7,7
8,s014,73,6,1
8,s014,73,25,29
8,s014,73,24,16
8,s014,73,27,5
8,s014,73,26,4
8,s014,73,29,7
8,s014,73,28,3
8,s014,73,31,4
8,s014,73,30,4
8,s014,73,17,11
8,s014,73,16,7
8,s014,73,19,2
8,s014,73,18,2
8,s014,73,21,3
8,s014,73,20,1
8,s014,73,23,2
8,s014,73,22,1
8,s014,73,41,42
8,s014,73,40,19
8,s014,73,43,22
8,s014,73,42,12
8,s014,73,45,11
8,s014,73,44,6
8,s014,73,47,8
8,s014,73,46,4
8,s014,73,33,13
8,s014,73,32,6
8,s014,73,35,3
8,s014,73,34,1
8,s014,73,37,7
8,s014,73,36,2
8,s014,73,39,6
8,s014,73,38,1
8,s014,73,57,6
8,s014,73,56,6
8,s014,73,59,8
8,s014,73,58,2
8,s014,73,61,2
8,s014,73,60,1
8,s014,73,63,3
8,s014,73,49,4
8,s014,73,51,1
8,s014,73,50,2
8,s014,73,53,2
8,s014,73,55,1
8,s015,49,49,248
8,s015,49,48,87
8,s015,49,51,78
8,s015,49,50,27
8,s015,49,53,86
8,s015,49,52,25
8,s015,49,55,15
8,s015,49,54,11
8,s015,49,57,102
8,s015,49,56,42
8,s015,49,59,34
8,s015,49,58,13
8,s015,49,61,33
8,s015,49,60,16
8,s015,49,63,17
8,s015,49,62,3
8,s015,49,33,59
8,s015,49,32,23
8,s015,49,35,19
8,s015,49,34,13
8,s015,49,37,27
8,s015,49,36,9
8,s015,49,39,10
8,s015,49,38,6
8,s015,49,41,36
8,s015,49,40,11
8,s015,49,43,5
8,s015,49,42,4
8,s015,49,45,12
8,s015,49,44,7
8,s015,49,47,4
8,s015,49,46,2
8,s015,49,17,88
8,s015,49,16,43
8,s015,49,19,43
8,s015,49,18,10
8,s015,49,21,28
8,s015,49,20,11
8,s015,49,23,14
8,s015,49,22,6
8,s015,49,25,42
8,s015,49,24,11
8,s015,49,27,12
8,s015,49,26,4
8,s015,49,29,11
8,s015,49,28,3
8,s015,49,31,9
8,s015,49,30,1
8,s015,49,1,21
8,s015,49,0,12
8,s015,49,3,16
8,s015,49,2,1
8,s015,49,5,7
8,s015,49,4,4
8,s015,49,7,2
8,s015,49,6,1
8,s015,49,9,14
8,s015,49,8,2
8,s015,49,11,8
8,s015,49,10,2
8,s015,49,13,3
8,s015,49,12,4
8,s015,49,15,3
8,s015,49,14,2
8,s015,49,113,103
8,s015,49,112,54
8,s015,49,115,25
8,s015,49,114,22
8,s015,49,117,41
8,s015,49,116,22
8,s015,49,119,10
8,s015,49,118,7
8,s015,49,121,58
8,s015,49,120,19
8,s015,49,123,16
8,s015,49,122,6
8,s015,49,125,18
8,s015,49,124,11
8,s015,49,127,6
8,s015,49,126,3
8,s015,49,97,31
8,s015,49,96,19
8,s015,49,99,7
8,s015,49,98,6
8,s015,49,101,10
8,s015,49,100,3
8,s015,49,103,4
8,s015,49,102,3
8,s015,49,105,12
8,s015,49,104,10
8,s015,49,107,5
8,s015,49,106,5
8,s015,49,109,5
8,s015,49,108,2
8,s015,49,111,4
8,s015,49,110,3
8,s015,49,81,33
8,s015,49,80,19
8,s015,49,83,18
8,s015,49,82,8
8,s015,49,85,15
8,s015,49,84,8
8,s015,49,87,5
8,s015,49,86,4
8,s015,49,89,18
8,s015,49,88,12
8,s015,49,91,8
8,s015,49,90,2
8,s015,49,93,11
8,s015,49,92,3
8,s015,49,95,3
8,s015,49,94,2
8,s015,49,65,16
8,s015,49,64,7
8,s015,49,67,7
8,s015,49,66,3
8,s015,49,69,3
8,s015,49,68,2
8,s015,49,71,1
8,s015,49,70,1
8,s015,49,73,8
8,s015,49,72,4
8,s015,49,75,1
8,s015,49,74,1
8,s015,49,77,1
8,s015,49,76,1
8,s016,106,106,232
8,s016,106,107,93
8,s016,106,104,78
8,s016,106,105,24
8,s016,106,110,87
8,s016,106,111,39
8,s016,106,108,30
8,s016,106,109,5
8,s016,106,98,84
8,s016,106,99,40
8,s016,106,96,29
8,s016,106,97,4
8,s016,106,102,35
8,s016,106,103,12
8,s016,106,100,7
8,s016,106,101,5
8,s016,106,122,85
8,s016,106,123,33
8,s016,106,120,23
8,s016,106,121,10
8,s016,106,126,22
8,s016,106,127,10
8,s016,106,124,6
8,s016,106,125,2
8,s016,106,114,38
8,s016,106,115,15
8,s016,106,112,15
8,s016,106,113,7
8,s016,106,118,9
8,s016,106,119,2
8,s016,106,116,6
8,s016,106,117,3
8,s016,106,74,81
8,s016,106,75,27
8,s016,106,72,27
8,s016,106,73,8
8,s016,106,78,30
8,s016,106,79,12
8,s016,106,76,16
8,s016,106,77,8
8,s016,106,66,33
8,s016,106,67,14
8,s016,106,64,12
8,s016,106,65,8
8,s016,106,70,11
8,s016,106,71,4
8,s016,106,68,2
8,s016,106,90,37
8,s016,106,91,7
8,s016,106,88,10
8,s016,106,89,4
8,s016,106,94,12
8,s016,106,95,4
8,s016,106,92,7
8,s016,106,82,11
8,s016,106,83,7
8,s016,106,80,6
8,s016,106,81,2
8,s016,106,86,4
8,s016,106,87,2
8,s016,106,85,2
8,s016,106,42,101
8,s016,106,43,53
8,s016,106,40,25
8,s016,106,41,21
8,s016,106,46,44
8,s016,106,47,18
8,s016,106,44,17
8,s016,106,45,5
8,s016,106,34,41
8,s016,106,35,21
8,s016,106,32,13
8,s016,106,33,6
8,s016,106,38,19
8,s016,106,39,5
8,s016,106,36,8
8,s016,106,37,2
8,s016,106,58,28
8,s016,106,59,13
8,s016,106,56,7
8,s016,106,57,9
8,s016,106,62,8
8,s016,106,63,7
8,s016,106,60,5
8,s016,106,50,14
8,s016,106,51,5
8,s016,106,48,6
8,s016,106,49,4
8,s016,106,54,4
8,s016,106,55,5
8,s016,106,52,3
8,s016,106,53,1
8,s016,106,10,32
8,s016,106,11,19
8,s016,106,8,16
8,s016,106,9,9
8,s016,106,14,12
8,s016,106,15,12
8,s016,106,12,6
8,s016,106,13,3
8,s016,106,2,19
8,s016,106,3,11
8,s016,106,0,3
8,s016,106,1,4
8,s016,106,6,4
8,s016,106,7,2
8,s016,106,4,2
8,s016,106,5,1
8,s016,106,26,15
8,s016,106,27,9
8,s016,106,24,6
8,s016,106,25,1
8,s016,106,30,5
8,s016,106,31,2
8,s016,106,28,3
8,s016,106,29,2
8,s016,106,18,3
8,s016,106,16,2
8,s016,106,22,3
8,s016,106,23,2
8,s017,111,111,252
8,s017,111,110,95
8,s017,111,109,80
8,s017,111,108,26
8,s017,111,107,90
8,s017,111,106,27
8,s017,111,105,28
8,s017,111,104,9
8,s017,111,103,101
8,s017,111,102,32
8,s017,111,101,30
8,s017,111,100,12
8,s017,111,99,42
8,s017,111,98,18
8,s017,111,97,14
8,s017,111,96,6
8,s017,111,127,57
8,s017,111,126,31
8,s017,111,125,18
8,s017,111,124,10
8,s017,111,123,26
8,s017,111,122,8
8,s017,111,121,8
8,s017,111,120,2
8,s017,111,119,34
8,s017,111,118,16
8,s017,111,117,10
8,s017,111,116,9
8,s017,111,115,8
8,s017,111,113,2
8,s017,111,112,4
8,s017,111,79,100
8,s017,111,78,31
8,s017,111,77,25
8,s017,111,76,14
8,s017,111,75,25
8,s017,111,74,12
8,s017,111,73,9
8,s017,111,72,7
8,s017,111,71,29
8,s017,111,70,12
8,s017,111,69,13
8,s017,111,68,6
8,s017,111,67,9
8,s017,111,66,4
8,s017,111,65,5
8,s017,111,64,1
8,s017,111,95,32
8,s017,111,94,9
8,s017,111,93,6
8,s017,111,92,4
8,s017,111,91,9
8,s017,111,90,4
8,s017,111,89,4
8,s017,111,88,4
8,s017,111,87,15
8,s017,111,86,2
8,s017,111,85,4
8,s017,111,84,1
8,s017,111,83,2
8,s017,111,82,3
8,s017,111,47,104
8,s017,111,46,55
8,s017,111,45,34
8,s017,111,44,17
8,s017,111,43,37
8,s017,111,42,13
8,s017,111,41,14
8,s017,111,40,6
8,s017,111,39,57
8,s017,111,38,22
8,s017,111,37,14
8,s017,111,36,7
8,s017,111,35,17
8,s017,111,34,3
8,s017,111,33,9
8,s017,111,32,4
8,s017,111,63,29
8,s017,111,62,12
8,s017,111,61,9
8,s017,111,59,18
8,s017,111,58,8
8,s017,111,57,1
8,s017,111,56,2
8,s017,111,55,12
8,s017,111,54,11
8,s017,111,53,3
8,s017,111,52,3
8,s017,111,51,7
8,s017,111,48,3
8,s017,111,15,39
8,s017,111,14,24
8,s017,111,13,23
8,s017,111,12,9
8,s017,111,11,13
8,s017,111,10,2
8,s017,111,9,8
8,s017,111,8,3
8,s017,111,7,24
8,s017,111,6,5
8,s017,111,5,5
8,s017,111,3,8
8,s017,111,2,4
8,s017,111,1,5
8,s017,111,0,1
8,s017,111,31,18
8,s017,111,30,15
8,s017,111,29,4
8,s017,111,28,6
8,s017,111,27,6
8,s017,111,26,1
8,s017,111,24,2
8,s017,111,23,5
8,s017,111,22,3
8,s017,111,21,2
8,s017,111,20,1
8,s017,111,19,3
8,s017,111,18,1
8,s017,111,16,2
8,s018,29,29,261
8,s018,29,28,79
8,s018,29,31,70
8,s018,29,30,33
8,s018,29,25,70
8,s018,29,24,43
8,s018,29,27,36
8,s018,29,26,12
8,s018,29,21,141
8,s018,29,20,40
8,s018,29,23,14
8,s018,29,22,10
8,s018,29,17,35
8,s018,29,16,12
8,s018,29,19,9
8,s018,29,18,6
8,s018,29,13,66
8,s018,29,12,29
8,s018,29,15,25
8,s018,29,14,13
8,s018,29,9,17
8,s018,29,8,6
8,s018,29,11,2
8,s018,29,10,4
8,s018,29,5,40
8,s018,29,4,16
8,s018,29,7,10
8,s018,29,6,6
8,s018,29,1,11
8,s018,29,0,1
8,s018,29,3,4
8,s018,29,2,1
8,s018,29,61,111
8,s018,29,60,23
8,s018,29,63,27
8,s018,29,62,11
8,s018,29,57,30
8,s018,29,56,12
8,s018,29,59,16
8,s018,29,58,5
8,s018,29,53,31
8,s018,29,52,19
8,s018,29,55,13
8,s018,29,54,4
8,s018,29,49,12
8,s018,29,48,4
8,s018,29,51,7
8,s018,29,50,4
8,s018,29,45,23
8,s018,29,44,11
8,s018,29,47,10
8,s018,29,46,7
8,s018,29,41,15
8,s018,29,40,4
8,s018,29,43,2
8,s018,29,42,1
8,s018,29,37,13
8,s018,29,36,2
8,s018,29,39,3
8,s018,29,33,2
8,s018,29,32,3
8,s018,29,34,1
8,s018,29,93,110
8,s018,29,92,63
8,s018,29,95,38
8,s018,29,94,20
8,s018,29,89,35
8,s018,29,88,25
8,s018,29,91,15
8,s018,29,90,5
8,s018,29,85,55
8,s018,29,84,23
8,s018,29,87,18
8,s018,29,86,7
8,s018,29,81,14
8,s018,29,80,6
8,s018,29,83,7
8,s018,29,82,1
8,s018,29,77,39
8,s018,29,76,12
8,s018,29,79,12
8,s018,29,78,8
8,s018,29,73,12
8,s018,29,72,5
8,s018,29,75,3
8,s018,29,74,4
8,s018,29,69,10
8,s018,29,68,8
8,s018,29,71,5
8,s018,29,70,6
8,s018,29,65,7
8,s018,29,64,5
8,s018,29,67,1
8,s018,29,66,1
8,s018,29,125,42
8,s018,29,124,19
8,s018,29,127,17
8,s018,29,126,12
8,s018,29,121,13
8,s018,29,120,10
8,s018,29,123,3
8,s018,29,122,1
8,s018,29,117,20
8,s018,29,116,8
8,s018,29,119,4
8,s018,29,118,2
8,s018,29,113,5
8,s018,29,112,6
8,s018,29,114,1
8,s018,29,109,11
8,s018,29,108,10
8,s018,29,111,3
8,s018,29,110,1
8,s018,29,105,1
8,s018,29,104,4
8,s018,29,107,1
8,s018,29,106,2
8,s018,29,101,7
8,s018,29,100,5
8,s018,29,103,3
8,s018,29,102,3
8,s018,29,97,1
8,s018,29,96,2
8,s018,29,98,1
8,s019,67,67,275
8,s019,67,66,80
8,s019,67,65,77
8,s019,67,64,35
8,s019,67,71,97
8,s019,67,70,32
8,s019,67,69,25
8,s019,67,68,13
8,s019,67,75,98
8,s019,67,74,38
8,s019,67,73,34
8,s019,67,72,11
8,s019,67,79,41
8,s019,67,78,14
8,s019,67,77,16
8,s019,67,76,5
8,s019,67,83,78
8,s019,67,82,35
8,s019,67,81,22
8,s019,67,80,7
8,s019,67,87,27
8,s019,67,86,15
8,s019,67,85,10
8,s019,67,84,2
8,s019,67,91,21
8,s019,67,90,9
8,s019,67,89,8
8,s019,67,88,2
8,s019,67,95,7
8,s019,67,94,5
8,s019,67,93,2
8,s019,67,92,3
8,s019,67,99,108
8,s019,67,98,43
8,s019,67,97,32
8,s019,67,96,19
8,s019,67,103,33
8,s019,67,102,12
8,s019,67,101,15
8,s019,67,100,2
8,s019,67,107,36
8,s019,67,106,14
8,s019,67,105,15
8,s019,67,104,7
8,s019,67,111,11
8,s019,67,110,2
8,s019,67,109,14
8,s019,67,108,2
8,s019,67,115,33
8,s019,67,114,11
8,s019,67,113,10
8,s019,67,112,7
8,s019,67,119,10
8,s019,67,118,2
8,s019,67,117,4
8,s019,67,116,1
8,s019,67,123,11
8,s019,67,122,5
8,s019,67,121,6
8,s019,67,120,4
8,s019,67,127,4
8,s019,67,125,1
8,s019,67,124,1
8,s019,67,3,116
8,s019,67,2,51
8,s019,67,1,39
8,s019,67,0,13
8,s019,67,7,45
8,s019,67,6,21
8,s019,67,5,15
8,s019,67,4,7
8,s019,67,11,38
8,s019,67,10,26
8,s019,67,9,17
8,s019,67,8,4
8,s019,67,15,23
8,s019,67,14,6
8,s019,67,13,4
8,s019,67,12,1
8,s019,67,19,44
8,s019,67,18,15
8,s019,67,17,11
8,s019,67,16,5
8,s019,67,23,11
8,s019,67,22,4
8,s019,67,21,2
8,s019,67,20,2
8,s019,67,27,16
8,s019,67,26,8
8,s019,67,25,4
8,s019,67,24,3
8,s019,67,31,8
8,s019,67,30,6
8,s019,67,29,1
8,s019,67,35,48
8,s019,67,34,19
8,s019,67,33,20
8,s019,67,32,10
8,s019,67,39,26
8,s019,67,38,6
8,s019,67,37,11
8,s019,67,36,5
8,s019,67,43,20
8,s019,67,42,10
8,s019,67,41,6
8,s019,67,40,5
8,s019,67,47,8
8,s019,67,46,4
8,s019,67,45,4
8,s019,67,44,2
8,s019,67,51,13
8,s019,67,50,8
8,s019,67,49,6
8,s019,67,48,4
8,s019,67,55,5
8,s019,67,54,2
8,s019,67,53,3
8,s019,67,52,1
8,s019,67,59,4
8,s019,67,58,3
8,s019,67,57,4
8,s019,67,63,2
8,s019,67,61,1
8,s019,67,60,1
8,s020,56,56,241
8,s020,56,57,65
8,s020,56,58,77
8,s020,56,59,25
8,s020,56,60,66
8,s020,56,61,22
8,s020,56,62,27
8,s020,56,63,11
8,s020,56,48,97
8,s020,56,49,48
8,s020,56,50,24
8,s020,56,51,8
8,s020,56,52,38
8,s020,56,53,11
8,s020,56,54,7
8,s020,56,55,4
8,s020,56,40,77
8,s020,56,41,30
8,s020,56,42,23
8,s020,56,43,12
8,s020,56,44,32
8,s020,56,45,9
8,s020,56,46,11
8,s020,56,47,4
8,s020,56,32,25
8,s020,56,33,11
8,s020,56,34,7
8,s020,56,35,2
8,s020,56,36,10
8,s020,56,37,10
8,s020,56,38,5
8,s020,56,39,1
8,s020,56,24,88
8,s020,56,25,34
8,s020,56,26,31
8,s020,56,27,15
8,s020,56,28,32
8,s020,56,29,11
8,s020,56,30,11
8,s020,56,31,4
8,s020,56,16,36
8,s020,56,17,13
8,s020,56,18,16
8,s020,56,19,4
8,s020,56,20,11
8,s020,56,21,8
8,s020,56,22,10
8,s020,56,23,3
8,s020,56,8,29
8,s020,56,9,12
8,s020,56,10,7
8,s020,56,11,3
8,s020,56,12,8
8,s020,56,13,5
8,s020,56,14,4
8,s020,56,15,3
8,s020,56,0,12
8,s020,56,1,4
8,s020,56,2,5
8,s020,56,3,2
8,s020,56,4,8
8,s020,56,5,2
8,s020,56,6,1
8,s020,56,7,1
8,s020,56,120,90
8,s020,56,121,47
8,s020,56,122,38
8,s020,56,123,18
8,s020,56,124,30
8,s020,56,125,18
8,s020,56,126,9
8,s020,56,127,10
8,s020,56,112,46
8,s020,56,113,16
8,s020,56,114,19
8,s020,56,115,6
8,s020,56,116,15
8,s020,56,117,6
8,s020,56,118,7
8,s020,56,119,1
8,s020,56,104,31
8,s020,56,105,22
8,s020,56,106,16
8,s020,56,107,8
8,s020,56,108,5
8,s020,56,109,7
8,s020,56,110,2
8,s020,56,111,4
8,s020,56,96,12
8,s020,56,97,9
8,s020,56,98,10
8,s020,56,99,3
8,s020,56,100,6
8,s020,56,101,1
8,s020,56,102,3
8,s020,56,88,43
8,s020,56,89,24
8,s020,56,90,19
8,s020,56,91,6
8,s020,56,92,18
8,s020,56,93,3
8,s020,56,94,9
8,s020,56,95,3
8,s020,56,80,18
8,s020,56,81,5
8,s020,56,82,4
8,s020,56,83,5
8,s020,56,84,3
8,s020,56,85,4
8,s020,56,86,2
8,s020,56,87,2
8,s020,56,72,14
8,s020,56,73,5
8,s020,56,74,1
8,s020,56,76,4
8,s020,56,77,2
8,s020,56,78,3
8,s020,56,79,1
8,s020,56,64,7
8,s020,56,65,1
8,s020,56,66,1
8,s020,56,67,1
8,s020,56,68,2
8,s020,56,69,1
8,s020,56,71,1
8,s021,89,89,238
8,s021,89,88,76
8,s021,89,91,71
8,s021,89,90,29
8,s021,89,93,87
8,s021,89,92,33
8,s021,89,95,34
8,s021,89,94,7
8,s021,89,81,95
8,s021,89,80,29
8,s021,89,83,22
8,s021,89,82,10
8,s021,89,85,32
8,s021,89,84,13
8,s021,89,87,12
8,s021,89,86,10
8,s021,89,73,84
8,s021,89,72,28
8,s021,89,75,24
8,s021,89,74,10
8,s021,89,77,25
8,s021,89,76,7
8,s021,89,79,5
8,s021,89,78,3
8,s021,89,65,35
8,s021,89,64,15
8,s021,89,67,8
8,s021,89,66,6
8,s021,89,69,13
8,s021,89,68,1
8,s021,89,71,4
8,s021,89,70,2
8,s021,89,121,84
8,s021,89,120,31
8,s021,89,123,38
8,s021,89,122,11
8,s021,89,125,43
8,s021,89,124,14
8,s021,89,127,10
8,s021,89,126,5
8,s021,89,113,48
8,s021,89,112,17
8,s021,89,115,23
8,s021,89,114,4
8,s021,89,117,14
8,s021,89,116,6
8,s021,89,119,10
8,s021,89,118,3
8,s021,89,105,28
8,s021,89,104,13
8,s021,89,107,10
8,s021,89,106,3
8,s021,89,109,5
8,s021,89,108,5
8,s021,89,111,4
8,s021,89,110,1
8,s021,89,97,12
8,s021,89,96,5
8,s021,89,99,8
8,s021,89,98,2
8,s021,89,101,8
8,s021,89,100,6
8,s021,89,103,3
8,s021,89,102,3
8,s021,89,25,118
8,s021,89,24,56
8,s021,89,27,28
8,s021,89,26,23
8,s021,89,29,40
8,s021,89,28,20
8,s021,89,31,13
8,s021,89,30,8
8,s021,89,17,40
8,s021,89,16,30
8,s021,89,19,9
8,s021,89,18,5
8,s021,89,21,19
8,s021,89,20,6
8,s021,89,23,6
8,s021,89,22,2
8,s021,89,9,32
8,s021,89,8,16
8,s021,89,11,14
8,s021,89,10,6
8,s021,89,13,15
8,s021,89,12,3
8,s021,89,15,8
8,s021,89,14,2
8,s021,89,1,19
8,s021,89,0,12
8,s021,89,3,6
8,s021,89,2,3
8,s021,89,5,9
8,s021,89,4,2
8,s021,89,7,2
8,s021,89,57,39
8,s021,89,56,22
8,s021,89,59,8
8,s021,89,58,11
8,s021,89,61,11
8,s021,89,60,2
8,s021,89,63,7
8,s021,89,62,5
8,s021,89,49,17
8,s021,89,48,11
8,s021,89,51,12
8,s021,89,50,2
8,s021,89,53,9
8,s021,89,52,4
8,s021,89,55,2
8,s021,89,54,2
8,s021,89,41,14
8,s021,89,40,11
8,s021,89,43,5
8,s021,89,42,2
8,s021,89,45,5
8,s021,89,44,1
8,s021,89,46,2
8,s021,89,33,9
8,s021,89,32,7
8,s021,89,35,3
8,s021,89,34,1
8,s021,89,37,3
8,s021,89,36,2
8,s021,89,38,1
8,s022,97,97,267
8,s022,97,96,83
8,s022,97,99,73
8,s022,97,98,26
8,s022,97,101,86
8,s022,97,100,28
8,s022,97,103,33
8,s022,97,102,6
8,s022,97,105,115
8,s022,97,104,30
8,s022,97,107,25
8,s022,97,106,14
8,s022,97,109,23
8,s022,97,108,13
8,s022,97,111,13
8,s022,97,110,4
8,s022,97,113,74
8,s022,97,112,22
8,s022,97,115,15
8,s022,97,114,9
8,s022,97,117,23
8,s022,97,116,12
8,s022,97,119,8
8,s022,97,118,6
8,s022,97,121,30
8,s022,97,120,8
8,s022,97,123,12
8,s022,97,122,3
8,s022,97,125,10
8,s022,97,124,5
8,s022,97,127,4
8,s022,97,126,1
8,s022,97,65,82
8,s022,97,64,27
8,s022,97,67,33
8,s022,97,66,5
8,s022,97,69,26
8,s022,97,68,7
8,s022,97,71,12
8,s022,97,70,7
8,s022,97,73,39
8,s022,97,72,8
8,s022,97,75,14
8,s022,97,77,15
8,s022,97,76,6
8,s022,97,79,10
8,s022,97,78,1
8,s022,97,81,29
8,s022,97,80,7
8,s022,97,83,9
8,s022,97,82,5
8,s022,97,85,11
8,s022,97,84,5
8,s022,97,87,2
8,s022,97,86,2
8,s022,97,89,14
8,s022,97,88,3
8,s022,97,91,5
8,s022,97,90,4
8,s022,97,93,9
8,s022,97,92,1
8,s022,97,95,4
8,s022,97,33,117
8,s022,97,32,49
8,s022,97,35,34
8,s022,97,34,22
8,s022,97,37,40
8,s022,97,36,19
8,s022,97,39,13
8,s022,97,38,7
8,s022,97,41,53
8,s022,97,40,24
8,s022,97,43,12
8,s022,97,42,9
8,s022,97,45,23
8,s022,97,44,4
8,s022,97,47,5
8,s022,97,46,3
8,s022,97,49,28
8,s022,97,48,22
8,s022,97,51,11
8,s022,97,50,5
8,s022,97,53,6
8,s022,97,52,6
8,s022,97,55,1
8,s022,97,54,2
8,s022,97,57,13
8,s022,97,56,8
8,s022,97,59,2
8,s022,97,58,4
8,s022,97,61,3
8,s022,97,60,3
8,s022,97,62,1
8,s022,97,1,32
8,s022,97,0,18
8,s022,97,3,19
8,s022,97,2,10
8,s022,97,5,18
8,s022,97,4,6
8,s022,97,7,8
8,s022,97,6,6
8,s022,97,9,13
8,s022,97,8,6
8,s022,97,11,8
8,s022,97,10,2
8,s022,97,13,6
8,s022,97,15,3
8,s022,97,14,5
8,s022,97,17,12
8,s022,97,16,9
8,s022,97,19,2
8,s022,97,18,3
8,s022,97,21,6
8,s022,97,20,2
8,s022,97,23,2
8,s022,97,22,3
8,s022,97,25,6
8,s022,97,24,5
8,s022,97,27,1
8,s022,97,26,1
8,s022,97,29,2
8,s022,97,28,1
8,s022,97,31,2
8,s023,76,76,254
8,s023,76,77,93
8,s023,76,78,91
8,s023,76,79,26
8,s023,76,72,82
8,s023,76,73,31
8,s023,76,74,32
8,s023,76,75,17
8,s023,76,68,82
8,s023,76,69,55
8,s023,76,70,31
8,s023,76,71,10
8,s023,76,64,32
8,s023,76,65,16
8,s023,76,66,14
8,s023,76,67,7
8,s023,76,92,63
8,s023,76,93,31
8,s023,76,94,22
8,s023,76,95,10
8,s023,76,88,26
8,s023,76,89,8
8,s023,76,90,7
8,s023,76,91,2
8,s023,76,84,26
8,s023,76,85,13
8,s023,76,86,5
8,s023,76,87,2
8,s023,76,80,14
8,s023,76,81,5
8,s023,76,82,3
8,s023,76,108,90
8,s023,76,109,45
8,s023,76,110,46
8,s023,76,111,8
8,s023,76,104,28
8,s023,76,105,13
8,s023,76,106,21
8,s023,76,107,4
8,s023,76,100,35
8,s023,76,101,13
8,s023,76,102,12
8,s023,76,103,5
8,s023,76,96,13
8,s023,76,97,4
8,s023,76,98,7
8,s023,76,99,2
8,s023,76,124,23
8,s023,76,125,16
8,s023,76,126,12
8,s023,76,127,2
8,s023,76,120,5
8,s023,76,121,8
8,s023,76,122,4
8,s023,76,123,3
8,s023,76,116,12
8,s023,76,117,7
8,s023,76,118,4
8,s023,76,112,5
8,s023,76,113,3
8,s023,76,114,1
8,s023,76,12,106
8,s023,76,13,53
8,s023,76,14,28
8,s023,76,15,15
8,s023,76,8,45
8,s023,76,9,18
8,s023,76,10,7
8,s023,76,11,5
8,s023,76,4,56
8,s023,76,5,29
8,s023,76,6,15
8,s023,76,7,6
8,s023,76,0,23
8,s023,76,1,5
8,s023,76,2,2
8,s023,76,3,4
8,s023,76,28,31
8,s023,76,29,12
8,s023,76,30,11
8,s023,76,31,3
8,s023,76,24,11
8,s023,76,25,2
8,s023,76,26,2
8,s023,76,27,1
8,s023,76,20,11
8,s023,76,21,5
8,s023,76,22,2
8,s023,76,23,1
8,s023,76,16,7
8,s023,76,17,4
8,s023,76,18,3
8,s023,76,44,41
8,s023,76,45,33
8,s023,76,46,16
8,s023,76,47,6
8,s023,76,40,8
8,s023,76,41,9
8,s023,76,42,7
8,s023,76,43,1
8,s023,76,36,19
8,s023,76,37,6
8,s023,76,38,7
8,s023,76,39,4
8,s023,76,32,3
8,s023,76,33,2
8,s023,76,34,2
8,s023,76,35,2
8,s023,76,60,13
8,s023,76,61,9
8,s023,76,62,2
8,s023,76,63,4
8,s023,76,56,3
8,s023,76,57,4
8,s023,76,58,5
8,s023,76,59,2
8,s023,76,52,4
8,s023,76,53,3
8,s023,76,54,3
8,s023,76,48,2
8,s023,76,49,2
8,s024,7,7,247
8,s024,7,6,109
8,s024,7,5,80
8,s024,7,4,28
8,s024,7,3,85
8,s024,7,2,23
8,s024,7,1,31
8,s024,7,0,8
8,s024,7,15,102
8,s024,7,14,39
8,s024,7,13,28
8,s024,7,12,9
8,s024,7,11,38
8,s024,7,10,20
8,s024,7,9,7
8,s024,7,23,73
8,s024,7,22,29
8,s024,7,21,18
8,s024,7,20,12
8,s024,7,19,28
8,s024,7,18,9
8,s024,7,17,14
8,s024,7,16,5
8,s024,7,31,29
8,s024,7,30,16
8,s024,7,29,9
8,s024,7,28,4
8,s024,7,27,13
8,s024,7,26,4
8,s024,7,25,6
8,s024,7,24,1
8,s024,7,39,81
8,s024,7,38,31
8,s024,7,37,35
8,s024,7,36,13
8,s024,7,35,25
8,s024,7,34,12
8,s024,7,33,10
8,s024,7,32,5
8,s024,7,47,42
8,s024,7,46,14
8,s024,7,45,11
8,s024,7,44,6
8,s024,7,43,17
8,s024,7,42,7
8,s024,7,41,6
8,s024,7,40,1
8,s024,7,55,33
8,s024,7,54,11
8,s024,7,53,8
8,s024,7,52,4
8,s024,7,51,10
8,s024,7,50,4
8,s024,7,49,4
8,s024,7,48,2
8,s024,7,63,11
8,s024,7,62,7
8,s024,7,61,8
8,s024,7,60,2
8,s024,7,59,7
8,s024,7,58,1
8,s024,7,57,1
8,s024,7,71,97
8,s024,7,70,53
8,s024,7,69,32
8,s024,7,68,15
8,s024,7,67,34
8,s024,7,66,25
8,s024,7,65,12
8,s024,7,64,3
8,s024,7,79,48
8,s024,7,78,25
8,s024,7,77,11
8,s024,7,76,3
8,s024,7,75,17
8,s024,7,74,8
8,s024,7,73,4
8,s024,7,72,5
8,s024,7,87,38
8,s024,7,86,24
8,s024,7,85,15
8,s024,7,84,5
8,s024,7,83,13
8,s024,7,82,9
8,s024,7,81,7
8,s024,7,80,1
8,s024,7,95,13
8,s024,7,94,6
8,s024,7,93,5
8,s024,7,92,5
8,s024,7,91,5
8,s024,7,90,1
8,s024,7,89,1
8,s024,7,88,2
8,s024,7,103,31
8,s024,7,102,15
8,s024,7,101,10
8,s024,7,100,5
8,s024,7,99,11
8,s024,7,98,9
8,s024,7,97,3
8,s024,7,96,3
8,s024,7,111,21
8,s024,7,110,10
8,s024,7,109,5
8,s024,7,108,8
8,s024,7,107,4
8,s024,7,106,5
8,s024,7,105,4
8,s024,7,104,3
8,s024,7,119,9
8,s024,7,118,8
8,s024,7,117,4
8,s024,7,116,4
8,s024,7,115,8
8,s024,7,114,2
8,s024,7,113,1
8,s024,7,112,2
8,s024,7,127,4
8,s024,7,126,3
8,s024,7,125,3
8,s024,7,124,1
8,s024,7,122,2
8,s025,16,16,268
8,s025,16,17,80
8,s025,16,18,68
8,s025,16,19,27
8,s025,16,20,71
8,s025,16,21,33
8,s025,16,22,24
8,s025,16,23,12
8,s025,16,24,91
8,s025,16,25,31
8,s025,16,26,33
8,s025,16,27,16
8,s025,16,28,30
8,s025,16,29,10
8,s025,16,30,14
8,s025,16,31,9
8,s025,16,0,62
8,s025,16,1,23
8,s025,16,2,24
8,s025,16,3,6
8,s025,16,4,34
8,s025,16,5,5
8,s025,16,6,10
8,s025,16,7,2
8,s025,16,8,41
8,s025,16,9,18
8,s025,16,10,12
8,s025,16,11,4
8,s025,16,12,9
8,s025,16,13,4
8,s025,16,14,2
8,s025,16,15,1
8,s025,16,48,87
8,s025,16,49,32
8,s025,16,50,36
8,s025,16,51,17
8,s025,16,52,35
8,s025,16,53,18
8,s025,16,54,9
8,s025,16,55,3
8,s025,16,56,38
8,s025,16,57,10
8,s025,16,58,12
8,s025,16,59,3
8,s025,16,60,16
8,s025,16,61,6
8,s025,16,62,7
8,s025,16,63,1
8,s025,16,32,19
8,s025,16,33,10
8,s025,16,34,13
8,s025,16,35,3
8,s025,16,36,9
8,s025,16,37,2
8,s025,16,38,2
8,s025,16,40,9
8,s025,16,41,7
8,s025,16,42,3
8,s025,16,43,3
8,s025,16,44,5
8,s025,16,45,1
8,s025,16,46,4
8,s025,16,80,110
8,s025,16,81,46
8,s025,16,82,21
8,s025,16,83,13
8,s025,16,84,39
8,s025,16,85,21
8,s025,16,86,10
8,s025,16,87,7
8,s025,16,88,49
8,s025,16,89,20
8,s025,16,90,21
8,s025,16,91,4
8,s025,16,92,11
8,s025,16,93,4
8,s025,16,94,3
8,s025,16,95,1
8,s025,16,64,37
8,s025,16,65,22
8,s025,16,66,8
8,s025,16,67,4
8,s025,16,68,14
8,s025,16,69,4
8,s025,16,70,3
8,s025,16,72,18
8,s025,16,73,11
8,s025,16,74,3
8,s025,16,75,2
8,s025,16,76,4
8,s025,16,77,3
8,s025,16,78,4
8,s025,16,79,2
8,s025,16,112,52
8,s025,16,113,26
8,s025,16,114,9
8,s025,16,115,16
8,s025,16,116,16
8,s025,16,117,9
8,s025,16,118,9
8,s025,16,119,3
8,s025,16,120,22
8,s025,16,121,7
8,s025,16,122,11
8,s025,16,123,2
8,s025,16,124,11
8,s025,16,126,4
8,s025,16,96,12
8,s025,16,97,6
8,s025,16,98,1
8,s025,16,99,5
8,s025,16,100,5
8,s025,16,101,4
8,s025,16,102,2
8,s025,16,103,1
8,s025,16,104,5
8,s025,16,105,1
8,s025,16,106,2
8,s025,16,108,4
8,s025,16,109,1
8,s026,18,18,265
8,s026,18,19,85
8,s026,18,16,79
8,s026,18,17,30
8,s026,18,22,96
8,s026,18,23,27
8,s026,18,20,27
8,s026,18,21,8
8,s026,18,26,107
8,s026,18,27,39
8,s026,18,24,29
8,s026,18,25,11
8,s026,18,30,39
8,s026,18,31,10
8,s026,18,28,12
8,s026,18,29,3
8,s026,18,2,80
8,s026,18,3,37
8,s026,18,0,26
8,s026,18,1,8
8,s026,18,6,30
8,s026,18,7,8
8,s026,18,4,3
8,s026,18,5,4
8,s026,18,10,36
8,s026,18,11,10
8,s026,18,8,10
8,s026,18,9,5
8,s026,18,14,10
8,s026,18,15,3
8,s026,18,12,3
8,s026,18,13,2
8,s026,18,50,105
8,s026,18,51,38
8,s026,18,48,45
8,s026,18,49,13
8,s026,18,54,39
8,s026,18,55,10
8,s026,18,52,13
8,s026,18,53,4
8,s026,18,58,40
8,s026,18,59,10
8,s026,18,56,18
8,s026,18,57,8
8,s026,18,62,9
8,s026,18,63,4
8,s026,18,60,6
8,s026,18,61,3
8,s026,18,34,28
8,s026,18,35,13
8,s026,18,32,10
8,s026,18,33,3
8,s026,18,38,11
8,s026,18,39,4
8,s026,18,36,6
8,s026,18,42,17
8,s026,18,43,3
8,s026,18,40,4
8,s026,18,41,1
8,s026,18,46,1
8,s026,18,47,2
8,s026,18,44,4
8,s026,18,45,1
8,s026,18,82,108
8,s026,18,83,54
8,s026,18,80,25
8,s026,18,81,20
8,s026,18,86,45
8,s026,18,87,22
8,s026,18,84,14
8,s026,18,85,8
8,s026,18,90,37
8,s026,18,91,15
8,s026,18,88,15
8,s026,18,89,7
8,s026,18,94,19
8,s026,18,95,6
8,s026,18,92,10
8,s026,18,66,29
8,s026,18,67,23
8,s026,18,64,13
8,s026,18,65,5
8,s026,18,70,10
8,s026,18,71,10
8,s026,18,68,7
8,s026,18,69,1
8,s026,18,74,15
8,s026,18,75,8
8,s026,18,72,1
8,s026,18,73,4
8,s026,18,78,4
8,s026,18,79,2
8,s026,18,76,2
8,s026,18,77,2
8,s026,18,114,46
8,s026,18,115,18
8,s026,18,112,18
8,s026,18,113,3
8,s026,18,118,13
8,s026,18,119,8
8,s026,18,116,9
8,s026,18,117,7
8,s026,18,122,22
8,s026,18,123,5
8,s026,18,120,8
8,s026,18,121,5
8,s026,18,126,6
8,s026,18,127,2
8,s026,18,124,5
8,s026,18,125,1
8,s026,18,98,17
8,s026,18,99,4
8,s026,18,96,2
8,s026,18,97,2
8,s026,18,102,5
8,s026,18,103,4
8,s026,18,100,1
8,s026,18,101,2
8,s026,18,106,6
8,s026,18,107,4
8,s026,18,104,2
8,s026,18,105,1
8,s026,18,110,1
8,s026,18,111,3
8,s026,18,108,1
8,s027,89,89,253
8,s027,89,88,84
8,s027,89,91,73
8,s027,89,90,38
8,s027,89,93,95
8,s027,89,92,31
8,s027,89,95,26
8,s027,89,94,14
8,s027,89,81,94
8,s027,89,80,31
8,s027,89,83,33
8,s027,89,82,11
8,s027,89,85,30
8,s027,89,84,19
8,s027,89,87,10
8,s027,89,73,55
8,s027,89,72,21
8,s027,89,75,14
8,s027,89,74,7
8,s027,89,77,22
8,s027,89,76,6
8,s027,89,79,11
8,s027,89,78,4
8,s027,89,65,35
8,s027,89,64,15
8,s027,89,67,9
8,s027,89,66,1
8,s027,89,69,9
8,s027,89,68,4
8,s027,89,71,1
8,s027,89,70,1
8,s027,89,121,102
8,s027,89,120,40
8,s027,89,123,36
8,s027,89,122,8
8,s027,89,125,34
8,s027,89,124,8
8,s027,89,127,16
8,s027,89,126,7
8,s027,89,113,39
8,s027,89,112,17
8,s027,89,115,13
8,s027,89,114,6
8,s027,89,117,14
8,s027,89,116,6
8,s027,89,119,5
8,s027,89,118,4
8,s027,89,105,29
8,s027,89,104,12
8,s027,89,107,15
8,s027,89,106,6
8,s027,89,109,11
8,s027,89,111,2
8,s027,89,97,7
8,s027,89,96,3
8,s027,89,99,4
8,s027,89,98,5
8,s027,89,101,2
8,s027,89,103,1
8,s027,89,102,1
8,s027,89,25,111
8,s027,89,24,55
8,s027,89,27,34
8,s027,89,26,22
8,s027,89,29,33
8,s027,89,28,22
8,s027,89,31,18
8,s027,89,30,7
8,s027,89,17,47
8,s027,89,16,22
8,s027,89,19,13
8,s027,89,18,7
8,s027,89,21,19
8,s027,89,20,8
8,s027,89,23,7
8,s027,89,22,5
8,s027,89,9,28
8,s027,89,8,18
8,s027,89,11,4
8,s027,89,10,5
8,s027,89,13,13
8,s027,89,12,8
8,s027,89,15,2
8,s027,89,14,5
8,s027,89,1,11
8,s027,89,0,10
8,s027,89,3,6
8,s027,89,2,1
8,s027,89,5,5
8,s027,89,4,1
8,s027,89,57,51
8,s027,89,56,29
8,s027,89,59,17
8,s027,89,58,4
8,s027,89,61,13
8,s027,89,60,9
8,s027,89,63,5
8,s027,89,62,2
8,s027,89,49,14
8,s027,89,48,8
8,s027,89,51,13
8,s027,89,50,5
8,s027,89,53,10
8,s027,89,52,2
8,s027,89,55,1
8,s027,89,54,1
8,s027,89,41,14
8,s027,89,40,8
8,s027,89,43,3
8,s027,89,42,2
8,s027,89,45,1
8,s027,89,44,5
8,s027,89,33,6
8,s027,89,32,2
8,s027,89,35,1
8,s027,89,34,4
8,s027,89,39,3
8,s028,62,62,246
8,s028,62,63,95
8,s028,62,60,70
8,s028,62,61,20
8,s028,62,58,73
8,s028,62,59,40
8,s028,62,56,29
8,s028,62,57,10
8,s028,62,54,102
8,s028,62,55,35
8,s028,62,52,27
8,s028,62,53,10
8,s028,62,50,39
8,s028,62,51,11
8,s028,62,48,15
8,s028,62,49,4
8,s028,62,46,64
8,s028,62,47,26
8,s028,62,44,25
8,s028,62,45,9
8,s028,62,42,22
8,s028,62,43,9
8,s028,62,40,10
8,s028,62,41,1
8,s028,62,38,26
8,s028,62,39,10
8,s028,62,36,11
8,s028,62,37,3
8,s028,62,34,10
8,s028,62,35,3
8,s028,62,32,6
8,s028,62,33,2
8,s028,62,30,99
8,s028,62,31,23
8,s028,62,28,38
8,s028,62,29,15
8,s028,62,26,31
8,s028,62,27,10
8,s028,62,24,14
8,s028,62,25,7
8,s028,62,22,34
8,s028,62,23,11
8,s028,62,20,10
8,s028,62,21,4
8,s028,62,18,16
8,s028,62,19,3
8,s028,62,16,5
8,s028,62,14,21
8,s028,62,15,14
8,s028,62,12,15
8,s028,62,13,6
8,s028,62,10,14
8,s028,62,11,1
8,s028,62,8,2
8,s028,62,9,3
8,s028,62,6,16
8,s028,62,7,4
8,s028,62,4,1
8,s028,62,5,3
8,s028,62,2,6
8,s028,62,3,3
8,s028,62,0,2
8,s028,62,126,97
8,s028,62,127,55
8,s028,62,124,31
8,s028,62,125,15
8,s028,62,122,36
8,s028,62,123,22
8,s028,62,120,17
8,s028,62,121,2
8,s028,62,118,54
8,s028,62,119,18
8,s028,62,116,14
8,s028,62,117,10
8,s028,62,114,15
8,s028,62,115,11
8,s028,62,112,7
8,s028,62,113,3
8,s028,62,110,25
8,s028,62,111,13
8,s028,62,108,9
8,s028,62,109,8
8,s028,62,106,17
8,s028,62,107,4
8,s028,62,102,19
8,s028,62,103,10
8,s028,62,100,3
8,s028,62,101,3
8,s028,62,98,5
8,s028,62,99,1
8,s028,62,96,3
8,s028,62,97,1
8,s028,62,94,31
8,s028,62,95,19
8,s028,62,92,10
8,s028,62,93,4
8,s028,62,90,14
8,s028,62,91,7
8,s028,62,88,5
8,s028,62,89,3
8,s028,62,86,24
8,s028,62,87,7
8,s028,62,84,11
8,s028,62,85,3
8,s028,62,82,8
8,s028,62,83,4
8,s028,62,80,2
8,s028,62,81,1
8,s028,62,78,18
8,s028,62,79,2
8,s028,62,76,5
8,s028,62,77,5
8,s028,62,74,3
8,s028,62,75,3
8,s028,62,72,2
8,s028,62,73,1
8,s028,62,70,8
8,s028,62,71,4
8,s028,62,69,1
8,s028,62,64,1
8,s029,35,35,231
8,s029,35,34,84
8,s029,35,33,73
8,s029,35,32,24
8,s029,35,39,76
8,s029,35,38,23
8,s029,35,37,26
8,s029,35,36,7
8,s029,35,43,100
8,s029,35,42,37
8,s029,35,41,34
8,s029,35,40,12
8,s029,35,47,39
8,s029,35,46,17
8,s029,35,45,10
8,s029,35,44,7
8,s029,35,51,73
8,s029,35,50,32
8,s029,35,49,26
8,s029,35,48,10
8,s029,35,55,21
8,s029,35,54,10
8,s029,35,53,6
8,s029,35,52,3
8,s029,35,59,25
8,s029,35,58,7
8,s029,35,57,11
8,s029,35,56,3
8,s029,35,63,5
8,s029,35,62,3
8,s029,35,61,2
8,s029,35,3,89
8,s029,35,2,25
8,s029,35,1,34
8,s029,35,0,9
8,s029,35,7,35
8,s029,35,6,7
8,s029,35,5,17
8,s029,35,4,7
8,s029,35,11,42
8,s029,35,10,12
8,s029,35,9,24
8,s029,35,8,1
8,s029,35,15,13
8,s029,35,14,3
8,s029,35,13,8
8,s029,35,12,1
8,s029,35,19,22
8,s029,35,18,18
8,s029,35,17,6
8,s029,35,16,7
8,s029,35,23,8
8,s029,35,22,4
8,s029,35,21,3
8,s029,35,20,1
8,s029,35,27,9
8,s029,35,26,7
8,s029,35,25,5
8,s029,35,24,1
8,s029,35,31,2
8,s029,35,30,2
8,s029,35,29,1
8,s029,35,28,1
8,s029,35,99,97
8,s029,35,98,36
8,s029,35,97,30
8,s029,35,96,15
8,s029,35,103,31
8,s029,35,102,13
8,s029,35,101,14
8,s029,35,100,7
8,s029,35,107,41
8,s029,35,106,20
8,s029,35,105,14
8,s029,35,104,14
8,s029,35,111,19
8,s029,35,110,6
8,s029,35,109,2
8,s029,35,108,4
8,s029,35,115,18
8,s029,35,114,19
8,s029,35,113,12
8,s029,35,112,6
8,s029,35,119,8
8,s029,35,118,10
8,s029,35,117,2
8,s029,35,116,3
8,s029,35,123,21
8,s029,35,122,6
8,s029,35,121,1
8,s029,35,120,1
8,s029,35,127,12
8,s029,35,126,3
8,s029,35,125,2
8,s029,35,124,1
8,s029,35,67,33
8,s029,35,66,18
8,s029,35,65,15
8,s029,35,64,13
8,s029,35,71,15
8,s029,35,70,4
8,s029,35,69,4
8,s029,35,68,1
8,s029,35,75,21
8,s029,35,74,5
8,s029,35,73,7
8,s029,35,72,2
8,s029,35,79,3
8,s029,35,78,2
8,s029,35,77,3
8,s029,35,76,2
8,s029,35,83,13
8,s029,35,82,11
8,s029,35,81,7
8,s029,35,80,3
8,s029,35,87,6
8,s029,35,86,5
8,s029,35,84,1
8,s029,35,91,2
8,s029,35,90,2
8,s029,35,89,3
8,s029,35,88,1
8,s029,35,95,2
8,s029,35,94,2
8,s029,35,93,3
8,s029,35,92,1
8,s030,42,42,266
8,s030,42,43,97
8,s030,42,40,70
8,s030,42,41,31
8,s030,42,46,87
8,s030,42,47,31
8,s030,42,44,36
8,s030,42,45,8
8,s030,42,34,106
8,s030,42,35,35
8,s030,42,32,41
8,s030,42,33,13
8,s030,42,38,43
8,s030,42,39,7
8,s030,42,36,16
8,s030,42,37,6
8,s030,42,58,56
8,s030,42,59,28
8,s030,42,56,29
8,s030,42,57,9
8,s030,42,62,19
8,s030,42,63,5
8,s030,42,60,13
8,s030,42,61,2
8,s030,42,50,29
8,s030,42,51,8
8,s030,42,48,2
8,s030,42,49,5
8,s030,42,54,12
8,s030,42,55,6
8,s030,42,52,8
8,s030,42,53,2
8,s030,42,10,111
8,s030,42,11,30
8,s030,42,8,27
8,s030,42,9,17
8,s030,42,14,31
8,s030,42,15,7
8,s030,42,12,12
8,s030,42,13,11
8,s030,42,2,47
8,s030,42,3,17
8,s030,42,0,19
8,s030,42,1,5
8,s030,42,6,8
8,s030,42,7,6
8,s030,42,4,5
8,s030,42,5,3
8,s030,42,26,30
8,s030,42,27,13
8,s030,42,24,13
8,s030,42,25,5
8,s030,42,30,7
8,s030,42,31,5
8,s030,42,28,2
8,s030,42,29,3
8,s030,42,18,5
8,s030,42,19,11
8,s030,42,16,4
8,s030,42,17,6
8,s030,42,22,6
8,s030,42,23,2
8,s030,42,21,2
8,s030,42,106,103
8,s030,42,107,47
8,s030,42,104,39
8,s030,42,105,14
8,s030,42,110,23
8,s030,42,111,22
8,s030,42,108,12
8,s030,42,109,7
8,s030,42,98,48
8,s030,42,99,26
8,s030,42,96,19
8,s030,42,97,6
8,s030,42,102,16
8,s030,42,103,9
8,s030,42,100,1
8,s030,42,101,5
8,s030,42,122,30
8,s030,42,123,15
8,s030,42,120,14
8,s030,42,121,6
8,s030,42,126,12
8,s030,42,127,5
8,s030,42,124,1
8,s030,42,125,2
8,s030,42,114,16
8,s030,42,115,5
8,s030,42,112,4
8,s030,42,113,6
8,s030,42,118,6
8,s030,42,119,7
8,s030,42,116,3
8,s030,42,117,1
8,s030,42,74,44
8,s030,42,75,20
8,s030,42,72,11
8,s030,42,73,13
8,s030,42,78,14
8,s030,42,79,8
8,s030,42,76,13
8,s030,42,77,2
8,s030,42,66,22
8,s030,42,67,11
8,s030,42,64,11
8,s030,42,65,3
8,s030,42,70,8
8,s030,42,71,2
8,s030,42,68,4
8,s030,42,90,13
8,s030,42,91,12
8,s030,42,88,7
8,s030,42,89,2
8,s030,42,94,6
8,s030,42,95,4
8,s030,42,92,7
8,s030,42,82,11
8,s030,42,83,4
8,s030,42,80,1
8,s030,42,81,2
8,s030,42,86,1
8,s030,42,87,2
8,s030,42,85,1
8,s031,45,45,239
8,s031,45,44,86
8,s031,45,47,70
8,s031,45,46,21
8,s031,45,41,93
8,s031,45,40,28
8,s031,45,43,36
8,s031,45,42,5
8,s031,45,37,90
8,s031,45,36,34
8,s031,45,39,24
8,s031,45,38,14
8,s031,45,33,38
8,s031,45,32,17
8,s031,45,35,9
8,s031,45,34,6
8,s031,45,61,78
8,s031,45,60,25
8,s031,45,63,15
8,s031,45,62,7
8,s031,45,57,20
8,s031,45,56,12
8,s031,45,59,3
8,s031,45,58,6
8,s031,45,53,33
8,s031,45,52,15
8,s031,45,55,9
8,s031,45,54,3
8,s031,45,49,14
8,s031,45,48,6
8,s031,45,51,7
8,s031,45,50,3
8,s031,45,13,92
8,s031,45,12,26
8,s031,45,15,37
8,s031,45,14,11
8,s031,45,9,30
8,s031,45,8,12
8,s031,45,11,13
8,s031,45,10,5
8,s031,45,5,44
8,s031,45,4,17
8,s031,45,7,9
8,s031,45,6,5
8,s031,45,1,12
8,s031,45,0,5
8,s031,45,3,2
8,s031,45,2,3
8,s031,45,29,29
8,s031,45,28,14
8,s031,45,31,10
8,s031,45,30,5
8,s031,45,25,10
8,s031,45,24,5
8,s031,45,27,2
8,s031,45,26,1
8,s031,45,21,22
8,s031,45,20,2
8,s031,45,23,2
8,s031,45,22,1
8,s031,45,17,5
8,s031,45,16,1
8,s031,45,19,2
8,s031,45,18,1
8,s031,45,109,111
8,s031,45,108,45
8,s031,45,111,40
8,s031,45,110,19
8,s031,45,105,42
8,s031,45,104,16
8,s031,45,107,9
8,s031,45,106,4
8,s031,45,101,42
8,s031,45,100,22
8,s031,45,103,13
8,s031,45,102,7
8,s031,45,97,18
8,s031,45,96,6
8,s031,45,99,5
8,s031,45,98,1
8,s031,45,125,43
8,s031,45,124,17
8,s031,45,127,4
8,s031,45,126,3
8,s031,45,121,10
8,s031,45,120,2
8,s031,45,123,5
8,s031,45,122,3
8,s031,45,117,16
8,s031,45,116,9
8,s031,45,119,2
8,s031,45,118,3
8,s031,45,113,3
8,s031,45,112,1
8,s031,45,115,3
8,s031,45,114,1
8,s031,45,77,35
8,s031,45,76,19
8,s031,45,79,18
8,s031,45,78,7
8,s031,45,73,16
8,s031,45,72,7
8,s031,45,75,10
8,s031,45,74,4
8,s031,45,69,18
8,s031,45,68,9
8,s031,45,71,6
8,s031,45,70,3
8,s031,45,65,6
8,s031,45,64,3
8,s031,45,67,5
8,s031,45,66,2
8,s031,45,93,11
8,s031,45,92,9
8,s031,45,95,4
8,s031,45,94,5
8,s031,45,89,1
8,s031,45,88,1
8,s031,45,91,1
8,s031,45,90,1
8,s031,45,85,5
8,s031,45,84,3
8,s031,45,87,4
8,s031,45,86,1
8,s031,45,81,2
8,s031,45,80,1
8,s031,45,83,1
8,s031,45,82,1
8,s032,13,13,235
8,s032,13,12,95
8,s032,13,15,71
8,s032,13,14,23
8,s032,13,9,94
8,s032,13,8,32
8,s032,13,11,22
8,s032,13,10,5
8,s032,13,5,101
8,s032,13,4,52
8,s032,13,7,29
8,s032,13,6,11
8,s032,13,1,26
8,s032,13,0,16
8,s032,13,3,10
8,s032,13,2,4
8,s032,13,29,62
8,s032,13,28,30
8,s032,13,31,14
8,s032,13,30,14
8,s032,13,25,28
8,s032,13,24,7
8,s032,13,27,9
8,s032,13,26,4
8,s032,13,21,26
8,s032,13,20,12
8,s032,13,23,7
8,s032,13,22,6
8,s032,13,17,8
8,s032,13,16,2
8,s032,13,19,5
8,s032,13,18,2
8,s032,13,45,81
8,s032,13,44,33
8,s032,13,47,36
8,s032,13,46,17
8,s032,13,41,30
8,s032,13,40,11
8,s032,13,43,12
8,s032,13,42,8
8,s032,13,37,35
8,s032,13,36,10
8,s032,13,39,11
8,s032,13,38,6
8,s032,13,33,11
8,s032,13,32,8
8,s032,13,35,3
8,s032,13,34,3
8,s032,13,61,33
8,s032,13,60,7
8,s032,13,63,15
8,s032,13,62,6
8,s032,13,57,8
8,s032,13,56,3
8,s032,13,59,8
8,s032,13,53,14
8,s032,13,52,2
8,s032,13,55,8
8,s032,13,54,2
8,s032,13,49,4
8,s032,13,48,1
8,s032,13,51,2
8,s032,13,77,122
8,s032,13,76,51
8,s032,13,79,28
8,s032,13,78,25
8,s032,13,73,30
8,s032,13,72,18
8,s032,13,75,7
8,s032,13,74,6
8,s032,13,69,47
8,s032,13,68,12
8,s032,13,71,10
8,s032,13,70,3
8,s032,13,65,16
8,s032,13,64,7
8,s032,13,67,5
8,s032,13,66,2
8,s032,13,93,38
8,s032,13,92,23
8,s032,13,95,11
8,s032,13,94,6
8,s032,13,89,8
8,s032,13,88,8
8,s032,13,91,5
8,s032,13,90,4
8,s032,13,85,15
8,s032,13,84,2
8,s032,13,87,3
8,s032,13,86,3
8,s032,13,81,4
8,s032,13,83,2
8,s032,13,109,27
8,s032,13,108,17
8,s032,13,111,18
8,s032,13,110,6
8,s032,13,105,15
8,s032,13,104,6
8,s032,13,107,5
8,s032,13,106,3
8,s032,13,101,25
8,s032,13,100,9
8,s032,13,103,6
8,s032,13,102,2
8,s032,13,97,4
8,s032,13,96,4
8,s032,13,99,3
8,s032,13,98,1
8,s032,13,125,9
8,s032,13,124,11
8,s032,13,127,9
8,s032,13,126,2
8,s032,13,121,9
8,s032,13,120,3
8,s032,13,123,1
8,s032,13,122,2
8,s032,13,117,6
8,s032,13,116,3
8,s032,13,119,1
8,s032,13,118,1
8,s032,13,113,4
8,s032,13,112,2
8,s033,107,107,230
8,s033,107,106,109
8,s033,107,105,60
8,s033,107,104,24
8,s033,107,111,80
8,s033,107,110,34
8,s033,107,109,33
8,s033,107,108,11
8,s033,107,99,93
8,s033,107,98,43
8,s033,107,97,31
8,s033,107,96,15
8,s033,107,103,36
8,s033,107,102,16
8,s033,107,101,16
8,s033,107,100,2
8,s033,107,123,76
8,s033,107,122,18
8,s033,107,121,22
8,s033,107,120,13
8,s033,107,127,28
8,s033,107,126,10
8,s033,107,125,12
8,s033,107,124,5
8,s033,107,115,41
8,s033,107,114,16
8,s033,107,113,9
8,s033,107,112,10
8,s033,107,119,12
8,s033,107,118,1
8,s033,107,117,10
8,s033,107,75,109
8,s033,107,74,35
8,s033,107,73,35
8,s033,107,72,13
8,s033,107,79,24
8,s033,107,78,18
8,s033,107,77,9
8,s033,107,76,2
8,s033,107,67,36
8,s033,107,66,8
8,s033,107,65,16
8,s033,107,64,4
8,s033,107,71,23
8,s033,107,70,8
8,s033,107,69,4
8,s033,107,68,1
8,s033,107,91,21
8,s033,107,90,12
8,s033,107,89,10
8,s033,107,88,5
8,s033,107,95,16
8,s033,107,94,4
8,s033,107,93,3
8,s033,107,92,3
8,s033,107,83,10
8,s033,107,82,4
8,s033,107,81,4
8,s033,107,80,1
8,s033,107,87,3
8,s033,107,86,1
8,s033,107,85,3
8,s033,107,84,1
8,s033,107,43,129
8,s033,107,42,45
8,s033,107,41,38
8,s033,107,40,20
8,s033,107,47,45
8,s033,107,46,15
8,s033,107,45,13
8,s033,107,44,5
8,s033,107,35,43
8,s033,107,34,25
8,s033,107,33,16
8,s033,107,32,7
8,s033,107,39,21
8,s033,107,38,6
8,s033,107,37,6
8,s033,107,36,1
8,s033,107,59,37
8,s033,107,58,18
8,s033,107,57,10
8,s033,107,56,3
8,s033,107,63,7
8,s033,107,62,3
8,s033,107,61,2
8,s033,107,60,2
8,s033,107,51,27
8,s033,107,50,7
8,s033,107,49,5
8,s033,107,48,4
8,s033,107,55,8
8,s033,107,54,2
8,s033,107,52,2
8,s033,107,11,39
8,s033,107,10,24
8,s033,107,9,16
8,s033,107,8,11
8,s033,107,15,18
8,s033,107,14,6
8,s033,107,13,11
8,s033,107,12,6
8,s033,107,3,27
8,s033,107,2,12
8,s033,107,1,8
8,s033,107,0,3
8,s033,107,7,7
8,s033,107,6,5
8,s033,107,5,2
8,s033,107,4,3
8,s033,107,27,9
8,s033,107,26,10
8,s033,107,25,9
8,s033,107,24,5
8,s033,107,31,4
8,s033,107,30,7
8,s033,107,29,1
8,s033,107,28,1
8,s033,107,19,11
8,s033,107,18,2
8,s033,107,17,1
8,s033,107,16,2
8,s033,107,23,2
8,s033,107,22,2
8,s033,107,21,2
8,s033,107,20,2
8,s034,41,41,238
8,s034,41,40,89
8,s034,41,43,72
8,s034,41,42,27
8,s034,41,45,87
8,s034,41,44,29
8,s034,41,47,28
8,s034,41,46,10
8,s034,41,33,103
8,s034,41,32,38
8,s034,41,35,28
8,s034,41,34,10
8,s034,41,37,35
8,s034,41,36,12
8,s034,41,39,16
8,s034,41,38,4
8,s034,41,57,84
8,s034,41,56,34
8,s034,41,59,29
8,s034,41,58,7
8,s034,41,61,27
8,s034,41,60,9
8,s034,41,63,4
8,s034,41,62,2
8,s034,41,49,25
8,s034,41,48,13
8,s034,41,51,7
8,s034,41,50,10
8,s034,41,53,16
8,s034,41,52,4
8,s034,41,55,4
8,s034,41,54,2
8,s034,41,9,91
8,s034,41,8,31
8,s034,41,11,35
8,s034,41,10,11
8,s034,41,13,30
8,s034,41,12,10
8,s034,41,15,10
8,s034,41,14,7
8,s034,41,1,48
8,s034,41,0,8
8,s034,41,3,15
8,s034,41,2,6
8,s034,41,5,19
8,s034,41,4,5
8,s034,41,7,9
8,s034,41,25,28
8,s034,41,24,12
8,s034,41,27,11
8,s034,41,26,6
8,s034,41,29,11
8,s034,41,28,7
8,s034,41,31,2
8,s034,41,30,1
8,s034,41,17,14
8,s034,41,16,6
8,s034,41,19,4
8,s034,41,18,3
8,s034,41,21,3
8,s034,41,20,5
8,s034,41,23,2
8,s034,41,22,1
8,s034,41,105,103
8,s034,41,104,53
8,s034,41,107,41
8,s034,41,106,15
8,s034,41,109,46
8,s034,41,108,13
8,s034,41,111,10
8,s034,41,110,7
8,s034,41,97,37
8,s034,41,96,14
8,s034,41,99,11
8,s034,41,98,10
8,s034,41,101,13
8,s034,41,100,12
8,s034,41,103,5
8,s034,41,102,2
8,s034,41,121,24
8,s034,41,120,24
8,s034,41,123,9
8,s034,41,122,7
8,s034,41,125,18
8,s034,41,124,6
8,s034,41,127,6
8,s034,41,126,3
8,s034,41,113,16
8,s034,41,112,9
8,s034,41,115,3
8,s034,41,116,3
8,s034,41,119,1
8,s034,41,118,1
8,s034,41,73,55
8,s034,41,72,26
8,s034,41,75,19
8,s034,41,74,10
8,s034,41,77,15
8,s034,41,76,7
8,s034,41,79,4
8,s034,41,78,2
8,s034,41,65,17
8,s034,41,64,6
8,s034,41,67,6
8,s034,41,66,4
8,s034,41,69,8
8,s034,41,68,2
8,s034,41,71,1
8,s034,41,70,3
8,s034,41,89,17
8,s034,41,88,11
8,s034,41,91,8
8,s034,41,90,6
8,s034,41,93,9
8,s034,41,92,2
8,s034,41,95,1
8,s034,41,94,1
8,s034,41,81,10
8,s034,41,80,1
8,s034,41,83,1
8,s034,41,87,2
8,s035,18,18,245
8,s035,18,19,78
8,s035,18,16,59
8,s035,18,17,30
8,s035,18,22,78
8,s035,18,23,32
8,s035,18,20,28
8,s035,18,21,8
8,s035,18,26,102
8,s035,18,27,28
8,s035,18,24,30
8,s035,18,25,8
8,s035,18,30,42
8,s035,18,31,15
8,s035,18,28,15
8,s035,18,29,8
8,s035,18,2,78
8,s035,18,3,39
8,s035,18,0,25
8,s035,18,1,11
8,s035,18,6,31
8,s035,18,7,14
8,s035,18,4,6
8,s035,18,5,5
8,s035,18,10,41
8,s035,18,11,16
8,s035,18,8,8
8,s035,18,9,6
8,s035,18,14,12
8,s035,18,15,5
8,s035,18,12,2
8,s035,18,13,3
8,s035,18,50,94
8,s035,18,51,54
8,s035,18,48,33
8,s035,18,49,14
8,s035,18,54,32
8,s035,18,55,17
8,s035,18,52,18
8,s035,18,53,4
8,s035,18,58,45
8,s035,18,59,11
8,s035,18,56,14
8,s035,18,57,4
8,s035,18,62,19
8,s035,18,63,2
8,s035,18,60,10
8,s035,18,61,2
8,s035,18,34,28
8,s035,18,35,8
8,s035,18,32,17
8,s035,18,33,4
8,s035,18,38,14
8,s035,18,39,3
8,s035,18,36,5
8,s035,18,37,2
8,s035,18,42,15
8,s035,18,43,5
8,s035,18,40,7
8,s035,18,46,7
8,s035,18,47,1
8,s035,18,44,2
8,s035,18,82,121
8,s035,18,83,53
8,s035,18,80,37
8,s035,18,81,26
8,s035,18,86,38
8,s035,18,87,19
8,s035,18,84,9
8,s035,18,85,8
8,s035,18,90,38
8,s035,18,91,21
8,s035,18,88,16
8,s035,18,89,9
8,s035,18,94,16
8,s035,18,95,11
8,s035,18,92,4
8,s035,18,93,7
8,s035,18,66,37
8,s035,18,67,12
8,s035,18,64,11
8,s035,18,65,6
8,s035,18,70,8
8,s035,18,71,6
8,s035,18,68,2
8,s035,18,69,1
8,s035,18,74,12
8,s035,18,75,10
8,s035,18,72,5
8,s035,18,73,2
8,s035,18,78,12
8,s035,18,79,7
8,s035,18,76,2
8,s035,18,77,1
8,s035,18,114,45
8,s035,18,115,19
8,s035,18,112,12
8,s035,18,113,11
8,s035,18,118,20
8,s035,18,119,5
8,s035,18,116,3
8,s035,18,117,3
8,s035,18,122,18
8,s035,18,123,8
8,s035,18,120,7
8,s035,18,121,1
8,s035,18,126,7
8,s035,18,124,2
8,s035,18,125,3
8,s035,18,98,11
8,s035,18,99,14
8,s035,18,96,3
8,s035,18,97,3
8,s035,18,102,2
8,s035,18,103,2
8,s035,18,100,3
8,s035,18,101,1
8,s035,18,106,9
8,s035,18,107,3
8,s035,18,104,1
8,s035,18,105,2
8,s035,18,110,4
8,s035,18,108,1
8,s036,103,103,250
8,s036,103,102,84
8,s036,103,101,85
8,s036,103,100,23
8,s036,103,99,100
8,s036,103,98,34
8,s036,103,97,26
8,s036,103,96,13
8,s036,103,111,113
8,s036,103,110,35
8,s036,103,109,28
8,s036,103,108,8
8,s036,103,107,37
8,s036,103,106,19
8,s036,103,105,15
8,s036,103,104,4
8,s036,103,119,68
8,s036,103,118,34
8,s036,103,117,26
8,s036,103,116,10
8,s036,103,115,20
8,s036,103,114,12
8,s036,103,113,7
8,s036,103,112,4
8,s036,103,127,24
8,s036,103,126,11
8,s036,103,125,18
8,s036,103,124,5
8,s036,103,123,12
8,s036,103,122,3
8,s036,103,121,2
8,s036,103,120,1
8,s036,103,71,100
8,s036,103,70,32
8,s036,103,69,40
8,s036,103,68,19
8,s036,103,67,35
8,s036,103,66,17
8,s036,103,65,11
8,s036,103,64,1
8,s036,103,79,42
8,s036,103,78,16
8,s036,103,77,16
8,s036,103,76,5
8,s036,103,75,16
8,s036,103,74,7
8,s036,103,73,9
8,s036,103,72,2
8,s036,103,87,30
8,s036,103,86,6
8,s036,103,85,16
8,s036,103,84,4
8,s036,103,83,10
8,s036,103,82,5
8,s036,103,81,3
8,s036,103,80,1
8,s036,103,95,8
8,s036,103,94,6
8,s036,103,93,4
8,s036,103,92,1
8,s036,103,91,2
8,s036,103,90,1
8,s036,103,89,2
8,s036,103,39,124
8,s036,103,38,45
8,s036,103,37,28
8,s036,103,36,18
8,s036,103,35,49
8,s036,103,34,12
8,s036,103,33,18
8,s036,103,32,6
8,s036,103,47,46
8,s036,103,46,13
8,s036,103,45,21
8,s036,103,44,11
8,s036,103,43,9
8,s036,103,42,3
8,s036,103,41,8
8,s036,103,40,3
8,s036,103,55,36
8,s036,103,54,22
8,s036,103,53,11
8,s036,103,52,9
8,s036,103,51,12
8,s036,103,50,7
8,s036,103,49,1
8,s036,103,48,3
8,s036,103,63,9
8,s036,103,62,11
8,s036,103,61,4
8,s036,103,60,3
8,s036,103,59,3
8,s036,103,58,8
8,s036,103,7,46
8,s036,103,6,19
8,s036,103,5,12
8,s036,103,4,8
8,s036,103,3,15
8,s036,103,2,9
8,s036,103,1,4
8,s036,103,0,2
8,s036,103,15,17
8,s036,103,14,13
8,s036,103,13,8
8,s036,103,12,4
8,s036,103,11,12
8,s036,103,9,3
8,s036,103,8,1
8,s036,103,23,8
8,s036,103,22,9
8,s036,103,21,7
8,s036,103,20,1
8,s036,103,19,6
8,s036,103,17,2
8,s036,103,16,2
8,s036,103,31,7
8,s036,103,30,2
8,s036,103,29,3
8,s036,103,28,1
8,s036,103,27,3
8,s036,103,25,2
8,s037,8,8,238
8,s037,8,9,91
8,s037,8,10,95
8,s037,8,11,34
8,s037,8,12,88
8,s037,8,13,31
8,s037,8,14,20
8,s037,8,15,11
8,s037,8,0,95
8,s037,8,1,38
8,s037,8,2,28
8,s037,8,3,9
8,s037,8,4,41
8,s037,8,5,15
8,s037,8,6,8
8,s037,8,7,7
8,s037,8,24,90
8,s037,8,25,27
8,s037,8,26,24
8,s037,8,27,8
8,s037,8,28,17
8,s037,8,29,9
8,s037,8,30,4
8,s037,8,31,2
8,s037,8,16,36
8,s037,8,17,10
8,s037,8,18,8
8,s037,8,19,5
8,s037,8,20,16
8,s037,8,21,5
8,s037,8,23,1
8,s037,8,40,106
8,s037,8,41,42
8,s037,8,42,32
8,s037,8,43,19
8,s037,8,44,38
8,s037,8,45,15
8,s037,8,46,18
8,s037,8,47,5
8,s037,8,32,40
8,s037,8,33,9
8,s037,8,34,15
8,s037,8,35,7
8,s037,8,36,16
8,s037,8,37,5
8,s037,8,38,6
8,s037,8,39,3
8,s037,8,56,33
8,s037,8,57,13
8,s037,8,58,13
8,s037,8,59,6
8,s037,8,60,17
8,s037,8,61,5
8,s037,8,62,6
8,s037,8,63,1
8,s037,8,48,12
8,s037,8,49,6
8,s037,8,50,5
8,s037,8,52,4
8,s037,8,53,2
8,s037,8,54,1
8,s037,8,55,1
8,s037,8,72,113
8,s037,8,73,58
8,s037,8,74,41
8,s037,8,75,20
8,s037,8,76,37
8,s037,8,77,22
8,s037,8,78,9
8,s037,8,79,5
8,s037,8,64,51
8,s037,8,65,15
8,s037,8,66,19
8,s037,8,67,7
8,s037,8,68,21
8,s037,8,69,6
8,s037,8,70,9
8,s037,8,71,4
8,s037,8,88,36
8,s037,8,89,16
8,s037,8,90,8
8,s037,8,91,7
8,s037,8,92,13
8,s037,8,93,6
8,s037,8,94,2
8,s037,8,95,6
8,s037,8,80,13
8,s037,8,81,8
8,s037,8,82,5
8,s037,8,83,1
8,s037,8,84,6
8,s037,8,86,1
8,s037,8,104,50
8,s037,8,105,19
8,s037,8,106,18
8,s037,8,107,4
8,s037,8,108,19
8,s037,8,109,9
8,s037,8,110,9
8,s037,8,111,3
8,s037,8,96,10
8,s037,8,97,7
8,s037,8,98,5
8,s037,8,99,1
8,s037,8,100,8
8,s037,8,101,4
8,s037,8,102,4
8,s037,8,103,3
8,s037,8,120,13
8,s037,8,121,10
8,s037,8,122,7
8,s037,8,124,3
8,s037,8,125,3
8,s037,8,126,4
8,s037,8,127,1
8,s037,8,112,7
8,s037,8,113,5
8,s037,8,114,6
8,s037,8,115,1
8,s037,8,116,4
8,s037,8,117,1
8,s037,8,119,1
8,s038,57,57,267
8,s038,57,56,94
8,s038,57,59,66
8,s038,57,58,24
8,s038,57,61,83
8,s038,57,60,35
8,s038,57,63,21
8,s038,57,62,9
8,s038,57,49,93
8,s038,57,48,33
8,s038,57,51,37
8,s038,57,50,12
8,s038,57,53,48
8,s038,57,52,13
8,s038,57,55,18
8,s038,57,54,8
8,s038,57,41,66
8,s038,57,40,32
8,s038,57,43,24
8,s038,57,42,10
8,s038,57,45,27
8,s038,57,44,6
8,s038,57,47,7
8,s038,57,46,3
8,s038,57,33,31
8,s038,57,32,13
8,s038,57,35,10
8,s038,57,34,5
8,s038,57,37,7
8,s038,57,36,6
8,s038,57,39,5
8,s038,57,38,2
8,s038,57,25,105
8,s038,57,24,37
8,s038,57,27,45
8,s038,57,26,14
8,s038,57,29,26
8,s038,57,28,11
8,s038,57,31,14
8,s038,57,30,7
8,s038,57,17,41
8,s038,57,16,15
8,s038,57,19,21
8,s038,57,18,6
8,s038,57,21,12
8,s038,57,20,7
8,s038,57,23,3
8,s038,57,22,2
8,s038,57,9,30
8,s038,57,8,11
8,s038,57,11,11
8,s038,57,10,6
8,s038,57,13,4
8,s038,57,12,10
8,s038,57,15,6
8,s038,57,14,3
8,s038,57,1,13
8,s038,57,0,7
8,s038,57,3,1
8,s038,57,2,3
8,s038,57,5,8
8,s038,57,4,2
8,s038,57,7,1
8,s038,57,6,1
8,s038,57,121,123
8,s038,57,120,52
8,s038,57,123,37
8,s038,57,122,14
8,s038,57,125,32
8,s038,57,124,17
8,s038,57,127,13
8,s038,57,126,7
8,s038,57,113,36
8,s038,57,112,20
8,s038,57,115,14
8,s038,57,114,4
8,s038,57,117,15
8,s038,57,116,5
8,s038,57,119,11
8,s038,57,118,2
8,s038,57,105,37
8,s038,57,104,24
8,s038,57,107,8
8,s038,57,106,5
8,s038,57,109,14
8,s038,57,108,9
8,s038,57,111,3
8,s038,57,110,4
8,s038,57,97,14
8,s038,57,96,13
8,s038,57,99,6
8,s038,57,98,2
8,s038,57,101,5
8,s038,57,100,3
8,s038,57,103,1
8,s038,57,102,1
8,s038,57,89,56
8,s038,57,88,32
8,s038,57,91,17
8,s038,57,90,7
8,s038,57,93,17
8,s038,57,92,7
8,s038,57,95,4
8,s038,57,94,4
8,s038,57,81,18
8,s038,57,80,9
8,s038,57,83,7
8,s038,57,82,5
8,s038,57,85,11
8,s038,57,84,3
8,s038,57,87,2
8,s038,57,73,12
8,s038,57,72,11
8,s038,57,75,8
8,s038,57,74,2
8,s038,57,77,9
8,s038,57,76,2
8,s038,57,79,3
8,s038,57,78,1
8,s038,57,65,2
8,s038,57,64,3
8,s038,57,67,1
8,s038,57,66,2
8,s038,57,68,2
8,s038,57,70,1
8,s039,118,118,266
8,s039,118,119,110
8,s039,118,116,84
8,s039,118,117,28
8,s039,118,114,90
8,s039,118,115,31
8,s039,118,112,25
8,s039,118,113,11
8,s039,118,126,109
8,s039,118,127,31
8,s039,118,124,43
8,s039,118,125,9
8,s039,118,122,44
8,s039,118,123,10
8,s039,118,120,11
8,s039,118,121,4
8,s039,118,102,81
8,s039,118,103,34
8,s039,118,100,33
8,s039,118,101,7
8,s039,118,98,29
8,s039,118,99,10
8,s039,118,96,10
8,s039,118,97,2
8,s039,118,110,41
8,s039,118,111,13
8,s039,118,108,18
8,s039,118,109,2
8,s039,118,106,10
8,s039,118,107,5
8,s039,118,104,3
8,s039,118,105,4
8,s039,118,86,85
8,s039,118,87,30
8,s039,118,84,41
8,s039,118,85,13
8,s039,118,82,30
8,s039,118,83,13
8,s039,118,80,15
8,s039,118,81,1
8,s039,118,94,44
8,s039,118,95,15
8,s039,118,92,18
8,s039,118,93,7
8,s039,118,90,16
8,s039,118,91,5
8,s039,118,88,5
8,s039,118,89,1
8,s039,118,70,27
8,s039,118,71,11
8,s039,118,68,9
8,s039,118,69,3
8,s039,118,66,6
8,s039,118,67,6
8,s039,118,64,3
8,s039,118,65,1
8,s039,118,78,12
8,s039,118,79,2
8,s039,118,76,2
8,s039,118,77,4
8,s039,118,74,6
8,s039,118,75,3
8,s039,118,72,1
8,s039,118,54,117
8,s039,118,55,63
8,s039,118,52,39
8,s039,118,53,17
8,s039,118,50,42
8,s039,118,51,24
8,s039,118,48,13
8,s039,118,49,8
8,s039,118,62,35
8,s039,118,63,20
8,s039,118,60,17
8,s039,118,61,9
8,s039,118,58,18
8,s039,118,59,4
8,s039,118,56,4
8,s039,118,57,5
8,s039,118,38,33
8,s039,118,39,18
8,s039,118,36,8
8,s039,118,37,8
8,s039,118,34,9
8,s039,118,35,3
8,s039,118,32,5
8,s039,118,33,1
8,s039,118,46,17
8,s039,118,47,10
8,s039,118,44,5
8,s039,118,45,3
8,s039,118,42,6
8,s039,118,43,4
8,s039,118,40,3
8,s039,118,41,1
8,s039,118,22,32
8,s039,118,23,25
8,s039,118,20,14
8,s039,118,21,9
8,s039,118,18,19
8,s039,118,19,3
8,s039,118,16,8
8,s039,118,17,3
8,s039,118,30,21
8,s039,118,31,6
8,s039,118,28,4
8,s039,118,29,1
8,s039,118,26,13
8,s039,118,27,1
8,s039,118,24,4
8,s039,118,25,1
8,s039,118,6,17
8,s039,118,7,4
8,s039,118,4,4
8,s039,118,5,5
8,s039,118,2,4
8,s039,118,3,3
8,s039,118,14,6
8,s039,118,15,5
8,s039,118,12,2
8,s039,118,13,1
8,s039,118,10,1
8,s039,118,8,1
8,s039,118,9,1
12,s000,81,81,104
12,s000,81,80,60
12,s000,81,83,44
12,s000,81,82,29
12,s000,81,85,69
12,s000,81,84,29
12,s000,81,87,22
12,s000,81,86,21
12,s000,81,89,52
12,s000,81,88,35
12,s000,81,91,29
12,s000,81,90,16
12,s000,81,93,38
12,s000,81,92,16
12,s000,81,95,13
12,s000,81,94,6
12,s000,81,65,34
12,s000,81,64,34
12,s000,81,67,21
12,s000,81,66,6
12,s000,81,69,15
12,s000,81,68,17
12,s000,81,71,9
12,s000,81,70,9
12,s000,81,73,30
12,s000,81,72,8
12,s000,81,75,7
12,s000,81,74,7
12,s000,81,77,14
12,s000,81,76,9
12,s000,81,79,5
12,s000,81,78,6
12,s000,81,113,44
12,s000,81,112,35
12,s000,81,115,37
12,s000,81,114,17
12,s000,81,117,32
12,s000,81,116,15
12,s000,81,119,16
12,s000,81,118,11
12,s000,81,121,35
12,s000,81,120,23
12,s000,81,123,18
12,s000,81,122,8
12,s000,81,125,21
12,s000,81,124,10
12,s000,81,127,7
12,s000,81,126,3
12,s000,81,97,39
12,s000,81,96,14
12,s000,81,99,12
12,s000,81,98,12
12,s000,81,101,9
12,s000,81,100,3
12,s000,81,103,11
12,s000,81,102,3
12,s000,81,105,13
12,s000,81,104,6
12,s000,81,107,8
12,s000,81,106,4
12,s000,81,109,13
12,s000,81,108,6
12,s000,81,111,4
12,s000,81,110,3
12,s000,81,17,89
12,s000,81,16,54
12,s000,81,19,24
12,s000,81,18,18
12,s000,81,21,35
12,s000,81,20,30
12,s000,81,23,15
12,s000,81,22,11
12,s000,81,25,52
12,s000,81,24,26
12,s000,81,27,15
12,s000,81,26,9
12,s000,81,29,19
12,s000,81,28,14
12,s000,81,31,13
12,s000,81,30,4
12,s000,81,1,22
12,s000,81,0,21
12,s000,81,3,17
12,s000,81,2,6
12,s000,81,5,17
12,s000,81,4,11
12,s000,81,7,14
12,s000,81,6,3
12,s000,81,9,25
12,s000,81,8,4
12,s000,81,11,5
12,s000,81,10,6
12,s000,81,13,17
12,s000,81,12,9
12,s000,81,15,3
12,s000,81,14,3
12,s000,81,49,34
12,s000,81,48,21
12,s000,81,51,26
12,s000,81,50,12
12,s000,81,53,19
12,s000,81,52,12
12,s000,81,55,10
12,s000,81,54,2
12,s000,81,57,24
12,s000,81,56,17
12,s000,81,59,14
12,s000,81,58,8
12,s000,81,61,7
12,s000,81,60,8
12,s000,81,63,4
12,s000,81,62,3
12,s000,81,33,16
12,s000,81,32,9
12,s000,81,35,4
12,s000,81,34,3
12,s000,81,37,15
12,s000,81,36,3
12,s000,81,39,5
12,s000,81,38,4
12,s000,81,41,7
12,s000,81,40,5
12,s000,81,43,5
12,s000,81,42,7
12,s000,81,45,6
12,s000,81,44,5
12,s000,81,47,4
12,s000,81,46,1
12,s001,52,52,111
12,s001,52,53,46
12,s001,52,54,37
12,s001,52,55,35
12,s001,52,48,59
12,s001,52,49,23
12,s001,52,50,17
12,s001,52,51,8
12,s001,52,60,78
12,s001,52,61,38
12,s001,52,62,31
12,s001,52,63,16
12,s001,52,56,44
12,s001,52,57,21
12,s001,52,58,12
12,s001,52,59,6
12,s001,52,36,62
12,s001,52,37,33
12,s001,52,38,19
12,s001,52,39,14
12,s001,52,32,21
12,s001,52,33,11
12,s001,52,34,9
12,s001,52,35,3
12,s001,52,44,28
12,s001,52,45,24
12,s001,52,46,10
12,s001,52,47,9
12,s001,52,40,11
12,s001,52,41,14
12,s001,52,42,10
12,s001,52,43,6
12,s001,52,20,67
12,s001,52,21,28
12,s001,52,22,30
12,s001,52,23,17
12,s001,52,16,32
12,s001,52,17,18
12,s001,52,18,16
12,s001,52,19,9
12,s001,52,28,38
12,s001,52,29,17
12,s001,52,30,20
12,s001,52,31,13
12,s001,52,24,19
12,s001,52,25,10
12,s001,52,26,7
12,s001,52,27,7
12,s001,52,4,12
12,s001,52,5,19
12,s001,52,6,15
12,s001,52,7,12
12,s001,52,0,5
12,s001,52,1,11
12,s001,52,2,10
12,s001,52,3,5
12,s001,52,12,15
12,s001,52,13,9
12,s001,52,14,11
12,s001,52,15,5
12,s001,52,8,6
12,s001,52,9,5
12,s001,52,10,4
12,s001,52,11,1
12,s001,52,116,83
12,s001,52,117,44
12,s001,52,118,30
12,s001,52,119,20
12,s001,52,112,33
12,s001,52,113,20
12,s001,52,114,14
12,s001,52,115,15
12,s001,52,124,31
12,s001,52,125,25
12,s001,52,126,17
12,s001,52,127,10
12,s001,52,120,23
12,s001,52,121,6
12,s001,52,122,10
12,s001,52,123,4
12,s001,52,100,36
12,s001,52,101,16
12,s001,52,102,14
12,s001,52,103,5
12,s001,52,96,20
12,s001,52,97,9
12,s001,52,98,8
12,s001,52,99,9
12,s001,52,108,27
12,s001,52,109,7
12,s001,52,110,8
12,s001,52,111,5
12,s001,52,104,13
12,s001,52,105,8
12,s001,52,106,5
12,s001,52,107,4
12,s001,52,84,58
12,s001,52,85,31
12,s001,52,86,28
12,s001,52,87,16
12,s001,52,80,18
12,s001,52,81,13
12,s001,52,82,15
12,s001,52,83,1
12,s001,52,92,21
12,s001,52,93,15
12,s001,52,94,13
12,s001,52,95,12
12,s001,52,88,7
12,s001,52,89,10
12,s001,52,90,4
12,s001,52,91,1
12,s001,52,68,23
12,s001,52,69,9
12,s001,52,70,6
12,s001,52,71,5
12,s001,52,64,13
12,s001,52,65,9
12,s001,52,66,6
12,s001,52,67,2
12,s001,52,76,13
12,s001,52,77,5
12,s001,52,78,6
12,s001,52,79,4
12,s001,52,72,6
12,s001,52,73,8
12,s001,52,74,1
12,s001,52,75,1
12,s002,55,55,140
12,s002,55,54,62
12,s002,55,53,56
12,s002,55,52,32
12,s002,55,51,46
12,s002,55,50,30
12,s002,55,49,40
12,s002,55,48,20
12,s002,55,63,51
12,s002,55,62,42
12,s002,55,61,32
12,s002,55,60,16
12,s002,55,59,48
12,s002,55,58,15
12,s002,55,57,16
12,s002,55,56,14
12,s002,55,39,43
12,s002,55,38,28
12,s002,55,37,21
12,s002,55,36,11
12,s002,55,35,36
12,s002,55,34,14
12,s002,55,33,10
12,s002,55,32,7
12,s002,55,47,30
12,s002,55,46,14
12,s002,55,45,9
12,s002,55,44,6
12,s002,55,43,14
12,s002,55,42,13
12,s002,55,41,9
12,s002,55,40,6
12,s002,55,23,62
12,s002,55,22,39
12,s002,55,21,40
12,s002,55,20,12
12,s002,55,19,30
12,s002,55,18,19
12,s002,55,17,18
12,s002,55,16,9
12,s002,55,31,34
12,s002,55,30,26
12,s002,55,29,19
12,s002,55,28,9
12,s002,55,27,13
12,s002,55,26,7
12,s002,55,25,11
12,s002,55,24,5
12,s002,55,7,26
12,s002,55,6,22
12,s002,55,5,12
12,s002,55,4,14
12,s002,55,3,9
12,s002,55,2,8
12,s002,55,1,5
12,s002,55,0,1
12,s002,55,15,14
12,s002,55,14,9
12,s002,55,13,9
12,s002,55,12,5
12,s002,55,11,6
12,s002,55,10,3
12,s002,55,9,3
12,s002,55,8,2
12,s002,55,119,67
12,s002,55,118,53
12,s002,55,117,41
12,s002,55,116,15
12,s002,55,115,41
12,s002,55,114,30
12,s002,55,113,13
12,s002,55,112,9
12,s002,55,127,41
12,s002,55,126,31
12,s002,55,125,25
12,s002,55,124,12
12,s002,55,123,34
12,s002,55,122,21
12,s002,55,121,11
12,s002,55,120,9
12,s002,55,103,28
12,s002,55,102,18
12,s002,55,101,9
12,s002,55,100,9
12,s002,55,99,11
12,s002,55,98,11
12,s002,55,97,10
12,s002,55,96,3
12,s002,55,111,17
12,s002,55,110,13
12,s002,55,109,5
12,s002,55,108,6
12,s002,55,107,9
12,s002,55,106,6
12,s002,55,105,7
12,s002,55,104,1
12,s002,55,87,35
12,s002,55,86,41
12,s002,55,85,17
12,s002,55,84,10
12,s002,55,83,32
12,s002,55,82,9
12,s002,55,81,17
12,s002,55,80,4
12,s002,55,95,23
12,s002,55,94,10
12,s002,55,93,13
12,s002,55,92,13
12,s002,55,91,6
12,s002,55,90,5
12,s002,55,89,2
12,s002,55,88,6
12,s002,55,71,17
12,s002,55,70,16
12,s002,55,69,11
12,s002,55,68,8
12,s002,55,67,9
12,s002,55,66,2
12,s002,55,65,5
12,s002,55,64,2
12,s002,55,79,9
12,s002,55,78,5
12,s002,55,77,7
12,s002,55,76,4
12,s002,55,75,5
12,s002,55,73,1
12,s002,55,72,3
12,s003,36,36,138
12,s003,36,37,66
12,s003,36,38,52
12,s003,36,39,31
12,s003,36,32,60
12,s003,36,33,35
12,s003,36,34,39
12,s003,36,35,13
12,s003,36,44,67
12,s003,36,45,23
12,s003,36,46,27
12,s003,36,47,15
12,s003,36,40,49
12,s003,36,41,26
12,s003,36,42,13
12,s003,36,43,14
12,s003,36,52,71
12,s003,36,53,33
12,s003,36,54,25
12,s003,36,55,14
12,s003,36,48,25
12,s003,36,49,12
12,s003,36,50,12
12,s003,36,51,12
12,s003,36,60,36
12,s003,36,61,23
12,s003,36,62,12
12,s003,36,63,6
12,s003,36,56,13
12,s003,36,57,8
12,s003,36,58,8
12,s003,36,59,6
12,s003,36,4,62
12,s003,36,5,33
12,s003,36,6,34
12,s003,36,7,9
12,s003,36,0,28
12,s003,36,1,17
12,s003,36,2,11
12,s003,36,3,6
12,s003,36,12,37
12,s003,36,13,21
12,s003,36,14,15
12,s003,36,15,10
12,s003,36,8,22
12,s003,36,9,8
12,s003,36,10,11
12,s003,36,11,4
12,s003,36,20,40
12,s003,36,21,21
12,s003,36,22,11
12,s003,36,23,11
12,s003,36,16,17
12,s003,36,17,12
12,s003,36,18,8
12,s003,36,19,3
12,s003,36,28,19
12,s003,36,29,9
12,s003,36,30,6
12,s003,36,31,3
12,s003,36,24,8
12,s003,36,25,1
12,s003,36,26,4
12,s003,36,27,4
12,s003,36,100,72
12,s003,36,101,43
12,s003,36,102,32
12,s003,36,103,21
12,s003,36,96,42
12,s003,36,97,17
12,s003,36,98,18
12,s003,36,99,14
12,s003,36,108,42
12,s003,36,109,30
12,s003,36,110,14
12,s003,36,111,20
12,s003,36,104,24
12,s003,36,105,14
12,s003,36,106,12
12,s003,36,107,4
12,s003,36,116,31
12,s003,36,117,14
12,s003,36,118,14
12,s003,36,119,13
12,s003,36,112,11
12,s003,36,113,4
12,s003,36,114,10
12,s003,36,115,8
12,s003,36,124,18
12,s003,36,125,9
12,s003,36,126,12
12,s003,36,127,5
12,s003,36,120,10
12,s003,36,121,4
12,s003,36,122,9
12,s003,36,123,4
12,s003,36,68,36
12,s003,36,69,27
12,s003,36,70,19
12,s003,36,71,14
12,s003,36,64,19
12,s003,36,65,12
12,s003,36,66,7
12,s003,36,67,7
12,s003,36,76,18
12,s003,36,77,17
12,s003,36,78,13
12,s003,36,79,7
12,s003,36,72,15
12,s003,36,73,2
12,s003,36,74,9
12,s003,36,75,5
12,s003,36,84,17
12,s003,36,85,7
12,s003,36,86,8
12,s003,36,87,8
12,s003,36,80,9
12,s003,36,81,6
12,s003,36,82,4
12,s003,36,83,2
12,s003,36,92,15
12,s003,36,93,10
12,s003,36,94,10
12,s003,36,95,5
12,s003,36,88,8
12,s003,36,89,3
12,s003,36,91,1
12,s004,25,25,114
12,s004,25,24,71
12,s004,25,27,54
12,s004,25,26,31
12,s004,25,29,62
12,s004,25,28,31
12,s004,25,31,16
12,s004,25,30,10
12,s004,25,17,57
12,s004,25,16,43
12,s004,25,19,27
12,s004,25,18,22
12,s004,25,21,41
12,s004,25,20,12
12,s004,25,23,16
12,s004,25,22,4
12,s004,25,9,53
12,s004,25,8,26
12,s004,25,11,22
12,s004,25,10,18
12,s004,25,13,33
12,s004,25,12,18
12,s004,25,15,7
12,s004,25,14,7
12,s004,25,1,29
12,s004,25,0,28
12,s004,25,3,13
12,s004,25,2,16
12,s004,25,5,18
12,s004,25,4,8
12,s004,25,7,6
12,s004,25,6,6
12,s004,25,57,77
12,s004,25,56,58
12,s004,25,59,26
12,s004,25,58,19
12,s004,25,61,39
12,s004,25,60,18
12,s004,25,63,16
12,s004,25,62,6
12,s004,25,49,31
12,s004,25,48,23
12,s004,25,51,25
12,s004,25,50,9
12,s004,25,53,14
12,s004,25,52,10
12,s004,25,55,9
12,s004,25,41,37
12,s004,25,40,20
12,s004,25,43,10
12,s004,25,42,9
12,s004,25,45,11
12,s004,25,44,12
12,s004,25,47,5
12,s004,25,46,5
12,s004,25,33,19
12,s004,25,32,9
12,s004,25,35,13
12,s004,25,34,5
12,s004,25,37,7
12,s004,25,36,4
12,s004,25,39,3
12,s004,25,38,4
12,s004,25,89,86
12,s004,25,88,47
12,s004,25,91,28
12,s004,25,90,23
12,s004,25,93,35
12,s004,25,92,24
12,s004,25,95,21
12,s004,25,94,9
12,s004,25,81,43
12,s004,25,80,30
12,s004,25,83,20
12,s004,25,82,14
12,s004,25,85,24
12,s004,25,84,14
12,s004,25,87,7
12,s004,25,86,8
12,s004,25,73,45
12,s004,25,72,20
12,s004,25,75,11
12,s004,25,74,8
12,s004,25,77,17
12,s004,25,76,8
12,s004,25,79,7
12,s004,25,78,4
12,s004,25,65,10
12,s004,25,64,12
12,s004,25,67,9
12,s004,25,66,4
12,s004,25,69,8
12,s004,25,68,8
12,s004,25,71,6
12,s004,25,70,4
12,s004,25,121,42
12,s004,25,120,25
12,s004,25,123,19
12,s004,25,122,21
12,s004,25,125,26
12,s004,25,124,19
12,s004,25,127,8
12,s004,25,126,10
12,s004,25,113,25
12,s004,25,112,16
12,s004,25,115,9
12,s004,25,114,4
12,s004,25,117,14
12,s004,25,116,8
12,s004,25,119,11
12,s004,25,118,4
12,s004,25,105,13
12,s004,25,104,12
12,s004,25,107,9
12,s004,25,106,3
12,s004,25,109,12
12,s004,25,108,5
12,s004,25,111,5
12,s004,25,110,3
12,s004,25,97,7
12,s004,25,96,9
12,s004,25,99,5
12,s004,25,98,5
12,s004,25,101,5
12,s004,25,100,1
12,s004,25,103,5
12,s004,25,102,2
12,s005,64,64,130
12,s005,64,65,59
12,s005,64,66,45
12,s005,64,67,32
12,s005,64,68,59
12,s005,64,69,20
12,s005,64,70,23
12,s005,64,71,13
12,s005,64,72,63
12,s005,64,73,35
12,s005,64,74,28
12,s005,64,75,16
12,s005,64,76,25
12,s005,64,77,8
12,s005,64,78,12
12,s005,64,79,9
12,s005,64,80,45
12,s005,64,81,32
12,s005,64,82,22
12,s005,64,83,17
12,s005,64,84,22
12,s005,64,85,16
12,s005,64,86,12
12,s005,64,87,9
12,s005,64,88,44
12,s005,64,89,9
12,s005,64,90,11
12,s005,64,91,8
12,s005,64,92,7
12,s005,64,93,11
12,s005,64,94,2
12,s005,64,95,7
12,s005,64,96,67
12,s005,64,97,28
12,s005,64,98,32
12,s005,64,99,19
12,s005,64,100,32
12,s005,64,101,21
12,s005,64,102,13
12,s005,64,103,8
12,s005,64,104,34
12,s005,64,105,19
12,s005,64,106,22
12,s005,64,107,11
12,s005,64,108,16
12,s005,64,109,8
12,s005,64,110,13
12,s005,64,111,5
12,s005,64,112,26
12,s005,64,113,18
12,s005,64,114,13
12,s005,64,115,9
12,s005,64,116,16
12,s005,64,117,8
12,s005,64,118,5
12,s005,64,119,2
12,s005,64,120,8
12,s005,64,121,12
12,s005,64,122,8
12,s005,64,123,5
12,s005,64,124,5
12,s005,64,125,3
12,s005,64,126,2
12,s005,64,127,4
12,s005,64,0,89
12,s005,64,1,49
12,s005,64,2,34
12,s005,64,3,11
12,s005,64,4,28
12,s005,64,5,14
12,s005,64,6,21
12,s005,64,7,10
12,s005,64,8,39
12,s005,64,9,26
12,s005,64,10,22
12,s005,64,11,13
12,s005,64,12,25
12,s005,64,13,10
12,s005,64,14,11
12,s005,64,15,7
12,s005,64,16,46
12,s005,64,17,21
12,s005,64,18,11
12,s005,64,19,11
12,s005,64,20,21
12,s005,64,21,6
12,s005,64,22,8
12,s005,64,23,3
12,s005,64,24,16
12,s005,64,25,13
12,s005,64,26,7
12,s005,64,27,9
12,s005,64,28,4
12,s005,64,29,4
12,s005,64,30,3
12,s005,64,31,2
12,s005,64,32,28
12,s005,64,33,22
12,s005,64,34,18
12,s005,64,35,16
12,s005,64,36,18
12,s005,64,37,9
12,s005,64,38,12
12,s005,64,39,9
12,s005,64,40,25
12,s005,64,41,9
12,s005,64,42,5
12,s005,64,43,9
12,s005,64,44,10
12,s005,64,45,7
12,s005,64,46,4
12,s005,64,47,5
12,s005,64,48,7
12,s005,64,49,3
12,s005,64,50,14
12,s005,64,51,6
12,s005,64,52,5
12,s005,64,53,10
12,s005,64,55,2
12,s005,64,56,11
12,s005,64,57,5
12,s005,64,58,6
12,s005,64,59,3
12,s005,64,60,3
12,s005,64,61,4
12,s005,64,62,3
12,s005,64,63,5
12,s006,127,127,110
12,s006,127,126,64
12,s006,127,125,39
12,s006,127,124,37
12,s006,127,123,54
12,s006,127,122,44
12,s006,127,121,26
12,s006,127,120,13
12,s006,127,119,68
12,s006,127,118,27
12,s006,127,117,29
12,s006,127,116,18
12,s006,127,115,36
12,s006,127,114,13
12,s006,127,113,12
12,s006,127,112,7
12,s006,127,111,56
12,s006,127,110,36
12,s006,127,109,21
12,s006,127,108,11
12,s006,127,107,25
12,s006,127,106,13
12,s006,127,105,11
12,s006,127,104,5
12,s006,127,103,39
12,s006,127,102,15
12,s006,127,101,11
12,s006,127,100,10
12,s006,127,99,11
12,s006,127,98,9
12,s006,127,97,9
12,s006,127,96,2
12,s006,127,95,48
12,s006,127,94,41
12,s006,127,93,29
12,s006,127,92,17
12,s006,127,91,40
12,s006,127,90,13
12,s006,127,89,16
12,s006,127,88,5
12,s006,127,87,41
12,s006,127,86,14
12,s006,127,85,12
12,s006,127,84,11
12,s006,127,83,27
12,s006,127,82,13
12,s006,127,81,9
12,s006,127,80,5
12,s006,127,79,35
12,s006,127,78,15
12,s006,127,77,15
12,s006,127,76,4
12,s006,127,75,18
12,s006,127,74,13
12,s006,127,73,6
12,s006,127,71,25
12,s006,127,70,13
12,s006,127,69,7
12,s006,127,68,6
12,s006,127,67,10
12,s006,127,66,2
12,s006,127,65,3
12,s006,127,64,2
12,s006,127,63,75
12,s006,127,62,45
12,s006,127,61,36
12,s006,127,60,25
12,s006,127,59,39
12,s006,127,58,22
12,s006,127,57,25
12,s006,127,56,9
12,s006,127,55,39
12,s006,127,54,33
12,s006,127,53,15
12,s006,127,52,14
12,s006,127,51,20
12,s006,127,50,12
12,s006,127,49,4
12,s006,127,48,5
12,s006,127,47,29
12,s006,127,46,24
12,s006,127,45,18
12,s006,127,44,13
12,s006,127,43,19
12,s006,127,42,6
12,s006,127,41,3
12,s006,127,40,7
12,s006,127,39,13
12,s006,127,38,10
12,s006,127,37,6
12,s006,127,36,6
12,s006,127,35,17
12,s006,127,34,2
12,s006,127,33,9
12,s006,127,32,2
12,s006,127,31,35
12,s006,127,30,18
12,s006,127,29,22
12,s006,127,28,12
12,s006,127,27,15
12,s006,127,26,15
12,s006,127,25,5
12,s006,127,24,9
12,s006,127,23,21
12,s006,127,22,10
12,s006,127,21,14
12,s006,127,20,10
12,s006,127,19,12
12,s006,127,18,4
12,s006,127,17,5
12,s006,127,16,1
12,s006,127,15,15
12,s006,127,14,9
12,s006,127,13,6
12,s006,127,12,4
12,s006,127,11,3
12,s006,127,10,3
12,s006,127,9,3
12,s006,127,8,2
12,s006,127,7,9
12,s006,127,6,12
12,s006,127,5,8
12,s006,127,4,3
12,s006,127,3,5
12,s006,127,2,4
12,s006,127,1,4
12,s007,123,123,103
12,s007,123,122,80
12,s007,123,121,51
12,s007,123,120,25
12,s007,123,127,50
12,s007,123,126,29
12,s007,123,125,22
12,s007,123,124,13
12,s007,123,115,75
12,s007,123,114,30
12,s007,123,113,25
12,s007,123,112,27
12,s007,123,119,28
12,s007,123,118,15
12,s007,123,117,14
12,s007,123,116,13
12,s007,123,107,56
12,s007,123,106,33
12,s007,123,105,22
12,s007,123,104,16
12,s007,123,111,34
12,s007,123,110,17
12,s007,123,109,4
12,s007,123,108,6
12,s007,123,99,29
12,s007,123,98,19
12,s007,123,97,15
12,s007,123,96,11
12,s007,123,103,12
12,s007,123,102,8
12,s007,123,101,9
12,s007,123,100,3
12,s007,123,91,69
12,s007,123,90,26
12,s007,123,89,34
12,s007,123,88,17
12,s007,123,95,29
12,s007,123,94,26
12,s007,123,93,15
12,s007,123,92,9
12,s007,123,83,37
12,s007,123,82,17
12,s007,123,81,22
12,s007,123,80,13
12,s007,123,87,16
12,s007,123,86,10
12,s007,123,85,13
12,s007,123,84,8
12,s007,123,75,28
12,s007,123,74,17
12,s007,123,73,15
12,s007,123,72,4
12,s007,123,79,9
12,s007,123,78,5
12,s007,123,77,5
12,s007,123,76,3
12,s007,123,67,21
12,s007,123,66,2
12,s007,123,65,5
12,s007,123,64,3
12,s007,123,71,9
12,s007,123,70,6
12,s007,123,69,4
12,s007,123,68,2
12,s007,123,59,74
12,s007,123,58,42
12,s007,123,57,36
12,s007,123,56,21
12,s007,123,63,32
12,s007,123,62,10
12,s007,123,61,19
12,s007,123,60,9
12,s007,123,51,53
12,s007,123,50,20
12,s007,123,49,16
12,s007,123,48,11
12,s007,123,55,21
12,s007,123,54,17
12,s007,123,53,11
12,s007,123,52,5
12,s007,123,43,32
12,s007,123,42,21
12,s007,123,41,15
12,s007,123,40,18
12,s007,123,47,20
12,s007,123,46,6
12,s007,123,45,10
12,s007,123,44,5
12,s007,123,35,14
12,s007,123,34,9
12,s007,123,33,6
12,s007,123,32,8
12,s007,123,39,11
12,s007,123,38,7
12,s007,123,37,2
12,s007,123,36,3
12,s007,123,27,32
12,s007,123,26,25
12,s007,123,25,20
12,s007,123,24,14
12,s007,123,31,21
12,s007,123,30,18
12,s007,123,29,15
12,s007,123,28,4
12,s007,123,19,23
12,s007,123,18,18
12,s007,123,17,13
12,s007,123,16,7
12,s007,123,23,7
12,s007,123,22,12
12,s007,123,21,3
12,s007,123,20,9
12,s007,123,11,21
12,s007,123,10,13
12,s007,123,9,6
12,s007,123,8,5
12,s007,123,15,8
12,s007,123,14,9
12,s007,123,13,3
12,s007,123,12,2
12,s007,123,3,8
12,s007,123,2,9
12,s007,123,1,3
12,s007,123,0,3
12,s007,123,7,1
12,s007,123,6,7
12,s007,123,5,2
12,s007,123,4,1
12,s008,73,73,135
12,s008,73,72,73
12,s008,73,75,48
12,s008,73,74,24
12,s008,73,77,63
12,s008,73,76,31
12,s008,73,79,28
12,s008,73,78,17
12,s008,73,65,66
12,s008,73,64,41
12,s008,73,67,33
12,s008,73,66,15
12,s008,73,69,38
12,s008,73,68,14
12,s008,73,71,13
12,s008,73,70,6
12,s008,73,89,49
12,s008,73,88,25
12,s008,73,91,20
12,s008,73,90,12
12,s008,73,93,27
12,s008,73,92,11
12,s008,73,95,16
12,s008,73,94,9
12,s008,73,81,24
12,s008,73,80,17
12,s008,73,83,11
12,s008,73,82,9
12,s008,73,85,13
12,s008,73,84,4
12,s008,73,87,7
12,s008,73,86,1
12,s008,73,105,71
12,s008,73,104,39
12,s008,73,107,24
12,s008,73,106,19
12,s008,73,109,29
12,s008,73,108,15
12,s008,73,111,19
12,s008,73,110,10
12,s008,73,97,28
12,s008,73,96,18
12,s008,73,99,17
12,s008,73,98,11
12,s008,73,101,18
12,s008,73,100,14
12,s008,73,103,6
12,s008,73,102,2
12,s008,73,121,18
12,s008,73,120,17
12,s008,73,123,10
12,s008,73,122,13
12,s008,73,125,16
12,s008,73,124,11
12,s008,73,127,7
12,s008,73,126,3
12,s008,73,113,17
12,s008,73,112,11
12,s008,73,115,5
12,s008,73,114,5
12,s008,73,117,7
12,s008,73,116,7
12,s008,73,119,5
12,s008,73,118,2
12,s008,73,9,58
12,s008,73,8,42
12,s008,73,11,35
12,s008,73,10,14
12,s008,73,13,40
12,s008,73,12,24
12,s008,73,15,14
12,s008,73,14,13
12,s008,73,1,54
12,s008,73,0,32
12,s008,73,3,24
12,s008,73,2,14
12,s008,73,5,19
12,s008,73,4,7
12,s008,73,7,7
12,s008,73,6,6
12,s008,73,25,33
12,s008,73,24,17
12,s008,73,27,13
12,s008,73,26,9
12,s008,73,29,17
12,s008,73,28,12
12,s008,73,31,10
12,s008,73,30,3
12,s008,73,17,20
12,s008,73,16,13
12,s008,73,19,9
12,s008,73,18,5
12,s008,73,21,8
12,s008,73,20,6
12,s008,73,23,3
12,s008,73,22,7
12,s008,73,41,38
12,s008,73,40,20
12,s008,73,43,15
12,s008,73,42,9
12,s008,73,45,17
12,s008,73,44,9
12,s008,73,47,7
12,s008,73,46,4
12,s008,73,33,23
12,s008,73,32,11
12,s008,73,35,15
12,s008,73,34,7
12,s008,73,37,13
12,s008,73,36,11
12,s008,73,39,7
12,s008,73,38,4
12,s008,73,57,14
12,s008,73,56,9
12,s008,73,59,6
12,s008,73,58,4
12,s008,73,61,13
12,s008,73,60,4
12,s008,73,63,4
12,s008,73,62,8
12,s008,73,49,8
12,s008,73,48,8
12,s008,73,51,3
12,s008,73,50,7
12,s008,73,53,5
12,s008,73,52,5
12,s008,73,55,4
12,s008,73,54,1
12,s009,13,13,110
12,s009,13,12,70
12,s009,13,15,44
12,s009,13,14,23
12,s009,13,9,53
12,s009,13,8,24
12,s009,13,11,21
12,s009,13,10,10
12,s009,13,5,55
12,s009,13,4,31
12,s009,13,7,30
12,s009,13,6,15
12,s009,13,1,31
12,s009,13,0,19
12,s009,13,3,13
12,s009,13,2,5
12,s009,13,29,47
12,s009,13,28,25
12,s009,13,31,23
12,s009,13,30,18
12,s009,13,25,23
12,s009,13,24,14
12,s009,13,27,12
12,s009,13,26,5
12,s009,13,21,25
12,s009,13,20,21
12,s009,13,23,10
12,s009,13,22,7
12,s009,13,17,18
12,s009,13,16,3
12,s009,13,19,8
12,s009,13,18,2
12,s009,13,45,62
12,s009,13,44,32
12,s009,13,47,29
12,s009,13,46,17
12,s009,13,41,30
12,s009,13,40,19
12,s009,13,43,10
12,s009,13,42,8
12,s009,13,37,35
12,s009,13,36,22
12,s009,13,39,18
12,s009,13,38,8
12,s009,13,33,12
12,s009,13,32,9
12,s009,13,35,8
12,s009,13,34,5
12,s009,13,61,26
12,s009,13,60,16
12,s009,13,63,10
12,s009,13,62,11
12,s009,13,57,9
12,s009,13,56,4
12,s009,13,59,12
12,s009,13,58,5
12,s009,13,53,16
12,s009,13,52,7
12,s009,13,55,7
12,s009,13,54,5
12,s009,13,49,7
12,s009,13,48,7
12,s009,13,51,4
12,s009,13,50,2
12,s009,13,77,74
12,s009,13,76,43
12,s009,13,79,29
12,s009,13,78,17
12,s009,13,73,40
12,s009,13,72,26
12,s009,13,75,15
12,s009,13,74,11
12,s009,13,69,36
12,s009,13,68,27
12,s009,13,71,16
12,s009,13,70,12
12,s009,13,65,21
12,s009,13,64,17
12,s009,13,67,8
12,s009,13,66,6
12,s009,13,93,32
12,s009,13,92,23
12,s009,13,95,9
12,s009,13,94,9
12,s009,13,89,12
12,s009,13,88,13
12,s009,13,91,12
12,s009,13,90,6
12,s009,13,85,19
12,s009,13,84,14
12,s009,13,87,7
12,s009,13,86,10
12,s009,13,81,8
12,s009,13,80,9
12,s009,13,83,6
12,s009,13,82,2
12,s009,13,109,41
12,s009,13,108,22
12,s009,13,111,17
12,s009,13,110,15
12,s009,13,105,14
12,s009,13,104,9
12,s009,13,107,15
12,s009,13,106,9
12,s009,13,101,28
12,s009,13,100,9
12,s009,13,103,17
12,s009,13,102,6
12,s009,13,97,9
12,s009,13,96,3
12,s009,13,99,6
12,s009,13,98,5
12,s009,13,125,18
12,s009,13,124,8
12,s009,13,127,7
12,s009,13,126,4
12,s009,13,121,2
12,s009,13,120,7
12,s009,13,123,2
12,s009,13,117,16
12,s009,13,116,6
12,s009,13,119,5
12,s009,13,118,2
12,s009,13,113,3
12,s009,13,112,2
12,s009,13,115,4
12,s009,13,114,1
12,s010,22,22,124
12,s010,22,23,79
12,s010,22,20,53
12,s010,22,21,37
12,s010,22,18,57
12,s010,22,19,34
12,s010,22,16,35
12,s010,22,17,12
12,s010,22,30,62
12,s010,22,31,30
12,s010,22,28,25
12,s010,22,29,15
12,s010,22,26,38
12,s010,22,27,15
12,s010,22,24,17
12,s010,22,25,7
12,s010,22,6,54
12,s010,22,7,33
12,s010,22,4,15
12,s010,22,5,14
12,s010,22,2,32
12,s010,22,3,12
12,s010,22,0,14
12,s010,22,1,8
12,s010,22,14,21
12,s010,22,15,23
12,s010,22,12,10
12,s010,22,13,10
12,s010,22,10,19
12,s010,22,11,11
12,s010,22,8,4
12,s010,22,9,4
12,s010,22,54,68
12,s010,22,55,28
12,s010,22,52,38
12,s010,22,53,22
12,s010,22,50,34
12,s010,22,51,16
12,s010,22,48,18
12,s010,22,49,11
12,s010,22,62,36
12,s010,22,63,22
12,s010,22,60,21
12,s010,22,61,3
12,s010,22,58,22
12,s010,22,59,13
12,s010,22,56,12
12,s010,22,57,5
12,s010,22,38,31
12,s010,22,39,17
12,s010,22,36,22
12,s010,22,37,9
12,s010,22,34,12
12,s010,22,35,9
12,s010,22,32,4
12,s010,22,33,6
12,s010,22,46,18
12,s010,22,47,6
12,s010,22,44,11
12,s010,22,45,4
12,s010,22,42,10
12,s010,22,43,4
12,s010,22,40,5
12,s010,22,41,4
12,s010,22,86,70
12,s010,22,87,55
12,s010,22,84,33
12,s010,22,85,14
12,s010,22,82,53
12,s010,22,83,32
12,s010,22,80,15
12,s010,22,81,7
12,s010,22,94,41
12,s010,22,95,28
12,s010,22,92,25
12,s010,22,93,17
12,s010,22,90,25
12,s010,22,91,7
12,s010,22,88,9
12,s010,22,89,7
12,s010,22,70,33
12,s010,22,71,25
12,s010,22,68,13
12,s010,22,69,13
12,s010,22,66,23
12,s010,22,67,9
12,s010,22,64,7
12,s010,22,65,3
12,s010,22,78,22
12,s010,22,79,12
12,s010,22,76,7
12,s010,22,77,4
12,s010,22,74,7
12,s010,22,75,4
12,s010,22,72,4
12,s010,22,73,4
12,s010,22,118,37
12,s010,22,119,26
12,s010,22,116,14
12,s010,22,117,11
12,s010,22,114,18
12,s010,22,115,9
12,s010,22,112,10
12,s010,22,113,3
12,s010,22,126,23
12,s010,22,127,19
12,s010,22,124,24
12,s010,22,125,7
12,s010,22,122,19
12,s010,22,123,5
12,s010,22,120,12
12,s010,22,121,6
12,s010,22,102,21
12,s010,22,103,11
12,s010,22,100,7
12,s010,22,101,7
12,s010,22,98,14
12,s010,22,99,9
12,s010,22,96,8
12,s010,22,97,4
12,s010,22,110,13
12,s010,22,111,5
12,s010,22,108,4
12,s010,22,109,3
12,s010,22,106,3
12,s010,22,107,2
12,s010,22,104,2
12,s010,22,105,1
12,s011,3,3,106
12,s011,3,2,64
12,s011,3,1,41
12,s011,3,0,26
12,s011,3,7,55
12,s011,3,6,30
12,s011,3,5,32
12,s011,3,4,10
12,s011,3,11,68
12,s011,3,10,37
12,s011,3,9,28
12,s011,3,8,19
12,s011,3,15,24
12,s011,3,14,14
12,s011,3,13,13
12,s011,3,12,6
12,s011,3,19,43
12,s011,3,18,39
12,s011,3,17,17
12,s011,3,16,11
12,s011,3,23,30
12,s011,3,22,19
12,s011,3,21,9
12,s011,3,20,7
12,s011,3,27,38
12,s011,3,26,14
12,s011,3,25,10
12,s011,3,24,8
12,s011,3,31,15
12,s011,3,30,15
12,s011,3,29,7
12,s011,3,28,2
12,s011,3,35,64
12,s011,3,34,36
12,s011,3,33,28
12,s011,3,32,12
12,s011,3,39,26
12,s011,3,38,21
12,s011,3,37,19
12,s011,3,36,5
12,s011,3,43,40
12,s011,3,42,24
12,s011,3,41,15
12,s011,3,40,9
12,s011,3,47,15
12,s011,3,46,15
12,s011,3,45,8
12,s011,3,44,5
12,s011,3,51,29
12,s011,3,50,16
12,s011,3,49,7
12,s011,3,48,3
12,s011,3,55,13
12,s011,3,54,6
12,s011,3,53,4
12,s011,3,52,4
12,s011,3,59,17
12,s011,3,58,4
12,s011,3,57,12
12,s011,3,56,1
12,s011,3,63,7
12,s011,3,62,4
12,s011,3,61,4
12,s011,3,60,1
12,s011,3,67,80
12,s011,3,66,45
12,s011,3,65,26
12,s011,3,64,18
12,s011,3,71,36
12,s011,3,70,20
12,s011,3,69,10
12,s011,3,68,14
12,s011,3,75,37
12,s011,3,74,30
12,s011,3,73,15
12,s011,3,72,9
12,s011,3,79,18
12,s011,3,78,16
12,s011,3,77,6
12,s011,3,76,4
12,s011,3,83,29
12,s011,3,82,15
12,s011,3,81,18
12,s011,3,80,7
12,s011,3,87,14
12,s011,3,86,6
12,s011,3,85,7
12,s011,3,84,6
12,s011,3,91,18
12,s011,3,90,11
12,s011,3,89,7
12,s011,3,88,7
12,s011,3,95,9
12,s011,3,94,9
12,s011,3,93,7
12,s011,3,92,3
12,s011,3,99,50
12,s011,3,98,34
12,s011,3,97,25
12,s011,3,96,9
12,s011,3,103,22
12,s011,3,102,13
12,s011,3,101,14
12,s011,3,100,3
12,s011,3,107,28
12,s011,3,106,8
12,s011,3,105,11
12,s011,3,104,9
12,s011,3,111,11
12,s011,3,110,10
12,s011,3,109,6
12,s011,3,108,4
12,s011,3,115,22
12,s011,3,114,10
12,s011,3,113,2
12,s011,3,112,3
12,s011,3,119,5
12,s011,3,118,2
12,s011,3,117,7
12,s011,3,116,2
12,s011,3,123,10
12,s011,3,122,5
12,s011,3,121,4
12,s011,3,120,1
12,s011,3,127,5
12,s011,3,126,4
12,s011,3,125,1
12,s011,3,124,4
12,s012,29,29,115
12,s012,29,28,77
12,s012,29,31,52
12,s012,29,30,31
12,s012,29,25,55
12,s012,29,24,29
12,s012,29,27,22
12,s012,29,26,13
12,s012,29,21,67
12,s012,29,20,33
12,s012,29,23,31
12,s012,29,22,17
12,s012,29,17,28
12,s012,29,16,22
12,s012,29,19,16
12,s012,29,18,12
12,s012,29,13,55
12,s012,29,12,21
12,s012,29,15,19
12,s012,29,14,14
12,s012,29,9,21
12,s012,29,8,18
12,s012,29,11,8
12,s012,29,10,9
12,s012,29,5,32
12,s012,29,4,15
12,s012,29,7,10
12,s012,29,6,10
12,s012,29,1,17
12,s012,29,0,4
12,s012,29,3,11
12,s012,29,2,6
12,s012,29,61,59
12,s012,29,60,32
12,s012,29,63,40
12,s012,29,62,16
12,s012,29,57,36
12,s012,29,56,17
12,s012,29,59,16
12,s012,29,58,7
12,s012,29,53,32
12,s012,29,52,12
12,s012,29,55,24
12,s012,29,54,13
12,s012,29,49,22
12,s012,29,48,12
12,s012,29,51,7
12,s012,29,50,5
12,s012,29,45,22
12,s012,29,44,17
12,s012,29,47,16
12,s012,29,46,6
12,s012,29,41,17
12,s012,29,40,9
12,s012,29,43,3
12,s012,29,42,1
12,s012,29,37,18
12,s012,29,36,12
12,s012,29,39,11
12,s012,29,38,8
12,s012,29,33,11
12,s012,29,32,6
12,s012,29,35,5
12,s012,29,34,3
12,s012,29,93,69
12,s012,29,92,47
12,s012,29,95,29
12,s012,29,94,21
12,s012,29,89,32
12,s012,29,88,21
12,s012,29,91,24
12,s012,29,90,4
12,s012,29,85,44
12,s012,29,84,35
12,s012,29,87,19
12,s012,29,86,4
12,s012,29,81,26
12,s012,29,80,12
12,s012,29,83,13
12,s012,29,82,5
12,s012,29,77,40
12,s012,29,76,16
12,s012,29,79,13
12,s012,29,78,15
12,s012,29,73,16
12,s012,29,72,15
12,s012,29,75,7
12,s012,29,74,5
12,s012,29,69,16
12,s012,29,68,10
12,s012,29,71,13
12,s012,29,70,3
12,s012,29,65,7
12,s012,29,64,8
12,s012,29,67,7
12,s012,29,66,2
12,s012,29,125,41
12,s012,29,124,30
12,s012,29,127,25
12,s012,29,126,12
12,s012,29,121,23
12,s012,29,120,16
12,s012,29,123,17
12,s012,29,122,8
12,s012,29,117,23
12,s012,29,116,15
12,s012,29,119,12
12,s012,29,118,4
12,s012,29,113,15
12,s012,29,112,12
12,s012,29,115,9
12,s012,29,109,19
12,s012,29,108,10
12,s012,29,111,9
12,s012,29,110,11
12,s012,29,105,6
12,s012,29,104,4
12,s012,29,107,7
12,s012,29,106,1
12,s012,29,101,10
12,s012,29,100,8
12,s012,29,103,5
12,s012,29,102,4
12,s012,29,97,8
12,s012,29,96,3
12,s012,29,99,3
12,s012,29,98,1
12,s013,63,63,114
12,s013,63,62,60
12,s013,63,61,50
12,s013,63,60,23
12,s013,63,59,56
12,s013,63,58,30
12,s013,63,57,27
12,s013,63,56,10
12,s013,63,55,69
12,s013,63,54,29
12,s013,63,53,27
12,s013,63,52,15
12,s013,63,51,30
12,s013,63,50,16
12,s013,63,49,13
12,s013,63,48,6
12,s013,63,47,55
12,s013,63,46,26
12,s013,63,45,20
12,s013,63,44,7
12,s013,63,43,26
12,s013,63,42,21
12,s013,63,41,10
12,s013,63,40,9
12,s013,63,39,34
12,s013,63,38,16
12,s013,63,37,14
12,s013,63,36,7
12,s013,63,35,17
12,s013,63,34,12
12,s013,63,33,7
12,s013,63,32,2
12,s013,63,31,61
12,s013,63,30,27
12,s013,63,29,25
12,s013,63,28,18
12,s013,63,27,26
12,s013,63,26,14
12,s013,63,25,10
12,s013,63,24,10
12,s013,63,23,33
12,s013,63,22,18
12,s013,63,21,23
12,s013,63,20,12
12,s013,63,19,26
12,s013,63,18,7
12,s013,63,17,5
12,s013,63,16,4
12,s013,63,15,26
12,s013,63,14,15
12,s013,63,13,12
12,s013,63,12,13
12,s013,63,11,11
12,s013,63,10,6
12,s013,63,9,8
12,s013,63,8,5
12,s013,63,7,15
12,s013,63,6,10
12,s013,63,5,5
12,s013,63,4,3
12,s013,63,3,1
12,s013,63,2,3
12,s013,63,1,5
12,s013,63,0,1
12,s013,63,127,65
12,s013,63,126,37
12,s013,63,125,32
12,s013,63,124,24
12,s013,63,123,18
12,s013,63,122,24
12,s013,63,121,9
12,s013,63,120,9
12,s013,63,119,45
12,s013,63,118,24
12,s013,63,117,21
12,s013,63,116,11
12,s013,63,115,20
12,s013,63,114,11
12,s013,63,113,7
12,s013,63,112,10
12,s013,63,111,32
12,s013,63,110,17
12,s013,63,109,16
12,s013,63,108,4
12,s013,63,107,8
12,s013,63,106,8
12,s013,63,105,10
12,s013,63,104,4
12,s013,63,103,19
12,s013,63,102,11
12,s013,63,101,10
12,s013,63,100,3
12,s013,63,99,18
12,s013,63,98,4
12,s013,63,97,2
12,s013,63,95,36
12,s013,63,94,28
12,s013,63,93,20
12,s013,63,92,13
12,s013,63,91,27
12,s013,63,90,24
12,s013,63,89,6
12,s013,63,88,6
12,s013,63,87,21
12,s013,63,86,10
12,s013,63,85,13
12,s013,63,84,9
12,s013,63,83,9
12,s013,63,82,8
12,s013,63,81,11
12,s013,63,80,7
12,s013,63,79,17
12,s013,63,78,8
12,s013,63,77,10
12,s013,63,76,4
12,s013,63,75,8
12,s013,63,74,11
12,s013,63,73,2
12,s013,63,72,6
12,s013,63,71,10
12,s013,63,70,10
12,s013,63,69,4
12,s013,63,68,3
12,s013,63,67,6
12,s013,63,66,4
12,s013,63,65,1
12,s013,63,64,2
12,s014,111,111,125
12,s014,111,110,60
12,s014,111,109,44
12,s014,111,108,26
12,s014,111,107,59
12,s014,111,106,35
12,s014,111,105,22
12,s014,111,104,11
12,s014,111,103,89
12,s014,111,102,35
12,s014,111,101,36
12,s014,111,100,23
12,s014,111,99,40
12,s014,111,98,20
12,s014,111,97,19
12,s014,111,96,11
12,s014,111,127,56
12,s014,111,126,30
12,s014,111,125,19
12,s014,111,124,16
12,s014,111,123,29
12,s014,111,122,14
12,s014,111,121,9
12,s014,111,120,9
12,s014,111,119,36
12,s014,111,118,21
12,s014,111,117,9
12,s014,111,116,7
12,s014,111,115,14
12,s014,111,114,9
12,s014,111,113,4
12,s014,111,112,2
12,s014,111,79,70
12,s014,111,78,31
12,s014,111,77,25
12,s014,111,76,13
12,s014,111,75,32
12,s014,111,74,9
12,s014,111,73,12
12,s014,111,72,12
12,s014,111,71,33
12,s014,111,70,14
12,s014,111,69,16
12,s014,111,68,12
12,s014,111,67,20
12,s014,111,66,7
12,s014,111,65,13
12,s014,111,64,5
12,s014,111,95,27
12,s014,111,94,16
12,s014,111,93,14
12,s014,111,92,8
12,s014,111,91,18
12,s014,111,90,9
12,s014,111,89,10
12,s014,111,88,3
12,s014,111,87,21
12,s014,111,86,8
12,s014,111,85,7
12,s014,111,84,3
12,s014,111,83,8
12,s014,111,82,6
12,s014,111,81,8
12,s014,111,80,6
12,s014,111,47,69
12,s014,111,46,54
12,s014,111,45,35
12,s014,111,44,19
12,s014,111,43,37
12,s014,111,42,18
12,s014,111,41,13
12,s014,111,40,9
12,s014,111,39,37
12,s014,111,38,26
12,s014,111,37,25
12,s014,111,36,9
12,s014,111,35,19
12,s014,111,34,18
12,s014,111,33,13
12,s014,111,32,4
12,s014,111,63,40
12,s014,111,62,15
12,s014,111,61,11
12,s014,111,60,10
12,s014,111,59,15
12,s014,111,58,12
12,s014,111,57,6
12,s014,111,56,5
12,s014,111,55,11
12,s014,111,54,13
12,s014,111,53,15
12,s014,111,52,3
12,s014,111,51,7
12,s014,111,50,3
12,s014,111,49,6
12,s014,111,48,3
12,s014,111,15,38
12,s014,111,14,24
12,s014,111,13,20
12,s014,111,12,9
12,s014,111,11,17
12,s014,111,10,15
12,s014,111,9,8
12,s014,111,8,8
12,s014,111,7,27
12,s014,111,6,18
12,s014,111,5,10
12,s014,111,4,6
12,s014,111,3,14
12,s014,111,2,9
12,s014,111,1,6
12,s014,111,0,5
12,s014,111,31,27
12,s014,111,30,16
12,s014,111,29,11
12,s014,111,28,2
12,s014,111,27,9
12,s014,111,26,1
12,s014,111,25,5
12,s014,111,24,5
12,s014,111,23,17
12,s014,111,22,7
12,s014,111,21,5
12,s014,111,20,4
12,s014,111,19,5
12,s014,111,18,2
12,s014,111,17,5
12,s014,111,16,2
12,s015,64,64,125
12,s015,64,65,63
12,s015,64,66,58
12,s015,64,67,18
12,s015,64,68,59
12,s015,64,69,37
12,s015,64,70,28
12,s015,64,71,15
12,s015,64,72,66
12,s015,64,73,38
12,s015,64,74,32
12,s015,64,75,16
12,s015,64,76,28
12,s015,64,77,18
12,s015,64,78,9
12,s015,64,79,14
12,s015,64,80,42
12,s015,64,81,27
12,s015,64,82,16
12,s015,64,83,11
12,s015,64,84,16
12,s015,64,85,19
12,s015,64,86,9
12,s015,64,87,7
12,s015,64,88,31
12,s015,64,89,22
12,s015,64,90,14
12,s015,64,91,7
12,s015,64,92,17
12,s015,64,93,9
12,s015,64,94,11
12,s015,64,95,6
12,s015,64,96,46
12,s015,64,97,29
12,s015,64,98,30
12,s015,64,99,17
12,s015,64,100,30
12,s015,64,101,18
12,s015,64,102,15
12,s015,64,103,13
12,s015,64,104,38
12,s015,64,105,13
12,s015,64,106,22
12,s015,64,107,6
12,s015,64,108,19
12,s015,64,109,9
12,s015,64,110,7
12,s015,64,111,3
12,s015,64,112,29
12,s015,64,113,21
12,s015,64,114,14
12,s015,64,115,5
12,s015,64,116,7
12,s015,64,117,12
12,s015,64,118,9
12,s015,64,119,6
12,s015,64,120,19
12,s015,64,121,7
12,s015,64,122,5
12,s015,64,123,5
12,s015,64,124,9
12,s015,64,125,4
12,s015,64,126,2
12,s015,64,127,3
12,s015,64,0,83
12,s015,64,1,44
12,s015,64,2,27
12,s015,64,3,19
12,s015,64,4,46
12,s015,64,5,24
12,s015,64,6,21
12,s015,64,7,13
12,s015,64,8,36
12,s015,64,9,23
12,s015,64,10,22
12,s015,64,11,17
12,s015,64,12,22
12,s015,64,13,9
12,s015,64,14,8
12,s015,64,15,6
12,s015,64,16,27
12,s015,64,17,17
12,s015,64,18,19
12,s015,64,19,6
12,s015,64,20,15
12,s015,64,21,10
12,s015,64,22,2
12,s015,64,23,7
12,s015,64,24,14
12,s015,64,25,18
12,s015,64,26,8
12,s015,64,27,6
12,s015,64,28,9
12,s015,64,29,6
12,s015,64,30,4
12,s015,64,32,43
12,s015,64,33,23
12,s015,64,34,15
12,s015,64,35,16
12,s015,64,36,22
12,s015,64,37,13
12,s015,64,38,12
12,s015,64,39,5
12,s015,64,40,23
12,s015,64,41,11
12,s015,64,42,16
12,s015,64,43,8
12,s015,64,44,14
12,s015,64,45,5
12,s015,64,46,5
12,s015,64,47,1
12,s015,64,48,26
12,s015,64,49,14
12,s015,64,50,5
12,s015,64,51,7
12,s015,64,52,11
12,s015,64,53,6
12,s015,64,54,3
12,s015,64,55,3
12,s015,64,56,10
12,s015,64,57,5
12,s015,64,58,3
12,s015,64,59,2
12,s015,64,60,5
12,s015,64,61,6
12,s015,64,62,6
12,s015,64,63,2
12,s016,61,61,117
12,s016,61,60,66
12,s016,61,63,46
12,s016,61,62,23
12,s016,61,57,63
12,s016,61,56,32
12,s016,61,59,21
12,s016,61,58,11
12,s016,61,53,58
12,s016,61,52,39
12,s016,61,55,23
12,s016,61,54,12
12,s016,61,49,31
12,s016,61,48,13
12,s016,61,51,14
12,s016,61,50,10
12,s016,61,45,66
12,s016,61,44,24
12,s016,61,47,19
12,s016,61,46,12
12,s016,61,41,27
12,s016,61,40,10
12,s016,61,43,5
12,s016,61,42,3
12,s016,61,37,27
12,s016,61,36,11
12,s016,61,39,12
12,s016,61,38,9
12,s016,61,33,5
12,s016,61,32,9
12,s016,61,35,1
12,s016,61,34,3
12,s016,61,29,63
12,s016,61,28,30
12,s016,61,31,31
12,s016,61,30,13
12,s016,61,25,31
12,s016,61,24,15
12,s016,61,27,6
12,s016,61,26,8
12,s016,61,21,36
12,s016,61,20,26
12,s016,61,23,16
12,s016,61,22,9
12,s016,61,17,20
12,s016,61,16,9
12,s016,61,19,7
12,s016,61,18,2
12,s016,61,13,33
12,s016,61,12,14
12,s016,61,15,15
12,s016,61,14,7
12,s016,61,9,12
12,s016,61,8,10
12,s016,61,11,5
12,s016,61,10,5
12,s016,61,5,18
12,s016,61,4,8
12,s016,61,7,12
12,s016,61,6,9
12,s016,61,1,5
12,s016,61,0,4
12,s016,61,3,6
12,s016,61,2,4
12,s016,61,125,73
12,s016,61,124,48
12,s016,61,127,19
12,s016,61,126,18
12,s016,61,121,36
12,s016,61,120,24
12,s016,61,123,15
12,s016,61,122,11
12,s016,61,117,38
12,s016,61,116,27
12,s016,61,119,16
12,s016,61,118,11
12,s016,61,113,18
12,s016,61,112,15
12,s016,61,115,12
12,s016,61,114,8
12,s016,61,109,23
12,s016,61,108,14
12,s016,61,111,16
12,s016,61,110,9
12,s016,61,105,13
12,s016,61,104,7
12,s016,61,107,4
12,s016,61,106,5
12,s016,61,101,18
12,s016,61,100,18
12,s016,61,103,11
12,s016,61,102,7
12,s016,61,97,10
12,s016,61,96,7
12,s016,61,99,6
12,s016,61,98,5
12,s016,61,93,38
12,s016,61,92,30
12,s016,61,95,19
12,s016,61,94,12
12,s016,61,89,19
12,s016,61,88,11
12,s016,61,91,8
12,s016,61,90,7
12,s016,61,85,20
12,s016,61,84,13
12,s016,61,87,16
12,s016,61,86,9
12,s016,61,81,8
12,s016,61,80,5
12,s016,61,83,9
12,s016,61,82,4
12,s016,61,77,21
12,s016,61,76,10
12,s016,61,79,7
12,s016,61,78,4
12,s016,61,73,11
12,s016,61,72,4
12,s016,61,75,5
12,s016,61,74,2
12,s016,61,69,9
12,s016,61,68,9
12,s016,61,71,5
12,s016,61,65,6
12,s016,61,64,4
12,s016,61,67,2
12,s016,61,66,1
12,s017,19,19,122
12,s017,19,18,58
12,s017,19,17,50
12,s017,19,16,28
12,s017,19,23,57
12,s017,19,22,33
12,s017,19,21,21
12,s017,19,20,12
12,s017,19,27,60
12,s017,19,26,35
12,s017,19,25,34
12,s017,19,24,18
12,s017,19,31,50
12,s017,19,30,24
12,s017,19,29,13
12,s017,19,28,11
12,s017,19,3,54
12,s017,19,2,30
12,s017,19,1,17
12,s017,19,0,14
12,s017,19,7,25
12,s017,19,6,19
12,s017,19,5,11
12,s017,19,4,8
12,s017,19,11,35
12,s017,19,10,20
12,s017,19,9,14
12,s017,19,8,11
12,s017,19,15,14
12,s017,19,14,6
12,s017,19,13,11
12,s017,19,12,1
12,s017,19,51,71
12,s017,19,50,31
12,s017,19,49,29
12,s017,19,48,18
12,s017,19,55,37
12,s017,19,54,16
12,s017,19,53,20
12,s017,19,52,7
12,s017,19,59,32
12,s017,19,58,23
12,s017,19,57,20
12,s017,19,56,13
12,s017,19,63,10
12,s017,19,62,8
12,s017,19,61,12
12,s017,19,60,8
12,s017,19,35,26
12,s017,19,34,14
12,s017,19,33,18
12,s017,19,32,11
12,s017,19,39,11
12,s017,19,38,9
12,s017,19,37,8
12,s017,19,36,3
12,s017,19,43,12
12,s017,19,42,7
12,s017,19,41,5
12,s017,19,47,8
12,s017,19,46,8
12,s017,19,45,5
12,s017,19,44,1
12,s017,19,83,82
12,s017,19,82,50
12,s017,19,81,32
12,s017,19,80,19
12,s017,19,87,41
12,s017,19,86,27
12,s017,19,85,16
12,s017,19,84,9
12,s017,19,91,46
12,s017,19,90,27
12,s017,19,89,10
12,s017,19,88,13
12,s017,19,95,19
12,s017,19,94,7
12,s017,19,93,10
12,s017,19,92,5
12,s017,19,67,31
12,s017,19,66,15
12,s017,19,65,16
12,s017,19,64,10
12,s017,19,71,15
12,s017,19,70,9
12,s017,19,69,4
12,s017,19,68,11
12,s017,19,75,19
12,s017,19,74,19
12,s017,19,73,7
12,s017,19,72,6
12,s017,19,79,11
12,s017,19,78,4
12,s017,19,77,2
12,s017,19,76,6
12,s017,19,115,37
12,s017,19,114,20
12,s017,19,113,17
12,s017,19,112,12
12,s017,19,119,18
12,s017,19,118,7
12,s017,19,117,14
12,s017,19,116,4
12,s017,19,123,18
12,s017,19,122,12
12,s017,19,121,13
12,s017,19,120,4
12,s017,19,127,13
12,s017,19,126,6
12,s017,19,125,7
12,s017,19,124,5
12,s017,19,99,8
12,s017,19,98,12
12,s017,19,97,9
12,s017,19,96,5
12,s017,19,103,9
12,s017,19,102,7
12,s017,19,101,4
12,s017,19,100,4
12,s017,19,107,8
12,s017,19,106,9
12,s017,19,105,6
12,s017,19,104,5
12,s017,19,111,4
12,s017,19,110,6
12,s017,19,109,1
12,s017,19,108,1
12,s018,23,23,137
12,s018,23,22,68
12,s018,23,21,59
12,s018,23,20,27
12,s018,23,19,53
12,s018,23,18,40
12,s018,23,17,16
12,s018,23,16,10
12,s018,23,31,76
12,s018,23,30,34
12,s018,23,29,30
12,s018,23,28,14
12,s018,23,27,42
12,s018,23,26,19
12,s018,23,25,18
12,s018,23,24,6
12,s018,23,7,46
12,s018,23,6,35
12,s018,23,5,26
12,s018,23,4,15
12,s018,23,3,25
12,s018,23,2,18
12,s018,23,1,8
12,s018,23,0,8
12,s018,23,15,26
12,s018,23,14,23
12,s018,23,13,9
12,s018,23,12,10
12,s018,23,11,18
12,s018,23,10,11
12,s018,23,9,4
12,s018,23,8,3
12,s018,23,55,61
12,s018,23,54,33
12,s018,23,53,38
12,s018,23,52,24
12,s018,23,51,31
12,s018,23,50,15
12,s018,23,49,15
12,s018,23,48,6
12,s018,23,63,32
12,s018,23,62,27
12,s018,23,61,13
12,s018,23,60,13
12,s018,23,59,20
12,s018,23,58,13
12,s018,23,57,19
12,s018,23,56,4
12,s018,23,39,24
12,s018,23,38,19
12,s018,23,37,16
12,s018,23,36,18
12,s018,23,35,7
12,s018,23,34,8
12,s018,23,33,4
12,s018,23,32,2
12,s018,23,47,14
12,s018,23,46,9
12,s018,23,45,7
12,s018,23,44,1
12,s018,23,43,11
12,s018,23,42,5
12,s018,23,41,4
12,s018,23,40,4
12,s018,23,87,76
12,s018,23,86,43
12,s018,23,85,39
12,s018,23,84,21
12,s018,23,83,37
12,s018,23,82,20
12,s018,23,81,14
12,s018,23,80,9
12,s018,23,95,39
12,s018,23,94,31
12,s018,23,93,18
12,s018,23,92,14
12,s018,23,91,23
12,s018,23,90,13
12,s018,23,89,15
12,s018,23,88,6
12,s018,23,71,29
12,s018,23,70,21
12,s018,23,69,9
12,s018,23,68,10
12,s018,23,67,14
12,s018,23,66,13
12,s018,23,65,8
12,s018,23,64,9
12,s018,23,79,24
12,s018,23,78,10
12,s018,23,77,15
12,s018,23,76,8
12,s018,23,75,5
12,s018,23,74,4
12,s018,23,73,7
12,s018,23,72,4
12,s018,23,119,38
12,s018,23,118,20
12,s018,23,117,19
12,s018,23,116,14
12,s018,23,115,23
12,s018,23,114,7
12,s018,23,113,8
12,s018,23,112,7
12,s018,23,127,28
12,s018,23,126,18
12,s018,23,125,12
12,s018,23,124,7
12,s018,23,123,15
12,s018,23,122,9
12,s018,23,121,4
12,s018,23,120,3
12,s018,23,103,20
12,s018,23,102,17
12,s018,23,101,3
12,s018,23,100,7
12,s018,23,99,8
12,s018,23,98,10
12,s018,23,97,5
12,s018,23,96,4
12,s018,23,111,17
12,s018,23,110,5
12,s018,23,109,8
12,s018,23,108,5
12,s018,23,107,7
12,s018,23,106,2
12,s018,23,105,2
12,s018,23,104,1
12,s019,77,77,116
12,s019,77,76,62
12,s019,77,79,58
12,s019,77,78,19
12,s019,77,73,62
12,s019,77,72,28
12,s019,77,75,28
12,s019,77,74,11
12,s019,77,69,50
12,s019,77,68,26
12,s019,77,71,29
12,s019,77,70,25
12,s019,77,65,32
12,s019,77,64,17
12,s019,77,67,9
12,s019,77,66,2
12,s019,77,93,70
12,s019,77,92,29
12,s019,77,95,26
12,s019,77,94,8
12,s019,77,89,29
12,s019,77,88,10
12,s019,77,91,9
12,s019,77,90,8
12,s019,77,85,28
12,s019,77,84,11
12,s019,77,87,10
12,s019,77,86,10
12,s019,77,81,8
12,s019,77,80,8
12,s019,77,83,6
12,s019,77,82,5
12,s019,77,109,60
12,s019,77,108,36
12,s019,77,111,32
12,s019,77,110,26
12,s019,77,105,34
12,s019,77,104,16
12,s019,77,107,22
12,s019,77,106,8
12,s019,77,101,37
12,s019,77,100,11
12,s019,77,103,14
12,s019,77,102,11
12,s019,77,97,16
12,s019,77,96,9
12,s019,77,99,11
12,s019,77,98,3
12,s019,77,125,38
12,s019,77,124,17
12,s019,77,127,8
12,s019,77,126,11
12,s019,77,121,9
12,s019,77,120,3
12,s019,77,123,7
12,s019,77,122,4
12,s019,77,117,16
12,s019,77,116,9
12,s019,77,119,5
12,s019,77,118,9
12,s019,77,113,9
12,s019,77,112,5
12,s019,77,115,4
12,s019,77,114,2
12,s019,77,13,67
12,s019,77,12,45
12,s019,77,15,35
12,s019,77,14,13
12,s019,77,9,39
12,s019,77,8,23
12,s019,77,11,20
12,s019,77,10,12
12,s019,77,5,39
12,s019,77,4,26
12,s019,77,7,12
12,s019,77,6,16
12,s019,77,1,24
12,s019,77,0,8
12,s019,77,3,11
12,s019,77,2,7
12,s019,77,29,40
12,s019,77,28,23
12,s019,77,31,11
12,s019,77,30,8
12,s019,77,25,11
12,s019,77,24,8
12,s019,77,27,9
12,s019,77,26,4
12,s019,77,21,15
12,s019,77,20,9
12,s019,77,23,7
12,s019,77,22,6
12,s019,77,17,10
12,s019,77,16,4
12,s019,77,19,5
12,s019,77,18,3
12,s019,77,45,37
12,s019,77,44,24
12,s019,77,47,19
12,s019,77,46,14
12,s019,77,41,28
12,s019,77,40,12
12,s019,77,43,11
12,s019,77,42,6
12,s019,77,37,30
12,s019,77,36,14
12,s019,77,39,15
12,s019,77,38,6
12,s019,77,33,13
12,s019,77,32,4
12,s019,77,35,4
12,s019,77,61,13
12,s019,77,60,9
12,s019,77,63,8
12,s019,77,62,4
12,s019,77,57,5
12,s019,77,56,3
12,s019,77,59,3
12,s019,77,58,4
12,s019,77,53,11
12,s019,77,52,12
12,s019,77,55,8
12,s019,77,54,2
12,s019,77,49,2
12,s019,77,48,3
12,s019,77,51,5
12,s019,77,50,1
12,s020,96,96,126
12,s020,96,97,60
12,s020,96,98,61
12,s020,96,99,21
12,s020,96,100,68
12,s020,96,101,26
12,s020,96,102,25
12,s020,96,103,19
12,s020,96,104,77
12,s020,96,105,42
12,s020,96,106,29
12,s020,96,107,20
12,s020,96,108,34
12,s020,96,109,31
12,s020,96,110,11
12,s020,96,111,7
12,s020,96,112,54
12,s020,96,113,25
12,s020,96,114,17
12,s020,96,115,15
12,s020,96,116,33
12,s020,96,117,15
12,s020,96,118,9
12,s020,96,119,5
12,s020,96,120,38
12,s020,96,121,24
12,s020,96,122,10
12,s020,96,123,10
12,s020,96,124,14
12,s020,96,125,14
12,s020,96,126,7
12,s020,96,127,7
12,s020,96,64,65
12,s020,96,65,27
12,s020,96,66,39
12,s020,96,67,23
12,s020,96,68,41
12,s020,96,69,18
12,s020,96,70,8
12,s020,96,71,11
12,s020,96,72,26
12,s020,96,73,17
12,s020,96,74,20
12,s020,96,75,8
12,s020,96,76,15
12,s020,96,77,10
12,s020,96,78,7
12,s020,96,79,4
12,s020,96,80,32
12,s020,96,81,16
12,s020,96,82,8
12,s020,96,83,8
12,s020,96,84,18
12,s020,96,85,4
12,s020,96,86,3
12,s020,96,87,1
12,s020,96,88,8
12,s020,96,89,14
12,s020,96,90,3
12,s020,96,91,7
12,s020,96,92,7
12,s020,96,93,6
12,s020,96,32,65
12,s020,96,33,43
12,s020,96,34,30
12,s020,96,35,14
12,s020,96,36,29
12,s020,96,37,22
12,s020,96,38,16
12,s020,96,39,5
12,s020,96,40,34
12,s020,96,41,17
12,s020,96,42,10
12,s020,96,43,9
12,s020,96,44,17
12,s020,96,45,17
12,s020,96,46,16
12,s020,96,47,9
12,s020,96,48,31
12,s020,96,49,20
12,s020,96,50,17
12,s020,96,51,13
12,s020,96,52,14
12,s020,96,53,13
12,s020,96,54,2
12,s020,96,55,1
12,s020,96,56,16
12,s020,96,57,14
12,s020,96,58,7
12,s020,96,59,6
12,s020,96,60,9
12,s020,96,61,9
12,s020,96,62,3
12,s020,96,63,5
12,s020,96,0,35
12,s020,96,1,27
12,s020,96,2,19
12,s020,96,3,15
12,s020,96,4,26
12,s020,96,5,10
12,s020,96,6,10
12,s020,96,7,7
12,s020,96,8,23
12,s020,96,9,19
12,s020,96,10,8
12,s020,96,11,3
12,s020,96,12,13
12,s020,96,13,6
12,s020,96,14,8
12,s020,96,15,2
12,s020,96,16,31
12,s020,96,17,11
12,s020,96,18,4
12,s020,96,19,1
12,s020,96,20,5
12,s020,96,21,3
12,s020,96,22,3
12,s020,96,23,2
12,s020,96,24,10
12,s020,96,25,11
12,s020,96,26,5
12,s020,96,27,1
12,s020,96,28,3
12,s020,96,29,2
12,s020,96,30,4
12,s020,96,31,2
12,s021,114,114,128
12,s021,114,115,67
12,s021,114,112,45
12,s021,114,113,31
12,s021,114,118,68
12,s021,114,119,36
12,s021,114,116,29
12,s021,114,117,12
12,s021,114,122,71
12,s021,114,123,31
12,s021,114,120,27
12,s021,114,121,17
12,s021,114,126,45
12,s021,114,127,18
12,s021,114,124,12
12,s021,114,125,9
12,s021,114,98,57
12,s021,114,99,31
12,s021,114,96,29
12,s021,114,97,10
12,s021,114,102,28
12,s021,114,103,17
12,s021,114,100,9
12,s021,114,101,6
12,s021,114,106,34
12,s021,114,107,13
12,s021,114,104,12
12,s021,114,105,5
12,s021,114,110,10
12,s021,114,111,13
12,s021,114,108,9
12,s021,114,109,7
12,s021,114,82,61
12,s021,114,83,41
12,s021,114,80,28
12,s021,114,81,15
12,s021,114,86,29
12,s021,114,87,16
12,s021,114,84,16
12,s021,114,85,8
12,s021,114,90,29
12,s021,114,91,21
12,s021,114,88,11
12,s021,114,89,18
12,s021,114,94,14
12,s021,114,95,12
12,s021,114,92,9
12,s021,114,93,3
12,s021,114,66,29
12,s021,114,67,12
12,s021,114,64,17
12,s021,114,65,9
12,s021,114,70,15
12,s021,114,71,5
12,s021,114,68,10
12,s021,114,69,5
12,s021,114,74,20
12,s021,114,75,11
12,s021,114,72,7
12,s021,114,73,10
12,s021,114,78,12
12,s021,114,79,7
12,s021,114,76,2
12,s021,114,77,2
12,s021,114,50,75
12,s021,114,51,44
12,s021,114,48,29
12,s021,114,49,19
12,s021,114,54,43
12,s021,114,55,24
12,s021,114,52,21
12,s021,114,53,10
12,s021,114,58,47
12,s021,114,59,32
12,s021,114,56,17
12,s021,114,57,7
12,s021,114,62,25
12,s021,114,63,10
12,s021,114,60,10
12,s021,114,61,10
12,s021,114,34,33
12,s021,114,35,17
12,s021,114,32,12
12,s021,114,33,15
12,s021,114,38,10
12,s021,114,39,12
12,s021,114,36,9
12,s021,114,37,3
12,s021,114,42,15
12,s021,114,43,12
12,s021,114,40,8
12,s021,114,41,10
12,s021,114,46,9
12,s021,114,47,9
12,s021,114,44,3
12,s021,114,45,1
12,s021,114,18,34
12,s021,114,19,32
12,s021,114,16,14
12,s021,114,17,16
12,s021,114,22,27
12,s021,114,23,10
12,s021,114,20,10
12,s021,114,21,13
12,s021,114,26,28
12,s021,114,27,12
12,s021,114,24,11
12,s021,114,25,10
12,s021,114,30,15
12,s021,114,31,11
12,s021,114,28,4
12,s021,114,29,6
12,s021,114,2,19
12,s021,114,3,10
12,s021,114,0,9
12,s021,114,1,11
12,s021,114,6,8
12,s021,114,7,8
12,s021,114,4,4
12,s021,114,5,2
12,s021,114,10,12
12,s021,114,11,10
12,s021,114,8,4
12,s021,114,9,2
12,s021,114,14,6
12,s021,114,15,4
12,s021,114,12,6
12,s022,119,119,125
12,s022,119,118,60
12,s022,119,117,50
12,s022,119,116,29
12,s022,119,115,47
12,s022,119,114,26
12,s022,119,113,20
12,s022,119,112,15
12,s022,119,127,62
12,s022,119,126,45
12,s022,119,125,32
12,s022,119,124,15
12,s022,119,123,35
12,s022,119,122,20
12,s022,119,121,14
12,s022,119,120,7
12,s022,119,103,46
12,s022,119,102,25
12,s022,119,101,11
12,s022,119,100,9
12,s022,119,99,28
12,s022,119,98,14
12,s022,119,97,14
12,s022,119,96,7
12,s022,119,111,33
12,s022,119,110,13
12,s022,119,109,10
12,s022,119,108,8
12,s022,119,107,12
12,s022,119,106,5
12,s022,119,105,8
12,s022,119,104,4
12,s022,119,87,74
12,s022,119,86,39
12,s022,119,85,26
12,s022,119,84,21
12,s022,119,83,40
12,s022,119,82,19
12,s022,119,81,13
12,s022,119,80,9
12,s022,119,95,29
12,s022,119,94,15
12,s022,119,93,14
12,s022,119,92,11
12,s022,119,91,20
12,s022,119,90,13
12,s022,119,89,12
12,s022,119,88,6
12,s022,119,71,25
12,s022,119,70,16
12,s022,119,69,10
12,s022,119,68,9
12,s022,119,67,14
12,s022,119,66,10
12,s022,119,65,3
12,s022,119,64,3
12,s022,119,79,14
12,s022,119,78,8
12,s022,119,77,6
12,s022,119,76,6
12,s022,119,75,6
12,s022,119,74,7
12,s022,119,73,5
12,s022,119,72,3
12,s022,119,55,97
12,s022,119,54,46
12,s022,119,53,33
12,s022,119,52,21
12,s022,119,51,36
12,s022,119,50,20
12,s022,119,49,22
12,s022,119,48,8
12,s022,119,63,39
12,s022,119,62,34
12,s022,119,61,13
12,s022,119,60,10
12,s022,119,59,22
12,s022,119,58,17
12,s022,119,57,8
12,s022,119,56,7
12,s022,119,39,30
12,s022,119,38,19
12,s022,119,37,9
12,s022,119,36,8
12,s022,119,35,18
12,s022,119,34,6
12,s022,119,33,7
12,s022,119,32,3
12,s022,119,47,14
12,s022,119,46,7
12,s022,119,45,2
12,s022,119,44,5
12,s022,119,43,10
12,s022,119,42,3
12,s022,119,41,5
12,s022,119,23,35
12,s022,119,22,23
12,s022,119,21,27
12,s022,119,20,9
12,s022,119,19,14
12,s022,119,18,18
12,s022,119,17,8
12,s022,119,16,2
12,s022,119,31,22
12,s022,119,30,14
12,s022,119,29,16
12,s022,119,28,8
12,s022,119,27,9
12,s022,119,26,12
12,s022,119,25,2
12,s022,119,24,4
12,s022,119,7,21
12,s022,119,6,17
12,s022,119,5,5
12,s022,119,4,4
12,s022,119,3,6
12,s022,119,2,6
12,s022,119,1,5
12,s022,119,0,4
12,s022,119,15,8
12,s022,119,14,2
12,s022,119,13,4
12,s022,119,12,6
12,s022,119,11,6
12,s022,119,10,4
12,s022,119,9,4
12,s022,119,8,3
12,s023,100,100,112
12,s023,100,101,60
12,s023,100,102,52
12,s023,100,103,21
12,s023,100,96,62
12,s023,100,97,24
12,s023,100,98,37
12,s023,100,99,20
12,s023,100,108,58
12,s023,100,109,29
12,s023,100,110,26
12,s023,100,111,19
12,s023,100,104,28
12,s023,100,105,21
12,s023,100,106,12
12,s023,100,107,7
12,s023,100,116,53
12,s023,100,117,26
12,s023,100,118,18
12,s023,100,119,17
12,s023,100,112,25
12,s023,100,113,24
12,s023,100,114,7
12,s023,100,115,7
12,s023,100,124,26
12,s023,100,125,16
12,s023,100,126,16
12,s023,100,127,9
12,s023,100,120,17
12,s023,100,121,5
12,s023,100,122,9
12,s023,100,123,5
12,s023,100,68,55
12,s023,100,69,29
12,s023,100,70,34
12,s023,100,71,15
12,s023,100,64,38
12,s023,100,65,16
12,s023,100,66,12
12,s023,100,67,3
12,s023,100,76,33
12,s023,100,77,14
12,s023,100,78,18
12,s023,100,79,9
12,s023,100,72,16
12,s023,100,73,10
12,s023,100,74,11
12,s023,100,75,6
12,s023,100,84,24
12,s023,100,85,18
12,s023,100,86,18
12,s023,100,87,5
12,s023,100,80,5
12,s023,100,81,8
12,s023,100,82,6
12,s023,100,83,1
12,s023,100,92,10
12,s023,100,93,17
12,s023,100,94,10
12,s023,100,95,7
12,s023,100,88,7
12,s023,100,90,4
12,s023,100,91,2
12,s023,100,36,76
12,s023,100,37,42
12,s023,100,38,34
12,s023,100,39,20
12,s023,100,32,42
12,s023,100,33,26
12,s023,100,34,24
12,s023,100,35,9
12,s023,100,44,45
12,s023,100,45,24
12,s023,100,46,15
12,s023,100,47,9
12,s023,100,40,24
12,s023,100,41,12
12,s023,100,42,12
12,s023,100,43,3
12,s023,100,52,28
12,s023,100,53,20
12,s023,100,54,9
12,s023,100,55,9
12,s023,100,48,20
12,s023,100,49,1
12,s023,100,50,6
12,s023,100,51,4
12,s023,100,60,15
12,s023,100,61,12
12,s023,100,62,9
12,s023,100,63,4
12,s023,100,56,6
12,s023,100,57,10
12,s023,100,58,3
12,s023,100,59,3
12,s023,100,4,42
12,s023,100,5,24
12,s023,100,6,18
12,s023,100,7,20
12,s023,100,0,15
12,s023,100,1,17
12,s023,100,2,12
12,s023,100,3,5
12,s023,100,12,25
12,s023,100,13,20
12,s023,100,14,9
12,s023,100,15,11
12,s023,100,8,11
12,s023,100,9,7
12,s023,100,10,7
12,s023,100,11,5
12,s023,100,20,18
12,s023,100,21,11
12,s023,100,22,8
12,s023,100,23,3
12,s023,100,16,9
12,s023,100,17,2
12,s023,100,18,4
12,s023,100,19,3
12,s023,100,28,9
12,s023,100,29,6
12,s023,100,30,6
12,s023,100,31,1
12,s023,100,24,7
12,s023,100,25,4
12,s023,100,26,5
12,s023,100,27,2
12,s024,127,127,114
12,s024,127,126,52
12,s024,127,125,54
12,s024,127,124,24
12,s024,127,123,48
12,s024,127,122,37
12,s024,127,121,20
12,s024,127,120,13
12,s024,127,119,63
12,s024,127,118,35
12,s024,127,117,35
12,s024,127,116,9
12,s024,127,115,39
12,s024,127,114,18
12,s024,127,113,12
12,s024,127,112,6
12,s024,127,111,55
12,s024,127,110,21
12,s024,127,109,25
12,s024,127,108,15
12,s024,127,107,21
12,s024,127,106,14
12,s024,127,105,13
12,s024,127,104,6
12,s024,127,103,30
12,s024,127,102,18
12,s024,127,101,9
12,s024,127,100,8
12,s024,127,99,17
12,s024,127,98,5
12,s024,127,97,3
12,s024,127,96,3
12,s024,127,95,55
12,s024,127,94,38
12,s024,127,93,23
12,s024,127,92,19
12,s024,127,91,31
12,s024,127,90,14
12,s024,127,89,14
12,s024,127,88,12
12,s024,127,87,34
12,s024,127,86,19
12,s024,127,85,21
12,s024,127,84,6
12,s024,127,83,21
12,s024,127,82,11
12,s024,127,81,9
12,s024,127,80,5
12,s024,127,79,32
12,s024,127,78,13
12,s024,127,77,11
12,s024,127,76,4
12,s024,127,75,10
12,s024,127,74,9
12,s024,127,73,6
12,s024,127,72,5
12,s024,127,71,13
12,s024,127,70,4
12,s024,127,69,6
12,s024,127,68,9
12,s024,127,67,10
12,s024,127,66,5
12,s024,127,65,6
12,s024,127,64,3
12,s024,127,63,71
12,s024,127,62,36
12,s024,127,61,23
12,s024,127,60,22
12,s024,127,59,56
12,s024,127,58,15
12,s024,127,57,14
12,s024,127,56,8
12,s024,127,55,39
12,s024,127,54,25
12,s024,127,53,20
12,s024,127,52,7
12,s024,127,51,16
12,s024,127,50,7
12,s024,127,49,6
12,s024,127,48,9
12,s024,127,47,27
12,s024,127,46,29
12,s024,127,45,13
12,s024,127,44,6
12,s024,127,43,12
12,s024,127,42,10
12,s024,127,41,12
12,s024,127,40,4
12,s024,127,39,13
12,s024,127,38,17
12,s024,127,37,6
12,s024,127,36,6
12,s024,127,35,9
12,s024,127,34,4
12,s024,127,33,4
12,s024,127,32,1
12,s024,127,31,40
12,s024,127,30,21
12,s024,127,29,19
12,s024,127,28,4
12,s024,127,27,26
12,s024,127,26,16
12,s024,127,25,14
12,s024,127,24,6
12,s024,127,23,30
12,s024,127,22,19
12,s024,127,21,11
12,s024,127,20,5
12,s024,127,19,14
12,s024,127,18,8
12,s024,127,17,9
12,s024,127,16,4
12,s024,127,15,14
12,s024,127,14,9
12,s024,127,13,10
12,s024,127,12,7
12,s024,127,11,9
12,s024,127,10,7
12,s024,127,9,4
12,s024,127,8,2
12,s024,127,7,5
12,s024,127,6,9
12,s024,127,5,4
12,s024,127,4,6
12,s024,127,3,5
12,s024,127,2,3
12,s024,127,1,2
12,s024,127,0,1
12,s025,53,53,130
12,s025,53,52,56
12,s025,53,55,65
12,s025,53,54,21
12,s025,53,49,66
12,s025,53,48,32
12,s025,53,51,22
12,s025,53,50,21
12,s025,53,61,79
12,s025,53,60,45
12,s025,53,63,25
12,s025,53,62,15
12,s025,53,57,32
12,s025,53,56,17
12,s025,53,59,10
12,s025,53,58,11
12,s025,53,37,47
12,s025,53,36,21
12,s025,53,39,17
12,s025,53,38,15
12,s025,53,33,26
12,s025,53,32,19
12,s025,53,35,14
12,s025,53,34,7
12,s025,53,45,23
12,s025,53,44,19
12,s025,53,47,16
12,s025,53,46,11
12,s025,53,41,20
12,s025,53,40,8
12,s025,53,43,10
12,s025,53,42,2
12,s025,53,21,74
12,s025,53,20,34
12,s025,53,23,31
12,s025,53,22,21
12,s025,53,17,36
12,s025,53,16,19
12,s025,53,19,13
12,s025,53,18,7
12,s025,53,29,31
12,s025,53,28,22
12,s025,53,31,14
12,s025,53,30,9
12,s025,53,25,16
12,s025,53,24,8
12,s025,53,27,10
12,s025,53,26,12
12,s025,53,5,32
12,s025,53,4,17
12,s025,53,7,9
12,s025,53,6,10
12,s025,53,1,16
12,s025,53,0,8
12,s025,53,3,12
12,s025,53,2,2
12,s025,53,13,16
12,s025,53,12,8
12,s025,53,15,8
12,s025,53,14,5
12,s025,53,9,10
12,s025,53,8,2
12,s025,53,11,5
12,s025,53,10,8
12,s025,53,117,84
12,s025,53,116,52
12,s025,53,119,30
12,s025,53,118,28
12,s025,53,113,37
12,s025,53,112,32
12,s025,53,115,15
12,s025,53,114,7
12,s025,53,125,50
12,s025,53,124,25
12,s025,53,127,13
12,s025,53,126,14
12,s025,53,121,21
12,s025,53,120,17
12,s025,53,123,9
12,s025,53,122,5
12,s025,53,101,27
12,s025,53,100,25
12,s025,53,103,11
12,s025,53,102,14
12,s025,53,97,14
12,s025,53,96,9
12,s025,53,99,10
12,s025,53,98,5
12,s025,53,109,22
12,s025,53,108,16
12,s025,53,111,7
12,s025,53,110,7
12,s025,53,105,9
12,s025,53,104,6
12,s025,53,107,3
12,s025,53,106,3
12,s025,53,85,44
12,s025,53,84,23
12,s025,53,87,16
12,s025,53,86,19
12,s025,53,81,28
12,s025,53,80,13
12,s025,53,83,8
12,s025,53,82,4
12,s025,53,93,24
12,s025,53,92,20
12,s025,53,95,16
12,s025,53,94,6
12,s025,53,89,16
12,s025,53,88,11
12,s025,53,91,4
12,s025,53,90,4
12,s025,53,69,14
12,s025,53,68,15
12,s025,53,71,9
12,s025,53,70,4
12,s025,53,65,7
12,s025,53,64,4
12,s025,53,67,5
12,s025,53,66,2
12,s025,53,77,11
12,s025,53,76,7
12,s025,53,79,4
12,s025,53,78,2
12,s025,53,73,3
12,s025,53,72,6
12,s025,53,75,5
12,s025,53,74,2
12,s026,69,69,121
12,s026,69,68,52
12,s026,69,71,45
12,s026,69,70,22
12,s026,69,65,56
12,s026,69,64,27
12,s026,69,67,33
12,s026,69,66,19
12,s026,69,77,71
12,s026,69,76,34
12,s026,69,79,25
12,s026,69,78,16
12,s026,69,73,39
12,s026,69,72,17
12,s026,69,75,15
12,s026,69,74,10
12,s026,69,85,62
12,s026,69,84,30
12,s026,69,87,20
12,s026,69,86,13
12,s026,69,81,24
12,s026,69,80,10
12,s026,69,83,11
12,s026,69,82,5
12,s026,69,93,24
12,s026,69,92,8
12,s026,69,95,20
12,s026,69,94,4
12,s026,69,89,16
12,s026,69,88,12
12,s026,69,91,10
12,s026,69,90,4
12,s026,69,101,68
12,s026,69,100,41
12,s026,69,103,33
12,s026,69,102,13
12,s026,69,97,31
12,s026,69,96,23
12,s026,69,99,16
12,s026,69,98,13
12,s026,69,109,28
12,s026,69,108,21
12,s026,69,111,22
12,s026,69,110,7
12,s026,69,105,23
12,s026,69,104,11
12,s026,69,107,8
12,s026,69,106,6
12,s026,69,117,34
12,s026,69,116,16
12,s026,69,119,12
12,s026,69,118,8
12,s026,69,113,19
12,s026,69,112,10
12,s026,69,115,4
12,s026,69,114,4
12,s026,69,125,10
12,s026,69,124,7
12,s026,69,127,5
12,s026,69,126,1
12,s026,69,121,6
12,s026,69,120,8
12,s026,69,123,6
12,s026,69,122,5
12,s026,69,5,72
12,s026,69,4,46
12,s026,69,7,24
12,s026,69,6,22
12,s026,69,1,42
12,s026,69,0,20
12,s026,69,3,11
12,s026,69,2,11
12,s026,69,13,53
12,s026,69,12,35
12,s026,69,15,17
12,s026,69,14,13
12,s026,69,9,21
12,s026,69,8,14
12,s026,69,11,5
12,s026,69,10,6
12,s026,69,21,39
12,s026,69,20,15
12,s026,69,23,9
12,s026,69,22,7
12,s026,69,17,15
12,s026,69,16,15
12,s026,69,19,9
12,s026,69,18,5
12,s026,69,29,17
12,s026,69,28,12
12,s026,69,31,10
12,s026,69,30,5
12,s026,69,25,7
12,s026,69,24,3
12,s026,69,27,7
12,s026,69,26,3
12,s026,69,37,41
12,s026,69,36,22
12,s026,69,39,14
12,s026,69,38,13
12,s026,69,33,20
12,s026,69,32,15
12,s026,69,35,16
12,s026,69,34,6
12,s026,69,45,18
12,s026,69,44,16
12,s026,69,47,9
12,s026,69,46,5
12,s026,69,41,8
12,s026,69,40,11
12,s026,69,43,12
12,s026,69,42,6
12,s026,69,53,18
12,s026,69,52,15
12,s026,69,55,6
12,s026,69,54,8
12,s026,69,49,11
12,s026,69,48,9
12,s026,69,51,4
12,s026,69,50,3
12,s026,69,61,7
12,s026,69,60,8
12,s026,69,63,9
12,s026,69,62,9
12,s026,69,57,5
12,s026,69,56,5
12,s026,69,59,4
12,s026,69,58,1
12,s027,75,75,108
12,s027,75,74,64
12,s027,75,73,56
12,s027,75,72,27
12,s027,75,79,51
12,s027,75,78,31
12,s027,75,77,34
12,s027,75,76,19
12,s027,75,67,90
12,s027,75,66,30
12,s027,75,65,33
12,s027,75,64,13
12,s027,75,71,37
12,s027,75,70,17
12,s027,75,69,12
12,s027,75,68,7
12,s027,75,91,52
12,s027,75,90,35
12,s027,75,89,18
12,s027,75,88,10
12,s027,75,95,26
12,s027,75,94,16
12,s027,75,93,9
12,s027,75,92,4
12,s027,75,83,28
12,s027,75,82,29
12,s027,75,81,8
12,s027,75,80,8
12,s027,75,87,8
12,s027,75,86,4
12,s027,75,85,5
12,s027,75,84,6
12,s027,75,107,67
12,s027,75,106,34
12,s027,75,105,44
12,s027,75,104,20
12,s027,75,111,30
12,s027,75,110,20
12,s027,75,109,11
12,s027,75,108,6
12,s027,75,99,46
12,s027,75,98,23
12,s027,75,97,24
12,s027,75,96,13
12,s027,75,103,15
12,s027,75,102,19
12,s027,75,101,9
12,s027,75,100,8
12,s027,75,123,41
12,s027,75,122,15
12,s027,75,121,20
12,s027,75,120,9
12,s027,75,127,15
12,s027,75,126,11
12,s027,75,125,5
12,s027,75,124,6
12,s027,75,115,12
12,s027,75,114,9
12,s027,75,113,13
12,s027,75,112,3
12,s027,75,119,4
12,s027,75,118,3
12,s027,75,117,1
12,s027,75,116,3
12,s027,75,11,79
12,s027,75,10,40
12,s027,75,9,21
12,s027,75,8,14
12,s027,75,15,32
12,s027,75,14,31
12,s027,75,13,19
12,s027,75,12,14
12,s027,75,3,41
12,s027,75,2,26
12,s027,75,1,13
12,s027,75,0,9
12,s027,75,7,15
12,s027,75,6,18
12,s027,75,5,7
12,s027,75,4,5
12,s027,75,27,27
12,s027,75,26,25
12,s027,75,25,12
12,s027,75,24,10
12,s027,75,31,15
12,s027,75,30,15
12,s027,75,29,3
12,s027,75,28,1
12,s027,75,19,27
12,s027,75,18,15
12,s027,75,17,8
12,s027,75,16,4
12,s027,75,23,6
12,s027,75,22,7
12,s027,75,21,6
12,s027,75,20,2
12,s027,75,43,40
12,s027,75,42,24
12,s027,75,41,21
12,s027,75,40,14
12,s027,75,47,32
12,s027,75,46,11
12,s027,75,45,13
12,s027,75,44,6
12,s027,75,35,22
12,s027,75,34,15
12,s027,75,33,15
12,s027,75,32,8
12,s027,75,39,13
12,s027,75,38,4
12,s027,75,37,9
12,s027,75,36,6
12,s027,75,59,23
12,s027,75,58,12
12,s027,75,57,6
12,s027,75,56,4
12,s027,75,63,6
12,s027,75,62,3
12,s027,75,61,4
12,s027,75,60,4
12,s027,75,51,10
12,s027,75,50,10
12,s027,75,49,5
12,s027,75,48,4
12,s027,75,55,3
12,s027,75,54,3
12,s027,75,53,2
12,s027,75,52,5
12,s028,110,110,125
12,s028,110,111,65
12,s028,110,108,49
12,s028,110,109,35
12,s028,110,106,57
12,s028,110,107,29
12,s028,110,104,14
12,s028,110,105,11
12,s028,110,102,73
12,s028,110,103,36
12,s028,110,100,30
12,s028,110,101,18
12,s028,110,98,36
12,s028,110,99,21
12,s028,110,96,13
12,s028,110,97,9
12,s028,110,126,57
12,s028,110,127,34
12,s028,110,124,15
12,s028,110,125,10
12,s028,110,122,32
12,s028,110,123,19
12,s028,110,120,9
12,s028,110,121,10
12,s028,110,118,29
12,s028,110,119,16
12,s028,110,116,7
12,s028,110,117,10
12,s028,110,114,17
12,s028,110,115,6
12,s028,110,112,6
12,s028,110,113,4
12,s028,110,78,59
12,s028,110,79,21
12,s028,110,76,44
12,s028,110,77,15
12,s028,110,74,29
12,s028,110,75,15
12,s028,110,72,17
12,s028,110,73,6
12,s028,110,70,48
12,s028,110,71,22
12,s028,110,68,18
12,s028,110,69,16
12,s028,110,66,20
12,s028,110,67,12
12,s028,110,64,14
12,s028,110,65,3
12,s028,110,94,28
12,s028,110,95,16
12,s028,110,92,16
12,s028,110,93,5
12,s028,110,90,13
12,s028,110,91,8
12,s028,110,88,3
12,s028,110,89,4
12,s028,110,86,15
12,s028,110,87,8
12,s028,110,84,7
12,s028,110,85,5
12,s028,110,82,5
12,s028,110,83,9
12,s028,110,80,5
12,s028,110,81,5
12,s028,110,46,83
12,s028,110,47,52
12,s028,110,44,28
12,s028,110,45,17
12,s028,110,42,46
12,s028,110,43,19
12,s028,110,40,12
12,s028,110,41,13
12,s028,110,38,32
12,s028,110,39,24
12,s028,110,36,12
12,s028,110,37,13
12,s028,110,34,19
12,s028,110,35,10
12,s028,110,32,8
12,s028,110,33,6
12,s028,110,62,34
12,s028,110,63,23
12,s028,110,60,16
12,s028,110,61,8
12,s028,110,58,13
12,s028,110,59,8
12,s028,110,56,5
12,s028,110,57,2
12,s028,110,54,21
12,s028,110,55,10
12,s028,110,52,12
12,s028,110,53,6
12,s028,110,50,10
12,s028,110,51,6
12,s028,110,48,4
12,s028,110,14,37
12,s028,110,15,25
12,s028,110,12,24
12,s028,110,13,22
12,s028,110,10,13
12,s028,110,11,15
12,s028,110,8,15
12,s028,110,9,6
12,s028,110,6,24
12,s028,110,7,19
12,s028,110,4,16
12,s028,110,5,7
12,s028,110,2,17
12,s028,110,3,7
12,s028,110,0,11
12,s028,110,1,9
12,s028,110,30,17
12,s028,110,31,9
12,s028,110,28,9
12,s028,110,29,6
12,s028,110,26,9
12,s028,110,27,9
12,s028,110,24,9
12,s028,110,25,2
12,s028,110,22,15
12,s028,110,23,6
12,s028,110,20,10
12,s028,110,21,3
12,s028,110,18,5
12,s028,110,19,5
12,s028,110,16,2
12,s028,110,17,4
12,s029,38,38,123
12,s029,38,39,78
12,s029,38,36,57
12,s029,38,37,24
12,s029,38,34,60
12,s029,38,35,27
12,s029,38,32,26
12,s029,38,33,10
12,s029,38,46,61
12,s029,38,47,33
12,s029,38,44,28
12,s029,38,45,18
12,s029,38,42,27
12,s029,38,43,16
12,s029,38,40,13
12,s029,38,41,5
12,s029,38,54,63
12,s029,38,55,25
12,s029,38,52,19
12,s029,38,53,16
12,s029,38,50,19
12,s029,38,51,10
12,s029,38,48,6
12,s029,38,49,7
12,s029,38,62,24
12,s029,38,63,17
12,s029,38,60,12
12,s029,38,61,12
12,s029,38,58,9
12,s029,38,59,10
12,s029,38,56,6
12,s029,38,57,6
12,s029,38,6,69
12,s029,38,7,38
12,s029,38,4,28
12,s029,38,5,19
12,s029,38,2,31
12,s029,38,3,13
12,s029,38,0,25
12,s029,38,1,9
12,s029,38,14,39
12,s029,38,15,19
12,s029,38,12,21
12,s029,38,13,9
12,s029,38,10,14
12,s029,38,11,10
12,s029,38,8,10
12,s029,38,9,8
12,s029,38,22,22
12,s029,38,23,12
12,s029,38,20,10
12,s029,38,21,6
12,s029,38,18,13
12,s029,38,19,9
12,s029,38,16,10
12,s029,38,17,6
12,s029,38,30,8
12,s029,38,31,8
12,s029,38,28,6
12,s029,38,29,7
12,s029,38,26,10
12,s029,38,27,6
12,s029,38,24,5
12,s029,38,25,3
12,s029,38,102,76
12,s029,38,103,35
12,s029,38,100,28
12,s029,38,101,27
12,s029,38,98,37
12,s029,38,99,24
12,s029,38,96,20
12,s029,38,97,10
12,s029,38,110,45
12,s029,38,111,21
12,s029,38,108,20
12,s029,38,109,10
12,s029,38,106,23
12,s029,38,107,6
12,s029,38,104,8
12,s029,38,105,10
12,s029,38,118,36
12,s029,38,119,25
12,s029,38,116,7
12,s029,38,117,17
12,s029,38,114,23
12,s029,38,115,6
12,s029,38,112,9
12,s029,38,113,3
12,s029,38,126,23
12,s029,38,127,13
12,s029,38,124,9
12,s029,38,125,7
12,s029,38,122,11
12,s029,38,123,5
12,s029,38,120,3
12,s029,38,121,6
12,s029,38,70,41
12,s029,38,71,25
12,s029,38,68,28
12,s029,38,69,14
12,s029,38,66,25
12,s029,38,67,13
12,s029,38,64,8
12,s029,38,65,3
12,s029,38,78,20
12,s029,38,79,12
12,s029,38,76,6
12,s029,38,77,9
12,s029,38,74,5
12,s029,38,75,5
12,s029,38,72,6
12,s029,38,73,6
12,s029,38,86,16
12,s029,38,87,13
12,s029,38,84,13
12,s029,38,85,8
12,s029,38,82,7
12,s029,38,83,5
12,s029,38,80,3
12,s029,38,81,2
12,s029,38,94,14
12,s029,38,95,11
12,s029,38,92,6
12,s029,38,93,4
12,s029,38,90,6
12,s029,38,91,2
12,s029,38,88,1
12,s029,38,89,1
12,s030,28,28,129
12,s030,28,29,57
12,s030,28,30,44
12,s030,28,31,27
12,s030,28,24,51
12,s030,28,25,33
12,s030,28,26,28
12,s030,28,27,19
12,s030,28,20,60
12,s030,28,21,39
12,s030,28,22,24
12,s030,28,23,14
12,s030,28,16,31
12,s030,28,17,20
12,s030,28,18,14
12,s030,28,19,11
12,s030,28,12,48
12,s030,28,13,15
12,s030,28,14,12
12,s030,28,15,10
12,s030,28,8,24
12,s030,28,9,13
12,s030,28,10,6
12,s030,28,11,2
12,s030,28,4,29
12,s030,28,5,15
12,s030,28,6,11
12,s030,28,7,7
12,s030,28,0,14
12,s030,28,1,9
12,s030,28,2,4
12,s030,28,3,5
12,s030,28,60,67
12,s030,28,61,29
12,s030,28,62,40
12,s030,28,63,16
12,s030,28,56,28
12,s030,28,57,21
12,s030,28,58,15
12,s030,28,59,5
12,s030,28,52,33
12,s030,28,53,22
12,s030,28,54,19
12,s030,28,55,5
12,s030,28,48,15
12,s030,28,49,6
12,s030,28,50,2
12,s030,28,51,7
12,s030,28,44,23
12,s030,28,45,15
12,s030,28,46,18
12,s030,28,47,7
12,s030,28,40,15
12,s030,28,41,11
12,s030,28,42,3
12,s030,28,43,2
12,s030,28,36,14
12,s030,28,37,9
12,s030,28,38,7
12,s030,28,39,4
12,s030,28,32,4
12,s030,28,33,5
12,s030,28,34,5
12,s030,28,35,6
12,s030,28,92,67
12,s030,28,93,39
12,s030,28,94,33
12,s030,28,95,15
12,s030,28,88,49
12,s030,28,89,21
12,s030,28,90,15
12,s030,28,91,9
12,s030,28,84,40
12,s030,28,85,25
12,s030,28,86,15
12,s030,28,87,14
12,s030,28,80,30
12,s030,28,81,13
12,s030,28,82,8
12,s030,28,83,5
12,s030,28,76,29
12,s030,28,77,14
12,s030,28,78,13
12,s030,28,79,12
12,s030,28,72,12
12,s030,28,73,9
12,s030,28,74,7
12,s030,28,75,5
12,s030,28,68,18
12,s030,28,69,6
12,s030,28,70,10
12,s030,28,71,5
12,s030,28,64,9
12,s030,28,65,5
12,s030,28,66,6
12,s030,28,67,3
12,s030,28,124,52
12,s030,28,125,20
12,s030,28,126,19
12,s030,28,127,20
12,s030,28,120,24
12,s030,28,121,12
12,s030,28,122,10
12,s030,28,123,2
12,s030,28,116,22
12,s030,28,117,20
12,s030,28,118,9
12,s030,28,119,12
12,s030,28,112,10
12,s030,28,113,7
12,s030,28,114,3
12,s030,28,115,3
12,s030,28,108,19
12,s030,28,109,12
12,s030,28,110,9
12,s030,28,111,8
12,s030,28,104,4
12,s030,28,105,11
12,s030,28,106,5
12,s030,28,107,2
12,s030,28,100,20
12,s030,28,101,7
12,s030,28,102,5
12,s030,28,103,4
12,s030,28,96,3
12,s030,28,97,6
12,s030,28,98,1
12,s031,32,32,117
12,s031,32,33,49
12,s031,32,34,42
12,s031,32,35,38
12,s031,32,36,60
12,s031,32,37,34
12,s031,32,38,30
12,s031,32,39,8
12,s031,32,40,72
12,s031,32,41,39
12,s031,32,42,34
12,s031,32,43,18
12,s031,32,44,38
12,s031,32,45,24
12,s031,32,46,18
12,s031,32,47,11
12,s031,32,48,60
12,s031,32,49,37
12,s031,32,50,24
12,s031,32,51,10
12,s031,32,52,26
12,s031,32,53,11
12,s031,32,54,21
12,s031,32,55,6
12,s031,32,56,39
12,s031,32,57,18
12,s031,32,58,12
12,s031,32,59,4
12,s031,32,60,17
12,s031,32,61,7
12,s031,32,62,6
12,s031,32,63,2
12,s031,32,0,77
12,s031,32,1,26
12,s031,32,2,38
12,s031,32,3,16
12,s031,32,4,30
12,s031,32,5,16
12,s031,32,6,20
12,s031,32,7,10
12,s031,32,8,32
12,s031,32,9,26
12,s031,32,10,18
12,s031,32,11,5
12,s031,32,12,22
12,s031,32,13,12
12,s031,32,14,7
12,s031,32,15,5
12,s031,32,16,36
12,s031,32,17,15
12,s031,32,18,11
12,s031,32,19,11
12,s031,32,20,12
12,s031,32,21,7
12,s031,32,22,6
12,s031,32,23,3
12,s031,32,24,14
12,s031,32,25,10
12,s031,32,26,7
12,s031,32,27,5
12,s031,32,28,5
12,s031,32,29,4
12,s031,32,30,6
12,s031,32,31,5
12,s031,32,96,76
12,s031,32,97,54
12,s031,32,98,34
12,s031,32,99,27
12,s031,32,100,26
12,s031,32,101,15
12,s031,32,102,22
12,s031,32,103,14
12,s031,32,104,54
12,s031,32,105,25
12,s031,32,106,15
12,s031,32,107,9
12,s031,32,108,18
12,s031,32,109,16
12,s031,32,110,12
12,s031,32,111,11
12,s031,32,112,35
12,s031,32,113,22
12,s031,32,114,15
12,s031,32,115,11
12,s031,32,116,9
12,s031,32,117,12
12,s031,32,118,10
12,s031,32,119,6
12,s031,32,120,18
12,s031,32,121,8
12,s031,32,122,8
12,s031,32,123,8
12,s031,32,124,9
12,s031,32,125,6
12,s031,32,126,5
12,s031,32,127,2
12,s031,32,64,37
12,s031,32,65,20
12,s031,32,66,13
12,s031,32,67,12
12,s031,32,68,25
12,s031,32,69,17
12,s031,32,70,14
12,s031,32,71,4
12,s031,32,72,29
12,s031,32,73,12
12,s031,32,74,20
12,s031,32,75,7
12,s031,32,76,11
12,s031,32,77,10
12,s031,32,78,8
12,s031,32,79,3
12,s031,32,80,23
12,s031,32,81,9
12,s031,32,82,12
12,s031,32,83,4
12,s031,32,84,12
12,s031,32,85,6
12,s031,32,86,5
12,s031,32,88,12
12,s031,32,89,12
12,s031,32,90,6
12,s031,32,91,6
12,s031,32,92,5
12,s031,32,93,2
12,s031,32,94,2
12,s031,32,95,2
12,s032,14,14,116
12,s032,14,15,70
12,s032,14,12,48
12,s032,14,13,25
12,s032,14,10,57
12,s032,14,11,25
12,s032,14,8,28
12,s032,14,9,13
12,s032,14,6,83
12,s032,14,7,32
12,s032,14,4,36
12,s032,14,5,12
12,s032,14,2,25
12,s032,14,3,13
12,s032,14,0,15
12,s032,14,1,10
12,s032,14,30,44
12,s032,14,31,27
12,s032,14,28,22
12,s032,14,29,17
12,s032,14,26,31
12,s032,14,27,11
12,s032,14,24,8
12,s032,14,25,3
12,s032,14,22,21
12,s032,14,23,24
12,s032,14,20,8
12,s032,14,21,7
12,s032,14,18,16
12,s032,14,19,9
12,s032,14,16,3
12,s032,14,17,6
12,s032,14,46,69
12,s032,14,47,37
12,s032,14,44,29
12,s032,14,45,20
12,s032,14,42,29
12,s032,14,43,12
12,s032,14,40,15
12,s032,14,41,9
12,s032,14,38,40
12,s032,14,39,16
12,s032,14,36,24
12,s032,14,37,12
12,s032,14,34,14
12,s032,14,35,7
12,s032,14,32,4
12,s032,14,33,3
12,s032,14,62,26
12,s032,14,63,15
12,s032,14,60,23
12,s032,14,61,9
12,s032,14,58,17
12,s032,14,59,6
12,s032,14,56,11
12,s032,14,57,2
12,s032,14,54,27
12,s032,14,55,11
12,s032,14,52,10
12,s032,14,53,2
12,s032,14,50,4
12,s032,14,51,10
12,s032,14,48,3
12,s032,14,49,2
12,s032,14,78,62
12,s032,14,79,40
12,s032,14,76,28
12,s032,14,77,18
12,s032,14,74,50
12,s032,14,75,16
12,s032,14,72,20
12,s032,14,73,4
12,s032,14,70,40
12,s032,14,71,28
12,s032,14,68,21
12,s032,14,69,4
12,s032,14,66,26
12,s032,14,67,16
12,s032,14,64,9
12,s032,14,65,2
12,s032,14,94,43
12,s032,14,95,15
12,s032,14,92,12
12,s032,14,93,10
12,s032,14,90,12
12,s032,14,91,8
12,s032,14,88,5
12,s032,14,89,1
12,s032,14,86,25
12,s032,14,87,9
12,s032,14,84,13
12,s032,14,85,8
12,s032,14,82,8
12,s032,14,83,9
12,s032,14,80,1
12,s032,14,81,4
12,s032,14,110,49
12,s032,14,111,23
12,s032,14,108,27
12,s032,14,109,15
12,s032,14,106,21
12,s032,14,107,13
12,s032,14,104,13
12,s032,14,105,10
12,s032,14,102,26
12,s032,14,103,10
12,s032,14,100,13
12,s032,14,101,3
12,s032,14,98,14
12,s032,14,99,6
12,s032,14,96,5
12,s032,14,97,2
12,s032,14,126,20
12,s032,14,127,14
12,s032,14,124,6
12,s032,14,125,5
12,s032,14,122,9
12,s032,14,123,6
12,s032,14,120,6
12,s032,14,121,1
12,s032,14,118,11
12,s032,14,119,5
12,s032,14,116,3
12,s032,14,117,7
12,s032,14,114,7
12,s032,14,115,1
12,s032,14,112,2
12,s033,40,40,120
12,s033,40,41,72
12,s033,40,42,65
12,s033,40,43,36
12,s033,40,44,53
12,s033,40,45,35
12,s033,40,46,25
12,s033,40,47,22
12,s033,40,32,73
12,s033,40,33,46
12,s033,40,34,29
12,s033,40,35,18
12,s033,40,36,42
12,s033,40,37,18
12,s033,40,38,12
12,s033,40,39,7
12,s033,40,56,63
12,s033,40,57,25
12,s033,40,58,21
12,s033,40,59,12
12,s033,40,60,20
12,s033,40,61,18
12,s033,40,62,8
12,s033,40,63,5
12,s033,40,48,28
12,s033,40,49,21
12,s033,40,50,11
12,s033,40,51,7
12,s033,40,52,15
12,s033,40,53,8
12,s033,40,54,5
12,s033,40,55,4
12,s033,40,8,66
12,s033,40,9,35
12,s033,40,10,24
12,s033,40,11,25
12,s033,40,12,36
12,s033,40,13,18
12,s033,40,14,13
12,s033,40,15,8
12,s033,40,0,38
12,s033,40,1,22
12,s033,40,2,26
12,s033,40,3,8
12,s033,40,4,16
12,s033,40,5,13
12,s033,40,6,2
12,s033,40,7,5
12,s033,40,24,22
12,s033,40,25,18
12,s033,40,26,14
12,s033,40,27,15
12,s033,40,28,13
12,s033,40,29,8
12,s033,40,30,11
12,s033,40,31,5
12,s033,40,16,19
12,s033,40,17,6
12,s033,40,18,7
12,s033,40,19,3
12,s033,40,20,10
12,s033,40,21,9
12,s033,40,22,1
12,s033,40,23,2
12,s033,40,104,96
12,s033,40,105,42
12,s033,40,106,33
12,s033,40,107,22
12,s033,40,108,40
12,s033,40,109,20
12,s033,40,110,17
12,s033,40,111,9
12,s033,40,96,47
12,s033,40,97,27
12,s033,40,98,17
12,s033,40,99,11
12,s033,40,100,21
12,s033,40,101,15
12,s033,40,102,13
12,s033,40,103,4
12,s033,40,120,32
12,s033,40,121,21
12,s033,40,122,19
12,s033,40,123,8
12,s033,40,124,18
12,s033,40,125,12
12,s033,40,126,5
12,s033,40,127,5
12,s033,40,112,21
12,s033,40,113,9
12,s033,40,114,7
12,s033,40,115,5
12,s033,40,116,9
12,s033,40,117,3
12,s033,40,118,6
12,s033,40,119,4
12,s033,40,72,29
12,s033,40,73,22
12,s033,40,74,20
12,s033,40,75,20
12,s033,40,76,23
12,s033,40,77,12
12,s033,40,78,9
12,s033,40,79,4
12,s033,40,64,30
12,s033,40,65,20
12,s033,40,66,13
12,s033,40,67,7
12,s033,40,68,16
12,s033,40,69,10
12,s033,40,70,11
12,s033,40,71,2
12,s033,40,88,16
12,s033,40,89,11
12,s033,40,90,8
12,s033,40,91,10
12,s033,40,92,10
12,s033,40,93,12
12,s033,40,94,3
12,s033,40,95,2
12,s033,40,80,11
12,s033,40,81,11
12,s033,40,82,7
12,s033,40,83,7
12,s033,40,84,7
12,s033,40,85,3
12,s033,40,87,2
12,s034,113,113,100
12,s034,113,112,64
12,s034,113,115,42
12,s034,113,114,25
12,s034,113,117,51
12,s034,113,116,41
12,s034,113,119,23
12,s034,113,118,14
12,s034,113,121,64
12,s034,113,120,37
12,s034,113,123,32
12,s034,113,122,21
12,s034,113,125,37
12,s034,113,124,22
12,s034,113,127,21
12,s034,113,126,11
12,s034,113,97,43
12,s034,113,96,31
12,s034,113,99,12
12,s034,113,98,16
12,s034,113,101,17
12,s034,113,100,21
12,s034,113,103,11
12,s034,113,102,11
12,s034,113,105,27
12,s034,113,104,17
12,s034,113,107,13
12,s034,113,106,9
12,s034,113,109,21
12,s034,113,108,9
12,s034,113,111,6
12,s034,113,110,1
12,s034,113,81,57
12,s034,113,80,51
12,s034,113,83,32
12,s034,113,82,13
12,s034,113,85,39
12,s034,113,84,15
12,s034,113,87,18
12,s034,113,86,7
12,s034,113,89,35
12,s034,113,88,18
12,s034,113,91,23
12,s034,113,90,9
12,s034,113,93,17
12,s034,113,92,15
12,s034,113,95,6
12,s034,113,94,3
12,s034,113,65,26
12,s034,113,64,18
12,s034,113,67,11
12,s034,113,66,9
12,s034,113,69,14
12,s034,113,68,5
12,s034,113,71,3
12,s034,113,70,4
12,s034,113,73,18
12,s034,113,72,11
12,s034,113,75,5
12,s034,113,74,2
12,s034,113,77,6
12,s034,113,76,2
12,s034,113,79,2
12,s034,113,78,3
12,s034,113,49,66
12,s034,113,48,34
12,s034,113,51,33
12,s034,113,50,11
12,s034,113,53,36
12,s034,113,52,32
12,s034,113,55,13
12,s034,113,54,11
12,s034,113,57,30
12,s034,113,56,26
12,s034,113,59,16
12,s034,113,58,8
12,s034,113,61,15
12,s034,113,60,18
12,s034,113,63,10
12,s034,113,62,4
12,s034,113,33,35
12,s034,113,32,24
12,s034,113,35,9
12,s034,113,34,7
12,s034,113,37,15
12,s034,113,36,10
12,s034,113,39,11
12,s034,113,38,5
12,s034,113,41,14
12,s034,113,40,9
12,s034,113,43,7
12,s034,113,42,3
12,s034,113,45,13
12,s034,113,44,5
12,s034,113,47,1
12,s034,113,46,3
12,s034,113,17,37
12,s034,113,16,27
12,s034,113,19,10
12,s034,113,18,14
12,s034,113,21,26
12,s034,113,20,16
12,s034,113,23,12
12,s034,113,22,13
12,s034,113,25,18
12,s034,113,24,15
12,s034,113,27,14
12,s034,113,26,8
12,s034,113,29,15
12,s034,113,28,7
12,s034,113,31,5
12,s034,113,30,5
12,s034,113,1,14
12,s034,113,0,22
12,s034,113,3,10
12,s034,113,2,6
12,s034,113,5,7
12,s034,113,4,5
12,s034,113,7,6
12,s034,113,6,2
12,s034,113,9,14
12,s034,113,8,6
12,s034,113,11,3
12,s034,113,10,3
12,s034,113,13,7
12,s034,113,12,1
12,s034,113,15,2
12,s034,113,14,1
12,s035,48,48,119
12,s035,48,49,62
12,s035,48,50,57
12,s035,48,51,35
12,s035,48,52,66
12,s035,48,53,32
12,s035,48,54,28
12,s035,48,55,10
12,s035,48,56,65
12,s035,48,57,31
12,s035,48,58,27
12,s035,48,59,21
12,s035,48,60,48
12,s035,48,61,25
12,s035,48,62,15
12,s035,48,63,4
12,s035,48,32,44
12,s035,48,33,25
12,s035,48,34,23
12,s035,48,35,11
12,s035,48,36,27
12,s035,48,37,9
12,s035,48,38,12
12,s035,48,39,3
12,s035,48,40,16
12,s035,48,41,14
12,s035,48,42,16
12,s035,48,43,8
12,s035,48,44,12
12,s035,48,45,9
12,s035,48,46,8
12,s035,48,47,3
12,s035,48,16,65
12,s035,48,17,34
12,s035,48,18,27
12,s035,48,19,21
12,s035,48,20,24
12,s035,48,21,18
12,s035,48,22,8
12,s035,48,23,4
12,s035,48,24,50
12,s035,48,25,18
12,s035,48,26,17
12,s035,48,27,8
12,s035,48,28,14
12,s035,48,29,7
12,s035,48,30,14
12,s035,48,31,3
12,s035,48,0,35
12,s035,48,1,12
12,s035,48,2,23
12,s035,48,3,8
12,s035,48,4,14
12,s035,48,5,9
12,s035,48,6,7
12,s035,48,7,3
12,s035,48,8,15
12,s035,48,9,7
12,s035,48,10,10
12,s035,48,11,3
12,s035,48,12,6
12,s035,48,13,10
12,s035,48,14,7
12,s035,48,15,1
12,s035,48,112,77
12,s035,48,113,57
12,s035,48,114,23
12,s035,48,115,18
12,s035,48,116,28
12,s035,48,117,16
12,s035,48,118,10
12,s035,48,119,8
12,s035,48,120,36
12,s035,48,121,25
12,s035,48,122,18
12,s035,48,123,8
12,s035,48,124,20
12,s035,48,125,14
12,s035,48,126,5
12,s035,48,127,13
12,s035,48,96,40
12,s035,48,97,21
12,s035,48,98,8
12,s035,48,99,6
12,s035,48,100,13
12,s035,48,101,5
12,s035,48,102,6
12,s035,48,103,5
12,s035,48,104,22
12,s035,48,105,16
12,s035,48,106,10
12,s035,48,107,3
12,s035,48,108,8
12,s035,48,109,7
12,s035,48,110,3
12,s035,48,111,2
12,s035,48,80,47
12,s035,48,81,26
12,s035,48,82,21
12,s035,48,83,7
12,s035,48,84,19
12,s035,48,85,11
12,s035,48,86,7
12,s035,48,87,6
12,s035,48,88,17
12,s035,48,89,9
12,s035,48,90,11
12,s035,48,91,9
12,s035,48,92,18
12,s035,48,93,5
12,s035,48,94,7
12,s035,48,95,5
12,s035,48,64,26
12,s035,48,65,14
12,s035,48,66,8
12,s035,48,67,7
12,s035,48,68,9
12,s035,48,69,9
12,s035,48,70,3
12,s035,48,71,3
12,s035,48,72,16
12,s035,48,73,6
12,s035,48,74,3
12,s035,48,75,3
12,s035,48,76,12
12,s035,48,77,2
12,s035,48,78,5
12,s035,48,79,2
12,s036,28,28,133
12,s036,28,29,58
12,s036,28,30,57
12,s036,28,31,36
12,s036,28,24,71
12,s036,28,25,28
12,s036,28,26,31
12,s036,28,27,12
12,s036,28,20,75
12,s036,28,21,39
12,s036,28,22,37
12,s036,28,23,17
12,s036,28,16,46
12,s036,28,17,29
12,s036,28,18,20
12,s036,28,19,10
12,s036,28,12,57
12,s036,28,13,39
12,s036,28,14,17
12,s036,28,15,13
12,s036,28,8,19
12,s036,28,9,13
12,s036,28,10,19
12,s036,28,11,5
12,s036,28,4,31
12,s036,28,5,27
12,s036,28,6,19
12,s036,28,7,12
12,s036,28,0,28
12,s036,28,1,8
12,s036,28,2,8
12,s036,28,3,1
12,s036,28,60,61
12,s036,28,61,42
12,s036,28,62,43
12,s036,28,63,14
12,s036,28,56,22
12,s036,28,57,18
12,s036,28,58,17
12,s036,28,59,15
12,s036,28,52,44
12,s036,28,53,17
12,s036,28,54,16
12,s036,28,55,12
12,s036,28,48,21
12,s036,28,49,7
12,s036,28,50,9
12,s036,28,51,5
12,s036,28,44,29
12,s036,28,45,13
12,s036,28,46,12
12,s036,28,47,4
12,s036,28,40,13
12,s036,28,41,10
12,s036,28,42,5
12,s036,28,43,5
12,s036,28,36,21
12,s036,28,37,9
12,s036,28,38,1
12,s036,28,39,9
12,s036,28,32,6
12,s036,28,33,9
12,s036,28,34,3
12,s036,28,35,1
12,s036,28,92,83
12,s036,28,93,51
12,s036,28,94,29
12,s036,28,95,14
12,s036,28,88,42
12,s036,28,89,24
12,s036,28,90,29
12,s036,28,91,9
12,s036,28,84,42
12,s036,28,85,27
12,s036,28,86,18
12,s036,28,87,13
12,s036,28,80,19
12,s036,28,81,16
12,s036,28,82,8
12,s036,28,83,3
12,s036,28,76,24
12,s036,28,77,24
12,s036,28,78,13
12,s036,28,79,10
12,s036,28,72,16
12,s036,28,73,9
12,s036,28,74,6
12,s036,28,75,5
12,s036,28,68,15
12,s036,28,69,15
12,s036,28,70,5
12,s036,28,71,6
12,s036,28,64,4
12,s036,28,65,3
12,s036,28,66,4
12,s036,28,67,8
12,s036,28,124,35
12,s036,28,125,28
12,s036,28,126,28
12,s036,28,127,16
12,s036,28,120,15
12,s036,28,121,9
12,s036,28,122,8
12,s036,28,123,10
12,s036,28,116,12
12,s036,28,117,12
12,s036,28,118,11
12,s036,28,119,7
12,s036,28,112,10
12,s036,28,113,5
12,s036,28,114,7
12,s036,28,115,8
12,s036,28,108,16
12,s036,28,109,8
12,s036,28,110,11
12,s036,28,111,6
12,s036,28,104,7
12,s036,28,105,6
12,s036,28,106,6
12,s036,28,107,2
12,s036,28,100,9
12,s036,28,101,8
12,s036,28,102,8
12,s036,28,103,1
12,s036,28,96,6
12,s036,28,97,5
12,s036,28,98,3
12,s036,28,99,1
12,s037,114,114,117
12,s037,114,115,66
12,s037,114,112,51
12,s037,114,113,20
12,s037,114,118,63
12,s037,114,119,33
12,s037,114,116,31
12,s037,114,117,14
12,s037,114,122,70
12,s037,114,123,34
12,s037,114,120,18
12,s037,114,121,14
12,s037,114,126,39
12,s037,114,127,20
12,s037,114,124,17
12,s037,114,125,8
12,s037,114,98,57
12,s037,114,99,29
12,s037,114,96,19
12,s037,114,97,11
12,s037,114,102,22
12,s037,114,103,8
12,s037,114,100,9
12,s037,114,101,3
12,s037,114,106,29
12,s037,114,107,18
12,s037,114,104,4
12,s037,114,105,13
12,s037,114,110,19
12,s037,114,111,16
12,s037,114,108,4
12,s037,114,109,7
12,s037,114,82,64
12,s037,114,83,38
12,s037,114,80,36
12,s037,114,81,23
12,s037,114,86,18
12,s037,114,87,18
12,s037,114,84,18
12,s037,114,85,3
12,s037,114,90,40
12,s037,114,91,25
12,s037,114,88,20
12,s037,114,89,14
12,s037,114,94,25
12,s037,114,95,14
12,s037,114,92,9
12,s037,114,93,3
12,s037,114,66,26
12,s037,114,67,13
12,s037,114,64,14
12,s037,114,65,11
12,s037,114,70,12
12,s037,114,71,4
12,s037,114,68,12
12,s037,114,69,4
12,s037,114,74,16
12,s037,114,75,10
12,s037,114,72,8
12,s037,114,73,3
12,s037,114,78,4
12,s037,114,79,6
12,s037,114,76,5
12,s037,114,50,73
12,s037,114,51,60
12,s037,114,48,30
12,s037,114,49,16
12,s037,114,54,42
12,s037,114,55,23
12,s037,114,52,15
12,s037,114,53,11
12,s037,114,58,40
12,s037,114,59,23
12,s037,114,56,17
12,s037,114,57,24
12,s037,114,62,18
12,s037,114,63,13
12,s037,114,60,8
12,s037,114,61,7
12,s037,114,34,26
12,s037,114,35,18
12,s037,114,32,10
12,s037,114,33,8
12,s037,114,38,14
12,s037,114,39,15
12,s037,114,36,8
12,s037,114,37,3
12,s037,114,42,20
12,s037,114,43,14
12,s037,114,40,6
12,s037,114,41,6
12,s037,114,46,5
12,s037,114,47,12
12,s037,114,44,5
12,s037,114,45,3
12,s037,114,18,37
12,s037,114,19,25
12,s037,114,16,23
12,s037,114,17,13
12,s037,114,22,28
12,s037,114,23,15
12,s037,114,20,8
12,s037,114,21,7
12,s037,114,26,20
12,s037,114,27,9
12,s037,114,24,5
12,s037,114,25,11
12,s037,114,30,14
12,s037,114,31,7
12,s037,114,28,4
12,s037,114,29,7
12,s037,114,2,10
12,s037,114,3,11
12,s037,114,0,8
12,s037,114,1,9
12,s037,114,6,9
12,s037,114,7,8
12,s037,114,4,1
12,s037,114,5,3
12,s037,114,10,7
12,s037,114,11,11
12,s037,114,8,1
12,s037,114,9,3
12,s037,114,14,5
12,s037,114,15,4
12,s037,114,12,2
12,s037,114,13,2
12,s038,52,52,126
12,s038,52,53,58
12,s038,52,54,48
12,s038,52,55,31
12,s038,52,48,58
12,s038,52,49,31
12,s038,52,50,21
12,s038,52,51,12
12,s038,52,60,63
12,s038,52,61,31
12,s038,52,62,30
12,s038,52,63,22
12,s038,52,56,34
12,s038,52,57,21
12,s038,52,58,13
12,s038,52,59,11
12,s038,52,36,47
12,s038,52,37,29
12,s038,52,38,19
12,s038,52,39,12
12,s038,52,32,27
12,s038,52,33,11
12,s038,52,34,11
12,s038,52,35,5
12,s038,52,44,26
12,s038,52,45,15
12,s038,52,46,13
12,s038,52,47,6
12,s038,52,40,18
12,s038,52,41,4
12,s038,52,42,5
12,s038,52,43,3
12,s038,52,20,62
12,s038,52,21,34
12,s038,52,22,23
12,s038,52,23,22
12,s038,52,16,39
12,s038,52,17,15
12,s038,52,18,18
12,s038,52,19,9
12,s038,52,28,39
12,s038,52,29,13
12,s038,52,30,18
12,s038,52,31,9
12,s038,52,24,17
12,s038,52,25,9
12,s038,52,26,7
12,s038,52,27,3
12,s038,52,4,22
12,s038,52,5,15
12,s038,52,6,9
12,s038,52,7,10
12,s038,52,0,20
12,s038,52,1,7
12,s038,52,2,5
12,s038,52,3,7
12,s038,52,12,18
12,s038,52,13,12
12,s038,52,14,8
12,s038,52,15,4
12,s038,52,8,8
12,s038,52,9,4
12,s038,52,10,3
12,s038,52,11,4
12,s038,52,116,73
12,s038,52,117,40
12,s038,52,118,27
12,s038,52,119,18
12,s038,52,112,47
12,s038,52,113,24
12,s038,52,114,17
12,s038,52,115,7
12,s038,52,124,36
12,s038,52,125,29
12,s038,52,126,9
12,s038,52,127,13
12,s038,52,120,16
12,s038,52,121,10
12,s038,52,122,11
12,s038,52,123,10
12,s038,52,100,34
12,s038,52,101,19
12,s038,52,102,17
12,s038,52,103,14
12,s038,52,96,16
12,s038,52,97,11
12,s038,52,98,8
12,s038,52,99,3
12,s038,52,108,23
12,s038,52,109,11
12,s038,52,110,7
12,s038,52,111,5
12,s038,52,104,8
12,s038,52,105,9
12,s038,52,106,3
12,s038,52,107,5
12,s038,52,84,32
12,s038,52,85,30
12,s038,52,86,28
12,s038,52,87,15
12,s038,52,80,20
12,s038,52,81,20
12,s038,52,82,9
12,s038,52,83,5
12,s038,52,92,24
12,s038,52,93,15
12,s038,52,94,6
12,s038,52,95,3
12,s038,52,88,12
12,s038,52,89,3
12,s038,52,90,4
12,s038,52,91,3
12,s038,52,68,15
12,s038,52,69,13
12,s038,52,70,11
12,s038,52,71,5
12,s038,52,64,11
12,s038,52,65,4
12,s038,52,66,2
12,s038,52,76,15
12,s038,52,77,5
12,s038,52,78,5
12,s038,52,79,2
12,s038,52,72,2
12,s038,52,73,5
12,s038,52,74,3
12,s038,52,75,2
12,s039,122,122,122
12,s039,122,123,58
12,s039,122,120,45
12,s039,122,121,21
12,s039,122,126,64
12,s039,122,127,45
12,s039,122,124,25
12,s039,122,125,15
12,s039,122,114,64
12,s039,122,115,33
12,s039,122,112,32
12,s039,122,113,20
12,s039,122,118,34
12,s039,122,119,11
12,s039,122,116,14
12,s039,122,117,5
12,s039,122,106,45
12,s039,122,107,33
12,s039,122,104,20
12,s039,122,105,10
12,s039,122,110,20
12,s039,122,111,23
12,s039,122,108,14
12,s039,122,109,2
12,s039,122,98,34
12,s039,122,99,15
12,s039,122,96,14
12,s039,122,97,7
12,s039,122,102,17
12,s039,122,103,9
12,s039,122,100,1
12,s039,122,101,4
12,s039,122,90,71
12,s039,122,91,36
12,s039,122,88,32
12,s039,122,89,18
12,s039,122,94,23
12,s039,122,95,12
12,s039,122,92,8
12,s039,122,93,3
12,s039,122,82,36
12,s039,122,83,16
12,s039,122,80,20
12,s039,122,81,8
12,s039,122,86,17
12,s039,122,87,4
12,s039,122,84,10
12,s039,122,85,7
12,s039,122,74,24
12,s039,122,75,8
12,s039,122,72,19
12,s039,122,73,8
12,s039,122,78,7
12,s039,122,79,7
12,s039,122,76,7
12,s039,122,77,2
12,s039,122,66,20
12,s039,122,67,11
12,s039,122,64,12
12,s039,122,65,1
12,s039,122,70,5
12,s039,122,71,7
12,s039,122,68,7
12,s039,122,69,3
12,s039,122,58,80
12,s039,122,59,50
12,s039,122,56,42
12,s039,122,57,31
12,s039,122,62,34
12,s039,122,63,27
12,s039,122,60,18
12,s039,122,61,12
12,s039,122,50,29
12,s039,122,51,24
12,s039,122,48,22
12,s039,122,49,8
12,s039,122,54,23
12,s039,122,55,6
12,s039,122,52,5
12,s039,122,53,5
12,s039,122,42,33
12,s039,122,43,26
12,s039,122,40,14
12,s039,122,41,10
12,s039,122,46,10
12,s039,122,47,8
12,s039,122,44,5
12,s039,122,45,6
12,s039,122,34,14
12,s039,122,35,9
12,s039,122,32,8
12,s039,122,33,5
12,s039,122,38,14
12,s039,122,39,2
12,s039,122,36,1
12,s039,122,37,4
12,s039,122,26,38
12,s039,122,27,20
12,s039,122,24,14
12,s039,122,25,14
12,s039,122,30,17
12,s039,122,31,12
12,s039,122,28,15
12,s039,122,29,13
12,s039,122,18,22
12,s039,122,19,11
12,s039,122,16,15
12,s039,122,17,8
12,s039,122,22,8
12,s039,122,23,5
12,s039,122,20,1
12,s039,122,21,6
12,s039,122,10,13
12,s039,122,11,14
12,s039,122,8,9
12,s039,122,9,6
12,s039,122,14,9
12,s039,122,15,3
12,s039,122,12,2
12,s039,122,13,1
12,s039,122,2,7
12,s039,122,3,10
12,s039,122,0,9
12,s039,122,1,5
12,s039,122,6,5
12,s039,122,7,3
12,s039,122,4,3
12,s039,122,5,5
